Timestamp,Elapsed_Time_s,CAN_Message
2026-03-15T14:09:05.423001,2.525,can0  040  [04]  18 00 0F 00
2026-03-15T14:09:05.423445,2.526,can0  204  [16]  28 58 CD 44 46 2A 38 50 4C 1D 30 75 30 75 00 00
2026-03-15T14:09:05.423649,2.526,can0  204  [16]  28 58 CE 44 50 2A 55 50 4C 1D 30 75 30 75 00 00
2026-03-15T14:09:05.522603,2.625,can0  206  [24]  83 0C A6 05 77 0C C5 EF 90 05 9F 0C 83 0C 00 00 00 00 00 00 00 00 00 00
2026-03-15T14:09:05.522998,2.625,can0  204  [16]  28 58 CE 44 50 2A 55 50 4C 1D 30 75 30 75 00 00
2026-03-15T14:09:05.523863,2.626,can0  100  [03]  46 57 04
2026-03-15T14:09:05.524550,2.627,can0  120  [04]  00 00 00 00
2026-03-15T14:09:05.602637,2.705,can0  204  [16]  28 58 CE 44 50 2A 55 50 4C 1D 30 75 30 75 00 00
2026-03-15T14:09:05.602956,2.705,can0  041  [04]  C4 00 09 00
2026-03-15T14:09:05.603263,2.706,can0  070  [20]  F3 2A 4D 08 DE B0 62 03 88 13 00 00 09 15 00 00 07 00 00 00
2026-03-15T14:09:05.603704,2.706,can0  040  [04]  08 00 10 00
2026-03-15T14:09:05.604019,2.706,can0  070  [20]  F3 2A 4D 08 DE B0 62 03 88 13 00 00 09 15 00 00 07 00 00 00
2026-03-15T14:09:05.604400,2.707,can0  040  [04]  08 00 10 00
2026-03-15T14:09:05.604734,2.707,can0  204  [16]  28 58 CB 44 54 2A 44 50 4C 1D 30 75 30 75 00 00
2026-03-15T14:09:05.693488,2.796,can0  060  [32]  00 00 00 00 00 00 00 00 00 00 00 00 00 00 00 00 00 00 00 00 00 00 00 00 00 00 00 00 00 00 00 00
2026-03-15T14:09:05.693869,2.796,can0  204  [16]  28 58 CB 44 54 2A 44 50 4C 1D 30 75 30 75 00 00
2026-03-15T14:09:05.694109,2.796,can0  060  [32]  00 00 00 00 F3 2A 4D 08 32 06 B8 10 00 00 10 0E FF 01 00 00 00 00 00 00 01 00 00 00 00 00 00 00
2026-03-15T14:09:05.694718,2.797,can0  070  [20]  F3 2A 4D 08 DE B0 62 03 88 13 00 00 09 15 00 00 07 00 00 00
2026-03-15T14:09:05.823562,2.926,can0  206  [24]  83 0C AA 05 83 0C B6 EF 90 05 93 0C 83 0C 00 00 00 00 00 00 00 00 00 00
2026-03-15T14:09:05.823691,2.926,can0  204  [16]  28 58 C9 44 44 2A B2 50 4C 1D 30 75 30 75 00 00
2026-03-15T14:09:05.823764,2.926,can0  204  [16]  28 58 C9 44 44 2A B2 50 4C 1D 30 75 30 75 00 00
2026-03-15T14:09:05.922161,3.025,can0  040  [04]  08 00 0F 00
2026-03-15T14:09:05.922407,3.025,can0  041  [04]  B5 00 0E 00
2026-03-15T14:09:05.922732,3.025,can0  204  [16]  28 58 CC 44 60 2A C9 4F 4C 1D 30 75 30 75 00 00
2026-03-15T14:09:05.923070,3.025,can0  040  [04]  08 00 0F 00
2026-03-15T14:09:05.923323,3.026,can0  204  [16]  28 58 C8 44 46 2A 5E 50 4C 1D 30 75 30 75 00 00
2026-03-15T14:09:06.021941,3.124,can0  204  [16]  28 58 C8 44 46 2A 5E 50 4C 1D 30 75 30 75 00 00
2026-03-15T14:09:06.022253,3.125,can0  206  [24]  7F 0C AA 05 87 0C D5 EF 8E 05 93 0C 87 0C 00 00 00 00 00 00 00 00 00 00
2026-03-15T14:09:06.080344,3.183,can0  204  [16]  28 58 CC 44 62 2A E6 50 4C 1D 30 75 30 75 00 00
2026-03-15T14:09:06.080908,3.183,can0  040  [04]  04 00 0F 00
2026-03-15T14:09:06.081182,3.184,can0  204  [16]  28 58 CC 44 62 2A E6 50 4C 1D 30 75 30 75 00 00
2026-03-15T14:09:06.089113,3.191,can0  041  [04]  BC 00 0F 00
2026-03-15T14:09:06.182757,3.285,can0  204  [16]  28 58 C6 44 3C 2A EE 50 4C 1D 30 75 30 75 00 00
2026-03-15T14:09:06.183150,3.286,can0  040  [04]  04 00 0F 00
2026-03-15T14:09:06.183409,3.286,can0  060  [32]  00 00 00 00 00 00 00 00 00 00 00 00 00 00 00 00 00 00 00 00 00 00 00 00 00 00 00 00 00 00 00 00
2026-03-15T14:09:06.183623,3.286,can0  070  [20]  F3 2A 4D 08 DE B0 62 03 88 13 00 00 09 15 00 00 07 00 00 00
2026-03-15T14:09:06.189689,3.292,can0  204  [16]  28 58 CB 44 6A 2A 97 4F 4C 1D 30 75 30 75 00 00
2026-03-15T14:09:06.322149,3.425,can0  206  [24]  97 0C AA 05 7B 0C C5 EF 92 05 93 0C 7B 0C 00 00 00 00 00 00 00 00 00 00
2026-03-15T14:09:06.322371,3.425,can0  070  [20]  F3 2A 4D 08 DE B0 62 03 88 13 00 00 09 15 00 00 07 00 00 00
2026-03-15T14:09:06.322633,3.425,can0  204  [16]  28 58 CB 44 6A 2A 97 4F 4C 1D 30 75 30 75 00 00
2026-03-15T14:09:06.323366,3.426,can0  110  [02]  7F 1B
2026-03-15T14:09:06.422096,3.524,can0  204  [16]  28 58 C3 44 54 2A 05 50 4C 1D 30 75 30 75 00 00
2026-03-15T14:09:06.422560,3.525,can0  040  [04]  67 01 11 00
2026-03-15T14:09:06.422775,3.525,can0  041  [04]  B5 00 12 00
2026-03-15T14:09:06.423001,3.525,can0  204  [16]  28 58 C3 44 54 2A 05 50 4C 1D 30 75 30 75 00 00
2026-03-15T14:09:06.423327,3.526,can0  040  [04]  67 01 11 00
2026-03-15T14:09:06.522515,3.625,can0  204  [16]  28 58 CA 44 60 2A 6E 50 4C 1D 30 75 30 75 00 00
2026-03-15T14:09:06.523107,3.625,can0  204  [16]  28 58 CA 44 60 2A 6E 50 4C 1D 30 75 30 75 00 00
2026-03-15T14:09:06.523186,3.626,can0  206  [24]  87 0C AA 05 83 0C D5 EF 8B 05 8F 0C 7F 0C 00 00 00 00 00 00 00 00 00 00
2026-03-15T14:09:06.621786,3.724,can0  070  [20]  F3 2A 4D 08 DE B0 62 03 70 17 00 00 09 15 00 00 23 00 00 00
2026-03-15T14:09:06.622275,3.725,can0  204  [16]  28 58 C8 44 38 2A 47 50 4C 1D 30 75 30 75 00 00
2026-03-15T14:09:06.622592,3.725,can0  070  [20]  F3 2A 4D 08 DE B0 62 03 70 17 00 00 09 15 00 00 23 00 00 00
2026-03-15T14:09:06.622857,3.725,can0  041  [04]  B5 00 11 00
2026-03-15T14:09:06.722263,3.825,can0  040  [04]  03 00 12 00
2026-03-15T14:09:06.722753,3.825,can0  204  [16]  28 58 CB 44 54 2A 2A 50 4C 1D 30 75 30 75 00 00
2026-03-15T14:09:06.723016,3.825,can0  060  [32]  00 00 00 00 F3 2A 4D 08 32 06 B8 10 00 00 10 0E FF 01 00 00 00 00 00 00 01 00 00 00 00 00 00 00
2026-03-15T14:09:06.723789,3.826,can0  040  [04]  03 00 12 00
2026-03-15T14:09:06.724503,3.827,can0  100  [03]  46 57 04
2026-03-15T14:09:06.725091,3.827,can0  120  [04]  00 00 00 00
2026-03-15T14:09:06.725737,3.828,can0  070  [20]  F3 2A 4D 08 DE B0 62 03 70 17 00 00 09 15 00 00 23 00 00 00
2026-03-15T14:09:06.725824,3.828,can0  204  [16]  28 58 C5 44 50 2A 0D 50 4C 1D 30 75 30 75 00 00
2026-03-15T14:09:06.821976,3.924,can0  204  [16]  28 58 C5 44 50 2A 0D 50 4C 1D 30 75 30 75 00 00
2026-03-15T14:09:06.822730,3.925,can0  206  [24]  87 0C A6 05 7B 0C C5 EF 92 05 9B 0C 83 0C 00 00 00 00 00 00 00 00 00 00
2026-03-15T14:09:06.886697,3.989,can0  204  [16]  28 58 C9 44 60 2A 69 50 4C 1D 30 75 30 75 00 00
2026-03-15T14:09:06.886936,3.989,can0  204  [16]  28 58 C9 44 60 2A 69 50 4C 1D 30 75 30 75 00 00
2026-03-15T14:09:06.887124,3.989,can0  041  [04]  B5 00 11 00
2026-03-15T14:09:06.887554,3.991,can0  040  [04]  0E 00 12 00
2026-03-15T14:09:06.987715,4.090,can0  040  [04]  0E 00 12 00
2026-03-15T14:09:06.988085,4.090,can0  204  [16]  28 58 C8 44 29 2A 15 50 4C 1D 30 75 30 75 00 00
2026-03-15T14:09:06.989150,4.092,can0  204  [16]  28 58 CB 44 6A 2A 1F 50 4C 1D 30 75 30 75 00 00
2026-03-15T14:09:07.083041,4.185,can0  206  [24]  93 0C A8 05 7F 0C D5 EF 90 05 A3 0C 73 0C 00 00 00 00 00 00 00 00 00 00
2026-03-15T14:09:07.089657,4.192,can0  204  [16]  28 58 CB 44 6A 2A 1F 50 4C 1D 30 75 30 75 00 00
2026-03-15T14:09:07.222192,4.325,can0  204  [16]  28 58 C5 44 27 2A 7A 50 4C 1D 30 75 30 75 00 00
2026-03-15T14:09:07.223451,4.326,can0  040  [04]  0F 00 11 00
2026-03-15T14:09:07.224408,4.327,can0  041  [04]  B2 00 13 00
2026-03-15T14:09:07.224758,4.327,can0  060  [32]  00 00 00 00 00 00 00 00 00 00 00 00 00 00 00 00 00 00 00 00 00 00 00 00 00 00 00 00 00 00 00 00
2026-03-15T14:09:07.225131,4.328,can0  204  [16]  28 58 C5 44 27 2A 7A 50 4C 1D 30 75 30 75 00 00
2026-03-15T14:09:07.225415,4.328,can0  070  [20]  F3 2A 4D 08 DE B0 62 03 70 17 00 00 09 15 00 00 23 00 00 00
2026-03-15T14:09:07.234680,4.337,can0  040  [04]  0F 00 11 00
2026-03-15T14:09:07.322254,4.425,can0  204  [16]  28 58 C5 44 70 2A 68 50 4C 1D 30 75 30 75 00 00
2026-03-15T14:09:07.322467,4.425,can0  070  [20]  F3 2A 4D 08 DE B0 62 03 70 17 00 00 09 15 00 00 23 00 00 00
2026-03-15T14:09:07.322944,4.425,can0  204  [16]  28 58 C7 44 31 2A 0B 50 4C 1D 30 75 30 75 00 00
2026-03-15T14:09:07.323276,4.426,can0  206  [24]  8F 0C AC 05 7B 0C C5 EF 90 05 93 0C 7F 0C 00 00 00 00 00 00 00 00 00 00
2026-03-15T14:09:07.422083,4.524,can0  133  [00]
2026-03-15T14:09:07.422350,4.525,can0  132  [00]
2026-03-15T14:09:07.422789,4.525,can0  204  [16]  28 58 C7 44 31 2A 0B 50 4C 1D 30 75 30 75 00 00
2026-03-15T14:09:07.423480,4.526,can0  040  [04]  20 00 0D 00
2026-03-15T14:09:07.423768,4.526,can0  041  [04]  B2 00 13 00
2026-03-15T14:09:07.490736,4.593,can0  204  [16]  28 58 CC 44 76 2A 26 50 4C 1D 30 75 30 75 00 00
2026-03-15T14:09:07.491730,4.594,can0  040  [04]  20 00 0D 00
2026-03-15T14:09:07.492169,4.595,can0  204  [16]  28 58 CC 44 76 2A 26 50 4C 1D 30 75 30 75 00 00
2026-03-15T14:09:07.593971,4.696,can0  204  [16]  28 58 C9 44 38 2A FB 4F 4C 1D 30 75 30 75 00 00
2026-03-15T14:09:07.594740,4.697,can0  070  [20]  F3 2A 4D 08 DE B0 62 03 58 1B 00 00 09 15 00 00 2B 00 00 00
2026-03-15T14:09:07.594807,4.697,can0  206  [24]  93 0C A6 05 7B 0C D5 EF 90 05 93 0C 7B 0C 00 00 00 00 00 00 00 00 00 00
2026-03-15T14:09:07.595083,4.697,can0  070  [20]  F3 2A 4D 08 DE B0 62 03 58 1B 00 00 09 15 00 00 2A 00 00 00
2026-03-15T14:09:07.724625,4.827,can0  204  [16]  28 58 C6 44 60 2A 69 50 4C 1D 30 75 30 75 00 00
2026-03-15T14:09:07.724937,4.827,can0  070  [20]  F3 2A 4D 08 DE B0 62 03 58 1B 00 00 09 15 00 00 2A 00 00 00
2026-03-15T14:09:07.725339,4.828,can0  060  [32]  00 00 00 00 00 00 00 00 00 00 00 00 00 00 00 00 00 00 00 00 00 00 00 00 00 00 00 00 00 00 00 00
2026-03-15T14:09:07.725861,4.828,can0  040  [04]  27 00 0C 00
2026-03-15T14:09:07.726205,4.829,can0  204  [16]  28 58 C6 44 60 2A 69 50 4C 1D 30 75 30 75 00 00
2026-03-15T14:09:07.726489,4.829,can0  041  [04]  B2 00 13 00
2026-03-15T14:09:07.726706,4.829,can0  060  [32]  00 00 00 00 F3 2A 4D 08 32 06 B8 10 00 00 10 0E FF 01 00 00 00 00 00 00 01 00 00 00 00 00 00 00
2026-03-15T14:09:07.822756,4.925,can0  040  [04]  27 00 0C 00
2026-03-15T14:09:07.823137,4.926,can0  204  [16]  28 58 C4 44 3E 2A 88 50 4C 1D 30 75 30 75 00 00
2026-03-15T14:09:07.823742,4.926,can0  204  [16]  28 58 C5 44 6E 2A F9 4F 4C 1D 30 75 30 75 00 00
2026-03-15T14:09:07.922748,5.025,can0  206  [24]  87 0C AA 05 7F 0C C5 EF 90 05 93 0C 83 0C 00 00 00 00 00 00 00 00 00 00
2026-03-15T14:09:07.923102,5.025,can0  204  [16]  28 58 C5 44 6E 2A F9 4F 4C 1D 30 75 30 75 00 00
2026-03-15T14:09:07.923879,5.026,can0  100  [03]  46 57 04
2026-03-15T14:09:07.924448,5.027,can0  110  [02]  80 1B
2026-03-15T14:09:07.924953,5.027,can0  120  [04]  00 00 00 00
2026-03-15T14:09:07.984537,5.087,can0  204  [16]  28 58 CB 44 62 2A 4E 50 4C 1D 30 75 30 75 00 00
2026-03-15T14:09:07.984820,5.087,can0  041  [04]  B2 00 13 00
2026-03-15T14:09:07.986205,5.089,can0  040  [04]  2C 00 0C 00
2026-03-15T14:09:07.986521,5.089,can0  204  [16]  28 58 CB 44 62 2A 4E 50 4C 1D 30 75 30 75 00 00
2026-03-15T14:09:07.996719,5.099,can0  040  [04]  2C 00 0C 00
2026-03-15T14:09:08.112427,5.215,can0  204  [16]  28 58 C6 44 54 2A 65 50 4C 1D 30 75 30 75 00 00
2026-03-15T14:09:08.112861,5.215,can0  206  [24]  8B 0C 9F 05 83 0C A6 EF 89 05 8F 0C 7F 0C 00 00 00 00 00 00 00 00 00 00
2026-03-15T14:09:08.113468,5.216,can0  204  [16]  28 58 C9 44 50 2A 76 50 4C 1D 30 75 30 75 00 00
2026-03-15T14:09:08.206390,5.309,can0  204  [16]  28 58 C9 44 50 2A 76 50 4C 1D 30 75 30 75 00 00
2026-03-15T14:09:08.207702,5.310,can0  070  [20]  F3 2A 4D 08 DE B0 62 03 58 1B 00 00 09 15 00 00 2A 00 00 00
2026-03-15T14:09:08.207791,5.310,can0  060  [32]  00 00 00 00 00 00 00 00 00 00 00 00 00 00 00 00 00 00 00 00 00 00 00 00 00 00 00 00 00 00 00 00
2026-03-15T14:09:08.207852,5.310,can0  040  [04]  21 00 0C 00
2026-03-15T14:09:08.207926,5.310,can0  041  [04]  B2 00 13 00
2026-03-15T14:09:08.299887,5.402,can0  204  [16]  28 58 C7 44 5A 2A DE 4F 4C 1D 30 75 30 75 00 00
2026-03-15T14:09:08.300200,5.403,can0  070  [20]  F3 2A 4D 08 DE B0 62 03 58 1B 00 00 09 15 00 00 2A 00 00 00
2026-03-15T14:09:08.308724,5.411,can0  040  [04]  21 00 0C 00
2026-03-15T14:09:08.308811,5.411,can0  204  [16]  28 58 C7 44 5A 2A DE 4F 4C 1D 30 75 30 75 00 00
2026-03-15T14:09:08.390250,5.493,can0  204  [16]  28 58 C6 44 68 2A F1 4F 4C 1D 30 75 30 75 00 00
2026-03-15T14:09:08.390678,5.493,can0  206  [24]  8F 0C AA 05 77 0C D5 EF 8B 05 9B 0C 7B 0C 00 00 00 00 00 00 00 00 00 00
2026-03-15T14:09:08.391050,5.493,can0  204  [16]  28 58 C7 44 44 2A 4C 50 4C 1D 30 75 30 75 00 00
2026-03-15T14:09:08.528162,5.631,can0  204  [16]  28 58 C7 44 44 2A 4C 50 4C 1D 30 75 30 75 00 00
2026-03-15T14:09:08.528274,5.631,can0  040  [04]  24 00 0E 00
2026-03-15T14:09:08.528331,5.631,can0  041  [04]  B2 00 11 00
2026-03-15T14:09:08.622608,5.725,can0  204  [16]  28 58 C7 44 44 2A 4C 50 4C 1D 30 75 30 75 00 00
2026-03-15T14:09:08.623450,5.726,can0  070  [20]  F4 2A 4D 08 DE B0 62 03 40 1F 00 00 09 15 00 00 3D 00 00 00
2026-03-15T14:09:08.623604,5.726,can0  040  [04]  24 00 0E 00
2026-03-15T14:09:08.624001,5.726,can0  070  [20]  F4 2A 4D 08 DE B0 62 03 40 1F 00 00 09 15 00 00 3D 00 00 00
2026-03-15T14:09:08.624700,5.727,can0  204  [16]  28 58 CA 44 5E 2A 23 50 4C 1D 30 75 30 75 00 00
2026-03-15T14:09:08.722693,5.825,can0  206  [24]  87 0C A6 05 7F 0C E4 EF 92 05 93 0C 83 0C 00 00 00 00 00 00 00 00 00 00
2026-03-15T14:09:08.723155,5.826,can0  204  [16]  28 58 C9 44 54 2A 0D 50 4C 1D 30 75 30 75 00 00
2026-03-15T14:09:08.723731,5.826,can0  070  [20]  F4 2A 4D 08 DE B0 62 03 40 1F 00 00 09 15 00 00 3D 00 00 00
2026-03-15T14:09:08.723816,5.826,can0  060  [32]  00 00 00 00 00 00 00 00 00 00 00 00 00 00 00 00 00 00 00 00 00 00 00 00 00 00 00 00 00 00 00 00
2026-03-15T14:09:08.723974,5.826,can0  060  [32]  00 00 00 00 F4 2A 4D 08 32 06 B8 10 00 00 10 0E FF 01 00 00 00 00 00 00 01 00 00 00 00 00 00 00
2026-03-15T14:09:08.724652,5.827,can0  204  [16]  28 58 C6 44 76 2A A9 50 4C 1D 30 75 30 75 00 00
2026-03-15T14:09:08.822063,5.924,can0  040  [04]  23 00 12 00
2026-03-15T14:09:08.822704,5.925,can0  041  [04]  B5 00 0E 00
2026-03-15T14:09:08.822758,5.925,can0  204  [16]  28 58 C6 44 76 2A A9 50 4C 1D 30 75 30 75 00 00
2026-03-15T14:09:08.823200,5.926,can0  040  [04]  23 00 12 00
2026-03-15T14:09:08.922338,6.025,can0  204  [16]  28 58 C5 44 3C 2A 4D 50 4C 1D 30 75 30 75 00 00
2026-03-15T14:09:08.928265,6.031,can0  204  [16]  28 58 CA 44 5A 2A 24 50 4C 1D 30 75 30 75 00 00
2026-03-15T14:09:09.022089,6.124,can0  206  [24]  7B 0C AA 05 8F 0C E4 EF 92 05 8F 0C 83 0C 00 00 00 00 00 00 00 00 00 00
2026-03-15T14:09:09.022374,6.125,can0  204  [16]  28 58 CA 44 5A 2A 24 50 4C 1D 30 75 30 75 00 00
2026-03-15T14:09:09.022942,6.125,can0  040  [04]  1F 00 15 00
2026-03-15T14:09:09.023162,6.126,can0  041  [04]  B5 00 0D 00
2026-03-15T14:09:09.127588,6.230,can0  204  [16]  28 58 C8 44 54 2A 21 50 4C 1D 30 75 30 75 00 00
2026-03-15T14:09:09.128271,6.231,can0  040  [04]  1F 00 15 00
2026-03-15T14:09:09.129164,6.232,can0  100  [03]  48 57 04
2026-03-15T14:09:09.129848,6.232,can0  120  [04]  00 00 00 00
2026-03-15T14:09:09.130247,6.233,can0  204  [16]  28 58 C8 44 54 2A 21 50 4C 1D 30 75 30 75 00 00
2026-03-15T14:09:09.196602,6.299,can0  204  [16]  28 58 C8 44 78 2A B5 50 4C 1D 30 75 30 75 00 00
2026-03-15T14:09:09.196981,6.299,can0  206  [24]  87 0C AC 05 7F 0C E4 EF 90 05 93 0C 83 0C 00 00 00 00 00 00 00 00 00 00
2026-03-15T14:09:09.197639,6.300,can0  070  [20]  F4 2A 4D 08 DE B0 62 03 40 1F 00 00 09 15 00 00 3D 00 00 00
2026-03-15T14:09:09.197697,6.300,can0  204  [16]  28 58 C6 44 4E 2A 56 50 4C 1D 30 75 30 75 00 00
2026-03-15T14:09:09.314744,6.417,can0  070  [20]  F4 2A 4D 08 DE B0 62 03 40 1F 00 00 09 15 00 00 3D 00 00 00
2026-03-15T14:09:09.322075,6.424,can0  204  [16]  28 58 C6 44 4E 2A 56 50 4C 1D 30 75 30 75 00 00
2026-03-15T14:09:09.322610,6.425,can0  041  [04]  B5 00 0C 00
2026-03-15T14:09:09.323459,6.426,can0  040  [04]  23 00 16 00
2026-03-15T14:09:09.408484,6.511,can0  204  [16]  28 58 C9 44 44 2A 80 4F 4C 1D 30 75 30 75 00 00
2026-03-15T14:09:09.408983,6.511,can0  040  [04]  23 00 16 00
2026-03-15T14:09:09.409291,6.512,can0  204  [16]  28 58 C9 44 44 2A 80 4F 4C 1D 30 75 30 75 00 00
2026-03-15T14:09:09.492237,6.595,can0  204  [16]  28 58 C5 44 56 2A 59 50 4C 1D 30 75 30 75 00 00
2026-03-15T14:09:09.492524,6.595,can0  206  [24]  87 0C A8 05 7B 0C 2F F0 8E 05 93 0C 83 0C 00 00 00 00 00 00 00 00 00 00
2026-03-15T14:09:09.493162,6.596,can0  110  [02]  7E 1B
2026-03-15T14:09:09.493614,6.596,can0  204  [16]  28 58 C5 44 56 2A 59 50 4C 1D 30 75 30 75 00 00
2026-03-15T14:09:09.623058,6.725,can0  040  [04]  2E 00 15 00
2026-03-15T14:09:09.623413,6.726,can0  041  [04]  C8 00 09 00
2026-03-15T14:09:09.623699,6.726,can0  070  [20]  F4 2A 4D 08 DF B0 62 03 28 23 00 00 09 15 00 00 16 00 00 00
2026-03-15T14:09:09.624154,6.727,can0  204  [16]  28 58 C5 44 5E 2A 9A 50 4C 1D 30 75 30 75 00 00
2026-03-15T14:09:09.624432,6.727,can0  070  [20]  F4 2A 4D 08 DF B0 62 03 28 23 00 00 09 15 00 00 17 00 00 00
2026-03-15T14:09:09.633209,6.736,can0  040  [04]  2E 00 15 00
2026-03-15T14:09:09.722035,6.824,can0  204  [16]  28 58 C8 44 70 2A 15 50 4C 1D 30 75 30 75 00 00
2026-03-15T14:09:09.722263,6.825,can0  070  [20]  F4 2A 4D 08 DF B0 62 03 28 23 00 00 09 15 00 00 17 00 00 00
2026-03-15T14:09:09.722506,6.825,can0  204  [16]  28 58 C8 44 70 2A 15 50 4C 1D 30 75 30 75 00 00
2026-03-15T14:09:09.722892,6.825,can0  060  [32]  C8 95 D6 02 D7 28 4D 08 4D 36 B8 10 00 00 10 0E FF 01 00 00 00 00 00 00 02 00 00 00 00 00 00 00
2026-03-15T14:09:09.723057,6.825,can0  060  [32]  00 00 00 00 F4 2A 4D 08 34 06 B8 10 00 00 10 0E FF 01 00 00 00 00 00 01 02 00 00 00 00 00 00 00
2026-03-15T14:09:09.729685,6.832,can0  206  [24]  87 0C AA 05 83 0C D5 EF 8B 05 87 0C 83 0C 00 00 00 00 00 00 00 00 00 00
2026-03-15T14:09:09.822120,6.925,can0  204  [16]  28 58 C9 44 3E 2A 31 50 4C 1D 30 75 30 75 00 00
2026-03-15T14:09:09.822684,6.925,can0  040  [04]  2A 00 15 00
2026-03-15T14:09:09.822913,6.925,can0  041  [04]  D6 00 0A 00
2026-03-15T14:09:09.823158,6.926,can0  204  [16]  28 58 C6 44 66 2A A8 50 4C 1D 30 75 30 75 00 00
2026-03-15T14:09:09.922633,7.025,can0  040  [04]  2A 00 15 00
2026-03-15T14:09:09.922991,7.025,can0  204  [16]  28 58 C6 44 66 2A A8 50 4C 1D 30 75 30 75 00 00
2026-03-15T14:09:10.022401,7.125,can0  204  [16]  28 58 C3 44 4C 2A 1A 50 4C 1D 30 75 30 75 00 00
2026-03-15T14:09:10.022523,7.125,can0  206  [24]  87 0C A8 05 77 0C E4 EF 90 05 A3 0C 83 0C 00 00 00 00 00 00 00 00 00 00
2026-03-15T14:09:10.022659,7.125,can0  204  [16]  28 58 C3 44 4C 2A 1A 50 4C 1D 30 75 30 75 00 00
2026-03-15T14:09:10.122513,7.225,can0  204  [16]  28 58 C3 44 6A 2A 91 4F 4C 1D 30 75 30 75 00 00
2026-03-15T14:09:10.123167,7.226,can0  040  [04]  21 00 15 00
2026-03-15T14:09:10.123420,7.226,can0  041  [04]  E4 00 0A 00
2026-03-15T14:09:10.123665,7.226,can0  204  [16]  28 58 CC 44 3E 2A 09 50 4C 1D 30 75 30 75 00 00
2026-03-15T14:09:10.222702,7.325,can0  040  [04]  21 00 15 00
2026-03-15T14:09:10.222989,7.325,can0  204  [16]  28 58 CC 44 3E 2A 09 50 4C 1D 30 75 30 75 00 00
2026-03-15T14:09:10.223192,7.326,can0  070  [20]  F4 2A 4D 08 DF B0 62 03 28 23 00 00 09 15 00 00 17 00 00 00
2026-03-15T14:09:10.229072,7.331,can0  060  [32]  00 00 00 00 00 00 00 00 00 00 00 00 00 00 00 00 00 00 00 00 00 00 00 00 00 00 00 00 00 00 00 00
2026-03-15T14:09:10.322290,7.425,can0  206  [24]  8B 0C AC 05 7B 0C D5 EF 8E 05 9B 0C 83 0C 00 00 00 00 00 00 00 00 00 00
2026-03-15T14:09:10.322796,7.425,can0  204  [16]  28 58 C8 44 58 2A 65 50 4C 1D 30 75 30 75 00 00
2026-03-15T14:09:10.323863,7.426,can0  070  [20]  F4 2A 4D 08 DF B0 62 03 28 23 00 00 09 15 00 00 17 00 00 00
2026-03-15T14:09:10.323951,7.426,can0  100  [03]  4B 57 04
2026-03-15T14:09:10.324408,7.427,can0  120  [04]  00 00 00 00
2026-03-15T14:09:10.324671,7.427,can0  204  [16]  28 58 C7 44 4C 2A C3 4F 4C 1D 30 75 30 75 00 00
2026-03-15T14:09:10.422819,7.525,can0  041  [04]  DA 00 0B 00
2026-03-15T14:09:10.423644,7.526,can0  040  [04]  18 00 13 00
2026-03-15T14:09:10.424039,7.526,can0  204  [16]  28 58 C7 44 4C 2A C3 4F 4C 1D 30 75 30 75 00 00
2026-03-15T14:09:10.424509,7.527,can0  040  [04]  18 00 13 00
2026-03-15T14:09:10.424783,7.527,can0  204  [16]  28 58 C2 44 5C 2A B2 4F 4C 1D 30 75 30 75 00 00
2026-03-15T14:09:10.526644,7.629,can0  204  [16]  28 58 C2 44 5C 2A B2 4F 4C 1D 30 75 30 75 00 00
2026-03-15T14:09:10.527015,7.629,can0  206  [24]  83 0C AA 05 87 0C B6 EF 8B 05 93 0C 83 0C 00 00 00 00 00 00 00 00 00 00
2026-03-15T14:09:10.622654,7.725,can0  070  [20]  F4 2A 4D 08 DF B0 62 03 10 27 00 00 09 15 00 00 2B 00 00 00
2026-03-15T14:09:10.623427,7.726,can0  204  [16]  28 58 C7 44 46 2A 87 4F 4C 1D 30 75 30 75 00 00
2026-03-15T14:09:10.624011,7.726,can0  070  [20]  F4 2A 4D 08 DF B0 62 03 10 27 00 00 09 15 00 00 2A 00 00 00
2026-03-15T14:09:10.624648,7.727,can0  040  [04]  18 00 10 00
2026-03-15T14:09:10.624958,7.727,can0  041  [04]  D8 00 0D 00
2026-03-15T14:09:10.625319,7.728,can0  204  [16]  28 58 C8 44 3C 2A 8A 4F 4C 1D 30 75 30 75 00 00
2026-03-15T14:09:10.723001,7.825,can0  040  [04]  18 00 10 00
2026-03-15T14:09:10.723685,7.826,can0  204  [16]  28 58 C8 44 3C 2A 8A 4F 4C 1D 30 75 30 75 00 00
2026-03-15T14:09:10.724093,7.826,can0  070  [20]  F4 2A 4D 08 DF B0 62 03 10 27 00 00 09 15 00 00 2A 00 00 00
2026-03-15T14:09:10.724390,7.827,can0  060  [32]  00 00 00 00 F4 2A 4D 08 34 06 B8 10 00 00 10 0E FF 01 00 00 00 00 00 00 01 00 00 00 00 00 00 00
2026-03-15T14:09:10.822000,7.924,can0  204  [16]  28 58 C7 44 56 2A 9B 4F 4C 1D 30 75 30 75 00 00
2026-03-15T14:09:10.832468,7.935,can0  206  [24]  87 0C A3 05 7F 0C C5 EF 90 05 97 0C 83 0C 00 00 00 00 00 00 00 00 00 00
2026-03-15T14:09:10.832578,7.935,can0  204  [16]  28 58 C7 44 56 2A 9B 4F 4C 1D 30 75 30 75 00 00
2026-03-15T14:09:10.921881,8.024,can0  204  [16]  28 58 C5 44 60 2A 6D 4F 4C 1D 30 75 30 75 00 00
2026-03-15T14:09:10.922494,8.025,can0  040  [04]  1C 00 11 00
2026-03-15T14:09:10.923113,8.025,can0  041  [04]  D1 00 0D 00
2026-03-15T14:09:10.923295,8.026,can0  204  [16]  28 58 C8 44 5C 2A 87 4F 4C 1D 30 75 30 75 00 00
2026-03-15T14:09:11.022449,8.125,can0  040  [04]  1C 00 11 00
2026-03-15T14:09:11.029366,8.132,can0  204  [16]  28 58 C8 44 5C 2A 87 4F 4C 1D 30 75 30 75 00 00
2026-03-15T14:09:11.122169,8.225,can0  206  [24]  87 0C A6 05 7F 0C D5 EF 92 05 97 0C 7F 0C 00 00 00 00 00 00 00 00 00 00
2026-03-15T14:09:11.122581,8.225,can0  204  [16]  28 58 C9 44 3E 2A B9 4F 4C 1D 30 75 30 75 00 00
2026-03-15T14:09:11.124198,8.227,can0  110  [02]  7E 1B
2026-03-15T14:09:11.124329,8.227,can0  204  [16]  28 58 C9 44 3E 2A B9 4F 4C 1D 30 75 30 75 00 00
2026-03-15T14:09:11.222721,8.325,can0  040  [04]  22 00 10 00
2026-03-15T14:09:11.223378,8.326,can0  041  [04]  E1 00 0F 00
2026-03-15T14:09:11.224184,8.327,can0  204  [16]  28 58 C7 44 44 2A D2 4F 4C 1D 30 75 30 75 00 00
2026-03-15T14:09:11.224540,8.327,can0  070  [20]  F4 2A 4D 08 DF B0 62 03 10 27 00 00 09 15 00 00 2A 00 00 00
2026-03-15T14:09:11.225278,8.328,can0  040  [04]  22 00 10 00
2026-03-15T14:09:11.225699,8.328,can0  204  [16]  28 58 C5 44 66 2A C4 4F 4C 1D 30 75 30 75 00 00
2026-03-15T14:09:11.226000,8.328,can0  060  [32]  00 00 00 00 00 00 00 00 00 00 00 00 00 00 00 00 00 00 00 00 00 00 00 00 00 00 00 00 00 00 00 00
2026-03-15T14:09:11.322564,8.425,can0  070  [20]  F4 2A 4D 08 DF B0 62 03 10 27 00 00 09 15 00 00 2A 00 00 00
2026-03-15T14:09:11.323022,8.425,can0  204  [16]  28 58 C5 44 66 2A C4 4F 4C 1D 30 75 30 75 00 00
2026-03-15T14:09:11.323462,8.426,can0  206  [24]  93 0C AE 05 7F 0C E4 EF 8E 05 8B 0C 7B 0C 00 00 00 00 00 00 00 00 00 00
2026-03-15T14:09:11.430408,8.533,can0  204  [16]  28 58 C6 44 62 2A 44 50 4C 1D 30 75 30 75 00 00
2026-03-15T14:09:11.431151,8.534,can0  040  [04]  2E 00 10 00
2026-03-15T14:09:11.431481,8.534,can0  204  [16]  28 58 CD 44 5E 2A 4D 50 4C 1D 30 75 30 75 00 00
2026-03-15T14:09:11.431765,8.534,can0  041  [04]  E4 00 0F 00
2026-03-15T14:09:11.537810,8.640,can0  204  [16]  28 58 CD 44 5E 2A 4D 50 4C 1D 30 75 30 75 00 00
2026-03-15T14:09:11.538820,8.641,can0  040  [04]  2E 00 10 00
2026-03-15T14:09:11.539949,8.642,can0  100  [03]  53 57 04
2026-03-15T14:09:11.541365,8.644,can0  120  [04]  00 00 00 00
2026-03-15T14:09:11.541875,8.644,can0  204  [16]  28 58 CD 44 5E 2A 4D 50 4C 1D 30 75 30 75 00 00
2026-03-15T14:09:11.603393,8.706,can0  070  [20]  F6 2A 4D 08 DF B0 62 03 F8 2A 00 00 09 15 00 00 18 00 00 00
2026-03-15T14:09:11.603785,8.706,can0  206  [24]  8B 0C A6 05 73 0C D5 EF 92 05 9B 0C 83 0C 00 00 00 00 00 00 00 00 00 00
2026-03-15T14:09:11.604141,8.707,can0  204  [16]  28 58 C9 44 46 2A C7 4F 4C 1D 30 75 30 75 00 00
2026-03-15T14:09:11.604448,8.707,can0  070  [20]  F6 2A 4D 08 DF B0 62 03 F8 2A 00 00 09 15 00 00 18 00 00 00
2026-03-15T14:09:11.690596,8.793,can0  204  [16]  28 58 C5 44 50 2A 0B 50 4C 1D 30 75 30 75 00 00
2026-03-15T14:09:11.690731,8.793,can0  041  [04]  F1 00 13 00
2026-03-15T14:09:11.690919,8.793,can0  070  [20]  F6 2A 4D 08 DF B0 62 03 F8 2A 00 00 09 15 00 00 18 00 00 00
2026-03-15T14:09:11.691974,8.794,can0  040  [04]  3E 00 11 00
2026-03-15T14:09:11.699285,8.802,can0  204  [16]  28 58 C3 44 66 2A 45 50 4C 1D 30 75 30 75 00 00
2026-03-15T14:09:11.699377,8.802,can0  060  [32]  00 00 00 00 00 00 00 00 00 00 00 00 00 00 00 00 00 00 00 00 00 00 00 00 00 00 00 00 00 00 00 00
2026-03-15T14:09:11.699452,8.802,can0  040  [04]  3E 00 11 00
2026-03-15T14:09:11.822200,8.925,can0  060  [32]  00 00 00 00 F6 2A 4D 08 34 06 B8 10 00 00 10 0E FF 01 00 00 00 00 00 00 01 00 00 00 00 00 00 00
2026-03-15T14:09:11.830334,8.933,can0  204  [16]  28 58 C3 44 66 2A 45 50 4C 1D 30 75 30 75 00 00
2026-03-15T14:09:11.922355,9.025,can0  204  [16]  28 58 C5 44 54 2A 12 50 4C 1D 30 75 30 75 00 00
2026-03-15T14:09:11.922796,9.025,can0  206  [24]  87 0C B3 05 83 0C E4 EF 8E 05 8F 0C 83 0C 00 00 00 00 00 00 00 00 00 00
2026-03-15T14:09:11.923119,9.025,can0  204  [16]  28 58 C5 44 54 2A 12 50 4C 1D 30 75 30 75 00 00
2026-03-15T14:09:12.022826,9.125,can0  040  [04]  4A 00 14 00
2026-03-15T14:09:12.023122,9.125,can0  041  [04]  F8 00 13 00
2026-03-15T14:09:12.023464,9.126,can0  204  [16]  28 58 CD 44 58 2A 08 50 4C 1D 30 75 30 75 00 00
2026-03-15T14:09:12.024124,9.126,can0  040  [04]  4A 00 14 00
2026-03-15T14:09:12.024514,9.127,can0  204  [16]  28 58 C9 44 48 2A 24 50 4C 1D 30 75 30 75 00 00
2026-03-15T14:09:12.122777,9.225,can0  204  [16]  28 58 C9 44 48 2A 24 50 4C 1D 30 75 30 75 00 00
2026-03-15T14:09:12.123039,9.225,can0  206  [24]  87 0C AA 05 83 0C D5 EF 92 05 97 0C 7F 0C 00 00 00 00 00 00 00 00 00 00
2026-03-15T14:09:12.222441,9.325,can0  204  [16]  28 58 C9 44 4E 2A D1 4F 4C 1D 30 75 30 75 00 00
2026-03-15T14:09:12.222645,9.325,can0  070  [20]  F6 2A 4D 08 DF B0 62 03 F8 2A 00 00 09 15 00 00 18 00 00 00
2026-03-15T14:09:12.222871,9.325,can0  204  [16]  28 58 C9 44 4E 2A D1 4F 4C 1D 30 75 30 75 00 00
2026-03-15T14:09:12.223366,9.326,can0  040  [04]  4D 00 14 00
2026-03-15T14:09:12.223588,9.326,can0  041  [04]  FD 00 11 00
2026-03-15T14:09:12.322074,9.424,can0  070  [20]  F6 2A 4D 08 DF B0 62 03 F8 2A 00 00 09 15 00 00 18 00 00 00
2026-03-15T14:09:12.322302,9.425,can0  060  [32]  00 00 00 00 00 00 00 00 00 00 00 00 00 00 00 00 00 00 00 00 00 00 00 00 00 00 00 00 00 00 00 00
2026-03-15T14:09:12.322619,9.425,can0  204  [16]  28 58 C5 44 4A 2A 14 50 4C 1D 30 75 30 75 00 00
2026-03-15T14:09:12.323118,9.425,can0  040  [04]  4D 00 14 00
2026-03-15T14:09:12.323380,9.426,can0  204  [16]  28 58 C8 44 54 2A 9D 4F 4C 1D 30 75 30 75 00 00
2026-03-15T14:09:12.422425,9.525,can0  204  [16]  28 58 C8 44 54 2A 9D 4F 4C 1D 30 75 30 75 00 00
2026-03-15T14:09:12.422705,9.525,can0  206  [24]  87 0C AA 05 7B 0C D5 EF 90 05 93 0C 83 0C 00 00 00 00 00 00 00 00 00 00
2026-03-15T14:09:12.522861,9.625,can0  204  [16]  28 58 C9 44 5E 2A F4 4F 4C 1D 30 75 30 75 00 00
2026-03-15T14:09:12.523405,9.626,can0  040  [04]  4A 00 14 00
2026-03-15T14:09:12.523645,9.626,can0  041  [04]  F8 00 10 00
2026-03-15T14:09:12.523888,9.626,can0  204  [16]  28 58 C9 44 5E 2A F4 4F 4C 1D 30 75 30 75 00 00
2026-03-15T14:09:12.530554,9.633,can0  040  [04]  4A 00 14 00
2026-03-15T14:09:12.622426,9.725,can0  070  [20]  F6 2A 4D 08 DF B0 62 03 E0 2E 00 00 09 15 00 00 11 00 00 00
2026-03-15T14:09:12.622775,9.725,can0  204  [16]  28 58 C6 44 58 2A 76 50 4C 1D 30 75 30 75 00 00
2026-03-15T14:09:12.629404,9.732,can0  070  [20]  F6 2A 4D 08 DF B0 62 03 E0 2E 00 00 09 15 00 00 10 00 00 00
2026-03-15T14:09:12.722471,9.825,can0  204  [16]  28 58 C7 44 4E 2A 88 4F 4C 1D 30 75 30 75 00 00
2026-03-15T14:09:12.722814,9.825,can0  206  [24]  83 0C B0 05 87 0C C5 EF 90 05 8F 0C 83 0C 00 00 00 00 00 00 00 00 00 00
2026-03-15T14:09:12.723417,9.826,can0  100  [03]  59 57 04
2026-03-15T14:09:12.723924,9.826,can0  110  [02]  7D 1B
2026-03-15T14:09:12.724420,9.827,can0  120  [04]  00 00 00 00
2026-03-15T14:09:12.725021,9.827,can0  070  [20]  F6 2A 4D 08 DF B0 62 03 E0 2E 00 00 09 15 00 00 10 00 00 00
2026-03-15T14:09:12.725119,9.827,can0  204  [16]  28 58 C7 44 4E 2A 88 4F 4C 1D 30 75 30 75 00 00
2026-03-15T14:09:12.822005,9.924,can0  041  [04]  FC 00 11 00
2026-03-15T14:09:12.822232,9.925,can0  060  [32]  00 00 00 00 F6 2A 4D 08 34 06 B8 10 00 00 10 0E FF 01 00 00 00 00 00 00 01 00 00 00 00 00 00 00
2026-03-15T14:09:12.823070,9.925,can0  040  [04]  4C 00 11 00
2026-03-15T14:09:12.823461,9.926,can0  204  [16]  28 58 C9 44 4C 2A FB 4F 4C 1D 30 75 30 75 00 00
2026-03-15T14:09:12.823950,9.926,can0  040  [04]  4C 00 11 00
2026-03-15T14:09:12.826350,9.929,can0  204  [16]  28 58 C7 44 4E 2A 9A 4F 4C 1D 30 75 30 75 00 00
2026-03-15T14:09:12.931893,10.034,can0  204  [16]  28 58 C7 44 4E 2A 9A 4F 4C 1D 30 75 30 75 00 00
2026-03-15T14:09:12.932033,10.034,can0  206  [24]  87 0C AE 05 87 0C C5 EF 90 05 87 0C 7F 0C 00 00 00 00 00 00 00 00 00 00
2026-03-15T14:09:13.028721,10.131,can0  204  [16]  28 58 C8 44 56 2A DD 4F 4C 1D 30 75 30 75 00 00
2026-03-15T14:09:13.029760,10.132,can0  204  [16]  28 58 C8 44 56 2A DD 4F 4C 1D 30 75 30 75 00 00
2026-03-15T14:09:13.029826,10.132,can0  040  [04]  58 00 12 00
2026-03-15T14:09:13.030091,10.132,can0  041  [04]  F6 00 11 00
2026-03-15T14:09:13.122992,10.225,can0  040  [04]  58 00 12 00
2026-03-15T14:09:13.123406,10.226,can0  204  [16]  28 58 C6 44 50 2A 2A 50 4C 1D 30 75 30 75 00 00
2026-03-15T14:09:13.123751,10.226,can0  204  [16]  28 58 C8 44 56 2A 13 50 4C 1D 30 75 30 75 00 00
2026-03-15T14:09:13.221815,10.324,can0  206  [24]  8B 0C A6 05 7B 0C E4 EF 94 05 9B 0C 83 0C 00 00 00 00 00 00 00 00 00 00
2026-03-15T14:09:13.222156,10.325,can0  204  [16]  28 58 C8 44 56 2A 13 50 4C 1D 30 75 30 75 00 00
2026-03-15T14:09:13.228306,10.331,can0  070  [20]  F6 2A 4D 08 DF B0 62 03 E0 2E 00 00 09 15 00 00 10 00 00 00
2026-03-15T14:09:13.322843,10.425,can0  204  [16]  28 58 C5 44 52 2A 56 50 4C 1D 30 75 30 75 00 00
2026-03-15T14:09:13.323162,10.426,can0  060  [32]  00 00 00 00 00 00 00 00 00 00 00 00 00 00 00 00 00 00 00 00 00 00 00 00 00 00 00 00 00 00 00 00
2026-03-15T14:09:13.323457,10.426,can0  070  [20]  F6 2A 4D 08 DF B0 62 03 E0 2E 00 00 09 15 00 00 10 00 00 00
2026-03-15T14:09:13.324025,10.426,can0  040  [04]  5C 00 13 00
2026-03-15T14:09:13.324335,10.427,can0  041  [04]  EA 00 10 00
2026-03-15T14:09:13.324649,10.427,can0  204  [16]  28 58 C5 44 52 2A 56 50 4C 1D 30 75 30 75 00 00
2026-03-15T14:09:13.422290,10.525,can0  040  [04]  5C 00 13 00
2026-03-15T14:09:13.422732,10.525,can0  204  [16]  28 58 C9 44 50 2A 4B 50 4C 1D 30 75 30 75 00 00
2026-03-15T14:09:13.423071,10.525,can0  204  [16]  28 58 C9 44 48 2A 2C 50 4C 1D 30 75 30 75 00 00
2026-03-15T14:09:13.522644,10.625,can0  206  [24]  87 0C AC 05 7F 0C A6 EF 8E 05 9B 0C 83 0C 00 00 00 00 00 00 00 00 00 00
2026-03-15T14:09:13.523006,10.625,can0  204  [16]  28 58 C9 44 48 2A 2C 50 4C 1D 30 75 30 75 00 00
2026-03-15T14:09:13.623036,10.725,can0  040  [04]  5F 00 15 00
2026-03-15T14:09:13.623298,10.726,can0  204  [16]  28 58 C9 44 48 2A 2C 50 4C 1D 30 75 30 75 00 00
2026-03-15T14:09:13.623503,10.726,can0  041  [04]  E7 00 10 00
2026-03-15T14:09:13.623724,10.726,can0  070  [20]  F6 2A 4D 08 E1 B0 62 03 C8 32 00 00 09 15 00 00 14 00 00 00
2026-03-15T14:09:13.623901,10.726,can0  070  [20]  F6 2A 4D 08 E1 B0 62 03 C8 32 00 00 09 15 00 00 15 00 00 00
2026-03-15T14:09:13.630000,10.732,can0  040  [04]  5F 00 15 00
2026-03-15T14:09:13.630113,10.732,can0  204  [16]  28 58 C6 44 58 2A 28 50 4C 1D 30 75 30 75 00 00
2026-03-15T14:09:13.722249,10.825,can0  070  [20]  F6 2A 4D 08 E1 B0 62 03 C8 32 00 00 09 15 00 00 15 00 00 00
2026-03-15T14:09:13.722952,10.825,can0  204  [16]  28 58 C6 44 58 2A 28 50 4C 1D 30 75 30 75 00 00
2026-03-15T14:09:13.723023,10.825,can0  206  [24]  7F 0C A8 05 7B 0C D5 EF 92 05 93 0C 8B 0C 00 00 00 00 00 00 00 00 00 00
2026-03-15T14:09:13.822341,10.925,can0  204  [16]  28 58 C5 44 64 2A B4 50 4C 1D 30 75 30 75 00 00
2026-03-15T14:09:13.822672,10.925,can0  060  [32]  00 00 00 00 00 00 00 00 00 00 00 00 00 00 00 00 00 00 00 00 00 00 00 00 00 00 00 00 00 00 00 00
2026-03-15T14:09:13.822891,10.925,can0  060  [32]  00 00 00 00 F6 2A 4D 08 36 06 B8 10 00 00 10 0E FF 01 00 00 00 00 00 00 01 00 00 00 00 00 00 00
2026-03-15T14:09:13.824081,10.926,can0  204  [16]  28 58 C5 44 64 2A B4 50 4C 1D 30 75 30 75 00 00
2026-03-15T14:09:13.824140,10.927,can0  040  [04]  62 00 16 00
2026-03-15T14:09:13.824394,10.927,can0  041  [04]  E8 00 0C 00
2026-03-15T14:09:13.923465,11.026,can0  204  [16]  28 58 C6 44 54 2A 3A 50 4C 1D 30 75 30 75 00 00
2026-03-15T14:09:13.924071,11.026,can0  040  [04]  62 00 16 00
2026-03-15T14:09:13.924782,11.027,can0  100  [03]  5A 57 04
2026-03-15T14:09:13.925561,11.028,can0  120  [04]  00 00 00 00
2026-03-15T14:09:13.925940,11.028,can0  204  [16]  28 58 C9 44 4C 2A 12 50 4C 1D 30 75 30 75 00 00
2026-03-15T14:09:14.021862,11.124,can0  204  [16]  28 58 C9 44 4C 2A 12 50 4C 1D 30 75 30 75 00 00
2026-03-15T14:09:14.022256,11.125,can0  206  [24]  7F 0C AA 05 8B 0C C5 EF 90 05 97 0C 7F 0C 00 00 00 00 00 00 00 00 00 00
2026-03-15T14:09:14.124091,11.226,can0  204  [16]  28 58 C9 44 4A 2A 16 50 4C 1D 30 75 30 75 00 00
2026-03-15T14:09:14.124440,11.227,can0  041  [04]  F8 00 0B 00
2026-03-15T14:09:14.125256,11.228,can0  040  [04]  63 00 13 00
2026-03-15T14:09:14.134400,11.237,can0  204  [16]  28 58 C9 44 4A 2A 16 50 4C 1D 30 75 30 75 00 00
2026-03-15T14:09:14.134504,11.237,can0  040  [04]  63 00 13 00
2026-03-15T14:09:14.193892,11.296,can0  204  [16]  28 58 C7 44 66 2A A8 50 4C 1D 30 75 30 75 00 00
2026-03-15T14:09:14.194182,11.297,can0  070  [20]  F6 2A 4D 08 E1 B0 62 03 C8 32 00 00 09 15 00 00 15 00 00 00
2026-03-15T14:09:14.194536,11.297,can0  204  [16]  28 58 C5 44 5C 2A 93 50 4C 1D 30 75 30 75 00 00
2026-03-15T14:09:14.333951,11.436,can0  070  [20]  F6 2A 4D 08 E1 B0 62 03 C8 32 00 00 09 15 00 00 15 00 00 00
2026-03-15T14:09:14.341410,11.444,can0  206  [24]  8B 0C AA 05 7B 0C E4 EF 92 05 8F 0C 7F 0C 00 00 00 00 00 00 00 00 00 00
2026-03-15T14:09:14.341822,11.444,can0  060  [32]  00 00 00 00 00 00 00 00 00 00 00 00 00 00 00 00 00 00 00 00 00 00 00 00 00 00 00 00 00 00 00 00
2026-03-15T14:09:14.342238,11.445,can0  204  [16]  28 58 C5 44 5C 2A 93 50 4C 1D 30 75 30 75 00 00
2026-03-15T14:09:14.342952,11.445,can0  110  [02]  7E 1B
2026-03-15T14:09:14.433088,11.535,can0  204  [16]  28 58 C9 44 60 2A 83 50 4C 1D 30 75 30 75 00 00
2026-03-15T14:09:14.433689,11.536,can0  040  [04]  5D 00 10 00
2026-03-15T14:09:14.433997,11.536,can0  041  [04]  02 01 0A 00
2026-03-15T14:09:14.434596,11.537,can0  040  [04]  5D 00 10 00
2026-03-15T14:09:14.434880,11.537,can0  204  [16]  28 58 C9 44 60 2A 83 50 4C 1D 30 75 30 75 00 00
2026-03-15T14:09:14.535412,11.638,can0  204  [16]  28 58 C8 44 50 2A 58 50 4C 1D 30 75 30 75 00 00
2026-03-15T14:09:14.535737,11.638,can0  204  [16]  28 58 C8 44 50 2A 58 50 4C 1D 30 75 30 75 00 00
2026-03-15T14:09:14.536186,11.639,can0  206  [24]  8B 0C AA 05 7B 0C B6 EF 81 05 9B 0C 7F 0C 00 00 00 00 00 00 00 00 00 00
2026-03-15T14:09:14.600366,11.703,can0  070  [20]  F6 2A 4D 08 E1 B0 62 03 B0 36 00 00 09 15 00 00 39 00 00 00
2026-03-15T14:09:14.600562,11.703,can0  070  [20]  F6 2A 4D 08 E1 B0 62 03 B0 36 00 00 09 15 00 00 3A 00 00 00
2026-03-15T14:09:14.600838,11.703,can0  204  [16]  28 58 CB 44 5E 2A 4B 50 4C 1D 30 75 30 75 00 00
2026-03-15T14:09:14.601379,11.704,can0  040  [04]  58 00 0C 00
2026-03-15T14:09:14.601600,11.704,can0  041  [04]  FE 00 0B 00
2026-03-15T14:09:14.709269,11.812,can0  204  [16]  28 58 C7 44 50 2A 42 50 4C 1D 30 75 30 75 00 00
2026-03-15T14:09:14.710071,11.812,can0  040  [04]  58 00 0C 00
2026-03-15T14:09:14.710654,11.813,can0  070  [20]  F6 2A 4D 08 E1 B0 62 03 B0 36 00 00 09 15 00 00 3A 00 00 00
2026-03-15T14:09:14.710734,11.813,can0  204  [16]  28 58 C9 44 52 2A 39 4F 4C 1D 30 75 30 75 00 00
2026-03-15T14:09:14.823919,11.926,can0  060  [32]  00 00 00 00 F6 2A 4D 08 36 06 B8 10 00 00 10 0E FF 01 00 00 00 00 00 00 01 00 00 00 00 00 00 00
2026-03-15T14:09:14.824683,11.927,can0  204  [16]  28 58 C9 44 52 2A 39 4F 4C 1D 30 75 30 75 00 00
2026-03-15T14:09:14.825012,11.927,can0  206  [24]  8F 0C A6 05 7B 0C D5 EF 92 05 97 0C 7B 0C 00 00 00 00 00 00 00 00 00 00
2026-03-15T14:09:14.924784,12.027,can0  204  [16]  28 58 CB 44 56 2A 3C 50 4C 1D 30 75 30 75 00 00
2026-03-15T14:09:14.924901,12.027,can0  040  [04]  47 00 0B 00
2026-03-15T14:09:14.926091,12.028,can0  041  [04]  F2 00 0B 00
2026-03-15T14:09:14.926732,12.029,can0  204  [16]  28 58 CB 44 56 2A 3C 50 4C 1D 30 75 30 75 00 00
2026-03-15T14:09:14.935265,12.038,can0  040  [04]  47 00 0B 00
2026-03-15T14:09:15.022471,12.125,can0  204  [16]  28 58 CB 44 6E 2A 3F 50 4C 1D 30 75 30 75 00 00
2026-03-15T14:09:15.022838,12.125,can0  204  [16]  28 58 C6 44 54 2A 40 50 4C 1D 30 75 30 75 00 00
2026-03-15T14:09:15.122319,12.225,can0  206  [24]  87 0C AA 05 77 0C C5 EF 90 05 A3 0C 83 0C 00 00 00 00 00 00 00 00 00 00
2026-03-15T14:09:15.122708,12.225,can0  204  [16]  28 58 C6 44 54 2A 40 50 4C 1D 30 75 30 75 00 00
2026-03-15T14:09:15.123388,12.226,can0  100  [03]  5E 57 04
2026-03-15T14:09:15.123931,12.226,can0  120  [04]  00 00 00 00
2026-03-15T14:09:15.222472,12.325,can0  204  [16]  28 58 C8 44 5E 2A 36 50 4C 1D 30 75 30 75 00 00
2026-03-15T14:09:15.222849,12.325,can0  041  [04]  E8 00 0A 00
2026-03-15T14:09:15.223384,12.326,can0  040  [04]  42 00 0A 00
2026-03-15T14:09:15.223609,12.326,can0  070  [20]  F6 2A 4D 08 E1 B0 62 03 B0 36 00 00 09 15 00 00 3A 00 00 00
2026-03-15T14:09:15.224064,12.326,can0  040  [04]  42 00 0A 00
2026-03-15T14:09:15.224355,12.327,can0  204  [16]  28 58 C8 44 5E 2A 36 50 4C 1D 30 75 30 75 00 00
2026-03-15T14:09:15.337822,12.440,can0  204  [16]  28 58 C8 44 40 2A FC 4F 4C 1D 30 75 30 75 00 00
2026-03-15T14:09:15.338428,12.441,can0  070  [20]  F6 2A 4D 08 E1 B0 62 03 B0 36 00 00 09 15 00 00 3A 00 00 00
2026-03-15T14:09:15.339130,12.442,can0  060  [32]  00 00 00 00 00 00 00 00 00 00 00 00 00 00 00 00 00 00 00 00 00 00 00 00 00 00 00 00 00 00 00 00
2026-03-15T14:09:15.341561,12.444,can0  204  [16]  28 58 CA 44 58 2A 38 50 4C 1D 30 75 30 75 00 00
2026-03-15T14:09:15.400816,12.503,can0  206  [24]  8B 0C A8 05 7B 0C A6 EF 8B 05 97 0C 7B 0C 00 00 00 00 00 00 00 00 00 00
2026-03-15T14:09:15.401087,12.503,can0  204  [16]  28 58 CA 44 58 2A 38 50 4C 1D 30 75 30 75 00 00
2026-03-15T14:09:15.401322,12.504,can0  041  [04]  ED 00 0C 00
2026-03-15T14:09:15.401880,12.504,can0  040  [04]  2F 00 0C 00
2026-03-15T14:09:15.537453,12.640,can0  204  [16]  28 58 C4 44 54 2A 86 50 4C 1D 30 75 30 75 00 00
2026-03-15T14:09:15.538010,12.640,can0  040  [04]  2F 00 0C 00
2026-03-15T14:09:15.538298,12.641,can0  204  [16]  28 58 C4 44 54 2A 86 50 4C 1D 30 75 30 75 00 00
2026-03-15T14:09:15.627915,12.730,can0  070  [20]  F6 2A 4D 08 E1 B0 62 03 98 3A 00 00 09 15 00 00 16 00 00 00
2026-03-15T14:09:15.628345,12.731,can0  204  [16]  28 58 C8 44 62 2A 38 50 4C 1D 30 75 30 75 00 00
2026-03-15T14:09:15.628885,12.731,can0  070  [20]  F6 2A 4D 08 E1 B0 62 03 98 3A 00 00 09 15 00 00 16 00 00 00
2026-03-15T14:09:15.629436,12.732,can0  206  [24]  87 0C A3 05 77 0C C5 EF 90 05 9B 0C 83 0C 00 00 00 00 00 00 00 00 00 00
2026-03-15T14:09:15.629717,12.732,can0  204  [16]  28 58 CB 44 3E 2A 10 51 4C 1D 30 75 30 75 00 00
2026-03-15T14:09:15.722389,12.825,can0  070  [20]  F6 2A 4D 08 E1 B0 62 03 98 3A 00 00 09 15 00 00 16 00 00 00
2026-03-15T14:09:15.723052,12.825,can0  040  [04]  28 00 0D 00
2026-03-15T14:09:15.723291,12.826,can0  041  [04]  ED 00 0C 00
2026-03-15T14:09:15.723552,12.826,can0  204  [16]  28 58 CB 44 3E 2A 10 51 4C 1D 30 75 30 75 00 00
2026-03-15T14:09:15.724001,12.826,can0  040  [04]  28 00 0D 00
2026-03-15T14:09:15.822574,12.925,can0  204  [16]  28 58 CE 44 58 2A AB 50 4C 1D 30 75 30 75 00 00
2026-03-15T14:09:15.822785,12.925,can0  060  [32]  00 00 00 00 00 00 00 00 00 00 00 00 00 00 00 00 00 00 00 00 00 00 00 00 00 00 00 00 00 00 00 00
2026-03-15T14:09:15.822944,12.925,can0  060  [32]  00 00 00 00 F6 2A 4D 08 36 06 B8 10 00 00 10 0E FF 01 00 00 00 00 00 00 01 00 00 00 00 00 00 00
2026-03-15T14:09:15.823860,12.926,can0  204  [16]  28 58 C8 44 48 2A 2F 50 4C 1D 30 75 30 75 00 00
2026-03-15T14:09:15.922706,13.025,can0  204  [16]  28 58 C8 44 48 2A 2F 50 4C 1D 30 75 30 75 00 00
2026-03-15T14:09:15.923044,13.025,can0  206  [24]  83 0C AA 05 7F 0C C5 EF 92 05 8F 0C 87 0C 00 00 00 00 00 00 00 00 00 00
2026-03-15T14:09:15.923695,13.026,can0  110  [02]  7D 1B
2026-03-15T14:09:15.924300,13.027,can0  040  [04]  16 00 10 00
2026-03-15T14:09:15.924657,13.027,can0  204  [16]  28 58 C6 44 6A 2A 38 50 4C 1D 30 75 30 75 00 00
2026-03-15T14:09:16.033783,13.136,can0  041  [04]  E8 00 0C 00
2026-03-15T14:09:16.034165,13.137,can0  204  [16]  28 58 C6 44 6A 2A 38 50 4C 1D 30 75 30 75 00 00
2026-03-15T14:09:16.043877,13.146,can0  040  [04]  16 00 10 00
2026-03-15T14:09:16.098262,13.201,can0  204  [16]  28 58 C6 44 48 2A EA 4F 4C 1D 30 75 30 75 00 00
2026-03-15T14:09:16.098711,13.201,can0  204  [16]  28 58 C8 44 54 2A 1F 50 4C 1D 30 75 30 75 00 00
2026-03-15T14:09:16.099179,13.202,can0  206  [24]  87 0C AA 05 8B 0C F4 EF 89 05 87 0C 83 0C 00 00 00 00 00 00 00 00 00 00
2026-03-15T14:09:16.230309,13.333,can0  070  [20]  F6 2A 4D 08 E1 B0 62 03 98 3A 00 00 09 15 00 00 16 00 00 00
2026-03-15T14:09:16.230588,13.333,can0  204  [16]  28 58 C8 44 54 2A 1F 50 4C 1D 30 75 30 75 00 00
2026-03-15T14:09:16.231393,13.334,can0  040  [04]  0F 00 10 00
2026-03-15T14:09:16.231756,13.334,can0  041  [04]  E7 00 0E 00
2026-03-15T14:09:16.232197,13.335,can0  204  [16]  28 58 C6 44 48 2A 20 50 4C 1D 30 75 30 75 00 00
2026-03-15T14:09:16.352753,13.455,can0  070  [20]  F6 2A 4D 08 E1 B0 62 03 98 3A 00 00 09 15 00 00 16 00 00 00
2026-03-15T14:09:16.353354,13.456,can0  040  [04]  0F 00 10 00
2026-03-15T14:09:16.354004,13.456,can0  100  [03]  62 57 04
2026-03-15T14:09:16.354561,13.457,can0  120  [04]  00 00 00 00
2026-03-15T14:09:16.354833,13.457,can0  204  [16]  28 58 C6 44 48 2A 20 50 4C 1D 30 75 30 75 00 00
2026-03-15T14:09:16.355090,13.457,can0  060  [32]  00 00 00 00 00 00 00 00 00 00 00 00 00 00 00 00 00 00 00 00 00 00 00 00 00 00 00 00 00 00 00 00
2026-03-15T14:09:16.408203,13.511,can0  204  [16]  28 58 C9 44 5A 2A 80 4F 4C 1D 30 75 30 75 00 00
2026-03-15T14:09:16.408757,13.511,can0  206  [24]  7B 0C A6 05 87 0C B6 EF 90 05 97 0C 83 0C 00 00 00 00 00 00 00 00 00 00
2026-03-15T14:09:16.408834,13.511,can0  204  [16]  28 58 CC 44 56 2A B0 4F 4C 1D 30 75 30 75 00 00
2026-03-15T14:09:16.506175,13.609,can0  041  [04]  EC 00 0E 00
2026-03-15T14:09:16.506790,13.609,can0  040  [04]  18 00 0F 00
2026-03-15T14:09:16.507073,13.609,can0  204  [16]  28 58 CC 44 56 2A B0 4F 4C 1D 30 75 30 75 00 00
2026-03-15T14:09:16.507579,13.610,can0  040  [04]  18 00 0F 00
2026-03-15T14:09:16.603177,13.706,can0  204  [16]  28 58 CC 44 56 2A B0 4F 4C 1D 30 75 30 75 00 00
2026-03-15T14:09:16.603688,13.706,can0  070  [20]  F8 2A 4D 08 E1 B0 62 03 80 3E 00 00 09 15 00 00 14 00 00 00
2026-03-15T14:09:16.603760,13.706,can0  070  [20]  F8 2A 4D 08 E1 B0 62 03 80 3E 00 00 09 15 00 00 14 00 00 00
2026-03-15T14:09:16.603826,13.706,can0  204  [16]  28 58 C7 44 52 2A 0E 50 4C 1D 30 75 30 75 00 00
2026-03-15T14:09:16.701540,13.804,can0  206  [24]  8F 0C AA 05 77 0C 86 EF 92 05 97 0C 7B 0C 00 00 00 00 00 00 00 00 00 00
2026-03-15T14:09:16.701784,13.804,can0  204  [16]  28 58 C7 44 52 2A 0E 50 4C 1D 30 75 30 75 00 00
2026-03-15T14:09:16.701997,13.804,can0  070  [20]  F8 2A 4D 08 E1 B0 62 03 80 3E 00 00 09 15 00 00 14 00 00 00
2026-03-15T14:09:16.702303,13.805,can0  204  [16]  28 58 C4 44 62 2A 7F 50 4C 1D 30 75 30 75 00 00
2026-03-15T14:09:16.702837,13.805,can0  040  [04]  18 00 0F 00
2026-03-15T14:09:16.703082,13.805,can0  041  [04]  E7 00 0F 00
2026-03-15T14:09:16.803479,13.906,can0  040  [04]  18 00 0F 00
2026-03-15T14:09:16.803768,13.906,can0  204  [16]  28 58 C4 44 62 2A 7F 50 4C 1D 30 75 30 75 00 00
2026-03-15T14:09:16.803996,13.906,can0  060  [32]  00 00 00 00 00 00 00 00 00 00 00 00 00 00 00 00 00 00 00 00 00 00 00 00 00 00 00 00 00 00 00 00
2026-03-15T14:09:16.804171,13.907,can0  060  [32]  00 00 00 00 F8 2A 4D 08 36 06 B8 10 00 00 10 0E FF 01 00 00 00 00 00 00 01 00 00 00 00 00 00 00
2026-03-15T14:09:16.905538,14.008,can0  204  [16]  28 58 C6 44 58 2A 8E 50 4C 1D 30 75 30 75 00 00
2026-03-15T14:09:16.905662,14.008,can0  204  [16]  28 58 C6 44 54 2A 0B 50 4C 1D 30 75 30 75 00 00
2026-03-15T14:09:17.048548,14.151,can0  206  [24]  8F 0C A6 05 77 0C D5 EF 92 05 93 0C 7F 0C 00 00 00 00 00 00 00 00 00 00
2026-03-15T14:09:17.048919,14.151,can0  204  [16]  28 58 C6 44 54 2A 0B 50 4C 1D 30 75 30 75 00 00
2026-03-15T14:09:17.049713,14.152,can0  040  [04]  20 00 0D 00
2026-03-15T14:09:17.050401,14.153,can0  041  [04]  F8 00 10 00
2026-03-15T14:09:17.051080,14.153,can0  204  [16]  28 58 C9 44 46 2A 5E 50 4C 1D 30 75 30 75 00 00
2026-03-15T14:09:17.121893,14.224,can0  040  [04]  20 00 0D 00
2026-03-15T14:09:17.122307,14.225,can0  204  [16]  28 58 C9 44 46 2A 5E 50 4C 1D 30 75 30 75 00 00
2026-03-15T14:09:17.238350,14.341,can0  204  [16]  28 58 CE 44 54 2A 94 50 4C 1D 30 75 30 75 00 00
2026-03-15T14:09:17.238649,14.341,can0  206  [24]  93 0C A6 05 7B 0C E4 EF 92 05 93 0C 7B 0C 00 00 00 00 00 00 00 00 00 00
2026-03-15T14:09:17.238866,14.341,can0  070  [20]  F8 2A 4D 08 E1 B0 62 03 80 3E 00 00 09 15 00 00 14 00 00 00
2026-03-15T14:09:17.239115,14.341,can0  204  [16]  28 58 CA 44 6A 2A DC 4F 4C 1D 30 75 30 75 00 00
2026-03-15T14:09:17.342381,14.445,can0  132  [00]
2026-03-15T14:09:17.342705,14.445,can0  070  [20]  F8 2A 4D 08 E1 B0 62 03 80 3E 00 00 09 15 00 00 14 00 00 00
2026-03-15T14:09:17.343399,14.446,can0  040  [04]  1E 00 0B 00
2026-03-15T14:09:17.343754,14.446,can0  041  [04]  FD 00 11 00
2026-03-15T14:09:17.344184,14.447,can0  204  [16]  28 58 CA 44 6A 2A DC 4F 4C 1D 30 75 30 75 00 00
2026-03-15T14:09:17.344429,14.447,can0  133  [00]
2026-03-15T14:09:17.344734,14.447,can0  060  [32]  00 00 00 00 00 00 00 00 00 00 00 00 00 00 00 00 00 00 00 00 00 00 00 00 00 00 00 00 00 00 00 00
2026-03-15T14:09:17.345432,14.448,can0  040  [04]  1E 00 0B 00
2026-03-15T14:09:17.345729,14.448,can0  204  [16]  28 58 C5 44 44 2A E3 50 4C 1D 30 75 30 75 00 00
2026-03-15T14:09:17.405152,14.508,can0  204  [16]  28 58 C5 44 44 2A E3 50 4C 1D 30 75 30 75 00 00
2026-03-15T14:09:17.552685,14.655,can0  204  [16]  28 58 C4 44 60 2A 37 50 4C 1D 30 75 30 75 00 00
2026-03-15T14:09:17.553199,14.656,can0  206  [24]  8F 0C AA 05 7F 0C D5 EF 8B 05 8F 0C 7B 0C 00 00 00 00 00 00 00 00 00 00
2026-03-15T14:09:17.553499,14.656,can0  100  [03]  69 57 04
2026-03-15T14:09:17.553769,14.656,can0  110  [02]  7D 1B
2026-03-15T14:09:17.553846,14.656,can0  120  [04]  00 00 00 00
2026-03-15T14:09:17.554186,14.657,can0  204  [16]  28 58 C4 44 60 2A 37 50 4C 1D 30 75 30 75 00 00
2026-03-15T14:09:17.554620,14.657,can0  041  [04]  FE 00 0F 00
2026-03-15T14:09:17.648776,14.751,can0  040  [04]  1E 00 0B 00
2026-03-15T14:09:17.649556,14.752,can0  070  [20]  F8 2A 4D 08 E1 B0 62 03 68 42 00 00 09 15 00 00 23 00 00 00
2026-03-15T14:09:17.650228,14.753,can0  070  [20]  F8 2A 4D 08 E1 B0 62 03 68 42 00 00 09 15 00 00 23 00 00 00
2026-03-15T14:09:17.651552,14.754,can0  040  [04]  1E 00 0B 00
2026-03-15T14:09:17.652343,14.755,can0  204  [16]  28 58 C9 44 3C 2A B3 4F 4C 1D 30 75 30 75 00 00
2026-03-15T14:09:17.728427,14.831,can0  204  [16]  28 58 C9 44 62 2A 25 51 4C 1D 30 75 30 75 00 00
2026-03-15T14:09:17.729309,14.832,can0  070  [20]  F8 2A 4D 08 E1 B0 62 03 68 42 00 00 09 15 00 00 23 00 00 00
2026-03-15T14:09:17.737385,14.840,can0  204  [16]  28 58 C9 44 46 2A 6C 50 4C 1D 30 75 30 75 00 00
2026-03-15T14:09:17.737531,14.840,can0  206  [24]  8B 0C A8 05 7B 0C C5 EF 8B 05 9B 0C 7F 0C 00 00 00 00 00 00 00 00 00 00
2026-03-15T14:09:17.856697,14.959,can0  204  [16]  28 58 C9 44 46 2A 6C 50 4C 1D 30 75 30 75 00 00
2026-03-15T14:09:17.856991,14.959,can0  041  [04]  FE 00 0F 00
2026-03-15T14:09:17.857951,14.960,can0  040  [04]  1E 00 0B 00
2026-03-15T14:09:17.858355,14.961,can0  060  [32]  00 00 00 00 F8 2A 4D 08 36 06 B8 10 00 00 10 0E FF 01 00 00 00 00 00 00 01 00 00 00 00 00 00 00
2026-03-15T14:09:17.868332,14.971,can0  204  [16]  28 58 CD 44 50 2A 3B 50 4C 1D 30 75 30 75 00 00
2026-03-15T14:09:17.930062,15.032,can0  040  [04]  1E 00 0B 00
2026-03-15T14:09:17.939794,15.042,can0  204  [16]  28 58 CD 44 50 2A 3B 50 4C 1D 30 75 30 75 00 00
2026-03-15T14:09:18.005261,15.108,can0  204  [16]  28 58 D2 44 4C 2A 40 50 4C 1D 30 75 30 75 00 00
2026-03-15T14:09:18.005389,15.108,can0  206  [24]  83 0C A6 05 83 0C A6 EF 90 05 93 0C 83 0C 00 00 00 00 00 00 00 00 00 00
2026-03-15T14:09:18.005656,15.108,can0  204  [16]  28 58 CC 44 62 2A B7 4F 4C 1D 30 75 30 75 00 00
2026-03-15T14:09:18.169928,15.272,can0  040  [04]  18 00 0B 00
2026-03-15T14:09:18.170736,15.273,can0  041  [04]  F5 00 0E 00
2026-03-15T14:09:18.170827,15.273,can0  204  [16]  28 58 CC 44 62 2A B7 4F 4C 1D 30 75 30 75 00 00
2026-03-15T14:09:18.171683,15.274,can0  040  [04]  18 00 0B 00
2026-03-15T14:09:18.183259,15.286,can0  204  [16]  28 58 C4 44 52 2A 5F 50 4C 1D 30 75 30 75 00 00
2026-03-15T14:09:18.257805,15.360,can0  070  [20]  F8 2A 4D 08 E1 B0 62 03 68 42 00 00 09 15 00 00 23 00 00 00
2026-03-15T14:09:18.258172,15.361,can0  204  [16]  28 58 C4 44 52 2A 5F 50 4C 1D 30 75 30 75 00 00
2026-03-15T14:09:18.258717,15.361,can0  206  [24]  87 0C A8 05 83 0C D5 EF 90 05 8F 0C 83 0C 00 00 00 00 00 00 00 00 00 00
2026-03-15T14:09:18.324893,15.427,can0  204  [16]  28 58 C4 44 60 2A 99 4F 4C 1D 30 75 30 75 00 00
2026-03-15T14:09:18.325612,15.428,can0  070  [20]  F8 2A 4D 08 E1 B0 62 03 68 42 00 00 09 15 00 00 23 00 00 00
2026-03-15T14:09:18.325697,15.428,can0  204  [16]  28 58 CC 44 50 2A A5 4F 4C 1D 30 75 30 75 00 00
2026-03-15T14:09:18.325944,15.428,can0  060  [32]  00 00 00 00 00 00 00 00 00 00 00 00 00 00 00 00 00 00 00 00 00 00 00 00 00 00 00 00 00 00 00 00
2026-03-15T14:09:18.326975,15.429,can0  040  [04]  21 00 0A 00
2026-03-15T14:09:18.327058,15.429,can0  041  [04]  DF 00 0C 00
2026-03-15T14:09:18.414634,15.517,can0  204  [16]  28 58 CC 44 50 2A A5 4F 4C 1D 30 75 30 75 00 00
2026-03-15T14:09:18.415753,15.518,can0  040  [04]  21 00 0A 00
2026-03-15T14:09:18.415845,15.518,can0  204  [16]  28 58 CD 44 4E 2A 8D 4F 4C 1D 30 75 30 75 00 00
2026-03-15T14:09:18.524899,15.627,can0  204  [16]  28 58 CD 44 4E 2A 8D 4F 4C 1D 30 75 30 75 00 00
2026-03-15T14:09:18.535897,15.638,can0  206  [24]  83 0C AA 05 7B 0C E4 EF 8E 05 97 0C 83 0C 00 00 00 00 00 00 00 00 00 00
2026-03-15T14:09:18.675703,15.778,can0  070  [20]  F8 2A 4D 08 E1 B0 62 03 50 46 00 00 09 15 00 00 1C 00 00 00
2026-03-15T14:09:18.675997,15.778,can0  070  [20]  F8 2A 4D 08 E1 B0 62 03 50 46 00 00 09 15 00 00 1C 00 00 00
2026-03-15T14:09:18.676399,15.779,can0  204  [16]  28 58 C9 44 5A 2A E0 4F 4C 1D 30 75 30 75 00 00
2026-03-15T14:09:18.678111,15.780,can0  040  [04]  28 00 0C 00
2026-03-15T14:09:18.686139,15.789,can0  041  [04]  DE 00 0C 00
2026-03-15T14:09:18.686258,15.789,can0  204  [16]  28 58 C8 44 4C 2A 4A 4F 4C 1D 30 75 30 75 00 00
2026-03-15T14:09:18.729903,15.832,can0  040  [04]  28 00 0C 00
2026-03-15T14:09:18.730021,15.832,can0  204  [16]  28 58 C8 44 4C 2A 4A 4F 4C 1D 30 75 30 75 00 00
2026-03-15T14:09:18.731501,15.834,can0  100  [03]  68 57 04
2026-03-15T14:09:18.731638,15.834,can0  120  [04]  00 00 00 00
2026-03-15T14:09:18.731977,15.834,can0  070  [20]  F8 2A 4D 08 E1 B0 62 03 50 46 00 00 09 15 00 00 1C 00 00 00
2026-03-15T14:09:18.823755,15.926,can0  204  [16]  28 58 CB 44 56 2A 77 4F 4C 1D 30 75 30 75 00 00
2026-03-15T14:09:18.824177,15.927,can0  206  [24]  87 0C AA 05 7F 0C B6 EF 94 05 8F 0C 83 0C 00 00 00 00 00 00 00 00 00 00
2026-03-15T14:09:18.824461,15.927,can0  204  [16]  28 58 CB 44 58 2A 0D 50 4C 1D 30 75 30 75 00 00
2026-03-15T14:09:18.824659,15.927,can0  060  [32]  00 00 00 00 F8 2A 4D 08 36 06 B8 10 00 00 10 0E FF 01 00 00 00 00 00 00 01 00 00 00 00 00 00 00
2026-03-15T14:09:18.943787,16.046,can0  041  [04]  CD 00 0C 00
2026-03-15T14:09:18.944747,16.047,can0  040  [04]  2E 00 0E 00
2026-03-15T14:09:18.946105,16.048,can0  204  [16]  28 58 CB 44 58 2A 0D 50 4C 1D 30 75 30 75 00 00
2026-03-15T14:09:18.946783,16.049,can0  040  [04]  2E 00 0E 00
2026-03-15T14:09:18.947610,16.050,can0  204  [16]  28 58 C5 44 54 2A 81 4F 4C 1D 30 75 30 75 00 00
2026-03-15T14:09:19.039994,16.142,can0  204  [16]  28 58 C5 44 54 2A 81 4F 4C 1D 30 75 30 75 00 00
2026-03-15T14:09:19.040527,16.143,can0  206  [24]  7B 0C A8 05 87 0C C5 EF 92 05 8F 0C 8B 0C 00 00 00 00 00 00 00 00 00 00
2026-03-15T14:09:19.128891,16.231,can0  204  [16]  28 58 C6 44 52 2A 2F 51 4C 1D 30 75 30 75 00 00
2026-03-15T14:09:19.129739,16.232,can0  110  [02]  7E 1B
2026-03-15T14:09:19.130181,16.233,can0  204  [16]  28 58 C9 44 48 2A 31 50 4C 1D 30 75 30 75 00 00
2026-03-15T14:09:19.140080,16.243,can0  040  [04]  36 00 0C 00
2026-03-15T14:09:19.140691,16.243,can0  041  [04]  CD 00 0D 00
2026-03-15T14:09:19.224612,16.327,can0  204  [16]  28 58 C9 44 48 2A 31 50 4C 1D 30 75 30 75 00 00
2026-03-15T14:09:19.225393,16.328,can0  040  [04]  36 00 0C 00
2026-03-15T14:09:19.225750,16.328,can0  070  [20]  F8 2A 4D 08 E1 B0 62 03 50 46 00 00 09 15 00 00 1C 00 00 00
2026-03-15T14:09:19.226596,16.329,can0  204  [16]  28 58 CC 44 50 2A D3 50 4C 1D 30 75 30 75 00 00
2026-03-15T14:09:19.322184,16.425,can0  070  [20]  F8 2A 4D 08 E1 B0 62 03 50 46 00 00 09 15 00 00 1C 00 00 00
2026-03-15T14:09:19.322649,16.425,can0  204  [16]  28 58 CC 44 50 2A D3 50 4C 1D 30 75 30 75 00 00
2026-03-15T14:09:19.323033,16.425,can0  206  [24]  8F 0C A6 05 7B 0C C5 EF 90 05 97 0C 7B 0C 00 00 00 00 00 00 00 00 00 00
2026-03-15T14:09:19.323355,16.426,can0  060  [32]  00 00 00 00 00 00 00 00 00 00 00 00 00 00 00 00 00 00 00 00 00 00 00 00 00 00 00 00 00 00 00 00
2026-03-15T14:09:19.423572,16.526,can0  204  [16]  28 58 C9 44 5A 2A D5 50 4C 1D 30 75 30 75 00 00
2026-03-15T14:09:19.431067,16.533,can0  040  [04]  3B 00 0C 00
2026-03-15T14:09:19.438911,16.541,can0  041  [04]  D3 00 0E 00
2026-03-15T14:09:19.438992,16.541,can0  204  [16]  28 58 C7 44 62 2A 21 50 4C 1D 30 75 30 75 00 00
2026-03-15T14:09:19.533064,16.635,can0  040  [04]  3B 00 0C 00
2026-03-15T14:09:19.540776,16.643,can0  204  [16]  28 58 C7 44 62 2A 21 50 4C 1D 30 75 30 75 00 00
2026-03-15T14:09:19.540861,16.643,can0  204  [16]  28 58 C7 44 62 2A 21 50 4C 1D 30 75 30 75 00 00
2026-03-15T14:09:19.623189,16.726,can0  070  [20]  F6 2A 4D 08 E1 B0 62 03 38 4A 00 00 09 15 00 00 1E 00 00 00
2026-03-15T14:09:19.623596,16.726,can0  206  [24]  83 0C AA 05 7F 0C D5 EF 8E 05 9F 0C 87 0C 00 00 00 00 00 00 00 00 00 00
2026-03-15T14:09:19.623981,16.726,can0  070  [20]  F6 2A 4D 08 E1 B0 62 03 38 4A 00 00 09 15 00 00 1D 00 00 00
2026-03-15T14:09:19.624357,16.727,can0  204  [16]  28 58 C8 44 58 2A C2 4F 4C 1D 30 75 30 75 00 00
2026-03-15T14:09:19.741848,16.844,can0  040  [04]  43 00 0D 00
2026-03-15T14:09:19.741978,16.844,can0  041  [04]  E0 00 0E 00
2026-03-15T14:09:19.742048,16.844,can0  204  [16]  28 58 C8 44 58 2A C2 4F 4C 1D 30 75 30 75 00 00
2026-03-15T14:09:19.744133,16.847,can0  070  [20]  F6 2A 4D 08 E1 B0 62 03 38 4A 00 00 09 15 00 00 1D 00 00 00
2026-03-15T14:09:19.750785,16.853,can0  040  [04]  43 00 0D 00
2026-03-15T14:09:19.751320,16.854,can0  204  [16]  28 58 C7 44 54 2A 92 50 4C 1D 30 75 30 75 00 00
2026-03-15T14:09:19.817498,16.920,can0  204  [16]  28 58 C7 44 54 2A 92 50 4C 1D 30 75 30 75 00 00
2026-03-15T14:09:19.817745,16.920,can0  060  [32]  00 00 00 00 00 00 00 00 00 00 00 00 00 00 00 00 00 00 00 00 00 00 00 00 00 00 00 00 00 00 00 00
2026-03-15T14:09:19.818088,16.920,can0  206  [24]  87 0C A6 05 87 0C C5 EF 92 05 8F 0C 83 0C 00 00 00 00 00 00 00 00 00 00
2026-03-15T14:09:19.926579,17.029,can0  204  [16]  28 58 CA 44 62 2A FD 50 4C 1D 30 75 30 75 00 00
2026-03-15T14:09:19.927544,17.030,can0  060  [32]  00 00 00 00 F6 2A 4D 08 36 06 B8 10 00 00 10 0E FF 01 00 00 00 00 00 00 01 00 00 00 00 00 00 00
2026-03-15T14:09:19.928827,17.031,can0  100  [03]  68 57 04
2026-03-15T14:09:19.929334,17.032,can0  120  [04]  00 00 00 00
2026-03-15T14:09:19.929620,17.032,can0  204  [16]  28 58 C8 44 52 2A E4 4F 4C 1D 30 75 30 75 00 00
2026-03-15T14:09:19.929829,17.032,can0  041  [04]  D4 00 0B 00
2026-03-15T14:09:19.938999,17.041,can0  040  [04]  4B 00 10 00
2026-03-15T14:09:20.022193,17.125,can0  204  [16]  28 58 C8 44 52 2A E4 4F 4C 1D 30 75 30 75 00 00
2026-03-15T14:09:20.023220,17.126,can0  040  [04]  4B 00 10 00
2026-03-15T14:09:20.023708,17.126,can0  204  [16]  28 58 C9 44 52 2A EF 50 4C 1D 30 75 30 75 00 00
2026-03-15T14:09:20.122822,17.225,can0  204  [16]  28 58 C9 44 52 2A EF 50 4C 1D 30 75 30 75 00 00
2026-03-15T14:09:20.123250,17.226,can0  206  [24]  87 0C AA 05 7B 0C D5 EF 90 05 9F 0C 7F 0C 00 00 00 00 00 00 00 00 00 00
2026-03-15T14:09:20.222186,17.325,can0  204  [16]  28 58 C6 44 4A 2A A7 50 4C 1D 30 75 30 75 00 00
2026-03-15T14:09:20.224148,17.327,can0  070  [20]  F6 2A 4D 08 E1 B0 62 03 38 4A 00 00 09 15 00 00 1D 00 00 00
2026-03-15T14:09:20.224426,17.327,can0  041  [04]  D1 00 0B 00
2026-03-15T14:09:20.225096,17.327,can0  040  [04]  54 00 13 00
2026-03-15T14:09:20.226517,17.329,can0  204  [16]  28 58 C4 44 60 2A 9D 50 4C 1D 30 75 30 75 00 00
2026-03-15T14:09:20.226607,17.329,can0  070  [20]  F6 2A 4D 08 E1 B0 62 03 38 4A 00 00 09 15 00 00 1D 00 00 00
2026-03-15T14:09:20.227564,17.330,can0  040  [04]  54 00 13 00
2026-03-15T14:09:20.322765,17.425,can0  204  [16]  28 58 C4 44 60 2A 9D 50 4C 1D 30 75 30 75 00 00
2026-03-15T14:09:20.323109,17.425,can0  204  [16]  28 58 C5 44 4E 2A 26 51 4C 1D 30 75 30 75 00 00
2026-03-15T14:09:20.421833,17.524,can0  060  [32]  00 00 00 00 00 00 00 00 00 00 00 00 00 00 00 00 00 00 00 00 00 00 00 00 00 00 00 00 00 00 00 00
2026-03-15T14:09:20.422206,17.525,can0  206  [24]  87 0C AA 05 83 0C E4 EF 90 05 97 0C 7F 0C 00 00 00 00 00 00 00 00 00 00
2026-03-15T14:09:20.429902,17.532,can0  204  [16]  28 58 C5 44 4E 2A 26 51 4C 1D 30 75 30 75 00 00
2026-03-15T14:09:20.522643,17.625,can0  204  [16]  28 58 C8 44 54 2A 78 50 4C 1D 30 75 30 75 00 00
2026-03-15T14:09:20.523462,17.626,can0  040  [04]  54 00 11 00
2026-03-15T14:09:20.531603,17.634,can0  041  [04]  D1 00 0D 00
2026-03-15T14:09:20.531685,17.634,can0  040  [04]  54 00 11 00
2026-03-15T14:09:20.531725,17.634,can0  204  [16]  28 58 C8 44 54 2A 78 50 4C 1D 30 75 30 75 00 00
2026-03-15T14:09:20.623679,17.726,can0  070  [20]  F6 2A 4D 08 E1 B0 62 03 20 4E 00 00 09 15 00 00 18 00 00 00
2026-03-15T14:09:20.624549,17.727,can0  204  [16]  28 58 CB 44 4A 2A 94 50 4C 1D 30 75 30 75 00 00
2026-03-15T14:09:20.625696,17.728,can0  070  [20]  F6 2A 4D 08 E1 B0 62 03 20 4E 00 00 09 15 00 00 18 00 00 00
2026-03-15T14:09:20.626275,17.729,can0  204  [16]  28 58 CC 44 5C 2A BB 50 4C 1D 30 75 30 75 00 00
2026-03-15T14:09:20.722110,17.824,can0  206  [24]  87 0C A6 05 7B 0C E4 EF 8E 05 93 0C 87 0C 00 00 00 00 00 00 00 00 00 00
2026-03-15T14:09:20.723778,17.826,can0  070  [20]  F6 2A 4D 08 E1 B0 62 03 20 4E 00 00 09 15 00 00 18 00 00 00
2026-03-15T14:09:20.724841,17.827,can0  110  [02]  7B 1B
2026-03-15T14:09:20.725234,17.828,can0  204  [16]  28 58 C8 44 52 2A 3D 50 4C 1D 30 75 30 75 00 00
2026-03-15T14:09:20.726282,17.829,can0  040  [04]  53 00 0F 00
2026-03-15T14:09:20.729380,17.832,can0  041  [04]  D3 00 0D 00
2026-03-15T14:09:20.823086,17.925,can0  204  [16]  28 58 C8 44 52 2A 3D 50 4C 1D 30 75 30 75 00 00
2026-03-15T14:09:20.824352,17.927,can0  040  [04]  53 00 0F 00
2026-03-15T14:09:20.824419,17.927,can0  204  [16]  28 58 C9 44 56 2A A3 4F 4C 1D 30 75 30 75 00 00
2026-03-15T14:09:20.921904,18.024,can0  060  [32]  00 00 00 00 00 00 00 00 00 00 00 00 00 00 00 00 00 00 00 00 00 00 00 00 00 00 00 00 00 00 00 00
2026-03-15T14:09:20.923116,18.025,can0  060  [32]  00 00 00 00 F6 2A 4D 08 36 06 B8 10 00 00 10 0E FF 01 00 00 00 00 00 00 01 00 00 00 00 00 00 00
2026-03-15T14:09:20.923798,18.026,can0  204  [16]  28 58 C9 44 56 2A A3 4F 4C 1D 30 75 30 75 00 00
2026-03-15T14:09:20.924173,18.027,can0  206  [24]  8B 0C AA 05 7F 0C C5 EF 90 05 8F 0C 83 0C 00 00 00 00 00 00 00 00 00 00
2026-03-15T14:09:21.022359,18.125,can0  204  [16]  28 58 C7 44 4A 2A 5E 4F 4C 1D 30 75 30 75 00 00
2026-03-15T14:09:21.024339,18.127,can0  040  [04]  52 00 0C 00
2026-03-15T14:09:21.024423,18.127,can0  041  [04]  CE 00 0F 00
2026-03-15T14:09:21.024480,18.127,can0  204  [16]  28 58 CA 44 54 2A A1 4F 4C 1D 30 75 30 75 00 00
2026-03-15T14:09:21.122316,18.225,can0  040  [04]  52 00 0C 00
2026-03-15T14:09:21.122926,18.225,can0  204  [16]  28 58 CA 44 54 2A A1 4F 4C 1D 30 75 30 75 00 00
2026-03-15T14:09:21.124707,18.227,can0  100  [03]  6E 57 04
2026-03-15T14:09:21.124804,18.227,can0  120  [04]  00 00 00 00
2026-03-15T14:09:21.125150,18.228,can0  204  [16]  28 58 C9 44 5A 2A E6 4F 4C 1D 30 75 30 75 00 00
2026-03-15T14:09:21.222991,18.325,can0  070  [20]  F6 2A 4D 08 E1 B0 62 03 20 4E 00 00 09 15 00 00 18 00 00 00
2026-03-15T14:09:21.223472,18.326,can0  204  [16]  28 58 C9 44 5A 2A E6 4F 4C 1D 30 75 30 75 00 00
2026-03-15T14:09:21.223747,18.326,can0  206  [24]  83 0C AC 05 83 0C B6 EF 8E 05 93 0C 83 0C 00 00 00 00 00 00 00 00 00 00
2026-03-15T14:09:21.322748,18.425,can0  204  [16]  28 58 C9 44 5A 2A 6B 50 4C 1D 30 75 30 75 00 00
2026-03-15T14:09:21.322959,18.425,can0  041  [04]  D3 00 10 00
2026-03-15T14:09:21.324148,18.427,can0  070  [20]  F6 2A 4D 08 E1 B0 62 03 20 4E 00 00 09 15 00 00 18 00 00 00
2026-03-15T14:09:21.324962,18.427,can0  040  [04]  4A 00 0B 00
2026-03-15T14:09:21.332510,18.435,can0  040  [04]  4A 00 0B 00
2026-03-15T14:09:21.332599,18.435,can0  204  [16]  28 58 C6 44 52 2A 3A 50 4C 1D 30 75 30 75 00 00
2026-03-15T14:09:21.422698,18.525,can0  204  [16]  28 58 C6 44 52 2A 3A 50 4C 1D 30 75 30 75 00 00
2026-03-15T14:09:21.423275,18.526,can0  060  [32]  00 00 00 00 00 00 00 00 00 00 00 00 00 00 00 00 00 00 00 00 00 00 00 00 00 00 00 00 00 00 00 00
2026-03-15T14:09:21.423353,18.526,can0  204  [16]  28 58 C6 44 4C 2A 45 50 4C 1D 30 75 30 75 00 00
2026-03-15T14:09:21.522730,18.625,can0  206  [24]  87 0C A6 05 83 0C D5 EF 92 05 8F 0C 7F 0C 00 00 00 00 00 00 00 00 00 00
2026-03-15T14:09:21.523093,18.625,can0  204  [16]  28 58 C6 44 4C 2A 45 50 4C 1D 30 75 30 75 00 00
2026-03-15T14:09:21.523843,18.626,can0  040  [04]  36 00 0A 00
2026-03-15T14:09:21.534501,18.637,can0  041  [04]  DC 00 15 00
2026-03-15T14:09:21.622410,18.725,can0  204  [16]  28 58 C6 44 4E 2A FB 4F 4C 1D 30 75 30 75 00 00
2026-03-15T14:09:21.623666,18.726,can0  070  [20]  F8 2A 4D 08 E1 B0 62 03 08 52 00 00 09 15 00 00 23 00 00 00
2026-03-15T14:09:21.624589,18.727,can0  040  [04]  36 00 0A 00
2026-03-15T14:09:21.625999,18.728,can0  070  [20]  F8 2A 4D 08 E1 B0 62 03 08 52 00 00 09 15 00 00 22 00 00 00
2026-03-15T14:09:21.626298,18.729,can0  204  [16]  28 58 C7 44 56 2A F5 4F 4C 1D 30 75 30 75 00 00
2026-03-15T14:09:21.723417,18.826,can0  070  [20]  F8 2A 4D 08 E1 B0 62 03 08 52 00 00 09 15 00 00 22 00 00 00
2026-03-15T14:09:21.724109,18.826,can0  204  [16]  28 58 C7 44 56 2A F5 4F 4C 1D 30 75 30 75 00 00
2026-03-15T14:09:21.724531,18.827,can0  206  [24]  83 0C A3 05 87 0C D5 EF 90 05 9B 0C 83 0C 00 00 00 00 00 00 00 00 00 00
2026-03-15T14:09:21.724859,18.827,can0  204  [16]  28 58 C9 44 58 2A AC 4F 4C 1D 30 75 30 75 00 00
2026-03-15T14:09:21.822859,18.925,can0  040  [04]  2C 00 0C 00
2026-03-15T14:09:21.823664,18.926,can0  041  [04]  D8 00 15 00
2026-03-15T14:09:21.824079,18.926,can0  204  [16]  28 58 CB 44 5A 2A ED 4F 4C 1D 30 75 30 75 00 00
2026-03-15T14:09:21.922821,19.025,can0  040  [04]  2C 00 0C 00
2026-03-15T14:09:21.922911,19.025,can0  204  [16]  28 58 CB 44 5A 2A ED 4F 4C 1D 30 75 30 75 00 00
2026-03-15T14:09:21.924429,19.027,can0  060  [32]  00 00 00 00 F8 2A 4D 08 36 06 B8 10 00 00 10 0E FF 01 00 00 00 00 00 00 01 00 00 00 00 00 00 00
2026-03-15T14:09:21.925140,19.028,can0  204  [16]  28 58 C8 44 4C 2A E7 4F 4C 1D 30 75 30 75 00 00
2026-03-15T14:09:22.021892,19.124,can0  204  [16]  28 58 C8 44 4C 2A E7 4F 4C 1D 30 75 30 75 00 00
2026-03-15T14:09:22.022367,19.125,can0  206  [24]  83 0C A6 05 7F 0C B6 EF 92 05 97 0C 83 0C 00 00 00 00 00 00 00 00 00 00
2026-03-15T14:09:22.022758,19.125,can0  204  [16]  28 58 C5 44 5E 2A F6 4F 4C 1D 30 75 30 75 00 00
2026-03-15T14:09:22.123115,19.225,can0  040  [04]  29 00 0F 00
2026-03-15T14:09:22.124508,19.227,can0  041  [04]  CD 00 15 00
2026-03-15T14:09:22.124577,19.227,can0  204  [16]  28 58 C5 44 50 2A E7 4F 4C 1D 30 75 30 75 00 00
2026-03-15T14:09:22.124637,19.227,can0  040  [04]  29 00 0F 00
2026-03-15T14:09:22.222406,19.325,can0  204  [16]  28 58 C5 44 50 2A E7 4F 4C 1D 30 75 30 75 00 00
2026-03-15T14:09:22.223931,19.326,can0  070  [20]  F8 2A 4D 08 E1 B0 62 03 08 52 00 00 09 15 00 00 22 00 00 00
2026-03-15T14:09:22.224269,19.327,can0  204  [16]  28 58 C9 44 52 2A 21 50 4C 1D 30 75 30 75 00 00
2026-03-15T14:09:22.224577,19.327,can0  206  [24]  8B 0C AC 05 77 0C D5 EF 90 05 9F 0C 87 0C 00 00 00 00 00 00 00 00 00 00
2026-03-15T14:09:22.225707,19.328,can0  070  [20]  F8 2A 4D 08 E1 B0 62 03 08 52 00 00 09 15 00 00 22 00 00 00
2026-03-15T14:09:22.322879,19.425,can0  204  [16]  28 58 C9 44 52 2A 21 50 4C 1D 30 75 30 75 00 00
2026-03-15T14:09:22.323693,19.426,can0  100  [03]  70 57 04
2026-03-15T14:09:22.323965,19.426,can0  110  [02]  7C 1B
2026-03-15T14:09:22.324596,19.427,can0  120  [04]  00 00 00 00
2026-03-15T14:09:22.324858,19.427,can0  041  [04]  C7 00 11 00
2026-03-15T14:09:22.325682,19.428,can0  040  [04]  2C 00 0F 00
2026-03-15T14:09:22.326623,19.429,can0  204  [16]  28 58 CB 44 46 2A 17 50 4C 1D 30 75 30 75 00 00
2026-03-15T14:09:22.422213,19.525,can0  060  [32]  00 00 00 00 00 00 00 00 00 00 00 00 00 00 00 00 00 00 00 00 00 00 00 00 00 00 00 00 00 00 00 00
2026-03-15T14:09:22.422996,19.525,can0  040  [04]  2C 00 0F 00
2026-03-15T14:09:22.431121,19.533,can0  204  [16]  28 58 CA 44 54 2A CA 4F 4C 1D 30 75 30 75 00 00
2026-03-15T14:09:22.522637,19.625,can0  204  [16]  28 58 CA 44 54 2A CA 4F 4C 1D 30 75 30 75 00 00
2026-03-15T14:09:22.523196,19.626,can0  206  [24]  7F 0C AA 05 8B 0C F4 EF 90 05 9B 0C 83 0C 00 00 00 00 00 00 00 00 00 00
2026-03-15T14:09:22.523589,19.626,can0  204  [16]  28 58 CA 44 54 2A CA 4F 4C 1D 30 75 30 75 00 00
2026-03-15T14:09:22.623651,19.726,can0  070  [20]  F8 2A 4D 08 E1 B0 62 03 F0 55 00 00 09 15 00 00 1C 00 00 00
2026-03-15T14:09:22.624662,19.727,can0  070  [20]  F8 2A 4D 08 E1 B0 62 03 F0 55 00 00 09 15 00 00 1C 00 00 00
2026-03-15T14:09:22.625209,19.728,can0  041  [04]  CE 00 0D 00
2026-03-15T14:09:22.625839,19.728,can0  040  [04]  2C 00 0D 00
2026-03-15T14:09:22.626205,19.729,can0  204  [16]  28 58 C4 44 60 2A E2 4F 4C 1D 30 75 30 75 00 00
2026-03-15T14:09:22.634778,19.737,can0  040  [04]  2C 00 0D 00
2026-03-15T14:09:22.722559,19.825,can0  204  [16]  28 58 C4 44 60 2A E2 4F 4C 1D 30 75 30 75 00 00
2026-03-15T14:09:22.723699,19.826,can0  070  [20]  F8 2A 4D 08 E1 B0 62 03 F0 55 00 00 09 15 00 00 1C 00 00 00
2026-03-15T14:09:22.724343,19.827,can0  204  [16]  28 58 C7 44 58 2A EE 4F 4C 1D 30 75 30 75 00 00
2026-03-15T14:09:22.822628,19.925,can0  204  [16]  28 58 C7 44 58 2A EE 4F 4C 1D 30 75 30 75 00 00
2026-03-15T14:09:22.822982,19.925,can0  206  [24]  9B 0C AA 05 6F 0C C5 EF 90 05 93 0C 7F 0C 00 00 00 00 00 00 00 00 00 00
2026-03-15T14:09:22.830579,19.933,can0  204  [16]  28 58 CC 44 54 2A 66 4F 4C 1D 30 75 30 75 00 00
2026-03-15T14:09:22.923454,20.026,can0  040  [04]  2F 00 0C 00
2026-03-15T14:09:22.925850,20.028,can0  041  [04]  D1 00 0F 00
2026-03-15T14:09:22.925952,20.028,can0  060  [32]  00 00 00 00 00 00 00 00 00 00 00 00 00 00 00 00 00 00 00 00 00 00 00 00 00 00 00 00 00 00 00 00
2026-03-15T14:09:22.926026,20.028,can0  060  [32]  00 00 00 00 F8 2A 4D 08 36 06 B8 10 00 00 10 0E FF 01 00 00 00 00 00 00 01 00 00 00 00 00 00 00
2026-03-15T14:09:22.926952,20.029,can0  040  [04]  2F 00 0C 00
2026-03-15T14:09:22.937240,20.040,can0  204  [16]  28 58 C9 44 52 2A 1C 50 4C 1D 30 75 30 75 00 00
2026-03-15T14:09:23.022279,20.125,can0  204  [16]  28 58 C9 44 52 2A 1C 50 4C 1D 30 75 30 75 00 00
2026-03-15T14:09:23.032522,20.135,can0  204  [16]  28 58 C6 44 58 2A C8 4F 4C 1D 30 75 30 75 00 00
2026-03-15T14:09:23.122819,20.225,can0  206  [24]  87 0C AA 05 7F 0C C5 EF 90 05 97 0C 83 0C 00 00 00 00 00 00 00 00 00 00
2026-03-15T14:09:23.123055,20.225,can0  204  [16]  28 58 C6 44 58 2A C8 4F 4C 1D 30 75 30 75 00 00
2026-03-15T14:09:23.123712,20.226,can0  040  [04]  24 00 0D 00
2026-03-15T14:09:23.130802,20.233,can0  041  [04]  CF 00 0F 00
2026-03-15T14:09:23.130893,20.233,can0  204  [16]  28 58 BF 44 5A 2A 9E 4F 4C 1D 30 75 30 75 00 00
2026-03-15T14:09:23.222971,20.325,can0  070  [20]  F8 2A 4D 08 E1 B0 62 03 F0 55 00 00 09 15 00 00 1C 00 00 00
2026-03-15T14:09:23.223673,20.326,can0  040  [04]  24 00 0D 00
2026-03-15T14:09:23.224347,20.327,can0  204  [16]  28 58 C5 44 60 2A BA 4F 4C 1D 30 75 30 75 00 00
2026-03-15T14:09:23.225444,20.328,can0  070  [20]  F8 2A 4D 08 E1 B0 62 03 F0 55 00 00 09 15 00 00 1C 00 00 00
2026-03-15T14:09:23.321936,20.424,can0  204  [16]  28 58 C5 44 60 2A BA 4F 4C 1D 30 75 30 75 00 00
2026-03-15T14:09:23.322231,20.425,can0  206  [24]  87 0C AA 05 7B 0C D5 EF 8E 05 A7 0C 83 0C 00 00 00 00 00 00 00 00 00 00
2026-03-15T14:09:23.322518,20.425,can0  204  [16]  28 58 CA 44 5E 2A 32 4F 4C 1D 30 75 30 75 00 00
2026-03-15T14:09:23.423049,20.525,can0  040  [04]  1D 00 0E 00
2026-03-15T14:09:23.423464,20.526,can0  204  [16]  28 58 CA 44 5E 2A 32 4F 4C 1D 30 75 30 75 00 00
2026-03-15T14:09:23.423815,20.526,can0  041  [04]  D6 00 0E 00
2026-03-15T14:09:23.424337,20.527,can0  060  [32]  00 00 00 00 00 00 00 00 00 00 00 00 00 00 00 00 00 00 00 00 00 00 00 00 00 00 00 00 00 00 00 00
2026-03-15T14:09:23.424889,20.527,can0  040  [04]  1D 00 0E 00
2026-03-15T14:09:23.432404,20.535,can0  204  [16]  28 58 CE 44 58 2A 28 50 4C 1D 30 75 30 75 00 00
2026-03-15T14:09:23.522449,20.625,can0  100  [03]  72 57 04
2026-03-15T14:09:23.523139,20.626,can0  120  [04]  00 00 00 00
2026-03-15T14:09:23.523426,20.626,can0  204  [16]  28 58 CE 44 58 2A 28 50 4C 1D 30 75 30 75 00 00
2026-03-15T14:09:23.622756,20.725,can0  070  [20]  F8 2A 4D 08 E1 B0 62 03 D8 59 00 00 09 15 00 00 13 00 00 00
2026-03-15T14:09:23.624542,20.727,can0  070  [20]  F8 2A 4D 08 E1 B0 62 03 D8 59 00 00 09 15 00 00 12 00 00 00
2026-03-15T14:09:23.625217,20.728,can0  204  [16]  28 58 C9 44 54 2A 98 4F 4C 1D 30 75 30 75 00 00
2026-03-15T14:09:23.625607,20.728,can0  206  [24]  87 0C AA 05 7F 0C D5 EF 96 05 8F 0C 83 0C 00 00 00 00 00 00 00 00 00 00
2026-03-15T14:09:23.625927,20.728,can0  204  [16]  28 58 C4 44 5A 2A BB 4F 4C 1D 30 75 30 75 00 00
2026-03-15T14:09:23.722149,20.825,can0  041  [04]  D1 00 0F 00
2026-03-15T14:09:23.723396,20.826,can0  070  [20]  F8 2A 4D 08 E1 B0 62 03 D8 59 00 00 09 15 00 00 12 00 00 00
2026-03-15T14:09:23.724267,20.827,can0  040  [04]  18 00 0D 00
2026-03-15T14:09:23.725536,20.828,can0  040  [04]  18 00 0D 00
2026-03-15T14:09:23.732456,20.835,can0  204  [16]  28 58 C5 44 54 2A EA 4F 4C 1D 30 75 30 75 00 00
2026-03-15T14:09:23.821841,20.924,can0  204  [16]  28 58 C5 44 54 2A EA 4F 4C 1D 30 75 30 75 00 00
2026-03-15T14:09:23.822165,20.925,can0  204  [16]  28 58 CB 44 58 2A E9 4F 4C 1D 30 75 30 75 00 00
2026-03-15T14:09:23.822514,20.925,can0  206  [24]  87 0C AA 05 7F 0C 86 EF 8E 05 9B 0C 83 0C 00 00 00 00 00 00 00 00 00 00
2026-03-15T14:09:23.921812,21.024,can0  204  [16]  28 58 CB 44 58 2A E9 4F 4C 1D 30 75 30 75 00 00
2026-03-15T14:09:23.921990,21.024,can0  110  [02]  7A 1B
2026-03-15T14:09:23.923172,21.026,can0  060  [32]  00 00 00 00 F8 2A 4D 08 36 06 B8 10 00 00 10 0E FF 01 00 00 00 00 00 00 01 00 00 00 00 00 00 00
2026-03-15T14:09:23.924159,21.027,can0  040  [04]  27 00 0A 00
2026-03-15T14:09:23.924822,21.027,can0  041  [04]  CF 00 0F 00
2026-03-15T14:09:23.924895,21.027,can0  204  [16]  28 58 CC 44 5E 2A 24 50 4C 1D 30 75 30 75 00 00
2026-03-15T14:09:24.022438,21.125,can0  040  [04]  27 00 0A 00
2026-03-15T14:09:24.023039,21.125,can0  204  [16]  28 58 CB 44 60 2A 3F 50 4C 1D 30 75 30 75 00 00
2026-03-15T14:09:24.122382,21.225,can0  204  [16]  28 58 CB 44 60 2A 3F 50 4C 1D 30 75 30 75 00 00
2026-03-15T14:09:24.122784,21.225,can0  206  [24]  93 0C AC 05 7F 0C C5 EF 90 05 93 0C 77 0C 00 00 00 00 00 00 00 00 00 00
2026-03-15T14:09:24.123029,21.225,can0  204  [16]  28 58 C3 44 54 2A 8F 4F 4C 1D 30 75 30 75 00 00
2026-03-15T14:09:24.223523,21.326,can0  070  [20]  F8 2A 4D 08 E1 B0 62 03 D8 59 00 00 09 15 00 00 12 00 00 00
2026-03-15T14:09:24.224097,21.326,can0  204  [16]  28 58 C3 44 54 2A 8F 4F 4C 1D 30 75 30 75 00 00
2026-03-15T14:09:24.224770,21.327,can0  040  [04]  38 00 0B 00
2026-03-15T14:09:24.225437,21.328,can0  041  [04]  D3 00 0F 00
2026-03-15T14:09:24.225508,21.328,can0  204  [16]  28 58 C9 44 56 2A C5 4F 4C 1D 30 75 30 75 00 00
2026-03-15T14:09:24.226900,21.329,can0  070  [20]  F8 2A 4D 08 E1 B0 62 03 D8 59 00 00 09 15 00 00 12 00 00 00
2026-03-15T14:09:24.227663,21.330,can0  040  [04]  38 00 0B 00
2026-03-15T14:09:24.322410,21.425,can0  204  [16]  28 58 C9 44 5A 2A 69 50 4C 1D 30 75 30 75 00 00
2026-03-15T14:09:24.422595,21.525,can0  206  [24]  87 0C A8 05 7F 0C C5 EF 90 05 93 0C 83 0C 00 00 00 00 00 00 00 00 00 00
2026-03-15T14:09:24.422921,21.525,can0  204  [16]  28 58 C9 44 5A 2A 69 50 4C 1D 30 75 30 75 00 00
2026-03-15T14:09:24.423213,21.526,can0  060  [32]  00 00 00 00 00 00 00 00 00 00 00 00 00 00 00 00 00 00 00 00 00 00 00 00 00 00 00 00 00 00 00 00
2026-03-15T14:09:24.423588,21.526,can0  204  [16]  28 58 C9 44 5C 2A FD 4F 4C 1D 30 75 30 75 00 00
2026-03-15T14:09:24.431756,21.534,can0  040  [04]  3E 00 0B 00
2026-03-15T14:09:24.522374,21.625,can0  041  [04]  D8 00 0E 00
2026-03-15T14:09:24.522780,21.625,can0  204  [16]  28 58 C9 44 5C 2A FD 4F 4C 1D 30 75 30 75 00 00
2026-03-15T14:09:24.523606,21.626,can0  040  [04]  3E 00 0B 00
2026-03-15T14:09:24.622755,21.725,can0  070  [20]  F8 2A 4D 08 E1 B0 62 03 C0 5D 00 00 09 15 00 00 2E 00 00 00
2026-03-15T14:09:24.623134,21.726,can0  204  [16]  28 58 C5 44 52 2A B2 4F 4C 1D 30 75 30 75 00 00
2026-03-15T14:09:24.623961,21.726,can0  070  [20]  F8 2A 4D 08 E1 B0 62 03 C0 5D 00 00 09 15 00 00 2E 00 00 00
2026-03-15T14:09:24.624681,21.727,can0  204  [16]  28 58 CB 44 50 2A 8B 50 4C 1D 30 75 30 75 00 00
2026-03-15T14:09:24.625038,21.727,can0  206  [24]  8F 0C AA 05 8F 0C E4 EF 90 05 83 0C 7B 0C 00 00 00 00 00 00 00 00 00 00
2026-03-15T14:09:24.722718,21.825,can0  070  [20]  F8 2A 4D 08 E1 B0 62 03 C0 5D 00 00 09 15 00 00 2E 00 00 00
2026-03-15T14:09:24.723268,21.826,can0  204  [16]  28 58 CB 44 50 2A 8B 50 4C 1D 30 75 30 75 00 00
2026-03-15T14:09:24.723842,21.826,can0  100  [03]  76 57 04
2026-03-15T14:09:24.724363,21.827,can0  120  [04]  00 00 00 00
2026-03-15T14:09:24.725388,21.828,can0  041  [04]  DA 00 0D 00
2026-03-15T14:09:24.725436,21.828,can0  040  [04]  34 00 0A 00
2026-03-15T14:09:24.725867,21.828,can0  204  [16]  28 58 CB 44 3E 2A B0 4F 4C 1D 30 75 30 75 00 00
2026-03-15T14:09:24.823007,21.925,can0  040  [04]  34 00 0A 00
2026-03-15T14:09:24.823479,21.926,can0  204  [16]  28 58 CC 44 68 2A E1 4F 4C 1D 30 75 30 75 00 00
2026-03-15T14:09:24.921827,22.024,can0  204  [16]  28 58 CC 44 68 2A E1 4F 4C 1D 30 75 30 75 00 00
2026-03-15T14:09:24.922234,22.025,can0  206  [24]  83 0C A6 05 7F 0C D5 EF 90 05 9B 0C 83 0C 00 00 00 00 00 00 00 00 00 00
2026-03-15T14:09:24.922565,22.025,can0  060  [32]  00 00 00 00 00 00 00 00 00 00 00 00 00 00 00 00 00 00 00 00 00 00 00 00 00 00 00 00 00 00 00 00
2026-03-15T14:09:24.923727,22.026,can0  060  [32]  00 00 00 00 F8 2A 4D 08 36 06 B8 10 00 00 10 0E FF 01 00 00 00 00 00 00 01 00 00 00 00 00 00 00
2026-03-15T14:09:24.924394,22.027,can0  204  [16]  28 58 C4 44 52 2A 00 50 4C 1D 30 75 30 75 00 00
2026-03-15T14:09:25.022663,22.125,can0  204  [16]  28 58 C4 44 52 2A 00 50 4C 1D 30 75 30 75 00 00
2026-03-15T14:09:25.024041,22.126,can0  040  [04]  2C 00 0C 00
2026-03-15T14:09:25.036639,22.139,can0  041  [04]  D4 00 0C 00
2026-03-15T14:09:25.036761,22.139,can0  040  [04]  2C 00 0C 00
2026-03-15T14:09:25.036832,22.139,can0  204  [16]  28 58 C6 44 54 2A 05 50 4C 1D 30 75 30 75 00 00
2026-03-15T14:09:25.122551,22.225,can0  204  [16]  28 58 C8 44 3E 2A D2 4F 4C 1D 30 75 30 75 00 00
2026-03-15T14:09:25.222985,22.325,can0  070  [20]  F8 2A 4D 08 E1 B0 62 03 C0 5D 00 00 09 15 00 00 2E 00 00 00
2026-03-15T14:09:25.223648,22.326,can0  204  [16]  28 58 C8 44 3E 2A D2 4F 4C 1D 30 75 30 75 00 00
2026-03-15T14:09:25.224190,22.327,can0  206  [24]  8F 0C B3 05 7B 0C B6 EF 8B 05 8F 0C 87 0C 00 00 00 00 00 00 00 00 00 00
2026-03-15T14:09:25.224434,22.327,can0  204  [16]  28 58 CD 44 62 2A E9 4F 4C 1D 30 75 30 75 00 00
2026-03-15T14:09:25.225352,22.328,can0  070  [20]  F8 2A 4D 08 E1 B0 62 03 C0 5D 00 00 09 15 00 00 2E 00 00 00
2026-03-15T14:09:25.322924,22.425,can0  040  [04]  23 00 0D 00
2026-03-15T14:09:25.323921,22.426,can0  041  [04]  D1 00 0D 00
2026-03-15T14:09:25.324008,22.426,can0  204  [16]  28 58 CD 44 62 2A E9 4F 4C 1D 30 75 30 75 00 00
2026-03-15T14:09:25.324609,22.427,can0  040  [04]  23 00 0D 00
2026-03-15T14:09:25.332545,22.435,can0  204  [16]  28 58 CC 44 56 2A 85 50 4C 1D 30 75 30 75 00 00
2026-03-15T14:09:25.422157,22.525,can0  204  [16]  28 58 C8 44 52 2A 8D 4F 4C 1D 30 75 30 75 00 00
2026-03-15T14:09:25.422466,22.525,can0  206  [24]  8B 0C A8 05 7F 0C C5 EF 8E 05 A7 0C 7B 0C 00 00 00 00 00 00 00 00 00 00
2026-03-15T14:09:25.422682,22.525,can0  060  [32]  00 00 00 00 00 00 00 00 00 00 00 00 00 00 00 00 00 00 00 00 00 00 00 00 00 00 00 00 00 00 00 00
2026-03-15T14:09:25.522073,22.624,can0  204  [16]  28 58 C8 44 52 2A 8D 4F 4C 1D 30 75 30 75 00 00
2026-03-15T14:09:25.522288,22.625,can0  110  [02]  7C 1B
2026-03-15T14:09:25.523089,22.625,can0  040  [04]  21 00 0B 00
2026-03-15T14:09:25.523435,22.626,can0  041  [04]  CB 00 0E 00
2026-03-15T14:09:25.523780,22.626,can0  204  [16]  28 58 C8 44 52 2A 8D 4F 4C 1D 30 75 30 75 00 00
2026-03-15T14:09:25.622959,22.725,can0  070  [20]  F8 2A 4D 08 E3 B0 62 03 A8 61 00 00 09 15 00 00 0D 00 00 00
2026-03-15T14:09:25.624561,22.727,can0  070  [20]  F8 2A 4D 08 E3 B0 62 03 A8 61 00 00 09 15 00 00 0E 00 00 00
2026-03-15T14:09:25.625448,22.728,can0  040  [04]  21 00 0B 00
2026-03-15T14:09:25.633238,22.736,can0  204  [16]  28 58 C8 44 5C 2A B6 4F 4C 1D 30 75 30 75 00 00
2026-03-15T14:09:25.722340,22.825,can0  204  [16]  28 58 C8 44 5C 2A B6 4F 4C 1D 30 75 30 75 00 00
2026-03-15T14:09:25.723501,22.826,can0  070  [20]  F8 2A 4D 08 E3 B0 62 03 A8 61 00 00 09 15 00 00 0E 00 00 00
2026-03-15T14:09:25.724174,22.827,can0  206  [24]  83 0C A3 05 7B 0C C5 EF 90 05 9B 0C 87 0C 00 00 00 00 00 00 00 00 00 00
2026-03-15T14:09:25.724504,22.827,can0  204  [16]  28 58 C8 44 52 2A C4 4F 4C 1D 30 75 30 75 00 00
2026-03-15T14:09:25.823357,22.926,can0  040  [04]  27 00 0A 00
2026-03-15T14:09:25.823849,22.926,can0  204  [16]  28 58 C8 44 52 2A C4 4F 4C 1D 30 75 30 75 00 00
2026-03-15T14:09:25.824188,22.927,can0  041  [04]  C4 00 0C 00
2026-03-15T14:09:25.824896,22.927,can0  040  [04]  27 00 0A 00
2026-03-15T14:09:25.825311,22.928,can0  204  [16]  28 58 C9 44 5E 2A 32 4F 4C 1D 30 75 30 75 00 00
2026-03-15T14:09:25.922665,23.025,can0  100  [03]  7A 57 04
2026-03-15T14:09:25.923544,23.026,can0  120  [04]  00 00 00 00
2026-03-15T14:09:25.923953,23.026,can0  204  [16]  28 58 C9 44 4A 2A F4 4F 4C 1D 30 75 30 75 00 00
2026-03-15T14:09:25.925442,23.028,can0  060  [32]  00 00 00 00 F8 2A 4D 08 37 06 B8 10 00 00 10 0E FF 01 00 00 00 00 00 00 01 00 00 00 00 00 00 00
2026-03-15T14:09:26.022399,23.125,can0  204  [16]  28 58 C9 44 4A 2A F4 4F 4C 1D 30 75 30 75 00 00
2026-03-15T14:09:26.022680,23.125,can0  206  [24]  8B 0C A3 05 83 0C 03 F0 92 05 93 0C 7B 0C 00 00 00 00 00 00 00 00 00 00
2026-03-15T14:09:26.022920,23.125,can0  204  [16]  28 58 C8 44 56 2A B9 4F 4C 1D 30 75 30 75 00 00
2026-03-15T14:09:26.122163,23.225,can0  041  [04]  CD 00 0B 00
2026-03-15T14:09:26.122920,23.225,can0  040  [04]  30 00 09 00
2026-03-15T14:09:26.123325,23.226,can0  204  [16]  28 58 C8 44 56 2A B9 4F 4C 1D 30 75 30 75 00 00
2026-03-15T14:09:26.124338,23.227,can0  040  [04]  30 00 09 00
2026-03-15T14:09:26.124969,23.227,can0  204  [16]  28 58 C4 44 54 2A AD 4F 4C 1D 30 75 30 75 00 00
2026-03-15T14:09:26.223326,23.326,can0  070  [20]  F8 2A 4D 08 E3 B0 62 03 A8 61 00 00 09 15 00 00 0E 00 00 00
2026-03-15T14:09:26.224069,23.326,can0  204  [16]  28 58 C4 44 54 2A 3C 4F 4C 1D 30 75 30 75 00 00
2026-03-15T14:09:26.224449,23.327,can0  206  [24]  87 0C AC 05 7B 0C D5 EF 8E 05 9B 0C 83 0C 00 00 00 00 00 00 00 00 00 00
2026-03-15T14:09:26.225195,23.328,can0  070  [20]  F8 2A 4D 08 E3 B0 62 03 A8 61 00 00 09 15 00 00 0E 00 00 00
2026-03-15T14:09:26.322826,23.425,can0  204  [16]  28 58 C4 44 54 2A 3C 4F 4C 1D 30 75 30 75 00 00
2026-03-15T14:09:26.323680,23.426,can0  040  [04]  42 00 08 00
2026-03-15T14:09:26.332482,23.435,can0  041  [04]  CB 00 0B 00
2026-03-15T14:09:26.332555,23.435,can0  204  [16]  28 58 CC 44 5C 2A 5D 4F 4C 1D 30 75 30 75 00 00
2026-03-15T14:09:26.423042,23.525,can0  040  [04]  42 00 08 00
2026-03-15T14:09:26.423783,23.526,can0  204  [16]  28 58 CC 44 5C 2A 5D 4F 4C 1D 30 75 30 75 00 00
2026-03-15T14:09:26.424296,23.527,can0  060  [32]  00 00 00 00 00 00 00 00 00 00 00 00 00 00 00 00 00 00 00 00 00 00 00 00 00 00 00 00 00 00 00 00
2026-03-15T14:09:26.424596,23.527,can0  204  [16]  28 58 CF 44 56 2A 6F 4F 4C 1D 30 75 30 75 00 00
2026-03-15T14:09:26.522323,23.625,can0  206  [24]  8B 0C AA 05 7B 0C C5 EF 90 05 9B 0C 7F 0C 00 00 00 00 00 00 00 00 00 00
2026-03-15T14:09:26.522726,23.625,can0  204  [16]  28 58 CF 44 56 2A 6F 4F 4C 1D 30 75 30 75 00 00
2026-03-15T14:09:26.623584,23.726,can0  070  [20]  F8 2A 4D 08 E3 B0 62 03 90 65 00 00 09 15 00 00 16 00 00 00
2026-03-15T14:09:26.624455,23.727,can0  204  [16]  28 58 CC 44 56 2A 04 50 4C 1D 30 75 30 75 00 00
2026-03-15T14:09:26.625632,23.728,can0  070  [20]  F8 2A 4D 08 E3 B0 62 03 90 65 00 00 09 15 00 00 17 00 00 00
2026-03-15T14:09:26.626761,23.729,can0  040  [04]  51 00 0C 00
2026-03-15T14:09:26.628001,23.730,can0  041  [04]  CE 00 0C 00
2026-03-15T14:09:26.628080,23.730,can0  204  [16]  28 58 C6 44 5C 2A 55 4F 4C 1D 30 75 30 75 00 00
2026-03-15T14:09:26.628144,23.731,can0  040  [04]  51 00 0C 00
2026-03-15T14:09:26.723080,23.825,can0  070  [20]  F8 2A 4D 08 E3 B0 62 03 90 65 00 00 09 15 00 00 17 00 00 00
2026-03-15T14:09:26.723835,23.826,can0  204  [16]  28 58 C5 44 62 2A D6 4F 4C 1D 30 75 30 75 00 00
2026-03-15T14:09:26.728769,23.831,can0  206  [24]  87 0C AC 05 83 0C D5 EF 90 05 93 0C 7F 0C 00 00 00 00 00 00 00 00 00 00
2026-03-15T14:09:26.822432,23.925,can0  204  [16]  28 58 C5 44 62 2A D6 4F 4C 1D 30 75 30 75 00 00
2026-03-15T14:09:26.822782,23.925,can0  204  [16]  28 58 C7 44 4E 2A B6 4F 4C 1D 30 75 30 75 00 00
2026-03-15T14:09:26.823490,23.926,can0  040  [04]  52 00 0C 00
2026-03-15T14:09:26.823950,23.926,can0  041  [04]  C8 00 0C 00
2026-03-15T14:09:26.922774,24.025,can0  204  [16]  28 58 C7 44 4E 2A B6 4F 4C 1D 30 75 30 75 00 00
2026-03-15T14:09:26.923523,24.026,can0  040  [04]  52 00 0C 00
2026-03-15T14:09:26.923927,24.026,can0  060  [32]  00 00 00 00 00 00 00 00 00 00 00 00 00 00 00 00 00 00 00 00 00 00 00 00 00 00 00 00 00 00 00 00
2026-03-15T14:09:26.924593,24.027,can0  204  [16]  28 58 CC 44 54 2A F9 4E 4C 1D 30 75 30 75 00 00
2026-03-15T14:09:26.925931,24.028,can0  060  [32]  00 00 00 00 F8 2A 4D 08 37 06 B8 10 00 00 10 0E FF 01 00 00 00 00 00 00 01 00 00 00 00 00 00 00
2026-03-15T14:09:27.021915,24.124,can0  204  [16]  28 58 CC 44 48 2A A0 50 4C 1D 30 75 30 75 00 00
2026-03-15T14:09:27.022177,24.125,can0  206  [24]  83 0C A8 05 87 0C C5 EF 90 05 93 0C 83 0C 00 00 00 00 00 00 00 00 00 00
2026-03-15T14:09:27.121798,24.224,can0  204  [16]  28 58 CC 44 48 2A A0 50 4C 1D 30 75 30 75 00 00
2026-03-15T14:09:27.122605,24.225,can0  100  [03]  7C 57 04
2026-03-15T14:09:27.122818,24.225,can0  110  [02]  7E 1B
2026-03-15T14:09:27.123591,24.226,can0  120  [04]  00 00 00 00
2026-03-15T14:09:27.123972,24.226,can0  041  [04]  CE 00 0C 00
2026-03-15T14:09:27.124653,24.227,can0  040  [04]  52 00 0C 00
2026-03-15T14:09:27.132282,24.235,can0  204  [16]  28 58 C9 44 58 2A E9 4F 4C 1D 30 75 30 75 00 00
2026-03-15T14:09:27.132381,24.235,can0  132  [00]
2026-03-15T14:09:27.222179,24.325,can0  040  [04]  52 00 0C 00
2026-03-15T14:09:27.223717,24.326,can0  204  [16]  28 58 C9 44 58 2A E9 4F 4C 1D 30 75 30 75 00 00
2026-03-15T14:09:27.223806,24.326,can0  070  [20]  F8 2A 4D 08 E3 B0 62 03 90 65 00 00 09 15 00 00 17 00 00 00
2026-03-15T14:09:27.224429,24.327,can0  133  [00]
2026-03-15T14:09:27.224722,24.327,can0  204  [16]  28 58 C4 44 5A 2A 71 4F 4C 1D 30 75 30 75 00 00
2026-03-15T14:09:27.323694,24.426,can0  070  [20]  F8 2A 4D 08 E3 B0 62 03 90 65 00 00 09 15 00 00 17 00 00 00
2026-03-15T14:09:27.324076,24.426,can0  206  [24]  8B 0C A8 05 77 0C C5 EF 8B 05 9F 0C 7F 0C 00 00 00 00 00 00 00 00 00 00
2026-03-15T14:09:27.324414,24.427,can0  204  [16]  28 58 C3 44 58 2A 66 50 4C 1D 30 75 30 75 00 00
2026-03-15T14:09:27.422451,24.525,can0  204  [16]  28 58 C3 44 58 2A 66 50 4C 1D 30 75 30 75 00 00
2026-03-15T14:09:27.422778,24.525,can0  041  [04]  DC 00 0B 00
2026-03-15T14:09:27.423472,24.526,can0  040  [04]  4C 00 0C 00
2026-03-15T14:09:27.423875,24.526,can0  204  [16]  28 58 C5 44 4A 2A 32 50 4C 1D 30 75 30 75 00 00
2026-03-15T14:09:27.424414,24.527,can0  040  [04]  4C 00 0C 00
2026-03-15T14:09:27.522023,24.624,can0  060  [32]  00 00 00 00 00 00 00 00 00 00 00 00 00 00 00 00 00 00 00 00 00 00 00 00 00 00 00 00 00 00 00 00
2026-03-15T14:09:27.522290,24.625,can0  204  [16]  28 58 C5 44 4A 2A 32 50 4C 1D 30 75 30 75 00 00
2026-03-15T14:09:27.522873,24.625,can0  206  [24]  8F 0C AA 05 7B 0C F4 EF 92 05 97 0C 7B 0C 00 00 00 00 00 00 00 00 00 00
2026-03-15T14:09:27.522943,24.625,can0  204  [16]  28 58 CA 44 4E 2A 22 50 4C 1D 30 75 30 75 00 00
2026-03-15T14:09:27.623535,24.726,can0  070  [20]  F9 2A 4D 08 E1 B0 62 03 78 69 00 00 09 15 00 00 59 00 00 00
2026-03-15T14:09:27.624465,24.727,can0  070  [20]  F9 2A 4D 08 E1 B0 62 03 78 69 00 00 09 15 00 00 58 00 00 00
2026-03-15T14:09:27.625032,24.727,can0  204  [16]  28 58 C8 44 50 2A E2 4F 4C 1D 30 75 30 75 00 00
2026-03-15T14:09:27.625713,24.728,can0  040  [04]  45 00 0A 00
2026-03-15T14:09:27.633024,24.735,can0  041  [04]  EC 00 0D 00
2026-03-15T14:09:27.722773,24.825,can0  070  [20]  F9 2A 4D 08 E1 B0 62 03 78 69 00 00 09 15 00 00 58 00 00 00
2026-03-15T14:09:27.723514,24.826,can0  204  [16]  28 58 C8 44 50 2A E2 4F 4C 1D 30 75 30 75 00 00
2026-03-15T14:09:27.724253,24.827,can0  040  [04]  45 00 0A 00
2026-03-15T14:09:27.724579,24.827,can0  204  [16]  28 58 C6 44 58 2A 51 50 4C 1D 30 75 30 75 00 00
2026-03-15T14:09:27.822289,24.925,can0  204  [16]  28 58 C4 44 54 2A 6D 50 4C 1D 30 75 30 75 00 00
2026-03-15T14:09:27.822827,24.925,can0  206  [24]  83 0C A6 05 7F 0C D5 EF 92 05 93 0C 87 0C 00 00 00 00 00 00 00 00 00 00
2026-03-15T14:09:27.923549,25.026,can0  204  [16]  28 58 C4 44 54 2A 6D 50 4C 1D 30 75 30 75 00 00
2026-03-15T14:09:27.923652,25.026,can0  040  [04]  4B 00 0A 00
2026-03-15T14:09:27.923978,25.026,can0  041  [04]  FD 00 0D 00
2026-03-15T14:09:27.924831,25.027,can0  204  [16]  28 58 C6 44 52 2A 29 50 4C 1D 30 75 30 75 00 00
2026-03-15T14:09:27.926630,25.029,can0  060  [32]  00 00 00 00 F9 2A 4D 08 36 06 B8 10 00 00 10 0E FF 01 00 00 00 00 00 00 01 00 00 00 00 00 00 00
2026-03-15T14:09:28.022669,25.125,can0  040  [04]  4B 00 0A 00
2026-03-15T14:09:28.033928,25.136,can0  204  [16]  28 58 C6 44 52 2A 29 50 4C 1D 30 75 30 75 00 00
2026-03-15T14:09:28.034039,25.136,can0  204  [16]  28 58 C8 44 54 2A 06 50 4C 1D 30 75 30 75 00 00
2026-03-15T14:09:28.122752,25.225,can0  206  [24]  83 0C A6 05 7B 0C C5 EF 90 05 9B 0C 83 0C 00 00 00 00 00 00 00 00 00 00
2026-03-15T14:09:28.123073,25.225,can0  204  [16]  28 58 C9 44 58 2A D2 4F 4C 1D 30 75 30 75 00 00
2026-03-15T14:09:28.222634,25.325,can0  204  [16]  28 58 C9 44 58 2A D2 4F 4C 1D 30 75 30 75 00 00
2026-03-15T14:09:28.224072,25.326,can0  070  [20]  F9 2A 4D 08 E1 B0 62 03 78 69 00 00 09 15 00 00 58 00 00 00
2026-03-15T14:09:28.225523,25.328,can0  040  [04]  4C 00 0B 00
2026-03-15T14:09:28.226873,25.329,can0  041  [04]  0B 01 0D 00
2026-03-15T14:09:28.226952,25.329,can0  204  [16]  28 58 CB 44 56 2A 18 50 4C 1D 30 75 30 75 00 00
2026-03-15T14:09:28.227013,25.329,can0  040  [04]  4C 00 0B 00
2026-03-15T14:09:28.323412,25.426,can0  070  [20]  F9 2A 4D 08 E1 B0 62 03 78 69 00 00 09 15 00 00 58 00 00 00
2026-03-15T14:09:28.324044,25.426,can0  204  [16]  28 58 CB 44 56 2A 18 50 4C 1D 30 75 30 75 00 00
2026-03-15T14:09:28.324606,25.427,can0  100  [03]  86 57 04
2026-03-15T14:09:28.325268,25.428,can0  120  [04]  00 00 00 00
2026-03-15T14:09:28.325682,25.428,can0  204  [16]  28 58 C8 44 56 2A C1 50 4C 1D 30 75 30 75 00 00
2026-03-15T14:09:28.422291,25.525,can0  206  [24]  93 0C A3 05 7B 0C C5 EF 90 05 8F 0C 7F 0C 00 00 00 00 00 00 00 00 00 00
2026-03-15T14:09:28.422556,25.525,can0  204  [16]  28 58 C6 44 4E 2A D8 50 4C 1D 30 75 30 75 00 00
2026-03-15T14:09:28.422745,25.525,can0  041  [04]  10 01 0D 00
2026-03-15T14:09:28.422985,25.525,can0  060  [32]  00 00 00 00 00 00 00 00 00 00 00 00 00 00 00 00 00 00 00 00 00 00 00 00 00 00 00 00 00 00 00 00
2026-03-15T14:09:28.423661,25.526,can0  040  [04]  4C 00 0B 00
2026-03-15T14:09:28.522739,25.625,can0  204  [16]  28 58 C6 44 4E 2A D8 50 4C 1D 30 75 30 75 00 00
2026-03-15T14:09:28.523650,25.626,can0  040  [04]  4C 00 0B 00
2026-03-15T14:09:28.524107,25.626,can0  204  [16]  28 58 C6 44 4E 2A D8 50 4C 1D 30 75 30 75 00 00
2026-03-15T14:09:28.533655,25.636,can0  070  [20]  F9 2A 4D 08 E1 B0 62 03 60 6D 00 00 09 15 00 00 3B 00 00 00
2026-03-15T14:09:28.623073,25.725,can0  070  [20]  F9 2A 4D 08 E1 B0 62 03 60 6D 00 00 09 15 00 00 3B 00 00 00
2026-03-15T14:09:28.624005,25.726,can0  204  [16]  28 58 C6 44 64 2A 40 50 4C 1D 30 75 30 75 00 00
2026-03-15T14:09:28.624526,25.727,can0  206  [24]  8F 0C AA 05 7F 0C A6 EF 92 05 93 0C 7F 0C 00 00 00 00 00 00 00 00 00 00
2026-03-15T14:09:28.624595,25.727,can0  204  [16]  28 58 C9 44 5A 2A FD 50 4C 1D 30 75 30 75 00 00
2026-03-15T14:09:28.723722,25.826,can0  070  [20]  F9 2A 4D 08 E1 B0 62 03 60 6D 00 00 09 15 00 00 3B 00 00 00
2026-03-15T14:09:28.724262,25.827,can0  110  [02]  7E 1B
2026-03-15T14:09:28.725923,25.828,can0  040  [04]  4B 00 09 00
2026-03-15T14:09:28.726005,25.828,can0  041  [04]  0B 01 0D 00
2026-03-15T14:09:28.726607,25.829,can0  204  [16]  28 58 CC 44 5A 2A A0 4F 4C 1D 30 75 30 75 00 00
2026-03-15T14:09:28.823088,25.925,can0  040  [04]  4B 00 09 00
2026-03-15T14:09:28.824242,25.927,can0  204  [16]  28 58 CC 44 5A 2A A0 4F 4C 1D 30 75 30 75 00 00
2026-03-15T14:09:28.824324,25.927,can0  204  [16]  28 58 CC 44 4C 2A 42 50 4C 1D 30 75 30 75 00 00
2026-03-15T14:09:28.922071,26.024,can0  206  [24]  8F 0C A6 05 77 0C C5 EF 90 05 97 0C 7F 0C 00 00 00 00 00 00 00 00 00 00
2026-03-15T14:09:28.922410,26.025,can0  204  [16]  28 58 CC 44 4C 2A 42 50 4C 1D 30 75 30 75 00 00
2026-03-15T14:09:28.922741,26.025,can0  060  [32]  00 00 00 00 00 00 00 00 00 00 00 00 00 00 00 00 00 00 00 00 00 00 00 00 00 00 00 00 00 00 00 00
2026-03-15T14:09:28.923059,26.025,can0  204  [16]  28 58 C8 44 54 2A 03 50 4C 1D 30 75 30 75 00 00
2026-03-15T14:09:29.023469,26.126,can0  060  [32]  00 00 00 00 F9 2A 4D 08 36 06 B8 10 00 00 10 0E FF 01 00 00 00 00 00 00 01 00 00 00 00 00 00 00
2026-03-15T14:09:29.024675,26.127,can0  040  [04]  4A 00 08 00
2026-03-15T14:09:29.025237,26.128,can0  041  [04]  00 01 0D 00
2026-03-15T14:09:29.025945,26.128,can0  204  [16]  28 58 C6 44 5E 2A 91 4F 4C 1D 30 75 30 75 00 00
2026-03-15T14:09:29.034006,26.136,can0  040  [04]  4A 00 08 00
2026-03-15T14:09:29.122777,26.225,can0  204  [16]  28 58 C6 44 5E 2A 91 4F 4C 1D 30 75 30 75 00 00
2026-03-15T14:09:29.123135,26.226,can0  204  [16]  28 58 C9 44 5A 2A 68 50 4C 1D 30 75 30 75 00 00
2026-03-15T14:09:29.222046,26.324,can0  206  [24]  87 0C AA 05 73 0C D5 EF 90 05 9B 0C 83 0C 00 00 00 00 00 00 00 00 00 00
2026-03-15T14:09:29.223951,26.326,can0  070  [20]  F9 2A 4D 08 E1 B0 62 03 60 6D 00 00 09 15 00 00 3B 00 00 00
2026-03-15T14:09:29.224738,26.327,can0  204  [16]  28 58 CC 44 54 2A ED 50 4C 1D 30 75 30 75 00 00
2026-03-15T14:09:29.225609,26.328,can0  040  [04]  4F 00 07 00
2026-03-15T14:09:29.226260,26.329,can0  041  [04]  F4 00 0A 00
2026-03-15T14:09:29.323174,26.426,can0  070  [20]  F9 2A 4D 08 E1 B0 62 03 60 6D 00 00 09 15 00 00 3B 00 00 00
2026-03-15T14:09:29.323771,26.426,can0  204  [16]  28 58 CC 44 54 2A ED 50 4C 1D 30 75 30 75 00 00
2026-03-15T14:09:29.324619,26.427,can0  040  [04]  4F 00 07 00
2026-03-15T14:09:29.332839,26.435,can0  204  [16]  28 58 CB 44 52 2A F4 50 4C 1D 30 75 30 75 00 00
2026-03-15T14:09:29.422204,26.525,can0  204  [16]  28 58 CB 44 52 2A F4 50 4C 1D 30 75 30 75 00 00
2026-03-15T14:09:29.422512,26.525,can0  206  [24]  87 0C A6 05 83 0C B6 EF 92 05 93 0C 83 0C 00 00 00 00 00 00 00 00 00 00
2026-03-15T14:09:29.422752,26.525,can0  204  [16]  28 58 C8 44 54 2A B5 50 4C 1D 30 75 30 75 00 00
2026-03-15T14:09:29.521869,26.624,can0  060  [32]  00 00 00 00 00 00 00 00 00 00 00 00 00 00 00 00 00 00 00 00 00 00 00 00 00 00 00 00 00 00 00 00
2026-03-15T14:09:29.522631,26.625,can0  100  [03]  8E 57 04
2026-03-15T14:09:29.523091,26.625,can0  204  [16]  28 58 C8 44 54 2A B5 50 4C 1D 30 75 30 75 00 00
2026-03-15T14:09:29.523835,26.626,can0  120  [04]  00 00 00 00
2026-03-15T14:09:29.524763,26.627,can0  040  [04]  4D 00 06 00
2026-03-15T14:09:29.525691,26.628,can0  041  [04]  E9 00 0A 00
2026-03-15T14:09:29.628476,26.731,can0  070  [20]  F9 2A 4D 08 E1 B0 62 03 48 71 00 00 09 15 00 00 3F 00 00 00
2026-03-15T14:09:29.629997,26.732,can0  040  [04]  4D 00 06 00
2026-03-15T14:09:29.630442,26.733,can0  204  [16]  28 58 C6 44 52 2A 5C 50 4C 1D 30 75 30 75 00 00
2026-03-15T14:09:29.632411,26.735,can0  070  [20]  F9 2A 4D 08 E1 B0 62 03 48 71 00 00 09 15 00 00 3E 00 00 00
2026-03-15T14:09:29.633044,26.735,can0  204  [16]  28 58 C8 44 58 2A 70 50 4C 1D 30 75 30 75 00 00
2026-03-15T14:09:29.737915,26.840,can0  070  [20]  F9 2A 4D 08 E1 B0 62 03 48 71 00 00 09 15 00 00 3E 00 00 00
2026-03-15T14:09:29.738615,26.841,can0  204  [16]  28 58 C8 44 58 2A 70 50 4C 1D 30 75 30 75 00 00
2026-03-15T14:09:29.739006,26.841,can0  206  [24]  8F 0C AA 05 7F 0C D5 EF 92 05 93 0C 7B 0C 00 00 00 00 00 00 00 00 00 00
2026-03-15T14:09:29.749845,26.852,can0  204  [16]  28 58 C8 44 5A 2A AD 4F 4C 1D 30 75 30 75 00 00
2026-03-15T14:09:29.822006,26.924,can0  041  [04]  E4 00 0A 00
2026-03-15T14:09:29.822894,26.925,can0  040  [04]  3E 00 04 00
2026-03-15T14:09:29.824081,26.926,can0  204  [16]  28 58 C9 44 5A 2A 87 4F 4C 1D 30 75 30 75 00 00
2026-03-15T14:09:29.824170,26.927,can0  040  [04]  3E 00 04 00
2026-03-15T14:09:29.922076,27.024,can0  204  [16]  28 58 C9 44 5A 2A 87 4F 4C 1D 30 75 30 75 00 00
2026-03-15T14:09:29.922350,27.025,can0  204  [16]  28 58 C8 44 60 2A 58 50 4C 1D 30 75 30 75 00 00
2026-03-15T14:09:30.022425,27.125,can0  206  [24]  8F 0C AA 05 7F 0C A6 EF 8B 05 8F 0C 7B 0C 00 00 00 00 00 00 00 00 00 00
2026-03-15T14:09:30.023553,27.126,can0  060  [32]  00 00 00 00 F9 2A 4D 08 36 06 B8 10 00 00 10 0E FF 01 00 00 00 00 00 00 01 00 00 00 00 00 00 00
2026-03-15T14:09:30.024161,27.127,can0  204  [16]  28 58 C8 44 60 2A 58 50 4C 1D 30 75 30 75 00 00
2026-03-15T14:09:30.024890,27.127,can0  040  [04]  4F 00 07 00
2026-03-15T14:09:30.025503,27.128,can0  041  [04]  DC 00 0B 00
2026-03-15T14:09:30.025572,27.128,can0  204  [16]  28 58 C6 44 58 2A A4 4F 4C 1D 30 75 30 75 00 00
2026-03-15T14:09:30.123076,27.225,can0  040  [04]  4F 00 07 00
2026-03-15T14:09:30.134157,27.237,can0  204  [16]  28 58 C7 44 60 2A AE 50 4C 1D 30 75 30 75 00 00
2026-03-15T14:09:30.223328,27.326,can0  070  [20]  F9 2A 4D 08 E1 B0 62 03 48 71 00 00 09 15 00 00 3E 00 00 00
2026-03-15T14:09:30.223843,27.326,can0  204  [16]  28 58 C7 44 60 2A AE 50 4C 1D 30 75 30 75 00 00
2026-03-15T14:09:30.224447,27.327,can0  206  [24]  87 0C A6 05 7F 0C 03 F0 90 05 93 0C 7F 0C 00 00 00 00 00 00 00 00 00 00
2026-03-15T14:09:30.224844,27.327,can0  204  [16]  28 58 C6 44 66 2A 98 50 4C 1D 30 75 30 75 00 00
2026-03-15T14:09:30.225837,27.328,can0  070  [20]  F9 2A 4D 08 E1 B0 62 03 48 71 00 00 09 15 00 00 3E 00 00 00
2026-03-15T14:09:30.322191,27.425,can0  110  [02]  7D 1B
2026-03-15T14:09:30.322580,27.425,can0  204  [16]  28 58 C8 44 66 2A 41 50 4C 1D 30 75 30 75 00 00
2026-03-15T14:09:30.323386,27.426,can0  040  [04]  50 00 09 00
2026-03-15T14:09:30.324157,27.427,can0  041  [04]  D6 00 0D 00
2026-03-15T14:09:30.324567,27.427,can0  204  [16]  28 58 C8 44 66 2A 41 50 4C 1D 30 75 30 75 00 00
2026-03-15T14:09:30.422259,27.525,can0  040  [04]  50 00 09 00
2026-03-15T14:09:30.433679,27.536,can0  204  [16]  28 58 C9 44 66 2A D8 4F 4C 1D 30 75 30 75 00 00
2026-03-15T14:09:30.521840,27.624,can0  204  [16]  28 58 C9 44 66 2A D8 4F 4C 1D 30 75 30 75 00 00
2026-03-15T14:09:30.522142,27.625,can0  060  [32]  00 00 00 00 00 00 00 00 00 00 00 00 00 00 00 00 00 00 00 00 00 00 00 00 00 00 00 00 00 00 00 00
2026-03-15T14:09:30.523762,27.626,can0  206  [24]  8F 0C A8 05 7B 0C D5 EF 92 05 97 0C 7F 0C 00 00 00 00 00 00 00 00 00 00
2026-03-15T14:09:30.523818,27.626,can0  070  [20]  F9 2A 4D 08 E1 B0 62 03 30 75 00 00 09 15 00 00 13 00 00 00
2026-03-15T14:09:30.524147,27.627,can0  204  [16]  28 58 C9 44 5C 2A 21 50 4C 1D 30 75 30 75 00 00
2026-03-15T14:09:30.622445,27.725,can0  040  [04]  43 00 08 00
2026-03-15T14:09:30.622804,27.725,can0  041  [04]  D3 00 0B 00
2026-03-15T14:09:30.624552,27.727,can0  070  [20]  F9 2A 4D 08 E1 B0 62 03 30 75 00 00 09 15 00 00 12 00 00 00
2026-03-15T14:09:30.625102,27.727,can0  204  [16]  28 58 C8 44 5A 2A 34 50 4C 1D 30 75 30 75 00 00
2026-03-15T14:09:30.625767,27.728,can0  040  [04]  43 00 08 00
2026-03-15T14:09:30.722733,27.825,can0  204  [16]  28 58 C8 44 5A 2A 34 50 4C 1D 30 75 30 75 00 00
2026-03-15T14:09:30.724023,27.826,can0  070  [20]  F9 2A 4D 08 E1 B0 62 03 30 75 00 00 09 15 00 00 12 00 00 00
2026-03-15T14:09:30.724673,27.827,can0  100  [03]  9A 57 04
2026-03-15T14:09:30.725427,27.828,can0  120  [04]  00 00 00 00
2026-03-15T14:09:30.725788,27.828,can0  204  [16]  28 58 C8 44 58 2A 9B 50 4C 1D 30 75 30 75 00 00
2026-03-15T14:09:30.822324,27.925,can0  206  [24]  87 0C AA 05 7F 0C F4 EF 94 05 97 0C 7F 0C 00 00 00 00 00 00 00 00 00 00
2026-03-15T14:09:30.822558,27.925,can0  204  [16]  28 58 C8 44 58 2A 9B 50 4C 1D 30 75 30 75 00 00
2026-03-15T14:09:30.822750,27.925,can0  041  [04]  D4 00 09 00
2026-03-15T14:09:30.823003,27.925,can0  204  [16]  28 58 C7 44 54 2A 4C 50 4C 1D 30 75 30 75 00 00
2026-03-15T14:09:30.823713,27.926,can0  040  [04]  23 00 07 00
2026-03-15T14:09:30.973038,28.076,can0  040  [04]  23 00 07 00
2026-03-15T14:09:30.973915,28.076,can0  204  [16]  28 58 C9 44 56 2A ED 4F 4C 1D 30 75 30 75 00 00
2026-03-15T14:09:31.022758,28.125,can0  204  [16]  28 58 C9 44 56 2A ED 4F 4C 1D 30 75 30 75 00 00
2026-03-15T14:09:31.023119,28.125,can0  060  [32]  00 00 00 00 00 00 00 00 00 00 00 00 00 00 00 00 00 00 00 00 00 00 00 00 00 00 00 00 00 00 00 00
2026-03-15T14:09:31.024276,28.127,can0  060  [32]  00 00 00 00 F9 2A 4D 08 36 06 B8 10 00 00 10 0E FF 01 00 00 00 00 00 00 01 00 00 00 00 00 00 00
2026-03-15T14:09:31.024853,28.127,can0  204  [16]  28 58 C9 44 52 2A 0B 51 4C 1D 30 75 30 75 00 00
2026-03-15T14:09:31.025114,28.127,can0  206  [24]  8B 0C AA 05 7B 0C 96 EF 8B 05 9B 0C 7B 0C 00 00 00 00 00 00 00 00 00 00
2026-03-15T14:09:31.122764,28.225,can0  204  [16]  28 58 C9 44 52 2A 0B 51 4C 1D 30 75 30 75 00 00
2026-03-15T14:09:31.122991,28.225,can0  041  [04]  E4 00 08 00
2026-03-15T14:09:31.123733,28.226,can0  040  [04]  13 00 06 00
2026-03-15T14:09:31.124816,28.227,can0  204  [16]  28 58 C9 44 56 2A 9C 51 4C 1D 30 75 30 75 00 00
2026-03-15T14:09:31.124876,28.227,can0  040  [04]  13 00 06 00
2026-03-15T14:09:31.223157,28.326,can0  070  [20]  F9 2A 4D 08 E1 B0 62 03 30 75 00 00 09 15 00 00 12 00 00 00
2026-03-15T14:09:31.224101,28.326,can0  204  [16]  28 58 C7 44 50 2A D5 50 4C 1D 30 75 30 75 00 00
2026-03-15T14:09:31.373717,28.476,can0  070  [20]  F9 2A 4D 08 E1 B0 62 03 30 75 00 00 09 15 00 00 12 00 00 00
2026-03-15T14:09:31.374070,28.476,can0  204  [16]  28 58 C7 44 50 2A D5 50 4C 1D 30 75 30 75 00 00
2026-03-15T14:09:31.374433,28.477,can0  206  [24]  83 0C AA 05 7F 0C C5 EF 90 05 93 0C 83 0C 00 00 00 00 00 00 00 00 00 00
2026-03-15T14:09:31.374743,28.477,can0  204  [16]  28 58 C9 44 56 2A 05 50 4C 1D 30 75 30 75 00 00
2026-03-15T14:09:31.473144,28.576,can0  040  [04]  08 00 06 00
2026-03-15T14:09:31.473545,28.576,can0  041  [04]  F0 00 08 00
2026-03-15T14:09:31.473916,28.576,can0  204  [16]  28 58 C9 44 4C 2A 46 50 4C 1D 30 75 30 75 00 00
2026-03-15T14:09:31.475061,28.577,can0  040  [04]  08 00 06 00
2026-03-15T14:09:31.475156,28.578,can0  204  [16]  28 58 C9 44 4C 2A 46 50 4C 1D 30 75 30 75 00 00
2026-03-15T14:09:31.572138,28.675,can0  060  [32]  00 00 00 00 00 00 00 00 00 00 00 00 00 00 00 00 00 00 00 00 00 00 00 00 00 00 00 00 00 00 00 00
2026-03-15T14:09:31.572422,28.675,can0  204  [16]  28 58 C9 44 4C 2A 46 50 4C 1D 30 75 30 75 00 00
2026-03-15T14:09:31.672155,28.775,can0  206  [24]  8B 0C AA 05 7B 0C C5 EF 92 05 97 0C 7F 0C 00 00 00 00 00 00 00 00 00 00
2026-03-15T14:09:31.673311,28.776,can0  070  [20]  FB 2A 4D 08 E3 B0 62 03 18 79 00 00 09 15 00 00 1F 00 00 00
2026-03-15T14:09:31.673812,28.776,can0  204  [16]  28 58 C9 44 5E 2A CA 50 4C 1D 30 75 30 75 00 00
2026-03-15T14:09:31.674832,28.777,can0  070  [20]  FB 2A 4D 08 E3 B0 62 03 18 79 00 00 09 15 00 00 1F 00 00 00
2026-03-15T14:09:31.675661,28.778,can0  040  [04]  0F 00 02 00
2026-03-15T14:09:31.676397,28.779,can0  041  [04]  F4 00 0A 00
2026-03-15T14:09:31.676471,28.779,can0  204  [16]  28 58 CA 44 4C 2A 8A 50 4C 1D 30 75 30 75 00 00
2026-03-15T14:09:31.772910,28.875,can0  070  [20]  FB 2A 4D 08 E3 B0 62 03 18 79 00 00 09 15 00 00 1F 00 00 00
2026-03-15T14:09:31.774253,28.877,can0  040  [04]  0F 00 02 00
2026-03-15T14:09:31.774748,28.877,can0  204  [16]  28 58 CB 44 54 2A 79 50 4C 1D 30 75 30 75 00 00
2026-03-15T14:09:31.830470,28.933,can0  204  [16]  28 58 CB 44 54 2A 79 50 4C 1D 30 75 30 75 00 00
2026-03-15T14:09:31.830808,28.933,can0  204  [16]  28 58 CA 44 4E 2A BC 4F 4C 1D 30 75 30 75 00 00
2026-03-15T14:09:31.831186,28.934,can0  206  [24]  8F 0C A8 05 7B 0C C5 EF 92 05 AB 0C 7F 0C 00 00 00 00 00 00 00 00 00 00
2026-03-15T14:09:31.933550,29.036,can0  204  [16]  28 58 CA 44 4E 2A BC 4F 4C 1D 30 75 30 75 00 00
2026-03-15T14:09:31.934253,29.037,can0  100  [03]  A2 57 04
2026-03-15T14:09:31.936089,29.038,can0  040  [04]  47 00 04 00
2026-03-15T14:09:31.936173,29.039,can0  110  [02]  7D 1B
2026-03-15T14:09:31.936276,29.039,can0  120  [04]  00 00 00 00
2026-03-15T14:09:31.936474,29.039,can0  041  [04]  E4 00 09 00
2026-03-15T14:09:31.936851,29.039,can0  204  [16]  28 58 CA 44 5C 2A 41 50 4C 1D 30 75 30 75 00 00
2026-03-15T14:09:32.048151,29.151,can0  040  [04]  47 00 04 00
2026-03-15T14:09:32.049920,29.152,can0  060  [32]  00 00 00 00 FB 2A 4D 08 37 06 B8 10 00 00 10 0E FF 01 00 00 00 00 00 00 01 00 00 00 00 00 00 00
2026-03-15T14:09:32.050796,29.153,can0  204  [16]  28 58 C9 44 50 2A E6 50 4C 1D 30 75 30 75 00 00
2026-03-15T14:09:32.169930,29.272,can0  204  [16]  28 58 C9 44 50 2A E6 50 4C 1D 30 75 30 75 00 00
2026-03-15T14:09:32.170048,29.272,can0  206  [24]  8F 0C AC 05 7F 0C D5 EF 90 05 93 0C 7B 0C 00 00 00 00 00 00 00 00 00 00
2026-03-15T14:09:32.170125,29.272,can0  204  [16]  28 58 CB 44 56 2A B9 50 4C 1D 30 75 30 75 00 00
2026-03-15T14:09:32.234167,29.337,can0  041  [04]  BF 00 08 00
2026-03-15T14:09:32.235564,29.338,can0  070  [20]  FB 2A 4D 08 E3 B0 62 03 18 79 00 00 09 15 00 00 1F 00 00 00
2026-03-15T14:09:32.236367,29.339,can0  040  [04]  4B 00 04 00
2026-03-15T14:09:32.238123,29.340,can0  204  [16]  28 58 CB 44 56 2A B9 50 4C 1D 30 75 30 75 00 00
2026-03-15T14:09:32.238192,29.341,can0  040  [04]  4B 00 04 00
2026-03-15T14:09:32.239678,29.342,can0  070  [20]  FB 2A 4D 08 E3 B0 62 03 18 79 00 00 09 15 00 00 1F 00 00 00
2026-03-15T14:09:32.240132,29.343,can0  204  [16]  28 58 CB 44 52 2A 49 51 4C 1D 30 75 30 75 00 00
2026-03-15T14:09:32.372096,29.474,can0  204  [16]  28 58 CB 44 56 2A A6 50 4C 1D 30 75 30 75 00 00
2026-03-15T14:09:32.472753,29.575,can0  206  [24]  8B 0C AA 05 7B 0C C5 EF 92 05 97 0C 83 0C 00 00 00 00 00 00 00 00 00 00
2026-03-15T14:09:32.473089,29.575,can0  204  [16]  28 58 CB 44 56 2A A6 50 4C 1D 30 75 30 75 00 00
2026-03-15T14:09:32.473410,29.576,can0  204  [16]  28 58 C9 44 56 2A C1 50 4C 1D 30 75 30 75 00 00
2026-03-15T14:09:32.474179,29.577,can0  040  [04]  4A 00 08 00
2026-03-15T14:09:32.482715,29.585,can0  041  [04]  B5 00 0A 00
2026-03-15T14:09:32.572526,29.675,can0  040  [04]  4A 00 08 00
2026-03-15T14:09:32.574798,29.677,can0  204  [16]  28 58 C9 44 56 2A C1 50 4C 1D 30 75 30 75 00 00
2026-03-15T14:09:32.574864,29.677,can0  060  [32]  00 00 00 00 00 00 00 00 00 00 00 00 00 00 00 00 00 00 00 00 00 00 00 00 00 00 00 00 00 00 00 00
2026-03-15T14:09:32.574903,29.677,can0  070  [20]  FB 2A 4D 08 E3 B0 62 03 00 7D 00 00 09 15 00 00 1F 00 00 00
2026-03-15T14:09:32.672666,29.775,can0  204  [16]  28 58 C9 44 5A 2A 31 51 4C 1D 30 75 30 75 00 00
2026-03-15T14:09:32.674265,29.777,can0  070  [20]  FB 2A 4D 08 E3 B0 62 03 00 7D 00 00 09 15 00 00 20 00 00 00
2026-03-15T14:09:32.674879,29.777,can0  204  [16]  28 58 C8 44 5E 2A DF 50 4C 1D 30 75 30 75 00 00
2026-03-15T14:09:32.675289,29.778,can0  206  [24]  87 0C A8 05 7F 0C C5 EF 92 05 8F 0C 83 0C 00 00 00 00 00 00 00 00 00 00
2026-03-15T14:09:32.729546,29.832,can0  070  [20]  FB 2A 4D 08 E3 B0 62 03 00 7D 00 00 09 15 00 00 20 00 00 00
2026-03-15T14:09:32.730171,29.833,can0  204  [16]  28 58 C8 44 5E 2A DF 50 4C 1D 30 75 30 75 00 00
2026-03-15T14:09:32.731405,29.834,can0  040  [04]  51 00 0B 00
2026-03-15T14:09:32.731491,29.834,can0  041  [04]  B5 00 09 00
2026-03-15T14:09:32.731780,29.834,can0  204  [16]  28 58 C9 44 58 2A A9 50 4C 1D 30 75 30 75 00 00
2026-03-15T14:09:32.873184,29.976,can0  040  [04]  51 00 0B 00
2026-03-15T14:09:32.873745,29.976,can0  204  [16]  28 58 C9 44 50 2A CC 4F 4C 1D 30 75 30 75 00 00
2026-03-15T14:09:32.927859,30.030,can0  204  [16]  28 58 C9 44 50 2A CC 4F 4C 1D 30 75 30 75 00 00
2026-03-15T14:09:32.928289,30.031,can0  206  [24]  9B 0C AE 05 6F 0C C5 EF 8E 05 93 0C 7F 0C 00 00 00 00 00 00 00 00 00 00
2026-03-15T14:09:32.928624,30.031,can0  204  [16]  28 58 CB 44 52 2A C2 50 4C 1D 30 75 30 75 00 00
2026-03-15T14:09:33.035278,30.138,can0  040  [04]  52 00 0B 00
2026-03-15T14:09:33.036236,30.139,can0  041  [04]  C8 00 08 00
2026-03-15T14:09:33.036316,30.139,can0  204  [16]  28 58 CB 44 52 2A C2 50 4C 1D 30 75 30 75 00 00
2026-03-15T14:09:33.036381,30.139,can0  060  [32]  00 00 00 00 00 00 00 00 00 00 00 00 00 00 00 00 00 00 00 00 00 00 00 00 00 00 00 00 00 00 00 00
2026-03-15T14:09:33.038150,30.141,can0  060  [32]  00 00 00 00 FB 2A 4D 08 37 06 B8 10 00 00 10 0E FF 01 00 00 00 00 00 00 01 00 00 00 00 00 00 00
2026-03-15T14:09:33.039401,30.142,can0  040  [04]  52 00 0B 00
2026-03-15T14:09:33.045220,30.148,can0  204  [16]  28 58 C8 44 5A 2A 6F 50 4C 1D 30 75 30 75 00 00
2026-03-15T14:09:33.151873,30.254,can0  100  [03]  A9 57 04
2026-03-15T14:09:33.152622,30.255,can0  120  [04]  00 00 00 00
2026-03-15T14:09:33.153029,30.255,can0  204  [16]  28 58 C8 44 5E 2A AC 4F 4C 1D 30 75 30 75 00 00
2026-03-15T14:09:33.260905,30.363,can0  204  [16]  28 58 C8 44 5E 2A AC 4F 4C 1D 30 75 30 75 00 00
2026-03-15T14:09:33.261469,30.364,can0  206  [24]  87 0C A8 05 7B 0C 03 F0 92 05 97 0C 83 0C 00 00 00 00 00 00 00 00 00 00
2026-03-15T14:09:33.263162,30.366,can0  070  [20]  FB 2A 4D 08 E3 B0 62 03 00 7D 00 00 09 15 00 00 20 00 00 00
2026-03-15T14:09:33.263978,30.366,can0  204  [16]  28 58 C9 44 54 2A DA 4F 4C 1D 30 75 30 75 00 00
2026-03-15T14:09:33.265254,30.368,can0  041  [04]  DE 00 0A 00
2026-03-15T14:09:33.265344,30.368,can0  040  [04]  4C 00 0B 00
2026-03-15T14:09:33.373595,30.476,can0  070  [20]  FB 2A 4D 08 E3 B0 62 03 00 7D 00 00 09 15 00 00 20 00 00 00
2026-03-15T14:09:33.375433,30.478,can0  040  [04]  4C 00 0B 00
2026-03-15T14:09:33.375516,30.478,can0  204  [16]  28 58 C9 44 54 2A DA 4F 4C 1D 30 75 30 75 00 00
2026-03-15T14:09:33.376063,30.478,can0  204  [16]  28 58 CA 44 58 2A 90 4F 4C 1D 30 75 30 75 00 00
2026-03-15T14:09:33.427417,30.530,can0  204  [16]  28 58 CA 44 52 2A 50 4F 4C 1D 30 75 30 75 00 00
2026-03-15T14:09:33.427792,30.530,can0  206  [24]  87 0C A6 05 77 0C E4 EF 8E 05 97 0C 83 0C 00 00 00 00 00 00 00 00 00 00
2026-03-15T14:09:33.572519,30.675,can0  204  [16]  28 58 CA 44 52 2A 50 4F 4C 1D 30 75 30 75 00 00
2026-03-15T14:09:33.572686,30.675,can0  110  [02]  7F 1B
2026-03-15T14:09:33.572909,30.675,can0  041  [04]  E4 00 0B 00
2026-03-15T14:09:33.573680,30.676,can0  040  [04]  45 00 0A 00
2026-03-15T14:09:33.575200,30.678,can0  060  [32]  00 00 00 00 00 00 00 00 00 00 00 00 00 00 00 00 00 00 00 00 00 00 00 00 00 00 00 00 00 00 00 00
2026-03-15T14:09:33.575309,30.678,can0  204  [16]  28 58 CA 44 52 2A 50 4F 4C 1D 30 75 30 75 00 00
2026-03-15T14:09:33.575356,30.678,can0  070  [20]  FB 2A 4D 08 E4 B0 62 03 E8 80 00 00 09 15 00 00 18 00 00 00
2026-03-15T14:09:33.576535,30.679,can0  040  [04]  45 00 0A 00
2026-03-15T14:09:33.673034,30.775,can0  070  [20]  FB 2A 4D 08 E4 B0 62 03 E8 80 00 00 09 15 00 00 18 00 00 00
2026-03-15T14:09:33.674928,30.777,can0  204  [16]  28 58 CB 44 4A 2A A9 4F 4C 1D 30 75 30 75 00 00
2026-03-15T14:09:33.675011,30.777,can0  070  [20]  FB 2A 4D 08 E4 B0 62 03 E8 80 00 00 09 15 00 00 18 00 00 00
2026-03-15T14:09:33.772597,30.875,can0  204  [16]  28 58 CB 44 4A 2A A9 4F 4C 1D 30 75 30 75 00 00
2026-03-15T14:09:33.772884,30.875,can0  206  [24]  8B 0C AA 05 7F 0C B6 EF 90 05 97 0C 7F 0C 00 00 00 00 00 00 00 00 00 00
2026-03-15T14:09:33.773119,30.875,can0  204  [16]  28 58 CA 44 54 2A CD 4F 4C 1D 30 75 30 75 00 00
2026-03-15T14:09:33.873305,30.976,can0  040  [04]  34 00 0A 00
2026-03-15T14:09:33.873709,30.976,can0  041  [04]  E4 00 0D 00
2026-03-15T14:09:33.874984,30.977,can0  204  [16]  28 58 CA 44 54 2A CD 4F 4C 1D 30 75 30 75 00 00
2026-03-15T14:09:33.875067,30.977,can0  040  [04]  34 00 0A 00
2026-03-15T14:09:33.883922,30.986,can0  204  [16]  28 58 C8 44 50 2A 2F 50 4C 1D 30 75 30 75 00 00
2026-03-15T14:09:33.972279,31.075,can0  204  [16]  28 58 C8 44 56 2A 13 51 4C 1D 30 75 30 75 00 00
2026-03-15T14:09:34.072027,31.174,can0  206  [24]  8B 0C AC 05 83 0C A6 EF 92 05 87 0C 7F 0C 00 00 00 00 00 00 00 00 00 00
2026-03-15T14:09:34.072502,31.175,can0  204  [16]  28 58 C8 44 56 2A 13 51 4C 1D 30 75 30 75 00 00
2026-03-15T14:09:34.074074,31.176,can0  060  [32]  00 00 00 00 FB 2A 4D 08 39 06 B8 10 00 00 10 0E FF 01 00 00 00 00 00 00 01 00 00 00 00 00 00 00
2026-03-15T14:09:34.075510,31.178,can0  040  [04]  34 00 0A 00
2026-03-15T14:09:34.075939,31.178,can0  204  [16]  28 58 C9 44 4A 2A C4 50 4C 1D 30 75 30 75 00 00
2026-03-15T14:09:34.084362,31.187,can0  041  [04]  D4 00 0C 00
2026-03-15T14:09:34.172496,31.275,can0  204  [16]  28 58 C9 44 4A 2A C4 50 4C 1D 30 75 30 75 00 00
2026-03-15T14:09:34.173332,31.276,can0  040  [04]  34 00 0A 00
2026-03-15T14:09:34.175304,31.278,can0  204  [16]  28 58 C9 44 4A 2A 59 50 4C 1D 30 75 30 75 00 00
2026-03-15T14:09:34.175374,31.278,can0  070  [20]  FB 2A 4D 08 E4 B0 62 03 E8 80 00 00 09 15 00 00 18 00 00 00
2026-03-15T14:09:34.272753,31.375,can0  204  [16]  28 58 C8 44 4A 2A 4B 50 4C 1D 30 75 30 75 00 00
2026-03-15T14:09:34.273110,31.375,can0  206  [24]  8B 0C AA 05 73 0C E4 EF 8E 05 A7 0C 7F 0C 00 00 00 00 00 00 00 00 00 00
2026-03-15T14:09:34.274069,31.376,can0  070  [20]  FB 2A 4D 08 E4 B0 62 03 E8 80 00 00 09 15 00 00 18 00 00 00
2026-03-15T14:09:34.372285,31.475,can0  204  [16]  28 58 C8 44 4A 2A 4B 50 4C 1D 30 75 30 75 00 00
2026-03-15T14:09:34.372976,31.475,can0  100  [03]  B0 57 04
2026-03-15T14:09:34.373622,31.476,can0  120  [04]  00 00 00 00
2026-03-15T14:09:34.373937,31.476,can0  041  [04]  D1 00 0B 00
2026-03-15T14:09:34.374764,31.477,can0  040  [04]  2C 00 08 00
2026-03-15T14:09:34.375149,31.478,can0  204  [16]  28 58 C8 44 56 2A 46 50 4C 1D 30 75 30 75 00 00
2026-03-15T14:09:34.376035,31.478,can0  040  [04]  2C 00 08 00
2026-03-15T14:09:34.472028,31.574,can0  204  [16]  28 58 C8 44 56 2A 46 50 4C 1D 30 75 30 75 00 00
2026-03-15T14:09:34.472405,31.575,can0  204  [16]  28 58 C8 44 50 2A F3 50 4C 1D 30 75 30 75 00 00
2026-03-15T14:09:34.571918,31.674,can0  206  [24]  87 0C A8 05 7B 0C A6 EF 94 05 93 0C 83 0C 00 00 00 00 00 00 00 00 00 00
2026-03-15T14:09:34.579447,31.682,can0  204  [16]  28 58 C8 44 50 2A F3 50 4C 1D 30 75 30 75 00 00
2026-03-15T14:09:34.579730,31.682,can0  060  [32]  00 00 00 00 00 00 00 00 00 00 00 00 00 00 00 00 00 00 00 00 00 00 00 00 00 00 00 00 00 00 00 00
2026-03-15T14:09:34.580999,31.683,can0  070  [20]  FB 2A 4D 08 E4 B0 62 03 D0 84 00 00 09 15 00 00 0D 00 00 00
2026-03-15T14:09:34.672537,31.775,can0  041  [04]  D4 00 0A 00
2026-03-15T14:09:34.673886,31.776,can0  070  [20]  FB 2A 4D 08 E4 B0 62 03 D0 84 00 00 09 15 00 00 0D 00 00 00
2026-03-15T14:09:34.674847,31.777,can0  040  [04]  2C 00 08 00
2026-03-15T14:09:34.676590,31.779,can0  204  [16]  28 58 C9 44 4E 2A B4 50 4C 1D 30 75 30 75 00 00
2026-03-15T14:09:34.676677,31.779,can0  040  [04]  2C 00 08 00
2026-03-15T14:09:34.676742,31.779,can0  204  [16]  28 58 C9 44 4E 2A 0B 50 4C 1D 30 75 30 75 00 00
2026-03-15T14:09:34.774001,31.876,can0  070  [20]  FB 2A 4D 08 E4 B0 62 03 D0 84 00 00 09 15 00 00 0D 00 00 00
2026-03-15T14:09:34.774622,31.877,can0  204  [16]  28 58 CA 44 52 2A 84 4E 4C 1D 30 75 30 75 00 00
2026-03-15T14:09:34.775011,31.877,can0  206  [24]  93 0C A6 05 7B 0C B6 EF 8E 05 AF 0C 77 0C 00 00 00 00 00 00 00 00 00 00
2026-03-15T14:09:34.872504,31.975,can0  204  [16]  28 58 CA 44 52 2A 84 4E 4C 1D 30 75 30 75 00 00
2026-03-15T14:09:34.872851,31.975,can0  204  [16]  28 58 C9 44 4E 2A 8F 50 4C 1D 30 75 30 75 00 00
2026-03-15T14:09:34.873616,31.976,can0  040  [04]  3A 00 0A 00
2026-03-15T14:09:34.873963,31.976,can0  041  [04]  E0 00 0C 00
2026-03-15T14:09:34.974036,32.076,can0  040  [04]  3A 00 0A 00
2026-03-15T14:09:34.974204,32.077,can0  204  [16]  28 58 C9 44 4E 2A 8F 50 4C 1D 30 75 30 75 00 00
2026-03-15T14:09:34.977682,32.080,can0  204  [16]  28 58 C9 44 54 2A 02 50 4C 1D 30 75 30 75 00 00
2026-03-15T14:09:35.029260,32.132,can0  206  [24]  8B 0C A8 05 83 0C D5 EF 92 05 8B 0C 7F 0C 00 00 00 00 00 00 00 00 00 00
2026-03-15T14:09:35.029356,32.132,can0  204  [16]  28 58 C9 44 52 2A F2 4F 4C 1D 30 75 30 75 00 00
2026-03-15T14:09:35.029584,32.132,can0  060  [32]  00 00 00 00 00 00 00 00 00 00 00 00 00 00 00 00 00 00 00 00 00 00 00 00 00 00 00 00 00 00 00 00
2026-03-15T14:09:35.030959,32.133,can0  060  [32]  00 00 00 00 FB 2A 4D 08 39 06 B8 10 00 00 10 0E FF 01 00 00 00 00 00 00 01 00 00 00 00 00 00 00
2026-03-15T14:09:35.128991,32.231,can0  204  [16]  28 58 C9 44 52 2A F2 4F 4C 1D 30 75 30 75 00 00
2026-03-15T14:09:35.129919,32.232,can0  040  [04]  3E 00 0B 00
2026-03-15T14:09:35.131000,32.233,can0  110  [02]  7C 1B
2026-03-15T14:09:35.131089,32.233,can0  041  [04]  DD 00 0D 00
2026-03-15T14:09:35.131154,32.234,can0  204  [16]  28 58 CA 44 54 2A 93 51 4C 1D 30 75 30 75 00 00
2026-03-15T14:09:35.273305,32.376,can0  040  [04]  3E 00 0B 00
2026-03-15T14:09:35.274890,32.377,can0  070  [20]  FB 2A 4D 08 E4 B0 62 03 D0 84 00 00 09 15 00 00 0D 00 00 00
2026-03-15T14:09:35.275841,32.378,can0  204  [16]  28 58 CA 44 54 2A 93 51 4C 1D 30 75 30 75 00 00
2026-03-15T14:09:35.276183,32.379,can0  204  [16]  28 58 C9 44 50 2A 7A 50 4C 1D 30 75 30 75 00 00
2026-03-15T14:09:35.429355,32.532,can0  070  [20]  FB 2A 4D 08 E4 B0 62 03 D0 84 00 00 09 15 00 00 0D 00 00 00
2026-03-15T14:09:35.429492,32.532,can0  206  [24]  8B 0C A8 05 7F 0C D5 EF 8E 05 93 0C 83 0C 00 00 00 00 00 00 00 00 00 00
2026-03-15T14:09:35.429560,32.532,can0  204  [16]  28 58 C9 44 50 2A 9B 4F 4C 1D 30 75 30 75 00 00
2026-03-15T14:09:35.429621,32.532,can0  040  [04]  45 00 0A 00
2026-03-15T14:09:35.499011,32.601,can0  041  [04]  E4 00 0D 00
2026-03-15T14:09:35.499938,32.602,can0  204  [16]  28 58 C9 44 50 2A 9B 4F 4C 1D 30 75 30 75 00 00
2026-03-15T14:09:35.501442,32.604,can0  040  [04]  45 00 0A 00
2026-03-15T14:09:35.502215,32.605,can0  204  [16]  28 58 C8 44 50 2A EE 4F 4C 1D 30 75 30 75 00 00
2026-03-15T14:09:35.553566,32.656,can0  204  [16]  28 58 C8 44 50 2A EE 4F 4C 1D 30 75 30 75 00 00
2026-03-15T14:09:35.554407,32.657,can0  100  [03]  B8 57 04
2026-03-15T14:09:35.555085,32.657,can0  120  [04]  00 00 00 00
2026-03-15T14:09:35.556599,32.659,can0  070  [20]  FB 2A 4D 08 E6 B0 62 03 B8 88 00 00 09 15 00 00 1F 00 00 00
2026-03-15T14:09:35.568959,32.671,can0  060  [32]  00 00 00 00 00 00 00 00 00 00 00 00 00 00 00 00 00 00 00 00 00 00 00 00 00 00 00 00 00 00 00 00
2026-03-15T14:09:35.569040,32.671,can0  206  [24]  83 0C A6 05 7F 0C C5 EF 92 05 8F 0C 87 0C 00 00 00 00 00 00 00 00 00 00
2026-03-15T14:09:35.569080,32.671,can0  204  [16]  28 58 C8 44 56 2A 60 4F 4C 1D 30 75 30 75 00 00
2026-03-15T14:09:35.655687,32.758,can0  070  [20]  FB 2A 4D 08 E6 B0 62 03 B8 88 00 00 09 15 00 00 20 00 00 00
2026-03-15T14:09:35.656604,32.759,can0  204  [16]  28 58 C6 44 5A 2A 61 50 4C 1D 30 75 30 75 00 00
2026-03-15T14:09:35.656894,32.759,can0  041  [04]  E0 00 0D 00
2026-03-15T14:09:35.657734,32.760,can0  040  [04]  51 00 0A 00
2026-03-15T14:09:35.659582,32.762,can0  070  [20]  FB 2A 4D 08 E6 B0 62 03 B8 88 00 00 09 15 00 00 20 00 00 00
2026-03-15T14:09:35.760220,32.863,can0  040  [04]  51 00 0A 00
2026-03-15T14:09:35.769235,32.872,can0  204  [16]  28 58 C6 44 5A 2A 61 50 4C 1D 30 75 30 75 00 00
2026-03-15T14:09:35.769315,32.872,can0  204  [16]  28 58 C7 44 5A 2A 1B 51 4C 1D 30 75 30 75 00 00
2026-03-15T14:09:35.863589,32.966,can0  204  [16]  28 58 C8 44 4E 2A 3B 50 4C 1D 30 75 30 75 00 00
2026-03-15T14:09:35.863985,32.966,can0  206  [24]  83 0C A6 05 7B 0C C5 EF 92 05 9B 0C 83 0C 00 00 00 00 00 00 00 00 00 00
2026-03-15T14:09:35.967262,33.070,can0  204  [16]  28 58 C8 44 4E 2A 3B 50 4C 1D 30 75 30 75 00 00
2026-03-15T14:09:35.968313,33.071,can0  040  [04]  4F 00 08 00
2026-03-15T14:09:35.969329,33.072,can0  041  [04]  CB 00 0C 00
2026-03-15T14:09:35.969381,33.072,can0  204  [16]  28 58 C9 44 4E 2A 94 51 4C 1D 30 75 30 75 00 00
2026-03-15T14:09:35.971054,33.073,can0  040  [04]  4F 00 08 00
2026-03-15T14:09:36.071782,33.174,can0  204  [16]  28 58 C9 44 4E 2A 94 51 4C 1D 30 75 30 75 00 00
2026-03-15T14:09:36.072202,33.175,can0  204  [16]  28 58 C8 44 50 2A B2 50 4C 1D 30 75 30 75 00 00
2026-03-15T14:09:36.073366,33.176,can0  060  [32]  00 00 00 00 FB 2A 4D 08 3B 06 B8 10 00 00 10 0E FF 01 00 00 00 00 00 00 01 00 00 00 00 00 00 00
2026-03-15T14:09:36.172790,33.275,can0  206  [24]  8F 0C AC 05 7F 0C C5 EF 92 05 8B 0C 7F 0C 00 00 00 00 00 00 00 00 00 00
2026-03-15T14:09:36.173105,33.275,can0  204  [16]  28 58 C8 44 5A 2A 85 4E 4C 1D 30 75 30 75 00 00
2026-03-15T14:09:36.174374,33.277,can0  070  [20]  FB 2A 4D 08 E6 B0 62 03 B8 88 00 00 09 15 00 00 20 00 00 00
2026-03-15T14:09:36.175484,33.278,can0  040  [04]  5F 00 0A 00
2026-03-15T14:09:36.273122,33.375,can0  204  [16]  28 58 C8 44 5A 2A 85 4E 4C 1D 30 75 30 75 00 00
2026-03-15T14:09:36.273214,33.376,can0  041  [04]  C6 00 0D 00
2026-03-15T14:09:36.274136,33.377,can0  040  [04]  5F 00 0A 00
2026-03-15T14:09:36.276384,33.379,can0  204  [16]  28 58 C7 44 56 2A D0 4E 4C 1D 30 75 30 75 00 00
2026-03-15T14:09:36.276484,33.379,can0  070  [20]  FB 2A 4D 08 E6 B0 62 03 B8 88 00 00 09 15 00 00 20 00 00 00
2026-03-15T14:09:36.372033,33.474,can0  204  [16]  28 58 C7 44 56 2A D0 4E 4C 1D 30 75 30 75 00 00
2026-03-15T14:09:36.372407,33.475,can0  204  [16]  28 58 C6 44 5A 2A A5 52 4C 1D 30 75 30 75 00 00
2026-03-15T14:09:36.372804,33.475,can0  206  [24]  8F 0C AA 05 7F 0C 3E F0 92 05 A3 0C 77 0C 00 00 00 00 00 00 00 00 00 00
2026-03-15T14:09:36.473751,33.576,can0  204  [16]  28 58 C7 44 56 2A 83 52 4C 1D 30 75 30 75 00 00
2026-03-15T14:09:36.473846,33.576,can0  040  [04]  58 00 0A 00
2026-03-15T14:09:36.476761,33.579,can0  041  [04]  BE 00 0C 00
2026-03-15T14:09:36.572412,33.675,can0  204  [16]  28 58 C7 44 56 2A 83 52 4C 1D 30 75 30 75 00 00
2026-03-15T14:09:36.573707,33.676,can0  040  [04]  58 00 0A 00
2026-03-15T14:09:36.573808,33.676,can0  204  [16]  28 58 C7 44 56 2A 83 52 4C 1D 30 75 30 75 00 00
2026-03-15T14:09:36.575289,33.678,can0  070  [20]  FB 2A 4D 08 E8 B0 62 03 A0 8C 00 00 09 15 00 00 0D 00 00 00
2026-03-15T14:09:36.576135,33.679,can0  060  [32]  00 00 00 00 00 00 00 00 00 00 00 00 00 00 00 00 00 00 00 00 00 00 00 00 00 00 00 00 00 00 00 00
2026-03-15T14:09:36.675152,33.778,can0  070  [20]  FB 2A 4D 08 E8 B0 62 03 A0 8C 00 00 09 15 00 00 0D 00 00 00
2026-03-15T14:09:36.675888,33.778,can0  204  [16]  28 58 C9 44 4C 2A 71 51 4C 1D 30 75 30 75 00 00
2026-03-15T14:09:36.676240,33.779,can0  206  [24]  87 0C A1 05 7B 0C D5 EF 90 05 A3 0C 83 0C 00 00 00 00 00 00 00 00 00 00
2026-03-15T14:09:36.676595,33.779,can0  204  [16]  28 58 C9 44 4C 2A 71 51 4C 1D 30 75 30 75 00 00
2026-03-15T14:09:36.777504,33.880,can0  070  [20]  FB 2A 4D 08 E8 B0 62 03 A0 8C 00 00 09 15 00 00 0D 00 00 00
2026-03-15T14:09:36.778455,33.881,can0  100  [03]  C2 57 04
2026-03-15T14:09:36.780634,33.883,can0  110  [02]  7E 1B
2026-03-15T14:09:36.780719,33.883,can0  120  [04]  00 00 00 00
2026-03-15T14:09:36.780785,33.883,can0  041  [04]  BC 00 0F 00
2026-03-15T14:09:36.780846,33.883,can0  040  [04]  51 00 0A 00
2026-03-15T14:09:36.781816,33.884,can0  204  [16]  28 58 CB 44 46 2A EB 50 4C 1D 30 75 30 75 00 00
2026-03-15T14:09:36.788666,33.891,can0  040  [04]  51 00 0A 00
2026-03-15T14:09:36.841518,33.944,can0  204  [16]  28 58 CB 44 46 2A EB 50 4C 1D 30 75 30 75 00 00
2026-03-15T14:09:36.841892,33.944,can0  204  [16]  28 58 CA 44 4A 2A 43 50 4C 1D 30 75 30 75 00 00
2026-03-15T14:09:36.972634,34.075,can0  206  [24]  87 0C AA 05 7F 0C C5 EF 8E 05 8F 0C 83 0C 00 00 00 00 00 00 00 00 00 00
2026-03-15T14:09:36.972924,34.075,can0  204  [16]  28 58 C8 44 52 2A 2F 50 4C 1D 30 75 30 75 00 00
2026-03-15T14:09:36.973193,34.076,can0  041  [04]  B5 00 11 00
2026-03-15T14:09:36.973530,34.076,can0  204  [16]  28 58 C8 44 52 2A 2F 50 4C 1D 30 75 30 75 00 00
2026-03-15T14:09:36.974155,34.077,can0  040  [04]  3E 00 08 00
2026-03-15T14:09:37.072171,34.175,can0  040  [04]  3E 00 08 00
2026-03-15T14:09:37.072581,34.175,can0  204  [16]  28 58 C9 44 58 2A EE 50 4C 1D 30 75 30 75 00 00
2026-03-15T14:09:37.073066,34.175,can0  132  [00]
2026-03-15T14:09:37.073147,34.176,can0  060  [32]  00 00 00 00 00 00 00 00 00 00 00 00 00 00 00 00 00 00 00 00 00 00 00 00 00 00 00 00 00 00 00 00
2026-03-15T14:09:37.173377,34.276,can0  060  [32]  00 00 00 00 FB 2A 4D 08 3C 06 B8 10 00 00 10 0E FF 01 00 00 00 00 00 00 01 00 00 00 00 00 00 00
2026-03-15T14:09:37.174075,34.276,can0  204  [16]  28 58 C9 44 58 2A EE 50 4C 1D 30 75 30 75 00 00
2026-03-15T14:09:37.174423,34.277,can0  206  [24]  8F 0C A6 05 7F 0C D5 EF 94 05 8F 0C 7B 0C 00 00 00 00 00 00 00 00 00 00
2026-03-15T14:09:37.174736,34.277,can0  204  [16]  28 58 CB 44 52 2A C2 51 4C 1D 30 75 30 75 00 00
2026-03-15T14:09:37.174960,34.277,can0  133  [00]
2026-03-15T14:09:37.273189,34.376,can0  070  [20]  FB 2A 4D 08 E8 B0 62 03 A0 8C 00 00 09 15 00 00 0D 00 00 00
2026-03-15T14:09:37.274686,34.377,can0  204  [16]  28 58 C9 44 54 2A 8D 50 4C 1D 30 75 30 75 00 00
2026-03-15T14:09:37.274771,34.377,can0  040  [04]  33 00 07 00
2026-03-15T14:09:37.275520,34.378,can0  041  [04]  B5 00 10 00
2026-03-15T14:09:37.276499,34.379,can0  070  [20]  FB 2A 4D 08 E8 B0 62 03 A0 8C 00 00 09 15 00 00 0D 00 00 00
2026-03-15T14:09:37.277040,34.379,can0  204  [16]  28 58 C9 44 54 2A 8D 50 4C 1D 30 75 30 75 00 00
2026-03-15T14:09:37.373019,34.475,can0  040  [04]  33 00 07 00
2026-03-15T14:09:37.381731,34.484,can0  204  [16]  28 58 C7 44 4E 2A C0 50 4C 1D 30 75 30 75 00 00
2026-03-15T14:09:37.472602,34.575,can0  204  [16]  28 58 C7 44 4E 2A C0 50 4C 1D 30 75 30 75 00 00
2026-03-15T14:09:37.472887,34.575,can0  206  [24]  83 0C AA 05 83 0C D5 EF 92 05 8B 0C 83 0C 00 00 00 00 00 00 00 00 00 00
2026-03-15T14:09:37.473127,34.575,can0  204  [16]  28 58 C6 44 60 2A 67 50 4C 1D 30 75 30 75 00 00
2026-03-15T14:09:37.573748,34.676,can0  040  [04]  36 00 04 00
2026-03-15T14:09:37.573842,34.676,can0  041  [04]  C4 00 0B 00
2026-03-15T14:09:37.573905,34.676,can0  204  [16]  28 58 C6 44 60 2A 67 50 4C 1D 30 75 30 75 00 00
2026-03-15T14:09:37.575301,34.678,can0  070  [20]  FD 2A 4D 08 E9 B0 62 03 88 90 00 00 09 15 00 00 1E 00 00 00
2026-03-15T14:09:37.576219,34.679,can0  040  [04]  36 00 04 00
2026-03-15T14:09:37.673585,34.776,can0  070  [20]  FD 2A 4D 08 E9 B0 62 03 88 90 00 00 09 15 00 00 1E 00 00 00
2026-03-15T14:09:37.674024,34.776,can0  060  [32]  00 00 00 00 00 00 00 00 00 00 00 00 00 00 00 00 00 00 00 00 00 00 00 00 00 00 00 00 00 00 00 00
2026-03-15T14:09:37.674401,34.777,can0  204  [16]  28 58 C9 44 5A 2A 45 51 4C 1D 30 75 30 75 00 00
2026-03-15T14:09:37.674682,34.777,can0  204  [16]  28 58 C8 44 60 2A 85 51 4C 1D 30 75 30 75 00 00
2026-03-15T14:09:37.675586,34.778,can0  070  [20]  FD 2A 4D 08 E9 B0 62 03 88 90 00 00 09 15 00 00 1E 00 00 00
2026-03-15T14:09:37.772063,34.874,can0  206  [24]  87 0C 9F 05 7F 0C B6 EF 90 05 93 0C 83 0C 00 00 00 00 00 00 00 00 00 00
2026-03-15T14:09:37.772343,34.875,can0  204  [16]  28 58 C9 44 58 2A F6 50 4C 1D 30 75 30 75 00 00
2026-03-15T14:09:37.772980,34.875,can0  040  [04]  43 00 07 00
2026-03-15T14:09:37.781799,34.884,can0  204  [16]  28 58 C9 44 58 2A F6 50 4C 1D 30 75 30 75 00 00
2026-03-15T14:09:37.781891,34.884,can0  041  [04]  CB 00 0D 00
2026-03-15T14:09:37.873399,34.976,can0  040  [04]  43 00 07 00
2026-03-15T14:09:37.884374,34.987,can0  204  [16]  28 58 C8 44 5C 2A 0A 51 4C 1D 30 75 30 75 00 00
2026-03-15T14:09:37.971887,35.074,can0  204  [16]  28 58 C8 44 5C 2A 0A 51 4C 1D 30 75 30 75 00 00
2026-03-15T14:09:37.972584,35.075,can0  100  [03]  CC 57 04
2026-03-15T14:09:37.973153,35.076,can0  120  [04]  00 00 00 00
2026-03-15T14:09:37.973518,35.076,can0  204  [16]  28 58 C8 44 60 2A C9 4E 4C 1D 30 75 30 75 00 00
2026-03-15T14:09:37.973879,35.076,can0  206  [24]  8B 0C AA 05 7B 0C 96 EF 8E 05 93 0C 83 0C 00 00 00 00 00 00 00 00 00 00
2026-03-15T14:09:38.072730,35.175,can0  204  [16]  28 58 C6 44 54 2A 10 4F 4C 1D 30 75 30 75 00 00
2026-03-15T14:09:38.073049,35.175,can0  041  [04]  C2 00 0F 00
2026-03-15T14:09:38.073694,35.176,can0  040  [04]  51 00 0A 00
2026-03-15T14:09:38.074074,35.176,can0  204  [16]  28 58 C6 44 54 2A 10 4F 4C 1D 30 75 30 75 00 00
2026-03-15T14:09:38.173274,35.276,can0  060  [32]  00 00 00 00 FD 2A 4D 08 3E 06 B8 10 00 00 10 0E FF 01 00 00 00 00 00 00 01 00 00 00 00 00 00 00
2026-03-15T14:09:38.176124,35.279,can0  040  [04]  51 00 0A 00
2026-03-15T14:09:38.176237,35.279,can0  204  [16]  28 58 CB 44 5C 2A EA 4E 4C 1D 30 75 30 75 00 00
2026-03-15T14:09:38.176314,35.279,can0  070  [20]  FD 2A 4D 08 E9 B0 62 03 88 90 00 00 09 15 00 00 1E 00 00 00
2026-03-15T14:09:38.271810,35.374,can0  204  [16]  28 58 CB 44 5C 2A EA 4E 4C 1D 30 75 30 75 00 00
2026-03-15T14:09:38.272305,35.375,can0  206  [24]  83 0C AA 05 77 0C D5 EF 90 05 9B 0C 87 0C 00 00 00 00 00 00 00 00 00 00
2026-03-15T14:09:38.272637,35.375,can0  204  [16]  28 58 C7 44 56 2A A5 4E 4C 1D 30 75 30 75 00 00
2026-03-15T14:09:38.274213,35.377,can0  070  [20]  FD 2A 4D 08 E9 B0 62 03 88 90 00 00 09 15 00 00 1E 00 00 00
2026-03-15T14:09:38.372308,35.475,can0  040  [04]  52 00 0B 00
2026-03-15T14:09:38.373927,35.476,can0  041  [04]  C7 00 0E 00
2026-03-15T14:09:38.374004,35.476,can0  110  [02]  7E 1B
2026-03-15T14:09:38.374060,35.476,can0  204  [16]  28 58 C9 44 54 2A 44 4F 4C 1D 30 75 30 75 00 00
2026-03-15T14:09:38.374128,35.476,can0  040  [04]  52 00 0B 00
2026-03-15T14:09:38.374675,35.477,can0  204  [16]  28 58 C9 44 54 2A 44 4F 4C 1D 30 75 30 75 00 00
2026-03-15T14:09:38.472166,35.575,can0  204  [16]  28 58 C6 44 68 2A 13 50 4C 1D 30 75 30 75 00 00
2026-03-15T14:09:38.572217,35.675,can0  206  [24]  8F 0C AA 05 83 0C D5 EF 90 05 93 0C 7B 0C 00 00 00 00 00 00 00 00 00 00
2026-03-15T14:09:38.572569,35.675,can0  204  [16]  28 58 C6 44 68 2A 13 50 4C 1D 30 75 30 75 00 00
2026-03-15T14:09:38.574010,35.676,can0  070  [20]  FD 2A 4D 08 EB B0 62 03 70 94 00 00 09 15 00 00 25 00 00 00
2026-03-15T14:09:38.575379,35.678,can0  070  [20]  FD 2A 4D 08 EB B0 62 03 70 94 00 00 09 15 00 00 25 00 00 00
2026-03-15T14:09:38.589023,35.691,can0  040  [04]  58 00 0D 00
2026-03-15T14:09:38.589142,35.692,can0  204  [16]  28 58 C5 44 64 2A B2 4D 4C 1D 30 75 30 75 00 00
2026-03-15T14:09:38.589220,35.692,can0  041  [04]  DD 00 0E 00
2026-03-15T14:09:38.672041,35.774,can0  060  [32]  00 00 00 00 00 00 00 00 00 00 00 00 00 00 00 00 00 00 00 00 00 00 00 00 00 00 00 00 00 00 00 00
2026-03-15T14:09:38.672899,35.775,can0  040  [04]  58 00 0D 00
2026-03-15T14:09:38.673631,35.776,can0  204  [16]  28 58 C9 44 5E 2A 5C 4D 4C 1D 30 75 30 75 00 00
2026-03-15T14:09:38.772423,35.875,can0  204  [16]  28 58 C9 44 5E 2A 5C 4D 4C 1D 30 75 30 75 00 00
2026-03-15T14:09:38.773588,35.876,can0  070  [20]  FD 2A 4D 08 EB B0 62 03 70 94 00 00 09 15 00 00 25 00 00 00
2026-03-15T14:09:38.774258,35.877,can0  204  [16]  28 58 C9 44 54 2A 1D 4D 4C 1D 30 75 30 75 00 00
2026-03-15T14:09:38.774589,35.877,can0  206  [24]  83 0C AC 05 7F 0C D5 EF 90 05 8F 0C 7F 0C 00 00 00 00 00 00 00 00 00 00
2026-03-15T14:09:38.872407,35.975,can0  204  [16]  28 58 C8 44 56 2A 83 4D 4C 1D 30 75 30 75 00 00
2026-03-15T14:09:38.873087,35.975,can0  040  [04]  58 00 0E 00
2026-03-15T14:09:38.873849,35.976,can0  041  [04]  E8 00 0C 00
2026-03-15T14:09:38.873927,35.976,can0  204  [16]  28 58 C8 44 56 2A 83 4D 4C 1D 30 75 30 75 00 00
2026-03-15T14:09:38.974230,36.077,can0  040  [04]  58 00 0E 00
2026-03-15T14:09:38.974665,36.077,can0  204  [16]  28 58 C6 44 6C 2A 93 4F 4C 1D 30 75 30 75 00 00
2026-03-15T14:09:39.079626,36.182,can0  204  [16]  28 58 C6 44 6C 2A 93 4F 4C 1D 30 75 30 75 00 00
2026-03-15T14:09:39.080161,36.183,can0  206  [24]  8B 0C A8 05 7B 0C C5 EF 90 05 9B 0C 7B 0C 00 00 00 00 00 00 00 00 00 00
2026-03-15T14:09:39.092549,36.195,can0  204  [16]  28 58 C7 44 46 2A 09 4F 4C 1D 30 75 30 75 00 00
2026-03-15T14:09:39.171925,36.274,can0  060  [32]  00 00 00 00 00 00 00 00 00 00 00 00 00 00 00 00 00 00 00 00 00 00 00 00 00 00 00 00 00 00 00 00
2026-03-15T14:09:39.172718,36.275,can0  040  [04]  4B 00 0C 00
2026-03-15T14:09:39.173096,36.275,can0  041  [04]  E8 00 0D 00
2026-03-15T14:09:39.174094,36.276,can0  100  [03]  DA 57 04
2026-03-15T14:09:39.174800,36.277,can0  120  [04]  00 00 00 00
2026-03-15T14:09:39.176552,36.279,can0  060  [32]  00 00 00 00 FD 2A 4D 08 40 06 B8 10 00 00 10 0E FF 01 00 00 00 00 00 00 01 00 00 00 00 00 00 00
2026-03-15T14:09:39.176636,36.279,can0  204  [16]  28 58 CB 44 5E 2A 23 4F 4C 1D 30 75 30 75 00 00
2026-03-15T14:09:39.177171,36.280,can0  040  [04]  4B 00 0C 00
2026-03-15T14:09:39.177849,36.280,can0  204  [16]  28 58 CB 44 5E 2A 23 4F 4C 1D 30 75 30 75 00 00
2026-03-15T14:09:39.272974,36.375,can0  070  [20]  FD 2A 4D 08 EB B0 62 03 70 94 00 00 09 15 00 00 25 00 00 00
2026-03-15T14:09:39.273358,36.376,can0  204  [16]  28 58 CA 44 4C 2A 8B 4E 4C 1D 30 75 30 75 00 00
2026-03-15T14:09:39.274201,36.377,can0  070  [20]  FD 2A 4D 08 EB B0 62 03 70 94 00 00 09 15 00 00 25 00 00 00
2026-03-15T14:09:39.372691,36.475,can0  206  [24]  87 0C AC 05 7F 0C C5 EF 92 05 8F 0C 7F 0C 00 00 00 00 00 00 00 00 00 00
2026-03-15T14:09:39.373009,36.475,can0  204  [16]  28 58 CA 44 4C 2A 8B 4E 4C 1D 30 75 30 75 00 00
2026-03-15T14:09:39.373670,36.476,can0  204  [16]  28 58 C6 44 5E 2A 03 4F 4C 1D 30 75 30 75 00 00
2026-03-15T14:09:39.373748,36.476,can0  041  [04]  E4 00 0C 00
2026-03-15T14:09:39.374471,36.477,can0  040  [04]  2F 00 0A 00
2026-03-15T14:09:39.476210,36.579,can0  040  [04]  2F 00 0A 00
2026-03-15T14:09:39.485505,36.588,can0  204  [16]  28 58 C6 44 4E 2A D9 4E 4C 1D 30 75 30 75 00 00
2026-03-15T14:09:39.485611,36.588,can0  204  [16]  28 58 C6 44 4E 2A D9 4E 4C 1D 30 75 30 75 00 00
2026-03-15T14:09:39.572795,36.675,can0  204  [16]  28 58 C6 44 4E 2A D9 4E 4C 1D 30 75 30 75 00 00
2026-03-15T14:09:39.580501,36.683,can0  206  [24]  8F 0C AC 05 73 0C C5 EF 92 05 93 0C 83 0C 00 00 00 00 00 00 00 00 00 00
2026-03-15T14:09:39.582213,36.685,can0  070  [20]  FD 2A 4D 08 EB B0 62 03 58 98 00 00 09 15 00 00 2E 00 00 00
2026-03-15T14:09:39.673530,36.776,can0  070  [20]  FD 2A 4D 08 EB B0 62 03 58 98 00 00 09 15 00 00 2E 00 00 00
2026-03-15T14:09:39.673874,36.776,can0  060  [32]  00 00 00 00 00 00 00 00 00 00 00 00 00 00 00 00 00 00 00 00 00 00 00 00 00 00 00 00 00 00 00 00
2026-03-15T14:09:39.674239,36.777,can0  204  [16]  28 58 C8 44 6C 2A D6 4E 4C 1D 30 75 30 75 00 00
2026-03-15T14:09:39.675014,36.777,can0  040  [04]  1E 00 0C 00
2026-03-15T14:09:39.675328,36.778,can0  041  [04]  CD 00 0B 00
2026-03-15T14:09:39.677096,36.779,can0  204  [16]  28 58 C8 44 6C 2A D6 4E 4C 1D 30 75 30 75 00 00
2026-03-15T14:09:39.677204,36.780,can0  070  [20]  FD 2A 4D 08 EB B0 62 03 58 98 00 00 09 15 00 00 2E 00 00 00
2026-03-15T14:09:39.678187,36.781,can0  040  [04]  1E 00 0C 00
2026-03-15T14:09:39.772490,36.875,can0  204  [16]  28 58 C8 44 52 2A 61 4E 4C 1D 30 75 30 75 00 00
2026-03-15T14:09:39.872432,36.975,can0  204  [16]  28 58 C8 44 52 2A 61 4E 4C 1D 30 75 30 75 00 00
2026-03-15T14:09:39.872919,36.975,can0  206  [24]  87 0C A6 05 7F 0C D5 EF 92 05 8F 0C 83 0C 00 00 00 00 00 00 00 00 00 00
2026-03-15T14:09:39.873285,36.976,can0  204  [16]  28 58 C9 44 60 2A 5A 4F 4C 1D 30 75 30 75 00 00
2026-03-15T14:09:39.972411,37.075,can0  040  [04]  18 00 0B 00
2026-03-15T14:09:39.973305,37.076,can0  041  [04]  BE 00 0B 00
2026-03-15T14:09:39.973389,37.076,can0  110  [02]  81 1B
2026-03-15T14:09:39.973455,37.076,can0  204  [16]  28 58 C8 44 44 2A 75 4E 4C 1D 30 75 30 75 00 00
2026-03-15T14:09:39.974050,37.076,can0  040  [04]  18 00 0B 00
2026-03-15T14:09:39.974445,37.077,can0  204  [16]  28 58 C8 44 44 2A 75 4E 4C 1D 30 75 30 75 00 00
2026-03-15T14:09:40.072580,37.175,can0  204  [16]  28 58 C8 44 60 2A 13 4F 4C 1D 30 75 30 75 00 00
2026-03-15T14:09:40.072949,37.175,can0  206  [24]  8F 0C AA 05 77 0C D5 EF 92 05 A3 0C 7F 0C 00 00 00 00 00 00 00 00 00 00
2026-03-15T14:09:40.172211,37.275,can0  204  [16]  28 58 C8 44 60 2A 13 4F 4C 1D 30 75 30 75 00 00
2026-03-15T14:09:40.173575,37.276,can0  060  [32]  00 00 00 00 FD 2A 4D 08 40 06 B8 10 00 00 10 0E FF 01 00 00 00 00 00 00 01 00 00 00 00 00 00 00
2026-03-15T14:09:40.174250,37.277,can0  204  [16]  28 58 C1 44 52 2A BB 4E 4C 1D 30 75 30 75 00 00
2026-03-15T14:09:40.174938,37.277,can0  040  [04]  1C 00 0A 00
2026-03-15T14:09:40.176676,37.279,can0  041  [04]  C6 00 09 00
2026-03-15T14:09:40.176766,37.279,can0  070  [20]  FD 2A 4D 08 EB B0 62 03 58 98 00 00 09 15 00 00 2E 00 00 00
2026-03-15T14:09:40.272188,37.375,can0  204  [16]  28 58 C4 44 64 2A 66 4E 4C 1D 30 75 30 75 00 00
2026-03-15T14:09:40.272843,37.375,can0  040  [04]  1C 00 0A 00
2026-03-15T14:09:40.274511,37.377,can0  070  [20]  FD 2A 4D 08 EB B0 62 03 58 98 00 00 09 15 00 00 2E 00 00 00
2026-03-15T14:09:40.274942,37.377,can0  204  [16]  28 58 C4 44 64 2A 66 4E 4C 1D 30 75 30 75 00 00
2026-03-15T14:09:40.372875,37.475,can0  100  [03]  E2 57 04
2026-03-15T14:09:40.373633,37.476,can0  120  [04]  00 00 00 00
2026-03-15T14:09:40.373913,37.476,can0  204  [16]  28 58 C7 44 4A 2A 17 4F 4C 1D 30 75 30 75 00 00
2026-03-15T14:09:40.374172,37.477,can0  206  [24]  8B 0C AC 05 7B 0C 03 F0 8B 05 97 0C 83 0C 00 00 00 00 00 00 00 00 00 00
2026-03-15T14:09:40.472637,37.575,can0  204  [16]  28 58 C7 44 4A 2A 17 4F 4C 1D 30 75 30 75 00 00
2026-03-15T14:09:40.472850,37.575,can0  041  [04]  CD 00 09 00
2026-03-15T14:09:40.473518,37.576,can0  040  [04]  27 00 09 00
2026-03-15T14:09:40.474668,37.577,can0  204  [16]  28 58 C9 44 50 2A BA 4E 4C 1D 30 75 30 75 00 00
2026-03-15T14:09:40.572963,37.675,can0  040  [04]  27 00 09 00
2026-03-15T14:09:40.573823,37.676,can0  204  [16]  28 58 C9 44 50 2A BA 4E 4C 1D 30 75 30 75 00 00
2026-03-15T14:09:40.575438,37.678,can0  070  [20]  FD 2A 4D 08 ED B0 62 03 40 9C 00 00 09 15 00 00 32 00 00 00
2026-03-15T14:09:40.577004,37.679,can0  070  [20]  FD 2A 4D 08 ED B0 62 03 40 9C 00 00 09 15 00 00 31 00 00 00
2026-03-15T14:09:40.672538,37.775,can0  204  [16]  28 58 C7 44 4E 2A 53 4F 4C 1D 30 75 30 75 00 00
2026-03-15T14:09:40.672854,37.775,can0  060  [32]  00 00 00 00 00 00 00 00 00 00 00 00 00 00 00 00 00 00 00 00 00 00 00 00 00 00 00 00 00 00 00 00
2026-03-15T14:09:40.673257,37.776,can0  206  [24]  8B 0C AA 05 7B 0C D5 EF 92 05 8F 0C 7F 0C 00 00 00 00 00 00 00 00 00 00
2026-03-15T14:09:40.673589,37.776,can0  204  [16]  28 58 C5 44 4A 2A 94 4E 4C 1D 30 75 30 75 00 00
2026-03-15T14:09:40.675077,37.777,can0  070  [20]  FD 2A 4D 08 ED B0 62 03 40 9C 00 00 09 15 00 00 31 00 00 00
2026-03-15T14:09:40.773051,37.875,can0  040  [04]  34 00 0A 00
2026-03-15T14:09:40.773543,37.876,can0  041  [04]  D8 00 08 00
2026-03-15T14:09:40.774598,37.877,can0  204  [16]  28 58 CA 44 4E 2A 69 4F 4C 1D 30 75 30 75 00 00
2026-03-15T14:09:40.774698,37.877,can0  040  [04]  34 00 0A 00
2026-03-15T14:09:40.775081,37.877,can0  204  [16]  28 58 CA 44 4E 2A 69 4F 4C 1D 30 75 30 75 00 00
2026-03-15T14:09:40.886059,37.988,can0  204  [16]  28 58 C6 44 5A 2A 76 4F 4C 1D 30 75 30 75 00 00
2026-03-15T14:09:40.971931,38.074,can0  204  [16]  28 58 C6 44 5A 2A 76 4F 4C 1D 30 75 30 75 00 00
2026-03-15T14:09:40.972367,38.075,can0  206  [24]  87 0C AA 05 83 0C C5 EF 92 05 97 0C 7F 0C 00 00 00 00 00 00 00 00 00 00
2026-03-15T14:09:40.972768,38.075,can0  204  [16]  28 58 C2 44 56 2A BE 4F 4C 1D 30 75 30 75 00 00
2026-03-15T14:09:40.973943,38.076,can0  040  [04]  2F 00 0C 00
2026-03-15T14:09:40.982356,38.085,can0  041  [04]  E0 00 0C 00
2026-03-15T14:09:41.071954,38.174,can0  204  [16]  28 58 C2 44 56 2A F1 4E 4C 1D 30 75 30 75 00 00
2026-03-15T14:09:41.074484,38.177,can0  040  [04]  2F 00 0C 00
2026-03-15T14:09:41.074595,38.177,can0  204  [16]  28 58 C2 44 56 2A F1 4E 4C 1D 30 75 30 75 00 00
2026-03-15T14:09:41.172601,38.275,can0  060  [32]  00 00 00 00 00 00 00 00 00 00 00 00 00 00 00 00 00 00 00 00 00 00 00 00 00 00 00 00 00 00 00 00
2026-03-15T14:09:41.173057,38.275,can0  204  [16]  28 58 C6 44 38 2A E6 4E 4C 1D 30 75 30 75 00 00
2026-03-15T14:09:41.174111,38.276,can0  206  [24]  8F 0C AA 05 6F 0C D5 EF 90 05 A3 0C 7B 0C 00 00 00 00 00 00 00 00 00 00
2026-03-15T14:09:41.175318,38.278,can0  060  [32]  00 00 00 00 FD 2A 4D 08 41 06 B8 10 00 00 10 0E FF 01 00 00 00 00 00 00 01 00 00 00 00 00 00 00
2026-03-15T14:09:41.185241,38.288,can0  070  [20]  FD 2A 4D 08 ED B0 62 03 40 9C 00 00 09 15 00 00 31 00 00 00
2026-03-15T14:09:41.272582,38.375,can0  204  [16]  28 58 C6 44 38 2A E6 4E 4C 1D 30 75 30 75 00 00
2026-03-15T14:09:41.273276,38.376,can0  040  [04]  2E 00 0E 00
2026-03-15T14:09:41.273638,38.376,can0  041  [04]  E4 00 0C 00
2026-03-15T14:09:41.275894,38.378,can0  204  [16]  28 58 C9 44 4C 2A 76 4E 4C 1D 30 75 30 75 00 00
2026-03-15T14:09:41.275965,38.378,can0  070  [20]  FD 2A 4D 08 ED B0 62 03 40 9C 00 00 09 15 00 00 31 00 00 00
2026-03-15T14:09:41.372259,38.475,can0  040  [04]  2E 00 0E 00
2026-03-15T14:09:41.373414,38.476,can0  204  [16]  28 58 C6 44 42 2A 43 4E 4C 1D 30 75 30 75 00 00
2026-03-15T14:09:41.373501,38.476,can0  204  [16]  28 58 C6 44 42 2A 43 4E 4C 1D 30 75 30 75 00 00
2026-03-15T14:09:41.472651,38.575,can0  206  [24]  87 0C AA 05 83 0C C5 EF 90 05 93 0C 7F 0C 00 00 00 00 00 00 00 00 00 00
2026-03-15T14:09:41.473010,38.575,can0  204  [16]  28 58 C8 44 5A 2A E5 4E 4C 1D 30 75 30 75 00 00
2026-03-15T14:09:41.572434,38.675,can0  040  [04]  23 00 0C 00
2026-03-15T14:09:41.573592,38.676,can0  204  [16]  28 58 C8 44 5A 2A E5 4E 4C 1D 30 75 30 75 00 00
2026-03-15T14:09:41.573673,38.676,can0  041  [04]  E4 00 0E 00
2026-03-15T14:09:41.574306,38.677,can0  100  [03]  E8 57 04
2026-03-15T14:09:41.574596,38.677,can0  110  [02]  7F 1B
2026-03-15T14:09:41.575153,38.678,can0  120  [04]  00 00 00 00
2026-03-15T14:09:41.575798,38.678,can0  040  [04]  23 00 0C 00
2026-03-15T14:09:41.577608,38.680,can0  204  [16]  28 58 C8 44 42 2A 21 4E 4C 1D 30 75 30 75 00 00
2026-03-15T14:09:41.577672,38.680,can0  070  [20]  FD 2A 4D 08 EE B0 62 03 28 A0 00 00 09 15 00 00 0F 00 00 00
2026-03-15T14:09:41.672779,38.775,can0  070  [20]  FD 2A 4D 08 EE B0 62 03 28 A0 00 00 09 15 00 00 0F 00 00 00
2026-03-15T14:09:41.673335,38.776,can0  204  [16]  28 58 C5 44 4E 2A 92 4F 4C 1D 30 75 30 75 00 00
2026-03-15T14:09:41.673629,38.776,can0  060  [32]  00 00 00 00 00 00 00 00 00 00 00 00 00 00 00 00 00 00 00 00 00 00 00 00 00 00 00 00 00 00 00 00
2026-03-15T14:09:41.674492,38.777,can0  070  [20]  FD 2A 4D 08 EE B0 62 03 28 A0 00 00 09 15 00 00 0F 00 00 00
2026-03-15T14:09:41.772502,38.875,can0  204  [16]  28 58 C5 44 4E 2A 92 4F 4C 1D 30 75 30 75 00 00
2026-03-15T14:09:41.772805,38.875,can0  206  [24]  87 0C AE 05 7B 0C D5 EF 8E 05 97 0C 83 0C 00 00 00 00 00 00 00 00 00 00
2026-03-15T14:09:41.773043,38.875,can0  204  [16]  28 58 C5 44 44 2A F2 4F 4C 1D 30 75 30 75 00 00
2026-03-15T14:09:41.774045,38.876,can0  041  [04]  D8 00 0D 00
2026-03-15T14:09:41.774112,38.876,can0  040  [04]  28 00 0C 00
2026-03-15T14:09:41.872713,38.975,can0  040  [04]  28 00 0C 00
2026-03-15T14:09:41.873131,38.976,can0  204  [16]  28 58 C6 44 60 2A 23 50 4C 1D 30 75 30 75 00 00
2026-03-15T14:09:41.881233,38.984,can0  204  [16]  28 58 C6 44 60 2A 23 50 4C 1D 30 75 30 75 00 00
2026-03-15T14:09:41.972661,39.075,can0  204  [16]  28 58 CC 44 2D 2A AA 50 4C 1D 30 75 30 75 00 00
2026-03-15T14:09:41.973001,39.075,can0  206  [24]  8F 0C A6 05 7F 0C A6 EF 92 05 97 0C 7B 0C 00 00 00 00 00 00 00 00 00 00
2026-03-15T14:09:42.072519,39.175,can0  204  [16]  28 58 CC 44 2D 2A AA 50 4C 1D 30 75 30 75 00 00
2026-03-15T14:09:42.073272,39.176,can0  040  [04]  29 00 10 00
2026-03-15T14:09:42.073881,39.176,can0  041  [04]  D3 00 0B 00
2026-03-15T14:09:42.073964,39.176,can0  204  [16]  28 58 CC 44 5E 2A D5 4F 4C 1D 30 75 30 75 00 00
2026-03-15T14:09:42.083432,39.186,can0  040  [04]  29 00 10 00
2026-03-15T14:09:42.172837,39.275,can0  204  [16]  28 58 C2 44 40 2A F0 50 4C 1D 30 75 30 75 00 00
2026-03-15T14:09:42.174378,39.277,can0  060  [32]  00 00 00 00 FD 2A 4D 08 43 06 B8 10 00 00 10 0E FF 01 00 00 00 00 00 00 01 00 00 00 00 00 00 00
2026-03-15T14:09:42.175092,39.277,can0  204  [16]  28 58 C2 44 40 2A F0 50 4C 1D 30 75 30 75 00 00
2026-03-15T14:09:42.176378,39.279,can0  070  [20]  FD 2A 4D 08 EE B0 62 03 28 A0 00 00 09 15 00 00 0F 00 00 00
2026-03-15T14:09:42.274470,39.377,can0  206  [24]  83 0C AA 05 77 0C D5 EF 8E 05 97 0C 87 0C 00 00 00 00 00 00 00 00 00 00
2026-03-15T14:09:42.274880,39.377,can0  204  [16]  28 58 C5 44 56 2A D9 50 4C 1D 30 75 30 75 00 00
2026-03-15T14:09:42.276334,39.379,can0  070  [20]  FD 2A 4D 08 EE B0 62 03 28 A0 00 00 09 15 00 00 0F 00 00 00
2026-03-15T14:09:42.372417,39.475,can0  204  [16]  28 58 C5 44 56 2A D9 50 4C 1D 30 75 30 75 00 00
2026-03-15T14:09:42.373174,39.476,can0  040  [04]  23 00 12 00
2026-03-15T14:09:42.373708,39.476,can0  041  [04]  CE 00 0C 00
2026-03-15T14:09:42.374118,39.476,can0  204  [16]  28 58 C5 44 54 2A E2 4E 4C 1D 30 75 30 75 00 00
2026-03-15T14:09:42.374869,39.477,can0  040  [04]  23 00 12 00
2026-03-15T14:09:42.472275,39.575,can0  204  [16]  28 58 CA 44 40 2A 8B 4F 4C 1D 30 75 30 75 00 00
2026-03-15T14:09:42.472684,39.575,can0  206  [24]  87 0C B0 05 7F 0C E4 EF 92 05 9B 0C 7F 0C 00 00 00 00 00 00 00 00 00 00
2026-03-15T14:09:42.472991,39.575,can0  204  [16]  28 58 CA 44 40 2A 8B 4F 4C 1D 30 75 30 75 00 00
2026-03-15T14:09:42.572612,39.675,can0  204  [16]  28 58 CA 44 40 2A 8B 4F 4C 1D 30 75 30 75 00 00
2026-03-15T14:09:42.574077,39.676,can0  070  [20]  FE 2A 4D 08 F0 B0 62 03 10 A4 00 00 09 15 00 00 2C 00 00 00
2026-03-15T14:09:42.574832,39.677,can0  040  [04]  23 00 11 00
2026-03-15T14:09:42.576708,39.679,can0  041  [04]  CB 00 0C 00
2026-03-15T14:09:42.576771,39.679,can0  070  [20]  FE 2A 4D 08 F0 B0 62 03 10 A4 00 00 09 15 00 00 2C 00 00 00
2026-03-15T14:09:42.671983,39.774,can0  204  [16]  28 58 CA 44 3C 2A 30 50 4C 1D 30 75 30 75 00 00
2026-03-15T14:09:42.672701,39.775,can0  040  [04]  23 00 11 00
2026-03-15T14:09:42.673267,39.776,can0  060  [32]  00 00 00 00 00 00 00 00 00 00 00 00 00 00 00 00 00 00 00 00 00 00 00 00 00 00 00 00 00 00 00 00
2026-03-15T14:09:42.673347,39.776,can0  204  [16]  28 58 CA 44 3C 2A 30 50 4C 1D 30 75 30 75 00 00
2026-03-15T14:09:42.675017,39.777,can0  070  [20]  FE 2A 4D 08 F0 B0 62 03 10 A4 00 00 09 15 00 00 2C 00 00 00
2026-03-15T14:09:42.772765,39.875,can0  100  [03]  ED 57 04
2026-03-15T14:09:42.773451,39.876,can0  120  [04]  00 00 00 00
2026-03-15T14:09:42.773737,39.876,can0  204  [16]  28 58 C8 44 64 2A 7C 4F 4C 1D 30 75 30 75 00 00
2026-03-15T14:09:42.773995,39.876,can0  206  [24]  87 0C A8 05 77 0C E4 EF 92 05 9B 0C 83 0C 00 00 00 00 00 00 00 00 00 00
2026-03-15T14:09:42.774212,39.877,can0  204  [16]  28 58 C8 44 64 2A 7C 4F 4C 1D 30 75 30 75 00 00
2026-03-15T14:09:42.871943,39.974,can0  041  [04]  D1 00 0B 00
2026-03-15T14:09:42.872759,39.975,can0  040  [04]  20 00 11 00
2026-03-15T14:09:42.873159,39.976,can0  204  [16]  28 58 C9 44 4E 2A 40 4F 4C 1D 30 75 30 75 00 00
2026-03-15T14:09:42.874014,39.976,can0  040  [04]  20 00 11 00
2026-03-15T14:09:42.972285,40.075,can0  204  [16]  28 58 C8 44 56 2A 71 4F 4C 1D 30 75 30 75 00 00
2026-03-15T14:09:42.972538,40.075,can0  204  [16]  28 58 C8 44 56 2A 71 4F 4C 1D 30 75 30 75 00 00
2026-03-15T14:09:43.072017,40.174,can0  206  [24]  87 0C A3 05 7F 0C D5 EF 90 05 97 0C 7F 0C 00 00 00 00 00 00 00 00 00 00
2026-03-15T14:09:43.072286,40.175,can0  204  [16]  28 58 CA 44 5C 2A FE 4E 4C 1D 30 75 30 75 00 00
2026-03-15T14:09:43.172308,40.275,can0  204  [16]  28 58 CA 44 5C 2A FE 4E 4C 1D 30 75 30 75 00 00
2026-03-15T14:09:43.172529,40.275,can0  041  [04]  D6 00 0A 00
2026-03-15T14:09:43.173558,40.276,can0  040  [04]  1C 00 11 00
2026-03-15T14:09:43.173899,40.276,can0  110  [02]  7D 1B
2026-03-15T14:09:43.174228,40.277,can0  060  [32]  00 00 00 00 00 00 00 00 00 00 00 00 00 00 00 00 00 00 00 00 00 00 00 00 00 00 00 00 00 00 00 00
2026-03-15T14:09:43.174914,40.277,can0  040  [04]  1C 00 11 00
2026-03-15T14:09:43.176667,40.279,can0  204  [16]  28 58 C9 44 58 2A 6C 4F 4C 1D 30 75 30 75 00 00
2026-03-15T14:09:43.176753,40.279,can0  060  [32]  00 00 00 00 FE 2A 4D 08 45 06 B8 10 00 00 10 0E FF 01 00 00 00 00 00 00 01 00 00 00 00 00 00 00
2026-03-15T14:09:43.177942,40.280,can0  070  [20]  FE 2A 4D 08 F0 B0 62 03 10 A4 00 00 09 15 00 00 2C 00 00 00
2026-03-15T14:09:43.272434,40.375,can0  204  [16]  28 58 C9 44 68 2A 9C 4E 4C 1D 30 75 30 75 00 00
2026-03-15T14:09:43.273731,40.376,can0  070  [20]  FE 2A 4D 08 F0 B0 62 03 10 A4 00 00 09 15 00 00 2C 00 00 00
2026-03-15T14:09:43.274196,40.377,can0  204  [16]  28 58 C9 44 68 2A 9C 4E 4C 1D 30 75 30 75 00 00
2026-03-15T14:09:43.274485,40.377,can0  206  [24]  87 0C AA 05 83 0C 12 F0 81 05 93 0C 7F 0C 00 00 00 00 00 00 00 00 00 00
2026-03-15T14:09:43.372757,40.475,can0  204  [16]  28 58 C9 44 4A 2A 52 4F 4C 1D 30 75 30 75 00 00
2026-03-15T14:09:43.373652,40.476,can0  040  [04]  1F 00 10 00
2026-03-15T14:09:43.383112,40.485,can0  041  [04]  D6 00 0A 00
2026-03-15T14:09:43.472783,40.575,can0  204  [16]  28 58 C9 44 4A 2A 52 4F 4C 1D 30 75 30 75 00 00
2026-03-15T14:09:43.473677,40.576,can0  040  [04]  1F 00 10 00
2026-03-15T14:09:43.474865,40.577,can0  204  [16]  28 58 C9 44 60 2A 20 4F 4C 1D 30 75 30 75 00 00
2026-03-15T14:09:43.572193,40.675,can0  204  [16]  28 58 C9 44 60 2A 20 4F 4C 1D 30 75 30 75 00 00
2026-03-15T14:09:43.572570,40.675,can0  206  [24]  8B 0C AC 05 7B 0C D5 EF 92 05 9B 0C 7F 0C 00 00 00 00 00 00 00 00 00 00
2026-03-15T14:09:43.573729,40.676,can0  070  [20]  FE 2A 4D 08 F2 B0 62 03 F8 A7 00 00 09 15 00 00 21 00 00 00
2026-03-15T14:09:43.575069,40.677,can0  070  [20]  FE 2A 4D 08 F2 B0 62 03 F8 A7 00 00 09 15 00 00 21 00 00 00
2026-03-15T14:09:43.575440,40.678,can0  204  [16]  28 58 C7 44 3C 2A 04 4F 4C 1D 30 75 30 75 00 00
2026-03-15T14:09:43.673598,40.776,can0  040  [04]  1D 00 0E 00
2026-03-15T14:09:43.673691,40.776,can0  041  [04]  DE 00 09 00
2026-03-15T14:09:43.673759,40.776,can0  204  [16]  28 58 C4 44 62 2A 96 4E 4C 1D 30 75 30 75 00 00
2026-03-15T14:09:43.673925,40.776,can0  060  [32]  00 00 00 00 00 00 00 00 00 00 00 00 00 00 00 00 00 00 00 00 00 00 00 00 00 00 00 00 00 00 00 00
2026-03-15T14:09:43.773402,40.876,can0  070  [20]  FE 2A 4D 08 F2 B0 62 03 F8 A7 00 00 09 15 00 00 21 00 00 00
2026-03-15T14:09:43.774450,40.877,can0  040  [04]  1D 00 0E 00
2026-03-15T14:09:43.775687,40.878,can0  204  [16]  28 58 C4 44 3E 2A 61 4E 4C 1D 30 75 30 75 00 00
2026-03-15T14:09:43.775770,40.878,can0  204  [16]  28 58 C4 44 3E 2A 61 4E 4C 1D 30 75 30 75 00 00
2026-03-15T14:09:43.880139,40.983,can0  206  [24]  93 0C B3 05 83 0C E4 EF 90 05 87 0C 7F 0C 00 00 00 00 00 00 00 00 00 00
2026-03-15T14:09:43.880814,40.983,can0  204  [16]  28 58 C6 44 64 2A 61 4D 4C 1D 30 75 30 75 00 00
2026-03-15T14:09:43.880892,40.983,can0  204  [16]  28 58 C6 44 64 2A 61 4D 4C 1D 30 75 30 75 00 00
2026-03-15T14:09:43.881676,40.984,can0  040  [04]  18 00 0D 00
2026-03-15T14:09:43.991217,41.094,can0  041  [04]  E4 00 09 00
2026-03-15T14:09:43.992163,41.095,can0  100  [03]  F3 57 04
2026-03-15T14:09:43.992851,41.095,can0  120  [04]  00 00 00 00
2026-03-15T14:09:43.993250,41.096,can0  204  [16]  28 58 CE 44 46 2A B6 4C 4C 1D 30 75 30 75 00 00
2026-03-15T14:09:43.994975,41.097,can0  040  [04]  18 00 0D 00
2026-03-15T14:09:44.054140,41.157,can0  204  [16]  28 58 CE 44 6A 2A 73 4D 4C 1D 30 75 30 75 00 00
2026-03-15T14:09:44.054251,41.157,can0  204  [16]  28 58 CE 44 6A 2A 73 4D 4C 1D 30 75 30 75 00 00
2026-03-15T14:09:44.054568,41.157,can0  206  [24]  83 0C AA 05 7B 0C C5 EF 94 05 A7 0C 83 0C 00 00 00 00 00 00 00 00 00 00
2026-03-15T14:09:44.163675,41.266,can0  204  [16]  28 58 CB 44 3E 2A 84 4F 4C 1D 30 75 30 75 00 00
2026-03-15T14:09:44.163951,41.266,can0  041  [04]  E4 00 0A 00
2026-03-15T14:09:44.165573,41.268,can0  060  [32]  00 00 00 00 FE 2A 4D 08 46 06 B8 10 00 00 10 0E FF 01 00 00 00 00 00 00 01 00 00 00 00 00 00 00
2026-03-15T14:09:44.166728,41.269,can0  040  [04]  18 00 0D 00
2026-03-15T14:09:44.173733,41.276,can0  204  [16]  28 58 CB 44 3E 2A 84 4F 4C 1D 30 75 30 75 00 00
2026-03-15T14:09:44.273904,41.376,can0  070  [20]  FE 2A 4D 08 F2 B0 62 03 F8 A7 00 00 09 15 00 00 21 00 00 00
2026-03-15T14:09:44.275127,41.378,can0  040  [04]  18 00 0D 00
2026-03-15T14:09:44.275841,41.378,can0  204  [16]  28 58 C5 44 52 2A C4 4D 4C 1D 30 75 30 75 00 00
2026-03-15T14:09:44.277148,41.380,can0  070  [20]  FE 2A 4D 08 F2 B0 62 03 F8 A7 00 00 09 15 00 00 21 00 00 00
2026-03-15T14:09:44.376440,41.479,can0  204  [16]  28 58 C3 44 42 2A 40 4F 4C 1D 30 75 30 75 00 00
2026-03-15T14:09:44.376584,41.479,can0  206  [24]  8B 0C AA 05 7F 0C D5 EF 90 05 97 0C 7B 0C 00 00 00 00 00 00 00 00 00 00
2026-03-15T14:09:44.376844,41.479,can0  204  [16]  28 58 C3 44 42 2A 40 4F 4C 1D 30 75 30 75 00 00
2026-03-15T14:09:44.473138,41.576,can0  040  [04]  18 00 0D 00
2026-03-15T14:09:44.473850,41.576,can0  041  [04]  D8 00 09 00
2026-03-15T14:09:44.474233,41.577,can0  204  [16]  28 58 C4 44 54 2A BE 4E 4C 1D 30 75 30 75 00 00
2026-03-15T14:09:44.475215,41.578,can0  040  [04]  18 00 0D 00
2026-03-15T14:09:44.487970,41.590,can0  204  [16]  28 58 C4 44 54 2A BE 4E 4C 1D 30 75 30 75 00 00
2026-03-15T14:09:44.571886,41.674,can0  204  [16]  28 58 C8 44 52 2A 4B 4F 4C 1D 30 75 30 75 00 00
2026-03-15T14:09:44.572961,41.675,can0  070  [20]  FE 2A 4D 08 F2 B0 62 03 E0 AB 00 00 09 15 00 00 41 00 00 00
2026-03-15T14:09:44.581637,41.684,can0  070  [20]  FE 2A 4D 08 F2 B0 62 03 E0 AB 00 00 09 15 00 00 40 00 00 00
2026-03-15T14:09:44.672147,41.775,can0  206  [24]  8F 0C A8 05 7B 0C C5 EF 8E 05 97 0C 7B 0C 00 00 00 00 00 00 00 00 00 00
2026-03-15T14:09:44.672514,41.775,can0  204  [16]  28 58 CB 44 54 2A 4F 4F 4C 1D 30 75 30 75 00 00
2026-03-15T14:09:44.672802,41.775,can0  060  [32]  00 00 00 00 00 00 00 00 00 00 00 00 00 00 00 00 00 00 00 00 00 00 00 00 00 00 00 00 00 00 00 00
2026-03-15T14:09:44.673096,41.775,can0  204  [16]  28 58 CB 44 54 2A 4F 4F 4C 1D 30 75 30 75 00 00
2026-03-15T14:09:44.773414,41.876,can0  070  [20]  FE 2A 4D 08 F2 B0 62 03 E0 AB 00 00 09 15 00 00 40 00 00 00
2026-03-15T14:09:44.774257,41.877,can0  040  [04]  11 00 0E 00
2026-03-15T14:09:44.774630,41.877,can0  041  [04]  DF 00 0A 00
2026-03-15T14:09:44.774920,41.877,can0  110  [02]  7E 1B
2026-03-15T14:09:44.775282,41.878,can0  204  [16]  28 58 C9 44 54 2A 5A 4E 4C 1D 30 75 30 75 00 00
2026-03-15T14:09:44.776085,41.878,can0  040  [04]  11 00 0E 00
2026-03-15T14:09:44.872646,41.975,can0  204  [16]  28 58 C9 44 54 2A 5A 4E 4C 1D 30 75 30 75 00 00
2026-03-15T14:09:44.872903,41.975,can0  204  [16]  28 58 C4 44 46 2A BE 4E 4C 1D 30 75 30 75 00 00
2026-03-15T14:09:44.873168,41.976,can0  206  [24]  83 0C AA 05 7B 0C C5 EF 92 05 9B 0C 83 0C 00 00 00 00 00 00 00 00 00 00
2026-03-15T14:09:44.972649,42.075,can0  204  [16]  28 58 C3 44 54 2A B9 4D 4C 1D 30 75 30 75 00 00
2026-03-15T14:09:44.982524,42.085,can0  040  [04]  0B 00 0F 00
2026-03-15T14:09:44.982614,42.085,can0  041  [04]  E4 00 0A 00
2026-03-15T14:09:44.982682,42.085,can0  204  [16]  28 58 C3 44 54 2A B9 4D 4C 1D 30 75 30 75 00 00
2026-03-15T14:09:45.073313,42.176,can0  040  [04]  0B 00 0F 00
2026-03-15T14:09:45.073632,42.176,can0  204  [16]  28 58 C6 44 54 2A 47 4F 4C 1D 30 75 30 75 00 00
2026-03-15T14:09:45.172858,42.275,can0  206  [24]  A3 0C AA 05 6B 0C C5 EF 92 05 8F 0C 7F 0C 00 00 00 00 00 00 00 00 00 00
2026-03-15T14:09:45.173192,42.276,can0  204  [16]  28 58 C9 44 60 2A E9 4E 4C 1D 30 75 30 75 00 00
2026-03-15T14:09:45.173834,42.276,can0  100  [03]  F8 57 04
2026-03-15T14:09:45.174395,42.277,can0  120  [04]  00 00 00 00
2026-03-15T14:09:45.174703,42.277,can0  060  [32]  00 00 00 00 00 00 00 00 00 00 00 00 00 00 00 00 00 00 00 00 00 00 00 00 00 00 00 00 00 00 00 00
2026-03-15T14:09:45.175039,42.277,can0  204  [16]  28 58 C9 44 60 2A E9 4E 4C 1D 30 75 30 75 00 00
2026-03-15T14:09:45.273062,42.375,can0  060  [32]  00 00 00 00 FE 2A 4D 08 46 06 B8 10 00 00 10 0E FF 01 00 00 00 00 00 00 01 00 00 00 00 00 00 00
2026-03-15T14:09:45.274338,42.377,can0  070  [20]  FE 2A 4D 08 F2 B0 62 03 E0 AB 00 00 09 15 00 00 40 00 00 00
2026-03-15T14:09:45.275010,42.377,can0  041  [04]  DC 00 08 00
2026-03-15T14:09:45.275987,42.378,can0  204  [16]  28 58 C8 44 66 2A 79 4E 4C 1D 30 75 30 75 00 00
2026-03-15T14:09:45.276040,42.378,can0  040  [04]  0B 00 0F 00
2026-03-15T14:09:45.277386,42.380,can0  070  [20]  FE 2A 4D 08 F2 B0 62 03 E0 AB 00 00 09 15 00 00 40 00 00 00
2026-03-15T14:09:45.278513,42.381,can0  040  [04]  0B 00 0F 00
2026-03-15T14:09:45.279284,42.382,can0  204  [16]  28 58 C8 44 66 2A 79 4E 4C 1D 30 75 30 75 00 00
2026-03-15T14:09:45.372730,42.475,can0  204  [16]  28 58 C6 44 23 2A 27 4E 4C 1D 30 75 30 75 00 00
2026-03-15T14:09:45.472417,42.575,can0  206  [24]  87 0C A8 05 83 0C D5 EF 92 05 93 0C 7F 0C 00 00 00 00 00 00 00 00 00 00
2026-03-15T14:09:45.472792,42.575,can0  204  [16]  28 58 C5 44 78 2A 8D 4F 4C 1D 30 75 30 75 00 00
2026-03-15T14:09:45.473243,42.576,can0  204  [16]  28 58 C5 44 78 2A 8D 4F 4C 1D 30 75 30 75 00 00
2026-03-15T14:09:45.574536,42.677,can0  040  [04]  1A 00 10 00
2026-03-15T14:09:45.574631,42.677,can0  041  [04]  DF 00 0B 00
2026-03-15T14:09:45.574698,42.677,can0  204  [16]  28 58 C5 44 78 2A 8D 4F 4C 1D 30 75 30 75 00 00
2026-03-15T14:09:45.574760,42.677,can0  040  [04]  1A 00 10 00
2026-03-15T14:09:45.576045,42.678,can0  070  [20]  FE 2A 4D 08 F3 B0 62 03 C8 AF 00 00 09 15 00 00 1C 00 00 00
2026-03-15T14:09:45.577748,42.680,can0  070  [20]  FE 2A 4D 08 F3 B0 62 03 C8 AF 00 00 09 15 00 00 1C 00 00 00
2026-03-15T14:09:45.672031,42.774,can0  204  [16]  28 58 C4 44 38 2A E6 4E 4C 1D 30 75 30 75 00 00
2026-03-15T14:09:45.672307,42.775,can0  204  [16]  28 58 C9 44 5C 2A E7 4D 4C 1D 30 75 30 75 00 00
2026-03-15T14:09:45.672640,42.775,can0  206  [24]  9B 0C AE 05 77 0C D5 EF 90 05 97 0C 73 0C 00 00 00 00 00 00 00 00 00 00
2026-03-15T14:09:45.673635,42.776,can0  070  [20]  FE 2A 4D 08 F3 B0 62 03 C8 AF 00 00 09 15 00 00 1C 00 00 00
2026-03-15T14:09:45.772270,42.875,can0  060  [32]  00 00 00 00 00 00 00 00 00 00 00 00 00 00 00 00 00 00 00 00 00 00 00 00 00 00 00 00 00 00 00 00
2026-03-15T14:09:45.772645,42.875,can0  204  [16]  28 58 C6 44 58 2A C4 4E 4C 1D 30 75 30 75 00 00
2026-03-15T14:09:45.773524,42.876,can0  040  [04]  1F 00 10 00
2026-03-15T14:09:45.774060,42.876,can0  041  [04]  DA 00 0D 00
2026-03-15T14:09:45.774353,42.877,can0  204  [16]  28 58 C6 44 58 2A C4 4E 4C 1D 30 75 30 75 00 00
2026-03-15T14:09:45.872552,42.975,can0  040  [04]  1F 00 10 00
2026-03-15T14:09:45.882097,42.984,can0  204  [16]  28 58 C8 44 58 2A 4A 4E 4C 1D 30 75 30 75 00 00
2026-03-15T14:09:45.972008,43.074,can0  204  [16]  28 58 C8 44 58 2A 4A 4E 4C 1D 30 75 30 75 00 00
2026-03-15T14:09:45.972310,43.075,can0  206  [24]  97 0C AA 05 7B 0C D5 EF 92 05 97 0C 77 0C 00 00 00 00 00 00 00 00 00 00
2026-03-15T14:09:45.972565,43.075,can0  204  [16]  28 58 C4 44 66 2A 79 4D 4C 1D 30 75 30 75 00 00
2026-03-15T14:09:46.073436,43.176,can0  040  [04]  1F 00 10 00
2026-03-15T14:09:46.074567,43.177,can0  204  [16]  28 58 C9 44 50 2A A7 4D 4C 1D 30 75 30 75 00 00
2026-03-15T14:09:46.074655,43.177,can0  041  [04]  C6 00 0D 00
2026-03-15T14:09:46.074717,43.177,can0  204  [16]  28 58 C9 44 50 2A A7 4D 4C 1D 30 75 30 75 00 00
2026-03-15T14:09:46.075261,43.178,can0  040  [04]  1F 00 10 00
2026-03-15T14:09:46.172302,43.275,can0  204  [16]  28 58 C7 44 58 2A 14 4E 4C 1D 30 75 30 75 00 00
2026-03-15T14:09:46.174015,43.276,can0  070  [20]  FE 2A 4D 08 F3 B0 62 03 C8 AF 00 00 09 15 00 00 1C 00 00 00
2026-03-15T14:09:46.271944,43.374,can0  206  [24]  8B 0C A6 05 7B 0C D5 EF 90 05 97 0C 83 0C 00 00 00 00 00 00 00 00 00 00
2026-03-15T14:09:46.272305,43.375,can0  060  [32]  00 00 00 00 00 00 00 00 00 00 00 00 00 00 00 00 00 00 00 00 00 00 00 00 00 00 00 00 00 00 00 00
2026-03-15T14:09:46.272642,43.375,can0  204  [16]  28 58 CC 44 6C 2A B7 4D 4C 1D 30 75 30 75 00 00
2026-03-15T14:09:46.273712,43.376,can0  060  [32]  00 00 00 00 FE 2A 4D 08 48 06 B8 10 00 00 10 0E FF 01 00 00 00 00 00 00 01 00 00 00 00 00 00 00
2026-03-15T14:09:46.275103,43.377,can0  070  [20]  FE 2A 4D 08 F3 B0 62 03 C8 AF 00 00 09 15 00 00 1C 00 00 00
2026-03-15T14:09:46.275650,43.378,can0  204  [16]  28 58 CC 44 6C 2A B7 4D 4C 1D 30 75 30 75 00 00
2026-03-15T14:09:46.372078,43.474,can0  041  [04]  C1 00 0B 00
2026-03-15T14:09:46.372837,43.475,can0  040  [04]  1F 00 10 00
2026-03-15T14:09:46.373824,43.476,can0  100  [03]  FE 57 04
2026-03-15T14:09:46.374119,43.476,can0  110  [02]  7F 1B
2026-03-15T14:09:46.375467,43.478,can0  120  [04]  00 00 00 00
2026-03-15T14:09:46.375984,43.478,can0  204  [16]  28 58 C8 44 64 2A 62 4D 4C 1D 30 75 30 75 00 00
2026-03-15T14:09:46.377306,43.480,can0  040  [04]  1F 00 10 00
2026-03-15T14:09:46.377973,43.480,can0  204  [16]  28 58 C8 44 64 2A 62 4D 4C 1D 30 75 30 75 00 00
2026-03-15T14:09:46.486757,43.589,can0  204  [16]  28 58 CA 44 52 2A 3F 4D 4C 1D 30 75 30 75 00 00
2026-03-15T14:09:46.487155,43.590,can0  206  [24]  8B 0C AA 05 83 0C C5 EF 90 05 97 0C 7F 0C 00 00 00 00 00 00 00 00 00 00
2026-03-15T14:09:46.597601,43.700,can0  204  [16]  28 58 CA 44 52 2A 3F 4D 4C 1D 30 75 30 75 00 00
2026-03-15T14:09:46.599649,43.702,can0  041  [04]  DC 00 09 00
2026-03-15T14:09:46.599754,43.702,can0  070  [20]  FE 2A 4D 08 F5 B0 62 03 B0 B3 00 00 09 15 00 00 16 00 00 00
2026-03-15T14:09:46.600935,43.703,can0  040  [04]  1F 00 10 00
2026-03-15T14:09:46.603075,43.705,can0  204  [16]  28 58 C4 44 3E 2A CE 4D 4C 1D 30 75 30 75 00 00
2026-03-15T14:09:46.603181,43.706,can0  070  [20]  FE 2A 4D 08 F5 B0 62 03 B0 B3 00 00 09 15 00 00 16 00 00 00
2026-03-15T14:09:46.679216,43.782,can0  040  [04]  1F 00 10 00
2026-03-15T14:09:46.689378,43.792,can0  204  [16]  28 58 C8 44 54 2A F6 4D 4C 1D 30 75 30 75 00 00
2026-03-15T14:09:46.773547,43.876,can0  070  [20]  FE 2A 4D 08 F5 B0 62 03 B0 B3 00 00 09 15 00 00 16 00 00 00
2026-03-15T14:09:46.773822,43.876,can0  204  [16]  28 58 C8 44 54 2A F6 4D 4C 1D 30 75 30 75 00 00
2026-03-15T14:09:46.774039,43.876,can0  060  [32]  00 00 00 00 00 00 00 00 00 00 00 00 00 00 00 00 00 00 00 00 00 00 00 00 00 00 00 00 00 00 00 00
2026-03-15T14:09:46.774347,43.877,can0  206  [24]  87 0C A6 05 7B 0C D5 EF 90 05 93 0C 83 0C 00 00 00 00 00 00 00 00 00 00
2026-03-15T14:09:46.774584,43.877,can0  204  [16]  28 58 C5 44 58 2A 86 4D 4C 1D 30 75 30 75 00 00
2026-03-15T14:09:46.872436,43.975,can0  040  [04]  1F 00 10 00
2026-03-15T14:09:46.873177,43.976,can0  204  [16]  28 58 C9 44 6C 2A E9 4C 4C 1D 30 75 30 75 00 00
2026-03-15T14:09:46.873551,43.976,can0  041  [04]  DF 00 0C 00
2026-03-15T14:09:46.874183,43.977,can0  040  [04]  1F 00 10 00
2026-03-15T14:09:46.874715,43.977,can0  204  [16]  28 58 C9 44 6C 2A E9 4C 4C 1D 30 75 30 75 00 00
2026-03-15T14:09:46.972357,44.075,can0  204  [16]  28 58 CB 44 50 2A 85 4F 4C 1D 30 75 30 75 00 00
2026-03-15T14:09:46.972611,44.075,can0  132  [00]
2026-03-15T14:09:47.072411,44.175,can0  204  [16]  28 58 CB 44 50 2A 85 4F 4C 1D 30 75 30 75 00 00
2026-03-15T14:09:47.072772,44.175,can0  206  [24]  8B 0C A8 05 77 0C C5 EF 8E 05 97 0C 7F 0C 00 00 00 00 00 00 00 00 00 00
2026-03-15T14:09:47.073086,44.175,can0  204  [16]  28 58 CB 44 66 2A FB 4D 4C 1D 30 75 30 75 00 00
2026-03-15T14:09:47.073836,44.176,can0  040  [04]  21 00 0E 00
2026-03-15T14:09:47.172526,44.275,can0  041  [04]  D7 00 0B 00
2026-03-15T14:09:47.172776,44.275,can0  133  [00]
2026-03-15T14:09:47.173139,44.276,can0  204  [16]  28 58 C5 44 4C 2A 87 4C 4C 1D 30 75 30 75 00 00
2026-03-15T14:09:47.174075,44.276,can0  040  [04]  21 00 0E 00
2026-03-15T14:09:47.179004,44.281,can0  204  [16]  28 58 C5 44 4C 2A 87 4C 4C 1D 30 75 30 75 00 00
2026-03-15T14:09:47.279588,44.382,can0  070  [20]  FE 2A 4D 08 F5 B0 62 03 B0 B3 00 00 09 15 00 00 16 00 00 00
2026-03-15T14:09:47.280725,44.383,can0  060  [32]  00 00 00 00 FE 2A 4D 08 4A 06 B8 10 00 00 10 0E FF 01 00 00 00 00 00 00 01 00 00 00 00 00 00 00
2026-03-15T14:09:47.281744,44.384,can0  070  [20]  FE 2A 4D 08 F5 B0 62 03 B0 B3 00 00 09 15 00 00 16 00 00 00
2026-03-15T14:09:47.282317,44.385,can0  204  [16]  28 58 C4 44 58 2A 5C 4C 4C 1D 30 75 30 75 00 00
2026-03-15T14:09:47.282716,44.385,can0  206  [24]  93 0C A6 05 7F 0C C5 EF 90 05 93 0C 7B 0C 00 00 00 00 00 00 00 00 00 00
2026-03-15T14:09:47.372164,44.475,can0  204  [16]  28 58 C8 44 4A 2A 6E 4C 4C 1D 30 75 30 75 00 00
2026-03-15T14:09:47.372913,44.475,can0  040  [04]  1A 00 0F 00
2026-03-15T14:09:47.373338,44.476,can0  041  [04]  C7 00 0E 00
2026-03-15T14:09:47.374147,44.477,can0  204  [16]  28 58 C8 44 4A 2A 6E 4C 4C 1D 30 75 30 75 00 00
2026-03-15T14:09:47.472634,44.575,can0  040  [04]  1A 00 0F 00
2026-03-15T14:09:47.473038,44.575,can0  204  [16]  28 58 CA 44 64 2A 23 4C 4C 1D 30 75 30 75 00 00
2026-03-15T14:09:47.482791,44.585,can0  204  [16]  28 58 CA 44 64 2A 23 4C 4C 1D 30 75 30 75 00 00
2026-03-15T14:09:47.573043,44.675,can0  100  [03]  01 58 04
2026-03-15T14:09:47.573594,44.676,can0  120  [04]  00 00 00 00
2026-03-15T14:09:47.573930,44.676,can0  206  [24]  83 0C A8 05 83 0C D5 EF 92 05 8F 0C 83 0C 00 00 00 00 00 00 00 00 00 00
2026-03-15T14:09:47.574260,44.677,can0  204  [16]  28 58 C6 44 54 2A 63 4C 4C 1D 30 75 30 75 00 00
2026-03-15T14:09:47.575239,44.678,can0  070  [20]  FE 2A 4D 08 F5 B0 62 03 98 B7 00 00 09 15 00 00 16 00 00 00
2026-03-15T14:09:47.576368,44.679,can0  070  [20]  FE 2A 4D 08 F5 B0 62 03 98 B7 00 00 09 15 00 00 16 00 00 00
2026-03-15T14:09:47.672807,44.775,can0  204  [16]  28 58 C6 44 6A 2A 98 4C 4C 1D 30 75 30 75 00 00
2026-03-15T14:09:47.673087,44.775,can0  041  [04]  C5 00 10 00
2026-03-15T14:09:47.673996,44.776,can0  040  [04]  18 00 10 00
2026-03-15T14:09:47.675907,44.778,can0  070  [20]  FE 2A 4D 08 F5 B0 62 03 98 B7 00 00 09 15 00 00 16 00 00 00
2026-03-15T14:09:47.677022,44.779,can0  040  [04]  18 00 10 00
2026-03-15T14:09:47.689653,44.792,can0  204  [16]  28 58 C6 44 6A 2A 98 4C 4C 1D 30 75 30 75 00 00
2026-03-15T14:09:47.772413,44.875,can0  060  [32]  00 00 00 00 00 00 00 00 00 00 00 00 00 00 00 00 00 00 00 00 00 00 00 00 00 00 00 00 00 00 00 00
2026-03-15T14:09:47.772755,44.875,can0  204  [16]  28 58 C7 44 42 2A E0 4C 4C 1D 30 75 30 75 00 00
2026-03-15T14:09:47.872594,44.975,can0  204  [16]  28 58 C7 44 42 2A E0 4C 4C 1D 30 75 30 75 00 00
2026-03-15T14:09:47.873177,44.976,can0  206  [24]  8B 0C AC 05 7F 0C C5 EF 90 05 9F 0C 7B 0C 00 00 00 00 00 00 00 00 00 00
2026-03-15T14:09:47.873623,44.976,can0  204  [16]  28 58 CA 44 62 2A B4 4B 4C 1D 30 75 30 75 00 00
2026-03-15T14:09:47.874447,44.977,can0  041  [04]  C8 00 12 00
2026-03-15T14:09:47.889077,44.991,can0  040  [04]  1C 00 11 00
2026-03-15T14:09:47.972302,45.075,can0  110  [02]  7C 1B
2026-03-15T14:09:47.972655,45.075,can0  204  [16]  28 58 CB 44 64 2A 61 4B 4C 1D 30 75 30 75 00 00
2026-03-15T14:09:47.973493,45.076,can0  040  [04]  1C 00 11 00
2026-03-15T14:09:47.980384,45.083,can0  204  [16]  28 58 CB 44 64 2A 61 4B 4C 1D 30 75 30 75 00 00
2026-03-15T14:09:48.080704,45.183,can0  204  [16]  28 58 C9 44 66 2A 79 4B 4C 1D 30 75 30 75 00 00
2026-03-15T14:09:48.081072,45.183,can0  206  [24]  8B 0C A8 05 7B 0C E4 EF 92 05 97 0C 83 0C 00 00 00 00 00 00 00 00 00 00
2026-03-15T14:09:48.193609,45.296,can0  204  [16]  28 58 C9 44 66 2A 79 4B 4C 1D 30 75 30 75 00 00
2026-03-15T14:09:48.193707,45.296,can0  040  [04]  1C 00 11 00
2026-03-15T14:09:48.194570,45.297,can0  041  [04]  C4 00 12 00
2026-03-15T14:09:48.194654,45.297,can0  204  [16]  28 58 CB 44 4C 2A 95 4D 4C 1D 30 75 30 75 00 00
2026-03-15T14:09:48.196103,45.298,can0  070  [20]  FE 2A 4D 08 F5 B0 62 03 98 B7 00 00 09 15 00 00 16 00 00 00
2026-03-15T14:09:48.257035,45.359,can0  040  [04]  1C 00 11 00
2026-03-15T14:09:48.258595,45.361,can0  060  [32]  00 00 00 00 FE 2A 4D 08 4A 06 B8 10 00 00 10 0E FF 01 00 00 00 00 00 00 01 00 00 00 00 00 00 00
2026-03-15T14:09:48.259384,45.362,can0  204  [16]  28 58 CA 44 46 2A 72 4D 4C 1D 30 75 30 75 00 00
2026-03-15T14:09:48.260666,45.363,can0  070  [20]  FE 2A 4D 08 F5 B0 62 03 98 B7 00 00 09 15 00 00 16 00 00 00
2026-03-15T14:09:48.261390,45.364,can0  204  [16]  28 58 CA 44 46 2A 72 4D 4C 1D 30 75 30 75 00 00
2026-03-15T14:09:48.373281,45.476,can0  206  [24]  83 0C AA 05 83 0C C5 EF 92 05 AB 0C 83 0C 00 00 00 00 00 00 00 00 00 00
2026-03-15T14:09:48.373617,45.476,can0  204  [16]  28 58 CA 44 54 2A 7F 4D 4C 1D 30 75 30 75 00 00
2026-03-15T14:09:48.483255,45.586,can0  204  [16]  28 58 CA 44 54 2A 7F 4D 4C 1D 30 75 30 75 00 00
2026-03-15T14:09:48.484213,45.587,can0  040  [04]  20 00 11 00
2026-03-15T14:09:48.484677,45.587,can0  041  [04]  C4 00 13 00
2026-03-15T14:09:48.485718,45.588,can0  204  [16]  28 58 CB 44 62 2A D8 4E 4C 1D 30 75 30 75 00 00
2026-03-15T14:09:48.491299,45.594,can0  040  [04]  20 00 11 00
2026-03-15T14:09:48.597765,45.700,can0  204  [16]  28 58 CB 44 62 2A D8 4E 4C 1D 30 75 30 75 00 00
2026-03-15T14:09:48.597878,45.700,can0  070  [20]  FE 2A 4D 08 F5 B0 62 03 80 BB 00 00 09 15 00 00 11 00 00 00
2026-03-15T14:09:48.599242,45.702,can0  070  [20]  FE 2A 4D 08 F5 B0 62 03 80 BB 00 00 09 15 00 00 10 00 00 00
2026-03-15T14:09:48.599893,45.702,can0  206  [24]  8B 0C A6 05 7B 0C C5 EF 92 05 9B 0C 83 0C 00 00 00 00 00 00 00 00 00 00
2026-03-15T14:09:48.606109,45.708,can0  204  [16]  28 58 CC 44 58 2A BC 4D 4C 1D 30 75 30 75 00 00
2026-03-15T14:09:48.661064,45.763,can0  070  [20]  FE 2A 4D 08 F5 B0 62 03 80 BB 00 00 09 15 00 00 10 00 00 00
2026-03-15T14:09:48.661950,45.764,can0  204  [16]  28 58 C8 44 60 2A D3 4D 4C 1D 30 75 30 75 00 00
2026-03-15T14:09:48.662872,45.765,can0  040  [04]  22 00 10 00
2026-03-15T14:09:48.667144,45.770,can0  041  [04]  C5 00 13 00
2026-03-15T14:09:48.780128,45.883,can0  100  [03]  06 58 04
2026-03-15T14:09:48.780490,45.883,can0  060  [32]  00 00 00 00 00 00 00 00 00 00 00 00 00 00 00 00 00 00 00 00 00 00 00 00 00 00 00 00 00 00 00 00
2026-03-15T14:09:48.780867,45.883,can0  204  [16]  28 58 C6 44 58 2A 94 4C 4C 1D 30 75 30 75 00 00
2026-03-15T14:09:48.781868,45.884,can0  120  [04]  00 00 00 00
2026-03-15T14:09:48.783002,45.885,can0  040  [04]  22 00 10 00
2026-03-15T14:09:48.792633,45.895,can0  204  [16]  28 58 C6 44 58 2A 94 4C 4C 1D 30 75 30 75 00 00
2026-03-15T14:09:48.871873,45.974,can0  204  [16]  28 58 C5 44 52 2A 71 4D 4C 1D 30 75 30 75 00 00
2026-03-15T14:09:48.872323,45.975,can0  206  [24]  8F 0C A8 05 7B 0C D5 EF 94 05 A3 0C 7B 0C 00 00 00 00 00 00 00 00 00 00
2026-03-15T14:09:48.872649,45.975,can0  204  [16]  28 58 C5 44 52 2A 71 4D 4C 1D 30 75 30 75 00 00
2026-03-15T14:09:48.971991,46.074,can0  204  [16]  28 58 C8 44 4E 2A 03 4E 4C 1D 30 75 30 75 00 00
2026-03-15T14:09:48.972993,46.075,can0  041  [04]  C7 00 11 00
2026-03-15T14:09:48.973054,46.075,can0  040  [04]  29 00 0E 00
2026-03-15T14:09:49.072693,46.175,can0  040  [04]  29 00 0E 00
2026-03-15T14:09:49.082440,46.185,can0  204  [16]  28 58 C8 44 50 2A 21 4D 4C 1D 30 75 30 75 00 00
2026-03-15T14:09:49.082557,46.185,can0  204  [16]  28 58 C8 44 50 2A 21 4D 4C 1D 30 75 30 75 00 00
2026-03-15T14:09:49.172677,46.275,can0  206  [24]  93 0C A6 05 7B 0C C5 EF 92 05 A7 0C 73 0C 00 00 00 00 00 00 00 00 00 00
2026-03-15T14:09:49.172926,46.275,can0  204  [16]  28 58 C9 44 62 2A AE 4E 4C 1D 30 75 30 75 00 00
2026-03-15T14:09:49.174139,46.277,can0  070  [20]  FE 2A 4D 08 F5 B0 62 03 80 BB 00 00 09 15 00 00 10 00 00 00
2026-03-15T14:09:49.272484,46.375,can0  204  [16]  28 58 C5 44 5A 2A C2 4D 4C 1D 30 75 30 75 00 00
2026-03-15T14:09:49.272763,46.375,can0  060  [32]  00 00 00 00 00 00 00 00 00 00 00 00 00 00 00 00 00 00 00 00 00 00 00 00 00 00 00 00 00 00 00 00
2026-03-15T14:09:49.273538,46.376,can0  040  [04]  21 00 0E 00
2026-03-15T14:09:49.273875,46.376,can0  041  [04]  C5 00 10 00
2026-03-15T14:09:49.275326,46.378,can0  060  [32]  00 00 00 00 FE 2A 4D 08 4A 06 B8 10 00 00 10 0E FF 01 00 00 00 00 00 00 01 00 00 00 00 00 00 00
2026-03-15T14:09:49.275869,46.378,can0  204  [16]  28 58 C5 44 5A 2A C2 4D 4C 1D 30 75 30 75 00 00
2026-03-15T14:09:49.277024,46.379,can0  070  [20]  FE 2A 4D 08 F5 B0 62 03 80 BB 00 00 09 15 00 00 10 00 00 00
2026-03-15T14:09:49.277847,46.380,can0  040  [04]  21 00 0E 00
2026-03-15T14:09:49.372385,46.475,can0  204  [16]  28 58 C7 44 5C 2A 3F 4D 4C 1D 30 75 30 75 00 00
2026-03-15T14:09:49.372615,46.475,can0  204  [16]  28 58 C7 44 5C 2A 3F 4D 4C 1D 30 75 30 75 00 00
2026-03-15T14:09:49.372868,46.475,can0  206  [24]  87 0C A6 05 7F 0C 03 F0 92 05 97 0C 83 0C 00 00 00 00 00 00 00 00 00 00
2026-03-15T14:09:49.471896,46.574,can0  204  [16]  28 58 C7 44 50 2A A0 4C 4C 1D 30 75 30 75 00 00
2026-03-15T14:09:49.472958,46.575,can0  040  [04]  24 00 0D 00
2026-03-15T14:09:49.473417,46.576,can0  041  [04]  CC 00 10 00
2026-03-15T14:09:49.572255,46.675,can0  204  [16]  28 58 C7 44 50 2A A0 4C 4C 1D 30 75 30 75 00 00
2026-03-15T14:09:49.572528,46.675,can0  110  [02]  7C 1B
2026-03-15T14:09:49.573411,46.676,can0  040  [04]  24 00 0D 00
2026-03-15T14:09:49.580948,46.683,can0  070  [20]  00 2B 4D 08 F5 B0 62 03 68 BF 00 00 09 15 00 00 2B 00 00 00
2026-03-15T14:09:49.582322,46.685,can0  204  [16]  28 58 C9 44 52 2A 41 4C 4C 1D 30 75 30 75 00 00
2026-03-15T14:09:49.582386,46.685,can0  070  [20]  00 2B 4D 08 F5 B0 62 03 68 BF 00 00 09 15 00 00 2B 00 00 00
2026-03-15T14:09:49.672362,46.775,can0  204  [16]  28 58 C9 44 50 2A CC 4C 4C 1D 30 75 30 75 00 00
2026-03-15T14:09:49.672721,46.775,can0  206  [24]  8B 0C AC 05 7B 0C D5 EF 8E 05 93 0C 83 0C 00 00 00 00 00 00 00 00 00 00
2026-03-15T14:09:49.673822,46.776,can0  070  [20]  00 2B 4D 08 F5 B0 62 03 68 BF 00 00 09 15 00 00 2B 00 00 00
2026-03-15T14:09:49.674433,46.777,can0  204  [16]  28 58 C9 44 50 2A CC 4C 4C 1D 30 75 30 75 00 00
2026-03-15T14:09:49.772205,46.875,can0  060  [32]  00 00 00 00 00 00 00 00 00 00 00 00 00 00 00 00 00 00 00 00 00 00 00 00 00 00 00 00 00 00 00 00
2026-03-15T14:09:49.773052,46.875,can0  040  [04]  24 00 0D 00
2026-03-15T14:09:49.773522,46.876,can0  041  [04]  C5 00 10 00
2026-03-15T14:09:49.774035,46.876,can0  204  [16]  28 58 C8 44 56 2A 4F 4D 4C 1D 30 75 30 75 00 00
2026-03-15T14:09:49.873170,46.976,can0  040  [04]  24 00 0D 00
2026-03-15T14:09:49.874188,46.977,can0  204  [16]  28 58 C6 44 5A 2A B0 4D 4C 1D 30 75 30 75 00 00
2026-03-15T14:09:49.874272,46.977,can0  204  [16]  28 58 C6 44 5A 2A B0 4D 4C 1D 30 75 30 75 00 00
2026-03-15T14:09:49.972766,47.075,can0  206  [24]  8F 0C AA 05 83 0C C5 EF 92 05 93 0C 77 0C 00 00 00 00 00 00 00 00 00 00
2026-03-15T14:09:49.973504,47.076,can0  100  [03]  0C 58 04
2026-03-15T14:09:49.974038,47.076,can0  120  [04]  00 00 00 00
2026-03-15T14:09:49.974412,47.077,can0  204  [16]  28 58 C6 44 50 2A 19 4E 4C 1D 30 75 30 75 00 00
2026-03-15T14:09:49.974741,47.077,can0  204  [16]  28 58 C6 44 50 2A 19 4E 4C 1D 30 75 30 75 00 00
2026-03-15T14:09:50.072693,47.175,can0  041  [04]  C7 00 10 00
2026-03-15T14:09:50.073489,47.176,can0  040  [04]  2C 00 0D 00
2026-03-15T14:09:50.074809,47.177,can0  204  [16]  28 58 C7 44 5E 2A B9 4D 4C 1D 30 75 30 75 00 00
2026-03-15T14:09:50.074900,47.177,can0  040  [04]  2C 00 0D 00
2026-03-15T14:09:50.181599,47.284,can0  204  [16]  28 58 CB 44 4A 2A F5 4D 4C 1D 30 75 30 75 00 00
2026-03-15T14:09:50.181955,47.284,can0  206  [24]  83 0C A6 05 7F 0C C5 EF 90 05 7F 0C 87 0C 00 00 00 00 00 00 00 00 00 00
2026-03-15T14:09:50.182306,47.285,can0  204  [16]  28 58 CB 44 4A 2A F5 4D 4C 1D 30 75 30 75 00 00
2026-03-15T14:09:50.183680,47.286,can0  070  [20]  00 2B 4D 08 F5 B0 62 03 68 BF 00 00 09 15 00 00 2B 00 00 00
2026-03-15T14:09:50.272814,47.375,can0  204  [16]  28 58 CA 44 5C 2A 7E 4E 4C 1D 30 75 30 75 00 00
2026-03-15T14:09:50.274027,47.376,can0  060  [32]  00 00 00 00 00 2B 4D 08 4A 06 B8 10 00 00 10 0E FF 01 00 00 00 00 00 00 01 00 00 00 00 00 00 00
2026-03-15T14:09:50.275627,47.378,can0  070  [20]  00 2B 4D 08 F5 B0 62 03 68 BF 00 00 09 15 00 00 2B 00 00 00
2026-03-15T14:09:50.276469,47.379,can0  040  [04]  2F 00 0C 00
2026-03-15T14:09:50.276851,47.379,can0  041  [04]  C2 00 0F 00
2026-03-15T14:09:50.277165,47.380,can0  204  [16]  28 58 CA 44 5C 2A 7E 4E 4C 1D 30 75 30 75 00 00
2026-03-15T14:09:50.372759,47.475,can0  040  [04]  2F 00 0C 00
2026-03-15T14:09:50.373282,47.476,can0  204  [16]  28 58 C6 44 3C 2A 7D 4F 4C 1D 30 75 30 75 00 00
2026-03-15T14:09:50.472752,47.575,can0  204  [16]  28 58 C6 44 5E 2A CB 4E 4C 1D 30 75 30 75 00 00
2026-03-15T14:09:50.473122,47.575,can0  206  [24]  8F 0C AC 05 7F 0C D5 EF 90 05 93 0C 7B 0C 00 00 00 00 00 00 00 00 00 00
2026-03-15T14:09:50.473443,47.576,can0  204  [16]  28 58 C6 44 5E 2A CB 4E 4C 1D 30 75 30 75 00 00
2026-03-15T14:09:50.572825,47.675,can0  204  [16]  28 58 C6 44 5E 2A CB 4E 4C 1D 30 75 30 75 00 00
2026-03-15T14:09:50.573919,47.676,can0  070  [20]  00 2B 4D 08 F5 B0 62 03 50 C3 00 00 09 15 00 00 21 00 00 00
2026-03-15T14:09:50.575076,47.677,can0  040  [04]  2C 00 0A 00
2026-03-15T14:09:50.576765,47.679,can0  041  [04]  D1 00 10 00
2026-03-15T14:09:50.576906,47.679,can0  070  [20]  00 2B 4D 08 F5 B0 62 03 50 C3 00 00 09 15 00 00 21 00 00 00
2026-03-15T14:09:50.673046,47.775,can0  040  [04]  2C 00 0A 00
2026-03-15T14:09:50.673816,47.776,can0  204  [16]  28 58 C8 44 60 2A 76 4C 4C 1D 30 75 30 75 00 00
2026-03-15T14:09:50.674159,47.777,can0  204  [16]  28 58 C8 44 60 2A 76 4C 4C 1D 30 75 30 75 00 00
2026-03-15T14:09:50.675483,47.778,can0  070  [20]  00 2B 4D 08 F5 B0 62 03 50 C3 00 00 09 15 00 00 21 00 00 00
2026-03-15T14:09:50.772175,47.875,can0  206  [24]  83 0C AA 05 7F 0C D5 EF 92 05 9F 0C 7F 0C 00 00 00 00 00 00 00 00 00 00
2026-03-15T14:09:50.772568,47.875,can0  204  [16]  28 58 C6 44 52 2A 8F 4C 4C 1D 30 75 30 75 00 00
2026-03-15T14:09:50.772876,47.875,can0  060  [32]  00 00 00 00 00 00 00 00 00 00 00 00 00 00 00 00 00 00 00 00 00 00 00 00 00 00 00 00 00 00 00 00
2026-03-15T14:09:50.773202,47.876,can0  204  [16]  28 58 C6 44 52 2A 8F 4C 4C 1D 30 75 30 75 00 00
2026-03-15T14:09:50.872860,47.975,can0  040  [04]  20 00 08 00
2026-03-15T14:09:50.873631,47.976,can0  041  [04]  CC 00 10 00
2026-03-15T14:09:50.873713,47.976,can0  204  [16]  28 58 C7 44 4E 2A 69 4E 4C 1D 30 75 30 75 00 00
2026-03-15T14:09:50.874308,47.977,can0  040  [04]  20 00 08 00
2026-03-15T14:09:50.972667,48.075,can0  204  [16]  28 58 C5 44 5C 2A 64 4E 4C 1D 30 75 30 75 00 00
2026-03-15T14:09:50.973068,48.075,can0  206  [24]  8B 0C AA 05 83 0C E4 EF 90 05 97 0C 7F 0C 00 00 00 00 00 00 00 00 00 00
2026-03-15T14:09:50.982188,48.085,can0  204  [16]  28 58 C5 44 5C 2A 64 4E 4C 1D 30 75 30 75 00 00
2026-03-15T14:09:51.071914,48.174,can0  204  [16]  28 58 C5 44 58 2A D6 4D 4C 1D 30 75 30 75 00 00
2026-03-15T14:09:51.072803,48.175,can0  040  [04]  15 00 09 00
2026-03-15T14:09:51.073160,48.176,can0  041  [04]  C1 00 10 00
2026-03-15T14:09:51.073649,48.176,can0  204  [16]  28 58 C5 44 58 2A D6 4D 4C 1D 30 75 30 75 00 00
2026-03-15T14:09:51.172935,48.275,can0  100  [03]  11 58 04
2026-03-15T14:09:51.173650,48.276,can0  110  [02]  7F 1B
2026-03-15T14:09:51.174616,48.277,can0  120  [04]  00 00 00 00
2026-03-15T14:09:51.176091,48.278,can0  040  [04]  15 00 09 00
2026-03-15T14:09:51.176789,48.279,can0  204  [16]  28 58 C8 44 62 2A CF 4D 4C 1D 30 75 30 75 00 00
2026-03-15T14:09:51.178268,48.281,can0  070  [20]  00 2B 4D 08 F5 B0 62 03 50 C3 00 00 09 15 00 00 21 00 00 00
2026-03-15T14:09:51.278253,48.381,can0  204  [16]  28 58 CB 44 58 2A 3F 4D 4C 1D 30 75 30 75 00 00
2026-03-15T14:09:51.278618,48.381,can0  206  [24]  8B 0C AA 05 73 0C D5 EF 92 05 9B 0C 7F 0C 00 00 00 00 00 00 00 00 00 00
2026-03-15T14:09:51.279526,48.382,can0  070  [20]  00 2B 4D 08 F5 B0 62 03 50 C3 00 00 09 15 00 00 21 00 00 00
2026-03-15T14:09:51.280367,48.383,can0  060  [32]  00 00 00 00 00 00 00 00 00 00 00 00 00 00 00 00 00 00 00 00 00 00 00 00 00 00 00 00 00 00 00 00
2026-03-15T14:09:51.281252,48.384,can0  060  [32]  00 00 00 00 00 2B 4D 08 4A 06 B8 10 00 00 10 0E FF 01 00 00 00 00 00 00 01 00 00 00 00 00 00 00
2026-03-15T14:09:51.281904,48.384,can0  204  [16]  28 58 CB 44 58 2A 3F 4D 4C 1D 30 75 30 75 00 00
2026-03-15T14:09:51.379844,48.482,can0  204  [16]  28 58 C8 44 62 2A 8C 4D 4C 1D 30 75 30 75 00 00
2026-03-15T14:09:51.380160,48.483,can0  041  [04]  B5 00 11 00
2026-03-15T14:09:51.381158,48.484,can0  040  [04]  18 00 0B 00
2026-03-15T14:09:51.382493,48.485,can0  204  [16]  28 58 C8 44 62 2A 8C 4D 4C 1D 30 75 30 75 00 00
2026-03-15T14:09:51.382579,48.485,can0  040  [04]  18 00 0B 00
2026-03-15T14:09:51.480066,48.582,can0  204  [16]  28 58 C6 44 5C 2A 74 4E 4C 1D 30 75 30 75 00 00
2026-03-15T14:09:51.572393,48.675,can0  206  [24]  93 0C AA 05 7F 0C D5 EF 94 05 97 0C 77 0C 00 00 00 00 00 00 00 00 00 00
2026-03-15T14:09:51.572739,48.675,can0  204  [16]  28 58 C6 44 5C 2A 74 4E 4C 1D 30 75 30 75 00 00
2026-03-15T14:09:51.574023,48.676,can0  070  [20]  00 2B 4D 08 F5 B0 62 03 38 C7 00 00 09 15 00 00 21 00 00 00
2026-03-15T14:09:51.574532,48.677,can0  204  [16]  28 58 C7 44 64 2A 4D 4D 4C 1D 30 75 30 75 00 00
2026-03-15T14:09:51.575486,48.678,can0  070  [20]  00 2B 4D 08 F5 B0 62 03 38 C7 00 00 09 15 00 00 22 00 00 00
2026-03-15T14:09:51.672775,48.775,can0  040  [04]  21 00 0A 00
2026-03-15T14:09:51.675707,48.778,can0  041  [04]  B5 00 11 00
2026-03-15T14:09:51.675816,48.778,can0  204  [16]  28 58 CA 44 4C 2A FB 4D 4C 1D 30 75 30 75 00 00
2026-03-15T14:09:51.675883,48.778,can0  040  [04]  21 00 0A 00
2026-03-15T14:09:51.675953,48.778,can0  070  [20]  00 2B 4D 08 F5 B0 62 03 38 C7 00 00 09 15 00 00 22 00 00 00
2026-03-15T14:09:51.772352,48.875,can0  204  [16]  28 58 C9 44 5C 2A 84 4D 4C 1D 30 75 30 75 00 00
2026-03-15T14:09:51.772568,48.875,can0  060  [32]  00 00 00 00 00 00 00 00 00 00 00 00 00 00 00 00 00 00 00 00 00 00 00 00 00 00 00 00 00 00 00 00
2026-03-15T14:09:51.772807,48.875,can0  204  [16]  28 58 C9 44 5C 2A 84 4D 4C 1D 30 75 30 75 00 00
2026-03-15T14:09:51.773072,48.875,can0  206  [24]  87 0C AA 05 8B 0C C5 EF 90 05 87 0C 83 0C 00 00 00 00 00 00 00 00 00 00
2026-03-15T14:09:51.873626,48.976,can0  204  [16]  28 58 C9 44 58 2A 8B 4D 4C 1D 30 75 30 75 00 00
2026-03-15T14:09:51.873721,48.976,can0  040  [04]  21 00 0A 00
2026-03-15T14:09:51.887310,48.990,can0  041  [04]  BB 00 10 00
2026-03-15T14:09:51.887417,48.990,can0  204  [16]  28 58 C9 44 58 2A 8B 4D 4C 1D 30 75 30 75 00 00
2026-03-15T14:09:51.972726,49.075,can0  040  [04]  21 00 0A 00
2026-03-15T14:09:51.973205,49.076,can0  204  [16]  28 58 C8 44 5A 2A 91 4C 4C 1D 30 75 30 75 00 00
2026-03-15T14:09:52.138911,49.241,can0  204  [16]  28 58 C9 44 54 2A F3 4D 4C 1D 30 75 30 75 00 00
2026-03-15T14:09:52.139420,49.242,can0  206  [24]  97 0C AA 05 7B 0C C5 EF 90 05 93 0C 77 0C 00 00 00 00 00 00 00 00 00 00
2026-03-15T14:09:52.139831,49.242,can0  204  [16]  28 58 C9 44 54 2A F3 4D 4C 1D 30 75 30 75 00 00
2026-03-15T14:09:52.210630,49.313,can0  204  [16]  28 58 C9 44 54 2A C1 4D 4C 1D 30 75 30 75 00 00
2026-03-15T14:09:52.213794,49.316,can0  040  [04]  20 00 08 00
2026-03-15T14:09:52.214089,49.316,can0  041  [04]  BB 00 12 00
2026-03-15T14:09:52.214174,49.317,can0  070  [20]  00 2B 4D 08 F5 B0 62 03 38 C7 00 00 09 15 00 00 22 00 00 00
2026-03-15T14:09:52.215081,49.317,can0  204  [16]  28 58 C9 44 54 2A C1 4D 4C 1D 30 75 30 75 00 00
2026-03-15T14:09:52.272426,49.375,can0  040  [04]  20 00 08 00
2026-03-15T14:09:52.273944,49.376,can0  070  [20]  00 2B 4D 08 F5 B0 62 03 38 C7 00 00 09 15 00 00 22 00 00 00
2026-03-15T14:09:52.276317,49.379,can0  204  [16]  28 58 CA 44 48 2A 61 4E 4C 1D 30 75 30 75 00 00
2026-03-15T14:09:52.276454,49.379,can0  060  [32]  00 00 00 00 00 00 00 00 00 00 00 00 00 00 00 00 00 00 00 00 00 00 00 00 00 00 00 00 00 00 00 00
2026-03-15T14:09:52.276529,49.379,can0  060  [32]  00 00 00 00 00 2B 4D 08 4A 06 B8 10 00 00 10 0E FF 01 00 00 00 00 00 00 01 00 00 00 00 00 00 00
2026-03-15T14:09:52.386030,49.488,can0  206  [24]  7F 0C A8 05 7F 0C D5 EF 90 05 93 0C 87 0C 00 00 00 00 00 00 00 00 00 00
2026-03-15T14:09:52.386132,49.489,can0  204  [16]  28 58 C8 44 52 2A A2 4D 4C 1D 30 75 30 75 00 00
2026-03-15T14:09:52.386881,49.489,can0  100  [03]  18 58 04
2026-03-15T14:09:52.387616,49.490,can0  120  [04]  00 00 00 00
2026-03-15T14:09:52.387936,49.490,can0  204  [16]  28 58 C8 44 52 2A A2 4D 4C 1D 30 75 30 75 00 00
2026-03-15T14:09:52.500682,49.603,can0  041  [04]  B5 00 11 00
2026-03-15T14:09:52.501709,49.604,can0  040  [04]  25 00 07 00
2026-03-15T14:09:52.503030,49.605,can0  204  [16]  28 58 C7 44 5C 2A C1 4E 4C 1D 30 75 30 75 00 00
2026-03-15T14:09:52.503116,49.605,can0  040  [04]  25 00 07 00
2026-03-15T14:09:52.503799,49.606,can0  204  [16]  28 58 C7 44 5C 2A C1 4E 4C 1D 30 75 30 75 00 00
2026-03-15T14:09:52.582372,49.685,can0  070  [20]  00 2B 4D 08 F5 B0 62 03 20 CB 00 00 09 15 00 00 0F 00 00 00
2026-03-15T14:09:52.583103,49.685,can0  204  [16]  28 58 C8 44 44 2A 4B 4D 4C 1D 30 75 30 75 00 00
2026-03-15T14:09:52.584290,49.687,can0  070  [20]  00 2B 4D 08 F5 B0 62 03 20 CB 00 00 09 15 00 00 0E 00 00 00
2026-03-15T14:09:52.584974,49.687,can0  206  [24]  93 0C AC 05 77 0C D5 EF 90 05 97 0C 7B 0C 00 00 00 00 00 00 00 00 00 00
2026-03-15T14:09:52.691931,49.794,can0  204  [16]  28 58 CA 44 78 2A F8 4D 4C 1D 30 75 30 75 00 00
2026-03-15T14:09:52.693282,49.796,can0  070  [20]  00 2B 4D 08 F5 B0 62 03 20 CB 00 00 09 15 00 00 0E 00 00 00
2026-03-15T14:09:52.693964,49.796,can0  040  [04]  2C 00 08 00
2026-03-15T14:09:52.694307,49.797,can0  041  [04]  B5 00 11 00
2026-03-15T14:09:52.704607,49.807,can0  204  [16]  28 58 CA 44 78 2A F8 4D 4C 1D 30 75 30 75 00 00
2026-03-15T14:09:52.771822,49.874,can0  110  [02]  7E 1B
2026-03-15T14:09:52.772505,49.875,can0  040  [04]  2C 00 08 00
2026-03-15T14:09:52.782908,49.885,can0  204  [16]  28 58 CA 44 3E 2A 45 4E 4C 1D 30 75 30 75 00 00
2026-03-15T14:09:52.783011,49.885,can0  060  [32]  00 00 00 00 00 00 00 00 00 00 00 00 00 00 00 00 00 00 00 00 00 00 00 00 00 00 00 00 00 00 00 00
2026-03-15T14:09:52.872742,49.975,can0  204  [16]  28 58 C8 44 64 2A F8 4D 4C 1D 30 75 30 75 00 00
2026-03-15T14:09:52.873137,49.976,can0  206  [24]  83 0C A6 05 83 0C D5 EF 92 05 93 0C 83 0C 00 00 00 00 00 00 00 00 00 00
2026-03-15T14:09:52.873491,49.976,can0  204  [16]  28 58 C8 44 64 2A F8 4D 4C 1D 30 75 30 75 00 00
2026-03-15T14:09:52.972773,50.075,can0  204  [16]  28 58 C7 44 50 2A A7 4E 4C 1D 30 75 30 75 00 00
2026-03-15T14:09:52.973575,50.076,can0  040  [04]  4A 00 08 00
2026-03-15T14:09:52.973953,50.076,can0  041  [04]  B5 00 11 00
2026-03-15T14:09:52.974714,50.077,can0  204  [16]  28 58 C7 44 50 2A A7 4E 4C 1D 30 75 30 75 00 00
2026-03-15T14:09:53.073251,50.176,can0  040  [04]  4A 00 08 00
2026-03-15T14:09:53.073346,50.176,can0  204  [16]  28 58 C8 44 50 2A AB 4D 4C 1D 30 75 30 75 00 00
2026-03-15T14:09:53.073905,50.176,can0  206  [24]  6F 0C A6 05 7F 0C C5 EF 90 05 93 0C 9B 0C 00 00 00 00 00 00 00 00 00 00
2026-03-15T14:09:53.178818,50.281,can0  204  [16]  28 58 C9 44 4E 2A 6F 4D 4C 1D 30 75 30 75 00 00
2026-03-15T14:09:53.179147,50.282,can0  204  [16]  28 58 C9 44 4E 2A 6F 4D 4C 1D 30 75 30 75 00 00
2026-03-15T14:09:53.180600,50.283,can0  070  [20]  00 2B 4D 08 F5 B0 62 03 20 CB 00 00 09 15 00 00 0E 00 00 00
2026-03-15T14:09:53.272380,50.375,can0  040  [04]  4F 00 07 00
2026-03-15T14:09:53.273292,50.376,can0  041  [04]  B5 00 11 00
2026-03-15T14:09:53.273386,50.376,can0  204  [16]  28 58 C8 44 3C 2A 33 4E 4C 1D 30 75 30 75 00 00
2026-03-15T14:09:53.274873,50.377,can0  070  [20]  00 2B 4D 08 F5 B0 62 03 20 CB 00 00 09 15 00 00 0E 00 00 00
2026-03-15T14:09:53.275705,50.378,can0  040  [04]  4F 00 07 00
2026-03-15T14:09:53.276964,50.379,can0  060  [32]  00 00 00 00 00 2B 4D 08 4A 06 B8 10 00 00 10 0E FF 01 00 00 00 00 00 00 01 00 00 00 00 00 00 00
2026-03-15T14:09:53.277673,50.380,can0  204  [16]  28 58 C8 44 3C 2A 33 4E 4C 1D 30 75 30 75 00 00
2026-03-15T14:09:53.372429,50.475,can0  204  [16]  28 58 C8 44 6C 2A 02 4E 4C 1D 30 75 30 75 00 00
2026-03-15T14:09:53.372707,50.475,can0  206  [24]  8F 0C A8 05 73 0C D5 EF 90 05 9B 0C 7B 0C 00 00 00 00 00 00 00 00 00 00
2026-03-15T14:09:53.472266,50.575,can0  204  [16]  28 58 C3 44 42 2A AF 4E 4C 1D 30 75 30 75 00 00
2026-03-15T14:09:53.472602,50.575,can0  204  [16]  28 58 C3 44 42 2A AF 4E 4C 1D 30 75 30 75 00 00
2026-03-15T14:09:53.472880,50.575,can0  041  [04]  BB 00 10 00
2026-03-15T14:09:53.473527,50.576,can0  040  [04]  58 00 08 00
2026-03-15T14:09:53.572964,50.675,can0  100  [03]  1E 58 04
2026-03-15T14:09:53.573516,50.676,can0  120  [04]  00 00 00 00
2026-03-15T14:09:53.574205,50.677,can0  040  [04]  58 00 08 00
2026-03-15T14:09:53.575971,50.678,can0  204  [16]  28 58 C3 44 42 2A AF 4E 4C 1D 30 75 30 75 00 00
2026-03-15T14:09:53.576061,50.678,can0  070  [20]  00 2B 4D 08 F5 B0 62 03 08 CF 00 00 09 15 00 00 1E 00 00 00
2026-03-15T14:09:53.576903,50.679,can0  070  [20]  00 2B 4D 08 F5 B0 62 03 08 CF 00 00 09 15 00 00 1E 00 00 00
2026-03-15T14:09:53.672522,50.775,can0  204  [16]  28 58 C8 44 44 2A 5B 4F 4C 1D 30 75 30 75 00 00
2026-03-15T14:09:53.672874,50.775,can0  206  [24]  87 0C A8 05 7F 0C E4 EF 90 05 9F 0C 7F 0C 00 00 00 00 00 00 00 00 00 00
2026-03-15T14:09:53.673181,50.776,can0  204  [16]  28 58 C8 44 44 2A 5B 4F 4C 1D 30 75 30 75 00 00
2026-03-15T14:09:53.674360,50.777,can0  070  [20]  00 2B 4D 08 F5 B0 62 03 08 CF 00 00 09 15 00 00 1E 00 00 00
2026-03-15T14:09:53.771991,50.874,can0  204  [16]  28 58 C8 44 5C 2A 4E 4D 4C 1D 30 75 30 75 00 00
2026-03-15T14:09:53.772320,50.875,can0  041  [04]  C0 00 0F 00
2026-03-15T14:09:53.772935,50.875,can0  040  [04]  58 00 08 00
2026-03-15T14:09:53.774002,50.876,can0  204  [16]  28 58 C8 44 5C 2A 4E 4D 4C 1D 30 75 30 75 00 00
2026-03-15T14:09:53.774088,50.876,can0  060  [32]  00 00 00 00 00 00 00 00 00 00 00 00 00 00 00 00 00 00 00 00 00 00 00 00 00 00 00 00 00 00 00 00
2026-03-15T14:09:53.774157,50.877,can0  040  [04]  58 00 08 00
2026-03-15T14:09:53.872741,50.975,can0  204  [16]  28 58 C5 44 48 2A 8D 4D 4C 1D 30 75 30 75 00 00
2026-03-15T14:09:53.873508,50.976,can0  206  [24]  8B 0C AA 05 83 0C B6 EF 94 05 9B 0C 7B 0C 00 00 00 00 00 00 00 00 00 00
2026-03-15T14:09:53.972547,51.075,can0  204  [16]  28 58 C6 44 50 2A B1 4D 4C 1D 30 75 30 75 00 00
2026-03-15T14:09:53.972874,51.075,can0  204  [16]  28 58 C6 44 50 2A B1 4D 4C 1D 30 75 30 75 00 00
2026-03-15T14:09:54.073241,51.176,can0  040  [04]  58 00 07 00
2026-03-15T14:09:54.073944,51.176,can0  041  [04]  BA 00 10 00
2026-03-15T14:09:54.074007,51.176,can0  204  [16]  28 58 C6 44 3C 2A D1 4E 4C 1D 30 75 30 75 00 00
2026-03-15T14:09:54.087204,51.190,can0  040  [04]  58 00 07 00
2026-03-15T14:09:54.087322,51.190,can0  204  [16]  28 58 C6 44 3C 2A D1 4E 4C 1D 30 75 30 75 00 00
2026-03-15T14:09:54.172047,51.274,can0  206  [24]  8F 0C A8 05 7F 0C C5 EF 92 05 8F 0C 7B 0C 00 00 00 00 00 00 00 00 00 00
2026-03-15T14:09:54.172302,51.275,can0  204  [16]  28 58 C8 44 42 2A F6 4D 4C 1D 30 75 30 75 00 00
2026-03-15T14:09:54.173660,51.276,can0  070  [20]  00 2B 4D 08 F5 B0 62 03 08 CF 00 00 09 15 00 00 1E 00 00 00
2026-03-15T14:09:54.272801,51.375,can0  204  [16]  28 58 C6 44 68 2A D3 4C 4C 1D 30 75 30 75 00 00
2026-03-15T14:09:54.274175,51.377,can0  070  [20]  00 2B 4D 08 F5 B0 62 03 08 CF 00 00 09 15 00 00 1E 00 00 00
2026-03-15T14:09:54.274994,51.377,can0  040  [04]  58 00 08 00
2026-03-15T14:09:54.275653,51.378,can0  204  [16]  28 58 C6 44 68 2A D3 4C 4C 1D 30 75 30 75 00 00
2026-03-15T14:09:54.276365,51.379,can0  041  [04]  BB 00 11 00
2026-03-15T14:09:54.276720,51.379,can0  060  [32]  00 00 00 00 00 00 00 00 00 00 00 00 00 00 00 00 00 00 00 00 00 00 00 00 00 00 00 00 00 00 00 00
2026-03-15T14:09:54.373704,51.476,can0  060  [32]  00 00 00 00 00 2B 4D 08 4A 06 B8 10 00 00 10 0E FF 01 00 00 00 00 00 00 01 00 00 00 00 00 00 00
2026-03-15T14:09:54.374323,51.477,can0  110  [02]  7F 1B
2026-03-15T14:09:54.374731,51.477,can0  204  [16]  28 58 CA 44 3C 2A A6 4D 4C 1D 30 75 30 75 00 00
2026-03-15T14:09:54.375522,51.478,can0  040  [04]  58 00 08 00
2026-03-15T14:09:54.376621,51.479,can0  204  [16]  28 58 CA 44 3C 2A A6 4D 4C 1D 30 75 30 75 00 00
2026-03-15T14:09:54.472245,51.575,can0  206  [24]  83 0C A6 05 83 0C D5 EF 94 05 93 0C 83 0C 00 00 00 00 00 00 00 00 00 00
2026-03-15T14:09:54.472517,51.575,can0  204  [16]  28 58 CB 44 72 2A 81 4E 4C 1D 30 75 30 75 00 00
2026-03-15T14:09:54.571996,51.674,can0  204  [16]  28 58 CB 44 72 2A 81 4E 4C 1D 30 75 30 75 00 00
2026-03-15T14:09:54.572742,51.675,can0  040  [04]  58 00 09 00
2026-03-15T14:09:54.574628,51.677,can0  041  [04]  C1 00 0F 00
2026-03-15T14:09:54.582134,51.685,can0  070  [20]  00 2B 4D 08 F3 B0 62 03 F0 D2 00 00 09 15 00 00 1A 00 00 00
2026-03-15T14:09:54.582218,51.685,can0  204  [16]  28 58 CC 44 44 2A DE 4D 4C 1D 30 75 30 75 00 00
2026-03-15T14:09:54.583808,51.686,can0  070  [20]  00 2B 4D 08 F3 B0 62 03 F0 D2 00 00 09 15 00 00 1A 00 00 00
2026-03-15T14:09:54.584649,51.687,can0  040  [04]  58 00 09 00
2026-03-15T14:09:54.672648,51.775,can0  204  [16]  28 58 C9 44 56 2A 69 4E 4C 1D 30 75 30 75 00 00
2026-03-15T14:09:54.673747,51.776,can0  070  [20]  00 2B 4D 08 F3 B0 62 03 F0 D2 00 00 09 15 00 00 1A 00 00 00
2026-03-15T14:09:54.772648,51.875,can0  206  [24]  83 0C AA 05 83 0C D5 EF 92 05 8F 0C 83 0C 00 00 00 00 00 00 00 00 00 00
2026-03-15T14:09:54.772984,51.875,can0  204  [16]  28 58 C6 44 44 2A 08 4E 4C 1D 30 75 30 75 00 00
2026-03-15T14:09:54.773831,51.876,can0  100  [03]  24 58 04
2026-03-15T14:09:54.774375,51.877,can0  120  [04]  00 00 00 00
2026-03-15T14:09:54.774676,51.877,can0  204  [16]  28 58 C6 44 44 2A 08 4E 4C 1D 30 75 30 75 00 00
2026-03-15T14:09:54.872381,51.975,can0  041  [04]  BC 00 0F 00
2026-03-15T14:09:54.872619,51.975,can0  060  [32]  00 00 00 00 00 00 00 00 00 00 00 00 00 00 00 00 00 00 00 00 00 00 00 00 00 00 00 00 00 00 00 00
2026-03-15T14:09:54.873294,51.976,can0  040  [04]  58 00 0B 00
2026-03-15T14:09:54.873579,51.976,can0  204  [16]  28 58 C5 44 5C 2A 20 4D 4C 1D 30 75 30 75 00 00
2026-03-15T14:09:54.874384,51.977,can0  040  [04]  58 00 0B 00
2026-03-15T14:09:54.874462,51.977,can0  204  [16]  28 58 C5 44 5C 2A 20 4D 4C 1D 30 75 30 75 00 00
2026-03-15T14:09:54.971988,52.074,can0  204  [16]  28 58 C7 44 56 2A B8 4E 4C 1D 30 75 30 75 00 00
2026-03-15T14:09:54.972366,52.075,can0  206  [24]  87 0C AA 05 7B 0C B6 EF 90 05 97 0C 7F 0C 00 00 00 00 00 00 00 00 00 00
2026-03-15T14:09:55.072640,52.175,can0  204  [16]  28 58 C9 44 54 2A 9D 4D 4C 1D 30 75 30 75 00 00
2026-03-15T14:09:55.073691,52.176,can0  204  [16]  28 58 C9 44 54 2A 9D 4D 4C 1D 30 75 30 75 00 00
2026-03-15T14:09:55.073783,52.176,can0  040  [04]  58 00 0B 00
2026-03-15T14:09:55.083554,52.186,can0  041  [04]  D4 00 0D 00
2026-03-15T14:09:55.172933,52.275,can0  040  [04]  58 00 0B 00
2026-03-15T14:09:55.173398,52.276,can0  204  [16]  28 58 C8 44 5A 2A 33 4E 4C 1D 30 75 30 75 00 00
2026-03-15T14:09:55.174875,52.277,can0  070  [20]  00 2B 4D 08 F3 B0 62 03 F0 D2 00 00 09 15 00 00 1A 00 00 00
2026-03-15T14:09:55.175214,52.278,can0  204  [16]  28 58 C8 44 5A 2A 33 4E 4C 1D 30 75 30 75 00 00
2026-03-15T14:09:55.272708,52.375,can0  206  [24]  93 0C AA 05 77 0C C5 EF 92 05 93 0C 7F 0C 00 00 00 00 00 00 00 00 00 00
2026-03-15T14:09:55.273047,52.375,can0  204  [16]  28 58 C5 44 4C 2A 9F 4E 4C 1D 30 75 30 75 00 00
2026-03-15T14:09:55.274441,52.377,can0  070  [20]  00 2B 4D 08 F3 B0 62 03 F0 D2 00 00 09 15 00 00 1A 00 00 00
2026-03-15T14:09:55.373199,52.476,can0  060  [32]  00 00 00 00 00 2B 4D 08 48 06 B8 10 00 00 10 0E FF 01 00 00 00 00 00 00 01 00 00 00 00 00 00 00
2026-03-15T14:09:55.373946,52.476,can0  204  [16]  28 58 C4 44 3A 2A E8 4D 4C 1D 30 75 30 75 00 00
2026-03-15T14:09:55.374591,52.477,can0  040  [04]  4A 00 09 00
2026-03-15T14:09:55.374821,52.477,can0  041  [04]  D1 00 0D 00
2026-03-15T14:09:55.375039,52.477,can0  204  [16]  28 58 C4 44 3A 2A E8 4D 4C 1D 30 75 30 75 00 00
2026-03-15T14:09:55.472833,52.575,can0  040  [04]  4A 00 09 00
2026-03-15T14:09:55.473460,52.576,can0  204  [16]  28 58 C6 44 46 2A E0 4E 4C 1D 30 75 30 75 00 00
2026-03-15T14:09:55.473836,52.576,can0  204  [16]  28 58 C6 44 46 2A E0 4E 4C 1D 30 75 30 75 00 00
2026-03-15T14:09:55.571865,52.674,can0  206  [24]  87 0C AA 05 7B 0C F4 EF 92 05 97 0C 83 0C 00 00 00 00 00 00 00 00 00 00
2026-03-15T14:09:55.572979,52.675,can0  070  [20]  00 2B 4D 08 F3 B0 62 03 D8 D6 00 00 09 15 00 00 21 00 00 00
2026-03-15T14:09:55.573732,52.676,can0  204  [16]  28 58 C9 44 56 2A E7 4D 4C 1D 30 75 30 75 00 00
2026-03-15T14:09:55.574633,52.677,can0  070  [20]  00 2B 4D 08 F3 B0 62 03 D8 D6 00 00 09 15 00 00 21 00 00 00
2026-03-15T14:09:55.575589,52.678,can0  040  [04]  2F 00 0A 00
2026-03-15T14:09:55.672785,52.775,can0  041  [04]  CB 00 0D 00
2026-03-15T14:09:55.673104,52.775,can0  204  [16]  28 58 C6 44 3E 2A AC 4E 4C 1D 30 75 30 75 00 00
2026-03-15T14:09:55.674513,52.777,can0  070  [20]  00 2B 4D 08 F3 B0 62 03 D8 D6 00 00 09 15 00 00 21 00 00 00
2026-03-15T14:09:55.675771,52.778,can0  040  [04]  2F 00 0A 00
2026-03-15T14:09:55.681781,52.784,can0  204  [16]  28 58 C6 44 3E 2A AC 4E 4C 1D 30 75 30 75 00 00
2026-03-15T14:09:55.772687,52.875,can0  204  [16]  28 58 C6 44 6E 2A 15 4E 4C 1D 30 75 30 75 00 00
2026-03-15T14:09:55.773008,52.875,can0  206  [24]  8B 0C A6 05 83 0C D5 EF 90 05 8B 0C 7F 0C 00 00 00 00 00 00 00 00 00 00
2026-03-15T14:09:55.872735,52.975,can0  204  [16]  28 58 C8 44 3E 2A 43 4E 4C 1D 30 75 30 75 00 00
2026-03-15T14:09:55.873084,52.975,can0  204  [16]  28 58 C8 44 3E 2A 43 4E 4C 1D 30 75 30 75 00 00
2026-03-15T14:09:55.873370,52.976,can0  041  [04]  C4 00 0B 00
2026-03-15T14:09:55.874043,52.976,can0  040  [04]  27 00 09 00
2026-03-15T14:09:55.972663,53.075,can0  100  [03]  29 58 04
2026-03-15T14:09:55.973449,53.076,can0  040  [04]  27 00 09 00
2026-03-15T14:09:55.973790,53.076,can0  110  [02]  7F 1B
2026-03-15T14:09:55.974381,53.077,can0  120  [04]  00 00 00 00
2026-03-15T14:09:55.974957,53.077,can0  204  [16]  28 58 C4 44 5A 2A C2 4E 4C 1D 30 75 30 75 00 00
2026-03-15T14:09:55.975194,53.078,can0  204  [16]  28 58 C4 44 5A 2A C2 4E 4C 1D 30 75 30 75 00 00
2026-03-15T14:09:56.073711,53.176,can0  206  [24]  8F 0C 96 05 83 0C D5 EF 96 05 A7 0C 73 0C 00 00 00 00 00 00 00 00 00 00
2026-03-15T14:09:56.074119,53.176,can0  204  [16]  28 58 C6 44 48 2A 48 4F 4C 1D 30 75 30 75 00 00
2026-03-15T14:09:56.172517,53.275,can0  204  [16]  28 58 C7 44 5E 2A 5A 4E 4C 1D 30 75 30 75 00 00
2026-03-15T14:09:56.173155,53.276,can0  041  [04]  CB 00 0A 00
2026-03-15T14:09:56.174164,53.277,can0  040  [04]  18 00 0A 00
2026-03-15T14:09:56.175675,53.278,can0  070  [20]  00 2B 4D 08 F3 B0 62 03 D8 D6 00 00 09 15 00 00 21 00 00 00
2026-03-15T14:09:56.176426,53.279,can0  204  [16]  28 58 C7 44 5E 2A 5A 4E 4C 1D 30 75 30 75 00 00
2026-03-15T14:09:56.177140,53.280,can0  040  [04]  18 00 0A 00
2026-03-15T14:09:56.272072,53.374,can0  204  [16]  28 58 CA 44 58 2A 91 4D 4C 1D 30 75 30 75 00 00
2026-03-15T14:09:56.273470,53.376,can0  070  [20]  00 2B 4D 08 F3 B0 62 03 D8 D6 00 00 09 15 00 00 21 00 00 00
2026-03-15T14:09:56.273875,53.376,can0  206  [24]  83 0C A3 05 7F 0C C5 EF 90 05 97 0C 83 0C 00 00 00 00 00 00 00 00 00 00
2026-03-15T14:09:56.274208,53.377,can0  204  [16]  28 58 CA 44 58 2A 91 4D 4C 1D 30 75 30 75 00 00
2026-03-15T14:09:56.373101,53.475,can0  060  [32]  41 4B 11 00 5D 6C 4D 08 98 2F 62 03 02 00 01 06 43 00 80 00 00 00 00 00 02 00 00 00 00 00 00 00
2026-03-15T14:09:56.374174,53.477,can0  060  [32]  00 00 00 00 00 2B 4D 08 48 06 B8 10 00 00 10 0E FF 01 00 00 00 00 00 01 02 00 00 00 00 00 00 00
2026-03-15T14:09:56.374877,53.477,can0  204  [16]  28 58 C8 44 56 2A 2A 4E 4C 1D 30 75 30 75 00 00
2026-03-15T14:09:56.473141,53.576,can0  040  [04]  15 00 0D 00
2026-03-15T14:09:56.473649,53.576,can0  041  [04]  D1 00 0A 00
2026-03-15T14:09:56.474075,53.576,can0  204  [16]  28 58 C5 44 4C 2A E5 4E 4C 1D 30 75 30 75 00 00
2026-03-15T14:09:56.474885,53.577,can0  040  [04]  15 00 0D 00
2026-03-15T14:09:56.477760,53.580,can0  204  [16]  28 58 C5 44 4C 2A E5 4E 4C 1D 30 75 30 75 00 00
2026-03-15T14:09:56.572495,53.675,can0  204  [16]  28 58 C5 44 4C 2A E5 4E 4C 1D 30 75 30 75 00 00
2026-03-15T14:09:56.574906,53.677,can0  206  [24]  8B 0C AA 05 7B 0C C5 EF 92 05 97 0C 7F 0C 00 00 00 00 00 00 00 00 00 00
2026-03-15T14:09:56.575002,53.677,can0  070  [20]  00 2B 4D 08 F2 B0 62 03 C0 DA 00 00 09 15 00 00 18 00 00 00
2026-03-15T14:09:56.575787,53.678,can0  070  [20]  00 2B 4D 08 F2 B0 62 03 C0 DA 00 00 09 15 00 00 18 00 00 00
2026-03-15T14:09:56.672351,53.775,can0  204  [16]  28 58 C7 44 23 2A F7 4D 4C 1D 30 75 30 75 00 00
2026-03-15T14:09:56.672680,53.775,can0  204  [16]  28 58 C7 44 23 2A F7 4D 4C 1D 30 75 30 75 00 00
2026-03-15T14:09:56.673395,53.776,can0  040  [04]  15 00 0D 00
2026-03-15T14:09:56.675253,53.778,can0  041  [04]  E0 00 0D 00
2026-03-15T14:09:56.675350,53.778,can0  070  [20]  00 2B 4D 08 F2 B0 62 03 C0 DA 00 00 09 15 00 00 18 00 00 00
2026-03-15T14:09:56.772690,53.875,can0  204  [16]  28 58 C8 44 6A 2A 46 4E 4C 1D 30 75 30 75 00 00
2026-03-15T14:09:56.773375,53.876,can0  040  [04]  15 00 0D 00
2026-03-15T14:09:56.775814,53.878,can0  204  [16]  28 58 C8 44 6A 2A 46 4E 4C 1D 30 75 30 75 00 00
2026-03-15T14:09:56.872493,53.975,can0  206  [24]  8F 0C A6 05 7F 0C C5 EF 92 05 9B 0C 7B 0C 00 00 00 00 00 00 00 00 00 00
2026-03-15T14:09:56.872713,53.975,can0  060  [32]  00 00 00 00 00 00 00 00 00 00 00 00 00 00 00 00 00 00 00 00 00 00 00 00 00 00 00 00 00 00 00 00
2026-03-15T14:09:56.872966,53.975,can0  204  [16]  28 58 C8 44 52 2A 5A 4D 4C 1D 30 75 30 75 00 00
2026-03-15T14:09:56.875135,53.978,can0  132  [00]
2026-03-15T14:09:56.972088,54.074,can0  204  [16]  28 58 C9 44 5C 2A 1F 4D 4C 1D 30 75 30 75 00 00
2026-03-15T14:09:56.972776,54.075,can0  040  [04]  18 00 0B 00
2026-03-15T14:09:56.976317,54.079,can0  041  [04]  D8 00 0E 00
2026-03-15T14:09:56.976387,54.079,can0  204  [16]  28 58 C9 44 5C 2A 1F 4D 4C 1D 30 75 30 75 00 00
2026-03-15T14:09:56.976427,54.079,can0  040  [04]  18 00 0B 00
2026-03-15T14:09:57.075117,54.177,can0  204  [16]  28 58 CB 44 46 2A F3 4D 4C 1D 30 75 30 75 00 00
2026-03-15T14:09:57.075208,54.178,can0  133  [00]
2026-03-15T14:09:57.075277,54.178,can0  204  [16]  28 58 CB 44 46 2A F3 4D 4C 1D 30 75 30 75 00 00
2026-03-15T14:09:57.075337,54.178,can0  206  [24]  8B 0C A8 05 7F 0C C5 EF 8E 05 97 0C 7B 0C 00 00 00 00 00 00 00 00 00 00
2026-03-15T14:09:57.187349,54.290,can0  100  [03]  30 58 04
2026-03-15T14:09:57.188077,54.290,can0  120  [04]  00 00 00 00
2026-03-15T14:09:57.189962,54.292,can0  204  [16]  28 58 C7 44 44 2A E1 4C 4C 1D 30 75 30 75 00 00
2026-03-15T14:09:57.190068,54.292,can0  070  [20]  00 2B 4D 08 F2 B0 62 03 C0 DA 00 00 09 15 00 00 18 00 00 00
2026-03-15T14:09:57.307479,54.410,can0  041  [04]  E8 00 0D 00
2026-03-15T14:09:57.308296,54.411,can0  040  [04]  20 00 0B 00
2026-03-15T14:09:57.310301,54.413,can0  204  [16]  28 58 C3 44 3A 2A F8 4C 4C 1D 30 75 30 75 00 00
2026-03-15T14:09:57.310412,54.413,can0  070  [20]  00 2B 4D 08 F2 B0 62 03 C0 DA 00 00 09 15 00 00 18 00 00 00
2026-03-15T14:09:57.311418,54.414,can0  040  [04]  20 00 0B 00
2026-03-15T14:09:57.316335,54.419,can0  204  [16]  28 58 C3 44 3A 2A F8 4C 4C 1D 30 75 30 75 00 00
2026-03-15T14:09:57.370902,54.473,can0  204  [16]  28 58 C4 44 58 2A 8F 4D 4C 1D 30 75 30 75 00 00
2026-03-15T14:09:57.372499,54.475,can0  060  [32]  00 00 00 00 00 2B 4D 08 46 06 B8 10 00 00 10 0E FF 01 00 00 00 00 00 00 01 00 00 00 00 00 00 00
2026-03-15T14:09:57.373460,54.476,can0  206  [24]  83 0C AC 05 7B 0C 3E F0 92 05 A3 0C 87 0C 00 00 00 00 00 00 00 00 00 00
2026-03-15T14:09:57.373854,54.476,can0  204  [16]  28 58 C4 44 58 2A 8F 4D 4C 1D 30 75 30 75 00 00
2026-03-15T14:09:57.488159,54.591,can0  204  [16]  28 58 C9 44 62 2A 11 4D 4C 1D 30 75 30 75 00 00
2026-03-15T14:09:57.488273,54.591,can0  041  [04]  E7 00 0E 00
2026-03-15T14:09:57.489040,54.591,can0  040  [04]  2C 00 0A 00
2026-03-15T14:09:57.605674,54.708,can0  204  [16]  28 58 C9 44 62 2A 11 4D 4C 1D 30 75 30 75 00 00
2026-03-15T14:09:57.606499,54.709,can0  040  [04]  2C 00 0A 00
2026-03-15T14:09:57.608716,54.711,can0  110  [02]  7E 1B
2026-03-15T14:09:57.608808,54.711,can0  070  [20]  00 2B 4D 08 F0 B0 62 03 A8 DE 00 00 09 15 00 00 32 00 00 00
2026-03-15T14:09:57.609098,54.711,can0  204  [16]  28 58 CC 44 52 2A EA 4C 4C 1D 30 75 30 75 00 00
2026-03-15T14:09:57.610600,54.713,can0  070  [20]  00 2B 4D 08 F0 B0 62 03 A8 DE 00 00 09 15 00 00 33 00 00 00
2026-03-15T14:09:57.669790,54.772,can0  206  [24]  83 0C A8 05 83 0C C5 EF 90 05 8F 0C 87 0C 00 00 00 00 00 00 00 00 00 00
2026-03-15T14:09:57.669935,54.772,can0  204  [16]  28 58 C8 44 4C 2A 8F 4D 4C 1D 30 75 30 75 00 00
2026-03-15T14:09:57.671199,54.774,can0  070  [20]  00 2B 4D 08 F0 B0 62 03 A8 DE 00 00 09 15 00 00 33 00 00 00
2026-03-15T14:09:57.784692,54.887,can0  204  [16]  28 58 C9 44 3C 2A 43 4D 4C 1D 30 75 30 75 00 00
2026-03-15T14:09:57.784798,54.887,can0  040  [04]  33 00 0B 00
2026-03-15T14:09:57.785069,54.887,can0  041  [04]  EF 00 0E 00
2026-03-15T14:09:57.786104,54.888,can0  204  [16]  28 58 C9 44 3C 2A 43 4D 4C 1D 30 75 30 75 00 00
2026-03-15T14:09:57.786190,54.889,can0  040  [04]  33 00 0B 00
2026-03-15T14:09:57.898065,55.000,can0  204  [16]  28 58 C7 44 40 2A C1 4E 4C 1D 30 75 30 75 00 00
2026-03-15T14:09:57.898404,55.001,can0  060  [32]  00 00 00 00 00 00 00 00 00 00 00 00 00 00 00 00 00 00 00 00 00 00 00 00 00 00 00 00 00 00 00 00
2026-03-15T14:09:57.898815,55.001,can0  204  [16]  28 58 C7 44 40 2A C1 4E 4C 1D 30 75 30 75 00 00
2026-03-15T14:09:57.899194,55.002,can0  206  [24]  83 0C A6 05 7F 0C C5 EF 8E 05 8F 0C 87 0C 00 00 00 00 00 00 00 00 00 00
2026-03-15T14:09:58.012995,55.115,can0  204  [16]  28 58 CC 44 4E 2A 92 4D 4C 1D 30 75 30 75 00 00
2026-03-15T14:09:58.013096,55.115,can0  040  [04]  41 00 0C 00
2026-03-15T14:09:58.070779,55.173,can0  041  [04]  F2 00 0B 00
2026-03-15T14:09:58.071194,55.174,can0  204  [16]  28 58 C9 44 58 2A BD 4E 4C 1D 30 75 30 75 00 00
2026-03-15T14:09:58.075568,55.178,can0  040  [04]  41 00 0C 00
2026-03-15T14:09:58.075688,55.178,can0  204  [16]  28 58 C9 44 58 2A BD 4E 4C 1D 30 75 30 75 00 00
2026-03-15T14:09:58.180838,55.283,can0  204  [16]  28 58 CA 44 54 2A 1B 4E 4C 1D 30 75 30 75 00 00
2026-03-15T14:09:58.181307,55.284,can0  206  [24]  8B 0C A8 05 7B 0C D5 EF 8E 05 93 0C 83 0C 00 00 00 00 00 00 00 00 00 00
2026-03-15T14:09:58.182590,55.285,can0  070  [20]  00 2B 4D 08 F0 B0 62 03 A8 DE 00 00 09 15 00 00 33 00 00 00
2026-03-15T14:09:58.182976,55.285,can0  204  [16]  28 58 CA 44 54 2A 1B 4E 4C 1D 30 75 30 75 00 00
2026-03-15T14:09:58.273830,55.376,can0  204  [16]  28 58 C6 44 54 2A 91 4D 4C 1D 30 75 30 75 00 00
2026-03-15T14:09:58.274996,55.377,can0  070  [20]  00 2B 4D 08 F0 B0 62 03 A8 DE 00 00 09 15 00 00 33 00 00 00
2026-03-15T14:09:58.276070,55.378,can0  040  [04]  4A 00 0D 00
2026-03-15T14:09:58.276479,55.379,can0  041  [04]  F2 00 0B 00
2026-03-15T14:09:58.379596,55.482,can0  204  [16]  28 58 C7 44 50 2A 82 4D 4C 1D 30 75 30 75 00 00
2026-03-15T14:09:58.380351,55.483,can0  040  [04]  4A 00 0D 00
2026-03-15T14:09:58.381857,55.484,can0  100  [03]  34 58 04
2026-03-15T14:09:58.381947,55.484,can0  120  [04]  00 00 00 00
2026-03-15T14:09:58.382116,55.484,can0  060  [32]  00 00 00 00 00 00 00 00 00 00 00 00 00 00 00 00 00 00 00 00 00 00 00 00 00 00 00 00 00 00 00 00
2026-03-15T14:09:58.383126,55.485,can0  060  [32]  00 00 00 00 00 2B 4D 08 45 06 B8 10 00 00 10 0E FF 01 00 00 00 00 00 00 01 00 00 00 00 00 00 00
2026-03-15T14:09:58.385483,55.488,can0  204  [16]  28 58 C7 44 50 2A 82 4D 4C 1D 30 75 30 75 00 00
2026-03-15T14:09:58.471987,55.574,can0  204  [16]  28 58 C9 44 52 2A A9 4D 4C 1D 30 75 30 75 00 00
2026-03-15T14:09:58.472564,55.575,can0  206  [24]  8F 0C AA 05 7F 0C D5 EF 94 05 8F 0C 77 0C 00 00 00 00 00 00 00 00 00 00
2026-03-15T14:09:58.472640,55.575,can0  204  [16]  28 58 C9 44 52 2A A9 4D 4C 1D 30 75 30 75 00 00
2026-03-15T14:09:58.571852,55.674,can0  041  [04]  F0 00 0A 00
2026-03-15T14:09:58.573043,55.675,can0  070  [20]  00 2B 4D 08 F0 B0 62 03 90 E2 00 00 09 15 00 00 30 00 00 00
2026-03-15T14:09:58.574526,55.677,can0  040  [04]  54 00 0F 00
2026-03-15T14:09:58.576174,55.679,can0  204  [16]  28 58 CB 44 5A 2A D3 4D 4C 1D 30 75 30 75 00 00
2026-03-15T14:09:58.576286,55.679,can0  070  [20]  00 2B 4D 08 F0 B0 62 03 90 E2 00 00 09 15 00 00 2F 00 00 00
2026-03-15T14:09:58.577214,55.680,can0  040  [04]  54 00 0F 00
2026-03-15T14:09:58.672166,55.775,can0  204  [16]  28 58 C9 44 62 2A 48 4D 4C 1D 30 75 30 75 00 00
2026-03-15T14:09:58.672524,55.775,can0  204  [16]  28 58 C9 44 62 2A 48 4D 4C 1D 30 75 30 75 00 00
2026-03-15T14:09:58.672799,55.775,can0  206  [24]  93 0C AA 05 7F 0C C5 EF 90 05 93 0C 77 0C 00 00 00 00 00 00 00 00 00 00
2026-03-15T14:09:58.674036,55.776,can0  070  [20]  00 2B 4D 08 F0 B0 62 03 90 E2 00 00 09 15 00 00 2F 00 00 00
2026-03-15T14:09:58.772209,55.875,can0  204  [16]  28 58 C8 44 60 2A 1C 4D 4C 1D 30 75 30 75 00 00
2026-03-15T14:09:58.772898,55.875,can0  040  [04]  53 00 0D 00
2026-03-15T14:09:58.775768,55.878,can0  041  [04]  E9 00 0A 00
2026-03-15T14:09:58.775852,55.878,can0  204  [16]  28 58 C8 44 52 2A 9A 4C 4C 1D 30 75 30 75 00 00
2026-03-15T14:09:58.872932,55.975,can0  040  [04]  53 00 0D 00
2026-03-15T14:09:58.873363,55.976,can0  204  [16]  28 58 C8 44 52 2A 9A 4C 4C 1D 30 75 30 75 00 00
2026-03-15T14:09:58.876001,55.978,can0  060  [32]  00 00 00 00 00 00 00 00 00 00 00 00 00 00 00 00 00 00 00 00 00 00 00 00 00 00 00 00 00 00 00 00
2026-03-15T14:09:58.972175,56.075,can0  204  [16]  28 58 CB 44 46 2A 59 4D 4C 1D 30 75 30 75 00 00
2026-03-15T14:09:58.972477,56.075,can0  206  [24]  8F 0C A8 05 7F 0C D5 EF 90 05 8F 0C 7B 0C 00 00 00 00 00 00 00 00 00 00
2026-03-15T14:09:58.972723,56.075,can0  204  [16]  28 58 CB 44 46 2A 59 4D 4C 1D 30 75 30 75 00 00
2026-03-15T14:09:59.072959,56.175,can0  204  [16]  28 58 CA 44 50 2A 98 4C 4C 1D 30 75 30 75 00 00
2026-03-15T14:09:59.073871,56.176,can0  040  [04]  53 00 0D 00
2026-03-15T14:09:59.074884,56.177,can0  041  [04]  DF 00 0C 00
2026-03-15T14:09:59.185323,56.288,can0  204  [16]  28 58 C8 44 52 2A 68 4C 4C 1D 30 75 30 75 00 00
2026-03-15T14:09:59.185633,56.288,can0  110  [02]  7F 1B
2026-03-15T14:09:59.186489,56.289,can0  040  [04]  53 00 0D 00
2026-03-15T14:09:59.187281,56.290,can0  204  [16]  28 58 C8 44 52 2A 68 4C 4C 1D 30 75 30 75 00 00
2026-03-15T14:09:59.189056,56.291,can0  070  [20]  00 2B 4D 08 F0 B0 62 03 90 E2 00 00 09 15 00 00 2F 00 00 00
2026-03-15T14:09:59.300139,56.403,can0  206  [24]  83 0C A6 05 7F 0C D5 EF 92 05 93 0C 83 0C 00 00 00 00 00 00 00 00 00 00
2026-03-15T14:09:59.300533,56.403,can0  204  [16]  28 58 C6 44 5C 2A 76 4D 4C 1D 30 75 30 75 00 00
2026-03-15T14:09:59.302080,56.404,can0  070  [20]  00 2B 4D 08 F0 B0 62 03 90 E2 00 00 09 15 00 00 2F 00 00 00
2026-03-15T14:09:59.302731,56.405,can0  204  [16]  28 58 C6 44 5C 2A 76 4D 4C 1D 30 75 30 75 00 00
2026-03-15T14:09:59.413065,56.515,can0  040  [04]  53 00 0D 00
2026-03-15T14:09:59.415614,56.518,can0  041  [04]  D4 00 0C 00
2026-03-15T14:09:59.415716,56.518,can0  204  [16]  28 58 C8 44 46 2A 3A 4C 4C 1D 30 75 30 75 00 00
2026-03-15T14:09:59.415788,56.518,can0  060  [32]  00 00 00 00 00 2B 4D 08 45 06 B8 10 00 00 10 0E FF 01 00 00 00 00 00 00 01 00 00 00 00 00 00 00
2026-03-15T14:09:59.416856,56.519,can0  040  [04]  53 00 0D 00
2026-03-15T14:09:59.474084,56.576,can0  204  [16]  28 58 C9 44 64 2A F3 4D 4C 1D 30 75 30 75 00 00
2026-03-15T14:09:59.474477,56.577,can0  204  [16]  28 58 C9 44 64 2A F3 4D 4C 1D 30 75 30 75 00 00
2026-03-15T14:09:59.474987,56.577,can0  206  [24]  8F 0C A6 05 7B 0C B6 EF 90 05 8B 0C 83 0C 00 00 00 00 00 00 00 00 00 00
2026-03-15T14:09:59.573073,56.675,can0  100  [03]  37 58 04
2026-03-15T14:09:59.573469,56.676,can0  204  [16]  28 58 C9 44 64 2A F3 4D 4C 1D 30 75 30 75 00 00
2026-03-15T14:09:59.574017,56.676,can0  120  [04]  00 00 00 00
2026-03-15T14:09:59.575246,56.678,can0  070  [20]  00 2B 4D 08 EE B0 62 03 78 E6 00 00 09 15 00 00 2C 00 00 00
2026-03-15T14:09:59.583147,56.686,can0  041  [04]  D6 00 0B 00
2026-03-15T14:09:59.583508,56.686,can0  204  [16]  28 58 CA 44 5C 2A DF 4C 4C 1D 30 75 30 75 00 00
2026-03-15T14:09:59.584570,56.687,can0  070  [20]  00 2B 4D 08 EE B0 62 03 78 E6 00 00 09 15 00 00 2D 00 00 00
2026-03-15T14:09:59.585612,56.688,can0  040  [04]  58 00 0F 00
2026-03-15T14:09:59.673096,56.775,can0  040  [04]  58 00 0F 00
2026-03-15T14:09:59.673525,56.776,can0  204  [16]  28 58 CA 44 5C 2A DF 4C 4C 1D 30 75 30 75 00 00
2026-03-15T14:09:59.675391,56.778,can0  070  [20]  00 2B 4D 08 EE B0 62 03 78 E6 00 00 09 15 00 00 2D 00 00 00
2026-03-15T14:09:59.772492,56.875,can0  204  [16]  28 58 C8 44 4C 2A 2C 4D 4C 1D 30 75 30 75 00 00
2026-03-15T14:09:59.772873,56.875,can0  206  [24]  87 0C A6 05 77 0C C5 EF 90 05 A3 0C 83 0C 00 00 00 00 00 00 00 00 00 00
2026-03-15T14:09:59.773234,56.876,can0  204  [16]  28 58 C8 44 4C 2A 2C 4D 4C 1D 30 75 30 75 00 00
2026-03-15T14:09:59.872076,56.974,can0  204  [16]  28 58 C6 44 5C 2A 60 4D 4C 1D 30 75 30 75 00 00
2026-03-15T14:09:59.872379,56.975,can0  060  [32]  00 00 00 00 00 00 00 00 00 00 00 00 00 00 00 00 00 00 00 00 00 00 00 00 00 00 00 00 00 00 00 00
2026-03-15T14:09:59.873104,56.975,can0  040  [04]  58 00 0D 00
2026-03-15T14:09:59.875971,56.978,can0  041  [04]  D1 00 0B 00
2026-03-15T14:09:59.972270,57.075,can0  204  [16]  28 58 C9 44 66 2A E2 4C 4C 1D 30 75 30 75 00 00
2026-03-15T14:09:59.972988,57.075,can0  040  [04]  58 00 0D 00
2026-03-15T14:09:59.973501,57.076,can0  204  [16]  28 58 C9 44 66 2A E2 4C 4C 1D 30 75 30 75 00 00
2026-03-15T14:09:59.974250,57.077,can0  206  [24]  87 0C AA 05 87 0C 03 F0 8B 05 93 0C 7F 0C 00 00 00 00 00 00 00 00 00 00
2026-03-15T14:10:00.072771,57.175,can0  204  [16]  28 58 CA 44 56 2A C0 4D 4C 1D 30 75 30 75 00 00
2026-03-15T14:10:00.073025,57.175,can0  204  [16]  28 58 CA 44 56 2A C0 4D 4C 1D 30 75 30 75 00 00
2026-03-15T14:10:00.172278,57.275,can0  040  [04]  58 00 0D 00
2026-03-15T14:10:00.172634,57.275,can0  041  [04]  C4 00 0B 00
2026-03-15T14:10:00.173361,57.276,can0  204  [16]  28 58 CA 44 52 2A 5A 4E 4C 1D 30 75 30 75 00 00
2026-03-15T14:10:00.174515,57.277,can0  070  [20]  00 2B 4D 08 EE B0 62 03 78 E6 00 00 09 15 00 00 2D 00 00 00
2026-03-15T14:10:00.175507,57.278,can0  040  [04]  58 00 0D 00
2026-03-15T14:10:00.272469,57.375,can0  204  [16]  28 58 C8 44 4C 2A B2 4D 4C 1D 30 75 30 75 00 00
2026-03-15T14:10:00.272832,57.375,can0  206  [24]  87 0C B5 05 7F 0C D5 EF 90 05 9B 0C 83 0C 00 00 00 00 00 00 00 00 00 00
2026-03-15T14:10:00.273140,57.376,can0  204  [16]  28 58 C8 44 4C 2A B2 4D 4C 1D 30 75 30 75 00 00
2026-03-15T14:10:00.274092,57.376,can0  070  [20]  00 2B 4D 08 EE B0 62 03 78 E6 00 00 09 15 00 00 2D 00 00 00
2026-03-15T14:10:00.372703,57.475,can0  204  [16]  28 58 C9 44 5E 2A 5F 4D 4C 1D 30 75 30 75 00 00
2026-03-15T14:10:00.373003,57.475,can0  060  [32]  00 00 00 00 00 00 00 00 00 00 00 00 00 00 00 00 00 00 00 00 00 00 00 00 00 00 00 00 00 00 00 00
2026-03-15T14:10:00.374453,57.477,can0  204  [16]  28 58 C9 44 5E 2A 5F 4D 4C 1D 30 75 30 75 00 00
2026-03-15T14:10:00.374509,57.477,can0  060  [32]  00 00 00 00 00 2B 4D 08 43 06 B8 10 00 00 10 0E FF 01 00 00 00 00 00 00 01 00 00 00 00 00 00 00
2026-03-15T14:10:00.375608,57.478,can0  040  [04]  58 00 0D 00
2026-03-15T14:10:00.378252,57.481,can0  041  [04]  B5 00 0C 00
2026-03-15T14:10:00.472644,57.575,can0  204  [16]  28 58 C7 44 5E 2A A5 4D 4C 1D 30 75 30 75 00 00
2026-03-15T14:10:00.473411,57.576,can0  040  [04]  58 00 0D 00
2026-03-15T14:10:00.474215,57.577,can0  204  [16]  28 58 C7 44 5E 2A A5 4D 4C 1D 30 75 30 75 00 00
2026-03-15T14:10:00.589253,57.692,can0  206  [24]  97 0C AA 05 83 0C C5 EF 94 05 93 0C 73 0C 00 00 00 00 00 00 00 00 00 00
2026-03-15T14:10:00.589714,57.692,can0  204  [16]  28 58 C9 44 5E 2A 4E 4D 4C 1D 30 75 30 75 00 00
2026-03-15T14:10:00.591164,57.694,can0  070  [20]  00 2B 4D 08 ED B0 62 03 00 00 00 00 0A 15 00 00 14 00 00 00
2026-03-15T14:10:00.709528,57.812,can0  204  [16]  28 58 CC 44 4A 2A 9A 4D 4C 1D 30 75 30 75 00 00
2026-03-15T14:10:00.709647,57.812,can0  070  [20]  00 2B 4D 08 ED B0 62 03 00 00 00 00 0A 15 00 00 15 00 00 00
2026-03-15T14:10:00.710205,57.813,can0  041  [04]  B5 00 0C 00
2026-03-15T14:10:00.712729,57.815,can0  040  [04]  58 00 0D 00
2026-03-15T14:10:00.712835,57.815,can0  204  [16]  28 58 CC 44 4A 2A 9A 4D 4C 1D 30 75 30 75 00 00
2026-03-15T14:10:00.712910,57.815,can0  070  [20]  00 2B 4D 08 ED B0 62 03 00 00 00 00 0A 15 00 00 15 00 00 00
2026-03-15T14:10:00.771845,57.874,can0  040  [04]  58 00 0D 00
2026-03-15T14:10:00.772912,57.875,can0  100  [03]  3A 58 04
2026-03-15T14:10:00.773828,57.876,can0  110  [02]  7D 1B
2026-03-15T14:10:00.773921,57.876,can0  120  [04]  00 00 00 00
2026-03-15T14:10:00.774256,57.877,can0  204  [16]  28 58 CC 44 40 2A 39 4E 4C 1D 30 75 30 75 00 00
2026-03-15T14:10:00.873939,57.976,can0  206  [24]  87 0C A8 05 7F 0C C5 EF 8E 05 97 0C 7F 0C 00 00 00 00 00 00 00 00 00 00
2026-03-15T14:10:00.874283,57.977,can0  204  [16]  28 58 CB 44 80 2A 89 4D 4C 1D 30 75 30 75 00 00
2026-03-15T14:10:00.874695,57.977,can0  204  [16]  28 58 CB 44 80 2A 89 4D 4C 1D 30 75 30 75 00 00
2026-03-15T14:10:00.878285,57.981,can0  060  [32]  00 00 00 00 00 00 00 00 00 00 00 00 00 00 00 00 00 00 00 00 00 00 00 00 00 00 00 00 00 00 00 00
2026-03-15T14:10:00.986715,58.089,can0  041  [04]  BE 00 0B 00
2026-03-15T14:10:00.987619,58.090,can0  040  [04]  58 00 0F 00
2026-03-15T14:10:00.988731,58.091,can0  204  [16]  28 58 C9 44 5C 2A 0E 4E 4C 1D 30 75 30 75 00 00
2026-03-15T14:10:00.988822,58.091,can0  040  [04]  58 00 0F 00
2026-03-15T14:10:00.994740,58.097,can0  204  [16]  28 58 C9 44 5C 2A 0E 4E 4C 1D 30 75 30 75 00 00
2026-03-15T14:10:01.106323,58.209,can0  204  [16]  28 58 C8 44 60 2A 8F 4D 4C 1D 30 75 30 75 00 00
2026-03-15T14:10:01.106784,58.209,can0  206  [24]  7F 0C A8 05 83 0C D5 EF 90 05 93 0C 87 0C 00 00 00 00 00 00 00 00 00 00
2026-03-15T14:10:01.218414,58.321,can0  204  [16]  28 58 C6 44 46 2A 7B 4C 4C 1D 30 75 30 75 00 00
2026-03-15T14:10:01.218842,58.321,can0  204  [16]  28 58 C6 44 46 2A 7B 4C 4C 1D 30 75 30 75 00 00
2026-03-15T14:10:01.220304,58.323,can0  070  [20]  00 2B 4D 08 ED B0 62 03 00 00 00 00 0A 15 00 00 15 00 00 00
2026-03-15T14:10:01.221665,58.324,can0  040  [04]  53 00 10 00
2026-03-15T14:10:01.228236,58.331,can0  041  [04]  C6 00 09 00
2026-03-15T14:10:01.303743,58.406,can0  040  [04]  53 00 10 00
2026-03-15T14:10:01.304315,58.407,can0  204  [16]  28 58 C4 44 48 2A 45 4E 4C 1D 30 75 30 75 00 00
2026-03-15T14:10:01.305649,58.408,can0  070  [20]  00 2B 4D 08 ED B0 62 03 00 00 00 00 0A 15 00 00 15 00 00 00
2026-03-15T14:10:01.306235,58.409,can0  204  [16]  28 58 C5 44 52 2A 5D 4E 4C 1D 30 75 30 75 00 00
2026-03-15T14:10:01.384520,58.487,can0  206  [24]  7F 0C AA 05 7B 0C F4 EF 90 05 97 0C 87 0C 00 00 00 00 00 00 00 00 00 00
2026-03-15T14:10:01.384885,58.487,can0  204  [16]  28 58 C5 44 52 2A 5D 4E 4C 1D 30 75 30 75 00 00
2026-03-15T14:10:01.386016,58.488,can0  060  [32]  00 00 00 00 00 2B 4D 08 41 06 B8 10 00 00 10 0E FF 01 00 00 00 00 00 00 01 00 00 00 00 00 00 00
2026-03-15T14:10:01.472704,58.575,can0  204  [16]  28 58 C5 44 44 2A 28 4E 4C 1D 30 75 30 75 00 00
2026-03-15T14:10:01.473535,58.576,can0  040  [04]  49 00 0F 00
2026-03-15T14:10:01.473892,58.576,can0  041  [04]  C4 00 09 00
2026-03-15T14:10:01.476678,58.579,can0  204  [16]  28 58 C5 44 44 2A 28 4E 4C 1D 30 75 30 75 00 00
2026-03-15T14:10:01.573168,58.676,can0  040  [04]  49 00 0F 00
2026-03-15T14:10:01.573327,58.676,can0  204  [16]  28 58 C5 44 60 2A 9E 4D 4C 1D 30 75 30 75 00 00
2026-03-15T14:10:01.574823,58.677,can0  070  [20]  00 2B 4D 08 ED B0 62 03 E8 03 00 00 0A 15 00 00 29 00 00 00
2026-03-15T14:10:01.575474,58.678,can0  206  [24]  93 0C C8 05 6F 0C B6 EF 94 05 A7 0C 7F 0C 00 00 00 00 00 00 00 00 00 00
2026-03-15T14:10:01.576617,58.679,can0  070  [20]  00 2B 4D 08 ED B0 62 03 E8 03 00 00 0A 15 00 00 29 00 00 00
2026-03-15T14:10:01.683624,58.786,can0  204  [16]  28 58 C7 44 68 2A 8A 4D 4C 1D 30 75 30 75 00 00
2026-03-15T14:10:01.683961,58.786,can0  204  [16]  28 58 C7 44 68 2A 8A 4D 4C 1D 30 75 30 75 00 00
2026-03-15T14:10:01.685392,58.788,can0  070  [20]  00 2B 4D 08 ED B0 62 03 E8 03 00 00 0A 15 00 00 29 00 00 00
2026-03-15T14:10:01.772629,58.875,can0  040  [04]  47 00 0D 00
2026-03-15T14:10:01.773493,58.876,can0  041  [04]  C4 00 09 00
2026-03-15T14:10:01.773953,58.876,can0  204  [16]  28 58 C8 44 5A 2A B2 4D 4C 1D 30 75 30 75 00 00
2026-03-15T14:10:01.774731,58.877,can0  040  [04]  47 00 0D 00
2026-03-15T14:10:01.775521,58.878,can0  204  [16]  28 58 C8 44 5A 2A B2 4D 4C 1D 30 75 30 75 00 00
2026-03-15T14:10:01.872423,58.975,can0  204  [16]  28 58 CB 44 62 2A FF 4C 4C 1D 30 75 30 75 00 00
2026-03-15T14:10:01.872717,58.975,can0  206  [24]  8F 0C A6 05 7B 0C D5 EF 8E 05 97 0C 7F 0C 00 00 00 00 00 00 00 00 00 00
2026-03-15T14:10:01.872945,58.975,can0  060  [32]  00 00 00 00 00 00 00 00 00 00 00 00 00 00 00 00 00 00 00 00 00 00 00 00 00 00 00 00 00 00 00 00
2026-03-15T14:10:01.972252,59.075,can0  204  [16]  28 58 C7 44 3C 2A 23 4E 4C 1D 30 75 30 75 00 00
2026-03-15T14:10:01.972938,59.075,can0  100  [03]  41 58 04
2026-03-15T14:10:01.973628,59.076,can0  120  [04]  00 00 00 00
2026-03-15T14:10:01.973894,59.076,can0  204  [16]  28 58 C7 44 3C 2A 23 4E 4C 1D 30 75 30 75 00 00
2026-03-15T14:10:01.974113,59.076,can0  041  [04]  CD 00 08 00
2026-03-15T14:10:01.974851,59.077,can0  040  [04]  41 00 0D 00
2026-03-15T14:10:02.072506,59.175,can0  204  [16]  28 58 C6 44 64 2A 97 4D 4C 1D 30 75 30 75 00 00
2026-03-15T14:10:02.073368,59.176,can0  040  [04]  41 00 0D 00
2026-03-15T14:10:02.076312,59.179,can0  204  [16]  28 58 C6 44 64 2A 97 4D 4C 1D 30 75 30 75 00 00
2026-03-15T14:10:02.172158,59.275,can0  206  [24]  87 0C A8 05 7F 0C C5 EF 8E 05 8F 0C 83 0C 00 00 00 00 00 00 00 00 00 00
2026-03-15T14:10:02.172416,59.275,can0  204  [16]  28 58 C4 44 52 2A 68 4C 4C 1D 30 75 30 75 00 00
2026-03-15T14:10:02.173462,59.276,can0  070  [20]  00 2B 4D 08 ED B0 62 03 E8 03 00 00 0A 15 00 00 29 00 00 00
2026-03-15T14:10:02.272471,59.375,can0  204  [16]  28 58 C8 44 50 2A F0 4C 4C 1D 30 75 30 75 00 00
2026-03-15T14:10:02.273604,59.376,can0  070  [20]  00 2B 4D 08 ED B0 62 03 E8 03 00 00 0A 15 00 00 29 00 00 00
2026-03-15T14:10:02.274605,59.377,can0  040  [04]  3E 00 0A 00
2026-03-15T14:10:02.275293,59.378,can0  041  [04]  D8 00 09 00
2026-03-15T14:10:02.275376,59.378,can0  204  [16]  28 58 C8 44 50 2A F0 4C 4C 1D 30 75 30 75 00 00
2026-03-15T14:10:02.276337,59.379,can0  040  [04]  3E 00 0A 00
2026-03-15T14:10:02.372354,59.475,can0  110  [02]  7F 1B
2026-03-15T14:10:02.372629,59.475,can0  204  [16]  28 58 C8 44 50 2A 3B 4C 4C 1D 30 75 30 75 00 00
2026-03-15T14:10:02.372896,59.475,can0  206  [24]  83 0C A8 05 83 0C C5 EF 92 05 8F 0C 83 0C 00 00 00 00 00 00 00 00 00 00
2026-03-15T14:10:02.373119,59.475,can0  204  [16]  28 58 C8 44 50 2A 3B 4C 4C 1D 30 75 30 75 00 00
2026-03-15T14:10:02.373454,59.476,can0  060  [32]  00 00 00 00 00 00 00 00 00 00 00 00 00 00 00 00 00 00 00 00 00 00 00 00 00 00 00 00 00 00 00 00
2026-03-15T14:10:02.523323,59.626,can0  060  [32]  00 00 00 00 00 2B 4D 08 41 06 B8 10 00 00 10 0E FF 01 00 00 00 00 00 00 01 00 00 00 00 00 00 00
2026-03-15T14:10:02.524048,59.626,can0  204  [16]  28 58 CD 44 60 2A 0D 4C 4C 1D 30 75 30 75 00 00
2026-03-15T14:10:02.572564,59.675,can0  204  [16]  28 58 CD 44 60 2A 0D 4C 4C 1D 30 75 30 75 00 00
2026-03-15T14:10:02.573592,59.676,can0  040  [04]  4D 00 08 00
2026-03-15T14:10:02.574331,59.677,can0  041  [04]  DA 00 0B 00
2026-03-15T14:10:02.575974,59.678,can0  070  [20]  00 2B 4D 08 ED B0 62 03 D0 07 00 00 0A 15 00 00 2E 00 00 00
2026-03-15T14:10:02.577357,59.680,can0  070  [20]  00 2B 4D 08 ED B0 62 03 D0 07 00 00 0A 15 00 00 2D 00 00 00
2026-03-15T14:10:02.577825,59.680,can0  204  [16]  28 58 CE 44 68 2A CA 4C 4C 1D 30 75 30 75 00 00
2026-03-15T14:10:02.578521,59.681,can0  040  [04]  4D 00 08 00
2026-03-15T14:10:02.674566,59.777,can0  204  [16]  28 58 CD 44 44 2A 84 4C 4C 1D 30 75 30 75 00 00
2026-03-15T14:10:02.675999,59.778,can0  070  [20]  00 2B 4D 08 ED B0 62 03 D0 07 00 00 0A 15 00 00 2D 00 00 00
2026-03-15T14:10:02.680380,59.783,can0  206  [24]  87 0C AC 05 7F 0C E4 EF 92 05 93 0C 83 0C 00 00 00 00 00 00 00 00 00 00
2026-03-15T14:10:02.785924,59.888,can0  204  [16]  28 58 C8 44 4E 2A A4 4C 4C 1D 30 75 30 75 00 00
2026-03-15T14:10:02.786284,59.889,can0  204  [16]  28 58 C8 44 4E 2A A4 4C 4C 1D 30 75 30 75 00 00
2026-03-15T14:10:02.787319,59.890,can0  040  [04]  43 00 07 00
2026-03-15T14:10:02.793086,59.895,can0  041  [04]  E0 00 0E 00
2026-03-15T14:10:02.902897,60.005,can0  204  [16]  28 58 C0 44 3C 2A D4 4C 4C 1D 30 75 30 75 00 00
2026-03-15T14:10:02.903772,60.006,can0  040  [04]  43 00 07 00
2026-03-15T14:10:02.904602,60.007,can0  204  [16]  28 58 C0 44 3C 2A D4 4C 4C 1D 30 75 30 75 00 00
2026-03-15T14:10:03.020358,60.123,can0  060  [32]  00 00 00 00 00 00 00 00 00 00 00 00 00 00 00 00 00 00 00 00 00 00 00 00 00 00 00 00 00 00 00 00
2026-03-15T14:10:03.020815,60.123,can0  206  [24]  87 0C AA 05 87 0C E4 EF 90 05 9B 0C 7B 0C 00 00 00 00 00 00 00 00 00 00
2026-03-15T14:10:03.021200,60.124,can0  204  [16]  28 58 C5 44 6A 2A AD 4C 4C 1D 30 75 30 75 00 00
2026-03-15T14:10:03.080492,60.183,can0  204  [16]  28 58 C8 44 46 2A 40 4E 4C 1D 30 75 30 75 00 00
2026-03-15T14:10:03.080857,60.183,can0  041  [04]  E4 00 0E 00
2026-03-15T14:10:03.082312,60.185,can0  040  [04]  47 00 08 00
2026-03-15T14:10:03.083888,60.186,can0  204  [16]  28 58 C8 44 46 2A 40 4E 4C 1D 30 75 30 75 00 00
2026-03-15T14:10:03.083970,60.186,can0  040  [04]  47 00 08 00
2026-03-15T14:10:03.179272,60.282,can0  100  [03]  45 58 04
2026-03-15T14:10:03.179881,60.282,can0  120  [04]  00 00 00 00
2026-03-15T14:10:03.180306,60.283,can0  204  [16]  28 58 CC 44 60 2A 25 4D 4C 1D 30 75 30 75 00 00
2026-03-15T14:10:03.181481,60.284,can0  070  [20]  00 2B 4D 08 ED B0 62 03 D0 07 00 00 0A 15 00 00 2D 00 00 00
2026-03-15T14:10:03.182381,60.285,can0  206  [24]  83 0C A8 05 7B 0C D5 EF 90 05 97 0C 83 0C 00 00 00 00 00 00 00 00 00 00
2026-03-15T14:10:03.182733,60.285,can0  204  [16]  28 58 CC 44 60 2A 25 4D 4C 1D 30 75 30 75 00 00
2026-03-15T14:10:03.321876,60.424,can0  204  [16]  28 58 C8 44 52 2A DF 4C 4C 1D 30 75 30 75 00 00
2026-03-15T14:10:03.323079,60.425,can0  070  [20]  00 2B 4D 08 ED B0 62 03 D0 07 00 00 0A 15 00 00 2D 00 00 00
2026-03-15T14:10:03.421894,60.524,can0  204  [16]  28 58 C3 44 58 2A F1 4C 4C 1D 30 75 30 75 00 00
2026-03-15T14:10:03.422242,60.525,can0  041  [04]  DA 00 0D 00
2026-03-15T14:10:03.422955,60.525,can0  040  [04]  3E 00 08 00
2026-03-15T14:10:03.426354,60.529,can0  040  [04]  3E 00 08 00
2026-03-15T14:10:03.426441,60.529,can0  204  [16]  28 58 C3 44 58 2A F1 4C 4C 1D 30 75 30 75 00 00
2026-03-15T14:10:03.523808,60.626,can0  060  [32]  00 00 00 00 00 2B 4D 08 41 06 B8 10 00 00 10 0E FF 01 00 00 00 00 00 00 01 00 00 00 00 00 00 00
2026-03-15T14:10:03.524935,60.627,can0  204  [16]  28 58 C3 44 58 2A 5B 4D 4C 1D 30 75 30 75 00 00
2026-03-15T14:10:03.525018,60.627,can0  206  [24]  87 0C A6 05 7B 0C C5 EF 90 05 9B 0C 7F 0C 00 00 00 00 00 00 00 00 00 00
2026-03-15T14:10:03.525325,60.628,can0  204  [16]  28 58 C3 44 58 2A 5B 4D 4C 1D 30 75 30 75 00 00
2026-03-15T14:10:03.579857,60.682,can0  070  [20]  00 2B 4D 08 EB B0 62 03 B8 0B 00 00 0A 15 00 00 23 00 00 00
2026-03-15T14:10:03.580302,60.683,can0  204  [16]  28 58 C8 44 4C 2A CF 4D 4C 1D 30 75 30 75 00 00
2026-03-15T14:10:03.581724,60.684,can0  070  [20]  00 2B 4D 08 EB B0 62 03 B8 0B 00 00 0A 15 00 00 23 00 00 00
2026-03-15T14:10:03.582640,60.685,can0  040  [04]  47 00 08 00
2026-03-15T14:10:03.587045,60.689,can0  041  [04]  E0 00 0E 00
2026-03-15T14:10:03.691254,60.794,can0  204  [16]  28 58 CB 44 50 2A AD 4C 4C 1D 30 75 30 75 00 00
2026-03-15T14:10:03.692592,60.795,can0  070  [20]  00 2B 4D 08 EB B0 62 03 B8 0B 00 00 0A 15 00 00 23 00 00 00
2026-03-15T14:10:03.693449,60.796,can0  204  [16]  28 58 CB 44 50 2A AD 4C 4C 1D 30 75 30 75 00 00
2026-03-15T14:10:03.822194,60.925,can0  206  [24]  8F 0C AA 05 7F 0C C5 EF 89 05 93 0C 7B 0C 00 00 00 00 00 00 00 00 00 00
2026-03-15T14:10:03.822466,60.925,can0  204  [16]  28 58 CD 44 56 2A B7 4D 4C 1D 30 75 30 75 00 00
2026-03-15T14:10:03.922508,61.025,can0  204  [16]  28 58 C7 44 54 2A EE 4D 4C 1D 30 75 30 75 00 00
2026-03-15T14:10:03.923633,61.026,can0  040  [04]  4A 00 08 00
2026-03-15T14:10:03.924555,61.027,can0  041  [04]  D7 00 0D 00
2026-03-15T14:10:03.925153,61.028,can0  204  [16]  28 58 C7 44 54 2A EE 4D 4C 1D 30 75 30 75 00 00
2026-03-15T14:10:03.983275,61.086,can0  060  [32]  00 00 00 00 00 00 00 00 00 00 00 00 00 00 00 00 00 00 00 00 00 00 00 00 00 00 00 00 00 00 00 00
2026-03-15T14:10:03.984273,61.087,can0  040  [04]  4A 00 08 00
2026-03-15T14:10:03.985582,61.088,can0  110  [02]  7C 1B
2026-03-15T14:10:03.985668,61.088,can0  204  [16]  28 58 C5 44 4A 2A 16 4E 4C 1D 30 75 30 75 00 00
2026-03-15T14:10:03.986000,61.088,can0  206  [24]  87 0C AA 05 7B 0C C5 EF 90 05 97 0C 83 0C 00 00 00 00 00 00 00 00 00 00
2026-03-15T14:10:03.986354,61.089,can0  204  [16]  28 58 C5 44 4A 2A 16 4E 4C 1D 30 75 30 75 00 00
2026-03-15T14:10:04.122479,61.225,can0  204  [16]  28 58 C2 44 5C 2A 0C 4C 4C 1D 30 75 30 75 00 00
2026-03-15T14:10:04.222540,61.325,can0  040  [04]  39 00 08 00
2026-03-15T14:10:04.222961,61.325,can0  204  [16]  28 58 C6 44 4E 2A FB 4D 4C 1D 30 75 30 75 00 00
2026-03-15T14:10:04.223705,61.326,can0  041  [04]  D1 00 0D 00
2026-03-15T14:10:04.223768,61.326,can0  204  [16]  28 58 C6 44 4E 2A FB 4D 4C 1D 30 75 30 75 00 00
2026-03-15T14:10:04.225217,61.328,can0  070  [20]  00 2B 4D 08 EB B0 62 03 B8 0B 00 00 0A 15 00 00 23 00 00 00
2026-03-15T14:10:04.226015,61.328,can0  040  [04]  39 00 08 00
2026-03-15T14:10:04.321989,61.424,can0  206  [24]  87 0C AC 05 7B 0C C5 EF 90 05 9B 0C 83 0C 00 00 00 00 00 00 00 00 00 00
2026-03-15T14:10:04.322344,61.425,can0  204  [16]  28 58 CA 44 4C 2A C0 4C 4C 1D 30 75 30 75 00 00
2026-03-15T14:10:04.323516,61.426,can0  070  [20]  00 2B 4D 08 EB B0 62 03 B8 0B 00 00 0A 15 00 00 23 00 00 00
2026-03-15T14:10:04.324146,61.427,can0  204  [16]  28 58 CA 44 4C 2A C0 4C 4C 1D 30 75 30 75 00 00
2026-03-15T14:10:04.422530,61.525,can0  100  [03]  48 58 04
2026-03-15T14:10:04.423111,61.525,can0  120  [04]  00 00 00 00
2026-03-15T14:10:04.423495,61.526,can0  204  [16]  28 58 CD 44 60 2A 5E 4E 4C 1D 30 75 30 75 00 00
2026-03-15T14:10:04.423828,61.526,can0  041  [04]  D4 00 0F 00
2026-03-15T14:10:04.424699,61.527,can0  040  [04]  43 00 07 00
2026-03-15T14:10:04.522205,61.625,can0  060  [32]  00 00 00 00 00 00 00 00 00 00 00 00 00 00 00 00 00 00 00 00 00 00 00 00 00 00 00 00 00 00 00 00
2026-03-15T14:10:04.522664,61.625,can0  204  [16]  28 58 C8 44 50 2A 7F 4D 4C 1D 30 75 30 75 00 00
2026-03-15T14:10:04.524235,61.627,can0  060  [32]  00 00 00 00 00 2B 4D 08 40 06 B8 10 00 00 10 0E FF 01 00 00 00 00 00 00 01 00 00 00 00 00 00 00
2026-03-15T14:10:04.525647,61.628,can0  040  [04]  43 00 07 00
2026-03-15T14:10:04.528023,61.630,can0  204  [16]  28 58 C8 44 50 2A 7F 4D 4C 1D 30 75 30 75 00 00
2026-03-15T14:10:04.581171,61.684,can0  206  [24]  87 0C AC 05 87 0C C5 EF 92 05 93 0C 7F 0C 00 00 00 00 00 00 00 00 00 00
2026-03-15T14:10:04.588723,61.691,can0  204  [16]  28 58 C8 44 50 2A 7F 4D 4C 1D 30 75 30 75 00 00
2026-03-15T14:10:04.590268,61.693,can0  070  [20]  00 2B 4D 08 EB B0 62 03 A0 0F 00 00 0A 15 00 00 18 00 00 00
2026-03-15T14:10:04.722461,61.825,can0  204  [16]  28 58 C6 44 4C 2A D2 4D 4C 1D 30 75 30 75 00 00
2026-03-15T14:10:04.723935,61.826,can0  070  [20]  00 2B 4D 08 EB B0 62 03 A0 0F 00 00 0A 15 00 00 18 00 00 00
2026-03-15T14:10:04.724693,61.827,can0  040  [04]  3E 00 08 00
2026-03-15T14:10:04.724994,61.827,can0  041  [04]  CD 00 0D 00
2026-03-15T14:10:04.725194,61.828,can0  204  [16]  28 58 C6 44 4C 2A D2 4D 4C 1D 30 75 30 75 00 00
2026-03-15T14:10:04.726626,61.829,can0  070  [20]  00 2B 4D 08 EB B0 62 03 A0 0F 00 00 0A 15 00 00 18 00 00 00
2026-03-15T14:10:04.727344,61.830,can0  040  [04]  3E 00 08 00
2026-03-15T14:10:04.782105,61.884,can0  204  [16]  28 58 CA 44 64 2A DF 4C 4C 1D 30 75 30 75 00 00
2026-03-15T14:10:04.782468,61.885,can0  204  [16]  28 58 CA 44 64 2A DF 4C 4C 1D 30 75 30 75 00 00
2026-03-15T14:10:04.782858,61.885,can0  206  [24]  8B 0C A6 05 77 0C C5 EF 8E 05 9F 0C 7F 0C 00 00 00 00 00 00 00 00 00 00
2026-03-15T14:10:04.922021,62.024,can0  204  [16]  28 58 CC 44 50 2A 58 4C 4C 1D 30 75 30 75 00 00
2026-03-15T14:10:05.021931,62.124,can0  204  [16]  28 58 CC 44 68 2A 42 4D 4C 1D 30 75 30 75 00 00
2026-03-15T14:10:05.022749,62.125,can0  040  [04]  3E 00 08 00
2026-03-15T14:10:05.023071,62.125,can0  041  [04]  C8 00 0D 00
2026-03-15T14:10:05.023822,62.126,can0  060  [32]  00 00 00 00 00 00 00 00 00 00 00 00 00 00 00 00 00 00 00 00 00 00 00 00 00 00 00 00 00 00 00 00
2026-03-15T14:10:05.024176,62.127,can0  204  [16]  28 58 CC 44 68 2A 42 4D 4C 1D 30 75 30 75 00 00
2026-03-15T14:10:05.024910,62.127,can0  040  [04]  3E 00 08 00
2026-03-15T14:10:05.121973,62.224,can0  204  [16]  28 58 C6 44 50 2A FA 4B 4C 1D 30 75 30 75 00 00
2026-03-15T14:10:05.122360,62.225,can0  206  [24]  87 0C A8 05 83 0C D5 EF 90 05 87 0C 7F 0C 00 00 00 00 00 00 00 00 00 00
2026-03-15T14:10:05.124769,62.227,can0  204  [16]  28 58 C6 44 50 2A FA 4B 4C 1D 30 75 30 75 00 00
2026-03-15T14:10:05.222590,62.325,can0  204  [16]  28 58 C5 44 5A 2A AD 4B 4C 1D 30 75 30 75 00 00
2026-03-15T14:10:05.224025,62.326,can0  070  [20]  00 2B 4D 08 EB B0 62 03 A0 0F 00 00 0A 15 00 00 18 00 00 00
2026-03-15T14:10:05.225039,62.327,can0  040  [04]  3A 00 09 00
2026-03-15T14:10:05.228553,62.331,can0  041  [04]  BC 00 0E 00
2026-03-15T14:10:05.322830,62.425,can0  204  [16]  28 58 C4 44 4A 2A 2F 4C 4C 1D 30 75 30 75 00 00
2026-03-15T14:10:05.323600,62.426,can0  040  [04]  3A 00 09 00
2026-03-15T14:10:05.325381,62.428,can0  070  [20]  00 2B 4D 08 EB B0 62 03 A0 0F 00 00 0A 15 00 00 18 00 00 00
2026-03-15T14:10:05.325796,62.428,can0  204  [16]  28 58 C4 44 4A 2A 2F 4C 4C 1D 30 75 30 75 00 00
2026-03-15T14:10:05.422350,62.525,can0  206  [24]  7F 0C A8 05 7F 0C B6 EF 94 05 97 0C 83 0C 00 00 00 00 00 00 00 00 00 00
2026-03-15T14:10:05.422744,62.525,can0  204  [16]  28 58 C8 44 60 2A 81 4C 4C 1D 30 75 30 75 00 00
2026-03-15T14:10:05.423078,62.525,can0  204  [16]  28 58 C8 44 60 2A 81 4C 4C 1D 30 75 30 75 00 00
2026-03-15T14:10:05.482029,62.584,can0  060  [32]  00 00 00 00 00 2B 4D 08 40 06 B8 10 00 00 10 0E FF 01 00 00 00 00 00 00 01 00 00 00 00 00 00 00
2026-03-15T14:10:05.482964,62.585,can0  204  [16]  28 58 CA 44 58 2A 2C 4C 4C 1D 30 75 30 75 00 00
2026-03-15T14:10:05.483262,62.586,can0  041  [04]  BF 00 0B 00
2026-03-15T14:10:05.484231,62.587,can0  040  [04]  36 00 08 00
2026-03-15T14:10:05.487018,62.589,can0  040  [04]  36 00 08 00
2026-03-15T14:10:05.626477,62.729,can0  204  [16]  28 58 CA 44 58 2A 2C 4C 4C 1D 30 75 30 75 00 00
2026-03-15T14:10:05.627319,62.730,can0  100  [03]  52 58 04
2026-03-15T14:10:05.627621,62.730,can0  110  [02]  7D 1B
2026-03-15T14:10:05.628307,62.731,can0  120  [04]  00 00 00 00
2026-03-15T14:10:05.629730,62.732,can0  070  [20]  00 2B 4D 08 EB B0 62 03 88 13 00 00 0A 15 00 00 0D 00 00 00
2026-03-15T14:10:05.631239,62.734,can0  070  [20]  00 2B 4D 08 EB B0 62 03 88 13 00 00 0A 15 00 00 0C 00 00 00
2026-03-15T14:10:05.631848,62.734,can0  204  [16]  28 58 C6 44 50 2A B0 4C 4C 1D 30 75 30 75 00 00
2026-03-15T14:10:05.639131,62.742,can0  206  [24]  8F 0C AC 05 83 0C D5 EF 90 05 87 0C 7B 0C 00 00 00 00 00 00 00 00 00 00
2026-03-15T14:10:05.694168,62.797,can0  204  [16]  28 58 C9 44 5C 2A 0C 4E 4C 1D 30 75 30 75 00 00
2026-03-15T14:10:05.695643,62.798,can0  070  [20]  00 2B 4D 08 EB B0 62 03 88 13 00 00 0A 15 00 00 0C 00 00 00
2026-03-15T14:10:05.696289,62.799,can0  204  [16]  28 58 C7 44 6A 2A D4 4E 4C 1D 30 75 30 75 00 00
2026-03-15T14:10:05.806400,62.909,can0  041  [04]  D1 00 08 00
2026-03-15T14:10:05.807304,62.910,can0  040  [04]  31 00 08 00
2026-03-15T14:10:05.808686,62.911,can0  040  [04]  31 00 08 00
2026-03-15T14:10:05.824176,62.927,can0  204  [16]  28 58 C7 44 6A 2A D4 4E 4C 1D 30 75 30 75 00 00
2026-03-15T14:10:05.923413,63.026,can0  204  [16]  28 58 C9 44 5C 2A EF 4D 4C 1D 30 75 30 75 00 00
2026-03-15T14:10:05.923828,63.026,can0  206  [24]  7F 0C A8 05 83 0C D5 EF 90 05 8F 0C 87 0C 00 00 00 00 00 00 00 00 00 00
2026-03-15T14:10:05.924161,63.027,can0  204  [16]  28 58 C9 44 5C 2A EF 4D 4C 1D 30 75 30 75 00 00
2026-03-15T14:10:05.983925,63.086,can0  060  [32]  00 00 00 00 00 00 00 00 00 00 00 00 00 00 00 00 00 00 00 00 00 00 00 00 00 00 00 00 00 00 00 00
2026-03-15T14:10:05.984850,63.087,can0  204  [16]  28 58 CB 44 5C 2A F3 4E 4C 1D 30 75 30 75 00 00
2026-03-15T14:10:05.994332,63.097,can0  040  [04]  39 00 07 00
2026-03-15T14:10:05.994440,63.097,can0  041  [04]  EB 00 08 00
2026-03-15T14:10:06.112154,63.215,can0  204  [16]  28 58 CB 44 4C 2A D6 4E 4C 1D 30 75 30 75 00 00
2026-03-15T14:10:06.112278,63.215,can0  040  [04]  39 00 07 00
2026-03-15T14:10:06.112357,63.215,can0  204  [16]  28 58 CB 44 4C 2A D6 4E 4C 1D 30 75 30 75 00 00
2026-03-15T14:10:06.222728,63.325,can0  206  [24]  8B 0C AA 05 7B 0C C5 EF 8E 05 9B 0C 83 0C 00 00 00 00 00 00 00 00 00 00
2026-03-15T14:10:06.223071,63.325,can0  204  [16]  28 58 CB 44 5C 2A 37 4F 4C 1D 30 75 30 75 00 00
2026-03-15T14:10:06.224671,63.327,can0  070  [20]  00 2B 4D 08 EB B0 62 03 88 13 00 00 0A 15 00 00 0C 00 00 00
2026-03-15T14:10:06.228330,63.331,can0  204  [16]  28 58 CB 44 5C 2A 37 4F 4C 1D 30 75 30 75 00 00
2026-03-15T14:10:06.287183,63.390,can0  070  [20]  00 2B 4D 08 EB B0 62 03 88 13 00 00 0A 15 00 00 0C 00 00 00
2026-03-15T14:10:06.288794,63.391,can0  040  [04]  36 00 08 00
2026-03-15T14:10:06.294634,63.397,can0  204  [16]  28 58 C7 44 5E 2A DC 4E 4C 1D 30 75 30 75 00 00
2026-03-15T14:10:06.294753,63.397,can0  041  [04]  ED 00 07 00
2026-03-15T14:10:06.294829,63.397,can0  040  [04]  36 00 08 00
2026-03-15T14:10:06.422782,63.525,can0  204  [16]  28 58 C6 44 64 2A E3 4D 4C 1D 30 75 30 75 00 00
2026-03-15T14:10:06.423126,63.525,can0  204  [16]  28 58 C6 44 64 2A E3 4D 4C 1D 30 75 30 75 00 00
2026-03-15T14:10:06.423495,63.526,can0  206  [24]  BF 0C AA 05 7B 0C C5 EF 90 05 A3 0C 4A 0C 00 00 00 00 00 00 00 00 00 00
2026-03-15T14:10:06.522889,63.625,can0  204  [16]  28 58 C6 44 54 2A 83 4E 4C 1D 30 75 30 75 00 00
2026-03-15T14:10:06.523215,63.626,can0  060  [32]  00 00 00 00 00 00 00 00 00 00 00 00 00 00 00 00 00 00 00 00 00 00 00 00 00 00 00 00 00 00 00 00
2026-03-15T14:10:06.524380,63.627,can0  060  [32]  00 00 00 00 00 2B 4D 08 40 06 B8 10 00 00 10 0E FF 01 00 00 00 00 00 00 01 00 00 00 00 00 00 00
2026-03-15T14:10:06.525038,63.627,can0  204  [16]  28 58 C6 44 54 2A 83 4E 4C 1D 30 75 30 75 00 00
2026-03-15T14:10:06.525928,63.628,can0  040  [04]  31 00 08 00
2026-03-15T14:10:06.622769,63.725,can0  041  [04]  E4 00 0A 00
2026-03-15T14:10:06.624264,63.727,can0  070  [20]  00 2B 4D 08 E9 B0 62 03 70 17 00 00 0A 15 00 00 07 00 00 00
2026-03-15T14:10:06.624661,63.727,can0  204  [16]  28 58 CA 44 52 2A 69 4E 4C 1D 30 75 30 75 00 00
2026-03-15T14:10:06.625590,63.728,can0  070  [20]  00 2B 4D 08 E9 B0 62 03 70 17 00 00 0A 15 00 00 08 00 00 00
2026-03-15T14:10:06.629058,63.731,can0  040  [04]  31 00 08 00
2026-03-15T14:10:06.722570,63.825,can0  204  [16]  28 58 C9 44 54 2A 11 4F 4C 1D 30 75 30 75 00 00
2026-03-15T14:10:06.723790,63.826,can0  070  [20]  00 2B 4D 08 E9 B0 62 03 70 17 00 00 0A 15 00 00 08 00 00 00
2026-03-15T14:10:06.724435,63.827,can0  204  [16]  28 58 C9 44 54 2A 11 4F 4C 1D 30 75 30 75 00 00
2026-03-15T14:10:06.724787,63.827,can0  206  [24]  83 0C A6 05 77 0C D5 EF 90 05 97 0C 87 0C 00 00 00 00 00 00 00 00 00 00
2026-03-15T14:10:06.823514,63.926,can0  100  [03]  56 58 04
2026-03-15T14:10:06.823613,63.926,can0  120  [04]  00 00 00 00
2026-03-15T14:10:06.823912,63.926,can0  204  [16]  28 58 C8 44 66 2A C0 4D 4C 1D 30 75 30 75 00 00
2026-03-15T14:10:06.824247,63.927,can0  132  [00]
2026-03-15T14:10:06.824531,63.927,can0  041  [04]  D4 00 0B 00
2026-03-15T14:10:06.825504,63.928,can0  040  [04]  33 00 07 00
2026-03-15T14:10:06.829899,63.932,can0  204  [16]  28 58 C6 44 4E 2A 5A 4F 4C 1D 30 75 30 75 00 00
2026-03-15T14:10:06.888849,63.991,can0  040  [04]  33 00 07 00
2026-03-15T14:10:06.889250,63.992,can0  204  [16]  28 58 C6 44 4E 2A 5A 4F 4C 1D 30 75 30 75 00 00
2026-03-15T14:10:07.004108,64.106,can0  204  [16]  28 58 C9 44 66 2A 61 4F 4C 1D 30 75 30 75 00 00
2026-03-15T14:10:07.004210,64.107,can0  206  [24]  83 0C A8 05 7B 0C D5 EF 90 05 AB 0C 83 0C 00 00 00 00 00 00 00 00 00 00
2026-03-15T14:10:07.004434,64.107,can0  060  [32]  00 00 00 00 00 00 00 00 00 00 00 00 00 00 00 00 00 00 00 00 00 00 00 00 00 00 00 00 00 00 00 00
2026-03-15T14:10:07.004786,64.107,can0  204  [16]  28 58 C9 44 66 2A 61 4F 4C 1D 30 75 30 75 00 00
2026-03-15T14:10:07.005011,64.107,can0  133  [00]
2026-03-15T14:10:07.118743,64.221,can0  204  [16]  28 58 C6 44 42 2A D0 4E 4C 1D 30 75 30 75 00 00
2026-03-15T14:10:07.119881,64.222,can0  040  [04]  2C 00 08 00
2026-03-15T14:10:07.124874,64.227,can0  041  [04]  D6 00 0B 00
2026-03-15T14:10:07.124989,64.227,can0  040  [04]  2C 00 08 00
2026-03-15T14:10:07.125062,64.227,can0  204  [16]  28 58 C9 44 62 2A 7F 4F 4C 1D 30 75 30 75 00 00
2026-03-15T14:10:07.181769,64.284,can0  110  [02]  7C 1B
2026-03-15T14:10:07.182130,64.285,can0  204  [16]  28 58 C9 44 62 2A 7F 4F 4C 1D 30 75 30 75 00 00
2026-03-15T14:10:07.183328,64.286,can0  070  [20]  00 2B 4D 08 E9 B0 62 03 70 17 00 00 0A 15 00 00 08 00 00 00
2026-03-15T14:10:07.183860,64.286,can0  206  [24]  7F 0C A6 05 7F 0C 03 F0 90 05 93 0C 87 0C 00 00 00 00 00 00 00 00 00 00
2026-03-15T14:10:07.325592,64.428,can0  204  [16]  28 58 C9 44 44 2A 7B 4F 4C 1D 30 75 30 75 00 00
2026-03-15T14:10:07.327066,64.429,can0  070  [20]  00 2B 4D 08 E9 B0 62 03 70 17 00 00 0A 15 00 00 08 00 00 00
2026-03-15T14:10:07.327648,64.430,can0  204  [16]  28 58 C9 44 44 2A 7B 4F 4C 1D 30 75 30 75 00 00
2026-03-15T14:10:07.328738,64.431,can0  040  [04]  36 00 09 00
2026-03-15T14:10:07.384143,64.487,can0  041  [04]  CC 00 0C 00
2026-03-15T14:10:07.385416,64.488,can0  204  [16]  28 58 C9 44 5C 2A BA 4F 4C 1D 30 75 30 75 00 00
2026-03-15T14:10:07.385500,64.488,can0  040  [04]  36 00 09 00
2026-03-15T14:10:07.501295,64.604,can0  204  [16]  28 58 C6 44 4A 2A 85 50 4C 1D 30 75 30 75 00 00
2026-03-15T14:10:07.501410,64.604,can0  060  [32]  00 00 00 00 00 2B 4D 08 3E 06 B8 10 00 00 10 0E FF 01 00 00 00 00 00 00 01 00 00 00 00 00 00 00
2026-03-15T14:10:07.502165,64.605,can0  206  [24]  9B 0C AA 05 7F 0C C5 EF 90 05 8F 0C 6F 0C 00 00 00 00 00 00 00 00 00 00
2026-03-15T14:10:07.502505,64.605,can0  204  [16]  28 58 C6 44 4A 2A 85 50 4C 1D 30 75 30 75 00 00
2026-03-15T14:10:07.619238,64.722,can0  204  [16]  28 58 C6 44 4A 2A 85 50 4C 1D 30 75 30 75 00 00
2026-03-15T14:10:07.619357,64.722,can0  070  [20]  00 2B 4D 08 E9 B0 62 03 58 1B 00 00 0A 15 00 00 13 00 00 00
2026-03-15T14:10:07.620654,64.723,can0  070  [20]  00 2B 4D 08 E9 B0 62 03 58 1B 00 00 0A 15 00 00 13 00 00 00
2026-03-15T14:10:07.624137,64.727,can0  040  [04]  36 00 0A 00
2026-03-15T14:10:07.624203,64.727,can0  041  [04]  CC 00 0D 00
2026-03-15T14:10:07.624257,64.727,can0  204  [16]  28 58 C6 44 64 2A D2 50 4C 1D 30 75 30 75 00 00
2026-03-15T14:10:07.705122,64.808,can0  040  [04]  36 00 0A 00
2026-03-15T14:10:07.705253,64.808,can0  070  [20]  00 2B 4D 08 E9 B0 62 03 58 1B 00 00 0A 15 00 00 13 00 00 00
2026-03-15T14:10:07.705822,64.808,can0  204  [16]  28 58 C6 44 64 2A D2 50 4C 1D 30 75 30 75 00 00
2026-03-15T14:10:07.783276,64.886,can0  204  [16]  28 58 CA 44 48 2A B0 4F 4C 1D 30 75 30 75 00 00
2026-03-15T14:10:07.783665,64.886,can0  206  [24]  8F 0C A6 05 73 0C C5 EF 85 05 9B 0C 7F 0C 00 00 00 00 00 00 00 00 00 00
2026-03-15T14:10:07.784076,64.886,can0  204  [16]  28 58 CA 44 48 2A B0 4F 4C 1D 30 75 30 75 00 00
2026-03-15T14:10:07.922674,65.025,can0  204  [16]  28 58 CB 44 4C 2A AD 50 4C 1D 30 75 30 75 00 00
2026-03-15T14:10:07.923101,65.025,can0  041  [04]  D8 00 0C 00
2026-03-15T14:10:07.923930,65.026,can0  040  [04]  4A 00 08 00
2026-03-15T14:10:07.925057,65.027,can0  040  [04]  4A 00 08 00
2026-03-15T14:10:07.925811,65.028,can0  204  [16]  28 58 CB 44 40 2A 96 4F 4C 1D 30 75 30 75 00 00
2026-03-15T14:10:08.022494,65.125,can0  100  [03]  5D 58 04
2026-03-15T14:10:08.023378,65.126,can0  120  [04]  00 00 00 00
2026-03-15T14:10:08.023461,65.126,can0  204  [16]  28 58 CB 44 40 2A 96 4F 4C 1D 30 75 30 75 00 00
2026-03-15T14:10:08.023631,65.126,can0  060  [32]  00 00 00 00 00 00 00 00 00 00 00 00 00 00 00 00 00 00 00 00 00 00 00 00 00 00 00 00 00 00 00 00
2026-03-15T14:10:08.025959,65.128,can0  206  [24]  8B 0C A6 05 7B 0C E4 EF 92 05 93 0C 83 0C 00 00 00 00 00 00 00 00 00 00
2026-03-15T14:10:08.122167,65.225,can0  204  [16]  28 58 C8 44 5A 2A 53 4F 4C 1D 30 75 30 75 00 00
2026-03-15T14:10:08.122423,65.225,can0  204  [16]  28 58 C8 44 5A 2A 53 4F 4C 1D 30 75 30 75 00 00
2026-03-15T14:10:08.222278,65.325,can0  041  [04]  D4 00 0C 00
2026-03-15T14:10:08.223078,65.325,can0  040  [04]  50 00 0A 00
2026-03-15T14:10:08.225067,65.327,can0  204  [16]  28 58 C8 44 54 2A 0C 50 4C 1D 30 75 30 75 00 00
2026-03-15T14:10:08.225138,65.328,can0  070  [20]  00 2B 4D 08 E9 B0 62 03 58 1B 00 00 0A 15 00 00 13 00 00 00
2026-03-15T14:10:08.226137,65.329,can0  040  [04]  50 00 0A 00
2026-03-15T14:10:08.229535,65.332,can0  204  [16]  28 58 C9 44 56 2A 51 50 4C 1D 30 75 30 75 00 00
2026-03-15T14:10:08.323602,65.426,can0  070  [20]  00 2B 4D 08 E9 B0 62 03 58 1B 00 00 0A 15 00 00 13 00 00 00
2026-03-15T14:10:08.324183,65.427,can0  204  [16]  28 58 C9 44 56 2A 51 50 4C 1D 30 75 30 75 00 00
2026-03-15T14:10:08.324546,65.427,can0  206  [24]  83 0C A8 05 7F 0C D5 EF 92 05 93 0C 87 0C 00 00 00 00 00 00 00 00 00 00
2026-03-15T14:10:08.421897,65.524,can0  204  [16]  28 58 C9 44 48 2A 50 50 4C 1D 30 75 30 75 00 00
2026-03-15T14:10:08.422745,65.525,can0  040  [04]  50 00 09 00
2026-03-15T14:10:08.423143,65.526,can0  204  [16]  28 58 C9 44 48 2A 50 50 4C 1D 30 75 30 75 00 00
2026-03-15T14:10:08.424196,65.527,can0  041  [04]  D8 00 0B 00
2026-03-15T14:10:08.522924,65.625,can0  040  [04]  50 00 09 00
2026-03-15T14:10:08.523372,65.626,can0  204  [16]  28 58 C9 44 4C 2A D3 4F 4C 1D 30 75 30 75 00 00
2026-03-15T14:10:08.524949,65.627,can0  060  [32]  00 00 00 00 00 00 00 00 00 00 00 00 00 00 00 00 00 00 00 00 00 00 00 00 00 00 00 00 00 00 00 00
2026-03-15T14:10:08.525034,65.627,can0  060  [32]  00 00 00 00 00 2B 4D 08 3E 06 B8 10 00 00 10 0E FF 01 00 00 00 00 00 00 01 00 00 00 00 00 00 00
2026-03-15T14:10:08.525775,65.628,can0  204  [16]  28 58 C9 44 4C 2A D3 4F 4C 1D 30 75 30 75 00 00
2026-03-15T14:10:08.622036,65.724,can0  206  [24]  87 0C AC 05 77 0C C5 EF 92 05 9B 0C 83 0C 00 00 00 00 00 00 00 00 00 00
2026-03-15T14:10:08.623207,65.726,can0  070  [20]  00 2B 4D 08 E9 B0 62 03 40 1F 00 00 0A 15 00 00 25 00 00 00
2026-03-15T14:10:08.624381,65.727,can0  070  [20]  00 2B 4D 08 E9 B0 62 03 40 1F 00 00 0A 15 00 00 26 00 00 00
2026-03-15T14:10:08.624929,65.727,can0  204  [16]  28 58 C8 44 50 2A 15 50 4C 1D 30 75 30 75 00 00
2026-03-15T14:10:08.722332,65.825,can0  204  [16]  28 58 C7 44 52 2A C7 50 4C 1D 30 75 30 75 00 00
2026-03-15T14:10:08.723309,65.826,can0  040  [04]  50 00 0A 00
2026-03-15T14:10:08.724124,65.826,can0  041  [04]  DA 00 0B 00
2026-03-15T14:10:08.725873,65.828,can0  070  [20]  00 2B 4D 08 E9 B0 62 03 40 1F 00 00 0A 15 00 00 26 00 00 00
2026-03-15T14:10:08.726858,65.829,can0  040  [04]  50 00 0A 00
2026-03-15T14:10:08.727183,65.830,can0  204  [16]  28 58 C7 44 50 2A 85 50 4C 1D 30 75 30 75 00 00
2026-03-15T14:10:08.783260,65.886,can0  110  [02]  7E 1B
2026-03-15T14:10:08.783617,65.886,can0  204  [16]  28 58 C7 44 50 2A 85 50 4C 1D 30 75 30 75 00 00
2026-03-15T14:10:08.784083,65.886,can0  206  [24]  87 0C A8 05 77 0C E4 EF 90 05 9F 0C 83 0C 00 00 00 00 00 00 00 00 00 00
2026-03-15T14:10:08.885574,65.988,can0  204  [16]  28 58 C9 44 52 2A F5 50 4C 1D 30 75 30 75 00 00
2026-03-15T14:10:08.885951,65.988,can0  204  [16]  28 58 C9 44 52 2A F5 50 4C 1D 30 75 30 75 00 00
2026-03-15T14:10:08.886626,65.989,can0  040  [04]  4A 00 08 00
2026-03-15T14:10:08.886951,65.989,can0  041  [04]  DA 00 0B 00
2026-03-15T14:10:08.987643,66.090,can0  204  [16]  28 58 C8 44 48 2A C0 51 4C 1D 30 75 30 75 00 00
2026-03-15T14:10:08.987755,66.090,can0  040  [04]  4A 00 08 00
2026-03-15T14:10:08.996215,66.099,can0  060  [32]  00 00 00 00 00 00 00 00 00 00 00 00 00 00 00 00 00 00 00 00 00 00 00 00 00 00 00 00 00 00 00 00
2026-03-15T14:10:08.996343,66.099,can0  204  [16]  28 58 C6 44 50 2A 32 52 4C 1D 30 75 30 75 00 00
2026-03-15T14:10:09.104254,66.207,can0  206  [24]  83 0C A8 05 83 0C F4 EF 90 05 97 0C 83 0C 00 00 00 00 00 00 00 00 00 00
2026-03-15T14:10:09.105103,66.207,can0  204  [16]  28 58 C6 44 50 2A 32 52 4C 1D 30 75 30 75 00 00
2026-03-15T14:10:09.222249,66.325,can0  204  [16]  28 58 C5 44 3C 2A 9E 50 4C 1D 30 75 30 75 00 00
2026-03-15T14:10:09.222353,66.325,can0  100  [03]  5F 58 04
2026-03-15T14:10:09.222429,66.325,can0  120  [04]  00 00 00 00
2026-03-15T14:10:09.222681,66.325,can0  204  [16]  28 58 C5 44 3C 2A 9E 50 4C 1D 30 75 30 75 00 00
2026-03-15T14:10:09.222984,66.325,can0  041  [04]  DF 00 0C 00
2026-03-15T14:10:09.224586,66.327,can0  070  [20]  00 2B 4D 08 E9 B0 62 03 40 1F 00 00 0A 15 00 00 26 00 00 00
2026-03-15T14:10:09.225517,66.328,can0  040  [04]  42 00 08 00
2026-03-15T14:10:09.291534,66.394,can0  040  [04]  42 00 08 00
2026-03-15T14:10:09.292304,66.395,can0  204  [16]  28 58 C5 44 80 2A 5D 51 4C 1D 30 75 30 75 00 00
2026-03-15T14:10:09.293641,66.396,can0  070  [20]  00 2B 4D 08 E9 B0 62 03 40 1F 00 00 0A 15 00 00 26 00 00 00
2026-03-15T14:10:09.294622,66.397,can0  204  [16]  28 58 C4 44 2D 2A 23 52 4C 1D 30 75 30 75 00 00
2026-03-15T14:10:09.387449,66.490,can0  206  [24]  77 0C A8 05 83 0C D5 EF 8B 05 93 0C 8B 0C 00 00 00 00 00 00 00 00 00 00
2026-03-15T14:10:09.387856,66.490,can0  204  [16]  28 58 C4 44 2D 2A 23 52 4C 1D 30 75 30 75 00 00
2026-03-15T14:10:09.483456,66.586,can0  204  [16]  28 58 C6 44 6C 2A 5B 51 4C 1D 30 75 30 75 00 00
2026-03-15T14:10:09.484099,66.586,can0  040  [04]  42 00 08 00
2026-03-15T14:10:09.484440,66.587,can0  041  [04]  CD 00 0C 00
2026-03-15T14:10:09.486281,66.589,can0  204  [16]  28 58 C6 44 6C 2A 5B 51 4C 1D 30 75 30 75 00 00
2026-03-15T14:10:09.486367,66.589,can0  060  [32]  00 00 00 00 00 2B 4D 08 3E 06 B8 10 00 00 10 0E FF 01 00 00 00 00 00 00 01 00 00 00 00 00 00 00
2026-03-15T14:10:09.487161,66.590,can0  040  [04]  42 00 08 00
2026-03-15T14:10:09.627493,66.730,can0  204  [16]  28 58 C8 44 3C 2A 12 51 4C 1D 30 75 30 75 00 00
2026-03-15T14:10:09.635003,66.737,can0  206  [24]  87 0C A3 05 7B 0C 20 F0 8B 05 97 0C 83 0C 00 00 00 00 00 00 00 00 00 00
2026-03-15T14:10:09.637113,66.739,can0  070  [20]  00 2B 4D 08 E8 B0 62 03 28 23 00 00 0A 15 00 00 14 00 00 00
2026-03-15T14:10:09.724348,66.827,can0  070  [20]  00 2B 4D 08 E8 B0 62 03 28 23 00 00 0A 15 00 00 15 00 00 00
2026-03-15T14:10:09.725391,66.828,can0  204  [16]  28 58 C5 44 5C 2A 6B 51 4C 1D 30 75 30 75 00 00
2026-03-15T14:10:09.726627,66.829,can0  070  [20]  00 2B 4D 08 E8 B0 62 03 28 23 00 00 0A 15 00 00 15 00 00 00
2026-03-15T14:10:09.727154,66.830,can0  204  [16]  28 58 C5 44 5C 2A 6B 51 4C 1D 30 75 30 75 00 00
2026-03-15T14:10:09.727829,66.830,can0  040  [04]  3A 00 09 00
2026-03-15T14:10:09.731169,66.834,can0  041  [04]  C8 00 0E 00
2026-03-15T14:10:09.822713,66.925,can0  204  [16]  28 58 C4 44 44 2A BF 50 4C 1D 30 75 30 75 00 00
2026-03-15T14:10:09.823384,66.926,can0  040  [04]  3A 00 09 00
2026-03-15T14:10:09.826273,66.929,can0  204  [16]  28 58 C6 44 56 2A CB 50 4C 1D 30 75 30 75 00 00
2026-03-15T14:10:09.922092,67.024,can0  206  [24]  83 0C A6 05 83 0C C5 EF 81 05 A7 0C 83 0C 00 00 00 00 00 00 00 00 00 00
2026-03-15T14:10:09.923018,67.025,can0  204  [16]  28 58 C6 44 56 2A CB 50 4C 1D 30 75 30 75 00 00
2026-03-15T14:10:10.022196,67.125,can0  204  [16]  28 58 C6 44 54 2A D3 51 4C 1D 30 75 30 75 00 00
2026-03-15T14:10:10.023017,67.125,can0  040  [04]  2C 00 0C 00
2026-03-15T14:10:10.026696,67.129,can0  041  [04]  CE 00 0D 00
2026-03-15T14:10:10.026775,67.129,can0  204  [16]  28 58 C6 44 54 2A D3 51 4C 1D 30 75 30 75 00 00
2026-03-15T14:10:10.026816,67.129,can0  060  [32]  00 00 00 00 00 00 00 00 00 00 00 00 00 00 00 00 00 00 00 00 00 00 00 00 00 00 00 00 00 00 00 00
2026-03-15T14:10:10.126632,67.229,can0  040  [04]  2C 00 0C 00
2026-03-15T14:10:10.126724,67.229,can0  204  [16]  28 58 C8 44 54 2A FB 51 4C 1D 30 75 30 75 00 00
2026-03-15T14:10:10.126766,67.229,can0  204  [16]  28 58 C8 44 58 2A 16 51 4C 1D 30 75 30 75 00 00
2026-03-15T14:10:10.222088,67.324,can0  206  [24]  93 0C A8 05 77 0C D5 EF 8B 05 9B 0C 7B 0C 00 00 00 00 00 00 00 00 00 00
2026-03-15T14:10:10.222837,67.325,can0  204  [16]  28 58 C8 44 58 2A 16 51 4C 1D 30 75 30 75 00 00
2026-03-15T14:10:10.224188,67.327,can0  070  [20]  00 2B 4D 08 E8 B0 62 03 28 23 00 00 0A 15 00 00 15 00 00 00
2026-03-15T14:10:10.323064,67.425,can0  204  [16]  28 58 C9 44 54 2A B8 50 4C 1D 30 75 30 75 00 00
2026-03-15T14:10:10.324769,67.427,can0  041  [04]  CB 00 0C 00
2026-03-15T14:10:10.324872,67.427,can0  070  [20]  00 2B 4D 08 E8 B0 62 03 28 23 00 00 0A 15 00 00 15 00 00 00
2026-03-15T14:10:10.326007,67.428,can0  040  [04]  23 00 0C 00
2026-03-15T14:10:10.327334,67.430,can0  204  [16]  28 58 C9 44 54 2A B8 50 4C 1D 30 75 30 75 00 00
2026-03-15T14:10:10.327421,67.430,can0  040  [04]  23 00 0C 00
2026-03-15T14:10:10.388420,67.491,can0  100  [03]  61 58 04
2026-03-15T14:10:10.389047,67.491,can0  110  [02]  7C 1B
2026-03-15T14:10:10.389711,67.492,can0  120  [04]  00 00 00 00
2026-03-15T14:10:10.390333,67.493,can0  204  [16]  28 58 C8 44 60 2A 16 52 4C 1D 30 75 30 75 00 00
2026-03-15T14:10:10.390784,67.493,can0  206  [24]  8B 0C AA 05 87 0C B6 EF 90 05 8F 0C 7B 0C 00 00 00 00 00 00 00 00 00 00
2026-03-15T14:10:10.391155,67.494,can0  204  [16]  28 58 C9 44 5C 2A 75 51 4C 1D 30 75 30 75 00 00
2026-03-15T14:10:10.557592,67.660,can0  204  [16]  28 58 C9 44 5C 2A 75 51 4C 1D 30 75 30 75 00 00
2026-03-15T14:10:10.557706,67.660,can0  060  [32]  00 00 00 00 00 00 00 00 00 00 00 00 00 00 00 00 00 00 00 00 00 00 00 00 00 00 00 00 00 00 00 00
2026-03-15T14:10:10.557784,67.660,can0  041  [04]  CB 00 0B 00
2026-03-15T14:10:10.557852,67.660,can0  060  [32]  00 00 00 00 00 2B 4D 08 3C 06 B8 10 00 00 10 0E FF 01 00 00 00 00 00 00 01 00 00 00 00 00 00 00
2026-03-15T14:10:10.558657,67.661,can0  040  [04]  23 00 0C 00
2026-03-15T14:10:10.621265,67.724,can0  204  [16]  28 58 C9 44 5C 2A 75 51 4C 1D 30 75 30 75 00 00
2026-03-15T14:10:10.622741,67.725,can0  070  [20]  00 2B 4D 08 E8 B0 62 03 10 27 00 00 0A 15 00 00 18 00 00 00
2026-03-15T14:10:10.624196,67.727,can0  070  [20]  00 2B 4D 08 E8 B0 62 03 10 27 00 00 0A 15 00 00 19 00 00 00
2026-03-15T14:10:10.625344,67.728,can0  040  [04]  23 00 0C 00
2026-03-15T14:10:10.633373,67.736,can0  204  [16]  28 58 C9 44 54 2A 5F 52 4C 1D 30 75 30 75 00 00
2026-03-15T14:10:10.710361,67.813,can0  204  [16]  28 58 C9 44 54 2A 5F 52 4C 1D 30 75 30 75 00 00
2026-03-15T14:10:10.710751,67.813,can0  206  [24]  87 0C A8 05 7B 0C D5 EF 90 05 97 0C 83 0C 00 00 00 00 00 00 00 00 00 00
2026-03-15T14:10:10.711838,67.814,can0  070  [20]  00 2B 4D 08 E8 B0 62 03 10 27 00 00 0A 15 00 00 19 00 00 00
2026-03-15T14:10:10.816335,67.919,can0  204  [16]  28 58 C9 44 56 2A D1 51 4C 1D 30 75 30 75 00 00
2026-03-15T14:10:10.817083,67.919,can0  040  [04]  23 00 0C 00
2026-03-15T14:10:10.817445,67.920,can0  204  [16]  28 58 C9 44 56 2A D1 51 4C 1D 30 75 30 75 00 00
2026-03-15T14:10:10.818496,67.921,can0  041  [04]  D4 00 0B 00
2026-03-15T14:10:10.818604,67.921,can0  040  [04]  23 00 0C 00
2026-03-15T14:10:10.918771,68.021,can0  204  [16]  28 58 C9 44 58 2A 55 51 4C 1D 30 75 30 75 00 00
2026-03-15T14:10:10.919001,68.021,can0  204  [16]  28 58 C9 44 50 2A E4 50 4C 1D 30 75 30 75 00 00
2026-03-15T14:10:11.022683,68.125,can0  206  [24]  7F 0C A8 05 83 0C D5 EF 90 05 97 0C 83 0C 00 00 00 00 00 00 00 00 00 00
2026-03-15T14:10:11.022900,68.125,can0  204  [16]  28 58 C9 44 50 2A E4 50 4C 1D 30 75 30 75 00 00
2026-03-15T14:10:11.023095,68.125,can0  060  [32]  00 00 00 00 00 00 00 00 00 00 00 00 00 00 00 00 00 00 00 00 00 00 00 00 00 00 00 00 00 00 00 00
2026-03-15T14:10:11.122177,68.225,can0  204  [16]  28 58 CC 44 60 2A 3F 50 4C 1D 30 75 30 75 00 00
2026-03-15T14:10:11.122933,68.225,can0  040  [04]  27 00 09 00
2026-03-15T14:10:11.123264,68.226,can0  041  [04]  D4 00 0B 00
2026-03-15T14:10:11.123678,68.226,can0  204  [16]  28 58 CC 44 60 2A 3F 50 4C 1D 30 75 30 75 00 00
2026-03-15T14:10:11.127052,68.229,can0  040  [04]  27 00 09 00
2026-03-15T14:10:11.223081,68.325,can0  204  [16]  28 58 C9 44 54 2A 9B 4F 4C 1D 30 75 30 75 00 00
2026-03-15T14:10:11.224215,68.327,can0  070  [20]  00 2B 4D 08 E8 B0 62 03 10 27 00 00 0A 15 00 00 19 00 00 00
2026-03-15T14:10:11.225314,68.328,can0  206  [24]  83 0C AA 05 7F 0C 96 EF 90 05 93 0C 87 0C 00 00 00 00 00 00 00 00 00 00
2026-03-15T14:10:11.225676,68.328,can0  204  [16]  28 58 C9 44 5C 2A 59 4F 4C 1D 30 75 30 75 00 00
2026-03-15T14:10:11.323604,68.426,can0  070  [20]  00 2B 4D 08 E8 B0 62 03 10 27 00 00 0A 15 00 00 19 00 00 00
2026-03-15T14:10:11.324245,68.427,can0  204  [16]  28 58 C9 44 5C 2A 59 4F 4C 1D 30 75 30 75 00 00
2026-03-15T14:10:11.324972,68.427,can0  040  [04]  27 00 0A 00
2026-03-15T14:10:11.325664,68.428,can0  041  [04]  DF 00 0B 00
2026-03-15T14:10:11.422215,68.525,can0  204  [16]  28 58 C8 44 58 2A 32 50 4C 1D 30 75 30 75 00 00
2026-03-15T14:10:11.422938,68.525,can0  040  [04]  27 00 0A 00
2026-03-15T14:10:11.423416,68.526,can0  204  [16]  28 58 C8 44 58 2A 32 50 4C 1D 30 75 30 75 00 00
2026-03-15T14:10:11.523328,68.626,can0  204  [16]  28 58 CA 44 5C 2A 18 4F 4C 1D 30 75 30 75 00 00
2026-03-15T14:10:11.523716,68.626,can0  206  [24]  83 0C A8 05 83 0C C5 EF 8E 05 97 0C 83 0C 00 00 00 00 00 00 00 00 00 00
2026-03-15T14:10:11.524041,68.626,can0  204  [16]  28 58 CA 44 5C 2A 18 4F 4C 1D 30 75 30 75 00 00
2026-03-15T14:10:11.525255,68.628,can0  060  [32]  00 00 00 00 00 2B 4D 08 3C 06 B8 10 00 00 10 0E FF 01 00 00 00 00 00 00 01 00 00 00 00 00 00 00
2026-03-15T14:10:11.623097,68.725,can0  100  [03]  63 58 04
2026-03-15T14:10:11.623676,68.726,can0  120  [04]  00 00 00 00
2026-03-15T14:10:11.624947,68.727,can0  070  [20]  FE 2A 4D 08 E8 B0 62 03 F8 2A 00 00 0A 15 00 00 0F 00 00 00
2026-03-15T14:10:11.625290,68.728,can0  041  [04]  DE 00 0C 00
2026-03-15T14:10:11.625656,68.728,can0  204  [16]  28 58 C9 44 54 2A DF 4E 4C 1D 30 75 30 75 00 00
2026-03-15T14:10:11.626523,68.729,can0  070  [20]  FE 2A 4D 08 E8 B0 62 03 F8 2A 00 00 0A 15 00 00 0F 00 00 00
2026-03-15T14:10:11.627557,68.730,can0  040  [04]  28 00 0C 00
2026-03-15T14:10:11.722460,68.825,can0  040  [04]  28 00 0C 00
2026-03-15T14:10:11.722989,68.825,can0  204  [16]  28 58 CA 44 5E 2A AA 4F 4C 1D 30 75 30 75 00 00
2026-03-15T14:10:11.724337,68.827,can0  070  [20]  FE 2A 4D 08 E8 B0 62 03 F8 2A 00 00 0A 15 00 00 0F 00 00 00
2026-03-15T14:10:11.724927,68.827,can0  204  [16]  28 58 C9 44 52 2A 2A 4F 4C 1D 30 75 30 75 00 00
2026-03-15T14:10:11.822108,68.924,can0  206  [24]  87 0C A6 05 7F 0C D5 EF 90 05 8B 0C 83 0C 00 00 00 00 00 00 00 00 00 00
2026-03-15T14:10:11.822463,68.925,can0  204  [16]  28 58 C9 44 52 2A 2A 4F 4C 1D 30 75 30 75 00 00
2026-03-15T14:10:11.922536,69.025,can0  204  [16]  28 58 C9 44 5E 2A 30 52 4C 1D 30 75 30 75 00 00
2026-03-15T14:10:11.923374,69.026,can0  040  [04]  1D 00 0F 00
2026-03-15T14:10:11.927356,69.030,can0  041  [04]  D6 00 0B 00
2026-03-15T14:10:11.927447,69.030,can0  204  [16]  28 58 C9 44 5E 2A 30 52 4C 1D 30 75 30 75 00 00
2026-03-15T14:10:11.927518,69.030,can0  040  [04]  1D 00 0F 00
2026-03-15T14:10:12.022835,69.125,can0  110  [02]  7E 1B
2026-03-15T14:10:12.023245,69.126,can0  204  [16]  28 58 C8 44 4E 2A 96 53 4C 1D 30 75 30 75 00 00
2026-03-15T14:10:12.023582,69.126,can0  206  [24]  8B 0C A6 05 83 0C D5 EF 92 05 9B 0C 7B 0C 00 00 00 00 00 00 00 00 00 00
2026-03-15T14:10:12.023895,69.126,can0  204  [16]  28 58 CB 44 56 2A AE 53 4C 1D 30 75 30 75 00 00
2026-03-15T14:10:12.026387,69.129,can0  060  [32]  00 00 00 00 00 00 00 00 00 00 00 00 00 00 00 00 00 00 00 00 00 00 00 00 00 00 00 00 00 00 00 00
2026-03-15T14:10:12.122812,69.225,can0  204  [16]  28 58 CB 44 56 2A AE 53 4C 1D 30 75 30 75 00 00
2026-03-15T14:10:12.123587,69.226,can0  040  [04]  14 00 10 00
2026-03-15T14:10:12.126467,69.229,can0  041  [04]  C8 00 09 00
2026-03-15T14:10:12.222293,69.325,can0  204  [16]  28 58 C9 44 52 2A 01 52 4C 1D 30 75 30 75 00 00
2026-03-15T14:10:12.224174,69.327,can0  070  [20]  FE 2A 4D 08 E8 B0 62 03 F8 2A 00 00 0A 15 00 00 0F 00 00 00
2026-03-15T14:10:12.225179,69.328,can0  040  [04]  14 00 10 00
2026-03-15T14:10:12.226078,69.328,can0  204  [16]  28 58 C9 44 52 2A 01 52 4C 1D 30 75 30 75 00 00
2026-03-15T14:10:12.322325,69.425,can0  204  [16]  28 58 C9 44 5E 2A 73 53 4C 1D 30 75 30 75 00 00
2026-03-15T14:10:12.323786,69.426,can0  070  [20]  FE 2A 4D 08 E8 B0 62 03 F8 2A 00 00 0A 15 00 00 0F 00 00 00
2026-03-15T14:10:12.324189,69.427,can0  206  [24]  8B 0C A3 05 7B 0C D5 EF 92 05 8F 0C 83 0C 00 00 00 00 00 00 00 00 00 00
2026-03-15T14:10:12.324540,69.427,can0  204  [16]  28 58 C7 44 58 2A 9D 53 4C 1D 30 75 30 75 00 00
2026-03-15T14:10:12.423805,69.526,can0  204  [16]  28 58 C7 44 58 2A 9D 53 4C 1D 30 75 30 75 00 00
2026-03-15T14:10:12.423931,69.526,can0  040  [04]  0C 00 16 00
2026-03-15T14:10:12.424255,69.527,can0  041  [04]  D1 00 0A 00
2026-03-15T14:10:12.522965,69.625,can0  204  [16]  28 58 C8 44 5C 2A 6E 52 4C 1D 30 75 30 75 00 00
2026-03-15T14:10:12.523957,69.626,can0  040  [04]  0C 00 16 00
2026-03-15T14:10:12.524397,69.627,can0  204  [16]  28 58 C8 44 5C 2A 6E 52 4C 1D 30 75 30 75 00 00
2026-03-15T14:10:12.527258,69.630,can0  206  [24]  7F 0C A8 05 87 0C C5 EF 8B 05 93 0C 83 0C 00 00 00 00 00 00 00 00 00 00
2026-03-15T14:10:12.622464,69.725,can0  060  [32]  00 00 00 00 FE 2A 4D 08 3C 06 B8 10 00 00 10 0E FF 01 00 00 00 00 00 00 01 00 00 00 00 00 00 00
2026-03-15T14:10:12.623546,69.726,can0  204  [16]  28 58 C8 44 50 2A B0 51 4C 1D 30 75 30 75 00 00
2026-03-15T14:10:12.624994,69.727,can0  070  [20]  FE 2A 4D 08 E8 B0 62 03 E0 2E 00 00 0A 15 00 00 1C 00 00 00
2026-03-15T14:10:12.625941,69.728,can0  070  [20]  FE 2A 4D 08 E8 B0 62 03 E0 2E 00 00 0A 15 00 00 1C 00 00 00
2026-03-15T14:10:12.626408,69.729,can0  204  [16]  28 58 C8 44 5A 2A 3F 4F 4C 1D 30 75 30 75 00 00
2026-03-15T14:10:12.722941,69.825,can0  041  [04]  CD 00 0A 00
2026-03-15T14:10:12.723609,69.826,can0  040  [04]  0B 00 19 00
2026-03-15T14:10:12.724807,69.827,can0  070  [20]  FE 2A 4D 08 E8 B0 62 03 E0 2E 00 00 0A 15 00 00 1C 00 00 00
2026-03-15T14:10:12.725616,69.828,can0  204  [16]  28 58 C8 44 5A 2A 3F 4F 4C 1D 30 75 30 75 00 00
2026-03-15T14:10:12.726261,69.829,can0  040  [04]  0B 00 19 00
2026-03-15T14:10:12.822938,69.925,can0  100  [03]  61 58 04
2026-03-15T14:10:12.823655,69.926,can0  120  [04]  00 00 00 00
2026-03-15T14:10:12.824074,69.926,can0  204  [16]  28 58 C8 44 54 2A CF 4E 4C 1D 30 75 30 75 00 00
2026-03-15T14:10:12.824517,69.927,can0  206  [24]  8B 0C A6 05 7F 0C E4 EF 92 05 93 0C 7F 0C 00 00 00 00 00 00 00 00 00 00
2026-03-15T14:10:12.824879,69.927,can0  204  [16]  28 58 C8 44 5E 2A 30 4E 4C 1D 30 75 30 75 00 00
2026-03-15T14:10:12.922080,70.024,can0  204  [16]  28 58 C8 44 5E 2A 30 4E 4C 1D 30 75 30 75 00 00
2026-03-15T14:10:12.922392,70.025,can0  041  [04]  CB 00 0A 00
2026-03-15T14:10:12.926975,70.029,can0  040  [04]  08 00 19 00
2026-03-15T14:10:13.022014,70.124,can0  204  [16]  28 58 C7 44 56 2A 16 4D 4C 1D 30 75 30 75 00 00
2026-03-15T14:10:13.022721,70.125,can0  040  [04]  08 00 19 00
2026-03-15T14:10:13.023132,70.126,can0  204  [16]  28 58 C7 44 56 2A 16 4D 4C 1D 30 75 30 75 00 00
2026-03-15T14:10:13.122830,70.225,can0  204  [16]  28 58 C7 44 5C 2A 7D 4D 4C 1D 30 75 30 75 00 00
2026-03-15T14:10:13.123181,70.226,can0  060  [32]  00 00 00 00 00 00 00 00 00 00 00 00 00 00 00 00 00 00 00 00 00 00 00 00 00 00 00 00 00 00 00 00
2026-03-15T14:10:13.126574,70.229,can0  206  [24]  8B 0C A8 05 7F 0C B6 EF 94 05 93 0C 7B 0C 00 00 00 00 00 00 00 00 00 00
2026-03-15T14:10:13.126670,70.229,can0  204  [16]  28 58 C5 44 58 2A 5E 4F 4C 1D 30 75 30 75 00 00
2026-03-15T14:10:13.222564,70.325,can0  204  [16]  28 58 C5 44 58 2A 5E 4F 4C 1D 30 75 30 75 00 00
2026-03-15T14:10:13.224112,70.326,can0  070  [20]  FE 2A 4D 08 E8 B0 62 03 E0 2E 00 00 0A 15 00 00 1C 00 00 00
2026-03-15T14:10:13.225066,70.327,can0  040  [04]  05 00 1A 00
2026-03-15T14:10:13.232416,70.335,can0  041  [04]  C6 00 09 00
2026-03-15T14:10:13.232525,70.335,can0  204  [16]  28 58 C8 44 5E 2A 73 52 4C 1D 30 75 30 75 00 00
2026-03-15T14:10:13.323221,70.426,can0  040  [04]  05 00 1A 00
2026-03-15T14:10:13.324848,70.427,can0  070  [20]  FE 2A 4D 08 E8 B0 62 03 E0 2E 00 00 0A 15 00 00 1C 00 00 00
2026-03-15T14:10:13.325640,70.428,can0  204  [16]  28 58 C8 44 5E 2A 73 52 4C 1D 30 75 30 75 00 00
2026-03-15T14:10:13.326115,70.428,can0  206  [24]  8F 0C AA 05 73 0C D5 EF 8E 05 A7 0C 7F 0C 00 00 00 00 00 00 00 00 00 00
2026-03-15T14:10:13.422489,70.525,can0  204  [16]  28 58 C8 44 58 2A 02 51 4C 1D 30 75 30 75 00 00
2026-03-15T14:10:13.422811,70.525,can0  204  [16]  28 58 C8 44 64 2A C3 51 4C 1D 30 75 30 75 00 00
2026-03-15T14:10:13.523090,70.625,can0  040  [04]  67 01 19 00
2026-03-15T14:10:13.523578,70.626,can0  041  [04]  C6 00 09 00
2026-03-15T14:10:13.524569,70.627,can0  204  [16]  28 58 C8 44 64 2A C3 51 4C 1D 30 75 30 75 00 00
2026-03-15T14:10:13.524659,70.627,can0  040  [04]  67 01 19 00
2026-03-15T14:10:13.622258,70.725,can0  204  [16]  28 58 C8 44 64 2A C3 51 4C 1D 30 75 30 75 00 00
2026-03-15T14:10:13.622570,70.725,can0  110  [02]  7E 1B
2026-03-15T14:10:13.622794,70.725,can0  060  [32]  00 00 00 00 00 00 00 00 00 00 00 00 00 00 00 00 00 00 00 00 00 00 00 00 00 00 00 00 00 00 00 00
2026-03-15T14:10:13.623843,70.726,can0  060  [32]  00 00 00 00 FE 2A 4D 08 3C 06 B8 10 00 00 10 0E FF 01 00 00 00 00 00 00 01 00 00 00 00 00 00 00
2026-03-15T14:10:13.625439,70.728,can0  070  [20]  FE 2A 4D 08 E8 B0 62 03 C8 32 00 00 0A 15 00 00 25 00 00 00
2026-03-15T14:10:13.625842,70.728,can0  206  [24]  87 0C A6 05 83 0C D5 EF 8E 05 97 0C 7B 0C 00 00 00 00 00 00 00 00 00 00
2026-03-15T14:10:13.626181,70.729,can0  204  [16]  28 58 C9 44 62 2A 6E 51 4C 1D 30 75 30 75 00 00
2026-03-15T14:10:13.627329,70.730,can0  070  [20]  FE 2A 4D 08 E8 B0 62 03 C8 32 00 00 0A 15 00 00 24 00 00 00
2026-03-15T14:10:13.722799,70.825,can0  204  [16]  28 58 C9 44 62 2A 6E 51 4C 1D 30 75 30 75 00 00
2026-03-15T14:10:13.723852,70.826,can0  070  [20]  FE 2A 4D 08 E8 B0 62 03 C8 32 00 00 0A 15 00 00 24 00 00 00
2026-03-15T14:10:13.725031,70.827,can0  040  [04]  67 01 18 00
2026-03-15T14:10:13.726035,70.828,can0  041  [04]  C6 00 09 00
2026-03-15T14:10:13.726122,70.828,can0  204  [16]  28 58 CA 44 5C 2A 2C 51 4C 1D 30 75 30 75 00 00
2026-03-15T14:10:13.831433,70.934,can0  040  [04]  67 01 18 00
2026-03-15T14:10:13.831891,70.934,can0  204  [16]  28 58 CA 44 5C 2A 2C 51 4C 1D 30 75 30 75 00 00
2026-03-15T14:10:13.922467,71.025,can0  204  [16]  28 58 C9 44 5C 2A 60 51 4C 1D 30 75 30 75 00 00
2026-03-15T14:10:13.922946,71.025,can0  206  [24]  87 0C AC 05 7F 0C D5 EF 90 05 97 0C 83 0C 00 00 00 00 00 00 00 00 00 00
2026-03-15T14:10:13.923289,71.026,can0  204  [16]  28 58 C8 44 5A 2A 0E 51 4C 1D 30 75 30 75 00 00
2026-03-15T14:10:14.022374,71.125,can0  100  [03]  64 58 04
2026-03-15T14:10:14.022930,71.125,can0  120  [04]  00 00 00 00
2026-03-15T14:10:14.023208,71.126,can0  204  [16]  28 58 C8 44 5A 2A 0E 51 4C 1D 30 75 30 75 00 00
2026-03-15T14:10:14.023438,71.126,can0  041  [04]  BC 00 0C 00
2026-03-15T14:10:14.024260,71.127,can0  040  [04]  67 01 16 00
2026-03-15T14:10:14.025295,71.128,can0  040  [04]  67 01 16 00
2026-03-15T14:10:14.028171,71.131,can0  204  [16]  28 58 C8 44 60 2A 2B 51 4C 1D 30 75 30 75 00 00
2026-03-15T14:10:14.122083,71.224,can0  060  [32]  00 00 00 00 00 00 00 00 00 00 00 00 00 00 00 00 00 00 00 00 00 00 00 00 00 00 00 00 00 00 00 00
2026-03-15T14:10:14.122452,71.225,can0  204  [16]  28 58 C8 44 60 2A 2B 51 4C 1D 30 75 30 75 00 00
2026-03-15T14:10:14.222117,71.324,can0  206  [24]  87 0C A6 05 77 0C E4 EF 90 05 97 0C 83 0C 00 00 00 00 00 00 00 00 00 00
2026-03-15T14:10:14.222468,71.325,can0  204  [16]  28 58 C6 44 5E 2A 09 51 4C 1D 30 75 30 75 00 00
2026-03-15T14:10:14.223552,71.326,can0  070  [20]  FE 2A 4D 08 E8 B0 62 03 C8 32 00 00 0A 15 00 00 24 00 00 00
2026-03-15T14:10:14.224277,71.327,can0  204  [16]  28 58 C7 44 5A 2A EF 4F 4C 1D 30 75 30 75 00 00
2026-03-15T14:10:14.323763,71.426,can0  070  [20]  FE 2A 4D 08 E8 B0 62 03 C8 32 00 00 0A 15 00 00 24 00 00 00
2026-03-15T14:10:14.324957,71.427,can0  040  [04]  67 01 16 00
2026-03-15T14:10:14.325332,71.428,can0  041  [04]  B5 00 0C 00
2026-03-15T14:10:14.326478,71.429,can0  204  [16]  28 58 C7 44 5A 2A EF 4F 4C 1D 30 75 30 75 00 00
2026-03-15T14:10:14.326563,71.429,can0  040  [04]  67 01 16 00
2026-03-15T14:10:14.329331,71.432,can0  204  [16]  28 58 C7 44 56 2A 65 50 4C 1D 30 75 30 75 00 00
2026-03-15T14:10:14.422265,71.525,can0  204  [16]  28 58 C7 44 56 2A 65 50 4C 1D 30 75 30 75 00 00
2026-03-15T14:10:14.422556,71.525,can0  206  [24]  83 0C A8 05 77 0C C5 EF 90 05 93 0C 87 0C 00 00 00 00 00 00 00 00 00 00
2026-03-15T14:10:14.522056,71.624,can0  204  [16]  28 58 C6 44 54 2A 32 50 4C 1D 30 75 30 75 00 00
2026-03-15T14:10:14.522408,71.625,can0  204  [16]  28 58 C6 44 54 2A 32 50 4C 1D 30 75 30 75 00 00
2026-03-15T14:10:14.523185,71.626,can0  040  [04]  05 00 16 00
2026-03-15T14:10:14.523648,71.626,can0  041  [04]  BC 00 0A 00
2026-03-15T14:10:14.623035,71.725,can0  070  [20]  FE 2A 4D 08 E8 B0 62 03 B0 36 00 00 0A 15 00 00 0F 00 00 00
2026-03-15T14:10:14.624527,71.727,can0  060  [32]  00 00 00 00 FE 2A 4D 08 3C 06 B8 10 00 00 10 0E FF 01 00 00 00 00 00 00 01 00 00 00 00 00 00 00
2026-03-15T14:10:14.625955,71.728,can0  040  [04]  05 00 16 00
2026-03-15T14:10:14.626039,71.728,can0  204  [16]  28 58 C6 44 54 2A 96 4F 4C 1D 30 75 30 75 00 00
2026-03-15T14:10:14.722757,71.825,can0  070  [20]  FE 2A 4D 08 E8 B0 62 03 B0 36 00 00 0A 15 00 00 10 00 00 00
2026-03-15T14:10:14.723650,71.826,can0  204  [16]  28 58 C6 44 52 2A E4 50 4C 1D 30 75 30 75 00 00
2026-03-15T14:10:14.724004,71.826,can0  206  [24]  87 0C AC 05 7F 0C E4 EF 92 05 93 0C 83 0C 00 00 00 00 00 00 00 00 00 00
2026-03-15T14:10:14.724962,71.827,can0  070  [20]  FE 2A 4D 08 E8 B0 62 03 B0 36 00 00 0A 15 00 00 10 00 00 00
2026-03-15T14:10:14.725712,71.828,can0  204  [16]  28 58 C8 44 58 2A 63 51 4C 1D 30 75 30 75 00 00
2026-03-15T14:10:14.822273,71.925,can0  204  [16]  28 58 C8 44 58 2A 63 51 4C 1D 30 75 30 75 00 00
2026-03-15T14:10:14.822991,71.925,can0  040  [04]  0E 00 15 00
2026-03-15T14:10:14.824113,71.926,can0  041  [04]  D1 00 07 00
2026-03-15T14:10:14.824200,71.927,can0  204  [16]  28 58 C7 44 4C 2A F5 50 4C 1D 30 75 30 75 00 00
2026-03-15T14:10:14.824270,71.927,can0  040  [04]  0E 00 15 00
2026-03-15T14:10:14.922746,72.025,can0  204  [16]  28 58 C7 44 4C 2A F5 50 4C 1D 30 75 30 75 00 00
2026-03-15T14:10:15.022562,72.125,can0  206  [24]  8F 0C AA 05 7B 0C C5 EF 92 05 97 0C 7B 0C 00 00 00 00 00 00 00 00 00 00
2026-03-15T14:10:15.022811,72.125,can0  204  [16]  28 58 C8 44 58 2A 97 4F 4C 1D 30 75 30 75 00 00
2026-03-15T14:10:15.023037,72.125,can0  204  [16]  28 58 C9 44 4C 2A AB 50 4C 1D 30 75 30 75 00 00
2026-03-15T14:10:15.122329,72.225,can0  041  [04]  C1 00 09 00
2026-03-15T14:10:15.123145,72.226,can0  040  [04]  0E 00 12 00
2026-03-15T14:10:15.124219,72.227,can0  204  [16]  28 58 C9 44 4C 2A AB 50 4C 1D 30 75 30 75 00 00
2026-03-15T14:10:15.124319,72.227,can0  060  [32]  00 00 00 00 00 00 00 00 00 00 00 00 00 00 00 00 00 00 00 00 00 00 00 00 00 00 00 00 00 00 00 00
2026-03-15T14:10:15.124835,72.227,can0  040  [04]  0E 00 12 00
2026-03-15T14:10:15.125677,72.228,can0  204  [16]  28 58 C8 44 58 2A E4 50 4C 1D 30 75 30 75 00 00
2026-03-15T14:10:15.227098,72.329,can0  100  [03]  65 58 04
2026-03-15T14:10:15.227412,72.330,can0  110  [02]  7E 1B
2026-03-15T14:10:15.227990,72.330,can0  120  [04]  00 00 00 00
2026-03-15T14:10:15.229100,72.331,can0  070  [20]  FE 2A 4D 08 E8 B0 62 03 B0 36 00 00 0A 15 00 00 10 00 00 00
2026-03-15T14:10:15.229664,72.332,can0  204  [16]  28 58 C8 44 58 2A E4 50 4C 1D 30 75 30 75 00 00
2026-03-15T14:10:15.229930,72.332,can0  206  [24]  8B 0C A3 05 7B 0C D5 EF 92 05 93 0C 7F 0C 00 00 00 00 00 00 00 00 00 00
2026-03-15T14:10:15.322458,72.425,can0  204  [16]  28 58 C9 44 4C 2A B3 50 4C 1D 30 75 30 75 00 00
2026-03-15T14:10:15.323827,72.426,can0  070  [20]  FE 2A 4D 08 E8 B0 62 03 B0 36 00 00 0A 15 00 00 10 00 00 00
2026-03-15T14:10:15.324067,72.426,can0  041  [04]  B5 00 0A 00
2026-03-15T14:10:15.324764,72.427,can0  040  [04]  13 00 10 00
2026-03-15T14:10:15.327574,72.430,can0  204  [16]  28 58 C8 44 54 2A 13 50 4C 1D 30 75 30 75 00 00
2026-03-15T14:10:15.422580,72.525,can0  040  [04]  13 00 10 00
2026-03-15T14:10:15.425645,72.528,can0  204  [16]  28 58 C8 44 54 2A 13 50 4C 1D 30 75 30 75 00 00
2026-03-15T14:10:15.425714,72.528,can0  204  [16]  28 58 C9 44 54 2A 62 50 4C 1D 30 75 30 75 00 00
2026-03-15T14:10:15.522683,72.625,can0  206  [24]  83 0C A3 05 7B 0C D5 EF 92 05 9F 0C 87 0C 00 00 00 00 00 00 00 00 00 00
2026-03-15T14:10:15.522960,72.625,can0  204  [16]  28 58 C9 44 54 2A 62 50 4C 1D 30 75 30 75 00 00
2026-03-15T14:10:15.524312,72.627,can0  070  [20]  FD 2A 4D 08 E6 B0 62 03 98 3A 00 00 0A 15 00 00 1A 00 00 00
2026-03-15T14:10:15.623527,72.726,can0  204  [16]  28 58 C7 44 54 2A A0 50 4C 1D 30 75 30 75 00 00
2026-03-15T14:10:15.623847,72.726,can0  060  [32]  00 00 00 00 00 00 00 00 00 00 00 00 00 00 00 00 00 00 00 00 00 00 00 00 00 00 00 00 00 00 00 00
2026-03-15T14:10:15.624717,72.727,can0  040  [04]  1E 00 0C 00
2026-03-15T14:10:15.626272,72.729,can0  041  [04]  B5 00 0C 00
2026-03-15T14:10:15.626367,72.729,can0  060  [32]  00 00 00 00 FD 2A 4D 08 3B 06 B8 10 00 00 10 0E FF 01 00 00 00 00 00 00 01 00 00 00 00 00 00 00
2026-03-15T14:10:15.628084,72.730,can0  070  [20]  FD 2A 4D 08 E6 B0 62 03 98 3A 00 00 0A 15 00 00 1B 00 00 00
2026-03-15T14:10:15.628656,72.731,can0  204  [16]  28 58 C9 44 52 2A D0 4F 4C 1D 30 75 30 75 00 00
2026-03-15T14:10:15.723193,72.826,can0  040  [04]  1E 00 0C 00
2026-03-15T14:10:15.725083,72.827,can0  204  [16]  28 58 C9 44 52 2A D0 4F 4C 1D 30 75 30 75 00 00
2026-03-15T14:10:15.725154,72.828,can0  070  [20]  FD 2A 4D 08 E6 B0 62 03 98 3A 00 00 0A 15 00 00 1B 00 00 00
2026-03-15T14:10:15.822280,72.925,can0  204  [16]  28 58 C9 44 4E 2A 5C 50 4C 1D 30 75 30 75 00 00
2026-03-15T14:10:15.822676,72.925,can0  206  [24]  8B 0C A8 05 7B 0C B6 EF 92 05 9B 0C 7F 0C 00 00 00 00 00 00 00 00 00 00
2026-03-15T14:10:15.823006,72.925,can0  204  [16]  28 58 C8 44 5A 2A BE 52 4C 1D 30 75 30 75 00 00
2026-03-15T14:10:15.823811,72.926,can0  040  [04]  21 00 0A 00
2026-03-15T14:10:15.922391,73.025,can0  041  [04]  B0 00 0A 00
2026-03-15T14:10:15.922821,73.025,can0  204  [16]  28 58 C8 44 5A 2A BE 52 4C 1D 30 75 30 75 00 00
2026-03-15T14:10:15.939352,73.042,can0  040  [04]  21 00 0A 00
2026-03-15T14:10:15.939471,73.042,can0  204  [16]  28 58 C6 44 58 2A 29 51 4C 1D 30 75 30 75 00 00
2026-03-15T14:10:16.022712,73.125,can0  204  [16]  28 58 C6 44 58 2A 29 51 4C 1D 30 75 30 75 00 00
2026-03-15T14:10:16.023054,73.125,can0  206  [24]  87 0C A6 05 7F 0C C5 EF 8E 05 93 0C 83 0C 00 00 00 00 00 00 00 00 00 00
2026-03-15T14:10:16.121943,73.224,can0  204  [16]  28 58 C8 44 5A 2A F4 50 4C 1D 30 75 30 75 00 00
2026-03-15T14:10:16.122252,73.225,can0  060  [32]  00 00 00 00 00 00 00 00 00 00 00 00 00 00 00 00 00 00 00 00 00 00 00 00 00 00 00 00 00 00 00 00
2026-03-15T14:10:16.122568,73.225,can0  204  [16]  28 58 C9 44 5A 2A 00 52 4C 1D 30 75 30 75 00 00
2026-03-15T14:10:16.122907,73.225,can0  041  [04]  A9 00 09 00
2026-03-15T14:10:16.123615,73.226,can0  040  [04]  21 00 0A 00
2026-03-15T14:10:16.222362,73.325,can0  204  [16]  28 58 C9 44 5A 2A 00 52 4C 1D 30 75 30 75 00 00
2026-03-15T14:10:16.223131,73.326,can0  040  [04]  21 00 0A 00
2026-03-15T14:10:16.224869,73.327,can0  070  [20]  FD 2A 4D 08 E6 B0 62 03 98 3A 00 00 0A 15 00 00 1B 00 00 00
2026-03-15T14:10:16.225402,73.328,can0  204  [16]  28 58 C8 44 56 2A BB 52 4C 1D 30 75 30 75 00 00
2026-03-15T14:10:16.323233,73.426,can0  070  [20]  FD 2A 4D 08 E6 B0 62 03 98 3A 00 00 0A 15 00 00 1B 00 00 00
2026-03-15T14:10:16.323615,73.426,can0  204  [16]  28 58 C8 44 56 2A BB 52 4C 1D 30 75 30 75 00 00
2026-03-15T14:10:16.323885,73.426,can0  206  [24]  87 0C A8 05 7B 0C C5 EF 8E 05 97 0C 83 0C 00 00 00 00 00 00 00 00 00 00
2026-03-15T14:10:16.422357,73.525,can0  100  [03]  67 58 04
2026-03-15T14:10:16.422644,73.525,can0  204  [16]  28 58 C8 44 5E 2A C8 52 4C 1D 30 75 30 75 00 00
2026-03-15T14:10:16.423176,73.526,can0  120  [04]  00 00 00 00
2026-03-15T14:10:16.423420,73.526,can0  041  [04]  A7 00 08 00
2026-03-15T14:10:16.424292,73.527,can0  040  [04]  18 00 0B 00
2026-03-15T14:10:16.424893,73.527,can0  204  [16]  28 58 C9 44 50 2A 47 52 4C 1D 30 75 30 75 00 00
2026-03-15T14:10:16.425776,73.528,can0  040  [04]  18 00 0B 00
2026-03-15T14:10:16.524030,73.626,can0  204  [16]  28 58 C9 44 50 2A 47 52 4C 1D 30 75 30 75 00 00
2026-03-15T14:10:16.524126,73.626,can0  204  [16]  28 58 C9 44 50 2A 47 52 4C 1D 30 75 30 75 00 00
2026-03-15T14:10:16.621910,73.724,can0  206  [24]  83 0C A8 05 7B 0C 3E F0 8E 05 9B 0C 83 0C 00 00 00 00 00 00 00 00 00 00
2026-03-15T14:10:16.622805,73.725,can0  070  [20]  FD 2A 4D 08 E8 B0 62 03 80 3E 00 00 0A 15 00 00 27 00 00 00
2026-03-15T14:10:16.624165,73.727,can0  070  [20]  FD 2A 4D 08 E8 B0 62 03 80 3E 00 00 0A 15 00 00 27 00 00 00
2026-03-15T14:10:16.624731,73.727,can0  204  [16]  28 58 C9 44 4E 2A 33 52 4C 1D 30 75 30 75 00 00
2026-03-15T14:10:16.625610,73.728,can0  060  [32]  00 00 00 00 FD 2A 4D 08 3C 06 B8 10 00 00 10 0E FF 01 00 00 00 00 00 00 01 00 00 00 00 00 00 00
2026-03-15T14:10:16.723042,73.825,can0  040  [04]  15 00 0C 00
2026-03-15T14:10:16.723721,73.826,can0  041  [04]  93 00 06 00
2026-03-15T14:10:16.723906,73.826,can0  132  [00]
2026-03-15T14:10:16.724492,73.827,can0  204  [16]  28 58 CC 44 40 2A C0 51 4C 1D 30 75 30 75 00 00
2026-03-15T14:10:16.725863,73.828,can0  070  [20]  FD 2A 4D 08 E8 B0 62 03 80 3E 00 00 0A 15 00 00 27 00 00 00
2026-03-15T14:10:16.726829,73.829,can0  040  [04]  15 00 0C 00
2026-03-15T14:10:16.727513,73.830,can0  204  [16]  28 58 C8 44 4C 2A A5 51 4C 1D 30 75 30 75 00 00
2026-03-15T14:10:16.822486,73.925,can0  110  [02]  7F 1B
2026-03-15T14:10:16.822804,73.925,can0  204  [16]  28 58 C8 44 4C 2A A5 51 4C 1D 30 75 30 75 00 00
2026-03-15T14:10:16.823147,73.926,can0  206  [24]  7F 0C AA 05 83 0C B6 EF 90 05 8F 0C 83 0C 00 00 00 00 00 00 00 00 00 00
2026-03-15T14:10:16.924743,74.027,can0  204  [16]  28 58 C8 44 58 2A 3F 51 4C 1D 30 75 30 75 00 00
2026-03-15T14:10:16.925077,74.027,can0  204  [16]  28 58 C8 44 58 2A 3F 51 4C 1D 30 75 30 75 00 00
2026-03-15T14:10:16.925966,74.028,can0  040  [04]  0A 00 0B 00
2026-03-15T14:10:16.926581,74.029,can0  041  [04]  81 00 04 00
2026-03-15T14:10:16.926871,74.029,can0  133  [00]
2026-03-15T14:10:17.021864,74.124,can0  204  [16]  28 58 C8 44 68 2A 9A 51 4C 1D 30 75 30 75 00 00
2026-03-15T14:10:17.022603,74.125,can0  040  [04]  0A 00 0B 00
2026-03-15T14:10:17.023015,74.125,can0  204  [16]  28 58 C8 44 54 2A 84 51 4C 1D 30 75 30 75 00 00
2026-03-15T14:10:17.122299,74.225,can0  206  [24]  8F 0C AA 05 7F 0C C5 EF 90 05 9F 0C 7B 0C 00 00 00 00 00 00 00 00 00 00
2026-03-15T14:10:17.122711,74.225,can0  204  [16]  28 58 C8 44 54 2A 84 51 4C 1D 30 75 30 75 00 00
2026-03-15T14:10:17.123040,74.225,can0  060  [32]  00 00 00 00 00 00 00 00 00 00 00 00 00 00 00 00 00 00 00 00 00 00 00 00 00 00 00 00 00 00 00 00
2026-03-15T14:10:17.222251,74.325,can0  204  [16]  28 58 C9 44 50 2A 0D 52 4C 1D 30 75 30 75 00 00
2026-03-15T14:10:17.223011,74.325,can0  040  [04]  06 00 08 00
2026-03-15T14:10:17.223381,74.326,can0  041  [04]  5E 00 00 00
2026-03-15T14:10:17.225070,74.327,can0  070  [20]  FD 2A 4D 08 E8 B0 62 03 80 3E 00 00 0A 15 00 00 27 00 00 00
2026-03-15T14:10:17.225360,74.328,can0  204  [16]  28 58 C9 44 50 2A 0D 52 4C 1D 30 75 30 75 00 00
2026-03-15T14:10:17.226008,74.328,can0  040  [04]  06 00 08 00
2026-03-15T14:10:17.322933,74.425,can0  204  [16]  28 58 C7 44 4E 2A DE 51 4C 1D 30 75 30 75 00 00
2026-03-15T14:10:17.324546,74.427,can0  070  [20]  FD 2A 4D 08 E8 B0 62 03 80 3E 00 00 0A 15 00 00 27 00 00 00
2026-03-15T14:10:17.325116,74.427,can0  204  [16]  28 58 C6 44 54 2A 7A 51 4C 1D 30 75 30 75 00 00
2026-03-15T14:10:17.422401,74.525,can0  206  [24]  83 0C A6 05 7F 0C 77 F0 90 05 8F 0C 87 0C 00 00 00 00 00 00 00 00 00 00
2026-03-15T14:10:17.422765,74.525,can0  204  [16]  28 58 C6 44 54 2A 7A 51 4C 1D 30 75 30 75 00 00
2026-03-15T14:10:17.522625,74.625,can0  041  [04]  8B 00 00 00
2026-03-15T14:10:17.523044,74.625,can0  204  [16]  28 58 C6 44 64 2A CC 50 4C 1D 30 75 30 75 00 00
2026-03-15T14:10:17.523798,74.626,can0  040  [04]  67 01 05 00
2026-03-15T14:10:17.524944,74.627,can0  040  [04]  67 01 05 00
2026-03-15T14:10:17.530654,74.633,can0  204  [16]  28 58 C6 44 64 2A CC 50 4C 1D 30 75 30 75 00 00
2026-03-15T14:10:17.645325,74.748,can0  100  [03]  65 58 04
2026-03-15T14:10:17.645439,74.748,can0  120  [04]  00 00 00 00
2026-03-15T14:10:17.646771,74.749,can0  070  [20]  FB 2A 4D 08 E8 B0 62 03 68 42 00 00 0A 15 00 00 11 00 00 00
2026-03-15T14:10:17.648749,74.751,can0  204  [16]  28 58 C7 44 4E 2A D7 50 4C 1D 30 75 30 75 00 00
2026-03-15T14:10:17.648857,74.751,can0  070  [20]  FB 2A 4D 08 E8 B0 62 03 68 42 00 00 0A 15 00 00 10 00 00 00
2026-03-15T14:10:17.650516,74.753,can0  060  [32]  00 00 00 00 00 00 00 00 00 00 00 00 00 00 00 00 00 00 00 00 00 00 00 00 00 00 00 00 00 00 00 00
2026-03-15T14:10:17.650632,74.753,can0  060  [32]  00 00 00 00 FB 2A 4D 08 3C 06 B8 10 00 00 10 0E FF 01 00 00 00 00 00 00 01 00 00 00 00 00 00 00
2026-03-15T14:10:17.651397,74.754,can0  206  [24]  87 0C AA 05 87 0C C5 EF 92 05 93 0C 7B 0C 00 00 00 00 00 00 00 00 00 00
2026-03-15T14:10:17.711838,74.814,can0  204  [16]  28 58 C8 44 54 2A 5C 51 4C 1D 30 75 30 75 00 00
2026-03-15T14:10:17.713502,74.816,can0  070  [20]  FB 2A 4D 08 E8 B0 62 03 68 42 00 00 0A 15 00 00 10 00 00 00
2026-03-15T14:10:17.714071,74.816,can0  204  [16]  28 58 C8 44 54 2A 5C 51 4C 1D 30 75 30 75 00 00
2026-03-15T14:10:17.715410,74.818,can0  041  [04]  D1 00 02 00
2026-03-15T14:10:17.715493,74.818,can0  040  [04]  4D 01 02 00
2026-03-15T14:10:17.837095,74.939,can0  040  [04]  4D 01 02 00
2026-03-15T14:10:17.842631,74.945,can0  204  [16]  28 58 C6 44 50 2A 04 51 4C 1D 30 75 30 75 00 00
2026-03-15T14:10:17.842741,74.945,can0  204  [16]  28 58 C6 44 64 2A 52 51 4C 1D 30 75 30 75 00 00
2026-03-15T14:10:17.927884,75.030,can0  204  [16]  28 58 C6 44 64 2A 52 51 4C 1D 30 75 30 75 00 00
2026-03-15T14:10:17.928347,75.031,can0  206  [24]  8B 0C A8 05 7B 0C E4 EF 8E 05 9B 0C 7F 0C 00 00 00 00 00 00 00 00 00 00
2026-03-15T14:10:18.041207,75.144,can0  204  [16]  28 58 C9 44 64 2A 3C 51 4C 1D 30 75 30 75 00 00
2026-03-15T14:10:18.042152,75.145,can0  040  [04]  2C 00 02 00
2026-03-15T14:10:18.043563,75.146,can0  041  [04]  B5 00 05 00
2026-03-15T14:10:18.043648,75.146,can0  204  [16]  28 58 C9 44 64 2A 3C 51 4C 1D 30 75 30 75 00 00
2026-03-15T14:10:18.043716,75.146,can0  040  [04]  2C 00 02 00
2026-03-15T14:10:18.103290,75.206,can0  204  [16]  28 58 C9 44 5C 2A BC 50 4C 1D 30 75 30 75 00 00
2026-03-15T14:10:18.103585,75.206,can0  060  [32]  00 00 00 00 00 00 00 00 00 00 00 00 00 00 00 00 00 00 00 00 00 00 00 00 00 00 00 00 00 00 00 00
2026-03-15T14:10:18.104020,75.206,can0  204  [16]  28 58 C8 44 56 2A 2E 51 4C 1D 30 75 30 75 00 00
2026-03-15T14:10:18.104365,75.207,can0  206  [24]  8B 0C A6 05 7F 0C E4 EF 8B 05 93 0C 7F 0C 00 00 00 00 00 00 00 00 00 00
2026-03-15T14:10:18.219462,75.322,can0  070  [20]  FB 2A 4D 08 E8 B0 62 03 68 42 00 00 0A 15 00 00 10 00 00 00
2026-03-15T14:10:18.221032,75.323,can0  204  [16]  28 58 C8 44 56 2A 2E 51 4C 1D 30 75 30 75 00 00
2026-03-15T14:10:18.221123,75.323,can0  040  [04]  58 00 05 00
2026-03-15T14:10:18.332534,75.435,can0  041  [04]  8B 00 02 00
2026-03-15T14:10:18.332911,75.435,can0  204  [16]  28 58 C8 44 60 2A 9D 51 4C 1D 30 75 30 75 00 00
2026-03-15T14:10:18.334208,75.437,can0  070  [20]  FB 2A 4D 08 E8 B0 62 03 68 42 00 00 0A 15 00 00 10 00 00 00
2026-03-15T14:10:18.335741,75.438,can0  040  [04]  58 00 05 00
2026-03-15T14:10:18.336200,75.439,can0  204  [16]  28 58 C7 44 60 2A 63 51 4C 1D 30 75 30 75 00 00
2026-03-15T14:10:18.450055,75.552,can0  110  [02]  80 1B
2026-03-15T14:10:18.450858,75.553,can0  204  [16]  28 58 C7 44 60 2A 63 51 4C 1D 30 75 30 75 00 00
2026-03-15T14:10:18.450949,75.553,can0  206  [24]  87 0C AE 05 7F 0C D5 EF 94 05 9F 0C 7B 0C 00 00 00 00 00 00 00 00 00 00
2026-03-15T14:10:18.451323,75.554,can0  204  [16]  28 58 C9 44 5E 2A 81 51 4C 1D 30 75 30 75 00 00
2026-03-15T14:10:18.510796,75.613,can0  204  [16]  28 58 C9 44 5E 2A 81 51 4C 1D 30 75 30 75 00 00
2026-03-15T14:10:18.510891,75.613,can0  040  [04]  58 00 06 00
2026-03-15T14:10:18.511513,75.614,can0  041  [04]  8B 00 02 00
2026-03-15T14:10:18.619895,75.722,can0  204  [16]  28 58 CB 44 5A 2A F7 51 4C 1D 30 75 30 75 00 00
2026-03-15T14:10:18.621232,75.724,can0  070  [20]  FB 2A 4D 08 E8 B0 62 03 50 46 00 00 0A 15 00 00 16 00 00 00
2026-03-15T14:10:18.622137,75.725,can0  040  [04]  58 00 06 00
2026-03-15T14:10:18.623481,75.726,can0  070  [20]  FB 2A 4D 08 E8 B0 62 03 50 46 00 00 0A 15 00 00 16 00 00 00
2026-03-15T14:10:18.624221,75.727,can0  204  [16]  28 58 C9 44 5E 2A D3 51 4C 1D 30 75 30 75 00 00
2026-03-15T14:10:18.625179,75.728,can0  060  [32]  00 00 00 00 FB 2A 4D 08 3C 06 B8 10 00 00 10 0E FF 01 00 00 00 00 00 00 01 00 00 00 00 00 00 00
2026-03-15T14:10:18.703425,75.806,can0  204  [16]  28 58 C9 44 5E 2A D3 51 4C 1D 30 75 30 75 00 00
2026-03-15T14:10:18.703814,75.806,can0  206  [24]  8F 0C AA 05 7B 0C D5 EF 94 05 97 0C 7F 0C 00 00 00 00 00 00 00 00 00 00
2026-03-15T14:10:18.705198,75.808,can0  070  [20]  FB 2A 4D 08 E8 B0 62 03 50 46 00 00 0A 15 00 00 16 00 00 00
2026-03-15T14:10:18.705612,75.808,can0  204  [16]  28 58 C6 44 62 2A DF 50 4C 1D 30 75 30 75 00 00
2026-03-15T14:10:18.849504,75.952,can0  100  [03]  67 58 04
2026-03-15T14:10:18.849633,75.952,can0  120  [04]  00 00 00 00
2026-03-15T14:10:18.850749,75.953,can0  041  [04]  8B 00 00 00
2026-03-15T14:10:18.850827,75.953,can0  040  [04]  58 00 06 00
2026-03-15T14:10:18.851591,75.954,can0  204  [16]  28 58 C6 44 62 2A DF 50 4C 1D 30 75 30 75 00 00
2026-03-15T14:10:18.852673,75.955,can0  040  [04]  58 00 06 00
2026-03-15T14:10:18.930214,76.033,can0  204  [16]  28 58 C7 44 5C 2A BB 51 4C 1D 30 75 30 75 00 00
2026-03-15T14:10:18.930495,76.033,can0  204  [16]  28 58 C9 44 50 2A AF 51 4C 1D 30 75 30 75 00 00
2026-03-15T14:10:19.022295,76.125,can0  206  [24]  87 0C AA 05 87 0C F4 EF 92 05 83 0C 7F 0C 00 00 00 00 00 00 00 00 00 00
2026-03-15T14:10:19.022531,76.125,can0  204  [16]  28 58 C9 44 50 2A AF 51 4C 1D 30 75 30 75 00 00
2026-03-15T14:10:19.022751,76.125,can0  204  [16]  28 58 C8 44 5A 2A FB 51 4C 1D 30 75 30 75 00 00
2026-03-15T14:10:19.023539,76.126,can0  040  [04]  58 00 05 00
2026-03-15T14:10:19.026167,76.129,can0  041  [04]  B5 00 02 00
2026-03-15T14:10:19.131800,76.234,can0  040  [04]  58 00 05 00
2026-03-15T14:10:19.131918,76.234,can0  204  [16]  28 58 C8 44 5A 2A FB 51 4C 1D 30 75 30 75 00 00
2026-03-15T14:10:19.131989,76.234,can0  060  [32]  00 00 00 00 00 00 00 00 00 00 00 00 00 00 00 00 00 00 00 00 00 00 00 00 00 00 00 00 00 00 00 00
2026-03-15T14:10:19.237798,76.340,can0  204  [16]  28 58 C6 44 5C 2A 67 51 4C 1D 30 75 30 75 00 00
2026-03-15T14:10:19.239155,76.342,can0  070  [20]  FB 2A 4D 08 E8 B0 62 03 50 46 00 00 0A 15 00 00 16 00 00 00
2026-03-15T14:10:19.239995,76.342,can0  206  [24]  8B 0C A8 05 7F 0C D5 EF 90 05 93 0C 7B 0C 00 00 00 00 00 00 00 00 00 00
2026-03-15T14:10:19.240475,76.343,can0  204  [16]  28 58 C5 44 62 2A C7 51 4C 1D 30 75 30 75 00 00
2026-03-15T14:10:19.331141,76.434,can0  204  [16]  28 58 C5 44 62 2A C7 51 4C 1D 30 75 30 75 00 00
2026-03-15T14:10:19.332299,76.435,can0  070  [20]  FB 2A 4D 08 E8 B0 62 03 50 46 00 00 0A 15 00 00 16 00 00 00
2026-03-15T14:10:19.333661,76.436,can0  040  [04]  3E 00 04 00
2026-03-15T14:10:19.336630,76.439,can0  041  [04]  D8 00 04 00
2026-03-15T14:10:19.427571,76.530,can0  204  [16]  28 58 C7 44 5A 2A 94 51 4C 1D 30 75 30 75 00 00
2026-03-15T14:10:19.428537,76.531,can0  040  [04]  3E 00 04 00
2026-03-15T14:10:19.443741,76.546,can0  204  [16]  28 58 C8 44 56 2A 73 52 4C 1D 30 75 30 75 00 00
2026-03-15T14:10:19.547508,76.650,can0  206  [24]  87 0C A6 05 77 0C F4 EF 90 05 9B 0C 83 0C 00 00 00 00 00 00 00 00 00 00
2026-03-15T14:10:19.547897,76.650,can0  204  [16]  28 58 C8 44 56 2A 73 52 4C 1D 30 75 30 75 00 00
2026-03-15T14:10:19.548234,76.651,can0  204  [16]  28 58 C8 44 56 2A 73 52 4C 1D 30 75 30 75 00 00
2026-03-15T14:10:19.636152,76.739,can0  070  [20]  FB 2A 4D 08 E8 B0 62 03 38 4A 00 00 0A 15 00 00 2B 00 00 00
2026-03-15T14:10:19.636960,76.739,can0  040  [04]  2C 00 04 00
2026-03-15T14:10:19.638885,76.741,can0  041  [04]  E4 00 06 00
2026-03-15T14:10:19.638983,76.741,can0  204  [16]  28 58 C7 44 54 2A AF 51 4C 1D 30 75 30 75 00 00
2026-03-15T14:10:19.639055,76.741,can0  070  [20]  FB 2A 4D 08 E8 B0 62 03 38 4A 00 00 0A 15 00 00 2B 00 00 00
2026-03-15T14:10:19.639439,76.742,can0  060  [32]  00 00 00 00 00 00 00 00 00 00 00 00 00 00 00 00 00 00 00 00 00 00 00 00 00 00 00 00 00 00 00 00
2026-03-15T14:10:19.643177,76.746,can0  040  [04]  2C 00 04 00
2026-03-15T14:10:19.723521,76.826,can0  060  [32]  00 00 00 00 FB 2A 4D 08 3C 06 B8 10 00 00 10 0E FF 01 00 00 00 00 00 00 01 00 00 00 00 00 00 00
2026-03-15T14:10:19.731671,76.834,can0  204  [16]  28 58 C6 44 64 2A AD 50 4C 1D 30 75 30 75 00 00
2026-03-15T14:10:19.732859,76.835,can0  070  [20]  FB 2A 4D 08 E8 B0 62 03 38 4A 00 00 0A 15 00 00 2B 00 00 00
2026-03-15T14:10:19.733561,76.836,can0  204  [16]  28 58 C6 44 5C 2A 93 51 4C 1D 30 75 30 75 00 00
2026-03-15T14:10:19.822576,76.925,can0  206  [24]  8B 0C A8 05 77 0C D5 EF 8B 05 93 0C 83 0C 00 00 00 00 00 00 00 00 00 00
2026-03-15T14:10:19.822813,76.925,can0  204  [16]  28 58 C6 44 5C 2A 93 51 4C 1D 30 75 30 75 00 00
2026-03-15T14:10:19.823039,76.925,can0  204  [16]  28 58 C6 44 5A 2A E5 51 4C 1D 30 75 30 75 00 00
2026-03-15T14:10:19.825474,76.928,can0  041  [04]  F0 00 04 00
2026-03-15T14:10:19.923190,77.026,can0  040  [04]  2C 00 04 00
2026-03-15T14:10:19.924280,77.027,can0  040  [04]  2C 00 04 00
2026-03-15T14:10:19.924747,77.027,can0  204  [16]  28 58 C6 44 5A 2A E5 51 4C 1D 30 75 30 75 00 00
2026-03-15T14:10:20.027003,77.129,can0  100  [03]  67 58 04
2026-03-15T14:10:20.027266,77.130,can0  110  [02]  7F 1B
2026-03-15T14:10:20.027928,77.130,can0  120  [04]  00 00 00 00
2026-03-15T14:10:20.029021,77.131,can0  204  [16]  28 58 C6 44 56 2A D6 4F 4C 1D 30 75 30 75 00 00
2026-03-15T14:10:20.029101,77.131,can0  206  [24]  8B 0C A3 05 7B 0C E4 EF 90 05 97 0C 7F 0C 00 00 00 00 00 00 00 00 00 00
2026-03-15T14:10:20.029178,77.132,can0  204  [16]  28 58 C6 44 5A 2A 07 50 4C 1D 30 75 30 75 00 00
2026-03-15T14:10:20.122124,77.225,can0  204  [16]  28 58 C6 44 5A 2A 07 50 4C 1D 30 75 30 75 00 00
2026-03-15T14:10:20.122436,77.225,can0  041  [04]  06 01 06 00
2026-03-15T14:10:20.123335,77.226,can0  040  [04]  3E 00 08 00
2026-03-15T14:10:20.124247,77.227,can0  204  [16]  28 58 C8 44 5E 2A B2 50 4C 1D 30 75 30 75 00 00
2026-03-15T14:10:20.242751,77.345,can0  060  [32]  00 00 00 00 00 00 00 00 00 00 00 00 00 00 00 00 00 00 00 00 00 00 00 00 00 00 00 00 00 00 00 00
2026-03-15T14:10:20.245053,77.347,can0  040  [04]  3E 00 08 00
2026-03-15T14:10:20.245166,77.348,can0  070  [20]  FB 2A 4D 08 E8 B0 62 03 38 4A 00 00 0A 15 00 00 2B 00 00 00
2026-03-15T14:10:20.246170,77.349,can0  204  [16]  28 58 C8 44 5E 2A B2 50 4C 1D 30 75 30 75 00 00
2026-03-15T14:10:20.304389,77.407,can0  204  [16]  28 58 C8 44 5C 2A DC 4F 4C 1D 30 75 30 75 00 00
2026-03-15T14:10:20.305907,77.408,can0  070  [20]  FB 2A 4D 08 E8 B0 62 03 38 4A 00 00 0A 15 00 00 2B 00 00 00
2026-03-15T14:10:20.306968,77.409,can0  206  [24]  8B 0C AC 05 7F 0C C5 EF 90 05 93 0C 7F 0C 00 00 00 00 00 00 00 00 00 00
2026-03-15T14:10:20.307051,77.409,can0  204  [16]  28 58 C8 44 56 2A 5A 50 4C 1D 30 75 30 75 00 00
2026-03-15T14:10:20.408579,77.511,can0  040  [04]  39 00 07 00
2026-03-15T14:10:20.409025,77.511,can0  041  [04]  08 01 07 00
2026-03-15T14:10:20.410573,77.513,can0  204  [16]  28 58 C8 44 56 2A 5A 50 4C 1D 30 75 30 75 00 00
2026-03-15T14:10:20.410682,77.513,can0  040  [04]  39 00 07 00
2026-03-15T14:10:20.411271,77.514,can0  204  [16]  28 58 C8 44 56 2A 09 50 4C 1D 30 75 30 75 00 00
2026-03-15T14:10:20.526866,77.629,can0  204  [16]  28 58 C8 44 56 2A 09 50 4C 1D 30 75 30 75 00 00
2026-03-15T14:10:20.527178,77.630,can0  206  [24]  87 0C A8 05 7F 0C B6 EF 8B 05 9B 0C 7F 0C 00 00 00 00 00 00 00 00 00 00
2026-03-15T14:10:20.528647,77.631,can0  070  [20]  F9 2A 4D 08 E9 B0 62 03 20 4E 00 00 0A 15 00 00 1C 00 00 00
2026-03-15T14:10:20.623183,77.726,can0  070  [20]  F9 2A 4D 08 E9 B0 62 03 20 4E 00 00 0A 15 00 00 1C 00 00 00
2026-03-15T14:10:20.623806,77.726,can0  204  [16]  28 58 C7 44 56 2A 59 50 4C 1D 30 75 30 75 00 00
2026-03-15T14:10:20.624876,77.727,can0  040  [04]  47 00 07 00
2026-03-15T14:10:20.627981,77.730,can0  204  [16]  28 58 C8 44 58 2A 90 50 4C 1D 30 75 30 75 00 00
2026-03-15T14:10:20.628080,77.730,can0  041  [04]  08 01 07 00
2026-03-15T14:10:20.723245,77.826,can0  060  [32]  00 00 00 00 F9 2A 4D 08 3E 06 B8 10 00 00 10 0E FF 01 00 00 00 00 00 00 01 00 00 00 00 00 00 00
2026-03-15T14:10:20.723849,77.826,can0  204  [16]  28 58 C8 44 58 2A 90 50 4C 1D 30 75 30 75 00 00
2026-03-15T14:10:20.724853,77.827,can0  070  [20]  F9 2A 4D 08 E9 B0 62 03 20 4E 00 00 0A 15 00 00 1C 00 00 00
2026-03-15T14:10:20.725819,77.828,can0  040  [04]  47 00 07 00
2026-03-15T14:10:20.823051,77.925,can0  204  [16]  28 58 C8 44 54 2A 6F 50 4C 1D 30 75 30 75 00 00
2026-03-15T14:10:20.823155,77.926,can0  206  [24]  87 0C AC 05 7F 0C B6 EF 90 05 97 0C 87 0C 00 00 00 00 00 00 00 00 00 00
2026-03-15T14:10:20.826017,77.928,can0  204  [16]  28 58 C8 44 4E 2A C5 50 4C 1D 30 75 30 75 00 00
2026-03-15T14:10:20.922419,78.025,can0  204  [16]  28 58 C8 44 4E 2A C5 50 4C 1D 30 75 30 75 00 00
2026-03-15T14:10:20.923301,78.026,can0  040  [04]  47 00 08 00
2026-03-15T14:10:20.923922,78.026,can0  041  [04]  FD 00 06 00
2026-03-15T14:10:20.924531,78.027,can0  204  [16]  28 58 C8 44 52 2A B2 4F 4C 1D 30 75 30 75 00 00
2026-03-15T14:10:21.022949,78.125,can0  040  [04]  47 00 08 00
2026-03-15T14:10:21.023422,78.126,can0  204  [16]  28 58 C8 44 52 2A B2 4F 4C 1D 30 75 30 75 00 00
2026-03-15T14:10:21.122602,78.225,can0  204  [16]  28 58 C8 44 56 2A FE 4F 4C 1D 30 75 30 75 00 00
2026-03-15T14:10:21.123054,78.225,can0  206  [24]  8B 0C AA 05 83 0C C5 EF 90 05 8F 0C 7F 0C 00 00 00 00 00 00 00 00 00 00
2026-03-15T14:10:21.123376,78.226,can0  204  [16]  28 58 C9 44 54 2A 05 50 4C 1D 30 75 30 75 00 00
2026-03-15T14:10:21.222239,78.325,can0  100  [03]  6F 58 04
2026-03-15T14:10:21.222598,78.325,can0  060  [32]  00 00 00 00 00 00 00 00 00 00 00 00 00 00 00 00 00 00 00 00 00 00 00 00 00 00 00 00 00 00 00 00
2026-03-15T14:10:21.223168,78.326,can0  120  [04]  00 00 00 00
2026-03-15T14:10:21.223499,78.326,can0  041  [04]  ED 00 06 00
2026-03-15T14:10:21.224372,78.327,can0  040  [04]  39 00 09 00
2026-03-15T14:10:21.226089,78.328,can0  204  [16]  28 58 C9 44 54 2A 05 50 4C 1D 30 75 30 75 00 00
2026-03-15T14:10:21.226159,78.329,can0  070  [20]  F9 2A 4D 08 E9 B0 62 03 20 4E 00 00 0A 15 00 00 1C 00 00 00
2026-03-15T14:10:21.227265,78.330,can0  040  [04]  39 00 09 00
2026-03-15T14:10:21.227582,78.330,can0  204  [16]  28 58 C9 44 4E 2A D9 4F 4C 1D 30 75 30 75 00 00
2026-03-15T14:10:21.323600,78.426,can0  070  [20]  F9 2A 4D 08 E9 B0 62 03 20 4E 00 00 0A 15 00 00 1C 00 00 00
2026-03-15T14:10:21.323867,78.426,can0  204  [16]  28 58 C9 44 4E 2A D9 4F 4C 1D 30 75 30 75 00 00
2026-03-15T14:10:21.324157,78.427,can0  206  [24]  87 0C AA 05 7B 0C A6 EF 90 05 A3 0C 83 0C 00 00 00 00 00 00 00 00 00 00
2026-03-15T14:10:21.422141,78.525,can0  204  [16]  28 58 CA 44 50 2A 36 4F 4C 1D 30 75 30 75 00 00
2026-03-15T14:10:21.422398,78.525,can0  204  [16]  28 58 C9 44 52 2A EC 4F 4C 1D 30 75 30 75 00 00
2026-03-15T14:10:21.423177,78.526,can0  040  [04]  39 00 07 00
2026-03-15T14:10:21.425948,78.528,can0  041  [04]  E4 00 07 00
2026-03-15T14:10:21.522571,78.625,can0  040  [04]  39 00 07 00
2026-03-15T14:10:21.526631,78.629,can0  204  [16]  28 58 C9 44 52 2A EC 4F 4C 1D 30 75 30 75 00 00
2026-03-15T14:10:21.621956,78.724,can0  204  [16]  28 58 C8 44 58 2A 1E 50 4C 1D 30 75 30 75 00 00
2026-03-15T14:10:21.622217,78.725,can0  110  [02]  80 1B
2026-03-15T14:10:21.623590,78.726,can0  070  [20]  F9 2A 4D 08 E9 B0 62 03 08 52 00 00 0A 15 00 00 13 00 00 00
2026-03-15T14:10:21.624582,78.727,can0  070  [20]  F9 2A 4D 08 E9 B0 62 03 08 52 00 00 0A 15 00 00 13 00 00 00
2026-03-15T14:10:21.625217,78.728,can0  206  [24]  93 0C A6 05 7F 0C C5 EF 92 05 8F 0C 7B 0C 00 00 00 00 00 00 00 00 00 00
2026-03-15T14:10:21.625560,78.728,can0  204  [16]  28 58 C9 44 56 2A F9 50 4C 1D 30 75 30 75 00 00
2026-03-15T14:10:21.722037,78.824,can0  060  [32]  00 00 00 00 00 00 00 00 00 00 00 00 00 00 00 00 00 00 00 00 00 00 00 00 00 00 00 00 00 00 00 00
2026-03-15T14:10:21.723106,78.825,can0  060  [32]  00 00 00 00 F9 2A 4D 08 3E 06 B8 10 00 00 10 0E FF 01 00 00 00 00 00 00 01 00 00 00 00 00 00 00
2026-03-15T14:10:21.723967,78.826,can0  204  [16]  28 58 C9 44 56 2A F9 50 4C 1D 30 75 30 75 00 00
2026-03-15T14:10:21.724768,78.827,can0  070  [20]  F9 2A 4D 08 E9 B0 62 03 08 52 00 00 0A 15 00 00 13 00 00 00
2026-03-15T14:10:21.726040,78.828,can0  040  [04]  4A 00 09 00
2026-03-15T14:10:21.726426,78.829,can0  041  [04]  DE 00 08 00
2026-03-15T14:10:21.726734,78.829,can0  204  [16]  28 58 CA 44 50 2A FA 4F 4C 1D 30 75 30 75 00 00
2026-03-15T14:10:21.822816,78.925,can0  040  [04]  4A 00 09 00
2026-03-15T14:10:21.829265,78.932,can0  204  [16]  28 58 CA 44 50 2A FA 4F 4C 1D 30 75 30 75 00 00
2026-03-15T14:10:21.922811,79.025,can0  204  [16]  28 58 C9 44 54 2A C3 4E 4C 1D 30 75 30 75 00 00
2026-03-15T14:10:21.923245,79.026,can0  206  [24]  8B 0C AA 05 7F 0C D5 EF 94 05 9B 0C 7F 0C 00 00 00 00 00 00 00 00 00 00
2026-03-15T14:10:21.923575,79.026,can0  204  [16]  28 58 C8 44 56 2A 68 4F 4C 1D 30 75 30 75 00 00
2026-03-15T14:10:22.023121,79.126,can0  040  [04]  4A 00 0B 00
2026-03-15T14:10:22.024805,79.127,can0  041  [04]  EB 00 07 00
2026-03-15T14:10:22.024917,79.127,can0  204  [16]  28 58 C8 44 56 2A 68 4F 4C 1D 30 75 30 75 00 00
2026-03-15T14:10:22.024989,79.127,can0  040  [04]  4A 00 0B 00
2026-03-15T14:10:22.027462,79.130,can0  204  [16]  28 58 C9 44 5A 2A 8B 4F 4C 1D 30 75 30 75 00 00
2026-03-15T14:10:22.122461,79.225,can0  204  [16]  28 58 C9 44 5A 2A 8B 4F 4C 1D 30 75 30 75 00 00
2026-03-15T14:10:22.122586,79.225,can0  206  [24]  8B 0C AC 05 73 0C D5 EF 92 05 9F 0C 83 0C 00 00 00 00 00 00 00 00 00 00
2026-03-15T14:10:22.222182,79.325,can0  204  [16]  28 58 CB 44 5C 2A B1 4F 4C 1D 30 75 30 75 00 00
2026-03-15T14:10:22.222470,79.325,can0  060  [32]  00 00 00 00 00 00 00 00 00 00 00 00 00 00 00 00 00 00 00 00 00 00 00 00 00 00 00 00 00 00 00 00
2026-03-15T14:10:22.223844,79.326,can0  070  [20]  F9 2A 4D 08 E9 B0 62 03 08 52 00 00 0A 15 00 00 13 00 00 00
2026-03-15T14:10:22.224246,79.327,can0  204  [16]  28 58 CA 44 56 2A FD 4F 4C 1D 30 75 30 75 00 00
2026-03-15T14:10:22.224475,79.327,can0  041  [04]  06 01 06 00
2026-03-15T14:10:22.225261,79.328,can0  040  [04]  47 00 09 00
2026-03-15T14:10:22.323749,79.426,can0  070  [20]  F9 2A 4D 08 E9 B0 62 03 08 52 00 00 0A 15 00 00 13 00 00 00
2026-03-15T14:10:22.324126,79.426,can0  204  [16]  28 58 CA 44 56 2A FD 4F 4C 1D 30 75 30 75 00 00
2026-03-15T14:10:22.324976,79.427,can0  040  [04]  47 00 09 00
2026-03-15T14:10:22.327624,79.430,can0  204  [16]  28 58 C9 44 54 2A 75 50 4C 1D 30 75 30 75 00 00
2026-03-15T14:10:22.422685,79.525,can0  100  [03]  73 58 04
2026-03-15T14:10:22.423221,79.526,can0  120  [04]  00 00 00 00
2026-03-15T14:10:22.423509,79.526,can0  204  [16]  28 58 C9 44 54 2A 75 50 4C 1D 30 75 30 75 00 00
2026-03-15T14:10:22.423791,79.526,can0  206  [24]  8B 0C A6 05 7F 0C E4 EF 90 05 93 0C 7F 0C 00 00 00 00 00 00 00 00 00 00
2026-03-15T14:10:22.522153,79.625,can0  204  [16]  28 58 C8 44 58 2A 16 4F 4C 1D 30 75 30 75 00 00
2026-03-15T14:10:22.523117,79.625,can0  040  [04]  30 00 0C 00
2026-03-15T14:10:22.525454,79.628,can0  041  [04]  08 01 07 00
2026-03-15T14:10:22.525537,79.628,can0  204  [16]  28 58 C8 44 58 2A 16 4F 4C 1D 30 75 30 75 00 00
2026-03-15T14:10:22.525579,79.628,can0  070  [20]  F9 2A 4D 08 E8 B0 62 03 F0 55 00 00 0A 15 00 00 14 00 00 00
2026-03-15T14:10:22.526492,79.629,can0  040  [04]  30 00 0C 00
2026-03-15T14:10:22.623784,79.726,can0  070  [20]  F9 2A 4D 08 E8 B0 62 03 F0 55 00 00 0A 15 00 00 14 00 00 00
2026-03-15T14:10:22.624163,79.727,can0  204  [16]  28 58 C8 44 56 2A 10 4F 4C 1D 30 75 30 75 00 00
2026-03-15T14:10:22.722334,79.825,can0  204  [16]  28 58 C8 44 54 2A E6 4F 4C 1D 30 75 30 75 00 00
2026-03-15T14:10:22.724970,79.827,can0  206  [24]  8B 0C AC 05 7F 0C D5 EF 90 05 97 0C 7F 0C 00 00 00 00 00 00 00 00 00 00
2026-03-15T14:10:22.725065,79.827,can0  060  [32]  00 00 00 00 F9 2A 4D 08 3C 06 B8 10 00 00 10 0E FF 01 00 00 00 00 00 00 01 00 00 00 00 00 00 00
2026-03-15T14:10:22.725139,79.828,can0  070  [20]  F9 2A 4D 08 E8 B0 62 03 F0 55 00 00 0A 15 00 00 14 00 00 00
2026-03-15T14:10:22.725606,79.828,can0  204  [16]  28 58 C8 44 56 2A 71 50 4C 1D 30 75 30 75 00 00
2026-03-15T14:10:22.823219,79.926,can0  040  [04]  21 00 0C 00
2026-03-15T14:10:22.823612,79.926,can0  041  [04]  10 01 07 00
2026-03-15T14:10:22.824050,79.926,can0  204  [16]  28 58 C8 44 56 2A 71 50 4C 1D 30 75 30 75 00 00
2026-03-15T14:10:22.824856,79.927,can0  040  [04]  21 00 0C 00
2026-03-15T14:10:22.827632,79.930,can0  204  [16]  28 58 C7 44 56 2A 73 50 4C 1D 30 75 30 75 00 00
2026-03-15T14:10:22.922408,80.025,can0  204  [16]  28 58 C7 44 56 2A 73 50 4C 1D 30 75 30 75 00 00
2026-03-15T14:10:22.922916,80.025,can0  206  [24]  8B 0C A8 05 83 0C C5 EF 92 05 93 0C 7F 0C 00 00 00 00 00 00 00 00 00 00
2026-03-15T14:10:23.024578,80.127,can0  204  [16]  28 58 C7 44 58 2A 6C 50 4C 1D 30 75 30 75 00 00
2026-03-15T14:10:23.024911,80.127,can0  204  [16]  28 58 C7 44 56 2A E4 4F 4C 1D 30 75 30 75 00 00
2026-03-15T14:10:23.025868,80.128,can0  040  [04]  15 00 0D 00
2026-03-15T14:10:23.026727,80.129,can0  041  [04]  10 01 07 00
2026-03-15T14:10:23.122441,80.225,can0  204  [16]  28 58 C7 44 56 2A E4 4F 4C 1D 30 75 30 75 00 00
2026-03-15T14:10:23.125080,80.227,can0  040  [04]  15 00 0D 00
2026-03-15T14:10:23.125174,80.228,can0  204  [16]  28 58 C8 44 52 2A 94 50 4C 1D 30 75 30 75 00 00
2026-03-15T14:10:23.222297,80.325,can0  110  [02]  7B 1B
2026-03-15T14:10:23.222596,80.325,can0  060  [32]  00 00 00 00 00 00 00 00 00 00 00 00 00 00 00 00 00 00 00 00 00 00 00 00 00 00 00 00 00 00 00 00
2026-03-15T14:10:23.222918,80.325,can0  206  [24]  77 0C A6 05 7B 0C D5 EF 8E 05 9B 0C 93 0C 00 00 00 00 00 00 00 00 00 00
2026-03-15T14:10:23.223193,80.326,can0  204  [16]  28 58 C8 44 52 2A 94 50 4C 1D 30 75 30 75 00 00
2026-03-15T14:10:23.224658,80.327,can0  070  [20]  F9 2A 4D 08 E8 B0 62 03 F0 55 00 00 0A 15 00 00 14 00 00 00
2026-03-15T14:10:23.322327,80.425,can0  204  [16]  28 58 C7 44 56 2A 21 50 4C 1D 30 75 30 75 00 00
2026-03-15T14:10:23.323701,80.426,can0  070  [20]  F9 2A 4D 08 E8 B0 62 03 F0 55 00 00 0A 15 00 00 14 00 00 00
2026-03-15T14:10:23.324659,80.427,can0  040  [04]  18 00 0B 00
2026-03-15T14:10:23.325763,80.428,can0  041  [04]  00 01 07 00
2026-03-15T14:10:23.325821,80.428,can0  204  [16]  28 58 C8 44 5A 2A 47 4F 4C 1D 30 75 30 75 00 00
2026-03-15T14:10:23.422401,80.525,can0  040  [04]  18 00 0B 00
2026-03-15T14:10:23.422910,80.525,can0  204  [16]  28 58 C8 44 5A 2A 47 4F 4C 1D 30 75 30 75 00 00
2026-03-15T14:10:23.423402,80.526,can0  204  [16]  28 58 C8 44 56 2A EE 4F 4C 1D 30 75 30 75 00 00
2026-03-15T14:10:23.423796,80.526,can0  206  [24]  97 0C A6 05 87 0C B6 EF 92 05 97 0C 6B 0C 00 00 00 00 00 00 00 00 00 00
2026-03-15T14:10:23.522103,80.624,can0  204  [16]  28 58 C8 44 56 2A EE 4F 4C 1D 30 75 30 75 00 00
2026-03-15T14:10:23.622527,80.725,can0  100  [03]  74 58 04
2026-03-15T14:10:23.623217,80.726,can0  120  [04]  00 00 00 00
2026-03-15T14:10:23.623633,80.726,can0  041  [04]  EB 00 07 00
2026-03-15T14:10:23.625003,80.727,can0  070  [20]  F9 2A 4D 08 E8 B0 62 03 D8 59 00 00 0A 15 00 00 14 00 00 00
2026-03-15T14:10:23.626332,80.729,can0  040  [04]  27 00 09 00
2026-03-15T14:10:23.627156,80.730,can0  204  [16]  28 58 C8 44 54 2A B6 4F 4C 1D 30 75 30 75 00 00
2026-03-15T14:10:23.628286,80.731,can0  070  [20]  F9 2A 4D 08 E8 B0 62 03 D8 59 00 00 0A 15 00 00 15 00 00 00
2026-03-15T14:10:23.630061,80.732,can0  040  [04]  27 00 09 00
2026-03-15T14:10:23.630766,80.733,can0  204  [16]  28 58 C7 44 52 2A 27 50 4C 1D 30 75 30 75 00 00
2026-03-15T14:10:23.748816,80.851,can0  070  [20]  F9 2A 4D 08 E8 B0 62 03 D8 59 00 00 0A 15 00 00 15 00 00 00
2026-03-15T14:10:23.749718,80.852,can0  060  [32]  00 00 00 00 00 00 00 00 00 00 00 00 00 00 00 00 00 00 00 00 00 00 00 00 00 00 00 00 00 00 00 00
2026-03-15T14:10:23.749813,80.852,can0  204  [16]  28 58 C7 44 52 2A 27 50 4C 1D 30 75 30 75 00 00
2026-03-15T14:10:23.751030,80.853,can0  060  [32]  00 00 00 00 F9 2A 4D 08 3C 06 B8 10 00 00 10 0E FF 01 00 00 00 00 00 00 01 00 00 00 00 00 00 00
2026-03-15T14:10:23.756180,80.859,can0  206  [24]  8B 0C A8 05 77 0C 4C F0 92 05 97 0C 83 0C 00 00 00 00 00 00 00 00 00 00
2026-03-15T14:10:23.808708,80.911,can0  204  [16]  28 58 C8 44 54 2A 7E 4F 4C 1D 30 75 30 75 00 00
2026-03-15T14:10:23.809014,80.911,can0  204  [16]  28 58 C7 44 56 2A E0 4E 4C 1D 30 75 30 75 00 00
2026-03-15T14:10:23.810045,80.912,can0  040  [04]  2F 00 0A 00
2026-03-15T14:10:23.814324,80.917,can0  041  [04]  E4 00 07 00
2026-03-15T14:10:23.940402,81.043,can0  204  [16]  28 58 C7 44 56 2A E0 4E 4C 1D 30 75 30 75 00 00
2026-03-15T14:10:23.941239,81.044,can0  040  [04]  2F 00 0A 00
2026-03-15T14:10:23.941669,81.044,can0  204  [16]  28 58 C7 44 54 2A 34 50 4C 1D 30 75 30 75 00 00
2026-03-15T14:10:24.021900,81.124,can0  206  [24]  8F 0C A6 05 7F 0C D5 EF 92 05 93 0C 7B 0C 00 00 00 00 00 00 00 00 00 00
2026-03-15T14:10:24.022279,81.125,can0  204  [16]  28 58 C7 44 54 2A 34 50 4C 1D 30 75 30 75 00 00
2026-03-15T14:10:24.122350,81.225,can0  204  [16]  28 58 C7 44 4E 2A 33 4F 4C 1D 30 75 30 75 00 00
2026-03-15T14:10:24.123320,81.226,can0  040  [04]  2F 00 0A 00
2026-03-15T14:10:24.123642,81.226,can0  041  [04]  E4 00 06 00
2026-03-15T14:10:24.124133,81.227,can0  204  [16]  28 58 C8 44 4E 2A 4A 4F 4C 1D 30 75 30 75 00 00
2026-03-15T14:10:24.223074,81.325,can0  040  [04]  2F 00 0A 00
2026-03-15T14:10:24.223501,81.326,can0  204  [16]  28 58 C8 44 4E 2A 4A 4F 4C 1D 30 75 30 75 00 00
2026-03-15T14:10:24.224949,81.327,can0  070  [20]  F9 2A 4D 08 E8 B0 62 03 D8 59 00 00 0A 15 00 00 15 00 00 00
2026-03-15T14:10:24.225626,81.328,can0  060  [32]  00 00 00 00 00 00 00 00 00 00 00 00 00 00 00 00 00 00 00 00 00 00 00 00 00 00 00 00 00 00 00 00
2026-03-15T14:10:24.225991,81.328,can0  204  [16]  28 58 C8 44 54 2A 22 4F 4C 1D 30 75 30 75 00 00
2026-03-15T14:10:24.226391,81.329,can0  206  [24]  8B 0C AA 05 6F 0C C5 EF 90 05 9B 0C 83 0C 00 00 00 00 00 00 00 00 00 00
2026-03-15T14:10:24.322887,81.425,can0  070  [20]  F9 2A 4D 08 E8 B0 62 03 D8 59 00 00 0A 15 00 00 15 00 00 00
2026-03-15T14:10:24.323497,81.426,can0  204  [16]  28 58 C8 44 54 2A 22 4F 4C 1D 30 75 30 75 00 00
2026-03-15T14:10:24.423048,81.525,can0  040  [04]  27 00 09 00
2026-03-15T14:10:24.423457,81.526,can0  204  [16]  28 58 C8 44 56 2A 0E 50 4C 1D 30 75 30 75 00 00
2026-03-15T14:10:24.424765,81.527,can0  041  [04]  06 01 06 00
2026-03-15T14:10:24.424855,81.527,can0  040  [04]  27 00 09 00
2026-03-15T14:10:24.424925,81.527,can0  204  [16]  28 58 C8 44 56 2A 33 4F 4C 1D 30 75 30 75 00 00
2026-03-15T14:10:24.522799,81.625,can0  204  [16]  28 58 C8 44 56 2A 33 4F 4C 1D 30 75 30 75 00 00
2026-03-15T14:10:24.523144,81.626,can0  206  [24]  8B 0C A8 05 83 0C D5 EF 90 05 8F 0C 7B 0C 00 00 00 00 00 00 00 00 00 00
2026-03-15T14:10:24.523370,81.626,can0  204  [16]  28 58 C8 44 56 2A 33 4F 4C 1D 30 75 30 75 00 00
2026-03-15T14:10:24.622839,81.725,can0  070  [20]  F9 2A 4D 08 E8 B0 62 03 C0 5D 00 00 0A 15 00 00 07 00 00 00
2026-03-15T14:10:24.624039,81.726,can0  070  [20]  F9 2A 4D 08 E8 B0 62 03 C0 5D 00 00 0A 15 00 00 07 00 00 00
2026-03-15T14:10:24.632583,81.735,can0  204  [16]  28 58 C8 44 54 2A 37 4F 4C 1D 30 75 30 75 00 00
2026-03-15T14:10:24.632709,81.735,can0  041  [04]  04 01 05 00
2026-03-15T14:10:24.632789,81.735,can0  040  [04]  1C 00 09 00
2026-03-15T14:10:24.722238,81.825,can0  204  [16]  28 58 C8 44 54 2A 37 4F 4C 1D 30 75 30 75 00 00
2026-03-15T14:10:24.723537,81.826,can0  070  [20]  F9 2A 4D 08 E8 B0 62 03 C0 5D 00 00 0A 15 00 00 07 00 00 00
2026-03-15T14:10:24.731775,81.834,can0  040  [04]  1C 00 09 00
2026-03-15T14:10:24.733339,81.836,can0  060  [32]  00 00 00 00 F9 2A 4D 08 3C 06 B8 10 00 00 10 0E FF 01 00 00 00 00 00 00 01 00 00 00 00 00 00 00
2026-03-15T14:10:24.735915,81.838,can0  204  [16]  28 58 C6 44 58 2A D2 4F 4C 1D 30 75 30 75 00 00
2026-03-15T14:10:24.823011,81.925,can0  100  [03]  79 58 04
2026-03-15T14:10:24.823238,81.926,can0  110  [02]  7C 1B
2026-03-15T14:10:24.823767,81.926,can0  120  [04]  00 00 00 00
2026-03-15T14:10:24.824418,81.927,can0  204  [16]  28 58 C6 44 58 2A D2 4F 4C 1D 30 75 30 75 00 00
2026-03-15T14:10:24.824491,81.927,can0  206  [24]  6B 0C A3 05 7F 0C D5 EF 8E 05 9B 0C 9B 0C 00 00 00 00 00 00 00 00 00 00
2026-03-15T14:10:24.824684,81.927,can0  204  [16]  28 58 C8 44 5A 2A 13 51 4C 1D 30 75 30 75 00 00
2026-03-15T14:10:24.923424,82.026,can0  040  [04]  21 00 0A 00
2026-03-15T14:10:24.923544,82.026,can0  041  [04]  04 01 05 00
2026-03-15T14:10:24.923614,82.026,can0  204  [16]  28 58 C8 44 5C 2A C3 50 4C 1D 30 75 30 75 00 00
2026-03-15T14:10:24.927007,82.029,can0  040  [04]  21 00 0A 00
2026-03-15T14:10:25.022370,82.125,can0  204  [16]  28 58 C8 44 5C 2A C3 50 4C 1D 30 75 30 75 00 00
2026-03-15T14:10:25.022654,82.125,can0  204  [16]  28 58 C7 44 5A 2A 93 50 4C 1D 30 75 30 75 00 00
2026-03-15T14:10:25.022943,82.125,can0  206  [24]  93 0C A6 05 77 0C B6 EF 92 05 9B 0C 7B 0C 00 00 00 00 00 00 00 00 00 00
2026-03-15T14:10:25.123009,82.225,can0  204  [16]  28 58 C7 44 5A 2A 93 50 4C 1D 30 75 30 75 00 00
2026-03-15T14:10:25.137801,82.240,can0  204  [16]  28 58 C6 44 5A 2A 9C 4F 4C 1D 30 75 30 75 00 00
2026-03-15T14:10:25.222692,82.325,can0  040  [04]  21 00 0A 00
2026-03-15T14:10:25.223555,82.326,can0  041  [04]  F0 00 04 00
2026-03-15T14:10:25.224639,82.327,can0  070  [20]  F9 2A 4D 08 E8 B0 62 03 C0 5D 00 00 0A 15 00 00 07 00 00 00
2026-03-15T14:10:25.226593,82.329,can0  060  [32]  00 00 00 00 00 00 00 00 00 00 00 00 00 00 00 00 00 00 00 00 00 00 00 00 00 00 00 00 00 00 00 00
2026-03-15T14:10:25.227418,82.330,can0  204  [16]  28 58 C6 44 5A 2A 3E 50 4C 1D 30 75 30 75 00 00
2026-03-15T14:10:25.228770,82.331,can0  040  [04]  21 00 0A 00
2026-03-15T14:10:25.321916,82.424,can0  204  [16]  28 58 C6 44 5A 2A 3E 50 4C 1D 30 75 30 75 00 00
2026-03-15T14:10:25.323475,82.426,can0  070  [20]  F9 2A 4D 08 E8 B0 62 03 C0 5D 00 00 0A 15 00 00 07 00 00 00
2026-03-15T14:10:25.324186,82.427,can0  206  [24]  83 0C A8 05 7B 0C D5 EF 90 05 9F 0C 83 0C 00 00 00 00 00 00 00 00 00 00
2026-03-15T14:10:25.324586,82.427,can0  204  [16]  28 58 C8 44 5C 2A 12 50 4C 1D 30 75 30 75 00 00
2026-03-15T14:10:25.422832,82.525,can0  204  [16]  28 58 C8 44 5C 2A 12 50 4C 1D 30 75 30 75 00 00
2026-03-15T14:10:25.424172,82.527,can0  040  [04]  21 00 0A 00
2026-03-15T14:10:25.424807,82.527,can0  041  [04]  B5 00 02 00
2026-03-15T14:10:25.523447,82.626,can0  204  [16]  28 58 C9 44 58 2A 59 51 4C 1D 30 75 30 75 00 00
2026-03-15T14:10:25.524152,82.627,can0  040  [04]  21 00 0A 00
2026-03-15T14:10:25.524608,82.627,can0  204  [16]  28 58 C9 44 58 2A 59 51 4C 1D 30 75 30 75 00 00
2026-03-15T14:10:25.621997,82.724,can0  206  [24]  87 0C A8 05 7B 0C D5 EF 8E 05 9F 0C 7F 0C 00 00 00 00 00 00 00 00 00 00
2026-03-15T14:10:25.623381,82.726,can0  070  [20]  F9 2A 4D 08 E8 B0 62 03 A8 61 00 00 0A 15 00 00 07 00 00 00
2026-03-15T14:10:25.623753,82.726,can0  204  [16]  28 58 C8 44 5A 2A B4 50 4C 1D 30 75 30 75 00 00
2026-03-15T14:10:25.624720,82.727,can0  070  [20]  F9 2A 4D 08 E8 B0 62 03 A8 61 00 00 0A 15 00 00 07 00 00 00
2026-03-15T14:10:25.625288,82.728,can0  204  [16]  28 58 C7 44 5A 2A AB 4F 4C 1D 30 75 30 75 00 00
2026-03-15T14:10:25.723367,82.826,can0  070  [20]  F9 2A 4D 08 E8 B0 62 03 A8 61 00 00 0A 15 00 00 07 00 00 00
2026-03-15T14:10:25.724024,82.826,can0  041  [04]  B5 00 02 00
2026-03-15T14:10:25.724334,82.827,can0  060  [32]  00 00 00 00 00 00 00 00 00 00 00 00 00 00 00 00 00 00 00 00 00 00 00 00 00 00 00 00 00 00 00 00
2026-03-15T14:10:25.724966,82.827,can0  040  [04]  21 00 0A 00
2026-03-15T14:10:25.725542,82.828,can0  204  [16]  28 58 C8 44 5A 2A B4 4F 4C 1D 30 75 30 75 00 00
2026-03-15T14:10:25.726895,82.829,can0  060  [32]  00 00 00 00 F9 2A 4D 08 3C 06 B8 10 00 00 10 0E FF 01 00 00 00 00 00 00 01 00 00 00 00 00 00 00
2026-03-15T14:10:25.727846,82.830,can0  040  [04]  21 00 0A 00
2026-03-15T14:10:25.822182,82.925,can0  204  [16]  28 58 C8 44 5A 2A B4 4F 4C 1D 30 75 30 75 00 00
2026-03-15T14:10:25.822522,82.925,can0  204  [16]  28 58 C9 44 5A 2A 6B 4F 4C 1D 30 75 30 75 00 00
2026-03-15T14:10:25.922514,83.025,can0  206  [24]  87 0C AA 05 7B 0C 96 EF 94 05 97 0C 83 0C 00 00 00 00 00 00 00 00 00 00
2026-03-15T14:10:25.922930,83.025,can0  204  [16]  28 58 C9 44 5A 2A 6B 4F 4C 1D 30 75 30 75 00 00
2026-03-15T14:10:25.923249,83.026,can0  204  [16]  28 58 C9 44 58 2A D9 4F 4C 1D 30 75 30 75 00 00
2026-03-15T14:10:26.022357,83.125,can0  100  [03]  78 58 04
2026-03-15T14:10:26.023050,83.125,can0  120  [04]  00 00 00 00
2026-03-15T14:10:26.024143,83.127,can0  041  [04]  B5 00 02 00
2026-03-15T14:10:26.024247,83.127,can0  040  [04]  27 00 09 00
2026-03-15T14:10:26.027485,83.130,can0  040  [04]  27 00 09 00
2026-03-15T14:10:26.027583,83.130,can0  204  [16]  28 58 C8 44 58 2A 4C 4F 4C 1D 30 75 30 75 00 00
2026-03-15T14:10:26.122641,83.225,can0  204  [16]  28 58 C8 44 58 2A 4C 4F 4C 1D 30 75 30 75 00 00
2026-03-15T14:10:26.123028,83.225,can0  206  [24]  83 0C A8 05 83 0C B6 EF 8E 05 97 0C 7F 0C 00 00 00 00 00 00 00 00 00 00
2026-03-15T14:10:26.123352,83.226,can0  204  [16]  28 58 C7 44 58 2A 7E 50 4C 1D 30 75 30 75 00 00
2026-03-15T14:10:26.223282,83.326,can0  070  [20]  F9 2A 4D 08 E8 B0 62 03 A8 61 00 00 0A 15 00 00 07 00 00 00
2026-03-15T14:10:26.224075,83.326,can0  204  [16]  28 58 C7 44 58 2A 7E 50 4C 1D 30 75 30 75 00 00
2026-03-15T14:10:26.224376,83.327,can0  060  [32]  00 00 00 00 00 00 00 00 00 00 00 00 00 00 00 00 00 00 00 00 00 00 00 00 00 00 00 00 00 00 00 00
2026-03-15T14:10:26.225192,83.328,can0  040  [04]  31 00 08 00
2026-03-15T14:10:26.226040,83.328,can0  041  [04]  D1 00 02 00
2026-03-15T14:10:26.226557,83.329,can0  204  [16]  28 58 C6 44 58 2A 37 50 4C 1D 30 75 30 75 00 00
2026-03-15T14:10:26.322990,83.425,can0  040  [04]  31 00 08 00
2026-03-15T14:10:26.325016,83.427,can0  070  [20]  F9 2A 4D 08 E8 B0 62 03 A8 61 00 00 0A 15 00 00 07 00 00 00
2026-03-15T14:10:26.325894,83.428,can0  204  [16]  28 58 C6 44 58 2A 1E 50 4C 1D 30 75 30 75 00 00
2026-03-15T14:10:26.422000,83.524,can0  110  [02]  7F 1B
2026-03-15T14:10:26.423045,83.525,can0  204  [16]  28 58 C6 44 58 2A 1E 50 4C 1D 30 75 30 75 00 00
2026-03-15T14:10:26.423123,83.525,can0  206  [24]  87 0C A8 05 87 0C B6 EF 90 05 8B 0C 7F 0C 00 00 00 00 00 00 00 00 00 00
2026-03-15T14:10:26.423184,83.526,can0  204  [16]  28 58 C8 44 56 2A 8C 50 4C 1D 30 75 30 75 00 00
2026-03-15T14:10:26.522313,83.625,can0  040  [04]  47 00 08 00
2026-03-15T14:10:26.525883,83.628,can0  204  [16]  28 58 C8 44 56 2A 8C 50 4C 1D 30 75 30 75 00 00
2026-03-15T14:10:26.525992,83.628,can0  041  [04]  C9 00 02 00
2026-03-15T14:10:26.623519,83.726,can0  070  [20]  F8 2A 4D 08 E8 B0 62 03 90 65 00 00 0A 15 00 00 0F 00 00 00
2026-03-15T14:10:26.624657,83.727,can0  040  [04]  47 00 08 00
2026-03-15T14:10:26.625359,83.728,can0  132  [00]
2026-03-15T14:10:26.625448,83.728,can0  204  [16]  28 58 C8 44 54 2A 6E 4F 4C 1D 30 75 30 75 00 00
2026-03-15T14:10:26.627059,83.729,can0  070  [20]  F8 2A 4D 08 E8 B0 62 03 90 65 00 00 0A 15 00 00 0E 00 00 00
2026-03-15T14:10:26.627573,83.730,can0  204  [16]  28 58 C9 44 54 2A 19 50 4C 1D 30 75 30 75 00 00
2026-03-15T14:10:26.627924,83.730,can0  206  [24]  93 0C A6 05 7B 0C 96 EF 8B 05 93 0C 77 0C 00 00 00 00 00 00 00 00 00 00
2026-03-15T14:10:26.723191,83.826,can0  070  [20]  F8 2A 4D 08 E8 B0 62 03 90 65 00 00 0A 15 00 00 0E 00 00 00
2026-03-15T14:10:26.724081,83.826,can0  204  [16]  28 58 C9 44 54 2A 19 50 4C 1D 30 75 30 75 00 00
2026-03-15T14:10:26.725243,83.828,can0  060  [32]  00 00 00 00 F8 2A 4D 08 3C 06 B8 10 00 00 10 0E FF 01 00 00 00 00 00 00 01 00 00 00 00 00 00 00
2026-03-15T14:10:26.725930,83.828,can0  204  [16]  28 58 C9 44 52 2A C2 4F 4C 1D 30 75 30 75 00 00
2026-03-15T14:10:26.726690,83.829,can0  040  [04]  58 00 08 00
2026-03-15T14:10:26.823796,83.926,can0  041  [04]  D1 00 04 00
2026-03-15T14:10:26.824876,83.927,can0  204  [16]  28 58 C9 44 54 2A B9 4F 4C 1D 30 75 30 75 00 00
2026-03-15T14:10:26.824966,83.927,can0  040  [04]  58 00 08 00
2026-03-15T14:10:26.923895,84.026,can0  204  [16]  28 58 C9 44 54 2A B9 4F 4C 1D 30 75 30 75 00 00
2026-03-15T14:10:26.924119,84.026,can0  133  [00]
2026-03-15T14:10:26.924859,84.027,can0  206  [24]  7F 0C AC 05 87 0C A6 EF 90 05 97 0C 83 0C 00 00 00 00 00 00 00 00 00 00
2026-03-15T14:10:26.924936,84.027,can0  204  [16]  28 58 C9 44 54 2A 69 4F 4C 1D 30 75 30 75 00 00
2026-03-15T14:10:27.038085,84.140,can0  204  [16]  28 58 C9 44 54 2A 69 4F 4C 1D 30 75 30 75 00 00
2026-03-15T14:10:27.038918,84.141,can0  041  [04]  D1 00 07 00
2026-03-15T14:10:27.040166,84.143,can0  040  [04]  61 00 0A 00
2026-03-15T14:10:27.041140,84.144,can0  204  [16]  28 58 C9 44 58 2A 98 50 4C 1D 30 75 30 75 00 00
2026-03-15T14:10:27.207354,84.310,can0  040  [04]  61 00 0A 00
2026-03-15T14:10:27.208316,84.311,can0  204  [16]  28 58 C9 44 52 2A F6 50 4C 1D 30 75 30 75 00 00
2026-03-15T14:10:27.268806,84.371,can0  100  [03]  77 58 04
2026-03-15T14:10:27.272090,84.374,can0  120  [04]  00 00 00 00
2026-03-15T14:10:27.272198,84.375,can0  206  [24]  87 0C AA 05 7F 0C F4 EF 92 05 9B 0C 83 0C 00 00 00 00 00 00 00 00 00 00
2026-03-15T14:10:27.272287,84.375,can0  070  [20]  F8 2A 4D 08 E8 B0 62 03 90 65 00 00 0A 15 00 00 0E 00 00 00
2026-03-15T14:10:27.276468,84.379,can0  204  [16]  28 58 C9 44 52 2A F6 50 4C 1D 30 75 30 75 00 00
2026-03-15T14:10:27.276601,84.379,can0  060  [32]  00 00 00 00 00 00 00 00 00 00 00 00 00 00 00 00 00 00 00 00 00 00 00 00 00 00 00 00 00 00 00 00
2026-03-15T14:10:27.276678,84.379,can0  204  [16]  28 58 C9 44 58 2A 5B 50 4C 1D 30 75 30 75 00 00
2026-03-15T14:10:27.341420,84.444,can0  204  [16]  28 58 C9 44 58 2A 5B 50 4C 1D 30 75 30 75 00 00
2026-03-15T14:10:27.342180,84.445,can0  041  [04]  DA 00 0A 00
2026-03-15T14:10:27.344099,84.446,can0  070  [20]  F8 2A 4D 08 E8 B0 62 03 90 65 00 00 0A 15 00 00 0E 00 00 00
2026-03-15T14:10:27.348214,84.451,can0  040  [04]  61 00 0A 00
2026-03-15T14:10:27.350535,84.453,can0  040  [04]  61 00 0A 00
2026-03-15T14:10:27.351450,84.454,can0  204  [16]  28 58 C8 44 56 2A 0D 50 4C 1D 30 75 30 75 00 00
2026-03-15T14:10:27.473934,84.576,can0  204  [16]  28 58 C8 44 56 2A 86 4F 4C 1D 30 75 30 75 00 00
2026-03-15T14:10:27.474853,84.577,can0  206  [24]  F0 0C A8 05 87 0C D5 EF 8B 05 97 0C 12 0C 00 00 00 00 00 00 00 00 00 00
2026-03-15T14:10:27.612010,84.714,can0  204  [16]  28 58 C8 44 56 2A 86 4F 4C 1D 30 75 30 75 00 00
2026-03-15T14:10:27.612169,84.715,can0  204  [16]  28 58 C8 44 56 2A 86 4F 4C 1D 30 75 30 75 00 00
2026-03-15T14:10:27.676686,84.779,can0  070  [20]  F8 2A 4D 08 E8 B0 62 03 78 69 00 00 0A 15 00 00 25 00 00 00
2026-03-15T14:10:27.679800,84.782,can0  040  [04]  61 00 0B 00
2026-03-15T14:10:27.680595,84.783,can0  041  [04]  D1 00 0A 00
2026-03-15T14:10:27.682233,84.785,can0  070  [20]  F8 2A 4D 08 E8 B0 62 03 78 69 00 00 0A 15 00 00 25 00 00 00
2026-03-15T14:10:27.685866,84.788,can0  040  [04]  61 00 0B 00
2026-03-15T14:10:27.686709,84.789,can0  204  [16]  28 58 C7 44 58 2A 73 4F 4C 1D 30 75 30 75 00 00
2026-03-15T14:10:27.743636,84.846,can0  070  [20]  F8 2A 4D 08 E8 B0 62 03 78 69 00 00 0A 15 00 00 25 00 00 00
2026-03-15T14:10:27.744051,84.846,can0  204  [16]  28 58 C7 44 58 2A 73 4F 4C 1D 30 75 30 75 00 00
2026-03-15T14:10:27.744413,84.847,can0  206  [24]  8F 0C A8 05 7F 0C 12 F0 8E 05 97 0C 7B 0C 00 00 00 00 00 00 00 00 00 00
2026-03-15T14:10:27.744692,84.847,can0  060  [32]  00 00 00 00 00 00 00 00 00 00 00 00 00 00 00 00 00 00 00 00 00 00 00 00 00 00 00 00 00 00 00 00
2026-03-15T14:10:27.746007,84.848,can0  204  [16]  28 58 C7 44 5A 2A D7 4F 4C 1D 30 75 30 75 00 00
2026-03-15T14:10:27.746072,84.848,can0  060  [32]  00 00 00 00 F8 2A 4D 08 3C 06 B8 10 00 00 10 0E FF 01 00 00 00 00 00 00 01 00 00 00 00 00 00 00
2026-03-15T14:10:27.838369,84.941,can0  204  [16]  28 58 C7 44 5A 2A D7 4F 4C 1D 30 75 30 75 00 00
2026-03-15T14:10:27.839197,84.942,can0  040  [04]  58 00 0B 00
2026-03-15T14:10:27.840087,84.942,can0  041  [04]  CB 00 0B 00
2026-03-15T14:10:27.840895,84.943,can0  204  [16]  28 58 C6 44 56 2A 89 4F 4C 1D 30 75 30 75 00 00
2026-03-15T14:10:27.937992,85.040,can0  040  [04]  58 00 0B 00
2026-03-15T14:10:27.938474,85.041,can0  204  [16]  28 58 C7 44 54 2A 19 50 4C 1D 30 75 30 75 00 00
2026-03-15T14:10:27.939073,85.041,can0  206  [24]  8B 0C A6 05 7F 0C C5 EF 90 05 9B 0C 7F 0C 00 00 00 00 00 00 00 00 00 00
2026-03-15T14:10:27.939452,85.042,can0  110  [02]  7E 1B
2026-03-15T14:10:28.030672,85.133,can0  204  [16]  28 58 C7 44 54 2A 19 50 4C 1D 30 75 30 75 00 00
2026-03-15T14:10:28.031022,85.133,can0  204  [16]  28 58 C7 44 56 2A D1 4F 4C 1D 30 75 30 75 00 00
2026-03-15T14:10:28.126324,85.229,can0  040  [04]  58 00 0C 00
2026-03-15T14:10:28.126879,85.229,can0  204  [16]  28 58 C7 44 56 2A D1 4F 4C 1D 30 75 30 75 00 00
2026-03-15T14:10:28.127187,85.230,can0  041  [04]  C4 00 0C 00
2026-03-15T14:10:28.128532,85.231,can0  040  [04]  58 00 0C 00
2026-03-15T14:10:28.128612,85.231,can0  204  [16]  28 58 C8 44 5A 2A C9 4F 4C 1D 30 75 30 75 00 00
2026-03-15T14:10:28.223295,85.326,can0  070  [20]  F8 2A 4D 08 E8 B0 62 03 78 69 00 00 0A 15 00 00 25 00 00 00
2026-03-15T14:10:28.223916,85.326,can0  206  [24]  93 0C A3 05 77 0C D5 EF 94 05 97 0C 7B 0C 00 00 00 00 00 00 00 00 00 00
2026-03-15T14:10:28.224356,85.327,can0  204  [16]  28 58 C8 44 58 2A AC 4F 4C 1D 30 75 30 75 00 00
2026-03-15T14:10:28.225789,85.328,can0  060  [32]  88 3A 71 0C B8 5B 4D 08 12 7B 62 03 00 00 99 04 4B 00 80 00 00 00 00 00 01 00 00 00 00 00 00 00
2026-03-15T14:10:28.322300,85.425,can0  204  [16]  28 58 C8 44 58 2A AC 4F 4C 1D 30 75 30 75 00 00
2026-03-15T14:10:28.323943,85.426,can0  070  [20]  F8 2A 4D 08 E8 B0 62 03 78 69 00 00 0A 15 00 00 25 00 00 00
2026-03-15T14:10:28.324600,85.427,can0  204  [16]  28 58 C6 44 56 2A 05 50 4C 1D 30 75 30 75 00 00
2026-03-15T14:10:28.325455,85.428,can0  100  [03]  7A 58 04
2026-03-15T14:10:28.326198,85.429,can0  040  [04]  58 00 0C 00
2026-03-15T14:10:28.422342,85.525,can0  120  [04]  00 00 00 00
2026-03-15T14:10:28.422616,85.525,can0  041  [04]  BF 00 0B 00
2026-03-15T14:10:28.422868,85.525,can0  204  [16]  28 58 C6 44 56 2A 05 50 4C 1D 30 75 30 75 00 00
2026-03-15T14:10:28.426956,85.529,can0  040  [04]  58 00 0C 00
2026-03-15T14:10:28.427061,85.529,can0  204  [16]  28 58 C7 44 56 2A 18 4F 4C 1D 30 75 30 75 00 00
2026-03-15T14:10:28.522598,85.625,can0  206  [24]  7F 0C AC 05 8F 0C C5 EF 92 05 87 0C 83 0C 00 00 00 00 00 00 00 00 00 00
2026-03-15T14:10:28.524170,85.627,can0  204  [16]  28 58 C7 44 56 2A 18 4F 4C 1D 30 75 30 75 00 00
2026-03-15T14:10:28.524238,85.627,can0  070  [20]  F8 2A 4D 08 E8 B0 62 03 60 6D 00 00 0A 15 00 00 1F 00 00 00
2026-03-15T14:10:28.627786,85.730,can0  070  [20]  F8 2A 4D 08 E8 B0 62 03 60 6D 00 00 0A 15 00 00 20 00 00 00
2026-03-15T14:10:28.628189,85.731,can0  204  [16]  28 58 C7 44 50 2A 3E 50 4C 1D 30 75 30 75 00 00
2026-03-15T14:10:28.628972,85.731,can0  040  [04]  58 00 0B 00
2026-03-15T14:10:28.633510,85.736,can0  041  [04]  C1 00 0B 00
2026-03-15T14:10:28.633622,85.736,can0  204  [16]  28 58 C6 44 50 2A FF 4F 4C 1D 30 75 30 75 00 00
2026-03-15T14:10:28.723084,85.825,can0  040  [04]  58 00 0B 00
2026-03-15T14:10:28.724513,85.827,can0  070  [20]  F8 2A 4D 08 E8 B0 62 03 60 6D 00 00 0A 15 00 00 20 00 00 00
2026-03-15T14:10:28.725186,85.828,can0  204  [16]  28 58 C7 44 52 2A 2A 4F 4C 1D 30 75 30 75 00 00
2026-03-15T14:10:28.726277,85.829,can0  060  [32]  00 00 00 00 F8 2A 4D 08 3C 06 B8 10 00 00 10 0E FF 01 00 00 00 00 00 00 01 00 00 00 00 00 00 00
2026-03-15T14:10:28.727021,85.829,can0  206  [24]  87 0C A3 05 77 0C D5 EF 92 05 A7 0C 83 0C 00 00 00 00 00 00 00 00 00 00
2026-03-15T14:10:28.825190,85.928,can0  204  [16]  28 58 C7 44 52 2A 2A 4F 4C 1D 30 75 30 75 00 00
2026-03-15T14:10:28.828023,85.930,can0  204  [16]  28 58 C7 44 50 2A 51 4F 4C 1D 30 75 30 75 00 00
2026-03-15T14:10:28.939615,86.042,can0  204  [16]  28 58 C7 44 50 2A 51 4F 4C 1D 30 75 30 75 00 00
2026-03-15T14:10:28.940473,86.043,can0  040  [04]  58 00 0A 00
2026-03-15T14:10:28.940805,86.043,can0  041  [04]  C4 00 0B 00
2026-03-15T14:10:28.941986,86.044,can0  204  [16]  28 58 C8 44 52 2A 91 4F 4C 1D 30 75 30 75 00 00
2026-03-15T14:10:28.942070,86.044,can0  040  [04]  58 00 0A 00
2026-03-15T14:10:29.036755,86.139,can0  206  [24]  7F 0C AA 05 83 0C C5 EF 90 05 93 0C 87 0C 00 00 00 00 00 00 00 00 00 00
2026-03-15T14:10:29.037110,86.139,can0  204  [16]  28 58 C9 44 50 2A BC 4F 4C 1D 30 75 30 75 00 00
2026-03-15T14:10:29.126106,86.228,can0  204  [16]  28 58 C9 44 50 2A BC 4F 4C 1D 30 75 30 75 00 00
2026-03-15T14:10:29.127337,86.230,can0  204  [16]  28 58 C9 44 50 2A 90 4F 4C 1D 30 75 30 75 00 00
2026-03-15T14:10:29.127437,86.230,can0  040  [04]  58 00 08 00
2026-03-15T14:10:29.127695,86.230,can0  041  [04]  BE 00 0B 00
2026-03-15T14:10:29.222095,86.324,can0  204  [16]  28 58 C9 44 50 2A 90 4F 4C 1D 30 75 30 75 00 00
2026-03-15T14:10:29.223577,86.326,can0  070  [20]  F8 2A 4D 08 E8 B0 62 03 60 6D 00 00 0A 15 00 00 20 00 00 00
2026-03-15T14:10:29.224311,86.327,can0  040  [04]  58 00 08 00
2026-03-15T14:10:29.224843,86.327,can0  204  [16]  28 58 C8 44 4E 2A 19 50 4C 1D 30 75 30 75 00 00
2026-03-15T14:10:29.225740,86.328,can0  060  [32]  00 00 00 00 00 00 00 00 00 00 00 00 00 00 00 00 00 00 00 00 00 00 00 00 00 00 00 00 00 00 00 00
2026-03-15T14:10:29.322461,86.425,can0  206  [24]  87 0C A8 05 7F 0C B6 EF 90 05 8F 0C 83 0C 00 00 00 00 00 00 00 00 00 00
2026-03-15T14:10:29.323972,86.426,can0  070  [20]  F8 2A 4D 08 E8 B0 62 03 60 6D 00 00 0A 15 00 00 20 00 00 00
2026-03-15T14:10:29.324373,86.427,can0  204  [16]  28 58 C7 44 4E 2A 16 50 4C 1D 30 75 30 75 00 00
2026-03-15T14:10:29.422316,86.525,can0  204  [16]  28 58 C7 44 4E 2A 16 50 4C 1D 30 75 30 75 00 00
2026-03-15T14:10:29.422537,86.525,can0  041  [04]  BC 00 0B 00
2026-03-15T14:10:29.423174,86.526,can0  040  [04]  58 00 07 00
2026-03-15T14:10:29.423884,86.526,can0  204  [16]  28 58 C7 44 50 2A 31 50 4C 1D 30 75 30 75 00 00
2026-03-15T14:10:29.522952,86.625,can0  040  [04]  58 00 07 00
2026-03-15T14:10:29.523547,86.626,can0  204  [16]  28 58 C7 44 50 2A 31 50 4C 1D 30 75 30 75 00 00
2026-03-15T14:10:29.523996,86.626,can0  206  [24]  9F 0C 9F 05 7B 0C E4 EF 90 05 9B 0C 6B 0C 00 00 00 00 00 00 00 00 00 00
2026-03-15T14:10:29.524772,86.627,can0  100  [03]  7A 58 04
2026-03-15T14:10:29.526216,86.629,can0  070  [20]  F8 2A 4D 08 E9 B0 62 03 48 71 00 00 0A 15 00 00 23 00 00 00
2026-03-15T14:10:29.529732,86.632,can0  110  [02]  7C 1B
2026-03-15T14:10:29.623178,86.726,can0  120  [04]  00 00 00 00
2026-03-15T14:10:29.623601,86.726,can0  204  [16]  28 58 C7 44 4E 2A 90 4F 4C 1D 30 75 30 75 00 00
2026-03-15T14:10:29.625013,86.727,can0  070  [20]  F8 2A 4D 08 E9 B0 62 03 48 71 00 00 0A 15 00 00 23 00 00 00
2026-03-15T14:10:29.625391,86.728,can0  204  [16]  28 58 C7 44 52 2A 15 50 4C 1D 30 75 30 75 00 00
2026-03-15T14:10:29.723390,86.826,can0  070  [20]  F8 2A 4D 08 E9 B0 62 03 48 71 00 00 0A 15 00 00 23 00 00 00
2026-03-15T14:10:29.731300,86.834,can0  204  [16]  28 58 C7 44 52 2A 15 50 4C 1D 30 75 30 75 00 00
2026-03-15T14:10:29.731500,86.834,can0  041  [04]  BC 00 0B 00
2026-03-15T14:10:29.732164,86.835,can0  040  [04]  58 00 06 00
2026-03-15T14:10:29.736334,86.839,can0  040  [04]  58 00 06 00
2026-03-15T14:10:29.736431,86.839,can0  204  [16]  28 58 C8 44 56 2A CC 4F 4C 1D 30 75 30 75 00 00
2026-03-15T14:10:29.872974,86.975,can0  060  [32]  00 00 00 00 F8 2A 4D 08 3E 06 B8 10 00 00 10 0E FF 01 00 00 00 00 00 00 01 00 00 00 00 00 00 00
2026-03-15T14:10:29.873902,86.976,can0  206  [24]  87 0C A8 05 7B 0C C5 EF 8E 05 97 0C 87 0C 00 00 00 00 00 00 00 00 00 00
2026-03-15T14:10:29.874214,86.977,can0  204  [16]  28 58 C8 44 58 2A 3F 4F 4C 1D 30 75 30 75 00 00
2026-03-15T14:10:29.930968,87.033,can0  204  [16]  28 58 C8 44 58 2A 3F 4F 4C 1D 30 75 30 75 00 00
2026-03-15T14:10:29.932097,87.034,can0  204  [16]  28 58 C9 44 54 2A ED 4F 4C 1D 30 75 30 75 00 00
2026-03-15T14:10:29.932182,87.035,can0  040  [04]  58 00 06 00
2026-03-15T14:10:29.932495,87.035,can0  041  [04]  BC 00 0A 00
2026-03-15T14:10:30.022746,87.125,can0  204  [16]  28 58 C9 44 54 2A ED 4F 4C 1D 30 75 30 75 00 00
2026-03-15T14:10:30.023458,87.126,can0  040  [04]  58 00 06 00
2026-03-15T14:10:30.023885,87.126,can0  204  [16]  28 58 C9 44 54 2A 7C 4F 4C 1D 30 75 30 75 00 00
2026-03-15T14:10:30.171964,87.274,can0  206  [24]  7B 0C A3 05 7B 0C D5 EF 8E 05 9B 0C 8F 0C 00 00 00 00 00 00 00 00 00 00
2026-03-15T14:10:30.172352,87.275,can0  204  [16]  28 58 CA 44 54 2A A4 4F 4C 1D 30 75 30 75 00 00
2026-03-15T14:10:30.272500,87.375,can0  204  [16]  28 58 CA 44 54 2A A4 4F 4C 1D 30 75 30 75 00 00
2026-03-15T14:10:30.273630,87.376,can0  070  [20]  F8 2A 4D 08 E9 B0 62 03 48 71 00 00 0A 15 00 00 23 00 00 00
2026-03-15T14:10:30.277800,87.380,can0  040  [04]  2C 00 06 00
2026-03-15T14:10:30.277869,87.380,can0  041  [04]  C6 00 09 00
2026-03-15T14:10:30.277907,87.380,can0  204  [16]  28 58 C9 44 56 2A 85 4F 4C 1D 30 75 30 75 00 00
2026-03-15T14:10:30.372698,87.475,can0  060  [32]  00 00 00 00 00 00 00 00 00 00 00 00 00 00 00 00 00 00 00 00 00 00 00 00 00 00 00 00 00 00 00 00
2026-03-15T14:10:30.373997,87.476,can0  040  [04]  2C 00 06 00
2026-03-15T14:10:30.374947,87.477,can0  204  [16]  28 58 C9 44 56 2A 85 4F 4C 1D 30 75 30 75 00 00
2026-03-15T14:10:30.376315,87.479,can0  070  [20]  F8 2A 4D 08 E9 B0 62 03 48 71 00 00 0A 15 00 00 23 00 00 00
2026-03-15T14:10:30.376801,87.479,can0  206  [24]  87 0C A8 05 7F 0C B6 EF 92 05 9F 0C 83 0C 00 00 00 00 00 00 00 00 00 00
2026-03-15T14:10:30.377053,87.479,can0  204  [16]  28 58 C9 44 56 2A 1C 50 4C 1D 30 75 30 75 00 00
2026-03-15T14:10:30.472419,87.575,can0  204  [16]  28 58 C8 44 58 2A 93 4F 4C 1D 30 75 30 75 00 00
2026-03-15T14:10:30.571899,87.674,can0  204  [16]  28 58 C8 44 58 2A 93 4F 4C 1D 30 75 30 75 00 00
2026-03-15T14:10:30.572621,87.675,can0  040  [04]  3E 00 04 00
2026-03-15T14:10:30.573141,87.676,can0  041  [04]  CC 00 06 00
2026-03-15T14:10:30.573211,87.676,can0  204  [16]  28 58 C8 44 58 2A 93 4F 4C 1D 30 75 30 75 00 00
2026-03-15T14:10:30.575488,87.678,can0  040  [04]  3E 00 04 00
2026-03-15T14:10:30.575565,87.678,can0  070  [20]  F6 2A 4D 08 E9 B0 62 03 30 75 00 00 0A 15 00 00 0F 00 00 00
2026-03-15T14:10:30.672927,87.775,can0  204  [16]  28 58 C8 44 58 2A 6F 4F 4C 1D 30 75 30 75 00 00
2026-03-15T14:10:30.675173,87.778,can0  070  [20]  F6 2A 4D 08 E9 B0 62 03 30 75 00 00 0A 15 00 00 0F 00 00 00
2026-03-15T14:10:30.675869,87.778,can0  206  [24]  8B 0C A3 05 7B 0C D5 EF 90 05 97 0C 7F 0C 00 00 00 00 00 00 00 00 00 00
2026-03-15T14:10:30.676172,87.779,can0  204  [16]  28 58 C8 44 58 2A 14 50 4C 1D 30 75 30 75 00 00
2026-03-15T14:10:30.773287,87.876,can0  070  [20]  F6 2A 4D 08 E9 B0 62 03 30 75 00 00 0A 15 00 00 0F 00 00 00
2026-03-15T14:10:30.774150,87.877,can0  204  [16]  28 58 C8 44 5E 2A A8 4F 4C 1D 30 75 30 75 00 00
2026-03-15T14:10:30.774442,87.877,can0  041  [04]  D1 00 07 00
2026-03-15T14:10:30.775141,87.878,can0  040  [04]  36 00 05 00
2026-03-15T14:10:30.776843,87.879,can0  100  [03]  77 58 04
2026-03-15T14:10:30.776904,87.879,can0  120  [04]  00 00 00 00
2026-03-15T14:10:30.873509,87.976,can0  060  [32]  00 00 00 00 F6 2A 4D 08 3E 06 B8 10 00 00 10 0E FF 01 00 00 00 00 00 00 01 00 00 00 00 00 00 00
2026-03-15T14:10:30.874311,87.977,can0  204  [16]  28 58 C8 44 5E 2A A8 4F 4C 1D 30 75 30 75 00 00
2026-03-15T14:10:30.875098,87.977,can0  040  [04]  36 00 05 00
2026-03-15T14:10:30.875649,87.978,can0  204  [16]  28 58 C9 44 60 2A 68 50 4C 1D 30 75 30 75 00 00
2026-03-15T14:10:30.973208,88.076,can0  206  [24]  8B 0C A6 05 77 0C C5 EF 90 05 97 0C 7F 0C 00 00 00 00 00 00 00 00 00 00
2026-03-15T14:10:30.973302,88.076,can0  204  [16]  28 58 C7 44 58 2A CD 4F 4C 1D 30 75 30 75 00 00
2026-03-15T14:10:30.973775,88.076,can0  204  [16]  28 58 C7 44 58 2A CD 4F 4C 1D 30 75 30 75 00 00
2026-03-15T14:10:31.072350,88.175,can0  040  [04]  20 00 09 00
2026-03-15T14:10:31.072791,88.175,can0  041  [04]  DF 00 09 00
2026-03-15T14:10:31.073958,88.176,can0  204  [16]  28 58 C7 44 58 2A A4 4F 4C 1D 30 75 30 75 00 00
2026-03-15T14:10:31.074065,88.176,can0  040  [04]  20 00 09 00
2026-03-15T14:10:31.126728,88.229,can0  204  [16]  28 58 C7 44 58 2A A4 4F 4C 1D 30 75 30 75 00 00
2026-03-15T14:10:31.127112,88.229,can0  206  [24]  87 0C A8 05 7B 0C F4 EF 94 05 97 0C 83 0C 00 00 00 00 00 00 00 00 00 00
2026-03-15T14:10:31.127488,88.230,can0  204  [16]  28 58 C7 44 56 2A 3B 4F 4C 1D 30 75 30 75 00 00
2026-03-15T14:10:31.272602,88.375,can0  110  [02]  7F 1B
2026-03-15T14:10:31.273929,88.376,can0  070  [20]  F6 2A 4D 08 E9 B0 62 03 30 75 00 00 0A 15 00 00 0F 00 00 00
2026-03-15T14:10:31.274351,88.377,can0  204  [16]  28 58 C8 44 5A 2A AD 4F 4C 1D 30 75 30 75 00 00
2026-03-15T14:10:31.276727,88.379,can0  204  [16]  28 58 C8 44 5A 2A AD 4F 4C 1D 30 75 30 75 00 00
2026-03-15T14:10:31.372684,88.475,can0  060  [32]  00 00 00 00 00 00 00 00 00 00 00 00 00 00 00 00 00 00 00 00 00 00 00 00 00 00 00 00 00 00 00 00
2026-03-15T14:10:31.375183,88.478,can0  040  [04]  21 00 0A 00
2026-03-15T14:10:31.375271,88.478,can0  041  [04]  E9 00 09 00
2026-03-15T14:10:31.375321,88.478,can0  070  [20]  F6 2A 4D 08 E9 B0 62 03 30 75 00 00 0A 15 00 00 0F 00 00 00
2026-03-15T14:10:31.375623,88.478,can0  204  [16]  28 58 C7 44 56 2A CB 4F 4C 1D 30 75 30 75 00 00
2026-03-15T14:10:31.376354,88.479,can0  040  [04]  21 00 0A 00
2026-03-15T14:10:31.472442,88.575,can0  204  [16]  28 58 C7 44 56 2A CB 4F 4C 1D 30 75 30 75 00 00
2026-03-15T14:10:31.472830,88.575,can0  206  [24]  83 0C A1 05 83 0C F4 EF 90 05 8F 0C 83 0C 00 00 00 00 00 00 00 00 00 00
2026-03-15T14:10:31.473144,88.576,can0  204  [16]  28 58 C8 44 5A 2A 43 4F 4C 1D 30 75 30 75 00 00
2026-03-15T14:10:31.572606,88.675,can0  204  [16]  28 58 C8 44 5A 2A 43 4F 4C 1D 30 75 30 75 00 00
2026-03-15T14:10:31.573355,88.676,can0  040  [04]  2C 00 0A 00
2026-03-15T14:10:31.575041,88.677,can0  041  [04]  E9 00 09 00
2026-03-15T14:10:31.575102,88.677,can0  070  [20]  F6 2A 4D 08 E9 B0 62 03 18 79 00 00 0A 15 00 00 27 00 00 00
2026-03-15T14:10:31.672560,88.775,can0  204  [16]  28 58 C8 44 5C 2A CD 4F 4C 1D 30 75 30 75 00 00
2026-03-15T14:10:31.673913,88.776,can0  070  [20]  F6 2A 4D 08 E9 B0 62 03 18 79 00 00 0A 15 00 00 27 00 00 00
2026-03-15T14:10:31.675236,88.778,can0  040  [04]  2C 00 0A 00
2026-03-15T14:10:31.675322,88.778,can0  204  [16]  28 58 C8 44 5C 2A 9A 4F 4C 1D 30 75 30 75 00 00
2026-03-15T14:10:31.772544,88.875,can0  206  [24]  83 0C AA 05 7B 0C C5 EF 8E 05 97 0C 8B 0C 00 00 00 00 00 00 00 00 00 00
2026-03-15T14:10:31.773695,88.876,can0  070  [20]  F6 2A 4D 08 E9 B0 62 03 18 79 00 00 0A 15 00 00 27 00 00 00
2026-03-15T14:10:31.774155,88.877,can0  204  [16]  28 58 C7 44 5C 2A B4 4F 4C 1D 30 75 30 75 00 00
2026-03-15T14:10:31.774410,88.877,can0  204  [16]  28 58 C7 44 5C 2A B4 4F 4C 1D 30 75 30 75 00 00
2026-03-15T14:10:31.872806,88.975,can0  060  [32]  00 00 00 00 00 00 00 00 00 00 00 00 00 00 00 00 00 00 00 00 00 00 00 00 00 00 00 00 00 00 00 00
2026-03-15T14:10:31.874361,88.977,can0  060  [32]  00 00 00 00 F6 2A 4D 08 3E 06 B8 10 00 00 10 0E FF 01 00 00 00 00 00 00 01 00 00 00 00 00 00 00
2026-03-15T14:10:31.875208,88.978,can0  041  [04]  F4 00 09 00
2026-03-15T14:10:31.876141,88.979,can0  040  [04]  2C 00 0A 00
2026-03-15T14:10:31.876955,88.979,can0  204  [16]  28 58 C7 44 5E 2A 44 50 4C 1D 30 75 30 75 00 00
2026-03-15T14:10:31.935115,89.037,can0  040  [04]  2C 00 0A 00
2026-03-15T14:10:31.935550,89.038,can0  204  [16]  28 58 C7 44 5E 2A 44 50 4C 1D 30 75 30 75 00 00
2026-03-15T14:10:31.936436,89.039,can0  206  [24]  8F 0C AA 05 77 0C C5 EF 8E 05 97 0C 7B 0C 00 00 00 00 00 00 00 00 00 00
2026-03-15T14:10:31.937160,89.040,can0  204  [16]  28 58 C8 44 5C 2A 73 50 4C 1D 30 75 30 75 00 00
2026-03-15T14:10:31.938282,89.041,can0  100  [03]  78 58 04
2026-03-15T14:10:31.939321,89.042,can0  120  [04]  00 00 00 00
2026-03-15T14:10:32.055026,89.157,can0  204  [16]  28 58 C7 44 5C 2A 3C 50 4C 1D 30 75 30 75 00 00
2026-03-15T14:10:32.058596,89.161,can0  204  [16]  28 58 C7 44 5C 2A 3C 50 4C 1D 30 75 30 75 00 00
2026-03-15T14:10:32.169994,89.272,can0  040  [04]  30 00 09 00
2026-03-15T14:10:32.170766,89.273,can0  041  [04]  04 01 0A 00
2026-03-15T14:10:32.170856,89.273,can0  204  [16]  28 58 C7 44 5A 2A D9 50 4C 1D 30 75 30 75 00 00
2026-03-15T14:10:32.171643,89.274,can0  040  [04]  30 00 09 00
2026-03-15T14:10:32.239802,89.342,can0  070  [20]  F6 2A 4D 08 E9 B0 62 03 18 79 00 00 0A 15 00 00 27 00 00 00
2026-03-15T14:10:32.240324,89.343,can0  204  [16]  28 58 C7 44 5A 2A D9 50 4C 1D 30 75 30 75 00 00
2026-03-15T14:10:32.241096,89.343,can0  206  [24]  8F 0C AA 05 7B 0C C5 EF 8B 05 97 0C 7B 0C 00 00 00 00 00 00 00 00 00 00
2026-03-15T14:10:32.241179,89.344,can0  204  [16]  28 58 C8 44 5A 2A 6D 50 4C 1D 30 75 30 75 00 00
2026-03-15T14:10:32.358006,89.460,can0  070  [20]  F6 2A 4D 08 E9 B0 62 03 18 79 00 00 0A 15 00 00 27 00 00 00
2026-03-15T14:10:32.358797,89.461,can0  060  [32]  00 00 00 00 00 00 00 00 00 00 00 00 00 00 00 00 00 00 00 00 00 00 00 00 00 00 00 00 00 00 00 00
2026-03-15T14:10:32.359198,89.462,can0  204  [16]  28 58 C8 44 58 2A 58 50 4C 1D 30 75 30 75 00 00
2026-03-15T14:10:32.363683,89.466,can0  040  [04]  36 00 09 00
2026-03-15T14:10:32.363796,89.466,can0  041  [04]  09 01 0A 00
2026-03-15T14:10:32.477726,89.580,can0  204  [16]  28 58 C8 44 58 2A 58 50 4C 1D 30 75 30 75 00 00
2026-03-15T14:10:32.477824,89.580,can0  040  [04]  36 00 09 00
2026-03-15T14:10:32.478125,89.580,can0  204  [16]  28 58 C8 44 58 2A 3A 50 4C 1D 30 75 30 75 00 00
2026-03-15T14:10:32.539462,89.642,can0  206  [24]  8F 0C AA 05 83 0C C5 EF 90 05 97 0C 7B 0C 00 00 00 00 00 00 00 00 00 00
2026-03-15T14:10:32.539828,89.642,can0  204  [16]  28 58 C8 44 58 2A 3A 50 4C 1D 30 75 30 75 00 00
2026-03-15T14:10:32.541322,89.644,can0  070  [20]  F6 2A 4D 08 EB B0 62 03 00 7D 00 00 0A 15 00 00 13 00 00 00
2026-03-15T14:10:32.541837,89.644,can0  204  [16]  28 58 C9 44 58 2A 48 50 4C 1D 30 75 30 75 00 00
2026-03-15T14:10:32.543113,89.645,can0  070  [20]  F6 2A 4D 08 EB B0 62 03 00 7D 00 00 0A 15 00 00 13 00 00 00
2026-03-15T14:10:32.635263,89.738,can0  040  [04]  36 00 09 00
2026-03-15T14:10:32.636131,89.739,can0  041  [04]  00 01 09 00
2026-03-15T14:10:32.636536,89.739,can0  204  [16]  28 58 C8 44 54 2A 6A 50 4C 1D 30 75 30 75 00 00
2026-03-15T14:10:32.731282,89.834,can0  040  [04]  36 00 09 00
2026-03-15T14:10:32.732965,89.835,can0  204  [16]  28 58 C8 44 54 2A 6A 50 4C 1D 30 75 30 75 00 00
2026-03-15T14:10:32.733045,89.835,can0  070  [20]  F6 2A 4D 08 EB B0 62 03 00 7D 00 00 0A 15 00 00 13 00 00 00
2026-03-15T14:10:32.736122,89.838,can0  204  [16]  28 58 C9 44 54 2A 0C 50 4C 1D 30 75 30 75 00 00
2026-03-15T14:10:32.736196,89.839,can0  206  [24]  8B 0C A6 05 7F 0C E4 EF 90 05 9B 0C 7B 0C 00 00 00 00 00 00 00 00 00 00
2026-03-15T14:10:32.736255,89.839,can0  110  [02]  7F 1B
2026-03-15T14:10:32.826861,89.929,can0  204  [16]  28 58 C9 44 54 2A 0C 50 4C 1D 30 75 30 75 00 00
2026-03-15T14:10:32.828040,89.930,can0  060  [32]  00 00 00 00 F6 2A 4D 08 40 06 B8 10 00 00 10 0E FF 01 00 00 00 00 00 00 01 00 00 00 00 00 00 00
2026-03-15T14:10:32.828759,89.931,can0  204  [16]  28 58 C9 44 58 2A 8E 50 4C 1D 30 75 30 75 00 00
2026-03-15T14:10:32.927034,90.029,can0  041  [04]  FD 00 07 00
2026-03-15T14:10:32.927882,90.030,can0  040  [04]  3E 00 08 00
2026-03-15T14:10:32.928499,90.031,can0  204  [16]  28 58 C8 44 56 2A 16 51 4C 1D 30 75 30 75 00 00
2026-03-15T14:10:32.929795,90.032,can0  040  [04]  3E 00 08 00
2026-03-15T14:10:33.036111,90.138,can0  204  [16]  28 58 C8 44 56 2A 16 51 4C 1D 30 75 30 75 00 00
2026-03-15T14:10:33.036519,90.139,can0  206  [24]  8F 0C AA 05 77 0C E4 EF 92 05 9F 0C 7B 0C 00 00 00 00 00 00 00 00 00 00
2026-03-15T14:10:33.036862,90.139,can0  204  [16]  28 58 C9 44 52 2A 9A 50 4C 1D 30 75 30 75 00 00
2026-03-15T14:10:33.172446,90.275,can0  204  [16]  28 58 C9 44 52 2A 9A 50 4C 1D 30 75 30 75 00 00
2026-03-15T14:10:33.172866,90.275,can0  041  [04]  08 01 07 00
2026-03-15T14:10:33.173856,90.276,can0  040  [04]  34 00 0A 00
2026-03-15T14:10:33.175107,90.277,can0  204  [16]  28 58 C8 44 56 2A 5F 50 4C 1D 30 75 30 75 00 00
2026-03-15T14:10:33.175182,90.278,can0  100  [03]  75 58 04
2026-03-15T14:10:33.176773,90.279,can0  120  [04]  00 00 00 00
2026-03-15T14:10:33.231884,90.334,can0  070  [20]  F6 2A 4D 08 EB B0 62 03 00 7D 00 00 0A 15 00 00 13 00 00 00
2026-03-15T14:10:33.233009,90.335,can0  040  [04]  34 00 0A 00
2026-03-15T14:10:33.235874,90.338,can0  204  [16]  28 58 C8 44 5A 2A 09 51 4C 1D 30 75 30 75 00 00
2026-03-15T14:10:33.371944,90.474,can0  206  [24]  87 0C A8 05 7F 0C D5 EF 92 05 8B 0C 7F 0C 00 00 00 00 00 00 00 00 00 00
2026-03-15T14:10:33.372295,90.475,can0  204  [16]  28 58 C8 44 5A 2A 09 51 4C 1D 30 75 30 75 00 00
2026-03-15T14:10:33.373715,90.476,can0  070  [20]  F6 2A 4D 08 EB B0 62 03 00 7D 00 00 0A 15 00 00 13 00 00 00
2026-03-15T14:10:33.374070,90.476,can0  060  [32]  00 00 00 00 00 00 00 00 00 00 00 00 00 00 00 00 00 00 00 00 00 00 00 00 00 00 00 00 00 00 00 00
2026-03-15T14:10:33.374446,90.477,can0  204  [16]  28 58 C8 44 56 2A 0E 50 4C 1D 30 75 30 75 00 00
2026-03-15T14:10:33.471982,90.574,can0  204  [16]  28 58 C8 44 56 2A 0E 50 4C 1D 30 75 30 75 00 00
2026-03-15T14:10:33.472760,90.575,can0  040  [04]  34 00 0A 00
2026-03-15T14:10:33.474193,90.577,can0  041  [04]  10 01 07 00
2026-03-15T14:10:33.474285,90.577,can0  040  [04]  34 00 0A 00
2026-03-15T14:10:33.475053,90.577,can0  204  [16]  28 58 C8 44 56 2A E8 50 4C 1D 30 75 30 75 00 00
2026-03-15T14:10:33.572067,90.674,can0  204  [16]  28 58 C8 44 56 2A E8 50 4C 1D 30 75 30 75 00 00
2026-03-15T14:10:33.572467,90.675,can0  206  [24]  8F 0C A8 05 77 0C D5 EF 92 05 9B 0C 7B 0C 00 00 00 00 00 00 00 00 00 00
2026-03-15T14:10:33.573900,90.676,can0  070  [20]  F6 2A 4D 08 EB B0 62 03 E8 80 00 00 0A 15 00 00 16 00 00 00
2026-03-15T14:10:33.673254,90.776,can0  070  [20]  F6 2A 4D 08 EB B0 62 03 E8 80 00 00 0A 15 00 00 15 00 00 00
2026-03-15T14:10:33.673649,90.776,can0  204  [16]  28 58 C8 44 52 2A 5D 50 4C 1D 30 75 30 75 00 00
2026-03-15T14:10:33.673968,90.776,can0  204  [16]  28 58 C6 44 52 2A A3 50 4C 1D 30 75 30 75 00 00
2026-03-15T14:10:33.772593,90.875,can0  070  [20]  F6 2A 4D 08 EB B0 62 03 E8 80 00 00 0A 15 00 00 15 00 00 00
2026-03-15T14:10:33.773806,90.876,can0  040  [04]  3E 00 0A 00
2026-03-15T14:10:33.774170,90.877,can0  041  [04]  10 01 07 00
2026-03-15T14:10:33.774585,90.877,can0  204  [16]  28 58 C6 44 52 2A 82 50 4C 1D 30 75 30 75 00 00
2026-03-15T14:10:33.775424,90.878,can0  040  [04]  3E 00 0A 00
2026-03-15T14:10:33.872577,90.975,can0  204  [16]  28 58 C6 44 52 2A 82 50 4C 1D 30 75 30 75 00 00
2026-03-15T14:10:33.872889,90.975,can0  060  [32]  00 00 00 00 00 00 00 00 00 00 00 00 00 00 00 00 00 00 00 00 00 00 00 00 00 00 00 00 00 00 00 00
2026-03-15T14:10:33.873322,90.976,can0  206  [24]  83 0C A6 05 7B 0C C5 EF 8E 05 A7 0C 87 0C 00 00 00 00 00 00 00 00 00 00
2026-03-15T14:10:33.880041,90.982,can0  060  [32]  00 00 00 00 F6 2A 4D 08 40 06 B8 10 00 00 10 0E FF 01 00 00 00 00 00 00 01 00 00 00 00 00 00 00
2026-03-15T14:10:33.880149,90.983,can0  204  [16]  28 58 C7 44 54 2A C2 50 4C 1D 30 75 30 75 00 00
2026-03-15T14:10:33.972121,91.074,can0  204  [16]  28 58 C6 44 52 2A 71 4F 4C 1D 30 75 30 75 00 00
2026-03-15T14:10:33.973162,91.076,can0  040  [04]  4B 00 0A 00
2026-03-15T14:10:33.980329,91.083,can0  041  [04]  1C 01 07 00
2026-03-15T14:10:33.980431,91.083,can0  204  [16]  28 58 C6 44 52 2A 71 4F 4C 1D 30 75 30 75 00 00
2026-03-15T14:10:34.072827,91.175,can0  040  [04]  4B 00 0A 00
2026-03-15T14:10:34.075723,91.178,can0  204  [16]  28 58 C6 44 50 2A 68 50 4C 1D 30 75 30 75 00 00
2026-03-15T14:10:34.172865,91.275,can0  206  [24]  83 0C A1 05 83 0C D5 EF 90 05 93 0C 83 0C 00 00 00 00 00 00 00 00 00 00
2026-03-15T14:10:34.173193,91.276,can0  204  [16]  28 58 C6 44 50 2A 68 50 4C 1D 30 75 30 75 00 00
2026-03-15T14:10:34.173638,91.276,can0  204  [16]  28 58 C6 44 52 2A BB 4F 4C 1D 30 75 30 75 00 00
2026-03-15T14:10:34.273404,91.376,can0  070  [20]  F6 2A 4D 08 EB B0 62 03 E8 80 00 00 0A 15 00 00 15 00 00 00
2026-03-15T14:10:34.274163,91.377,can0  204  [16]  28 58 C6 44 52 2A 4D 50 4C 1D 30 75 30 75 00 00
2026-03-15T14:10:34.275468,91.378,can0  041  [04]  FF 00 06 00
2026-03-15T14:10:34.275540,91.378,can0  040  [04]  4B 00 09 00
2026-03-15T14:10:34.276474,91.379,can0  204  [16]  28 58 C6 44 52 2A 4D 50 4C 1D 30 75 30 75 00 00
2026-03-15T14:10:34.277314,91.380,can0  040  [04]  4B 00 09 00
2026-03-15T14:10:34.336271,91.439,can0  070  [20]  F6 2A 4D 08 EB B0 62 03 E8 80 00 00 0A 15 00 00 15 00 00 00
2026-03-15T14:10:34.336958,91.439,can0  204  [16]  28 58 C7 44 50 2A 3A 4F 4C 1D 30 75 30 75 00 00
2026-03-15T14:10:34.337281,91.440,can0  060  [32]  00 00 00 00 00 00 00 00 00 00 00 00 00 00 00 00 00 00 00 00 00 00 00 00 00 00 00 00 00 00 00 00
2026-03-15T14:10:34.338455,91.441,can0  206  [24]  9B 0C A3 05 7F 0C E4 EF 92 05 9B 0C 6F 0C 00 00 00 00 00 00 00 00 00 00
2026-03-15T14:10:34.338547,91.441,can0  100  [03]  71 58 04
2026-03-15T14:10:34.339462,91.442,can0  110  [02]  7E 1B
2026-03-15T14:10:34.339546,91.442,can0  120  [04]  00 00 00 00
2026-03-15T14:10:34.451760,91.554,can0  204  [16]  28 58 C7 44 50 2A 3A 4F 4C 1D 30 75 30 75 00 00
2026-03-15T14:10:34.452080,91.554,can0  204  [16]  28 58 C8 44 52 2A 50 4F 4C 1D 30 75 30 75 00 00
2026-03-15T14:10:34.566214,91.669,can0  040  [04]  50 00 08 00
2026-03-15T14:10:34.566927,91.669,can0  041  [04]  F0 00 04 00
2026-03-15T14:10:34.567016,91.669,can0  204  [16]  28 58 C8 44 52 2A 50 4F 4C 1D 30 75 30 75 00 00
2026-03-15T14:10:34.569346,91.672,can0  040  [04]  50 00 08 00
2026-03-15T14:10:34.569460,91.672,can0  070  [20]  F4 2A 4D 08 ED B0 62 03 D0 84 00 00 0A 15 00 00 1A 00 00 00
2026-03-15T14:10:34.634301,91.737,can0  204  [16]  28 58 C8 44 52 2A 54 50 4C 1D 30 75 30 75 00 00
2026-03-15T14:10:34.635902,91.738,can0  070  [20]  F4 2A 4D 08 ED B0 62 03 D0 84 00 00 0A 15 00 00 1A 00 00 00
2026-03-15T14:10:34.636667,91.739,can0  206  [24]  83 0C AA 05 83 0C C5 EF 8B 05 8F 0C 83 0C 00 00 00 00 00 00 00 00 00 00
2026-03-15T14:10:34.637011,91.739,can0  204  [16]  28 58 C9 44 54 2A F3 4F 4C 1D 30 75 30 75 00 00
2026-03-15T14:10:34.753355,91.856,can0  204  [16]  28 58 C9 44 54 2A F3 4F 4C 1D 30 75 30 75 00 00
2026-03-15T14:10:34.754959,91.857,can0  070  [20]  F4 2A 4D 08 ED B0 62 03 D0 84 00 00 0A 15 00 00 1A 00 00 00
2026-03-15T14:10:34.756155,91.859,can0  040  [04]  58 00 08 00
2026-03-15T14:10:34.756508,91.859,can0  041  [04]  C4 00 04 00
2026-03-15T14:10:34.759495,91.862,can0  204  [16]  28 58 C9 44 56 2A 6E 50 4C 1D 30 75 30 75 00 00
2026-03-15T14:10:34.872752,91.975,can0  040  [04]  58 00 08 00
2026-03-15T14:10:34.873504,91.976,can0  204  [16]  28 58 CB 44 54 2A D2 4F 4C 1D 30 75 30 75 00 00
2026-03-15T14:10:34.875157,91.978,can0  060  [32]  00 00 00 00 F4 2A 4D 08 41 06 B8 10 00 00 10 0E FF 01 00 00 00 00 00 00 01 00 00 00 00 00 00 00
2026-03-15T14:10:34.935113,92.037,can0  204  [16]  28 58 CB 44 54 2A D2 4F 4C 1D 30 75 30 75 00 00
2026-03-15T14:10:34.935572,92.038,can0  206  [24]  93 0C A8 05 83 0C D5 EF 90 05 8F 0C 77 0C 00 00 00 00 00 00 00 00 00 00
2026-03-15T14:10:34.935950,92.038,can0  204  [16]  28 58 CB 44 52 2A 96 50 4C 1D 30 75 30 75 00 00
2026-03-15T14:10:35.058473,92.161,can0  204  [16]  28 58 CB 44 52 2A 96 50 4C 1D 30 75 30 75 00 00
2026-03-15T14:10:35.058600,92.161,can0  040  [04]  58 00 0A 00
2026-03-15T14:10:35.064365,92.167,can0  041  [04]  B5 00 06 00
2026-03-15T14:10:35.064476,92.167,can0  204  [16]  28 58 CA 44 52 2A 62 50 4C 1D 30 75 30 75 00 00
2026-03-15T14:10:35.178569,92.281,can0  040  [04]  58 00 0A 00
2026-03-15T14:10:35.179527,92.282,can0  204  [16]  28 58 C9 44 52 2A 5F 50 4C 1D 30 75 30 75 00 00
2026-03-15T14:10:35.179960,92.282,can0  206  [24]  8B 0C AA 05 7F 0C E4 EF 92 05 93 0C 7F 0C 00 00 00 00 00 00 00 00 00 00
2026-03-15T14:10:35.242248,92.345,can0  204  [16]  28 58 C9 44 52 2A 5F 50 4C 1D 30 75 30 75 00 00
2026-03-15T14:10:35.243868,92.346,can0  070  [20]  F4 2A 4D 08 ED B0 62 03 D0 84 00 00 0A 15 00 00 1A 00 00 00
2026-03-15T14:10:35.249288,92.352,can0  204  [16]  28 58 C9 44 52 2A 5B 50 4C 1D 30 75 30 75 00 00
2026-03-15T14:10:35.361205,92.464,can0  041  [04]  C1 00 06 00
2026-03-15T14:10:35.361374,92.464,can0  070  [20]  F4 2A 4D 08 ED B0 62 03 D0 84 00 00 0A 15 00 00 1A 00 00 00
2026-03-15T14:10:35.362470,92.465,can0  040  [04]  58 00 0A 00
2026-03-15T14:10:35.362990,92.465,can0  204  [16]  28 58 C9 44 52 2A 5B 50 4C 1D 30 75 30 75 00 00
2026-03-15T14:10:35.364336,92.467,can0  060  [32]  00 00 00 00 00 00 00 00 00 00 00 00 00 00 00 00 00 00 00 00 00 00 00 00 00 00 00 00 00 00 00 00
2026-03-15T14:10:35.364438,92.467,can0  040  [04]  58 00 0A 00
2026-03-15T14:10:35.364961,92.467,can0  204  [16]  28 58 C9 44 52 2A 64 50 4C 1D 30 75 30 75 00 00
2026-03-15T14:10:35.441650,92.544,can0  206  [24]  8B 0C AC 05 83 0C C5 EF 90 05 8B 0C 7F 0C 00 00 00 00 00 00 00 00 00 00
2026-03-15T14:10:35.441912,92.544,can0  204  [16]  28 58 C8 44 54 2A 79 50 4C 1D 30 75 30 75 00 00
2026-03-15T14:10:35.571929,92.674,can0  204  [16]  28 58 C8 44 54 2A 79 50 4C 1D 30 75 30 75 00 00
2026-03-15T14:10:35.573154,92.676,can0  041  [04]  C4 00 04 00
2026-03-15T14:10:35.573289,92.676,can0  040  [04]  58 00 0A 00
2026-03-15T14:10:35.573684,92.676,can0  204  [16]  28 58 C8 44 56 2A ED 50 4C 1D 30 75 30 75 00 00
2026-03-15T14:10:35.576352,92.679,can0  100  [03]  6A 58 04
2026-03-15T14:10:35.576442,92.679,can0  120  [04]  00 00 00 00
2026-03-15T14:10:35.576512,92.679,can0  070  [20]  F4 2A 4D 08 ED B0 62 03 B8 88 00 00 0A 15 00 00 1F 00 00 00
2026-03-15T14:10:35.673648,92.776,can0  070  [20]  F4 2A 4D 08 ED B0 62 03 B8 88 00 00 0A 15 00 00 1F 00 00 00
2026-03-15T14:10:35.674864,92.777,can0  040  [04]  58 00 0A 00
2026-03-15T14:10:35.675689,92.778,can0  204  [16]  28 58 C7 44 54 2A 71 51 4C 1D 30 75 30 75 00 00
2026-03-15T14:10:35.676063,92.778,can0  206  [24]  8B 0C AC 05 83 0C D5 EF 90 05 97 0C 7B 0C 00 00 00 00 00 00 00 00 00 00
2026-03-15T14:10:35.772255,92.875,can0  204  [16]  28 58 C7 44 54 2A 71 51 4C 1D 30 75 30 75 00 00
2026-03-15T14:10:35.773401,92.876,can0  070  [20]  F4 2A 4D 08 ED B0 62 03 B8 88 00 00 0A 15 00 00 1F 00 00 00
2026-03-15T14:10:35.774127,92.876,can0  204  [16]  28 58 C6 44 58 2A A1 50 4C 1D 30 75 30 75 00 00
2026-03-15T14:10:35.872507,92.975,can0  204  [16]  28 58 C6 44 58 2A A1 50 4C 1D 30 75 30 75 00 00
2026-03-15T14:10:35.873362,92.976,can0  040  [04]  58 00 0A 00
2026-03-15T14:10:35.874335,92.977,can0  041  [04]  D1 00 07 00
2026-03-15T14:10:35.874423,92.977,can0  060  [32]  00 00 00 00 00 00 00 00 00 00 00 00 00 00 00 00 00 00 00 00 00 00 00 00 00 00 00 00 00 00 00 00
2026-03-15T14:10:35.875840,92.978,can0  060  [32]  00 00 00 00 F4 2A 4D 08 41 06 B8 10 00 00 10 0E FF 01 00 00 00 00 00 00 01 00 00 00 00 00 00 00
2026-03-15T14:10:35.891923,92.994,can0  040  [04]  58 00 0A 00
2026-03-15T14:10:35.892027,92.994,can0  204  [16]  28 58 C8 44 58 2A 3D 50 4C 1D 30 75 30 75 00 00
2026-03-15T14:10:35.972715,93.075,can0  204  [16]  28 58 C8 44 58 2A 29 51 4C 1D 30 75 30 75 00 00
2026-03-15T14:10:35.973053,93.075,can0  206  [24]  8B 0C A8 05 7B 0C D5 EF 92 05 9B 0C 7F 0C 00 00 00 00 00 00 00 00 00 00
2026-03-15T14:10:35.975391,93.078,can0  110  [02]  7E 1B
2026-03-15T14:10:36.071973,93.174,can0  204  [16]  28 58 C8 44 58 2A 29 51 4C 1D 30 75 30 75 00 00
2026-03-15T14:10:36.072382,93.175,can0  204  [16]  28 58 C9 44 5C 2A 02 51 4C 1D 30 75 30 75 00 00
2026-03-15T14:10:36.073192,93.176,can0  040  [04]  58 00 0B 00
2026-03-15T14:10:36.133692,93.236,can0  041  [04]  BF 00 08 00
2026-03-15T14:10:36.133787,93.236,can0  204  [16]  28 58 C9 44 5C 2A 02 51 4C 1D 30 75 30 75 00 00
2026-03-15T14:10:36.134669,93.237,can0  040  [04]  58 00 0B 00
2026-03-15T14:10:36.146185,93.249,can0  204  [16]  28 58 C9 44 5E 2A C0 50 4C 1D 30 75 30 75 00 00
2026-03-15T14:10:36.273886,93.376,can0  070  [20]  F4 2A 4D 08 ED B0 62 03 B8 88 00 00 0A 15 00 00 1F 00 00 00
2026-03-15T14:10:36.274998,93.377,can0  206  [24]  93 0C AA 05 7B 0C C5 EF 8E 05 8F 0C 7F 0C 00 00 00 00 00 00 00 00 00 00
2026-03-15T14:10:36.275083,93.377,can0  204  [16]  28 58 C9 44 5E 2A 41 50 4C 1D 30 75 30 75 00 00
2026-03-15T14:10:36.372773,93.475,can0  204  [16]  28 58 C9 44 5E 2A 41 50 4C 1D 30 75 30 75 00 00
2026-03-15T14:10:36.374177,93.477,can0  070  [20]  F4 2A 4D 08 ED B0 62 03 B8 88 00 00 0A 15 00 00 1F 00 00 00
2026-03-15T14:10:36.375001,93.477,can0  040  [04]  58 00 0C 00
2026-03-15T14:10:36.375684,93.478,can0  204  [16]  28 58 C9 44 60 2A 9C 50 4C 1D 30 75 30 75 00 00
2026-03-15T14:10:36.376320,93.479,can0  041  [04]  C1 00 0A 00
2026-03-15T14:10:36.376711,93.479,can0  060  [32]  00 00 00 00 00 00 00 00 00 00 00 00 00 00 00 00 00 00 00 00 00 00 00 00 00 00 00 00 00 00 00 00
2026-03-15T14:10:36.471997,93.574,can0  204  [16]  28 58 C9 44 60 2A 9C 50 4C 1D 30 75 30 75 00 00
2026-03-15T14:10:36.472857,93.575,can0  040  [04]  58 00 0C 00
2026-03-15T14:10:36.473311,93.576,can0  132  [00]
2026-03-15T14:10:36.473727,93.576,can0  204  [16]  28 58 C9 44 60 2A FB 4F 4C 1D 30 75 30 75 00 00
2026-03-15T14:10:36.474345,93.577,can0  206  [24]  8F 0C A6 05 77 0C C5 EF 92 05 9F 0C 7B 0C 00 00 00 00 00 00 00 00 00 00
2026-03-15T14:10:36.572285,93.675,can0  204  [16]  28 58 C9 44 60 2A FB 4F 4C 1D 30 75 30 75 00 00
2026-03-15T14:10:36.573441,93.676,can0  070  [20]  F4 2A 4D 08 EE B0 62 03 A0 8C 00 00 0A 15 00 00 1F 00 00 00
2026-03-15T14:10:36.672771,93.775,can0  204  [16]  28 58 C8 44 60 2A 37 51 4C 1D 30 75 30 75 00 00
2026-03-15T14:10:36.673918,93.776,can0  070  [20]  F4 2A 4D 08 EE B0 62 03 A0 8C 00 00 0A 15 00 00 20 00 00 00
2026-03-15T14:10:36.674362,93.777,can0  041  [04]  D1 00 09 00
2026-03-15T14:10:36.675161,93.778,can0  040  [04]  58 00 0B 00
2026-03-15T14:10:36.675564,93.778,can0  204  [16]  28 58 C8 44 5C 2A D4 4F 4C 1D 30 75 30 75 00 00
2026-03-15T14:10:36.676380,93.779,can0  040  [04]  58 00 0B 00
2026-03-15T14:10:36.773087,93.875,can0  070  [20]  F4 2A 4D 08 EE B0 62 03 A0 8C 00 00 0A 15 00 00 20 00 00 00
2026-03-15T14:10:36.773948,93.876,can0  204  [16]  28 58 C8 44 5E 2A 07 50 4C 1D 30 75 30 75 00 00
2026-03-15T14:10:36.774300,93.877,can0  206  [24]  87 0C A8 05 7B 0C D5 EF 8E 05 97 0C 7F 0C 00 00 00 00 00 00 00 00 00 00
2026-03-15T14:10:36.775039,93.877,can0  100  [03]  67 58 04
2026-03-15T14:10:36.775717,93.878,can0  120  [04]  00 00 00 00
2026-03-15T14:10:36.776160,93.879,can0  204  [16]  28 58 C8 44 5E 2A 07 50 4C 1D 30 75 30 75 00 00
2026-03-15T14:10:36.872233,93.975,can0  133  [00]
2026-03-15T14:10:36.872611,93.975,can0  204  [16]  28 58 C8 44 5A 2A 7C 50 4C 1D 30 75 30 75 00 00
2026-03-15T14:10:36.873759,93.976,can0  060  [32]  00 00 00 00 F4 2A 4D 08 43 06 B8 10 00 00 10 0E FF 01 00 00 00 00 00 00 01 00 00 00 00 00 00 00
2026-03-15T14:10:36.972831,94.075,can0  040  [04]  58 00 0B 00
2026-03-15T14:10:36.973212,94.076,can0  041  [04]  CC 00 09 00
2026-03-15T14:10:36.974566,94.077,can0  204  [16]  28 58 C8 44 5A 2A 7C 50 4C 1D 30 75 30 75 00 00
2026-03-15T14:10:36.974664,94.077,can0  040  [04]  58 00 0B 00
2026-03-15T14:10:36.974924,94.077,can0  204  [16]  28 58 C8 44 58 2A 45 50 4C 1D 30 75 30 75 00 00
2026-03-15T14:10:37.072033,94.174,can0  206  [24]  8B 0C AC 05 7B 0C E4 EF 90 05 8F 0C 7F 0C 00 00 00 00 00 00 00 00 00 00
2026-03-15T14:10:37.072417,94.175,can0  204  [16]  28 58 C8 44 56 2A 28 50 4C 1D 30 75 30 75 00 00
2026-03-15T14:10:37.172154,94.275,can0  204  [16]  28 58 C8 44 56 2A 28 50 4C 1D 30 75 30 75 00 00
2026-03-15T14:10:37.172425,94.275,can0  204  [16]  28 58 C8 44 54 2A A1 50 4C 1D 30 75 30 75 00 00
2026-03-15T14:10:37.173197,94.276,can0  040  [04]  58 00 0C 00
2026-03-15T14:10:37.175998,94.278,can0  041  [04]  B5 00 0A 00
2026-03-15T14:10:37.272881,94.375,can0  070  [20]  F4 2A 4D 08 EE B0 62 03 A0 8C 00 00 0A 15 00 00 20 00 00 00
2026-03-15T14:10:37.273249,94.376,can0  204  [16]  28 58 C8 44 54 2A A1 50 4C 1D 30 75 30 75 00 00
2026-03-15T14:10:37.274006,94.376,can0  040  [04]  58 00 0C 00
2026-03-15T14:10:37.274728,94.377,can0  206  [24]  7F 0C AC 05 87 0C B6 EF 94 05 93 0C 83 0C 00 00 00 00 00 00 00 00 00 00
2026-03-15T14:10:37.275343,94.378,can0  204  [16]  28 58 C8 44 54 2A 0B 51 4C 1D 30 75 30 75 00 00
2026-03-15T14:10:37.373087,94.475,can0  070  [20]  F4 2A 4D 08 EE B0 62 03 A0 8C 00 00 0A 15 00 00 20 00 00 00
2026-03-15T14:10:37.373590,94.476,can0  204  [16]  28 58 C9 44 56 2A A7 50 4C 1D 30 75 30 75 00 00
2026-03-15T14:10:37.373905,94.476,can0  060  [32]  00 00 00 00 00 00 00 00 00 00 00 00 00 00 00 00 00 00 00 00 00 00 00 00 00 00 00 00 00 00 00 00
2026-03-15T14:10:37.472140,94.575,can0  204  [16]  28 58 C9 44 56 2A A7 50 4C 1D 30 75 30 75 00 00
2026-03-15T14:10:37.473398,94.576,can0  040  [04]  58 00 0C 00
2026-03-15T14:10:37.482205,94.585,can0  041  [04]  B5 00 0C 00
2026-03-15T14:10:37.482332,94.585,can0  204  [16]  28 58 C8 44 54 2A C1 50 4C 1D 30 75 30 75 00 00
2026-03-15T14:10:37.482404,94.585,can0  040  [04]  58 00 0C 00
2026-03-15T14:10:37.572427,94.675,can0  204  [16]  28 58 C8 44 54 2A C1 50 4C 1D 30 75 30 75 00 00
2026-03-15T14:10:37.573054,94.675,can0  206  [24]  97 0C AA 05 73 0C D5 EF 90 05 97 0C 7F 0C 00 00 00 00 00 00 00 00 00 00
2026-03-15T14:10:37.573390,94.676,can0  110  [02]  80 1B
2026-03-15T14:10:37.573760,94.676,can0  204  [16]  28 58 C9 44 58 2A B9 4F 4C 1D 30 75 30 75 00 00
2026-03-15T14:10:37.683927,94.786,can0  070  [20]  F4 2A 4D 08 EE B0 62 03 88 90 00 00 0A 15 00 00 16 00 00 00
2026-03-15T14:10:37.685451,94.788,can0  070  [20]  F4 2A 4D 08 EE B0 62 03 88 90 00 00 0A 15 00 00 16 00 00 00
2026-03-15T14:10:37.686187,94.789,can0  204  [16]  28 58 C9 44 5A 2A 13 51 4C 1D 30 75 30 75 00 00
2026-03-15T14:10:37.687175,94.790,can0  040  [04]  58 00 0B 00
2026-03-15T14:10:37.743470,94.846,can0  041  [04]  BE 00 0C 00
2026-03-15T14:10:37.744834,94.847,can0  070  [20]  F4 2A 4D 08 EE B0 62 03 88 90 00 00 0A 15 00 00 16 00 00 00
2026-03-15T14:10:37.745596,94.848,can0  204  [16]  28 58 C9 44 5A 2A 13 51 4C 1D 30 75 30 75 00 00
2026-03-15T14:10:37.746555,94.849,can0  040  [04]  58 00 0B 00
2026-03-15T14:10:37.746954,94.849,can0  204  [16]  28 58 C8 44 58 2A AE 50 4C 1D 30 75 30 75 00 00
2026-03-15T14:10:37.849593,94.952,can0  206  [24]  87 0C A6 05 77 0C C5 EF 92 05 8F 0C 83 0C 00 00 00 00 00 00 00 00 00 00
2026-03-15T14:10:37.852331,94.955,can0  204  [16]  28 58 C8 44 58 2A 79 50 4C 1D 30 75 30 75 00 00
2026-03-15T14:10:37.852428,94.955,can0  060  [32]  00 00 00 00 00 00 00 00 00 00 00 00 00 00 00 00 00 00 00 00 00 00 00 00 00 00 00 00 00 00 00 00
2026-03-15T14:10:37.852493,94.955,can0  204  [16]  28 58 C8 44 58 2A 79 50 4C 1D 30 75 30 75 00 00
2026-03-15T14:10:37.973514,95.076,can0  060  [32]  00 00 00 00 F4 2A 4D 08 43 06 B8 10 00 00 10 0E FF 01 00 00 00 00 00 00 01 00 00 00 00 00 00 00
2026-03-15T14:10:37.974340,95.077,can0  204  [16]  28 58 C6 44 5A 2A 69 50 4C 1D 30 75 30 75 00 00
2026-03-15T14:10:37.974646,95.077,can0  041  [04]  C4 00 0C 00
2026-03-15T14:10:37.975418,95.078,can0  040  [04]  58 00 0A 00
2026-03-15T14:10:37.978805,95.081,can0  100  [03]  65 58 04
2026-03-15T14:10:37.978916,95.081,can0  120  [04]  00 00 00 00
2026-03-15T14:10:38.073437,95.176,can0  040  [04]  58 00 0A 00
2026-03-15T14:10:38.074270,95.177,can0  204  [16]  28 58 C6 44 5A 2A 69 50 4C 1D 30 75 30 75 00 00
2026-03-15T14:10:38.074796,95.177,can0  204  [16]  28 58 C6 44 54 2A 5B 50 4C 1D 30 75 30 75 00 00
2026-03-15T14:10:38.075285,95.178,can0  206  [24]  8B 0C A8 05 7F 0C E4 EF 90 05 97 0C 7F 0C 00 00 00 00 00 00 00 00 00 00
2026-03-15T14:10:38.172079,95.274,can0  204  [16]  28 58 C7 44 52 2A 99 50 4C 1D 30 75 30 75 00 00
2026-03-15T14:10:38.271961,95.374,can0  204  [16]  28 58 C7 44 52 2A 99 50 4C 1D 30 75 30 75 00 00
2026-03-15T14:10:38.272918,95.375,can0  070  [20]  F4 2A 4D 08 EE B0 62 03 88 90 00 00 0A 15 00 00 16 00 00 00
2026-03-15T14:10:38.275217,95.378,can0  040  [04]  58 00 0A 00
2026-03-15T14:10:38.275897,95.378,can0  041  [04]  D1 00 0B 00
2026-03-15T14:10:38.276624,95.379,can0  204  [16]  28 58 C6 44 54 2A 26 50 4C 1D 30 75 30 75 00 00
2026-03-15T14:10:38.277694,95.380,can0  040  [04]  58 00 0A 00
2026-03-15T14:10:38.372722,95.475,can0  204  [16]  28 58 C6 44 54 2A 26 50 4C 1D 30 75 30 75 00 00
2026-03-15T14:10:38.374112,95.476,can0  070  [20]  F4 2A 4D 08 EE B0 62 03 88 90 00 00 0A 15 00 00 16 00 00 00
2026-03-15T14:10:38.374462,95.477,can0  206  [24]  83 0C A6 05 8B 0C D5 EF 90 05 8B 0C 83 0C 00 00 00 00 00 00 00 00 00 00
2026-03-15T14:10:38.374711,95.477,can0  204  [16]  28 58 C6 44 54 2A CA 4F 4C 1D 30 75 30 75 00 00
2026-03-15T14:10:38.472710,95.575,can0  060  [32]  00 00 00 00 00 00 00 00 00 00 00 00 00 00 00 00 00 00 00 00 00 00 00 00 00 00 00 00 00 00 00 00
2026-03-15T14:10:38.472990,95.575,can0  204  [16]  28 58 C6 44 54 2A 77 50 4C 1D 30 75 30 75 00 00
2026-03-15T14:10:38.473855,95.576,can0  040  [04]  47 00 08 00
2026-03-15T14:10:38.571964,95.674,can0  041  [04]  E9 00 0A 00
2026-03-15T14:10:38.572187,95.675,can0  204  [16]  28 58 C6 44 54 2A 77 50 4C 1D 30 75 30 75 00 00
2026-03-15T14:10:38.572987,95.675,can0  040  [04]  47 00 08 00
2026-03-15T14:10:38.573554,95.676,can0  204  [16]  28 58 C6 44 54 2A 77 50 4C 1D 30 75 30 75 00 00
2026-03-15T14:10:38.575136,95.678,can0  070  [20]  F4 2A 4D 08 F0 B0 62 03 70 94 00 00 0A 15 00 00 1A 00 00 00
2026-03-15T14:10:38.672007,95.774,can0  206  [24]  87 0C AC 05 7B 0C B6 EF 90 05 97 0C 87 0C 00 00 00 00 00 00 00 00 00 00
2026-03-15T14:10:38.673218,95.776,can0  070  [20]  F4 2A 4D 08 F0 B0 62 03 70 94 00 00 0A 15 00 00 19 00 00 00
2026-03-15T14:10:38.673789,95.776,can0  204  [16]  28 58 C7 44 56 2A B9 50 4C 1D 30 75 30 75 00 00
2026-03-15T14:10:38.673986,95.776,can0  204  [16]  28 58 C7 44 56 2A B9 50 4C 1D 30 75 30 75 00 00
2026-03-15T14:10:38.772996,95.875,can0  070  [20]  F4 2A 4D 08 F0 B0 62 03 70 94 00 00 0A 15 00 00 19 00 00 00
2026-03-15T14:10:38.773909,95.876,can0  040  [04]  47 00 07 00
2026-03-15T14:10:38.774728,95.877,can0  204  [16]  28 58 C8 44 58 2A 38 50 4C 1D 30 75 30 75 00 00
2026-03-15T14:10:38.775077,95.877,can0  041  [04]  F0 00 0A 00
2026-03-15T14:10:38.872443,95.975,can0  204  [16]  28 58 C8 44 58 2A 38 50 4C 1D 30 75 30 75 00 00
2026-03-15T14:10:38.873268,95.976,can0  040  [04]  47 00 07 00
2026-03-15T14:10:38.876170,95.979,can0  204  [16]  28 58 C9 44 58 2A 76 50 4C 1D 30 75 30 75 00 00
2026-03-15T14:10:38.972553,96.075,can0  206  [24]  87 0C A8 05 5F 0C E4 EF 92 05 BF 0C 7F 0C 00 00 00 00 00 00 00 00 00 00
2026-03-15T14:10:38.972903,96.075,can0  060  [32]  00 00 00 00 00 00 00 00 00 00 00 00 00 00 00 00 00 00 00 00 00 00 00 00 00 00 00 00 00 00 00 00
2026-03-15T14:10:38.974120,96.076,can0  060  [32]  00 00 00 00 F4 2A 4D 08 45 06 B8 10 00 00 10 0E FF 01 00 00 00 00 00 00 01 00 00 00 00 00 00 00
2026-03-15T14:10:38.974748,96.077,can0  204  [16]  28 58 C8 44 56 2A A9 4F 4C 1D 30 75 30 75 00 00
2026-03-15T14:10:38.974960,96.077,can0  204  [16]  28 58 C8 44 56 2A A9 4F 4C 1D 30 75 30 75 00 00
2026-03-15T14:10:39.072077,96.174,can0  041  [04]  F8 00 09 00
2026-03-15T14:10:39.072873,96.175,can0  040  [04]  58 00 05 00
2026-03-15T14:10:39.076920,96.179,can0  204  [16]  28 58 C9 44 54 2A 26 50 4C 1D 30 75 30 75 00 00
2026-03-15T14:10:39.077011,96.179,can0  040  [04]  58 00 05 00
2026-03-15T14:10:39.172896,96.275,can0  204  [16]  28 58 C9 44 54 2A 26 50 4C 1D 30 75 30 75 00 00
2026-03-15T14:10:39.173679,96.276,can0  206  [24]  8B 0C A8 05 7F 0C D5 EF 90 05 A3 0C 7B 0C 00 00 00 00 00 00 00 00 00 00
2026-03-15T14:10:39.175759,96.278,can0  204  [16]  28 58 C9 44 50 2A AB 50 4C 1D 30 75 30 75 00 00
2026-03-15T14:10:39.175845,96.278,can0  100  [03]  62 58 04
2026-03-15T14:10:39.177347,96.280,can0  110  [02]  80 1B
2026-03-15T14:10:39.177427,96.280,can0  120  [04]  00 00 00 00
2026-03-15T14:10:39.278950,96.381,can0  070  [20]  F4 2A 4D 08 F0 B0 62 03 70 94 00 00 0A 15 00 00 19 00 00 00
2026-03-15T14:10:39.279569,96.382,can0  204  [16]  28 58 C8 44 54 2A 66 50 4C 1D 30 75 30 75 00 00
2026-03-15T14:10:39.279812,96.382,can0  204  [16]  28 58 C8 44 54 2A 66 50 4C 1D 30 75 30 75 00 00
2026-03-15T14:10:39.280639,96.383,can0  040  [04]  58 00 05 00
2026-03-15T14:10:39.283726,96.386,can0  041  [04]  F8 00 08 00
2026-03-15T14:10:39.373338,96.476,can0  070  [20]  F4 2A 4D 08 F0 B0 62 03 70 94 00 00 0A 15 00 00 19 00 00 00
2026-03-15T14:10:39.375005,96.477,can0  040  [04]  58 00 05 00
2026-03-15T14:10:39.375729,96.478,can0  204  [16]  28 58 C8 44 56 2A EE 50 4C 1D 30 75 30 75 00 00
2026-03-15T14:10:39.472238,96.575,can0  204  [16]  28 58 C8 44 56 2A EE 50 4C 1D 30 75 30 75 00 00
2026-03-15T14:10:39.472476,96.575,can0  060  [32]  00 00 00 00 00 00 00 00 00 00 00 00 00 00 00 00 00 00 00 00 00 00 00 00 00 00 00 00 00 00 00 00
2026-03-15T14:10:39.472766,96.575,can0  206  [24]  87 0C AA 05 7B 0C C5 EF 92 05 9B 0C 83 0C 00 00 00 00 00 00 00 00 00 00
2026-03-15T14:10:39.472987,96.575,can0  204  [16]  28 58 C8 44 5A 2A EC 4F 4C 1D 30 75 30 75 00 00
2026-03-15T14:10:39.573507,96.676,can0  204  [16]  28 58 C8 44 5A 2A EC 4F 4C 1D 30 75 30 75 00 00
2026-03-15T14:10:39.573610,96.676,can0  040  [04]  58 00 06 00
2026-03-15T14:10:39.575739,96.678,can0  041  [04]  F0 00 08 00
2026-03-15T14:10:39.575847,96.678,can0  070  [20]  F3 2A 4D 08 F0 B0 62 03 58 98 00 00 0A 15 00 00 25 00 00 00
2026-03-15T14:10:39.673350,96.776,can0  070  [20]  F3 2A 4D 08 F0 B0 62 03 58 98 00 00 0A 15 00 00 25 00 00 00
2026-03-15T14:10:39.673986,96.776,can0  204  [16]  28 58 C9 44 56 2A C9 4F 4C 1D 30 75 30 75 00 00
2026-03-15T14:10:39.677775,96.780,can0  040  [04]  58 00 06 00
2026-03-15T14:10:39.677869,96.780,can0  204  [16]  28 58 C9 44 5A 2A E8 4E 4C 1D 30 75 30 75 00 00
2026-03-15T14:10:39.772792,96.875,can0  206  [24]  83 0C A6 05 77 0C C5 EF 92 05 97 0C 87 0C 00 00 00 00 00 00 00 00 00 00
2026-03-15T14:10:39.780499,96.883,can0  070  [20]  F3 2A 4D 08 F0 B0 62 03 58 98 00 00 0A 15 00 00 25 00 00 00
2026-03-15T14:10:39.781012,96.883,can0  204  [16]  28 58 C9 44 5A 2A 1B 4F 4C 1D 30 75 30 75 00 00
2026-03-15T14:10:39.783597,96.886,can0  204  [16]  28 58 C9 44 5A 2A 1B 4F 4C 1D 30 75 30 75 00 00
2026-03-15T14:10:39.872482,96.975,can0  040  [04]  58 00 07 00
2026-03-15T14:10:39.872853,96.975,can0  041  [04]  F3 00 07 00
2026-03-15T14:10:39.876582,96.979,can0  204  [16]  28 58 C9 44 56 2A C2 4E 4C 1D 30 75 30 75 00 00
2026-03-15T14:10:39.876659,96.979,can0  040  [04]  58 00 07 00
2026-03-15T14:10:39.972719,97.075,can0  204  [16]  28 58 C9 44 56 2A C2 4E 4C 1D 30 75 30 75 00 00
2026-03-15T14:10:39.973995,97.076,can0  060  [32]  00 00 00 00 F3 2A 4D 08 45 06 B8 10 00 00 10 0E FF 01 00 00 00 00 00 00 01 00 00 00 00 00 00 00
2026-03-15T14:10:39.974726,97.077,can0  206  [24]  8F 0C A3 05 7B 0C C5 EF 92 05 93 0C 7B 0C 00 00 00 00 00 00 00 00 00 00
2026-03-15T14:10:39.975084,97.077,can0  204  [16]  28 58 C8 44 58 2A 15 50 4C 1D 30 75 30 75 00 00
2026-03-15T14:10:40.072536,97.175,can0  204  [16]  28 58 C8 44 58 2A DE 4E 4C 1D 30 75 30 75 00 00
2026-03-15T14:10:40.072863,97.175,can0  041  [04]  E4 00 07 00
2026-03-15T14:10:40.073099,97.175,can0  204  [16]  28 58 C8 44 58 2A DE 4E 4C 1D 30 75 30 75 00 00
2026-03-15T14:10:40.173009,97.275,can0  040  [04]  62 00 08 00
2026-03-15T14:10:40.174053,97.276,can0  040  [04]  62 00 08 00
2026-03-15T14:10:40.177158,97.280,can0  204  [16]  28 58 C9 44 5A 2A 37 51 4C 1D 30 75 30 75 00 00
2026-03-15T14:10:40.273593,97.376,can0  070  [20]  F3 2A 4D 08 F0 B0 62 03 58 98 00 00 0A 15 00 00 25 00 00 00
2026-03-15T14:10:40.273972,97.376,can0  204  [16]  28 58 C9 44 5A 2A 37 51 4C 1D 30 75 30 75 00 00
2026-03-15T14:10:40.274366,97.377,can0  206  [24]  7F 0C AA 05 7F 0C A6 EF 92 05 97 0C 87 0C 00 00 00 00 00 00 00 00 00 00
2026-03-15T14:10:40.274783,97.377,can0  204  [16]  28 58 C8 44 58 2A 20 51 4C 1D 30 75 30 75 00 00
2026-03-15T14:10:40.372903,97.475,can0  070  [20]  F3 2A 4D 08 F0 B0 62 03 58 98 00 00 0A 15 00 00 25 00 00 00
2026-03-15T14:10:40.373633,97.476,can0  204  [16]  28 58 C8 44 54 2A 93 51 4C 1D 30 75 30 75 00 00
2026-03-15T14:10:40.373854,97.476,can0  041  [04]  E4 00 07 00
2026-03-15T14:10:40.374489,97.477,can0  040  [04]  61 00 0A 00
2026-03-15T14:10:40.376082,97.478,can0  100  [03]  64 58 04
2026-03-15T14:10:40.376175,97.479,can0  120  [04]  00 00 00 00
2026-03-15T14:10:40.376442,97.479,can0  204  [16]  28 58 C8 44 54 2A 93 51 4C 1D 30 75 30 75 00 00
2026-03-15T14:10:40.473047,97.575,can0  040  [04]  61 00 0A 00
2026-03-15T14:10:40.473637,97.576,can0  060  [32]  00 00 00 00 00 00 00 00 00 00 00 00 00 00 00 00 00 00 00 00 00 00 00 00 00 00 00 00 00 00 00 00
2026-03-15T14:10:40.476535,97.579,can0  204  [16]  28 58 C8 44 54 2A 80 52 4C 1D 30 75 30 75 00 00
2026-03-15T14:10:40.572214,97.675,can0  206  [24]  87 0C A1 05 83 0C D5 EF 90 05 93 0C 83 0C 00 00 00 00 00 00 00 00 00 00
2026-03-15T14:10:40.572971,97.675,can0  204  [16]  28 58 C8 44 54 2A 80 52 4C 1D 30 75 30 75 00 00
2026-03-15T14:10:40.574463,97.677,can0  070  [20]  F3 2A 4D 08 F2 B0 62 03 40 9C 00 00 0A 15 00 00 1E 00 00 00
2026-03-15T14:10:40.574801,97.677,can0  204  [16]  28 58 C7 44 58 2A E7 52 4C 1D 30 75 30 75 00 00
2026-03-15T14:10:40.673247,97.776,can0  070  [20]  F3 2A 4D 08 F2 B0 62 03 40 9C 00 00 0A 15 00 00 1D 00 00 00
2026-03-15T14:10:40.673931,97.776,can0  040  [04]  65 00 0B 00
2026-03-15T14:10:40.674240,97.777,can0  041  [04]  DE 00 07 00
2026-03-15T14:10:40.674779,97.777,can0  204  [16]  28 58 C7 44 5C 2A 8B 4F 4C 1D 30 75 30 75 00 00
2026-03-15T14:10:40.678101,97.780,can0  040  [04]  65 00 0B 00
2026-03-15T14:10:40.775677,97.878,can0  204  [16]  28 58 C7 44 5C 2A 8B 4F 4C 1D 30 75 30 75 00 00
2026-03-15T14:10:40.777061,97.879,can0  070  [20]  F3 2A 4D 08 F2 B0 62 03 40 9C 00 00 0A 15 00 00 1D 00 00 00
2026-03-15T14:10:40.777803,97.880,can0  204  [16]  28 58 C9 44 5E 2A 71 4C 4C 1D 30 75 30 75 00 00
2026-03-15T14:10:40.778233,97.881,can0  206  [24]  87 0C AA 05 7F 0C C5 EF 94 05 93 0C 83 0C 00 00 00 00 00 00 00 00 00 00
2026-03-15T14:10:40.778471,97.881,can0  110  [02]  80 1B
2026-03-15T14:10:40.875161,97.978,can0  204  [16]  28 58 C9 44 5A 2A 27 4D 4C 1D 30 75 30 75 00 00
2026-03-15T14:10:40.875796,97.978,can0  040  [04]  63 00 0C 00
2026-03-15T14:10:40.878921,97.981,can0  204  [16]  28 58 C9 44 5A 2A 27 4D 4C 1D 30 75 30 75 00 00
2026-03-15T14:10:40.879004,97.981,can0  041  [04]  EB 00 07 00
2026-03-15T14:10:40.972142,98.075,can0  060  [32]  00 00 00 00 00 00 00 00 00 00 00 00 00 00 00 00 00 00 00 00 00 00 00 00 00 00 00 00 00 00 00 00
2026-03-15T14:10:40.973266,98.076,can0  060  [32]  00 00 00 00 F3 2A 4D 08 46 06 B8 10 00 00 10 0E FF 01 00 00 00 00 00 00 01 00 00 00 00 00 00 00
2026-03-15T14:10:40.974399,98.077,can0  040  [04]  63 00 0C 00
2026-03-15T14:10:40.977455,98.080,can0  204  [16]  28 58 C9 44 58 2A 90 4C 4C 1D 30 75 30 75 00 00
2026-03-15T14:10:41.072411,98.175,can0  204  [16]  28 58 C9 44 58 2A 90 4C 4C 1D 30 75 30 75 00 00
2026-03-15T14:10:41.072709,98.175,can0  206  [24]  87 0C AA 05 7B 0C E4 EF 92 05 93 0C 83 0C 00 00 00 00 00 00 00 00 00 00
2026-03-15T14:10:41.072931,98.175,can0  204  [16]  28 58 C9 44 58 2A 7D 4D 4C 1D 30 75 30 75 00 00
2026-03-15T14:10:41.172719,98.275,can0  204  [16]  28 58 C9 44 56 2A 21 4E 4C 1D 30 75 30 75 00 00
2026-03-15T14:10:41.176886,98.279,can0  040  [04]  63 00 0C 00
2026-03-15T14:10:41.176982,98.279,can0  041  [04]  F8 00 08 00
2026-03-15T14:10:41.177049,98.279,can0  204  [16]  28 58 C9 44 56 2A 21 4E 4C 1D 30 75 30 75 00 00
2026-03-15T14:10:41.272861,98.375,can0  070  [20]  F3 2A 4D 08 F2 B0 62 03 40 9C 00 00 0A 15 00 00 1D 00 00 00
2026-03-15T14:10:41.277031,98.379,can0  040  [04]  63 00 0C 00
2026-03-15T14:10:41.277106,98.379,can0  204  [16]  28 58 C9 44 5A 2A 95 4E 4C 1D 30 75 30 75 00 00
2026-03-15T14:10:41.372200,98.475,can0  204  [16]  28 58 C9 44 5A 2A 95 4E 4C 1D 30 75 30 75 00 00
2026-03-15T14:10:41.372621,98.475,can0  206  [24]  9B 0C AC 05 73 0C D5 EF 90 05 8F 0C 7B 0C 00 00 00 00 00 00 00 00 00 00
2026-03-15T14:10:41.374132,98.477,can0  070  [20]  F3 2A 4D 08 F2 B0 62 03 40 9C 00 00 0A 15 00 00 1D 00 00 00
2026-03-15T14:10:41.374529,98.477,can0  204  [16]  28 58 C9 44 56 2A AA 4D 4C 1D 30 75 30 75 00 00
2026-03-15T14:10:41.471845,98.574,can0  041  [04]  00 01 07 00
2026-03-15T14:10:41.472618,98.575,can0  040  [04]  68 00 0C 00
2026-03-15T14:10:41.473019,98.575,can0  204  [16]  28 58 CA 44 5C 2A 45 4E 4C 1D 30 75 30 75 00 00
2026-03-15T14:10:41.473367,98.576,can0  060  [32]  00 00 00 00 00 00 00 00 00 00 00 00 00 00 00 00 00 00 00 00 00 00 00 00 00 00 00 00 00 00 00 00
2026-03-15T14:10:41.474003,98.576,can0  040  [04]  68 00 0C 00
2026-03-15T14:10:41.474434,98.577,can0  204  [16]  28 58 CA 44 5C 2A 45 4E 4C 1D 30 75 30 75 00 00
2026-03-15T14:10:41.572786,98.675,can0  204  [16]  28 58 CA 44 5C 2A 45 4E 4C 1D 30 75 30 75 00 00
2026-03-15T14:10:41.575105,98.677,can0  070  [20]  F3 2A 4D 08 F2 B0 62 03 28 A0 00 00 0A 15 00 00 16 00 00 00
2026-03-15T14:10:41.577065,98.679,can0  206  [24]  8F 0C AA 05 7B 0C D5 EF 8B 05 97 0C 7F 0C 00 00 00 00 00 00 00 00 00 00
2026-03-15T14:10:41.577163,98.680,can0  100  [03]  63 58 04
2026-03-15T14:10:41.577838,98.680,can0  120  [04]  00 00 00 00
2026-03-15T14:10:41.673263,98.776,can0  070  [20]  F3 2A 4D 08 F2 B0 62 03 28 A0 00 00 0A 15 00 00 16 00 00 00
2026-03-15T14:10:41.674468,98.777,can0  204  [16]  28 58 CA 44 5E 2A 78 4F 4C 1D 30 75 30 75 00 00
2026-03-15T14:10:41.675781,98.778,can0  070  [20]  F3 2A 4D 08 F2 B0 62 03 28 A0 00 00 0A 15 00 00 16 00 00 00
2026-03-15T14:10:41.676467,98.779,can0  040  [04]  65 00 0B 00
2026-03-15T14:10:41.680166,98.783,can0  204  [16]  28 58 CA 44 5E 2A 78 4F 4C 1D 30 75 30 75 00 00
2026-03-15T14:10:41.680262,98.783,can0  041  [04]  08 01 07 00
2026-03-15T14:10:41.772337,98.875,can0  040  [04]  65 00 0B 00
2026-03-15T14:10:41.773027,98.875,can0  204  [16]  28 58 C9 44 56 2A F8 4E 4C 1D 30 75 30 75 00 00
2026-03-15T14:10:41.872391,98.975,can0  204  [16]  28 58 C9 44 56 2A F8 4E 4C 1D 30 75 30 75 00 00
2026-03-15T14:10:41.872774,98.975,can0  206  [24]  83 0C A8 05 7F 0C E4 EF 90 05 8F 0C 87 0C 00 00 00 00 00 00 00 00 00 00
2026-03-15T14:10:41.873083,98.975,can0  204  [16]  28 58 CB 44 60 2A 37 4F 4C 1D 30 75 30 75 00 00
2026-03-15T14:10:41.972650,99.075,can0  204  [16]  28 58 CA 44 52 2A 04 4E 4C 1D 30 75 30 75 00 00
2026-03-15T14:10:41.973864,99.076,can0  060  [32]  00 00 00 00 F3 2A 4D 08 46 06 B8 10 00 00 10 0E FF 01 00 00 00 00 00 00 01 00 00 00 00 00 00 00
2026-03-15T14:10:41.975060,99.077,can0  040  [04]  62 00 0B 00
2026-03-15T14:10:41.982426,99.085,can0  041  [04]  10 01 07 00
2026-03-15T14:10:41.982534,99.085,can0  204  [16]  28 58 CA 44 52 2A 04 4E 4C 1D 30 75 30 75 00 00
2026-03-15T14:10:42.073058,99.175,can0  040  [04]  62 00 0B 00
2026-03-15T14:10:42.073890,99.176,can0  204  [16]  28 58 CB 44 56 2A 94 4F 4C 1D 30 75 30 75 00 00
2026-03-15T14:10:42.171951,99.274,can0  206  [24]  8F 0C A6 05 7B 0C E4 EF 90 05 9B 0C 7B 0C 00 00 00 00 00 00 00 00 00 00
2026-03-15T14:10:42.172198,99.275,can0  204  [16]  28 58 CB 44 56 2A 94 4F 4C 1D 30 75 30 75 00 00
2026-03-15T14:10:42.172432,99.275,can0  204  [16]  28 58 CB 44 5E 2A 0B 50 4C 1D 30 75 30 75 00 00
2026-03-15T14:10:42.173782,99.276,can0  070  [20]  F3 2A 4D 08 F2 B0 62 03 28 A0 00 00 0A 15 00 00 16 00 00 00
2026-03-15T14:10:42.272996,99.375,can0  040  [04]  6D 00 0B 00
2026-03-15T14:10:42.273468,99.376,can0  041  [04]  24 01 07 00
2026-03-15T14:10:42.273893,99.376,can0  204  [16]  28 58 CB 44 56 2A 4A 4F 4C 1D 30 75 30 75 00 00
2026-03-15T14:10:42.274872,99.377,can0  040  [04]  6D 00 0B 00
2026-03-15T14:10:42.277441,99.380,can0  204  [16]  28 58 CB 44 56 2A 4A 4F 4C 1D 30 75 30 75 00 00
2026-03-15T14:10:42.373706,99.476,can0  070  [20]  F3 2A 4D 08 F2 B0 62 03 28 A0 00 00 0A 15 00 00 16 00 00 00
2026-03-15T14:10:42.375021,99.477,can0  204  [16]  28 58 C9 44 5A 2A 48 4F 4C 1D 30 75 30 75 00 00
2026-03-15T14:10:42.375117,99.477,can0  206  [24]  8B 0C AA 05 7B 0C E4 EF 92 05 93 0C 83 0C 00 00 00 00 00 00 00 00 00 00
2026-03-15T14:10:42.375192,99.478,can0  110  [02]  80 1B
2026-03-15T14:10:42.472330,99.575,can0  204  [16]  28 58 C9 44 5A 2A 48 4F 4C 1D 30 75 30 75 00 00
2026-03-15T14:10:42.472552,99.575,can0  060  [32]  00 00 00 00 00 00 00 00 00 00 00 00 00 00 00 00 00 00 00 00 00 00 00 00 00 00 00 00 00 00 00 00
2026-03-15T14:10:42.472803,99.575,can0  204  [16]  28 58 CA 44 58 2A 5A 4D 4C 1D 30 75 30 75 00 00
2026-03-15T14:10:42.473001,99.575,can0  041  [04]  1C 01 07 00
2026-03-15T14:10:42.473622,99.576,can0  040  [04]  7A 00 0D 00
2026-03-15T14:10:42.572722,99.675,can0  204  [16]  28 58 CA 44 58 2A 5A 4D 4C 1D 30 75 30 75 00 00
2026-03-15T14:10:42.573532,99.676,can0  040  [04]  7A 00 0D 00
2026-03-15T14:10:42.575272,99.678,can0  070  [20]  F1 2A 4D 08 F3 B0 62 03 10 A4 00 00 0A 15 00 00 11 00 00 00
2026-03-15T14:10:42.673299,99.776,can0  070  [20]  F1 2A 4D 08 F3 B0 62 03 10 A4 00 00 0A 15 00 00 11 00 00 00
2026-03-15T14:10:42.674019,99.776,can0  204  [16]  28 58 C9 44 60 2A 11 50 4C 1D 30 75 30 75 00 00
2026-03-15T14:10:42.679560,99.782,can0  206  [24]  8F 0C A6 05 7F 0C C5 EF 90 05 93 0C 7B 0C 00 00 00 00 00 00 00 00 00 00
2026-03-15T14:10:42.679676,99.782,can0  204  [16]  28 58 CB 44 5C 2A CD 4F 4C 1D 30 75 30 75 00 00
2026-03-15T14:10:42.773663,99.876,can0  070  [20]  F1 2A 4D 08 F3 B0 62 03 10 A4 00 00 0A 15 00 00 11 00 00 00
2026-03-15T14:10:42.774145,99.877,can0  204  [16]  28 58 CB 44 50 2A 01 4F 4C 1D 30 75 30 75 00 00
2026-03-15T14:10:42.774521,99.877,can0  041  [04]  09 01 0A 00
2026-03-15T14:10:42.775674,99.878,can0  040  [04]  7A 00 0D 00
2026-03-15T14:10:42.776281,99.879,can0  204  [16]  28 58 CB 44 50 2A 01 4F 4C 1D 30 75 30 75 00 00
2026-03-15T14:10:42.777158,99.880,can0  100  [03]  66 58 04
2026-03-15T14:10:42.777729,99.880,can0  120  [04]  00 00 00 00
2026-03-15T14:10:42.778493,99.881,can0  040  [04]  7A 00 0D 00
2026-03-15T14:10:42.872648,99.975,can0  204  [16]  28 58 CA 44 60 2A 73 4E 4C 1D 30 75 30 75 00 00
2026-03-15T14:10:42.972159,100.075,can0  204  [16]  28 58 CA 44 60 2A 73 4E 4C 1D 30 75 30 75 00 00
2026-03-15T14:10:42.972557,100.075,can0  206  [24]  8B 0C AC 05 87 0C B6 EF 90 05 8F 0C 7F 0C 00 00 00 00 00 00 00 00 00 00
2026-03-15T14:10:42.972859,100.075,can0  060  [32]  00 00 00 00 00 00 00 00 00 00 00 00 00 00 00 00 00 00 00 00 00 00 00 00 00 00 00 00 00 00 00 00
2026-03-15T14:10:42.973190,100.076,can0  204  [16]  28 58 CC 44 52 2A 39 4F 4C 1D 30 75 30 75 00 00
2026-03-15T14:10:42.974528,100.077,can0  060  [32]  00 00 00 00 F1 2A 4D 08 48 06 B8 10 00 00 10 0E FF 01 00 00 00 00 00 00 01 00 00 00 00 00 00 00
2026-03-15T14:10:43.073004,100.175,can0  040  [04]  7D 00 0C 00
2026-03-15T14:10:43.073515,100.176,can0  041  [04]  02 01 0A 00
2026-03-15T14:10:43.074505,100.177,can0  204  [16]  28 58 C9 44 5E 2A 82 4F 4C 1D 30 75 30 75 00 00
2026-03-15T14:10:43.075442,100.178,can0  040  [04]  7D 00 0C 00
2026-03-15T14:10:43.076070,100.178,can0  204  [16]  28 58 C9 44 5E 2A 82 4F 4C 1D 30 75 30 75 00 00
2026-03-15T14:10:43.172263,100.275,can0  204  [16]  28 58 CB 44 52 2A 6A 4F 4C 1D 30 75 30 75 00 00
2026-03-15T14:10:43.172608,100.275,can0  206  [24]  87 0C A6 05 7F 0C E4 EF 8B 05 97 0C 83 0C 00 00 00 00 00 00 00 00 00 00
2026-03-15T14:10:43.271918,100.374,can0  204  [16]  28 58 CB 44 52 2A 6A 4F 4C 1D 30 75 30 75 00 00
2026-03-15T14:10:43.273289,100.376,can0  070  [20]  F1 2A 4D 08 F3 B0 62 03 10 A4 00 00 0A 15 00 00 11 00 00 00
2026-03-15T14:10:43.274002,100.376,can0  204  [16]  28 58 C8 44 60 2A 0B 4F 4C 1D 30 75 30 75 00 00
2026-03-15T14:10:43.274786,100.377,can0  040  [04]  78 00 0B 00
2026-03-15T14:10:43.278054,100.380,can0  041  [04]  F8 00 08 00
2026-03-15T14:10:43.373751,100.476,can0  070  [20]  F1 2A 4D 08 F3 B0 62 03 10 A4 00 00 0A 15 00 00 11 00 00 00
2026-03-15T14:10:43.374157,100.477,can0  204  [16]  28 58 C9 44 50 2A E7 4F 4C 1D 30 75 30 75 00 00
2026-03-15T14:10:43.379085,100.481,can0  040  [04]  78 00 0B 00
2026-03-15T14:10:43.379172,100.482,can0  204  [16]  28 58 C9 44 50 2A E7 4F 4C 1D 30 75 30 75 00 00
2026-03-15T14:10:43.472237,100.575,can0  206  [24]  8F 0C AA 05 7B 0C B6 EF 92 05 93 0C 7F 0C 00 00 00 00 00 00 00 00 00 00
2026-03-15T14:10:43.472617,100.575,can0  204  [16]  28 58 C8 44 4E 2A 98 50 4C 1D 30 75 30 75 00 00
2026-03-15T14:10:43.472917,100.575,can0  060  [32]  00 00 00 00 00 00 00 00 00 00 00 00 00 00 00 00 00 00 00 00 00 00 00 00 00 00 00 00 00 00 00 00
2026-03-15T14:10:43.572651,100.675,can0  204  [16]  28 58 C8 44 4E 2A 98 50 4C 1D 30 75 30 75 00 00
2026-03-15T14:10:43.573660,100.676,can0  040  [04]  73 00 0A 00
2026-03-15T14:10:43.573749,100.676,can0  041  [04]  EB 00 07 00
2026-03-15T14:10:43.575304,100.678,can0  070  [20]  F1 2A 4D 08 F5 B0 62 03 F8 A7 00 00 0A 15 00 00 18 00 00 00
2026-03-15T14:10:43.576053,100.678,can0  204  [16]  28 58 C9 44 56 2A 9D 4F 4C 1D 30 75 30 75 00 00
2026-03-15T14:10:43.686190,100.789,can0  070  [20]  F1 2A 4D 08 F5 B0 62 03 F8 A7 00 00 0A 15 00 00 19 00 00 00
2026-03-15T14:10:43.687296,100.790,can0  040  [04]  73 00 0A 00
2026-03-15T14:10:43.688905,100.791,can0  204  [16]  28 58 C9 44 4C 2A FC 4F 4C 1D 30 75 30 75 00 00
2026-03-15T14:10:43.689007,100.791,can0  070  [20]  F1 2A 4D 08 F5 B0 62 03 F8 A7 00 00 0A 15 00 00 19 00 00 00
2026-03-15T14:10:43.745152,100.848,can0  204  [16]  28 58 C9 44 4C 2A FC 4F 4C 1D 30 75 30 75 00 00
2026-03-15T14:10:43.745289,100.848,can0  206  [24]  7B 0C A8 05 8B 0C D5 EF 90 05 97 0C 7F 0C 00 00 00 00 00 00 00 00 00 00
2026-03-15T14:10:43.745521,100.848,can0  204  [16]  28 58 C9 44 60 2A A9 4F 4C 1D 30 75 30 75 00 00
2026-03-15T14:10:43.872501,100.975,can0  041  [04]  F8 00 08 00
2026-03-15T14:10:43.873201,100.976,can0  040  [04]  7B 00 0A 00
2026-03-15T14:10:43.873842,100.976,can0  204  [16]  28 58 CA 44 4C 2A 70 4E 4C 1D 30 75 30 75 00 00
2026-03-15T14:10:43.875346,100.978,can0  040  [04]  7B 00 0A 00
2026-03-15T14:10:43.875918,100.978,can0  204  [16]  28 58 CA 44 4C 2A 70 4E 4C 1D 30 75 30 75 00 00
2026-03-15T14:10:43.972117,101.075,can0  204  [16]  28 58 CA 44 5E 2A D4 4D 4C 1D 30 75 30 75 00 00
2026-03-15T14:10:43.973246,101.076,can0  060  [32]  00 00 00 00 F1 2A 4D 08 4A 06 B8 10 00 00 10 0E FF 01 00 00 00 00 00 00 01 00 00 00 00 00 00 00
2026-03-15T14:10:43.973951,101.076,can0  206  [24]  87 0C A8 05 77 0C D5 EF 90 05 9B 0C 83 0C 00 00 00 00 00 00 00 00 00 00
2026-03-15T14:10:43.974577,101.077,can0  100  [03]  6D 58 04
2026-03-15T14:10:43.975381,101.078,can0  110  [02]  7E 1B
2026-03-15T14:10:43.975453,101.078,can0  120  [04]  00 00 00 00
2026-03-15T14:10:44.071895,101.174,can0  204  [16]  28 58 CA 44 5E 2A D4 4D 4C 1D 30 75 30 75 00 00
2026-03-15T14:10:44.072335,101.175,can0  204  [16]  28 58 CA 44 52 2A 87 4F 4C 1D 30 75 30 75 00 00
2026-03-15T14:10:44.073008,101.175,can0  040  [04]  6D 00 0A 00
2026-03-15T14:10:44.082121,101.185,can0  041  [04]  06 01 06 00
2026-03-15T14:10:44.172824,101.275,can0  040  [04]  6D 00 0A 00
2026-03-15T14:10:44.173541,101.276,can0  204  [16]  28 58 CB 44 64 2A A1 4F 4C 1D 30 75 30 75 00 00
2026-03-15T14:10:44.173964,101.276,can0  204  [16]  28 58 CB 44 64 2A A1 4F 4C 1D 30 75 30 75 00 00
2026-03-15T14:10:44.180285,101.283,can0  070  [20]  F1 2A 4D 08 F5 B0 62 03 F8 A7 00 00 0A 15 00 00 19 00 00 00
2026-03-15T14:10:44.289537,101.392,can0  206  [24]  93 0C AA 05 7F 0C C5 EF 8E 05 97 0C 7B 0C 00 00 00 00 00 00 00 00 00 00
2026-03-15T14:10:44.289881,101.392,can0  204  [16]  28 58 CC 44 58 2A 4A 4F 4C 1D 30 75 30 75 00 00
2026-03-15T14:10:44.348034,101.450,can0  204  [16]  28 58 CC 44 58 2A 4A 4F 4C 1D 30 75 30 75 00 00
2026-03-15T14:10:44.349559,101.452,can0  070  [20]  F1 2A 4D 08 F5 B0 62 03 F8 A7 00 00 0A 15 00 00 19 00 00 00
2026-03-15T14:10:44.350546,101.453,can0  040  [04]  6A 00 0B 00
2026-03-15T14:10:44.351288,101.454,can0  041  [04]  10 01 08 00
2026-03-15T14:10:44.352190,101.455,can0  204  [16]  28 58 C9 44 5E 2A DB 4E 4C 1D 30 75 30 75 00 00
2026-03-15T14:10:44.465330,101.568,can0  040  [04]  6A 00 0B 00
2026-03-15T14:10:44.469583,101.572,can0  204  [16]  28 58 CB 44 50 2A A6 4E 4C 1D 30 75 30 75 00 00
2026-03-15T14:10:44.469698,101.572,can0  060  [32]  00 00 00 00 00 00 00 00 00 00 00 00 00 00 00 00 00 00 00 00 00 00 00 00 00 00 00 00 00 00 00 00
2026-03-15T14:10:44.469775,101.572,can0  204  [16]  28 58 CB 44 50 2A A6 4E 4C 1D 30 75 30 75 00 00
2026-03-15T14:10:44.574593,101.677,can0  206  [24]  97 0C A8 05 7F 0C D5 EF 8B 05 97 0C 73 0C 00 00 00 00 00 00 00 00 00 00
2026-03-15T14:10:44.574945,101.677,can0  204  [16]  28 58 CB 44 50 2A A6 4E 4C 1D 30 75 30 75 00 00
2026-03-15T14:10:44.576260,101.679,can0  070  [20]  F1 2A 4D 08 F8 B0 62 03 E0 AB 00 00 0A 15 00 00 3B 00 00 00
2026-03-15T14:10:44.577865,101.680,can0  070  [20]  F1 2A 4D 08 F8 B0 62 03 E0 AB 00 00 0A 15 00 00 3C 00 00 00
2026-03-15T14:10:44.672413,101.775,can0  040  [04]  58 00 0B 00
2026-03-15T14:10:44.674032,101.776,can0  041  [04]  10 01 0B 00
2026-03-15T14:10:44.674418,101.777,can0  204  [16]  28 58 CB 44 4C 2A EE 4E 4C 1D 30 75 30 75 00 00
2026-03-15T14:10:44.676783,101.779,can0  040  [04]  58 00 0B 00
2026-03-15T14:10:44.676844,101.779,can0  204  [16]  28 58 CB 44 4C 2A EE 4E 4C 1D 30 75 30 75 00 00
2026-03-15T14:10:44.773565,101.876,can0  070  [20]  F1 2A 4D 08 F8 B0 62 03 E0 AB 00 00 0A 15 00 00 3C 00 00 00
2026-03-15T14:10:44.781624,101.884,can0  204  [16]  28 58 CA 44 58 2A 55 50 4C 1D 30 75 30 75 00 00
2026-03-15T14:10:44.781990,101.884,can0  206  [24]  8F 0C A6 05 7B 0C C5 EF 90 05 93 0C 7B 0C 00 00 00 00 00 00 00 00 00 00
2026-03-15T14:10:44.784418,101.887,can0  204  [16]  28 58 CA 44 58 2A 55 50 4C 1D 30 75 30 75 00 00
2026-03-15T14:10:44.871919,101.974,can0  204  [16]  28 58 CB 44 4E 2A 0D 4F 4C 1D 30 75 30 75 00 00
2026-03-15T14:10:44.872323,101.975,can0  041  [04]  0A 01 0A 00
2026-03-15T14:10:44.873102,101.975,can0  040  [04]  4D 00 0A 00
2026-03-15T14:10:44.972504,102.075,can0  204  [16]  28 58 CB 44 4E 2A E7 4F 4C 1D 30 75 30 75 00 00
2026-03-15T14:10:44.973334,102.076,can0  040  [04]  4D 00 0A 00
2026-03-15T14:10:44.973804,102.076,can0  060  [32]  00 00 00 00 00 00 00 00 00 00 00 00 00 00 00 00 00 00 00 00 00 00 00 00 00 00 00 00 00 00 00 00
2026-03-15T14:10:44.974466,102.077,can0  204  [16]  28 58 CB 44 4E 2A E7 4F 4C 1D 30 75 30 75 00 00
2026-03-15T14:10:44.976072,102.078,can0  060  [32]  00 00 00 00 F1 2A 4D 08 4D 06 B8 10 00 00 10 0E FF 01 00 00 00 00 00 00 01 00 00 00 00 00 00 00
2026-03-15T14:10:45.072672,102.175,can0  204  [16]  28 58 CA 44 58 2A 14 4E 4C 1D 30 75 30 75 00 00
2026-03-15T14:10:45.072952,102.175,can0  206  [24]  7F 0C A6 05 87 0C 86 EF 90 05 8F 0C 87 0C 00 00 00 00 00 00 00 00 00 00
2026-03-15T14:10:45.073180,102.176,can0  204  [16]  28 58 CA 44 58 2A 14 4E 4C 1D 30 75 30 75 00 00
2026-03-15T14:10:45.172199,102.275,can0  041  [04]  FD 00 07 00
2026-03-15T14:10:45.172914,102.275,can0  040  [04]  47 00 09 00
2026-03-15T14:10:45.174895,102.277,can0  204  [16]  28 58 CC 44 58 2A 5C 4F 4C 1D 30 75 30 75 00 00
2026-03-15T14:10:45.174988,102.277,can0  100  [03]  6B 58 04
2026-03-15T14:10:45.175173,102.278,can0  040  [04]  47 00 09 00
2026-03-15T14:10:45.176162,102.279,can0  120  [04]  00 00 00 00
2026-03-15T14:10:45.273251,102.376,can0  070  [20]  F1 2A 4D 08 F8 B0 62 03 E0 AB 00 00 0A 15 00 00 3C 00 00 00
2026-03-15T14:10:45.274075,102.376,can0  204  [16]  28 58 CB 44 5A 2A DC 50 4C 1D 30 75 30 75 00 00
2026-03-15T14:10:45.274332,102.377,can0  204  [16]  28 58 CB 44 5A 2A DC 50 4C 1D 30 75 30 75 00 00
2026-03-15T14:10:45.373201,102.476,can0  070  [20]  F1 2A 4D 08 F8 B0 62 03 E0 AB 00 00 0A 15 00 00 3C 00 00 00
2026-03-15T14:10:45.374173,102.477,can0  206  [24]  83 0C A6 05 83 0C C5 EF 8B 05 97 0C 83 0C 00 00 00 00 00 00 00 00 00 00
2026-03-15T14:10:45.374499,102.477,can0  204  [16]  28 58 CC 44 4C 2A E0 4F 4C 1D 30 75 30 75 00 00
2026-03-15T14:10:45.374799,102.477,can0  204  [16]  28 58 CC 44 4C 2A E0 4F 4C 1D 30 75 30 75 00 00
2026-03-15T14:10:45.472418,102.575,can0  040  [04]  58 00 0B 00
2026-03-15T14:10:45.473932,102.576,can0  041  [04]  10 01 06 00
2026-03-15T14:10:45.474033,102.576,can0  204  [16]  28 58 C9 44 56 2A 59 4E 4C 1D 30 75 30 75 00 00
2026-03-15T14:10:45.474105,102.576,can0  040  [04]  58 00 0B 00
2026-03-15T14:10:45.476862,102.579,can0  060  [32]  00 00 00 00 00 00 00 00 00 00 00 00 00 00 00 00 00 00 00 00 00 00 00 00 00 00 00 00 00 00 00 00
2026-03-15T14:10:45.572839,102.675,can0  204  [16]  28 58 C9 44 56 2A 59 4E 4C 1D 30 75 30 75 00 00
2026-03-15T14:10:45.574172,102.677,can0  070  [20]  F1 2A 4D 08 FA B0 62 03 C8 AF 00 00 0A 15 00 00 1A 00 00 00
2026-03-15T14:10:45.574597,102.677,can0  206  [24]  8F 0C AA 05 83 0C B6 EF 90 05 8F 0C 7B 0C 00 00 00 00 00 00 00 00 00 00
2026-03-15T14:10:45.574868,102.677,can0  110  [02]  80 1B
2026-03-15T14:10:45.575203,102.678,can0  204  [16]  28 58 CA 44 4E 2A 01 4D 4C 1D 30 75 30 75 00 00
2026-03-15T14:10:45.744518,102.847,can0  070  [20]  F1 2A 4D 08 FA B0 62 03 C8 AF 00 00 0A 15 00 00 19 00 00 00
2026-03-15T14:10:45.744661,102.847,can0  204  [16]  28 58 C9 44 5E 2A 25 4E 4C 1D 30 75 30 75 00 00
2026-03-15T14:10:45.745500,102.848,can0  040  [04]  58 00 0B 00
2026-03-15T14:10:45.757559,102.860,can0  041  [04]  10 01 05 00
2026-03-15T14:10:45.757887,102.860,can0  070  [20]  F1 2A 4D 08 FA B0 62 03 C8 AF 00 00 0A 15 00 00 19 00 00 00
2026-03-15T14:10:45.758161,102.861,can0  204  [16]  28 58 CA 44 5A 2A CA 4D 4C 1D 30 75 30 75 00 00
2026-03-15T14:10:45.758437,102.861,can0  040  [04]  58 00 0B 00
2026-03-15T14:10:45.758699,102.861,can0  204  [16]  28 58 CA 44 5A 2A CA 4D 4C 1D 30 75 30 75 00 00
2026-03-15T14:10:45.864985,102.967,can0  204  [16]  28 58 C8 44 5C 2A FE 4C 4C 1D 30 75 30 75 00 00
2026-03-15T14:10:45.865307,102.968,can0  206  [24]  87 0C AC 05 7B 0C B6 EF 94 05 97 0C 83 0C 00 00 00 00 00 00 00 00 00 00
2026-03-15T14:10:45.865564,102.968,can0  204  [16]  28 58 C8 44 5C 2A FE 4C 4C 1D 30 75 30 75 00 00
2026-03-15T14:10:45.982712,103.085,can0  040  [04]  63 00 0C 00
2026-03-15T14:10:45.984834,103.087,can0  041  [04]  10 01 02 00
2026-03-15T14:10:45.984916,103.087,can0  204  [16]  28 58 C8 44 5A 2A A1 4D 4C 1D 30 75 30 75 00 00
2026-03-15T14:10:45.984960,103.087,can0  060  [32]  00 00 00 00 F1 2A 4D 08 4F 06 B8 10 00 00 10 0E FF 01 00 00 00 00 00 00 01 00 00 00 00 00 00 00
2026-03-15T14:10:45.985997,103.088,can0  040  [04]  63 00 0C 00
2026-03-15T14:10:46.075699,103.178,can0  204  [16]  28 58 C8 44 54 2A 20 4D 4C 1D 30 75 30 75 00 00
2026-03-15T14:10:46.076094,103.178,can0  204  [16]  28 58 C8 44 54 2A 20 4D 4C 1D 30 75 30 75 00 00
2026-03-15T14:10:46.184667,103.287,can0  206  [24]  8F 0C AA 05 7F 0C D5 EF 90 05 93 0C 7B 0C 00 00 00 00 00 00 00 00 00 00
2026-03-15T14:10:46.185008,103.287,can0  204  [16]  28 58 C7 44 56 2A 28 4D 4C 1D 30 75 30 75 00 00
2026-03-15T14:10:46.186469,103.289,can0  070  [20]  F1 2A 4D 08 FA B0 62 03 C8 AF 00 00 0A 15 00 00 19 00 00 00
2026-03-15T14:10:46.187052,103.289,can0  204  [16]  28 58 C7 44 56 2A 28 4D 4C 1D 30 75 30 75 00 00
2026-03-15T14:10:46.286909,103.389,can0  041  [04]  FF 00 02 00
2026-03-15T14:10:46.287629,103.390,can0  040  [04]  63 00 0B 00
2026-03-15T14:10:46.288772,103.391,can0  040  [04]  63 00 0B 00
2026-03-15T14:10:46.288863,103.391,can0  204  [16]  28 58 C6 44 5E 2A 78 4D 4C 1D 30 75 30 75 00 00
2026-03-15T14:10:46.373505,103.476,can0  070  [20]  F1 2A 4D 08 FA B0 62 03 C8 AF 00 00 0A 15 00 00 19 00 00 00
2026-03-15T14:10:46.374277,103.477,can0  204  [16]  28 58 C8 44 4C 2A F5 4D 4C 1D 30 75 30 75 00 00
2026-03-15T14:10:46.374369,103.477,can0  132  [00]
2026-03-15T14:10:46.374416,103.477,can0  206  [24]  93 0C A8 05 7B 0C E4 EF 90 05 93 0C 7B 0C 00 00 00 00 00 00 00 00 00 00
2026-03-15T14:10:46.374676,103.477,can0  204  [16]  28 58 C8 44 4C 2A F5 4D 4C 1D 30 75 30 75 00 00
2026-03-15T14:10:46.375821,103.478,can0  100  [03]  69 58 04
2026-03-15T14:10:46.375930,103.478,can0  120  [04]  00 00 00 00
2026-03-15T14:10:46.472424,103.575,can0  204  [16]  28 58 CA 44 58 2A 63 4E 4C 1D 30 75 30 75 00 00
2026-03-15T14:10:46.473191,103.576,can0  040  [04]  5F 00 0B 00
2026-03-15T14:10:46.476664,103.579,can0  041  [04]  ED 00 06 00
2026-03-15T14:10:46.476757,103.579,can0  060  [32]  00 00 00 00 00 00 00 00 00 00 00 00 00 00 00 00 00 00 00 00 00 00 00 00 00 00 00 00 00 00 00 00
2026-03-15T14:10:46.476829,103.579,can0  204  [16]  28 58 CA 44 58 2A 63 4E 4C 1D 30 75 30 75 00 00
2026-03-15T14:10:46.572895,103.675,can0  040  [04]  5F 00 0B 00
2026-03-15T14:10:46.574804,103.677,can0  070  [20]  EF 2A 4D 08 FC B0 62 03 B0 B3 00 00 0A 15 00 00 2B 00 00 00
2026-03-15T14:10:46.576651,103.679,can0  204  [16]  28 58 C8 44 50 2A 10 4E 4C 1D 30 75 30 75 00 00
2026-03-15T14:10:46.576760,103.679,can0  070  [20]  EF 2A 4D 08 FC B0 62 03 B0 B3 00 00 0A 15 00 00 2B 00 00 00
2026-03-15T14:10:46.672620,103.775,can0  204  [16]  28 58 CB 44 5A 2A A3 4E 4C 1D 30 75 30 75 00 00
2026-03-15T14:10:46.672886,103.775,can0  206  [24]  93 0C A3 05 6F 0C 03 F0 89 05 93 0C 83 0C 00 00 00 00 00 00 00 00 00 00
2026-03-15T14:10:46.673099,103.775,can0  204  [16]  28 58 CB 44 5A 2A A3 4E 4C 1D 30 75 30 75 00 00
2026-03-15T14:10:46.772847,103.875,can0  070  [20]  EF 2A 4D 08 FC B0 62 03 B0 B3 00 00 0A 15 00 00 2B 00 00 00
2026-03-15T14:10:46.773807,103.876,can0  040  [04]  63 00 0C 00
2026-03-15T14:10:46.774461,103.877,can0  041  [04]  F8 00 06 00
2026-03-15T14:10:46.774543,103.877,can0  204  [16]  28 58 CB 44 52 2A AF 4E 4C 1D 30 75 30 75 00 00
2026-03-15T14:10:46.775129,103.877,can0  133  [00]
2026-03-15T14:10:46.775727,103.878,can0  040  [04]  63 00 0C 00
2026-03-15T14:10:46.872594,103.975,can0  204  [16]  28 58 CC 44 56 2A 44 4F 4C 1D 30 75 30 75 00 00
2026-03-15T14:10:46.872886,103.975,can0  204  [16]  28 58 CC 44 56 2A 44 4F 4C 1D 30 75 30 75 00 00
2026-03-15T14:10:46.972219,104.075,can0  206  [24]  8B 0C A8 05 77 0C E4 EF 90 05 97 0C 83 0C 00 00 00 00 00 00 00 00 00 00
2026-03-15T14:10:46.972606,104.075,can0  204  [16]  28 58 CA 44 5A 2A F8 4E 4C 1D 30 75 30 75 00 00
2026-03-15T14:10:46.972912,104.075,can0  204  [16]  28 58 CA 44 5A 2A F8 4E 4C 1D 30 75 30 75 00 00
2026-03-15T14:10:46.973201,104.076,can0  060  [32]  00 00 00 00 00 00 00 00 00 00 00 00 00 00 00 00 00 00 00 00 00 00 00 00 00 00 00 00 00 00 00 00
2026-03-15T14:10:46.974211,104.077,can0  040  [04]  63 00 0C 00
2026-03-15T14:10:47.086625,104.189,can0  041  [04]  FD 00 06 00
2026-03-15T14:10:47.088143,104.191,can0  060  [32]  00 00 00 00 EF 2A 4D 08 50 06 B8 10 00 00 10 0E FF 01 00 00 00 00 00 00 01 00 00 00 00 00 00 00
2026-03-15T14:10:47.088932,104.191,can0  204  [16]  28 58 C9 44 5E 2A 1B 4F 4C 1D 30 75 30 75 00 00
2026-03-15T14:10:47.089800,104.192,can0  040  [04]  63 00 0C 00
2026-03-15T14:10:47.190404,104.293,can0  204  [16]  28 58 CA 44 58 2A 3B 4F 4C 1D 30 75 30 75 00 00
2026-03-15T14:10:47.190655,104.293,can0  204  [16]  28 58 CA 44 58 2A 3B 4F 4C 1D 30 75 30 75 00 00
2026-03-15T14:10:47.190921,104.293,can0  206  [24]  7B 0C A8 05 87 0C C5 EF 90 05 93 0C 87 0C 00 00 00 00 00 00 00 00 00 00
2026-03-15T14:10:47.191155,104.294,can0  110  [02]  80 1B
2026-03-15T14:10:47.192491,104.295,can0  070  [20]  EF 2A 4D 08 FC B0 62 03 B0 B3 00 00 0A 15 00 00 2B 00 00 00
2026-03-15T14:10:47.272790,104.375,can0  204  [16]  28 58 CB 44 52 2A 62 4D 4C 1D 30 75 30 75 00 00
2026-03-15T14:10:47.273113,104.375,can0  041  [04]  08 01 07 00
2026-03-15T14:10:47.273870,104.376,can0  040  [04]  63 00 0E 00
2026-03-15T14:10:47.275910,104.378,can0  204  [16]  28 58 CB 44 52 2A 62 4D 4C 1D 30 75 30 75 00 00
2026-03-15T14:10:47.275980,104.378,can0  070  [20]  EF 2A 4D 08 FC B0 62 03 B0 B3 00 00 0A 15 00 00 2B 00 00 00
2026-03-15T14:10:47.374092,104.476,can0  040  [04]  63 00 0E 00
2026-03-15T14:10:47.374205,104.477,can0  204  [16]  28 58 CB 44 50 2A 7F 4E 4C 1D 30 75 30 75 00 00
2026-03-15T14:10:47.477358,104.580,can0  204  [16]  28 58 CB 44 54 2A DF 4E 4C 1D 30 75 30 75 00 00
2026-03-15T14:10:47.477459,104.580,can0  206  [24]  7B 0C A8 05 77 0C C5 EF 90 05 9B 0C 8F 0C 00 00 00 00 00 00 00 00 00 00
2026-03-15T14:10:47.477716,104.580,can0  204  [16]  28 58 CB 44 54 2A DF 4E 4C 1D 30 75 30 75 00 00
2026-03-15T14:10:47.593517,104.696,can0  060  [32]  00 00 00 00 00 00 00 00 00 00 00 00 00 00 00 00 00 00 00 00 00 00 00 00 00 00 00 00 00 00 00 00
2026-03-15T14:10:47.593880,104.696,can0  204  [16]  28 58 CB 44 54 2A DF 4E 4C 1D 30 75 30 75 00 00
2026-03-15T14:10:47.594201,104.697,can0  041  [04]  10 01 09 00
2026-03-15T14:10:47.595212,104.698,can0  040  [04]  62 00 0F 00
2026-03-15T14:10:47.596774,104.699,can0  070  [20]  EF 2A 4D 08 FC B0 62 03 98 B7 00 00 0A 15 00 00 6A 00 00 00
2026-03-15T14:10:47.597966,104.700,can0  040  [04]  62 00 0F 00
2026-03-15T14:10:47.598610,104.701,can0  100  [03]  6A 58 04
2026-03-15T14:10:47.599558,104.702,can0  120  [04]  00 00 00 00
2026-03-15T14:10:47.682037,104.784,can0  070  [20]  EF 2A 4D 08 FC B0 62 03 98 B7 00 00 0A 15 00 00 69 00 00 00
2026-03-15T14:10:47.682885,104.785,can0  204  [16]  28 58 C9 44 58 2A 10 4E 4C 1D 30 75 30 75 00 00
2026-03-15T14:10:47.683150,104.786,can0  204  [16]  28 58 CA 44 52 2A 8C 4F 4C 1D 30 75 30 75 00 00
2026-03-15T14:10:47.684195,104.787,can0  070  [20]  EF 2A 4D 08 FC B0 62 03 98 B7 00 00 0A 15 00 00 69 00 00 00
2026-03-15T14:10:47.772599,104.875,can0  206  [24]  67 0C A8 05 7F 0C D5 EF 90 05 9F 0C 9F 0C 00 00 00 00 00 00 00 00 00 00
2026-03-15T14:10:47.772848,104.875,can0  204  [16]  28 58 C9 44 52 2A 08 4F 4C 1D 30 75 30 75 00 00
2026-03-15T14:10:47.773074,104.875,can0  204  [16]  28 58 C9 44 52 2A 08 4F 4C 1D 30 75 30 75 00 00
2026-03-15T14:10:47.874048,104.976,can0  040  [04]  58 00 0F 00
2026-03-15T14:10:47.874153,104.977,can0  041  [04]  09 01 09 00
2026-03-15T14:10:47.879530,104.982,can0  040  [04]  58 00 0F 00
2026-03-15T14:10:47.879665,104.982,can0  204  [16]  28 58 CA 44 54 2A A9 4E 4C 1D 30 75 30 75 00 00
2026-03-15T14:10:47.972585,105.075,can0  204  [16]  28 58 C9 44 4E 2A A0 4F 4C 1D 30 75 30 75 00 00
2026-03-15T14:10:47.972895,105.075,can0  204  [16]  28 58 C9 44 4E 2A A0 4F 4C 1D 30 75 30 75 00 00
2026-03-15T14:10:47.973407,105.076,can0  206  [24]  87 0C A8 05 83 0C C5 EF 90 05 7F 0C 7F 0C 00 00 00 00 00 00 00 00 00 00
2026-03-15T14:10:48.073422,105.176,can0  060  [32]  00 00 00 00 EF 2A 4D 08 50 06 B8 10 00 00 10 0E FF 01 00 00 00 00 00 00 01 00 00 00 00 00 00 00
2026-03-15T14:10:48.074189,105.177,can0  204  [16]  28 58 CA 44 5E 2A 8A 4E 4C 1D 30 75 30 75 00 00
2026-03-15T14:10:48.074973,105.177,can0  040  [04]  58 00 0F 00
2026-03-15T14:10:48.078453,105.181,can0  041  [04]  09 01 09 00
2026-03-15T14:10:48.078524,105.181,can0  204  [16]  28 58 CA 44 5E 2A 8A 4E 4C 1D 30 75 30 75 00 00
2026-03-15T14:10:48.172553,105.275,can0  040  [04]  58 00 0F 00
2026-03-15T14:10:48.173498,105.276,can0  204  [16]  28 58 C9 44 4E 2A 04 50 4C 1D 30 75 30 75 00 00
2026-03-15T14:10:48.174850,105.277,can0  070  [20]  EF 2A 4D 08 FC B0 62 03 98 B7 00 00 0A 15 00 00 69 00 00 00
2026-03-15T14:10:48.272027,105.374,can0  204  [16]  28 58 CB 44 5E 2A 56 4F 4C 1D 30 75 30 75 00 00
2026-03-15T14:10:48.272401,105.375,can0  206  [24]  87 0C AE 05 87 0C C5 EF 92 05 97 0C 7B 0C 00 00 00 00 00 00 00 00 00 00
2026-03-15T14:10:48.272732,105.375,can0  204  [16]  28 58 CB 44 5E 2A 56 4F 4C 1D 30 75 30 75 00 00
2026-03-15T14:10:48.373357,105.476,can0  070  [20]  EF 2A 4D 08 FC B0 62 03 98 B7 00 00 0A 15 00 00 69 00 00 00
2026-03-15T14:10:48.374506,105.477,can0  040  [04]  58 00 0C 00
2026-03-15T14:10:48.379415,105.482,can0  041  [04]  02 01 09 00
2026-03-15T14:10:48.379496,105.482,can0  204  [16]  28 58 CB 44 4E 2A 46 4F 4C 1D 30 75 30 75 00 00
2026-03-15T14:10:48.379536,105.482,can0  040  [04]  58 00 0C 00
2026-03-15T14:10:48.379585,105.482,can0  204  [16]  28 58 CB 44 4E 2A 46 4F 4C 1D 30 75 30 75 00 00
2026-03-15T14:10:48.472543,105.575,can0  204  [16]  28 58 CC 44 54 2A E6 4F 4C 1D 30 75 30 75 00 00
2026-03-15T14:10:48.472840,105.575,can0  206  [24]  8B 0C A3 05 7B 0C C5 EF 92 05 97 0C 7F 0C 00 00 00 00 00 00 00 00 00 00
2026-03-15T14:10:48.572686,105.675,can0  204  [16]  28 58 CC 44 54 2A E6 4F 4C 1D 30 75 30 75 00 00
2026-03-15T14:10:48.572948,105.675,can0  060  [32]  00 00 00 00 00 00 00 00 00 00 00 00 00 00 00 00 00 00 00 00 00 00 00 00 00 00 00 00 00 00 00 00
2026-03-15T14:10:48.574527,105.677,can0  070  [20]  EF 2A 4D 08 FD B0 62 03 80 BB 00 00 0A 15 00 00 1E 00 00 00
2026-03-15T14:10:48.576009,105.678,can0  070  [20]  EF 2A 4D 08 FD B0 62 03 80 BB 00 00 0A 15 00 00 1E 00 00 00
2026-03-15T14:10:48.576798,105.679,can0  204  [16]  28 58 CB 44 4E 2A B3 50 4C 1D 30 75 30 75 00 00
2026-03-15T14:10:48.584103,105.686,can0  041  [04]  FD 00 07 00
2026-03-15T14:10:48.672534,105.775,can0  040  [04]  66 00 0B 00
2026-03-15T14:10:48.673079,105.775,can0  204  [16]  28 58 CC 44 54 2A BE 50 4C 1D 30 75 30 75 00 00
2026-03-15T14:10:48.673917,105.776,can0  040  [04]  66 00 0B 00
2026-03-15T14:10:48.675313,105.778,can0  070  [20]  EF 2A 4D 08 FD B0 62 03 80 BB 00 00 0A 15 00 00 1E 00 00 00
2026-03-15T14:10:48.772731,105.875,can0  204  [16]  28 58 CC 44 54 2A BE 50 4C 1D 30 75 30 75 00 00
2026-03-15T14:10:48.773046,105.875,can0  204  [16]  28 58 CB 44 50 2A 5D 50 4C 1D 30 75 30 75 00 00
2026-03-15T14:10:48.773754,105.876,can0  100  [03]  6A 58 04
2026-03-15T14:10:48.774028,105.876,can0  110  [02]  7F 1B
2026-03-15T14:10:48.774420,105.877,can0  206  [24]  93 0C AA 05 7B 0C D5 EF 90 05 9B 0C 77 0C 00 00 00 00 00 00 00 00 00 00
2026-03-15T14:10:48.774985,105.877,can0  120  [04]  00 00 00 00
2026-03-15T14:10:48.872723,105.975,can0  204  [16]  28 58 CB 44 54 2A 3E 50 4C 1D 30 75 30 75 00 00
2026-03-15T14:10:48.873539,105.976,can0  040  [04]  62 00 0B 00
2026-03-15T14:10:48.873888,105.976,can0  041  [04]  E4 00 04 00
2026-03-15T14:10:48.874255,105.977,can0  204  [16]  28 58 CB 44 54 2A 3E 50 4C 1D 30 75 30 75 00 00
2026-03-15T14:10:48.972968,106.075,can0  040  [04]  62 00 0B 00
2026-03-15T14:10:48.976079,106.078,can0  204  [16]  28 58 CB 44 58 2A 74 4F 4C 1D 30 75 30 75 00 00
2026-03-15T14:10:49.072548,106.175,can0  204  [16]  28 58 CB 44 58 2A 74 4F 4C 1D 30 75 30 75 00 00
2026-03-15T14:10:49.072855,106.175,can0  060  [32]  00 00 00 00 00 00 00 00 00 00 00 00 00 00 00 00 00 00 00 00 00 00 00 00 00 00 00 00 00 00 00 00
2026-03-15T14:10:49.074016,106.176,can0  060  [32]  00 00 00 00 EF 2A 4D 08 52 06 B8 10 00 00 10 0E FF 01 00 00 00 00 00 00 01 00 00 00 00 00 00 00
2026-03-15T14:10:49.074884,106.177,can0  206  [24]  8F 0C A6 05 77 0C E4 EF 8E 05 97 0C 7F 0C 00 00 00 00 00 00 00 00 00 00
2026-03-15T14:10:49.075235,106.178,can0  204  [16]  28 58 CC 44 50 2A 97 4F 4C 1D 30 75 30 75 00 00
2026-03-15T14:10:49.172933,106.275,can0  040  [04]  58 00 0B 00
2026-03-15T14:10:49.173736,106.276,can0  204  [16]  28 58 CB 44 4A 2A CE 4E 4C 1D 30 75 30 75 00 00
2026-03-15T14:10:49.174080,106.276,can0  041  [04]  E4 00 02 00
2026-03-15T14:10:49.174594,106.277,can0  204  [16]  28 58 CB 44 4A 2A CE 4E 4C 1D 30 75 30 75 00 00
2026-03-15T14:10:49.175911,106.278,can0  070  [20]  EF 2A 4D 08 FD B0 62 03 80 BB 00 00 0A 15 00 00 1E 00 00 00
2026-03-15T14:10:49.176731,106.279,can0  040  [04]  58 00 0B 00
2026-03-15T14:10:49.272365,106.375,can0  204  [16]  28 58 CC 44 50 2A 9E 4E 4C 1D 30 75 30 75 00 00
2026-03-15T14:10:49.273492,106.376,can0  070  [20]  EF 2A 4D 08 FD B0 62 03 80 BB 00 00 0A 15 00 00 1E 00 00 00
2026-03-15T14:10:49.372744,106.475,can0  204  [16]  28 58 CC 44 50 2A 9E 4E 4C 1D 30 75 30 75 00 00
2026-03-15T14:10:49.373023,106.475,can0  206  [24]  87 0C A3 05 77 0C B6 EF 92 05 9B 0C 83 0C 00 00 00 00 00 00 00 00 00 00
2026-03-15T14:10:49.373280,106.476,can0  204  [16]  28 58 CC 44 4A 2A B5 4E 4C 1D 30 75 30 75 00 00
2026-03-15T14:10:49.374057,106.476,can0  040  [04]  58 00 0C 00
2026-03-15T14:10:49.374376,106.477,can0  041  [04]  E4 00 04 00
2026-03-15T14:10:49.471823,106.574,can0  204  [16]  28 58 CB 44 56 2A 48 4E 4C 1D 30 75 30 75 00 00
2026-03-15T14:10:49.472596,106.575,can0  040  [04]  58 00 0C 00
2026-03-15T14:10:49.475727,106.578,can0  204  [16]  28 58 CB 44 56 2A 48 4E 4C 1D 30 75 30 75 00 00
2026-03-15T14:10:49.572435,106.675,can0  060  [32]  00 00 00 00 00 00 00 00 00 00 00 00 00 00 00 00 00 00 00 00 00 00 00 00 00 00 00 00 00 00 00 00
2026-03-15T14:10:49.572728,106.675,can0  206  [24]  83 0C AA 05 7B 0C C5 EF 92 05 97 0C 83 0C 00 00 00 00 00 00 00 00 00 00
2026-03-15T14:10:49.573034,106.675,can0  204  [16]  28 58 CB 44 56 2A FD 4D 4C 1D 30 75 30 75 00 00
2026-03-15T14:10:49.574623,106.677,can0  070  [20]  EE 2A 4D 08 FD B0 62 03 68 BF 00 00 0A 15 00 00 1E 00 00 00
2026-03-15T14:10:49.576060,106.678,can0  070  [20]  EE 2A 4D 08 FD B0 62 03 68 BF 00 00 0A 15 00 00 1D 00 00 00
2026-03-15T14:10:49.674492,106.777,can0  204  [16]  28 58 CC 44 50 2A B7 4F 4C 1D 30 75 30 75 00 00
2026-03-15T14:10:49.674878,106.777,can0  041  [04]  E4 00 02 00
2026-03-15T14:10:49.675743,106.778,can0  040  [04]  58 00 0F 00
2026-03-15T14:10:49.678690,106.781,can0  204  [16]  28 58 CC 44 50 2A B7 4F 4C 1D 30 75 30 75 00 00
2026-03-15T14:10:49.773042,106.875,can0  070  [20]  EE 2A 4D 08 FD B0 62 03 68 BF 00 00 0A 15 00 00 1D 00 00 00
2026-03-15T14:10:49.773909,106.876,can0  040  [04]  58 00 0F 00
2026-03-15T14:10:49.781573,106.884,can0  204  [16]  28 58 CE 44 42 2A BD 4E 4C 1D 30 75 30 75 00 00
2026-03-15T14:10:49.781951,106.884,can0  204  [16]  28 58 CE 44 42 2A BD 4E 4C 1D 30 75 30 75 00 00
2026-03-15T14:10:49.872423,106.975,can0  206  [24]  93 0C A8 05 7B 0C 96 EF 8B 05 8F 0C 7B 0C 00 00 00 00 00 00 00 00 00 00
2026-03-15T14:10:49.872792,106.975,can0  204  [16]  28 58 CD 44 52 2A 5A 4E 4C 1D 30 75 30 75 00 00
2026-03-15T14:10:49.971837,107.074,can0  204  [16]  28 58 CB 44 48 2A 13 4E 4C 1D 30 75 30 75 00 00
2026-03-15T14:10:49.972048,107.074,can0  041  [04]  10 01 05 00
2026-03-15T14:10:49.972844,107.075,can0  040  [04]  58 00 0D 00
2026-03-15T14:10:49.975197,107.078,can0  040  [04]  58 00 0D 00
2026-03-15T14:10:49.975313,107.078,can0  204  [16]  28 58 CB 44 48 2A 13 4E 4C 1D 30 75 30 75 00 00
2026-03-15T14:10:49.975382,107.078,can0  100  [03]  71 58 04
2026-03-15T14:10:49.975447,107.078,can0  120  [04]  00 00 00 00
2026-03-15T14:10:50.073126,107.176,can0  060  [32]  00 00 00 00 EE 2A 4D 08 52 06 B8 10 00 00 10 0E FF 01 00 00 00 00 00 00 01 00 00 00 00 00 00 00
2026-03-15T14:10:50.073786,107.176,can0  204  [16]  28 58 CB 44 58 2A 65 4E 4C 1D 30 75 30 75 00 00
2026-03-15T14:10:50.074041,107.176,can0  206  [24]  87 0C A6 05 77 0C A6 EF 8B 05 9B 0C 83 0C 00 00 00 00 00 00 00 00 00 00
2026-03-15T14:10:50.074290,107.177,can0  204  [16]  28 58 CB 44 58 2A 65 4E 4C 1D 30 75 30 75 00 00
2026-03-15T14:10:50.172643,107.275,can0  204  [16]  28 58 CA 44 4A 2A CE 4D 4C 1D 30 75 30 75 00 00
2026-03-15T14:10:50.173689,107.276,can0  040  [04]  65 00 0B 00
2026-03-15T14:10:50.173778,107.276,can0  041  [04]  10 01 06 00
2026-03-15T14:10:50.273289,107.376,can0  070  [20]  EE 2A 4D 08 FD B0 62 03 68 BF 00 00 0A 15 00 00 1D 00 00 00
2026-03-15T14:10:50.273617,107.376,can0  204  [16]  28 58 CB 44 5C 2A 6D 4D 4C 1D 30 75 30 75 00 00
2026-03-15T14:10:50.275313,107.378,can0  040  [04]  65 00 0B 00
2026-03-15T14:10:50.280131,107.383,can0  204  [16]  28 58 CB 44 5C 2A 6D 4D 4C 1D 30 75 30 75 00 00
2026-03-15T14:10:50.379271,107.482,can0  070  [20]  EE 2A 4D 08 FD B0 62 03 68 BF 00 00 0A 15 00 00 1D 00 00 00
2026-03-15T14:10:50.379968,107.482,can0  204  [16]  28 58 CB 44 4A 2A DC 4D 4C 1D 30 75 30 75 00 00
2026-03-15T14:10:50.380354,107.483,can0  206  [24]  8B 0C B5 05 7F 0C B6 EF 90 05 93 0C 7F 0C 00 00 00 00 00 00 00 00 00 00
2026-03-15T14:10:50.380605,107.483,can0  110  [02]  7D 1B
2026-03-15T14:10:50.380905,107.483,can0  204  [16]  28 58 CB 44 4A 2A DC 4D 4C 1D 30 75 30 75 00 00
2026-03-15T14:10:50.472863,107.575,can0  040  [04]  68 00 09 00
2026-03-15T14:10:50.473973,107.576,can0  041  [04]  09 01 09 00
2026-03-15T14:10:50.474086,107.576,can0  204  [16]  28 58 CB 44 6A 2A 8A 4D 4C 1D 30 75 30 75 00 00
2026-03-15T14:10:50.572623,107.675,can0  040  [04]  68 00 09 00
2026-03-15T14:10:50.573105,107.675,can0  204  [16]  28 58 CB 44 6A 2A 8A 4D 4C 1D 30 75 30 75 00 00
2026-03-15T14:10:50.574075,107.676,can0  060  [32]  00 00 00 00 00 00 00 00 00 00 00 00 00 00 00 00 00 00 00 00 00 00 00 00 00 00 00 00 00 00 00 00
2026-03-15T14:10:50.575465,107.678,can0  070  [20]  EE 2A 4D 08 FD B0 62 03 50 C3 00 00 0A 15 00 00 07 00 00 00
2026-03-15T14:10:50.575848,107.678,can0  204  [16]  28 58 CC 44 3E 2A 3B 4D 4C 1D 30 75 30 75 00 00
2026-03-15T14:10:50.674897,107.777,can0  070  [20]  EE 2A 4D 08 FD B0 62 03 50 C3 00 00 0A 15 00 00 07 00 00 00
2026-03-15T14:10:50.675740,107.778,can0  206  [24]  87 0C A8 05 83 0C C5 EF 92 05 7F 0C 83 0C 00 00 00 00 00 00 00 00 00 00
2026-03-15T14:10:50.676044,107.778,can0  204  [16]  28 58 CB 44 62 2A 1A 4D 4C 1D 30 75 30 75 00 00
2026-03-15T14:10:50.677203,107.780,can0  070  [20]  EE 2A 4D 08 FD B0 62 03 50 C3 00 00 0A 15 00 00 07 00 00 00
2026-03-15T14:10:50.785678,107.888,can0  040  [04]  66 00 06 00
2026-03-15T14:10:50.786080,107.888,can0  204  [16]  28 58 C8 44 4E 2A A8 4C 4C 1D 30 75 30 75 00 00
2026-03-15T14:10:50.787437,107.890,can0  041  [04]  10 01 0A 00
2026-03-15T14:10:50.787532,107.890,can0  204  [16]  28 58 C8 44 4E 2A A8 4C 4C 1D 30 75 30 75 00 00
2026-03-15T14:10:50.787595,107.890,can0  040  [04]  66 00 06 00
2026-03-15T14:10:50.899813,108.002,can0  204  [16]  28 58 C9 44 60 2A 9F 4C 4C 1D 30 75 30 75 00 00
2026-03-15T14:10:50.900270,108.003,can0  206  [24]  8B 0C AA 05 83 0C B6 EF 8E 05 9B 0C 7B 0C 00 00 00 00 00 00 00 00 00 00
2026-03-15T14:10:50.907295,108.010,can0  204  [16]  28 58 C9 44 60 2A 9F 4C 4C 1D 30 75 30 75 00 00
2026-03-15T14:10:50.956655,108.059,can0  204  [16]  28 58 CD 44 4E 2A EE 4C 4C 1D 30 75 30 75 00 00
2026-03-15T14:10:50.956865,108.059,can0  041  [04]  10 01 0D 00
2026-03-15T14:10:50.957672,108.060,can0  040  [04]  61 00 08 00
2026-03-15T14:10:51.065471,108.168,can0  204  [16]  28 58 CD 44 3E 2A 28 4D 4C 1D 30 75 30 75 00 00
2026-03-15T14:10:51.065785,108.168,can0  060  [32]  00 00 00 00 00 00 00 00 00 00 00 00 00 00 00 00 00 00 00 00 00 00 00 00 00 00 00 00 00 00 00 00
2026-03-15T14:10:51.066802,108.169,can0  040  [04]  61 00 08 00
2026-03-15T14:10:51.068542,108.171,can0  060  [32]  00 00 00 00 EE 2A 4D 08 52 06 B8 10 00 00 10 0E FF 01 00 00 00 00 00 00 01 00 00 00 00 00 00 00
2026-03-15T14:10:51.074709,108.177,can0  204  [16]  28 58 CD 44 3E 2A 28 4D 4C 1D 30 75 30 75 00 00
2026-03-15T14:10:51.173359,108.276,can0  204  [16]  28 58 CC 44 62 2A 06 4D 4C 1D 30 75 30 75 00 00
2026-03-15T14:10:51.173784,108.276,can0  206  [24]  8F 0C A3 05 6F 0C 12 F0 92 05 9F 0C 7F 0C 00 00 00 00 00 00 00 00 00 00
2026-03-15T14:10:51.174514,108.277,can0  100  [03]  73 58 04
2026-03-15T14:10:51.175095,108.277,can0  120  [04]  00 00 00 00
2026-03-15T14:10:51.176483,108.279,can0  070  [20]  EE 2A 4D 08 FD B0 62 03 50 C3 00 00 0A 15 00 00 07 00 00 00
2026-03-15T14:10:51.176748,108.279,can0  204  [16]  28 58 CC 44 62 2A 06 4D 4C 1D 30 75 30 75 00 00
2026-03-15T14:10:51.272551,108.375,can0  040  [04]  65 00 0B 00
2026-03-15T14:10:51.273737,108.376,can0  204  [16]  28 58 C8 44 4E 2A 2A 4D 4C 1D 30 75 30 75 00 00
2026-03-15T14:10:51.273831,108.376,can0  041  [04]  10 01 0E 00
2026-03-15T14:10:51.373316,108.476,can0  070  [20]  EE 2A 4D 08 FD B0 62 03 50 C3 00 00 0A 15 00 00 07 00 00 00
2026-03-15T14:10:51.374357,108.477,can0  040  [04]  65 00 0B 00
2026-03-15T14:10:51.377100,108.479,can0  204  [16]  28 58 C7 44 62 2A C3 4C 4C 1D 30 75 30 75 00 00
2026-03-15T14:10:51.377185,108.480,can0  204  [16]  28 58 C7 44 62 2A C3 4C 4C 1D 30 75 30 75 00 00
2026-03-15T14:10:51.472482,108.575,can0  206  [24]  8B 0C AA 05 7B 0C C5 EF 94 05 A3 0C 7F 0C 00 00 00 00 00 00 00 00 00 00
2026-03-15T14:10:51.472739,108.575,can0  204  [16]  28 58 C8 44 48 2A D1 4E 4C 1D 30 75 30 75 00 00
2026-03-15T14:10:51.472956,108.575,can0  204  [16]  28 58 C8 44 48 2A D1 4E 4C 1D 30 75 30 75 00 00
2026-03-15T14:10:51.573056,108.675,can0  040  [04]  58 00 0B 00
2026-03-15T14:10:51.573447,108.676,can0  041  [04]  10 01 0F 00
2026-03-15T14:10:51.575028,108.677,can0  070  [20]  EE 2A 4D 08 FD B0 62 03 38 C7 00 00 0A 15 00 00 21 00 00 00
2026-03-15T14:10:51.575282,108.678,can0  060  [32]  00 00 00 00 00 00 00 00 00 00 00 00 00 00 00 00 00 00 00 00 00 00 00 00 00 00 00 00 00 00 00 00
2026-03-15T14:10:51.575544,108.678,can0  204  [16]  28 58 C9 44 54 2A 55 4E 4C 1D 30 75 30 75 00 00
2026-03-15T14:10:51.576593,108.679,can0  070  [20]  EE 2A 4D 08 FD B0 62 03 38 C7 00 00 0A 15 00 00 22 00 00 00
2026-03-15T14:10:51.577404,108.680,can0  040  [04]  58 00 0B 00
2026-03-15T14:10:51.672449,108.775,can0  204  [16]  28 58 C8 44 46 2A 30 4F 4C 1D 30 75 30 75 00 00
2026-03-15T14:10:51.673595,108.776,can0  070  [20]  EE 2A 4D 08 FD B0 62 03 38 C7 00 00 0A 15 00 00 22 00 00 00
2026-03-15T14:10:51.674069,108.776,can0  204  [16]  28 58 C8 44 46 2A 30 4F 4C 1D 30 75 30 75 00 00
2026-03-15T14:10:51.772040,108.874,can0  206  [24]  8F 0C A6 05 7B 0C D5 EF 92 05 97 0C 7F 0C 00 00 00 00 00 00 00 00 00 00
2026-03-15T14:10:51.772287,108.875,can0  204  [16]  28 58 C5 44 52 2A FE 4E 4C 1D 30 75 30 75 00 00
2026-03-15T14:10:51.773062,108.875,can0  040  [04]  58 00 0B 00
2026-03-15T14:10:51.775934,108.878,can0  041  [04]  10 01 0E 00
2026-03-15T14:10:51.872549,108.975,can0  204  [16]  28 58 C4 44 4E 2A 46 4C 4C 1D 30 75 30 75 00 00
2026-03-15T14:10:51.873588,108.976,can0  040  [04]  58 00 0B 00
2026-03-15T14:10:51.881154,108.984,can0  204  [16]  28 58 C4 44 4E 2A 46 4C 4C 1D 30 75 30 75 00 00
2026-03-15T14:10:51.972379,109.075,can0  204  [16]  28 58 C7 44 54 2A CB 4B 4C 1D 30 75 30 75 00 00
2026-03-15T14:10:51.972759,109.075,can0  206  [24]  87 0C A6 05 83 0C D5 EF 90 05 97 0C 7F 0C 00 00 00 00 00 00 00 00 00 00
2026-03-15T14:10:51.973038,109.075,can0  110  [02]  7E 1B
2026-03-15T14:10:51.975495,109.078,can0  204  [16]  28 58 C7 44 54 2A CB 4B 4C 1D 30 75 30 75 00 00
2026-03-15T14:10:52.072326,109.175,can0  041  [04]  FE 00 0B 00
2026-03-15T14:10:52.072603,109.175,can0  204  [16]  28 58 C6 44 4C 2A 19 4C 4C 1D 30 75 30 75 00 00
2026-03-15T14:10:52.073779,109.176,can0  060  [32]  00 00 00 00 EE 2A 4D 08 52 06 B8 10 00 00 10 0E FF 01 00 00 00 00 00 00 01 00 00 00 00 00 00 00
2026-03-15T14:10:52.074917,109.177,can0  040  [04]  58 00 0B 00
2026-03-15T14:10:52.172687,109.275,can0  040  [04]  58 00 0B 00
2026-03-15T14:10:52.173155,109.276,can0  204  [16]  28 58 CA 44 4E 2A AA 4B 4C 1D 30 75 30 75 00 00
2026-03-15T14:10:52.174588,109.277,can0  070  [20]  EE 2A 4D 08 FD B0 62 03 38 C7 00 00 0A 15 00 00 22 00 00 00
2026-03-15T14:10:52.175158,109.278,can0  204  [16]  28 58 CA 44 4E 2A AA 4B 4C 1D 30 75 30 75 00 00
2026-03-15T14:10:52.272660,109.375,can0  206  [24]  7F 0C A8 05 7B 0C A6 EF 8B 05 9F 0C 87 0C 00 00 00 00 00 00 00 00 00 00
2026-03-15T14:10:52.273042,109.375,can0  204  [16]  28 58 C9 44 52 2A 83 4D 4C 1D 30 75 30 75 00 00
2026-03-15T14:10:52.274258,109.377,can0  070  [20]  EE 2A 4D 08 FD B0 62 03 38 C7 00 00 0A 15 00 00 22 00 00 00
2026-03-15T14:10:52.274803,109.377,can0  204  [16]  28 58 C9 44 52 2A 83 4D 4C 1D 30 75 30 75 00 00
2026-03-15T14:10:52.372876,109.475,can0  040  [04]  4B 00 0B 00
2026-03-15T14:10:52.373681,109.476,can0  041  [04]  FE 00 0A 00
2026-03-15T14:10:52.373777,109.476,can0  204  [16]  28 58 CB 44 54 2A 55 4D 4C 1D 30 75 30 75 00 00
2026-03-15T14:10:52.374481,109.477,can0  040  [04]  4B 00 0B 00
2026-03-15T14:10:52.375652,109.478,can0  100  [03]  77 58 04
2026-03-15T14:10:52.376395,109.479,can0  120  [04]  00 00 00 00
2026-03-15T14:10:52.472375,109.575,can0  204  [16]  28 58 C9 44 4C 2A 98 4E 4C 1D 30 75 30 75 00 00
2026-03-15T14:10:52.472754,109.575,can0  204  [16]  28 58 C9 44 4C 2A 98 4E 4C 1D 30 75 30 75 00 00
2026-03-15T14:10:52.473087,109.575,can0  206  [24]  8B 0C A3 05 7B 0C 03 F0 92 05 9B 0C 7B 0C 00 00 00 00 00 00 00 00 00 00
2026-03-15T14:10:52.572591,109.675,can0  204  [16]  28 58 C9 44 4C 2A 98 4E 4C 1D 30 75 30 75 00 00
2026-03-15T14:10:52.573619,109.676,can0  070  [20]  EE 2A 4D 08 FD B0 62 03 20 CB 00 00 0A 15 00 00 0B 00 00 00
2026-03-15T14:10:52.574409,109.677,can0  060  [32]  00 00 00 00 00 00 00 00 00 00 00 00 00 00 00 00 00 00 00 00 00 00 00 00 00 00 00 00 00 00 00 00
2026-03-15T14:10:52.575183,109.678,can0  040  [04]  2C 00 0A 00
2026-03-15T14:10:52.575523,109.678,can0  041  [04]  00 01 0C 00
2026-03-15T14:10:52.673643,109.776,can0  070  [20]  EE 2A 4D 08 FD B0 62 03 20 CB 00 00 0A 15 00 00 0C 00 00 00
2026-03-15T14:10:52.674403,109.777,can0  204  [16]  28 58 C8 44 5C 2A DD 49 4C 1D 30 75 30 75 00 00
2026-03-15T14:10:52.675511,109.778,can0  040  [04]  2C 00 0A 00
2026-03-15T14:10:52.677443,109.780,can0  204  [16]  28 58 C8 44 5C 2A DD 49 4C 1D 30 75 30 75 00 00
2026-03-15T14:10:52.677512,109.780,can0  070  [20]  EE 2A 4D 08 FD B0 62 03 20 CB 00 00 0A 15 00 00 0C 00 00 00
2026-03-15T14:10:52.772140,109.875,can0  204  [16]  28 58 CA 44 48 2A 93 4A 4C 1D 30 75 30 75 00 00
2026-03-15T14:10:52.772816,109.875,can0  206  [24]  87 0C A6 05 7F 0C C5 EF 90 05 97 0C 83 0C 00 00 00 00 00 00 00 00 00 00
2026-03-15T14:10:52.772899,109.875,can0  204  [16]  28 58 CA 44 48 2A 93 4A 4C 1D 30 75 30 75 00 00
2026-03-15T14:10:52.872655,109.975,can0  040  [04]  2C 00 0A 00
2026-03-15T14:10:52.873087,109.975,can0  204  [16]  28 58 CA 44 5E 2A 60 4A 4C 1D 30 75 30 75 00 00
2026-03-15T14:10:52.874001,109.976,can0  041  [04]  0B 01 0C 00
2026-03-15T14:10:52.974385,110.077,can0  040  [04]  2C 00 0A 00
2026-03-15T14:10:52.974823,110.077,can0  204  [16]  28 58 CB 44 4E 2A 51 4E 4C 1D 30 75 30 75 00 00
2026-03-15T14:10:52.975623,110.078,can0  204  [16]  28 58 CB 44 4E 2A 51 4E 4C 1D 30 75 30 75 00 00
2026-03-15T14:10:53.072841,110.175,can0  206  [24]  83 0C A6 05 7F 0C D5 EF 90 05 97 0C 87 0C 00 00 00 00 00 00 00 00 00 00
2026-03-15T14:10:53.073138,110.176,can0  204  [16]  28 58 C9 44 54 2A 99 4D 4C 1D 30 75 30 75 00 00
2026-03-15T14:10:53.073375,110.176,can0  060  [32]  00 00 00 00 00 00 00 00 00 00 00 00 00 00 00 00 00 00 00 00 00 00 00 00 00 00 00 00 00 00 00 00
2026-03-15T14:10:53.074726,110.177,can0  060  [32]  00 00 00 00 EE 2A 4D 08 52 06 B8 10 00 00 10 0E FF 01 00 00 00 00 00 00 01 00 00 00 00 00 00 00
2026-03-15T14:10:53.075264,110.178,can0  204  [16]  28 58 C9 44 54 2A 99 4D 4C 1D 30 75 30 75 00 00
2026-03-15T14:10:53.172022,110.274,can0  041  [04]  10 01 0B 00
2026-03-15T14:10:53.172806,110.275,can0  040  [04]  4B 00 0B 00
2026-03-15T14:10:53.173113,110.275,can0  204  [16]  28 58 C9 44 5C 2A 48 4D 4C 1D 30 75 30 75 00 00
2026-03-15T14:10:53.175472,110.278,can0  040  [04]  4B 00 0B 00
2026-03-15T14:10:53.175576,110.278,can0  070  [20]  EE 2A 4D 08 FD B0 62 03 20 CB 00 00 0A 15 00 00 0C 00 00 00
2026-03-15T14:10:53.272133,110.375,can0  204  [16]  28 58 CB 44 62 2A 86 49 4C 1D 30 75 30 75 00 00
2026-03-15T14:10:53.272523,110.375,can0  204  [16]  28 58 CB 44 62 2A 86 49 4C 1D 30 75 30 75 00 00
2026-03-15T14:10:53.374814,110.477,can0  070  [20]  EE 2A 4D 08 FD B0 62 03 20 CB 00 00 0A 15 00 00 0C 00 00 00
2026-03-15T14:10:53.375267,110.478,can0  206  [24]  87 0C AC 05 7B 0C A6 EF 92 05 97 0C 83 0C 00 00 00 00 00 00 00 00 00 00
2026-03-15T14:10:53.375933,110.478,can0  204  [16]  28 58 CC 44 40 2A C5 4B 4C 1D 30 75 30 75 00 00
2026-03-15T14:10:53.376019,110.478,can0  041  [04]  10 01 0D 00
2026-03-15T14:10:53.383379,110.486,can0  040  [04]  58 00 0C 00
2026-03-15T14:10:53.383490,110.486,can0  204  [16]  28 58 CC 44 40 2A C5 4B 4C 1D 30 75 30 75 00 00
2026-03-15T14:10:53.477204,110.580,can0  040  [04]  58 00 0C 00
2026-03-15T14:10:53.480015,110.582,can0  204  [16]  28 58 CD 44 5A 2A AF 4C 4C 1D 30 75 30 75 00 00
2026-03-15T14:10:53.572136,110.675,can0  204  [16]  28 58 CD 44 5A 2A AF 4C 4C 1D 30 75 30 75 00 00
2026-03-15T14:10:53.572547,110.675,can0  206  [24]  83 0C AA 05 83 0C D5 EF 90 05 97 0C 87 0C 00 00 00 00 00 00 00 00 00 00
2026-03-15T14:10:53.574032,110.676,can0  070  [20]  EE 2A 4D 08 FD B0 62 03 08 CF 00 00 0A 15 00 00 29 00 00 00
2026-03-15T14:10:53.574678,110.677,can0  100  [03]  7A 58 04
2026-03-15T14:10:53.575595,110.678,can0  070  [20]  EE 2A 4D 08 FD B0 62 03 08 CF 00 00 0A 15 00 00 28 00 00 00
2026-03-15T14:10:53.576201,110.679,can0  060  [32]  00 00 00 00 00 00 00 00 00 00 00 00 00 00 00 00 00 00 00 00 00 00 00 00 00 00 00 00 00 00 00 00
2026-03-15T14:10:53.576494,110.679,can0  204  [16]  28 58 C9 44 4E 2A C1 4E 4C 1D 30 75 30 75 00 00
2026-03-15T14:10:53.576692,110.679,can0  110  [02]  80 1B
2026-03-15T14:10:53.577216,110.680,can0  120  [04]  00 00 00 00
2026-03-15T14:10:53.673117,110.775,can0  040  [04]  58 00 0B 00
2026-03-15T14:10:53.673761,110.776,can0  204  [16]  28 58 CA 44 56 2A 64 4E 4C 1D 30 75 30 75 00 00
2026-03-15T14:10:53.674109,110.776,can0  041  [04]  10 01 0E 00
2026-03-15T14:10:53.675330,110.778,can0  070  [20]  EE 2A 4D 08 FD B0 62 03 08 CF 00 00 0A 15 00 00 28 00 00 00
2026-03-15T14:10:53.676604,110.779,can0  040  [04]  58 00 0B 00
2026-03-15T14:10:53.772517,110.875,can0  204  [16]  28 58 CA 44 54 2A 87 4D 4C 1D 30 75 30 75 00 00
2026-03-15T14:10:53.772733,110.875,can0  204  [16]  28 58 CA 44 54 2A 87 4D 4C 1D 30 75 30 75 00 00
2026-03-15T14:10:53.872717,110.975,can0  206  [24]  83 0C A8 05 87 0C D5 EF 8E 05 97 0C 7F 0C 00 00 00 00 00 00 00 00 00 00
2026-03-15T14:10:53.872970,110.975,can0  204  [16]  28 58 CC 44 48 2A E6 4D 4C 1D 30 75 30 75 00 00
2026-03-15T14:10:53.873182,110.976,can0  204  [16]  28 58 CC 44 48 2A E6 4D 4C 1D 30 75 30 75 00 00
2026-03-15T14:10:53.973095,111.075,can0  040  [04]  58 00 0B 00
2026-03-15T14:10:53.974195,111.077,can0  041  [04]  10 01 0F 00
2026-03-15T14:10:53.974308,111.077,can0  204  [16]  28 58 CA 44 54 2A 10 4E 4C 1D 30 75 30 75 00 00
2026-03-15T14:10:53.975098,111.077,can0  040  [04]  58 00 0B 00
2026-03-15T14:10:54.072656,111.175,can0  204  [16]  28 58 CD 44 50 2A B8 4A 4C 1D 30 75 30 75 00 00
2026-03-15T14:10:54.073016,111.175,can0  206  [24]  83 0C A8 05 7F 0C C5 EF 8B 05 93 0C 87 0C 00 00 00 00 00 00 00 00 00 00
2026-03-15T14:10:54.073391,111.176,can0  204  [16]  28 58 CD 44 50 2A B8 4A 4C 1D 30 75 30 75 00 00
2026-03-15T14:10:54.074748,111.177,can0  060  [32]  00 00 00 00 EE 2A 4D 08 52 06 B8 10 00 00 10 0E FF 01 00 00 00 00 00 00 01 00 00 00 00 00 00 00
2026-03-15T14:10:54.172672,111.275,can0  204  [16]  28 58 CA 44 3E 2A D9 4B 4C 1D 30 75 30 75 00 00
2026-03-15T14:10:54.174135,111.277,can0  070  [20]  EE 2A 4D 08 FD B0 62 03 08 CF 00 00 0A 15 00 00 28 00 00 00
2026-03-15T14:10:54.174903,111.277,can0  040  [04]  58 00 0A 00
2026-03-15T14:10:54.175621,111.278,can0  041  [04]  10 01 0F 00
2026-03-15T14:10:54.175996,111.278,can0  204  [16]  28 58 CA 44 3E 2A D9 4B 4C 1D 30 75 30 75 00 00
2026-03-15T14:10:54.272923,111.375,can0  040  [04]  58 00 0A 00
2026-03-15T14:10:54.275393,111.378,can0  204  [16]  28 58 CB 44 64 2A 19 4E 4C 1D 30 75 30 75 00 00
2026-03-15T14:10:54.275474,111.378,can0  070  [20]  EE 2A 4D 08 FD B0 62 03 08 CF 00 00 0A 15 00 00 28 00 00 00
2026-03-15T14:10:54.372444,111.475,can0  204  [16]  28 58 C8 44 4E 2A E9 4E 4C 1D 30 75 30 75 00 00
2026-03-15T14:10:54.372729,111.475,can0  206  [24]  83 0C AA 05 7B 0C E4 EF 8E 05 9B 0C 83 0C 00 00 00 00 00 00 00 00 00 00
2026-03-15T14:10:54.372989,111.475,can0  204  [16]  28 58 C8 44 4E 2A E9 4E 4C 1D 30 75 30 75 00 00
2026-03-15T14:10:54.481969,111.584,can0  204  [16]  28 58 CA 44 62 2A 63 4F 4C 1D 30 75 30 75 00 00
2026-03-15T14:10:54.482307,111.585,can0  041  [04]  10 01 12 00
2026-03-15T14:10:54.483195,111.586,can0  040  [04]  58 00 08 00
2026-03-15T14:10:54.487059,111.589,can0  204  [16]  28 58 CA 44 62 2A 63 4F 4C 1D 30 75 30 75 00 00
2026-03-15T14:10:54.487135,111.590,can0  040  [04]  58 00 08 00
2026-03-15T14:10:54.573834,111.676,can0  070  [20]  EE 2A 4D 08 FD B0 62 03 F0 D2 00 00 0A 15 00 00 1C 00 00 00
2026-03-15T14:10:54.574286,111.677,can0  204  [16]  28 58 C8 44 4E 2A 1A 4B 4C 1D 30 75 30 75 00 00
2026-03-15T14:10:54.574584,111.677,can0  060  [32]  00 00 00 00 00 00 00 00 00 00 00 00 00 00 00 00 00 00 00 00 00 00 00 00 00 00 00 00 00 00 00 00
2026-03-15T14:10:54.575011,111.677,can0  206  [24]  83 0C A1 05 83 0C F4 EF 90 05 8F 0C 83 0C 00 00 00 00 00 00 00 00 00 00
2026-03-15T14:10:54.673272,111.776,can0  070  [20]  EE 2A 4D 08 FD B0 62 03 F0 D2 00 00 0A 15 00 00 1C 00 00 00
2026-03-15T14:10:54.673804,111.776,can0  204  [16]  28 58 CA 44 5A 2A F4 4A 4C 1D 30 75 30 75 00 00
2026-03-15T14:10:54.674009,111.776,can0  204  [16]  28 58 CA 44 5A 2A F4 4A 4C 1D 30 75 30 75 00 00
2026-03-15T14:10:54.773387,111.876,can0  070  [20]  EE 2A 4D 08 FD B0 62 03 F0 D2 00 00 0A 15 00 00 1C 00 00 00
2026-03-15T14:10:54.782247,111.885,can0  040  [04]  58 00 08 00
2026-03-15T14:10:54.782939,111.885,can0  041  [04]  0D 01 12 00
2026-03-15T14:10:54.783397,111.886,can0  204  [16]  28 58 C8 44 52 2A F0 4C 4C 1D 30 75 30 75 00 00
2026-03-15T14:10:54.785786,111.888,can0  040  [04]  58 00 08 00
2026-03-15T14:10:54.785867,111.888,can0  100  [03]  7E 58 04
2026-03-15T14:10:54.788837,111.891,can0  120  [04]  00 00 00 00
2026-03-15T14:10:54.880478,111.983,can0  204  [16]  28 58 C9 44 60 2A B3 4C 4C 1D 30 75 30 75 00 00
2026-03-15T14:10:54.880834,111.983,can0  204  [16]  28 58 C9 44 60 2A B3 4C 4C 1D 30 75 30 75 00 00
2026-03-15T14:10:54.881196,111.984,can0  206  [24]  83 0C A6 05 7F 0C B6 EF 96 05 97 0C 83 0C 00 00 00 00 00 00 00 00 00 00
2026-03-15T14:10:54.972219,112.075,can0  204  [16]  28 58 C6 44 58 2A BE 4D 4C 1D 30 75 30 75 00 00
2026-03-15T14:10:54.973126,112.075,can0  040  [04]  58 00 08 00
2026-03-15T14:10:54.973731,112.076,can0  041  [04]  0D 01 14 00
2026-03-15T14:10:54.974516,112.077,can0  204  [16]  28 58 C6 44 58 2A BE 4D 4C 1D 30 75 30 75 00 00
2026-03-15T14:10:55.087014,112.189,can0  040  [04]  58 00 08 00
2026-03-15T14:10:55.088082,112.190,can0  204  [16]  28 58 C8 44 60 2A 78 4D 4C 1D 30 75 30 75 00 00
2026-03-15T14:10:55.088167,112.191,can0  060  [32]  00 00 00 00 00 00 00 00 00 00 00 00 00 00 00 00 00 00 00 00 00 00 00 00 00 00 00 00 00 00 00 00
2026-03-15T14:10:55.194246,112.297,can0  060  [32]  00 00 00 00 EE 2A 4D 08 52 06 B8 10 00 00 10 0E FF 01 00 00 00 00 00 00 01 00 00 00 00 00 00 00
2026-03-15T14:10:55.195167,112.298,can0  204  [16]  28 58 C7 44 50 2A E9 4C 4C 1D 30 75 30 75 00 00
2026-03-15T14:10:55.195842,112.298,can0  206  [24]  8B 0C A6 05 7F 0C 65 EF 8B 05 97 0C 7F 0C 00 00 00 00 00 00 00 00 00 00
2026-03-15T14:10:55.195923,112.298,can0  204  [16]  28 58 C7 44 50 2A E9 4C 4C 1D 30 75 30 75 00 00
2026-03-15T14:10:55.196138,112.299,can0  110  [02]  7F 1B
2026-03-15T14:10:55.289270,112.392,can0  070  [20]  EE 2A 4D 08 FD B0 62 03 F0 D2 00 00 0A 15 00 00 1C 00 00 00
2026-03-15T14:10:55.289791,112.392,can0  204  [16]  28 58 C8 44 58 2A E0 4C 4C 1D 30 75 30 75 00 00
2026-03-15T14:10:55.290873,112.393,can0  040  [04]  58 00 08 00
2026-03-15T14:10:55.292122,112.394,can0  041  [04]  10 01 13 00
2026-03-15T14:10:55.292204,112.395,can0  204  [16]  28 58 C8 44 58 2A E0 4C 4C 1D 30 75 30 75 00 00
2026-03-15T14:10:55.293587,112.396,can0  040  [04]  58 00 08 00
2026-03-15T14:10:55.381613,112.484,can0  070  [20]  EE 2A 4D 08 FD B0 62 03 F0 D2 00 00 0A 15 00 00 1C 00 00 00
2026-03-15T14:10:55.381947,112.484,can0  204  [16]  28 58 C6 44 54 2A 87 4D 4C 1D 30 75 30 75 00 00
2026-03-15T14:10:55.384480,112.487,can0  206  [24]  8F 0C A8 05 83 0C C5 EF 90 05 8B 0C 7B 0C 00 00 00 00 00 00 00 00 00 00
2026-03-15T14:10:55.472645,112.575,can0  204  [16]  28 58 C9 44 66 2A 2D 4D 4C 1D 30 75 30 75 00 00
2026-03-15T14:10:55.472997,112.575,can0  204  [16]  28 58 C9 44 66 2A 2D 4D 4C 1D 30 75 30 75 00 00
2026-03-15T14:10:55.573103,112.675,can0  041  [04]  10 01 13 00
2026-03-15T14:10:55.573244,112.676,can0  040  [04]  58 00 07 00
2026-03-15T14:10:55.573624,112.676,can0  204  [16]  28 58 C9 44 66 2A 2D 4D 4C 1D 30 75 30 75 00 00
2026-03-15T14:10:55.575250,112.678,can0  070  [20]  EE 2A 4D 08 FD B0 62 03 D8 D6 00 00 0A 15 00 00 23 00 00 00
2026-03-15T14:10:55.575990,112.678,can0  040  [04]  58 00 07 00
2026-03-15T14:10:55.577333,112.680,can0  070  [20]  EE 2A 4D 08 FD B0 62 03 D8 D6 00 00 0A 15 00 00 24 00 00 00
2026-03-15T14:10:55.672475,112.775,can0  060  [32]  00 00 00 00 00 00 00 00 00 00 00 00 00 00 00 00 00 00 00 00 00 00 00 00 00 00 00 00 00 00 00 00
2026-03-15T14:10:55.672644,112.775,can0  204  [16]  28 58 C9 44 5C 2A 89 4D 4C 1D 30 75 30 75 00 00
2026-03-15T14:10:55.673060,112.775,can0  206  [24]  87 0C A8 05 7F 0C C5 EF 8E 05 93 0C 7F 0C 00 00 00 00 00 00 00 00 00 00
2026-03-15T14:10:55.676878,112.779,can0  204  [16]  28 58 C9 44 5C 2A 89 4D 4C 1D 30 75 30 75 00 00
2026-03-15T14:10:55.676936,112.779,can0  070  [20]  EE 2A 4D 08 FD B0 62 03 D8 D6 00 00 0A 15 00 00 24 00 00 00
2026-03-15T14:10:55.771925,112.874,can0  204  [16]  28 58 C8 44 52 2A 59 4F 4C 1D 30 75 30 75 00 00
2026-03-15T14:10:55.776536,112.879,can0  041  [04]  10 01 11 00
2026-03-15T14:10:55.776616,112.879,can0  040  [04]  4F 00 09 00
2026-03-15T14:10:55.776656,112.879,can0  204  [16]  28 58 C8 44 52 2A 59 4F 4C 1D 30 75 30 75 00 00
2026-03-15T14:10:55.873178,112.976,can0  040  [04]  4F 00 09 00
2026-03-15T14:10:55.876261,112.979,can0  204  [16]  28 58 C6 44 5C 2A C6 4E 4C 1D 30 75 30 75 00 00
2026-03-15T14:10:55.973044,113.075,can0  204  [16]  28 58 C6 44 54 2A BC 4E 4C 1D 30 75 30 75 00 00
2026-03-15T14:10:55.973496,113.076,can0  206  [24]  8B 0C A8 05 7B 0C E4 EF 85 05 93 0C 83 0C 00 00 00 00 00 00 00 00 00 00
2026-03-15T14:10:55.973798,113.076,can0  204  [16]  28 58 C6 44 54 2A BC 4E 4C 1D 30 75 30 75 00 00
2026-03-15T14:10:55.974519,113.077,can0  100  [03]  7F 58 04
2026-03-15T14:10:55.975087,113.077,can0  120  [04]  00 00 00 00
2026-03-15T14:10:56.071823,113.174,can0  204  [16]  28 58 C8 44 58 2A 19 52 4C 1D 30 75 30 75 00 00
2026-03-15T14:10:56.072602,113.175,can0  040  [04]  4F 00 08 00
2026-03-15T14:10:56.072922,113.175,can0  041  [04]  10 01 11 00
2026-03-15T14:10:56.073735,113.176,can0  040  [04]  4F 00 08 00
2026-03-15T14:10:56.076453,113.179,can0  204  [16]  28 58 C8 44 58 2A 19 52 4C 1D 30 75 30 75 00 00
2026-03-15T14:10:56.173587,113.276,can0  060  [32]  00 00 00 00 EE 2A 4D 08 52 06 B8 10 00 00 10 0E FF 01 00 00 00 00 00 00 01 00 00 00 00 00 00 00
2026-03-15T14:10:56.175171,113.278,can0  204  [16]  28 58 C6 44 54 2A 93 50 4C 1D 30 75 30 75 00 00
2026-03-15T14:10:56.175268,113.278,can0  070  [20]  EE 2A 4D 08 FD B0 62 03 D8 D6 00 00 0A 15 00 00 24 00 00 00
2026-03-15T14:10:56.178438,113.281,can0  206  [24]  83 0C A8 05 7F 0C C5 EF 8B 05 97 0C 87 0C 00 00 00 00 00 00 00 00 00 00
2026-03-15T14:10:56.272287,113.375,can0  204  [16]  28 58 C6 44 56 2A 6B 4F 4C 1D 30 75 30 75 00 00
2026-03-15T14:10:56.272863,113.375,can0  132  [00]
2026-03-15T14:10:56.272946,113.375,can0  204  [16]  28 58 C6 44 56 2A 6B 4F 4C 1D 30 75 30 75 00 00
2026-03-15T14:10:56.374026,113.476,can0  070  [20]  EE 2A 4D 08 FD B0 62 03 D8 D6 00 00 0A 15 00 00 24 00 00 00
2026-03-15T14:10:56.374828,113.477,can0  040  [04]  58 00 07 00
2026-03-15T14:10:56.375213,113.478,can0  041  [04]  08 01 0F 00
2026-03-15T14:10:56.375613,113.478,can0  204  [16]  28 58 C8 44 52 2A 8C 4F 4C 1D 30 75 30 75 00 00
2026-03-15T14:10:56.379156,113.482,can0  040  [04]  58 00 07 00
2026-03-15T14:10:56.379239,113.482,can0  204  [16]  28 58 C8 44 52 2A 8C 4F 4C 1D 30 75 30 75 00 00
2026-03-15T14:10:56.472219,113.575,can0  206  [24]  8B 0C A3 05 7F 0C C5 EF 90 05 97 0C 7F 0C 00 00 00 00 00 00 00 00 00 00
2026-03-15T14:10:56.472577,113.575,can0  204  [16]  28 58 CA 44 54 2A 0C 50 4C 1D 30 75 30 75 00 00
2026-03-15T14:10:56.572278,113.675,can0  204  [16]  28 58 CA 44 54 2A 0C 50 4C 1D 30 75 30 75 00 00
2026-03-15T14:10:56.573789,113.676,can0  070  [20]  EE 2A 4D 08 FC B0 62 03 C0 DA 00 00 0A 15 00 00 1F 00 00 00
2026-03-15T14:10:56.574505,113.677,can0  040  [04]  58 00 07 00
2026-03-15T14:10:56.574890,113.677,can0  041  [04]  03 01 0E 00
2026-03-15T14:10:56.575208,113.678,can0  204  [16]  28 58 C8 44 4C 2A 0D 4F 4C 1D 30 75 30 75 00 00
2026-03-15T14:10:56.576902,113.679,can0  070  [20]  EE 2A 4D 08 FC B0 62 03 C0 DA 00 00 0A 15 00 00 1F 00 00 00
2026-03-15T14:10:56.672475,113.775,can0  060  [32]  00 00 00 00 00 00 00 00 00 00 00 00 00 00 00 00 00 00 00 00 00 00 00 00 00 00 00 00 00 00 00 00
2026-03-15T14:10:56.676259,113.779,can0  040  [04]  58 00 07 00
2026-03-15T14:10:56.676341,113.779,can0  204  [16]  28 58 C8 44 5E 2A 5A 4F 4C 1D 30 75 30 75 00 00
2026-03-15T14:10:56.676397,113.779,can0  070  [20]  EE 2A 4D 08 FC B0 62 03 C0 DA 00 00 0A 15 00 00 1F 00 00 00
2026-03-15T14:10:56.679322,113.782,can0  133  [00]
2026-03-15T14:10:56.771952,113.874,can0  204  [16]  28 58 C8 44 50 2A 67 4F 4C 1D 30 75 30 75 00 00
2026-03-15T14:10:56.772316,113.875,can0  206  [24]  8B 0C AC 05 7B 0C C5 EF 8B 05 93 0C 83 0C 00 00 00 00 00 00 00 00 00 00
2026-03-15T14:10:56.772624,113.875,can0  204  [16]  28 58 C8 44 50 2A 67 4F 4C 1D 30 75 30 75 00 00
2026-03-15T14:10:56.772876,113.875,can0  110  [02]  80 1B
2026-03-15T14:10:56.872459,113.975,can0  204  [16]  28 58 C9 44 52 2A E0 4D 4C 1D 30 75 30 75 00 00
2026-03-15T14:10:56.873823,113.976,can0  041  [04]  FA 00 0C 00
2026-03-15T14:10:56.873945,113.976,can0  040  [04]  4B 00 07 00
2026-03-15T14:10:56.874019,113.976,can0  204  [16]  28 58 C9 44 52 2A E0 4D 4C 1D 30 75 30 75 00 00
2026-03-15T14:10:56.877106,113.979,can0  040  [04]  4B 00 07 00
2026-03-15T14:10:56.972668,114.075,can0  204  [16]  28 58 C9 44 4A 2A A7 4E 4C 1D 30 75 30 75 00 00
2026-03-15T14:10:56.973017,114.075,can0  206  [24]  87 0C AA 05 77 0C D5 EF 89 05 9B 0C 83 0C 00 00 00 00 00 00 00 00 00 00
2026-03-15T14:10:57.072082,114.174,can0  204  [16]  28 58 C9 44 50 2A BC 4E 4C 1D 30 75 30 75 00 00
2026-03-15T14:10:57.087783,114.190,can0  204  [16]  28 58 C9 44 50 2A BC 4E 4C 1D 30 75 30 75 00 00
2026-03-15T14:10:57.172555,114.275,can0  060  [32]  00 00 00 00 00 00 00 00 00 00 00 00 00 00 00 00 00 00 00 00 00 00 00 00 00 00 00 00 00 00 00 00
2026-03-15T14:10:57.173675,114.276,can0  040  [04]  58 00 06 00
2026-03-15T14:10:57.173767,114.276,can0  041  [04]  F2 00 0D 00
2026-03-15T14:10:57.174471,114.277,can0  204  [16]  28 58 C9 44 50 2A 76 4E 4C 1D 30 75 30 75 00 00
2026-03-15T14:10:57.176057,114.278,can0  060  [32]  00 00 00 00 EE 2A 4D 08 50 06 B8 10 00 00 10 0E FF 01 00 00 00 00 00 00 01 00 00 00 00 00 00 00
2026-03-15T14:10:57.177508,114.280,can0  040  [04]  58 00 06 00
2026-03-15T14:10:57.179284,114.282,can0  070  [20]  EE 2A 4D 08 FC B0 62 03 C0 DA 00 00 0A 15 00 00 1F 00 00 00
2026-03-15T14:10:57.179918,114.282,can0  204  [16]  28 58 C9 44 50 2A 76 4E 4C 1D 30 75 30 75 00 00
2026-03-15T14:10:57.180682,114.283,can0  100  [03]  84 58 04
2026-03-15T14:10:57.181440,114.284,can0  120  [04]  00 00 00 00
2026-03-15T14:10:57.272622,114.375,can0  204  [16]  28 58 C8 44 52 2A A7 4D 4C 1D 30 75 30 75 00 00
2026-03-15T14:10:57.273013,114.375,can0  206  [24]  87 0C AC 05 7F 0C D5 EF 90 05 9B 0C 7F 0C 00 00 00 00 00 00 00 00 00 00
2026-03-15T14:10:57.274486,114.377,can0  070  [20]  EE 2A 4D 08 FC B0 62 03 C0 DA 00 00 0A 15 00 00 1F 00 00 00
2026-03-15T14:10:57.372361,114.475,can0  204  [16]  28 58 C7 44 5A 2A 82 4E 4C 1D 30 75 30 75 00 00
2026-03-15T14:10:57.372712,114.475,can0  204  [16]  28 58 C7 44 5A 2A 82 4E 4C 1D 30 75 30 75 00 00
2026-03-15T14:10:57.373520,114.476,can0  040  [04]  2C 00 06 00
2026-03-15T14:10:57.373838,114.476,can0  041  [04]  F0 00 0E 00
2026-03-15T14:10:57.472297,114.575,can0  204  [16]  28 58 C9 44 52 2A 14 4E 4C 1D 30 75 30 75 00 00
2026-03-15T14:10:57.472967,114.575,can0  040  [04]  2C 00 06 00
2026-03-15T14:10:57.473493,114.576,can0  204  [16]  28 58 C9 44 52 2A 14 4E 4C 1D 30 75 30 75 00 00
2026-03-15T14:10:57.572485,114.675,can0  206  [24]  8F 0C AA 05 7B 0C F4 EF 92 05 97 0C 7B 0C 00 00 00 00 00 00 00 00 00 00
2026-03-15T14:10:57.572805,114.675,can0  204  [16]  28 58 C9 44 58 2A 83 4D 4C 1D 30 75 30 75 00 00
2026-03-15T14:10:57.574314,114.677,can0  070  [20]  EE 2A 4D 08 FC B0 62 03 A8 DE 00 00 0A 15 00 00 25 00 00 00
2026-03-15T14:10:57.575804,114.678,can0  070  [20]  EE 2A 4D 08 FC B0 62 03 A8 DE 00 00 0A 15 00 00 25 00 00 00
2026-03-15T14:10:57.672014,114.774,can0  204  [16]  28 58 C9 44 54 2A E4 4D 4C 1D 30 75 30 75 00 00
2026-03-15T14:10:57.672774,114.775,can0  060  [32]  00 00 00 00 00 00 00 00 00 00 00 00 00 00 00 00 00 00 00 00 00 00 00 00 00 00 00 00 00 00 00 00
2026-03-15T14:10:57.673471,114.776,can0  040  [04]  18 00 09 00
2026-03-15T14:10:57.673794,114.776,can0  041  [04]  EC 00 0E 00
2026-03-15T14:10:57.675771,114.778,can0  070  [20]  EE 2A 4D 08 FC B0 62 03 A8 DE 00 00 0A 15 00 00 25 00 00 00
2026-03-15T14:10:57.676169,114.779,can0  204  [16]  28 58 C9 44 54 2A E4 4D 4C 1D 30 75 30 75 00 00
2026-03-15T14:10:57.692389,114.795,can0  040  [04]  18 00 09 00
2026-03-15T14:10:57.772476,114.875,can0  204  [16]  28 58 C8 44 52 2A 8D 4F 4C 1D 30 75 30 75 00 00
2026-03-15T14:10:57.872163,114.975,can0  204  [16]  28 58 C6 44 5C 2A 9E 4E 4C 1D 30 75 30 75 00 00
2026-03-15T14:10:57.872633,114.975,can0  206  [24]  83 0C A8 05 7F 0C C5 EF 92 05 8B 0C 87 0C 00 00 00 00 00 00 00 00 00 00
2026-03-15T14:10:57.873667,114.976,can0  204  [16]  28 58 C6 44 5C 2A 9E 4E 4C 1D 30 75 30 75 00 00
2026-03-15T14:10:57.878631,114.981,can0  040  [04]  1D 00 0A 00
2026-03-15T14:10:57.971805,115.074,can0  041  [04]  E8 00 0C 00
2026-03-15T14:10:57.972139,115.075,can0  204  [16]  28 58 C7 44 52 2A 09 4F 4C 1D 30 75 30 75 00 00
2026-03-15T14:10:57.972843,115.075,can0  040  [04]  1D 00 0A 00
2026-03-15T14:10:57.973313,115.076,can0  204  [16]  28 58 C7 44 52 2A 09 4F 4C 1D 30 75 30 75 00 00
2026-03-15T14:10:58.081421,115.184,can0  204  [16]  28 58 C8 44 52 2A D9 4E 4C 1D 30 75 30 75 00 00
2026-03-15T14:10:58.081856,115.184,can0  206  [24]  8F 0C AA 05 73 0C D5 EF 8B 05 A7 0C 7F 0C 00 00 00 00 00 00 00 00 00 00
2026-03-15T14:10:58.173158,115.276,can0  204  [16]  28 58 C9 44 52 2A 38 4E 4C 1D 30 75 30 75 00 00
2026-03-15T14:10:58.174408,115.277,can0  060  [32]  00 00 00 00 EE 2A 4D 08 50 06 B8 10 00 00 10 0E FF 01 00 00 00 00 00 00 01 00 00 00 00 00 00 00
2026-03-15T14:10:58.175133,115.278,can0  204  [16]  28 58 C9 44 52 2A 38 4E 4C 1D 30 75 30 75 00 00
2026-03-15T14:10:58.176764,115.279,can0  041  [04]  F4 00 0A 00
2026-03-15T14:10:58.176837,115.279,can0  070  [20]  EE 2A 4D 08 FC B0 62 03 A8 DE 00 00 0A 15 00 00 25 00 00 00
2026-03-15T14:10:58.177808,115.280,can0  040  [04]  2C 00 0A 00
2026-03-15T14:10:58.272938,115.375,can0  040  [04]  2C 00 0A 00
2026-03-15T14:10:58.273582,115.376,can0  204  [16]  28 58 C8 44 46 2A 41 4D 4C 1D 30 75 30 75 00 00
2026-03-15T14:10:58.274064,115.376,can0  204  [16]  28 58 C8 44 46 2A 41 4D 4C 1D 30 75 30 75 00 00
2026-03-15T14:10:58.373847,115.476,can0  070  [20]  EE 2A 4D 08 FC B0 62 03 A8 DE 00 00 0A 15 00 00 25 00 00 00
2026-03-15T14:10:58.374215,115.477,can0  206  [24]  8F 0C A3 05 7B 0C C5 EF 8E 05 97 0C 7F 0C 00 00 00 00 00 00 00 00 00 00
2026-03-15T14:10:58.374559,115.477,can0  204  [16]  28 58 C9 44 5A 2A 93 4D 4C 1D 30 75 30 75 00 00
2026-03-15T14:10:58.375146,115.478,can0  100  [03]  87 58 04
2026-03-15T14:10:58.375429,115.478,can0  110  [02]  7C 1B
2026-03-15T14:10:58.376045,115.478,can0  120  [04]  00 00 00 00
2026-03-15T14:10:58.472315,115.575,can0  204  [16]  28 58 C8 44 46 2A A6 4E 4C 1D 30 75 30 75 00 00
2026-03-15T14:10:58.473050,115.575,can0  040  [04]  47 00 09 00
2026-03-15T14:10:58.477490,115.580,can0  041  [04]  02 01 0A 00
2026-03-15T14:10:58.477560,115.580,can0  204  [16]  28 58 C8 44 46 2A A6 4E 4C 1D 30 75 30 75 00 00
2026-03-15T14:10:58.477599,115.580,can0  040  [04]  47 00 09 00
2026-03-15T14:10:58.572818,115.675,can0  204  [16]  28 58 C8 44 46 2A A6 4E 4C 1D 30 75 30 75 00 00
2026-03-15T14:10:58.574129,115.676,can0  070  [20]  EE 2A 4D 08 FC B0 62 03 90 E2 00 00 0A 15 00 00 23 00 00 00
2026-03-15T14:10:58.575414,115.678,can0  070  [20]  EE 2A 4D 08 FC B0 62 03 90 E2 00 00 0A 15 00 00 22 00 00 00
2026-03-15T14:10:58.575763,115.678,can0  206  [24]  7F 0C A3 05 87 0C C5 EF 90 05 93 0C 83 0C 00 00 00 00 00 00 00 00 00 00
2026-03-15T14:10:58.671846,115.774,can0  204  [16]  28 58 C8 44 60 2A E1 4E 4C 1D 30 75 30 75 00 00
2026-03-15T14:10:58.672198,115.775,can0  060  [32]  00 00 00 00 00 00 00 00 00 00 00 00 00 00 00 00 00 00 00 00 00 00 00 00 00 00 00 00 00 00 00 00
2026-03-15T14:10:58.672544,115.775,can0  204  [16]  28 58 C8 44 60 2A E1 4E 4C 1D 30 75 30 75 00 00
2026-03-15T14:10:58.673900,115.776,can0  070  [20]  EE 2A 4D 08 FC B0 62 03 90 E2 00 00 0A 15 00 00 22 00 00 00
2026-03-15T14:10:58.674688,115.777,can0  040  [04]  4A 00 0B 00
2026-03-15T14:10:58.772262,115.875,can0  041  [04]  08 01 09 00
2026-03-15T14:10:58.772597,115.875,can0  204  [16]  28 58 CB 44 4A 2A 9B 4E 4C 1D 30 75 30 75 00 00
2026-03-15T14:10:58.773304,115.876,can0  040  [04]  4A 00 0B 00
2026-03-15T14:10:58.773875,115.876,can0  204  [16]  28 58 CB 44 4A 2A 9B 4E 4C 1D 30 75 30 75 00 00
2026-03-15T14:10:58.872505,115.975,can0  204  [16]  28 58 C9 44 5A 2A 52 4E 4C 1D 30 75 30 75 00 00
2026-03-15T14:10:58.872874,115.975,can0  206  [24]  93 0C A8 05 83 0C C5 EF 92 05 8B 0C 77 0C 00 00 00 00 00 00 00 00 00 00
2026-03-15T14:10:58.972794,116.075,can0  204  [16]  28 58 CA 44 52 2A 77 4E 4C 1D 30 75 30 75 00 00
2026-03-15T14:10:58.973037,116.075,can0  204  [16]  28 58 CA 44 52 2A 77 4E 4C 1D 30 75 30 75 00 00
2026-03-15T14:10:58.973821,116.076,can0  040  [04]  50 00 0C 00
2026-03-15T14:10:58.976622,116.079,can0  041  [04]  00 01 09 00
2026-03-15T14:10:59.072629,116.175,can0  204  [16]  28 58 C9 44 5C 2A FB 4E 4C 1D 30 75 30 75 00 00
2026-03-15T14:10:59.073299,116.176,can0  040  [04]  50 00 0C 00
2026-03-15T14:10:59.076000,116.178,can0  204  [16]  28 58 C9 44 5C 2A FB 4E 4C 1D 30 75 30 75 00 00
2026-03-15T14:10:59.172298,116.275,can0  206  [24]  8F 0C A6 05 83 0C B6 EF 8B 05 8F 0C 7B 0C 00 00 00 00 00 00 00 00 00 00
2026-03-15T14:10:59.172911,116.275,can0  060  [32]  00 00 00 00 00 00 00 00 00 00 00 00 00 00 00 00 00 00 00 00 00 00 00 00 00 00 00 00 00 00 00 00
2026-03-15T14:10:59.172993,116.275,can0  204  [16]  28 58 CB 44 54 2A 66 4E 4C 1D 30 75 30 75 00 00
2026-03-15T14:10:59.174360,116.277,can0  060  [32]  00 00 00 00 EE 2A 4D 08 50 06 B8 10 00 00 10 0E FF 01 00 00 00 00 00 00 01 00 00 00 00 00 00 00
2026-03-15T14:10:59.175980,116.278,can0  070  [20]  EE 2A 4D 08 FC B0 62 03 90 E2 00 00 0A 15 00 00 22 00 00 00
2026-03-15T14:10:59.284204,116.387,can0  204  [16]  28 58 CA 44 5A 2A F6 4E 4C 1D 30 75 30 75 00 00
2026-03-15T14:10:59.284481,116.387,can0  041  [04]  02 01 09 00
2026-03-15T14:10:59.285303,116.388,can0  040  [04]  4A 00 0C 00
2026-03-15T14:10:59.287203,116.390,can0  204  [16]  28 58 CA 44 5A 2A F6 4E 4C 1D 30 75 30 75 00 00
2026-03-15T14:10:59.287323,116.390,can0  070  [20]  EE 2A 4D 08 FC B0 62 03 90 E2 00 00 0A 15 00 00 22 00 00 00
2026-03-15T14:10:59.288332,116.391,can0  040  [04]  4A 00 0C 00
2026-03-15T14:10:59.397164,116.500,can0  204  [16]  28 58 C9 44 54 2A 06 4F 4C 1D 30 75 30 75 00 00
2026-03-15T14:10:59.397374,116.500,can0  204  [16]  28 58 C9 44 54 2A 06 4F 4C 1D 30 75 30 75 00 00
2026-03-15T14:10:59.506180,116.609,can0  206  [24]  77 0C AA 05 7F 0C C5 EF 89 05 93 0C 8F 0C 00 00 00 00 00 00 00 00 00 00
2026-03-15T14:10:59.506917,116.609,can0  204  [16]  28 58 C9 44 4E 2A 50 4F 4C 1D 30 75 30 75 00 00
2026-03-15T14:10:59.506997,116.609,can0  204  [16]  28 58 C9 44 4E 2A 50 4F 4C 1D 30 75 30 75 00 00
2026-03-15T14:10:59.621663,116.724,can0  041  [04]  02 01 09 00
2026-03-15T14:10:59.621760,116.724,can0  040  [04]  58 00 0A 00
2026-03-15T14:10:59.623993,116.726,can0  040  [04]  58 00 0A 00
2026-03-15T14:10:59.624097,116.726,can0  070  [20]  EE 2A 4D 08 F8 B0 62 03 78 E6 00 00 0A 15 00 00 2B 00 00 00
2026-03-15T14:10:59.625274,116.728,can0  204  [16]  28 58 C9 44 4E 2A 32 4F 4C 1D 30 75 30 75 00 00
2026-03-15T14:10:59.625364,116.728,can0  100  [03]  8B 58 04
2026-03-15T14:10:59.625984,116.728,can0  120  [04]  00 00 00 00
2026-03-15T14:10:59.627037,116.729,can0  070  [20]  EE 2A 4D 08 F8 B0 62 03 78 E6 00 00 0A 15 00 00 2A 00 00 00
2026-03-15T14:10:59.688527,116.791,can0  204  [16]  28 58 CB 44 5E 2A B5 4F 4C 1D 30 75 30 75 00 00
2026-03-15T14:10:59.688867,116.791,can0  060  [32]  00 00 00 00 00 00 00 00 00 00 00 00 00 00 00 00 00 00 00 00 00 00 00 00 00 00 00 00 00 00 00 00
2026-03-15T14:10:59.690757,116.793,can0  070  [20]  EE 2A 4D 08 F8 B0 62 03 78 E6 00 00 0A 15 00 00 2A 00 00 00
2026-03-15T14:10:59.691238,116.794,can0  206  [24]  87 0C B0 05 7B 0C D5 EF 92 05 8F 0C 7F 0C 00 00 00 00 00 00 00 00 00 00
2026-03-15T14:10:59.691882,116.794,can0  204  [16]  28 58 CB 44 5E 2A B5 4F 4C 1D 30 75 30 75 00 00
2026-03-15T14:10:59.798267,116.901,can0  204  [16]  28 58 CA 44 4A 2A 18 4E 4C 1D 30 75 30 75 00 00
2026-03-15T14:10:59.805024,116.907,can0  040  [04]  58 00 0B 00
2026-03-15T14:10:59.807755,116.910,can0  041  [04]  FB 00 08 00
2026-03-15T14:10:59.887616,116.990,can0  204  [16]  28 58 CB 44 64 2A 83 4D 4C 1D 30 75 30 75 00 00
2026-03-15T14:10:59.888318,116.991,can0  040  [04]  58 00 0B 00
2026-03-15T14:10:59.888645,116.991,can0  204  [16]  28 58 CB 44 64 2A 83 4D 4C 1D 30 75 30 75 00 00
2026-03-15T14:10:59.976104,117.078,can0  206  [24]  87 0C A3 05 83 0C C5 EF 92 05 93 0C 7F 0C 00 00 00 00 00 00 00 00 00 00
2026-03-15T14:10:59.976630,117.079,can0  204  [16]  28 58 CA 44 4A 2A 64 4E 4C 1D 30 75 30 75 00 00
2026-03-15T14:10:59.976924,117.079,can0  110  [02]  7D 1B
2026-03-15T14:10:59.977319,117.080,can0  204  [16]  28 58 CB 44 56 2A B5 4F 4C 1D 30 75 30 75 00 00
2026-03-15T14:11:00.080807,117.183,can0  040  [04]  62 00 08 00
2026-03-15T14:11:00.081184,117.184,can0  041  [04]  F8 00 08 00
2026-03-15T14:11:00.082215,117.185,can0  204  [16]  28 58 CB 44 56 2A B5 4F 4C 1D 30 75 30 75 00 00
2026-03-15T14:11:00.082325,117.185,can0  040  [04]  62 00 08 00
2026-03-15T14:11:00.171845,117.274,can0  204  [16]  28 58 CC 44 56 2A 45 4F 4C 1D 30 75 30 75 00 00
2026-03-15T14:11:00.172957,117.275,can0  060  [32]  00 00 00 00 EE 2A 4D 08 4D 06 B8 10 00 00 10 0E FF 01 00 00 00 00 00 00 01 00 00 00 00 00 00 00
2026-03-15T14:11:00.173598,117.276,can0  204  [16]  28 58 CC 44 56 2A 45 4F 4C 1D 30 75 30 75 00 00
2026-03-15T14:11:00.174633,117.277,can0  070  [20]  EE 2A 4D 08 F8 B0 62 03 78 E6 00 00 0A 15 00 00 2A 00 00 00
2026-03-15T14:11:00.175076,117.277,can0  206  [24]  83 0C A6 05 87 0C D5 EF 8E 05 8F 0C 83 0C 00 00 00 00 00 00 00 00 00 00
2026-03-15T14:11:00.272170,117.375,can0  204  [16]  28 58 CA 44 58 2A 99 4F 4C 1D 30 75 30 75 00 00
2026-03-15T14:11:00.371825,117.474,can0  041  [04]  F8 00 08 00
2026-03-15T14:11:00.372103,117.474,can0  204  [16]  28 58 C9 44 5C 2A D8 4F 4C 1D 30 75 30 75 00 00
2026-03-15T14:11:00.372805,117.475,can0  040  [04]  63 00 0A 00
2026-03-15T14:11:00.375345,117.478,can0  040  [04]  63 00 0A 00
2026-03-15T14:11:00.375430,117.478,can0  204  [16]  28 58 C9 44 5C 2A D8 4F 4C 1D 30 75 30 75 00 00
2026-03-15T14:11:00.375499,117.478,can0  070  [20]  EE 2A 4D 08 F8 B0 62 03 78 E6 00 00 0A 15 00 00 2A 00 00 00
2026-03-15T14:11:00.472003,117.574,can0  204  [16]  28 58 C9 44 54 2A 0A 50 4C 1D 30 75 30 75 00 00
2026-03-15T14:11:00.472425,117.575,can0  206  [24]  77 0C A6 05 73 0C D5 EF 8B 05 B7 0C 93 0C 00 00 00 00 00 00 00 00 00 00
2026-03-15T14:11:00.472666,117.575,can0  204  [16]  28 58 C9 44 54 2A 0A 50 4C 1D 30 75 30 75 00 00
2026-03-15T14:11:00.574245,117.677,can0  204  [16]  28 58 C8 44 5C 2A 90 4F 4C 1D 30 75 30 75 00 00
2026-03-15T14:11:00.574358,117.677,can0  041  [04]  FD 00 07 00
2026-03-15T14:11:00.574423,117.677,can0  070  [20]  EE 2A 4D 08 F5 B0 62 03 00 00 00 00 0B 15 00 00 09 00 00 00
2026-03-15T14:11:00.576827,117.679,can0  040  [04]  62 00 0B 00
2026-03-15T14:11:00.576931,117.679,can0  070  [20]  EE 2A 4D 08 F5 B0 62 03 00 00 00 00 0B 15 00 00 08 00 00 00
2026-03-15T14:11:00.672604,117.775,can0  040  [04]  62 00 0B 00
2026-03-15T14:11:00.673206,117.776,can0  204  [16]  28 58 CB 44 50 2A 0B 51 4C 1D 30 75 30 75 00 00
2026-03-15T14:11:00.673822,117.776,can0  060  [32]  00 00 00 00 00 00 00 00 00 00 00 00 00 00 00 00 00 00 00 00 00 00 00 00 00 00 00 00 00 00 00 00
2026-03-15T14:11:00.674163,117.777,can0  204  [16]  28 58 CB 44 50 2A 0B 51 4C 1D 30 75 30 75 00 00
2026-03-15T14:11:00.675641,117.778,can0  070  [20]  EE 2A 4D 08 F5 B0 62 03 00 00 00 00 0B 15 00 00 08 00 00 00
2026-03-15T14:11:00.772468,117.875,can0  206  [24]  73 0C A6 05 93 0C C5 EF 8E 05 52 0C 7B 0C 00 00 00 00 00 00 00 00 00 00
2026-03-15T14:11:00.772853,117.875,can0  204  [16]  28 58 CC 44 5E 2A EC 50 4C 1D 30 75 30 75 00 00
2026-03-15T14:11:00.773637,117.876,can0  100  [03]  8E 58 04
2026-03-15T14:11:00.773994,117.876,can0  204  [16]  28 58 CC 44 5E 2A EC 50 4C 1D 30 75 30 75 00 00
2026-03-15T14:11:00.774567,117.877,can0  120  [04]  00 00 00 00
2026-03-15T14:11:00.873357,117.976,can0  040  [04]  73 00 0B 00
2026-03-15T14:11:00.874127,117.977,can0  041  [04]  F3 00 07 00
2026-03-15T14:11:00.874560,117.977,can0  204  [16]  28 58 CB 44 50 2A 20 50 4C 1D 30 75 30 75 00 00
2026-03-15T14:11:00.875188,117.978,can0  040  [04]  73 00 0B 00
2026-03-15T14:11:00.972492,118.075,can0  204  [16]  28 58 C9 44 56 2A 0A 50 4C 1D 30 75 30 75 00 00
2026-03-15T14:11:00.972777,118.075,can0  206  [24]  87 0C AA 05 7B 0C C5 EF 8E 05 9B 0C 83 0C 00 00 00 00 00 00 00 00 00 00
2026-03-15T14:11:00.972993,118.075,can0  204  [16]  28 58 C9 44 56 2A 0A 50 4C 1D 30 75 30 75 00 00
2026-03-15T14:11:01.072262,118.175,can0  204  [16]  28 58 C9 44 52 2A FD 4D 4C 1D 30 75 30 75 00 00
2026-03-15T14:11:01.072970,118.175,can0  040  [04]  77 00 08 00
2026-03-15T14:11:01.073306,118.176,can0  041  [04]  F3 00 09 00
2026-03-15T14:11:01.073716,118.176,can0  204  [16]  28 58 CB 44 50 2A C1 4F 4C 1D 30 75 30 75 00 00
2026-03-15T14:11:01.172164,118.275,can0  204  [16]  28 58 CB 44 50 2A C1 4F 4C 1D 30 75 30 75 00 00
2026-03-15T14:11:01.172466,118.275,can0  060  [32]  00 00 00 00 00 00 00 00 00 00 00 00 00 00 00 00 00 00 00 00 00 00 00 00 00 00 00 00 00 00 00 00
2026-03-15T14:11:01.173247,118.276,can0  040  [04]  77 00 08 00
2026-03-15T14:11:01.174714,118.277,can0  060  [32]  00 00 00 00 EE 2A 4D 08 4A 06 B8 10 00 00 10 0E FF 01 00 00 00 00 00 00 01 00 00 00 00 00 00 00
2026-03-15T14:11:01.176321,118.279,can0  070  [20]  EE 2A 4D 08 F5 B0 62 03 00 00 00 00 0B 15 00 00 08 00 00 00
2026-03-15T14:11:01.272577,118.375,can0  204  [16]  28 58 CB 44 52 2A 07 4E 4C 1D 30 75 30 75 00 00
2026-03-15T14:11:01.272930,118.375,can0  206  [24]  8F 0C AC 05 7B 0C C5 EF 90 05 97 0C 7B 0C 00 00 00 00 00 00 00 00 00 00
2026-03-15T14:11:01.273243,118.376,can0  204  [16]  28 58 CB 44 52 2A 07 4E 4C 1D 30 75 30 75 00 00
2026-03-15T14:11:01.423373,118.526,can0  070  [20]  EE 2A 4D 08 F5 B0 62 03 00 00 00 00 0B 15 00 00 08 00 00 00
2026-03-15T14:11:01.424241,118.527,can0  204  [16]  28 58 CA 44 54 2A F9 4F 4C 1D 30 75 30 75 00 00
2026-03-15T14:11:01.424964,118.527,can0  040  [04]  7A 00 08 00
2026-03-15T14:11:01.425839,118.528,can0  041  [04]  EB 00 09 00
2026-03-15T14:11:01.425924,118.528,can0  204  [16]  28 58 CA 44 58 2A 1C 4F 4C 1D 30 75 30 75 00 00
2026-03-15T14:11:01.472819,118.575,can0  040  [04]  7A 00 08 00
2026-03-15T14:11:01.474013,118.576,can0  204  [16]  28 58 CA 44 58 2A 1C 4F 4C 1D 30 75 30 75 00 00
2026-03-15T14:11:01.474103,118.576,can0  206  [24]  87 0C A8 05 7B 0C B6 EF 8E 05 93 0C 83 0C 00 00 00 00 00 00 00 00 00 00
2026-03-15T14:11:01.622344,118.725,can0  204  [16]  28 58 CA 44 58 2A 1C 4F 4C 1D 30 75 30 75 00 00
2026-03-15T14:11:01.623709,118.726,can0  070  [20]  EE 2A 4D 08 F5 B0 62 03 E8 03 00 00 0B 15 00 00 1F 00 00 00
2026-03-15T14:11:01.624724,118.727,can0  070  [20]  EE 2A 4D 08 F5 B0 62 03 E8 03 00 00 0B 15 00 00 1F 00 00 00
2026-03-15T14:11:01.625369,118.728,can0  204  [16]  28 58 C9 44 42 2A 23 4F 4C 1D 30 75 30 75 00 00
2026-03-15T14:11:01.625655,118.728,can0  110  [02]  7F 1B
2026-03-15T14:11:01.721850,118.824,can0  041  [04]  F8 00 09 00
2026-03-15T14:11:01.722638,118.825,can0  040  [04]  6D 00 0B 00
2026-03-15T14:11:01.723236,118.826,can0  204  [16]  28 58 C9 44 60 2A B5 4E 4C 1D 30 75 30 75 00 00
2026-03-15T14:11:01.724933,118.827,can0  070  [20]  EE 2A 4D 08 F5 B0 62 03 E8 03 00 00 0B 15 00 00 1F 00 00 00
2026-03-15T14:11:01.725528,118.828,can0  060  [32]  00 00 00 00 00 00 00 00 00 00 00 00 00 00 00 00 00 00 00 00 00 00 00 00 00 00 00 00 00 00 00 00
2026-03-15T14:11:01.734632,118.837,can0  040  [04]  6D 00 0B 00
2026-03-15T14:11:01.781053,118.883,can0  204  [16]  28 58 CA 44 46 2A AC 4E 4C 1D 30 75 30 75 00 00
2026-03-15T14:11:01.781438,118.884,can0  204  [16]  28 58 CA 44 46 2A AC 4E 4C 1D 30 75 30 75 00 00
2026-03-15T14:11:01.781776,118.884,can0  206  [24]  87 0C AA 05 7F 0C D5 EF 92 05 B3 0C 83 0C 00 00 00 00 00 00 00 00 00 00
2026-03-15T14:11:01.926578,119.029,can0  204  [16]  28 58 CC 44 5A 2A 99 4E 4C 1D 30 75 30 75 00 00
2026-03-15T14:11:01.927244,119.030,can0  040  [04]  5D 00 0F 00
2026-03-15T14:11:01.927575,119.030,can0  041  [04]  E9 00 0A 00
2026-03-15T14:11:01.930873,119.033,can0  204  [16]  28 58 CC 44 4E 2A 50 4C 4C 1D 30 75 30 75 00 00
2026-03-15T14:11:02.022994,119.125,can0  040  [04]  5D 00 0F 00
2026-03-15T14:11:02.024564,119.127,can0  204  [16]  28 58 CC 44 4E 2A 50 4C 4C 1D 30 75 30 75 00 00
2026-03-15T14:11:02.024666,119.127,can0  100  [03]  8D 58 04
2026-03-15T14:11:02.025136,119.128,can0  120  [04]  00 00 00 00
2026-03-15T14:11:02.121951,119.224,can0  204  [16]  28 58 C9 44 52 2A 0F 4D 4C 1D 30 75 30 75 00 00
2026-03-15T14:11:02.122351,119.225,can0  206  [24]  8B 0C A6 05 77 0C D5 EF 8E 05 9B 0C 7F 0C 00 00 00 00 00 00 00 00 00 00
2026-03-15T14:11:02.122741,119.225,can0  204  [16]  28 58 C9 44 52 2A 0F 4D 4C 1D 30 75 30 75 00 00
2026-03-15T14:11:02.222649,119.325,can0  204  [16]  28 58 C9 44 58 2A 58 4D 4C 1D 30 75 30 75 00 00
2026-03-15T14:11:02.223863,119.326,can0  070  [20]  EE 2A 4D 08 F5 B0 62 03 E8 03 00 00 0B 15 00 00 1F 00 00 00
2026-03-15T14:11:02.224978,119.327,can0  040  [04]  5D 00 10 00
2026-03-15T14:11:02.225609,119.328,can0  041  [04]  FE 00 0C 00
2026-03-15T14:11:02.225689,119.328,can0  060  [32]  00 00 00 00 00 00 00 00 00 00 00 00 00 00 00 00 00 00 00 00 00 00 00 00 00 00 00 00 00 00 00 00
2026-03-15T14:11:02.227217,119.330,can0  204  [16]  28 58 CB 44 5A 2A E7 4E 4C 1D 30 75 30 75 00 00
2026-03-15T14:11:02.227300,119.330,can0  060  [32]  00 00 00 00 EE 2A 4D 08 4A 06 B8 10 00 00 10 0E FF 01 00 00 00 00 00 00 01 00 00 00 00 00 00 00
2026-03-15T14:11:02.326923,119.429,can0  040  [04]  5D 00 10 00
2026-03-15T14:11:02.327335,119.430,can0  204  [16]  28 58 CB 44 5A 2A E7 4E 4C 1D 30 75 30 75 00 00
2026-03-15T14:11:02.328840,119.431,can0  070  [20]  EE 2A 4D 08 F5 B0 62 03 E8 03 00 00 0B 15 00 00 1F 00 00 00
2026-03-15T14:11:02.339056,119.441,can0  206  [24]  8F 0C A6 05 7F 0C 99 C6 90 05 93 0C 7B 0C 00 00 00 00 00 00 00 00 00 00
2026-03-15T14:11:02.388792,119.491,can0  204  [16]  28 58 CA 44 50 2A D8 53 4C 1D 30 75 30 75 00 00
2026-03-15T14:11:02.389126,119.491,can0  204  [16]  28 58 CA 44 50 2A D8 53 4C 1D 30 75 30 75 00 00
2026-03-15T14:11:02.522321,119.625,can0  040  [04]  58 00 12 00
2026-03-15T14:11:02.522853,119.625,can0  041  [04]  00 01 0D 00
2026-03-15T14:11:02.523749,119.626,can0  204  [16]  28 58 CB 44 4E 2A C6 4C 4C 1D 30 75 30 75 00 00
2026-03-15T14:11:02.524630,119.627,can0  040  [04]  58 00 12 00
2026-03-15T14:11:02.530668,119.633,can0  204  [16]  28 58 CB 44 4E 2A C6 4C 4C 1D 30 75 30 75 00 00
2026-03-15T14:11:02.623126,119.726,can0  070  [20]  EC 2A 4D 08 F5 B0 62 03 D0 07 00 00 0B 15 00 00 25 00 00 00
2026-03-15T14:11:02.623758,119.726,can0  206  [24]  83 0C AA 05 87 0C C5 EF 8B 05 8F 0C 83 0C 00 00 00 00 00 00 00 00 00 00
2026-03-15T14:11:02.624182,119.727,can0  204  [16]  28 58 CA 44 5C 2A C5 4C 4C 1D 30 75 30 75 00 00
2026-03-15T14:11:02.625326,119.728,can0  070  [20]  EC 2A 4D 08 F5 B0 62 03 D0 07 00 00 0B 15 00 00 24 00 00 00
2026-03-15T14:11:02.679633,119.782,can0  204  [16]  28 58 CC 44 46 2A C4 4C 4C 1D 30 75 30 75 00 00
2026-03-15T14:11:02.679761,119.782,can0  070  [20]  EC 2A 4D 08 F5 B0 62 03 D0 07 00 00 0B 15 00 00 24 00 00 00
2026-03-15T14:11:02.680700,119.783,can0  204  [16]  28 58 CC 44 46 2A C4 4C 4C 1D 30 75 30 75 00 00
2026-03-15T14:11:02.681037,119.783,can0  041  [04]  01 01 0E 00
2026-03-15T14:11:02.681383,119.784,can0  060  [32]  00 00 00 00 00 00 00 00 00 00 00 00 00 00 00 00 00 00 00 00 00 00 00 00 00 00 00 00 00 00 00 00
2026-03-15T14:11:02.684901,119.787,can0  040  [04]  58 00 12 00
2026-03-15T14:11:02.805872,119.908,can0  040  [04]  58 00 12 00
2026-03-15T14:11:02.806015,119.908,can0  204  [16]  28 58 CB 44 5A 2A C3 4C 4C 1D 30 75 30 75 00 00
2026-03-15T14:11:02.886445,119.989,can0  204  [16]  28 58 CB 44 4E 2A C2 4C 4C 1D 30 75 30 75 00 00
2026-03-15T14:11:02.886945,119.989,can0  206  [24]  8B 0C A6 05 83 0C C5 EF 90 05 8F 0C 7B 0C 00 00 00 00 00 00 00 00 00 00
2026-03-15T14:11:02.887350,119.990,can0  204  [16]  28 58 CB 44 4E 2A C2 4C 4C 1D 30 75 30 75 00 00
2026-03-15T14:11:02.996484,120.099,can0  204  [16]  28 58 CA 44 54 2A C1 4C 4C 1D 30 75 30 75 00 00
2026-03-15T14:11:02.996881,120.099,can0  041  [04]  FE 00 0F 00
2026-03-15T14:11:02.997834,120.100,can0  040  [04]  5D 00 0F 00
2026-03-15T14:11:02.998894,120.101,can0  204  [16]  28 58 CA 44 54 2A C1 4C 4C 1D 30 75 30 75 00 00
2026-03-15T14:11:03.014458,120.117,can0  040  [04]  5D 00 0F 00
2026-03-15T14:11:03.107358,120.210,can0  204  [16]  28 58 CB 44 50 2A BE 4C 4C 1D 30 75 30 75 00 00
2026-03-15T14:11:03.107670,120.210,can0  206  [24]  8B 0C A8 05 7B 0C E4 EF 92 05 8B 0C 83 0C 00 00 00 00 00 00 00 00 00 00
2026-03-15T14:11:03.190162,120.293,can0  204  [16]  28 58 CC 44 4C 2A BE 4C 4C 1D 30 75 30 75 00 00
2026-03-15T14:11:03.191372,120.294,can0  070  [20]  EC 2A 4D 08 F5 B0 62 03 D0 07 00 00 0B 15 00 00 24 00 00 00
2026-03-15T14:11:03.191879,120.294,can0  204  [16]  28 58 CC 44 4C 2A BE 4C 4C 1D 30 75 30 75 00 00
2026-03-15T14:11:03.192597,120.295,can0  100  [03]  8D 58 04
2026-03-15T14:11:03.192885,120.295,can0  110  [02]  7C 1B
2026-03-15T14:11:03.193443,120.296,can0  120  [04]  00 00 00 00
2026-03-15T14:11:03.194504,120.297,can0  060  [32]  00 00 00 00 EC 2A 4D 08 4A 06 B8 10 00 00 10 0E FF 01 00 00 00 00 00 00 01 00 00 00 00 00 00 00
2026-03-15T14:11:03.325962,120.428,can0  040  [04]  63 00 0F 00
2026-03-15T14:11:03.326066,120.428,can0  041  [04]  00 01 0C 00
2026-03-15T14:11:03.326109,120.428,can0  204  [16]  28 58 CC 44 58 2A BB 4C 4C 1D 30 75 30 75 00 00
2026-03-15T14:11:03.326146,120.429,can0  040  [04]  63 00 0F 00
2026-03-15T14:11:03.326180,120.429,can0  204  [16]  28 58 CC 44 58 2A BB 4C 4C 1D 30 75 30 75 00 00
2026-03-15T14:11:03.326220,120.429,can0  070  [20]  EC 2A 4D 08 F5 B0 62 03 D0 07 00 00 0B 15 00 00 24 00 00 00
2026-03-15T14:11:03.422653,120.525,can0  204  [16]  28 58 CC 44 5A 2A BA 4C 4C 1D 30 75 30 75 00 00
2026-03-15T14:11:03.423010,120.525,can0  206  [24]  8B 0C A6 05 7F 0C D5 EF 92 05 93 0C 7F 0C 00 00 00 00 00 00 00 00 00 00
2026-03-15T14:11:03.522137,120.625,can0  204  [16]  28 58 CC 44 5A 2A B8 4C 4C 1D 30 75 30 75 00 00
2026-03-15T14:11:03.522482,120.625,can0  204  [16]  28 58 CC 44 5A 2A B8 4C 4C 1D 30 75 30 75 00 00
2026-03-15T14:11:03.523284,120.626,can0  040  [04]  6A 00 0E 00
2026-03-15T14:11:03.526396,120.629,can0  041  [04]  09 01 08 00
2026-03-15T14:11:03.622372,120.725,can0  204  [16]  28 58 CC 44 5A 2A B8 4C 4C 1D 30 75 30 75 00 00
2026-03-15T14:11:03.623489,120.726,can0  070  [20]  EC 2A 4D 08 F3 B0 62 03 B8 0B 00 00 0B 15 00 00 43 00 00 00
2026-03-15T14:11:03.624524,120.727,can0  040  [04]  6A 00 0E 00
2026-03-15T14:11:03.625739,120.728,can0  070  [20]  EC 2A 4D 08 F3 B0 62 03 B8 0B 00 00 0B 15 00 00 44 00 00 00
2026-03-15T14:11:03.626363,120.729,can0  204  [16]  28 58 C9 44 85 2A FA 4E 4C 1D 30 75 30 75 00 00
2026-03-15T14:11:03.721837,120.824,can0  206  [24]  8B 0C A6 05 7B 0C B6 EF 92 05 9B 0C 7B 0C 00 00 00 00 00 00 00 00 00 00
2026-03-15T14:11:03.723045,120.825,can0  070  [20]  EC 2A 4D 08 F3 B0 62 03 B8 0B 00 00 0B 15 00 00 44 00 00 00
2026-03-15T14:11:03.723505,120.826,can0  204  [16]  28 58 C9 44 85 2A FA 4E 4C 1D 30 75 30 75 00 00
2026-03-15T14:11:03.723804,120.826,can0  060  [32]  00 00 00 00 00 00 00 00 00 00 00 00 00 00 00 00 00 00 00 00 00 00 00 00 00 00 00 00 00 00 00 00
2026-03-15T14:11:03.822217,120.925,can0  204  [16]  28 58 CA 44 34 2A D7 4E 4C 1D 30 75 30 75 00 00
2026-03-15T14:11:03.822962,120.925,can0  040  [04]  66 00 0D 00
2026-03-15T14:11:03.824526,120.927,can0  041  [04]  10 01 08 00
2026-03-15T14:11:03.824619,120.927,can0  204  [16]  28 58 CA 44 34 2A D7 4E 4C 1D 30 75 30 75 00 00
2026-03-15T14:11:03.824690,120.927,can0  040  [04]  66 00 0D 00
2026-03-15T14:11:03.922806,121.025,can0  204  [16]  28 58 CC 44 81 2A 60 53 4C 1D 30 75 30 75 00 00
2026-03-15T14:11:03.923184,121.026,can0  206  [24]  87 0C A6 05 7F 0C C5 EF 8E 05 9B 0C 83 0C 00 00 00 00 00 00 00 00 00 00
2026-03-15T14:11:03.923451,121.026,can0  204  [16]  28 58 C6 44 44 2A 23 55 4C 1D 30 75 30 75 00 00
2026-03-15T14:11:04.022435,121.125,can0  204  [16]  28 58 C6 44 44 2A 23 55 4C 1D 30 75 30 75 00 00
2026-03-15T14:11:04.121858,121.224,can0  041  [04]  08 01 08 00
2026-03-15T14:11:04.122719,121.225,can0  040  [04]  5F 00 0B 00
2026-03-15T14:11:04.123135,121.226,can0  204  [16]  28 58 C5 44 60 2A AE 4C 4C 1D 30 75 30 75 00 00
2026-03-15T14:11:04.124296,121.227,can0  040  [04]  5F 00 0B 00
2026-03-15T14:11:04.124695,121.227,can0  204  [16]  28 58 C5 44 60 2A AE 4C 4C 1D 30 75 30 75 00 00
2026-03-15T14:11:04.221921,121.324,can0  204  [16]  28 58 C5 44 54 2A AC 4C 4C 1D 30 75 30 75 00 00
2026-03-15T14:11:04.222188,121.325,can0  206  [24]  8B 0C A6 05 77 0C D5 EF 94 05 97 0C 83 0C 00 00 00 00 00 00 00 00 00 00
2026-03-15T14:11:04.223328,121.326,can0  070  [20]  EC 2A 4D 08 F3 B0 62 03 B8 0B 00 00 0B 15 00 00 44 00 00 00
2026-03-15T14:11:04.223794,121.326,can0  060  [32]  00 00 00 00 00 00 00 00 00 00 00 00 00 00 00 00 00 00 00 00 00 00 00 00 00 00 00 00 00 00 00 00
2026-03-15T14:11:04.224114,121.326,can0  204  [16]  28 58 CA 44 5E 2A AB 4C 4C 1D 30 75 30 75 00 00
2026-03-15T14:11:04.323339,121.426,can0  060  [32]  00 00 00 00 EC 2A 4D 08 48 06 B8 10 00 00 10 0E FF 01 00 00 00 00 00 00 01 00 00 00 00 00 00 00
2026-03-15T14:11:04.323954,121.426,can0  204  [16]  28 58 CA 44 5E 2A AB 4C 4C 1D 30 75 30 75 00 00
2026-03-15T14:11:04.325082,121.427,can0  070  [20]  EC 2A 4D 08 F3 B0 62 03 B8 0B 00 00 0B 15 00 00 44 00 00 00
2026-03-15T14:11:04.325896,121.428,can0  040  [04]  5F 00 0B 00
2026-03-15T14:11:04.326780,121.429,can0  041  [04]  10 01 08 00
2026-03-15T14:11:04.422649,121.525,can0  204  [16]  28 58 C9 44 4E 2A AA 4C 4C 1D 30 75 30 75 00 00
2026-03-15T14:11:04.423667,121.526,can0  040  [04]  5F 00 0B 00
2026-03-15T14:11:04.424997,121.527,can0  204  [16]  28 58 C9 44 4E 2A AA 4C 4C 1D 30 75 30 75 00 00
2026-03-15T14:11:04.425084,121.527,can0  100  [03]  8B 58 04
2026-03-15T14:11:04.425781,121.528,can0  120  [04]  00 00 00 00
2026-03-15T14:11:04.522825,121.625,can0  206  [24]  8B 0C A8 05 7B 0C B6 EF 9B 05 93 0C 83 0C 00 00 00 00 00 00 00 00 00 00
2026-03-15T14:11:04.523091,121.625,can0  204  [16]  28 58 CB 44 42 2A A9 4C 4C 1D 30 75 30 75 00 00
2026-03-15T14:11:04.523316,121.626,can0  204  [16]  28 58 CB 44 42 2A A9 4C 4C 1D 30 75 30 75 00 00
2026-03-15T14:11:04.623410,121.726,can0  070  [20]  EC 2A 4D 08 F2 B0 62 03 A0 0F 00 00 0B 15 00 00 34 00 00 00
2026-03-15T14:11:04.624219,121.727,can0  040  [04]  58 00 0B 00
2026-03-15T14:11:04.625721,121.728,can0  041  [04]  10 01 08 00
2026-03-15T14:11:04.625787,121.728,can0  070  [20]  EC 2A 4D 08 F2 B0 62 03 A0 0F 00 00 0B 15 00 00 34 00 00 00
2026-03-15T14:11:04.626382,121.729,can0  204  [16]  28 58 C7 44 50 2A A7 4C 4C 1D 30 75 30 75 00 00
2026-03-15T14:11:04.729140,121.832,can0  040  [04]  58 00 0B 00
2026-03-15T14:11:04.731152,121.834,can0  204  [16]  28 58 C9 44 5C 2A A5 4C 4C 1D 30 75 30 75 00 00
2026-03-15T14:11:04.731246,121.834,can0  070  [20]  EC 2A 4D 08 F2 B0 62 03 A0 0F 00 00 0B 15 00 00 34 00 00 00
2026-03-15T14:11:04.731591,121.834,can0  206  [24]  83 0C A8 05 7F 0C D5 EF 90 05 97 0C 83 0C 00 00 00 00 00 00 00 00 00 00
2026-03-15T14:11:04.731945,121.834,can0  204  [16]  28 58 C7 44 70 2A A4 4C 4C 1D 30 75 30 75 00 00
2026-03-15T14:11:04.822539,121.925,can0  060  [32]  00 00 00 00 00 00 00 00 00 00 00 00 00 00 00 00 00 00 00 00 00 00 00 00 00 00 00 00 00 00 00 00
2026-03-15T14:11:04.829921,121.932,can0  204  [16]  28 58 C7 44 70 2A A4 4C 4C 1D 30 75 30 75 00 00
2026-03-15T14:11:04.830204,121.933,can0  110  [02]  7C 1B
2026-03-15T14:11:04.830957,121.933,can0  040  [04]  5F 00 0B 00
2026-03-15T14:11:04.922686,122.025,can0  041  [04]  10 01 08 00
2026-03-15T14:11:04.923077,122.025,can0  204  [16]  28 58 CC 44 54 2A A2 4C 4C 1D 30 75 30 75 00 00
2026-03-15T14:11:04.923903,122.026,can0  040  [04]  5F 00 0B 00
2026-03-15T14:11:04.924337,122.027,can0  204  [16]  28 58 CC 44 54 2A A2 4C 4C 1D 30 75 30 75 00 00
2026-03-15T14:11:05.022596,122.125,can0  204  [16]  28 58 C9 44 56 2A 9F 4C 4C 1D 30 75 30 75 00 00
2026-03-15T14:11:05.022964,122.125,can0  206  [24]  8B 0C AA 05 7B 0C D5 EF 90 05 97 0C 7F 0C 00 00 00 00 00 00 00 00 00 00
2026-03-15T14:11:05.023321,122.126,can0  204  [16]  28 58 CB 44 46 2A 9F 4C 4C 1D 30 75 30 75 00 00
2026-03-15T14:11:05.126651,122.229,can0  204  [16]  28 58 CB 44 46 2A 9F 4C 4C 1D 30 75 30 75 00 00
2026-03-15T14:11:05.127040,122.229,can0  041  [04]  10 01 08 00
2026-03-15T14:11:05.127784,122.230,can0  040  [04]  6D 00 0A 00
2026-03-15T14:11:05.222665,122.325,can0  204  [16]  28 58 C8 44 5E 2A 9C 4C 4C 1D 30 75 30 75 00 00
2026-03-15T14:11:05.223634,122.326,can0  040  [04]  6D 00 0A 00
2026-03-15T14:11:05.225460,122.328,can0  204  [16]  28 58 C8 44 5E 2A 9C 4C 4C 1D 30 75 30 75 00 00
2026-03-15T14:11:05.225543,122.328,can0  070  [20]  EC 2A 4D 08 F2 B0 62 03 A0 0F 00 00 0B 15 00 00 34 00 00 00
2026-03-15T14:11:05.322582,122.425,can0  206  [24]  83 0C A6 05 7F 0C C5 EF 8E 05 93 0C 87 0C 00 00 00 00 00 00 00 00 00 00
2026-03-15T14:11:05.323824,122.426,can0  060  [32]  00 00 00 00 EC 2A 4D 08 46 06 B8 10 00 00 10 0E FF 01 00 00 00 00 00 00 01 00 00 00 00 00 00 00
2026-03-15T14:11:05.324539,122.427,can0  204  [16]  28 58 C9 44 5C 2A 9B 4C 4C 1D 30 75 30 75 00 00
2026-03-15T14:11:05.325667,122.428,can0  070  [20]  EC 2A 4D 08 F2 B0 62 03 A0 0F 00 00 0B 15 00 00 34 00 00 00
2026-03-15T14:11:05.326268,122.429,can0  204  [16]  28 58 C8 44 68 2A 99 4C 4C 1D 30 75 30 75 00 00
2026-03-15T14:11:05.422056,122.524,can0  041  [04]  10 01 06 00
2026-03-15T14:11:05.422838,122.525,can0  040  [04]  7A 00 09 00
2026-03-15T14:11:05.423328,122.526,can0  204  [16]  28 58 C8 44 68 2A 99 4C 4C 1D 30 75 30 75 00 00
2026-03-15T14:11:05.424200,122.527,can0  040  [04]  7A 00 09 00
2026-03-15T14:11:05.521867,122.624,can0  204  [16]  28 58 CA 44 62 2A 98 4C 4C 1D 30 75 30 75 00 00
2026-03-15T14:11:05.522204,122.625,can0  204  [16]  28 58 CA 44 62 2A 98 4C 4C 1D 30 75 30 75 00 00
2026-03-15T14:11:05.522679,122.625,can0  206  [24]  93 0C A6 05 6B 0C C5 EF 89 05 93 0C 83 0C 00 00 00 00 00 00 00 00 00 00
2026-03-15T14:11:05.623617,122.726,can0  070  [20]  EC 2A 4D 08 F0 B0 62 03 88 13 00 00 0B 15 00 00 2E 00 00 00
2026-03-15T14:11:05.624153,122.727,can0  204  [16]  28 58 C6 44 50 2A 95 4C 4C 1D 30 75 30 75 00 00
2026-03-15T14:11:05.625110,122.727,can0  070  [20]  EC 2A 4D 08 F0 B0 62 03 88 13 00 00 0B 15 00 00 2E 00 00 00
2026-03-15T14:11:05.625806,122.728,can0  100  [03]  89 58 04
2026-03-15T14:11:05.626322,122.729,can0  120  [04]  00 00 00 00
2026-03-15T14:11:05.724351,122.827,can0  040  [04]  7A 00 09 00
2026-03-15T14:11:05.725074,122.827,can0  204  [16]  28 58 C9 44 56 2A 95 4C 4C 1D 30 75 30 75 00 00
2026-03-15T14:11:05.725705,122.828,can0  041  [04]  10 01 05 00
2026-03-15T14:11:05.727290,122.830,can0  070  [20]  EC 2A 4D 08 F0 B0 62 03 88 13 00 00 0B 15 00 00 2E 00 00 00
2026-03-15T14:11:05.728449,122.831,can0  040  [04]  7A 00 09 00
2026-03-15T14:11:05.729151,122.832,can0  204  [16]  28 58 C9 44 56 2A 95 4C 4C 1D 30 75 30 75 00 00
2026-03-15T14:11:05.822595,122.925,can0  060  [32]  00 00 00 00 00 00 00 00 00 00 00 00 00 00 00 00 00 00 00 00 00 00 00 00 00 00 00 00 00 00 00 00
2026-03-15T14:11:05.822985,122.925,can0  204  [16]  28 58 C6 44 54 2A 92 4C 4C 1D 30 75 30 75 00 00
2026-03-15T14:11:05.823358,122.926,can0  206  [24]  8B 0C AA 05 7B 0C D5 EF 92 05 A7 0C 7F 0C 00 00 00 00 00 00 00 00 00 00
2026-03-15T14:11:05.823692,122.926,can0  204  [16]  28 58 CB 44 56 2A 92 4C 4C 1D 30 75 30 75 00 00
2026-03-15T14:11:05.926035,123.028,can0  204  [16]  28 58 CB 44 56 2A 92 4C 4C 1D 30 75 30 75 00 00
2026-03-15T14:11:05.926944,123.029,can0  040  [04]  76 00 09 00
2026-03-15T14:11:05.931193,123.034,can0  041  [04]  E4 00 02 00
2026-03-15T14:11:06.022622,123.125,can0  204  [16]  28 58 C8 44 5C 2A 8F 4C 4C 1D 30 75 30 75 00 00
2026-03-15T14:11:06.023412,123.126,can0  040  [04]  76 00 09 00
2026-03-15T14:11:06.023846,123.126,can0  204  [16]  28 58 C8 44 5C 2A 8F 4C 4C 1D 30 75 30 75 00 00
2026-03-15T14:11:06.122282,123.225,can0  206  [24]  8F 0C AA 05 7B 0C F4 EF 90 05 97 0C 7B 0C 00 00 00 00 00 00 00 00 00 00
2026-03-15T14:11:06.122649,123.225,can0  204  [16]  28 58 C8 44 44 2A 8E 4C 4C 1D 30 75 30 75 00 00
2026-03-15T14:11:06.122909,123.225,can0  204  [16]  28 58 C6 44 6E 2A 8C 4C 4C 1D 30 75 30 75 00 00
2026-03-15T14:11:06.227479,123.330,can0  132  [00]
2026-03-15T14:11:06.228342,123.331,can0  040  [04]  6D 00 0A 00
2026-03-15T14:11:06.230118,123.332,can0  041  [04]  10 01 02 00
2026-03-15T14:11:06.230215,123.333,can0  070  [20]  EC 2A 4D 08 F0 B0 62 03 88 13 00 00 0B 15 00 00 2E 00 00 00
2026-03-15T14:11:06.230751,123.333,can0  204  [16]  28 58 C6 44 6E 2A 8C 4C 4C 1D 30 75 30 75 00 00
2026-03-15T14:11:06.231583,123.334,can0  040  [04]  6D 00 0A 00
2026-03-15T14:11:06.322054,123.424,can0  204  [16]  28 58 CB 44 2F 2A 8D 4C 4C 1D 30 75 30 75 00 00
2026-03-15T14:11:06.322394,123.425,can0  060  [32]  00 00 00 00 00 00 00 00 00 00 00 00 00 00 00 00 00 00 00 00 00 00 00 00 00 00 00 00 00 00 00 00
2026-03-15T14:11:06.323612,123.426,can0  060  [32]  00 00 00 00 EC 2A 4D 08 45 06 B8 10 00 00 10 0E FF 01 00 00 00 00 00 00 01 00 00 00 00 00 00 00
2026-03-15T14:11:06.325282,123.428,can0  204  [16]  28 58 CB 44 2F 2A 8D 4C 4C 1D 30 75 30 75 00 00
2026-03-15T14:11:06.325351,123.428,can0  070  [20]  EC 2A 4D 08 F0 B0 62 03 88 13 00 00 0B 15 00 00 2E 00 00 00
2026-03-15T14:11:06.422560,123.525,can0  206  [24]  87 0C A6 05 7F 0C D5 EF 96 05 9F 0C 83 0C 00 00 00 00 00 00 00 00 00 00
2026-03-15T14:11:06.422897,123.525,can0  204  [16]  28 58 CB 44 64 2A 8A 4C 4C 1D 30 75 30 75 00 00
2026-03-15T14:11:06.423152,123.526,can0  110  [02]  7E 1B
2026-03-15T14:11:06.423497,123.526,can0  204  [16]  28 58 CB 44 4A 2A 89 4C 4C 1D 30 75 30 75 00 00
2026-03-15T14:11:06.521818,123.624,can0  041  [04]  24 01 04 00
2026-03-15T14:11:06.522627,123.625,can0  040  [04]  73 00 0B 00
2026-03-15T14:11:06.526618,123.629,can0  204  [16]  28 58 CB 44 4A 2A 89 4C 4C 1D 30 75 30 75 00 00
2026-03-15T14:11:06.526698,123.629,can0  040  [04]  73 00 0B 00
2026-03-15T14:11:06.623531,123.726,can0  070  [20]  EC 2A 4D 08 F0 B0 62 03 70 17 00 00 0B 15 00 00 11 00 00 00
2026-03-15T14:11:06.623941,123.726,can0  204  [16]  28 58 C2 44 54 2A 87 4C 4C 1D 30 75 30 75 00 00
2026-03-15T14:11:06.624849,123.727,can0  070  [20]  EC 2A 4D 08 F0 B0 62 03 70 17 00 00 0B 15 00 00 10 00 00 00
2026-03-15T14:11:06.625492,123.728,can0  206  [24]  87 0C A6 05 87 0C E4 EF 90 05 8F 0C 7F 0C 00 00 00 00 00 00 00 00 00 00
2026-03-15T14:11:06.625824,123.728,can0  204  [16]  28 58 C8 44 70 2A 86 4C 4C 1D 30 75 30 75 00 00
2026-03-15T14:11:06.722141,123.825,can0  133  [00]
2026-03-15T14:11:06.723627,123.826,can0  204  [16]  28 58 C8 44 70 2A 86 4C 4C 1D 30 75 30 75 00 00
2026-03-15T14:11:06.723696,123.826,can0  070  [20]  EC 2A 4D 08 F0 B0 62 03 70 17 00 00 0B 15 00 00 10 00 00 00
2026-03-15T14:11:06.725012,123.827,can0  040  [04]  87 00 0B 00
2026-03-15T14:11:06.727812,123.830,can0  041  [04]  2B 01 04 00
2026-03-15T14:11:06.822772,123.925,can0  204  [16]  28 58 CA 44 36 2A 84 4C 4C 1D 30 75 30 75 00 00
2026-03-15T14:11:06.823508,123.926,can0  040  [04]  87 00 0B 00
2026-03-15T14:11:06.824464,123.927,can0  060  [32]  00 00 00 00 00 00 00 00 00 00 00 00 00 00 00 00 00 00 00 00 00 00 00 00 00 00 00 00 00 00 00 00
2026-03-15T14:11:06.824555,123.927,can0  204  [16]  28 58 CA 44 36 2A 84 4C 4C 1D 30 75 30 75 00 00
2026-03-15T14:11:06.825257,123.928,can0  100  [03]  85 58 04
2026-03-15T14:11:06.825839,123.928,can0  120  [04]  00 00 00 00
2026-03-15T14:11:06.922479,124.025,can0  204  [16]  28 58 CC 44 56 2A 82 4C 4C 1D 30 75 30 75 00 00
2026-03-15T14:11:06.926176,124.029,can0  206  [24]  8B 0C A8 05 7F 0C C5 EF 90 05 93 0C 7F 0C 00 00 00 00 00 00 00 00 00 00
2026-03-15T14:11:06.926294,124.029,can0  204  [16]  28 58 C9 44 46 2A 7F 4C 4C 1D 30 75 30 75 00 00
2026-03-15T14:11:07.027628,124.130,can0  040  [04]  8B 00 0A 00
2026-03-15T14:11:07.028480,124.131,can0  041  [04]  3F 01 04 00
2026-03-15T14:11:07.028855,124.131,can0  204  [16]  28 58 C9 44 46 2A 7F 4C 4C 1D 30 75 30 75 00 00
2026-03-15T14:11:07.029824,124.132,can0  040  [04]  8B 00 0A 00
2026-03-15T14:11:07.122648,124.225,can0  204  [16]  28 58 CB 44 70 2A 80 4C 4C 1D 30 75 30 75 00 00
2026-03-15T14:11:07.123099,124.225,can0  204  [16]  28 58 CB 44 70 2A 80 4C 4C 1D 30 75 30 75 00 00
2026-03-15T14:11:07.123541,124.226,can0  206  [24]  87 0C A6 05 77 0C C5 EF 90 05 9B 0C 83 0C 00 00 00 00 00 00 00 00 00 00
2026-03-15T14:11:07.222127,124.325,can0  204  [16]  28 58 C8 44 40 2A 7E 4C 4C 1D 30 75 30 75 00 00
2026-03-15T14:11:07.223514,124.326,can0  070  [20]  EC 2A 4D 08 F0 B0 62 03 70 17 00 00 0B 15 00 00 10 00 00 00
2026-03-15T14:11:07.224692,124.327,can0  204  [16]  28 58 CB 44 70 2A 7D 4C 4C 1D 30 75 30 75 00 00
2026-03-15T14:11:07.224767,124.327,can0  040  [04]  76 00 0A 00
2026-03-15T14:11:07.326977,124.429,can0  041  [04]  2B 01 04 00
2026-03-15T14:11:07.328838,124.431,can0  060  [32]  00 00 00 00 EC 2A 4D 08 45 06 B8 10 00 00 10 0E FF 01 00 00 00 00 00 00 01 00 00 00 00 00 00 00
2026-03-15T14:11:07.329216,124.432,can0  204  [16]  28 58 CB 44 70 2A 7D 4C 4C 1D 30 75 30 75 00 00
2026-03-15T14:11:07.330761,124.433,can0  070  [20]  EC 2A 4D 08 F0 B0 62 03 70 17 00 00 0B 15 00 00 10 00 00 00
2026-03-15T14:11:07.331714,124.434,can0  040  [04]  76 00 0A 00
2026-03-15T14:11:07.389054,124.491,can0  204  [16]  28 58 C8 44 46 2A 7A 4C 4C 1D 30 75 30 75 00 00
2026-03-15T14:11:07.389562,124.492,can0  204  [16]  28 58 C8 44 46 2A 7A 4C 4C 1D 30 75 30 75 00 00
2026-03-15T14:11:07.389917,124.492,can0  206  [24]  8F 0C A3 05 7B 0C C5 EF 90 05 97 0C 7F 0C 00 00 00 00 00 00 00 00 00 00
2026-03-15T14:11:07.522604,124.625,can0  204  [16]  28 58 CC 44 4E 2A 7A 4C 4C 1D 30 75 30 75 00 00
2026-03-15T14:11:07.523421,124.626,can0  040  [04]  78 00 0B 00
2026-03-15T14:11:07.523771,124.626,can0  041  [04]  1F 01 04 00
2026-03-15T14:11:07.524539,124.627,can0  204  [16]  28 58 CC 44 4E 2A 7A 4C 4C 1D 30 75 30 75 00 00
2026-03-15T14:11:07.623241,124.726,can0  040  [04]  78 00 0B 00
2026-03-15T14:11:07.625327,124.728,can0  070  [20]  EC 2A 4D 08 EE B0 62 03 58 1B 00 00 0B 15 00 00 0D 00 00 00
2026-03-15T14:11:07.625972,124.728,can0  204  [16]  28 58 CB 44 64 2A 78 4C 4C 1D 30 75 30 75 00 00
2026-03-15T14:11:07.627325,124.730,can0  070  [20]  EC 2A 4D 08 EE B0 62 03 58 1B 00 00 0B 15 00 00 0E 00 00 00
2026-03-15T14:11:07.723110,124.825,can0  204  [16]  28 58 CB 44 40 2A 77 4C 4C 1D 30 75 30 75 00 00
2026-03-15T14:11:07.723511,124.826,can0  206  [24]  7F 0C A3 05 77 0C C5 EF 92 05 9B 0C 8B 0C 00 00 00 00 00 00 00 00 00 00
2026-03-15T14:11:07.724831,124.827,can0  070  [20]  EC 2A 4D 08 EE B0 62 03 58 1B 00 00 0B 15 00 00 0E 00 00 00
2026-03-15T14:11:07.725273,124.828,can0  204  [16]  28 58 C9 44 6E 2A 76 4C 4C 1D 30 75 30 75 00 00
2026-03-15T14:11:07.822722,124.925,can0  041  [04]  10 01 07 00
2026-03-15T14:11:07.822929,124.925,can0  060  [32]  00 00 00 00 00 00 00 00 00 00 00 00 00 00 00 00 00 00 00 00 00 00 00 00 00 00 00 00 00 00 00 00
2026-03-15T14:11:07.823722,124.926,can0  040  [04]  8E 00 0B 00
2026-03-15T14:11:07.827179,124.930,can0  204  [16]  28 58 C9 44 6E 2A 76 4C 4C 1D 30 75 30 75 00 00
2026-03-15T14:11:07.827283,124.930,can0  040  [04]  8E 00 0B 00
2026-03-15T14:11:07.922936,125.025,can0  204  [16]  28 58 C7 44 3E 2A 73 4C 4C 1D 30 75 30 75 00 00
2026-03-15T14:11:07.923335,125.026,can0  204  [16]  28 58 C7 44 3E 2A 73 4C 4C 1D 30 75 30 75 00 00
2026-03-15T14:11:07.923682,125.026,can0  206  [24]  8B 0C AE 05 77 0C A6 EF 92 05 9F 0C 7F 0C 00 00 00 00 00 00 00 00 00 00
2026-03-15T14:11:08.021848,125.124,can0  204  [16]  28 58 CB 44 72 2A 74 4C 4C 1D 30 75 30 75 00 00
2026-03-15T14:11:08.022513,125.125,can0  100  [03]  85 58 04
2026-03-15T14:11:08.022992,125.125,can0  110  [02]  7D 1B
2026-03-15T14:11:08.023610,125.126,can0  120  [04]  00 00 00 00
2026-03-15T14:11:08.023893,125.126,can0  204  [16]  28 58 C8 44 34 2A 71 4C 4C 1D 30 75 30 75 00 00
2026-03-15T14:11:08.024814,125.127,can0  040  [04]  AF 00 10 00
2026-03-15T14:11:08.121929,125.224,can0  041  [04]  10 01 07 00
2026-03-15T14:11:08.125753,125.228,can0  040  [04]  AF 00 10 00
2026-03-15T14:11:08.125845,125.228,can0  204  [16]  28 58 C8 44 34 2A 71 4C 4C 1D 30 75 30 75 00 00
2026-03-15T14:11:08.222498,125.325,can0  204  [16]  28 58 C9 44 54 2A 71 4C 4C 1D 30 75 30 75 00 00
2026-03-15T14:11:08.222927,125.325,can0  206  [24]  8B 0C A8 05 8B 0C C5 EF 90 05 8B 0C 7B 0C 00 00 00 00 00 00 00 00 00 00
2026-03-15T14:11:08.224560,125.327,can0  070  [20]  EC 2A 4D 08 EE B0 62 03 58 1B 00 00 0B 15 00 00 0E 00 00 00
2026-03-15T14:11:08.225186,125.328,can0  204  [16]  28 58 C9 44 54 2A 71 4C 4C 1D 30 75 30 75 00 00
2026-03-15T14:11:08.322721,125.425,can0  204  [16]  28 58 C8 44 6C 2A 6F 4C 4C 1D 30 75 30 75 00 00
2026-03-15T14:11:08.323114,125.425,can0  060  [32]  00 00 00 00 00 00 00 00 00 00 00 00 00 00 00 00 00 00 00 00 00 00 00 00 00 00 00 00 00 00 00 00
2026-03-15T14:11:08.324262,125.427,can0  060  [32]  00 00 00 00 EC 2A 4D 08 43 06 B8 10 00 00 10 0E FF 01 00 00 00 00 00 00 01 00 00 00 00 00 00 00
2026-03-15T14:11:08.325505,125.428,can0  040  [04]  B7 00 12 00
2026-03-15T14:11:08.327317,125.430,can0  041  [04]  08 01 07 00
2026-03-15T14:11:08.327380,125.430,can0  070  [20]  EC 2A 4D 08 EE B0 62 03 58 1B 00 00 0B 15 00 00 0E 00 00 00
2026-03-15T14:11:08.329946,125.432,can0  204  [16]  28 58 CB 44 44 2A 6E 4C 4C 1D 30 75 30 75 00 00
2026-03-15T14:11:08.422806,125.525,can0  040  [04]  B7 00 12 00
2026-03-15T14:11:08.423995,125.526,can0  204  [16]  28 58 CB 44 44 2A 6E 4C 4C 1D 30 75 30 75 00 00
2026-03-15T14:11:08.522411,125.625,can0  204  [16]  28 58 C7 44 5A 2A 6B 4C 4C 1D 30 75 30 75 00 00
2026-03-15T14:11:08.522817,125.625,can0  206  [24]  83 0C 9F 05 7F 0C C5 EF 92 05 97 0C 83 0C 00 00 00 00 00 00 00 00 00 00
2026-03-15T14:11:08.525478,125.628,can0  204  [16]  28 58 C7 44 5A 2A 6B 4C 4C 1D 30 75 30 75 00 00
2026-03-15T14:11:08.623489,125.726,can0  070  [20]  EC 2A 4D 08 EE B0 62 03 40 1F 00 00 0B 15 00 00 0D 00 00 00
2026-03-15T14:11:08.624301,125.727,can0  040  [04]  C9 00 0F 00
2026-03-15T14:11:08.626354,125.729,can0  041  [04]  00 01 09 00
2026-03-15T14:11:08.626436,125.729,can0  204  [16]  28 58 C9 44 48 2A 69 4C 4C 1D 30 75 30 75 00 00
2026-03-15T14:11:08.626504,125.729,can0  070  [20]  EC 2A 4D 08 EE B0 62 03 40 1F 00 00 0B 15 00 00 0D 00 00 00
2026-03-15T14:11:08.627377,125.730,can0  040  [04]  C9 00 0F 00
2026-03-15T14:11:08.722174,125.825,can0  204  [16]  28 58 C9 44 56 2A 68 4C 4C 1D 30 75 30 75 00 00
2026-03-15T14:11:08.723814,125.826,can0  070  [20]  EC 2A 4D 08 EE B0 62 03 40 1F 00 00 0B 15 00 00 0D 00 00 00
2026-03-15T14:11:08.724401,125.827,can0  204  [16]  28 58 C9 44 56 2A 68 4C 4C 1D 30 75 30 75 00 00
2026-03-15T14:11:08.822088,125.924,can0  206  [24]  87 0C AA 05 7F 0C D5 EF 8E 05 8F 0C 83 0C 00 00 00 00 00 00 00 00 00 00
2026-03-15T14:11:08.822446,125.925,can0  204  [16]  28 58 CD 44 5A 2A 66 4C 4C 1D 30 75 30 75 00 00
2026-03-15T14:11:08.822732,125.925,can0  060  [32]  00 00 00 00 00 00 00 00 00 00 00 00 00 00 00 00 00 00 00 00 00 00 00 00 00 00 00 00 00 00 00 00
2026-03-15T14:11:08.823035,125.925,can0  204  [16]  28 58 C9 44 4E 2A 66 4C 4C 1D 30 75 30 75 00 00
2026-03-15T14:11:08.825664,125.928,can0  041  [04]  FB 00 08 00
2026-03-15T14:11:08.922769,126.025,can0  040  [04]  B3 00 0D 00
2026-03-15T14:11:08.923267,126.026,can0  204  [16]  28 58 C9 44 4E 2A 66 4C 4C 1D 30 75 30 75 00 00
2026-03-15T14:11:08.924360,126.027,can0  040  [04]  B3 00 0D 00
2026-03-15T14:11:09.022213,126.125,can0  204  [16]  28 58 C6 44 66 2A 64 4C 4C 1D 30 75 30 75 00 00
2026-03-15T14:11:09.022451,126.125,can0  204  [16]  28 58 C6 44 66 2A 64 4C 4C 1D 30 75 30 75 00 00
2026-03-15T14:11:09.022724,126.125,can0  206  [24]  AB 0C AA 05 83 0C C5 EF 90 05 9B 0C 5B 0C 00 00 00 00 00 00 00 00 00 00
2026-03-15T14:11:09.023999,126.126,can0  060  [32]  A0 98 D6 02 BC 2B 4D 08 CE 36 B8 10 00 00 27 0D FF 01 00 00 00 00 00 00 01 00 00 00 00 00 00 00
2026-03-15T14:11:09.125382,126.228,can0  204  [16]  28 58 C8 44 5A 2A 64 4C 4C 1D 30 75 30 75 00 00
2026-03-15T14:11:09.126538,126.229,can0  041  [04]  F3 00 09 00
2026-03-15T14:11:09.126624,126.229,can0  040  [04]  87 00 0A 00
2026-03-15T14:11:09.133048,126.235,can0  204  [16]  28 58 C7 44 60 2A 61 4C 4C 1D 30 75 30 75 00 00
2026-03-15T14:11:09.222986,126.325,can0  040  [04]  87 00 0A 00
2026-03-15T14:11:09.225179,126.328,can0  070  [20]  EC 2A 4D 08 EE B0 62 03 40 1F 00 00 0B 15 00 00 0D 00 00 00
2026-03-15T14:11:09.225585,126.328,can0  204  [16]  28 58 C7 44 60 2A 61 4C 4C 1D 30 75 30 75 00 00
2026-03-15T14:11:09.226215,126.329,can0  100  [03]  87 58 04
2026-03-15T14:11:09.226886,126.329,can0  120  [04]  00 00 00 00
2026-03-15T14:11:09.323000,126.425,can0  204  [16]  28 58 CB 44 54 2A 61 4C 4C 1D 30 75 30 75 00 00
2026-03-15T14:11:09.323140,126.426,can0  206  [24]  8F 0C A8 05 7F 0C D5 EF 90 05 93 0C 7B 0C 00 00 00 00 00 00 00 00 00 00
2026-03-15T14:11:09.323258,126.426,can0  204  [16]  28 58 CB 44 54 2A 61 4C 4C 1D 30 75 30 75 00 00
2026-03-15T14:11:09.324597,126.427,can0  070  [20]  EC 2A 4D 08 EE B0 62 03 40 1F 00 00 0B 15 00 00 0D 00 00 00
2026-03-15T14:11:09.422460,126.525,can0  204  [16]  28 58 C9 44 60 2A 5E 4C 4C 1D 30 75 30 75 00 00
2026-03-15T14:11:09.423905,126.526,can0  040  [04]  78 00 0C 00
2026-03-15T14:11:09.424371,126.527,can0  041  [04]  F3 00 07 00
2026-03-15T14:11:09.425770,126.528,can0  204  [16]  28 58 C8 44 52 2A 5E 4C 4C 1D 30 75 30 75 00 00
2026-03-15T14:11:09.425836,126.528,can0  040  [04]  78 00 0C 00
2026-03-15T14:11:09.522957,126.625,can0  204  [16]  28 58 C8 44 52 2A 5E 4C 4C 1D 30 75 30 75 00 00
2026-03-15T14:11:09.523409,126.626,can0  206  [24]  83 0C A6 05 7B 0C B6 EF 98 05 9F 0C 83 0C 00 00 00 00 00 00 00 00 00 00
2026-03-15T14:11:09.622097,126.724,can0  204  [16]  28 58 C8 44 52 2A 5E 4C 4C 1D 30 75 30 75 00 00
2026-03-15T14:11:09.623166,126.726,can0  070  [20]  EE 2A 4D 08 ED B0 62 03 28 23 00 00 0B 15 00 00 06 00 00 00
2026-03-15T14:11:09.624778,126.727,can0  070  [20]  EE 2A 4D 08 ED B0 62 03 28 23 00 00 0B 15 00 00 06 00 00 00
2026-03-15T14:11:09.625188,126.728,can0  110  [02]  7F 1B
2026-03-15T14:11:09.625431,126.728,can0  204  [16]  28 58 C8 44 4C 2A 5A 4C 4C 1D 30 75 30 75 00 00
2026-03-15T14:11:09.626169,126.729,can0  040  [04]  7A 00 0E 00
2026-03-15T14:11:09.629121,126.731,can0  041  [04]  F8 00 07 00
2026-03-15T14:11:09.725051,126.827,can0  204  [16]  28 58 C8 44 4C 2A 5A 4C 4C 1D 30 75 30 75 00 00
2026-03-15T14:11:09.726745,126.829,can0  070  [20]  EE 2A 4D 08 ED B0 62 03 28 23 00 00 0B 15 00 00 06 00 00 00
2026-03-15T14:11:09.727692,126.830,can0  040  [04]  7A 00 0E 00
2026-03-15T14:11:09.732930,126.835,can0  204  [16]  28 58 CB 44 6A 2A 58 4C 4C 1D 30 75 30 75 00 00
2026-03-15T14:11:09.822154,126.925,can0  204  [16]  28 58 CB 44 6A 2A 58 4C 4C 1D 30 75 30 75 00 00
2026-03-15T14:11:09.822591,126.925,can0  206  [24]  8B 0C A8 05 7F 0C D5 EF 90 05 8B 0C 7F 0C 00 00 00 00 00 00 00 00 00 00
2026-03-15T14:11:09.922412,127.025,can0  204  [16]  28 58 CA 44 2D 2A 57 4C 4C 1D 30 75 30 75 00 00
2026-03-15T14:11:09.923626,127.026,can0  041  [04]  10 01 08 00
2026-03-15T14:11:09.923710,127.026,can0  040  [04]  8E 00 0C 00
2026-03-15T14:11:09.927662,127.030,can0  204  [16]  28 58 C9 44 72 2A 55 4C 4C 1D 30 75 30 75 00 00
2026-03-15T14:11:10.030510,127.133,can0  040  [04]  8E 00 0C 00
2026-03-15T14:11:10.030633,127.133,can0  204  [16]  28 58 C9 44 72 2A 55 4C 4C 1D 30 75 30 75 00 00
2026-03-15T14:11:10.122763,127.225,can0  204  [16]  28 58 C9 44 40 2A 54 4C 4C 1D 30 75 30 75 00 00
2026-03-15T14:11:10.123186,127.226,can0  206  [24]  83 0C AA 05 7F 0C D5 EF 92 05 93 0C 83 0C 00 00 00 00 00 00 00 00 00 00
2026-03-15T14:11:10.123453,127.226,can0  204  [16]  28 58 C9 44 40 2A 54 4C 4C 1D 30 75 30 75 00 00
2026-03-15T14:11:10.225822,127.328,can0  204  [16]  28 58 CB 44 66 2A 52 4C 4C 1D 30 75 30 75 00 00
2026-03-15T14:11:10.225924,127.328,can0  041  [04]  27 01 05 00
2026-03-15T14:11:10.228279,127.331,can0  040  [04]  89 00 0F 00
2026-03-15T14:11:10.228380,127.331,can0  070  [20]  EE 2A 4D 08 ED B0 62 03 28 23 00 00 0B 15 00 00 06 00 00 00
2026-03-15T14:11:10.229498,127.332,can0  040  [04]  89 00 0F 00
2026-03-15T14:11:10.229867,127.332,can0  204  [16]  28 58 C7 44 4A 2A 51 4C 4C 1D 30 75 30 75 00 00
2026-03-15T14:11:10.335971,127.438,can0  204  [16]  28 58 C7 44 4A 2A 51 4C 4C 1D 30 75 30 75 00 00
2026-03-15T14:11:10.337157,127.440,can0  070  [20]  EE 2A 4D 08 ED B0 62 03 28 23 00 00 0B 15 00 00 06 00 00 00
2026-03-15T14:11:10.337577,127.440,can0  206  [24]  87 0C A8 05 83 0C C5 EF 92 05 93 0C 83 0C 00 00 00 00 00 00 00 00 00 00
2026-03-15T14:11:10.338706,127.441,can0  060  [32]  00 00 00 00 EE 2A 4D 08 41 06 B8 10 00 00 10 0E FF 01 00 00 00 00 00 00 01 00 00 00 00 00 00 00
2026-03-15T14:11:10.422257,127.525,can0  204  [16]  28 58 C9 44 58 2A 4F 4C 4C 1D 30 75 30 75 00 00
2026-03-15T14:11:10.423411,127.526,can0  204  [16]  28 58 C9 44 58 2A 4F 4C 4C 1D 30 75 30 75 00 00
2026-03-15T14:11:10.423508,127.526,can0  100  [03]  85 58 04
2026-03-15T14:11:10.427626,127.530,can0  120  [04]  00 00 00 00
2026-03-15T14:11:10.427720,127.530,can0  040  [04]  8D 00 10 00
2026-03-15T14:11:10.427789,127.530,can0  041  [04]  4A 01 07 00
2026-03-15T14:11:10.522316,127.625,can0  204  [16]  28 58 C9 44 58 2A 4E 4C 4C 1D 30 75 30 75 00 00
2026-03-15T14:11:10.523262,127.626,can0  040  [04]  8D 00 10 00
2026-03-15T14:11:10.523687,127.626,can0  204  [16]  28 58 C9 44 58 2A 4E 4C 4C 1D 30 75 30 75 00 00
2026-03-15T14:11:10.623337,127.726,can0  070  [20]  EE 2A 4D 08 EB B0 62 03 10 27 00 00 0B 15 00 00 2C 00 00 00
2026-03-15T14:11:10.625123,127.727,can0  070  [20]  EE 2A 4D 08 EB B0 62 03 10 27 00 00 0B 15 00 00 2D 00 00 00
2026-03-15T14:11:10.625825,127.728,can0  206  [24]  8B 0C AA 05 77 0C C5 EF 92 05 9B 0C 7F 0C 00 00 00 00 00 00 00 00 00 00
2026-03-15T14:11:10.625887,127.728,can0  204  [16]  28 58 C9 44 4E 2A 4C 4C 4C 1D 30 75 30 75 00 00
2026-03-15T14:11:10.729501,127.832,can0  204  [16]  28 58 C9 44 58 2A 4A 4C 4C 1D 30 75 30 75 00 00
2026-03-15T14:11:10.730890,127.833,can0  070  [20]  EE 2A 4D 08 EB B0 62 03 10 27 00 00 0B 15 00 00 2D 00 00 00
2026-03-15T14:11:10.732178,127.835,can0  040  [04]  8A 00 0F 00
2026-03-15T14:11:10.732816,127.835,can0  041  [04]  3F 01 07 00
2026-03-15T14:11:10.739520,127.842,can0  204  [16]  28 58 CB 44 4E 2A 49 4C 4C 1D 30 75 30 75 00 00
2026-03-15T14:11:10.828061,127.930,can0  040  [04]  8A 00 0F 00
2026-03-15T14:11:10.829111,127.931,can0  204  [16]  28 58 CB 44 4E 2A 49 4C 4C 1D 30 75 30 75 00 00
2026-03-15T14:11:10.829231,127.932,can0  060  [32]  00 00 00 00 00 00 00 00 00 00 00 00 00 00 00 00 00 00 00 00 00 00 00 00 00 00 00 00 00 00 00 00
2026-03-15T14:11:10.829535,127.932,can0  204  [16]  28 58 C8 44 5E 2A 48 4C 4C 1D 30 75 30 75 00 00
2026-03-15T14:11:10.930238,128.033,can0  206  [24]  8B 0C A6 05 7F 0C C5 EF 92 05 8B 0C 7F 0C 00 00 00 00 00 00 00 00 00 00
2026-03-15T14:11:10.930342,128.033,can0  204  [16]  28 58 C8 44 5E 2A 48 4C 4C 1D 30 75 30 75 00 00
2026-03-15T14:11:11.023126,128.126,can0  040  [04]  7A 00 0E 00
2026-03-15T14:11:11.023278,128.126,can0  204  [16]  28 58 CB 44 56 2A 46 4C 4C 1D 30 75 30 75 00 00
2026-03-15T14:11:11.024649,128.127,can0  041  [04]  3F 01 09 00
2026-03-15T14:11:11.024743,128.127,can0  040  [04]  7A 00 0E 00
2026-03-15T14:11:11.025094,128.127,can0  204  [16]  28 58 C6 44 64 2A 45 4C 4C 1D 30 75 30 75 00 00
2026-03-15T14:11:11.123113,128.225,can0  204  [16]  28 58 C6 44 64 2A 45 4C 4C 1D 30 75 30 75 00 00
2026-03-15T14:11:11.123619,128.226,can0  206  [24]  8F 0C AA 05 77 0C D5 EF 92 05 93 0C 7F 0C 00 00 00 00 00 00 00 00 00 00
2026-03-15T14:11:11.123963,128.226,can0  204  [16]  28 58 C8 44 56 2A 43 4C 4C 1D 30 75 30 75 00 00
2026-03-15T14:11:11.224238,128.327,can0  070  [20]  EE 2A 4D 08 EB B0 62 03 10 27 00 00 0B 15 00 00 2D 00 00 00
2026-03-15T14:11:11.224610,128.327,can0  204  [16]  28 58 C8 44 56 2A 43 4C 4C 1D 30 75 30 75 00 00
2026-03-15T14:11:11.224782,128.327,can0  110  [02]  80 1B
2026-03-15T14:11:11.225019,128.327,can0  041  [04]  31 01 0B 00
2026-03-15T14:11:11.225860,128.328,can0  040  [04]  7A 00 0D 00
2026-03-15T14:11:11.322861,128.425,can0  204  [16]  28 58 C8 44 50 2A 42 4C 4C 1D 30 75 30 75 00 00
2026-03-15T14:11:11.323521,128.426,can0  040  [04]  7A 00 0D 00
2026-03-15T14:11:11.325213,128.428,can0  070  [20]  EE 2A 4D 08 EB B0 62 03 10 27 00 00 0B 15 00 00 2D 00 00 00
2026-03-15T14:11:11.325645,128.428,can0  204  [16]  28 58 CB 44 50 2A 40 4C 4C 1D 30 75 30 75 00 00
2026-03-15T14:11:11.325944,128.428,can0  060  [32]  00 00 00 00 00 00 00 00 00 00 00 00 00 00 00 00 00 00 00 00 00 00 00 00 00 00 00 00 00 00 00 00
2026-03-15T14:11:11.422660,128.525,can0  060  [32]  00 00 00 00 EE 2A 4D 08 40 06 B8 10 00 00 10 0E FF 01 00 00 00 00 00 00 01 00 00 00 00 00 00 00
2026-03-15T14:11:11.423318,128.526,can0  204  [16]  28 58 CB 44 50 2A 40 4C 4C 1D 30 75 30 75 00 00
2026-03-15T14:11:11.423594,128.526,can0  206  [24]  87 0C AA 05 7B 0C A6 EF 89 05 9F 0C 7F 0C 00 00 00 00 00 00 00 00 00 00
2026-03-15T14:11:11.423896,128.526,can0  204  [16]  28 58 C8 44 50 2A 3F 4C 4C 1D 30 75 30 75 00 00
2026-03-15T14:11:11.521922,128.624,can0  204  [16]  28 58 C8 44 50 2A 3F 4C 4C 1D 30 75 30 75 00 00
2026-03-15T14:11:11.522679,128.625,can0  040  [04]  75 00 10 00
2026-03-15T14:11:11.523043,128.625,can0  041  [04]  30 01 0D 00
2026-03-15T14:11:11.524836,128.627,can0  040  [04]  75 00 10 00
2026-03-15T14:11:11.623146,128.726,can0  070  [20]  EE 2A 4D 08 EB B0 62 03 F8 2A 00 00 0B 15 00 00 13 00 00 00
2026-03-15T14:11:11.623935,128.726,can0  204  [16]  28 58 C7 44 62 2A 3C 4C 4C 1D 30 75 30 75 00 00
2026-03-15T14:11:11.625213,128.728,can0  070  [20]  EE 2A 4D 08 EB B0 62 03 F8 2A 00 00 0B 15 00 00 12 00 00 00
2026-03-15T14:11:11.625851,128.728,can0  100  [03]  84 58 04
2026-03-15T14:11:11.626522,128.729,can0  120  [04]  00 00 00 00
2026-03-15T14:11:11.627090,128.729,can0  204  [16]  28 58 C9 44 54 2A 3C 4C 4C 1D 30 75 30 75 00 00
2026-03-15T14:11:11.722046,128.824,can0  206  [24]  8F 0C A6 05 7F 0C C5 EF 8B 05 93 0C 7B 0C 00 00 00 00 00 00 00 00 00 00
2026-03-15T14:11:11.722315,128.825,can0  204  [16]  28 58 C9 44 54 2A 3C 4C 4C 1D 30 75 30 75 00 00
2026-03-15T14:11:11.726305,128.829,can0  070  [20]  EE 2A 4D 08 EB B0 62 03 F8 2A 00 00 0B 15 00 00 12 00 00 00
2026-03-15T14:11:11.822274,128.925,can0  204  [16]  28 58 C9 44 60 2A 39 4C 4C 1D 30 75 30 75 00 00
2026-03-15T14:11:11.822930,128.925,can0  040  [04]  89 00 11 00
2026-03-15T14:11:11.823730,128.926,can0  041  [04]  32 01 0C 00
2026-03-15T14:11:11.823950,128.926,can0  204  [16]  28 58 C9 44 4A 2A 38 4C 4C 1D 30 75 30 75 00 00
2026-03-15T14:11:11.824632,128.927,can0  040  [04]  89 00 11 00
2026-03-15T14:11:11.935258,129.038,can0  060  [32]  00 00 00 00 00 00 00 00 00 00 00 00 00 00 00 00 00 00 00 00 00 00 00 00 00 00 00 00 00 00 00 00
2026-03-15T14:11:11.935627,129.038,can0  204  [16]  28 58 C9 44 4A 2A 38 4C 4C 1D 30 75 30 75 00 00
2026-03-15T14:11:11.936012,129.038,can0  206  [24]  87 0C A8 05 7B 0C C5 EF 92 05 93 0C 87 0C 00 00 00 00 00 00 00 00 00 00
2026-03-15T14:11:11.936372,129.039,can0  204  [16]  28 58 C9 44 5C 2A 36 4C 4C 1D 30 75 30 75 00 00
2026-03-15T14:11:12.022060,129.124,can0  204  [16]  28 58 C9 44 5C 2A 36 4C 4C 1D 30 75 30 75 00 00
2026-03-15T14:11:12.022772,129.125,can0  040  [04]  8F 00 10 00
2026-03-15T14:11:12.026106,129.128,can0  041  [04]  36 01 0B 00
2026-03-15T14:11:12.123488,129.226,can0  204  [16]  28 58 CA 44 4A 2A 35 4C 4C 1D 30 75 30 75 00 00
2026-03-15T14:11:12.124162,129.227,can0  040  [04]  8F 00 10 00
2026-03-15T14:11:12.124806,129.227,can0  204  [16]  28 58 CB 44 6E 2A 34 4C 4C 1D 30 75 30 75 00 00
2026-03-15T14:11:12.222718,129.325,can0  206  [24]  8B 0C A8 05 7F 0C D5 EF 92 05 87 0C 83 0C 00 00 00 00 00 00 00 00 00 00
2026-03-15T14:11:12.223052,129.325,can0  204  [16]  28 58 CB 44 6E 2A 34 4C 4C 1D 30 75 30 75 00 00
2026-03-15T14:11:12.224324,129.327,can0  070  [20]  EE 2A 4D 08 EB B0 62 03 F8 2A 00 00 0B 15 00 00 12 00 00 00
2026-03-15T14:11:12.224845,129.327,can0  204  [16]  28 58 C9 44 50 2A 32 4C 4C 1D 30 75 30 75 00 00
2026-03-15T14:11:12.322609,129.425,can0  204  [16]  28 58 C9 44 50 2A 32 4C 4C 1D 30 75 30 75 00 00
2026-03-15T14:11:12.323004,129.425,can0  041  [04]  29 01 0E 00
2026-03-15T14:11:12.324400,129.427,can0  070  [20]  EE 2A 4D 08 EB B0 62 03 F8 2A 00 00 0B 15 00 00 12 00 00 00
2026-03-15T14:11:12.325055,129.427,can0  040  [04]  9B 00 12 00
2026-03-15T14:11:12.422929,129.525,can0  060  [32]  00 00 00 00 EE 2A 4D 08 40 06 B8 10 00 00 10 0E FF 01 00 00 00 00 00 00 01 00 00 00 00 00 00 00
2026-03-15T14:11:12.424488,129.527,can0  040  [04]  9B 00 12 00
2026-03-15T14:11:12.424586,129.527,can0  204  [16]  28 58 C9 44 60 2A 31 4C 4C 1D 30 75 30 75 00 00
2026-03-15T14:11:12.424885,129.527,can0  204  [16]  28 58 C9 44 56 2A 30 4C 4C 1D 30 75 30 75 00 00
2026-03-15T14:11:12.522383,129.625,can0  206  [24]  83 0C A6 05 7B 0C D5 EF 90 05 9B 0C 87 0C 00 00 00 00 00 00 00 00 00 00
2026-03-15T14:11:12.522689,129.625,can0  204  [16]  28 58 C9 44 56 2A 30 4C 4C 1D 30 75 30 75 00 00
2026-03-15T14:11:12.522910,129.625,can0  204  [16]  28 58 C9 44 56 2A 30 4C 4C 1D 30 75 30 75 00 00
2026-03-15T14:11:12.622631,129.725,can0  041  [04]  22 01 0F 00
2026-03-15T14:11:12.624051,129.726,can0  070  [20]  EE 2A 4D 08 E9 B0 62 03 E0 2E 00 00 0B 15 00 00 21 00 00 00
2026-03-15T14:11:12.624750,129.727,can0  040  [04]  9D 00 16 00
2026-03-15T14:11:12.626176,129.729,can0  070  [20]  EE 2A 4D 08 E9 B0 62 03 E0 2E 00 00 0B 15 00 00 20 00 00 00
2026-03-15T14:11:12.626896,129.729,can0  040  [04]  9D 00 16 00
2026-03-15T14:11:12.629653,129.732,can0  204  [16]  28 58 C9 44 48 2A 2E 4C 4C 1D 30 75 30 75 00 00
2026-03-15T14:11:12.721993,129.824,can0  204  [16]  28 58 C9 44 48 2A 2E 4C 4C 1D 30 75 30 75 00 00
2026-03-15T14:11:12.723393,129.826,can0  070  [20]  EE 2A 4D 08 E9 B0 62 03 E0 2E 00 00 0B 15 00 00 20 00 00 00
2026-03-15T14:11:12.723822,129.826,can0  206  [24]  93 0C A6 05 7F 0C D5 EF 92 05 8F 0C 77 0C 00 00 00 00 00 00 00 00 00 00
2026-03-15T14:11:12.724173,129.827,can0  204  [16]  28 58 CB 44 56 2A 2C 4C 4C 1D 30 75 30 75 00 00
2026-03-15T14:11:12.822406,129.925,can0  204  [16]  28 58 CB 44 56 2A 2C 4C 4C 1D 30 75 30 75 00 00
2026-03-15T14:11:12.823159,129.926,can0  100  [03]  85 58 04
2026-03-15T14:11:12.823575,129.926,can0  110  [02]  7D 1B
2026-03-15T14:11:12.824450,129.927,can0  120  [04]  00 00 00 00
2026-03-15T14:11:12.825148,129.928,can0  040  [04]  A9 00 1B 00
2026-03-15T14:11:12.826056,129.928,can0  041  [04]  10 01 12 00
2026-03-15T14:11:12.921771,130.024,can0  060  [32]  00 00 00 00 00 00 00 00 00 00 00 00 00 00 00 00 00 00 00 00 00 00 00 00 00 00 00 00 00 00 00 00
2026-03-15T14:11:12.922254,130.025,can0  204  [16]  28 58 C9 44 52 2A 2A 4C 4C 1D 30 75 30 75 00 00
2026-03-15T14:11:12.923157,130.026,can0  040  [04]  A9 00 1B 00
2026-03-15T14:11:12.923585,130.026,can0  204  [16]  28 58 CC 44 54 2A 28 4C 4C 1D 30 75 30 75 00 00
2026-03-15T14:11:13.021968,130.124,can0  204  [16]  28 58 CC 44 54 2A 28 4C 4C 1D 30 75 30 75 00 00
2026-03-15T14:11:13.022377,130.125,can0  206  [24]  87 0C AA 05 77 0C E4 EF 90 05 A3 0C 7F 0C 00 00 00 00 00 00 00 00 00 00
2026-03-15T14:11:13.022820,130.125,can0  204  [16]  28 58 CB 44 56 2A 27 4C 4C 1D 30 75 30 75 00 00
2026-03-15T14:11:13.122497,130.225,can0  040  [04]  AB 00 19 00
2026-03-15T14:11:13.122942,130.225,can0  204  [16]  28 58 CB 44 56 2A 27 4C 4C 1D 30 75 30 75 00 00
2026-03-15T14:11:13.123276,130.226,can0  041  [04]  0A 01 14 00
2026-03-15T14:11:13.222071,130.324,can0  204  [16]  28 58 CA 44 54 2A 25 4C 4C 1D 30 75 30 75 00 00
2026-03-15T14:11:13.222779,130.325,can0  040  [04]  AB 00 19 00
2026-03-15T14:11:13.224590,130.327,can0  070  [20]  EE 2A 4D 08 E9 B0 62 03 E0 2E 00 00 0B 15 00 00 20 00 00 00
2026-03-15T14:11:13.225273,130.328,can0  204  [16]  28 58 C8 44 5A 2A 24 4C 4C 1D 30 75 30 75 00 00
2026-03-15T14:11:13.227882,130.330,can0  206  [24]  7F 0C A6 05 83 0C C5 EF 92 05 9B 0C 87 0C 00 00 00 00 00 00 00 00 00 00
2026-03-15T14:11:13.322254,130.425,can0  204  [16]  28 58 C8 44 5A 2A 24 4C 4C 1D 30 75 30 75 00 00
2026-03-15T14:11:13.323818,130.426,can0  070  [20]  EE 2A 4D 08 E9 B0 62 03 E0 2E 00 00 0B 15 00 00 20 00 00 00
2026-03-15T14:11:13.324254,130.427,can0  204  [16]  28 58 CA 44 56 2A 23 4C 4C 1D 30 75 30 75 00 00
2026-03-15T14:11:13.422059,130.524,can0  060  [32]  00 00 00 00 00 00 00 00 00 00 00 00 00 00 00 00 00 00 00 00 00 00 00 00 00 00 00 00 00 00 00 00
2026-03-15T14:11:13.422930,130.525,can0  040  [04]  B1 00 1B 00
2026-03-15T14:11:13.423337,130.526,can0  041  [04]  06 01 12 00
2026-03-15T14:11:13.424736,130.527,can0  060  [32]  00 00 00 00 EE 2A 4D 08 3E 06 B8 10 00 00 10 0E FF 01 00 00 00 00 00 00 01 00 00 00 00 00 00 00
2026-03-15T14:11:13.425517,130.528,can0  204  [16]  28 58 CA 44 56 2A 23 4C 4C 1D 30 75 30 75 00 00
2026-03-15T14:11:13.426114,130.528,can0  040  [04]  B1 00 1B 00
2026-03-15T14:11:13.522038,130.624,can0  204  [16]  28 58 CB 44 52 2A 22 4C 4C 1D 30 75 30 75 00 00
2026-03-15T14:11:13.522392,130.625,can0  204  [16]  28 58 CB 44 52 2A 22 4C 4C 1D 30 75 30 75 00 00
2026-03-15T14:11:13.522860,130.625,can0  206  [24]  83 0C A6 05 83 0C C5 EF 92 05 93 0C 83 0C 00 00 00 00 00 00 00 00 00 00
2026-03-15T14:11:13.524146,130.627,can0  070  [20]  EF 2A 4D 08 E9 B0 62 03 C8 32 00 00 0B 15 00 00 06 00 00 00
2026-03-15T14:11:13.622315,130.725,can0  204  [16]  28 58 C9 44 56 2A 1F 4C 4C 1D 30 75 30 75 00 00
2026-03-15T14:11:13.623644,130.726,can0  070  [20]  EF 2A 4D 08 E9 B0 62 03 C8 32 00 00 0B 15 00 00 05 00 00 00
2026-03-15T14:11:13.624069,130.726,can0  041  [04]  02 01 12 00
2026-03-15T14:11:13.624756,130.727,can0  040  [04]  B3 00 1C 00
2026-03-15T14:11:13.722842,130.825,can0  204  [16]  28 58 C8 44 56 2A 1E 4C 4C 1D 30 75 30 75 00 00
2026-03-15T14:11:13.723550,130.826,can0  040  [04]  B3 00 1C 00
2026-03-15T14:11:13.725847,130.828,can0  070  [20]  EF 2A 4D 08 E9 B0 62 03 C8 32 00 00 0B 15 00 00 05 00 00 00
2026-03-15T14:11:13.725938,130.828,can0  204  [16]  28 58 C8 44 56 2A 1E 4C 4C 1D 30 75 30 75 00 00
2026-03-15T14:11:13.822240,130.925,can0  204  [16]  28 58 C9 44 54 2A 1E 4C 4C 1D 30 75 30 75 00 00
2026-03-15T14:11:13.822610,130.925,can0  206  [24]  83 0C AA 05 77 0C C5 EF 90 05 97 0C 8B 0C 00 00 00 00 00 00 00 00 00 00
2026-03-15T14:11:13.822922,130.925,can0  204  [16]  28 58 C7 44 50 2A 1B 4C 4C 1D 30 75 30 75 00 00
2026-03-15T14:11:13.922833,131.025,can0  060  [32]  00 00 00 00 00 00 00 00 00 00 00 00 00 00 00 00 00 00 00 00 00 00 00 00 00 00 00 00 00 00 00 00
2026-03-15T14:11:13.923586,131.026,can0  204  [16]  28 58 C7 44 50 2A 1B 4C 4C 1D 30 75 30 75 00 00
2026-03-15T14:11:13.925496,131.028,can0  040  [04]  B0 00 1A 00
2026-03-15T14:11:13.925583,131.028,can0  041  [04]  06 01 12 00
2026-03-15T14:11:13.925642,131.028,can0  040  [04]  B0 00 1A 00
2026-03-15T14:11:14.022073,131.124,can0  204  [16]  28 58 C8 44 5A 2A 1A 4C 4C 1D 30 75 30 75 00 00
2026-03-15T14:11:14.022771,131.125,can0  100  [03]  82 58 04
2026-03-15T14:11:14.023337,131.126,can0  120  [04]  00 00 00 00
2026-03-15T14:11:14.023699,131.126,can0  204  [16]  28 58 C7 44 56 2A 17 4F 4C 1D 30 75 30 75 00 00
2026-03-15T14:11:14.121937,131.224,can0  206  [24]  8F 0C AA 05 7B 0C C5 EF 8B 05 97 0C 7B 0C 00 00 00 00 00 00 00 00 00 00
2026-03-15T14:11:14.122265,131.225,can0  204  [16]  28 58 C7 44 56 2A 17 4F 4C 1D 30 75 30 75 00 00
2026-03-15T14:11:14.122588,131.225,can0  204  [16]  28 58 C9 44 4E 2A 4C 4D 4C 1D 30 75 30 75 00 00
2026-03-15T14:11:14.223039,131.325,can0  040  [04]  B1 00 1B 00
2026-03-15T14:11:14.224205,131.327,can0  041  [04]  09 01 11 00
2026-03-15T14:11:14.224307,131.327,can0  204  [16]  28 58 C9 44 4E 2A 4C 4D 4C 1D 30 75 30 75 00 00
2026-03-15T14:11:14.225183,131.328,can0  070  [20]  EF 2A 4D 08 E9 B0 62 03 C8 32 00 00 0B 15 00 00 05 00 00 00
2026-03-15T14:11:14.226851,131.329,can0  040  [04]  B1 00 1B 00
2026-03-15T14:11:14.335658,131.438,can0  204  [16]  28 58 C6 44 5E 2A DB 4E 4C 1D 30 75 30 75 00 00
2026-03-15T14:11:14.335773,131.438,can0  070  [20]  EF 2A 4D 08 E9 B0 62 03 C8 32 00 00 0B 15 00 00 05 00 00 00
2026-03-15T14:11:14.336703,131.439,can0  204  [16]  28 58 C7 44 52 2A 53 52 4C 1D 30 75 30 75 00 00
2026-03-15T14:11:14.336784,131.439,can0  206  [24]  8F 0C A8 05 77 0C 76 EF 90 05 A3 0C 7B 0C 00 00 00 00 00 00 00 00 00 00
2026-03-15T14:11:14.422014,131.524,can0  204  [16]  28 58 C7 44 52 2A 53 52 4C 1D 30 75 30 75 00 00
2026-03-15T14:11:14.423206,131.526,can0  060  [32]  00 00 00 00 EF 2A 4D 08 3E 06 B8 10 00 00 10 0E FF 01 00 00 00 00 00 00 01 00 00 00 00 00 00 00
2026-03-15T14:11:14.424442,131.527,can0  040  [04]  B3 00 1C 00
2026-03-15T14:11:14.424791,131.527,can0  110  [02]  7C 1B
2026-03-15T14:11:14.425139,131.528,can0  041  [04]  0C 01 11 00
2026-03-15T14:11:14.428511,131.531,can0  204  [16]  28 58 C8 44 64 2A 1E 53 4C 1D 30 75 30 75 00 00
2026-03-15T14:11:14.523079,131.625,can0  040  [04]  B3 00 1C 00
2026-03-15T14:11:14.526089,131.628,can0  204  [16]  28 58 C8 44 64 2A 1E 53 4C 1D 30 75 30 75 00 00
2026-03-15T14:11:14.622437,131.725,can0  204  [16]  28 58 C6 44 58 2A E0 51 4C 1D 30 75 30 75 00 00
2026-03-15T14:11:14.624944,131.727,can0  070  [20]  EF 2A 4D 08 E8 B0 62 03 B0 36 00 00 0B 15 00 00 02 00 00 00
2026-03-15T14:11:14.624998,131.727,can0  070  [20]  EF 2A 4D 08 E8 B0 62 03 B0 36 00 00 0B 15 00 00 01 00 00 00
2026-03-15T14:11:14.625576,131.728,can0  206  [24]  8B 0C AC 05 83 0C C5 EF 92 05 93 0C 7B 0C 00 00 00 00 00 00 00 00 00 00
2026-03-15T14:11:14.625881,131.728,can0  204  [16]  28 58 C9 44 56 2A 0C 52 4C 1D 30 75 30 75 00 00
2026-03-15T14:11:14.723751,131.826,can0  070  [20]  EF 2A 4D 08 E8 B0 62 03 B0 36 00 00 0B 15 00 00 01 00 00 00
2026-03-15T14:11:14.724415,131.827,can0  204  [16]  28 58 C9 44 56 2A 0C 52 4C 1D 30 75 30 75 00 00
2026-03-15T14:11:14.724720,131.827,can0  041  [04]  17 01 11 00
2026-03-15T14:11:14.725572,131.828,can0  040  [04]  B3 00 1C 00
2026-03-15T14:11:14.726539,131.829,can0  040  [04]  B3 00 1C 00
2026-03-15T14:11:14.829951,131.932,can0  204  [16]  28 58 C8 44 50 2A 2B 51 4C 1D 30 75 30 75 00 00
2026-03-15T14:11:14.837549,131.940,can0  204  [16]  28 58 C8 44 50 2A 2B 51 4C 1D 30 75 30 75 00 00
2026-03-15T14:11:14.922270,132.025,can0  206  [24]  97 0C AE 05 6F 0C C5 EF 92 05 93 0C 7F 0C 00 00 00 00 00 00 00 00 00 00
2026-03-15T14:11:14.922693,132.025,can0  204  [16]  28 58 C8 44 44 2A 3A 4F 4C 1D 30 75 30 75 00 00
2026-03-15T14:11:14.922992,132.025,can0  060  [32]  00 00 00 00 00 00 00 00 00 00 00 00 00 00 00 00 00 00 00 00 00 00 00 00 00 00 00 00 00 00 00 00
2026-03-15T14:11:14.925554,132.028,can0  204  [16]  28 58 C8 44 70 2A 48 4F 4C 1D 30 75 30 75 00 00
2026-03-15T14:11:15.022498,132.125,can0  041  [04]  27 01 0D 00
2026-03-15T14:11:15.023172,132.126,can0  040  [04]  B3 00 1C 00
2026-03-15T14:11:15.023788,132.126,can0  204  [16]  28 58 C8 44 70 2A 48 4F 4C 1D 30 75 30 75 00 00
2026-03-15T14:11:15.024944,132.127,can0  040  [04]  B3 00 1C 00
2026-03-15T14:11:15.122410,132.225,can0  204  [16]  28 58 C8 44 4E 2A ED 4F 4C 1D 30 75 30 75 00 00
2026-03-15T14:11:15.122851,132.225,can0  204  [16]  28 58 C8 44 4E 2A ED 4F 4C 1D 30 75 30 75 00 00
2026-03-15T14:11:15.123137,132.226,can0  206  [24]  83 0C A6 05 83 0C C5 EF 90 05 8F 0C 83 0C 00 00 00 00 00 00 00 00 00 00
2026-03-15T14:11:15.222376,132.325,can0  204  [16]  28 58 C8 44 70 2A 56 4F 4C 1D 30 75 30 75 00 00
2026-03-15T14:11:15.223471,132.326,can0  070  [20]  EF 2A 4D 08 E8 B0 62 03 B0 36 00 00 0B 15 00 00 01 00 00 00
2026-03-15T14:11:15.224613,132.327,can0  100  [03]  7F 58 04
2026-03-15T14:11:15.225178,132.328,can0  120  [04]  00 00 00 00
2026-03-15T14:11:15.225955,132.328,can0  040  [04]  AD 00 19 00
2026-03-15T14:11:15.228805,132.331,can0  041  [04]  27 01 0D 00
2026-03-15T14:11:15.228871,132.331,can0  204  [16]  28 58 C8 44 5E 2A 4E 4F 4C 1D 30 75 30 75 00 00
2026-03-15T14:11:15.322080,132.424,can0  204  [16]  28 58 C8 44 5E 2A 4E 4F 4C 1D 30 75 30 75 00 00
2026-03-15T14:11:15.322881,132.425,can0  040  [04]  AD 00 19 00
2026-03-15T14:11:15.324732,132.427,can0  070  [20]  EF 2A 4D 08 E8 B0 62 03 B0 36 00 00 0B 15 00 00 01 00 00 00
2026-03-15T14:11:15.422092,132.524,can0  204  [16]  28 58 C8 44 56 2A AA 4F 4C 1D 30 75 30 75 00 00
2026-03-15T14:11:15.422329,132.525,can0  060  [32]  00 00 00 00 00 00 00 00 00 00 00 00 00 00 00 00 00 00 00 00 00 00 00 00 00 00 00 00 00 00 00 00
2026-03-15T14:11:15.422594,132.525,can0  206  [24]  83 0C A6 05 7B 0C C5 EF 90 05 9B 0C 83 0C 00 00 00 00 00 00 00 00 00 00
2026-03-15T14:11:15.423731,132.526,can0  060  [32]  00 00 00 00 EF 2A 4D 08 3C 06 B8 10 00 00 10 0E FF 01 00 00 00 00 00 00 01 00 00 00 00 00 00 00
2026-03-15T14:11:15.424584,132.527,can0  204  [16]  28 58 C8 44 56 2A AA 4F 4C 1D 30 75 30 75 00 00
2026-03-15T14:11:15.521999,132.624,can0  204  [16]  28 58 CA 44 4C 2A 41 4F 4C 1D 30 75 30 75 00 00
2026-03-15T14:11:15.522801,132.625,can0  040  [04]  B0 00 17 00
2026-03-15T14:11:15.523523,132.626,can0  041  [04]  34 01 0F 00
2026-03-15T14:11:15.523614,132.626,can0  204  [16]  28 58 CA 44 4C 2A 41 4F 4C 1D 30 75 30 75 00 00
2026-03-15T14:11:15.622937,132.725,can0  070  [20]  EF 2A 4D 08 E8 B0 62 03 98 3A 00 00 0B 15 00 00 16 00 00 00
2026-03-15T14:11:15.623716,132.726,can0  040  [04]  B0 00 17 00
2026-03-15T14:11:15.625642,132.728,can0  070  [20]  EF 2A 4D 08 E8 B0 62 03 98 3A 00 00 0B 15 00 00 17 00 00 00
2026-03-15T14:11:15.626259,132.729,can0  204  [16]  28 58 C8 44 50 2A 02 50 4C 1D 30 75 30 75 00 00
2026-03-15T14:11:15.722304,132.825,can0  206  [24]  87 0C A3 05 77 0C D5 EF 90 05 97 0C 87 0C 00 00 00 00 00 00 00 00 00 00
2026-03-15T14:11:15.722699,132.825,can0  204  [16]  28 58 C7 44 60 2A 3F 4F 4C 1D 30 75 30 75 00 00
2026-03-15T14:11:15.724033,132.826,can0  070  [20]  EF 2A 4D 08 E8 B0 62 03 98 3A 00 00 0B 15 00 00 17 00 00 00
2026-03-15T14:11:15.724424,132.827,can0  204  [16]  28 58 C6 44 56 2A 09 4F 4C 1D 30 75 30 75 00 00
2026-03-15T14:11:15.725162,132.828,can0  040  [04]  AA 00 16 00
2026-03-15T14:11:15.822656,132.925,can0  041  [04]  42 01 0C 00
2026-03-15T14:11:15.822965,132.925,can0  204  [16]  28 58 C6 44 56 2A 09 4F 4C 1D 30 75 30 75 00 00
2026-03-15T14:11:15.823681,132.926,can0  040  [04]  AA 00 16 00
2026-03-15T14:11:15.931705,133.034,can0  204  [16]  28 58 C8 44 58 2A 97 4F 4C 1D 30 75 30 75 00 00
2026-03-15T14:11:15.932030,133.034,can0  060  [32]  00 00 00 00 00 00 00 00 00 00 00 00 00 00 00 00 00 00 00 00 00 00 00 00 00 00 00 00 00 00 00 00
2026-03-15T14:11:15.932372,133.035,can0  204  [16]  28 58 C8 44 58 2A 97 4F 4C 1D 30 75 30 75 00 00
2026-03-15T14:11:15.932731,133.035,can0  206  [24]  8F 0C AA 05 8B 0C D5 EF 90 05 8B 0C 7B 0C 00 00 00 00 00 00 00 00 00 00
2026-03-15T14:11:16.022676,133.125,can0  204  [16]  28 58 CA 44 4C 2A B8 4F 4C 1D 30 75 30 75 00 00
2026-03-15T14:11:16.022948,133.125,can0  110  [02]  7E 1B
2026-03-15T14:11:16.027036,133.129,can0  041  [04]  45 01 07 00
2026-03-15T14:11:16.027137,133.130,can0  040  [04]  AB 00 11 00
2026-03-15T14:11:16.027203,133.130,can0  204  [16]  28 58 C6 44 4E 2A 80 4F 4C 1D 30 75 30 75 00 00
2026-03-15T14:11:16.122658,133.225,can0  132  [00]
2026-03-15T14:11:16.123433,133.226,can0  040  [04]  AB 00 11 00
2026-03-15T14:11:16.123858,133.226,can0  204  [16]  28 58 C6 44 4E 2A 80 4F 4C 1D 30 75 30 75 00 00
2026-03-15T14:11:16.222698,133.325,can0  204  [16]  28 58 CB 44 4E 2A 9D 4F 4C 1D 30 75 30 75 00 00
2026-03-15T14:11:16.223081,133.325,can0  206  [24]  97 0C A6 05 7B 0C C5 EF 92 05 9F 0C 73 0C 00 00 00 00 00 00 00 00 00 00
2026-03-15T14:11:16.224587,133.327,can0  070  [20]  EF 2A 4D 08 E8 B0 62 03 98 3A 00 00 0B 15 00 00 17 00 00 00
2026-03-15T14:11:16.224963,133.327,can0  204  [16]  28 58 CB 44 4E 2A 9D 4F 4C 1D 30 75 30 75 00 00
2026-03-15T14:11:16.322399,133.425,can0  204  [16]  28 58 C9 44 60 2A A0 4F 4C 1D 30 75 30 75 00 00
2026-03-15T14:11:16.323836,133.426,can0  070  [20]  EF 2A 4D 08 E8 B0 62 03 98 3A 00 00 0B 15 00 00 17 00 00 00
2026-03-15T14:11:16.324636,133.427,can0  040  [04]  A8 00 0C 00
2026-03-15T14:11:16.325008,133.427,can0  041  [04]  4A 01 02 00
2026-03-15T14:11:16.328697,133.431,can0  204  [16]  28 58 C9 44 4C 2A 79 4F 4C 1D 30 75 30 75 00 00
2026-03-15T14:11:16.328785,133.431,can0  040  [04]  A8 00 0C 00
2026-03-15T14:11:16.422228,133.525,can0  204  [16]  28 58 C9 44 4C 2A 79 4F 4C 1D 30 75 30 75 00 00
2026-03-15T14:11:16.423384,133.526,can0  060  [32]  00 00 00 00 EF 2A 4D 08 3C 06 B8 10 00 00 10 0E FF 01 00 00 00 00 00 00 01 00 00 00 00 00 00 00
2026-03-15T14:11:16.424412,133.527,can0  100  [03]  7F 58 04
2026-03-15T14:11:16.424933,133.527,can0  120  [04]  00 00 00 00
2026-03-15T14:11:16.522539,133.625,can0  204  [16]  28 58 C6 44 6C 2A A4 4E 4C 1D 30 75 30 75 00 00
2026-03-15T14:11:16.522881,133.625,can0  206  [24]  8B 0C A6 05 7F 0C D5 EF 94 05 97 0C 7F 0C 00 00 00 00 00 00 00 00 00 00
2026-03-15T14:11:16.523123,133.625,can0  204  [16]  28 58 C6 44 6C 2A A4 4E 4C 1D 30 75 30 75 00 00
2026-03-15T14:11:16.623134,133.726,can0  040  [04]  B3 00 0C 00
2026-03-15T14:11:16.625077,133.727,can0  041  [04]  3F 01 06 00
2026-03-15T14:11:16.625149,133.728,can0  070  [20]  EF 2A 4D 08 E8 B0 62 03 80 3E 00 00 0B 15 00 00 11 00 00 00
2026-03-15T14:11:16.625551,133.728,can0  204  [16]  28 58 C9 44 48 2A 62 4F 4C 1D 30 75 30 75 00 00
2026-03-15T14:11:16.625737,133.728,can0  133  [00]
2026-03-15T14:11:16.626915,133.729,can0  070  [20]  EF 2A 4D 08 E8 B0 62 03 80 3E 00 00 0B 15 00 00 11 00 00 00
2026-03-15T14:11:16.627625,133.730,can0  040  [04]  B3 00 0C 00
2026-03-15T14:11:16.628038,133.730,can0  204  [16]  28 58 CE 44 54 2A 5F 4F 4C 1D 30 75 30 75 00 00
2026-03-15T14:11:16.723379,133.826,can0  070  [20]  EF 2A 4D 08 E8 B0 62 03 80 3E 00 00 0B 15 00 00 11 00 00 00
2026-03-15T14:11:16.724152,133.827,can0  204  [16]  28 58 CE 44 54 2A 5F 4F 4C 1D 30 75 30 75 00 00
2026-03-15T14:11:16.724537,133.827,can0  206  [24]  8B 0C A8 05 7B 0C B6 EF 90 05 97 0C 7F 0C 00 00 00 00 00 00 00 00 00 00
2026-03-15T14:11:16.822962,133.925,can0  204  [16]  28 58 C9 44 40 2A 55 4F 4C 1D 30 75 30 75 00 00
2026-03-15T14:11:16.823915,133.926,can0  040  [04]  9C 00 0A 00
2026-03-15T14:11:16.824371,133.927,can0  041  [04]  3A 01 09 00
2026-03-15T14:11:16.825176,133.928,can0  204  [16]  28 58 C7 44 6A 2A D5 4F 4C 1D 30 75 30 75 00 00
2026-03-15T14:11:16.938351,134.041,can0  040  [04]  9C 00 0A 00
2026-03-15T14:11:16.939024,134.041,can0  204  [16]  28 58 C7 44 6A 2A D5 4F 4C 1D 30 75 30 75 00 00
2026-03-15T14:11:16.939712,134.042,can0  060  [32]  00 00 00 00 00 00 00 00 00 00 00 00 00 00 00 00 00 00 00 00 00 00 00 00 00 00 00 00 00 00 00 00
2026-03-15T14:11:16.940351,134.043,can0  204  [16]  28 58 C6 44 54 2A A0 4E 4C 1D 30 75 30 75 00 00
2026-03-15T14:11:17.058332,134.161,can0  206  [24]  8B 0C A6 05 7B 0C D5 EF 90 05 97 0C 7F 0C 00 00 00 00 00 00 00 00 00 00
2026-03-15T14:11:17.058431,134.161,can0  204  [16]  28 58 C6 44 54 2A A0 4E 4C 1D 30 75 30 75 00 00
2026-03-15T14:11:17.117962,134.220,can0  204  [16]  28 58 CA 44 58 2A AE 4E 4C 1D 30 75 30 75 00 00
2026-03-15T14:11:17.118252,134.221,can0  041  [04]  2E 01 09 00
2026-03-15T14:11:17.119114,134.221,can0  040  [04]  8A 00 0B 00
2026-03-15T14:11:17.119992,134.222,can0  204  [16]  28 58 CA 44 52 2A 6D 4F 4C 1D 30 75 30 75 00 00
2026-03-15T14:11:17.125393,134.228,can0  040  [04]  8A 00 0B 00
2026-03-15T14:11:17.240510,134.343,can0  070  [20]  EF 2A 4D 08 E8 B0 62 03 80 3E 00 00 0B 15 00 00 11 00 00 00
2026-03-15T14:11:17.241130,134.344,can0  204  [16]  28 58 CA 44 52 2A 6D 4F 4C 1D 30 75 30 75 00 00
2026-03-15T14:11:17.241899,134.344,can0  206  [24]  83 0C A6 05 87 0C C5 EF 90 05 97 0C 7F 0C 00 00 00 00 00 00 00 00 00 00
2026-03-15T14:11:17.241978,134.344,can0  204  [16]  28 58 CB 44 4C 2A C1 4E 4C 1D 30 75 30 75 00 00
2026-03-15T14:11:17.356765,134.459,can0  204  [16]  28 58 CB 44 4C 2A C1 4E 4C 1D 30 75 30 75 00 00
2026-03-15T14:11:17.358212,134.461,can0  070  [20]  EF 2A 4D 08 E8 B0 62 03 80 3E 00 00 0B 15 00 00 11 00 00 00
2026-03-15T14:11:17.416120,134.519,can0  041  [04]  28 01 0B 00
2026-03-15T14:11:17.417611,134.520,can0  040  [04]  83 00 0F 00
2026-03-15T14:11:17.417703,134.520,can0  204  [16]  28 58 CB 44 4C 2A 2D 4F 4C 1D 30 75 30 75 00 00
2026-03-15T14:11:17.419167,134.522,can0  060  [32]  00 00 00 00 00 00 00 00 00 00 00 00 00 00 00 00 00 00 00 00 00 00 00 00 00 00 00 00 00 00 00 00
2026-03-15T14:11:17.419271,134.522,can0  040  [04]  83 00 0F 00
2026-03-15T14:11:17.421027,134.523,can0  060  [32]  00 00 00 00 EF 2A 4D 08 3C 06 B8 10 00 00 10 0E FF 01 00 00 00 00 00 00 01 00 00 00 00 00 00 00
2026-03-15T14:11:17.422620,134.525,can0  204  [16]  28 58 CA 44 52 2A B2 4F 4C 1D 30 75 30 75 00 00
2026-03-15T14:11:17.539350,134.642,can0  204  [16]  28 58 CA 44 52 2A B2 4F 4C 1D 30 75 30 75 00 00
2026-03-15T14:11:17.539786,134.642,can0  206  [24]  93 0C A6 05 7B 0C E4 EF 90 05 97 0C 7B 0C 00 00 00 00 00 00 00 00 00 00
2026-03-15T14:11:17.540145,134.643,can0  204  [16]  28 58 CA 44 52 2A B2 4F 4C 1D 30 75 30 75 00 00
2026-03-15T14:11:17.656690,134.759,can0  070  [20]  EF 2A 4D 08 E8 B0 62 03 68 42 00 00 0B 15 00 00 0D 00 00 00
2026-03-15T14:11:17.658006,134.760,can0  070  [20]  EF 2A 4D 08 E8 B0 62 03 68 42 00 00 0B 15 00 00 0D 00 00 00
2026-03-15T14:11:17.659354,134.762,can0  100  [03]  7C 58 04
2026-03-15T14:11:17.660220,134.763,can0  040  [04]  83 00 0F 00
2026-03-15T14:11:17.661317,134.764,can0  110  [02]  7F 1B
2026-03-15T14:11:17.661406,134.764,can0  120  [04]  00 00 00 00
2026-03-15T14:11:17.661730,134.764,can0  204  [16]  28 58 CB 44 5C 2A F9 4E 4C 1D 30 75 30 75 00 00
2026-03-15T14:11:17.662024,134.764,can0  041  [04]  34 01 0B 00
2026-03-15T14:11:17.722256,134.825,can0  040  [04]  83 00 0F 00
2026-03-15T14:11:17.723041,134.825,can0  204  [16]  28 58 CB 44 5C 2A F9 4E 4C 1D 30 75 30 75 00 00
2026-03-15T14:11:17.724808,134.827,can0  070  [20]  EF 2A 4D 08 E8 B0 62 03 68 42 00 00 0B 15 00 00 0D 00 00 00
2026-03-15T14:11:17.725586,134.828,can0  204  [16]  28 58 CB 44 64 2A 90 50 4C 1D 30 75 30 75 00 00
2026-03-15T14:11:17.841050,134.943,can0  206  [24]  8F 0C A6 05 7F 0C D5 EF 8B 05 8B 0C 7F 0C 00 00 00 00 00 00 00 00 00 00
2026-03-15T14:11:17.841145,134.944,can0  204  [16]  28 58 CB 44 64 2A 90 50 4C 1D 30 75 30 75 00 00
2026-03-15T14:11:17.906531,135.009,can0  204  [16]  28 58 C9 44 5E 2A 27 52 4C 1D 30 75 30 75 00 00
2026-03-15T14:11:17.907426,135.010,can0  040  [04]  90 00 0F 00
2026-03-15T14:11:17.907835,135.010,can0  041  [04]  4C 01 0C 00
2026-03-15T14:11:17.908597,135.011,can0  060  [32]  00 00 00 00 00 00 00 00 00 00 00 00 00 00 00 00 00 00 00 00 00 00 00 00 00 00 00 00 00 00 00 00
2026-03-15T14:11:17.908902,135.011,can0  204  [16]  28 58 C9 44 5A 2A F7 51 4C 1D 30 75 30 75 00 00
2026-03-15T14:11:17.909553,135.012,can0  040  [04]  90 00 0F 00
2026-03-15T14:11:18.031025,135.133,can0  204  [16]  28 58 C9 44 5A 2A F7 51 4C 1D 30 75 30 75 00 00
2026-03-15T14:11:18.047020,135.149,can0  204  [16]  28 58 C9 44 60 2A CF 52 4C 1D 30 75 30 75 00 00
2026-03-15T14:11:18.127505,135.230,can0  206  [24]  93 0C A6 05 73 0C D5 EF 8E 05 9B 0C 77 0C 00 00 00 00 00 00 00 00 00 00
2026-03-15T14:11:18.127874,135.230,can0  204  [16]  28 58 C9 44 60 2A CF 52 4C 1D 30 75 30 75 00 00
2026-03-15T14:11:18.128619,135.231,can0  040  [04]  96 00 0E 00
2026-03-15T14:11:18.222397,135.325,can0  041  [04]  52 01 0B 00
2026-03-15T14:11:18.222767,135.325,can0  204  [16]  28 58 C9 44 5E 2A 8B 51 4C 1D 30 75 30 75 00 00
2026-03-15T14:11:18.224387,135.327,can0  070  [20]  EF 2A 4D 08 E8 B0 62 03 68 42 00 00 0B 15 00 00 0D 00 00 00
2026-03-15T14:11:18.225605,135.328,can0  040  [04]  96 00 0E 00
2026-03-15T14:11:18.226027,135.328,can0  204  [16]  28 58 C7 44 60 2A E0 51 4C 1D 30 75 30 75 00 00
2026-03-15T14:11:18.336391,135.439,can0  204  [16]  28 58 C7 44 60 2A E0 51 4C 1D 30 75 30 75 00 00
2026-03-15T14:11:18.337507,135.440,can0  070  [20]  EF 2A 4D 08 E8 B0 62 03 68 42 00 00 0B 15 00 00 0D 00 00 00
2026-03-15T14:11:18.338056,135.440,can0  206  [24]  8B 0C AA 05 83 0C C5 EF 8B 05 93 0C 7B 0C 00 00 00 00 00 00 00 00 00 00
2026-03-15T14:11:18.422626,135.525,can0  204  [16]  28 58 C9 44 5A 2A 06 53 4C 1D 30 75 30 75 00 00
2026-03-15T14:11:18.422882,135.525,can0  204  [16]  28 58 C9 44 5A 2A 06 53 4C 1D 30 75 30 75 00 00
2026-03-15T14:11:18.423107,135.525,can0  041  [04]  52 01 07 00
2026-03-15T14:11:18.424392,135.527,can0  060  [32]  00 00 00 00 EF 2A 4D 08 3C 06 B8 10 00 00 10 0E FF 01 00 00 00 00 00 00 01 00 00 00 00 00 00 00
2026-03-15T14:11:18.425454,135.528,can0  040  [04]  99 00 0D 00
2026-03-15T14:11:18.522718,135.625,can0  204  [16]  28 58 C9 44 54 2A 01 51 4C 1D 30 75 30 75 00 00
2026-03-15T14:11:18.523468,135.626,can0  040  [04]  99 00 0D 00
2026-03-15T14:11:18.526393,135.629,can0  204  [16]  28 58 C9 44 54 2A 01 51 4C 1D 30 75 30 75 00 00
2026-03-15T14:11:18.623042,135.725,can0  070  [20]  EF 2A 4D 08 E8 B0 62 03 50 46 00 00 0B 15 00 00 16 00 00 00
2026-03-15T14:11:18.623686,135.726,can0  206  [24]  8B 0C AA 05 7F 0C D5 EF 90 05 97 0C 7B 0C 00 00 00 00 00 00 00 00 00 00
2026-03-15T14:11:18.624021,135.726,can0  204  [16]  28 58 CB 44 52 2A 29 53 4C 1D 30 75 30 75 00 00
2026-03-15T14:11:18.625042,135.727,can0  070  [20]  EF 2A 4D 08 E8 B0 62 03 50 46 00 00 0B 15 00 00 15 00 00 00
2026-03-15T14:11:18.722456,135.825,can0  204  [16]  28 58 C8 44 5C 2A 04 55 4C 1D 30 75 30 75 00 00
2026-03-15T14:11:18.723868,135.826,can0  070  [20]  EF 2A 4D 08 E8 B0 62 03 50 46 00 00 0B 15 00 00 15 00 00 00
2026-03-15T14:11:18.724611,135.827,can0  040  [04]  96 00 0D 00
2026-03-15T14:11:18.728590,135.831,can0  041  [04]  3F 01 00 00
2026-03-15T14:11:18.728678,135.831,can0  204  [16]  28 58 C9 44 62 2A 12 51 4C 1D 30 75 30 75 00 00
2026-03-15T14:11:18.728746,135.831,can0  040  [04]  96 00 0D 00
2026-03-15T14:11:18.822145,135.925,can0  204  [16]  28 58 C9 44 62 2A 12 51 4C 1D 30 75 30 75 00 00
2026-03-15T14:11:18.822864,135.925,can0  100  [03]  77 58 04
2026-03-15T14:11:18.823412,135.926,can0  120  [04]  00 00 00 00
2026-03-15T14:11:18.823697,135.926,can0  204  [16]  28 58 C8 44 58 2A 0F 4E 4C 1D 30 75 30 75 00 00
2026-03-15T14:11:18.922279,136.025,can0  206  [24]  87 0C A8 05 7F 0C 03 F0 92 05 9B 0C 83 0C 00 00 00 00 00 00 00 00 00 00
2026-03-15T14:11:18.922985,136.025,can0  204  [16]  28 58 C8 44 58 2A 0F 4E 4C 1D 30 75 30 75 00 00
2026-03-15T14:11:18.923076,136.025,can0  060  [32]  00 00 00 00 00 00 00 00 00 00 00 00 00 00 00 00 00 00 00 00 00 00 00 00 00 00 00 00 00 00 00 00
2026-03-15T14:11:18.924006,136.026,can0  040  [04]  9C 00 10 00
2026-03-15T14:11:18.924417,136.027,can0  041  [04]  B5 00 00 00
2026-03-15T14:11:19.022895,136.125,can0  204  [16]  28 58 C9 44 60 2A 3E 54 4C 1D 30 75 30 75 00 00
2026-03-15T14:11:19.023687,136.126,can0  040  [04]  9C 00 10 00
2026-03-15T14:11:19.026599,136.129,can0  204  [16]  28 58 C9 44 52 2A 7E 50 4C 1D 30 75 30 75 00 00
2026-03-15T14:11:19.121924,136.224,can0  204  [16]  28 58 C9 44 52 2A 7E 50 4C 1D 30 75 30 75 00 00
2026-03-15T14:11:19.122299,136.225,can0  206  [24]  87 0C AA 05 7B 0C D5 EF 90 05 9F 0C 83 0C 00 00 00 00 00 00 00 00 00 00
2026-03-15T14:11:19.122711,136.225,can0  204  [16]  28 58 C9 44 5C 2A 69 52 4C 1D 30 75 30 75 00 00
2026-03-15T14:11:19.227406,136.330,can0  070  [20]  EF 2A 4D 08 E8 B0 62 03 50 46 00 00 0B 15 00 00 15 00 00 00
2026-03-15T14:11:19.228090,136.330,can0  204  [16]  28 58 C9 44 5C 2A 69 52 4C 1D 30 75 30 75 00 00
2026-03-15T14:11:19.229017,136.331,can0  040  [04]  A4 00 13 00
2026-03-15T14:11:19.244279,136.347,can0  041  [04]  E4 00 04 00
2026-03-15T14:11:19.244398,136.347,can0  110  [02]  7E 1B
2026-03-15T14:11:19.406685,136.509,can0  204  [16]  28 58 C8 44 52 2A AB 54 4C 1D 30 75 30 75 00 00
2026-03-15T14:11:19.407001,136.509,can0  040  [04]  A4 00 13 00
2026-03-15T14:11:19.407274,136.510,can0  070  [20]  EF 2A 4D 08 E8 B0 62 03 50 46 00 00 0B 15 00 00 15 00 00 00
2026-03-15T14:11:19.410523,136.513,can0  204  [16]  28 58 C8 44 60 2A 27 50 4C 1D 30 75 30 75 00 00
2026-03-15T14:11:19.410940,136.513,can0  206  [24]  5F 0C A8 05 A3 0C C5 EF 90 05 9B 0C 83 0C 00 00 00 00 00 00 00 00 00 00
2026-03-15T14:11:19.411032,136.513,can0  204  [16]  28 58 C8 44 60 2A 27 50 4C 1D 30 75 30 75 00 00
2026-03-15T14:11:19.411105,136.513,can0  060  [32]  00 00 00 00 00 00 00 00 00 00 00 00 00 00 00 00 00 00 00 00 00 00 00 00 00 00 00 00 00 00 00 00
2026-03-15T14:11:19.411184,136.514,can0  204  [16]  28 58 C7 44 56 2A BC 52 4C 1D 30 75 30 75 00 00
2026-03-15T14:11:19.416327,136.519,can0  060  [32]  00 00 00 00 EF 2A 4D 08 3C 06 B8 10 00 00 10 0E FF 01 00 00 00 00 00 00 01 00 00 00 00 00 00 00
2026-03-15T14:11:19.543341,136.646,can0  041  [04]  10 01 08 00
2026-03-15T14:11:19.544743,136.647,can0  040  [04]  AC 00 15 00
2026-03-15T14:11:19.545253,136.648,can0  204  [16]  28 58 C7 44 56 2A BC 52 4C 1D 30 75 30 75 00 00
2026-03-15T14:11:19.546498,136.649,can0  040  [04]  AC 00 15 00
2026-03-15T14:11:19.608500,136.711,can0  070  [20]  EF 2A 4D 08 E8 B0 62 03 38 4A 00 00 0B 15 00 00 50 00 00 00
2026-03-15T14:11:19.609141,136.712,can0  204  [16]  28 58 C9 44 5A 2A AE 50 4C 1D 30 75 30 75 00 00
2026-03-15T14:11:19.610381,136.713,can0  070  [20]  EF 2A 4D 08 E8 B0 62 03 38 4A 00 00 0B 15 00 00 4F 00 00 00
2026-03-15T14:11:19.611028,136.713,can0  204  [16]  28 58 C9 44 5E 2A AC 53 4C 1D 30 75 30 75 00 00
2026-03-15T14:11:19.726279,136.829,can0  206  [24]  87 0C A1 05 7F 0C B6 EF 90 05 97 0C 83 0C 00 00 00 00 00 00 00 00 00 00
2026-03-15T14:11:19.727890,136.830,can0  070  [20]  EF 2A 4D 08 E8 B0 62 03 38 4A 00 00 0B 15 00 00 4F 00 00 00
2026-03-15T14:11:19.728487,136.831,can0  204  [16]  28 58 C9 44 5E 2A AC 53 4C 1D 30 75 30 75 00 00
2026-03-15T14:11:19.728777,136.831,can0  041  [04]  10 01 07 00
2026-03-15T14:11:19.729534,136.832,can0  040  [04]  A0 00 14 00
2026-03-15T14:11:19.815660,136.918,can0  204  [16]  28 58 CA 44 5A 2A 6C 51 4C 1D 30 75 30 75 00 00
2026-03-15T14:11:19.816532,136.919,can0  040  [04]  A0 00 14 00
2026-03-15T14:11:19.819854,136.922,can0  204  [16]  28 58 C9 44 54 2A 15 50 4C 1D 30 75 30 75 00 00
2026-03-15T14:11:19.921061,137.023,can0  204  [16]  28 58 C9 44 54 2A 15 50 4C 1D 30 75 30 75 00 00
2026-03-15T14:11:19.928602,137.031,can0  206  [24]  8F 0C A6 05 7B 0C D5 EF 8E 05 8F 0C 83 0C 00 00 00 00 00 00 00 00 00 00
2026-03-15T14:11:19.929129,137.032,can0  204  [16]  28 58 C8 44 62 2A F6 50 4C 1D 30 75 30 75 00 00
2026-03-15T14:11:19.936320,137.039,can0  060  [32]  00 00 00 00 00 00 00 00 00 00 00 00 00 00 00 00 00 00 00 00 00 00 00 00 00 00 00 00 00 00 00 00
2026-03-15T14:11:20.042399,137.145,can0  204  [16]  28 58 C8 44 62 2A F6 50 4C 1D 30 75 30 75 00 00
2026-03-15T14:11:20.043340,137.146,can0  040  [04]  89 00 11 00
2026-03-15T14:11:20.044814,137.147,can0  041  [04]  09 01 0A 00
2026-03-15T14:11:20.044901,137.147,can0  100  [03]  75 58 04
2026-03-15T14:11:20.047732,137.150,can0  120  [04]  00 00 00 00
2026-03-15T14:11:20.157266,137.260,can0  040  [04]  89 00 11 00
2026-03-15T14:11:20.157836,137.260,can0  204  [16]  28 58 C9 44 52 2A C3 4E 4C 1D 30 75 30 75 00 00
2026-03-15T14:11:20.158675,137.261,can0  204  [16]  28 58 C8 44 62 2A A6 51 4C 1D 30 75 30 75 00 00
2026-03-15T14:11:20.217953,137.320,can0  204  [16]  28 58 C8 44 62 2A A6 51 4C 1D 30 75 30 75 00 00
2026-03-15T14:11:20.218581,137.321,can0  206  [24]  83 0C A8 05 7F 0C C5 EF 90 05 9B 0C 7F 0C 00 00 00 00 00 00 00 00 00 00
2026-03-15T14:11:20.220016,137.322,can0  070  [20]  EF 2A 4D 08 E8 B0 62 03 38 4A 00 00 0B 15 00 00 4F 00 00 00
2026-03-15T14:11:20.220639,137.323,can0  204  [16]  28 58 CB 44 52 2A C2 51 4C 1D 30 75 30 75 00 00
2026-03-15T14:11:20.333105,137.436,can0  040  [04]  84 00 12 00
2026-03-15T14:11:20.334889,137.437,can0  041  [04]  10 01 0A 00
2026-03-15T14:11:20.335001,137.437,can0  070  [20]  EF 2A 4D 08 E8 B0 62 03 38 4A 00 00 0B 15 00 00 4F 00 00 00
2026-03-15T14:11:20.336503,137.439,can0  204  [16]  28 58 CB 44 52 2A C2 51 4C 1D 30 75 30 75 00 00
2026-03-15T14:11:20.336593,137.439,can0  040  [04]  84 00 12 00
2026-03-15T14:11:20.448318,137.551,can0  204  [16]  28 58 CB 44 60 2A B4 51 4C 1D 30 75 30 75 00 00
2026-03-15T14:11:20.448426,137.551,can0  204  [16]  28 58 CA 44 40 2A B1 52 4C 1D 30 75 30 75 00 00
2026-03-15T14:11:20.449943,137.552,can0  060  [32]  00 00 00 00 EF 2A 4D 08 3C 06 B8 10 00 00 10 0E FF 01 00 00 00 00 00 00 01 00 00 00 00 00 00 00
2026-03-15T14:11:20.450831,137.553,can0  206  [24]  83 0C A6 05 7F 0C C5 EF 90 05 93 0C 83 0C 00 00 00 00 00 00 00 00 00 00
2026-03-15T14:11:20.506937,137.609,can0  204  [16]  28 58 CA 44 40 2A B1 52 4C 1D 30 75 30 75 00 00
2026-03-15T14:11:20.507869,137.610,can0  040  [04]  87 00 14 00
2026-03-15T14:11:20.513337,137.616,can0  204  [16]  28 58 CA 44 40 2A B1 52 4C 1D 30 75 30 75 00 00
2026-03-15T14:11:20.513449,137.616,can0  041  [04]  10 01 08 00
2026-03-15T14:11:20.617930,137.720,can0  070  [20]  EF 2A 4D 08 E9 B0 62 03 20 4E 00 00 0B 15 00 00 3D 00 00 00
2026-03-15T14:11:20.619380,137.722,can0  070  [20]  EF 2A 4D 08 E9 B0 62 03 20 4E 00 00 0B 15 00 00 3D 00 00 00
2026-03-15T14:11:20.620725,137.723,can0  040  [04]  87 00 14 00
2026-03-15T14:11:20.621489,137.724,can0  204  [16]  28 58 C9 44 46 2A 99 50 4C 1D 30 75 30 75 00 00
2026-03-15T14:11:20.741448,137.844,can0  070  [20]  EF 2A 4D 08 E9 B0 62 03 20 4E 00 00 0B 15 00 00 3D 00 00 00
2026-03-15T14:11:20.742097,137.844,can0  204  [16]  28 58 C9 44 46 2A 99 50 4C 1D 30 75 30 75 00 00
2026-03-15T14:11:20.742515,137.845,can0  206  [24]  87 0C AA 05 7F 0C D5 EF 90 05 9B 0C 83 0C 00 00 00 00 00 00 00 00 00 00
2026-03-15T14:11:20.742853,137.845,can0  204  [16]  28 58 CB 44 68 2A EA 54 4C 1D 30 75 30 75 00 00
2026-03-15T14:11:20.821954,137.924,can0  204  [16]  28 58 CB 44 68 2A EA 54 4C 1D 30 75 30 75 00 00
2026-03-15T14:11:20.822291,137.925,can0  041  [04]  10 01 07 00
2026-03-15T14:11:20.823065,137.925,can0  040  [04]  87 00 10 00
2026-03-15T14:11:20.826079,137.928,can0  110  [02]  7E 1B
2026-03-15T14:11:20.922063,138.024,can0  204  [16]  28 58 CD 44 48 2A 47 55 4C 1D 30 75 30 75 00 00
2026-03-15T14:11:20.922850,138.025,can0  040  [04]  87 00 10 00
2026-03-15T14:11:20.926064,138.028,can0  204  [16]  28 58 CD 44 58 2A 39 52 4C 1D 30 75 30 75 00 00
2026-03-15T14:11:20.926131,138.028,can0  060  [32]  00 00 00 00 00 00 00 00 00 00 00 00 00 00 00 00 00 00 00 00 00 00 00 00 00 00 00 00 00 00 00 00
2026-03-15T14:11:21.022792,138.125,can0  204  [16]  28 58 CD 44 58 2A 39 52 4C 1D 30 75 30 75 00 00
2026-03-15T14:11:21.022892,138.125,can0  206  [24]  83 0C A6 05 7F 0C E4 EF 8E 05 93 0C 83 0C 00 00 00 00 00 00 00 00 00 00
2026-03-15T14:11:21.023150,138.126,can0  204  [16]  28 58 CA 44 36 2A C3 53 4C 1D 30 75 30 75 00 00
2026-03-15T14:11:21.138783,138.241,can0  040  [04]  84 00 12 00
2026-03-15T14:11:21.140325,138.243,can0  041  [04]  10 01 08 00
2026-03-15T14:11:21.140424,138.243,can0  204  [16]  28 58 CA 44 36 2A C3 53 4C 1D 30 75 30 75 00 00
2026-03-15T14:11:21.140495,138.243,can0  040  [04]  84 00 12 00
2026-03-15T14:11:21.258706,138.361,can0  204  [16]  28 58 C5 44 62 2A 8A 50 4C 1D 30 75 30 75 00 00
2026-03-15T14:11:21.260045,138.362,can0  070  [20]  EF 2A 4D 08 E9 B0 62 03 20 4E 00 00 0B 15 00 00 3D 00 00 00
2026-03-15T14:11:21.261214,138.364,can0  100  [03]  72 58 04
2026-03-15T14:11:21.261754,138.364,can0  204  [16]  28 58 C8 44 54 2A 9A 50 4C 1D 30 75 30 75 00 00
2026-03-15T14:11:21.262498,138.365,can0  120  [04]  00 00 00 00
2026-03-15T14:11:21.262879,138.365,can0  206  [24]  87 0C AA 05 7F 0C D5 EF 8E 05 9F 0C 7F 0C 00 00 00 00 00 00 00 00 00 00
2026-03-15T14:11:21.322982,138.425,can0  204  [16]  28 58 C8 44 54 2A 9A 50 4C 1D 30 75 30 75 00 00
2026-03-15T14:11:21.324355,138.427,can0  070  [20]  EF 2A 4D 08 E9 B0 62 03 20 4E 00 00 0B 15 00 00 3D 00 00 00
2026-03-15T14:11:21.325521,138.428,can0  204  [16]  28 58 CB 44 66 2A 3A 51 4C 1D 30 75 30 75 00 00
2026-03-15T14:11:21.326420,138.429,can0  040  [04]  81 00 13 00
2026-03-15T14:11:21.326737,138.429,can0  041  [04]  10 01 0A 00
2026-03-15T14:11:21.447768,138.550,can0  204  [16]  28 58 CB 44 66 2A 3A 51 4C 1D 30 75 30 75 00 00
2026-03-15T14:11:21.448744,138.551,can0  040  [04]  81 00 13 00
2026-03-15T14:11:21.449419,138.552,can0  060  [32]  00 00 00 00 00 00 00 00 00 00 00 00 00 00 00 00 00 00 00 00 00 00 00 00 00 00 00 00 00 00 00 00
2026-03-15T14:11:21.509382,138.612,can0  204  [16]  28 58 CF 44 46 2A 6B 50 4C 1D 30 75 30 75 00 00
2026-03-15T14:11:21.510900,138.613,can0  060  [32]  00 00 00 00 EF 2A 4D 08 3E 06 B8 10 00 00 10 0E FF 01 00 00 00 00 00 00 01 00 00 00 00 00 00 00
2026-03-15T14:11:21.512138,138.615,can0  206  [24]  87 0C AA 05 7B 0C B6 EF 94 05 9F 0C 7F 0C 00 00 00 00 00 00 00 00 00 00
2026-03-15T14:11:21.512231,138.615,can0  204  [16]  28 58 CF 44 46 2A 6B 50 4C 1D 30 75 30 75 00 00
2026-03-15T14:11:21.629915,138.732,can0  070  [20]  EF 2A 4D 08 E9 B0 62 03 08 52 00 00 0B 15 00 00 0D 00 00 00
2026-03-15T14:11:21.631772,138.734,can0  204  [16]  28 58 CC 44 66 2A 85 52 4C 1D 30 75 30 75 00 00
2026-03-15T14:11:21.631896,138.734,can0  070  [20]  EF 2A 4D 08 E9 B0 62 03 08 52 00 00 0B 15 00 00 0D 00 00 00
2026-03-15T14:11:21.640278,138.743,can0  040  [04]  7E 00 0D 00
2026-03-15T14:11:21.640394,138.743,can0  041  [04]  0A 01 0A 00
2026-03-15T14:11:21.640479,138.743,can0  204  [16]  28 58 C8 44 48 2A 25 53 4C 1D 30 75 30 75 00 00
2026-03-15T14:11:21.751157,138.854,can0  040  [04]  7E 00 0D 00
2026-03-15T14:11:21.753336,138.856,can0  070  [20]  EF 2A 4D 08 E9 B0 62 03 08 52 00 00 0B 15 00 00 0D 00 00 00
2026-03-15T14:11:21.757403,138.860,can0  204  [16]  28 58 C8 44 4A 2A D9 51 4C 1D 30 75 30 75 00 00
2026-03-15T14:11:21.814193,138.917,can0  204  [16]  28 58 C8 44 4A 2A D9 51 4C 1D 30 75 30 75 00 00
2026-03-15T14:11:21.814938,138.917,can0  206  [24]  8B 0C A6 05 7F 0C C5 EF 92 05 93 0C 7F 0C 00 00 00 00 00 00 00 00 00 00
2026-03-15T14:11:21.815015,138.917,can0  204  [16]  28 58 C9 44 62 2A E0 51 4C 1D 30 75 30 75 00 00
2026-03-15T14:11:21.933598,139.036,can0  041  [04]  10 01 08 00
2026-03-15T14:11:21.934482,139.037,can0  040  [04]  7D 00 08 00
2026-03-15T14:11:21.934899,139.037,can0  204  [16]  28 58 C9 44 62 2A E0 51 4C 1D 30 75 30 75 00 00
2026-03-15T14:11:21.936420,139.039,can0  040  [04]  7D 00 08 00
2026-03-15T14:11:22.051239,139.154,can0  204  [16]  28 58 CA 44 56 2A 03 51 4C 1D 30 75 30 75 00 00
2026-03-15T14:11:22.052026,139.154,can0  060  [32]  00 00 00 00 00 00 00 00 00 00 00 00 00 00 00 00 00 00 00 00 00 00 00 00 00 00 00 00 00 00 00 00
2026-03-15T14:11:22.052113,139.154,can0  204  [16]  28 58 CC 44 64 2A 45 52 4C 1D 30 75 30 75 00 00
2026-03-15T14:11:22.112152,139.215,can0  206  [24]  8F 0C AC 05 7B 0C D5 EF 90 05 97 0C 7F 0C 00 00 00 00 00 00 00 00 00 00
2026-03-15T14:11:22.112267,139.215,can0  204  [16]  28 58 CC 44 64 2A 45 52 4C 1D 30 75 30 75 00 00
2026-03-15T14:11:22.112624,139.215,can0  204  [16]  28 58 C9 44 4A 2A A0 52 4C 1D 30 75 30 75 00 00
2026-03-15T14:11:22.113519,139.216,can0  040  [04]  76 00 0A 00
2026-03-15T14:11:22.113837,139.216,can0  041  [04]  10 01 0A 00
2026-03-15T14:11:22.234368,139.337,can0  070  [20]  EF 2A 4D 08 E9 B0 62 03 08 52 00 00 0B 15 00 00 0D 00 00 00
2026-03-15T14:11:22.241351,139.344,can0  040  [04]  76 00 0A 00
2026-03-15T14:11:22.241461,139.344,can0  204  [16]  28 58 C9 44 4A 2A A0 52 4C 1D 30 75 30 75 00 00
2026-03-15T14:11:22.351734,139.454,can0  204  [16]  28 58 C7 44 5C 2A 24 52 4C 1D 30 75 30 75 00 00
2026-03-15T14:11:22.353797,139.456,can0  070  [20]  EF 2A 4D 08 E9 B0 62 03 08 52 00 00 0B 15 00 00 0D 00 00 00
2026-03-15T14:11:22.358247,139.461,can0  206  [24]  7F 0C A3 05 7B 0C E4 EF 90 05 9B 0C 83 0C 00 00 00 00 00 00 00 00 00 00
2026-03-15T14:11:22.358353,139.461,can0  204  [16]  28 58 C5 44 4C 2A B0 52 4C 1D 30 75 30 75 00 00
2026-03-15T14:11:22.416831,139.519,can0  204  [16]  28 58 C5 44 4C 2A B0 52 4C 1D 30 75 30 75 00 00
2026-03-15T14:11:22.416937,139.519,can0  040  [04]  6E 00 0D 00
2026-03-15T14:11:22.418035,139.520,can0  041  [04]  19 01 09 00
2026-03-15T14:11:22.418127,139.520,can0  100  [03]  6F 58 04
2026-03-15T14:11:22.418338,139.521,can0  110  [02]  7E 1B
2026-03-15T14:11:22.419165,139.522,can0  120  [04]  00 00 00 00
2026-03-15T14:11:22.419555,139.522,can0  204  [16]  28 58 C9 44 5C 2A 57 52 4C 1D 30 75 30 75 00 00
2026-03-15T14:11:22.523333,139.626,can0  060  [32]  00 00 00 00 EF 2A 4D 08 3E 06 B8 10 00 00 10 0E FF 01 00 00 00 00 00 00 01 00 00 00 00 00 00 00
2026-03-15T14:11:22.524450,139.627,can0  040  [04]  6E 00 0D 00
2026-03-15T14:11:22.524883,139.627,can0  204  [16]  28 58 C9 44 5C 2A 57 52 4C 1D 30 75 30 75 00 00
2026-03-15T14:11:22.623199,139.726,can0  070  [20]  EF 2A 4D 08 E9 B0 62 03 F0 55 00 00 0B 15 00 00 2E 00 00 00
2026-03-15T14:11:22.623685,139.726,can0  204  [16]  28 58 C9 44 56 2A 0B 51 4C 1D 30 75 30 75 00 00
2026-03-15T14:11:22.624679,139.727,can0  070  [20]  EF 2A 4D 08 E9 B0 62 03 F0 55 00 00 0B 15 00 00 2E 00 00 00
2026-03-15T14:11:22.625334,139.728,can0  206  [24]  7F 0C A6 05 7F 0C C5 EF 8B 05 9B 0C 87 0C 00 00 00 00 00 00 00 00 00 00
2026-03-15T14:11:22.625661,139.728,can0  204  [16]  28 58 C7 44 66 2A 45 53 4C 1D 30 75 30 75 00 00
2026-03-15T14:11:22.723775,139.826,can0  070  [20]  EF 2A 4D 08 E9 B0 62 03 F0 55 00 00 0B 15 00 00 2E 00 00 00
2026-03-15T14:11:22.724629,139.827,can0  040  [04]  77 00 0E 00
2026-03-15T14:11:22.725362,139.828,can0  041  [04]  10 01 08 00
2026-03-15T14:11:22.725457,139.828,can0  204  [16]  28 58 C7 44 66 2A 45 53 4C 1D 30 75 30 75 00 00
2026-03-15T14:11:22.726152,139.829,can0  040  [04]  77 00 0E 00
2026-03-15T14:11:22.728960,139.831,can0  204  [16]  28 58 C6 44 58 2A 1F 53 4C 1D 30 75 30 75 00 00
2026-03-15T14:11:22.822502,139.925,can0  204  [16]  28 58 C6 44 46 2A 5D 52 4C 1D 30 75 30 75 00 00
2026-03-15T14:11:22.822783,139.925,can0  206  [24]  8F 0C A8 05 7B 0C C5 EF 8E 05 9F 0C 77 0C 00 00 00 00 00 00 00 00 00 00
2026-03-15T14:11:22.922514,140.025,can0  204  [16]  28 58 C6 44 46 2A 5D 52 4C 1D 30 75 30 75 00 00
2026-03-15T14:11:22.923334,140.026,can0  040  [04]  76 00 10 00
2026-03-15T14:11:22.923639,140.026,can0  204  [16]  28 58 C9 44 58 2A A4 55 4C 1D 30 75 30 75 00 00
2026-03-15T14:11:22.926376,140.029,can0  041  [04]  1A 01 09 00
2026-03-15T14:11:23.022483,140.125,can0  060  [32]  00 00 00 00 00 00 00 00 00 00 00 00 00 00 00 00 00 00 00 00 00 00 00 00 00 00 00 00 00 00 00 00
2026-03-15T14:11:23.022959,140.125,can0  204  [16]  28 58 C9 44 58 2A A4 55 4C 1D 30 75 30 75 00 00
2026-03-15T14:11:23.024384,140.127,can0  040  [04]  76 00 10 00
2026-03-15T14:11:23.024472,140.127,can0  204  [16]  28 58 C9 44 5A 2A 9B 51 4C 1D 30 75 30 75 00 00
2026-03-15T14:11:23.130134,140.233,can0  206  [24]  83 0C AA 05 87 0C C5 EF 8E 05 8F 0C 83 0C 00 00 00 00 00 00 00 00 00 00
2026-03-15T14:11:23.130420,140.233,can0  204  [16]  28 58 C9 44 5C 2A 61 55 4C 1D 30 75 30 75 00 00
2026-03-15T14:11:23.223722,140.326,can0  070  [20]  EF 2A 4D 08 E9 B0 62 03 F0 55 00 00 0B 15 00 00 2E 00 00 00
2026-03-15T14:11:23.224160,140.327,can0  204  [16]  28 58 C9 44 5C 2A 61 55 4C 1D 30 75 30 75 00 00
2026-03-15T14:11:23.224471,140.327,can0  041  [04]  10 01 07 00
2026-03-15T14:11:23.225301,140.328,can0  040  [04]  79 00 11 00
2026-03-15T14:11:23.225751,140.328,can0  204  [16]  28 58 CB 44 56 2A A1 55 4C 1D 30 75 30 75 00 00
2026-03-15T14:11:23.226908,140.329,can0  040  [04]  79 00 11 00
2026-03-15T14:11:23.322811,140.425,can0  204  [16]  28 58 CB 44 56 2A A1 55 4C 1D 30 75 30 75 00 00
2026-03-15T14:11:23.324161,140.427,can0  070  [20]  EF 2A 4D 08 E9 B0 62 03 F0 55 00 00 0B 15 00 00 2E 00 00 00
2026-03-15T14:11:23.324557,140.427,can0  204  [16]  28 58 C8 44 5C 2A 65 54 4C 1D 30 75 30 75 00 00
2026-03-15T14:11:23.422473,140.525,can0  206  [24]  8F 0C A6 05 7B 0C D5 EF 90 05 97 0C 7F 0C 00 00 00 00 00 00 00 00 00 00
2026-03-15T14:11:23.422730,140.525,can0  204  [16]  28 58 C6 44 4C 2A FB 54 4C 1D 30 75 30 75 00 00
2026-03-15T14:11:23.526303,140.629,can0  060  [32]  00 00 00 00 00 00 00 00 00 00 00 00 00 00 00 00 00 00 00 00 00 00 00 00 00 00 00 00 00 00 00 00
2026-03-15T14:11:23.527245,140.630,can0  040  [04]  75 00 11 00
2026-03-15T14:11:23.527656,140.630,can0  204  [16]  28 58 C6 44 4C 2A FB 54 4C 1D 30 75 30 75 00 00
2026-03-15T14:11:23.528428,140.631,can0  041  [04]  10 01 08 00
2026-03-15T14:11:23.529650,140.632,can0  060  [32]  00 00 00 00 EF 2A 4D 08 3E 06 B8 10 00 00 10 0E FF 01 00 00 00 00 00 00 01 00 00 00 00 00 00 00
2026-03-15T14:11:23.535525,140.638,can0  040  [04]  75 00 11 00
2026-03-15T14:11:23.535630,140.638,can0  204  [16]  28 58 C6 44 4C 2A FB 54 4C 1D 30 75 30 75 00 00
2026-03-15T14:11:23.644839,140.747,can0  070  [20]  EF 2A 4D 08 E9 B0 62 03 D8 59 00 00 0B 15 00 00 21 00 00 00
2026-03-15T14:11:23.646465,140.749,can0  070  [20]  EF 2A 4D 08 E9 B0 62 03 D8 59 00 00 0B 15 00 00 22 00 00 00
2026-03-15T14:11:23.647047,140.749,can0  204  [16]  28 58 CC 44 56 2A F0 52 4C 1D 30 75 30 75 00 00
2026-03-15T14:11:23.647778,140.750,can0  100  [03]  70 58 04
2026-03-15T14:11:23.655088,140.757,can0  120  [04]  00 00 00 00
2026-03-15T14:11:23.759449,140.862,can0  206  [24]  8B 0C AA 05 83 0C E4 EF 92 05 8F 0C 7F 0C 00 00 00 00 00 00 00 00 00 00
2026-03-15T14:11:23.759812,140.862,can0  204  [16]  28 58 CC 44 56 2A F0 52 4C 1D 30 75 30 75 00 00
2026-03-15T14:11:23.761293,140.864,can0  070  [20]  EF 2A 4D 08 E9 B0 62 03 D8 59 00 00 0B 15 00 00 22 00 00 00
2026-03-15T14:11:23.761938,140.864,can0  204  [16]  28 58 CA 44 64 2A 34 52 4C 1D 30 75 30 75 00 00
2026-03-15T14:11:23.762970,140.865,can0  040  [04]  6D 00 15 00
2026-03-15T14:11:23.773700,140.876,can0  041  [04]  27 01 08 00
2026-03-15T14:11:23.823043,140.925,can0  204  [16]  28 58 CA 44 64 2A 34 52 4C 1D 30 75 30 75 00 00
2026-03-15T14:11:23.824072,140.926,can0  040  [04]  6D 00 15 00
2026-03-15T14:11:23.830722,140.933,can0  204  [16]  28 58 C7 44 52 2A DE 56 4C 1D 30 75 30 75 00 00
2026-03-15T14:11:23.941796,141.044,can0  206  [24]  83 0C A3 05 83 0C D5 EF 92 05 8F 0C 83 0C 00 00 00 00 00 00 00 00 00 00
2026-03-15T14:11:23.942165,141.045,can0  204  [16]  28 58 CA 44 52 2A F6 52 4C 1D 30 75 30 75 00 00
2026-03-15T14:11:24.059113,141.161,can0  204  [16]  28 58 CA 44 52 2A F6 52 4C 1D 30 75 30 75 00 00
2026-03-15T14:11:24.059525,141.162,can0  060  [32]  00 00 00 00 00 00 00 00 00 00 00 00 00 00 00 00 00 00 00 00 00 00 00 00 00 00 00 00 00 00 00 00
2026-03-15T14:11:24.060515,141.163,can0  040  [04]  67 00 17 00
2026-03-15T14:11:24.061986,141.164,can0  041  [04]  21 01 09 00
2026-03-15T14:11:24.062065,141.164,can0  110  [02]  7C 1B
2026-03-15T14:11:24.062126,141.164,can0  204  [16]  28 58 C9 44 54 2A 92 52 4C 1D 30 75 30 75 00 00
2026-03-15T14:11:24.125043,141.227,can0  040  [04]  67 00 17 00
2026-03-15T14:11:24.125739,141.228,can0  204  [16]  28 58 C9 44 54 2A 92 52 4C 1D 30 75 30 75 00 00
2026-03-15T14:11:24.126568,141.229,can0  204  [16]  28 58 CB 44 5E 2A A3 51 4C 1D 30 75 30 75 00 00
2026-03-15T14:11:24.244204,141.347,can0  206  [24]  87 0C A6 05 77 0C C5 EF 90 05 9B 0C 83 0C 00 00 00 00 00 00 00 00 00 00
2026-03-15T14:11:24.245851,141.348,can0  070  [20]  EF 2A 4D 08 E9 B0 62 03 D8 59 00 00 0B 15 00 00 22 00 00 00
2026-03-15T14:11:24.250682,141.353,can0  204  [16]  28 58 CA 44 66 2A 4A 51 4C 1D 30 75 30 75 00 00
2026-03-15T14:11:24.361933,141.464,can0  204  [16]  28 58 CA 44 66 2A 4A 51 4C 1D 30 75 30 75 00 00
2026-03-15T14:11:24.362181,141.465,can0  041  [04]  2B 01 0B 00
2026-03-15T14:11:24.363277,141.466,can0  040  [04]  66 00 14 00
2026-03-15T14:11:24.364836,141.467,can0  070  [20]  EF 2A 4D 08 E9 B0 62 03 D8 59 00 00 0B 15 00 00 22 00 00 00
2026-03-15T14:11:24.366072,141.468,can0  040  [04]  66 00 14 00
2026-03-15T14:11:24.370024,141.472,can0  204  [16]  28 58 C9 44 5C 2A 70 52 4C 1D 30 75 30 75 00 00
2026-03-15T14:11:24.428198,141.531,can0  204  [16]  28 58 C9 44 5C 2A 70 52 4C 1D 30 75 30 75 00 00
2026-03-15T14:11:24.428975,141.531,can0  206  [24]  87 0C 9F 05 7F 0C D5 EF 90 05 93 0C 83 0C 00 00 00 00 00 00 00 00 00 00
2026-03-15T14:11:24.429056,141.531,can0  204  [16]  28 58 C9 44 60 2A E7 50 4C 1D 30 75 30 75 00 00
2026-03-15T14:11:24.551731,141.654,can0  060  [32]  00 00 00 00 EF 2A 4D 08 3E 06 B8 10 00 00 10 0E FF 01 00 00 00 00 00 00 01 00 00 00 00 00 00 00
2026-03-15T14:11:24.552923,141.655,can0  204  [16]  28 58 C9 44 60 2A E7 50 4C 1D 30 75 30 75 00 00
2026-03-15T14:11:24.558019,141.660,can0  040  [04]  67 00 13 00
2026-03-15T14:11:24.558139,141.661,can0  041  [04]  15 01 10 00
2026-03-15T14:11:24.637111,141.739,can0  070  [20]  EF 2A 4D 08 E9 B0 62 03 C0 5D 00 00 0B 15 00 00 41 00 00 00
2026-03-15T14:11:24.638970,141.741,can0  070  [20]  EF 2A 4D 08 E9 B0 62 03 C0 5D 00 00 0B 15 00 00 42 00 00 00
2026-03-15T14:11:24.639806,141.742,can0  040  [04]  67 00 13 00
2026-03-15T14:11:24.640467,141.743,can0  204  [16]  28 58 C7 44 54 2A 75 52 4C 1D 30 75 30 75 00 00
2026-03-15T14:11:24.643601,141.746,can0  204  [16]  28 58 CB 44 68 2A 17 54 4C 1D 30 75 30 75 00 00
2026-03-15T14:11:24.722853,141.825,can0  070  [20]  EF 2A 4D 08 E9 B0 62 03 C0 5D 00 00 0B 15 00 00 42 00 00 00
2026-03-15T14:11:24.723854,141.826,can0  204  [16]  28 58 CC 44 56 2A 60 53 4C 1D 30 75 30 75 00 00
2026-03-15T14:11:24.724211,141.827,can0  206  [24]  83 0C A6 05 7B 0C D5 EF 90 05 9F 0C 87 0C 00 00 00 00 00 00 00 00 00 00
2026-03-15T14:11:24.822683,141.925,can0  204  [16]  28 58 CC 44 56 2A 60 53 4C 1D 30 75 30 75 00 00
2026-03-15T14:11:24.823497,141.926,can0  040  [04]  6C 00 13 00
2026-03-15T14:11:24.824727,141.927,can0  041  [04]  10 01 13 00
2026-03-15T14:11:24.824796,141.927,can0  100  [03]  70 58 04
2026-03-15T14:11:24.825424,141.928,can0  120  [04]  00 00 00 00
2026-03-15T14:11:24.825783,141.928,can0  204  [16]  28 58 C9 44 62 2A 99 54 4C 1D 30 75 30 75 00 00
2026-03-15T14:11:24.923210,142.026,can0  040  [04]  6C 00 13 00
2026-03-15T14:11:24.923877,142.026,can0  204  [16]  28 58 C9 44 62 2A 99 54 4C 1D 30 75 30 75 00 00
2026-03-15T14:11:24.931523,142.034,can0  204  [16]  28 58 C7 44 5A 2A A8 54 4C 1D 30 75 30 75 00 00
2026-03-15T14:11:25.022150,142.125,can0  206  [24]  8F 0C A8 05 77 0C A6 EF 90 05 93 0C 7F 0C 00 00 00 00 00 00 00 00 00 00
2026-03-15T14:11:25.022531,142.125,can0  060  [32]  00 00 00 00 00 00 00 00 00 00 00 00 00 00 00 00 00 00 00 00 00 00 00 00 00 00 00 00 00 00 00 00
2026-03-15T14:11:25.022870,142.125,can0  204  [16]  28 58 C7 44 5E 2A 10 53 4C 1D 30 75 30 75 00 00
2026-03-15T14:11:25.125078,142.227,can0  040  [04]  73 00 13 00
2026-03-15T14:11:25.125970,142.228,can0  204  [16]  28 58 C7 44 5E 2A 10 53 4C 1D 30 75 30 75 00 00
2026-03-15T14:11:25.126058,142.228,can0  041  [04]  0D 01 14 00
2026-03-15T14:11:25.127215,142.230,can0  040  [04]  73 00 13 00
2026-03-15T14:11:25.127851,142.230,can0  204  [16]  28 58 C9 44 50 2A 4D 54 4C 1D 30 75 30 75 00 00
2026-03-15T14:11:25.244461,142.347,can0  070  [20]  EF 2A 4D 08 E9 B0 62 03 C0 5D 00 00 0B 15 00 00 42 00 00 00
2026-03-15T14:11:25.245277,142.348,can0  204  [16]  28 58 C9 44 50 2A 4D 54 4C 1D 30 75 30 75 00 00
2026-03-15T14:11:25.245692,142.348,can0  206  [24]  83 0C A6 05 83 0C B6 EF 90 05 8F 0C 83 0C 00 00 00 00 00 00 00 00 00 00
2026-03-15T14:11:25.246065,142.348,can0  204  [16]  28 58 CB 44 5E 2A B8 54 4C 1D 30 75 30 75 00 00
2026-03-15T14:11:25.361791,142.464,can0  070  [20]  EF 2A 4D 08 E9 B0 62 03 C0 5D 00 00 0B 15 00 00 42 00 00 00
2026-03-15T14:11:25.362868,142.465,can0  204  [16]  28 58 C9 44 5A 2A 4A 55 4C 1D 30 75 30 75 00 00
2026-03-15T14:11:25.362958,142.465,can0  041  [04]  08 01 18 00
2026-03-15T14:11:25.363867,142.466,can0  040  [04]  78 00 13 00
2026-03-15T14:11:25.418628,142.521,can0  204  [16]  28 58 C9 44 5A 2A 4A 55 4C 1D 30 75 30 75 00 00
2026-03-15T14:11:25.419471,142.522,can0  040  [04]  78 00 13 00
2026-03-15T14:11:25.419870,142.522,can0  204  [16]  28 58 C9 44 5A 2A D8 53 4C 1D 30 75 30 75 00 00
2026-03-15T14:11:25.538429,142.641,can0  204  [16]  28 58 C9 44 5A 2A D8 53 4C 1D 30 75 30 75 00 00
2026-03-15T14:11:25.538962,142.641,can0  206  [24]  7F 0C AC 05 7F 0C C5 EF 8E 05 93 0C 8B 0C 00 00 00 00 00 00 00 00 00 00
2026-03-15T14:11:25.540450,142.643,can0  060  [32]  00 00 00 00 EF 2A 4D 08 3E 06 B8 10 00 00 10 0E FF 01 00 00 00 00 00 00 01 00 00 00 00 00 00 00
2026-03-15T14:11:25.542234,142.645,can0  070  [20]  EE 2A 4D 08 E9 B0 62 03 A8 61 00 00 0B 15 00 00 3D 00 00 00
2026-03-15T14:11:25.623180,142.726,can0  204  [16]  28 58 C6 44 56 2A 8D 53 4C 1D 30 75 30 75 00 00
2026-03-15T14:11:25.624712,142.727,can0  070  [20]  EE 2A 4D 08 E9 B0 62 03 A8 61 00 00 0B 15 00 00 3E 00 00 00
2026-03-15T14:11:25.624975,142.727,can0  041  [04]  10 01 0F 00
2026-03-15T14:11:25.625876,142.728,can0  040  [04]  73 00 0E 00
2026-03-15T14:11:25.626535,142.729,can0  110  [02]  7E 1B
2026-03-15T14:11:25.626619,142.729,can0  204  [16]  28 58 C8 44 56 2A FB 53 4C 1D 30 75 30 75 00 00
2026-03-15T14:11:25.627512,142.730,can0  040  [04]  73 00 0E 00
2026-03-15T14:11:25.722336,142.825,can0  204  [16]  28 58 C8 44 56 2A FB 53 4C 1D 30 75 30 75 00 00
2026-03-15T14:11:25.723613,142.826,can0  070  [20]  EE 2A 4D 08 E9 B0 62 03 A8 61 00 00 0B 15 00 00 3E 00 00 00
2026-03-15T14:11:25.724144,142.827,can0  204  [16]  28 58 C6 44 58 2A F3 53 4C 1D 30 75 30 75 00 00
2026-03-15T14:11:25.823738,142.926,can0  206  [24]  87 0C A6 05 7F 0C 12 F0 8B 05 93 0C 83 0C 00 00 00 00 00 00 00 00 00 00
2026-03-15T14:11:25.824090,142.926,can0  204  [16]  28 58 C6 44 58 2A F3 53 4C 1D 30 75 30 75 00 00
2026-03-15T14:11:25.922916,143.025,can0  204  [16]  28 58 C9 44 4A 2A 56 54 4C 1D 30 75 30 75 00 00
2026-03-15T14:11:25.923725,143.026,can0  040  [04]  63 00 0E 00
2026-03-15T14:11:25.924289,143.027,can0  041  [04]  1F 01 0E 00
2026-03-15T14:11:25.925463,143.028,can0  040  [04]  63 00 0E 00
2026-03-15T14:11:25.926457,143.029,can0  204  [16]  28 58 C8 44 52 2A 12 54 4C 1D 30 75 30 75 00 00
2026-03-15T14:11:25.926523,143.029,can0  132  [00]
2026-03-15T14:11:26.038727,143.141,can0  204  [16]  28 58 C8 44 52 2A 12 54 4C 1D 30 75 30 75 00 00
2026-03-15T14:11:26.039015,143.141,can0  060  [32]  00 00 00 00 00 00 00 00 00 00 00 00 00 00 00 00 00 00 00 00 00 00 00 00 00 00 00 00 00 00 00 00
2026-03-15T14:11:26.040056,143.142,can0  100  [03]  71 58 04
2026-03-15T14:11:26.040795,143.143,can0  120  [04]  00 00 00 00
2026-03-15T14:11:26.043054,143.145,can0  204  [16]  28 58 C8 44 52 2A 73 53 4C 1D 30 75 30 75 00 00
2026-03-15T14:11:26.155541,143.258,can0  206  [24]  8B 0C A6 05 83 0C E4 EF 92 05 93 0C 7B 0C 00 00 00 00 00 00 00 00 00 00
2026-03-15T14:11:26.155644,143.258,can0  204  [16]  28 58 C5 44 4E 2A 83 50 4C 1D 30 75 30 75 00 00
2026-03-15T14:11:26.156758,143.259,can0  040  [04]  58 00 0A 00
2026-03-15T14:11:26.160797,143.263,can0  041  [04]  23 01 0E 00
2026-03-15T14:11:26.218001,143.320,can0  204  [16]  28 58 C5 44 4E 2A 83 50 4C 1D 30 75 30 75 00 00
2026-03-15T14:11:26.219366,143.322,can0  070  [20]  EE 2A 4D 08 E9 B0 62 03 A8 61 00 00 0B 15 00 00 3E 00 00 00
2026-03-15T14:11:26.220177,143.323,can0  040  [04]  58 00 0A 00
2026-03-15T14:11:26.224482,143.327,can0  204  [16]  28 58 C8 44 54 2A 9E 53 4C 1D 30 75 30 75 00 00
2026-03-15T14:11:26.326456,143.429,can0  070  [20]  EE 2A 4D 08 E9 B0 62 03 A8 61 00 00 0B 15 00 00 3E 00 00 00
2026-03-15T14:11:26.327152,143.430,can0  204  [16]  28 58 C8 44 54 2A 9E 53 4C 1D 30 75 30 75 00 00
2026-03-15T14:11:26.327538,143.430,can0  206  [24]  87 0C AA 05 83 0C D5 EF 90 05 97 0C 7F 0C 00 00 00 00 00 00 00 00 00 00
2026-03-15T14:11:26.327918,143.430,can0  204  [16]  28 58 C9 44 4A 2A AF 54 4C 1D 30 75 30 75 00 00
2026-03-15T14:11:26.424220,143.527,can0  040  [04]  62 00 07 00
2026-03-15T14:11:26.424349,143.527,can0  041  [04]  17 01 0C 00
2026-03-15T14:11:26.424421,143.527,can0  204  [16]  28 58 C8 44 54 2A A6 53 4C 1D 30 75 30 75 00 00
2026-03-15T14:11:26.425265,143.528,can0  040  [04]  62 00 07 00
2026-03-15T14:11:26.521869,143.624,can0  204  [16]  28 58 C8 44 54 2A A6 53 4C 1D 30 75 30 75 00 00
2026-03-15T14:11:26.523411,143.626,can0  060  [32]  00 00 00 00 EE 2A 4D 08 3E 06 B8 10 00 00 10 0E FF 01 00 00 00 00 00 00 01 00 00 00 00 00 00 00
2026-03-15T14:11:26.524177,143.627,can0  133  [00]
2026-03-15T14:11:26.524439,143.627,can0  204  [16]  28 58 C8 44 54 2A A6 53 4C 1D 30 75 30 75 00 00
2026-03-15T14:11:26.623334,143.726,can0  070  [20]  EE 2A 4D 08 E9 B0 62 03 90 65 00 00 0B 15 00 00 27 00 00 00
2026-03-15T14:11:26.623800,143.726,can0  206  [24]  8B 0C A8 05 7B 0C B6 EF 90 05 9F 0C 7B 0C 00 00 00 00 00 00 00 00 00 00
2026-03-15T14:11:26.624949,143.727,can0  070  [20]  EE 2A 4D 08 E9 B0 62 03 90 65 00 00 0B 15 00 00 27 00 00 00
2026-03-15T14:11:26.625382,143.728,can0  204  [16]  28 58 C6 44 4E 2A E7 54 4C 1D 30 75 30 75 00 00
2026-03-15T14:11:26.625633,143.728,can0  204  [16]  28 58 C5 44 5A 2A 48 54 4C 1D 30 75 30 75 00 00
2026-03-15T14:11:26.722817,143.825,can0  041  [04]  06 01 08 00
2026-03-15T14:11:26.724106,143.826,can0  070  [20]  EE 2A 4D 08 E9 B0 62 03 90 65 00 00 0B 15 00 00 27 00 00 00
2026-03-15T14:11:26.724943,143.827,can0  040  [04]  58 00 0C 00
2026-03-15T14:11:26.726158,143.829,can0  040  [04]  58 00 0C 00
2026-03-15T14:11:26.729057,143.831,can0  204  [16]  28 58 C5 44 48 2A AB 54 4C 1D 30 75 30 75 00 00
2026-03-15T14:11:26.822368,143.925,can0  204  [16]  28 58 C5 44 48 2A AB 54 4C 1D 30 75 30 75 00 00
2026-03-15T14:11:26.822724,143.925,can0  204  [16]  28 58 C6 44 60 2A BB 55 4C 1D 30 75 30 75 00 00
2026-03-15T14:11:26.823063,143.925,can0  206  [24]  8F 0C A8 05 83 0C C5 EF 90 05 8F 0C 77 0C 00 00 00 00 00 00 00 00 00 00
2026-03-15T14:11:26.922220,144.025,can0  204  [16]  28 58 C6 44 60 2A BB 55 4C 1D 30 75 30 75 00 00
2026-03-15T14:11:26.922611,144.025,can0  041  [04]  00 01 09 00
2026-03-15T14:11:26.923475,144.026,can0  040  [04]  4E 00 0F 00
2026-03-15T14:11:27.022593,144.125,can0  204  [16]  28 58 C9 44 64 2A 28 53 4C 1D 30 75 30 75 00 00
2026-03-15T14:11:27.023273,144.126,can0  040  [04]  4E 00 0F 00
2026-03-15T14:11:27.023725,144.126,can0  060  [32]  00 00 00 00 00 00 00 00 00 00 00 00 00 00 00 00 00 00 00 00 00 00 00 00 00 00 00 00 00 00 00 00
2026-03-15T14:11:27.027504,144.130,can0  204  [16]  28 58 C8 44 5E 2A 8C 51 4C 1D 30 75 30 75 00 00
2026-03-15T14:11:27.121789,144.224,can0  204  [16]  28 58 C8 44 5E 2A 8C 51 4C 1D 30 75 30 75 00 00
2026-03-15T14:11:27.122157,144.225,can0  206  [24]  8F 0C A6 05 7F 0C D5 EF 8B 05 93 0C 7B 0C 00 00 00 00 00 00 00 00 00 00
2026-03-15T14:11:27.122512,144.225,can0  204  [16]  28 58 C9 44 56 2A C4 56 4C 1D 30 75 30 75 00 00
2026-03-15T14:11:27.223283,144.326,can0  070  [20]  EE 2A 4D 08 E9 B0 62 03 90 65 00 00 0B 15 00 00 27 00 00 00
2026-03-15T14:11:27.225143,144.328,can0  040  [04]  58 00 0C 00
2026-03-15T14:11:27.225272,144.328,can0  041  [04]  18 01 09 00
2026-03-15T14:11:27.225345,144.328,can0  204  [16]  28 58 C4 44 4E 2A 43 56 4C 1D 30 75 30 75 00 00
2026-03-15T14:11:27.226573,144.329,can0  100  [03]  6E 58 04
2026-03-15T14:11:27.226831,144.329,can0  110  [02]  7C 1B
2026-03-15T14:11:27.227782,144.330,can0  120  [04]  00 00 00 00
2026-03-15T14:11:27.228550,144.331,can0  040  [04]  58 00 0C 00
2026-03-15T14:11:27.322309,144.425,can0  204  [16]  28 58 C4 44 4E 2A 43 56 4C 1D 30 75 30 75 00 00
2026-03-15T14:11:27.323640,144.426,can0  070  [20]  EE 2A 4D 08 E9 B0 62 03 90 65 00 00 0B 15 00 00 27 00 00 00
2026-03-15T14:11:27.324104,144.426,can0  204  [16]  28 58 C6 44 68 2A AA 54 4C 1D 30 75 30 75 00 00
2026-03-15T14:11:27.426808,144.529,can0  206  [24]  D3 0C A8 05 7B 0C C5 EF 8E 05 9B 0C 32 0C 00 00 00 00 00 00 00 00 00 00
2026-03-15T14:11:27.426904,144.529,can0  204  [16]  28 58 C6 44 68 2A AA 54 4C 1D 30 75 30 75 00 00
2026-03-15T14:11:27.426969,144.529,can0  204  [16]  28 58 C6 44 54 2A 1F 55 4C 1D 30 75 30 75 00 00
2026-03-15T14:11:27.427553,144.530,can0  040  [04]  50 00 0A 00
2026-03-15T14:11:27.545631,144.648,can0  041  [04]  2B 01 0A 00
2026-03-15T14:11:27.545980,144.648,can0  204  [16]  28 58 C6 44 54 2A 1F 55 4C 1D 30 75 30 75 00 00
2026-03-15T14:11:27.546309,144.649,can0  060  [32]  00 00 00 00 00 00 00 00 00 00 00 00 00 00 00 00 00 00 00 00 00 00 00 00 00 00 00 00 00 00 00 00
2026-03-15T14:11:27.548723,144.651,can0  040  [04]  50 00 0A 00
2026-03-15T14:11:27.548823,144.651,can0  060  [32]  00 00 00 00 EE 2A 4D 08 3E 06 B8 10 00 00 10 0E FF 01 00 00 00 00 00 00 01 00 00 00 00 00 00 00
2026-03-15T14:11:27.666130,144.769,can0  070  [20]  EE 2A 4D 08 E8 B0 62 03 78 69 00 00 0B 15 00 00 2E 00 00 00
2026-03-15T14:11:27.666972,144.769,can0  204  [16]  28 58 C9 44 66 2A 34 56 4C 1D 30 75 30 75 00 00
2026-03-15T14:11:27.668269,144.771,can0  070  [20]  EE 2A 4D 08 E8 B0 62 03 78 69 00 00 0B 15 00 00 2F 00 00 00
2026-03-15T14:11:27.668937,144.771,can0  204  [16]  28 58 C6 44 4A 2A 63 55 4C 1D 30 75 30 75 00 00
2026-03-15T14:11:27.727880,144.830,can0  206  [24]  8B 0C AA 05 7F 0C E4 EF B5 05 8F 0C 7F 0C 00 00 00 00 00 00 00 00 00 00
2026-03-15T14:11:27.729401,144.832,can0  070  [20]  EE 2A 4D 08 E8 B0 62 03 78 69 00 00 0B 15 00 00 2F 00 00 00
2026-03-15T14:11:27.730070,144.832,can0  204  [16]  28 58 C6 44 4A 2A 63 55 4C 1D 30 75 30 75 00 00
2026-03-15T14:11:27.730941,144.833,can0  040  [04]  3E 00 07 00
2026-03-15T14:11:27.731279,144.834,can0  041  [04]  36 01 0B 00
2026-03-15T14:11:27.731660,144.834,can0  204  [16]  28 58 C7 44 64 2A AE 57 4C 1D 30 75 30 75 00 00
2026-03-15T14:11:27.849301,144.952,can0  040  [04]  3E 00 07 00
2026-03-15T14:11:27.855259,144.958,can0  204  [16]  28 58 C5 44 48 2A 3A 56 4C 1D 30 75 30 75 00 00
2026-03-15T14:11:27.969263,145.072,can0  204  [16]  28 58 C5 44 48 2A 3A 56 4C 1D 30 75 30 75 00 00
2026-03-15T14:11:27.969701,145.072,can0  206  [24]  87 0C AA 05 77 0C E4 EF 92 05 9F 0C 83 0C 00 00 00 00 00 00 00 00 00 00
2026-03-15T14:11:27.970052,145.072,can0  204  [16]  28 58 C7 44 4E 2A 36 54 4C 1D 30 75 30 75 00 00
2026-03-15T14:11:28.030428,145.133,can0  041  [04]  21 01 0A 00
2026-03-15T14:11:28.031164,145.134,can0  040  [04]  2C 00 07 00
2026-03-15T14:11:28.031947,145.134,can0  204  [16]  28 58 C6 44 3A 2A 53 56 4C 1D 30 75 30 75 00 00
2026-03-15T14:11:28.032036,145.134,can0  060  [32]  00 00 00 00 00 00 00 00 00 00 00 00 00 00 00 00 00 00 00 00 00 00 00 00 00 00 00 00 00 00 00 00
2026-03-15T14:11:28.036625,145.139,can0  040  [04]  2C 00 07 00
2026-03-15T14:11:28.151043,145.253,can0  204  [16]  28 58 C6 44 3A 2A 53 56 4C 1D 30 75 30 75 00 00
2026-03-15T14:11:28.154656,145.257,can0  204  [16]  28 58 C5 44 6E 2A F0 54 4C 1D 30 75 30 75 00 00
2026-03-15T14:11:28.266744,145.369,can0  070  [20]  EE 2A 4D 08 E8 B0 62 03 78 69 00 00 0B 15 00 00 2F 00 00 00
2026-03-15T14:11:28.267805,145.370,can0  204  [16]  28 58 C5 44 6E 2A F0 54 4C 1D 30 75 30 75 00 00
2026-03-15T14:11:28.267895,145.370,can0  206  [24]  8B 0C A6 05 83 0C D5 EF 8B 05 93 0C 7F 0C 00 00 00 00 00 00 00 00 00 00
2026-03-15T14:11:28.268179,145.371,can0  204  [16]  28 58 C2 44 7C 2A E9 52 4C 1D 30 75 30 75 00 00
2026-03-15T14:11:28.327467,145.430,can0  040  [04]  58 00 00 00
2026-03-15T14:11:28.329880,145.432,can0  041  [04]  10 01 0B 00
2026-03-15T14:11:28.329995,145.432,can0  070  [20]  EE 2A 4D 08 E8 B0 62 03 78 69 00 00 0B 15 00 00 2F 00 00 00
2026-03-15T14:11:28.331045,145.433,can0  040  [04]  58 00 00 00
2026-03-15T14:11:28.336207,145.439,can0  204  [16]  28 58 C4 44 5C 2A E7 53 4C 1D 30 75 30 75 00 00
2026-03-15T14:11:28.448269,145.551,can0  204  [16]  28 58 C4 44 5C 2A E7 53 4C 1D 30 75 30 75 00 00
2026-03-15T14:11:28.449066,145.551,can0  100  [03]  6E 58 04
2026-03-15T14:11:28.449783,145.552,can0  120  [04]  00 00 00 00
2026-03-15T14:11:28.450191,145.553,can0  204  [16]  28 58 C6 44 38 2A 3E 57 4C 1D 30 75 30 75 00 00
2026-03-15T14:11:28.454348,145.557,can0  206  [24]  83 0C A6 05 7F 0C E4 EF 90 05 97 0C 83 0C 00 00 00 00 00 00 00 00 00 00
2026-03-15T14:11:28.565102,145.667,can0  204  [16]  28 58 C6 44 38 2A 3E 57 4C 1D 30 75 30 75 00 00
2026-03-15T14:11:28.565999,145.668,can0  040  [04]  2C 00 00 00
2026-03-15T14:11:28.567812,145.670,can0  041  [04]  02 01 0B 00
2026-03-15T14:11:28.567910,145.670,can0  060  [32]  00 00 00 00 EE 2A 4D 08 3C 06 B8 10 00 00 10 0E FF 01 00 00 00 00 00 00 01 00 00 00 00 00 00 00
2026-03-15T14:11:28.571816,145.674,can0  204  [16]  28 58 CB 44 36 2A 9F 57 4C 1D 30 75 30 75 00 00
2026-03-15T14:11:28.630443,145.733,can0  070  [20]  EE 2A 4D 08 E8 B0 62 03 60 6D 00 00 0B 15 00 00 38 00 00 00
2026-03-15T14:11:28.632530,145.735,can0  070  [20]  EE 2A 4D 08 E8 B0 62 03 60 6D 00 00 0B 15 00 00 38 00 00 00
2026-03-15T14:11:28.633608,145.736,can0  040  [04]  2C 00 00 00
2026-03-15T14:11:28.640363,145.743,can0  204  [16]  28 58 C8 44 56 2A 27 56 4C 1D 30 75 30 75 00 00
2026-03-15T14:11:28.748888,145.851,can0  204  [16]  28 58 C8 44 56 2A 27 56 4C 1D 30 75 30 75 00 00
2026-03-15T14:11:28.750758,145.853,can0  070  [20]  EE 2A 4D 08 E8 B0 62 03 60 6D 00 00 0B 15 00 00 38 00 00 00
2026-03-15T14:11:28.751170,145.854,can0  206  [24]  83 0C A6 05 7B 0C C5 EF 90 05 9B 0C 87 0C 00 00 00 00 00 00 00 00 00 00
2026-03-15T14:11:28.754792,145.857,can0  204  [16]  28 58 C6 44 5A 2A 32 57 4C 1D 30 75 30 75 00 00
2026-03-15T14:11:28.856236,145.959,can0  040  [04]  67 01 00 00
2026-03-15T14:11:28.858015,145.960,can0  204  [16]  28 58 C6 44 5A 2A 32 57 4C 1D 30 75 30 75 00 00
2026-03-15T14:11:28.858107,145.960,can0  041  [04]  F2 00 0D 00
2026-03-15T14:11:28.858172,145.961,can0  110  [02]  7D 1B
2026-03-15T14:11:28.858244,145.961,can0  040  [04]  67 01 00 00
2026-03-15T14:11:28.858986,145.961,can0  204  [16]  28 58 C8 44 66 2A DD 58 4C 1D 30 75 30 75 00 00
2026-03-15T14:11:28.920237,146.023,can0  204  [16]  28 58 C7 44 4C 2A A5 55 4C 1D 30 75 30 75 00 00
2026-03-15T14:11:29.035370,146.138,can0  204  [16]  28 58 C7 44 4C 2A A5 55 4C 1D 30 75 30 75 00 00
2026-03-15T14:11:29.035822,146.138,can0  206  [24]  8F 0C A8 05 77 0C 12 F0 90 05 C3 0C 7B 0C 00 00 00 00 00 00 00 00 00 00
2026-03-15T14:11:29.036210,146.139,can0  204  [16]  28 58 C8 44 4A 2A 78 56 4C 1D 30 75 30 75 00 00
2026-03-15T14:11:29.051374,146.154,can0  060  [32]  00 00 00 00 00 00 00 00 00 00 00 00 00 00 00 00 00 00 00 00 00 00 00 00 00 00 00 00 00 00 00 00
2026-03-15T14:11:29.121777,146.224,can0  041  [04]  F0 00 0D 00
2026-03-15T14:11:29.122460,146.225,can0  040  [04]  2C 00 02 00
2026-03-15T14:11:29.122946,146.225,can0  204  [16]  28 58 C8 44 4A 2A 78 56 4C 1D 30 75 30 75 00 00
2026-03-15T14:11:29.123946,146.226,can0  040  [04]  2C 00 02 00
2026-03-15T14:11:29.124580,146.227,can0  204  [16]  28 58 C6 44 4E 2A 8C 55 4C 1D 30 75 30 75 00 00
2026-03-15T14:11:29.223607,146.326,can0  070  [20]  EE 2A 4D 08 E8 B0 62 03 60 6D 00 00 0B 15 00 00 38 00 00 00
2026-03-15T14:11:29.224052,146.326,can0  204  [16]  28 58 C8 44 5A 2A 92 55 4C 1D 30 75 30 75 00 00
2026-03-15T14:11:29.224538,146.327,can0  206  [24]  83 0C A3 05 7F 0C C5 EF 90 05 9F 0C 83 0C 00 00 00 00 00 00 00 00 00 00
2026-03-15T14:11:29.322521,146.425,can0  204  [16]  28 58 C8 44 5A 2A 92 55 4C 1D 30 75 30 75 00 00
2026-03-15T14:11:29.323868,146.426,can0  070  [20]  EE 2A 4D 08 E8 B0 62 03 60 6D 00 00 0B 15 00 00 38 00 00 00
2026-03-15T14:11:29.324212,146.427,can0  041  [04]  F3 00 0F 00
2026-03-15T14:11:29.324913,146.427,can0  040  [04]  58 00 02 00
2026-03-15T14:11:29.325476,146.428,can0  204  [16]  28 58 C8 44 4E 2A CB 54 4C 1D 30 75 30 75 00 00
2026-03-15T14:11:29.422864,146.525,can0  040  [04]  58 00 02 00
2026-03-15T14:11:29.423285,146.526,can0  204  [16]  28 58 C8 44 4E 2A CB 54 4C 1D 30 75 30 75 00 00
2026-03-15T14:11:29.423688,146.526,can0  204  [16]  28 58 C8 44 58 2A C8 55 4C 1D 30 75 30 75 00 00
2026-03-15T14:11:29.522831,146.625,can0  206  [24]  73 0C A6 05 7B 0C C5 EF 90 05 97 0C 9B 0C 00 00 00 00 00 00 00 00 00 00
2026-03-15T14:11:29.523152,146.626,can0  204  [16]  28 58 C8 44 58 2A C8 55 4C 1D 30 75 30 75 00 00
2026-03-15T14:11:29.524538,146.627,can0  070  [20]  EE 2A 4D 08 E8 B0 62 03 48 71 00 00 0B 15 00 00 16 00 00 00
2026-03-15T14:11:29.526998,146.629,can0  060  [32]  00 00 00 00 00 00 00 00 00 00 00 00 00 00 00 00 00 00 00 00 00 00 00 00 00 00 00 00 00 00 00 00
2026-03-15T14:11:29.626024,146.728,can0  060  [32]  00 00 00 00 EE 2A 4D 08 3C 06 B8 10 00 00 10 0E FF 01 00 00 00 00 00 00 01 00 00 00 00 00 00 00
2026-03-15T14:11:29.626894,146.729,can0  204  [16]  28 58 C5 44 4E 2A B6 54 4C 1D 30 75 30 75 00 00
2026-03-15T14:11:29.628196,146.731,can0  070  [20]  EE 2A 4D 08 E8 B0 62 03 48 71 00 00 0B 15 00 00 16 00 00 00
2026-03-15T14:11:29.629364,146.732,can0  040  [04]  58 00 02 00
2026-03-15T14:11:29.630337,146.733,can0  041  [04]  F3 00 0F 00
2026-03-15T14:11:29.630424,146.733,can0  100  [03]  68 58 04
2026-03-15T14:11:29.631098,146.733,can0  120  [04]  00 00 00 00
2026-03-15T14:11:29.632044,146.734,can0  204  [16]  28 58 C6 44 58 2A 5A 53 4C 1D 30 75 30 75 00 00
2026-03-15T14:11:29.632804,146.735,can0  040  [04]  58 00 02 00
2026-03-15T14:11:29.744081,146.846,can0  070  [20]  EE 2A 4D 08 E8 B0 62 03 48 71 00 00 0B 15 00 00 16 00 00 00
2026-03-15T14:11:29.744936,146.847,can0  204  [16]  28 58 C6 44 4E 2A C3 53 4C 1D 30 75 30 75 00 00
2026-03-15T14:11:29.853806,146.956,can0  204  [16]  28 58 C6 44 4E 2A C3 53 4C 1D 30 75 30 75 00 00
2026-03-15T14:11:29.853898,146.956,can0  206  [24]  87 0C A3 05 83 0C D5 EF 8B 05 93 0C 83 0C 00 00 00 00 00 00 00 00 00 00
2026-03-15T14:11:29.853961,146.956,can0  204  [16]  28 58 C8 44 4E 2A 47 52 4C 1D 30 75 30 75 00 00
2026-03-15T14:11:29.854592,146.957,can0  040  [04]  58 00 02 00
2026-03-15T14:11:29.858762,146.961,can0  041  [04]  E0 00 0D 00
2026-03-15T14:11:29.967534,147.070,can0  204  [16]  28 58 C8 44 4E 2A 47 52 4C 1D 30 75 30 75 00 00
2026-03-15T14:11:29.975109,147.077,can0  040  [04]  58 00 02 00
2026-03-15T14:11:29.975685,147.078,can0  204  [16]  28 58 C9 44 4A 2A BF 52 4C 1D 30 75 30 75 00 00
2026-03-15T14:11:30.037235,147.140,can0  204  [16]  28 58 C6 44 5C 2A 1C 51 4C 1D 30 75 30 75 00 00
2026-03-15T14:11:30.037336,147.140,can0  206  [24]  87 0C A6 05 87 0C C5 EF 8B 05 8B 0C 83 0C 00 00 00 00 00 00 00 00 00 00
2026-03-15T14:11:30.149953,147.252,can0  060  [32]  00 00 00 00 00 00 00 00 00 00 00 00 00 00 00 00 00 00 00 00 00 00 00 00 00 00 00 00 00 00 00 00
2026-03-15T14:11:30.151131,147.254,can0  204  [16]  28 58 C6 44 5C 2A 1C 51 4C 1D 30 75 30 75 00 00
2026-03-15T14:11:30.151236,147.254,can0  040  [04]  58 00 02 00
2026-03-15T14:11:30.158235,147.261,can0  041  [04]  D1 00 0B 00
2026-03-15T14:11:30.158345,147.261,can0  204  [16]  28 58 C5 44 56 2A DE 50 4C 1D 30 75 30 75 00 00
2026-03-15T14:11:30.237149,147.340,can0  070  [20]  EE 2A 4D 08 E8 B0 62 03 48 71 00 00 0B 15 00 00 16 00 00 00
2026-03-15T14:11:30.238115,147.340,can0  040  [04]  58 00 02 00
2026-03-15T14:11:30.238622,147.341,can0  204  [16]  28 58 C5 44 56 2A DE 50 4C 1D 30 75 30 75 00 00
2026-03-15T14:11:30.239519,147.342,can0  204  [16]  28 58 C6 44 54 2A FE 50 4C 1D 30 75 30 75 00 00
2026-03-15T14:11:30.325305,147.428,can0  070  [20]  EE 2A 4D 08 E8 B0 62 03 48 71 00 00 0B 15 00 00 16 00 00 00
2026-03-15T14:11:30.325863,147.428,can0  206  [24]  87 0C A6 05 7F 0C E4 EF 94 05 97 0C 83 0C 00 00 00 00 00 00 00 00 00 00
2026-03-15T14:11:30.326120,147.428,can0  204  [16]  28 58 C9 44 46 2A AE 51 4C 1D 30 75 30 75 00 00
2026-03-15T14:11:30.421836,147.524,can0  204  [16]  28 58 C9 44 46 2A AE 51 4C 1D 30 75 30 75 00 00
2026-03-15T14:11:30.422051,147.524,can0  041  [04]  BC 00 0B 00
2026-03-15T14:11:30.422724,147.525,can0  040  [04]  4B 00 06 00
2026-03-15T14:11:30.423697,147.526,can0  110  [02]  7D 1B
2026-03-15T14:11:30.423843,147.526,can0  040  [04]  4B 00 06 00
2026-03-15T14:11:30.426939,147.529,can0  204  [16]  28 58 C9 44 4A 2A 6A 55 4C 1D 30 75 30 75 00 00
2026-03-15T14:11:30.522180,147.625,can0  204  [16]  28 58 C9 44 4A 2A 6A 55 4C 1D 30 75 30 75 00 00
2026-03-15T14:11:30.523547,147.626,can0  070  [20]  EE 2A 4D 08 E8 B0 62 03 30 75 00 00 0B 15 00 00 27 00 00 00
2026-03-15T14:11:30.524241,147.627,can0  206  [24]  97 0C A8 05 7F 0C D5 EF 94 05 5B 0C 73 0C 00 00 00 00 00 00 00 00 00 00
2026-03-15T14:11:30.623078,147.725,can0  060  [32]  00 00 00 00 EE 2A 4D 08 3C 06 B8 10 00 00 10 0E FF 01 00 00 00 00 00 00 01 00 00 00 00 00 00 00
2026-03-15T14:11:30.623934,147.726,can0  204  [16]  28 58 C6 44 54 2A BA 57 4C 1D 30 75 30 75 00 00
2026-03-15T14:11:30.625176,147.728,can0  070  [20]  EE 2A 4D 08 E8 B0 62 03 30 75 00 00 0B 15 00 00 26 00 00 00
2026-03-15T14:11:30.625558,147.728,can0  204  [16]  28 58 C5 44 5E 2A 09 59 4C 1D 30 75 30 75 00 00
2026-03-15T14:11:30.773393,147.876,can0  070  [20]  EE 2A 4D 08 E8 B0 62 03 30 75 00 00 0B 15 00 00 26 00 00 00
2026-03-15T14:11:30.774171,147.877,can0  040  [04]  4A 00 09 00
2026-03-15T14:11:30.774751,147.877,can0  041  [04]  BE 00 0C 00
2026-03-15T14:11:30.775119,147.877,can0  204  [16]  28 58 C5 44 5E 2A 09 59 4C 1D 30 75 30 75 00 00
2026-03-15T14:11:30.775913,147.878,can0  040  [04]  4A 00 09 00
2026-03-15T14:11:30.778787,147.881,can0  204  [16]  28 58 C6 44 56 2A 56 57 4C 1D 30 75 30 75 00 00
2026-03-15T14:11:30.822327,147.925,can0  204  [16]  28 58 C9 44 52 2A 42 57 4C 1D 30 75 30 75 00 00
2026-03-15T14:11:30.823022,147.925,can0  100  [03]  62 58 04
2026-03-15T14:11:30.823619,147.926,can0  120  [04]  00 00 00 00
2026-03-15T14:11:30.824099,147.926,can0  206  [24]  87 0C A6 05 7F 0C D5 EF 90 05 8B 0C 83 0C 00 00 00 00 00 00 00 00 00 00
2026-03-15T14:11:30.922583,148.025,can0  204  [16]  28 58 C9 44 52 2A 42 57 4C 1D 30 75 30 75 00 00
2026-03-15T14:11:30.924890,148.027,can0  040  [04]  51 00 0C 00
2026-03-15T14:11:30.924995,148.027,can0  041  [04]  C6 00 0C 00
2026-03-15T14:11:30.925064,148.027,can0  204  [16]  28 58 CA 44 52 2A 8F 56 4C 1D 30 75 30 75 00 00
2026-03-15T14:11:31.073076,148.175,can0  040  [04]  51 00 0C 00
2026-03-15T14:11:31.073973,148.176,can0  204  [16]  28 58 CA 44 52 2A 8F 56 4C 1D 30 75 30 75 00 00
2026-03-15T14:11:31.074061,148.176,can0  204  [16]  28 58 C9 44 5A 2A A6 56 4C 1D 30 75 30 75 00 00
2026-03-15T14:11:31.122805,148.225,can0  206  [24]  77 0C AA 05 8B 0C D5 EF 90 05 8F 0C 87 0C 00 00 00 00 00 00 00 00 00 00
2026-03-15T14:11:31.123149,148.226,can0  060  [32]  00 00 00 00 00 00 00 00 00 00 00 00 00 00 00 00 00 00 00 00 00 00 00 00 00 00 00 00 00 00 00 00
2026-03-15T14:11:31.123496,148.226,can0  204  [16]  28 58 C7 44 60 2A 29 56 4C 1D 30 75 30 75 00 00
2026-03-15T14:11:31.124843,148.227,can0  070  [20]  EE 2A 4D 08 E8 B0 62 03 30 75 00 00 0B 15 00 00 26 00 00 00
2026-03-15T14:11:31.272459,148.375,can0  204  [16]  28 58 C7 44 60 2A 29 56 4C 1D 30 75 30 75 00 00
2026-03-15T14:11:31.273215,148.376,can0  040  [04]  4B 00 0C 00
2026-03-15T14:11:31.273785,148.376,can0  041  [04]  CB 00 0D 00
2026-03-15T14:11:31.274168,148.377,can0  204  [16]  28 58 C8 44 58 2A D6 54 4C 1D 30 75 30 75 00 00
2026-03-15T14:11:31.275096,148.377,can0  040  [04]  4B 00 0C 00
2026-03-15T14:11:31.372343,148.475,can0  204  [16]  28 58 C8 44 58 2A D6 54 4C 1D 30 75 30 75 00 00
2026-03-15T14:11:31.373528,148.476,can0  070  [20]  EE 2A 4D 08 E8 B0 62 03 30 75 00 00 0B 15 00 00 26 00 00 00
2026-03-15T14:11:31.374351,148.477,can0  206  [24]  83 0C A8 05 83 0C C5 EF 90 05 9F 0C 83 0C 00 00 00 00 00 00 00 00 00 00
2026-03-15T14:11:31.374677,148.477,can0  204  [16]  28 58 C9 44 54 2A B7 53 4C 1D 30 75 30 75 00 00
2026-03-15T14:11:31.472003,148.574,can0  204  [16]  28 58 CA 44 58 2A EC 54 4C 1D 30 75 30 75 00 00
2026-03-15T14:11:31.472337,148.575,can0  041  [04]  D7 00 0D 00
2026-03-15T14:11:31.473055,148.575,can0  040  [04]  4C 00 0C 00
2026-03-15T14:11:31.524784,148.627,can0  204  [16]  28 58 CA 44 58 2A EC 54 4C 1D 30 75 30 75 00 00
2026-03-15T14:11:31.525621,148.628,can0  040  [04]  4C 00 0C 00
2026-03-15T14:11:31.527468,148.630,can0  204  [16]  28 58 CA 44 58 2A EC 54 4C 1D 30 75 30 75 00 00
2026-03-15T14:11:31.527537,148.630,can0  070  [20]  EE 2A 4D 08 E8 B0 62 03 18 79 00 00 0B 15 00 00 0D 00 00 00
2026-03-15T14:11:31.671832,148.774,can0  060  [32]  00 00 00 00 00 00 00 00 00 00 00 00 00 00 00 00 00 00 00 00 00 00 00 00 00 00 00 00 00 00 00 00
2026-03-15T14:11:31.673045,148.775,can0  060  [32]  00 00 00 00 EE 2A 4D 08 3C 06 B8 10 00 00 10 0E FF 01 00 00 00 00 00 00 01 00 00 00 00 00 00 00
2026-03-15T14:11:31.673791,148.776,can0  206  [24]  93 0C A6 05 83 0C E4 EF 90 05 97 0C 73 0C 00 00 00 00 00 00 00 00 00 00
2026-03-15T14:11:31.674137,148.777,can0  204  [16]  28 58 CA 44 5A 2A D4 53 4C 1D 30 75 30 75 00 00
2026-03-15T14:11:31.675351,148.778,can0  070  [20]  EE 2A 4D 08 E8 B0 62 03 18 79 00 00 0B 15 00 00 0D 00 00 00
2026-03-15T14:11:31.772656,148.875,can0  204  [16]  28 58 CA 44 5A 2A D4 53 4C 1D 30 75 30 75 00 00
2026-03-15T14:11:31.774025,148.876,can0  070  [20]  EE 2A 4D 08 E8 B0 62 03 18 79 00 00 0B 15 00 00 0D 00 00 00
2026-03-15T14:11:31.774795,148.877,can0  040  [04]  53 00 0F 00
2026-03-15T14:11:31.777807,148.880,can0  041  [04]  E4 00 0D 00
2026-03-15T14:11:31.777878,148.880,can0  204  [16]  28 58 C9 44 54 2A 60 55 4C 1D 30 75 30 75 00 00
2026-03-15T14:11:31.872721,148.975,can0  040  [04]  53 00 0F 00
2026-03-15T14:11:31.873194,148.976,can0  204  [16]  28 58 C9 44 54 2A 60 55 4C 1D 30 75 30 75 00 00
2026-03-15T14:11:31.876043,148.978,can0  204  [16]  28 58 C9 44 58 2A 1E 56 4C 1D 30 75 30 75 00 00
2026-03-15T14:11:31.972375,149.075,can0  206  [24]  93 0C AC 05 7B 0C D5 EF 8E 05 97 0C 7B 0C 00 00 00 00 00 00 00 00 00 00
2026-03-15T14:11:31.972751,149.075,can0  204  [16]  28 58 C8 44 5A 2A 33 52 4C 1D 30 75 30 75 00 00
2026-03-15T14:11:32.072365,149.175,can0  204  [16]  28 58 C8 44 5A 2A 33 52 4C 1D 30 75 30 75 00 00
2026-03-15T14:11:32.073080,149.175,can0  040  [04]  4E 00 0F 00
2026-03-15T14:11:32.073433,149.176,can0  041  [04]  F0 00 0D 00
2026-03-15T14:11:32.074534,149.177,can0  100  [03]  5B 58 04
2026-03-15T14:11:32.074786,149.177,can0  110  [02]  7C 1B
2026-03-15T14:11:32.075400,149.178,can0  120  [04]  00 00 00 00
2026-03-15T14:11:32.075770,149.178,can0  204  [16]  28 58 C9 44 5C 2A A4 51 4C 1D 30 75 30 75 00 00
2026-03-15T14:11:32.076414,149.179,can0  040  [04]  4E 00 0F 00
2026-03-15T14:11:32.172248,149.275,can0  204  [16]  28 58 C9 44 5C 2A A4 51 4C 1D 30 75 30 75 00 00
2026-03-15T14:11:32.172648,149.275,can0  206  [24]  87 0C A6 05 7F 0C C5 EF 90 05 8F 0C 83 0C 00 00 00 00 00 00 00 00 00 00
2026-03-15T14:11:32.172977,149.275,can0  204  [16]  28 58 CB 44 54 2A 55 51 4C 1D 30 75 30 75 00 00
2026-03-15T14:11:32.272888,149.375,can0  070  [20]  EE 2A 4D 08 E8 B0 62 03 18 79 00 00 0B 15 00 00 0D 00 00 00
2026-03-15T14:11:32.273833,149.376,can0  204  [16]  28 58 CB 44 56 2A 9B 53 4C 1D 30 75 30 75 00 00
2026-03-15T14:11:32.274700,149.377,can0  040  [04]  49 00 0D 00
2026-03-15T14:11:32.275404,149.378,can0  041  [04]  F8 00 0C 00
2026-03-15T14:11:32.372626,149.475,can0  204  [16]  28 58 CB 44 56 2A 9B 53 4C 1D 30 75 30 75 00 00
2026-03-15T14:11:32.373950,149.476,can0  070  [20]  EE 2A 4D 08 E8 B0 62 03 18 79 00 00 0B 15 00 00 0D 00 00 00
2026-03-15T14:11:32.374727,149.477,can0  040  [04]  49 00 0D 00
2026-03-15T14:11:32.380839,149.483,can0  204  [16]  28 58 C8 44 56 2A D4 51 4C 1D 30 75 30 75 00 00
2026-03-15T14:11:32.472644,149.575,can0  204  [16]  28 58 C8 44 56 2A D4 51 4C 1D 30 75 30 75 00 00
2026-03-15T14:11:32.472933,149.575,can0  206  [24]  8B 0C AC 05 7F 0C D5 EF 90 05 9F 0C 7B 0C 00 00 00 00 00 00 00 00 00 00
2026-03-15T14:11:32.473160,149.576,can0  204  [16]  28 58 C8 44 5E 2A 78 51 4C 1D 30 75 30 75 00 00
2026-03-15T14:11:32.572797,149.675,can0  204  [16]  28 58 C8 44 5E 2A 78 51 4C 1D 30 75 30 75 00 00
2026-03-15T14:11:32.573018,149.675,can0  041  [04]  F8 00 0D 00
2026-03-15T14:11:32.573765,149.676,can0  040  [04]  43 00 0F 00
2026-03-15T14:11:32.575300,149.678,can0  070  [20]  EE 2A 4D 08 E8 B0 62 03 00 7D 00 00 0B 15 00 00 16 00 00 00
2026-03-15T14:11:32.673291,149.776,can0  070  [20]  EE 2A 4D 08 E8 B0 62 03 00 7D 00 00 0B 15 00 00 16 00 00 00
2026-03-15T14:11:32.674074,149.776,can0  040  [04]  43 00 0F 00
2026-03-15T14:11:32.674828,149.777,can0  204  [16]  28 58 C8 44 5E 2A 01 4B 4C 1D 30 75 30 75 00 00
2026-03-15T14:11:32.676633,149.779,can0  060  [32]  7C CF 92 01 ED A9 4D 08 ED C6 61 03 77 00 A2 02 4A 00 8D 00 00 00 00 00 02 00 00 00 00 00 00 00
2026-03-15T14:11:32.677922,149.780,can0  060  [32]  00 00 00 00 EE 2A 4D 08 3C 06 B8 10 00 00 10 0E FF 01 00 00 00 00 00 01 02 00 00 00 00 00 00 00
2026-03-15T14:11:32.678798,149.781,can0  204  [16]  28 58 C9 44 58 2A FF 4A 4C 1D 30 75 30 75 00 00
2026-03-15T14:11:32.679906,149.782,can0  070  [20]  EE 2A 4D 08 E8 B0 62 03 00 7D 00 00 0B 15 00 00 16 00 00 00
2026-03-15T14:11:32.776805,149.879,can0  206  [24]  83 0C A8 05 83 0C D5 EF 90 05 9F 0C 83 0C 00 00 00 00 00 00 00 00 00 00
2026-03-15T14:11:32.777072,149.879,can0  204  [16]  28 58 C9 44 54 2A FD 4A 4C 1D 30 75 30 75 00 00
2026-03-15T14:11:32.872778,149.975,can0  204  [16]  28 58 C9 44 54 2A FD 4A 4C 1D 30 75 30 75 00 00
2026-03-15T14:11:32.873047,149.975,can0  041  [04]  F2 00 0C 00
2026-03-15T14:11:32.873970,149.976,can0  040  [04]  4C 00 0C 00
2026-03-15T14:11:32.874767,149.977,can0  040  [04]  4C 00 0C 00
2026-03-15T14:11:32.875158,149.978,can0  204  [16]  28 58 C7 44 58 2A FB 4A 4C 1D 30 75 30 75 00 00
2026-03-15T14:11:32.935457,150.038,can0  204  [16]  28 58 C7 44 58 2A FB 4A 4C 1D 30 75 30 75 00 00
2026-03-15T14:11:32.935990,150.038,can0  206  [24]  93 0C A6 05 7F 0C C5 EF 83 05 9B 0C 77 0C 00 00 00 00 00 00 00 00 00 00
2026-03-15T14:11:32.936385,150.039,can0  204  [16]  28 58 C5 44 5E 2A FA 4A 4C 1D 30 75 30 75 00 00
2026-03-15T14:11:33.055089,150.157,can0  204  [16]  28 58 C6 44 60 2A F9 4A 4C 1D 30 75 30 75 00 00
2026-03-15T14:11:33.056095,150.158,can0  040  [04]  58 00 0B 00
2026-03-15T14:11:33.062717,150.165,can0  041  [04]  F4 00 0C 00
2026-03-15T14:11:33.175602,150.278,can0  204  [16]  28 58 C6 44 60 2A F9 4A 4C 1D 30 75 30 75 00 00
2026-03-15T14:11:33.176558,150.279,can0  040  [04]  58 00 0B 00
2026-03-15T14:11:33.177218,150.280,can0  060  [32]  00 00 00 00 00 00 00 00 00 00 00 00 00 00 00 00 00 00 00 00 00 00 00 00 00 00 00 00 00 00 00 00
2026-03-15T14:11:33.177664,150.280,can0  204  [16]  28 58 C7 44 5A 2A F7 4A 4C 1D 30 75 30 75 00 00
2026-03-15T14:11:33.179275,150.282,can0  070  [20]  EE 2A 4D 08 E8 B0 62 03 00 7D 00 00 0B 15 00 00 16 00 00 00
2026-03-15T14:11:33.271893,150.374,can0  204  [16]  28 58 C7 44 5A 2A F7 4A 4C 1D 30 75 30 75 00 00
2026-03-15T14:11:33.272435,150.375,can0  206  [24]  87 0C A8 05 83 0C D5 EF 90 05 9F 0C 7F 0C 00 00 00 00 00 00 00 00 00 00
2026-03-15T14:11:33.273355,150.376,can0  100  [03]  4D 58 04
2026-03-15T14:11:33.274063,150.376,can0  120  [04]  00 00 00 00
2026-03-15T14:11:33.274547,150.377,can0  204  [16]  28 58 C8 44 58 2A F6 4A 4C 1D 30 75 30 75 00 00
2026-03-15T14:11:33.330756,150.433,can0  070  [20]  EE 2A 4D 08 E8 B0 62 03 00 7D 00 00 0B 15 00 00 16 00 00 00
2026-03-15T14:11:33.331722,150.434,can0  040  [04]  58 00 08 00
2026-03-15T14:11:33.339324,150.442,can0  204  [16]  28 58 C8 44 5C 2A F4 4A 4C 1D 30 75 30 75 00 00
2026-03-15T14:11:33.339443,150.442,can0  041  [04]  E9 00 0C 00
2026-03-15T14:11:33.426331,150.529,can0  204  [16]  28 58 C8 44 5C 2A F4 4A 4C 1D 30 75 30 75 00 00
2026-03-15T14:11:33.427138,150.530,can0  040  [04]  58 00 08 00
2026-03-15T14:11:33.427594,150.530,can0  204  [16]  28 58 C7 44 5E 2A F3 4A 4C 1D 30 75 30 75 00 00
2026-03-15T14:11:33.572400,150.675,can0  204  [16]  28 58 C7 44 5E 2A F3 4A 4C 1D 30 75 30 75 00 00
2026-03-15T14:11:33.572791,150.675,can0  206  [24]  8B 0C AA 05 83 0C D5 EF 81 05 93 0C 7B 0C 00 00 00 00 00 00 00 00 00 00
2026-03-15T14:11:33.573957,150.676,can0  070  [20]  EE 2A 4D 08 E8 B0 62 03 E8 80 00 00 0B 15 00 00 11 00 00 00
2026-03-15T14:11:33.672812,150.775,can0  204  [16]  28 58 C7 44 60 2A F2 4A 4C 1D 30 75 30 75 00 00
2026-03-15T14:11:33.673580,150.776,can0  040  [04]  58 00 08 00
2026-03-15T14:11:33.673915,150.776,can0  041  [04]  D8 00 0B 00
2026-03-15T14:11:33.675547,150.778,can0  070  [20]  EE 2A 4D 08 E8 B0 62 03 E8 80 00 00 0B 15 00 00 11 00 00 00
2026-03-15T14:11:33.676579,150.779,can0  060  [32]  00 00 00 00 EE 2A 4D 08 3C 06 B8 10 00 00 10 0E FF 01 00 00 00 00 00 00 01 00 00 00 00 00 00 00
2026-03-15T14:11:33.677338,150.780,can0  110  [02]  7C 1B
2026-03-15T14:11:33.677711,150.780,can0  204  [16]  28 58 C6 44 5E 2A F0 4A 4C 1D 30 75 30 75 00 00
2026-03-15T14:11:33.678502,150.781,can0  040  [04]  58 00 08 00
2026-03-15T14:11:33.773663,150.876,can0  070  [20]  EE 2A 4D 08 E8 B0 62 03 E8 80 00 00 0B 15 00 00 11 00 00 00
2026-03-15T14:11:33.774379,150.877,can0  204  [16]  28 58 C6 44 5E 2A F0 4A 4C 1D 30 75 30 75 00 00
2026-03-15T14:11:33.774721,150.877,can0  204  [16]  28 58 C7 44 5C 2A EF 4A 4C 1D 30 75 30 75 00 00
2026-03-15T14:11:33.832112,150.934,can0  206  [24]  97 0C A6 05 83 0C C5 EF 90 05 8F 0C 77 0C 00 00 00 00 00 00 00 00 00 00
2026-03-15T14:11:33.832213,150.935,can0  204  [16]  28 58 C7 44 5C 2A ED 4A 4C 1D 30 75 30 75 00 00
2026-03-15T14:11:33.832403,150.935,can0  041  [04]  D4 00 0B 00
2026-03-15T14:11:33.833239,150.936,can0  040  [04]  58 00 0C 00
2026-03-15T14:11:33.933084,151.035,can0  204  [16]  28 58 C7 44 5C 2A ED 4A 4C 1D 30 75 30 75 00 00
2026-03-15T14:11:33.933922,151.036,can0  040  [04]  58 00 0C 00
2026-03-15T14:11:33.934384,151.037,can0  204  [16]  28 58 C6 44 5A 2A ED 4A 4C 1D 30 75 30 75 00 00
2026-03-15T14:11:34.077695,151.180,can0  204  [16]  28 58 C6 44 5A 2A ED 4A 4C 1D 30 75 30 75 00 00
2026-03-15T14:11:34.078054,151.180,can0  206  [24]  87 0C A8 05 83 0C D5 EF 89 05 97 0C 7F 0C 00 00 00 00 00 00 00 00 00 00
2026-03-15T14:11:34.081638,151.184,can0  204  [16]  28 58 C6 44 58 2A EB 4A 4C 1D 30 75 30 75 00 00
2026-03-15T14:11:34.137508,151.240,can0  060  [32]  00 00 00 00 00 00 00 00 00 00 00 00 00 00 00 00 00 00 00 00 00 00 00 00 00 00 00 00 00 00 00 00
2026-03-15T14:11:34.138319,151.241,can0  040  [04]  53 00 0F 00
2026-03-15T14:11:34.138970,151.241,can0  204  [16]  28 58 C6 44 5C 2A E9 4A 4C 1D 30 75 30 75 00 00
2026-03-15T14:11:34.139707,151.242,can0  041  [04]  D4 00 0B 00
2026-03-15T14:11:34.143713,151.246,can0  040  [04]  53 00 0F 00
2026-03-15T14:11:34.260476,151.363,can0  204  [16]  28 58 C6 44 5C 2A E9 4A 4C 1D 30 75 30 75 00 00
2026-03-15T14:11:34.262314,151.365,can0  070  [20]  EE 2A 4D 08 E8 B0 62 03 E8 80 00 00 0B 15 00 00 11 00 00 00
2026-03-15T14:11:34.262741,151.365,can0  204  [16]  28 58 C5 44 62 2A E7 4A 4C 1D 30 75 30 75 00 00
2026-03-15T14:11:34.378816,151.481,can0  206  [24]  7F 0C AA 05 87 0C D5 EF 90 05 8B 0C 8B 0C 00 00 00 00 00 00 00 00 00 00
2026-03-15T14:11:34.379159,151.482,can0  204  [16]  28 58 C5 44 62 2A E7 4A 4C 1D 30 75 30 75 00 00
2026-03-15T14:11:34.380904,151.483,can0  070  [20]  EE 2A 4D 08 E8 B0 62 03 E8 80 00 00 0B 15 00 00 11 00 00 00
2026-03-15T14:11:34.381442,151.484,can0  204  [16]  28 58 C5 44 64 2A E6 4A 4C 1D 30 75 30 75 00 00
2026-03-15T14:11:34.442366,151.545,can0  040  [04]  58 00 0F 00
2026-03-15T14:11:34.443287,151.546,can0  041  [04]  DF 00 0A 00
2026-03-15T14:11:34.443371,151.546,can0  204  [16]  28 58 C6 44 62 2A E5 4A 4C 1D 30 75 30 75 00 00
2026-03-15T14:11:34.444120,151.546,can0  100  [03]  45 58 04
2026-03-15T14:11:34.444865,151.547,can0  120  [04]  00 00 00 00
2026-03-15T14:11:34.445838,151.548,can0  040  [04]  58 00 0F 00
2026-03-15T14:11:34.567683,151.670,can0  204  [16]  28 58 C6 44 62 2A E5 4A 4C 1D 30 75 30 75 00 00
2026-03-15T14:11:34.568124,151.670,can0  204  [16]  28 58 C6 44 62 2A E5 4A 4C 1D 30 75 30 75 00 00
2026-03-15T14:11:34.568737,151.671,can0  206  [24]  87 0C A8 05 77 0C E4 EF 89 05 8F 0C 87 0C 00 00 00 00 00 00 00 00 00 00
2026-03-15T14:11:34.570282,151.673,can0  070  [20]  EE 2A 4D 08 E8 B0 62 03 D0 84 00 00 0B 15 00 00 0B 00 00 00
2026-03-15T14:11:34.657965,151.760,can0  070  [20]  EE 2A 4D 08 E8 B0 62 03 D0 84 00 00 0B 15 00 00 0B 00 00 00
2026-03-15T14:11:34.658754,151.761,can0  204  [16]  28 58 C6 44 5A 2A E2 4A 4C 1D 30 75 30 75 00 00
2026-03-15T14:11:34.659084,151.761,can0  060  [32]  00 00 00 00 00 00 00 00 00 00 00 00 00 00 00 00 00 00 00 00 00 00 00 00 00 00 00 00 00 00 00 00
2026-03-15T14:11:34.660116,151.762,can0  060  [32]  00 00 00 00 EE 2A 4D 08 3C 06 B8 10 00 00 10 0E FF 01 00 00 00 00 00 00 01 00 00 00 00 00 00 00
2026-03-15T14:11:34.661390,151.764,can0  040  [04]  58 00 0D 00
2026-03-15T14:11:34.663178,151.766,can0  041  [04]  D8 00 0B 00
2026-03-15T14:11:34.663246,151.766,can0  070  [20]  EE 2A 4D 08 E8 B0 62 03 D0 84 00 00 0B 15 00 00 0B 00 00 00
2026-03-15T14:11:34.745090,151.847,can0  204  [16]  28 58 C6 44 5A 2A E2 4A 4C 1D 30 75 30 75 00 00
2026-03-15T14:11:34.745870,151.848,can0  040  [04]  58 00 0D 00
2026-03-15T14:11:34.746397,151.849,can0  204  [16]  28 58 C5 44 60 2A E0 4A 4C 1D 30 75 30 75 00 00
2026-03-15T14:11:34.829874,151.932,can0  204  [16]  28 58 C5 44 60 2A E0 4A 4C 1D 30 75 30 75 00 00
2026-03-15T14:11:34.830175,151.933,can0  206  [24]  8F 0C AC 05 7B 0C C5 EF 8B 05 9B 0C 77 0C 00 00 00 00 00 00 00 00 00 00
2026-03-15T14:11:34.830439,151.933,can0  204  [16]  28 58 C6 44 5A 2A DE 4A 4C 1D 30 75 30 75 00 00
2026-03-15T14:11:34.972780,152.075,can0  204  [16]  28 58 C6 44 56 2A DD 4A 4C 1D 30 75 30 75 00 00
2026-03-15T14:11:34.980409,152.083,can0  041  [04]  D8 00 0A 00
2026-03-15T14:11:34.981520,152.084,can0  040  [04]  58 00 08 00
2026-03-15T14:11:34.982381,152.085,can0  040  [04]  58 00 08 00
2026-03-15T14:11:35.072789,152.175,can0  204  [16]  28 58 C6 44 56 2A DD 4A 4C 1D 30 75 30 75 00 00
2026-03-15T14:11:35.073136,152.176,can0  204  [16]  28 58 C8 44 50 2A DB 4A 4C 1D 30 75 30 75 00 00
2026-03-15T14:11:35.171854,152.274,can0  206  [24]  8F 0C A6 05 7B 0C C5 EF 94 05 93 0C 7B 0C 00 00 00 00 00 00 00 00 00 00
2026-03-15T14:11:35.172176,152.275,can0  204  [16]  28 58 C8 44 50 2A DB 4A 4C 1D 30 75 30 75 00 00
2026-03-15T14:11:35.172474,152.275,can0  060  [32]  00 00 00 00 00 00 00 00 00 00 00 00 00 00 00 00 00 00 00 00 00 00 00 00 00 00 00 00 00 00 00 00
2026-03-15T14:11:35.172788,152.275,can0  204  [16]  28 58 C9 44 54 2A D9 4A 4C 1D 30 75 30 75 00 00
2026-03-15T14:11:35.174109,152.276,can0  070  [20]  EE 2A 4D 08 E8 B0 62 03 D0 84 00 00 0B 15 00 00 0B 00 00 00
2026-03-15T14:11:35.272284,152.375,can0  041  [04]  CD 00 0B 00
2026-03-15T14:11:35.273040,152.375,can0  040  [04]  6D 00 09 00
2026-03-15T14:11:35.273448,152.376,can0  204  [16]  28 58 C6 44 5C 2A D8 4A 4C 1D 30 75 30 75 00 00
2026-03-15T14:11:35.274340,152.377,can0  040  [04]  6D 00 09 00
2026-03-15T14:11:35.274747,152.377,can0  110  [02]  7D 1B
2026-03-15T14:11:35.372377,152.475,can0  204  [16]  28 58 C6 44 5C 2A D8 4A 4C 1D 30 75 30 75 00 00
2026-03-15T14:11:35.373561,152.476,can0  070  [20]  EE 2A 4D 08 E8 B0 62 03 D0 84 00 00 0B 15 00 00 0B 00 00 00
2026-03-15T14:11:35.374212,152.477,can0  204  [16]  28 58 C6 44 56 2A D7 4A 4C 1D 30 75 30 75 00 00
2026-03-15T14:11:35.374571,152.477,can0  206  [24]  87 0C A6 05 77 0C 03 F0 92 05 93 0C 7F 0C 00 00 00 00 00 00 00 00 00 00
2026-03-15T14:11:35.472622,152.575,can0  204  [16]  28 58 C6 44 56 2A D7 4A 4C 1D 30 75 30 75 00 00
2026-03-15T14:11:35.473431,152.576,can0  040  [04]  7B 00 0A 00
2026-03-15T14:11:35.473840,152.576,can0  204  [16]  28 58 C7 44 5A 2A D5 4A 4C 1D 30 75 30 75 00 00
2026-03-15T14:11:35.476718,152.579,can0  041  [04]  D1 00 0B 00
2026-03-15T14:11:35.573101,152.675,can0  040  [04]  7B 00 0A 00
2026-03-15T14:11:35.573661,152.676,can0  204  [16]  28 58 C7 44 5A 2A D5 4A 4C 1D 30 75 30 75 00 00
2026-03-15T14:11:35.575221,152.678,can0  070  [20]  EE 2A 4D 08 E8 B0 62 03 B8 88 00 00 0B 15 00 00 0F 00 00 00
2026-03-15T14:11:35.672266,152.775,can0  204  [16]  28 58 C8 44 58 2A D3 4A 4C 1D 30 75 30 75 00 00
2026-03-15T14:11:35.673288,152.776,can0  070  [20]  EE 2A 4D 08 E8 B0 62 03 B8 88 00 00 0B 15 00 00 10 00 00 00
2026-03-15T14:11:35.674241,152.777,can0  206  [24]  87 0C A8 05 7F 0C D5 EF 90 05 97 0C 83 0C 00 00 00 00 00 00 00 00 00 00
2026-03-15T14:11:35.674903,152.777,can0  100  [03]  3B 58 04
2026-03-15T14:11:35.675480,152.778,can0  120  [04]  00 00 00 00
2026-03-15T14:11:35.676559,152.779,can0  060  [32]  00 00 00 00 EE 2A 4D 08 3C 06 B8 10 00 00 10 0E FF 01 00 00 00 00 00 00 01 00 00 00 00 00 00 00
2026-03-15T14:11:35.679325,152.782,can0  204  [16]  28 58 C8 44 5A 2A D2 4A 4C 1D 30 75 30 75 00 00
2026-03-15T14:11:35.772775,152.875,can0  070  [20]  EE 2A 4D 08 E8 B0 62 03 B8 88 00 00 0B 15 00 00 10 00 00 00
2026-03-15T14:11:35.773876,152.876,can0  040  [04]  87 00 09 00
2026-03-15T14:11:35.774764,152.877,can0  204  [16]  28 58 C9 44 5C 2A D0 4A 4C 1D 30 75 30 75 00 00
2026-03-15T14:11:35.775025,152.877,can0  041  [04]  D6 00 0B 00
2026-03-15T14:11:35.775274,152.878,can0  204  [16]  28 58 C9 44 5C 2A D0 4A 4C 1D 30 75 30 75 00 00
2026-03-15T14:11:35.872714,152.975,can0  040  [04]  87 00 09 00
2026-03-15T14:11:35.876216,152.979,can0  204  [16]  28 58 C9 44 5C 2A CF 4A 4C 1D 30 75 30 75 00 00
2026-03-15T14:11:35.876308,152.979,can0  132  [00]
2026-03-15T14:11:35.930640,153.033,can0  204  [16]  28 58 C9 44 5C 2A CF 4A 4C 1D 30 75 30 75 00 00
2026-03-15T14:11:35.931142,153.034,can0  206  [24]  8B 0C A6 05 7B 0C C5 EF 90 05 93 0C 83 0C 00 00 00 00 00 00 00 00 00 00
2026-03-15T14:11:35.931542,153.034,can0  204  [16]  28 58 C8 44 5C 2A CE 4A 4C 1D 30 75 30 75 00 00
2026-03-15T14:11:36.047405,153.150,can0  040  [04]  7B 00 0A 00
2026-03-15T14:11:36.054259,153.157,can0  041  [04]  ED 00 08 00
2026-03-15T14:11:36.054375,153.157,can0  204  [16]  28 58 C6 44 5E 2A CC 4A 4C 1D 30 75 30 75 00 00
2026-03-15T14:11:36.054452,153.157,can0  040  [04]  7B 00 0A 00
2026-03-15T14:11:36.165151,153.268,can0  204  [16]  28 58 C6 44 5E 2A CC 4A 4C 1D 30 75 30 75 00 00
2026-03-15T14:11:36.165782,153.268,can0  204  [16]  28 58 C5 44 5C 2A CA 4A 4C 1D 30 75 30 75 00 00
2026-03-15T14:11:36.165864,153.268,can0  060  [32]  00 00 00 00 00 00 00 00 00 00 00 00 00 00 00 00 00 00 00 00 00 00 00 00 00 00 00 00 00 00 00 00
2026-03-15T14:11:36.166205,153.269,can0  206  [24]  8B 0C A6 05 77 0C C5 EF 92 05 97 0C 7F 0C 00 00 00 00 00 00 00 00 00 00
2026-03-15T14:11:36.252341,153.355,can0  204  [16]  28 58 C5 44 5C 2A CA 4A 4C 1D 30 75 30 75 00 00
2026-03-15T14:11:36.253905,153.356,can0  070  [20]  EE 2A 4D 08 E8 B0 62 03 B8 88 00 00 0B 15 00 00 10 00 00 00
2026-03-15T14:11:36.254185,153.357,can0  041  [04]  E4 00 07 00
2026-03-15T14:11:36.254506,153.357,can0  204  [16]  28 58 C6 44 5A 2A C9 4A 4C 1D 30 75 30 75 00 00
2026-03-15T14:11:36.255248,153.358,can0  040  [04]  6E 00 0E 00
2026-03-15T14:11:36.337607,153.440,can0  070  [20]  EE 2A 4D 08 E8 B0 62 03 B8 88 00 00 0B 15 00 00 10 00 00 00
2026-03-15T14:11:36.338411,153.441,can0  040  [04]  6E 00 0E 00
2026-03-15T14:11:36.338900,153.441,can0  204  [16]  28 58 C7 44 52 2A C8 4A 4C 1D 30 75 30 75 00 00
2026-03-15T14:11:36.472025,153.574,can0  204  [16]  28 58 C7 44 52 2A C8 4A 4C 1D 30 75 30 75 00 00
2026-03-15T14:11:36.472449,153.575,can0  206  [24]  87 0C A8 05 77 0C C5 EF 8E 05 9F 0C 83 0C 00 00 00 00 00 00 00 00 00 00
2026-03-15T14:11:36.472789,153.575,can0  204  [16]  28 58 C8 44 54 2A C6 4A 4C 1D 30 75 30 75 00 00
2026-03-15T14:11:36.473036,153.575,can0  133  [00]
2026-03-15T14:11:36.572523,153.675,can0  204  [16]  28 58 C8 44 54 2A C6 4A 4C 1D 30 75 30 75 00 00
2026-03-15T14:11:36.573392,153.676,can0  040  [04]  67 00 13 00
2026-03-15T14:11:36.573789,153.676,can0  041  [04]  E4 00 09 00
2026-03-15T14:11:36.575335,153.678,can0  070  [20]  EE 2A 4D 08 E8 B0 62 03 A0 8C 00 00 0B 15 00 00 45 00 00 00
2026-03-15T14:11:36.576139,153.679,can0  040  [04]  67 00 13 00
2026-03-15T14:11:36.578895,153.681,can0  204  [16]  28 58 C8 44 56 2A C4 4A 4C 1D 30 75 30 75 00 00
2026-03-15T14:11:36.678107,153.780,can0  070  [20]  EE 2A 4D 08 E8 B0 62 03 A0 8C 00 00 0B 15 00 00 45 00 00 00
2026-03-15T14:11:36.679049,153.781,can0  204  [16]  28 58 C8 44 54 2A C3 4A 4C 1D 30 75 30 75 00 00
2026-03-15T14:11:36.679133,153.782,can0  060  [32]  00 00 00 00 00 00 00 00 00 00 00 00 00 00 00 00 00 00 00 00 00 00 00 00 00 00 00 00 00 00 00 00
2026-03-15T14:11:36.680426,153.783,can0  060  [32]  00 00 00 00 EE 2A 4D 08 3C 06 B8 10 00 00 10 0E FF 01 00 00 00 00 00 00 01 00 00 00 00 00 00 00
2026-03-15T14:11:36.737325,153.840,can0  204  [16]  28 58 C8 44 54 2A C3 4A 4C 1D 30 75 30 75 00 00
2026-03-15T14:11:36.738871,153.841,can0  070  [20]  EE 2A 4D 08 E8 B0 62 03 A0 8C 00 00 0B 15 00 00 45 00 00 00
2026-03-15T14:11:36.739875,153.842,can0  206  [24]  87 0C A8 05 83 0C C5 EF 92 05 97 0C 7F 0C 00 00 00 00 00 00 00 00 00 00
2026-03-15T14:11:36.739953,153.842,can0  204  [16]  28 58 C8 44 50 2A C2 4A 4C 1D 30 75 30 75 00 00
2026-03-15T14:11:36.853964,153.956,can0  040  [04]  65 00 16 00
2026-03-15T14:11:36.854308,153.957,can0  041  [04]  F8 00 09 00
2026-03-15T14:11:36.854680,153.957,can0  204  [16]  28 58 C8 44 4E 2A C0 4A 4C 1D 30 75 30 75 00 00
2026-03-15T14:11:36.855504,153.958,can0  100  [03]  36 58 04
2026-03-15T14:11:36.855723,153.958,can0  110  [02]  7D 1B
2026-03-15T14:11:36.856412,153.959,can0  120  [04]  00 00 00 00
2026-03-15T14:11:36.857037,153.959,can0  040  [04]  65 00 16 00
2026-03-15T14:11:36.857393,153.960,can0  204  [16]  28 58 C8 44 4E 2A C0 4A 4C 1D 30 75 30 75 00 00
2026-03-15T14:11:36.939441,154.042,can0  204  [16]  28 58 C8 44 50 2A BE 4A 4C 1D 30 75 30 75 00 00
2026-03-15T14:11:36.939730,154.042,can0  206  [24]  7F 0C A8 05 7F 0C B6 EF 90 05 93 0C 87 0C 00 00 00 00 00 00 00 00 00 00
2026-03-15T14:11:37.072806,154.175,can0  204  [16]  28 58 C8 44 50 2A BE 4A 4C 1D 30 75 30 75 00 00
2026-03-15T14:11:37.073774,154.176,can0  040  [04]  5C 00 14 00
2026-03-15T14:11:37.074587,154.177,can0  204  [16]  28 58 C8 44 56 2A BD 4A 4C 1D 30 75 30 75 00 00
2026-03-15T14:11:37.075060,154.177,can0  041  [04]  09 01 0D 00
2026-03-15T14:11:37.172978,154.275,can0  040  [04]  5C 00 14 00
2026-03-15T14:11:37.173907,154.276,can0  204  [16]  28 58 CA 44 56 2A BB 4A 4C 1D 30 75 30 75 00 00
2026-03-15T14:11:37.174275,154.277,can0  204  [16]  28 58 CA 44 56 2A BB 4A 4C 1D 30 75 30 75 00 00
2026-03-15T14:11:37.174579,154.277,can0  060  [32]  00 00 00 00 00 00 00 00 00 00 00 00 00 00 00 00 00 00 00 00 00 00 00 00 00 00 00 00 00 00 00 00
2026-03-15T14:11:37.273011,154.375,can0  070  [20]  EE 2A 4D 08 E8 B0 62 03 A0 8C 00 00 0B 15 00 00 45 00 00 00
2026-03-15T14:11:37.273444,154.376,can0  206  [24]  87 0C AC 05 7B 0C C5 EF 8E 05 97 0C 83 0C 00 00 00 00 00 00 00 00 00 00
2026-03-15T14:11:37.273776,154.376,can0  204  [16]  28 58 C9 44 58 2A BA 4A 4C 1D 30 75 30 75 00 00
2026-03-15T14:11:37.372668,154.475,can0  204  [16]  28 58 C9 44 58 2A BA 4A 4C 1D 30 75 30 75 00 00
2026-03-15T14:11:37.374043,154.476,can0  070  [20]  EE 2A 4D 08 E8 B0 62 03 A0 8C 00 00 0B 15 00 00 45 00 00 00
2026-03-15T14:11:37.374656,154.477,can0  041  [04]  10 01 0D 00
2026-03-15T14:11:37.375458,154.478,can0  040  [04]  58 00 16 00
2026-03-15T14:11:37.375914,154.478,can0  204  [16]  28 58 C9 44 56 2A B8 4A 4C 1D 30 75 30 75 00 00
2026-03-15T14:11:37.377133,154.480,can0  040  [04]  58 00 16 00
2026-03-15T14:11:37.472707,154.575,can0  204  [16]  28 58 C9 44 58 2A B7 4A 4C 1D 30 75 30 75 00 00
2026-03-15T14:11:37.473031,154.575,can0  204  [16]  28 58 C9 44 58 2A B7 4A 4C 1D 30 75 30 75 00 00
2026-03-15T14:11:37.577011,154.679,can0  206  [24]  83 0C A8 05 7F 0C D5 EF 92 05 93 0C 83 0C 00 00 00 00 00 00 00 00 00 00
2026-03-15T14:11:37.577111,154.679,can0  204  [16]  28 58 C9 44 58 2A B7 4A 4C 1D 30 75 30 75 00 00
2026-03-15T14:11:37.578789,154.681,can0  070  [20]  EF 2A 4D 08 E6 B0 62 03 88 90 00 00 0B 15 00 00 5D 00 00 00
2026-03-15T14:11:37.672564,154.775,can0  041  [04]  10 01 0A 00
2026-03-15T14:11:37.674270,154.777,can0  070  [20]  EF 2A 4D 08 E6 B0 62 03 88 90 00 00 0B 15 00 00 5D 00 00 00
2026-03-15T14:11:37.675371,154.778,can0  040  [04]  5C 00 13 00
2026-03-15T14:11:37.676096,154.778,can0  204  [16]  28 58 C7 44 52 2A B4 4A 4C 1D 30 75 30 75 00 00
2026-03-15T14:11:37.677109,154.780,can0  040  [04]  5C 00 13 00
2026-03-15T14:11:37.677786,154.780,can0  204  [16]  28 58 C7 44 52 2A B4 4A 4C 1D 30 75 30 75 00 00
2026-03-15T14:11:37.679532,154.782,can0  060  [32]  00 00 00 00 EF 2A 4D 08 3B 06 B8 10 00 00 10 0E FF 01 00 00 00 00 00 00 01 00 00 00 00 00 00 00
2026-03-15T14:11:37.773034,154.875,can0  070  [20]  EF 2A 4D 08 E6 B0 62 03 88 90 00 00 0B 15 00 00 5D 00 00 00
2026-03-15T14:11:37.773490,154.876,can0  204  [16]  28 58 C7 44 52 2A B2 4A 4C 1D 30 75 30 75 00 00
2026-03-15T14:11:37.773833,154.876,can0  206  [24]  8F 0C AC 05 7B 0C C5 EF 90 05 8F 0C 7B 0C 00 00 00 00 00 00 00 00 00 00
2026-03-15T14:11:37.872098,154.974,can0  204  [16]  28 58 C7 44 52 2A B2 4A 4C 1D 30 75 30 75 00 00
2026-03-15T14:11:37.872835,154.975,can0  204  [16]  28 58 C8 44 56 2A B1 4A 4C 1D 30 75 30 75 00 00
2026-03-15T14:11:37.875651,154.978,can0  040  [04]  58 00 0F 00
2026-03-15T14:11:37.875742,154.978,can0  041  [04]  10 01 08 00
2026-03-15T14:11:37.972898,155.075,can0  040  [04]  58 00 0F 00
2026-03-15T14:11:37.973767,155.076,can0  204  [16]  28 58 C9 44 56 2A AF 4A 4C 1D 30 75 30 75 00 00
2026-03-15T14:11:37.974276,155.077,can0  204  [16]  28 58 C9 44 56 2A AF 4A 4C 1D 30 75 30 75 00 00
2026-03-15T14:11:38.072666,155.175,can0  206  [24]  87 0C A8 05 7B 0C C5 EF 90 05 93 0C 83 0C 00 00 00 00 00 00 00 00 00 00
2026-03-15T14:11:38.073050,155.175,can0  204  [16]  28 58 C8 44 54 2A AD 4A 4C 1D 30 75 30 75 00 00
2026-03-15T14:11:38.073723,155.176,can0  100  [03]  30 58 04
2026-03-15T14:11:38.074272,155.177,can0  120  [04]  00 00 00 00
2026-03-15T14:11:38.172303,155.275,can0  204  [16]  28 58 C8 44 54 2A AD 4A 4C 1D 30 75 30 75 00 00
2026-03-15T14:11:38.173610,155.276,can0  040  [04]  54 00 0F 00
2026-03-15T14:11:38.173702,155.276,can0  041  [04]  10 01 08 00
2026-03-15T14:11:38.173943,155.276,can0  204  [16]  28 58 C9 44 58 2A AC 4A 4C 1D 30 75 30 75 00 00
2026-03-15T14:11:38.174648,155.277,can0  060  [32]  00 00 00 00 00 00 00 00 00 00 00 00 00 00 00 00 00 00 00 00 00 00 00 00 00 00 00 00 00 00 00 00
2026-03-15T14:11:38.175356,155.278,can0  040  [04]  54 00 0F 00
2026-03-15T14:11:38.273496,155.376,can0  070  [20]  EF 2A 4D 08 E6 B0 62 03 88 90 00 00 0B 15 00 00 5D 00 00 00
2026-03-15T14:11:38.274144,155.377,can0  204  [16]  28 58 C9 44 5A 2A 00 00 4C 1D 30 75 30 75 00 00
2026-03-15T14:11:38.274540,155.377,can0  204  [16]  28 58 C9 44 5A 2A 00 00 4C 1D 30 75 30 75 00 00
2026-03-15T14:11:38.372646,155.475,can0  206  [24]  8B 0C A6 05 83 0C C5 EF 92 05 93 0C 7B 0C 00 00 00 00 00 00 00 00 00 00
2026-03-15T14:11:38.374157,155.477,can0  070  [20]  EF 2A 4D 08 E6 B0 62 03 88 90 00 00 0B 15 00 00 5D 00 00 00
2026-03-15T14:11:38.375199,155.478,can0  204  [16]  28 58 C8 44 58 2A FD 4E 4C 1D 30 75 30 75 00 00
2026-03-15T14:11:38.375300,155.478,can0  040  [04]  4C 00 10 00
2026-03-15T14:11:38.472052,155.574,can0  041  [04]  1C 01 05 00
2026-03-15T14:11:38.472413,155.575,can0  204  [16]  28 58 C8 44 58 2A FD 4E 4C 1D 30 75 30 75 00 00
2026-03-15T14:11:38.473215,155.576,can0  040  [04]  4C 00 10 00
2026-03-15T14:11:38.473825,155.576,can0  110  [02]  7C 1B
2026-03-15T14:11:38.474404,155.577,can0  204  [16]  28 58 C9 44 58 2A C6 50 4C 1D 30 75 30 75 00 00
2026-03-15T14:11:38.572263,155.675,can0  204  [16]  28 58 C9 44 58 2A C6 50 4C 1D 30 75 30 75 00 00
2026-03-15T14:11:38.572548,155.675,can0  206  [24]  8B 0C A3 05 7F 0C C5 EF 8B 05 97 0C 7F 0C 00 00 00 00 00 00 00 00 00 00
2026-03-15T14:11:38.574061,155.676,can0  070  [20]  EF 2A 4D 08 E6 B0 62 03 70 94 00 00 0B 15 00 00 18 00 00 00
2026-03-15T14:11:38.672393,155.775,can0  204  [16]  28 58 C9 44 58 2A EF 4F 4C 1D 30 75 30 75 00 00
2026-03-15T14:11:38.673686,155.776,can0  070  [20]  EF 2A 4D 08 E6 B0 62 03 70 94 00 00 0B 15 00 00 19 00 00 00
2026-03-15T14:11:38.675033,155.777,can0  204  [16]  28 58 C9 44 58 2A 1E 50 4C 1D 30 75 30 75 00 00
2026-03-15T14:11:38.675116,155.777,can0  041  [04]  10 01 06 00
2026-03-15T14:11:38.675168,155.778,can0  040  [04]  47 00 0F 00
2026-03-15T14:11:38.676533,155.779,can0  070  [20]  EF 2A 4D 08 E6 B0 62 03 70 94 00 00 0B 15 00 00 19 00 00 00
2026-03-15T14:11:38.677061,155.779,can0  060  [32]  00 00 00 00 00 00 00 00 00 00 00 00 00 00 00 00 00 00 00 00 00 00 00 00 00 00 00 00 00 00 00 00
2026-03-15T14:11:38.772803,155.875,can0  060  [32]  00 00 00 00 EF 2A 4D 08 3B 06 B8 10 00 00 10 0E FF 01 00 00 00 00 00 00 01 00 00 00 00 00 00 00
2026-03-15T14:11:38.774144,155.877,can0  040  [04]  47 00 0F 00
2026-03-15T14:11:38.774861,155.877,can0  204  [16]  28 58 C9 44 5A 2A 32 51 4C 1D 30 75 30 75 00 00
2026-03-15T14:11:38.775444,155.878,can0  204  [16]  28 58 C9 44 5A 2A 32 51 4C 1D 30 75 30 75 00 00
2026-03-15T14:11:38.872819,155.975,can0  206  [24]  87 0C A6 05 7B 0C C5 EF 8E 05 A3 0C 83 0C 00 00 00 00 00 00 00 00 00 00
2026-03-15T14:11:38.873393,155.976,can0  204  [16]  28 58 C9 44 60 2A 68 51 4C 1D 30 75 30 75 00 00
2026-03-15T14:11:38.971889,156.074,can0  204  [16]  28 58 C9 44 60 2A 68 51 4C 1D 30 75 30 75 00 00
2026-03-15T14:11:38.977080,156.079,can0  040  [04]  47 00 0C 00
2026-03-15T14:11:38.977164,156.080,can0  041  [04]  10 01 07 00
2026-03-15T14:11:38.977203,156.080,can0  204  [16]  28 58 C8 44 60 2A 53 50 4C 1D 30 75 30 75 00 00
2026-03-15T14:11:38.977257,156.080,can0  040  [04]  47 00 0C 00
2026-03-15T14:11:39.072888,156.175,can0  204  [16]  28 58 C8 44 60 2A 15 51 4C 1D 30 75 30 75 00 00
2026-03-15T14:11:39.073629,156.176,can0  204  [16]  28 58 C8 44 60 2A 15 51 4C 1D 30 75 30 75 00 00
2026-03-15T14:11:39.197021,156.299,can0  206  [24]  93 0C A6 05 7B 0C D5 EF 90 05 8B 0C 77 0C 00 00 00 00 00 00 00 00 00 00
2026-03-15T14:11:39.197522,156.300,can0  204  [16]  28 58 C8 44 58 2A F8 4F 4C 1D 30 75 30 75 00 00
2026-03-15T14:11:39.198901,156.301,can0  070  [20]  EF 2A 4D 08 E6 B0 62 03 70 94 00 00 0B 15 00 00 19 00 00 00
2026-03-15T14:11:39.201961,156.304,can0  040  [04]  3E 00 0C 00
2026-03-15T14:11:39.273353,156.376,can0  041  [04]  10 01 07 00
2026-03-15T14:11:39.273514,156.376,can0  204  [16]  28 58 C8 44 58 2A F8 4F 4C 1D 30 75 30 75 00 00
2026-03-15T14:11:39.273866,156.376,can0  060  [32]  00 00 00 00 00 00 00 00 00 00 00 00 00 00 00 00 00 00 00 00 00 00 00 00 00 00 00 00 00 00 00 00
2026-03-15T14:11:39.274597,156.377,can0  100  [03]  28 58 04
2026-03-15T14:11:39.275477,156.378,can0  120  [04]  00 00 00 00
2026-03-15T14:11:39.279361,156.382,can0  040  [04]  3E 00 0C 00
2026-03-15T14:11:39.279463,156.382,can0  204  [16]  28 58 C9 44 58 2A 9B 4A 4C 1D 30 75 30 75 00 00
2026-03-15T14:11:39.346628,156.449,can0  070  [20]  EF 2A 4D 08 E6 B0 62 03 70 94 00 00 0B 15 00 00 19 00 00 00
2026-03-15T14:11:39.347645,156.450,can0  204  [16]  28 58 C9 44 5C 2A 9A 4A 4C 1D 30 75 30 75 00 00
2026-03-15T14:11:39.348016,156.450,can0  206  [24]  83 0C A8 05 7F 0C B6 EF 8B 05 97 0C 83 0C 00 00 00 00 00 00 00 00 00 00
2026-03-15T14:11:39.348376,156.451,can0  204  [16]  28 58 C9 44 5C 2A 9A 4A 4C 1D 30 75 30 75 00 00
2026-03-15T14:11:39.472734,156.575,can0  204  [16]  28 58 C9 44 60 2A 99 4A 4C 1D 30 75 30 75 00 00
2026-03-15T14:11:39.473632,156.576,can0  040  [04]  39 00 0E 00
2026-03-15T14:11:39.474064,156.576,can0  041  [04]  10 01 07 00
2026-03-15T14:11:39.572661,156.675,can0  204  [16]  28 58 C9 44 60 2A 99 4A 4C 1D 30 75 30 75 00 00
2026-03-15T14:11:39.573494,156.676,can0  040  [04]  39 00 0E 00
2026-03-15T14:11:39.575350,156.678,can0  070  [20]  EF 2A 4D 08 E6 B0 62 03 58 98 00 00 0B 15 00 00 29 00 00 00
2026-03-15T14:11:39.575859,156.678,can0  204  [16]  28 58 C8 44 60 2A 97 4A 4C 1D 30 75 30 75 00 00
2026-03-15T14:11:39.673270,156.776,can0  070  [20]  EF 2A 4D 08 E6 B0 62 03 58 98 00 00 0B 15 00 00 29 00 00 00
2026-03-15T14:11:39.673686,156.776,can0  206  [24]  7F 0C A8 05 8B 0C C5 EF 8B 05 8F 0C 83 0C 00 00 00 00 00 00 00 00 00 00
2026-03-15T14:11:39.674031,156.776,can0  204  [16]  28 58 C8 44 5C 2A 6A 4F 4C 1D 30 75 30 75 00 00
2026-03-15T14:11:39.675410,156.778,can0  070  [20]  EF 2A 4D 08 E6 B0 62 03 58 98 00 00 0B 15 00 00 29 00 00 00
2026-03-15T14:11:39.675673,156.778,can0  204  [16]  28 58 C8 44 5C 2A 6A 4F 4C 1D 30 75 30 75 00 00
2026-03-15T14:11:39.772642,156.875,can0  060  [32]  00 00 00 00 EF 2A 4D 08 3B 06 B8 10 00 00 10 0E FF 01 00 00 00 00 00 00 01 00 00 00 00 00 00 00
2026-03-15T14:11:39.774026,156.876,can0  041  [04]  10 01 07 00
2026-03-15T14:11:39.774116,156.876,can0  040  [04]  31 00 0F 00
2026-03-15T14:11:39.774608,156.877,can0  204  [16]  28 58 C8 44 5C 2A 12 50 4C 1D 30 75 30 75 00 00
2026-03-15T14:11:39.775451,156.878,can0  040  [04]  31 00 0F 00
2026-03-15T14:11:39.872088,156.974,can0  204  [16]  28 58 C8 44 5C 2A 12 50 4C 1D 30 75 30 75 00 00
2026-03-15T14:11:39.872388,156.975,can0  204  [16]  28 58 C8 44 5A 2A 73 51 4C 1D 30 75 30 75 00 00
2026-03-15T14:11:39.976416,157.079,can0  206  [24]  87 0C A6 05 7B 0C D5 EF 92 05 93 0C 87 0C 00 00 00 00 00 00 00 00 00 00
2026-03-15T14:11:39.983845,157.086,can0  204  [16]  28 58 C9 44 5C 2A 0F 51 4C 1D 30 75 30 75 00 00
2026-03-15T14:11:39.984291,157.087,can0  204  [16]  28 58 C9 44 5C 2A 0F 51 4C 1D 30 75 30 75 00 00
2026-03-15T14:11:39.990381,157.093,can0  040  [04]  2E 00 0E 00
2026-03-15T14:11:39.990486,157.093,can0  041  [04]  04 01 07 00
2026-03-15T14:11:40.048820,157.151,can0  040  [04]  2E 00 0E 00
2026-03-15T14:11:40.049242,157.152,can0  110  [02]  7C 1B
2026-03-15T14:11:40.049666,157.152,can0  204  [16]  28 58 C9 44 56 2A 32 4E 4C 1D 30 75 30 75 00 00
2026-03-15T14:11:40.172085,157.274,can0  204  [16]  28 58 C8 44 54 2A D3 4D 4C 1D 30 75 30 75 00 00
2026-03-15T14:11:40.172388,157.275,can0  206  [24]  87 0C BB 05 83 0C C5 EF 8E 05 93 0C 7F 0C 00 00 00 00 00 00 00 00 00 00
2026-03-15T14:11:40.172645,157.275,can0  204  [16]  28 58 C8 44 54 2A D3 4D 4C 1D 30 75 30 75 00 00
2026-03-15T14:11:40.173994,157.276,can0  070  [20]  EF 2A 4D 08 E6 B0 62 03 58 98 00 00 0B 15 00 00 29 00 00 00
2026-03-15T14:11:40.272458,157.375,can0  060  [32]  00 00 00 00 00 00 00 00 00 00 00 00 00 00 00 00 00 00 00 00 00 00 00 00 00 00 00 00 00 00 00 00
2026-03-15T14:11:40.272770,157.375,can0  204  [16]  28 58 C7 44 5C 2A 81 4E 4C 1D 30 75 30 75 00 00
2026-03-15T14:11:40.273562,157.376,can0  040  [04]  29 00 10 00
2026-03-15T14:11:40.279732,157.382,can0  041  [04]  FD 00 08 00
2026-03-15T14:11:40.384933,157.487,can0  204  [16]  28 58 C7 44 5C 2A 81 4E 4C 1D 30 75 30 75 00 00
2026-03-15T14:11:40.386426,157.489,can0  070  [20]  EF 2A 4D 08 E6 B0 62 03 58 98 00 00 0B 15 00 00 29 00 00 00
2026-03-15T14:11:40.387693,157.490,can0  040  [04]  29 00 10 00
2026-03-15T14:11:40.391941,157.494,can0  204  [16]  28 58 C6 44 5E 2A 22 4E 4C 1D 30 75 30 75 00 00
2026-03-15T14:11:40.472447,157.575,can0  204  [16]  28 58 C6 44 58 2A FC 4D 4C 1D 30 75 30 75 00 00
2026-03-15T14:11:40.472804,157.575,can0  206  [24]  8B 0C A6 05 7B 0C C5 EF 90 05 97 0C 7B 0C 00 00 00 00 00 00 00 00 00 00
2026-03-15T14:11:40.473512,157.576,can0  100  [03]  1C 58 04
2026-03-15T14:11:40.474043,157.576,can0  120  [04]  00 00 00 00
2026-03-15T14:11:40.474313,157.577,can0  204  [16]  28 58 C6 44 58 2A FC 4D 4C 1D 30 75 30 75 00 00
2026-03-15T14:11:40.572390,157.675,can0  040  [04]  20 00 11 00
2026-03-15T14:11:40.573213,157.676,can0  041  [04]  F3 00 09 00
2026-03-15T14:11:40.573331,157.676,can0  204  [16]  28 58 C6 44 58 2A FC 4D 4C 1D 30 75 30 75 00 00
2026-03-15T14:11:40.574904,157.677,can0  070  [20]  EF 2A 4D 08 E6 B0 62 03 40 9C 00 00 0B 15 00 00 3D 00 00 00
2026-03-15T14:11:40.576541,157.679,can0  040  [04]  20 00 11 00
2026-03-15T14:11:40.684896,157.787,can0  070  [20]  EF 2A 4D 08 E6 B0 62 03 40 9C 00 00 0B 15 00 00 3D 00 00 00
2026-03-15T14:11:40.685654,157.788,can0  204  [16]  28 58 C5 44 56 2A 89 50 4C 1D 30 75 30 75 00 00
2026-03-15T14:11:40.685954,157.788,can0  204  [16]  28 58 C5 44 54 2A CF 4F 4C 1D 30 75 30 75 00 00
2026-03-15T14:11:40.687218,157.790,can0  070  [20]  EF 2A 4D 08 E6 B0 62 03 40 9C 00 00 0B 15 00 00 3D 00 00 00
2026-03-15T14:11:40.741505,157.844,can0  060  [32]  00 00 00 00 00 00 00 00 00 00 00 00 00 00 00 00 00 00 00 00 00 00 00 00 00 00 00 00 00 00 00 00
2026-03-15T14:11:40.741927,157.844,can0  206  [24]  7F 0C AC 05 7F 0C C5 EF 8E 05 9B 0C 83 0C 00 00 00 00 00 00 00 00 00 00
2026-03-15T14:11:40.743317,157.846,can0  060  [32]  00 00 00 00 EF 2A 4D 08 3B 06 B8 10 00 00 10 0E FF 01 00 00 00 00 00 00 01 00 00 00 00 00 00 00
2026-03-15T14:11:40.744071,157.846,can0  204  [16]  28 58 C6 44 58 2A 2F 4E 4C 1D 30 75 30 75 00 00
2026-03-15T14:11:40.745025,157.847,can0  040  [04]  20 00 11 00
2026-03-15T14:11:40.745622,157.848,can0  204  [16]  28 58 C6 44 58 2A 2F 4E 4C 1D 30 75 30 75 00 00
2026-03-15T14:11:40.745693,157.848,can0  041  [04]  E4 00 0C 00
2026-03-15T14:11:40.873357,157.976,can0  040  [04]  20 00 11 00
2026-03-15T14:11:40.873869,157.976,can0  204  [16]  28 58 C5 44 54 2A 5C 4E 4C 1D 30 75 30 75 00 00
2026-03-15T14:11:40.972348,158.075,can0  204  [16]  28 58 C5 44 54 2A 5C 4E 4C 1D 30 75 30 75 00 00
2026-03-15T14:11:40.973154,158.076,can0  204  [16]  28 58 C6 44 52 2A B5 4E 4C 1D 30 75 30 75 00 00
2026-03-15T14:11:40.973254,158.076,can0  206  [24]  87 0C A8 05 7B 0C D5 EF 8E 05 9F 0C 83 0C 00 00 00 00 00 00 00 00 00 00
2026-03-15T14:11:41.072527,158.175,can0  204  [16]  28 58 C5 44 4E 2A 5B 4E 4C 1D 30 75 30 75 00 00
2026-03-15T14:11:41.073023,158.175,can0  041  [04]  00 01 0B 00
2026-03-15T14:11:41.073829,158.176,can0  040  [04]  16 00 11 00
2026-03-15T14:11:41.074249,158.177,can0  204  [16]  28 58 C5 44 4E 2A 5B 4E 4C 1D 30 75 30 75 00 00
2026-03-15T14:11:41.172843,158.275,can0  040  [04]  16 00 11 00
2026-03-15T14:11:41.174803,158.277,can0  204  [16]  28 58 C6 44 4E 2A 5A 4D 4C 1D 30 75 30 75 00 00
2026-03-15T14:11:41.174899,158.277,can0  070  [20]  EF 2A 4D 08 E6 B0 62 03 40 9C 00 00 0B 15 00 00 3D 00 00 00
2026-03-15T14:11:41.272422,158.375,can0  204  [16]  28 58 C6 44 4E 2A 5A 4D 4C 1D 30 75 30 75 00 00
2026-03-15T14:11:41.272716,158.375,can0  206  [24]  8B 0C A6 05 7F 0C C5 EF 8E 05 97 0C 7F 0C 00 00 00 00 00 00 00 00 00 00
2026-03-15T14:11:41.272932,158.375,can0  060  [32]  00 00 00 00 00 00 00 00 00 00 00 00 00 00 00 00 00 00 00 00 00 00 00 00 00 00 00 00 00 00 00 00
2026-03-15T14:11:41.273172,158.376,can0  204  [16]  28 58 C7 44 4E 2A A0 4D 4C 1D 30 75 30 75 00 00
2026-03-15T14:11:41.373734,158.476,can0  070  [20]  EF 2A 4D 08 E6 B0 62 03 40 9C 00 00 0B 15 00 00 3D 00 00 00
2026-03-15T14:11:41.374740,158.477,can0  040  [04]  11 00 10 00
2026-03-15T14:11:41.376331,158.479,can0  041  [04]  09 01 0E 00
2026-03-15T14:11:41.376936,158.479,can0  204  [16]  28 58 C6 44 50 2A 0C 4E 4C 1D 30 75 30 75 00 00
2026-03-15T14:11:41.377021,158.479,can0  040  [04]  11 00 10 00
2026-03-15T14:11:41.377288,158.480,can0  204  [16]  28 58 C6 44 50 2A 0C 4E 4C 1D 30 75 30 75 00 00
2026-03-15T14:11:41.472710,158.575,can0  204  [16]  28 58 C7 44 54 2A 17 4D 4C 1D 30 75 30 75 00 00
2026-03-15T14:11:41.572091,158.674,can0  206  [24]  8B 0C A6 05 7B 0C F4 EF 90 05 9B 0C 7F 0C 00 00 00 00 00 00 00 00 00 00
2026-03-15T14:11:41.572801,158.675,can0  204  [16]  28 58 C7 44 54 2A 17 4D 4C 1D 30 75 30 75 00 00
2026-03-15T14:11:41.574306,158.677,can0  070  [20]  EF 2A 4D 08 E6 B0 62 03 28 A0 00 00 0B 15 00 00 1E 00 00 00
2026-03-15T14:11:41.575645,158.678,can0  060  [32]  7C CF 92 01 99 AA 4D 08 AD C9 61 03 77 00 AA 02 4B 00 8C 00 00 00 00 00 01 00 00 00 00 00 00 00
2026-03-15T14:11:41.577054,158.679,can0  040  [04]  1E 00 0D 00
2026-03-15T14:11:41.577528,158.680,can0  204  [16]  28 58 C6 44 50 2A D0 4C 4C 1D 30 75 30 75 00 00
2026-03-15T14:11:41.578125,158.680,can0  041  [04]  EE 00 0D 00
2026-03-15T14:11:41.674959,158.777,can0  070  [20]  EF 2A 4D 08 E6 B0 62 03 28 A0 00 00 0B 15 00 00 1E 00 00 00
2026-03-15T14:11:41.675946,158.778,can0  040  [04]  1E 00 0D 00
2026-03-15T14:11:41.676666,158.779,can0  100  [03]  10 58 04
2026-03-15T14:11:41.677057,158.779,can0  204  [16]  28 58 C6 44 5C 2A 6D 4D 4C 1D 30 75 30 75 00 00
2026-03-15T14:11:41.677450,158.780,can0  110  [02]  79 1B
2026-03-15T14:11:41.678061,158.780,can0  120  [04]  00 00 00 00
2026-03-15T14:11:41.679110,158.781,can0  070  [20]  EF 2A 4D 08 E6 B0 62 03 28 A0 00 00 0B 15 00 00 1E 00 00 00
2026-03-15T14:11:41.772653,158.875,can0  204  [16]  28 58 C6 44 5C 2A 6D 4D 4C 1D 30 75 30 75 00 00
2026-03-15T14:11:41.772981,158.875,can0  204  [16]  28 58 C5 44 5C 2A F4 4D 4C 1D 30 75 30 75 00 00
2026-03-15T14:11:41.775506,158.878,can0  206  [24]  77 0C A8 05 83 0C C5 EF 90 05 97 0C 93 0C 00 00 00 00 00 00 00 00 00 00
2026-03-15T14:11:41.872293,158.975,can0  204  [16]  28 58 C6 44 5A 2A 93 4D 4C 1D 30 75 30 75 00 00
2026-03-15T14:11:41.873370,158.976,can0  040  [04]  30 00 0C 00
2026-03-15T14:11:41.874272,158.977,can0  041  [04]  D4 00 0D 00
2026-03-15T14:11:41.874375,158.977,can0  204  [16]  28 58 C6 44 5A 2A 93 4D 4C 1D 30 75 30 75 00 00
2026-03-15T14:11:41.972420,159.075,can0  040  [04]  30 00 0C 00
2026-03-15T14:11:41.976448,159.079,can0  204  [16]  28 58 C6 44 5C 2A 94 4E 4C 1D 30 75 30 75 00 00
2026-03-15T14:11:42.072533,159.175,can0  204  [16]  28 58 C6 44 5C 2A 94 4E 4C 1D 30 75 30 75 00 00
2026-03-15T14:11:42.073183,159.176,can0  206  [24]  8B 0C A3 05 83 0C D5 EF 90 05 8B 0C 7F 0C 00 00 00 00 00 00 00 00 00 00
2026-03-15T14:11:42.073282,159.176,can0  204  [16]  28 58 C6 44 5C 2A 5D 4E 4C 1D 30 75 30 75 00 00
2026-03-15T14:11:42.188671,159.291,can0  041  [04]  CC 00 0E 00
2026-03-15T14:11:42.189774,159.292,can0  040  [04]  34 00 0A 00
2026-03-15T14:11:42.192679,159.295,can0  204  [16]  28 58 C6 44 5C 2A 78 4E 4C 1D 30 75 30 75 00 00
2026-03-15T14:11:42.192785,159.295,can0  040  [04]  34 00 0A 00
2026-03-15T14:11:42.192849,159.295,can0  070  [20]  EF 2A 4D 08 E6 B0 62 03 28 A0 00 00 0B 15 00 00 1E 00 00 00
2026-03-15T14:11:42.193263,159.296,can0  204  [16]  28 58 C6 44 5C 2A 78 4E 4C 1D 30 75 30 75 00 00
2026-03-15T14:11:42.253179,159.356,can0  204  [16]  28 58 C6 44 5A 2A 84 4D 4C 1D 30 75 30 75 00 00
2026-03-15T14:11:42.253647,159.356,can0  206  [24]  87 0C A6 05 7F 0C B6 EF 90 05 97 0C 83 0C 00 00 00 00 00 00 00 00 00 00
2026-03-15T14:11:42.377555,159.480,can0  070  [20]  EF 2A 4D 08 E6 B0 62 03 28 A0 00 00 0B 15 00 00 1E 00 00 00
2026-03-15T14:11:42.377977,159.480,can0  204  [16]  28 58 C8 44 54 2A 76 4E 4C 1D 30 75 30 75 00 00
2026-03-15T14:11:42.378381,159.481,can0  204  [16]  28 58 C8 44 54 2A 76 4E 4C 1D 30 75 30 75 00 00
2026-03-15T14:11:42.379505,159.482,can0  040  [04]  34 00 0A 00
2026-03-15T14:11:42.379594,159.482,can0  041  [04]  C5 00 0F 00
2026-03-15T14:11:42.472655,159.575,can0  040  [04]  34 00 0A 00
2026-03-15T14:11:42.473441,159.576,can0  204  [16]  28 58 C8 44 60 2A CB 4E 4C 1D 30 75 30 75 00 00
2026-03-15T14:11:42.473539,159.576,can0  204  [16]  28 58 C8 44 60 2A CB 4E 4C 1D 30 75 30 75 00 00
2026-03-15T14:11:42.572294,159.675,can0  206  [24]  7F 0C A6 05 7F 0C D5 EF 90 05 97 0C 87 0C 00 00 00 00 00 00 00 00 00 00
2026-03-15T14:11:42.573951,159.676,can0  070  [20]  EF 2A 4D 08 E6 B0 62 03 10 A4 00 00 0B 15 00 00 2E 00 00 00
2026-03-15T14:11:42.574742,159.677,can0  204  [16]  28 58 C7 44 58 2A AA 4E 4C 1D 30 75 30 75 00 00
2026-03-15T14:11:42.576234,159.679,can0  070  [20]  EF 2A 4D 08 E6 B0 62 03 10 A4 00 00 0B 15 00 00 2F 00 00 00
2026-03-15T14:11:42.672560,159.775,can0  204  [16]  28 58 C8 44 62 2A 97 4E 4C 1D 30 75 30 75 00 00
2026-03-15T14:11:42.673410,159.776,can0  040  [04]  31 00 07 00
2026-03-15T14:11:42.675046,159.777,can0  041  [04]  B5 00 11 00
2026-03-15T14:11:42.675119,159.777,can0  070  [20]  EF 2A 4D 08 E6 B0 62 03 10 A4 00 00 0B 15 00 00 2F 00 00 00
2026-03-15T14:11:42.675951,159.778,can0  204  [16]  28 58 C8 44 62 2A 97 4E 4C 1D 30 75 30 75 00 00
2026-03-15T14:11:42.772872,159.875,can0  040  [04]  31 00 07 00
2026-03-15T14:11:42.773624,159.876,can0  204  [16]  28 58 C9 44 56 2A 66 4E 4C 1D 30 75 30 75 00 00
2026-03-15T14:11:42.774886,159.877,can0  060  [32]  00 00 00 00 EF 2A 4D 08 3B 06 B8 10 00 00 10 0E FF 01 00 00 00 00 00 00 01 00 00 00 00 00 00 00
2026-03-15T14:11:42.872266,159.975,can0  206  [24]  83 0C A8 05 7F 0C C5 EF 8B 05 93 0C 83 0C 00 00 00 00 00 00 00 00 00 00
2026-03-15T14:11:42.872602,159.975,can0  204  [16]  28 58 C9 44 56 2A 66 4E 4C 1D 30 75 30 75 00 00
2026-03-15T14:11:42.873289,159.976,can0  100  [03]  08 58 04
2026-03-15T14:11:42.873864,159.976,can0  120  [04]  00 00 00 00
2026-03-15T14:11:42.874221,159.977,can0  204  [16]  28 58 C8 44 5C 2A BD 4E 4C 1D 30 75 30 75 00 00
2026-03-15T14:11:42.972637,160.075,can0  040  [04]  39 00 07 00
2026-03-15T14:11:42.973619,160.076,can0  041  [04]  B5 00 12 00
2026-03-15T14:11:42.974024,160.076,can0  204  [16]  28 58 C9 44 58 2A C9 4E 4C 1D 30 75 30 75 00 00
2026-03-15T14:11:42.974634,160.077,can0  040  [04]  39 00 07 00
2026-03-15T14:11:42.975016,160.077,can0  204  [16]  28 58 C9 44 58 2A C9 4E 4C 1D 30 75 30 75 00 00
2026-03-15T14:11:43.073569,160.176,can0  204  [16]  28 58 CB 44 68 2A 91 4E 4C 1D 30 75 30 75 00 00
2026-03-15T14:11:43.073993,160.176,can0  206  [24]  8F 0C A3 05 83 0C C5 EF 94 05 93 0C 77 0C 00 00 00 00 00 00 00 00 00 00
2026-03-15T14:11:43.185256,160.288,can0  204  [16]  28 58 CB 44 68 2A 91 4E 4C 1D 30 75 30 75 00 00
2026-03-15T14:11:43.185809,160.288,can0  204  [16]  28 58 CB 44 4E 2A 55 4D 4C 1D 30 75 30 75 00 00
2026-03-15T14:11:43.187545,160.290,can0  070  [20]  EF 2A 4D 08 E6 B0 62 03 10 A4 00 00 0B 15 00 00 2F 00 00 00
2026-03-15T14:11:43.188103,160.290,can0  041  [04]  B2 00 11 00
2026-03-15T14:11:43.188871,160.291,can0  040  [04]  3E 00 0E 00
2026-03-15T14:11:43.249707,160.352,can0  204  [16]  28 58 C8 44 62 2A 72 4E 4C 1D 30 75 30 75 00 00
2026-03-15T14:11:43.250446,160.353,can0  040  [04]  3E 00 0E 00
2026-03-15T14:11:43.251095,160.353,can0  110  [02]  7B 1B
2026-03-15T14:11:43.251183,160.354,can0  060  [32]  00 00 00 00 00 00 00 00 00 00 00 00 00 00 00 00 00 00 00 00 00 00 00 00 00 00 00 00 00 00 00 00
2026-03-15T14:11:43.251507,160.354,can0  204  [16]  28 58 C8 44 62 2A 72 4E 4C 1D 30 75 30 75 00 00
2026-03-15T14:11:43.378037,160.480,can0  070  [20]  EF 2A 4D 08 E6 B0 62 03 10 A4 00 00 0B 15 00 00 2F 00 00 00
2026-03-15T14:11:43.378786,160.481,can0  206  [24]  8B 0C A6 05 77 0C A6 EF 8E 05 AB 0C 7F 0C 00 00 00 00 00 00 00 00 00 00
2026-03-15T14:11:43.379064,160.481,can0  204  [16]  28 58 C9 44 48 2A 0A 4F 4C 1D 30 75 30 75 00 00
2026-03-15T14:11:43.472808,160.575,can0  204  [16]  28 58 C9 44 48 2A 0A 4F 4C 1D 30 75 30 75 00 00
2026-03-15T14:11:43.473050,160.575,can0  041  [04]  B5 00 10 00
2026-03-15T14:11:43.473749,160.576,can0  040  [04]  43 00 11 00
2026-03-15T14:11:43.476564,160.579,can0  204  [16]  28 58 CC 44 6E 2A 79 4D 4C 1D 30 75 30 75 00 00
2026-03-15T14:11:43.574495,160.677,can0  040  [04]  43 00 11 00
2026-03-15T14:11:43.575182,160.678,can0  204  [16]  28 58 CC 44 6E 2A 79 4D 4C 1D 30 75 30 75 00 00
2026-03-15T14:11:43.576903,160.679,can0  070  [20]  EF 2A 4D 08 E6 B0 62 03 F8 A7 00 00 0B 15 00 00 25 00 00 00
2026-03-15T14:11:43.577583,160.680,can0  206  [24]  8F 0C A3 05 7B 0C E4 EF 90 05 9B 0C 7B 0C 00 00 00 00 00 00 00 00 00 00
2026-03-15T14:11:43.673354,160.776,can0  204  [16]  28 58 CB 44 58 2A 17 4F 4C 1D 30 75 30 75 00 00
2026-03-15T14:11:43.673445,160.776,can0  070  [20]  EF 2A 4D 08 E6 B0 62 03 F8 A7 00 00 0B 15 00 00 25 00 00 00
2026-03-15T14:11:43.673809,160.776,can0  204  [16]  28 58 C9 44 66 2A 03 4F 4C 1D 30 75 30 75 00 00
2026-03-15T14:11:43.675041,160.777,can0  070  [20]  EF 2A 4D 08 E6 B0 62 03 F8 A7 00 00 0B 15 00 00 25 00 00 00
2026-03-15T14:11:43.772608,160.875,can0  040  [04]  47 00 11 00
2026-03-15T14:11:43.773582,160.876,can0  041  [04]  B2 00 10 00
2026-03-15T14:11:43.773675,160.876,can0  204  [16]  28 58 C8 44 54 2A 49 52 4C 1D 30 75 30 75 00 00
2026-03-15T14:11:43.775528,160.878,can0  060  [32]  00 00 00 00 EF 2A 4D 08 3B 06 B8 10 00 00 10 0E FF 01 00 00 00 00 00 00 01 00 00 00 00 00 00 00
2026-03-15T14:11:43.776749,160.879,can0  040  [04]  47 00 11 00
2026-03-15T14:11:43.779800,160.882,can0  204  [16]  28 58 C8 44 54 2A 49 52 4C 1D 30 75 30 75 00 00
2026-03-15T14:11:43.872068,160.974,can0  204  [16]  28 58 C8 44 64 2A BA 50 4C 1D 30 75 30 75 00 00
2026-03-15T14:11:43.872473,160.975,can0  206  [24]  93 0C A8 05 77 0C C5 EF 92 05 97 0C 7B 0C 00 00 00 00 00 00 00 00 00 00
2026-03-15T14:11:43.972714,161.075,can0  204  [16]  28 58 C8 44 64 2A BA 50 4C 1D 30 75 30 75 00 00
2026-03-15T14:11:43.973051,161.075,can0  204  [16]  28 58 C8 44 54 2A 24 51 4C 1D 30 75 30 75 00 00
2026-03-15T14:11:43.973781,161.076,can0  040  [04]  4A 00 0F 00
2026-03-15T14:11:43.974137,161.077,can0  041  [04]  AF 00 12 00
2026-03-15T14:11:44.072565,161.175,can0  204  [16]  28 58 C7 44 5E 2A CF 50 4C 1D 30 75 30 75 00 00
2026-03-15T14:11:44.073201,161.176,can0  040  [04]  4A 00 0F 00
2026-03-15T14:11:44.074116,161.176,can0  100  [03]  F8 57 04
2026-03-15T14:11:44.074823,161.177,can0  120  [04]  00 00 00 00
2026-03-15T14:11:44.078981,161.181,can0  204  [16]  28 58 C7 44 5E 2A CF 50 4C 1D 30 75 30 75 00 00
2026-03-15T14:11:44.189036,161.291,can0  206  [24]  8B 0C A3 05 7F 0C C5 EF 90 05 A3 0C 7B 0C 00 00 00 00 00 00 00 00 00 00
2026-03-15T14:11:44.189221,161.292,can0  204  [16]  28 58 C6 44 56 2A C8 50 4C 1D 30 75 30 75 00 00
2026-03-15T14:11:44.190452,161.293,can0  070  [20]  EF 2A 4D 08 E6 B0 62 03 F8 A7 00 00 0B 15 00 00 25 00 00 00
2026-03-15T14:11:44.247252,161.350,can0  204  [16]  28 58 C6 44 56 2A C8 50 4C 1D 30 75 30 75 00 00
2026-03-15T14:11:44.251810,161.354,can0  040  [04]  4A 00 10 00
2026-03-15T14:11:44.251949,161.354,can0  041  [04]  B5 00 12 00
2026-03-15T14:11:44.252013,161.354,can0  060  [32]  00 00 00 00 00 00 00 00 00 00 00 00 00 00 00 00 00 00 00 00 00 00 00 00 00 00 00 00 00 00 00 00
2026-03-15T14:11:44.252078,161.354,can0  204  [16]  28 58 C7 44 58 2A 32 51 4C 1D 30 75 30 75 00 00
2026-03-15T14:11:44.364634,161.467,can0  070  [20]  EF 2A 4D 08 E6 B0 62 03 F8 A7 00 00 0B 15 00 00 25 00 00 00
2026-03-15T14:11:44.365771,161.468,can0  040  [04]  4A 00 10 00
2026-03-15T14:11:44.367186,161.470,can0  204  [16]  28 58 C5 44 58 2A 5E 53 4C 1D 30 75 30 75 00 00
2026-03-15T14:11:44.367281,161.470,can0  204  [16]  28 58 C5 44 58 2A 5E 53 4C 1D 30 75 30 75 00 00
2026-03-15T14:11:44.367347,161.470,can0  206  [24]  8B 0C A8 05 7B 0C A6 EF 90 05 93 0C 83 0C 00 00 00 00 00 00 00 00 00 00
2026-03-15T14:11:44.481300,161.584,can0  204  [16]  28 58 C6 44 5A 2A 9D 52 4C 1D 30 75 30 75 00 00
2026-03-15T14:11:44.572559,161.675,can0  204  [16]  28 58 C6 44 5A 2A 9D 52 4C 1D 30 75 30 75 00 00
2026-03-15T14:11:44.572887,161.675,can0  041  [04]  B5 00 11 00
2026-03-15T14:11:44.573656,161.676,can0  040  [04]  47 00 12 00
2026-03-15T14:11:44.575518,161.678,can0  070  [20]  EE 2A 4D 08 E6 B0 62 03 E0 AB 00 00 0B 15 00 00 27 00 00 00
2026-03-15T14:11:44.576255,161.679,can0  040  [04]  47 00 12 00
2026-03-15T14:11:44.580818,161.683,can0  204  [16]  28 58 C8 44 5C 2A 14 51 4C 1D 30 75 30 75 00 00
2026-03-15T14:11:44.580890,161.683,can0  070  [20]  EE 2A 4D 08 E6 B0 62 03 E0 AB 00 00 0B 15 00 00 27 00 00 00
2026-03-15T14:11:44.672352,161.775,can0  204  [16]  28 58 C8 44 52 2A 8A 50 4C 1D 30 75 30 75 00 00
2026-03-15T14:11:44.672758,161.775,can0  206  [24]  87 0C A6 05 83 0C D5 EF 8E 05 8F 0C 83 0C 00 00 00 00 00 00 00 00 00 00
2026-03-15T14:11:44.674064,161.776,can0  070  [20]  EE 2A 4D 08 E6 B0 62 03 E0 AB 00 00 0B 15 00 00 27 00 00 00
2026-03-15T14:11:44.772580,161.875,can0  204  [16]  28 58 C8 44 52 2A 8A 50 4C 1D 30 75 30 75 00 00
2026-03-15T14:11:44.772786,161.875,can0  060  [32]  00 00 00 00 00 00 00 00 00 00 00 00 00 00 00 00 00 00 00 00 00 00 00 00 00 00 00 00 00 00 00 00
2026-03-15T14:11:44.773035,161.875,can0  204  [16]  28 58 C9 44 66 2A C8 50 4C 1D 30 75 30 75 00 00
2026-03-15T14:11:44.774343,161.877,can0  060  [32]  00 00 00 00 EE 2A 4D 08 3B 06 B8 10 00 00 10 0E FF 01 00 00 00 00 00 00 01 00 00 00 00 00 00 00
2026-03-15T14:11:44.775312,161.878,can0  040  [04]  45 00 0F 00
2026-03-15T14:11:44.775869,161.878,can0  041  [04]  B5 00 10 00
2026-03-15T14:11:44.872906,161.975,can0  040  [04]  45 00 0F 00
2026-03-15T14:11:44.876217,161.979,can0  204  [16]  28 58 C9 44 56 2A 80 50 4C 1D 30 75 30 75 00 00
2026-03-15T14:11:44.876300,161.979,can0  110  [02]  7E 1B
2026-03-15T14:11:44.876341,161.979,can0  204  [16]  28 58 C9 44 56 2A 80 50 4C 1D 30 75 30 75 00 00
2026-03-15T14:11:44.972472,162.075,can0  206  [24]  87 0C AA 05 83 0C D5 EF 92 05 9B 0C 7F 0C 00 00 00 00 00 00 00 00 00 00
2026-03-15T14:11:44.972815,162.075,can0  204  [16]  28 58 C9 44 62 2A DC 4F 4C 1D 30 75 30 75 00 00
2026-03-15T14:11:45.088608,162.191,can0  204  [16]  28 58 C9 44 62 2A DC 4F 4C 1D 30 75 30 75 00 00
2026-03-15T14:11:45.095398,162.198,can0  040  [04]  3E 00 0F 00
2026-03-15T14:11:45.095832,162.198,can0  041  [04]  B5 00 0E 00
2026-03-15T14:11:45.096443,162.199,can0  204  [16]  28 58 CB 44 5E 2A 10 4E 4C 1D 30 75 30 75 00 00
2026-03-15T14:11:45.161074,162.263,can0  040  [04]  3E 00 0F 00
2026-03-15T14:11:45.161912,162.264,can0  204  [16]  28 58 CB 44 56 2A DC 4F 4C 1D 30 75 30 75 00 00
2026-03-15T14:11:45.163950,162.266,can0  070  [20]  EE 2A 4D 08 E6 B0 62 03 E0 AB 00 00 0B 15 00 00 27 00 00 00
2026-03-15T14:11:45.164961,162.267,can0  206  [24]  93 0C A6 05 7F 0C C5 EF 92 05 93 0C 73 0C 00 00 00 00 00 00 00 00 00 00
2026-03-15T14:11:45.165037,162.267,can0  204  [16]  28 58 CB 44 56 2A DC 4F 4C 1D 30 75 30 75 00 00
2026-03-15T14:11:45.283082,162.385,can0  204  [16]  28 58 C9 44 58 2A 25 50 4C 1D 30 75 30 75 00 00
2026-03-15T14:11:45.283959,162.386,can0  100  [03]  ED 57 04
2026-03-15T14:11:45.284966,162.387,can0  120  [04]  00 00 00 00
2026-03-15T14:11:45.285050,162.387,can0  060  [32]  00 00 00 00 00 00 00 00 00 00 00 00 00 00 00 00 00 00 00 00 00 00 00 00 00 00 00 00 00 00 00 00
2026-03-15T14:11:45.405336,162.508,can0  070  [20]  EE 2A 4D 08 E6 B0 62 03 E0 AB 00 00 0B 15 00 00 27 00 00 00
2026-03-15T14:11:45.406781,162.509,can0  040  [04]  2F 00 0D 00
2026-03-15T14:11:45.407172,162.510,can0  204  [16]  28 58 C9 44 58 2A 25 50 4C 1D 30 75 30 75 00 00
2026-03-15T14:11:45.408044,162.510,can0  041  [04]  C4 00 0C 00
2026-03-15T14:11:45.408129,162.510,can0  204  [16]  28 58 C6 44 56 2A EB 50 4C 1D 30 75 30 75 00 00
2026-03-15T14:11:45.408796,162.511,can0  040  [04]  2F 00 0D 00
2026-03-15T14:11:45.470230,162.573,can0  204  [16]  28 58 C6 44 60 2A 34 51 4C 1D 30 75 30 75 00 00
2026-03-15T14:11:45.470332,162.573,can0  206  [24]  8F 0C A6 05 87 0C D5 EF 90 05 8F 0C 77 0C 00 00 00 00 00 00 00 00 00 00
2026-03-15T14:11:45.470580,162.573,can0  204  [16]  28 58 C6 44 60 2A 34 51 4C 1D 30 75 30 75 00 00
2026-03-15T14:11:45.589611,162.692,can0  204  [16]  28 58 C6 44 60 2A 34 51 4C 1D 30 75 30 75 00 00
2026-03-15T14:11:45.590985,162.693,can0  070  [20]  EE 2A 4D 08 E4 B0 62 03 C8 AF 00 00 0B 15 00 00 39 00 00 00
2026-03-15T14:11:45.591721,162.694,can0  041  [04]  DE 00 0A 00
2026-03-15T14:11:45.592640,162.695,can0  040  [04]  33 00 0B 00
2026-03-15T14:11:45.653657,162.756,can0  070  [20]  EE 2A 4D 08 E4 B0 62 03 C8 AF 00 00 0B 15 00 00 39 00 00 00
2026-03-15T14:11:45.654273,162.757,can0  204  [16]  28 58 CB 44 5C 2A 0F 51 4C 1D 30 75 30 75 00 00
2026-03-15T14:11:45.655120,162.757,can0  040  [04]  33 00 0B 00
2026-03-15T14:11:45.657467,162.760,can0  204  [16]  28 58 CB 44 5C 2A 0F 51 4C 1D 30 75 30 75 00 00
2026-03-15T14:11:45.657564,162.760,can0  070  [20]  EE 2A 4D 08 E4 B0 62 03 C8 AF 00 00 0B 15 00 00 39 00 00 00
2026-03-15T14:11:45.775240,162.878,can0  206  [24]  7F 0C A6 05 83 0C F4 EF 90 05 9F 0C 83 0C 00 00 00 00 00 00 00 00 00 00
2026-03-15T14:11:45.775365,162.878,can0  204  [16]  28 58 C8 44 68 2A 61 50 4C 1D 30 75 30 75 00 00
2026-03-15T14:11:45.775499,162.878,can0  132  [00]
2026-03-15T14:11:45.777060,162.879,can0  060  [32]  00 00 00 00 EE 2A 4D 08 39 06 B8 10 00 00 10 0E FF 01 00 00 00 00 00 00 01 00 00 00 00 00 00 00
2026-03-15T14:11:45.893505,162.996,can0  204  [16]  28 58 C8 44 68 2A 61 50 4C 1D 30 75 30 75 00 00
2026-03-15T14:11:45.895540,162.998,can0  041  [04]  E4 00 08 00
2026-03-15T14:11:45.896419,162.999,can0  040  [04]  34 00 0A 00
2026-03-15T14:11:45.896504,162.999,can0  204  [16]  28 58 C8 44 5A 2A 00 51 4C 1D 30 75 30 75 00 00
2026-03-15T14:11:45.896571,162.999,can0  040  [04]  34 00 0A 00
2026-03-15T14:11:45.959026,163.061,can0  204  [16]  28 58 C8 44 56 2A 7C 50 4C 1D 30 75 30 75 00 00
2026-03-15T14:11:45.959358,163.062,can0  204  [16]  28 58 C8 44 56 2A 7C 50 4C 1D 30 75 30 75 00 00
2026-03-15T14:11:45.959794,163.062,can0  206  [24]  87 0C A6 05 7B 0C C5 EF 94 05 97 0C 83 0C 00 00 00 00 00 00 00 00 00 00
2026-03-15T14:11:46.080656,163.183,can0  204  [16]  28 58 C9 44 70 2A FD 50 4C 1D 30 75 30 75 00 00
2026-03-15T14:11:46.191601,163.294,can0  204  [16]  28 58 C9 44 70 2A FD 50 4C 1D 30 75 30 75 00 00
2026-03-15T14:11:46.192388,163.295,can0  040  [04]  3A 00 09 00
2026-03-15T14:11:46.193745,163.296,can0  041  [04]  E4 00 08 00
2026-03-15T14:11:46.193812,163.296,can0  040  [04]  3A 00 09 00
2026-03-15T14:11:46.193850,163.296,can0  204  [16]  28 58 C8 44 50 2A 92 51 4C 1D 30 75 30 75 00 00
2026-03-15T14:11:46.195468,163.298,can0  070  [20]  EE 2A 4D 08 E4 B0 62 03 C8 AF 00 00 0B 15 00 00 39 00 00 00
2026-03-15T14:11:46.275993,163.378,can0  204  [16]  28 58 C8 44 5E 2A 08 51 4C 1D 30 75 30 75 00 00
2026-03-15T14:11:46.276287,163.379,can0  206  [24]  8F 0C A6 05 7F 0C C5 EF 92 05 93 0C 7B 0C 00 00 00 00 00 00 00 00 00 00
2026-03-15T14:11:46.276516,163.379,can0  060  [32]  00 00 00 00 00 00 00 00 00 00 00 00 00 00 00 00 00 00 00 00 00 00 00 00 00 00 00 00 00 00 00 00
2026-03-15T14:11:46.276764,163.379,can0  204  [16]  28 58 C8 44 5E 2A 08 51 4C 1D 30 75 30 75 00 00
2026-03-15T14:11:46.373579,163.476,can0  070  [20]  EE 2A 4D 08 E4 B0 62 03 C8 AF 00 00 0B 15 00 00 39 00 00 00
2026-03-15T14:11:46.374136,163.477,can0  204  [16]  28 58 C5 44 48 2A 1A 51 4C 1D 30 75 30 75 00 00
2026-03-15T14:11:46.374838,163.477,can0  040  [04]  36 00 08 00
2026-03-15T14:11:46.375130,163.478,can0  041  [04]  DC 00 07 00
2026-03-15T14:11:46.472646,163.575,can0  204  [16]  28 58 C5 44 48 2A 1A 51 4C 1D 30 75 30 75 00 00
2026-03-15T14:11:46.472885,163.575,can0  133  [00]
2026-03-15T14:11:46.473627,163.576,can0  040  [04]  36 00 08 00
2026-03-15T14:11:46.474829,163.577,can0  100  [03]  E3 57 04
2026-03-15T14:11:46.475118,163.577,can0  110  [02]  7B 1B
2026-03-15T14:11:46.475823,163.578,can0  120  [04]  00 00 00 00
2026-03-15T14:11:46.476186,163.579,can0  204  [16]  28 58 C4 44 5C 2A 3E 50 4C 1D 30 75 30 75 00 00
2026-03-15T14:11:46.572604,163.675,can0  206  [24]  8B 0C A6 05 77 0C D5 EF 85 05 9B 0C 7F 0C 00 00 00 00 00 00 00 00 00 00
2026-03-15T14:11:46.572961,163.675,can0  204  [16]  28 58 C4 44 5C 2A 3E 50 4C 1D 30 75 30 75 00 00
2026-03-15T14:11:46.574010,163.676,can0  070  [20]  EE 2A 4D 08 E4 B0 62 03 B0 B3 00 00 0B 15 00 00 25 00 00 00
2026-03-15T14:11:46.575592,163.678,can0  070  [20]  EE 2A 4D 08 E4 B0 62 03 B0 B3 00 00 0B 15 00 00 24 00 00 00
2026-03-15T14:11:46.576266,163.679,can0  204  [16]  28 58 C5 44 4A 2A CE 50 4C 1D 30 75 30 75 00 00
2026-03-15T14:11:46.672651,163.775,can0  040  [04]  58 00 07 00
2026-03-15T14:11:46.673405,163.776,can0  041  [04]  DC 00 07 00
2026-03-15T14:11:46.673497,163.776,can0  204  [16]  28 58 C9 44 66 2A 07 51 4C 1D 30 75 30 75 00 00
2026-03-15T14:11:46.675187,163.778,can0  070  [20]  EE 2A 4D 08 E4 B0 62 03 B0 B3 00 00 0B 15 00 00 24 00 00 00
2026-03-15T14:11:46.675916,163.778,can0  040  [04]  58 00 07 00
2026-03-15T14:11:46.774093,163.876,can0  204  [16]  28 58 C8 44 5E 2A 9E 51 4C 1D 30 75 30 75 00 00
2026-03-15T14:11:46.774456,163.877,can0  204  [16]  28 58 C8 44 5E 2A 9E 51 4C 1D 30 75 30 75 00 00
2026-03-15T14:11:46.774737,163.877,can0  060  [32]  00 00 00 00 00 00 00 00 00 00 00 00 00 00 00 00 00 00 00 00 00 00 00 00 00 00 00 00 00 00 00 00
2026-03-15T14:11:46.775072,163.877,can0  206  [24]  87 0C AA 05 7F 0C D5 EF 90 05 93 0C 83 0C 00 00 00 00 00 00 00 00 00 00
2026-03-15T14:11:46.873521,163.976,can0  060  [32]  00 00 00 00 EE 2A 4D 08 39 06 B8 10 00 00 10 0E FF 01 00 00 00 00 00 00 01 00 00 00 00 00 00 00
2026-03-15T14:11:46.874383,163.977,can0  204  [16]  28 58 C8 44 50 2A EE 4F 4C 1D 30 75 30 75 00 00
2026-03-15T14:11:46.874779,163.977,can0  204  [16]  28 58 C8 44 50 2A EE 4F 4C 1D 30 75 30 75 00 00
2026-03-15T14:11:46.972116,164.074,can0  041  [04]  CC 00 06 00
2026-03-15T14:11:46.972842,164.075,can0  040  [04]  58 00 06 00
2026-03-15T14:11:46.976722,164.079,can0  040  [04]  58 00 06 00
2026-03-15T14:11:46.976814,164.079,can0  204  [16]  28 58 C6 44 54 2A B0 4F 4C 1D 30 75 30 75 00 00
2026-03-15T14:11:47.072335,164.175,can0  204  [16]  28 58 C8 44 46 2A 92 4F 4C 1D 30 75 30 75 00 00
2026-03-15T14:11:47.074924,164.177,can0  206  [24]  93 0C A1 05 7F 0C C5 EF 92 05 97 0C 73 0C 00 00 00 00 00 00 00 00 00 00
2026-03-15T14:11:47.075009,164.177,can0  204  [16]  28 58 C8 44 46 2A 92 4F 4C 1D 30 75 30 75 00 00
2026-03-15T14:11:47.179837,164.282,can0  204  [16]  28 58 C8 44 60 2A 2B 4F 4C 1D 30 75 30 75 00 00
2026-03-15T14:11:47.181519,164.284,can0  070  [20]  EE 2A 4D 08 E4 B0 62 03 B0 B3 00 00 0B 15 00 00 24 00 00 00
2026-03-15T14:11:47.182958,164.285,can0  040  [04]  4D 00 07 00
2026-03-15T14:11:47.183035,164.285,can0  041  [04]  CC 00 06 00
2026-03-15T14:11:47.183670,164.286,can0  204  [16]  28 58 C8 44 60 2A 2B 4F 4C 1D 30 75 30 75 00 00
2026-03-15T14:11:47.301009,164.403,can0  040  [04]  4D 00 07 00
2026-03-15T14:11:47.301709,164.404,can0  204  [16]  28 58 CB 44 56 2A 9A 4F 4C 1D 30 75 30 75 00 00
2026-03-15T14:11:47.364929,164.467,can0  070  [20]  EE 2A 4D 08 E4 B0 62 03 B0 B3 00 00 0B 15 00 00 24 00 00 00
2026-03-15T14:11:47.366553,164.469,can0  060  [32]  00 00 00 00 00 00 00 00 00 00 00 00 00 00 00 00 00 00 00 00 00 00 00 00 00 00 00 00 00 00 00 00
2026-03-15T14:11:47.366651,164.469,can0  206  [24]  8F 0C AA 05 7B 0C C5 EF 90 05 93 0C 7B 0C 00 00 00 00 00 00 00 00 00 00
2026-03-15T14:11:47.366727,164.469,can0  204  [16]  28 58 CC 44 66 2A 87 4E 4C 1D 30 75 30 75 00 00
2026-03-15T14:11:47.366910,164.469,can0  204  [16]  28 58 CC 44 66 2A 87 4E 4C 1D 30 75 30 75 00 00
2026-03-15T14:11:47.475770,164.578,can0  040  [04]  47 00 08 00
2026-03-15T14:11:47.476543,164.579,can0  041  [04]  D8 00 08 00
2026-03-15T14:11:47.477651,164.580,can0  204  [16]  28 58 C9 44 58 2A 67 4F 4C 1D 30 75 30 75 00 00
2026-03-15T14:11:47.481239,164.584,can0  204  [16]  28 58 C9 44 58 2A 67 4F 4C 1D 30 75 30 75 00 00
2026-03-15T14:11:47.573009,164.675,can0  040  [04]  47 00 08 00
2026-03-15T14:11:47.574711,164.677,can0  070  [20]  EE 2A 4D 08 E4 B0 62 03 98 B7 00 00 0B 15 00 00 21 00 00 00
2026-03-15T14:11:47.575111,164.677,can0  206  [24]  87 0C A6 05 83 0C C5 EF 90 05 8B 0C 7F 0C 00 00 00 00 00 00 00 00 00 00
2026-03-15T14:11:47.575464,164.678,can0  204  [16]  28 58 C7 44 54 2A 10 4D 4C 1D 30 75 30 75 00 00
2026-03-15T14:11:47.576454,164.679,can0  070  [20]  EE 2A 4D 08 E4 B0 62 03 98 B7 00 00 0B 15 00 00 22 00 00 00
2026-03-15T14:11:47.672799,164.775,can0  204  [16]  28 58 C9 44 54 2A 1F 53 4C 1D 30 75 30 75 00 00
2026-03-15T14:11:47.673540,164.776,can0  100  [03]  DD 57 04
2026-03-15T14:11:47.674118,164.776,can0  120  [04]  00 00 00 00
2026-03-15T14:11:47.674537,164.777,can0  204  [16]  28 58 C9 44 54 2A 1F 53 4C 1D 30 75 30 75 00 00
2026-03-15T14:11:47.676048,164.778,can0  070  [20]  EE 2A 4D 08 E4 B0 62 03 98 B7 00 00 0B 15 00 00 22 00 00 00
2026-03-15T14:11:47.692976,164.795,can0  040  [04]  52 00 0B 00
2026-03-15T14:11:47.794784,164.897,can0  041  [04]  D4 00 09 00
2026-03-15T14:11:47.795141,164.898,can0  204  [16]  28 58 C8 44 58 2A 6C 51 4C 1D 30 75 30 75 00 00
2026-03-15T14:11:47.795936,164.898,can0  040  [04]  52 00 0B 00
2026-03-15T14:11:47.859082,164.961,can0  060  [32]  00 00 00 00 EE 2A 4D 08 39 06 B8 10 00 00 10 0E FF 01 00 00 00 00 00 00 01 00 00 00 00 00 00 00
2026-03-15T14:11:47.860031,164.962,can0  204  [16]  28 58 CB 44 5E 2A 0D 4F 4C 1D 30 75 30 75 00 00
2026-03-15T14:11:47.860406,164.963,can0  206  [24]  8F 0C A6 05 8F 0C C5 EF 8B 05 8B 0C 7B 0C 00 00 00 00 00 00 00 00 00 00
2026-03-15T14:11:47.860748,164.963,can0  204  [16]  28 58 CB 44 5E 2A 0D 4F 4C 1D 30 75 30 75 00 00
2026-03-15T14:11:47.958018,165.060,can0  204  [16]  28 58 CB 44 5C 2A D8 52 4C 1D 30 75 30 75 00 00
2026-03-15T14:11:47.958418,165.061,can0  041  [04]  E4 00 0A 00
2026-03-15T14:11:47.959021,165.061,can0  040  [04]  58 00 0C 00
2026-03-15T14:11:47.959436,165.062,can0  204  [16]  28 58 CB 44 5C 2A D8 52 4C 1D 30 75 30 75 00 00
2026-03-15T14:11:48.056706,165.159,can0  040  [04]  58 00 0C 00
2026-03-15T14:11:48.059935,165.162,can0  110  [02]  7B 1B
2026-03-15T14:11:48.060012,165.162,can0  204  [16]  28 58 CB 44 62 2A BF 52 4C 1D 30 75 30 75 00 00
2026-03-15T14:11:48.184392,165.287,can0  206  [24]  87 0C A3 05 7F 0C B6 EF 8E 05 93 0C 83 0C 00 00 00 00 00 00 00 00 00 00
2026-03-15T14:11:48.184780,165.287,can0  204  [16]  28 58 C7 44 58 2A 69 52 4C 1D 30 75 30 75 00 00
2026-03-15T14:11:48.185117,165.287,can0  204  [16]  28 58 C7 44 58 2A 69 52 4C 1D 30 75 30 75 00 00
2026-03-15T14:11:48.187021,165.289,can0  070  [20]  EE 2A 4D 08 E4 B0 62 03 98 B7 00 00 0B 15 00 00 22 00 00 00
2026-03-15T14:11:48.272668,165.375,can0  041  [04]  CD 00 0A 00
2026-03-15T14:11:48.273327,165.376,can0  040  [04]  52 00 0D 00
2026-03-15T14:11:48.275245,165.378,can0  204  [16]  28 58 C7 44 5A 2A 62 50 4C 1D 30 75 30 75 00 00
2026-03-15T14:11:48.275324,165.378,can0  070  [20]  EE 2A 4D 08 E4 B0 62 03 98 B7 00 00 0B 15 00 00 22 00 00 00
2026-03-15T14:11:48.276212,165.379,can0  040  [04]  52 00 0D 00
2026-03-15T14:11:48.279127,165.381,can0  204  [16]  28 58 C7 44 5A 2A 62 50 4C 1D 30 75 30 75 00 00
2026-03-15T14:11:48.372700,165.475,can0  060  [32]  00 00 00 00 00 00 00 00 00 00 00 00 00 00 00 00 00 00 00 00 00 00 00 00 00 00 00 00 00 00 00 00
2026-03-15T14:11:48.373063,165.475,can0  204  [16]  28 58 C9 44 50 2A 7E 50 4C 1D 30 75 30 75 00 00
2026-03-15T14:11:48.373490,165.476,can0  206  [24]  8F 0C A1 05 77 0C C5 EF 8B 05 9B 0C 7F 0C 00 00 00 00 00 00 00 00 00 00
2026-03-15T14:11:48.471937,165.574,can0  204  [16]  28 58 CB 44 60 2A B8 53 4C 1D 30 75 30 75 00 00
2026-03-15T14:11:48.472306,165.575,can0  204  [16]  28 58 CB 44 60 2A B8 53 4C 1D 30 75 30 75 00 00
2026-03-15T14:11:48.572566,165.675,can0  040  [04]  4C 00 0D 00
2026-03-15T14:11:48.573400,165.676,can0  041  [04]  BC 00 0B 00
2026-03-15T14:11:48.573488,165.676,can0  204  [16]  28 58 CB 44 60 2A B8 53 4C 1D 30 75 30 75 00 00
2026-03-15T14:11:48.575765,165.678,can0  040  [04]  4C 00 0D 00
2026-03-15T14:11:48.575893,165.678,can0  070  [20]  EE 2A 4D 08 E6 B0 62 03 80 BB 00 00 0B 15 00 00 07 00 00 00
2026-03-15T14:11:48.581713,165.684,can0  070  [20]  EE 2A 4D 08 E6 B0 62 03 80 BB 00 00 0B 15 00 00 08 00 00 00
2026-03-15T14:11:48.672341,165.775,can0  204  [16]  28 58 CA 44 6A 2A DA 53 4C 1D 30 75 30 75 00 00
2026-03-15T14:11:48.672733,165.775,can0  206  [24]  87 0C A6 05 83 0C C5 EF 8E 05 8F 0C 83 0C 00 00 00 00 00 00 00 00 00 00
2026-03-15T14:11:48.673060,165.775,can0  204  [16]  28 58 CA 44 6A 2A DA 53 4C 1D 30 75 30 75 00 00
2026-03-15T14:11:48.674449,165.777,can0  070  [20]  EE 2A 4D 08 E6 B0 62 03 80 BB 00 00 0B 15 00 00 08 00 00 00
2026-03-15T14:11:48.772508,165.875,can0  204  [16]  28 58 C9 44 3E 2A 4F 53 4C 1D 30 75 30 75 00 00
2026-03-15T14:11:48.773330,165.876,can0  040  [04]  4C 00 0D 00
2026-03-15T14:11:48.776453,165.879,can0  041  [04]  B5 00 0C 00
2026-03-15T14:11:48.776524,165.879,can0  204  [16]  28 58 C9 44 3E 2A 4F 53 4C 1D 30 75 30 75 00 00
2026-03-15T14:11:48.872452,165.975,can0  060  [32]  00 00 00 00 00 00 00 00 00 00 00 00 00 00 00 00 00 00 00 00 00 00 00 00 00 00 00 00 00 00 00 00
2026-03-15T14:11:48.873623,165.976,can0  060  [32]  00 00 00 00 EE 2A 4D 08 3B 06 B8 10 00 00 10 0E FF 01 00 00 00 00 00 00 01 00 00 00 00 00 00 00
2026-03-15T14:11:48.874757,165.977,can0  040  [04]  4C 00 0D 00
2026-03-15T14:11:48.876461,165.979,can0  100  [03]  D5 57 04
2026-03-15T14:11:48.876554,165.979,can0  204  [16]  28 58 CC 44 6C 2A 18 54 4C 1D 30 75 30 75 00 00
2026-03-15T14:11:48.876621,165.979,can0  120  [04]  00 00 00 00
2026-03-15T14:11:48.972655,166.075,can0  206  [24]  8F 0C AA 05 83 0C D5 EF 92 05 8B 0C 7B 0C 00 00 00 00 00 00 00 00 00 00
2026-03-15T14:11:48.973004,166.075,can0  204  [16]  28 58 CB 44 3C 2A 50 52 4C 1D 30 75 30 75 00 00
2026-03-15T14:11:48.973483,166.076,can0  204  [16]  28 58 CB 44 3C 2A 50 52 4C 1D 30 75 30 75 00 00
2026-03-15T14:11:49.072892,166.175,can0  040  [04]  52 00 0F 00
2026-03-15T14:11:49.073351,166.176,can0  204  [16]  28 58 CD 44 7A 2A 32 53 4C 1D 30 75 30 75 00 00
2026-03-15T14:11:49.074286,166.177,can0  041  [04]  B5 00 0A 00
2026-03-15T14:11:49.077062,166.179,can0  040  [04]  52 00 0F 00
2026-03-15T14:11:49.077195,166.180,can0  204  [16]  28 58 CD 44 7A 2A 32 53 4C 1D 30 75 30 75 00 00
2026-03-15T14:11:49.172806,166.275,can0  204  [16]  28 58 C9 44 42 2A A7 4E 4C 1D 30 75 30 75 00 00
2026-03-15T14:11:49.173365,166.276,can0  206  [24]  8F 0C 9F 05 7F 0C D5 EF 90 05 93 0C 7B 0C 00 00 00 00 00 00 00 00 00 00
2026-03-15T14:11:49.174709,166.277,can0  070  [20]  EE 2A 4D 08 E6 B0 62 03 80 BB 00 00 0B 15 00 00 08 00 00 00
2026-03-15T14:11:49.271962,166.374,can0  204  [16]  28 58 C7 44 68 2A D4 4F 4C 1D 30 75 30 75 00 00
2026-03-15T14:11:49.272421,166.375,can0  204  [16]  28 58 C7 44 68 2A D4 4F 4C 1D 30 75 30 75 00 00
2026-03-15T14:11:49.372614,166.475,can0  041  [04]  B5 00 09 00
2026-03-15T14:11:49.374065,166.476,can0  070  [20]  EE 2A 4D 08 E6 B0 62 03 80 BB 00 00 0B 15 00 00 08 00 00 00
2026-03-15T14:11:49.374899,166.477,can0  040  [04]  51 00 0E 00
2026-03-15T14:11:49.375291,166.478,can0  060  [32]  00 00 00 00 00 00 00 00 00 00 00 00 00 00 00 00 00 00 00 00 00 00 00 00 00 00 00 00 00 00 00 00
2026-03-15T14:11:49.376072,166.478,can0  204  [16]  28 58 C8 44 42 2A 68 50 4C 1D 30 75 30 75 00 00
2026-03-15T14:11:49.376766,166.479,can0  040  [04]  51 00 0E 00
2026-03-15T14:11:49.379586,166.482,can0  204  [16]  28 58 C8 44 42 2A 68 50 4C 1D 30 75 30 75 00 00
2026-03-15T14:11:49.472034,166.574,can0  206  [24]  77 0C A3 05 87 0C C5 EF 92 05 8F 0C 8F 0C 00 00 00 00 00 00 00 00 00 00
2026-03-15T14:11:49.472431,166.575,can0  204  [16]  28 58 CC 44 78 2A 8B 4F 4C 1D 30 75 30 75 00 00
2026-03-15T14:11:49.571995,166.674,can0  204  [16]  28 58 CC 44 78 2A 8B 4F 4C 1D 30 75 30 75 00 00
2026-03-15T14:11:49.573476,166.676,can0  070  [20]  EE 2A 4D 08 E6 B0 62 03 68 BF 00 00 0B 15 00 00 36 00 00 00
2026-03-15T14:11:49.574277,166.677,can0  040  [04]  3B 00 0E 00
2026-03-15T14:11:49.574661,166.677,can0  041  [04]  B5 00 06 00
2026-03-15T14:11:49.574982,166.677,can0  204  [16]  28 58 CE 44 44 2A 58 54 4C 1D 30 75 30 75 00 00
2026-03-15T14:11:49.576614,166.679,can0  070  [20]  EE 2A 4D 08 E6 B0 62 03 68 BF 00 00 0B 15 00 00 35 00 00 00
2026-03-15T14:11:49.672840,166.775,can0  040  [04]  3B 00 0E 00
2026-03-15T14:11:49.673913,166.776,can0  204  [16]  28 58 CC 44 68 2A 7A 52 4C 1D 30 75 30 75 00 00
2026-03-15T14:11:49.674009,166.776,can0  110  [02]  7B 1B
2026-03-15T14:11:49.675517,166.778,can0  070  [20]  EE 2A 4D 08 E6 B0 62 03 68 BF 00 00 0B 15 00 00 35 00 00 00
2026-03-15T14:11:49.772782,166.875,can0  206  [24]  8B 0C AA 05 7B 0C C5 EF 94 05 87 0C 7F 0C 00 00 00 00 00 00 00 00 00 00
2026-03-15T14:11:49.773174,166.876,can0  204  [16]  28 58 C8 44 48 2A 9F 4F 4C 1D 30 75 30 75 00 00
2026-03-15T14:11:49.773585,166.876,can0  204  [16]  28 58 C8 44 48 2A 9F 4F 4C 1D 30 75 30 75 00 00
2026-03-15T14:11:49.872932,166.975,can0  060  [32]  00 00 00 00 EE 2A 4D 08 3B 06 B8 10 00 00 10 0E FF 01 00 00 00 00 00 00 01 00 00 00 00 00 00 00
2026-03-15T14:11:49.873955,166.976,can0  040  [04]  3B 00 0E 00
2026-03-15T14:11:49.874421,166.977,can0  204  [16]  28 58 C5 44 5E 2A 21 51 4C 1D 30 75 30 75 00 00
2026-03-15T14:11:49.874947,166.977,can0  041  [04]  F8 00 04 00
2026-03-15T14:11:49.875355,166.978,can0  204  [16]  28 58 C5 44 5E 2A 21 51 4C 1D 30 75 30 75 00 00
2026-03-15T14:11:49.875920,166.978,can0  040  [04]  3B 00 0E 00
2026-03-15T14:11:49.972212,167.075,can0  204  [16]  28 58 C5 44 48 2A 05 54 4C 1D 30 75 30 75 00 00
2026-03-15T14:11:49.972564,167.075,can0  206  [24]  8F 0C A6 05 77 0C D5 EF 90 05 A3 0C 7B 0C 00 00 00 00 00 00 00 00 00 00
2026-03-15T14:11:50.072661,167.175,can0  204  [16]  28 58 C8 44 5E 2A F6 53 4C 1D 30 75 30 75 00 00
2026-03-15T14:11:50.073433,167.176,can0  100  [03]  CE 57 04
2026-03-15T14:11:50.074020,167.176,can0  120  [04]  00 00 00 00
2026-03-15T14:11:50.074408,167.177,can0  204  [16]  28 58 C8 44 5E 2A F6 53 4C 1D 30 75 30 75 00 00
2026-03-15T14:11:50.075216,167.178,can0  040  [04]  42 00 0F 00
2026-03-15T14:11:50.172824,167.275,can0  041  [04]  FF 00 05 00
2026-03-15T14:11:50.180434,167.283,can0  204  [16]  28 58 CA 44 58 2A 3F 4F 4C 1D 30 75 30 75 00 00
2026-03-15T14:11:50.181455,167.284,can0  040  [04]  42 00 0F 00
2026-03-15T14:11:50.182801,167.285,can0  070  [20]  EE 2A 4D 08 E6 B0 62 03 68 BF 00 00 0B 15 00 00 35 00 00 00
2026-03-15T14:11:50.184073,167.286,can0  204  [16]  28 58 CA 44 58 2A 3F 4F 4C 1D 30 75 30 75 00 00
2026-03-15T14:11:50.276240,167.379,can0  206  [24]  8F 0C AA 05 7B 0C E4 EF 90 05 97 0C 7B 0C 00 00 00 00 00 00 00 00 00 00
2026-03-15T14:11:50.276608,167.379,can0  204  [16]  28 58 C7 44 5E 2A A9 50 4C 1D 30 75 30 75 00 00
2026-03-15T14:11:50.278007,167.380,can0  070  [20]  EE 2A 4D 08 E6 B0 62 03 68 BF 00 00 0B 15 00 00 35 00 00 00
2026-03-15T14:11:50.372786,167.475,can0  204  [16]  28 58 C6 44 62 2A 94 4F 4C 1D 30 75 30 75 00 00
2026-03-15T14:11:50.373083,167.475,can0  060  [32]  00 00 00 00 00 00 00 00 00 00 00 00 00 00 00 00 00 00 00 00 00 00 00 00 00 00 00 00 00 00 00 00
2026-03-15T14:11:50.373409,167.476,can0  041  [04]  10 01 05 00
2026-03-15T14:11:50.374121,167.476,can0  040  [04]  3B 00 0E 00
2026-03-15T14:11:50.377115,167.479,can0  204  [16]  28 58 C6 44 62 2A 94 4F 4C 1D 30 75 30 75 00 00
2026-03-15T14:11:50.472431,167.575,can0  040  [04]  3B 00 0E 00
2026-03-15T14:11:50.472896,167.575,can0  204  [16]  28 58 C7 44 40 2A 1A 50 4C 1D 30 75 30 75 00 00
2026-03-15T14:11:50.473358,167.576,can0  206  [24]  87 0C A3 05 7F 0C C5 EF 90 05 8F 0C 83 0C 00 00 00 00 00 00 00 00 00 00
2026-03-15T14:11:50.473821,167.576,can0  204  [16]  28 58 C7 44 40 2A 1A 50 4C 1D 30 75 30 75 00 00
2026-03-15T14:11:50.572439,167.675,can0  204  [16]  28 58 C9 44 68 2A 62 54 4C 1D 30 75 30 75 00 00
2026-03-15T14:11:50.573901,167.676,can0  070  [20]  EE 2A 4D 08 E4 B0 62 03 50 C3 00 00 0B 15 00 00 2B 00 00 00
2026-03-15T14:11:50.574808,167.677,can0  070  [20]  EE 2A 4D 08 E4 B0 62 03 50 C3 00 00 0B 15 00 00 2B 00 00 00
2026-03-15T14:11:50.672017,167.774,can0  204  [16]  28 58 C8 44 44 2A 31 51 4C 1D 30 75 30 75 00 00
2026-03-15T14:11:50.673038,167.775,can0  041  [04]  10 01 06 00
2026-03-15T14:11:50.673118,167.775,can0  040  [04]  32 00 0D 00
2026-03-15T14:11:50.674702,167.777,can0  070  [20]  EE 2A 4D 08 E4 B0 62 03 50 C3 00 00 0B 15 00 00 2B 00 00 00
2026-03-15T14:11:50.675587,167.778,can0  040  [04]  32 00 0D 00
2026-03-15T14:11:50.678856,167.781,can0  204  [16]  28 58 C8 44 44 2A 31 51 4C 1D 30 75 30 75 00 00
2026-03-15T14:11:50.772811,167.875,can0  204  [16]  28 58 C8 44 5A 2A 55 51 4C 1D 30 75 30 75 00 00
2026-03-15T14:11:50.773262,167.876,can0  206  [24]  8B 0C A6 05 7B 0C C5 EF 92 05 97 0C 7F 0C 00 00 00 00 00 00 00 00 00 00
2026-03-15T14:11:50.872577,167.975,can0  204  [16]  28 58 C9 44 44 2A D0 51 4C 1D 30 75 30 75 00 00
2026-03-15T14:11:50.872876,167.975,can0  060  [32]  00 00 00 00 00 00 00 00 00 00 00 00 00 00 00 00 00 00 00 00 00 00 00 00 00 00 00 00 00 00 00 00
2026-03-15T14:11:50.874026,167.976,can0  060  [32]  00 00 00 00 EE 2A 4D 08 39 06 B8 10 00 00 10 0E FF 01 00 00 00 00 00 00 01 00 00 00 00 00 00 00
2026-03-15T14:11:50.874964,167.977,can0  204  [16]  28 58 C9 44 44 2A D0 51 4C 1D 30 75 30 75 00 00
2026-03-15T14:11:50.875895,167.978,can0  040  [04]  32 00 0D 00
2026-03-15T14:11:50.879367,167.982,can0  041  [04]  10 01 07 00
2026-03-15T14:11:50.972542,168.075,can0  204  [16]  28 58 C7 44 56 2A 8A 51 4C 1D 30 75 30 75 00 00
2026-03-15T14:11:50.973752,168.076,can0  040  [04]  32 00 0D 00
2026-03-15T14:11:50.973849,168.076,can0  204  [16]  28 58 C7 44 56 2A 8A 51 4C 1D 30 75 30 75 00 00
2026-03-15T14:11:51.072386,168.175,can0  206  [24]  8B 0C A8 05 7B 0C D5 EF 8E 05 93 0C 7F 0C 00 00 00 00 00 00 00 00 00 00
2026-03-15T14:11:51.072749,168.175,can0  204  [16]  28 58 C8 44 5E 2A 7B 51 4C 1D 30 75 30 75 00 00
2026-03-15T14:11:51.172561,168.275,can0  204  [16]  28 58 C9 44 40 2A 80 51 4C 1D 30 75 30 75 00 00
2026-03-15T14:11:51.173428,168.276,can0  040  [04]  2F 00 0C 00
2026-03-15T14:11:51.173965,168.276,can0  041  [04]  10 01 07 00
2026-03-15T14:11:51.176230,168.279,can0  204  [16]  28 58 C9 44 40 2A 80 51 4C 1D 30 75 30 75 00 00
2026-03-15T14:11:51.176346,168.279,can0  070  [20]  EE 2A 4D 08 E4 B0 62 03 50 C3 00 00 0B 15 00 00 2B 00 00 00
2026-03-15T14:11:51.272900,168.375,can0  040  [04]  2F 00 0C 00
2026-03-15T14:11:51.274279,168.377,can0  204  [16]  28 58 C8 44 56 2A 95 50 4C 1D 30 75 30 75 00 00
2026-03-15T14:11:51.274379,168.377,can0  100  [03]  CB 57 04
2026-03-15T14:11:51.274674,168.377,can0  110  [02]  7C 1B
2026-03-15T14:11:51.275766,168.378,can0  120  [04]  00 00 00 00
2026-03-15T14:11:51.275862,168.378,can0  204  [16]  28 58 C8 44 56 2A 95 50 4C 1D 30 75 30 75 00 00
2026-03-15T14:11:51.276230,168.379,can0  206  [24]  93 0C AA 05 7F 0C C5 EF 87 05 8B 0C 77 0C 00 00 00 00 00 00 00 00 00 00
2026-03-15T14:11:51.373543,168.476,can0  070  [20]  EE 2A 4D 08 E4 B0 62 03 50 C3 00 00 0B 15 00 00 2B 00 00 00
2026-03-15T14:11:51.374206,168.477,can0  204  [16]  28 58 C5 44 56 2A E9 50 4C 1D 30 75 30 75 00 00
2026-03-15T14:11:51.472359,168.575,can0  204  [16]  28 58 C7 44 5C 2A DF 51 4C 1D 30 75 30 75 00 00
2026-03-15T14:11:51.473126,168.575,can0  040  [04]  24 00 0E 00
2026-03-15T14:11:51.473488,168.576,can0  041  [04]  10 01 07 00
2026-03-15T14:11:51.477023,168.579,can0  204  [16]  28 58 C7 44 5C 2A DF 51 4C 1D 30 75 30 75 00 00
2026-03-15T14:11:51.477095,168.580,can0  040  [04]  24 00 0E 00
2026-03-15T14:11:51.571929,168.674,can0  204  [16]  28 58 C7 44 5C 2A DF 51 4C 1D 30 75 30 75 00 00
2026-03-15T14:11:51.572316,168.675,can0  206  [24]  87 0C A3 05 7B 0C C5 EF 8B 05 93 0C 83 0C 00 00 00 00 00 00 00 00 00 00
2026-03-15T14:11:51.573465,168.676,can0  070  [20]  EE 2A 4D 08 E4 B0 62 03 38 C7 00 00 0B 15 00 00 2E 00 00 00
2026-03-15T14:11:51.574874,168.677,can0  070  [20]  EE 2A 4D 08 E4 B0 62 03 38 C7 00 00 0B 15 00 00 2E 00 00 00
2026-03-15T14:11:51.575251,168.678,can0  204  [16]  28 58 CF 44 5E 2A 0B 52 4C 1D 30 75 30 75 00 00
2026-03-15T14:11:51.672238,168.775,can0  204  [16]  28 58 D0 44 56 2A 1D 52 4C 1D 30 75 30 75 00 00
2026-03-15T14:11:51.673486,168.776,can0  070  [20]  EE 2A 4D 08 E4 B0 62 03 38 C7 00 00 0B 15 00 00 2E 00 00 00
2026-03-15T14:11:51.673988,168.776,can0  041  [04]  08 01 08 00
2026-03-15T14:11:51.674793,168.777,can0  040  [04]  21 00 0E 00
2026-03-15T14:11:51.772640,168.875,can0  204  [16]  28 58 CA 44 50 2A 23 51 4C 1D 30 75 30 75 00 00
2026-03-15T14:11:51.773591,168.876,can0  040  [04]  21 00 0E 00
2026-03-15T14:11:51.773997,168.876,can0  204  [16]  28 58 CA 44 50 2A 23 51 4C 1D 30 75 30 75 00 00
2026-03-15T14:11:51.872197,168.975,can0  206  [24]  87 0C A3 05 7B 0C C5 EF 90 05 9B 0C 7F 0C 00 00 00 00 00 00 00 00 00 00
2026-03-15T14:11:51.872519,168.975,can0  204  [16]  28 58 C4 44 3C 2A 7D 51 4C 1D 30 75 30 75 00 00
2026-03-15T14:11:51.873529,168.976,can0  060  [32]  7C CF 92 01 5F AB 4D 08 CB CC 61 03 77 00 B7 02 4B 00 89 00 00 00 00 00 02 00 00 00 00 00 00 00
2026-03-15T14:11:51.874792,168.977,can0  060  [32]  00 00 00 00 EE 2A 4D 08 39 06 B8 10 00 00 10 0E FF 01 00 00 00 00 00 01 02 00 00 00 00 00 00 00
2026-03-15T14:11:51.875352,168.978,can0  204  [16]  28 58 C4 44 3C 2A 7D 51 4C 1D 30 75 30 75 00 00
2026-03-15T14:11:51.972173,169.075,can0  204  [16]  28 58 C2 44 56 2A D0 50 4C 1D 30 75 30 75 00 00
2026-03-15T14:11:51.972957,169.075,can0  040  [04]  1A 00 10 00
2026-03-15T14:11:51.975866,169.078,can0  041  [04]  06 01 07 00
2026-03-15T14:11:52.072676,169.175,can0  040  [04]  1A 00 10 00
2026-03-15T14:11:52.073108,169.175,can0  204  [16]  28 58 C7 44 4A 2A 51 4F 4C 1D 30 75 30 75 00 00
2026-03-15T14:11:52.073503,169.176,can0  204  [16]  28 58 C7 44 4A 2A 51 4F 4C 1D 30 75 30 75 00 00
2026-03-15T14:11:52.076109,169.178,can0  206  [24]  83 0C A6 05 73 0C D5 EF 8B 05 AB 0C 83 0C 00 00 00 00 00 00 00 00 00 00
2026-03-15T14:11:52.172602,169.275,can0  204  [16]  28 58 CA 44 58 2A D5 4E 4C 1D 30 75 30 75 00 00
2026-03-15T14:11:52.174094,169.276,can0  070  [20]  EE 2A 4D 08 E4 B0 62 03 38 C7 00 00 0B 15 00 00 2E 00 00 00
2026-03-15T14:11:52.272736,169.375,can0  204  [16]  28 58 CC 44 4E 2A 92 4F 4C 1D 30 75 30 75 00 00
2026-03-15T14:11:52.273647,169.376,can0  040  [04]  1F 00 10 00
2026-03-15T14:11:52.274004,169.376,can0  041  [04]  06 01 06 00
2026-03-15T14:11:52.275813,169.378,can0  204  [16]  28 58 CC 44 4E 2A 92 4F 4C 1D 30 75 30 75 00 00
2026-03-15T14:11:52.275876,169.378,can0  070  [20]  EE 2A 4D 08 E4 B0 62 03 38 C7 00 00 0B 15 00 00 2E 00 00 00
2026-03-15T14:11:52.276777,169.379,can0  040  [04]  1F 00 10 00
2026-03-15T14:11:52.372812,169.475,can0  204  [16]  28 58 C8 44 58 2A 0B 50 4C 1D 30 75 30 75 00 00
2026-03-15T14:11:52.373085,169.475,can0  206  [24]  8B 0C A3 05 7B 0C D5 EF 92 05 97 0C 7F 0C 00 00 00 00 00 00 00 00 00 00
2026-03-15T14:11:52.373395,169.476,can0  060  [32]  00 00 00 00 00 00 00 00 00 00 00 00 00 00 00 00 00 00 00 00 00 00 00 00 00 00 00 00 00 00 00 00
2026-03-15T14:11:52.373634,169.476,can0  204  [16]  28 58 C8 44 58 2A 0B 50 4C 1D 30 75 30 75 00 00
2026-03-15T14:11:52.472612,169.575,can0  204  [16]  28 58 C4 44 50 2A 78 50 4C 1D 30 75 30 75 00 00
2026-03-15T14:11:52.473316,169.576,can0  100  [03]  CA 57 04
2026-03-15T14:11:52.473898,169.576,can0  120  [04]  00 00 00 00
2026-03-15T14:11:52.474727,169.577,can0  040  [04]  1A 00 0F 00
2026-03-15T14:11:52.477377,169.580,can0  041  [04]  FD 00 06 00
2026-03-15T14:11:52.572189,169.675,can0  204  [16]  28 58 C4 44 50 2A 78 50 4C 1D 30 75 30 75 00 00
2026-03-15T14:11:52.572996,169.675,can0  040  [04]  1A 00 0F 00
2026-03-15T14:11:52.574758,169.677,can0  070  [20]  EE 2A 4D 08 E4 B0 62 03 20 CB 00 00 0B 15 00 00 14 00 00 00
2026-03-15T14:11:52.575047,169.677,can0  204  [16]  28 58 C7 44 4C 2A 15 50 4C 1D 30 75 30 75 00 00
2026-03-15T14:11:52.576123,169.678,can0  070  [20]  EE 2A 4D 08 E4 B0 62 03 20 CB 00 00 0B 15 00 00 15 00 00 00
2026-03-15T14:11:52.672437,169.775,can0  206  [24]  8F 0C A6 05 7F 0C B6 EF 92 05 97 0C 77 0C 00 00 00 00 00 00 00 00 00 00
2026-03-15T14:11:52.672698,169.775,can0  204  [16]  28 58 C8 44 6C 2A 66 4F 4C 1D 30 75 30 75 00 00
2026-03-15T14:11:52.673920,169.776,can0  070  [20]  EE 2A 4D 08 E4 B0 62 03 20 CB 00 00 0B 15 00 00 15 00 00 00
2026-03-15T14:11:52.674399,169.777,can0  204  [16]  28 58 C8 44 6C 2A 66 4F 4C 1D 30 75 30 75 00 00
2026-03-15T14:11:52.772733,169.875,can0  204  [16]  28 58 CB 44 4A 2A 74 4F 4C 1D 30 75 30 75 00 00
2026-03-15T14:11:52.773800,169.876,can0  041  [04]  00 01 07 00
2026-03-15T14:11:52.773869,169.876,can0  040  [04]  1D 00 0E 00
2026-03-15T14:11:52.876345,169.979,can0  040  [04]  1D 00 0E 00
2026-03-15T14:11:52.877189,169.980,can0  204  [16]  28 58 C9 44 6A 2A DD 4E 4C 1D 30 75 30 75 00 00
2026-03-15T14:11:52.877469,169.980,can0  110  [02]  7D 1B
2026-03-15T14:11:52.879292,169.982,can0  060  [32]  00 00 00 00 EE 2A 4D 08 39 06 B8 10 00 00 10 0E FF 01 00 00 00 00 00 00 01 00 00 00 00 00 00 00
2026-03-15T14:11:52.880071,169.982,can0  204  [16]  28 58 C9 44 6A 2A DD 4E 4C 1D 30 75 30 75 00 00
2026-03-15T14:11:52.882729,169.985,can0  206  [24]  8B 0C A6 05 77 0C C5 EF 92 05 93 0C 7F 0C 00 00 00 00 00 00 00 00 00 00
2026-03-15T14:11:52.979221,170.082,can0  204  [16]  28 58 CA 44 44 2A 73 50 4C 1D 30 75 30 75 00 00
2026-03-15T14:11:53.072163,170.175,can0  204  [16]  28 58 C9 44 62 2A 3B 4F 4C 1D 30 75 30 75 00 00
2026-03-15T14:11:53.072522,170.175,can0  041  [04]  ED 00 06 00
2026-03-15T14:11:53.073245,170.176,can0  040  [04]  2C 00 02 00
2026-03-15T14:11:53.073537,170.176,can0  204  [16]  28 58 C9 44 62 2A 3B 4F 4C 1D 30 75 30 75 00 00
2026-03-15T14:11:53.074102,170.176,can0  040  [04]  2C 00 02 00
2026-03-15T14:11:53.172608,170.275,can0  204  [16]  28 58 CA 44 58 2A 9A 4F 4C 1D 30 75 30 75 00 00
2026-03-15T14:11:53.172985,170.275,can0  206  [24]  7F 0C A8 05 7F 0C C5 EF 8E 05 97 0C 8B 0C 00 00 00 00 00 00 00 00 00 00
2026-03-15T14:11:53.174343,170.277,can0  070  [20]  EE 2A 4D 08 E4 B0 62 03 20 CB 00 00 0B 15 00 00 15 00 00 00
2026-03-15T14:11:53.174725,170.277,can0  204  [16]  28 58 CA 44 58 2A 9A 4F 4C 1D 30 75 30 75 00 00
2026-03-15T14:11:53.272057,170.374,can0  204  [16]  28 58 CB 44 56 2A CA 50 4C 1D 30 75 30 75 00 00
2026-03-15T14:11:53.272832,170.375,can0  040  [04]  58 00 00 00
2026-03-15T14:11:53.273991,170.376,can0  041  [04]  F8 00 04 00
2026-03-15T14:11:53.373139,170.476,can0  070  [20]  EE 2A 4D 08 E4 B0 62 03 20 CB 00 00 0B 15 00 00 15 00 00 00
2026-03-15T14:11:53.373576,170.476,can0  204  [16]  28 58 C9 44 5E 2A 3D 51 4C 1D 30 75 30 75 00 00
2026-03-15T14:11:53.374424,170.477,can0  040  [04]  58 00 00 00
2026-03-15T14:11:53.377823,170.480,can0  204  [16]  28 58 C9 44 5E 2A 3D 51 4C 1D 30 75 30 75 00 00
2026-03-15T14:11:53.377888,170.480,can0  060  [32]  00 00 00 00 00 00 00 00 00 00 00 00 00 00 00 00 00 00 00 00 00 00 00 00 00 00 00 00 00 00 00 00
2026-03-15T14:11:53.472621,170.575,can0  206  [24]  87 0C A6 05 7B 0C C5 EF 92 05 8F 0C 83 0C 00 00 00 00 00 00 00 00 00 00
2026-03-15T14:11:53.473017,170.575,can0  204  [16]  28 58 C8 44 56 2A F8 50 4C 1D 30 75 30 75 00 00
2026-03-15T14:11:53.473285,170.576,can0  204  [16]  28 58 C8 44 56 2A F8 50 4C 1D 30 75 30 75 00 00
2026-03-15T14:11:53.572908,170.675,can0  070  [20]  EE 2A 4D 08 E4 B0 62 03 08 CF 00 00 0B 15 00 00 09 00 00 00
2026-03-15T14:11:53.574050,170.676,can0  040  [04]  A0 00 04 00
2026-03-15T14:11:53.574742,170.677,can0  204  [16]  28 58 C6 44 58 2A 36 4E 4C 1D 30 75 30 75 00 00
2026-03-15T14:11:53.575215,170.678,can0  041  [04]  F8 00 06 00
2026-03-15T14:11:53.576393,170.679,can0  070  [20]  EE 2A 4D 08 E4 B0 62 03 08 CF 00 00 0B 15 00 00 09 00 00 00
2026-03-15T14:11:53.672305,170.775,can0  040  [04]  A0 00 04 00
2026-03-15T14:11:53.672643,170.775,can0  204  [16]  28 58 C6 44 54 2A A4 4F 4C 1D 30 75 30 75 00 00
2026-03-15T14:11:53.673823,170.776,can0  100  [03]  CA 57 04
2026-03-15T14:11:53.674481,170.777,can0  120  [04]  00 00 00 00
2026-03-15T14:11:53.674844,170.777,can0  204  [16]  28 58 C6 44 54 2A A4 4F 4C 1D 30 75 30 75 00 00
2026-03-15T14:11:53.676054,170.778,can0  070  [20]  EE 2A 4D 08 E4 B0 62 03 08 CF 00 00 0B 15 00 00 09 00 00 00
2026-03-15T14:11:53.676454,170.779,can0  206  [24]  8B 0C A1 05 83 0C C5 EF 8E 05 9F 0C 7B 0C 00 00 00 00 00 00 00 00 00 00
2026-03-15T14:11:53.772303,170.875,can0  204  [16]  28 58 CA 44 60 2A 18 50 4C 1D 30 75 30 75 00 00
2026-03-15T14:11:53.772631,170.875,can0  204  [16]  28 58 CA 44 60 2A 18 50 4C 1D 30 75 30 75 00 00
2026-03-15T14:11:53.872630,170.975,can0  040  [04]  99 00 02 00
2026-03-15T14:11:53.873047,170.975,can0  041  [04]  ED 00 06 00
2026-03-15T14:11:53.873488,170.976,can0  204  [16]  28 58 C9 44 5E 2A 98 4F 4C 1D 30 75 30 75 00 00
2026-03-15T14:11:53.876025,170.978,can0  060  [32]  00 00 00 00 00 00 00 00 00 00 00 00 00 00 00 00 00 00 00 00 00 00 00 00 00 00 00 00 00 00 00 00
2026-03-15T14:11:53.876097,170.978,can0  040  [04]  99 00 02 00
2026-03-15T14:11:53.876136,170.979,can0  060  [32]  00 00 00 00 EE 2A 4D 08 39 06 B8 10 00 00 10 0E FF 01 00 00 00 00 00 00 01 00 00 00 00 00 00 00
2026-03-15T14:11:53.972297,171.075,can0  204  [16]  28 58 C8 44 6C 2A 30 4F 4C 1D 30 75 30 75 00 00
2026-03-15T14:11:53.972564,171.075,can0  206  [24]  8B 0C A3 05 7F 0C F4 EF 8E 05 97 0C 7B 0C 00 00 00 00 00 00 00 00 00 00
2026-03-15T14:11:53.972778,171.075,can0  204  [16]  28 58 C8 44 6C 2A 30 4F 4C 1D 30 75 30 75 00 00
2026-03-15T14:11:54.072625,171.175,can0  204  [16]  28 58 C9 44 50 2A 06 4E 4C 1D 30 75 30 75 00 00
2026-03-15T14:11:54.072841,171.175,can0  041  [04]  F0 00 04 00
2026-03-15T14:11:54.073641,171.176,can0  040  [04]  B3 00 00 00
2026-03-15T14:11:54.073924,171.176,can0  204  [16]  28 58 C9 44 50 2A 06 4E 4C 1D 30 75 30 75 00 00
2026-03-15T14:11:54.172793,171.275,can0  040  [04]  B3 00 00 00
2026-03-15T14:11:54.173380,171.276,can0  204  [16]  28 58 C9 44 48 2A 83 4D 4C 1D 30 75 30 75 00 00
2026-03-15T14:11:54.174989,171.277,can0  070  [20]  EE 2A 4D 08 E4 B0 62 03 08 CF 00 00 0B 15 00 00 09 00 00 00
2026-03-15T14:11:54.271984,171.374,can0  206  [24]  87 0C A3 05 7F 0C C5 EF 90 05 8B 0C 87 0C 00 00 00 00 00 00 00 00 00 00
2026-03-15T14:11:54.272268,171.375,can0  204  [16]  28 58 CE 44 5E 2A 6E 4E 4C 1D 30 75 30 75 00 00
2026-03-15T14:11:54.272496,171.375,can0  204  [16]  28 58 CE 44 5E 2A 6E 4E 4C 1D 30 75 30 75 00 00
2026-03-15T14:11:54.275934,171.378,can0  070  [20]  EE 2A 4D 08 E4 B0 62 03 08 CF 00 00 0B 15 00 00 09 00 00 00
2026-03-15T14:11:54.371957,171.474,can0  204  [16]  28 58 C9 44 54 2A 7F 4E 4C 1D 30 75 30 75 00 00
2026-03-15T14:11:54.372832,171.475,can0  040  [04]  B3 00 00 00
2026-03-15T14:11:54.373639,171.476,can0  041  [04]  E4 00 02 00
2026-03-15T14:11:54.373745,171.476,can0  060  [32]  00 00 00 00 00 00 00 00 00 00 00 00 00 00 00 00 00 00 00 00 00 00 00 00 00 00 00 00 00 00 00 00
2026-03-15T14:11:54.374728,171.477,can0  040  [04]  B3 00 00 00
2026-03-15T14:11:54.472807,171.575,can0  204  [16]  28 58 C9 44 6A 2A EB 4E 4C 1D 30 75 30 75 00 00
2026-03-15T14:11:54.472999,171.575,can0  110  [02]  7D 1B
2026-03-15T14:11:54.473213,171.576,can0  204  [16]  28 58 C9 44 6A 2A EB 4E 4C 1D 30 75 30 75 00 00
2026-03-15T14:11:54.473490,171.576,can0  206  [24]  8F 0C A6 05 7B 0C D5 EF 94 05 A7 0C 77 0C 00 00 00 00 00 00 00 00 00 00
2026-03-15T14:11:54.572470,171.675,can0  204  [16]  28 58 C9 44 6A 2A EB 4E 4C 1D 30 75 30 75 00 00
2026-03-15T14:11:54.574134,171.677,can0  070  [20]  EE 2A 4D 08 E3 B0 62 03 F0 D2 00 00 0B 15 00 00 13 00 00 00
2026-03-15T14:11:54.575014,171.677,can0  070  [20]  EE 2A 4D 08 E3 B0 62 03 F0 D2 00 00 0B 15 00 00 12 00 00 00
2026-03-15T14:11:54.575659,171.678,can0  204  [16]  28 58 C5 44 5E 2A 77 4F 4C 1D 30 75 30 75 00 00
2026-03-15T14:11:54.672891,171.775,can0  040  [04]  87 00 00 00
2026-03-15T14:11:54.673284,171.776,can0  041  [04]  F8 00 02 00
2026-03-15T14:11:54.673678,171.776,can0  204  [16]  28 58 C9 44 5C 2A DB 4E 4C 1D 30 75 30 75 00 00
2026-03-15T14:11:54.675210,171.778,can0  070  [20]  EE 2A 4D 08 E3 B0 62 03 F0 D2 00 00 0B 15 00 00 12 00 00 00
2026-03-15T14:11:54.676160,171.779,can0  040  [04]  87 00 00 00
2026-03-15T14:11:54.772351,171.875,can0  204  [16]  28 58 CC 44 5C 2A 66 4E 4C 1D 30 75 30 75 00 00
2026-03-15T14:11:54.772720,171.875,can0  206  [24]  83 0C A6 05 7F 0C C5 EF 90 05 93 0C 83 0C 00 00 00 00 00 00 00 00 00 00
2026-03-15T14:11:54.773027,171.875,can0  204  [16]  28 58 CC 44 5C 2A 66 4E 4C 1D 30 75 30 75 00 00
2026-03-15T14:11:54.872770,171.975,can0  204  [16]  28 58 CB 44 64 2A 19 4F 4C 1D 30 75 30 75 00 00
2026-03-15T14:11:54.873510,171.976,can0  100  [03]  CC 57 04
2026-03-15T14:11:54.874086,171.976,can0  120  [04]  00 00 00 00
2026-03-15T14:11:54.874993,171.977,can0  040  [04]  58 00 02 00
2026-03-15T14:11:54.875649,171.978,can0  041  [04]  E4 00 02 00
2026-03-15T14:11:54.875710,171.978,can0  204  [16]  28 58 CB 44 64 2A 19 4F 4C 1D 30 75 30 75 00 00
2026-03-15T14:11:54.875974,171.978,can0  060  [32]  00 00 00 00 00 00 00 00 00 00 00 00 00 00 00 00 00 00 00 00 00 00 00 00 00 00 00 00 00 00 00 00
2026-03-15T14:11:54.973211,172.076,can0  060  [32]  00 00 00 00 EE 2A 4D 08 37 06 B8 10 00 00 10 0E FF 01 00 00 00 00 00 00 01 00 00 00 00 00 00 00
2026-03-15T14:11:54.974833,172.077,can0  040  [04]  58 00 02 00
2026-03-15T14:11:54.974931,172.077,can0  204  [16]  28 58 CC 44 54 2A 19 4F 4C 1D 30 75 30 75 00 00
2026-03-15T14:11:55.072729,172.175,can0  204  [16]  28 58 CB 44 58 2A 5B 4F 4C 1D 30 75 30 75 00 00
2026-03-15T14:11:55.073092,172.175,can0  206  [24]  83 0C AA 05 7F 0C 33 EF 8E 05 93 0C 83 0C 00 00 00 00 00 00 00 00 00 00
2026-03-15T14:11:55.075778,172.178,can0  204  [16]  28 58 CB 44 58 2A 5B 4F 4C 1D 30 75 30 75 00 00
2026-03-15T14:11:55.172056,172.274,can0  204  [16]  28 58 C9 44 4C 2A E8 4E 4C 1D 30 75 30 75 00 00
2026-03-15T14:11:55.172394,172.275,can0  041  [04]  E4 00 04 00
2026-03-15T14:11:55.173790,172.276,can0  070  [20]  EE 2A 4D 08 E3 B0 62 03 F0 D2 00 00 0B 15 00 00 12 00 00 00
2026-03-15T14:11:55.174721,172.277,can0  040  [04]  58 00 02 00
2026-03-15T14:11:55.175402,172.278,can0  204  [16]  28 58 C9 44 4C 2A E8 4E 4C 1D 30 75 30 75 00 00
2026-03-15T14:11:55.176435,172.279,can0  040  [04]  58 00 02 00
2026-03-15T14:11:55.272286,172.375,can0  204  [16]  28 58 C6 44 5E 2A 17 4F 4C 1D 30 75 30 75 00 00
2026-03-15T14:11:55.272685,172.375,can0  206  [24]  8B 0C A6 05 7B 0C C5 EF 94 05 9B 0C 7F 0C 00 00 00 00 00 00 00 00 00 00
2026-03-15T14:11:55.373401,172.476,can0  070  [20]  EE 2A 4D 08 E3 B0 62 03 F0 D2 00 00 0B 15 00 00 12 00 00 00
2026-03-15T14:11:55.373958,172.476,can0  204  [16]  28 58 C8 44 48 2A C7 4E 4C 1D 30 75 30 75 00 00
2026-03-15T14:11:55.374205,172.477,can0  204  [16]  28 58 C8 44 48 2A C7 4E 4C 1D 30 75 30 75 00 00
2026-03-15T14:11:55.472697,172.575,can0  060  [32]  00 00 00 00 00 00 00 00 00 00 00 00 00 00 00 00 00 00 00 00 00 00 00 00 00 00 00 00 00 00 00 00
2026-03-15T14:11:55.473471,172.576,can0  040  [04]  58 00 05 00
2026-03-15T14:11:55.475091,172.577,can0  041  [04]  E4 00 06 00
2026-03-15T14:11:55.475178,172.578,can0  204  [16]  28 58 CB 44 50 2A EA 4E 4C 1D 30 75 30 75 00 00
2026-03-15T14:11:55.475254,172.578,can0  040  [04]  58 00 05 00
2026-03-15T14:11:55.475535,172.578,can0  204  [16]  28 58 CB 44 50 2A EA 4E 4C 1D 30 75 30 75 00 00
2026-03-15T14:11:55.579374,172.682,can0  070  [20]  EE 2A 4D 08 E3 B0 62 03 D8 D6 00 00 0B 15 00 00 21 00 00 00
2026-03-15T14:11:55.580300,172.683,can0  206  [24]  87 0C AA 05 7B 0C C5 EF 90 05 9F 0C 7F 0C 00 00 00 00 00 00 00 00 00 00
2026-03-15T14:11:55.580624,172.683,can0  204  [16]  28 58 C8 44 42 2A 70 4F 4C 1D 30 75 30 75 00 00
2026-03-15T14:11:55.581809,172.684,can0  070  [20]  EE 2A 4D 08 E3 B0 62 03 D8 D6 00 00 0B 15 00 00 22 00 00 00
2026-03-15T14:11:55.692726,172.795,can0  204  [16]  28 58 C4 44 54 2A 22 4F 4C 1D 30 75 30 75 00 00
2026-03-15T14:11:55.692966,172.795,can0  132  [00]
2026-03-15T14:11:55.694385,172.797,can0  070  [20]  EE 2A 4D 08 E3 B0 62 03 D8 D6 00 00 0B 15 00 00 22 00 00 00
2026-03-15T14:11:55.695727,172.798,can0  040  [04]  87 00 02 00
2026-03-15T14:11:55.696441,172.799,can0  041  [04]  BF 00 08 00
2026-03-15T14:11:55.696866,172.799,can0  204  [16]  28 58 C4 44 54 2A 22 4F 4C 1D 30 75 30 75 00 00
2026-03-15T14:11:55.791403,172.894,can0  040  [04]  87 00 02 00
2026-03-15T14:11:55.794286,172.897,can0  204  [16]  28 58 C3 44 56 2A A8 4E 4C 1D 30 75 30 75 00 00
2026-03-15T14:11:55.901993,173.004,can0  206  [24]  7F 0C A8 05 87 0C D5 EF 8E 05 93 0C 83 0C 00 00 00 00 00 00 00 00 00 00
2026-03-15T14:11:55.902724,173.005,can0  204  [16]  28 58 C6 44 48 2A E7 4E 4C 1D 30 75 30 75 00 00
2026-03-15T14:11:55.902805,173.005,can0  204  [16]  28 58 C6 44 48 2A E7 4E 4C 1D 30 75 30 75 00 00
2026-03-15T14:11:55.987648,173.090,can0  060  [32]  00 00 00 00 EE 2A 4D 08 37 06 B8 10 00 00 10 0E FF 01 00 00 00 00 00 00 01 00 00 00 00 00 00 00
2026-03-15T14:11:55.988438,173.091,can0  204  [16]  28 58 C9 44 5E 2A 3E 51 4C 1D 30 75 30 75 00 00
2026-03-15T14:11:55.989450,173.092,can0  040  [04]  73 00 04 00
2026-03-15T14:11:55.990210,173.093,can0  041  [04]  B5 00 09 00
2026-03-15T14:11:55.990315,173.093,can0  204  [16]  28 58 C9 44 5E 2A 3E 51 4C 1D 30 75 30 75 00 00
2026-03-15T14:11:56.077217,173.180,can0  040  [04]  73 00 04 00
2026-03-15T14:11:56.078073,173.180,can0  100  [03]  CE 57 04
2026-03-15T14:11:56.078585,173.181,can0  204  [16]  28 58 C8 44 44 2A 9C 50 4C 1D 30 75 30 75 00 00
2026-03-15T14:11:56.078869,173.181,can0  110  [02]  7E 1B
2026-03-15T14:11:56.079804,173.182,can0  120  [04]  00 00 00 00
2026-03-15T14:11:56.080151,173.183,can0  206  [24]  87 0C A6 05 7B 0C D5 EF 90 05 9B 0C 83 0C 00 00 00 00 00 00 00 00 00 00
2026-03-15T14:11:56.195965,173.298,can0  204  [16]  28 58 C8 44 56 2A 1E 51 4C 1D 30 75 30 75 00 00
2026-03-15T14:11:56.196063,173.298,can0  204  [16]  28 58 C8 44 56 2A 1E 51 4C 1D 30 75 30 75 00 00
2026-03-15T14:11:56.197324,173.300,can0  070  [20]  EE 2A 4D 08 E3 B0 62 03 D8 D6 00 00 0B 15 00 00 22 00 00 00
2026-03-15T14:11:56.277795,173.380,can0  040  [04]  66 00 06 00
2026-03-15T14:11:56.278558,173.381,can0  041  [04]  C1 00 07 00
2026-03-15T14:11:56.279056,173.381,can0  204  [16]  28 58 C8 44 58 2A FF 50 4C 1D 30 75 30 75 00 00
2026-03-15T14:11:56.281525,173.384,can0  040  [04]  66 00 06 00
2026-03-15T14:11:56.281614,173.384,can0  070  [20]  EE 2A 4D 08 E3 B0 62 03 D8 D6 00 00 0B 15 00 00 22 00 00 00
2026-03-15T14:11:56.281821,173.384,can0  204  [16]  28 58 C8 44 58 2A FF 50 4C 1D 30 75 30 75 00 00
2026-03-15T14:11:56.372001,173.474,can0  206  [24]  83 0C AA 05 83 0C E4 EF 8B 05 97 0C 83 0C 00 00 00 00 00 00 00 00 00 00
2026-03-15T14:11:56.372594,173.475,can0  133  [00]
2026-03-15T14:11:56.373006,173.475,can0  204  [16]  28 58 C5 44 50 2A 95 4F 4C 1D 30 75 30 75 00 00
2026-03-15T14:11:56.489416,173.592,can0  060  [32]  00 00 00 00 00 00 00 00 00 00 00 00 00 00 00 00 00 00 00 00 00 00 00 00 00 00 00 00 00 00 00 00
2026-03-15T14:11:56.498665,173.601,can0  204  [16]  28 58 C9 44 5C 2A 1E 51 4C 1D 30 75 30 75 00 00
2026-03-15T14:11:56.499128,173.602,can0  204  [16]  28 58 C9 44 5C 2A 1E 51 4C 1D 30 75 30 75 00 00
2026-03-15T14:11:56.499255,173.602,can0  041  [04]  B5 00 08 00
2026-03-15T14:11:56.499326,173.602,can0  040  [04]  5F 00 0A 00
2026-03-15T14:11:56.616876,173.719,can0  040  [04]  5F 00 0A 00
2026-03-15T14:11:56.617850,173.720,can0  204  [16]  28 58 C9 44 5C 2A 1E 51 4C 1D 30 75 30 75 00 00
2026-03-15T14:11:56.619917,173.722,can0  070  [20]  EF 2A 4D 08 E1 B0 62 03 C0 DA 00 00 0B 15 00 00 30 00 00 00
2026-03-15T14:11:56.624035,173.726,can0  070  [20]  EF 2A 4D 08 E1 B0 62 03 C0 DA 00 00 0B 15 00 00 30 00 00 00
2026-03-15T14:11:56.677105,173.779,can0  204  [16]  28 58 C9 44 58 2A 0F 50 4C 1D 30 75 30 75 00 00
2026-03-15T14:11:56.677463,173.780,can0  206  [24]  8B 0C A6 05 7F 0C B6 EF 92 05 8B 0C 7F 0C 00 00 00 00 00 00 00 00 00 00
2026-03-15T14:11:56.678600,173.781,can0  070  [20]  EF 2A 4D 08 E1 B0 62 03 C0 DA 00 00 0B 15 00 00 30 00 00 00
2026-03-15T14:11:56.679119,173.781,can0  204  [16]  28 58 C9 44 58 2A 0F 50 4C 1D 30 75 30 75 00 00
2026-03-15T14:11:56.778894,173.881,can0  204  [16]  28 58 C6 44 48 2A 42 50 4C 1D 30 75 30 75 00 00
2026-03-15T14:11:56.779189,173.882,can0  041  [04]  B5 00 06 00
2026-03-15T14:11:56.780167,173.883,can0  040  [04]  66 00 0B 00
2026-03-15T14:11:56.781541,173.884,can0  204  [16]  28 58 C6 44 48 2A 42 50 4C 1D 30 75 30 75 00 00
2026-03-15T14:11:56.781644,173.884,can0  040  [04]  66 00 0B 00
2026-03-15T14:11:56.874953,173.977,can0  204  [16]  28 58 C6 44 5E 2A E8 4F 4C 1D 30 75 30 75 00 00
2026-03-15T14:11:56.875278,173.978,can0  206  [24]  7F 0C A3 05 87 0C C5 EF 94 05 8B 0C 83 0C 00 00 00 00 00 00 00 00 00 00
2026-03-15T14:11:56.876721,173.979,can0  060  [32]  71 82 D6 02 14 29 4D 08 B4 3A B8 10 00 00 10 0E FF 01 00 00 00 00 00 00 01 00 00 00 00 00 00 00
2026-03-15T14:11:56.972480,174.075,can0  204  [16]  28 58 C7 44 44 2A DB 50 4C 1D 30 75 30 75 00 00
2026-03-15T14:11:56.972734,174.075,can0  204  [16]  28 58 C7 44 44 2A DB 50 4C 1D 30 75 30 75 00 00
2026-03-15T14:11:57.072368,174.175,can0  040  [04]  6D 00 0A 00
2026-03-15T14:11:57.075286,174.178,can0  041  [04]  A7 00 05 00
2026-03-15T14:11:57.075394,174.178,can0  204  [16]  28 58 C7 44 64 2A E0 50 4C 1D 30 75 30 75 00 00
2026-03-15T14:11:57.075464,174.178,can0  040  [04]  6D 00 0A 00
2026-03-15T14:11:57.075528,174.178,can0  204  [16]  28 58 C7 44 64 2A E0 50 4C 1D 30 75 30 75 00 00
2026-03-15T14:11:57.172654,174.275,can0  206  [24]  8F 0C AA 05 7B 0C C5 EF 90 05 93 0C 7F 0C 00 00 00 00 00 00 00 00 00 00
2026-03-15T14:11:57.173056,174.275,can0  204  [16]  28 58 C8 44 50 2A A7 50 4C 1D 30 75 30 75 00 00
2026-03-15T14:11:57.174834,174.277,can0  070  [20]  EF 2A 4D 08 E1 B0 62 03 C0 DA 00 00 0B 15 00 00 30 00 00 00
2026-03-15T14:11:57.272147,174.375,can0  204  [16]  28 58 C7 44 68 2A F3 4F 4C 1D 30 75 30 75 00 00
2026-03-15T14:11:57.272847,174.375,can0  100  [03]  D0 57 04
2026-03-15T14:11:57.273413,174.376,can0  120  [04]  00 00 00 00
2026-03-15T14:11:57.274271,174.377,can0  040  [04]  73 00 08 00
2026-03-15T14:11:57.276061,174.378,can0  204  [16]  28 58 C7 44 68 2A F3 4F 4C 1D 30 75 30 75 00 00
2026-03-15T14:11:57.276134,174.379,can0  041  [04]  AD 00 06 00
2026-03-15T14:11:57.276174,174.379,can0  070  [20]  EF 2A 4D 08 E1 B0 62 03 C0 DA 00 00 0B 15 00 00 30 00 00 00
2026-03-15T14:11:57.371980,174.474,can0  204  [16]  28 58 C8 44 48 2A B0 4F 4C 1D 30 75 30 75 00 00
2026-03-15T14:11:57.372754,174.475,can0  040  [04]  73 00 08 00
2026-03-15T14:11:57.373523,174.476,can0  204  [16]  28 58 C8 44 48 2A B0 4F 4C 1D 30 75 30 75 00 00
2026-03-15T14:11:57.472518,174.575,can0  206  [24]  7B 0C A8 05 7B 0C D5 EF 8E 05 97 0C 8F 0C 00 00 00 00 00 00 00 00 00 00
2026-03-15T14:11:57.472863,174.575,can0  204  [16]  28 58 C6 44 54 2A 5F 50 4C 1D 30 75 30 75 00 00
2026-03-15T14:11:57.571918,174.674,can0  204  [16]  28 58 C6 44 54 2A 5F 50 4C 1D 30 75 30 75 00 00
2026-03-15T14:11:57.573566,174.676,can0  070  [20]  EF 2A 4D 08 E1 B0 62 03 A8 DE 00 00 0B 15 00 00 16 00 00 00
2026-03-15T14:11:57.573659,174.676,can0  041  [04]  B5 00 08 00
2026-03-15T14:11:57.576425,174.679,can0  040  [04]  7F 00 07 00
2026-03-15T14:11:57.576502,174.679,can0  204  [16]  28 58 C8 44 56 2A C6 4F 4C 1D 30 75 30 75 00 00
2026-03-15T14:11:57.576543,174.679,can0  070  [20]  EF 2A 4D 08 E1 B0 62 03 A8 DE 00 00 0B 15 00 00 16 00 00 00
2026-03-15T14:11:57.577571,174.680,can0  040  [04]  7F 00 07 00
2026-03-15T14:11:57.673839,174.776,can0  204  [16]  28 58 C9 44 5C 2A 48 4F 4C 1D 30 75 30 75 00 00
2026-03-15T14:11:57.674114,174.776,can0  110  [02]  7B 1B
2026-03-15T14:11:57.674592,174.777,can0  206  [24]  8B 0C A8 05 7B 0C B6 EF 8E 05 97 0C 83 0C 00 00 00 00 00 00 00 00 00 00
2026-03-15T14:11:57.676063,174.778,can0  070  [20]  EF 2A 4D 08 E1 B0 62 03 A8 DE 00 00 0B 15 00 00 16 00 00 00
2026-03-15T14:11:57.788434,174.891,can0  204  [16]  28 58 C8 44 60 2A E9 51 4C 1D 30 75 30 75 00 00
2026-03-15T14:11:57.788522,174.891,can0  204  [16]  28 58 C8 44 60 2A E9 51 4C 1D 30 75 30 75 00 00
2026-03-15T14:11:57.872319,174.975,can0  041  [04]  B5 00 06 00
2026-03-15T14:11:57.875613,174.978,can0  040  [04]  A3 00 08 00
2026-03-15T14:11:57.875711,174.978,can0  204  [16]  28 58 C7 44 56 2A 2E 51 4C 1D 30 75 30 75 00 00
2026-03-15T14:11:57.875779,174.978,can0  040  [04]  A3 00 08 00
2026-03-15T14:11:57.875841,174.978,can0  204  [16]  28 58 C7 44 56 2A 2E 51 4C 1D 30 75 30 75 00 00
2026-03-15T14:11:57.971960,175.074,can0  206  [24]  8B 0C A6 05 7B 0C C5 EF 8E 05 9B 0C 7F 0C 00 00 00 00 00 00 00 00 00 00
2026-03-15T14:11:57.973180,175.076,can0  060  [32]  00 00 00 00 EF 2A 4D 08 36 06 B8 10 00 00 10 0E FF 01 00 00 00 00 00 00 01 00 00 00 00 00 00 00
2026-03-15T14:11:57.974125,175.076,can0  204  [16]  28 58 C5 44 54 2A E5 50 4C 1D 30 75 30 75 00 00
2026-03-15T14:11:58.072551,175.175,can0  204  [16]  28 58 C8 44 50 2A D0 51 4C 1D 30 75 30 75 00 00
2026-03-15T14:11:58.072881,175.175,can0  204  [16]  28 58 C8 44 50 2A D0 51 4C 1D 30 75 30 75 00 00
2026-03-15T14:11:58.073847,175.176,can0  040  [04]  A4 00 0D 00
2026-03-15T14:11:58.076656,175.179,can0  041  [04]  B5 00 06 00
2026-03-15T14:11:58.172892,175.275,can0  040  [04]  A4 00 0D 00
2026-03-15T14:11:58.173525,175.276,can0  204  [16]  28 58 C7 44 5E 2A 2F 50 4C 1D 30 75 30 75 00 00
2026-03-15T14:11:58.175462,175.278,can0  070  [20]  EF 2A 4D 08 E1 B0 62 03 A8 DE 00 00 0B 15 00 00 16 00 00 00
2026-03-15T14:11:58.191914,175.294,can0  204  [16]  28 58 C7 44 5E 2A 2F 50 4C 1D 30 75 30 75 00 00
2026-03-15T14:11:58.191992,175.294,can0  206  [24]  8B 0C A6 05 7F 0C 2F F0 92 05 93 0C 7F 0C 00 00 00 00 00 00 00 00 00 00
2026-03-15T14:11:58.272659,175.375,can0  204  [16]  28 58 C9 44 5E 2A AD 51 4C 1D 30 75 30 75 00 00
2026-03-15T14:11:58.274002,175.376,can0  070  [20]  EF 2A 4D 08 E1 B0 62 03 A8 DE 00 00 0B 15 00 00 16 00 00 00
2026-03-15T14:11:58.373726,175.476,can0  204  [16]  28 58 C8 44 62 2A CA 50 4C 1D 30 75 30 75 00 00
2026-03-15T14:11:58.374451,175.477,can0  040  [04]  99 00 0D 00
2026-03-15T14:11:58.375083,175.477,can0  041  [04]  D8 00 05 00
2026-03-15T14:11:58.375154,175.478,can0  204  [16]  28 58 C8 44 62 2A CA 50 4C 1D 30 75 30 75 00 00
2026-03-15T14:11:58.375809,175.478,can0  040  [04]  99 00 0D 00
2026-03-15T14:11:58.472357,175.575,can0  204  [16]  28 58 CA 44 56 2A 77 52 4C 1D 30 75 30 75 00 00
2026-03-15T14:11:58.472587,175.575,can0  060  [32]  00 00 00 00 00 00 00 00 00 00 00 00 00 00 00 00 00 00 00 00 00 00 00 00 00 00 00 00 00 00 00 00
2026-03-15T14:11:58.473216,175.576,can0  100  [03]  CF 57 04
2026-03-15T14:11:58.473760,175.576,can0  120  [04]  00 00 00 00
2026-03-15T14:11:58.474067,175.576,can0  206  [24]  87 0C AA 05 7F 0C D5 EF 90 05 97 0C 7F 0C 00 00 00 00 00 00 00 00 00 00
2026-03-15T14:11:58.474677,175.577,can0  204  [16]  28 58 CA 44 56 2A 77 52 4C 1D 30 75 30 75 00 00
2026-03-15T14:11:58.572982,175.675,can0  070  [20]  EF 2A 4D 08 E1 B0 62 03 90 E2 00 00 0B 15 00 00 11 00 00 00
2026-03-15T14:11:58.573683,175.676,can0  204  [16]  28 58 C7 44 52 2A 43 52 4C 1D 30 75 30 75 00 00
2026-03-15T14:11:58.574831,175.677,can0  070  [20]  EF 2A 4D 08 E1 B0 62 03 90 E2 00 00 0B 15 00 00 10 00 00 00
2026-03-15T14:11:58.575463,175.678,can0  040  [04]  78 00 0B 00
2026-03-15T14:11:58.672285,175.775,can0  041  [04]  F8 00 07 00
2026-03-15T14:11:58.672624,175.775,can0  204  [16]  28 58 C6 44 5A 2A 52 51 4C 1D 30 75 30 75 00 00
2026-03-15T14:11:58.673895,175.776,can0  070  [20]  EF 2A 4D 08 E1 B0 62 03 90 E2 00 00 0B 15 00 00 10 00 00 00
2026-03-15T14:11:58.677339,175.780,can0  040  [04]  78 00 0B 00
2026-03-15T14:11:58.677418,175.780,can0  204  [16]  28 58 C6 44 5A 2A 52 51 4C 1D 30 75 30 75 00 00
2026-03-15T14:11:58.772902,175.875,can0  206  [24]  87 0C A6 05 7B 0C C5 EF 92 05 8F 0C 83 0C 00 00 00 00 00 00 00 00 00 00
2026-03-15T14:11:58.773329,175.876,can0  204  [16]  28 58 C6 44 56 2A C9 50 4C 1D 30 75 30 75 00 00
2026-03-15T14:11:58.872344,175.975,can0  204  [16]  28 58 CB 44 54 2A 35 51 4C 1D 30 75 30 75 00 00
2026-03-15T14:11:58.872708,175.975,can0  204  [16]  28 58 CB 44 54 2A 35 51 4C 1D 30 75 30 75 00 00
2026-03-15T14:11:58.872996,175.975,can0  041  [04]  09 01 0A 00
2026-03-15T14:11:58.873694,175.976,can0  040  [04]  63 00 0D 00
2026-03-15T14:11:58.972368,176.075,can0  040  [04]  63 00 0D 00
2026-03-15T14:11:58.972778,176.075,can0  204  [16]  28 58 C8 44 4E 2A 6A 50 4C 1D 30 75 30 75 00 00
2026-03-15T14:11:58.974197,176.077,can0  060  [32]  00 00 00 00 EF 2A 4D 08 36 06 B8 10 00 00 10 0E FF 01 00 00 00 00 00 00 01 00 00 00 00 00 00 00
2026-03-15T14:11:58.975023,176.077,can0  206  [24]  8B 0C AA 05 7B 0C C5 EF 90 05 97 0C 7B 0C 00 00 00 00 00 00 00 00 00 00
2026-03-15T14:11:58.977940,176.080,can0  204  [16]  28 58 C8 44 4E 2A 6A 50 4C 1D 30 75 30 75 00 00
2026-03-15T14:11:59.072583,176.175,can0  204  [16]  28 58 C7 44 60 2A A1 51 4C 1D 30 75 30 75 00 00
2026-03-15T14:11:59.171893,176.274,can0  204  [16]  28 58 C8 44 4C 2A 5C 52 4C 1D 30 75 30 75 00 00
2026-03-15T14:11:59.172602,176.275,can0  040  [04]  6F 00 09 00
2026-03-15T14:11:59.174740,176.277,can0  041  [04]  10 01 0B 00
2026-03-15T14:11:59.174805,176.277,can0  070  [20]  EF 2A 4D 08 E1 B0 62 03 90 E2 00 00 0B 15 00 00 10 00 00 00
2026-03-15T14:11:59.175142,176.278,can0  204  [16]  28 58 C8 44 4C 2A 5C 52 4C 1D 30 75 30 75 00 00
2026-03-15T14:11:59.175760,176.278,can0  040  [04]  6F 00 09 00
2026-03-15T14:11:59.272301,176.375,can0  204  [16]  28 58 C9 44 4C 2A 8D 50 4C 1D 30 75 30 75 00 00
2026-03-15T14:11:59.272690,176.375,can0  206  [24]  87 0C A6 05 7B 0C F4 EF 90 05 97 0C 83 0C 00 00 00 00 00 00 00 00 00 00
2026-03-15T14:11:59.273235,176.376,can0  110  [02]  7B 1B
2026-03-15T14:11:59.273290,176.376,can0  204  [16]  28 58 C9 44 4C 2A 8D 50 4C 1D 30 75 30 75 00 00
2026-03-15T14:11:59.274925,176.377,can0  070  [20]  EF 2A 4D 08 E1 B0 62 03 90 E2 00 00 0B 15 00 00 10 00 00 00
2026-03-15T14:11:59.372557,176.475,can0  204  [16]  28 58 CB 44 52 2A 6A 50 4C 1D 30 75 30 75 00 00
2026-03-15T14:11:59.375702,176.478,can0  040  [04]  5F 00 0B 00
2026-03-15T14:11:59.472734,176.575,can0  041  [04]  1D 01 0A 00
2026-03-15T14:11:59.473098,176.575,can0  204  [16]  28 58 C9 44 4A 2A 30 4F 4C 1D 30 75 30 75 00 00
2026-03-15T14:11:59.473415,176.576,can0  060  [32]  00 00 00 00 00 00 00 00 00 00 00 00 00 00 00 00 00 00 00 00 00 00 00 00 00 00 00 00 00 00 00 00
2026-03-15T14:11:59.474105,176.576,can0  040  [04]  5F 00 0B 00
2026-03-15T14:11:59.474972,176.577,can0  204  [16]  28 58 C9 44 4A 2A 30 4F 4C 1D 30 75 30 75 00 00
2026-03-15T14:11:59.572713,176.675,can0  206  [24]  83 0C A6 05 83 0C C5 EF 8E 05 93 0C 83 0C 00 00 00 00 00 00 00 00 00 00
2026-03-15T14:11:59.573027,176.675,can0  204  [16]  28 58 C9 44 4A 2A 30 4F 4C 1D 30 75 30 75 00 00
2026-03-15T14:11:59.574220,176.677,can0  070  [20]  EF 2A 4D 08 E1 B0 62 03 78 E6 00 00 0B 15 00 00 0B 00 00 00
2026-03-15T14:11:59.575637,176.678,can0  070  [20]  EF 2A 4D 08 E1 B0 62 03 78 E6 00 00 0B 15 00 00 0B 00 00 00
2026-03-15T14:11:59.672298,176.775,can0  204  [16]  28 58 C6 44 52 2A D3 4F 4C 1D 30 75 30 75 00 00
2026-03-15T14:11:59.673022,176.775,can0  100  [03]  D4 57 04
2026-03-15T14:11:59.673711,176.776,can0  120  [04]  00 00 00 00
2026-03-15T14:11:59.674062,176.776,can0  204  [16]  28 58 C6 44 52 2A D3 4F 4C 1D 30 75 30 75 00 00
2026-03-15T14:11:59.674816,176.777,can0  040  [04]  5D 00 0F 00
2026-03-15T14:11:59.676891,176.779,can0  041  [04]  1C 01 0B 00
2026-03-15T14:11:59.676949,176.779,can0  070  [20]  EF 2A 4D 08 E1 B0 62 03 78 E6 00 00 0B 15 00 00 0B 00 00 00
2026-03-15T14:11:59.772589,176.875,can0  204  [16]  28 58 CA 44 48 2A 8C 50 4C 1D 30 75 30 75 00 00
2026-03-15T14:11:59.773412,176.876,can0  040  [04]  5D 00 0F 00
2026-03-15T14:11:59.773854,176.876,can0  204  [16]  28 58 CA 44 48 2A 8C 50 4C 1D 30 75 30 75 00 00
2026-03-15T14:11:59.774605,176.877,can0  206  [24]  97 0C A6 05 7F 0C 96 EF 92 05 93 0C 73 0C 00 00 00 00 00 00 00 00 00 00
2026-03-15T14:11:59.884887,176.987,can0  204  [16]  28 58 C9 44 54 2A 70 50 4C 1D 30 75 30 75 00 00
2026-03-15T14:11:59.993536,177.096,can0  204  [16]  28 58 CC 44 5A 2A CF 50 4C 1D 30 75 30 75 00 00
2026-03-15T14:11:59.993964,177.096,can0  041  [04]  1B 01 0D 00
2026-03-15T14:11:59.994219,177.097,can0  060  [32]  00 00 00 00 00 00 00 00 00 00 00 00 00 00 00 00 00 00 00 00 00 00 00 00 00 00 00 00 00 00 00 00
2026-03-15T14:11:59.994894,177.097,can0  040  [04]  58 00 10 00
2026-03-15T14:11:59.995174,177.098,can0  204  [16]  28 58 CC 44 5A 2A CF 50 4C 1D 30 75 30 75 00 00
2026-03-15T14:11:59.996674,177.099,can0  060  [32]  00 00 00 00 EF 2A 4D 08 36 06 B8 10 00 00 10 0E FF 01 00 00 00 00 00 00 01 00 00 00 00 00 00 00
2026-03-15T14:11:59.997581,177.100,can0  040  [04]  58 00 10 00
2026-03-15T14:12:00.079812,177.182,can0  204  [16]  28 58 C6 44 64 2A 4C 50 4C 1D 30 75 30 75 00 00
2026-03-15T14:12:00.080122,177.182,can0  206  [24]  83 0C AA 05 87 0C C5 EF 8E 05 8F 0C 83 0C 00 00 00 00 00 00 00 00 00 00
2026-03-15T14:12:00.080386,177.183,can0  204  [16]  28 58 C6 44 64 2A 4C 50 4C 1D 30 75 30 75 00 00
2026-03-15T14:12:00.222767,177.325,can0  204  [16]  28 58 CA 44 64 2A DA 4F 4C 1D 30 75 30 75 00 00
2026-03-15T14:12:00.224117,177.326,can0  070  [20]  EF 2A 4D 08 E1 B0 62 03 78 E6 00 00 0B 15 00 00 0B 00 00 00
2026-03-15T14:12:00.321956,177.424,can0  041  [04]  23 01 0E 00
2026-03-15T14:12:00.322725,177.425,can0  040  [04]  58 00 12 00
2026-03-15T14:12:00.325559,177.428,can0  204  [16]  28 58 C9 44 4A 2A 69 50 4C 1D 30 75 30 75 00 00
2026-03-15T14:12:00.325630,177.428,can0  040  [04]  58 00 12 00
2026-03-15T14:12:00.325668,177.428,can0  204  [16]  28 58 C9 44 4A 2A 69 50 4C 1D 30 75 30 75 00 00
2026-03-15T14:12:00.325707,177.428,can0  070  [20]  EF 2A 4D 08 E1 B0 62 03 78 E6 00 00 0B 15 00 00 0B 00 00 00
2026-03-15T14:12:00.326296,177.429,can0  206  [24]  87 0C A8 05 8B 0C E4 EF 90 05 97 0C 77 0C 00 00 00 00 00 00 00 00 00 00
2026-03-15T14:12:00.422243,177.525,can0  204  [16]  28 58 CA 44 5E 2A 61 50 4C 1D 30 75 30 75 00 00
2026-03-15T14:12:00.422585,177.525,can0  204  [16]  28 58 CA 44 5E 2A 61 50 4C 1D 30 75 30 75 00 00
2026-03-15T14:12:00.525301,177.628,can0  204  [16]  28 58 C9 44 4E 2A 9D 50 4C 1D 30 75 30 75 00 00
2026-03-15T14:12:00.525875,177.628,can0  060  [32]  00 00 00 00 00 00 00 00 00 00 00 00 00 00 00 00 00 00 00 00 00 00 00 00 00 00 00 00 00 00 00 00
2026-03-15T14:12:00.526535,177.629,can0  040  [04]  58 00 0C 00
2026-03-15T14:12:00.529821,177.632,can0  041  [04]  29 01 0E 00
2026-03-15T14:12:00.622091,177.724,can0  204  [16]  28 58 C9 44 4E 2A 9D 50 4C 1D 30 75 30 75 00 00
2026-03-15T14:12:00.622829,177.725,can0  040  [04]  58 00 0C 00
2026-03-15T14:12:00.625237,177.728,can0  206  [24]  83 0C A8 05 77 0C D5 EF 90 05 9F 0C 87 0C 00 00 00 00 00 00 00 00 00 00
2026-03-15T14:12:00.625325,177.728,can0  070  [20]  F1 2A 4D 08 E1 B0 62 03 00 00 00 00 0C 15 00 00 23 00 00 00
2026-03-15T14:12:00.625690,177.728,can0  204  [16]  28 58 C9 44 66 2A F4 4F 4C 1D 30 75 30 75 00 00
2026-03-15T14:12:00.626944,177.729,can0  070  [20]  F1 2A 4D 08 E1 B0 62 03 00 00 00 00 0C 15 00 00 23 00 00 00
2026-03-15T14:12:00.722126,177.825,can0  204  [16]  28 58 C9 44 5A 2A 3A 51 4C 1D 30 75 30 75 00 00
2026-03-15T14:12:00.723163,177.826,can0  070  [20]  F1 2A 4D 08 E1 B0 62 03 00 00 00 00 0C 15 00 00 23 00 00 00
2026-03-15T14:12:00.822452,177.925,can0  204  [16]  28 58 C9 44 54 2A A1 50 4C 1D 30 75 30 75 00 00
2026-03-15T14:12:00.823150,177.926,can0  040  [04]  58 00 10 00
2026-03-15T14:12:00.823561,177.926,can0  041  [04]  29 01 0E 00
2026-03-15T14:12:00.823989,177.926,can0  204  [16]  28 58 C9 44 54 2A A1 50 4C 1D 30 75 30 75 00 00
2026-03-15T14:12:00.828838,177.931,can0  040  [04]  58 00 10 00
2026-03-15T14:12:00.921998,178.024,can0  206  [24]  83 0C A6 05 7F 0C D5 EF 90 05 9F 0C 83 0C 00 00 00 00 00 00 00 00 00 00
2026-03-15T14:12:00.922528,178.025,can0  204  [16]  28 58 C9 44 54 2A 1C 51 4C 1D 30 75 30 75 00 00
2026-03-15T14:12:00.923116,178.025,can0  100  [03]  D9 57 04
2026-03-15T14:12:00.923711,178.026,can0  110  [02]  7D 1B
2026-03-15T14:12:00.924628,178.027,can0  120  [04]  00 00 00 00
2026-03-15T14:12:00.925041,178.027,can0  204  [16]  28 58 C9 44 54 2A 1C 51 4C 1D 30 75 30 75 00 00
2026-03-15T14:12:01.022137,178.125,can0  204  [16]  28 58 CB 44 60 2A 02 51 4C 1D 30 75 30 75 00 00
2026-03-15T14:12:01.023250,178.126,can0  060  [32]  00 00 00 00 F1 2A 4D 08 36 06 B8 10 00 00 10 0E FF 01 00 00 00 00 00 00 01 00 00 00 00 00 00 00
2026-03-15T14:12:01.024311,178.127,can0  040  [04]  54 00 12 00
2026-03-15T14:12:01.024907,178.127,can0  041  [04]  32 01 0C 00
2026-03-15T14:12:01.024984,178.127,can0  204  [16]  28 58 CB 44 4A 2A EA 50 4C 1D 30 75 30 75 00 00
2026-03-15T14:12:01.123623,178.226,can0  040  [04]  54 00 12 00
2026-03-15T14:12:01.123719,178.226,can0  204  [16]  28 58 CB 44 4A 2A EA 50 4C 1D 30 75 30 75 00 00
2026-03-15T14:12:01.128479,178.231,can0  206  [24]  87 0C A8 05 7F 0C D5 EF 8B 05 93 0C 7F 0C 00 00 00 00 00 00 00 00 00 00
2026-03-15T14:12:01.185377,178.288,can0  204  [16]  28 58 CC 44 52 2A A2 50 4C 1D 30 75 30 75 00 00
2026-03-15T14:12:01.185745,178.288,can0  204  [16]  28 58 CC 44 52 2A A2 50 4C 1D 30 75 30 75 00 00
2026-03-15T14:12:01.187247,178.290,can0  070  [20]  F1 2A 4D 08 E1 B0 62 03 00 00 00 00 0C 15 00 00 23 00 00 00
2026-03-15T14:12:01.301181,178.404,can0  204  [16]  28 58 C7 44 4A 2A AC 50 4C 1D 30 75 30 75 00 00
2026-03-15T14:12:01.301293,178.404,can0  041  [04]  2E 01 09 00
2026-03-15T14:12:01.302082,178.404,can0  040  [04]  58 00 16 00
2026-03-15T14:12:01.414052,178.516,can0  204  [16]  28 58 C8 44 52 2A CC 50 4C 1D 30 75 30 75 00 00
2026-03-15T14:12:01.415366,178.518,can0  070  [20]  F1 2A 4D 08 E1 B0 62 03 00 00 00 00 0C 15 00 00 23 00 00 00
2026-03-15T14:12:01.416090,178.518,can0  040  [04]  58 00 16 00
2026-03-15T14:12:01.416455,178.519,can0  206  [24]  7B 0C 9F 05 7B 0C E4 EF 8E 05 9B 0C 8B 0C 00 00 00 00 00 00 00 00 00 00
2026-03-15T14:12:01.416711,178.519,can0  204  [16]  28 58 C8 44 52 2A CC 50 4C 1D 30 75 30 75 00 00
2026-03-15T14:12:01.499483,178.602,can0  204  [16]  28 58 C9 44 4E 2A E9 50 4C 1D 30 75 30 75 00 00
2026-03-15T14:12:01.499723,178.602,can0  060  [32]  00 00 00 00 00 00 00 00 00 00 00 00 00 00 00 00 00 00 00 00 00 00 00 00 00 00 00 00 00 00 00 00
2026-03-15T14:12:01.499966,178.602,can0  204  [16]  28 58 C9 44 4E 2A E9 50 4C 1D 30 75 30 75 00 00
2026-03-15T14:12:01.606655,178.709,can0  070  [20]  F1 2A 4D 08 E1 B0 62 03 E8 03 00 00 0C 15 00 00 27 00 00 00
2026-03-15T14:12:01.607860,178.710,can0  040  [04]  63 00 16 00
2026-03-15T14:12:01.608542,178.711,can0  041  [04]  38 01 08 00
2026-03-15T14:12:01.609182,178.712,can0  204  [16]  28 58 C9 44 54 2A DF 50 4C 1D 30 75 30 75 00 00
2026-03-15T14:12:01.611085,178.713,can0  070  [20]  F1 2A 4D 08 E1 B0 62 03 E8 03 00 00 0C 15 00 00 28 00 00 00
2026-03-15T14:12:01.616580,178.719,can0  040  [04]  63 00 16 00
2026-03-15T14:12:01.704490,178.807,can0  204  [16]  28 58 C8 44 4E 2A 6B 51 4C 1D 30 75 30 75 00 00
2026-03-15T14:12:01.704890,178.807,can0  206  [24]  83 0C AA 05 7B 0C E4 EF 90 05 9B 0C 83 0C 00 00 00 00 00 00 00 00 00 00
2026-03-15T14:12:01.706172,178.809,can0  070  [20]  F1 2A 4D 08 E1 B0 62 03 E8 03 00 00 0C 15 00 00 28 00 00 00
2026-03-15T14:12:01.706585,178.809,can0  204  [16]  28 58 C8 44 4E 2A 6B 51 4C 1D 30 75 30 75 00 00
2026-03-15T14:12:01.785635,178.888,can0  204  [16]  28 58 C8 44 52 2A FF 50 4C 1D 30 75 30 75 00 00
2026-03-15T14:12:01.786331,178.889,can0  040  [04]  65 00 17 00
2026-03-15T14:12:01.786989,178.889,can0  204  [16]  28 58 C7 44 5E 2A 08 52 4C 1D 30 75 30 75 00 00
2026-03-15T14:12:01.787076,178.889,can0  041  [04]  2E 01 09 00
2026-03-15T14:12:01.922784,179.025,can0  204  [16]  28 58 C7 44 5E 2A 08 52 4C 1D 30 75 30 75 00 00
2026-03-15T14:12:01.923501,179.026,can0  040  [04]  65 00 17 00
2026-03-15T14:12:01.931327,179.034,can0  206  [24]  87 0C A8 05 83 0C C5 EF 90 05 8F 0C 7F 0C 00 00 00 00 00 00 00 00 00 00
2026-03-15T14:12:01.985405,179.088,can0  204  [16]  28 58 C9 44 56 2A 4D 51 4C 1D 30 75 30 75 00 00
2026-03-15T14:12:01.985710,179.088,can0  060  [32]  00 00 00 00 00 00 00 00 00 00 00 00 00 00 00 00 00 00 00 00 00 00 00 00 00 00 00 00 00 00 00 00
2026-03-15T14:12:01.987667,179.090,can0  204  [16]  28 58 C9 44 56 2A 4D 51 4C 1D 30 75 30 75 00 00
2026-03-15T14:12:01.987774,179.090,can0  060  [32]  00 00 00 00 F1 2A 4D 08 36 06 B8 10 00 00 10 0E FF 01 00 00 00 00 00 00 01 00 00 00 00 00 00 00
2026-03-15T14:12:02.106329,179.209,can0  204  [16]  28 58 C8 44 54 2A F5 50 4C 1D 30 75 30 75 00 00
2026-03-15T14:12:02.106457,179.209,can0  100  [03]  D9 57 04
2026-03-15T14:12:02.107190,179.210,can0  120  [04]  00 00 00 00
2026-03-15T14:12:02.108032,179.210,can0  040  [04]  67 00 13 00
2026-03-15T14:12:02.111022,179.213,can0  041  [04]  2B 01 0A 00
2026-03-15T14:12:02.111110,179.213,can0  204  [16]  28 58 CA 44 54 2A 45 50 4C 1D 30 75 30 75 00 00
2026-03-15T14:12:02.227501,179.330,can0  040  [04]  67 00 13 00
2026-03-15T14:12:02.227937,179.330,can0  204  [16]  28 58 CA 44 54 2A 45 50 4C 1D 30 75 30 75 00 00
2026-03-15T14:12:02.230081,179.332,can0  206  [24]  83 0C AA 05 83 0C C5 EF 90 05 8F 0C 83 0C 00 00 00 00 00 00 00 00 00 00
2026-03-15T14:12:02.230185,179.333,can0  070  [20]  F1 2A 4D 08 E1 B0 62 03 E8 03 00 00 0C 15 00 00 28 00 00 00
2026-03-15T14:12:02.293407,179.396,can0  204  [16]  28 58 C6 44 52 2A F7 4E 4C 1D 30 75 30 75 00 00
2026-03-15T14:12:02.293531,179.396,can0  070  [20]  F1 2A 4D 08 E1 B0 62 03 E8 03 00 00 0C 15 00 00 28 00 00 00
2026-03-15T14:12:02.294203,179.397,can0  204  [16]  28 58 C6 44 52 2A F7 4E 4C 1D 30 75 30 75 00 00
2026-03-15T14:12:02.413172,179.516,can0  041  [04]  1C 01 0B 00
2026-03-15T14:12:02.414077,179.516,can0  040  [04]  73 00 0F 00
2026-03-15T14:12:02.415155,179.518,can0  204  [16]  28 58 C7 44 60 2A 9E 4F 4C 1D 30 75 30 75 00 00
2026-03-15T14:12:02.415262,179.518,can0  040  [04]  73 00 0F 00
2026-03-15T14:12:02.415595,179.518,can0  204  [16]  28 58 C8 44 58 2A B4 50 4C 1D 30 75 30 75 00 00
2026-03-15T14:12:02.478350,179.581,can0  206  [24]  8B 0C A6 05 83 0C C5 EF 90 05 B7 0C 7B 0C 00 00 00 00 00 00 00 00 00 00
2026-03-15T14:12:02.478652,179.581,can0  110  [02]  7C 1B
2026-03-15T14:12:02.479005,179.581,can0  204  [16]  28 58 C8 44 58 2A B4 50 4C 1D 30 75 30 75 00 00
2026-03-15T14:12:02.479346,179.582,can0  060  [32]  00 00 00 00 00 00 00 00 00 00 00 00 00 00 00 00 00 00 00 00 00 00 00 00 00 00 00 00 00 00 00 00
2026-03-15T14:12:02.599282,179.702,can0  204  [16]  28 58 C8 44 58 2A B4 50 4C 1D 30 75 30 75 00 00
2026-03-15T14:12:02.601038,179.703,can0  070  [20]  F1 2A 4D 08 E1 B0 62 03 D0 07 00 00 0C 15 00 00 0F 00 00 00
2026-03-15T14:12:02.602623,179.705,can0  070  [20]  F1 2A 4D 08 E1 B0 62 03 D0 07 00 00 0C 15 00 00 0F 00 00 00
2026-03-15T14:12:02.603646,179.706,can0  040  [04]  66 00 10 00
2026-03-15T14:12:02.611398,179.714,can0  041  [04]  17 01 0D 00
2026-03-15T14:12:02.611520,179.714,can0  204  [16]  28 58 C9 44 56 2A C1 52 4C 1D 30 75 30 75 00 00
2026-03-15T14:12:02.724963,179.827,can0  040  [04]  66 00 10 00
2026-03-15T14:12:02.725534,179.828,can0  204  [16]  28 58 C9 44 56 2A C1 52 4C 1D 30 75 30 75 00 00
2026-03-15T14:12:02.727050,179.829,can0  070  [20]  F1 2A 4D 08 E1 B0 62 03 D0 07 00 00 0C 15 00 00 0F 00 00 00
2026-03-15T14:12:02.728015,179.830,can0  206  [24]  93 0C A6 05 7B 0C D5 EF 8E 05 93 0C 77 0C 00 00 00 00 00 00 00 00 00 00
2026-03-15T14:12:02.789717,179.892,can0  204  [16]  28 58 C7 44 60 2A C2 52 4C 1D 30 75 30 75 00 00
2026-03-15T14:12:02.790013,179.892,can0  204  [16]  28 58 C7 44 60 2A C2 52 4C 1D 30 75 30 75 00 00
2026-03-15T14:12:02.909204,180.012,can0  204  [16]  28 58 C8 44 58 2A E2 51 4C 1D 30 75 30 75 00 00
2026-03-15T14:12:02.910380,180.013,can0  040  [04]  71 00 0F 00
2026-03-15T14:12:02.910476,180.013,can0  041  [04]  10 01 0E 00
2026-03-15T14:12:02.926700,180.029,can0  204  [16]  28 58 C9 44 5E 2A 93 51 4C 1D 30 75 30 75 00 00
2026-03-15T14:12:02.995999,180.098,can0  040  [04]  71 00 0F 00
2026-03-15T14:12:02.998271,180.101,can0  206  [24]  83 0C AA 05 7B 0C C5 EF 90 05 9F 0C 87 0C 00 00 00 00 00 00 00 00 00 00
2026-03-15T14:12:02.998428,180.101,can0  204  [16]  28 58 C9 44 5E 2A 93 51 4C 1D 30 75 30 75 00 00
2026-03-15T14:12:02.998479,180.101,can0  060  [32]  00 00 00 00 F1 2A 4D 08 36 06 B8 10 00 00 10 0E FF 01 00 00 00 00 00 00 01 00 00 00 00 00 00 00
2026-03-15T14:12:03.078976,180.181,can0  204  [16]  28 58 C9 44 5C 2A B6 52 4C 1D 30 75 30 75 00 00
2026-03-15T14:12:03.079233,180.182,can0  204  [16]  28 58 C9 44 5C 2A B6 52 4C 1D 30 75 30 75 00 00
2026-03-15T14:12:03.222513,180.325,can0  040  [04]  79 00 10 00
2026-03-15T14:12:03.222913,180.325,can0  041  [04]  1C 01 0D 00
2026-03-15T14:12:03.223339,180.326,can0  204  [16]  28 58 CA 44 62 2A AA 51 4C 1D 30 75 30 75 00 00
2026-03-15T14:12:03.224887,180.327,can0  070  [20]  F1 2A 4D 08 E1 B0 62 03 D0 07 00 00 0C 15 00 00 0F 00 00 00
2026-03-15T14:12:03.225867,180.328,can0  040  [04]  79 00 10 00
2026-03-15T14:12:03.226431,180.329,can0  206  [24]  87 0C A3 05 87 0C D5 EF 90 05 8F 0C 83 0C 00 00 00 00 00 00 00 00 00 00
2026-03-15T14:12:03.227016,180.329,can0  204  [16]  28 58 C8 44 5E 2A A6 50 4C 1D 30 75 30 75 00 00
2026-03-15T14:12:03.322498,180.425,can0  100  [03]  E0 57 04
2026-03-15T14:12:03.323072,180.425,can0  120  [04]  00 00 00 00
2026-03-15T14:12:03.323443,180.426,can0  204  [16]  28 58 C8 44 5E 2A A6 50 4C 1D 30 75 30 75 00 00
2026-03-15T14:12:03.324674,180.427,can0  070  [20]  F1 2A 4D 08 E1 B0 62 03 D0 07 00 00 0C 15 00 00 0F 00 00 00
2026-03-15T14:12:03.422829,180.525,can0  204  [16]  28 58 C8 44 58 2A 84 51 4C 1D 30 75 30 75 00 00
2026-03-15T14:12:03.423388,180.526,can0  204  [16]  28 58 C8 44 58 2A 84 51 4C 1D 30 75 30 75 00 00
2026-03-15T14:12:03.423636,180.526,can0  041  [04]  1B 01 0D 00
2026-03-15T14:12:03.427884,180.530,can0  040  [04]  87 00 0E 00
2026-03-15T14:12:03.484265,180.587,can0  204  [16]  28 58 C9 44 56 2A E2 52 4C 1D 30 75 30 75 00 00
2026-03-15T14:12:03.485198,180.588,can0  040  [04]  87 00 0E 00
2026-03-15T14:12:03.490555,180.593,can0  206  [24]  8B 0C A3 05 7F 0C C5 EF 8E 05 9B 0C 7F 0C 00 00 00 00 00 00 00 00 00 00
2026-03-15T14:12:03.490715,180.593,can0  204  [16]  28 58 C9 44 56 2A E2 52 4C 1D 30 75 30 75 00 00
2026-03-15T14:12:03.605410,180.708,can0  070  [20]  F3 2A 4D 08 DF B0 62 03 B8 0B 00 00 0C 15 00 00 3D 00 00 00
2026-03-15T14:12:03.606282,180.709,can0  204  [16]  28 58 CA 44 5C 2A CF 53 4C 1D 30 75 30 75 00 00
2026-03-15T14:12:03.607453,180.710,can0  070  [20]  F3 2A 4D 08 DF B0 62 03 B8 0B 00 00 0C 15 00 00 3D 00 00 00
2026-03-15T14:12:03.721786,180.824,can0  204  [16]  28 58 CA 44 5C 2A 7B 53 4C 1D 30 75 30 75 00 00
2026-03-15T14:12:03.721889,180.824,can0  041  [04]  1A 01 0E 00
2026-03-15T14:12:03.723333,180.826,can0  070  [20]  F3 2A 4D 08 DF B0 62 03 B8 0B 00 00 0C 15 00 00 3D 00 00 00
2026-03-15T14:12:03.724407,180.827,can0  040  [04]  8A 00 0A 00
2026-03-15T14:12:03.730150,180.833,can0  204  [16]  28 58 CA 44 5C 2A 7B 53 4C 1D 30 75 30 75 00 00
2026-03-15T14:12:03.785448,180.888,can0  040  [04]  8A 00 0A 00
2026-03-15T14:12:03.785545,180.888,can0  206  [24]  8B 0C A8 05 77 0C C5 EF 8E 05 93 0C 83 0C 00 00 00 00 00 00 00 00 00 00
2026-03-15T14:12:03.785613,180.888,can0  204  [16]  28 58 C9 44 58 2A 17 54 4C 1D 30 75 30 75 00 00
2026-03-15T14:12:03.902152,181.005,can0  204  [16]  28 58 C8 44 56 2A EA 52 4C 1D 30 75 30 75 00 00
2026-03-15T14:12:03.904989,181.007,can0  204  [16]  28 58 C8 44 56 2A EA 52 4C 1D 30 75 30 75 00 00
2026-03-15T14:12:04.017575,181.120,can0  040  [04]  6D 00 0A 00
2026-03-15T14:12:04.017641,181.120,can0  041  [04]  10 01 0F 00
2026-03-15T14:12:04.017835,181.120,can0  204  [16]  28 58 C8 44 52 2A BE 52 4C 1D 30 75 30 75 00 00
2026-03-15T14:12:04.022778,181.125,can0  040  [04]  6D 00 0A 00
2026-03-15T14:12:04.022917,181.125,can0  206  [24]  8B 0C A6 05 7B 0C C5 EF 8E 05 93 0C 83 0C 00 00 00 00 00 00 00 00 00 00
2026-03-15T14:12:04.022988,181.125,can0  204  [16]  28 58 C8 44 52 2A 83 52 4C 1D 30 75 30 75 00 00
2026-03-15T14:12:04.081405,181.184,can0  060  [32]  30 EC B8 00 D1 74 4D 08 1C 5A 62 03 01 00 FA 07 4C 00 80 00 00 00 00 00 02 00 00 00 00 00 00 00
2026-03-15T14:12:04.082778,181.185,can0  060  [32]  00 00 00 00 F3 2A 4D 08 34 06 B8 10 00 00 10 0E FF 01 00 00 00 00 00 01 02 00 00 00 00 00 00 00
2026-03-15T14:12:04.083637,181.186,can0  204  [16]  28 58 C8 44 52 2A 83 52 4C 1D 30 75 30 75 00 00
2026-03-15T14:12:04.087860,181.190,can0  110  [02]  7C 1B
2026-03-15T14:12:04.224278,181.327,can0  204  [16]  28 58 C8 44 56 2A 24 53 4C 1D 30 75 30 75 00 00
2026-03-15T14:12:04.225687,181.328,can0  070  [20]  F3 2A 4D 08 DF B0 62 03 B8 0B 00 00 0C 15 00 00 3D 00 00 00
2026-03-15T14:12:04.226075,181.328,can0  204  [16]  28 58 C8 44 56 2A 24 53 4C 1D 30 75 30 75 00 00
2026-03-15T14:12:04.226854,181.329,can0  040  [04]  73 00 0C 00
2026-03-15T14:12:04.227172,181.330,can0  041  [04]  09 01 0E 00
2026-03-15T14:12:04.279648,181.382,can0  204  [16]  28 58 C6 44 54 2A B4 53 4C 1D 30 75 30 75 00 00
2026-03-15T14:12:04.280401,181.383,can0  040  [04]  73 00 0C 00
2026-03-15T14:12:04.280856,181.383,can0  206  [24]  7F 0C A8 05 83 0C A6 EF 92 05 8F 0C 8B 0C 00 00 00 00 00 00 00 00 00 00
2026-03-15T14:12:04.282147,181.385,can0  070  [20]  F3 2A 4D 08 DF B0 62 03 B8 0B 00 00 0C 15 00 00 3D 00 00 00
2026-03-15T14:12:04.282774,181.385,can0  204  [16]  28 58 C6 44 54 2A 51 52 4C 1D 30 75 30 75 00 00
2026-03-15T14:12:04.430833,181.533,can0  204  [16]  28 58 C6 44 54 2A 51 52 4C 1D 30 75 30 75 00 00
2026-03-15T14:12:04.530767,181.633,can0  204  [16]  28 58 C5 44 52 2A 3A 51 4C 1D 30 75 30 75 00 00
2026-03-15T14:12:04.530868,181.633,can0  040  [04]  63 00 0C 00
2026-03-15T14:12:04.531502,181.634,can0  100  [03]  E7 57 04
2026-03-15T14:12:04.532429,181.635,can0  120  [04]  00 00 00 00
2026-03-15T14:12:04.532728,181.635,can0  041  [04]  0B 01 0F 00
2026-03-15T14:12:04.533040,181.635,can0  204  [16]  28 58 C5 44 52 2A 3A 51 4C 1D 30 75 30 75 00 00
2026-03-15T14:12:04.622597,181.725,can0  060  [32]  00 00 00 00 00 00 00 00 00 00 00 00 00 00 00 00 00 00 00 00 00 00 00 00 00 00 00 00 00 00 00 00
2026-03-15T14:12:04.623408,181.726,can0  040  [04]  63 00 0C 00
2026-03-15T14:12:04.623972,181.726,can0  206  [24]  87 0C AA 05 83 0C B6 EF 92 05 9B 0C 7F 0C 00 00 00 00 00 00 00 00 00 00
2026-03-15T14:12:04.624682,181.727,can0  204  [16]  28 58 C7 44 58 2A 9B 51 4C 1D 30 75 30 75 00 00
2026-03-15T14:12:04.625666,181.728,can0  070  [20]  F3 2A 4D 08 DF B0 62 03 A0 0F 00 00 0C 15 00 00 38 00 00 00
2026-03-15T14:12:04.627439,181.730,can0  070  [20]  F3 2A 4D 08 DF B0 62 03 A0 0F 00 00 0C 15 00 00 38 00 00 00
2026-03-15T14:12:04.728294,181.831,can0  204  [16]  28 58 C6 44 52 2A 4C 51 4C 1D 30 75 30 75 00 00
2026-03-15T14:12:04.729849,181.832,can0  070  [20]  F3 2A 4D 08 DF B0 62 03 A0 0F 00 00 0C 15 00 00 38 00 00 00
2026-03-15T14:12:04.735261,181.838,can0  204  [16]  28 58 C6 44 52 2A 4C 51 4C 1D 30 75 30 75 00 00
2026-03-15T14:12:04.822038,181.924,can0  041  [04]  FB 00 0B 00
2026-03-15T14:12:04.822776,181.925,can0  040  [04]  5F 00 0B 00
2026-03-15T14:12:04.824740,181.927,can0  204  [16]  28 58 C7 44 54 2A 69 50 4C 1D 30 75 30 75 00 00
2026-03-15T14:12:04.824821,181.927,can0  040  [04]  5F 00 0B 00
2026-03-15T14:12:04.825201,181.928,can0  206  [24]  83 0C A3 05 73 0C D5 EF 90 05 A3 0C 87 0C 00 00 00 00 00 00 00 00 00 00
2026-03-15T14:12:04.825549,181.928,can0  204  [16]  28 58 C6 44 4E 2A B0 51 4C 1D 30 75 30 75 00 00
2026-03-15T14:12:04.922644,182.025,can0  204  [16]  28 58 C6 44 4E 2A B0 51 4C 1D 30 75 30 75 00 00
2026-03-15T14:12:05.022094,182.124,can0  204  [16]  28 58 C8 44 54 2A 2A 50 4C 1D 30 75 30 75 00 00
2026-03-15T14:12:05.022431,182.125,can0  204  [16]  28 58 C8 44 54 2A 2A 50 4C 1D 30 75 30 75 00 00
2026-03-15T14:12:05.023151,182.126,can0  040  [04]  54 00 12 00
2026-03-15T14:12:05.023692,182.126,can0  041  [04]  F8 00 0C 00
2026-03-15T14:12:05.122968,182.225,can0  060  [32]  00 00 00 00 F3 2A 4D 08 34 06 B8 10 00 00 10 0E FF 01 00 00 00 00 00 00 01 00 00 00 00 00 00 00
2026-03-15T14:12:05.123691,182.226,can0  204  [16]  28 58 C8 44 54 2A 3F 50 4C 1D 30 75 30 75 00 00
2026-03-15T14:12:05.123955,182.226,can0  206  [24]  8B 0C AA 05 7B 0C D5 EF 8E 05 97 0C 7F 0C 00 00 00 00 00 00 00 00 00 00
2026-03-15T14:12:05.124681,182.227,can0  040  [04]  54 00 12 00
2026-03-15T14:12:05.127478,182.230,can0  204  [16]  28 58 C8 44 56 2A 93 50 4C 1D 30 75 30 75 00 00
2026-03-15T14:12:05.222207,182.325,can0  204  [16]  28 58 C8 44 56 2A 93 50 4C 1D 30 75 30 75 00 00
2026-03-15T14:12:05.223587,182.326,can0  070  [20]  F3 2A 4D 08 DF B0 62 03 A0 0F 00 00 0C 15 00 00 38 00 00 00
2026-03-15T14:12:05.322045,182.424,can0  204  [16]  28 58 C9 44 58 2A CA 4F 4C 1D 30 75 30 75 00 00
2026-03-15T14:12:05.322891,182.425,can0  040  [04]  4F 00 1A 00
2026-03-15T14:12:05.323538,182.426,can0  041  [04]  F3 00 0E 00
2026-03-15T14:12:05.323623,182.426,can0  204  [16]  28 58 C9 44 58 2A CA 4F 4C 1D 30 75 30 75 00 00
2026-03-15T14:12:05.324903,182.427,can0  070  [20]  F3 2A 4D 08 DF B0 62 03 A0 0F 00 00 0C 15 00 00 38 00 00 00
2026-03-15T14:12:05.325463,182.428,can0  206  [24]  87 0C A6 05 7B 0C D5 EF 90 05 97 0C 83 0C 00 00 00 00 00 00 00 00 00 00
2026-03-15T14:12:05.422728,182.525,can0  040  [04]  4F 00 1A 00
2026-03-15T14:12:05.423209,182.526,can0  204  [16]  28 58 C9 44 54 2A 74 50 4C 1D 30 75 30 75 00 00
2026-03-15T14:12:05.423629,182.526,can0  204  [16]  28 58 C9 44 58 2A 04 50 4C 1D 30 75 30 75 00 00
2026-03-15T14:12:05.522294,182.625,can0  204  [16]  28 58 C9 44 58 2A 04 50 4C 1D 30 75 30 75 00 00
2026-03-15T14:12:05.622194,182.725,can0  204  [16]  28 58 C9 44 58 2A 04 50 4C 1D 30 75 30 75 00 00
2026-03-15T14:12:05.622460,182.725,can0  060  [32]  00 00 00 00 00 00 00 00 00 00 00 00 00 00 00 00 00 00 00 00 00 00 00 00 00 00 00 00 00 00 00 00
2026-03-15T14:12:05.623241,182.726,can0  040  [04]  58 00 1D 00
2026-03-15T14:12:05.625107,182.727,can0  041  [04]  FA 00 0C 00
2026-03-15T14:12:05.625193,182.728,can0  132  [00]
2026-03-15T14:12:05.625272,182.728,can0  070  [20]  F3 2A 4D 08 DF B0 62 03 88 13 00 00 0C 15 00 00 3B 00 00 00
2026-03-15T14:12:05.625770,182.728,can0  206  [24]  8B 0C A3 05 83 0C D5 EF 92 05 93 0C 7B 0C 00 00 00 00 00 00 00 00 00 00
2026-03-15T14:12:05.626059,182.728,can0  204  [16]  28 58 C9 44 52 2A 23 50 4C 1D 30 75 30 75 00 00
2026-03-15T14:12:05.627312,182.730,can0  070  [20]  F3 2A 4D 08 DF B0 62 03 88 13 00 00 0C 15 00 00 3B 00 00 00
2026-03-15T14:12:05.627983,182.730,can0  040  [04]  58 00 1D 00
2026-03-15T14:12:05.722174,182.825,can0  204  [16]  28 58 C6 44 4C 2A 3B 50 4C 1D 30 75 30 75 00 00
2026-03-15T14:12:05.722954,182.825,can0  100  [03]  E5 57 04
2026-03-15T14:12:05.723175,182.826,can0  110  [02]  7D 1B
2026-03-15T14:12:05.723710,182.826,can0  120  [04]  00 00 00 00
2026-03-15T14:12:05.724720,182.827,can0  070  [20]  F3 2A 4D 08 DF B0 62 03 88 13 00 00 0C 15 00 00 3B 00 00 00
2026-03-15T14:12:05.832260,182.935,can0  204  [16]  28 58 C6 44 5A 2A 12 50 4C 1D 30 75 30 75 00 00
2026-03-15T14:12:05.832360,182.935,can0  204  [16]  28 58 C6 44 5A 2A 12 50 4C 1D 30 75 30 75 00 00
2026-03-15T14:12:05.833111,182.935,can0  040  [04]  5D 00 1F 00
2026-03-15T14:12:05.837401,182.940,can0  041  [04]  0B 01 0E 00
2026-03-15T14:12:05.922140,183.025,can0  204  [16]  28 58 C5 44 54 2A 04 50 4C 1D 30 75 30 75 00 00
2026-03-15T14:12:05.922459,183.025,can0  206  [24]  8B 0C A6 05 7F 0C D5 EF 92 05 93 0C 7F 0C 00 00 00 00 00 00 00 00 00 00
2026-03-15T14:12:05.923246,183.026,can0  040  [04]  5D 00 1F 00
2026-03-15T14:12:05.923718,183.026,can0  204  [16]  28 58 C5 44 54 2A 04 50 4C 1D 30 75 30 75 00 00
2026-03-15T14:12:06.022744,183.125,can0  204  [16]  28 58 C6 44 58 2A 3E 50 4C 1D 30 75 30 75 00 00
2026-03-15T14:12:06.122503,183.225,can0  204  [16]  28 58 C8 44 52 2A 70 50 4C 1D 30 75 30 75 00 00
2026-03-15T14:12:06.122814,183.225,can0  060  [32]  00 00 00 00 00 00 00 00 00 00 00 00 00 00 00 00 00 00 00 00 00 00 00 00 00 00 00 00 00 00 00 00
2026-03-15T14:12:06.123942,183.226,can0  060  [32]  00 00 00 00 F3 2A 4D 08 34 06 B8 10 00 00 10 0E FF 01 00 00 00 00 00 00 01 00 00 00 00 00 00 00
2026-03-15T14:12:06.124681,183.227,can0  041  [04]  0C 01 11 00
2026-03-15T14:12:06.125497,183.228,can0  040  [04]  55 00 19 00
2026-03-15T14:12:06.126592,183.229,can0  204  [16]  28 58 C8 44 52 2A 70 50 4C 1D 30 75 30 75 00 00
2026-03-15T14:12:06.126689,183.229,can0  040  [04]  55 00 19 00
2026-03-15T14:12:06.127445,183.230,can0  206  [24]  8B 0C A3 05 7B 0C C5 EF 92 05 8F 0C 7F 0C 00 00 00 00 00 00 00 00 00 00
2026-03-15T14:12:06.222425,183.325,can0  204  [16]  28 58 C9 44 5E 2A 8F 50 4C 1D 30 75 30 75 00 00
2026-03-15T14:12:06.223829,183.326,can0  070  [20]  F3 2A 4D 08 DF B0 62 03 88 13 00 00 0C 15 00 00 3B 00 00 00
2026-03-15T14:12:06.226161,183.329,can0  204  [16]  28 58 C9 44 5E 2A 8F 50 4C 1D 30 75 30 75 00 00
2026-03-15T14:12:06.322735,183.425,can0  204  [16]  28 58 C6 44 46 2A 1E 50 4C 1D 30 75 30 75 00 00
2026-03-15T14:12:06.323886,183.426,can0  070  [20]  F3 2A 4D 08 DF B0 62 03 88 13 00 00 0C 15 00 00 3B 00 00 00
2026-03-15T14:12:06.324461,183.427,can0  133  [00]
2026-03-15T14:12:06.422237,183.525,can0  204  [16]  28 58 C6 44 52 2A 28 50 4C 1D 30 75 30 75 00 00
2026-03-15T14:12:06.423000,183.525,can0  040  [04]  4D 00 1D 00
2026-03-15T14:12:06.423654,183.526,can0  041  [04]  0D 01 16 00
2026-03-15T14:12:06.423736,183.526,can0  206  [24]  87 0C A6 05 7F 0C C5 EF 90 05 93 0C 83 0C 00 00 00 00 00 00 00 00 00 00
2026-03-15T14:12:06.427192,183.530,can0  040  [04]  4D 00 1D 00
2026-03-15T14:12:06.427283,183.530,can0  204  [16]  28 58 C6 44 52 2A 28 50 4C 1D 30 75 30 75 00 00
2026-03-15T14:12:06.522863,183.625,can0  204  [16]  28 58 C5 44 5A 2A D1 50 4C 1D 30 75 30 75 00 00
2026-03-15T14:12:06.523208,183.626,can0  204  [16]  28 58 C5 44 5A 2A D1 50 4C 1D 30 75 30 75 00 00
2026-03-15T14:12:06.623089,183.725,can0  070  [20]  F3 2A 4D 08 DF B0 62 03 70 17 00 00 0C 15 00 00 29 00 00 00
2026-03-15T14:12:06.623450,183.726,can0  060  [32]  00 00 00 00 00 00 00 00 00 00 00 00 00 00 00 00 00 00 00 00 00 00 00 00 00 00 00 00 00 00 00 00
2026-03-15T14:12:06.723484,183.826,can0  070  [20]  F3 2A 4D 08 DF B0 62 03 70 17 00 00 0C 15 00 00 28 00 00 00
2026-03-15T14:12:06.723869,183.826,can0  204  [16]  28 58 C8 44 58 2A C0 50 4C 1D 30 75 30 75 00 00
2026-03-15T14:12:06.724628,183.827,can0  040  [04]  4C 00 1F 00
2026-03-15T14:12:06.726676,183.829,can0  041  [04]  02 01 13 00
2026-03-15T14:12:06.726761,183.829,can0  204  [16]  28 58 C9 44 64 2A 3E 50 4C 1D 30 75 30 75 00 00
2026-03-15T14:12:06.726829,183.829,can0  206  [24]  87 0C A8 05 83 0C E4 EF 90 05 8F 0C 7F 0C 00 00 00 00 00 00 00 00 00 00
2026-03-15T14:12:06.726894,183.829,can0  070  [20]  F3 2A 4D 08 DF B0 62 03 70 17 00 00 0C 15 00 00 28 00 00 00
2026-03-15T14:12:06.727605,183.830,can0  040  [04]  4C 00 1F 00
2026-03-15T14:12:06.730220,183.833,can0  204  [16]  28 58 C9 44 64 2A 3E 50 4C 1D 30 75 30 75 00 00
2026-03-15T14:12:06.822604,183.925,can0  204  [16]  28 58 C9 44 60 2A 65 51 4C 1D 30 75 30 75 00 00
2026-03-15T14:12:06.934931,184.037,can0  204  [16]  28 58 C8 44 56 2A 08 50 4C 1D 30 75 30 75 00 00
2026-03-15T14:12:06.936873,184.039,can0  040  [04]  51 00 22 00
2026-03-15T14:12:06.936968,184.039,can0  100  [03]  E6 57 04
2026-03-15T14:12:06.937746,184.040,can0  120  [04]  00 00 00 00
2026-03-15T14:12:06.938079,184.040,can0  041  [04]  FA 00 0F 00
2026-03-15T14:12:06.938444,184.041,can0  204  [16]  28 58 C8 44 56 2A 08 50 4C 1D 30 75 30 75 00 00
2026-03-15T14:12:06.988540,184.091,can0  206  [24]  8B 0C A6 05 7B 0C C5 EF 90 05 9B 0C 7B 0C 00 00 00 00 00 00 00 00 00 00
2026-03-15T14:12:06.992535,184.095,can0  040  [04]  51 00 22 00
2026-03-15T14:12:06.992631,184.095,can0  204  [16]  28 58 C7 44 5E 2A 03 50 4C 1D 30 75 30 75 00 00
2026-03-15T14:12:06.992701,184.095,can0  204  [16]  28 58 C7 44 5E 2A 03 50 4C 1D 30 75 30 75 00 00
2026-03-15T14:12:07.123416,184.226,can0  060  [32]  00 00 00 00 F3 2A 4D 08 34 06 B8 10 00 00 10 0E FF 01 00 00 00 00 00 00 01 00 00 00 00 00 00 00
2026-03-15T14:12:07.124514,184.227,can0  204  [16]  28 58 C7 44 54 2A C4 50 4C 1D 30 75 30 75 00 00
2026-03-15T14:12:07.222269,184.325,can0  204  [16]  28 58 CA 44 5E 2A A8 50 4C 1D 30 75 30 75 00 00
2026-03-15T14:12:07.222486,184.325,can0  041  [04]  E7 00 0F 00
2026-03-15T14:12:07.223234,184.326,can0  040  [04]  53 00 21 00
2026-03-15T14:12:07.224935,184.327,can0  070  [20]  F3 2A 4D 08 DF B0 62 03 70 17 00 00 0C 15 00 00 28 00 00 00
2026-03-15T14:12:07.225346,184.328,can0  206  [24]  8F 0C A3 05 7B 0C D5 EF 90 05 9B 0C 7B 0C 00 00 00 00 00 00 00 00 00 00
2026-03-15T14:12:07.225674,184.328,can0  204  [16]  28 58 CA 44 5E 2A A8 50 4C 1D 30 75 30 75 00 00
2026-03-15T14:12:07.226407,184.329,can0  040  [04]  53 00 21 00
2026-03-15T14:12:07.322184,184.425,can0  204  [16]  28 58 C8 44 58 2A 2A 51 4C 1D 30 75 30 75 00 00
2026-03-15T14:12:07.322529,184.425,can0  110  [02]  7B 1B
2026-03-15T14:12:07.323841,184.426,can0  070  [20]  F3 2A 4D 08 DF B0 62 03 70 17 00 00 0C 15 00 00 28 00 00 00
2026-03-15T14:12:07.422322,184.525,can0  204  [16]  28 58 C8 44 6A 2A 9B 51 4C 1D 30 75 30 75 00 00
2026-03-15T14:12:07.422647,184.525,can0  204  [16]  28 58 C8 44 6A 2A 9B 51 4C 1D 30 75 30 75 00 00
2026-03-15T14:12:07.422912,184.525,can0  041  [04]  E7 00 0F 00
2026-03-15T14:12:07.423746,184.526,can0  040  [04]  4D 00 1B 00
2026-03-15T14:12:07.530896,184.633,can0  204  [16]  28 58 C8 44 58 2A F8 50 4C 1D 30 75 30 75 00 00
2026-03-15T14:12:07.540978,184.643,can0  206  [24]  93 0C A8 05 7B 0C E4 EF 90 05 97 0C 77 0C 00 00 00 00 00 00 00 00 00 00
2026-03-15T14:12:07.541189,184.644,can0  040  [04]  4D 00 1B 00
2026-03-15T14:12:07.541286,184.644,can0  204  [16]  28 58 C8 44 58 2A F8 50 4C 1D 30 75 30 75 00 00
2026-03-15T14:12:07.592821,184.695,can0  204  [16]  28 58 C7 44 60 2A 89 50 4C 1D 30 75 30 75 00 00
2026-03-15T14:12:07.594318,184.697,can0  070  [20]  F4 2A 4D 08 E1 B0 62 03 58 1B 00 00 0C 15 00 00 1A 00 00 00
2026-03-15T14:12:07.601138,184.704,can0  060  [32]  00 00 00 00 00 00 00 00 00 00 00 00 00 00 00 00 00 00 00 00 00 00 00 00 00 00 00 00 00 00 00 00
2026-03-15T14:12:07.601253,184.704,can0  070  [20]  F4 2A 4D 08 E1 B0 62 03 58 1B 00 00 0C 15 00 00 1A 00 00 00
2026-03-15T14:12:07.601338,184.704,can0  204  [16]  28 58 C6 44 5E 2A 4F 51 4C 1D 30 75 30 75 00 00
2026-03-15T14:12:07.722487,184.825,can0  040  [04]  47 00 19 00
2026-03-15T14:12:07.723176,184.826,can0  041  [04]  E2 00 11 00
2026-03-15T14:12:07.723668,184.826,can0  204  [16]  28 58 C6 44 5E 2A 4F 51 4C 1D 30 75 30 75 00 00
2026-03-15T14:12:07.725198,184.828,can0  070  [20]  F4 2A 4D 08 E1 B0 62 03 58 1B 00 00 0C 15 00 00 1A 00 00 00
2026-03-15T14:12:07.725700,184.828,can0  206  [24]  8B 0C A8 05 77 0C B6 EF 8E 05 9F 0C 83 0C 00 00 00 00 00 00 00 00 00 00
2026-03-15T14:12:07.822658,184.925,can0  040  [04]  47 00 19 00
2026-03-15T14:12:07.825751,184.928,can0  204  [16]  28 58 C5 44 64 2A 4F 50 4C 1D 30 75 30 75 00 00
2026-03-15T14:12:07.825826,184.928,can0  204  [16]  28 58 C5 44 64 2A 4F 50 4C 1D 30 75 30 75 00 00
2026-03-15T14:12:07.922483,185.025,can0  204  [16]  28 58 C8 44 64 2A E1 50 4C 1D 30 75 30 75 00 00
2026-03-15T14:12:07.922610,185.025,can0  204  [16]  28 58 C7 44 52 2A D8 50 4C 1D 30 75 30 75 00 00
2026-03-15T14:12:07.923281,185.026,can0  040  [04]  43 00 19 00
2026-03-15T14:12:08.022664,185.125,can0  041  [04]  E6 00 13 00
2026-03-15T14:12:08.022993,185.125,can0  206  [24]  8B 0C AA 05 73 0C D5 EF 92 05 97 0C 83 0C 00 00 00 00 00 00 00 00 00 00
2026-03-15T14:12:08.023344,185.126,can0  204  [16]  28 58 C7 44 52 2A D8 50 4C 1D 30 75 30 75 00 00
2026-03-15T14:12:08.024123,185.126,can0  040  [04]  43 00 19 00
2026-03-15T14:12:08.122141,185.225,can0  204  [16]  28 58 C6 44 60 2A 32 51 4C 1D 30 75 30 75 00 00
2026-03-15T14:12:08.122614,185.225,can0  060  [32]  00 00 00 00 00 00 00 00 00 00 00 00 00 00 00 00 00 00 00 00 00 00 00 00 00 00 00 00 00 00 00 00
2026-03-15T14:12:08.123280,185.226,can0  100  [03]  E5 57 04
2026-03-15T14:12:08.123876,185.226,can0  120  [04]  00 00 00 00
2026-03-15T14:12:08.124955,185.227,can0  060  [32]  00 00 00 00 F4 2A 4D 08 36 06 B8 10 00 00 10 0E FF 01 00 00 00 00 00 00 01 00 00 00 00 00 00 00
2026-03-15T14:12:08.125788,185.228,can0  204  [16]  28 58 C6 44 60 2A 32 51 4C 1D 30 75 30 75 00 00
2026-03-15T14:12:08.222411,185.325,can0  204  [16]  28 58 C8 44 54 2A BA 50 4C 1D 30 75 30 75 00 00
2026-03-15T14:12:08.223416,185.326,can0  070  [20]  F4 2A 4D 08 E1 B0 62 03 58 1B 00 00 0C 15 00 00 1A 00 00 00
2026-03-15T14:12:08.224315,185.327,can0  041  [04]  D9 00 13 00
2026-03-15T14:12:08.225041,185.327,can0  040  [04]  41 00 18 00
2026-03-15T14:12:08.228065,185.330,can0  204  [16]  28 58 C8 44 58 2A 85 50 4C 1D 30 75 30 75 00 00
2026-03-15T14:12:08.323471,185.426,can0  206  [24]  8F 0C AA 05 7F 0C C5 EF 8B 05 8F 0C 7B 0C 00 00 00 00 00 00 00 00 00 00
2026-03-15T14:12:08.323570,185.426,can0  040  [04]  41 00 18 00
2026-03-15T14:12:08.325540,185.428,can0  204  [16]  28 58 C8 44 58 2A 85 50 4C 1D 30 75 30 75 00 00
2026-03-15T14:12:08.325648,185.428,can0  070  [20]  F4 2A 4D 08 E1 B0 62 03 58 1B 00 00 0C 15 00 00 1A 00 00 00
2026-03-15T14:12:08.428909,185.531,can0  204  [16]  28 58 C8 44 5A 2A 49 51 4C 1D 30 75 30 75 00 00
2026-03-15T14:12:08.429156,185.532,can0  204  [16]  28 58 C6 44 5A 2A A3 50 4C 1D 30 75 30 75 00 00
2026-03-15T14:12:08.528064,185.630,can0  204  [16]  28 58 C6 44 5A 2A A3 50 4C 1D 30 75 30 75 00 00
2026-03-15T14:12:08.529887,185.632,can0  041  [04]  D9 00 15 00
2026-03-15T14:12:08.529981,185.632,can0  040  [04]  38 00 19 00
2026-03-15T14:12:08.530050,185.632,can0  040  [04]  38 00 19 00
2026-03-15T14:12:08.533162,185.636,can0  206  [24]  6F 0C A3 05 9F 0C C5 EF 8B 05 8F 0C 7B 0C 00 00 00 00 00 00 00 00 00 00
2026-03-15T14:12:08.630421,185.733,can0  204  [16]  28 58 C6 44 5A 2A A3 50 4C 1D 30 75 30 75 00 00
2026-03-15T14:12:08.632017,185.734,can0  070  [20]  F4 2A 4D 08 E1 B0 62 03 40 1F 00 00 0C 15 00 00 36 00 00 00
2026-03-15T14:12:08.633547,185.736,can0  070  [20]  F4 2A 4D 08 E1 B0 62 03 40 1F 00 00 0C 15 00 00 36 00 00 00
2026-03-15T14:12:08.634084,185.736,can0  060  [32]  00 00 00 00 00 00 00 00 00 00 00 00 00 00 00 00 00 00 00 00 00 00 00 00 00 00 00 00 00 00 00 00
2026-03-15T14:12:08.634507,185.737,can0  204  [16]  28 58 C8 44 52 2A AB 50 4C 1D 30 75 30 75 00 00
2026-03-15T14:12:08.723353,185.826,can0  204  [16]  28 58 C8 44 5A 2A 62 51 4C 1D 30 75 30 75 00 00
2026-03-15T14:12:08.724705,185.827,can0  070  [20]  F4 2A 4D 08 E1 B0 62 03 40 1F 00 00 0C 15 00 00 36 00 00 00
2026-03-15T14:12:08.725184,185.828,can0  204  [16]  28 58 C7 44 56 2A 5B 51 4C 1D 30 75 30 75 00 00
2026-03-15T14:12:08.827382,185.930,can0  040  [04]  34 00 1B 00
2026-03-15T14:12:08.827466,185.930,can0  041  [04]  CF 00 13 00
2026-03-15T14:12:08.827505,185.930,can0  040  [04]  34 00 1B 00
2026-03-15T14:12:08.827541,185.930,can0  204  [16]  28 58 C7 44 56 2A 5B 51 4C 1D 30 75 30 75 00 00
2026-03-15T14:12:08.827577,185.930,can0  206  [24]  8B 0C A3 05 7B 0C F4 EF 90 05 9F 0C 7F 0C 00 00 00 00 00 00 00 00 00 00
2026-03-15T14:12:08.924643,186.027,can0  204  [16]  28 58 C8 44 5A 2A 36 4E 4C 1D 30 75 30 75 00 00
2026-03-15T14:12:08.924885,186.027,can0  110  [02]  7A 1B
2026-03-15T14:12:08.925237,186.028,can0  204  [16]  28 58 C8 44 5A 2A 36 4E 4C 1D 30 75 30 75 00 00
2026-03-15T14:12:09.028780,186.131,can0  204  [16]  28 58 CA 44 58 2A DA 4E 4C 1D 30 75 30 75 00 00
2026-03-15T14:12:09.029548,186.132,can0  040  [04]  2A 00 1F 00
2026-03-15T14:12:09.032778,186.135,can0  041  [04]  D3 00 10 00
2026-03-15T14:12:09.032869,186.135,can0  204  [16]  28 58 CA 44 58 2A 82 4F 4C 1D 30 75 30 75 00 00
2026-03-15T14:12:09.121889,186.224,can0  206  [24]  8B 0C A1 05 77 0C C5 EF 90 05 9B 0C 7F 0C 00 00 00 00 00 00 00 00 00 00
2026-03-15T14:12:09.124615,186.227,can0  040  [04]  2A 00 1F 00
2026-03-15T14:12:09.124713,186.227,can0  204  [16]  28 58 CA 44 58 2A 82 4F 4C 1D 30 75 30 75 00 00
2026-03-15T14:12:09.124781,186.227,can0  060  [32]  00 00 00 00 F4 2A 4D 08 36 06 B8 10 00 00 10 0E FF 01 00 00 00 00 00 00 01 00 00 00 00 00 00 00
2026-03-15T14:12:09.222527,186.325,can0  204  [16]  28 58 C6 44 58 2A FC 4D 4C 1D 30 75 30 75 00 00
2026-03-15T14:12:09.223846,186.326,can0  070  [20]  F4 2A 4D 08 E1 B0 62 03 40 1F 00 00 0C 15 00 00 36 00 00 00
2026-03-15T14:12:09.224552,186.327,can0  204  [16]  28 58 C6 44 58 2A FC 4D 4C 1D 30 75 30 75 00 00
2026-03-15T14:12:09.336759,186.439,can0  040  [04]  2C 00 1A 00
2026-03-15T14:12:09.337517,186.440,can0  204  [16]  28 58 C8 44 56 2A BD 4E 4C 1D 30 75 30 75 00 00
2026-03-15T14:12:09.337596,186.440,can0  041  [04]  E1 00 11 00
2026-03-15T14:12:09.338832,186.441,can0  100  [03]  E3 57 04
2026-03-15T14:12:09.339531,186.442,can0  120  [04]  00 00 00 00
2026-03-15T14:12:09.340814,186.443,can0  070  [20]  F4 2A 4D 08 E1 B0 62 03 40 1F 00 00 0C 15 00 00 36 00 00 00
2026-03-15T14:12:09.342010,186.444,can0  040  [04]  2C 00 1A 00
2026-03-15T14:12:09.344765,186.447,can0  204  [16]  28 58 C8 44 5A 2A E2 4F 4C 1D 30 75 30 75 00 00
2026-03-15T14:12:09.402000,186.504,can0  206  [24]  87 0C A6 05 7B 0C C5 EF 8B 05 9B 0C 83 0C 00 00 00 00 00 00 00 00 00 00
2026-03-15T14:12:09.407108,186.509,can0  204  [16]  28 58 C8 44 5A 2A E2 4F 4C 1D 30 75 30 75 00 00
2026-03-15T14:12:09.525903,186.628,can0  204  [16]  28 58 CA 44 4A 2A 7A 50 4C 1D 30 75 30 75 00 00
2026-03-15T14:12:09.601820,186.704,can0  204  [16]  28 58 CA 44 4A 2A 7A 50 4C 1D 30 75 30 75 00 00
2026-03-15T14:12:09.602112,186.704,can0  041  [04]  E4 00 13 00
2026-03-15T14:12:09.603851,186.706,can0  070  [20]  F4 2A 4D 08 E1 B0 62 03 28 23 00 00 0C 15 00 00 21 00 00 00
2026-03-15T14:12:09.605635,186.708,can0  040  [04]  27 00 1D 00
2026-03-15T14:12:09.605724,186.708,can0  206  [24]  83 0C A6 05 7F 0C D5 EF 90 05 93 0C 87 0C 00 00 00 00 00 00 00 00 00 00
2026-03-15T14:12:09.606066,186.708,can0  204  [16]  28 58 C9 44 54 2A 8B 50 4C 1D 30 75 30 75 00 00
2026-03-15T14:12:09.607835,186.710,can0  070  [20]  F4 2A 4D 08 E1 B0 62 03 28 23 00 00 0C 15 00 00 21 00 00 00
2026-03-15T14:12:09.609216,186.712,can0  040  [04]  27 00 1D 00
2026-03-15T14:12:09.732270,186.835,can0  204  [16]  28 58 C7 44 4A 2A 13 51 4C 1D 30 75 30 75 00 00
2026-03-15T14:12:09.733897,186.836,can0  070  [20]  F4 2A 4D 08 E1 B0 62 03 28 23 00 00 0C 15 00 00 21 00 00 00
2026-03-15T14:12:09.740993,186.843,can0  204  [16]  28 58 C7 44 4A 2A 13 51 4C 1D 30 75 30 75 00 00
2026-03-15T14:12:09.794266,186.897,can0  204  [16]  28 58 C8 44 58 2A 12 51 4C 1D 30 75 30 75 00 00
2026-03-15T14:12:09.795354,186.898,can0  040  [04]  24 00 1F 00
2026-03-15T14:12:09.795821,186.898,can0  041  [04]  E7 00 14 00
2026-03-15T14:12:09.921911,187.024,can0  204  [16]  28 58 C6 44 56 2A 8B 50 4C 1D 30 75 30 75 00 00
2026-03-15T14:12:09.922019,187.024,can0  040  [04]  24 00 1F 00
2026-03-15T14:12:09.922493,187.025,can0  206  [24]  8F 0C A6 05 7F 0C D5 EF 87 05 97 0C 7B 0C 00 00 00 00 00 00 00 00 00 00
2026-03-15T14:12:09.928130,187.031,can0  204  [16]  28 58 C6 44 56 2A 8B 50 4C 1D 30 75 30 75 00 00
2026-03-15T14:12:10.046767,187.149,can0  204  [16]  28 58 C9 44 54 2A DE 50 4C 1D 30 75 30 75 00 00
2026-03-15T14:12:10.047128,187.149,can0  204  [16]  28 58 C9 44 54 2A DE 50 4C 1D 30 75 30 75 00 00
2026-03-15T14:12:10.111763,187.214,can0  204  [16]  28 58 C9 44 56 2A 42 50 4C 1D 30 75 30 75 00 00
2026-03-15T14:12:10.111871,187.214,can0  040  [04]  23 00 1F 00
2026-03-15T14:12:10.112220,187.215,can0  041  [04]  EC 00 15 00
2026-03-15T14:12:10.112747,187.215,can0  206  [24]  83 0C A8 05 87 0C C5 EF 89 05 8F 0C 83 0C 00 00 00 00 00 00 00 00 00 00
2026-03-15T14:12:10.114766,187.217,can0  060  [32]  C8 95 D6 02 D8 28 4D 08 57 36 B8 10 00 00 10 0E FF 01 00 00 00 00 00 00 02 00 00 00 00 00 00 00
2026-03-15T14:12:10.116155,187.219,can0  060  [32]  00 00 00 00 F4 2A 4D 08 36 06 B8 10 00 00 10 0E FF 01 00 00 00 00 00 01 02 00 00 00 00 00 00 00
2026-03-15T14:12:10.213361,187.316,can0  204  [16]  28 58 C8 44 4E 2A AF 50 4C 1D 30 75 30 75 00 00
2026-03-15T14:12:10.213463,187.316,can0  040  [04]  23 00 1F 00
2026-03-15T14:12:10.213821,187.316,can0  204  [16]  28 58 C8 44 4E 2A AF 50 4C 1D 30 75 30 75 00 00
2026-03-15T14:12:10.215600,187.318,can0  070  [20]  F4 2A 4D 08 E1 B0 62 03 28 23 00 00 0C 15 00 00 21 00 00 00
2026-03-15T14:12:10.330092,187.432,can0  204  [16]  28 58 C7 44 54 2A 14 50 4C 1D 30 75 30 75 00 00
2026-03-15T14:12:10.330343,187.433,can0  204  [16]  28 58 C7 44 54 2A 14 50 4C 1D 30 75 30 75 00 00
2026-03-15T14:12:10.331678,187.434,can0  070  [20]  F4 2A 4D 08 E1 B0 62 03 28 23 00 00 0C 15 00 00 21 00 00 00
2026-03-15T14:12:10.332584,187.435,can0  040  [04]  23 00 20 00
2026-03-15T14:12:10.421909,187.524,can0  041  [04]  DD 00 15 00
2026-03-15T14:12:10.522654,187.625,can0  204  [16]  28 58 C7 44 4E 2A 51 4F 4C 1D 30 75 30 75 00 00
2026-03-15T14:12:10.523035,187.625,can0  206  [24]  87 0C A6 05 7F 0C 76 EF 8E 05 97 0C 7F 0C 00 00 00 00 00 00 00 00 00 00
2026-03-15T14:12:10.523855,187.626,can0  040  [04]  23 00 20 00
2026-03-15T14:12:10.524359,187.627,can0  204  [16]  28 58 C7 44 5A 2A 88 4E 4C 1D 30 75 30 75 00 00
2026-03-15T14:12:10.525506,187.628,can0  100  [03]  DE 57 04
2026-03-15T14:12:10.525598,187.628,can0  110  [02]  7D 1B
2026-03-15T14:12:10.526416,187.629,can0  120  [04]  00 00 00 00
2026-03-15T14:12:10.529779,187.632,can0  204  [16]  28 58 C7 44 5A 2A 88 4E 4C 1D 30 75 30 75 00 00
2026-03-15T14:12:10.622834,187.725,can0  204  [16]  28 58 C7 44 5A 2A 88 4E 4C 1D 30 75 30 75 00 00
2026-03-15T14:12:10.624177,187.727,can0  070  [20]  F6 2A 4D 08 E1 B0 62 03 10 27 00 00 0C 15 00 00 04 00 00 00
2026-03-15T14:12:10.625437,187.728,can0  070  [20]  F6 2A 4D 08 E1 B0 62 03 10 27 00 00 0C 15 00 00 04 00 00 00
2026-03-15T14:12:10.626008,187.728,can0  041  [04]  CD 00 14 00
2026-03-15T14:12:10.626335,187.729,can0  060  [32]  00 00 00 00 00 00 00 00 00 00 00 00 00 00 00 00 00 00 00 00 00 00 00 00 00 00 00 00 00 00 00 00
2026-03-15T14:12:10.627302,187.730,can0  040  [04]  23 00 23 00
2026-03-15T14:12:10.628027,187.730,can0  204  [16]  28 58 C6 44 62 2A 3F 4F 4C 1D 30 75 30 75 00 00
2026-03-15T14:12:10.729408,187.832,can0  206  [24]  87 0C AA 05 77 0C E4 EF 8B 05 97 0C 87 0C 00 00 00 00 00 00 00 00 00 00
2026-03-15T14:12:10.730379,187.833,can0  040  [04]  23 00 23 00
2026-03-15T14:12:10.732238,187.835,can0  070  [20]  F6 2A 4D 08 E1 B0 62 03 10 27 00 00 0C 15 00 00 04 00 00 00
2026-03-15T14:12:10.732893,187.835,can0  204  [16]  28 58 C6 44 62 2A 3F 4F 4C 1D 30 75 30 75 00 00
2026-03-15T14:12:10.793031,187.895,can0  204  [16]  28 58 C8 44 52 2A 53 4F 4C 1D 30 75 30 75 00 00
2026-03-15T14:12:10.793125,187.895,can0  204  [16]  28 58 C8 44 52 2A 53 4F 4C 1D 30 75 30 75 00 00
2026-03-15T14:12:10.912863,188.015,can0  204  [16]  28 58 C8 44 4C 2A E8 4F 4C 1D 30 75 30 75 00 00
2026-03-15T14:12:10.913276,188.016,can0  041  [04]  C4 00 10 00
2026-03-15T14:12:10.915126,188.018,can0  040  [04]  21 00 24 00
2026-03-15T14:12:10.915232,188.018,can0  040  [04]  21 00 24 00
2026-03-15T14:12:10.922457,188.025,can0  206  [24]  87 0C A6 05 7B 0C C5 EF 90 05 9F 0C 7F 0C 00 00 00 00 00 00 00 00 00 00
2026-03-15T14:12:10.922560,188.025,can0  204  [16]  28 58 C8 44 54 2A 8C 4F 4C 1D 30 75 30 75 00 00
2026-03-15T14:12:11.027987,188.130,can0  204  [16]  28 58 C8 44 54 2A 8C 4F 4C 1D 30 75 30 75 00 00
2026-03-15T14:12:11.123982,188.226,can0  204  [16]  28 58 C7 44 5E 2A 58 50 4C 1D 30 75 30 75 00 00
2026-03-15T14:12:11.126000,188.228,can0  204  [16]  28 58 C7 44 5E 2A 58 50 4C 1D 30 75 30 75 00 00
2026-03-15T14:12:11.126136,188.229,can0  060  [32]  00 00 00 00 F6 2A 4D 08 36 06 B8 10 00 00 10 0E FF 01 00 00 00 00 00 00 01 00 00 00 00 00 00 00
2026-03-15T14:12:11.127736,188.230,can0  040  [04]  25 00 24 00
2026-03-15T14:12:11.131457,188.234,can0  041  [04]  D1 00 10 00
2026-03-15T14:12:11.244166,188.347,can0  204  [16]  28 58 C7 44 64 2A 3D 51 4C 1D 30 75 30 75 00 00
2026-03-15T14:12:11.245496,188.348,can0  070  [20]  F6 2A 4D 08 E1 B0 62 03 10 27 00 00 0C 15 00 00 04 00 00 00
2026-03-15T14:12:11.247291,188.350,can0  040  [04]  25 00 24 00
2026-03-15T14:12:11.247376,188.350,can0  206  [24]  7F 0C A6 05 7F 0C D5 EF 92 05 9B 0C 83 0C 00 00 00 00 00 00 00 00 00 00
2026-03-15T14:12:11.247682,188.350,can0  204  [16]  28 58 C9 44 5C 2A 8B 50 4C 1D 30 75 30 75 00 00
2026-03-15T14:12:11.308247,188.411,can0  204  [16]  28 58 C9 44 5C 2A 8B 50 4C 1D 30 75 30 75 00 00
2026-03-15T14:12:11.309908,188.412,can0  070  [20]  F6 2A 4D 08 E1 B0 62 03 10 27 00 00 0C 15 00 00 04 00 00 00
2026-03-15T14:12:11.395263,188.498,can0  204  [16]  28 58 C8 44 5A 2A DC 50 4C 1D 30 75 30 75 00 00
2026-03-15T14:12:11.396024,188.498,can0  040  [04]  2C 00 21 00
2026-03-15T14:12:11.396447,188.499,can0  204  [16]  28 58 C8 44 5A 2A DC 50 4C 1D 30 75 30 75 00 00
2026-03-15T14:12:11.396944,188.499,can0  041  [04]  BA 00 13 00
2026-03-15T14:12:11.522388,188.625,can0  206  [24]  87 0C A6 05 77 0C C5 EF 90 05 9B 0C 83 0C 00 00 00 00 00 00 00 00 00 00
2026-03-15T14:12:11.523148,188.626,can0  040  [04]  2C 00 21 00
2026-03-15T14:12:11.528788,188.631,can0  204  [16]  28 58 C8 44 62 2A 53 51 4C 1D 30 75 30 75 00 00
2026-03-15T14:12:11.528883,188.631,can0  204  [16]  28 58 C8 44 62 2A 53 51 4C 1D 30 75 30 75 00 00
2026-03-15T14:12:11.624042,188.726,can0  070  [20]  F6 2A 4D 08 E3 B0 62 03 F8 2A 00 00 0C 15 00 00 29 00 00 00
2026-03-15T14:12:11.625367,188.728,can0  070  [20]  F6 2A 4D 08 E3 B0 62 03 F8 2A 00 00 0C 15 00 00 29 00 00 00
2026-03-15T14:12:11.626511,188.729,can0  204  [16]  28 58 C8 44 5E 2A 2D 50 4C 1D 30 75 30 75 00 00
2026-03-15T14:12:11.626842,188.729,can0  060  [32]  00 00 00 00 00 00 00 00 00 00 00 00 00 00 00 00 00 00 00 00 00 00 00 00 00 00 00 00 00 00 00 00
2026-03-15T14:12:11.741264,188.844,can0  040  [04]  2C 00 1C 00
2026-03-15T14:12:11.741712,188.844,can0  204  [16]  28 58 C9 44 5E 2A 48 51 4C 1D 30 75 30 75 00 00
2026-03-15T14:12:11.742131,188.845,can0  041  [04]  C8 00 11 00
2026-03-15T14:12:11.743046,188.845,can0  100  [03]  DD 57 04
2026-03-15T14:12:11.743765,188.846,can0  120  [04]  00 00 00 00
2026-03-15T14:12:11.745418,188.848,can0  070  [20]  F6 2A 4D 08 E3 B0 62 03 F8 2A 00 00 0C 15 00 00 29 00 00 00
2026-03-15T14:12:11.746544,188.849,can0  040  [04]  2C 00 1C 00
2026-03-15T14:12:11.751135,188.854,can0  204  [16]  28 58 C8 44 56 2A 4D 51 4C 1D 30 75 30 75 00 00
2026-03-15T14:12:11.751244,188.854,can0  206  [24]  87 0C A3 05 7B 0C B6 EF 90 05 97 0C 7F 0C 00 00 00 00 00 00 00 00 00 00
2026-03-15T14:12:11.807984,188.910,can0  204  [16]  28 58 C8 44 56 2A 4D 51 4C 1D 30 75 30 75 00 00
2026-03-15T14:12:11.922047,189.024,can0  204  [16]  28 58 C6 44 5A 2A 1E 51 4C 1D 30 75 30 75 00 00
2026-03-15T14:12:11.922645,189.025,can0  204  [16]  28 58 C6 44 5A 2A 1E 51 4C 1D 30 75 30 75 00 00
2026-03-15T14:12:11.922750,189.025,can0  041  [04]  CF 00 11 00
2026-03-15T14:12:11.923724,189.026,can0  040  [04]  2A 00 15 00
2026-03-15T14:12:12.042626,189.145,can0  204  [16]  28 58 C6 44 5E 2A FD 50 4C 1D 30 75 30 75 00 00
2026-03-15T14:12:12.043005,189.145,can0  206  [24]  8B 0C A6 05 7B 0C C5 EF 90 05 9B 0C 7F 0C 00 00 00 00 00 00 00 00 00 00
2026-03-15T14:12:12.043914,189.146,can0  040  [04]  2A 00 15 00
2026-03-15T14:12:12.044319,189.147,can0  204  [16]  28 58 C7 44 56 2A AE 51 4C 1D 30 75 30 75 00 00
2026-03-15T14:12:12.126983,189.229,can0  204  [16]  28 58 C7 44 56 2A AE 51 4C 1D 30 75 30 75 00 00
2026-03-15T14:12:12.127207,189.230,can0  110  [02]  7C 1B
2026-03-15T14:12:12.127468,189.230,can0  060  [32]  00 00 00 00 00 00 00 00 00 00 00 00 00 00 00 00 00 00 00 00 00 00 00 00 00 00 00 00 00 00 00 00
2026-03-15T14:12:12.128753,189.231,can0  060  [32]  00 00 00 00 F6 2A 4D 08 37 06 B8 10 00 00 10 0E FF 01 00 00 00 00 00 00 01 00 00 00 00 00 00 00
2026-03-15T14:12:12.222416,189.325,can0  204  [16]  28 58 C8 44 58 2A 80 51 4C 1D 30 75 30 75 00 00
2026-03-15T14:12:12.222771,189.325,can0  204  [16]  28 58 C8 44 58 2A 80 51 4C 1D 30 75 30 75 00 00
2026-03-15T14:12:12.224112,189.326,can0  070  [20]  F6 2A 4D 08 E3 B0 62 03 F8 2A 00 00 0C 15 00 00 29 00 00 00
2026-03-15T14:12:12.225058,189.327,can0  040  [04]  21 00 16 00
2026-03-15T14:12:12.225661,189.328,can0  041  [04]  CB 00 0F 00
2026-03-15T14:12:12.226102,189.328,can0  206  [24]  87 0C A3 05 7B 0C 77 F0 90 05 9F 0C 83 0C 00 00 00 00 00 00 00 00 00 00
2026-03-15T14:12:12.322714,189.425,can0  040  [04]  21 00 16 00
2026-03-15T14:12:12.323186,189.426,can0  204  [16]  28 58 C7 44 5A 2A CA 51 4C 1D 30 75 30 75 00 00
2026-03-15T14:12:12.324764,189.427,can0  070  [20]  F6 2A 4D 08 E3 B0 62 03 F8 2A 00 00 0C 15 00 00 29 00 00 00
2026-03-15T14:12:12.325045,189.427,can0  204  [16]  28 58 C7 44 56 2A D5 51 4C 1D 30 75 30 75 00 00
2026-03-15T14:12:12.422615,189.525,can0  204  [16]  28 58 C7 44 56 2A D5 51 4C 1D 30 75 30 75 00 00
2026-03-15T14:12:12.535619,189.638,can0  204  [16]  28 58 C6 44 54 2A 28 51 4C 1D 30 75 30 75 00 00
2026-03-15T14:12:12.535718,189.638,can0  040  [04]  25 00 18 00
2026-03-15T14:12:12.535924,189.638,can0  041  [04]  CE 00 0F 00
2026-03-15T14:12:12.536638,189.639,can0  204  [16]  28 58 C6 44 54 2A 28 51 4C 1D 30 75 30 75 00 00
2026-03-15T14:12:12.536717,189.639,can0  206  [24]  8B 0C AA 05 7B 0C C5 EF 90 05 9B 0C 7F 0C 00 00 00 00 00 00 00 00 00 00
2026-03-15T14:12:12.543845,189.646,can0  040  [04]  25 00 18 00
2026-03-15T14:12:12.601016,189.703,can0  070  [20]  F6 2A 4D 08 E3 B0 62 03 E0 2E 00 00 0C 15 00 00 13 00 00 00
2026-03-15T14:12:12.601522,189.704,can0  204  [16]  28 58 C7 44 54 2A 6A 51 4C 1D 30 75 30 75 00 00
2026-03-15T14:12:12.602695,189.705,can0  070  [20]  F6 2A 4D 08 E3 B0 62 03 E0 2E 00 00 0C 15 00 00 12 00 00 00
2026-03-15T14:12:12.603200,189.706,can0  060  [32]  00 00 00 00 00 00 00 00 00 00 00 00 00 00 00 00 00 00 00 00 00 00 00 00 00 00 00 00 00 00 00 00
2026-03-15T14:12:12.721418,189.824,can0  204  [16]  28 58 C6 44 50 2A 90 50 4C 1D 30 75 30 75 00 00
2026-03-15T14:12:12.722969,189.825,can0  070  [20]  F6 2A 4D 08 E3 B0 62 03 E0 2E 00 00 0C 15 00 00 12 00 00 00
2026-03-15T14:12:12.723713,189.826,can0  204  [16]  28 58 C6 44 50 2A 90 50 4C 1D 30 75 30 75 00 00
2026-03-15T14:12:12.724730,189.827,can0  040  [04]  2A 00 17 00
2026-03-15T14:12:12.729083,189.831,can0  041  [04]  CA 00 12 00
2026-03-15T14:12:12.843554,189.946,can0  204  [16]  28 58 C7 44 52 2A BB 50 4C 1D 30 75 30 75 00 00
2026-03-15T14:12:12.843992,189.946,can0  206  [24]  83 0C A3 05 83 0C C5 EF 90 05 97 0C 83 0C 00 00 00 00 00 00 00 00 00 00
2026-03-15T14:12:12.844975,189.947,can0  040  [04]  2A 00 17 00
2026-03-15T14:12:12.845375,189.948,can0  204  [16]  28 58 C5 44 52 2A 8F 50 4C 1D 30 75 30 75 00 00
2026-03-15T14:12:12.896586,189.999,can0  204  [16]  28 58 C5 44 52 2A 8F 50 4C 1D 30 75 30 75 00 00
2026-03-15T14:12:12.897378,190.000,can0  100  [03]  DB 57 04
2026-03-15T14:12:12.897942,190.000,can0  120  [04]  00 00 00 00
2026-03-15T14:12:13.026480,190.129,can0  204  [16]  28 58 C7 44 5E 2A 2B 50 4C 1D 30 75 30 75 00 00
2026-03-15T14:12:13.026744,190.129,can0  204  [16]  28 58 C7 44 5E 2A 2B 50 4C 1D 30 75 30 75 00 00
2026-03-15T14:12:13.026938,190.129,can0  041  [04]  CA 00 11 00
2026-03-15T14:12:13.027885,190.130,can0  040  [04]  2A 00 19 00
2026-03-15T14:12:13.122394,190.225,can0  206  [24]  87 0C A3 05 7F 0C C5 EF 87 05 8B 0C 83 0C 00 00 00 00 00 00 00 00 00 00
2026-03-15T14:12:13.127073,190.229,can0  040  [04]  2A 00 19 00
2026-03-15T14:12:13.127149,190.230,can0  204  [16]  28 58 C7 44 52 2A 72 51 4C 1D 30 75 30 75 00 00
2026-03-15T14:12:13.127192,190.230,can0  204  [16]  28 58 C9 44 4E 2A E6 51 4C 1D 30 75 30 75 00 00
2026-03-15T14:12:13.127239,190.230,can0  060  [32]  00 00 00 00 00 00 00 00 00 00 00 00 00 00 00 00 00 00 00 00 00 00 00 00 00 00 00 00 00 00 00 00
2026-03-15T14:12:13.223038,190.325,can0  060  [32]  00 00 00 00 F6 2A 4D 08 37 06 B8 10 00 00 10 0E FF 01 00 00 00 00 00 00 01 00 00 00 00 00 00 00
2026-03-15T14:12:13.224956,190.327,can0  070  [20]  F6 2A 4D 08 E3 B0 62 03 E0 2E 00 00 0C 15 00 00 12 00 00 00
2026-03-15T14:12:13.230691,190.333,can0  204  [16]  28 58 C9 44 4E 2A E6 51 4C 1D 30 75 30 75 00 00
2026-03-15T14:12:13.338196,190.441,can0  204  [16]  28 58 C8 44 4E 2A E7 50 4C 1D 30 75 30 75 00 00
2026-03-15T14:12:13.339393,190.442,can0  041  [04]  CA 00 11 00
2026-03-15T14:12:13.339481,190.442,can0  040  [04]  2C 00 1C 00
2026-03-15T14:12:13.341173,190.444,can0  204  [16]  28 58 C8 44 4E 2A E7 50 4C 1D 30 75 30 75 00 00
2026-03-15T14:12:13.341291,190.444,can0  070  [20]  F6 2A 4D 08 E3 B0 62 03 E0 2E 00 00 0C 15 00 00 12 00 00 00
2026-03-15T14:12:13.342902,190.445,can0  040  [04]  2C 00 1C 00
2026-03-15T14:12:13.342981,190.445,can0  206  [24]  8B 0C A6 05 87 0C E4 EF 90 05 B3 0C 7B 0C 00 00 00 00 00 00 00 00 00 00
2026-03-15T14:12:13.409087,190.511,can0  204  [16]  28 58 C6 44 5C 2A 16 51 4C 1D 30 75 30 75 00 00
2026-03-15T14:12:13.409219,190.512,can0  204  [16]  28 58 C7 44 58 2A DD 50 4C 1D 30 75 30 75 00 00
2026-03-15T14:12:13.510669,190.613,can0  204  [16]  28 58 C7 44 58 2A DD 50 4C 1D 30 75 30 75 00 00
2026-03-15T14:12:13.515956,190.618,can0  040  [04]  2A 00 1B 00
2026-03-15T14:12:13.516073,190.618,can0  041  [04]  D3 00 12 00
2026-03-15T14:12:13.516143,190.619,can0  204  [16]  28 58 C7 44 58 2A DD 50 4C 1D 30 75 30 75 00 00
2026-03-15T14:12:13.634190,190.737,can0  070  [20]  F6 2A 4D 08 E1 B0 62 03 C8 32 00 00 0C 15 00 00 16 00 00 00
2026-03-15T14:12:13.634316,190.737,can0  206  [24]  7B 0C AA 05 7B 0C E4 EF 90 05 97 0C 8F 0C 00 00 00 00 00 00 00 00 00 00
2026-03-15T14:12:13.637338,190.740,can0  070  [20]  F6 2A 4D 08 E1 B0 62 03 C8 32 00 00 0C 15 00 00 17 00 00 00
2026-03-15T14:12:13.637433,190.740,can0  040  [04]  2A 00 1B 00
2026-03-15T14:12:13.637501,190.740,can0  204  [16]  28 58 C8 44 4E 2A D8 51 4C 1D 30 75 30 75 00 00
2026-03-15T14:12:13.703755,190.806,can0  060  [32]  00 00 00 00 00 00 00 00 00 00 00 00 00 00 00 00 00 00 00 00 00 00 00 00 00 00 00 00 00 00 00 00
2026-03-15T14:12:13.704221,190.807,can0  204  [16]  28 58 C8 44 4E 2A D8 51 4C 1D 30 75 30 75 00 00
2026-03-15T14:12:13.705815,190.808,can0  070  [20]  F6 2A 4D 08 E1 B0 62 03 C8 32 00 00 0C 15 00 00 17 00 00 00
2026-03-15T14:12:13.706600,190.809,can0  110  [02]  7C 1B
2026-03-15T14:12:13.707057,190.809,can0  204  [16]  28 58 C7 44 62 2A B2 50 4C 1D 30 75 30 75 00 00
2026-03-15T14:12:13.828582,190.931,can0  040  [04]  2E 00 1E 00
2026-03-15T14:12:13.828995,190.931,can0  204  [16]  28 58 C7 44 62 2A B2 50 4C 1D 30 75 30 75 00 00
2026-03-15T14:12:13.829115,190.931,can0  041  [04]  D3 00 14 00
2026-03-15T14:12:13.934377,191.037,can0  206  [24]  87 0C A3 05 7B 0C D5 EF 94 05 9B 0C 83 0C 00 00 00 00 00 00 00 00 00 00
2026-03-15T14:12:13.935341,191.038,can0  040  [04]  2E 00 1E 00
2026-03-15T14:12:13.935813,191.038,can0  204  [16]  28 58 C8 44 50 2A 99 50 4C 1D 30 75 30 75 00 00
2026-03-15T14:12:13.936233,191.039,can0  204  [16]  28 58 CA 44 60 2A 7B 50 4C 1D 30 75 30 75 00 00
2026-03-15T14:12:14.054562,191.157,can0  204  [16]  28 58 CA 44 60 2A 7B 50 4C 1D 30 75 30 75 00 00
2026-03-15T14:12:14.054903,191.157,can0  204  [16]  28 58 CB 44 4C 2A 03 51 4C 1D 30 75 30 75 00 00
2026-03-15T14:12:14.114986,191.217,can0  040  [04]  30 00 1C 00
2026-03-15T14:12:14.115766,191.218,can0  041  [04]  C8 00 16 00
2026-03-15T14:12:14.116864,191.219,can0  100  [03]  D7 57 04
2026-03-15T14:12:14.117898,191.220,can0  120  [04]  00 00 00 00
2026-03-15T14:12:14.118356,191.221,can0  204  [16]  28 58 CB 44 4C 2A 03 51 4C 1D 30 75 30 75 00 00
2026-03-15T14:12:14.118791,191.221,can0  206  [24]  8B 0C A6 05 7B 0C D5 EF 92 05 8F 0C 7F 0C 00 00 00 00 00 00 00 00 00 00
2026-03-15T14:12:14.119515,191.222,can0  040  [04]  30 00 1C 00
2026-03-15T14:12:14.222165,191.325,can0  204  [16]  28 58 C9 44 56 2A 13 51 4C 1D 30 75 30 75 00 00
2026-03-15T14:12:14.223702,191.326,can0  060  [32]  00 00 00 00 F6 2A 4D 08 36 06 B8 10 00 00 10 0E FF 01 00 00 00 00 00 00 01 00 00 00 00 00 00 00
2026-03-15T14:12:14.225729,191.328,can0  070  [20]  F6 2A 4D 08 E1 B0 62 03 C8 32 00 00 0C 15 00 00 17 00 00 00
2026-03-15T14:12:14.226142,191.329,can0  204  [16]  28 58 C6 44 58 2A 3E 51 4C 1D 30 75 30 75 00 00
2026-03-15T14:12:14.322550,191.425,can0  204  [16]  28 58 C6 44 58 2A 3E 51 4C 1D 30 75 30 75 00 00
2026-03-15T14:12:14.324010,191.426,can0  070  [20]  F6 2A 4D 08 E1 B0 62 03 C8 32 00 00 0C 15 00 00 17 00 00 00
2026-03-15T14:12:14.324361,191.427,can0  041  [04]  B9 00 17 00
2026-03-15T14:12:14.325011,191.427,can0  040  [04]  2C 00 1D 00
2026-03-15T14:12:14.422726,191.525,can0  204  [16]  28 58 C6 44 62 2A 1E 50 4C 1D 30 75 30 75 00 00
2026-03-15T14:12:14.423424,191.526,can0  040  [04]  2C 00 1D 00
2026-03-15T14:12:14.423833,191.526,can0  206  [24]  83 0C A6 05 83 0C C5 EF 90 05 93 0C 83 0C 00 00 00 00 00 00 00 00 00 00
2026-03-15T14:12:14.426796,191.529,can0  204  [16]  28 58 C6 44 62 2A 1E 50 4C 1D 30 75 30 75 00 00
2026-03-15T14:12:14.522424,191.625,can0  204  [16]  28 58 C7 44 4A 2A 2B 50 4C 1D 30 75 30 75 00 00
2026-03-15T14:12:14.522764,191.625,can0  204  [16]  28 58 C7 44 4A 2A 2B 50 4C 1D 30 75 30 75 00 00
2026-03-15T14:12:14.623032,191.725,can0  070  [20]  F6 2A 4D 08 E1 B0 62 03 B0 36 00 00 0C 15 00 00 29 00 00 00
2026-03-15T14:12:14.623528,191.726,can0  204  [16]  28 58 C9 44 42 2A 5A 50 4C 1D 30 75 30 75 00 00
2026-03-15T14:12:14.624570,191.727,can0  070  [20]  F6 2A 4D 08 E1 B0 62 03 B0 36 00 00 0C 15 00 00 29 00 00 00
2026-03-15T14:12:14.625718,191.728,can0  040  [04]  33 00 1F 00
2026-03-15T14:12:14.626079,191.728,can0  041  [04]  BD 00 17 00
2026-03-15T14:12:14.626748,191.729,can0  040  [04]  33 00 1F 00
2026-03-15T14:12:14.627167,191.730,can0  206  [24]  8B 0C A1 05 77 0C D5 EF 8E 05 97 0C 7F 0C 00 00 00 00 00 00 00 00 00 00
2026-03-15T14:12:14.722642,191.825,can0  204  [16]  28 58 C9 44 46 2A B4 50 4C 1D 30 75 30 75 00 00
2026-03-15T14:12:14.722857,191.825,can0  060  [32]  00 00 00 00 00 00 00 00 00 00 00 00 00 00 00 00 00 00 00 00 00 00 00 00 00 00 00 00 00 00 00 00
2026-03-15T14:12:14.724774,191.827,can0  070  [20]  F6 2A 4D 08 E1 B0 62 03 B0 36 00 00 0C 15 00 00 29 00 00 00
2026-03-15T14:12:14.725181,191.828,can0  204  [16]  28 58 C6 44 5A 2A 67 50 4C 1D 30 75 30 75 00 00
2026-03-15T14:12:14.824646,191.927,can0  204  [16]  28 58 C6 44 5A 2A 67 50 4C 1D 30 75 30 75 00 00
2026-03-15T14:12:14.824939,191.927,can0  204  [16]  28 58 C6 44 66 2A 4B 50 4C 1D 30 75 30 75 00 00
2026-03-15T14:12:14.923058,192.025,can0  040  [04]  39 00 23 00
2026-03-15T14:12:14.924157,192.027,can0  041  [04]  BC 00 17 00
2026-03-15T14:12:14.924255,192.027,can0  204  [16]  28 58 C6 44 66 2A 4B 50 4C 1D 30 75 30 75 00 00
2026-03-15T14:12:14.924555,192.027,can0  206  [24]  8B 0C A8 05 7B 0C C5 EF 8E 05 97 0C 7F 0C 00 00 00 00 00 00 00 00 00 00
2026-03-15T14:12:14.925128,192.027,can0  040  [04]  39 00 23 00
2026-03-15T14:12:15.022353,192.125,can0  204  [16]  28 58 C6 44 58 2A 6A 50 4C 1D 30 75 30 75 00 00
2026-03-15T14:12:15.022720,192.125,can0  204  [16]  28 58 C6 44 58 2A 96 50 4C 1D 30 75 30 75 00 00
2026-03-15T14:12:15.122160,192.225,can0  204  [16]  28 58 C6 44 58 2A 96 50 4C 1D 30 75 30 75 00 00
2026-03-15T14:12:15.122847,192.225,can0  040  [04]  36 00 1A 00
2026-03-15T14:12:15.126010,192.228,can0  041  [04]  BC 00 17 00
2026-03-15T14:12:15.126172,192.229,can0  204  [16]  28 58 C3 44 58 2A AF 50 4C 1D 30 75 30 75 00 00
2026-03-15T14:12:15.222668,192.325,can0  206  [24]  87 0C 9F 05 7F 0C AE F0 94 05 8F 0C 83 0C 00 00 00 00 00 00 00 00 00 00
2026-03-15T14:12:15.222975,192.325,can0  060  [32]  00 00 00 00 00 00 00 00 00 00 00 00 00 00 00 00 00 00 00 00 00 00 00 00 00 00 00 00 00 00 00 00
2026-03-15T14:12:15.224111,192.326,can0  060  [32]  00 00 00 00 F6 2A 4D 08 36 06 B8 10 00 00 10 0E FF 01 00 00 00 00 00 00 01 00 00 00 00 00 00 00
2026-03-15T14:12:15.225816,192.328,can0  070  [20]  F6 2A 4D 08 E1 B0 62 03 B0 36 00 00 0C 15 00 00 29 00 00 00
2026-03-15T14:12:15.226480,192.329,can0  040  [04]  36 00 1A 00
2026-03-15T14:12:15.229440,192.332,can0  204  [16]  28 58 C3 44 58 2A AF 50 4C 1D 30 75 30 75 00 00
2026-03-15T14:12:15.327038,192.429,can0  204  [16]  28 58 C3 44 56 2A E3 50 4C 1D 30 75 30 75 00 00
2026-03-15T14:12:15.327846,192.430,can0  100  [03]  D3 57 04
2026-03-15T14:12:15.328130,192.431,can0  110  [02]  7D 1B
2026-03-15T14:12:15.328935,192.431,can0  120  [04]  00 00 00 00
2026-03-15T14:12:15.330099,192.432,can0  070  [20]  F6 2A 4D 08 E1 B0 62 03 B0 36 00 00 0C 15 00 00 29 00 00 00
2026-03-15T14:12:15.331061,192.433,can0  204  [16]  28 58 C6 44 4C 2A E6 50 4C 1D 30 75 30 75 00 00
2026-03-15T14:12:15.422464,192.525,can0  204  [16]  28 58 C6 44 4C 2A E6 50 4C 1D 30 75 30 75 00 00
2026-03-15T14:12:15.422794,192.525,can0  041  [04]  C0 00 18 00
2026-03-15T14:12:15.423463,192.526,can0  040  [04]  36 00 1B 00
2026-03-15T14:12:15.424247,192.527,can0  204  [16]  28 58 C8 44 4E 2A EB 4F 4C 1D 30 75 30 75 00 00
2026-03-15T14:12:15.424333,192.527,can0  206  [24]  93 0C A6 05 77 0C C5 EF 94 05 9F 0C 77 0C 00 00 00 00 00 00 00 00 00 00
2026-03-15T14:12:15.425209,192.528,can0  040  [04]  36 00 1B 00
2026-03-15T14:12:15.428138,192.531,can0  132  [00]
2026-03-15T14:12:15.522325,192.625,can0  204  [16]  28 58 C8 44 4E 2A EB 4F 4C 1D 30 75 30 75 00 00
2026-03-15T14:12:15.623483,192.726,can0  070  [20]  F6 2A 4D 08 E1 B0 62 03 98 3A 00 00 0C 15 00 00 57 00 00 00
2026-03-15T14:12:15.631094,192.733,can0  204  [16]  28 58 C5 44 5A 2A A2 50 4C 1D 30 75 30 75 00 00
2026-03-15T14:12:15.632446,192.735,can0  070  [20]  F6 2A 4D 08 E1 B0 62 03 98 3A 00 00 0C 15 00 00 58 00 00 00
2026-03-15T14:12:15.633154,192.736,can0  204  [16]  28 58 C2 44 5A 2A 34 50 4C 1D 30 75 30 75 00 00
2026-03-15T14:12:15.722168,192.825,can0  041  [04]  C6 00 17 00
2026-03-15T14:12:15.722856,192.825,can0  040  [04]  37 00 14 00
2026-03-15T14:12:15.724312,192.827,can0  070  [20]  F6 2A 4D 08 E1 B0 62 03 98 3A 00 00 0C 15 00 00 58 00 00 00
2026-03-15T14:12:15.724928,192.827,can0  060  [32]  00 00 00 00 00 00 00 00 00 00 00 00 00 00 00 00 00 00 00 00 00 00 00 00 00 00 00 00 00 00 00 00
2026-03-15T14:12:15.725254,192.828,can0  204  [16]  28 58 C2 44 5A 2A 34 50 4C 1D 30 75 30 75 00 00
2026-03-15T14:12:15.725833,192.828,can0  040  [04]  37 00 14 00
2026-03-15T14:12:15.728539,192.831,can0  206  [24]  83 0C AC 05 7B 0C D5 EF 92 05 9B 0C 87 0C 00 00 00 00 00 00 00 00 00 00
2026-03-15T14:12:15.832338,192.935,can0  204  [16]  28 58 C2 44 52 2A 69 50 4C 1D 30 75 30 75 00 00
2026-03-15T14:12:15.834938,192.937,can0  204  [16]  28 58 C7 44 42 2A DB 4F 4C 1D 30 75 30 75 00 00
2026-03-15T14:12:15.918024,193.020,can0  204  [16]  28 58 C7 44 42 2A DB 4F 4C 1D 30 75 30 75 00 00
2026-03-15T14:12:15.918157,193.021,can0  040  [04]  37 00 11 00
2026-03-15T14:12:15.918240,193.021,can0  041  [04]  CE 00 15 00
2026-03-15T14:12:15.918306,193.021,can0  204  [16]  28 58 C9 44 44 2A E2 50 4C 1D 30 75 30 75 00 00
2026-03-15T14:12:16.017334,193.120,can0  206  [24]  83 0C AC 05 7F 0C D5 EF 90 05 93 0C 87 0C 00 00 00 00 00 00 00 00 00 00
2026-03-15T14:12:16.018208,193.121,can0  040  [04]  37 00 11 00
2026-03-15T14:12:16.018663,193.121,can0  204  [16]  28 58 C9 44 44 2A E2 50 4C 1D 30 75 30 75 00 00
2026-03-15T14:12:16.125400,193.228,can0  204  [16]  28 58 C8 44 4E 2A D2 50 4C 1D 30 75 30 75 00 00
2026-03-15T14:12:16.125775,193.228,can0  204  [16]  28 58 C6 44 4C 2A 7A 50 4C 1D 30 75 30 75 00 00
2026-03-15T14:12:16.240529,193.343,can0  204  [16]  28 58 C6 44 4C 2A 7A 50 4C 1D 30 75 30 75 00 00
2026-03-15T14:12:16.241844,193.344,can0  060  [32]  00 00 00 00 F6 2A 4D 08 36 06 B8 10 00 00 10 0E FF 01 00 00 00 00 00 00 01 00 00 00 00 00 00 00
2026-03-15T14:12:16.243535,193.346,can0  070  [20]  F6 2A 4D 08 E1 B0 62 03 98 3A 00 00 0C 15 00 00 58 00 00 00
2026-03-15T14:12:16.244543,193.347,can0  040  [04]  2E 00 12 00
2026-03-15T14:12:16.244625,193.347,can0  041  [04]  CF 00 13 00
2026-03-15T14:12:16.244985,193.347,can0  206  [24]  87 0C AA 05 77 0C D5 EF 90 05 97 0C 87 0C 00 00 00 00 00 00 00 00 00 00
2026-03-15T14:12:16.245377,193.348,can0  204  [16]  28 58 C7 44 52 2A C7 4F 4C 1D 30 75 30 75 00 00
2026-03-15T14:12:16.248012,193.350,can0  133  [00]
2026-03-15T14:12:16.326322,193.429,can0  040  [04]  2E 00 12 00
2026-03-15T14:12:16.328560,193.431,can0  204  [16]  28 58 C7 44 52 2A C7 4F 4C 1D 30 75 30 75 00 00
2026-03-15T14:12:16.328668,193.431,can0  070  [20]  F6 2A 4D 08 E1 B0 62 03 98 3A 00 00 0C 15 00 00 58 00 00 00
2026-03-15T14:12:16.422537,193.525,can0  204  [16]  28 58 C6 44 56 2A 42 50 4C 1D 30 75 30 75 00 00
2026-03-15T14:12:16.422882,193.525,can0  204  [16]  28 58 C7 44 52 2A E6 50 4C 1D 30 75 30 75 00 00
2026-03-15T14:12:16.423615,193.526,can0  040  [04]  2E 00 12 00
2026-03-15T14:12:16.522259,193.625,can0  041  [04]  DA 00 12 00
2026-03-15T14:12:16.522498,193.625,can0  204  [16]  28 58 C7 44 52 2A E6 50 4C 1D 30 75 30 75 00 00
2026-03-15T14:12:16.523159,193.626,can0  100  [03]  CA 57 04
2026-03-15T14:12:16.523820,193.626,can0  120  [04]  00 00 00 00
2026-03-15T14:12:16.524188,193.627,can0  206  [24]  83 0C A6 05 7F 0C D5 EF 90 05 8F 0C 87 0C 00 00 00 00 00 00 00 00 00 00
2026-03-15T14:12:16.524910,193.627,can0  040  [04]  2E 00 12 00
2026-03-15T14:12:16.527673,193.630,can0  204  [16]  28 58 C7 44 52 2A E6 50 4C 1D 30 75 30 75 00 00
2026-03-15T14:12:16.623849,193.726,can0  070  [20]  F6 2A 4D 08 DF B0 62 03 80 3E 00 00 0C 15 00 00 B5 00 00 00
2026-03-15T14:12:16.625345,193.728,can0  070  [20]  F6 2A 4D 08 DF B0 62 03 80 3E 00 00 0C 15 00 00 B6 00 00 00
2026-03-15T14:12:16.639942,193.742,can0  204  [16]  28 58 C9 44 4A 2A 3E 50 4C 1D 30 75 30 75 00 00
2026-03-15T14:12:16.737841,193.840,can0  070  [20]  F6 2A 4D 08 DF B0 62 03 80 3E 00 00 0C 15 00 00 B6 00 00 00
2026-03-15T14:12:16.738480,193.841,can0  204  [16]  28 58 C9 44 4A 2A 3E 50 4C 1D 30 75 30 75 00 00
2026-03-15T14:12:16.738790,193.841,can0  060  [32]  00 00 00 00 00 00 00 00 00 00 00 00 00 00 00 00 00 00 00 00 00 00 00 00 00 00 00 00 00 00 00 00
2026-03-15T14:12:16.739074,193.841,can0  041  [04]  DA 00 0F 00
2026-03-15T14:12:16.739834,193.842,can0  040  [04]  2E 00 11 00
2026-03-15T14:12:16.745727,193.848,can0  204  [16]  28 58 C8 44 56 2A ED 4F 4C 1D 30 75 30 75 00 00
2026-03-15T14:12:16.853189,193.956,can0  206  [24]  87 0C A6 05 7B 0C D5 EF 8B 05 97 0C 83 0C 00 00 00 00 00 00 00 00 00 00
2026-03-15T14:12:16.853292,193.956,can0  040  [04]  2E 00 11 00
2026-03-15T14:12:16.853774,193.956,can0  204  [16]  28 58 C8 44 56 2A ED 4F 4C 1D 30 75 30 75 00 00
2026-03-15T14:12:16.913664,194.016,can0  204  [16]  28 58 C6 44 5A 2A BC 4F 4C 1D 30 75 30 75 00 00
2026-03-15T14:12:16.913904,194.016,can0  110  [02]  7C 1B
2026-03-15T14:12:16.914310,194.017,can0  204  [16]  28 58 C9 44 54 2A A5 4F 4C 1D 30 75 30 75 00 00
2026-03-15T14:12:17.028049,194.130,can0  204  [16]  28 58 C9 44 54 2A A5 4F 4C 1D 30 75 30 75 00 00
2026-03-15T14:12:17.028910,194.131,can0  040  [04]  27 00 0C 00
2026-03-15T14:12:17.036605,194.139,can0  041  [04]  E7 00 0F 00
2026-03-15T14:12:17.036722,194.139,can0  206  [24]  87 0C A6 05 7B 0C C5 EF 90 05 97 0C 83 0C 00 00 00 00 00 00 00 00 00 00
2026-03-15T14:12:17.036800,194.139,can0  040  [04]  27 00 0C 00
2026-03-15T14:12:17.036886,194.139,can0  204  [16]  28 58 C9 44 50 2A B4 4F 4C 1D 30 75 30 75 00 00
2026-03-15T14:12:17.151162,194.254,can0  204  [16]  28 58 C9 44 50 2A B4 4F 4C 1D 30 75 30 75 00 00
2026-03-15T14:12:17.265073,194.367,can0  204  [16]  28 58 C8 44 5A 2A 4E 4F 4C 1D 30 75 30 75 00 00
2026-03-15T14:12:17.265182,194.368,can0  070  [20]  F6 2A 4D 08 DF B0 62 03 80 3E 00 00 0C 15 00 00 B6 00 00 00
2026-03-15T14:12:17.265639,194.368,can0  060  [32]  00 00 00 00 00 00 00 00 00 00 00 00 00 00 00 00 00 00 00 00 00 00 00 00 00 00 00 00 00 00 00 00
2026-03-15T14:12:17.266820,194.369,can0  060  [32]  00 00 00 00 F6 2A 4D 08 34 06 B8 10 00 00 10 0E FF 01 00 00 00 00 00 00 01 00 00 00 00 00 00 00
2026-03-15T14:12:17.268073,194.370,can0  204  [16]  28 58 C6 44 5E 2A FC 4F 4C 1D 30 75 30 75 00 00
2026-03-15T14:12:17.268908,194.371,can0  040  [04]  30 00 0A 00
2026-03-15T14:12:17.328584,194.431,can0  041  [04]  E8 00 0E 00
2026-03-15T14:12:17.328948,194.431,can0  204  [16]  28 58 C6 44 5E 2A FC 4F 4C 1D 30 75 30 75 00 00
2026-03-15T14:12:17.330335,194.433,can0  070  [20]  F6 2A 4D 08 DF B0 62 03 80 3E 00 00 0C 15 00 00 B6 00 00 00
2026-03-15T14:12:17.330662,194.433,can0  206  [24]  87 0C A6 05 77 0C C5 EF 8E 05 97 0C 87 0C 00 00 00 00 00 00 00 00 00 00
2026-03-15T14:12:17.331314,194.434,can0  040  [04]  30 00 0A 00
2026-03-15T14:12:17.331677,194.434,can0  204  [16]  28 58 C6 44 60 2A 6A 50 4C 1D 30 75 30 75 00 00
2026-03-15T14:12:17.423821,194.526,can0  204  [16]  28 58 C6 44 60 2A 6A 50 4C 1D 30 75 30 75 00 00
2026-03-15T14:12:17.522363,194.625,can0  204  [16]  28 58 C8 44 5A 2A 80 50 4C 1D 30 75 30 75 00 00
2026-03-15T14:12:17.522605,194.625,can0  204  [16]  28 58 C8 44 5A 2A 80 50 4C 1D 30 75 30 75 00 00
2026-03-15T14:12:17.523262,194.626,can0  040  [04]  27 00 0D 00
2026-03-15T14:12:17.525992,194.628,can0  041  [04]  DA 00 0F 00
2026-03-15T14:12:17.623381,194.726,can0  070  [20]  F6 2A 4D 08 DF B0 62 03 68 42 00 00 0C 15 00 00 30 00 00 00
2026-03-15T14:12:17.624100,194.726,can0  206  [24]  9F 0C A8 05 87 0C E4 EF 8B 05 8B 0C 67 0C 00 00 00 00 00 00 00 00 00 00
2026-03-15T14:12:17.624839,194.727,can0  040  [04]  27 00 0D 00
2026-03-15T14:12:17.625250,194.728,can0  204  [16]  28 58 C7 44 5C 2A 3F 50 4C 1D 30 75 30 75 00 00
2026-03-15T14:12:17.626844,194.729,can0  070  [20]  F6 2A 4D 08 DF B0 62 03 68 42 00 00 0C 15 00 00 2F 00 00 00
2026-03-15T14:12:17.627133,194.730,can0  204  [16]  28 58 C6 44 5E 2A DA 4F 4C 1D 30 75 30 75 00 00
2026-03-15T14:12:17.732287,194.835,can0  100  [03]  C8 57 04
2026-03-15T14:12:17.732938,194.835,can0  120  [04]  00 00 00 00
2026-03-15T14:12:17.734390,194.837,can0  070  [20]  F6 2A 4D 08 DF B0 62 03 68 42 00 00 0C 15 00 00 2F 00 00 00
2026-03-15T14:12:17.734827,194.837,can0  060  [32]  00 00 00 00 00 00 00 00 00 00 00 00 00 00 00 00 00 00 00 00 00 00 00 00 00 00 00 00 00 00 00 00
2026-03-15T14:12:17.735167,194.838,can0  204  [16]  28 58 C7 44 5A 2A AF 50 4C 1D 30 75 30 75 00 00
2026-03-15T14:12:17.826112,194.928,can0  204  [16]  28 58 C7 44 5A 2A AF 50 4C 1D 30 75 30 75 00 00
2026-03-15T14:12:17.826466,194.929,can0  041  [04]  E0 00 0C 00
2026-03-15T14:12:17.827094,194.929,can0  040  [04]  35 00 13 00
2026-03-15T14:12:17.827525,194.930,can0  204  [16]  28 58 C9 44 56 2A 26 50 4C 1D 30 75 30 75 00 00
2026-03-15T14:12:17.831124,194.933,can0  206  [24]  8B 0C A8 05 7B 0C D5 EF 8B 05 93 0C 83 0C 00 00 00 00 00 00 00 00 00 00
2026-03-15T14:12:17.831191,194.934,can0  040  [04]  35 00 13 00
2026-03-15T14:12:17.932422,195.035,can0  204  [16]  28 58 C9 44 56 2A 26 50 4C 1D 30 75 30 75 00 00
2026-03-15T14:12:17.932699,195.035,can0  204  [16]  28 58 C8 44 56 2A 3C 50 4C 1D 30 75 30 75 00 00
2026-03-15T14:12:18.022482,195.125,can0  204  [16]  28 58 C5 44 58 2A 9D 4F 4C 1D 30 75 30 75 00 00
2026-03-15T14:12:18.122349,195.225,can0  041  [04]  D7 00 0B 00
2026-03-15T14:12:18.123008,195.225,can0  040  [04]  43 00 12 00
2026-03-15T14:12:18.123471,195.226,can0  206  [24]  97 0C AA 05 7F 0C C5 EF 94 05 93 0C 73 0C 00 00 00 00 00 00 00 00 00 00
2026-03-15T14:12:18.124181,195.227,can0  204  [16]  28 58 C5 44 58 2A 9D 4F 4C 1D 30 75 30 75 00 00
2026-03-15T14:12:18.124821,195.227,can0  040  [04]  43 00 12 00
2026-03-15T14:12:18.125188,195.228,can0  204  [16]  28 58 C6 44 5A 2A 6F 50 4C 1D 30 75 30 75 00 00
2026-03-15T14:12:18.223284,195.326,can0  070  [20]  F6 2A 4D 08 DF B0 62 03 68 42 00 00 0C 15 00 00 2F 00 00 00
2026-03-15T14:12:18.223960,195.326,can0  204  [16]  28 58 C6 44 5A 2A 6F 50 4C 1D 30 75 30 75 00 00
2026-03-15T14:12:18.227785,195.330,can0  060  [32]  00 00 00 00 F6 2A 4D 08 34 06 B8 10 00 00 10 0E FF 01 00 00 00 00 00 00 01 00 00 00 00 00 00 00
2026-03-15T14:12:18.227842,195.330,can0  204  [16]  28 58 C8 44 56 2A CB 50 4C 1D 30 75 30 75 00 00
2026-03-15T14:12:18.323313,195.426,can0  070  [20]  F6 2A 4D 08 DF B0 62 03 68 42 00 00 0C 15 00 00 2F 00 00 00
2026-03-15T14:12:18.324003,195.426,can0  204  [16]  28 58 C8 44 52 2A 86 50 4C 1D 30 75 30 75 00 00
2026-03-15T14:12:18.324769,195.427,can0  040  [04]  50 00 15 00
2026-03-15T14:12:18.325386,195.428,can0  041  [04]  CE 00 0C 00
2026-03-15T14:12:18.325949,195.428,can0  206  [24]  8F 0C AA 05 83 0C C5 EF 92 05 93 0C 7B 0C 00 00 00 00 00 00 00 00 00 00
2026-03-15T14:12:18.423086,195.525,can0  040  [04]  50 00 15 00
2026-03-15T14:12:18.423556,195.526,can0  204  [16]  28 58 C8 44 52 2A 86 50 4C 1D 30 75 30 75 00 00
2026-03-15T14:12:18.438678,195.541,can0  204  [16]  28 58 C8 44 52 2A 3F 4F 4C 1D 30 75 30 75 00 00
2026-03-15T14:12:18.522499,195.625,can0  110  [02]  7C 1B
2026-03-15T14:12:18.522807,195.625,can0  204  [16]  28 58 C8 44 52 2A 3F 4F 4C 1D 30 75 30 75 00 00
2026-03-15T14:12:18.623804,195.726,can0  070  [20]  F8 2A 4D 08 DE B0 62 03 50 46 00 00 0C 15 00 00 34 00 00 00
2026-03-15T14:12:18.624209,195.727,can0  204  [16]  28 58 C8 44 56 2A F3 4F 4C 1D 30 75 30 75 00 00
2026-03-15T14:12:18.625190,195.728,can0  070  [20]  F8 2A 4D 08 DE B0 62 03 50 46 00 00 0C 15 00 00 34 00 00 00
2026-03-15T14:12:18.626180,195.729,can0  040  [04]  5C 00 17 00
2026-03-15T14:12:18.626560,195.729,can0  041  [04]  BA 00 0F 00
2026-03-15T14:12:18.627547,195.730,can0  206  [24]  83 0C A8 05 7F 0C E4 EF 8E 05 9B 0C 7F 0C 00 00 00 00 00 00 00 00 00 00
2026-03-15T14:12:18.627926,195.730,can0  204  [16]  28 58 C9 44 56 2A 64 4F 4C 1D 30 75 30 75 00 00
2026-03-15T14:12:18.628663,195.731,can0  040  [04]  5C 00 17 00
2026-03-15T14:12:18.723211,195.826,can0  070  [20]  F8 2A 4D 08 DE B0 62 03 50 46 00 00 0C 15 00 00 34 00 00 00
2026-03-15T14:12:18.724256,195.827,can0  204  [16]  28 58 C9 44 56 2A 64 4F 4C 1D 30 75 30 75 00 00
2026-03-15T14:12:18.724569,195.827,can0  060  [32]  00 00 00 00 00 00 00 00 00 00 00 00 00 00 00 00 00 00 00 00 00 00 00 00 00 00 00 00 00 00 00 00
2026-03-15T14:12:18.822466,195.925,can0  204  [16]  28 58 C8 44 52 2A B8 4F 4C 1D 30 75 30 75 00 00
2026-03-15T14:12:18.822828,195.925,can0  204  [16]  28 58 C9 44 50 2A 2C 50 4C 1D 30 75 30 75 00 00
2026-03-15T14:12:18.823541,195.926,can0  040  [04]  61 00 1A 00
2026-03-15T14:12:18.826312,195.929,can0  206  [24]  8B 0C A8 05 83 0C D5 EF 90 05 9B 0C 7F 0C 00 00 00 00 00 00 00 00 00 00
2026-03-15T14:12:18.921774,196.024,can0  041  [04]  C5 00 0D 00
2026-03-15T14:12:18.922004,196.024,can0  204  [16]  28 58 C9 44 50 2A 2C 50 4C 1D 30 75 30 75 00 00
2026-03-15T14:12:18.922694,196.025,can0  100  [03]  C3 57 04
2026-03-15T14:12:18.923437,196.026,can0  120  [04]  00 00 00 00
2026-03-15T14:12:18.926958,196.029,can0  040  [04]  61 00 1A 00
2026-03-15T14:12:18.927065,196.029,can0  204  [16]  28 58 CA 44 4E 2A 23 50 4C 1D 30 75 30 75 00 00
2026-03-15T14:12:19.022099,196.125,can0  204  [16]  28 58 CA 44 4E 2A 23 50 4C 1D 30 75 30 75 00 00
2026-03-15T14:12:19.022447,196.125,can0  204  [16]  28 58 C8 44 52 2A 99 50 4C 1D 30 75 30 75 00 00
2026-03-15T14:12:19.123012,196.225,can0  206  [24]  83 0C A3 05 7B 0C E4 EF 8E 05 97 0C 87 0C 00 00 00 00 00 00 00 00 00 00
2026-03-15T14:12:19.124081,196.226,can0  204  [16]  28 58 C7 44 5A 2A 35 50 4C 1D 30 75 30 75 00 00
2026-03-15T14:12:19.124177,196.227,can0  041  [04]  D7 00 0F 00
2026-03-15T14:12:19.124258,196.227,can0  040  [04]  61 00 1A 00
2026-03-15T14:12:19.255067,196.358,can0  070  [20]  F8 2A 4D 08 DE B0 62 03 50 46 00 00 0C 15 00 00 34 00 00 00
2026-03-15T14:12:19.259537,196.362,can0  040  [04]  61 00 1A 00
2026-03-15T14:12:19.259643,196.362,can0  204  [16]  28 58 C7 44 5A 2A 35 50 4C 1D 30 75 30 75 00 00
2026-03-15T14:12:19.259713,196.362,can0  060  [32]  00 00 00 00 00 00 00 00 00 00 00 00 00 00 00 00 00 00 00 00 00 00 00 00 00 00 00 00 00 00 00 00
2026-03-15T14:12:19.259793,196.362,can0  060  [32]  00 00 00 00 F8 2A 4D 08 32 06 B8 10 00 00 10 0E FF 01 00 00 00 00 00 00 01 00 00 00 00 00 00 00
2026-03-15T14:12:19.260305,196.363,can0  204  [16]  28 58 C7 44 58 2A 2A 51 4C 1D 30 75 30 75 00 00
2026-03-15T14:12:19.332456,196.435,can0  204  [16]  28 58 C7 44 58 2A 2A 51 4C 1D 30 75 30 75 00 00
2026-03-15T14:12:19.333836,196.436,can0  070  [20]  F8 2A 4D 08 DE B0 62 03 50 46 00 00 0C 15 00 00 34 00 00 00
2026-03-15T14:12:19.336618,196.439,can0  204  [16]  28 58 C7 44 50 2A 98 50 4C 1D 30 75 30 75 00 00
2026-03-15T14:12:19.428780,196.531,can0  206  [24]  8B 0C A3 05 7F 0C D5 EF 90 05 93 0C 7F 0C 00 00 00 00 00 00 00 00 00 00
2026-03-15T14:12:19.429576,196.532,can0  040  [04]  58 00 12 00
2026-03-15T14:12:19.429947,196.532,can0  041  [04]  E9 00 0B 00
2026-03-15T14:12:19.430597,196.533,can0  204  [16]  28 58 C7 44 54 2A C9 50 4C 1D 30 75 30 75 00 00
2026-03-15T14:12:19.433886,196.536,can0  040  [04]  58 00 12 00
2026-03-15T14:12:19.530930,196.633,can0  204  [16]  28 58 C7 44 54 2A C9 50 4C 1D 30 75 30 75 00 00
2026-03-15T14:12:19.531277,196.634,can0  204  [16]  28 58 C7 44 54 2A C9 50 4C 1D 30 75 30 75 00 00
2026-03-15T14:12:19.661105,196.763,can0  070  [20]  F8 2A 4D 08 DC B0 62 03 38 4A 00 00 0C 15 00 00 43 00 00 00
2026-03-15T14:12:19.662762,196.765,can0  070  [20]  F8 2A 4D 08 DC B0 62 03 38 4A 00 00 0C 15 00 00 43 00 00 00
2026-03-15T14:12:19.663379,196.766,can0  204  [16]  28 58 C8 44 56 2A 9F 4F 4C 1D 30 75 30 75 00 00
2026-03-15T14:12:19.663761,196.766,can0  206  [24]  83 0C A6 05 7B 0C C5 EF 90 05 9B 0C 83 0C 00 00 00 00 00 00 00 00 00 00
2026-03-15T14:12:19.665816,196.768,can0  040  [04]  5F 00 14 00
2026-03-15T14:12:19.673085,196.775,can0  041  [04]  10 01 0D 00
2026-03-15T14:12:19.732343,196.835,can0  204  [16]  28 58 C8 44 56 2A 9F 4F 4C 1D 30 75 30 75 00 00
2026-03-15T14:12:19.733753,196.836,can0  070  [20]  F8 2A 4D 08 DC B0 62 03 38 4A 00 00 0C 15 00 00 43 00 00 00
2026-03-15T14:12:19.734601,196.837,can0  040  [04]  5F 00 14 00
2026-03-15T14:12:19.735058,196.837,can0  204  [16]  28 58 C8 44 52 2A 24 50 4C 1D 30 75 30 75 00 00
2026-03-15T14:12:19.737771,196.840,can0  060  [32]  00 00 00 00 00 00 00 00 00 00 00 00 00 00 00 00 00 00 00 00 00 00 00 00 00 00 00 00 00 00 00 00
2026-03-15T14:12:19.827274,196.930,can0  204  [16]  28 58 C8 44 52 2A 24 50 4C 1D 30 75 30 75 00 00
2026-03-15T14:12:19.827680,196.930,can0  204  [16]  28 58 C8 44 52 2A 8B 50 4C 1D 30 75 30 75 00 00
2026-03-15T14:12:19.930913,197.033,can0  040  [04]  58 00 17 00
2026-03-15T14:12:19.931007,197.033,can0  206  [24]  87 0C A6 05 7B 0C C5 EF 92 05 A3 0C 83 0C 00 00 00 00 00 00 00 00 00 00
2026-03-15T14:12:19.931680,197.034,can0  204  [16]  28 58 C6 44 56 2A B2 4F 4C 1D 30 75 30 75 00 00
2026-03-15T14:12:19.932188,197.035,can0  041  [04]  17 01 0D 00
2026-03-15T14:12:20.025082,197.127,can0  204  [16]  28 58 C6 44 56 2A B2 4F 4C 1D 30 75 30 75 00 00
2026-03-15T14:12:20.025841,197.128,can0  040  [04]  58 00 17 00
2026-03-15T14:12:20.026681,197.129,can0  204  [16]  28 58 C6 44 56 2A D8 50 4C 1D 30 75 30 75 00 00
2026-03-15T14:12:20.129826,197.232,can0  100  [03]  BB 57 04
2026-03-15T14:12:20.130220,197.233,can0  204  [16]  28 58 C6 44 56 2A D8 50 4C 1D 30 75 30 75 00 00
2026-03-15T14:12:20.130510,197.233,can0  110  [02]  7C 1B
2026-03-15T14:12:20.131280,197.234,can0  120  [04]  00 00 00 00
2026-03-15T14:12:20.131760,197.234,can0  204  [16]  28 58 C8 44 50 2A 68 50 4C 1D 30 75 30 75 00 00
2026-03-15T14:12:20.250946,197.353,can0  206  [24]  87 0C AA 05 83 0C C5 EF 89 05 8B 0C 83 0C 00 00 00 00 00 00 00 00 00 00
2026-03-15T14:12:20.251271,197.354,can0  041  [04]  17 01 0D 00
2026-03-15T14:12:20.252803,197.355,can0  070  [20]  F8 2A 4D 08 DC B0 62 03 38 4A 00 00 0C 15 00 00 43 00 00 00
2026-03-15T14:12:20.253589,197.356,can0  040  [04]  64 00 15 00
2026-03-15T14:12:20.254338,197.357,can0  204  [16]  28 58 C8 44 54 2A 70 50 4C 1D 30 75 30 75 00 00
2026-03-15T14:12:20.256626,197.359,can0  060  [32]  00 00 00 00 F8 2A 4D 08 31 06 B8 10 00 00 10 0E FF 01 00 00 00 00 00 00 01 00 00 00 00 00 00 00
2026-03-15T14:12:20.257758,197.360,can0  040  [04]  64 00 15 00
2026-03-15T14:12:20.349235,197.452,can0  204  [16]  28 58 C8 44 54 2A 70 50 4C 1D 30 75 30 75 00 00
2026-03-15T14:12:20.351144,197.454,can0  070  [20]  F8 2A 4D 08 DC B0 62 03 38 4A 00 00 0C 15 00 00 43 00 00 00
2026-03-15T14:12:20.351811,197.454,can0  204  [16]  28 58 C6 44 54 2A 6A 51 4C 1D 30 75 30 75 00 00
2026-03-15T14:12:20.440901,197.543,can0  204  [16]  28 58 C6 44 54 2A 6A 51 4C 1D 30 75 30 75 00 00
2026-03-15T14:12:20.441311,197.544,can0  206  [24]  8B 0C A3 05 73 0C C5 EF 8E 05 9B 0C 7F 0C 00 00 00 00 00 00 00 00 00 00
2026-03-15T14:12:20.442933,197.545,can0  041  [04]  17 01 0D 00
2026-03-15T14:12:20.442992,197.545,can0  040  [04]  75 00 13 00
2026-03-15T14:12:20.443387,197.546,can0  204  [16]  28 58 C7 44 5C 2A 29 52 4C 1D 30 75 30 75 00 00
2026-03-15T14:12:20.539839,197.642,can0  040  [04]  75 00 13 00
2026-03-15T14:12:20.540332,197.643,can0  204  [16]  28 58 C7 44 5C 2A 29 52 4C 1D 30 75 30 75 00 00
2026-03-15T14:12:20.655966,197.758,can0  070  [20]  F8 2A 4D 08 DC B0 62 03 20 4E 00 00 0C 15 00 00 2C 00 00 00
2026-03-15T14:12:20.657236,197.760,can0  070  [20]  F8 2A 4D 08 DC B0 62 03 20 4E 00 00 0C 15 00 00 2C 00 00 00
2026-03-15T14:12:20.664851,197.767,can0  204  [16]  28 58 C7 44 58 2A 6F 51 4C 1D 30 75 30 75 00 00
2026-03-15T14:12:20.670150,197.773,can0  204  [16]  28 58 C8 44 56 2A 77 51 4C 1D 30 75 30 75 00 00
2026-03-15T14:12:20.757510,197.860,can0  070  [20]  F8 2A 4D 08 DC B0 62 03 20 4E 00 00 0C 15 00 00 2C 00 00 00
2026-03-15T14:12:20.758319,197.861,can0  206  [24]  87 0C A6 05 7B 0C C5 EF 90 05 56 0C 83 0C 00 00 00 00 00 00 00 00 00 00
2026-03-15T14:12:20.759465,197.862,can0  040  [04]  87 00 13 00
2026-03-15T14:12:20.759550,197.862,can0  204  [16]  28 58 C8 44 52 2A FE 50 4C 1D 30 75 30 75 00 00
2026-03-15T14:12:20.762353,197.865,can0  041  [04]  1D 01 0B 00
2026-03-15T14:12:20.762427,197.865,can0  060  [32]  00 00 00 00 00 00 00 00 00 00 00 00 00 00 00 00 00 00 00 00 00 00 00 00 00 00 00 00 00 00 00 00
2026-03-15T14:12:20.840848,197.943,can0  204  [16]  28 58 C8 44 52 2A FE 50 4C 1D 30 75 30 75 00 00
2026-03-15T14:12:20.841589,197.944,can0  040  [04]  87 00 13 00
2026-03-15T14:12:20.842046,197.944,can0  204  [16]  28 58 C8 44 56 2A 52 50 4C 1D 30 75 30 75 00 00
2026-03-15T14:12:20.923237,198.026,can0  204  [16]  28 58 C8 44 56 2A 52 50 4C 1D 30 75 30 75 00 00
2026-03-15T14:12:20.925777,198.028,can0  204  [16]  28 58 C8 44 58 2A B1 4F 4C 1D 30 75 30 75 00 00
2026-03-15T14:12:21.023598,198.126,can0  206  [24]  7F 0C A6 05 7B 0C C5 EF 90 05 9F 0C 87 0C 00 00 00 00 00 00 00 00 00 00
2026-03-15T14:12:21.023681,198.126,can0  040  [04]  8C 00 11 00
2026-03-15T14:12:21.023959,198.126,can0  041  [04]  21 01 08 00
2026-03-15T14:12:21.024752,198.127,can0  204  [16]  28 58 C8 44 54 2A BE 4F 4C 1D 30 75 30 75 00 00
2026-03-15T14:12:21.025681,198.128,can0  040  [04]  8C 00 11 00
2026-03-15T14:12:21.122262,198.225,can0  204  [16]  28 58 C8 44 54 2A BE 4F 4C 1D 30 75 30 75 00 00
2026-03-15T14:12:21.122599,198.225,can0  204  [16]  28 58 C9 44 58 2A A4 51 4C 1D 30 75 30 75 00 00
2026-03-15T14:12:21.242768,198.345,can0  070  [20]  F8 2A 4D 08 DC B0 62 03 20 4E 00 00 0C 15 00 00 2C 00 00 00
2026-03-15T14:12:21.243772,198.346,can0  204  [16]  28 58 C9 44 58 2A A4 51 4C 1D 30 75 30 75 00 00
2026-03-15T14:12:21.244203,198.347,can0  206  [24]  8B 0C A6 05 7B 0C C5 EF 90 05 8F 0C 83 0C 00 00 00 00 00 00 00 00 00 00
2026-03-15T14:12:21.244532,198.347,can0  060  [32]  00 00 00 00 00 00 00 00 00 00 00 00 00 00 00 00 00 00 00 00 00 00 00 00 00 00 00 00 00 00 00 00
2026-03-15T14:12:21.245414,198.348,can0  040  [04]  80 00 12 00
2026-03-15T14:12:21.245713,198.348,can0  041  [04]  31 01 0B 00
2026-03-15T14:12:21.246515,198.349,can0  204  [16]  28 58 C9 44 5C 2A 1D 51 4C 1D 30 75 30 75 00 00
2026-03-15T14:12:21.247911,198.350,can0  060  [32]  00 00 00 00 F8 2A 4D 08 31 06 B8 10 00 00 10 0E FF 01 00 00 00 00 00 00 01 00 00 00 00 00 00 00
2026-03-15T14:12:21.323758,198.426,can0  100  [03]  AC 57 04
2026-03-15T14:12:21.324522,198.427,can0  120  [04]  00 00 00 00
2026-03-15T14:12:21.325977,198.428,can0  070  [20]  F8 2A 4D 08 DC B0 62 03 20 4E 00 00 0C 15 00 00 2C 00 00 00
2026-03-15T14:12:21.327327,198.430,can0  040  [04]  80 00 12 00
2026-03-15T14:12:21.336000,198.438,can0  204  [16]  28 58 C9 44 5A 2A 4E 50 4C 1D 30 75 30 75 00 00
2026-03-15T14:12:21.470720,198.573,can0  204  [16]  28 58 C9 44 5A 2A 4E 50 4C 1D 30 75 30 75 00 00
2026-03-15T14:12:21.471067,198.573,can0  204  [16]  28 58 C8 44 5C 2A D6 50 4C 1D 30 75 30 75 00 00
2026-03-15T14:12:21.536086,198.638,can0  204  [16]  28 58 C8 44 5C 2A D6 50 4C 1D 30 75 30 75 00 00
2026-03-15T14:12:21.536655,198.639,can0  206  [24]  87 0C A3 05 7B 0C C5 EF 8B 05 93 0C 83 0C 00 00 00 00 00 00 00 00 00 00
2026-03-15T14:12:21.537151,198.640,can0  041  [04]  2E 01 09 00
2026-03-15T14:12:21.538004,198.640,can0  040  [04]  7F 00 12 00
2026-03-15T14:12:21.539736,198.642,can0  070  [20]  F8 2A 4D 08 DC B0 62 03 08 52 00 00 0C 15 00 00 2B 00 00 00
2026-03-15T14:12:21.669582,198.772,can0  204  [16]  28 58 C7 44 5A 2A 80 4F 4C 1D 30 75 30 75 00 00
2026-03-15T14:12:21.672177,198.775,can0  040  [04]  7F 00 12 00
2026-03-15T14:12:21.672299,198.775,can0  070  [20]  F8 2A 4D 08 DC B0 62 03 08 52 00 00 0C 15 00 00 2B 00 00 00
2026-03-15T14:12:21.672911,198.775,can0  204  [16]  28 58 C8 44 56 2A A4 50 4C 1D 30 75 30 75 00 00
2026-03-15T14:12:21.733129,198.836,can0  204  [16]  28 58 C8 44 56 2A A4 50 4C 1D 30 75 30 75 00 00
2026-03-15T14:12:21.733519,198.836,can0  110  [02]  7C 1B
2026-03-15T14:12:21.735212,198.838,can0  070  [20]  F8 2A 4D 08 DC B0 62 03 08 52 00 00 0C 15 00 00 2B 00 00 00
2026-03-15T14:12:21.735839,198.838,can0  204  [16]  28 58 C8 44 58 2A A2 50 4C 1D 30 75 30 75 00 00
2026-03-15T14:12:21.839332,198.942,can0  060  [32]  00 00 00 00 00 00 00 00 00 00 00 00 00 00 00 00 00 00 00 00 00 00 00 00 00 00 00 00 00 00 00 00
2026-03-15T14:12:21.840093,198.942,can0  040  [04]  6A 00 11 00
2026-03-15T14:12:21.840697,198.943,can0  206  [24]  83 0C A6 05 7B 0C 96 EF 8E 05 97 0C 87 0C 00 00 00 00 00 00 00 00 00 00
2026-03-15T14:12:21.841648,198.944,can0  041  [04]  3A 01 09 00
2026-03-15T14:12:21.841733,198.944,can0  204  [16]  28 58 C8 44 58 2A A2 50 4C 1D 30 75 30 75 00 00
2026-03-15T14:12:21.842281,198.945,can0  040  [04]  6A 00 11 00
