Timestamp,Elapsed_Time_s,CAN_Message
2026-03-15T15:27:18.473169,1.908,can0  204  [16]  6E 23 D3 44 CD 29 00 00 28 23 30 75 30 75 00 00
2026-03-15T15:27:18.473512,1.908,can0  204  [16]  6E 23 D3 44 CF 29 00 00 28 23 30 75 30 75 00 00
2026-03-15T15:27:18.572680,2.007,can0  204  [16]  6E 23 D3 44 CF 29 00 00 28 23 30 75 30 75 00 00
2026-03-15T15:27:18.572925,2.007,can0  041  [04]  EE 00 16 00
2026-03-15T15:27:18.573475,2.008,can0  040  [04]  01 00 1E 00
2026-03-15T15:27:18.678731,2.113,can0  204  [16]  6E 23 D3 44 CD 29 00 00 28 23 30 75 30 75 00 00
2026-03-15T15:27:18.679326,2.114,can0  070  [20]  F3 2A 4D 08 FA B0 62 03 50 46 00 00 1B 16 00 00 1A 00 00 00
2026-03-15T15:27:18.680958,2.115,can0  040  [04]  01 00 1E 00
2026-03-15T15:27:18.681379,2.116,can0  070  [20]  F3 2A 4D 08 FA B0 62 03 50 46 00 00 1B 16 00 00 19 00 00 00
2026-03-15T15:27:18.686802,2.121,can0  204  [16]  6E 23 D3 44 CF 29 00 00 28 23 30 75 30 75 00 00
2026-03-15T15:27:18.772039,2.206,can0  070  [20]  F3 2A 4D 08 FA B0 62 03 50 46 00 00 1B 16 00 00 19 00 00 00
2026-03-15T15:27:18.772997,2.207,can0  204  [16]  6E 23 D3 44 CF 29 00 00 28 23 30 75 30 75 00 00
2026-03-15T15:27:18.773073,2.207,can0  100  [03]  9C 4E 04
2026-03-15T15:27:18.773707,2.208,can0  120  [04]  00 00 00 00
2026-03-15T15:27:18.774058,2.208,can0  204  [16]  6E 23 D4 44 CD 29 00 00 28 23 30 75 30 75 00 00
2026-03-15T15:27:18.872600,2.307,can0  041  [04]  E6 00 15 00
2026-03-15T15:27:18.872914,2.307,can0  060  [32]  00 00 00 00 00 00 00 00 00 00 00 00 00 00 00 00 00 00 00 00 00 00 00 00 00 00 00 00 00 00 00 00
2026-03-15T15:27:18.873380,2.308,can0  040  [04]  01 00 23 00
2026-03-15T15:27:18.873750,2.308,can0  204  [16]  6E 23 D4 44 CB 29 00 00 28 23 30 75 30 75 00 00
2026-03-15T15:27:18.972817,2.407,can0  040  [04]  01 00 23 00
2026-03-15T15:27:18.972916,2.407,can0  204  [16]  6E 23 D4 44 CB 29 00 00 28 23 30 75 30 75 00 00
2026-03-15T15:27:18.973129,2.408,can0  204  [16]  6E 23 D4 44 CF 29 00 00 28 23 30 75 30 75 00 00
2026-03-15T15:27:19.072530,2.507,can0  204  [16]  6E 23 D4 44 CF 29 00 00 28 23 30 75 30 75 00 00
2026-03-15T15:27:19.072736,2.507,can0  041  [04]  E4 00 16 00
2026-03-15T15:27:19.072944,2.507,can0  204  [16]  6E 23 D4 44 D2 29 00 00 28 23 30 75 30 75 00 00
2026-03-15T15:27:19.172701,2.607,can0  040  [04]  01 00 24 00
2026-03-15T15:27:19.172979,2.607,can0  204  [16]  6E 23 D4 44 CD 29 00 00 28 23 30 75 30 75 00 00
2026-03-15T15:27:19.173342,2.608,can0  040  [04]  01 00 24 00
2026-03-15T15:27:19.272699,2.707,can0  204  [16]  6E 23 D4 44 CD 29 00 00 28 23 30 75 30 75 00 00
2026-03-15T15:27:19.272971,2.707,can0  070  [20]  F3 2A 4D 08 FA B0 62 03 50 46 00 00 1B 16 00 00 19 00 00 00
2026-03-15T15:27:19.273292,2.708,can0  204  [16]  6E 23 D4 44 C6 29 00 00 28 23 30 75 30 75 00 00
2026-03-15T15:27:19.372706,2.807,can0  204  [16]  6E 23 D4 44 C6 29 00 00 28 23 30 75 30 75 00 00
2026-03-15T15:27:19.372992,2.807,can0  041  [04]  E4 00 18 00
2026-03-15T15:27:19.373296,2.808,can0  060  [32]  00 00 00 00 00 00 00 00 00 00 00 00 00 00 00 00 00 00 00 00 00 00 00 00 00 00 00 00 00 00 00 00
2026-03-15T15:27:19.373535,2.808,can0  060  [32]  00 00 00 00 F3 2A 4D 08 4F 06 B8 10 00 00 10 0E FF 01 00 00 00 00 00 00 01 00 00 00 00 00 00 00
2026-03-15T15:27:19.374302,2.809,can0  040  [04]  06 00 1F 00
2026-03-15T15:27:19.374577,2.809,can0  070  [20]  F3 2A 4D 08 FA B0 62 03 50 46 00 00 1B 16 00 00 19 00 00 00
2026-03-15T15:27:19.374921,2.809,can0  204  [16]  6E 23 D3 44 CB 29 00 00 28 23 30 75 30 75 00 00
2026-03-15T15:27:19.472122,2.907,can0  040  [04]  06 00 1F 00
2026-03-15T15:27:19.472502,2.907,can0  204  [16]  6E 23 D4 44 CF 29 00 00 28 23 30 75 30 75 00 00
2026-03-15T15:27:19.472751,2.907,can0  133  [00]
2026-03-15T15:27:19.581091,3.016,can0  204  [16]  6E 23 D4 44 CF 29 00 00 28 23 30 75 30 75 00 00
2026-03-15T15:27:19.586825,3.021,can0  204  [16]  6E 23 D4 44 CF 29 00 00 28 23 30 75 30 75 00 00
2026-03-15T15:27:19.680587,3.115,can0  070  [20]  F3 2A 4D 08 FA B0 62 03 38 4A 00 00 1B 16 00 00 02 00 00 00
2026-03-15T15:27:19.680900,3.115,can0  041  [04]  E0 00 17 00
2026-03-15T15:27:19.681255,3.116,can0  204  [16]  6E 23 D3 44 D8 29 00 00 28 23 30 75 30 75 00 00
2026-03-15T15:27:19.681526,3.116,can0  070  [20]  F3 2A 4D 08 FA B0 62 03 38 4A 00 00 1B 16 00 00 01 00 00 00
2026-03-15T15:27:19.681985,3.116,can0  040  [04]  0C 00 1A 00
2026-03-15T15:27:19.682394,3.117,can0  040  [04]  0C 00 1A 00
2026-03-15T15:27:19.686658,3.121,can0  204  [16]  6E 23 D3 44 D6 29 00 00 28 23 30 75 30 75 00 00
2026-03-15T15:27:19.772575,3.207,can0  070  [20]  F3 2A 4D 08 FA B0 62 03 38 4A 00 00 1B 16 00 00 01 00 00 00
2026-03-15T15:27:19.772899,3.207,can0  204  [16]  6E 23 D4 44 D2 29 00 00 28 23 30 75 30 75 00 00
2026-03-15T15:27:19.872793,3.307,can0  204  [16]  6E 23 D4 44 D2 29 00 00 28 23 30 75 30 75 00 00
2026-03-15T15:27:19.873541,3.308,can0  060  [32]  00 00 00 00 00 00 00 00 00 00 00 00 00 00 00 00 00 00 00 00 00 00 00 00 00 00 00 00 00 00 00 00
2026-03-15T15:27:19.873637,3.308,can0  041  [04]  D6 00 16 00
2026-03-15T15:27:19.873707,3.308,can0  204  [16]  6E 23 D3 44 CD 29 00 00 28 23 30 75 30 75 00 00
2026-03-15T15:27:19.972596,3.407,can0  040  [04]  10 00 1B 00
2026-03-15T15:27:19.972862,3.407,can0  204  [16]  6E 23 D3 44 CD 29 00 00 28 23 30 75 30 75 00 00
2026-03-15T15:27:19.973170,3.408,can0  040  [04]  10 00 1B 00
2026-03-15T15:27:19.973798,3.408,can0  100  [03]  A3 4E 04
2026-03-15T15:27:19.974357,3.409,can0  110  [02]  9D 1B
2026-03-15T15:27:19.974800,3.409,can0  120  [04]  00 00 00 00
2026-03-15T15:27:19.979042,3.413,can0  204  [16]  6E 23 D3 44 CD 29 00 00 28 23 30 75 30 75 00 00
2026-03-15T15:27:20.087234,3.522,can0  204  [16]  6E 23 D4 44 D2 29 00 00 28 23 30 75 30 75 00 00
2026-03-15T15:27:20.200177,3.635,can0  204  [16]  6E 23 D4 44 D2 29 00 00 28 23 30 75 30 75 00 00
2026-03-15T15:27:20.200454,3.635,can0  041  [04]  D6 00 19 00
2026-03-15T15:27:20.202356,3.637,can0  040  [04]  0A 00 1E 00
2026-03-15T15:27:20.202685,3.637,can0  204  [16]  6E 23 D4 44 CF 29 00 00 28 23 30 75 30 75 00 00
2026-03-15T15:27:20.264473,3.699,can0  204  [16]  6E 23 D4 44 CF 29 00 00 28 23 30 75 30 75 00 00
2026-03-15T15:27:20.264953,3.699,can0  070  [20]  F3 2A 4D 08 FA B0 62 03 38 4A 00 00 1B 16 00 00 01 00 00 00
2026-03-15T15:27:20.265803,3.700,can0  040  [04]  0A 00 1E 00
2026-03-15T15:27:20.271434,3.706,can0  204  [16]  6E 23 D4 44 D4 29 00 00 28 23 30 75 30 75 00 00
2026-03-15T15:27:20.386879,3.821,can0  070  [20]  F3 2A 4D 08 FA B0 62 03 38 4A 00 00 1B 16 00 00 01 00 00 00
2026-03-15T15:27:20.387242,3.822,can0  204  [16]  6E 23 D3 44 CB 29 00 00 28 23 30 75 30 75 00 00
2026-03-15T15:27:20.387637,3.822,can0  060  [32]  00 00 00 00 F3 2A 4D 08 4F 06 B8 10 00 00 10 0E FF 01 00 00 00 00 00 00 01 00 00 00 00 00 00 00
2026-03-15T15:27:20.448609,3.883,can0  041  [04]  D5 00 1E 00
2026-03-15T15:27:20.448880,3.883,can0  204  [16]  6E 23 D3 44 CB 29 00 00 28 23 30 75 30 75 00 00
2026-03-15T15:27:20.449539,3.884,can0  040  [04]  03 00 24 00
2026-03-15T15:27:20.449873,3.884,can0  204  [16]  6E 23 D3 44 CD 29 00 00 28 23 30 75 30 75 00 00
2026-03-15T15:27:20.450357,3.885,can0  040  [04]  03 00 24 00
2026-03-15T15:27:20.545062,3.979,can0  204  [16]  6E 23 D3 44 CD 29 00 00 28 23 30 75 30 75 00 00
2026-03-15T15:27:20.545410,3.980,can0  204  [16]  6E 23 D5 44 CD 29 00 00 28 23 30 75 30 75 00 00
2026-03-15T15:27:20.690810,4.125,can0  070  [20]  F3 2A 4D 08 F8 B0 62 03 20 4E 00 00 1B 16 00 00 0B 00 00 00
2026-03-15T15:27:20.691095,4.126,can0  070  [20]  F3 2A 4D 08 F8 B0 62 03 20 4E 00 00 1B 16 00 00 0B 00 00 00
2026-03-15T15:27:20.691455,4.126,can0  204  [16]  6E 23 D5 44 D2 29 00 00 28 23 30 75 30 75 00 00
2026-03-15T15:27:20.691724,4.126,can0  041  [04]  D8 00 21 00
2026-03-15T15:27:20.772556,4.207,can0  070  [20]  F3 2A 4D 08 F8 B0 62 03 20 4E 00 00 1B 16 00 00 0B 00 00 00
2026-03-15T15:27:20.773056,4.207,can0  040  [04]  67 01 2A 00
2026-03-15T15:27:20.773399,4.208,can0  204  [16]  6E 23 D5 44 D2 29 00 00 28 23 30 75 30 75 00 00
2026-03-15T15:27:20.773813,4.208,can0  040  [04]  67 01 2A 00
2026-03-15T15:27:20.774118,4.209,can0  204  [16]  6E 23 D4 44 D2 29 00 00 28 23 30 75 30 75 00 00
2026-03-15T15:27:20.872334,4.307,can0  204  [16]  6E 23 D4 44 D2 29 00 00 28 23 30 75 30 75 00 00
2026-03-15T15:27:20.872779,4.307,can0  060  [32]  D5 AD D6 02 0C 2B 4D 08 4D 40 B8 10 03 00 10 0E FF 01 00 00 00 00 00 00 01 00 00 00 00 00 00 00
2026-03-15T15:27:20.879805,4.314,can0  204  [16]  6E 23 D3 44 D4 29 00 00 28 23 30 75 30 75 00 00
2026-03-15T15:27:20.972485,4.407,can0  041  [04]  D8 00 21 00
2026-03-15T15:27:20.972721,4.407,can0  204  [16]  6E 23 D3 44 CD 29 00 00 28 23 30 75 30 75 00 00
2026-03-15T15:27:20.973161,4.408,can0  040  [04]  67 01 2D 00
2026-03-15T15:27:21.072096,4.507,can0  040  [04]  67 01 2D 00
2026-03-15T15:27:21.072456,4.507,can0  204  [16]  6E 23 D3 44 CD 29 00 00 28 23 30 75 30 75 00 00
2026-03-15T15:27:21.072759,4.507,can0  204  [16]  6E 23 D3 44 CB 29 00 00 28 23 30 75 30 75 00 00
2026-03-15T15:27:21.171860,4.606,can0  204  [16]  6E 23 D3 44 CB 29 00 00 28 23 30 75 30 75 00 00
2026-03-15T15:27:21.172606,4.607,can0  100  [03]  A8 4E 04
2026-03-15T15:27:21.173137,4.608,can0  120  [04]  00 00 00 00
2026-03-15T15:27:21.173485,4.608,can0  204  [16]  6E 23 D4 44 C1 29 00 00 28 23 30 75 30 75 00 00
2026-03-15T15:27:21.173740,4.608,can0  041  [04]  DF 00 1E 00
2026-03-15T15:27:21.272421,4.707,can0  070  [20]  F3 2A 4D 08 F8 B0 62 03 20 4E 00 00 1B 16 00 00 0B 00 00 00
2026-03-15T15:27:21.272979,4.707,can0  040  [04]  01 00 29 00
2026-03-15T15:27:21.273333,4.708,can0  204  [16]  6E 23 D5 44 CB 29 00 00 28 23 30 75 30 75 00 00
2026-03-15T15:27:21.273773,4.708,can0  040  [04]  01 00 29 00
2026-03-15T15:27:21.372292,4.807,can0  204  [16]  6E 23 D5 44 CB 29 00 00 28 23 30 75 30 75 00 00
2026-03-15T15:27:21.372556,4.807,can0  070  [20]  F3 2A 4D 08 F8 B0 62 03 20 4E 00 00 1B 16 00 00 0B 00 00 00
2026-03-15T15:27:21.372906,4.807,can0  060  [32]  00 00 00 00 00 00 00 00 00 00 00 00 00 00 00 00 00 00 00 00 00 00 00 00 00 00 00 00 00 00 00 00
2026-03-15T15:27:21.373248,4.808,can0  204  [16]  6E 23 D3 44 D4 29 00 00 28 23 30 75 30 75 00 00
2026-03-15T15:27:21.373455,4.808,can0  060  [32]  00 00 00 00 F3 2A 4D 08 4D 06 B8 10 00 00 10 0E FF 01 00 00 00 00 00 00 01 00 00 00 00 00 00 00
2026-03-15T15:27:21.492031,4.926,can0  204  [16]  6E 23 D3 44 D4 29 00 00 28 23 30 75 30 75 00 00
2026-03-15T15:27:21.492541,4.927,can0  041  [04]  E2 00 19 00
2026-03-15T15:27:21.492850,4.927,can0  204  [16]  6E 23 D4 44 D6 29 00 00 28 23 30 75 30 75 00 00
2026-03-15T15:27:21.493347,4.928,can0  040  [04]  04 00 2A 00
2026-03-15T15:27:21.577611,5.012,can0  204  [16]  6E 23 D4 44 D6 29 00 00 28 23 30 75 30 75 00 00
2026-03-15T15:27:21.578441,5.013,can0  110  [02]  9D 1B
2026-03-15T15:27:21.583471,5.018,can0  040  [04]  04 00 2A 00
2026-03-15T15:27:21.672457,5.107,can0  070  [20]  F3 2A 4D 08 F8 B0 62 03 08 52 00 00 1B 16 00 00 11 00 00 00
2026-03-15T15:27:21.672718,5.107,can0  204  [16]  6E 23 D4 44 C8 29 00 00 28 23 30 75 30 75 00 00
2026-03-15T15:27:21.672929,5.107,can0  070  [20]  F3 2A 4D 08 F8 B0 62 03 08 52 00 00 1B 16 00 00 11 00 00 00
2026-03-15T15:27:21.673114,5.108,can0  204  [16]  6E 23 D5 44 C6 29 00 00 28 23 30 75 30 75 00 00
2026-03-15T15:27:21.781062,5.216,can0  041  [04]  E6 00 16 00
2026-03-15T15:27:21.781334,5.216,can0  070  [20]  F3 2A 4D 08 F8 B0 62 03 08 52 00 00 1B 16 00 00 11 00 00 00
2026-03-15T15:27:21.781596,5.216,can0  204  [16]  6E 23 D5 44 C6 29 00 00 28 23 30 75 30 75 00 00
2026-03-15T15:27:21.782080,5.217,can0  040  [04]  0B 00 2C 00
2026-03-15T15:27:21.782363,5.217,can0  204  [16]  6E 23 D4 44 C8 29 00 00 28 23 30 75 30 75 00 00
2026-03-15T15:27:21.848924,5.283,can0  040  [04]  0B 00 2C 00
2026-03-15T15:27:21.849361,5.284,can0  204  [16]  6E 23 D4 44 DB 29 00 00 28 23 30 75 30 75 00 00
2026-03-15T15:27:21.849695,5.284,can0  060  [32]  00 00 00 00 00 00 00 00 00 00 00 00 00 00 00 00 00 00 00 00 00 00 00 00 00 00 00 00 00 00 00 00
2026-03-15T15:27:21.979058,5.413,can0  204  [16]  6E 23 D4 44 DB 29 00 00 28 23 30 75 30 75 00 00
2026-03-15T15:27:21.979170,5.414,can0  204  [16]  6E 23 D3 44 CF 29 00 00 28 23 30 75 30 75 00 00
2026-03-15T15:27:21.979350,5.414,can0  041  [04]  F1 00 16 00
2026-03-15T15:27:22.052490,5.487,can0  204  [16]  6E 23 D3 44 CF 29 00 00 28 23 30 75 30 75 00 00
2026-03-15T15:27:22.052609,5.487,can0  040  [04]  0B 00 2B 00
2026-03-15T15:27:22.055296,5.490,can0  040  [04]  0B 00 2B 00
2026-03-15T15:27:22.055402,5.490,can0  204  [16]  6E 23 D3 44 CF 29 00 00 28 23 30 75 30 75 00 00
2026-03-15T15:27:22.199910,5.634,can0  204  [16]  6E 23 D5 44 C1 29 00 00 28 23 30 75 30 75 00 00
2026-03-15T15:27:22.267099,5.702,can0  204  [16]  6E 23 D5 44 C1 29 00 00 28 23 30 75 30 75 00 00
2026-03-15T15:27:22.267651,5.702,can0  070  [20]  F3 2A 4D 08 F8 B0 62 03 08 52 00 00 1B 16 00 00 11 00 00 00
2026-03-15T15:27:22.267743,5.702,can0  041  [04]  EB 00 17 00
2026-03-15T15:27:22.267998,5.702,can0  204  [16]  6E 23 D5 44 C4 29 00 00 28 23 30 75 30 75 00 00
2026-03-15T15:27:22.268665,5.703,can0  040  [04]  06 00 28 00
2026-03-15T15:27:22.389623,5.824,can0  204  [16]  6E 23 D5 44 C4 29 00 00 28 23 30 75 30 75 00 00
2026-03-15T15:27:22.389877,5.824,can0  070  [20]  F3 2A 4D 08 F8 B0 62 03 08 52 00 00 1B 16 00 00 11 00 00 00
2026-03-15T15:27:22.390578,5.825,can0  040  [04]  06 00 28 00
2026-03-15T15:27:22.391492,5.826,can0  100  [03]  AB 4E 04
2026-03-15T15:27:22.392103,5.827,can0  120  [04]  00 00 00 00
2026-03-15T15:27:22.392449,5.827,can0  060  [32]  00 00 00 00 F3 2A 4D 08 4D 06 B8 10 00 00 10 0E FF 01 00 00 00 00 00 00 01 00 00 00 00 00 00 00
2026-03-15T15:27:22.393096,5.828,can0  204  [16]  6E 23 D6 44 C8 29 00 00 28 23 30 75 30 75 00 00
2026-03-15T15:27:22.457718,5.892,can0  204  [16]  6E 23 D5 44 CB 29 00 00 28 23 30 75 30 75 00 00
2026-03-15T15:27:22.581656,6.016,can0  204  [16]  6E 23 D5 44 CB 29 00 00 28 23 30 75 30 75 00 00
2026-03-15T15:27:22.581774,6.016,can0  041  [04]  E4 00 1D 00
2026-03-15T15:27:22.581852,6.016,can0  040  [04]  15 00 23 00
2026-03-15T15:27:22.581923,6.016,can0  204  [16]  6E 23 D5 44 CB 29 00 00 28 23 30 75 30 75 00 00
2026-03-15T15:27:22.582047,6.016,can0  070  [20]  F3 2A 4D 08 F7 B0 62 03 F0 55 00 00 1B 16 00 00 1A 00 00 00
2026-03-15T15:27:22.688064,6.123,can0  070  [20]  F3 2A 4D 08 F7 B0 62 03 F0 55 00 00 1B 16 00 00 1A 00 00 00
2026-03-15T15:27:22.688812,6.123,can0  040  [04]  15 00 23 00
2026-03-15T15:27:22.689184,6.124,can0  204  [16]  6E 23 D5 44 D2 29 00 00 28 23 30 75 30 75 00 00
2026-03-15T15:27:22.689491,6.124,can0  204  [16]  6E 23 D5 44 D2 29 00 00 28 23 30 75 30 75 00 00
2026-03-15T15:27:22.789567,6.224,can0  070  [20]  F3 2A 4D 08 F7 B0 62 03 F0 55 00 00 1B 16 00 00 1A 00 00 00
2026-03-15T15:27:22.796825,6.231,can0  204  [16]  6E 23 D4 44 CF 29 00 00 28 23 30 75 30 75 00 00
2026-03-15T15:27:22.796957,6.231,can0  041  [04]  E4 00 21 00
2026-03-15T15:27:22.879888,6.314,can0  040  [04]  1E 00 1F 00
2026-03-15T15:27:22.880256,6.315,can0  204  [16]  6E 23 D4 44 CF 29 00 00 28 23 30 75 30 75 00 00
2026-03-15T15:27:22.880620,6.315,can0  204  [16]  6E 23 D5 44 CD 29 00 00 28 23 30 75 30 75 00 00
2026-03-15T15:27:22.880951,6.315,can0  060  [32]  00 00 00 00 00 00 00 00 00 00 00 00 00 00 00 00 00 00 00 00 00 00 00 00 00 00 00 00 00 00 00 00
2026-03-15T15:27:22.881493,6.316,can0  040  [04]  1E 00 1F 00
2026-03-15T15:27:22.972570,6.407,can0  204  [16]  6E 23 D5 44 CD 29 00 00 28 23 30 75 30 75 00 00
2026-03-15T15:27:22.972806,6.407,can0  204  [16]  6E 23 D5 44 CD 29 00 00 28 23 30 75 30 75 00 00
2026-03-15T15:27:23.072322,6.507,can0  041  [04]  E1 00 21 00
2026-03-15T15:27:23.072662,6.507,can0  204  [16]  6E 23 D5 44 CD 29 00 00 28 23 30 75 30 75 00 00
2026-03-15T15:27:23.073217,6.508,can0  040  [04]  1A 00 21 00
2026-03-15T15:27:23.172588,6.607,can0  204  [16]  6E 23 D5 44 CD 29 00 00 28 23 30 75 30 75 00 00
2026-03-15T15:27:23.173106,6.608,can0  040  [04]  1A 00 21 00
2026-03-15T15:27:23.173728,6.608,can0  110  [02]  9E 1B
2026-03-15T15:27:23.173992,6.608,can0  204  [16]  6E 23 D4 44 D4 29 00 00 28 23 30 75 30 75 00 00
2026-03-15T15:27:23.271959,6.706,can0  070  [20]  F3 2A 4D 08 F7 B0 62 03 F0 55 00 00 1B 16 00 00 1A 00 00 00
2026-03-15T15:27:23.272174,6.707,can0  204  [16]  6E 23 D4 44 D4 29 00 00 28 23 30 75 30 75 00 00
2026-03-15T15:27:23.276465,6.711,can0  204  [16]  6E 23 D4 44 CF 29 00 00 28 23 30 75 30 75 00 00
2026-03-15T15:27:23.372709,6.807,can0  041  [04]  E1 00 23 00
2026-03-15T15:27:23.372969,6.807,can0  070  [20]  F3 2A 4D 08 F7 B0 62 03 F0 55 00 00 1B 16 00 00 1A 00 00 00
2026-03-15T15:27:23.373299,6.808,can0  204  [16]  6E 23 D5 44 CD 29 00 00 28 23 30 75 30 75 00 00
2026-03-15T15:27:23.373847,6.808,can0  040  [04]  0D 00 24 00
2026-03-15T15:27:23.374143,6.809,can0  060  [32]  00 00 00 00 00 00 00 00 00 00 00 00 00 00 00 00 00 00 00 00 00 00 00 00 00 00 00 00 00 00 00 00
2026-03-15T15:27:23.471728,6.906,can0  060  [32]  00 00 00 00 F3 2A 4D 08 4B 06 B8 10 00 00 10 0E FF 01 00 00 00 00 00 00 01 00 00 00 00 00 00 00
2026-03-15T15:27:23.472585,6.907,can0  040  [04]  0D 00 24 00
2026-03-15T15:27:23.480125,6.915,can0  204  [16]  6E 23 D5 44 CD 29 00 00 28 23 30 75 30 75 00 00
2026-03-15T15:27:23.480624,6.915,can0  204  [16]  6E 23 D5 44 CB 29 00 00 28 23 30 75 30 75 00 00
2026-03-15T15:27:23.572390,7.007,can0  204  [16]  6E 23 D5 44 CB 29 00 00 28 23 30 75 30 75 00 00
2026-03-15T15:27:23.573119,7.008,can0  100  [03]  B1 4E 04
2026-03-15T15:27:23.573632,7.008,can0  120  [04]  00 00 00 00
2026-03-15T15:27:23.573832,7.008,can0  041  [04]  E3 00 23 00
2026-03-15T15:27:23.578050,7.012,can0  070  [20]  F3 2A 4D 08 F7 B0 62 03 D8 59 00 00 1B 16 00 00 1A 00 00 00
2026-03-15T15:27:23.672315,7.107,can0  204  [16]  6E 23 D5 44 CD 29 00 00 28 23 30 75 30 75 00 00
2026-03-15T15:27:23.672869,7.107,can0  040  [04]  07 00 29 00
2026-03-15T15:27:23.673154,7.108,can0  070  [20]  F3 2A 4D 08 F7 B0 62 03 D8 59 00 00 1B 16 00 00 1A 00 00 00
2026-03-15T15:27:23.673753,7.108,can0  040  [04]  07 00 29 00
2026-03-15T15:27:23.674052,7.108,can0  204  [16]  6E 23 D3 44 D4 29 00 00 28 23 30 75 30 75 00 00
2026-03-15T15:27:23.772871,7.207,can0  204  [16]  6E 23 D3 44 D4 29 00 00 28 23 30 75 30 75 00 00
2026-03-15T15:27:23.773123,7.208,can0  070  [20]  F3 2A 4D 08 F7 B0 62 03 D8 59 00 00 1B 16 00 00 1A 00 00 00
2026-03-15T15:27:23.773452,7.208,can0  204  [16]  6E 23 D4 44 D6 29 00 00 28 23 30 75 30 75 00 00
2026-03-15T15:27:23.872023,7.306,can0  204  [16]  6E 23 D5 44 CB 29 00 00 28 23 30 75 30 75 00 00
2026-03-15T15:27:23.872219,7.307,can0  041  [04]  E8 00 21 00
2026-03-15T15:27:23.872766,7.307,can0  040  [04]  02 00 2B 00
2026-03-15T15:27:23.873003,7.307,can0  204  [16]  6E 23 D5 44 CB 29 00 00 28 23 30 75 30 75 00 00
2026-03-15T15:27:23.972646,7.407,can0  060  [32]  00 00 00 00 00 00 00 00 00 00 00 00 00 00 00 00 00 00 00 00 00 00 00 00 00 00 00 00 00 00 00 00
2026-03-15T15:27:23.973194,7.408,can0  040  [04]  02 00 2B 00
2026-03-15T15:27:23.973478,7.408,can0  204  [16]  6E 23 D7 44 CF 29 00 00 28 23 30 75 30 75 00 00
2026-03-15T15:27:24.072584,7.507,can0  204  [16]  6E 23 D7 44 CF 29 00 00 28 23 30 75 30 75 00 00
2026-03-15T15:27:24.077928,7.512,can0  204  [16]  6E 23 D5 44 CB 29 00 00 28 23 30 75 30 75 00 00
2026-03-15T15:27:24.172335,7.607,can0  041  [04]  E4 00 1E 00
2026-03-15T15:27:24.172684,7.607,can0  204  [16]  6E 23 D5 44 CB 29 00 00 28 23 30 75 30 75 00 00
2026-03-15T15:27:24.173219,7.608,can0  040  [04]  65 01 2D 00
2026-03-15T15:27:24.173561,7.608,can0  204  [16]  6E 23 D5 44 DB 29 00 00 28 23 30 75 30 75 00 00
2026-03-15T15:27:24.272964,7.707,can0  040  [04]  65 01 2D 00
2026-03-15T15:27:24.273276,7.708,can0  070  [20]  F3 2A 4D 08 F7 B0 62 03 D8 59 00 00 1B 16 00 00 1A 00 00 00
2026-03-15T15:27:24.273678,7.708,can0  204  [16]  6E 23 D5 44 D6 29 00 00 28 23 30 75 30 75 00 00
2026-03-15T15:27:24.373070,7.808,can0  204  [16]  6E 23 D5 44 D6 29 00 00 28 23 30 75 30 75 00 00
2026-03-15T15:27:24.373178,7.808,can0  070  [20]  F3 2A 4D 08 F7 B0 62 03 D8 59 00 00 1B 16 00 00 1A 00 00 00
2026-03-15T15:27:24.373663,7.808,can0  204  [16]  6E 23 D5 44 DF 29 00 00 28 23 30 75 30 75 00 00
2026-03-15T15:27:24.373743,7.808,can0  041  [04]  E4 00 1B 00
2026-03-15T15:27:24.490964,7.925,can0  060  [32]  00 00 00 00 F3 2A 4D 08 4B 06 B8 10 00 00 10 0E FF 01 00 00 00 00 00 00 01 00 00 00 00 00 00 00
2026-03-15T15:27:24.491982,7.926,can0  040  [04]  5D 01 29 00
2026-03-15T15:27:24.492311,7.927,can0  204  [16]  6E 23 D3 44 D2 29 00 00 28 23 30 75 30 75 00 00
2026-03-15T15:27:24.492949,7.927,can0  040  [04]  5D 01 29 00
2026-03-15T15:27:24.493288,7.928,can0  204  [16]  6E 23 D3 44 D2 29 00 00 28 23 30 75 30 75 00 00
2026-03-15T15:27:24.584820,8.019,can0  204  [16]  6E 23 D3 44 D2 29 00 00 28 23 30 75 30 75 00 00
2026-03-15T15:27:24.585131,8.020,can0  070  [20]  F3 2A 4D 08 F7 B0 62 03 C0 5D 00 00 1B 16 00 00 18 00 00 00
2026-03-15T15:27:24.671919,8.106,can0  070  [20]  F3 2A 4D 08 F7 B0 62 03 C0 5D 00 00 1B 16 00 00 18 00 00 00
2026-03-15T15:27:24.672288,8.107,can0  204  [16]  6E 23 D3 44 DB 29 00 00 28 23 30 75 30 75 00 00
2026-03-15T15:27:24.672646,8.107,can0  041  [04]  F0 00 1C 00
2026-03-15T15:27:24.672954,8.107,can0  204  [16]  6E 23 D2 44 D2 29 00 00 28 23 30 75 30 75 00 00
2026-03-15T15:27:24.673613,8.108,can0  040  [04]  5B 01 24 00
2026-03-15T15:27:24.772777,8.207,can0  070  [20]  F3 2A 4D 08 F7 B0 62 03 C0 5D 00 00 1B 16 00 00 18 00 00 00
2026-03-15T15:27:24.773503,8.208,can0  040  [04]  5B 01 24 00
2026-03-15T15:27:24.774347,8.209,can0  100  [03]  B6 4E 04
2026-03-15T15:27:24.774727,8.209,can0  204  [16]  6E 23 D5 44 D6 29 00 00 28 23 30 75 30 75 00 00
2026-03-15T15:27:24.775392,8.210,can0  110  [02]  9A 1B
2026-03-15T15:27:24.775956,8.210,can0  120  [04]  00 00 00 00
2026-03-15T15:27:24.902610,8.337,can0  204  [16]  6E 23 D5 44 D6 29 00 00 28 23 30 75 30 75 00 00
2026-03-15T15:27:24.903030,8.337,can0  204  [16]  6E 23 D3 44 D2 29 00 00 28 23 30 75 30 75 00 00
2026-03-15T15:27:24.963388,8.398,can0  060  [32]  00 00 00 00 00 00 00 00 00 00 00 00 00 00 00 00 00 00 00 00 00 00 00 00 00 00 00 00 00 00 00 00
2026-03-15T15:27:24.963675,8.398,can0  041  [04]  F2 00 1B 00
2026-03-15T15:27:24.964022,8.398,can0  204  [16]  6E 23 D3 44 D2 29 00 00 28 23 30 75 30 75 00 00
2026-03-15T15:27:24.964764,8.399,can0  040  [04]  5E 01 20 00
2026-03-15T15:27:24.965030,8.399,can0  204  [16]  6E 23 D3 44 E1 29 00 00 28 23 30 75 30 75 00 00
2026-03-15T15:27:25.075973,8.510,can0  040  [04]  5E 01 20 00
2026-03-15T15:27:25.076476,8.511,can0  204  [16]  6E 23 D1 44 D8 29 00 00 28 23 30 75 30 75 00 00
2026-03-15T15:27:25.212715,8.647,can0  204  [16]  6E 23 D1 44 D8 29 00 00 28 23 30 75 30 75 00 00
2026-03-15T15:27:25.213000,8.647,can0  204  [16]  6E 23 D3 44 D8 29 00 00 28 23 30 75 30 75 00 00
2026-03-15T15:27:25.213240,8.648,can0  041  [04]  EF 00 18 00
2026-03-15T15:27:25.261725,8.696,can0  070  [20]  F3 2A 4D 08 F7 B0 62 03 C0 5D 00 00 1B 16 00 00 18 00 00 00
2026-03-15T15:27:25.262361,8.697,can0  040  [04]  5A 01 1E 00
2026-03-15T15:27:25.262705,8.697,can0  204  [16]  6E 23 D3 44 D8 29 00 00 28 23 30 75 30 75 00 00
2026-03-15T15:27:25.263282,8.698,can0  040  [04]  5A 01 1E 00
2026-03-15T15:27:25.263620,8.698,can0  204  [16]  6E 23 D3 44 CF 29 00 00 28 23 30 75 30 75 00 00
2026-03-15T15:27:25.387941,8.822,can0  070  [20]  F3 2A 4D 08 F7 B0 62 03 C0 5D 00 00 1B 16 00 00 18 00 00 00
2026-03-15T15:27:25.394208,8.829,can0  204  [16]  6E 23 D3 44 D8 29 00 00 28 23 30 75 30 75 00 00
2026-03-15T15:27:25.394323,8.829,can0  204  [16]  6E 23 D3 44 D8 29 00 00 28 23 30 75 30 75 00 00
2026-03-15T15:27:25.482936,8.917,can0  060  [32]  00 00 00 00 00 00 00 00 00 00 00 00 00 00 00 00 00 00 00 00 00 00 00 00 00 00 00 00 00 00 00 00
2026-03-15T15:27:25.483152,8.918,can0  060  [32]  00 00 00 00 F3 2A 4D 08 4B 06 B8 10 00 00 10 0E FF 01 00 00 00 00 00 00 01 00 00 00 00 00 00 00
2026-03-15T15:27:25.483832,8.918,can0  041  [04]  EE 00 15 00
2026-03-15T15:27:25.484130,8.919,can0  204  [16]  6E 23 D2 44 D6 29 00 00 28 23 30 75 30 75 00 00
2026-03-15T15:27:25.484799,8.919,can0  040  [04]  5B 01 1B 00
2026-03-15T15:27:25.582183,9.017,can0  204  [16]  6E 23 D2 44 D6 29 00 00 28 23 30 75 30 75 00 00
2026-03-15T15:27:25.582705,9.017,can0  040  [04]  5B 01 1B 00
2026-03-15T15:27:25.582986,9.017,can0  070  [20]  F3 2A 4D 08 F5 B0 62 03 A8 61 00 00 1B 16 00 00 1C 00 00 00
2026-03-15T15:27:25.583258,9.018,can0  204  [16]  6E 23 D3 44 D6 29 00 00 28 23 30 75 30 75 00 00
2026-03-15T15:27:25.678883,9.113,can0  070  [20]  F3 2A 4D 08 F5 B0 62 03 A8 61 00 00 1B 16 00 00 1C 00 00 00
2026-03-15T15:27:25.679159,9.114,can0  204  [16]  6E 23 D5 44 CF 29 00 00 28 23 30 75 30 75 00 00
2026-03-15T15:27:25.775554,9.210,can0  204  [16]  6E 23 D5 44 CF 29 00 00 28 23 30 75 30 75 00 00
2026-03-15T15:27:25.775766,9.210,can0  041  [04]  F1 00 13 00
2026-03-15T15:27:25.775966,9.210,can0  070  [20]  F3 2A 4D 08 F5 B0 62 03 A8 61 00 00 1B 16 00 00 1C 00 00 00
2026-03-15T15:27:25.776498,9.211,can0  040  [04]  01 00 21 00
2026-03-15T15:27:25.776762,9.211,can0  204  [16]  6E 23 D5 44 CD 29 00 00 28 23 30 75 30 75 00 00
2026-03-15T15:27:25.777197,9.212,can0  040  [04]  01 00 21 00
2026-03-15T15:27:25.873027,9.307,can0  204  [16]  6E 23 D5 44 CD 29 00 00 28 23 30 75 30 75 00 00
2026-03-15T15:27:25.873421,9.308,can0  204  [16]  6E 23 D4 44 D4 29 00 00 28 23 30 75 30 75 00 00
2026-03-15T15:27:25.971960,9.406,can0  060  [32]  00 00 00 00 00 00 00 00 00 00 00 00 00 00 00 00 00 00 00 00 00 00 00 00 00 00 00 00 00 00 00 00
2026-03-15T15:27:25.972736,9.407,can0  100  [03]  B8 4E 04
2026-03-15T15:27:25.973166,9.408,can0  204  [16]  6E 23 D3 44 D8 29 00 00 28 23 30 75 30 75 00 00
2026-03-15T15:27:25.973889,9.408,can0  120  [04]  00 00 00 00
2026-03-15T15:27:25.974167,9.409,can0  041  [04]  EC 00 14 00
2026-03-15T15:27:26.072419,9.507,can0  204  [16]  6E 23 D3 44 D8 29 00 00 28 23 30 75 30 75 00 00
2026-03-15T15:27:26.073013,9.507,can0  040  [04]  0A 00 23 00
2026-03-15T15:27:26.073874,9.508,can0  040  [04]  0A 00 23 00
2026-03-15T15:27:26.074217,9.509,can0  204  [16]  6E 23 D5 44 DB 29 00 00 28 23 30 75 30 75 00 00
2026-03-15T15:27:26.171780,9.606,can0  204  [16]  6E 23 D5 44 DB 29 00 00 28 23 30 75 30 75 00 00
2026-03-15T15:27:26.172105,9.607,can0  204  [16]  6E 23 D5 44 D6 29 00 00 28 23 30 75 30 75 00 00
2026-03-15T15:27:26.272729,9.707,can0  070  [20]  F3 2A 4D 08 F5 B0 62 03 A8 61 00 00 1B 16 00 00 1C 00 00 00
2026-03-15T15:27:26.273053,9.707,can0  041  [04]  E6 00 14 00
2026-03-15T15:27:26.273345,9.708,can0  204  [16]  6E 23 D3 44 D2 29 00 00 28 23 30 75 30 75 00 00
2026-03-15T15:27:26.274130,9.709,can0  040  [04]  13 00 25 00
2026-03-15T15:27:26.372666,9.807,can0  204  [16]  6E 23 D3 44 D2 29 00 00 28 23 30 75 30 75 00 00
2026-03-15T15:27:26.372847,9.807,can0  070  [20]  F3 2A 4D 08 F5 B0 62 03 A8 61 00 00 1B 16 00 00 1C 00 00 00
2026-03-15T15:27:26.373519,9.808,can0  040  [04]  13 00 25 00
2026-03-15T15:27:26.374373,9.809,can0  110  [02]  9C 1B
2026-03-15T15:27:26.374602,9.809,can0  204  [16]  6E 23 D3 44 D2 29 00 00 28 23 30 75 30 75 00 00
2026-03-15T15:27:26.471833,9.906,can0  204  [16]  6E 23 D3 44 D2 29 00 00 28 23 30 75 30 75 00 00
2026-03-15T15:27:26.471998,9.906,can0  060  [32]  00 00 00 00 F3 2A 4D 08 4A 06 B8 10 00 00 10 0E FF 01 00 00 00 00 00 00 01 00 00 00 00 00 00 00
2026-03-15T15:27:26.476929,9.911,can0  204  [16]  6E 23 D3 44 D2 29 00 00 28 23 30 75 30 75 00 00
2026-03-15T15:27:26.572036,10.006,can0  041  [04]  E6 00 15 00
2026-03-15T15:27:26.572401,10.007,can0  204  [16]  6E 23 D3 44 D2 29 00 00 28 23 30 75 30 75 00 00
2026-03-15T15:27:26.573022,10.007,can0  040  [04]  0F 00 28 00
2026-03-15T15:27:26.672354,10.107,can0  070  [20]  F3 2A 4D 08 F5 B0 62 03 90 65 00 00 1B 16 00 00 1C 00 00 00
2026-03-15T15:27:26.672931,10.107,can0  040  [04]  0F 00 28 00
2026-03-15T15:27:26.673289,10.108,can0  204  [16]  6E 23 D2 44 CF 29 00 00 28 23 30 75 30 75 00 00
2026-03-15T15:27:26.673866,10.108,can0  070  [20]  F3 2A 4D 08 F5 B0 62 03 90 65 00 00 1B 16 00 00 1C 00 00 00
2026-03-15T15:27:26.673978,10.108,can0  204  [16]  6E 23 D3 44 D4 29 00 00 28 23 30 75 30 75 00 00
2026-03-15T15:27:26.772287,10.207,can0  070  [20]  F3 2A 4D 08 F5 B0 62 03 90 65 00 00 1B 16 00 00 1C 00 00 00
2026-03-15T15:27:26.772587,10.207,can0  204  [16]  6E 23 D3 44 D4 29 00 00 28 23 30 75 30 75 00 00
2026-03-15T15:27:26.772790,10.207,can0  041  [04]  E8 00 17 00
2026-03-15T15:27:26.773009,10.207,can0  204  [16]  6E 23 D4 44 D4 29 00 00 28 23 30 75 30 75 00 00
2026-03-15T15:27:26.884650,10.319,can0  040  [04]  0E 00 25 00
2026-03-15T15:27:26.885190,10.320,can0  204  [16]  6E 23 D5 44 CF 29 00 00 28 23 30 75 30 75 00 00
2026-03-15T15:27:26.892269,10.327,can0  040  [04]  0E 00 25 00
2026-03-15T15:27:26.971878,10.406,can0  204  [16]  6E 23 D5 44 CF 29 00 00 28 23 30 75 30 75 00 00
2026-03-15T15:27:26.972094,10.407,can0  060  [32]  00 00 00 00 00 00 00 00 00 00 00 00 00 00 00 00 00 00 00 00 00 00 00 00 00 00 00 00 00 00 00 00
2026-03-15T15:27:26.972387,10.407,can0  204  [16]  6E 23 D4 44 CD 29 00 00 28 23 30 75 30 75 00 00
2026-03-15T15:27:27.071934,10.506,can0  204  [16]  6E 23 D4 44 CD 29 00 00 28 23 30 75 30 75 00 00
2026-03-15T15:27:27.072158,10.507,can0  041  [04]  F5 00 16 00
2026-03-15T15:27:27.072703,10.507,can0  040  [04]  09 00 25 00
2026-03-15T15:27:27.072953,10.507,can0  204  [16]  6E 23 D4 44 CD 29 00 00 28 23 30 75 30 75 00 00
2026-03-15T15:27:27.175705,10.610,can0  040  [04]  09 00 25 00
2026-03-15T15:27:27.176522,10.611,can0  100  [03]  B9 4E 04
2026-03-15T15:27:27.176867,10.611,can0  204  [16]  6E 23 D4 44 CB 29 00 00 28 23 30 75 30 75 00 00
2026-03-15T15:27:27.177490,10.612,can0  120  [04]  00 00 00 00
2026-03-15T15:27:27.283814,10.718,can0  204  [16]  6E 23 D4 44 CB 29 00 00 28 23 30 75 30 75 00 00
2026-03-15T15:27:27.284082,10.719,can0  070  [20]  F3 2A 4D 08 F5 B0 62 03 90 65 00 00 1B 16 00 00 1C 00 00 00
2026-03-15T15:27:27.284459,10.719,can0  204  [16]  6E 23 D5 44 CD 29 00 00 28 23 30 75 30 75 00 00
2026-03-15T15:27:27.410296,10.845,can0  041  [04]  F8 00 16 00
2026-03-15T15:27:27.410633,10.845,can0  204  [16]  6E 23 D5 44 CD 29 00 00 28 23 30 75 30 75 00 00
2026-03-15T15:27:27.412600,10.847,can0  070  [20]  F3 2A 4D 08 F5 B0 62 03 90 65 00 00 1B 16 00 00 1C 00 00 00
2026-03-15T15:27:27.412713,10.847,can0  040  [04]  08 00 23 00
2026-03-15T15:27:27.412792,10.847,can0  204  [16]  6E 23 D4 44 CB 29 00 00 28 23 30 75 30 75 00 00
2026-03-15T15:27:27.470311,10.905,can0  040  [04]  08 00 23 00
2026-03-15T15:27:27.471010,10.905,can0  060  [32]  00 00 00 00 00 00 00 00 00 00 00 00 00 00 00 00 00 00 00 00 00 00 00 00 00 00 00 00 00 00 00 00
2026-03-15T15:27:27.471108,10.906,can0  204  [16]  6E 23 D4 44 CB 29 00 00 28 23 30 75 30 75 00 00
2026-03-15T15:27:27.471458,10.906,can0  060  [32]  00 00 00 00 F3 2A 4D 08 4A 06 B8 10 00 00 10 0E FF 01 00 00 00 00 00 00 01 00 00 00 00 00 00 00
2026-03-15T15:27:27.580024,11.014,can0  204  [16]  6E 23 D4 44 CB 29 00 00 28 23 30 75 30 75 00 00
2026-03-15T15:27:27.580439,11.015,can0  204  [16]  6E 23 D4 44 CB 29 00 00 28 23 30 75 30 75 00 00
2026-03-15T15:27:27.580746,11.015,can0  041  [04]  FA 00 12 00
2026-03-15T15:27:27.581671,11.016,can0  070  [20]  F3 2A 4D 08 F5 B0 62 03 78 69 00 00 1B 16 00 00 13 00 00 00
2026-03-15T15:27:27.676574,11.111,can0  040  [04]  04 00 23 00
2026-03-15T15:27:27.677066,11.111,can0  070  [20]  F3 2A 4D 08 F5 B0 62 03 78 69 00 00 1B 16 00 00 12 00 00 00
2026-03-15T15:27:27.677122,11.112,can0  204  [16]  6E 23 D3 44 CD 29 00 00 28 23 30 75 30 75 00 00
2026-03-15T15:27:27.677168,11.112,can0  132  [00]
2026-03-15T15:27:27.677784,11.112,can0  040  [04]  04 00 23 00
2026-03-15T15:27:27.678113,11.113,can0  204  [16]  6E 23 D3 44 CD 29 00 00 28 23 30 75 30 75 00 00
2026-03-15T15:27:27.776942,11.211,can0  070  [20]  F3 2A 4D 08 F5 B0 62 03 78 69 00 00 1B 16 00 00 12 00 00 00
2026-03-15T15:27:27.777292,11.212,can0  204  [16]  6E 23 D4 44 CF 29 00 00 28 23 30 75 30 75 00 00
2026-03-15T15:27:27.872566,11.307,can0  204  [16]  6E 23 D4 44 CF 29 00 00 28 23 30 75 30 75 00 00
2026-03-15T15:27:27.872892,11.307,can0  041  [04]  EE 00 0B 00
2026-03-15T15:27:27.873494,11.308,can0  040  [04]  03 00 26 00
2026-03-15T15:27:27.873928,11.308,can0  204  [16]  6E 23 D5 44 CB 29 00 00 28 23 30 75 30 75 00 00
2026-03-15T15:27:27.983887,11.418,can0  204  [16]  6E 23 D5 44 CB 29 00 00 28 23 30 75 30 75 00 00
2026-03-15T15:27:27.984661,11.419,can0  040  [04]  03 00 26 00
2026-03-15T15:27:27.985401,11.420,can0  110  [02]  9E 1B
2026-03-15T15:27:27.985725,11.420,can0  060  [32]  00 00 00 00 00 00 00 00 00 00 00 00 00 00 00 00 00 00 00 00 00 00 00 00 00 00 00 00 00 00 00 00
2026-03-15T15:27:27.986099,11.421,can0  204  [16]  6E 23 D5 44 CD 29 00 00 28 23 30 75 30 75 00 00
2026-03-15T15:27:28.100118,11.535,can0  204  [16]  6E 23 D5 44 C6 29 00 00 28 23 30 75 30 75 00 00
2026-03-15T15:27:28.200176,11.635,can0  041  [04]  BC 00 0B 00
2026-03-15T15:27:28.200527,11.635,can0  204  [16]  6E 23 D5 44 C6 29 00 00 28 23 30 75 30 75 00 00
2026-03-15T15:27:28.201080,11.636,can0  040  [04]  0B 00 24 00
2026-03-15T15:27:28.201437,11.636,can0  204  [16]  6E 23 D6 44 CD 29 00 00 28 23 30 75 30 75 00 00
2026-03-15T15:27:28.202002,11.636,can0  040  [04]  0B 00 24 00
2026-03-15T15:27:28.306907,11.741,can0  070  [20]  F3 2A 4D 08 F5 B0 62 03 78 69 00 00 1B 16 00 00 12 00 00 00
2026-03-15T15:27:28.307572,11.742,can0  204  [16]  6E 23 D6 44 CD 29 00 00 28 23 30 75 30 75 00 00
2026-03-15T15:27:28.307658,11.742,can0  204  [16]  6E 23 D6 44 CD 29 00 00 28 23 30 75 30 75 00 00
2026-03-15T15:27:28.370949,11.805,can0  070  [20]  F3 2A 4D 08 F5 B0 62 03 78 69 00 00 1B 16 00 00 12 00 00 00
2026-03-15T15:27:28.371081,11.806,can0  100  [03]  B7 4E 04
2026-03-15T15:27:28.371155,11.806,can0  204  [16]  6E 23 D5 44 DD 29 00 00 28 23 30 75 30 75 00 00
2026-03-15T15:27:28.371756,11.806,can0  120  [04]  00 00 00 00
2026-03-15T15:27:28.372033,11.806,can0  041  [04]  B5 00 0C 00
2026-03-15T15:27:28.480584,11.915,can0  204  [16]  6E 23 D5 44 DD 29 00 00 28 23 30 75 30 75 00 00
2026-03-15T15:27:28.488261,11.923,can0  040  [04]  0A 00 21 00
2026-03-15T15:27:28.488542,11.923,can0  060  [32]  00 00 00 00 F3 2A 4D 08 4A 06 B8 10 00 00 10 0E FF 01 00 00 00 00 00 00 01 00 00 00 00 00 00 00
2026-03-15T15:27:28.489734,11.924,can0  040  [04]  0A 00 21 00
2026-03-15T15:27:28.490156,11.925,can0  204  [16]  6E 23 D3 44 CF 29 00 00 28 23 30 75 30 75 00 00
2026-03-15T15:27:28.578927,12.013,can0  204  [16]  6E 23 D3 44 CF 29 00 00 28 23 30 75 30 75 00 00
2026-03-15T15:27:28.579261,12.014,can0  204  [16]  6E 23 D4 44 D4 29 00 00 28 23 30 75 30 75 00 00
2026-03-15T15:27:28.672464,12.107,can0  070  [20]  F3 2A 4D 08 F3 B0 62 03 60 6D 00 00 1B 16 00 00 21 00 00 00
2026-03-15T15:27:28.672738,12.107,can0  070  [20]  F3 2A 4D 08 F3 B0 62 03 60 6D 00 00 1B 16 00 00 22 00 00 00
2026-03-15T15:27:28.673102,12.108,can0  041  [04]  B5 00 0A 00
2026-03-15T15:27:28.673520,12.108,can0  204  [16]  6E 23 D4 44 C8 29 00 00 28 23 30 75 30 75 00 00
2026-03-15T15:27:28.674312,12.109,can0  040  [04]  06 00 23 00
2026-03-15T15:27:28.771815,12.206,can0  070  [20]  F3 2A 4D 08 F3 B0 62 03 60 6D 00 00 1B 16 00 00 22 00 00 00
2026-03-15T15:27:28.772044,12.206,can0  204  [16]  6E 23 D4 44 C8 29 00 00 28 23 30 75 30 75 00 00
2026-03-15T15:27:28.772797,12.207,can0  040  [04]  06 00 23 00
2026-03-15T15:27:28.773063,12.207,can0  204  [16]  6E 23 D3 44 D4 29 00 00 28 23 30 75 30 75 00 00
2026-03-15T15:27:28.872654,12.307,can0  204  [16]  6E 23 D1 44 D4 29 00 00 28 23 30 75 30 75 00 00
2026-03-15T15:27:28.872896,12.307,can0  204  [16]  6E 23 D1 44 D4 29 00 00 28 23 30 75 30 75 00 00
2026-03-15T15:27:28.972017,12.406,can0  041  [04]  B5 00 0A 00
2026-03-15T15:27:28.972752,12.407,can0  040  [04]  05 00 20 00
2026-03-15T15:27:28.973057,12.407,can0  060  [32]  00 00 00 00 00 00 00 00 00 00 00 00 00 00 00 00 00 00 00 00 00 00 00 00 00 00 00 00 00 00 00 00
2026-03-15T15:27:28.973407,12.408,can0  204  [16]  6E 23 CF 44 DF 29 00 00 28 23 30 75 30 75 00 00
2026-03-15T15:27:28.973940,12.408,can0  040  [04]  05 00 20 00
2026-03-15T15:27:29.071884,12.506,can0  204  [16]  6E 23 CF 44 DF 29 00 00 28 23 30 75 30 75 00 00
2026-03-15T15:27:29.072140,12.507,can0  204  [16]  6E 23 CF 44 CF 29 00 00 28 23 30 75 30 75 00 00
2026-03-15T15:27:29.172010,12.606,can0  204  [16]  6E 23 D2 44 D2 29 00 00 28 23 30 75 30 75 00 00
2026-03-15T15:27:29.172309,12.607,can0  041  [04]  BF 00 0A 00
2026-03-15T15:27:29.172594,12.607,can0  204  [16]  6E 23 D2 44 D2 29 00 00 28 23 30 75 30 75 00 00
2026-03-15T15:27:29.173892,12.608,can0  040  [04]  08 00 1C 00
2026-03-15T15:27:29.289297,12.724,can0  070  [20]  F3 2A 4D 08 F3 B0 62 03 60 6D 00 00 1B 16 00 00 22 00 00 00
2026-03-15T15:27:29.289770,12.724,can0  204  [16]  6E 23 D1 44 C6 29 00 00 28 23 30 75 30 75 00 00
2026-03-15T15:27:29.296767,12.731,can0  040  [04]  08 00 1C 00
2026-03-15T15:27:29.430644,12.865,can0  204  [16]  6E 23 D1 44 C6 29 00 00 28 23 30 75 30 75 00 00
2026-03-15T15:27:29.430915,12.865,can0  070  [20]  F3 2A 4D 08 F3 B0 62 03 60 6D 00 00 1B 16 00 00 22 00 00 00
2026-03-15T15:27:29.431339,12.866,can0  204  [16]  6E 23 D2 44 C8 29 00 00 28 23 30 75 30 75 00 00
2026-03-15T15:27:29.502525,12.937,can0  133  [00]
2026-03-15T15:27:29.502923,12.937,can0  204  [16]  6E 23 D2 44 C8 29 00 00 28 23 30 75 30 75 00 00
2026-03-15T15:27:29.503874,12.938,can0  041  [04]  B5 00 0A 00
2026-03-15T15:27:29.504559,12.939,can0  060  [32]  00 00 00 00 00 00 00 00 00 00 00 00 00 00 00 00 00 00 00 00 00 00 00 00 00 00 00 00 00 00 00 00
2026-03-15T15:27:29.504888,12.939,can0  060  [32]  00 00 00 00 F3 2A 4D 08 48 06 B8 10 00 00 10 0E FF 01 00 00 00 00 00 00 01 00 00 00 00 00 00 00
2026-03-15T15:27:29.506722,12.941,can0  040  [04]  10 00 1B 00
2026-03-15T15:27:29.507152,12.942,can0  204  [16]  6E 23 D2 44 CF 29 00 00 28 23 30 75 30 75 00 00
2026-03-15T15:27:29.580730,13.015,can0  040  [04]  10 00 1B 00
2026-03-15T15:27:29.581578,13.016,can0  100  [03]  B9 4E 04
2026-03-15T15:27:29.581952,13.016,can0  204  [16]  6E 23 D2 44 CF 29 00 00 28 23 30 75 30 75 00 00
2026-03-15T15:27:29.582722,13.017,can0  110  [02]  9C 1B
2026-03-15T15:27:29.583419,13.018,can0  120  [04]  00 00 00 00
2026-03-15T15:27:29.583683,13.018,can0  070  [20]  F4 2A 4D 08 F3 B0 62 03 48 71 00 00 1B 16 00 00 3F 00 00 00
2026-03-15T15:27:29.727001,13.161,can0  204  [16]  6E 23 D1 44 CF 29 00 00 28 23 30 75 30 75 00 00
2026-03-15T15:27:29.727650,13.162,can0  070  [20]  F4 2A 4D 08 F3 B0 62 03 48 71 00 00 1B 16 00 00 3F 00 00 00
2026-03-15T15:27:29.727743,13.162,can0  204  [16]  6E 23 D1 44 D6 29 00 00 28 23 30 75 30 75 00 00
2026-03-15T15:27:29.798316,13.233,can0  041  [04]  B5 00 0A 00
2026-03-15T15:27:29.798533,13.233,can0  070  [20]  F4 2A 4D 08 F3 B0 62 03 48 71 00 00 1B 16 00 00 3F 00 00 00
2026-03-15T15:27:29.799355,13.234,can0  040  [04]  1C 00 17 00
2026-03-15T15:27:29.799718,13.234,can0  204  [16]  6E 23 D1 44 CF 29 00 00 28 23 30 75 30 75 00 00
2026-03-15T15:27:29.800364,13.235,can0  040  [04]  1C 00 17 00
2026-03-15T15:27:29.800628,13.235,can0  204  [16]  6E 23 D1 44 CF 29 00 00 28 23 30 75 30 75 00 00
2026-03-15T15:27:29.874432,13.309,can0  204  [16]  6E 23 D4 44 D2 29 00 00 28 23 30 75 30 75 00 00
2026-03-15T15:27:30.015773,13.450,can0  204  [16]  6E 23 D4 44 D2 29 00 00 28 23 30 75 30 75 00 00
2026-03-15T15:27:30.016057,13.450,can0  041  [04]  BE 00 08 00
2026-03-15T15:27:30.017361,13.452,can0  060  [32]  00 00 00 00 00 00 00 00 00 00 00 00 00 00 00 00 00 00 00 00 00 00 00 00 00 00 00 00 00 00 00 00
2026-03-15T15:27:30.017454,13.452,can0  204  [16]  6E 23 D3 44 C6 29 00 00 28 23 30 75 30 75 00 00
2026-03-15T15:27:30.017542,13.452,can0  040  [04]  1C 00 13 00
2026-03-15T15:27:30.073483,13.508,can0  204  [16]  6E 23 D2 44 D2 29 00 00 28 23 30 75 30 75 00 00
2026-03-15T15:27:30.073625,13.508,can0  040  [04]  1C 00 13 00
2026-03-15T15:27:30.073701,13.508,can0  204  [16]  6E 23 D2 44 D2 29 00 00 28 23 30 75 30 75 00 00
2026-03-15T15:27:30.213425,13.648,can0  204  [16]  6E 23 D1 44 CD 29 00 00 28 23 30 75 30 75 00 00
2026-03-15T15:27:30.266986,13.701,can0  204  [16]  6E 23 D1 44 CD 29 00 00 28 23 30 75 30 75 00 00
2026-03-15T15:27:30.267256,13.702,can0  070  [20]  F4 2A 4D 08 F3 B0 62 03 48 71 00 00 1B 16 00 00 3F 00 00 00
2026-03-15T15:27:30.267534,13.702,can0  041  [04]  CB 00 0A 00
2026-03-15T15:27:30.268106,13.703,can0  040  [04]  13 00 15 00
2026-03-15T15:27:30.268509,13.703,can0  204  [16]  6E 23 D3 44 D4 29 00 00 28 23 30 75 30 75 00 00
2026-03-15T15:27:30.381854,13.816,can0  070  [20]  F4 2A 4D 08 F3 B0 62 03 48 71 00 00 1B 16 00 00 3F 00 00 00
2026-03-15T15:27:30.382468,13.817,can0  040  [04]  13 00 15 00
2026-03-15T15:27:30.382804,13.817,can0  204  [16]  6E 23 D5 44 CB 29 00 00 28 23 30 75 30 75 00 00
2026-03-15T15:27:30.383137,13.818,can0  204  [16]  6E 23 D5 44 CB 29 00 00 28 23 30 75 30 75 00 00
2026-03-15T15:27:30.477922,13.912,can0  204  [16]  6E 23 D5 44 D2 29 00 00 28 23 30 75 30 75 00 00
2026-03-15T15:27:30.478396,13.913,can0  060  [32]  00 00 00 00 F4 2A 4D 08 48 06 B8 10 00 00 10 0E FF 01 00 00 00 00 00 00 01 00 00 00 00 00 00 00
2026-03-15T15:27:30.483498,13.918,can0  041  [04]  DE 00 08 00
2026-03-15T15:27:30.598690,14.033,can0  204  [16]  6E 23 D5 44 D2 29 00 00 28 23 30 75 30 75 00 00
2026-03-15T15:27:30.599652,14.034,can0  040  [04]  0B 00 1A 00
2026-03-15T15:27:30.599978,14.034,can0  204  [16]  6E 23 D3 44 CD 29 00 00 28 23 30 75 30 75 00 00
2026-03-15T15:27:30.607979,14.042,can0  070  [20]  F4 2A 4D 08 F3 B0 62 03 30 75 00 00 1B 16 00 00 21 00 00 00
2026-03-15T15:27:30.608121,14.043,can0  040  [04]  0B 00 1A 00
2026-03-15T15:27:30.674841,14.109,can0  070  [20]  F4 2A 4D 08 F3 B0 62 03 30 75 00 00 1B 16 00 00 22 00 00 00
2026-03-15T15:27:30.675207,14.110,can0  204  [16]  6E 23 D2 44 CB 29 00 00 28 23 30 75 30 75 00 00
2026-03-15T15:27:30.675500,14.110,can0  070  [20]  F4 2A 4D 08 F3 B0 62 03 30 75 00 00 1B 16 00 00 22 00 00 00
2026-03-15T15:27:30.675836,14.110,can0  204  [16]  6E 23 D2 44 CB 29 00 00 28 23 30 75 30 75 00 00
2026-03-15T15:27:30.785531,14.220,can0  100  [03]  B9 4E 04
2026-03-15T15:27:30.786279,14.221,can0  120  [04]  00 00 00 00
2026-03-15T15:27:30.786738,14.221,can0  204  [16]  6E 23 D2 44 CF 29 00 00 28 23 30 75 30 75 00 00
2026-03-15T15:27:30.786980,14.221,can0  041  [04]  E4 00 09 00
2026-03-15T15:27:30.920579,14.355,can0  040  [04]  0F 00 1C 00
2026-03-15T15:27:30.920688,14.355,can0  204  [16]  6E 23 D2 44 CF 29 00 00 28 23 30 75 30 75 00 00
2026-03-15T15:27:30.921326,14.356,can0  040  [04]  0F 00 1C 00
2026-03-15T15:27:30.921707,14.356,can0  204  [16]  6E 23 D2 44 CB 29 00 00 28 23 30 75 30 75 00 00
2026-03-15T15:27:30.986424,14.421,can0  204  [16]  6E 23 D2 44 CF 29 00 00 28 23 30 75 30 75 00 00
2026-03-15T15:27:30.986747,14.421,can0  060  [32]  00 00 00 00 00 00 00 00 00 00 00 00 00 00 00 00 00 00 00 00 00 00 00 00 00 00 00 00 00 00 00 00
2026-03-15T15:27:30.987089,14.422,can0  204  [16]  6E 23 D2 44 CF 29 00 00 28 23 30 75 30 75 00 00
2026-03-15T15:27:31.112564,14.547,can0  041  [04]  C2 00 0B 00
2026-03-15T15:27:31.112664,14.547,can0  204  [16]  6E 23 D3 44 CB 29 00 00 28 23 30 75 30 75 00 00
2026-03-15T15:27:31.120009,14.554,can0  040  [04]  15 00 1D 00
2026-03-15T15:27:31.178178,14.613,can0  204  [16]  6E 23 D3 44 CB 29 00 00 28 23 30 75 30 75 00 00
2026-03-15T15:27:31.179023,14.613,can0  040  [04]  15 00 1D 00
2026-03-15T15:27:31.179866,14.614,can0  110  [02]  9C 1B
2026-03-15T15:27:31.180833,14.615,can0  204  [16]  6E 23 D3 44 CD 29 00 00 28 23 30 75 30 75 00 00
2026-03-15T15:27:31.181049,14.615,can0  070  [20]  F4 2A 4D 08 F3 B0 62 03 30 75 00 00 1B 16 00 00 22 00 00 00
2026-03-15T15:27:31.276522,14.711,can0  204  [16]  6E 23 D2 44 CD 29 FE 54 28 23 30 75 30 75 00 00
2026-03-15T15:27:31.276756,14.711,can0  204  [16]  6E 23 D2 44 CD 29 FE 54 28 23 30 75 30 75 00 00
2026-03-15T15:27:31.276939,14.711,can0  041  [04]  BC 00 10 00
2026-03-15T15:27:31.371779,14.806,can0  070  [20]  F4 2A 4D 08 F3 B0 62 03 30 75 00 00 1B 16 00 00 22 00 00 00
2026-03-15T15:27:31.372448,14.807,can0  040  [04]  0E 00 1F 00
2026-03-15T15:27:31.372752,14.807,can0  204  [16]  6E 23 D3 44 D4 29 E6 53 28 23 30 75 30 75 00 00
2026-03-15T15:27:31.373219,14.808,can0  040  [04]  0E 00 1F 00
2026-03-15T15:27:31.472560,14.907,can0  204  [16]  6E 23 D3 44 D4 29 E6 53 28 23 30 75 30 75 00 00
2026-03-15T15:27:31.472798,14.907,can0  204  [16]  6E 23 D4 44 CB 29 58 54 28 23 30 75 30 75 00 00
2026-03-15T15:27:31.472999,14.907,can0  060  [32]  00 00 00 00 00 00 00 00 00 00 00 00 00 00 00 00 00 00 00 00 00 00 00 00 00 00 00 00 00 00 00 00
2026-03-15T15:27:31.473148,14.908,can0  060  [32]  00 00 00 00 F4 2A 4D 08 48 06 B8 10 00 00 10 0E FF 01 00 00 00 00 00 00 01 00 00 00 00 00 00 00
2026-03-15T15:27:31.572887,15.007,can0  204  [16]  6E 23 D4 44 CB 29 58 54 28 23 30 75 30 75 00 00
2026-03-15T15:27:31.573129,15.008,can0  041  [04]  C8 00 12 00
2026-03-15T15:27:31.580740,15.015,can0  040  [04]  0E 00 21 00
2026-03-15T15:27:31.695872,15.130,can0  204  [16]  6E 23 D7 44 DB 29 C1 54 28 23 30 75 30 75 00 00
2026-03-15T15:27:31.696707,15.131,can0  040  [04]  0E 00 21 00
2026-03-15T15:27:31.697059,15.131,can0  204  [16]  6E 23 D5 44 CF 29 C4 54 28 23 30 75 30 75 00 00
2026-03-15T15:27:31.697363,15.132,can0  070  [20]  F4 2A 4D 08 F3 B0 62 03 18 79 00 00 1B 16 00 00 14 00 00 00
2026-03-15T15:27:31.697664,15.132,can0  070  [20]  F4 2A 4D 08 F3 B0 62 03 18 79 00 00 1B 16 00 00 15 00 00 00
2026-03-15T15:27:31.819965,15.254,can0  204  [16]  6E 23 D5 44 CF 29 C4 54 28 23 30 75 30 75 00 00
2026-03-15T15:27:31.820158,15.255,can0  070  [20]  F4 2A 4D 08 F3 B0 62 03 18 79 00 00 1B 16 00 00 15 00 00 00
2026-03-15T15:27:31.821091,15.256,can0  204  [16]  6E 23 D2 44 D4 29 46 54 28 23 30 75 30 75 00 00
2026-03-15T15:27:31.912401,15.347,can0  041  [04]  D8 00 12 00
2026-03-15T15:27:31.912651,15.347,can0  204  [16]  6E 23 D1 44 CF 29 9B 54 28 23 30 75 30 75 00 00
2026-03-15T15:27:31.913343,15.348,can0  040  [04]  13 00 22 00
2026-03-15T15:27:31.968512,15.403,can0  204  [16]  6E 23 D1 44 CF 29 9B 54 28 23 30 75 30 75 00 00
2026-03-15T15:27:31.969330,15.404,can0  040  [04]  13 00 22 00
2026-03-15T15:27:31.970155,15.405,can0  100  [03]  B5 4E 04
2026-03-15T15:27:31.970710,15.405,can0  120  [04]  00 00 00 00
2026-03-15T15:27:31.970978,15.405,can0  204  [16]  6E 23 D3 44 CF 29 67 55 28 23 30 75 30 75 00 00
2026-03-15T15:27:31.971215,15.406,can0  060  [32]  00 00 00 00 00 00 00 00 00 00 00 00 00 00 00 00 00 00 00 00 00 00 00 00 00 00 00 00 00 00 00 00
2026-03-15T15:27:32.120199,15.555,can0  204  [16]  6E 23 D3 44 CF 29 67 55 28 23 30 75 30 75 00 00
2026-03-15T15:27:32.120363,15.555,can0  204  [16]  6E 23 D3 44 CD 29 83 55 28 23 30 75 30 75 00 00
2026-03-15T15:27:32.126296,15.561,can0  041  [04]  D6 00 12 00
2026-03-15T15:27:32.195825,15.630,can0  040  [04]  11 00 1F 00
2026-03-15T15:27:32.196539,15.631,can0  204  [16]  6E 23 D3 44 D8 29 F6 53 28 23 30 75 30 75 00 00
2026-03-15T15:27:32.197310,15.632,can0  040  [04]  11 00 1F 00
2026-03-15T15:27:32.291123,15.726,can0  204  [16]  6E 23 D3 44 D8 29 F6 53 28 23 30 75 30 75 00 00
2026-03-15T15:27:32.291350,15.726,can0  070  [20]  F4 2A 4D 08 F3 B0 62 03 18 79 00 00 1B 16 00 00 15 00 00 00
2026-03-15T15:27:32.297933,15.732,can0  204  [16]  6E 23 D1 44 D2 29 C4 55 28 23 30 75 30 75 00 00
2026-03-15T15:27:32.386145,15.821,can0  204  [16]  6E 23 D1 44 D2 29 C4 55 28 23 30 75 30 75 00 00
2026-03-15T15:27:32.386652,15.821,can0  070  [20]  F4 2A 4D 08 F3 B0 62 03 18 79 00 00 1B 16 00 00 15 00 00 00
2026-03-15T15:27:32.386719,15.821,can0  041  [04]  D3 00 14 00
2026-03-15T15:27:32.387054,15.821,can0  204  [16]  6E 23 D2 44 D2 29 88 54 28 23 30 75 30 75 00 00
2026-03-15T15:27:32.387713,15.822,can0  040  [04]  16 00 1F 00
2026-03-15T15:27:32.484147,15.919,can0  040  [04]  16 00 1F 00
2026-03-15T15:27:32.484587,15.919,can0  204  [16]  6E 23 D2 44 CB 29 E8 52 28 23 30 75 30 75 00 00
2026-03-15T15:27:32.578125,16.013,can0  060  [32]  00 00 00 00 F4 2A 4D 08 48 06 B8 10 00 00 10 0E FF 01 00 00 00 00 00 00 01 00 00 00 00 00 00 00
2026-03-15T15:27:32.578805,16.013,can0  204  [16]  6E 23 D2 44 CB 29 E8 52 28 23 30 75 30 75 00 00
2026-03-15T15:27:32.579115,16.014,can0  204  [16]  6E 23 D2 44 CB 29 E8 52 28 23 30 75 30 75 00 00
2026-03-15T15:27:32.579406,16.014,can0  070  [20]  F4 2A 4D 08 F3 B0 62 03 00 7D 00 00 1B 16 00 00 14 00 00 00
2026-03-15T15:27:32.677963,16.112,can0  070  [20]  F4 2A 4D 08 F3 B0 62 03 00 7D 00 00 1B 16 00 00 14 00 00 00
2026-03-15T15:27:32.678179,16.113,can0  041  [04]  CE 00 19 00
2026-03-15T15:27:32.679203,16.114,can0  204  [16]  6E 23 D6 44 C6 29 71 54 28 23 30 75 30 75 00 00
2026-03-15T15:27:32.679288,16.114,can0  040  [04]  11 00 1F 00
2026-03-15T15:27:32.679446,16.114,can0  070  [20]  F4 2A 4D 08 F3 B0 62 03 00 7D 00 00 1B 16 00 00 14 00 00 00
2026-03-15T15:27:32.772341,16.207,can0  204  [16]  6E 23 D6 44 C6 29 71 54 28 23 30 75 30 75 00 00
2026-03-15T15:27:32.773001,16.207,can0  040  [04]  11 00 1F 00
2026-03-15T15:27:32.773647,16.208,can0  110  [02]  9C 1B
2026-03-15T15:27:32.773985,16.208,can0  204  [16]  6E 23 D6 44 CF 29 8D 55 28 23 30 75 30 75 00 00
2026-03-15T15:27:32.872853,16.307,can0  204  [16]  6E 23 D6 44 CF 29 8D 55 28 23 30 75 30 75 00 00
2026-03-15T15:27:32.873218,16.308,can0  204  [16]  6E 23 D5 44 CD 29 95 53 28 23 30 75 30 75 00 00
2026-03-15T15:27:32.873495,16.308,can0  041  [04]  CD 00 1C 00
2026-03-15T15:27:32.972180,16.407,can0  040  [04]  0A 00 21 00
2026-03-15T15:27:32.972581,16.407,can0  204  [16]  6E 23 D3 44 D6 29 83 55 28 23 30 75 30 75 00 00
2026-03-15T15:27:32.973091,16.408,can0  040  [04]  0A 00 21 00
2026-03-15T15:27:32.973324,16.408,can0  060  [32]  00 00 00 00 00 00 00 00 00 00 00 00 00 00 00 00 00 00 00 00 00 00 00 00 00 00 00 00 00 00 00 00
2026-03-15T15:27:33.072444,16.507,can0  204  [16]  6E 23 D3 44 D6 29 83 55 28 23 30 75 30 75 00 00
2026-03-15T15:27:33.072666,16.507,can0  204  [16]  6E 23 D3 44 C4 29 D3 55 28 23 30 75 30 75 00 00
2026-03-15T15:27:33.172739,16.607,can0  204  [16]  6E 23 D3 44 C4 29 D3 55 28 23 30 75 30 75 00 00
2026-03-15T15:27:33.173365,16.608,can0  100  [03]  B9 4E 04
2026-03-15T15:27:33.173827,16.608,can0  120  [04]  00 00 00 00
2026-03-15T15:27:33.174037,16.608,can0  041  [04]  D0 00 21 00
2026-03-15T15:27:33.174267,16.609,can0  204  [16]  6E 23 D5 44 CB 29 F0 53 28 23 30 75 30 75 00 00
2026-03-15T15:27:33.174461,16.609,can0  070  [20]  F4 2A 4D 08 F3 B0 62 03 00 7D 00 00 1B 16 00 00 14 00 00 00
2026-03-15T15:27:33.175152,16.610,can0  040  [04]  08 00 24 00
2026-03-15T15:27:33.272698,16.707,can0  040  [04]  08 00 24 00
2026-03-15T15:27:33.272968,16.707,can0  204  [16]  6E 23 D5 44 C6 29 9D 53 28 23 30 75 30 75 00 00
2026-03-15T15:27:33.372377,16.807,can0  204  [16]  6E 23 D5 44 C6 29 9D 53 28 23 30 75 30 75 00 00
2026-03-15T15:27:33.372700,16.807,can0  070  [20]  F4 2A 4D 08 F3 B0 62 03 00 7D 00 00 1B 16 00 00 14 00 00 00
2026-03-15T15:27:33.373048,16.807,can0  204  [16]  6E 23 D4 44 D2 29 F7 55 28 23 30 75 30 75 00 00
2026-03-15T15:27:33.495009,16.929,can0  204  [16]  6E 23 D4 44 D2 29 F7 55 28 23 30 75 30 75 00 00
2026-03-15T15:27:33.502525,16.937,can0  041  [04]  CF 00 23 00
2026-03-15T15:27:33.503685,16.938,can0  040  [04]  06 00 23 00
2026-03-15T15:27:33.504044,16.938,can0  204  [16]  6E 23 D3 44 C6 29 EE 55 28 23 30 75 30 75 00 00
2026-03-15T15:27:33.512388,16.947,can0  060  [32]  00 00 00 00 00 00 00 00 00 00 00 00 00 00 00 00 00 00 00 00 00 00 00 00 00 00 00 00 00 00 00 00
2026-03-15T15:27:33.512501,16.947,can0  040  [04]  06 00 23 00
2026-03-15T15:27:33.571350,17.006,can0  060  [32]  00 00 00 00 F4 2A 4D 08 48 06 B8 10 00 00 10 0E FF 01 00 00 00 00 00 00 01 00 00 00 00 00 00 00
2026-03-15T15:27:33.572032,17.006,can0  204  [16]  6E 23 D3 44 C6 29 EE 55 28 23 30 75 30 75 00 00
2026-03-15T15:27:33.572416,17.007,can0  070  [20]  F4 2A 4D 08 F3 B0 62 03 E8 80 00 00 1B 16 00 00 18 00 00 00
2026-03-15T15:27:33.703683,17.138,can0  070  [20]  F4 2A 4D 08 F3 B0 62 03 E8 80 00 00 1B 16 00 00 18 00 00 00
2026-03-15T15:27:33.704033,17.138,can0  204  [16]  6E 23 D6 44 D2 29 2B 55 28 23 30 75 30 75 00 00
2026-03-15T15:27:33.704357,17.139,can0  204  [16]  6E 23 D6 44 CF 29 C5 55 28 23 30 75 30 75 00 00
2026-03-15T15:27:33.704616,17.139,can0  041  [04]  CB 00 22 00
2026-03-15T15:27:33.791581,17.226,can0  070  [20]  F4 2A 4D 08 F3 B0 62 03 E8 80 00 00 1B 16 00 00 18 00 00 00
2026-03-15T15:27:33.792183,17.227,can0  040  [04]  01 00 23 00
2026-03-15T15:27:33.792480,17.227,can0  204  [16]  6E 23 D5 44 D4 29 8E 56 28 23 30 75 30 75 00 00
2026-03-15T15:27:33.793011,17.227,can0  040  [04]  01 00 23 00
2026-03-15T15:27:33.793260,17.228,can0  204  [16]  6E 23 D5 44 D4 29 8E 56 28 23 30 75 30 75 00 00
2026-03-15T15:27:33.882760,17.317,can0  204  [16]  6E 23 D5 44 CF 29 6B 55 28 23 30 75 30 75 00 00
2026-03-15T15:27:33.972646,17.407,can0  204  [16]  6E 23 D5 44 CF 29 6B 55 28 23 30 75 30 75 00 00
2026-03-15T15:27:33.972875,17.407,can0  041  [04]  C8 00 1F 00
2026-03-15T15:27:33.973471,17.408,can0  040  [04]  01 00 26 00
2026-03-15T15:27:33.973730,17.408,can0  204  [16]  6E 23 D5 44 CD 29 E0 54 28 23 30 75 30 75 00 00
2026-03-15T15:27:34.072569,17.507,can0  060  [32]  00 00 00 00 00 00 00 00 00 00 00 00 00 00 00 00 00 00 00 00 00 00 00 00 00 00 00 00 00 00 00 00
2026-03-15T15:27:34.073188,17.508,can0  040  [04]  01 00 26 00
2026-03-15T15:27:34.073485,17.508,can0  204  [16]  6E 23 D6 44 CD 29 0F 55 28 23 30 75 30 75 00 00
2026-03-15T15:27:34.073813,17.508,can0  204  [16]  6E 23 D6 44 CD 29 0F 55 28 23 30 75 30 75 00 00
2026-03-15T15:27:34.172453,17.607,can0  204  [16]  6E 23 D6 44 D8 29 1C 53 28 23 30 75 30 75 00 00
2026-03-15T15:27:34.281934,17.716,can0  204  [16]  6E 23 D6 44 D8 29 1C 53 28 23 30 75 30 75 00 00
2026-03-15T15:27:34.283248,17.718,can0  070  [20]  F4 2A 4D 08 F3 B0 62 03 E8 80 00 00 1B 16 00 00 18 00 00 00
2026-03-15T15:27:34.283351,17.718,can0  041  [04]  CE 00 1E 00
2026-03-15T15:27:34.283427,17.718,can0  040  [04]  01 00 2C 00
2026-03-15T15:27:34.283627,17.718,can0  204  [16]  6E 23 D5 44 D2 29 36 56 28 23 30 75 30 75 00 00
2026-03-15T15:27:34.410403,17.845,can0  070  [20]  F4 2A 4D 08 F3 B0 62 03 E8 80 00 00 1B 16 00 00 18 00 00 00
2026-03-15T15:27:34.411039,17.845,can0  040  [04]  01 00 2C 00
2026-03-15T15:27:34.412966,17.847,can0  204  [16]  6E 23 D6 44 CF 29 CE 53 28 23 30 75 30 75 00 00
2026-03-15T15:27:34.413065,17.847,can0  100  [03]  B7 4E 04
2026-03-15T15:27:34.413142,17.848,can0  110  [02]  9A 1B
2026-03-15T15:27:34.413963,17.848,can0  120  [04]  00 00 00 00
2026-03-15T15:27:34.414385,17.849,can0  204  [16]  6E 23 D6 44 CF 29 CE 53 28 23 30 75 30 75 00 00
2026-03-15T15:27:34.471516,17.906,can0  204  [16]  6E 23 D6 44 C4 29 75 4D 28 23 30 75 30 75 00 00
2026-03-15T15:27:34.471793,17.906,can0  041  [04]  D3 00 20 00
2026-03-15T15:27:34.600082,18.035,can0  204  [16]  6E 23 D6 44 C4 29 75 4D 28 23 30 75 30 75 00 00
2026-03-15T15:27:34.600377,18.035,can0  060  [32]  00 00 00 00 F4 2A 4D 08 48 06 B8 10 00 00 10 0E FF 01 00 00 00 00 00 00 01 00 00 00 00 00 00 00
2026-03-15T15:27:34.601192,18.036,can0  040  [04]  00 00 36 00
2026-03-15T15:27:34.601695,18.036,can0  040  [04]  00 00 36 00
2026-03-15T15:27:34.602635,18.037,can0  070  [20]  F4 2A 4D 08 F3 B0 62 03 D0 84 00 00 1B 16 00 00 23 00 00 00
2026-03-15T15:27:34.602680,18.037,can0  204  [16]  6E 23 D6 44 CD 29 7C 4E 28 23 30 75 30 75 00 00
2026-03-15T15:27:34.691012,18.125,can0  070  [20]  F4 2A 4D 08 F3 B0 62 03 D0 84 00 00 1B 16 00 00 22 00 00 00
2026-03-15T15:27:34.691462,18.126,can0  204  [16]  6E 23 D6 44 CD 29 77 52 28 23 30 75 30 75 00 00
2026-03-15T15:27:34.691756,18.126,can0  070  [20]  F4 2A 4D 08 F3 B0 62 03 D0 84 00 00 1B 16 00 00 22 00 00 00
2026-03-15T15:27:34.780280,18.215,can0  204  [16]  6E 23 D6 44 CD 29 77 52 28 23 30 75 30 75 00 00
2026-03-15T15:27:34.780532,18.215,can0  041  [04]  D8 00 1E 00
2026-03-15T15:27:34.780790,18.215,can0  204  [16]  6E 23 D6 44 D4 29 E6 51 28 23 30 75 30 75 00 00
2026-03-15T15:27:34.788440,18.223,can0  040  [04]  65 01 39 00
2026-03-15T15:27:34.872521,18.307,can0  204  [16]  6E 23 D5 44 CF 29 40 52 28 23 30 75 30 75 00 00
2026-03-15T15:27:34.872959,18.307,can0  040  [04]  65 01 39 00
2026-03-15T15:27:34.873211,18.308,can0  204  [16]  6E 23 D5 44 CF 29 40 52 28 23 30 75 30 75 00 00
2026-03-15T15:27:34.996953,18.431,can0  204  [16]  6E 23 D5 44 CF 29 37 50 28 23 30 75 30 75 00 00
2026-03-15T15:27:35.097424,18.532,can0  204  [16]  6E 23 D5 44 CF 29 37 50 28 23 30 75 30 75 00 00
2026-03-15T15:27:35.097789,18.532,can0  041  [04]  D5 00 1C 00
2026-03-15T15:27:35.098066,18.532,can0  060  [32]  00 00 00 00 00 00 00 00 00 00 00 00 00 00 00 00 00 00 00 00 00 00 00 00 00 00 00 00 00 00 00 00
2026-03-15T15:27:35.098551,18.533,can0  040  [04]  63 01 3B 00
2026-03-15T15:27:35.098880,18.533,can0  204  [16]  6E 23 D6 44 C6 29 4F 51 28 23 30 75 30 75 00 00
2026-03-15T15:27:35.217164,18.652,can0  040  [04]  63 01 3B 00
2026-03-15T15:27:35.217467,18.652,can0  204  [16]  6E 23 D6 44 C6 29 0A 51 28 23 30 75 30 75 00 00
2026-03-15T15:27:35.222775,18.657,can0  204  [16]  6E 23 D6 44 C6 29 0A 51 28 23 30 75 30 75 00 00
2026-03-15T15:27:35.222873,18.657,can0  070  [20]  F4 2A 4D 08 F3 B0 62 03 D0 84 00 00 1B 16 00 00 22 00 00 00
2026-03-15T15:27:35.322985,18.757,can0  204  [16]  6E 23 D6 44 C6 29 6D 52 28 23 30 75 30 75 00 00
2026-03-15T15:27:35.323084,18.758,can0  041  [04]  D9 00 1C 00
2026-03-15T15:27:35.381244,18.816,can0  204  [16]  6E 23 D6 44 C6 29 6D 52 28 23 30 75 30 75 00 00
2026-03-15T15:27:35.381449,18.816,can0  070  [20]  F4 2A 4D 08 F3 B0 62 03 D0 84 00 00 1B 16 00 00 22 00 00 00
2026-03-15T15:27:35.381897,18.816,can0  040  [04]  63 01 3B 00
2026-03-15T15:27:35.382309,18.817,can0  040  [04]  63 01 3B 00
2026-03-15T15:27:35.382574,18.817,can0  204  [16]  6E 23 D5 44 C8 29 D7 51 28 23 30 75 30 75 00 00
2026-03-15T15:27:35.472570,18.907,can0  204  [16]  6E 23 D3 44 D4 29 71 52 28 23 30 75 30 75 00 00
2026-03-15T15:27:35.472783,18.907,can0  204  [16]  6E 23 D3 44 D4 29 71 52 28 23 30 75 30 75 00 00
2026-03-15T15:27:35.576036,19.010,can0  060  [32]  00 00 00 00 00 00 00 00 00 00 00 00 00 00 00 00 00 00 00 00 00 00 00 00 00 00 00 00 00 00 00 00
2026-03-15T15:27:35.576199,19.011,can0  060  [32]  00 00 00 00 F4 2A 4D 08 48 06 B8 10 00 00 10 0E FF 01 00 00 00 00 00 00 01 00 00 00 00 00 00 00
2026-03-15T15:27:35.577019,19.011,can0  100  [03]  B7 4E 04
2026-03-15T15:27:35.577615,19.012,can0  120  [04]  00 00 00 00
2026-03-15T15:27:35.578360,19.013,can0  041  [04]  DB 00 1C 00
2026-03-15T15:27:35.578491,19.013,can0  204  [16]  6E 23 D3 44 D4 29 71 52 28 23 30 75 30 75 00 00
2026-03-15T15:27:35.578559,19.013,can0  070  [20]  F4 2A 4D 08 F3 B0 62 03 B8 88 00 00 1B 16 00 00 1A 00 00 00
2026-03-15T15:27:35.583107,19.018,can0  040  [04]  62 01 36 00
2026-03-15T15:27:35.673280,19.108,can0  070  [20]  F4 2A 4D 08 F3 B0 62 03 B8 88 00 00 1B 16 00 00 1A 00 00 00
2026-03-15T15:27:35.673928,19.108,can0  040  [04]  62 01 36 00
2026-03-15T15:27:35.674324,19.109,can0  204  [16]  6E 23 D5 44 CB 29 42 51 28 23 30 75 30 75 00 00
2026-03-15T15:27:35.674661,19.109,can0  204  [16]  6E 23 D5 44 CB 29 42 51 28 23 30 75 30 75 00 00
2026-03-15T15:27:35.674916,19.109,can0  070  [20]  F4 2A 4D 08 F3 B0 62 03 B8 88 00 00 1B 16 00 00 1A 00 00 00
2026-03-15T15:27:35.800415,19.235,can0  204  [16]  6E 23 D5 44 BF 29 75 53 28 23 30 75 30 75 00 00
2026-03-15T15:27:35.935569,19.370,can0  204  [16]  6E 23 D5 44 BF 29 75 53 28 23 30 75 30 75 00 00
2026-03-15T15:27:35.935852,19.370,can0  041  [04]  D4 00 19 00
2026-03-15T15:27:35.936445,19.371,can0  040  [04]  64 01 2F 00
2026-03-15T15:27:35.936790,19.371,can0  204  [16]  6E 23 D5 44 C6 29 44 52 28 23 30 75 30 75 00 00
2026-03-15T15:27:35.937288,19.372,can0  040  [04]  64 01 2F 00
2026-03-15T15:27:35.986275,19.421,can0  204  [16]  6E 23 D5 44 CB 29 55 53 28 23 30 75 30 75 00 00
2026-03-15T15:27:35.987029,19.421,can0  110  [02]  9B 1B
2026-03-15T15:27:35.987404,19.422,can0  204  [16]  6E 23 D5 44 CB 29 55 53 28 23 30 75 30 75 00 00
2026-03-15T15:27:36.100295,19.535,can0  060  [32]  00 00 00 00 00 00 00 00 00 00 00 00 00 00 00 00 00 00 00 00 00 00 00 00 00 00 00 00 00 00 00 00
2026-03-15T15:27:36.101077,19.536,can0  204  [16]  6E 23 D3 44 D2 29 7C 52 28 23 30 75 30 75 00 00
2026-03-15T15:27:36.101164,19.536,can0  041  [04]  CF 00 19 00
2026-03-15T15:27:36.193655,19.628,can0  204  [16]  6E 23 D3 44 D2 29 7C 52 28 23 30 75 30 75 00 00
2026-03-15T15:27:36.194249,19.629,can0  040  [04]  02 00 2E 00
2026-03-15T15:27:36.194551,19.629,can0  204  [16]  6E 23 D3 44 D4 29 1B 53 28 23 30 75 30 75 00 00
2026-03-15T15:27:36.194960,19.629,can0  040  [04]  02 00 2E 00
2026-03-15T15:27:36.195155,19.630,can0  070  [20]  F4 2A 4D 08 F3 B0 62 03 B8 88 00 00 1B 16 00 00 1A 00 00 00
2026-03-15T15:27:36.304558,19.739,can0  204  [16]  6E 23 D3 44 CB 29 BB 52 28 23 30 75 30 75 00 00
2026-03-15T15:27:36.304883,19.739,can0  204  [16]  6E 23 D3 44 CB 29 BB 52 28 23 30 75 30 75 00 00
2026-03-15T15:27:36.423191,19.858,can0  070  [20]  F4 2A 4D 08 F3 B0 62 03 B8 88 00 00 1B 16 00 00 1A 00 00 00
2026-03-15T15:27:36.423459,19.858,can0  041  [04]  CC 00 1C 00
2026-03-15T15:27:36.423731,19.858,can0  204  [16]  6E 23 D5 44 C1 29 4D 51 28 23 30 75 30 75 00 00
2026-03-15T15:27:36.424201,19.859,can0  040  [04]  08 00 28 00
2026-03-15T15:27:36.527200,19.962,can0  204  [16]  6E 23 D5 44 C1 29 4D 51 28 23 30 75 30 75 00 00
2026-03-15T15:27:36.527321,19.962,can0  040  [04]  08 00 28 00
2026-03-15T15:27:36.527394,19.962,can0  204  [16]  6E 23 D6 44 C1 29 B9 52 28 23 30 75 30 75 00 00
2026-03-15T15:27:36.582164,20.017,can0  204  [16]  6E 23 D6 44 C1 29 B9 52 28 23 30 75 30 75 00 00
2026-03-15T15:27:36.582665,20.017,can0  060  [32]  00 00 00 00 F4 2A 4D 08 48 06 B8 10 00 00 10 0E FF 01 00 00 00 00 00 00 01 00 00 00 00 00 00 00
2026-03-15T15:27:36.588534,20.023,can0  070  [20]  F3 2A 4D 08 F3 B0 62 03 A0 8C 00 00 1B 16 00 00 0B 00 00 00
2026-03-15T15:27:36.722775,20.157,can0  204  [16]  6E 23 D6 44 CB 29 B7 52 28 23 30 75 30 75 00 00
2026-03-15T15:27:36.723677,20.158,can0  070  [20]  F3 2A 4D 08 F3 B0 62 03 A0 8C 00 00 1B 16 00 00 0B 00 00 00
2026-03-15T15:27:36.723746,20.158,can0  041  [04]  BA 00 23 00
2026-03-15T15:27:36.723794,20.158,can0  040  [04]  11 00 25 00
2026-03-15T15:27:36.724104,20.159,can0  204  [16]  6E 23 D6 44 D2 29 14 54 28 23 30 75 30 75 00 00
2026-03-15T15:27:36.724500,20.159,can0  070  [20]  F3 2A 4D 08 F3 B0 62 03 A0 8C 00 00 1B 16 00 00 0B 00 00 00
2026-03-15T15:27:36.724942,20.159,can0  040  [04]  11 00 25 00
2026-03-15T15:27:36.821934,20.256,can0  204  [16]  6E 23 D6 44 D2 29 14 54 28 23 30 75 30 75 00 00
2026-03-15T15:27:36.822629,20.257,can0  100  [03]  B5 4E 04
2026-03-15T15:27:36.823271,20.258,can0  120  [04]  00 00 00 00
2026-03-15T15:27:36.823623,20.258,can0  204  [16]  6E 23 D6 44 D4 29 C7 51 28 23 30 75 30 75 00 00
2026-03-15T15:27:36.923493,20.358,can0  204  [16]  6E 23 D4 44 CD 29 69 54 28 23 30 75 30 75 00 00
2026-03-15T15:27:36.930477,20.365,can0  041  [04]  B2 00 27 00
2026-03-15T15:27:36.971143,20.406,can0   202  [01]  01 4
2026-03-15T15:27:36.977955,20.412,can0  204  [16]  6E 23 D4 44 CD 29 69 54 28 23 30 75 30 75 00 00
2026-03-15T15:27:36.978533,20.413,can0  040  [04]  0F 00 24 00
2026-03-15T15:27:36.979009,20.413,can0  040  [04]  0F 00 24 00
2026-03-15T15:27:36.979376,20.414,can0  204  [16]  6E 23 D6 44 CD 29 B6 53 28 23 30 75 30 75 00 00
2026-03-15T15:27:36.979525,20.414,can0  202  [01]  14
2026-03-15T15:27:37.041503,20.476,can0   003  [01]  00 F
2026-03-15T15:27:37.108751,20.543,can0  204  [16]  6E 23 D6 44 CB 29 7A 52 28 23 30 75 30 75 00 00
2026-03-15T15:27:37.109102,20.544,can0  060  [32]  00 00 00 00 00 00 00 00 00 00 00 00 00 00 00 00 00 00 00 00 00 00 00 00 00 00 00 00 00 00 00 00
2026-03-15T15:27:37.109251,20.544,can0  003  [01]  0F
2026-03-15T15:27:37.109836,20.544,can0  204  [16]  6E 23 D6 44 CB 29 7A 52 28 23 30 75 30 75 00 00
2026-03-15T15:27:37.191128,20.626,can0  041  [04]  B0 00 24 00
2026-03-15T15:27:37.191606,20.626,can0  204  [16]  6E 23 D7 44 D4 29 D8 52 28 23 30 75 30 75 00 00
2026-03-15T15:27:37.192277,20.627,can0  040  [04]  0A 00 22 00
2026-03-15T15:27:37.192507,20.627,can0  070  [20]  F3 2A 4D 08 F3 B0 62 03 A0 8C 00 00 1B 16 00 00 0B 00 00 00
2026-03-15T15:27:37.312807,20.747,can0  204  [16]  6E 23 D7 44 D4 29 D8 52 28 23 30 75 30 75 00 00
2026-03-15T15:27:37.313446,20.748,can0  040  [04]  0A 00 22 00
2026-03-15T15:27:37.313933,20.748,can0  204  [16]  6E 23 D6 44 D4 29 0A 54 28 23 30 75 30 75 00 00
2026-03-15T15:27:37.441943,20.876,can0  070  [20]  F3 2A 4D 08 F3 B0 62 03 A0 8C 00 00 1B 16 00 00 0B 00 00 00
2026-03-15T15:27:37.449051,20.883,can0  204  [16]  6E 23 D6 44 D8 29 4D 52 28 23 30 75 30 75 00 00
2026-03-15T15:27:37.449188,20.884,can0  204  [16]  6E 23 D6 44 D8 29 4D 52 28 23 30 75 30 75 00 00
2026-03-15T15:27:37.502609,20.937,can0  041  [04]  B5 00 1C 00
2026-03-15T15:27:37.503148,20.938,can0  040  [04]  09 00 20 00
2026-03-15T15:27:37.503450,20.938,can0  204  [16]  6E 23 D5 44 D2 29 82 52 28 23 30 75 30 75 00 00
2026-03-15T15:27:37.503837,20.938,can0  040  [04]  09 00 20 00
2026-03-15T15:27:37.608632,21.043,can0  204  [16]  6E 23 D5 44 D2 29 82 52 28 23 30 75 30 75 00 00
2026-03-15T15:27:37.608842,21.043,can0  132  [00]
2026-03-15T15:27:37.609131,21.044,can0  060  [32]  00 00 00 00 00 00 00 00 00 00 00 00 00 00 00 00 00 00 00 00 00 00 00 00 00 00 00 00 00 00 00 00
2026-03-15T15:27:37.610010,21.044,can0  110  [02]  9B 1B
2026-03-15T15:27:37.610215,21.045,can0  060  [32]  00 00 00 00 F3 2A 4D 08 48 06 B8 10 00 00 10 0E FF 01 00 00 00 00 00 00 01 00 00 00 00 00 00 00
2026-03-15T15:27:37.610891,21.045,can0  204  [16]  6E 23 D4 44 CB 29 BF 52 28 23 30 75 30 75 00 00
2026-03-15T15:27:37.611134,21.046,can0  070  [20]  F3 2A 4D 08 F3 B0 62 03 88 90 00 00 1B 16 00 00 25 00 00 00
2026-03-15T15:27:37.715751,21.150,can0  070  [20]  F3 2A 4D 08 F3 B0 62 03 88 90 00 00 1B 16 00 00 25 00 00 00
2026-03-15T15:27:37.716097,21.151,can0  204  [16]  6E 23 D4 44 CB 29 74 52 28 23 30 75 30 75 00 00
2026-03-15T15:27:37.716465,21.151,can0  041  [04]  CA 00 14 00
2026-03-15T15:27:37.716725,21.151,can0  204  [16]  6E 23 D4 44 CB 29 74 52 28 23 30 75 30 75 00 00
2026-03-15T15:27:37.716912,21.151,can0  070  [20]  F3 2A 4D 08 F3 B0 62 03 88 90 00 00 1B 16 00 00 25 00 00 00
2026-03-15T15:27:37.717392,21.152,can0  040  [04]  0D 00 20 00
2026-03-15T15:27:37.816575,21.251,can0  204  [16]  6E 23 D4 44 CB 29 C3 53 28 23 30 75 30 75 00 00
2026-03-15T15:27:37.822134,21.257,can0  040  [04]  0D 00 20 00
2026-03-15T15:27:37.911451,21.346,can0  204  [16]  6E 23 D4 44 CB 29 C3 53 28 23 30 75 30 75 00 00
2026-03-15T15:27:37.916564,21.351,can0  204  [16]  6E 23 D5 44 D4 29 F9 53 28 23 30 75 30 75 00 00
2026-03-15T15:27:38.049268,21.484,can0  041  [04]  D7 00 10 00
2026-03-15T15:27:38.049383,21.484,can0  204  [16]  6E 23 D5 44 D6 29 E9 52 28 23 30 75 30 75 00 00
2026-03-15T15:27:38.049461,21.484,can0  100  [03]  B0 4E 04
2026-03-15T15:27:38.049540,21.484,can0  120  [04]  00 00 00 00
2026-03-15T15:27:38.050434,21.485,can0  040  [04]  0B 00 20 00
2026-03-15T15:27:38.050523,21.485,can0  204  [16]  6E 23 D5 44 D6 29 E9 52 28 23 30 75 30 75 00 00
2026-03-15T15:27:38.121643,21.556,can0  040  [04]  0B 00 20 00
2026-03-15T15:27:38.122392,21.557,can0  204  [16]  6E 23 D3 44 D2 29 86 53 28 23 30 75 30 75 00 00
2026-03-15T15:27:38.122473,21.557,can0  060  [32]  00 00 00 00 00 00 00 00 00 00 00 00 00 00 00 00 00 00 00 00 00 00 00 00 00 00 00 00 00 00 00 00
2026-03-15T15:27:38.186507,21.621,can0  204  [16]  6E 23 D3 44 D2 29 86 53 28 23 30 75 30 75 00 00
2026-03-15T15:27:38.186880,21.621,can0  204  [16]  6E 23 D3 44 CB 29 A2 52 28 23 30 75 30 75 00 00
2026-03-15T15:27:38.187179,21.622,can0  070  [20]  F3 2A 4D 08 F3 B0 62 03 88 90 00 00 1B 16 00 00 25 00 00 00
2026-03-15T15:27:38.282064,21.716,can0  041  [04]  DB 00 10 00
2026-03-15T15:27:38.282671,21.717,can0  040  [04]  0C 00 21 00
2026-03-15T15:27:38.283031,21.717,can0  204  [16]  6E 23 D4 44 C6 29 A1 54 28 23 30 75 30 75 00 00
2026-03-15T15:27:38.283501,21.718,can0  040  [04]  0C 00 21 00
2026-03-15T15:27:38.283835,21.718,can0  204  [16]  6E 23 D4 44 C6 29 A1 54 28 23 30 75 30 75 00 00
2026-03-15T15:27:38.383168,21.818,can0  070  [20]  F3 2A 4D 08 F3 B0 62 03 88 90 00 00 1B 16 00 00 25 00 00 00
2026-03-15T15:27:38.383531,21.818,can0  204  [16]  6E 23 D4 44 CB 29 24 53 28 23 30 75 30 75 00 00
2026-03-15T15:27:38.490720,21.925,can0  204  [16]  6E 23 D4 44 CB 29 24 53 28 23 30 75 30 75 00 00
2026-03-15T15:27:38.490949,21.925,can0  041  [04]  D1 00 0F 00
2026-03-15T15:27:38.491174,21.926,can0  204  [16]  6E 23 D4 44 CD 29 2E 53 28 23 30 75 30 75 00 00
2026-03-15T15:27:38.624214,22.059,can0  040  [04]  08 00 23 00
2026-03-15T15:27:38.631747,22.066,can0  204  [16]  6E 23 D4 44 CD 29 2E 53 28 23 30 75 30 75 00 00
2026-03-15T15:27:38.632459,22.067,can0  060  [32]  00 00 00 00 F3 2A 4D 08 48 06 B8 10 00 00 10 0E FF 01 00 00 00 00 00 00 01 00 00 00 00 00 00 00
2026-03-15T15:27:38.633505,22.068,can0  040  [04]  08 00 23 00
2026-03-15T15:27:38.633860,22.068,can0  070  [20]  F3 2A 4D 08 F5 B0 62 03 70 94 00 00 1B 16 00 00 0D 00 00 00
2026-03-15T15:27:38.726756,22.161,can0  204  [16]  6E 23 D4 44 CF 29 B9 52 28 23 30 75 30 75 00 00
2026-03-15T15:27:38.727353,22.162,can0  070  [20]  F3 2A 4D 08 F5 B0 62 03 70 94 00 00 1B 16 00 00 0E 00 00 00
2026-03-15T15:27:38.727428,22.162,can0  204  [16]  6E 23 D3 44 C8 29 E2 52 28 23 30 75 30 75 00 00
2026-03-15T15:27:38.727619,22.162,can0  070  [20]  F3 2A 4D 08 F5 B0 62 03 70 94 00 00 1B 16 00 00 0E 00 00 00
2026-03-15T15:27:38.822491,22.257,can0  204  [16]  6E 23 D5 44 C1 29 98 4D 28 23 30 75 30 75 00 00
2026-03-15T15:27:38.822782,22.257,can0  041  [04]  D3 00 14 00
2026-03-15T15:27:38.823381,22.258,can0  040  [04]  0F 00 24 00
2026-03-15T15:27:38.823700,22.258,can0  204  [16]  6E 23 D5 44 C1 29 98 4D 28 23 30 75 30 75 00 00
2026-03-15T15:27:38.922539,22.357,can0  040  [04]  0F 00 24 00
2026-03-15T15:27:38.922924,22.357,can0  204  [16]  6E 23 D6 44 C1 29 1C 4F 28 23 30 75 30 75 00 00
2026-03-15T15:27:39.022023,22.456,can0  204  [16]  6E 23 D6 44 C1 29 1C 4F 28 23 30 75 30 75 00 00
2026-03-15T15:27:39.022387,22.457,can0  204  [16]  6E 23 D6 44 C6 29 E0 51 28 23 30 75 30 75 00 00
2026-03-15T15:27:39.133144,22.568,can0  041  [04]  DC 00 19 00
2026-03-15T15:27:39.133419,22.568,can0  204  [16]  6E 23 D5 44 CD 29 79 51 28 23 30 75 30 75 00 00
2026-03-15T15:27:39.133916,22.568,can0  040  [04]  1C 00 22 00
2026-03-15T15:27:39.134138,22.569,can0  060  [32]  00 00 00 00 00 00 00 00 00 00 00 00 00 00 00 00 00 00 00 00 00 00 00 00 00 00 00 00 00 00 00 00
2026-03-15T15:27:39.140151,22.575,can0  040  [04]  1C 00 22 00
2026-03-15T15:27:39.140277,22.575,can0  204  [16]  6E 23 D5 44 CD 29 79 51 28 23 30 75 30 75 00 00
2026-03-15T15:27:39.227155,22.662,can0  100  [03]  AF 4E 04
2026-03-15T15:27:39.227688,22.662,can0  110  [02]  9D 1B
2026-03-15T15:27:39.228171,22.663,can0  120  [04]  00 00 00 00
2026-03-15T15:27:39.228608,22.663,can0  204  [16]  6E 23 D3 44 CF 29 86 51 28 23 30 75 30 75 00 00
2026-03-15T15:27:39.228796,22.663,can0  070  [20]  F3 2A 4D 08 F5 B0 62 03 70 94 00 00 1B 16 00 00 0E 00 00 00
2026-03-15T15:27:39.292127,22.727,can0  204  [16]  6E 23 D3 44 CF 29 86 51 28 23 30 75 30 75 00 00
2026-03-15T15:27:39.292741,22.727,can0  041  [04]  DE 00 19 00
2026-03-15T15:27:39.292822,22.727,can0  204  [16]  6E 23 D3 44 CB 29 0E 4D 28 23 30 75 30 75 00 00
2026-03-15T15:27:39.423144,22.858,can0  070  [20]  F3 2A 4D 08 F5 B0 62 03 70 94 00 00 1B 16 00 00 0E 00 00 00
2026-03-15T15:27:39.423664,22.858,can0  040  [04]  1E 00 23 00
2026-03-15T15:27:39.423947,22.858,can0  204  [16]  6E 23 D5 44 C1 29 56 4E 28 23 30 75 30 75 00 00
2026-03-15T15:27:39.424121,22.859,can0  133  [00]
2026-03-15T15:27:39.424531,22.859,can0  040  [04]  1E 00 23 00
2026-03-15T15:27:39.424763,22.859,can0  204  [16]  6E 23 D5 44 C1 29 56 4E 28 23 30 75 30 75 00 00
2026-03-15T15:27:39.522031,22.956,can0  204  [16]  6E 23 D6 44 BF 29 08 51 28 23 30 75 30 75 00 00
2026-03-15T15:27:39.635010,23.069,can0  204  [16]  6E 23 D6 44 BF 29 08 51 28 23 30 75 30 75 00 00
2026-03-15T15:27:39.635293,23.070,can0  041  [04]  DB 00 17 00
2026-03-15T15:27:39.635566,23.070,can0  070  [20]  F3 2A 4D 08 F5 B0 62 03 58 98 00 00 1B 16 00 00 04 00 00 00
2026-03-15T15:27:39.635832,23.070,can0  060  [32]  00 00 00 00 00 00 00 00 00 00 00 00 00 00 00 00 00 00 00 00 00 00 00 00 00 00 00 00 00 00 00 00
2026-03-15T15:27:39.636473,23.071,can0  040  [04]  16 00 21 00
2026-03-15T15:27:39.636791,23.071,can0  204  [16]  6E 23 D6 44 C1 29 93 50 28 23 30 75 30 75 00 00
2026-03-15T15:27:39.636978,23.071,can0  060  [32]  00 00 00 00 F3 2A 4D 08 4A 06 B8 10 00 00 10 0E FF 01 00 00 00 00 00 00 01 00 00 00 00 00 00 00
2026-03-15T15:27:39.705543,23.140,can0  070  [20]  F3 2A 4D 08 F5 B0 62 03 58 98 00 00 1B 16 00 00 04 00 00 00
2026-03-15T15:27:39.706313,23.141,can0  040  [04]  16 00 21 00
2026-03-15T15:27:39.706609,23.141,can0  204  [16]  6E 23 D6 44 CB 29 BD 50 28 23 30 75 30 75 00 00
2026-03-15T15:27:39.706850,23.141,can0  070  [20]  F3 2A 4D 08 F5 B0 62 03 58 98 00 00 1B 16 00 00 04 00 00 00
2026-03-15T15:27:39.707143,23.142,can0  204  [16]  6E 23 D6 44 CB 29 BD 50 28 23 30 75 30 75 00 00
2026-03-15T15:27:39.835541,23.270,can0  204  [16]  6E 23 D5 44 C6 29 6A 52 28 23 30 75 30 75 00 00
2026-03-15T15:27:39.835751,23.270,can0  041  [04]  D9 00 18 00
2026-03-15T15:27:39.928722,23.363,can0  040  [04]  13 00 22 00
2026-03-15T15:27:39.929006,23.363,can0  204  [16]  6E 23 D6 44 CB 29 7D 52 28 23 30 75 30 75 00 00
2026-03-15T15:27:39.929230,23.364,can0  204  [16]  6E 23 D6 44 CB 29 7D 52 28 23 30 75 30 75 00 00
2026-03-15T15:27:39.934936,23.369,can0  040  [04]  13 00 22 00
2026-03-15T15:27:40.025380,23.460,can0  204  [16]  6E 23 D6 44 C8 29 CC 52 28 23 30 75 30 75 00 00
2026-03-15T15:27:40.139302,23.574,can0  204  [16]  6E 23 D6 44 C8 29 CC 52 28 23 30 75 30 75 00 00
2026-03-15T15:27:40.139728,23.574,can0  204  [16]  6E 23 D8 44 C6 29 38 53 28 23 30 75 30 75 00 00
2026-03-15T15:27:40.140007,23.574,can0  041  [04]  D7 00 18 00
2026-03-15T15:27:40.148249,23.583,can0  060  [32]  00 00 00 00 00 00 00 00 00 00 00 00 00 00 00 00 00 00 00 00 00 00 00 00 00 00 00 00 00 00 00 00
2026-03-15T15:27:40.148393,23.583,can0  040  [04]  12 00 23 00
2026-03-15T15:27:40.212686,23.647,can0  204  [16]  6E 23 D8 44 C6 29 31 52 28 23 30 75 30 75 00 00
2026-03-15T15:27:40.213359,23.648,can0  040  [04]  12 00 23 00
2026-03-15T15:27:40.213687,23.648,can0  204  [16]  6E 23 D8 44 C6 29 31 52 28 23 30 75 30 75 00 00
2026-03-15T15:27:40.213937,23.648,can0  070  [20]  F3 2A 4D 08 F5 B0 62 03 58 98 00 00 1B 16 00 00 04 00 00 00
2026-03-15T15:27:40.331092,23.766,can0  204  [16]  6E 23 D6 44 C6 29 06 52 28 23 30 75 30 75 00 00
2026-03-15T15:27:40.427765,23.862,can0  204  [16]  6E 23 D6 44 C6 29 06 52 28 23 30 75 30 75 00 00
2026-03-15T15:27:40.428073,23.862,can0  070  [20]  F3 2A 4D 08 F5 B0 62 03 58 98 00 00 1B 16 00 00 04 00 00 00
2026-03-15T15:27:40.429336,23.864,can0  041  [04]  DD 00 17 00
2026-03-15T15:27:40.429439,23.864,can0  100  [03]  AD 4E 04
2026-03-15T15:27:40.430027,23.864,can0  120  [04]  00 00 00 00
2026-03-15T15:27:40.430384,23.865,can0  204  [16]  6E 23 D6 44 C6 29 D1 51 28 23 30 75 30 75 00 00
2026-03-15T15:27:40.431163,23.866,can0  040  [04]  0F 00 24 00
2026-03-15T15:27:40.500973,23.935,can0  040  [04]  0F 00 24 00
2026-03-15T15:27:40.501425,23.936,can0  204  [16]  6E 23 D6 44 CD 29 CF 51 28 23 30 75 30 75 00 00
2026-03-15T15:27:40.501687,23.936,can0  204  [16]  6E 23 D6 44 CD 29 CF 51 28 23 30 75 30 75 00 00
2026-03-15T15:27:40.639954,24.074,can0  204  [16]  6E 23 D6 44 CD 29 CF 51 28 23 30 75 30 75 00 00
2026-03-15T15:27:40.640307,24.075,can0  070  [20]  F3 2A 4D 08 F5 B0 62 03 40 9C 00 00 1B 16 00 00 21 00 00 00
2026-03-15T15:27:40.640596,24.075,can0  060  [32]  00 00 00 00 F3 2A 4D 08 4A 06 B8 10 00 00 10 0E FF 01 00 00 00 00 00 00 01 00 00 00 00 00 00 00
2026-03-15T15:27:40.640864,24.075,can0  041  [04]  E2 00 16 00
2026-03-15T15:27:40.713356,24.148,can0  070  [20]  F3 2A 4D 08 F5 B0 62 03 40 9C 00 00 1B 16 00 00 22 00 00 00
2026-03-15T15:27:40.713482,24.148,can0  204  [16]  6E 23 D6 44 CB 29 4A 4E 28 23 30 75 30 75 00 00
2026-03-15T15:27:40.713580,24.148,can0  040  [04]  0C 00 21 00
2026-03-15T15:27:40.714056,24.148,can0  070  [20]  F3 2A 4D 08 F5 B0 62 03 40 9C 00 00 1B 16 00 00 22 00 00 00
2026-03-15T15:27:40.715039,24.149,can0  040  [04]  0C 00 21 00
2026-03-15T15:27:40.715801,24.150,can0  204  [16]  6E 23 D6 44 CB 29 4A 4E 28 23 30 75 30 75 00 00
2026-03-15T15:27:40.842295,24.277,can0  204  [16]  6E 23 D5 44 CD 29 53 52 28 23 30 75 30 75 00 00
2026-03-15T15:27:40.842922,24.277,can0  110  [02]  9E 1B
2026-03-15T15:27:40.843205,24.278,can0  204  [16]  6E 23 D5 44 CD 29 53 52 28 23 30 75 30 75 00 00
2026-03-15T15:27:40.931878,24.366,can0  204  [16]  6E 23 D4 44 D2 29 C4 4F 28 23 30 75 30 75 00 00
2026-03-15T15:27:40.933074,24.368,can0  041  [04]  E2 00 17 00
2026-03-15T15:27:40.933147,24.368,can0  040  [04]  17 00 1C 00
2026-03-15T15:27:41.025872,24.460,can0  204  [16]  6E 23 D5 44 CD 29 BC 4E 28 23 30 75 30 75 00 00
2026-03-15T15:27:41.026608,24.461,can0  040  [04]  17 00 1C 00
2026-03-15T15:27:41.026939,24.461,can0  204  [16]  6E 23 D5 44 CD 29 BC 4E 28 23 30 75 30 75 00 00
2026-03-15T15:27:41.132284,24.567,can0  204  [16]  6E 23 D6 44 CD 29 15 53 28 23 30 75 30 75 00 00
2026-03-15T15:27:41.132639,24.567,can0  060  [32]  00 00 00 00 00 00 00 00 00 00 00 00 00 00 00 00 00 00 00 00 00 00 00 00 00 00 00 00 00 00 00 00
2026-03-15T15:27:41.132944,24.567,can0  204  [16]  6E 23 D6 44 CD 29 15 53 28 23 30 75 30 75 00 00
2026-03-15T15:27:41.221891,24.656,can0  041  [04]  E6 00 18 00
2026-03-15T15:27:41.222697,24.657,can0  040  [04]  10 00 1C 00
2026-03-15T15:27:41.230540,24.665,can0  204  [16]  6E 23 D6 44 CB 29 91 4E 28 23 30 75 30 75 00 00
2026-03-15T15:27:41.230645,24.665,can0  070  [20]  F3 2A 4D 08 F5 B0 62 03 40 9C 00 00 1B 16 00 00 22 00 00 00
2026-03-15T15:27:41.338702,24.773,can0  040  [04]  10 00 1C 00
2026-03-15T15:27:41.339073,24.773,can0  204  [16]  6E 23 D5 44 CF 29 BF 4E 28 23 30 75 30 75 00 00
2026-03-15T15:27:41.339399,24.774,can0  204  [16]  6E 23 D5 44 CF 29 BF 4E 28 23 30 75 30 75 00 00
2026-03-15T15:27:41.422045,24.856,can0  070  [20]  F3 2A 4D 08 F5 B0 62 03 40 9C 00 00 1B 16 00 00 22 00 00 00
2026-03-15T15:27:41.422457,24.857,can0  204  [16]  6E 23 D3 44 D6 29 BE 4E 28 23 30 75 30 75 00 00
2026-03-15T15:27:41.422778,24.857,can0  041  [04]  EE 00 16 00
2026-03-15T15:27:41.423105,24.858,can0  204  [16]  6E 23 D3 44 D6 29 BE 4E 28 23 30 75 30 75 00 00
2026-03-15T15:27:41.529889,24.964,can0  040  [04]  07 00 20 00
2026-03-15T15:27:41.530299,24.965,can0  204  [16]  6E 23 D3 44 D8 29 D5 51 28 23 30 75 30 75 00 00
2026-03-15T15:27:41.530896,24.965,can0  040  [04]  07 00 20 00
2026-03-15T15:27:41.622167,25.057,can0  204  [16]  6E 23 D3 44 D8 29 D5 51 28 23 30 75 30 75 00 00
2026-03-15T15:27:41.622877,25.057,can0  100  [03]  AA 4E 04
2026-03-15T15:27:41.623267,25.058,can0  070  [20]  F3 2A 4D 08 F5 B0 62 03 28 A0 00 00 1B 16 00 00 13 00 00 00
2026-03-15T15:27:41.623860,25.058,can0  120  [04]  00 00 00 00
2026-03-15T15:27:41.624094,25.059,can0  060  [32]  00 00 00 00 00 00 00 00 00 00 00 00 00 00 00 00 00 00 00 00 00 00 00 00 00 00 00 00 00 00 00 00
2026-03-15T15:27:41.624387,25.059,can0  204  [16]  6E 23 D4 44 D4 29 97 4D 28 23 30 75 30 75 00 00
2026-03-15T15:27:41.722139,25.157,can0  060  [32]  00 00 00 00 F3 2A 4D 08 4A 06 B8 10 00 00 10 0E FF 01 00 00 00 00 00 00 01 00 00 00 00 00 00 00
2026-03-15T15:27:41.722740,25.157,can0  070  [20]  F3 2A 4D 08 F5 B0 62 03 28 A0 00 00 1B 16 00 00 13 00 00 00
2026-03-15T15:27:41.722973,25.157,can0  204  [16]  6E 23 D5 44 D4 29 F0 4E 28 23 30 75 30 75 00 00
2026-03-15T15:27:41.723197,25.158,can0  041  [04]  F9 00 15 00
2026-03-15T15:27:41.723371,25.158,can0  070  [20]  F3 2A 4D 08 F5 B0 62 03 28 A0 00 00 1B 16 00 00 13 00 00 00
2026-03-15T15:27:41.724052,25.158,can0  040  [04]  03 00 22 00
2026-03-15T15:27:41.822009,25.256,can0  204  [16]  6E 23 D4 44 D2 29 91 51 28 23 30 75 30 75 00 00
2026-03-15T15:27:41.822847,25.257,can0  040  [04]  03 00 22 00
2026-03-15T15:27:41.823125,25.258,can0  204  [16]  6E 23 D4 44 D2 29 91 51 28 23 30 75 30 75 00 00
2026-03-15T15:27:41.922110,25.357,can0  204  [16]  6E 23 D3 44 CD 29 98 51 28 23 30 75 30 75 00 00
2026-03-15T15:27:41.922377,25.357,can0  204  [16]  6E 23 D3 44 CD 29 98 51 28 23 30 75 30 75 00 00
2026-03-15T15:27:42.021828,25.456,can0  041  [04]  F9 00 15 00
2026-03-15T15:27:42.022082,25.457,can0  204  [16]  6E 23 D3 44 CB 29 E0 52 28 23 30 75 30 75 00 00
2026-03-15T15:27:42.022639,25.457,can0  040  [04]  08 00 29 00
2026-03-15T15:27:42.023172,25.458,can0  040  [04]  08 00 29 00
2026-03-15T15:27:42.122650,25.557,can0  204  [16]  6E 23 D5 44 C8 29 F9 50 28 23 30 75 30 75 00 00
2026-03-15T15:27:42.122972,25.557,can0  204  [16]  6E 23 D5 44 C8 29 F9 50 28 23 30 75 30 75 00 00
2026-03-15T15:27:42.222244,25.657,can0  060  [32]  00 00 00 00 00 00 00 00 00 00 00 00 00 00 00 00 00 00 00 00 00 00 00 00 00 00 00 00 00 00 00 00
2026-03-15T15:27:42.222620,25.657,can0  204  [16]  6E 23 D6 44 D4 29 49 4F 28 23 30 75 30 75 00 00
2026-03-15T15:27:42.222889,25.657,can0  041  [04]  01 01 16 00
2026-03-15T15:27:42.223262,25.658,can0  204  [16]  6E 23 D6 44 D4 29 49 4F 28 23 30 75 30 75 00 00
2026-03-15T15:27:42.223573,25.658,can0  070  [20]  F3 2A 4D 08 F5 B0 62 03 28 A0 00 00 1B 16 00 00 13 00 00 00
2026-03-15T15:27:42.322862,25.757,can0  040  [04]  07 00 29 00
2026-03-15T15:27:42.323258,25.758,can0  204  [16]  6E 23 D7 44 D8 29 6D 4B 28 23 30 75 30 75 00 00
2026-03-15T15:27:42.323721,25.758,can0  040  [04]  07 00 29 00
2026-03-15T15:27:42.429790,25.864,can0  070  [20]  F3 2A 4D 08 F5 B0 62 03 28 A0 00 00 1B 16 00 00 13 00 00 00
2026-03-15T15:27:42.430160,25.865,can0  204  [16]  6E 23 D5 44 D2 29 AE 4E 28 23 30 75 30 75 00 00
2026-03-15T15:27:42.430973,25.865,can0  110  [02]  9E 1B
2026-03-15T15:27:42.438512,25.873,can0  204  [16]  6E 23 D5 44 D2 29 AE 4E 28 23 30 75 30 75 00 00
2026-03-15T15:27:42.522316,25.957,can0  204  [16]  6E 23 D4 44 CD 29 36 51 28 23 30 75 30 75 00 00
2026-03-15T15:27:42.522603,25.957,can0  041  [04]  03 01 15 00
2026-03-15T15:27:42.523393,25.958,can0  040  [04]  08 00 25 00
2026-03-15T15:27:42.523746,25.958,can0  204  [16]  6E 23 D4 44 CD 29 36 51 28 23 30 75 30 75 00 00
2026-03-15T15:27:42.622416,26.057,can0  040  [04]  08 00 25 00
2026-03-15T15:27:42.622798,26.057,can0  204  [16]  6E 23 D4 44 CD 29 B3 51 28 23 30 75 30 75 00 00
2026-03-15T15:27:42.623120,26.058,can0  070  [20]  F3 2A 4D 08 F7 B0 62 03 10 A4 00 00 1B 16 00 00 18 00 00 00
2026-03-15T15:27:42.623376,26.058,can0  070  [20]  F3 2A 4D 08 F7 B0 62 03 10 A4 00 00 1B 16 00 00 19 00 00 00
2026-03-15T15:27:42.722538,26.157,can0  060  [32]  00 00 00 00 F3 2A 4D 08 4B 06 B8 10 00 00 10 0E FF 01 00 00 00 00 00 00 01 00 00 00 00 00 00 00
2026-03-15T15:27:42.723176,26.158,can0  204  [16]  6E 23 D5 44 CD 29 3F 52 28 23 30 75 30 75 00 00
2026-03-15T15:27:42.723356,26.158,can0  070  [20]  F3 2A 4D 08 F7 B0 62 03 10 A4 00 00 1B 16 00 00 19 00 00 00
2026-03-15T15:27:42.728676,26.163,can0  204  [16]  6E 23 D5 44 CD 29 3F 52 28 23 30 75 30 75 00 00
2026-03-15T15:27:42.822208,26.257,can0  041  [04]  05 01 12 00
2026-03-15T15:27:42.823212,26.258,can0  100  [03]  AB 4E 04
2026-03-15T15:27:42.823890,26.258,can0  120  [04]  00 00 00 00
2026-03-15T15:27:42.824240,26.259,can0  204  [16]  6E 23 D5 44 D2 29 1F 52 28 23 30 75 30 75 00 00
2026-03-15T15:27:42.825127,26.260,can0  040  [04]  0D 00 20 00
2026-03-15T15:27:42.825492,26.260,can0  204  [16]  6E 23 D5 44 D2 29 1F 52 28 23 30 75 30 75 00 00
2026-03-15T15:27:42.950437,26.385,can0  040  [04]  0D 00 20 00
2026-03-15T15:27:42.950833,26.385,can0  204  [16]  6E 23 D3 44 CF 29 4F 53 28 23 30 75 30 75 00 00
2026-03-15T15:27:43.020517,26.455,can0  204  [16]  6E 23 D5 44 CB 29 B3 51 28 23 30 75 30 75 00 00
2026-03-15T15:27:43.020948,26.455,can0  204  [16]  6E 23 D5 44 CB 29 B3 51 28 23 30 75 30 75 00 00
2026-03-15T15:27:43.029584,26.464,can0  041  [04]  09 01 11 00
2026-03-15T15:27:43.149348,26.584,can0  040  [04]  15 00 20 00
2026-03-15T15:27:43.149747,26.584,can0  204  [16]  6E 23 D5 44 CF 29 7C 50 28 23 30 75 30 75 00 00
2026-03-15T15:27:43.150360,26.585,can0  040  [04]  15 00 20 00
2026-03-15T15:27:43.150683,26.585,can0  204  [16]  6E 23 D5 44 CF 29 7C 50 28 23 30 75 30 75 00 00
2026-03-15T15:27:43.215361,26.650,can0  060  [32]  00 00 00 00 00 00 00 00 00 00 00 00 00 00 00 00 00 00 00 00 00 00 00 00 00 00 00 00 00 00 00 00
2026-03-15T15:27:43.215721,26.650,can0  204  [16]  6E 23 D5 44 CF 29 4C 50 28 23 30 75 30 75 00 00
2026-03-15T15:27:43.215960,26.650,can0  070  [20]  F3 2A 4D 08 F7 B0 62 03 10 A4 00 00 1B 16 00 00 19 00 00 00
2026-03-15T15:27:43.325244,26.760,can0  204  [16]  6E 23 D6 44 CD 29 5E 4E 28 23 30 75 30 75 00 00
2026-03-15T15:27:43.325739,26.760,can0  041  [04]  05 01 11 00
2026-03-15T15:27:43.326505,26.761,can0  040  [04]  1A 00 20 00
2026-03-15T15:27:43.326945,26.761,can0  204  [16]  6E 23 D6 44 CD 29 5E 4E 28 23 30 75 30 75 00 00
2026-03-15T15:27:43.449800,26.884,can0  070  [20]  F3 2A 4D 08 F7 B0 62 03 10 A4 00 00 1B 16 00 00 19 00 00 00
2026-03-15T15:27:43.450215,26.885,can0  204  [16]  6E 23 D6 44 CB 29 9E 4D 28 23 30 75 30 75 00 00
2026-03-15T15:27:43.451283,26.886,can0  040  [04]  1A 00 20 00
2026-03-15T15:27:43.451374,26.886,can0  204  [16]  6E 23 D6 44 CB 29 9E 4D 28 23 30 75 30 75 00 00
2026-03-15T15:27:43.517637,26.952,can0  204  [16]  6E 23 D5 44 C8 29 8D 4E 28 23 30 75 30 75 00 00
2026-03-15T15:27:43.643838,27.078,can0  041  [04]  F1 00 10 00
2026-03-15T15:27:43.651423,27.086,can0  204  [16]  6E 23 D5 44 C8 29 8D 4E 28 23 30 75 30 75 00 00
2026-03-15T15:27:43.651873,27.086,can0  070  [20]  F3 2A 4D 08 F7 B0 62 03 F8 A7 00 00 1B 16 00 00 07 00 00 00
2026-03-15T15:27:43.652931,27.087,can0  040  [04]  20 00 28 00
2026-03-15T15:27:43.653153,27.088,can0  070  [20]  F3 2A 4D 08 F7 B0 62 03 F8 A7 00 00 1B 16 00 00 08 00 00 00
2026-03-15T15:27:43.653522,27.088,can0  204  [16]  6E 23 D3 44 CB 29 6C 51 28 23 30 75 30 75 00 00
2026-03-15T15:27:43.720646,27.155,can0  060  [32]  00 00 00 00 00 00 00 00 00 00 00 00 00 00 00 00 00 00 00 00 00 00 00 00 00 00 00 00 00 00 00 00
2026-03-15T15:27:43.721481,27.156,can0  040  [04]  20 00 28 00
2026-03-15T15:27:43.721775,27.156,can0  060  [32]  00 00 00 00 F3 2A 4D 08 4B 06 B8 10 00 00 10 0E FF 01 00 00 00 00 00 00 01 00 00 00 00 00 00 00
2026-03-15T15:27:43.722708,27.157,can0  204  [16]  6E 23 D5 44 D4 29 3D 52 28 23 30 75 30 75 00 00
2026-03-15T15:27:43.722802,27.157,can0  070  [20]  F3 2A 4D 08 F7 B0 62 03 F8 A7 00 00 1B 16 00 00 08 00 00 00
2026-03-15T15:27:43.838565,27.273,can0  204  [16]  6E 23 D5 44 E1 29 FA 50 28 23 30 75 30 75 00 00
2026-03-15T15:27:43.844828,27.279,can0  204  [16]  6E 23 D5 44 E1 29 FA 50 28 23 30 75 30 75 00 00
2026-03-15T15:27:43.844949,27.279,can0  041  [04]  D7 00 11 00
2026-03-15T15:27:43.934828,27.369,can0  040  [04]  16 00 28 00
2026-03-15T15:27:43.935221,27.370,can0  204  [16]  6E 23 D4 44 D6 29 C7 52 28 23 30 75 30 75 00 00
2026-03-15T15:27:43.935721,27.370,can0  040  [04]  16 00 28 00
2026-03-15T15:27:43.942800,27.377,can0  204  [16]  6E 23 D4 44 D6 29 C7 52 28 23 30 75 30 75 00 00
2026-03-15T15:27:44.041846,27.476,can0  100  [03]  AA 4E 04
2026-03-15T15:27:44.041961,27.476,can0  110  [02]  9D 1B
2026-03-15T15:27:44.043160,27.478,can0  120  [04]  00 00 00 00
2026-03-15T15:27:44.053312,27.488,can0  204  [16]  6E 23 D2 44 CF 29 55 51 28 23 30 75 30 75 00 00
2026-03-15T15:27:44.108458,27.543,can0  204  [16]  6E 23 D2 44 CB 29 B5 51 28 23 30 75 30 75 00 00
2026-03-15T15:27:44.108767,27.543,can0  041  [04]  C2 00 10 00
2026-03-15T15:27:44.109169,27.544,can0  204  [16]  6E 23 D2 44 CB 29 B5 51 28 23 30 75 30 75 00 00
2026-03-15T15:27:44.110253,27.545,can0  040  [04]  0A 00 28 00
2026-03-15T15:27:44.210546,27.645,can0  060  [32]  00 00 00 00 00 00 00 00 00 00 00 00 00 00 00 00 00 00 00 00 00 00 00 00 00 00 00 00 00 00 00 00
2026-03-15T15:27:44.210654,27.645,can0  040  [04]  0A 00 28 00
2026-03-15T15:27:44.210978,27.645,can0  204  [16]  6E 23 D3 44 C8 29 42 52 28 23 30 75 30 75 00 00
2026-03-15T15:27:44.211272,27.646,can0  070  [20]  F3 2A 4D 08 F7 B0 62 03 F8 A7 00 00 1B 16 00 00 08 00 00 00
2026-03-15T15:27:44.211598,27.646,can0  204  [16]  6E 23 D3 44 C8 29 42 52 28 23 30 75 30 75 00 00
2026-03-15T15:27:44.335299,27.770,can0  204  [16]  6E 23 D4 44 CB 29 A5 51 28 23 30 75 30 75 00 00
2026-03-15T15:27:44.436753,27.871,can0  041  [04]  E4 00 0E 00
2026-03-15T15:27:44.437072,27.871,can0  204  [16]  6E 23 D3 44 D2 29 1A 51 28 23 30 75 30 75 00 00
2026-03-15T15:27:44.437303,27.872,can0  070  [20]  F3 2A 4D 08 F7 B0 62 03 F8 A7 00 00 1B 16 00 00 08 00 00 00
2026-03-15T15:27:44.437965,27.872,can0  040  [04]  04 00 2A 00
2026-03-15T15:27:44.438239,27.873,can0  204  [16]  6E 23 D3 44 D2 29 1A 51 28 23 30 75 30 75 00 00
2026-03-15T15:27:44.438771,27.873,can0  040  [04]  04 00 2A 00
2026-03-15T15:27:44.543478,27.978,can0  204  [16]  6E 23 D3 44 CF 29 94 52 28 23 30 75 30 75 00 00
2026-03-15T15:27:44.544031,27.978,can0  204  [16]  6E 23 D3 44 CF 29 94 52 28 23 30 75 30 75 00 00
2026-03-15T15:27:44.643632,28.078,can0  070  [20]  F3 2A 4D 08 F7 B0 62 03 E0 AB 00 00 1B 16 00 00 1C 00 00 00
2026-03-15T15:27:44.644166,28.079,can0  204  [16]  6E 23 D3 44 D2 29 A3 51 28 23 30 75 30 75 00 00
2026-03-15T15:27:44.644475,28.079,can0  041  [04]  E7 00 12 00
2026-03-15T15:27:44.644720,28.079,can0  070  [20]  F3 2A 4D 08 F7 B0 62 03 E0 AB 00 00 1B 16 00 00 1C 00 00 00
2026-03-15T15:27:44.742169,28.177,can0  040  [04]  02 00 29 00
2026-03-15T15:27:44.742462,28.177,can0  060  [32]  00 00 00 00 F3 2A 4D 08 4B 06 B8 10 00 00 10 0E FF 01 00 00 00 00 00 00 01 00 00 00 00 00 00 00
2026-03-15T15:27:44.743370,28.178,can0  204  [16]  6E 23 D3 44 CB 29 A9 51 28 23 30 75 30 75 00 00
2026-03-15T15:27:44.743421,28.178,can0  070  [20]  F3 2A 4D 08 F7 B0 62 03 E0 AB 00 00 1B 16 00 00 1C 00 00 00
2026-03-15T15:27:44.744294,28.179,can0  040  [04]  02 00 29 00
2026-03-15T15:27:44.744638,28.179,can0  204  [16]  6E 23 D3 44 CB 29 A9 51 28 23 30 75 30 75 00 00
2026-03-15T15:27:44.834530,28.269,can0  204  [16]  6E 23 D5 44 CB 29 43 51 28 23 30 75 30 75 00 00
2026-03-15T15:27:44.923422,28.358,can0  204  [16]  6E 23 D6 44 CB 29 CD 52 28 23 30 75 30 75 00 00
2026-03-15T15:27:44.923891,28.358,can0  041  [04]  EA 00 11 00
2026-03-15T15:27:44.924958,28.359,can0  040  [04]  03 00 25 00
2026-03-15T15:27:44.925483,28.360,can0  204  [16]  6E 23 D6 44 CB 29 CD 52 28 23 30 75 30 75 00 00
2026-03-15T15:27:45.013643,28.448,can0   202  [01]  01 4
2026-03-15T15:27:45.022790,28.457,can0  040  [04]  03 00 25 00
2026-03-15T15:27:45.023601,28.458,can0  204  [16]  6E 23 D5 44 CD 29 83 51 28 23 30 75 30 75 00 00
2026-03-15T15:27:45.023698,28.458,can0  204  [16]  6E 23 D5 44 CD 29 83 51 28 23 30 75 30 75 00 00
2026-03-15T15:27:45.085562,28.520,can0   003  [01]  00 F
2026-03-15T15:27:45.127823,28.562,can0  202  [01]  14
2026-03-15T15:27:45.128762,28.563,can0  204  [16]  6E 23 D5 44 CF 29 64 52 28 23 30 75 30 75 00 00
2026-03-15T15:27:45.133606,28.568,can0  003  [01]  0F
2026-03-15T15:27:45.230431,28.665,can0  041  [04]  F0 00 11 00
2026-03-15T15:27:45.230715,28.665,can0  204  [16]  6E 23 D3 44 D6 29 BE 51 28 23 30 75 30 75 00 00
2026-03-15T15:27:45.231601,28.666,can0  060  [32]  00 00 00 00 00 00 00 00 00 00 00 00 00 00 00 00 00 00 00 00 00 00 00 00 00 00 00 00 00 00 00 00
2026-03-15T15:27:45.231683,28.666,can0  100  [03]  AA 4E 04
2026-03-15T15:27:45.232149,28.667,can0  120  [04]  00 00 00 00
2026-03-15T15:27:45.232763,28.667,can0  040  [04]  06 00 25 00
2026-03-15T15:27:45.233029,28.667,can0  070  [20]  F3 2A 4D 08 F7 B0 62 03 E0 AB 00 00 1B 16 00 00 1C 00 00 00
2026-03-15T15:27:45.233277,28.668,can0  204  [16]  6E 23 D3 44 D6 29 BE 51 28 23 30 75 30 75 00 00
2026-03-15T15:27:45.233849,28.668,can0  040  [04]  06 00 25 00
2026-03-15T15:27:45.330339,28.765,can0  204  [16]  6E 23 D6 44 D4 29 BA 4F 28 23 30 75 30 75 00 00
2026-03-15T15:27:45.330684,28.765,can0  204  [16]  6E 23 D6 44 D4 29 BA 4F 28 23 30 75 30 75 00 00
2026-03-15T15:27:45.456855,28.891,can0  070  [20]  F3 2A 4D 08 F7 B0 62 03 E0 AB 00 00 1B 16 00 00 1C 00 00 00
2026-03-15T15:27:45.457551,28.892,can0  204  [16]  6E 23 D7 44 CB 29 17 4F 28 23 30 75 30 75 00 00
2026-03-15T15:27:45.457631,28.892,can0  041  [04]  FA 00 11 00
2026-03-15T15:27:45.520666,28.955,can0  040  [04]  06 00 24 00
2026-03-15T15:27:45.521083,28.956,can0  204  [16]  6E 23 D6 44 CD 29 A1 51 28 23 30 75 30 75 00 00
2026-03-15T15:27:45.521897,28.956,can0  040  [04]  06 00 24 00
2026-03-15T15:27:45.522276,28.957,can0  204  [16]  6E 23 D6 44 CD 29 A1 51 28 23 30 75 30 75 00 00
2026-03-15T15:27:45.645727,29.080,can0  204  [16]  6E 23 D6 44 CD 29 A1 51 28 23 30 75 30 75 00 00
2026-03-15T15:27:45.646364,29.081,can0  110  [02]  9C 1B
2026-03-15T15:27:45.646654,29.081,can0  070  [20]  F3 2A 4D 08 F7 B0 62 03 C8 AF 00 00 1B 16 00 00 2C 00 00 00
2026-03-15T15:27:45.651668,29.086,can0  070  [20]  F3 2A 4D 08 F7 B0 62 03 C8 AF 00 00 1B 16 00 00 2C 00 00 00
2026-03-15T15:27:45.705302,29.140,can0  204  [16]  6E 23 D4 44 D8 29 93 51 28 23 30 75 30 75 00 00
2026-03-15T15:27:45.705956,29.140,can0  060  [32]  00 00 00 00 00 00 00 00 00 00 00 00 00 00 00 00 00 00 00 00 00 00 00 00 00 00 00 00 00 00 00 00
2026-03-15T15:27:45.706053,29.140,can0  041  [04]  03 01 15 00
2026-03-15T15:27:45.706198,29.141,can0  060  [32]  00 00 00 00 F3 2A 4D 08 4B 06 B8 10 00 00 10 0E FF 01 00 00 00 00 00 00 01 00 00 00 00 00 00 00
2026-03-15T15:27:45.706844,29.141,can0  204  [16]  6E 23 D4 44 D8 29 93 51 28 23 30 75 30 75 00 00
2026-03-15T15:27:45.707124,29.142,can0  070  [20]  F3 2A 4D 08 F7 B0 62 03 C8 AF 00 00 1B 16 00 00 2C 00 00 00
2026-03-15T15:27:45.715719,29.150,can0  040  [04]  09 00 20 00
2026-03-15T15:27:45.829395,29.264,can0  204  [16]  6E 23 D4 44 D6 29 91 4F 28 23 30 75 30 75 00 00
2026-03-15T15:27:45.830217,29.265,can0  040  [04]  09 00 20 00
2026-03-15T15:27:45.830518,29.265,can0  204  [16]  6E 23 D4 44 D6 29 91 4F 28 23 30 75 30 75 00 00
2026-03-15T15:27:45.967314,29.402,can0  204  [16]  6E 23 D3 44 D2 29 4D 51 28 23 30 75 30 75 00 00
2026-03-15T15:27:46.008106,29.443,can0  041  [04]  00 01 14 00
2026-03-15T15:27:46.008505,29.443,can0  204  [16]  6E 23 D5 44 D4 29 E6 50 28 23 30 75 30 75 00 00
2026-03-15T15:27:46.009384,29.444,can0  040  [04]  0C 00 19 00
2026-03-15T15:27:46.009725,29.444,can0  204  [16]  6E 23 D5 44 D4 29 E6 50 28 23 30 75 30 75 00 00
2026-03-15T15:27:46.010397,29.445,can0  040  [04]  0C 00 19 00
2026-03-15T15:27:46.139637,29.574,can0  204  [16]  6E 23 D6 44 D2 29 9C 51 28 23 30 75 30 75 00 00
2026-03-15T15:27:46.139972,29.574,can0  204  [16]  6E 23 D6 44 D2 29 9C 51 28 23 30 75 30 75 00 00
2026-03-15T15:27:46.203449,29.638,can0  204  [16]  6E 23 D5 44 DF 29 DC 51 28 23 30 75 30 75 00 00
2026-03-15T15:27:46.203720,29.638,can0  060  [32]  00 00 00 00 00 00 00 00 00 00 00 00 00 00 00 00 00 00 00 00 00 00 00 00 00 00 00 00 00 00 00 00
2026-03-15T15:27:46.203969,29.638,can0  041  [04]  F6 00 11 00
2026-03-15T15:27:46.204293,29.639,can0  070  [20]  F3 2A 4D 08 F7 B0 62 03 C8 AF 00 00 1B 16 00 00 2C 00 00 00
2026-03-15T15:27:46.205196,29.640,can0  040  [04]  21 00 15 00
2026-03-15T15:27:46.310310,29.745,can0  204  [16]  6E 23 D5 44 D4 29 CE 51 28 23 30 75 30 75 00 00
2026-03-15T15:27:46.311180,29.746,can0  040  [04]  21 00 15 00
2026-03-15T15:27:46.311570,29.746,can0  204  [16]  6E 23 D5 44 D4 29 CE 51 28 23 30 75 30 75 00 00
2026-03-15T15:27:46.311860,29.746,can0  070  [20]  F3 2A 4D 08 F7 B0 62 03 C8 AF 00 00 1B 16 00 00 2C 00 00 00
2026-03-15T15:27:46.437062,29.871,can0  204  [16]  6E 23 D4 44 E1 29 04 52 28 23 30 75 30 75 00 00
2026-03-15T15:27:46.439632,29.874,can0  100  [03]  A9 4E 04
2026-03-15T15:27:46.439772,29.874,can0  120  [04]  00 00 00 00
2026-03-15T15:27:46.439854,29.874,can0  204  [16]  6E 23 D4 44 E1 29 04 52 28 23 30 75 30 75 00 00
2026-03-15T15:27:46.528335,29.963,can0  041  [04]  EC 00 13 00
2026-03-15T15:27:46.528599,29.963,can0  204  [16]  6E 23 D5 44 C1 29 BA 51 28 23 30 75 30 75 00 00
2026-03-15T15:27:46.529172,29.964,can0  040  [04]  27 00 17 00
2026-03-15T15:27:46.625568,30.060,can0  204  [16]  6E 23 D5 44 C1 29 BA 51 28 23 30 75 30 75 00 00
2026-03-15T15:27:46.626245,30.061,can0  040  [04]  27 00 17 00
2026-03-15T15:27:46.626493,30.061,can0  070  [20]  F3 2A 4D 08 F7 B0 62 03 B0 B3 00 00 1B 16 00 00 0F 00 00 00
2026-03-15T15:27:46.626759,30.061,can0  204  [16]  6E 23 D5 44 D2 29 15 52 28 23 30 75 30 75 00 00
2026-03-15T15:27:46.632258,30.067,can0  070  [20]  F3 2A 4D 08 F7 B0 62 03 B0 B3 00 00 1B 16 00 00 0E 00 00 00
2026-03-15T15:27:46.733022,30.167,can0  204  [16]  6E 23 D4 44 CB 29 AC 52 28 23 30 75 30 75 00 00
2026-03-15T15:27:46.733280,30.168,can0  060  [32]  00 00 00 00 F3 2A 4D 08 4B 06 B8 10 00 00 10 0E FF 01 00 00 00 00 00 00 01 00 00 00 00 00 00 00
2026-03-15T15:27:46.733812,30.168,can0  070  [20]  F3 2A 4D 08 F7 B0 62 03 B0 B3 00 00 1B 16 00 00 0E 00 00 00
2026-03-15T15:27:46.857264,30.292,can0  041  [04]  E2 00 13 00
2026-03-15T15:27:46.857967,30.292,can0  204  [16]  6E 23 D5 44 D6 29 92 51 28 23 30 75 30 75 00 00
2026-03-15T15:27:46.859187,30.294,can0  040  [04]  22 00 1C 00
2026-03-15T15:27:46.859611,30.294,can0  204  [16]  6E 23 D5 44 D6 29 92 51 28 23 30 75 30 75 00 00
2026-03-15T15:27:46.862428,30.297,can0  040  [04]  22 00 1C 00
2026-03-15T15:27:46.925085,30.360,can0  204  [16]  6E 23 D4 44 CF 29 F5 50 28 23 30 75 30 75 00 00
2026-03-15T15:27:46.925449,30.360,can0  204  [16]  6E 23 D4 44 CF 29 F5 50 28 23 30 75 30 75 00 00
2026-03-15T15:27:47.048794,30.483,can0  204  [16]  6E 23 D6 44 D6 29 18 52 28 23 30 75 30 75 00 00
2026-03-15T15:27:47.049084,30.484,can0  041  [04]  D6 00 15 00
2026-03-15T15:27:47.112888,30.547,can0  040  [04]  1E 00 1E 00
2026-03-15T15:27:47.121722,30.556,can0  204  [16]  6E 23 D5 44 CB 29 87 52 28 23 30 75 30 75 00 00
2026-03-15T15:27:47.121802,30.556,can0  204  [16]  6E 23 D5 44 CB 29 87 52 28 23 30 75 30 75 00 00
2026-03-15T15:27:47.121845,30.556,can0  040  [04]  1E 00 1E 00
2026-03-15T15:27:47.206143,30.641,can0  204  [16]  6E 23 D7 44 CF 29 43 51 28 23 30 75 30 75 00 00
2026-03-15T15:27:47.206791,30.641,can0  110  [02]  9E 1B
2026-03-15T15:27:47.207195,30.642,can0  060  [32]  00 00 00 00 00 00 00 00 00 00 00 00 00 00 00 00 00 00 00 00 00 00 00 00 00 00 00 00 00 00 00 00
2026-03-15T15:27:47.207783,30.642,can0  070  [20]  F3 2A 4D 08 F7 B0 62 03 B0 B3 00 00 1B 16 00 00 0E 00 00 00
2026-03-15T15:27:47.207874,30.642,can0  204  [16]  6E 23 D7 44 CF 29 43 51 28 23 30 75 30 75 00 00
2026-03-15T15:27:47.335349,30.770,can0  041  [04]  CE 00 17 00
2026-03-15T15:27:47.335486,30.770,can0  204  [16]  6E 23 D6 44 CF 29 84 51 28 23 30 75 30 75 00 00
2026-03-15T15:27:47.336134,30.771,can0  040  [04]  21 00 1F 00
2026-03-15T15:27:47.424996,30.859,can0  070  [20]  F3 2A 4D 08 F7 B0 62 03 B0 B3 00 00 1B 16 00 00 0E 00 00 00
2026-03-15T15:27:47.425127,30.860,can0  204  [16]  6E 23 D8 44 DD 29 49 52 28 23 30 75 30 75 00 00
2026-03-15T15:27:47.426164,30.861,can0  040  [04]  21 00 1F 00
2026-03-15T15:27:47.426585,30.861,can0  204  [16]  6E 23 D8 44 DD 29 49 52 28 23 30 75 30 75 00 00
2026-03-15T15:27:47.521923,30.956,can0  132  [00]
2026-03-15T15:27:47.522213,30.957,can0  204  [16]  6E 23 D3 44 D2 29 31 52 28 23 30 75 30 75 00 00
2026-03-15T15:27:47.522443,30.957,can0  204  [16]  6E 23 D3 44 D2 29 31 52 28 23 30 75 30 75 00 00
2026-03-15T15:27:47.622090,31.057,can0  041  [04]  D1 00 18 00
2026-03-15T15:27:47.622693,31.057,can0  040  [04]  1F 00 1D 00
2026-03-15T15:27:47.623454,31.058,can0  100  [03]  AB 4E 04
2026-03-15T15:27:47.623959,31.058,can0  120  [04]  00 00 00 00
2026-03-15T15:27:47.624158,31.059,can0  070  [20]  F3 2A 4D 08 F7 B0 62 03 98 B7 00 00 1B 16 00 00 38 00 00 00
2026-03-15T15:27:47.624620,31.059,can0  204  [16]  6E 23 D6 44 D2 29 35 52 28 23 30 75 30 75 00 00
2026-03-15T15:27:47.625691,31.060,can0  070  [20]  F3 2A 4D 08 F7 B0 62 03 98 B7 00 00 1B 16 00 00 38 00 00 00
2026-03-15T15:27:47.625782,31.060,can0  040  [04]  1F 00 1D 00
2026-03-15T15:27:47.728936,31.163,can0  204  [16]  6E 23 D5 44 C6 29 77 51 28 23 30 75 30 75 00 00
2026-03-15T15:27:47.729275,31.164,can0  060  [32]  00 00 00 00 00 00 00 00 00 00 00 00 00 00 00 00 00 00 00 00 00 00 00 00 00 00 00 00 00 00 00 00
2026-03-15T15:27:47.729667,31.164,can0  204  [16]  6E 23 D5 44 C6 29 77 51 28 23 30 75 30 75 00 00
2026-03-15T15:27:47.729850,31.164,can0  060  [32]  00 00 00 00 F3 2A 4D 08 4B 06 B8 10 00 00 10 0E FF 01 00 00 00 00 00 00 01 00 00 00 00 00 00 00
2026-03-15T15:27:47.858955,31.293,can0  070  [20]  F3 2A 4D 08 F7 B0 62 03 98 B7 00 00 1B 16 00 00 38 00 00 00
2026-03-15T15:27:47.859746,31.294,can0  204  [16]  6E 23 D6 44 C8 29 96 52 28 23 30 75 30 75 00 00
2026-03-15T15:27:47.868121,31.303,can0  041  [04]  DE 00 19 00
2026-03-15T15:27:47.926065,31.360,can0  204  [16]  6E 23 D6 44 C8 29 23 51 28 23 30 75 30 75 00 00
2026-03-15T15:27:47.927180,31.362,can0  040  [04]  20 00 1C 00
2026-03-15T15:27:47.928291,31.363,can0  040  [04]  20 00 1C 00
2026-03-15T15:27:47.928386,31.363,can0  204  [16]  6E 23 D6 44 C8 29 23 51 28 23 30 75 30 75 00 00
2026-03-15T15:27:48.063006,31.497,can0  204  [16]  6E 23 D6 44 CF 29 0C 52 28 23 30 75 30 75 00 00
2026-03-15T15:27:48.072068,31.507,can0  204  [16]  6E 23 D6 44 CF 29 0C 52 28 23 30 75 30 75 00 00
2026-03-15T15:27:48.120855,31.555,can0  041  [04]  E4 00 18 00
2026-03-15T15:27:48.121106,31.556,can0  204  [16]  6E 23 D4 44 C8 29 84 51 28 23 30 75 30 75 00 00
2026-03-15T15:27:48.121789,31.556,can0  040  [04]  1F 00 1D 00
2026-03-15T15:27:48.229986,31.664,can0  204  [16]  6E 23 D5 44 CD 29 A9 52 28 23 30 75 30 75 00 00
2026-03-15T15:27:48.230645,31.665,can0  040  [04]  1F 00 1D 00
2026-03-15T15:27:48.230986,31.665,can0  204  [16]  6E 23 D5 44 CD 29 A9 52 28 23 30 75 30 75 00 00
2026-03-15T15:27:48.231263,31.666,can0  060  [32]  00 00 00 00 00 00 00 00 00 00 00 00 00 00 00 00 00 00 00 00 00 00 00 00 00 00 00 00 00 00 00 00
2026-03-15T15:27:48.327303,31.762,can0  070  [20]  F3 2A 4D 08 F7 B0 62 03 98 B7 00 00 1B 16 00 00 38 00 00 00
2026-03-15T15:27:48.327430,31.762,can0  204  [16]  6E 23 D7 44 C4 29 25 51 28 23 30 75 30 75 00 00
2026-03-15T15:27:48.338113,31.773,can0  204  [16]  6E 23 D7 44 C4 29 25 51 28 23 30 75 30 75 00 00
2026-03-15T15:27:48.338219,31.773,can0  070  [20]  F3 2A 4D 08 F7 B0 62 03 98 B7 00 00 1B 16 00 00 38 00 00 00
2026-03-15T15:27:48.338303,31.773,can0  041  [04]  E4 00 1A 00
2026-03-15T15:27:48.438599,31.873,can0  040  [04]  11 00 22 00
2026-03-15T15:27:48.439018,31.873,can0  204  [16]  6E 23 D9 44 CF 29 46 52 28 23 30 75 30 75 00 00
2026-03-15T15:27:48.447506,31.882,can0  040  [04]  11 00 22 00
2026-03-15T15:27:48.536136,31.971,can0  204  [16]  6E 23 D8 44 CB 29 98 51 28 23 30 75 30 75 00 00
2026-03-15T15:27:48.536380,31.971,can0  204  [16]  6E 23 D8 44 CB 29 98 51 28 23 30 75 30 75 00 00
2026-03-15T15:27:48.624177,32.059,can0  204  [16]  6E 23 D8 44 CB 29 98 51 28 23 30 75 30 75 00 00
2026-03-15T15:27:48.624388,32.059,can0  070  [20]  F3 2A 4D 08 F7 B0 62 03 80 BB 00 00 1B 16 00 00 21 00 00 00
2026-03-15T15:27:48.624569,32.059,can0  041  [04]  E4 00 1A 00
2026-03-15T15:27:48.624761,32.059,can0  070  [20]  F3 2A 4D 08 F7 B0 62 03 80 BB 00 00 1B 16 00 00 22 00 00 00
2026-03-15T15:27:48.625010,32.059,can0  204  [16]  6E 23 D7 44 CF 29 FD 51 28 23 30 75 30 75 00 00
2026-03-15T15:27:48.631917,32.066,can0  040  [04]  08 00 22 00
2026-03-15T15:27:48.721998,32.156,can0  204  [16]  6E 23 D5 44 C8 29 3D 4D 28 23 30 75 30 75 00 00
2026-03-15T15:27:48.729591,32.164,can0  070  [20]  F3 2A 4D 08 F7 B0 62 03 80 BB 00 00 1B 16 00 00 22 00 00 00
2026-03-15T15:27:48.730451,32.165,can0  040  [04]  08 00 22 00
2026-03-15T15:27:48.730771,32.165,can0  060  [32]  00 00 00 00 F3 2A 4D 08 4B 06 B8 10 00 00 10 0E FF 01 00 00 00 00 00 00 01 00 00 00 00 00 00 00
2026-03-15T15:27:48.822087,32.257,can0  204  [16]  6E 23 D6 44 CB 29 B0 51 28 23 30 75 30 75 00 00
2026-03-15T15:27:48.822736,32.257,can0  100  [03]  AF 4E 04
2026-03-15T15:27:48.823348,32.258,can0  110  [02]  9C 1B
2026-03-15T15:27:48.823853,32.258,can0  120  [04]  00 00 00 00
2026-03-15T15:27:48.829371,32.264,can0  204  [16]  6E 23 D6 44 CB 29 B0 51 28 23 30 75 30 75 00 00
2026-03-15T15:27:48.922747,32.357,can0  041  [04]  E6 00 1A 00
2026-03-15T15:27:48.922996,32.357,can0  204  [16]  6E 23 D6 44 BD 29 DF 4C 28 23 30 75 30 75 00 00
2026-03-15T15:27:48.923652,32.358,can0  040  [04]  05 00 24 00
2026-03-15T15:27:48.923889,32.358,can0  204  [16]  6E 23 D6 44 BD 29 DF 4C 28 23 30 75 30 75 00 00
2026-03-15T15:27:49.022178,32.457,can0  040  [04]  05 00 24 00
2026-03-15T15:27:49.022473,32.457,can0  204  [16]  6E 23 D6 44 C6 29 E8 4C 28 23 30 75 30 75 00 00
2026-03-15T15:27:49.122090,32.557,can0  204  [16]  6E 23 D5 44 C4 29 84 4D 28 23 30 75 30 75 00 00
2026-03-15T15:27:49.122437,32.557,can0  204  [16]  6E 23 D5 44 C4 29 84 4D 28 23 30 75 30 75 00 00
2026-03-15T15:27:49.122679,32.557,can0  041  [04]  E6 00 1A 00
2026-03-15T15:27:49.222033,32.656,can0  204  [16]  6E 23 D5 44 CD 29 EA 4F 28 23 30 75 30 75 00 00
2026-03-15T15:27:49.222737,32.657,can0  040  [04]  03 00 20 00
2026-03-15T15:27:49.223311,32.658,can0  070  [20]  F3 2A 4D 08 F7 B0 62 03 80 BB 00 00 1B 16 00 00 22 00 00 00
2026-03-15T15:27:49.223376,32.658,can0  060  [32]  00 00 00 00 00 00 00 00 00 00 00 00 00 00 00 00 00 00 00 00 00 00 00 00 00 00 00 00 00 00 00 00
2026-03-15T15:27:49.223926,32.658,can0  040  [04]  03 00 20 00
2026-03-15T15:27:49.224246,32.659,can0  204  [16]  6E 23 D5 44 CD 29 EA 4F 28 23 30 75 30 75 00 00
2026-03-15T15:27:49.321904,32.756,can0  204  [16]  6E 23 D5 44 C4 29 B5 4F 28 23 30 75 30 75 00 00
2026-03-15T15:27:49.322136,32.757,can0  133  [00]
2026-03-15T15:27:49.322406,32.757,can0  070  [20]  F3 2A 4D 08 F7 B0 62 03 80 BB 00 00 1B 16 00 00 22 00 00 00
2026-03-15T15:27:49.422717,32.857,can0  204  [16]  6E 23 D5 44 C6 29 86 4D 28 23 30 75 30 75 00 00
2026-03-15T15:27:49.422984,32.857,can0  041  [04]  E8 00 19 00
2026-03-15T15:27:49.423175,32.858,can0  204  [16]  6E 23 D5 44 C6 29 86 4D 28 23 30 75 30 75 00 00
2026-03-15T15:27:49.423824,32.858,can0  040  [04]  03 00 1F 00
2026-03-15T15:27:49.522721,32.957,can0  204  [16]  6E 23 D6 44 C4 29 FD 51 28 23 30 75 30 75 00 00
2026-03-15T15:27:49.523197,32.958,can0  040  [04]  03 00 1F 00
2026-03-15T15:27:49.523462,32.958,can0  204  [16]  6E 23 D6 44 C4 29 FD 51 28 23 30 75 30 75 00 00
2026-03-15T15:27:49.629012,33.063,can0  070  [20]  F3 2A 4D 08 FC B0 62 03 68 BF 00 00 1B 16 00 00 43 00 00 00
2026-03-15T15:27:49.629388,33.064,can0  204  [16]  6E 23 D6 44 CD 29 FB 4C 28 23 30 75 30 75 00 00
2026-03-15T15:27:49.629659,33.064,can0  070  [20]  F3 2A 4D 08 FC B0 62 03 68 BF 00 00 1B 16 00 00 42 00 00 00
2026-03-15T15:27:49.728236,33.163,can0  041  [04]  EA 00 1B 00
2026-03-15T15:27:49.728884,33.163,can0  204  [16]  6E 23 D3 44 CD 29 43 51 28 23 30 75 30 75 00 00
2026-03-15T15:27:49.729912,33.164,can0  040  [04]  04 00 1D 00
2026-03-15T15:27:49.730217,33.165,can0  070  [20]  F3 2A 4D 08 FC B0 62 03 68 BF 00 00 1B 16 00 00 42 00 00 00
2026-03-15T15:27:49.730550,33.165,can0  060  [32]  00 00 00 00 00 00 00 00 00 00 00 00 00 00 00 00 00 00 00 00 00 00 00 00 00 00 00 00 00 00 00 00
2026-03-15T15:27:49.730878,33.165,can0  204  [16]  6E 23 D3 44 CD 29 43 51 28 23 30 75 30 75 00 00
2026-03-15T15:27:49.822203,33.257,can0  060  [32]  00 00 00 00 F3 2A 4D 08 50 06 B8 10 00 00 10 0E FF 01 00 00 00 00 00 00 01 00 00 00 00 00 00 00
2026-03-15T15:27:49.823102,33.258,can0  040  [04]  04 00 1D 00
2026-03-15T15:27:49.823471,33.258,can0  204  [16]  6E 23 D4 44 CF 29 DE 4F 28 23 30 75 30 75 00 00
2026-03-15T15:27:49.923632,33.358,can0  204  [16]  6E 23 D5 44 C8 29 85 50 28 23 30 75 30 75 00 00
2026-03-15T15:27:49.923981,33.358,can0  204  [16]  6E 23 D5 44 C8 29 85 50 28 23 30 75 30 75 00 00
2026-03-15T15:27:49.924286,33.359,can0  041  [04]  E6 00 1D 00
2026-03-15T15:27:50.041423,33.476,can0  040  [04]  67 01 1B 00
2026-03-15T15:27:50.041887,33.476,can0  204  [16]  6E 23 D6 44 C6 29 DD 4F 28 23 30 75 30 75 00 00
2026-03-15T15:27:50.042763,33.477,can0  100  [03]  AC 4E 04
2026-03-15T15:27:50.043459,33.478,can0  120  [04]  00 00 00 00
2026-03-15T15:27:50.044041,33.478,can0  040  [04]  67 01 1B 00
2026-03-15T15:27:50.044407,33.479,can0  204  [16]  6E 23 D6 44 C6 29 DD 4F 28 23 30 75 30 75 00 00
2026-03-15T15:27:50.128557,33.563,can0  204  [16]  6E 23 D7 44 C4 29 A0 50 28 23 30 75 30 75 00 00
2026-03-15T15:27:50.222393,33.657,can0  204  [16]  6E 23 D6 44 CB 29 D5 50 28 23 30 75 30 75 00 00
2026-03-15T15:27:50.222567,33.657,can0  041  [04]  E4 00 1E 00
2026-03-15T15:27:50.222805,33.657,can0  204  [16]  6E 23 D6 44 CB 29 D5 50 28 23 30 75 30 75 00 00
2026-03-15T15:27:50.223039,33.657,can0  070  [20]  F3 2A 4D 08 FC B0 62 03 68 BF 00 00 1B 16 00 00 42 00 00 00
2026-03-15T15:27:50.322538,33.757,can0  060  [32]  00 00 00 00 00 00 00 00 00 00 00 00 00 00 00 00 00 00 00 00 00 00 00 00 00 00 00 00 00 00 00 00
2026-03-15T15:27:50.323053,33.757,can0  040  [04]  67 01 1B 00
2026-03-15T15:27:50.323340,33.758,can0  204  [16]  6E 23 D5 44 CD 29 18 52 28 23 30 75 30 75 00 00
2026-03-15T15:27:50.323707,33.758,can0  040  [04]  67 01 1B 00
2026-03-15T15:27:50.323927,33.758,can0  204  [16]  6E 23 D5 44 CD 29 18 52 28 23 30 75 30 75 00 00
2026-03-15T15:27:50.329484,33.764,can0  070  [20]  F3 2A 4D 08 FC B0 62 03 68 BF 00 00 1B 16 00 00 42 00 00 00
2026-03-15T15:27:50.422471,33.857,can0  110  [02]  9D 1B
2026-03-15T15:27:50.422908,33.857,can0  204  [16]  6E 23 D5 44 CB 29 96 51 28 23 30 75 30 75 00 00
2026-03-15T15:27:50.524891,33.959,can0  204  [16]  6E 23 D6 44 C6 29 0C 4E 28 23 30 75 30 75 00 00
2026-03-15T15:27:50.525155,33.960,can0  041  [04]  DF 00 1E 00
2026-03-15T15:27:50.525796,33.960,can0  040  [04]  67 01 19 00
2026-03-15T15:27:50.526058,33.960,can0  204  [16]  6E 23 D6 44 C6 29 0C 4E 28 23 30 75 30 75 00 00
2026-03-15T15:27:50.622457,34.057,can0  040  [04]  67 01 19 00
2026-03-15T15:27:50.622837,34.057,can0  204  [16]  6E 23 D6 44 C6 29 0C 4E 28 23 30 75 30 75 00 00
2026-03-15T15:27:50.623115,34.058,can0  070  [20]  F3 2A 4D 08 FC B0 62 03 50 C3 00 00 1B 16 00 00 45 00 00 00
2026-03-15T15:27:50.628461,34.063,can0  070  [20]  F3 2A 4D 08 FC B0 62 03 50 C3 00 00 1B 16 00 00 45 00 00 00
2026-03-15T15:27:50.730992,34.165,can0  204  [16]  6E 23 D6 44 C4 29 ED 4C 28 23 30 75 30 75 00 00
2026-03-15T15:27:50.731255,34.166,can0  070  [20]  F3 2A 4D 08 FC B0 62 03 50 C3 00 00 1B 16 00 00 45 00 00 00
2026-03-15T15:27:50.731543,34.166,can0  204  [16]  6E 23 D6 44 C4 29 ED 4C 28 23 30 75 30 75 00 00
2026-03-15T15:27:50.731778,34.166,can0  041  [04]  CC 00 1B 00
2026-03-15T15:27:50.833437,34.268,can0  060  [32]  00 00 00 00 F3 2A 4D 08 50 06 B8 10 00 00 10 0E FF 01 00 00 00 00 00 00 01 00 00 00 00 00 00 00
2026-03-15T15:27:50.834473,34.269,can0  040  [04]  67 01 19 00
2026-03-15T15:27:50.834860,34.269,can0  204  [16]  6E 23 D6 44 C8 29 D6 50 28 23 30 75 30 75 00 00
2026-03-15T15:27:50.835189,34.270,can0  204  [16]  6E 23 D6 44 C8 29 D6 50 28 23 30 75 30 75 00 00
2026-03-15T15:27:50.842587,34.277,can0  040  [04]  67 01 19 00
2026-03-15T15:27:50.955606,34.390,can0  204  [16]  6E 23 D5 44 CB 29 D5 4F 28 23 30 75 30 75 00 00
2026-03-15T15:27:51.016412,34.451,can0  204  [16]  6E 23 D5 44 CD 29 6E 50 28 23 30 75 30 75 00 00
2026-03-15T15:27:51.016687,34.451,can0  041  [04]  CD 00 1C 00
2026-03-15T15:27:51.016997,34.451,can0  204  [16]  6E 23 D5 44 CD 29 6E 50 28 23 30 75 30 75 00 00
2026-03-15T15:27:51.025687,34.460,can0  040  [04]  67 01 1A 00
2026-03-15T15:27:51.138902,34.573,can0  204  [16]  6E 23 D5 44 CB 29 D4 4F 28 23 30 75 30 75 00 00
2026-03-15T15:27:51.139477,34.574,can0  040  [04]  67 01 1A 00
2026-03-15T15:27:51.139807,34.574,can0  204  [16]  6E 23 D5 44 CB 29 D4 4F 28 23 30 75 30 75 00 00
2026-03-15T15:27:51.261574,34.696,can0  100  [03]  AC 4E 04
2026-03-15T15:27:51.262291,34.697,can0  120  [04]  00 00 00 00
2026-03-15T15:27:51.262703,34.697,can0  204  [16]  6E 23 D6 44 C6 29 DC 50 28 23 30 75 30 75 00 00
2026-03-15T15:27:51.263048,34.697,can0  070  [20]  F3 2A 4D 08 FC B0 62 03 50 C3 00 00 1B 16 00 00 45 00 00 00
2026-03-15T15:27:51.323172,34.758,can0  060  [32]  00 00 00 00 00 00 00 00 00 00 00 00 00 00 00 00 00 00 00 00 00 00 00 00 00 00 00 00 00 00 00 00
2026-03-15T15:27:51.323559,34.758,can0  204  [16]  6E 23 D6 44 C8 29 44 51 28 23 30 75 30 75 00 00
2026-03-15T15:27:51.323812,34.758,can0  041  [04]  D0 00 1B 00
2026-03-15T15:27:51.324122,34.759,can0  204  [16]  6E 23 D6 44 C8 29 44 51 28 23 30 75 30 75 00 00
2026-03-15T15:27:51.324991,34.759,can0  040  [04]  67 01 19 00
2026-03-15T15:27:51.325079,34.760,can0  070  [20]  F3 2A 4D 08 FC B0 62 03 50 C3 00 00 1B 16 00 00 45 00 00 00
2026-03-15T15:27:51.446798,34.881,can0  040  [04]  67 01 19 00
2026-03-15T15:27:51.447305,34.882,can0  204  [16]  6E 23 D6 44 CF 29 7B 51 28 23 30 75 30 75 00 00
2026-03-15T15:27:51.447713,34.882,can0  204  [16]  6E 23 D6 44 CF 29 7B 51 28 23 30 75 30 75 00 00
2026-03-15T15:27:51.508884,34.943,can0  204  [16]  6E 23 D5 44 CF 29 F0 50 28 23 30 75 30 75 00 00
2026-03-15T15:27:51.508979,34.943,can0  041  [04]  C7 00 1C 00
2026-03-15T15:27:51.613154,35.048,can0  204  [16]  6E 23 D5 44 CF 29 F0 50 28 23 30 75 30 75 00 00
2026-03-15T15:27:51.613415,35.048,can0  070  [20]  F3 2A 4D 08 FD B0 62 03 38 C7 00 00 1B 16 00 00 3B 00 00 00
2026-03-15T15:27:51.613979,35.048,can0  040  [04]  5D 01 14 00
2026-03-15T15:27:51.614706,35.049,can0  070  [20]  F3 2A 4D 08 FD B0 62 03 38 C7 00 00 1B 16 00 00 3B 00 00 00
2026-03-15T15:27:51.614803,35.049,can0  040  [04]  5D 01 14 00
2026-03-15T15:27:51.615239,35.050,can0  204  [16]  6E 23 D5 44 D4 29 58 50 28 23 30 75 30 75 00 00
2026-03-15T15:27:51.711395,35.146,can0  204  [16]  6E 23 D6 44 CD 29 F7 50 28 23 30 75 30 75 00 00
2026-03-15T15:27:51.711669,35.146,can0  070  [20]  F3 2A 4D 08 FD B0 62 03 38 C7 00 00 1B 16 00 00 3B 00 00 00
2026-03-15T15:27:51.822236,35.257,can0  060  [32]  00 00 00 00 00 00 00 00 00 00 00 00 00 00 00 00 00 00 00 00 00 00 00 00 00 00 00 00 00 00 00 00
2026-03-15T15:27:51.822610,35.257,can0  204  [16]  6E 23 D7 44 CB 29 BE 4F 28 23 30 75 30 75 00 00
2026-03-15T15:27:51.822928,35.257,can0  060  [32]  00 00 00 00 F3 2A 4D 08 52 06 B8 10 00 00 10 0E FF 01 00 00 00 00 00 00 01 00 00 00 00 00 00 00
2026-03-15T15:27:51.823561,35.258,can0  041  [04]  BB 00 1C 00
2026-03-15T15:27:51.823923,35.258,can0  204  [16]  6E 23 D7 44 CB 29 BE 4F 28 23 30 75 30 75 00 00
2026-03-15T15:27:51.832368,35.267,can0  040  [04]  08 00 15 00
2026-03-15T15:27:51.923529,35.358,can0  204  [16]  6E 23 D7 44 C6 29 A2 50 28 23 30 75 30 75 00 00
2026-03-15T15:27:51.924271,35.359,can0  040  [04]  08 00 15 00
2026-03-15T15:27:51.925109,35.360,can0  204  [16]  6E 23 D7 44 C6 29 A2 50 28 23 30 75 30 75 00 00
2026-03-15T15:27:52.047343,35.482,can0  110  [02]  9B 1B
2026-03-15T15:27:52.047743,35.482,can0  204  [16]  6E 23 D6 44 CB 29 57 50 28 23 30 75 30 75 00 00
2026-03-15T15:27:52.108374,35.543,can0  204  [16]  6E 23 D6 44 CF 29 73 51 28 23 30 75 30 75 00 00
2026-03-15T15:27:52.108987,35.543,can0  041  [04]  BF 00 17 00
2026-03-15T15:27:52.109560,35.544,can0  040  [04]  15 00 19 00
2026-03-15T15:27:52.109810,35.544,can0  204  [16]  6E 23 D6 44 CF 29 73 51 28 23 30 75 30 75 00 00
2026-03-15T15:27:52.241707,35.676,can0  040  [04]  15 00 19 00
2026-03-15T15:27:52.242069,35.676,can0  204  [16]  6E 23 D8 44 CF 29 F4 50 28 23 30 75 30 75 00 00
2026-03-15T15:27:52.242335,35.677,can0  204  [16]  6E 23 D8 44 CF 29 F4 50 28 23 30 75 30 75 00 00
2026-03-15T15:27:52.242535,35.677,can0  070  [20]  F3 2A 4D 08 FD B0 62 03 38 C7 00 00 1B 16 00 00 3B 00 00 00
2026-03-15T15:27:52.329774,35.764,can0  060  [32]  00 00 00 00 00 00 00 00 00 00 00 00 00 00 00 00 00 00 00 00 00 00 00 00 00 00 00 00 00 00 00 00
2026-03-15T15:27:52.330072,35.764,can0  204  [16]  6E 23 D7 44 CF 29 93 50 28 23 30 75 30 75 00 00
2026-03-15T15:27:52.330281,35.765,can0  070  [20]  F3 2A 4D 08 FD B0 62 03 38 C7 00 00 1B 16 00 00 3B 00 00 00
2026-03-15T15:27:52.337829,35.772,can0  041  [04]  CD 00 14 00
2026-03-15T15:27:52.422254,35.857,can0  204  [16]  6E 23 D6 44 CD 29 75 51 28 23 30 75 30 75 00 00
2026-03-15T15:27:52.422796,35.857,can0  040  [04]  17 00 1A 00
2026-03-15T15:27:52.423618,35.858,can0  100  [03]  AF 4E 04
2026-03-15T15:27:52.424189,35.859,can0  120  [04]  00 00 00 00
2026-03-15T15:27:52.424551,35.859,can0  204  [16]  6E 23 D6 44 CD 29 75 51 28 23 30 75 30 75 00 00
2026-03-15T15:27:52.425079,35.860,can0  040  [04]  17 00 1A 00
2026-03-15T15:27:52.531195,35.966,can0  204  [16]  6E 23 D6 44 CF 29 D9 50 28 23 30 75 30 75 00 00
2026-03-15T15:27:52.531297,35.966,can0  204  [16]  6E 23 D6 44 CF 29 D9 50 28 23 30 75 30 75 00 00
2026-03-15T15:27:52.649844,36.084,can0  204  [16]  6E 23 D6 44 CF 29 D6 4F 28 23 30 75 30 75 00 00
2026-03-15T15:27:52.650090,36.085,can0  070  [20]  F3 2A 4D 08 FD B0 62 03 20 CB 00 00 1B 16 00 00 13 00 00 00
2026-03-15T15:27:52.650325,36.085,can0  041  [04]  DC 00 14 00
2026-03-15T15:27:52.650526,36.085,can0  070  [20]  F3 2A 4D 08 FD B0 62 03 20 CB 00 00 1B 16 00 00 13 00 00 00
2026-03-15T15:27:52.651016,36.085,can0  040  [04]  12 00 1C 00
2026-03-15T15:27:52.734692,36.169,can0  204  [16]  6E 23 D6 44 D2 29 7D 4D 28 23 30 75 30 75 00 00
2026-03-15T15:27:52.735330,36.170,can0  040  [04]  12 00 1C 00
2026-03-15T15:27:52.735638,36.170,can0  070  [20]  F3 2A 4D 08 FD B0 62 03 20 CB 00 00 1B 16 00 00 13 00 00 00
2026-03-15T15:27:52.741624,36.176,can0  204  [16]  6E 23 D6 44 D2 29 7D 4D 28 23 30 75 30 75 00 00
2026-03-15T15:27:52.840913,36.275,can0  060  [32]  00 00 00 00 F3 2A 4D 08 52 06 B8 10 00 00 10 0E FF 01 00 00 00 00 00 00 01 00 00 00 00 00 00 00
2026-03-15T15:27:52.841718,36.276,can0  204  [16]  6E 23 D5 44 D2 29 EE 50 28 23 30 75 30 75 00 00
2026-03-15T15:27:52.842056,36.276,can0  204  [16]  6E 23 D5 44 CD 29 0D 51 28 23 30 75 30 75 00 00
2026-03-15T15:27:52.925130,36.360,can0  041  [04]  DF 00 17 00
2026-03-15T15:27:52.925493,36.360,can0  204  [16]  6E 23 D5 44 CD 29 0D 51 28 23 30 75 30 75 00 00
2026-03-15T15:27:52.925995,36.360,can0  040  [04]  09 00 1F 00
2026-03-15T15:27:52.926442,36.361,can0  040  [04]  09 00 1F 00
2026-03-15T15:27:53.022449,36.457,can0  204  [16]  6E 23 D5 44 CD 29 29 51 28 23 30 75 30 75 00 00
2026-03-15T15:27:53.022771,36.457,can0  204  [16]  6E 23 D5 44 CD 29 29 51 28 23 30 75 30 75 00 00
2026-03-15T15:27:53.140448,36.575,can0  204  [16]  6E 23 D5 44 C8 29 4B 51 28 23 30 75 30 75 00 00
2026-03-15T15:27:53.140730,36.575,can0  041  [04]  D1 00 16 00
2026-03-15T15:27:53.261728,36.696,can0  204  [16]  6E 23 D5 44 CB 29 EF 4F 28 23 30 75 30 75 00 00
2026-03-15T15:27:53.262615,36.697,can0  040  [04]  04 00 25 00
2026-03-15T15:27:53.262702,36.697,can0  204  [16]  6E 23 D5 44 CB 29 EF 4F 28 23 30 75 30 75 00 00
2026-03-15T15:27:53.262946,36.697,can0  070  [20]  F3 2A 4D 08 FD B0 62 03 20 CB 00 00 1B 16 00 00 13 00 00 00
2026-03-15T15:27:53.265770,36.700,can0  040  [04]  04 00 25 00
2026-03-15T15:27:53.326329,36.761,can0  204  [16]  6E 23 D4 44 CB 29 C4 50 28 23 30 75 30 75 00 00
2026-03-15T15:27:53.326620,36.761,can0  060  [32]  00 00 00 00 00 00 00 00 00 00 00 00 00 00 00 00 00 00 00 00 00 00 00 00 00 00 00 00 00 00 00 00
2026-03-15T15:27:53.327003,36.761,can0  204  [16]  6E 23 D4 44 CB 29 C4 50 28 23 30 75 30 75 00 00
2026-03-15T15:27:53.327285,36.762,can0  070  [20]  F3 2A 4D 08 FD B0 62 03 20 CB 00 00 1B 16 00 00 13 00 00 00
2026-03-15T15:27:53.441937,36.876,can0  204  [16]  6E 23 D3 44 CF 29 5F 50 28 23 30 75 30 75 00 00
2026-03-15T15:27:53.442059,36.876,can0  041  [04]  C5 00 1A 00
2026-03-15T15:27:53.442450,36.877,can0  040  [04]  01 00 21 00
2026-03-15T15:27:53.526993,36.961,can0  204  [16]  6E 23 D5 44 C4 29 6C 51 28 23 30 75 30 75 00 00
2026-03-15T15:27:53.527593,36.962,can0  040  [04]  01 00 21 00
2026-03-15T15:27:53.527832,36.962,can0  204  [16]  6E 23 D5 44 C4 29 6C 51 28 23 30 75 30 75 00 00
2026-03-15T15:27:53.639325,37.074,can0  204  [16]  6E 23 D5 44 C4 29 6C 51 28 23 30 75 30 75 00 00
2026-03-15T15:27:53.639436,37.074,can0  070  [20]  F3 2A 4D 08 FF B0 62 03 08 CF 00 00 1B 16 00 00 1C 00 00 00
2026-03-15T15:27:53.640190,37.075,can0  100  [03]  B0 4E 04
2026-03-15T15:27:53.640839,37.075,can0  110  [02]  9E 1B
2026-03-15T15:27:53.641453,37.076,can0  120  [04]  00 00 00 00
2026-03-15T15:27:53.641781,37.076,can0  070  [20]  F3 2A 4D 08 FF B0 62 03 08 CF 00 00 1B 16 00 00 1C 00 00 00
2026-03-15T15:27:53.642107,37.077,can0  204  [16]  6E 23 D6 44 C8 29 15 51 28 23 30 75 30 75 00 00
2026-03-15T15:27:53.734973,37.169,can0  041  [04]  C8 00 1B 00
2026-03-15T15:27:53.742353,37.177,can0  204  [16]  6E 23 D6 44 CD 29 42 51 28 23 30 75 30 75 00 00
2026-03-15T15:27:53.742665,37.177,can0  070  [20]  F3 2A 4D 08 FF B0 62 03 08 CF 00 00 1B 16 00 00 1C 00 00 00
2026-03-15T15:27:53.743293,37.178,can0  040  [04]  10 00 19 00
2026-03-15T15:27:53.825468,37.260,can0  040  [04]  10 00 19 00
2026-03-15T15:27:53.825861,37.260,can0  204  [16]  6E 23 D5 44 D2 29 A2 50 28 23 30 75 30 75 00 00
2026-03-15T15:27:53.826093,37.261,can0  060  [32]  00 00 00 00 00 00 00 00 00 00 00 00 00 00 00 00 00 00 00 00 00 00 00 00 00 00 00 00 00 00 00 00
2026-03-15T15:27:53.826266,37.261,can0  060  [32]  00 00 00 00 F3 2A 4D 08 54 06 B8 10 00 00 10 0E FF 01 00 00 00 00 00 00 01 00 00 00 00 00 00 00
2026-03-15T15:27:53.832472,37.267,can0  204  [16]  6E 23 D5 44 D2 29 A2 50 28 23 30 75 30 75 00 00
2026-03-15T15:27:53.922381,37.357,can0  204  [16]  6E 23 D5 44 CB 29 B9 50 28 23 30 75 30 75 00 00
2026-03-15T15:27:53.922718,37.357,can0  204  [16]  6E 23 D5 44 CB 29 B9 50 28 23 30 75 30 75 00 00
2026-03-15T15:27:53.922981,37.357,can0  041  [04]  CB 00 1A 00
2026-03-15T15:27:54.041982,37.476,can0  040  [04]  0F 00 12 00
2026-03-15T15:27:54.042382,37.477,can0  204  [16]  6E 23 D5 44 C6 29 7E 51 28 23 30 75 30 75 00 00
2026-03-15T15:27:54.051903,37.486,can0  040  [04]  0F 00 12 00
2026-03-15T15:27:54.143129,37.578,can0  204  [16]  6E 23 D7 44 BF 29 B4 50 28 23 30 75 30 75 00 00
2026-03-15T15:27:54.143377,37.578,can0  204  [16]  6E 23 D7 44 BF 29 B4 50 28 23 30 75 30 75 00 00
2026-03-15T15:27:54.228723,37.663,can0  204  [16]  6E 23 D7 44 C6 29 57 51 28 23 30 75 30 75 00 00
2026-03-15T15:27:54.228928,37.663,can0  041  [04]  DC 00 15 00
2026-03-15T15:27:54.229131,37.664,can0  070  [20]  F3 2A 4D 08 FF B0 62 03 08 CF 00 00 1B 16 00 00 1C 00 00 00
2026-03-15T15:27:54.229650,37.664,can0  040  [04]  03 00 0F 00
2026-03-15T15:27:54.229911,37.664,can0  204  [16]  6E 23 D7 44 C6 29 57 51 28 23 30 75 30 75 00 00
2026-03-15T15:27:54.322874,37.757,can0  040  [04]  03 00 0F 00
2026-03-15T15:27:54.323254,37.758,can0  204  [16]  6E 23 D5 44 C4 29 E7 50 28 23 30 75 30 75 00 00
2026-03-15T15:27:54.323582,37.758,can0  060  [32]  00 00 00 00 00 00 00 00 00 00 00 00 00 00 00 00 00 00 00 00 00 00 00 00 00 00 00 00 00 00 00 00
2026-03-15T15:27:54.323790,37.758,can0  070  [20]  F3 2A 4D 08 FF B0 62 03 08 CF 00 00 1B 16 00 00 1C 00 00 00
2026-03-15T15:27:54.422229,37.857,can0  204  [16]  6E 23 D5 44 CD 29 70 50 28 23 30 75 30 75 00 00
2026-03-15T15:27:54.422569,37.857,can0  204  [16]  6E 23 D5 44 CD 29 70 50 28 23 30 75 30 75 00 00
2026-03-15T15:27:54.522133,37.957,can0  041  [04]  E4 00 18 00
2026-03-15T15:27:54.522408,37.957,can0  204  [16]  6E 23 D6 44 CB 29 07 51 28 23 30 75 30 75 00 00
2026-03-15T15:27:54.522935,37.957,can0  040  [04]  67 01 13 00
2026-03-15T15:27:54.523173,37.958,can0  204  [16]  6E 23 D6 44 CB 29 07 51 28 23 30 75 30 75 00 00
2026-03-15T15:27:54.622421,38.057,can0  040  [04]  67 01 13 00
2026-03-15T15:27:54.622762,38.057,can0  070  [20]  F3 2A 4D 08 FF B0 62 03 F0 D2 00 00 1B 16 00 00 04 00 00 00
2026-03-15T15:27:54.623272,38.058,can0  204  [16]  6E 23 D6 44 C8 29 29 50 28 23 30 75 30 75 00 00
2026-03-15T15:27:54.623532,38.058,can0  070  [20]  F3 2A 4D 08 FF B0 62 03 F0 D2 00 00 1B 16 00 00 04 00 00 00
2026-03-15T15:27:54.732492,38.167,can0  204  [16]  6E 23 D6 44 C4 29 AD 50 28 23 30 75 30 75 00 00
2026-03-15T15:27:54.732770,38.167,can0  070  [20]  F3 2A 4D 08 FF B0 62 03 F0 D2 00 00 1B 16 00 00 04 00 00 00
2026-03-15T15:27:54.733004,38.167,can0  204  [16]  6E 23 D6 44 C4 29 AD 50 28 23 30 75 30 75 00 00
2026-03-15T15:27:54.733218,38.168,can0  041  [04]  E6 00 18 00
2026-03-15T15:27:54.822471,38.257,can0  040  [04]  02 00 15 00
2026-03-15T15:27:54.823248,38.258,can0  100  [03]  B2 4E 04
2026-03-15T15:27:54.823792,38.258,can0  120  [04]  00 00 00 00
2026-03-15T15:27:54.824071,38.258,can0  204  [16]  6E 23 D6 44 C4 29 7B 50 28 23 30 75 30 75 00 00
2026-03-15T15:27:54.824267,38.259,can0  060  [32]  00 00 00 00 F3 2A 4D 08 54 06 B8 10 00 00 10 0E FF 01 00 00 00 00 00 00 01 00 00 00 00 00 00 00
2026-03-15T15:27:54.830151,38.265,can0  040  [04]  02 00 15 00
2026-03-15T15:27:54.922670,38.357,can0  204  [16]  6E 23 D5 44 C8 29 49 51 28 23 30 75 30 75 00 00
2026-03-15T15:27:54.922896,38.357,can0  204  [16]  6E 23 D5 44 C8 29 49 51 28 23 30 75 30 75 00 00
2026-03-15T15:27:55.022997,38.457,can0  204  [16]  6E 23 D3 44 CD 29 24 51 28 23 30 75 30 75 00 00
2026-03-15T15:27:55.023190,38.458,can0  041  [04]  DF 00 15 00
2026-03-15T15:27:55.023456,38.458,can0  204  [16]  6E 23 D3 44 CD 29 24 51 28 23 30 75 30 75 00 00
2026-03-15T15:27:55.023947,38.458,can0  040  [04]  13 00 14 00
2026-03-15T15:27:55.122595,38.557,can0  040  [04]  13 00 14 00
2026-03-15T15:27:55.123005,38.557,can0  204  [16]  6E 23 D1 44 CB 29 EA 51 28 23 30 75 30 75 00 00
2026-03-15T15:27:55.221891,38.656,can0  204  [16]  6E 23 D3 44 CB 29 05 52 28 23 30 75 30 75 00 00
2026-03-15T15:27:55.222755,38.657,can0  110  [02]  9E 1B
2026-03-15T15:27:55.228446,38.663,can0  070  [20]  F3 2A 4D 08 FF B0 62 03 F0 D2 00 00 1B 16 00 00 04 00 00 00
2026-03-15T15:27:55.228536,38.663,can0  204  [16]  6E 23 D3 44 CB 29 05 52 28 23 30 75 30 75 00 00
2026-03-15T15:27:55.321865,38.756,can0  041  [04]  E0 00 15 00
2026-03-15T15:27:55.322150,38.757,can0  204  [16]  6E 23 D3 44 CB 29 0F 52 28 23 30 75 30 75 00 00
2026-03-15T15:27:55.323032,38.757,can0  060  [32]  00 00 00 00 00 00 00 00 00 00 00 00 00 00 00 00 00 00 00 00 00 00 00 00 00 00 00 00 00 00 00 00
2026-03-15T15:27:55.323117,38.758,can0  040  [04]  20 00 11 00
2026-03-15T15:27:55.323307,38.758,can0  204  [16]  6E 23 D3 44 CB 29 0F 52 28 23 30 75 30 75 00 00
2026-03-15T15:27:55.323531,38.758,can0  070  [20]  F3 2A 4D 08 FF B0 62 03 F0 D2 00 00 1B 16 00 00 04 00 00 00
2026-03-15T15:27:55.323909,38.758,can0  040  [04]  20 00 11 00
2026-03-15T15:27:55.422716,38.857,can0  204  [16]  6E 23 D5 44 CB 29 48 52 28 23 30 75 30 75 00 00
2026-03-15T15:27:55.542350,38.977,can0  204  [16]  6E 23 D3 44 CD 29 56 52 28 23 30 75 30 75 00 00
2026-03-15T15:27:55.542691,38.977,can0  204  [16]  6E 23 D3 44 CD 29 56 52 28 23 30 75 30 75 00 00
2026-03-15T15:27:55.543022,38.977,can0  041  [04]  D7 00 13 00
2026-03-15T15:27:55.659891,39.094,can0  040  [04]  26 00 11 00
2026-03-15T15:27:55.660545,39.095,can0  204  [16]  6E 23 D3 44 CD 29 56 52 28 23 30 75 30 75 00 00
2026-03-15T15:27:55.660628,39.095,can0  070  [20]  F3 2A 4D 08 FF B0 62 03 D8 D6 00 00 1B 16 00 00 36 00 00 00
2026-03-15T15:27:55.660762,39.095,can0  070  [20]  F3 2A 4D 08 FF B0 62 03 D8 D6 00 00 1B 16 00 00 36 00 00 00
2026-03-15T15:27:55.661193,39.096,can0  040  [04]  26 00 11 00
2026-03-15T15:27:55.743892,39.178,can0  204  [16]  6E 23 D3 44 CB 29 4D 51 28 23 30 75 30 75 00 00
2026-03-15T15:27:55.744369,39.179,can0  060  [32]  41 4B 11 00 E5 6F 4D 08 61 2F 62 03 00 00 A7 01 5D 00 80 00 00 00 00 00 01 00 00 00 00 00 00 00
2026-03-15T15:27:55.750197,39.185,can0  204  [16]  6E 23 D3 44 CB 29 4D 51 28 23 30 75 30 75 00 00
2026-03-15T15:27:55.750293,39.185,can0  070  [20]  F3 2A 4D 08 FF B0 62 03 D8 D6 00 00 1B 16 00 00 36 00 00 00
2026-03-15T15:27:55.855532,39.290,can0  204  [16]  6E 23 D5 44 C8 29 AB 51 28 23 30 75 30 75 00 00
2026-03-15T15:27:55.856498,39.291,can0  041  [04]  CB 00 11 00
2026-03-15T15:27:55.856600,39.291,can0  040  [04]  1A 00 13 00
2026-03-15T15:27:55.856861,39.291,can0  204  [16]  6E 23 D5 44 C8 29 AB 51 28 23 30 75 30 75 00 00
2026-03-15T15:27:55.921734,39.356,can0  040  [04]  1A 00 13 00
2026-03-15T15:27:55.922195,39.357,can0  204  [16]  6E 23 D6 44 C4 29 4C 51 28 23 30 75 30 75 00 00
2026-03-15T15:27:56.025569,39.460,can0  204  [16]  6E 23 D6 44 C6 29 B9 50 28 23 30 75 30 75 00 00
2026-03-15T15:27:56.026248,39.461,can0  100  [03]  B5 4E 04
2026-03-15T15:27:56.026775,39.461,can0  120  [04]  00 00 00 00
2026-03-15T15:27:56.027122,39.462,can0  204  [16]  6E 23 D6 44 C6 29 B9 50 28 23 30 75 30 75 00 00
2026-03-15T15:27:56.122160,39.557,can0  041  [04]  DA 00 0E 00
2026-03-15T15:27:56.122592,39.557,can0  204  [16]  6E 23 D5 44 CD 29 3C 52 28 23 30 75 30 75 00 00
2026-03-15T15:27:56.123319,39.558,can0  040  [04]  15 00 19 00
2026-03-15T15:27:56.123663,39.558,can0  204  [16]  6E 23 D5 44 CD 29 3C 52 28 23 30 75 30 75 00 00
2026-03-15T15:27:56.130999,39.565,can0  040  [04]  15 00 19 00
2026-03-15T15:27:56.229974,39.664,can0  204  [16]  6E 23 D6 44 D8 29 0D 52 28 23 30 75 30 75 00 00
2026-03-15T15:27:56.230257,39.665,can0  070  [20]  F3 2A 4D 08 FF B0 62 03 D8 D6 00 00 1B 16 00 00 36 00 00 00
2026-03-15T15:27:56.332377,39.767,can0  204  [16]  6E 23 D6 44 D4 29 12 51 28 23 30 75 30 75 00 00
2026-03-15T15:27:56.332786,39.767,can0  204  [16]  6E 23 D6 44 D4 29 12 51 28 23 30 75 30 75 00 00
2026-03-15T15:27:56.333100,39.768,can0  070  [20]  F3 2A 4D 08 FF B0 62 03 D8 D6 00 00 1B 16 00 00 36 00 00 00
2026-03-15T15:27:56.333338,39.768,can0  041  [04]  EE 00 11 00
2026-03-15T15:27:56.422318,39.857,can0  040  [04]  17 00 20 00
2026-03-15T15:27:56.422597,39.857,can0  204  [16]  6E 23 D7 44 D4 29 B2 51 28 23 30 75 30 75 00 00
2026-03-15T15:27:56.423094,39.858,can0  040  [04]  17 00 20 00
2026-03-15T15:27:56.423473,39.858,can0  204  [16]  6E 23 D7 44 D4 29 B2 51 28 23 30 75 30 75 00 00
2026-03-15T15:27:56.528524,39.963,can0  204  [16]  6E 23 D7 44 CB 29 E0 51 28 23 30 75 30 75 00 00
2026-03-15T15:27:56.622675,40.057,can0  204  [16]  6E 23 D7 44 CB 29 E0 51 28 23 30 75 30 75 00 00
2026-03-15T15:27:56.622888,40.057,can0  070  [20]  F1 2A 4D 08 FF B0 62 03 C0 DA 00 00 1B 16 00 00 1A 00 00 00
2026-03-15T15:27:56.623474,40.058,can0  041  [04]  EF 00 14 00
2026-03-15T15:27:56.623672,40.058,can0  070  [20]  F1 2A 4D 08 FF B0 62 03 C0 DA 00 00 1B 16 00 00 19 00 00 00
2026-03-15T15:27:56.623886,40.058,can0  204  [16]  6E 23 D4 44 D2 29 E6 50 28 23 30 75 30 75 00 00
2026-03-15T15:27:56.630620,40.065,can0  040  [04]  14 00 24 00
2026-03-15T15:27:56.722434,40.157,can0  040  [04]  14 00 24 00
2026-03-15T15:27:56.728923,40.163,can0  204  [16]  6E 23 D3 44 CF 29 FA 51 28 23 30 75 30 75 00 00
2026-03-15T15:27:56.729024,40.163,can0  070  [20]  F1 2A 4D 08 FF B0 62 03 C0 DA 00 00 1B 16 00 00 19 00 00 00
2026-03-15T15:27:56.729097,40.164,can0  204  [16]  6E 23 D3 44 D8 29 E0 50 28 23 30 75 30 75 00 00
2026-03-15T15:27:56.822666,40.257,can0  110  [02]  9E 1B
2026-03-15T15:27:56.823280,40.258,can0  204  [16]  6E 23 D3 44 D8 29 E0 50 28 23 30 75 30 75 00 00
2026-03-15T15:27:56.823343,40.258,can0  060  [32]  00 00 00 00 F1 2A 4D 08 54 06 B8 10 00 00 10 0E FF 01 00 00 00 00 00 00 01 00 00 00 00 00 00 00
2026-03-15T15:27:56.922403,40.357,can0  041  [04]  E6 00 12 00
2026-03-15T15:27:56.922740,40.357,can0  204  [16]  6E 23 D4 44 CF 29 C4 51 28 23 30 75 30 75 00 00
2026-03-15T15:27:56.923373,40.358,can0  040  [04]  0D 00 2A 00
2026-03-15T15:27:56.923737,40.358,can0  204  [16]  6E 23 D4 44 CF 29 C4 51 28 23 30 75 30 75 00 00
2026-03-15T15:27:56.924805,40.359,can0  040  [04]  0D 00 2A 00
2026-03-15T15:27:57.022457,40.457,can0  204  [16]  6E 23 D5 44 CF 29 BB 50 28 23 30 75 30 75 00 00
2026-03-15T15:27:57.022773,40.457,can0  204  [16]  6E 23 D5 44 C8 29 0C 51 28 23 30 75 30 75 00 00
2026-03-15T15:27:57.134961,40.569,can0  204  [16]  6E 23 D5 44 C8 29 0C 51 28 23 30 75 30 75 00 00
2026-03-15T15:27:57.135282,40.570,can0  041  [04]  E1 00 0F 00
2026-03-15T15:27:57.141389,40.576,can0  040  [04]  07 00 27 00
2026-03-15T15:27:57.266894,40.701,can0  204  [16]  6E 23 D5 44 CB 29 3A 51 28 23 30 75 30 75 00 00
2026-03-15T15:27:57.267750,40.702,can0  100  [03]  B9 4E 04
2026-03-15T15:27:57.269912,40.704,can0  120  [04]  00 00 00 00
2026-03-15T15:27:57.270002,40.704,can0  070  [20]  F1 2A 4D 08 FF B0 62 03 C0 DA 00 00 1B 16 00 00 19 00 00 00
2026-03-15T15:27:57.270077,40.705,can0  040  [04]  07 00 27 00
2026-03-15T15:27:57.278362,40.713,can0  204  [16]  6E 23 D5 44 CB 29 3A 51 28 23 30 75 30 75 00 00
2026-03-15T15:27:57.337947,40.772,can0  204  [16]  6E 23 D5 44 D2 29 39 51 28 23 30 75 30 75 00 00
2026-03-15T15:27:57.338310,40.773,can0  060  [32]  00 00 00 00 00 00 00 00 00 00 00 00 00 00 00 00 00 00 00 00 00 00 00 00 00 00 00 00 00 00 00 00
2026-03-15T15:27:57.338590,40.773,can0  070  [20]  F1 2A 4D 08 FF B0 62 03 C0 DA 00 00 1B 16 00 00 19 00 00 00
2026-03-15T15:27:57.338963,40.773,can0  204  [16]  6E 23 D5 44 D6 29 A6 51 28 23 30 75 30 75 00 00
2026-03-15T15:27:57.465422,40.900,can0  132  [00]
2026-03-15T15:27:57.466026,40.900,can0  041  [04]  DB 00 10 00
2026-03-15T15:27:57.466105,40.901,can0  204  [16]  6E 23 D5 44 D6 29 A6 51 28 23 30 75 30 75 00 00
2026-03-15T15:27:57.466635,40.901,can0  040  [04]  04 00 23 00
2026-03-15T15:27:57.549572,40.984,can0  204  [16]  6E 23 D5 44 D4 29 F3 50 28 23 30 75 30 75 00 00
2026-03-15T15:27:57.550159,40.985,can0  040  [04]  04 00 23 00
2026-03-15T15:27:57.550547,40.985,can0  204  [16]  6E 23 D5 44 D4 29 F3 50 28 23 30 75 30 75 00 00
2026-03-15T15:27:57.638097,41.073,can0  070  [20]  F1 2A 4D 08 FF B0 62 03 A8 DE 00 00 1B 16 00 00 21 00 00 00
2026-03-15T15:27:57.638555,41.073,can0  204  [16]  6E 23 D5 44 CD 29 06 51 28 23 30 75 30 75 00 00
2026-03-15T15:27:57.638827,41.073,can0  070  [20]  F1 2A 4D 08 FF B0 62 03 A8 DE 00 00 1B 16 00 00 22 00 00 00
2026-03-15T15:27:57.725005,41.159,can0  041  [04]  D7 00 10 00
2026-03-15T15:27:57.725390,41.160,can0  204  [16]  6E 23 D5 44 CB 29 31 51 28 23 30 75 30 75 00 00
2026-03-15T15:27:57.725958,41.160,can0  040  [04]  04 00 25 00
2026-03-15T15:27:57.726301,41.161,can0  204  [16]  6E 23 D5 44 CB 29 31 51 28 23 30 75 30 75 00 00
2026-03-15T15:27:57.726547,41.161,can0  070  [20]  F1 2A 4D 08 FF B0 62 03 A8 DE 00 00 1B 16 00 00 22 00 00 00
2026-03-15T15:27:57.727105,41.162,can0  040  [04]  04 00 25 00
2026-03-15T15:27:57.822777,41.257,can0  204  [16]  6E 23 D6 44 CF 29 1F 51 28 23 30 75 30 75 00 00
2026-03-15T15:27:57.823072,41.257,can0  060  [32]  00 00 00 00 00 00 00 00 00 00 00 00 00 00 00 00 00 00 00 00 00 00 00 00 00 00 00 00 00 00 00 00
2026-03-15T15:27:57.823418,41.258,can0  204  [16]  6E 23 D5 44 D8 29 64 51 28 23 30 75 30 75 00 00
2026-03-15T15:27:57.823624,41.258,can0  060  [32]  00 00 00 00 F1 2A 4D 08 54 06 B8 10 00 00 10 0E FF 01 00 00 00 00 00 00 01 00 00 00 00 00 00 00
2026-03-15T15:27:57.922910,41.357,can0  204  [16]  6E 23 D5 44 D8 29 64 51 28 23 30 75 30 75 00 00
2026-03-15T15:27:57.923286,41.358,can0  041  [04]  EA 00 11 00
2026-03-15T15:27:58.022247,41.457,can0  040  [04]  06 00 22 00
2026-03-15T15:27:58.022563,41.457,can0  204  [16]  6E 23 D5 44 DB 29 4D 50 28 23 30 75 30 75 00 00
2026-03-15T15:27:58.023151,41.458,can0  040  [04]  06 00 22 00
2026-03-15T15:27:58.023418,41.458,can0  204  [16]  6E 23 D5 44 DB 29 4D 50 28 23 30 75 30 75 00 00
2026-03-15T15:27:58.122195,41.557,can0  204  [16]  6E 23 D4 44 D8 29 09 51 28 23 30 75 30 75 00 00
2026-03-15T15:27:58.122457,41.557,can0  204  [16]  6E 23 D5 44 D2 29 EE 50 28 23 30 75 30 75 00 00
2026-03-15T15:27:58.236823,41.671,can0  041  [04]  E1 00 10 00
2026-03-15T15:27:58.237216,41.672,can0  204  [16]  6E 23 D5 44 D2 29 EE 50 28 23 30 75 30 75 00 00
2026-03-15T15:27:58.237566,41.672,can0  070  [20]  F1 2A 4D 08 FF B0 62 03 A8 DE 00 00 1B 16 00 00 22 00 00 00
2026-03-15T15:27:58.238306,41.673,can0  040  [04]  0F 00 21 00
2026-03-15T15:27:58.322072,41.757,can0  204  [16]  6E 23 D5 44 CF 29 E3 51 28 23 30 75 30 75 00 00
2026-03-15T15:27:58.322852,41.757,can0  040  [04]  0F 00 21 00
2026-03-15T15:27:58.323315,41.758,can0  204  [16]  6E 23 D5 44 CF 29 E3 51 28 23 30 75 30 75 00 00
2026-03-15T15:27:58.323699,41.758,can0  070  [20]  F1 2A 4D 08 FF B0 62 03 A8 DE 00 00 1B 16 00 00 22 00 00 00
2026-03-15T15:27:58.330777,41.765,can0  060  [32]  00 00 00 00 00 00 00 00 00 00 00 00 00 00 00 00 00 00 00 00 00 00 00 00 00 00 00 00 00 00 00 00
2026-03-15T15:27:58.441769,41.876,can0  204  [16]  6E 23 D1 44 D4 29 EB 51 28 23 30 75 30 75 00 00
2026-03-15T15:27:58.442735,41.877,can0  100  [03]  BC 4E 04
2026-03-15T15:27:58.443425,41.878,can0  110  [02]  9E 1B
2026-03-15T15:27:58.444047,41.878,can0  120  [04]  00 00 00 00
2026-03-15T15:27:58.452533,41.887,can0  204  [16]  6E 23 D4 44 EA 29 95 51 28 23 30 75 30 75 00 00
2026-03-15T15:27:58.546771,41.981,can0  041  [04]  D8 00 0E 00
2026-03-15T15:27:58.547315,41.982,can0  040  [04]  15 00 1F 00
2026-03-15T15:27:58.547582,41.982,can0  204  [16]  6E 23 D4 44 EA 29 95 51 28 23 30 75 30 75 00 00
2026-03-15T15:27:58.548005,41.982,can0  040  [04]  15 00 1F 00
2026-03-15T15:27:58.636502,42.071,can0  204  [16]  6E 23 D4 44 EA 29 95 51 28 23 30 75 30 75 00 00
2026-03-15T15:27:58.636704,42.071,can0  070  [20]  F1 2A 4D 08 FF B0 62 03 90 E2 00 00 1B 16 00 00 06 00 00 00
2026-03-15T15:27:58.636922,42.071,can0  070  [20]  F1 2A 4D 08 FF B0 62 03 90 E2 00 00 1B 16 00 00 06 00 00 00
2026-03-15T15:27:58.637129,42.072,can0  204  [16]  6E 23 DB 44 B4 29 1A 51 28 23 30 75 30 75 00 00
2026-03-15T15:27:58.776993,42.211,can0  204  [16]  6E 23 DB 44 C1 29 F1 52 28 23 30 75 30 75 00 00
2026-03-15T15:27:58.777152,42.212,can0  070  [20]  F1 2A 4D 08 FF B0 62 03 90 E2 00 00 1B 16 00 00 06 00 00 00
2026-03-15T15:27:58.777251,42.212,can0  041  [04]  DB 00 13 00
2026-03-15T15:27:58.836487,42.271,can0  204  [16]  6E 23 D7 44 D2 29 22 51 28 23 30 75 30 75 00 00
2026-03-15T15:27:58.837626,42.272,can0  040  [04]  17 00 1D 00
2026-03-15T15:27:58.838583,42.273,can0  040  [04]  17 00 1D 00
2026-03-15T15:27:58.839359,42.274,can0  204  [16]  6E 23 D7 44 D2 29 22 51 28 23 30 75 30 75 00 00
2026-03-15T15:27:58.839639,42.274,can0  060  [32]  00 00 00 00 F1 2A 4D 08 54 06 B8 10 00 00 10 0E FF 01 00 00 00 00 00 00 01 00 00 00 00 00 00 00
2026-03-15T15:27:58.967703,42.402,can0  204  [16]  6E 23 CE 44 DD 29 6A 51 28 23 30 75 30 75 00 00
2026-03-15T15:27:58.967945,42.402,can0  204  [16]  6E 23 CE 44 DD 29 6A 51 28 23 30 75 30 75 00 00
2026-03-15T15:27:59.054439,42.489,can0  041  [04]  E2 00 13 00
2026-03-15T15:27:59.054847,42.489,can0  204  [16]  6E 23 D1 44 C8 29 66 51 28 23 30 75 30 75 00 00
2026-03-15T15:27:59.055555,42.490,can0  040  [04]  0E 00 1E 00
2026-03-15T15:27:59.055895,42.490,can0  204  [16]  6E 23 DA 44 C1 29 BB 50 28 23 30 75 30 75 00 00
2026-03-15T15:27:59.144968,42.579,can0  040  [04]  0E 00 1E 00
2026-03-15T15:27:59.145345,42.580,can0  204  [16]  6E 23 DA 44 C1 29 BB 50 28 23 30 75 30 75 00 00
2026-03-15T15:27:59.233989,42.668,can0  204  [16]  6E 23 D7 44 D4 29 1D 51 28 23 30 75 30 75 00 00
2026-03-15T15:27:59.234304,42.669,can0  070  [20]  F1 2A 4D 08 FF B0 62 03 90 E2 00 00 1B 16 00 00 06 00 00 00
2026-03-15T15:27:59.234621,42.669,can0  204  [16]  6E 23 D1 44 D8 29 A9 51 28 23 30 75 30 75 00 00
2026-03-15T15:27:59.234826,42.669,can0  133  [00]
2026-03-15T15:27:59.235066,42.669,can0  041  [04]  DF 00 14 00
2026-03-15T15:27:59.372658,42.807,can0  040  [04]  0E 00 22 00
2026-03-15T15:27:59.373010,42.807,can0  204  [16]  6E 23 D1 44 D8 29 A9 51 28 23 30 75 30 75 00 00
2026-03-15T15:27:59.373240,42.808,can0  070  [20]  F1 2A 4D 08 FF B0 62 03 90 E2 00 00 1B 16 00 00 06 00 00 00
2026-03-15T15:27:59.373964,42.808,can0  060  [32]  00 00 00 00 00 00 00 00 00 00 00 00 00 00 00 00 00 00 00 00 00 00 00 00 00 00 00 00 00 00 00 00
2026-03-15T15:27:59.374016,42.808,can0  040  [04]  0E 00 22 00
2026-03-15T15:27:59.374343,42.809,can0  204  [16]  6E 23 D2 44 CF 29 53 52 28 23 30 75 30 75 00 00
2026-03-15T15:27:59.471830,42.906,can0  204  [16]  6E 23 D2 44 CF 29 53 52 28 23 30 75 30 75 00 00
2026-03-15T15:27:59.572860,43.007,can0  204  [16]  6E 23 D5 44 BB 29 BC 50 28 23 30 75 30 75 00 00
2026-03-15T15:27:59.573132,43.008,can0  041  [04]  DC 00 12 00
2026-03-15T15:27:59.573493,43.008,can0  204  [16]  6E 23 D5 44 BB 29 BC 50 28 23 30 75 30 75 00 00
2026-03-15T15:27:59.574285,43.009,can0  040  [04]  09 00 26 00
2026-03-15T15:27:59.639715,43.074,can0  100  [03]  BF 4E 04
2026-03-15T15:27:59.640369,43.075,can0  120  [04]  00 00 00 00
2026-03-15T15:27:59.640719,43.075,can0  204  [16]  6E 23 D2 44 CB 29 B0 50 28 23 30 75 30 75 00 00
2026-03-15T15:27:59.640976,43.075,can0  070  [20]  F1 2A 4D 08 FF B0 62 03 78 E6 00 00 1B 16 00 00 14 00 00 00
2026-03-15T15:27:59.641756,43.076,can0  040  [04]  09 00 26 00
2026-03-15T15:27:59.642006,43.076,can0  070  [20]  F1 2A 4D 08 FF B0 62 03 78 E6 00 00 1B 16 00 00 14 00 00 00
2026-03-15T15:27:59.740645,43.175,can0  204  [16]  6E 23 D2 44 D6 29 FE 4F 28 23 30 75 30 75 00 00
2026-03-15T15:27:59.740955,43.175,can0  070  [20]  F1 2A 4D 08 FF B0 62 03 78 E6 00 00 1B 16 00 00 14 00 00 00
2026-03-15T15:27:59.741267,43.176,can0  204  [16]  6E 23 D2 44 D6 29 FE 4F 28 23 30 75 30 75 00 00
2026-03-15T15:27:59.881105,43.316,can0  041  [04]  DF 00 14 00
2026-03-15T15:27:59.881467,43.316,can0  204  [16]  6E 23 D8 44 D2 29 80 51 28 23 30 75 30 75 00 00
2026-03-15T15:27:59.882302,43.317,can0  040  [04]  02 00 29 00
2026-03-15T15:27:59.882565,43.317,can0  060  [32]  00 00 00 00 00 00 00 00 00 00 00 00 00 00 00 00 00 00 00 00 00 00 00 00 00 00 00 00 00 00 00 00
2026-03-15T15:27:59.882908,43.317,can0  204  [16]  6E 23 DB 44 C8 29 AC 51 28 23 30 75 30 75 00 00
2026-03-15T15:27:59.948865,43.383,can0  060  [32]  00 00 00 00 F1 2A 4D 08 54 06 B8 10 00 00 10 0E FF 01 00 00 00 00 00 00 01 00 00 00 00 00 00 00
2026-03-15T15:27:59.949876,43.384,can0  040  [04]  02 00 29 00
2026-03-15T15:27:59.950161,43.385,can0  204  [16]  6E 23 DB 44 C8 29 AC 51 28 23 30 75 30 75 00 00
2026-03-15T15:28:00.077793,43.512,can0  204  [16]  6E 23 D9 44 CB 29 1C 52 28 23 30 75 30 75 00 00
2026-03-15T15:28:00.078638,43.513,can0  110  [02]  9E 1B
2026-03-15T15:28:00.079036,43.513,can0  204  [16]  6E 23 D9 44 CB 29 1C 52 28 23 30 75 30 75 00 00
2026-03-15T15:28:00.079333,43.514,can0  041  [04]  E4 00 14 00
2026-03-15T15:28:00.126839,43.561,can0  204  [16]  6E 23 D1 44 CD 29 2E 52 28 23 30 75 30 75 00 00
2026-03-15T15:28:00.127572,43.562,can0  040  [04]  02 00 2A 00
2026-03-15T15:28:00.128054,43.562,can0  040  [04]  02 00 2A 00
2026-03-15T15:28:00.128325,43.563,can0  204  [16]  6E 23 CF 44 D4 29 66 50 28 23 30 75 30 75 00 00
2026-03-15T15:28:00.272736,43.707,can0  204  [16]  6E 23 CF 44 D4 29 66 50 28 23 30 75 30 75 00 00
2026-03-15T15:28:00.273013,43.707,can0  070  [20]  F1 2A 4D 08 FF B0 62 03 78 E6 00 00 1B 16 00 00 14 00 00 00
2026-03-15T15:28:00.372338,43.807,can0  204  [16]  6E 23 D5 44 E4 29 86 51 28 23 30 75 30 75 00 00
2026-03-15T15:28:00.372637,43.807,can0  041  [04]  E9 00 16 00
2026-03-15T15:28:00.373183,43.808,can0  204  [16]  6E 23 D5 44 E4 29 86 51 28 23 30 75 30 75 00 00
2026-03-15T15:28:00.373270,43.808,can0  070  [20]  F1 2A 4D 08 FF B0 62 03 78 E6 00 00 1B 16 00 00 14 00 00 00
2026-03-15T15:28:00.373785,43.808,can0  040  [04]  02 00 2A 00
2026-03-15T15:28:00.472246,43.907,can0  060  [32]  00 00 00 00 00 00 00 00 00 00 00 00 00 00 00 00 00 00 00 00 00 00 00 00 00 00 00 00 00 00 00 00
2026-03-15T15:28:00.472640,43.907,can0  204  [16]  6E 23 D5 44 D8 29 FB 50 28 23 30 75 30 75 00 00
2026-03-15T15:28:00.473388,43.908,can0  040  [04]  02 00 2A 00
2026-03-15T15:28:00.473732,43.908,can0  204  [16]  6E 23 D6 44 D6 29 ED 50 28 23 30 75 30 75 00 00
2026-03-15T15:28:00.536995,43.971,can0  204  [16]  6E 23 D6 44 D6 29 ED 50 28 23 30 75 30 75 00 00
2026-03-15T15:28:00.660643,44.095,can0  204  [16]  6E 23 D6 44 D6 29 ED 50 28 23 30 75 30 75 00 00
2026-03-15T15:28:00.660873,44.095,can0  041  [04]  EF 00 15 00
2026-03-15T15:28:00.661240,44.096,can0  070  [20]  F1 2A 4D 08 FF B0 62 03 00 00 00 00 1C 16 00 00 13 00 00 00
2026-03-15T15:28:00.662112,44.097,can0  070  [20]  F1 2A 4D 08 FF B0 62 03 00 00 00 00 1C 16 00 00 12 00 00 00
2026-03-15T15:28:00.662203,44.097,can0  040  [04]  01 00 2D 00
2026-03-15T15:28:00.662415,44.097,can0  204  [16]  6E 23 D9 44 C4 29 F0 51 28 23 30 75 30 75 00 00
2026-03-15T15:28:00.788071,44.223,can0  040  [04]  01 00 2D 00
2026-03-15T15:28:00.790646,44.225,can0  204  [16]  6E 23 D9 44 C4 29 F0 51 28 23 30 75 30 75 00 00
2026-03-15T15:28:00.790787,44.225,can0  070  [20]  F1 2A 4D 08 FF B0 62 03 00 00 00 00 1C 16 00 00 12 00 00 00
2026-03-15T15:28:00.853022,44.287,can0  204  [16]  6E 23 D6 44 D2 29 AF 51 28 23 30 75 30 75 00 00
2026-03-15T15:28:00.853123,44.288,can0  100  [03]  C0 4E 04
2026-03-15T15:28:00.853664,44.288,can0  120  [04]  00 00 00 00
2026-03-15T15:28:00.853990,44.288,can0  204  [16]  6E 23 D6 44 D2 29 AF 51 28 23 30 75 30 75 00 00
2026-03-15T15:28:00.854252,44.289,can0  041  [04]  F2 00 14 00
2026-03-15T15:28:00.983318,44.418,can0  060  [32]  00 00 00 00 F1 2A 4D 08 54 06 B8 10 00 00 10 0E FF 01 00 00 00 00 00 00 01 00 00 00 00 00 00 00
2026-03-15T15:28:00.984505,44.419,can0  040  [04]  67 01 29 00
2026-03-15T15:28:00.984847,44.419,can0  204  [16]  6E 23 D2 44 DB 29 53 51 28 23 30 75 30 75 00 00
2026-03-15T15:28:00.985602,44.420,can0  040  [04]  67 01 29 00
2026-03-15T15:28:00.985947,44.420,can0  204  [16]  6E 23 D6 44 D8 29 4D 51 28 23 30 75 30 75 00 00
2026-03-15T15:28:01.061493,44.496,can0  204  [16]  6E 23 D6 44 D8 29 4D 51 28 23 30 75 30 75 00 00
2026-03-15T15:28:01.182351,44.617,can0  204  [16]  6E 23 D8 44 C4 29 2D 51 28 23 30 75 30 75 00 00
2026-03-15T15:28:01.182641,44.617,can0  041  [04]  FB 00 16 00
2026-03-15T15:28:01.183048,44.617,can0  204  [16]  6E 23 D8 44 C4 29 2D 51 28 23 30 75 30 75 00 00
2026-03-15T15:28:01.193896,44.628,can0  040  [04]  65 01 1F 00
2026-03-15T15:28:01.234861,44.669,can0  204  [16]  6E 23 D8 44 C6 29 C8 50 28 23 30 75 30 75 00 00
2026-03-15T15:28:01.235491,44.670,can0  040  [04]  65 01 1F 00
2026-03-15T15:28:01.235778,44.670,can0  070  [20]  F1 2A 4D 08 FF B0 62 03 00 00 00 00 1C 16 00 00 12 00 00 00
2026-03-15T15:28:01.236101,44.671,can0  204  [16]  6E 23 D3 44 CF 29 01 51 28 23 30 75 30 75 00 00
2026-03-15T15:28:01.373938,44.808,can0  204  [16]  6E 23 D3 44 CF 29 01 51 28 23 30 75 30 75 00 00
2026-03-15T15:28:01.374143,44.809,can0  070  [20]  F1 2A 4D 08 FF B0 62 03 00 00 00 00 1C 16 00 00 12 00 00 00
2026-03-15T15:28:01.472501,44.907,can0  204  [16]  6E 23 D2 44 DF 29 A6 51 28 23 30 75 30 75 00 00
2026-03-15T15:28:01.472673,44.907,can0  060  [32]  00 00 00 00 00 00 00 00 00 00 00 00 00 00 00 00 00 00 00 00 00 00 00 00 00 00 00 00 00 00 00 00
2026-03-15T15:28:01.472892,44.907,can0  041  [04]  ED 00 17 00
2026-03-15T15:28:01.473424,44.908,can0  040  [04]  64 01 17 00
2026-03-15T15:28:01.474439,44.909,can0  204  [16]  6E 23 D2 44 DF 29 A6 51 28 23 30 75 30 75 00 00
2026-03-15T15:28:01.474525,44.909,can0  040  [04]  64 01 17 00
2026-03-15T15:28:01.571962,45.006,can0  204  [16]  6E 23 D5 44 D8 29 17 50 28 23 30 75 30 75 00 00
2026-03-15T15:28:01.572179,45.007,can0  204  [16]  6E 23 D5 44 D8 29 17 50 28 23 30 75 30 75 00 00
2026-03-15T15:28:01.672467,45.107,can0  110  [02]  9D 1B
2026-03-15T15:28:01.672685,45.107,can0  070  [20]  F1 2A 4D 08 FF B0 62 03 E8 03 00 00 1C 16 00 00 06 00 00 00
2026-03-15T15:28:01.672904,45.107,can0  070  [20]  F1 2A 4D 08 FF B0 62 03 E8 03 00 00 1C 16 00 00 06 00 00 00
2026-03-15T15:28:01.673125,45.108,can0  204  [16]  6E 23 D8 44 C4 29 8C 51 28 23 30 75 30 75 00 00
2026-03-15T15:28:01.673318,45.108,can0  041  [04]  CF 00 19 00
2026-03-15T15:28:01.784636,45.219,can0  040  [04]  02 00 17 00
2026-03-15T15:28:01.785031,45.219,can0  204  [16]  6E 23 D4 44 D2 29 D8 51 28 23 30 75 30 75 00 00
2026-03-15T15:28:01.785333,45.220,can0  070  [20]  F1 2A 4D 08 FF B0 62 03 E8 03 00 00 1C 16 00 00 06 00 00 00
2026-03-15T15:28:01.786150,45.221,can0  040  [04]  02 00 17 00
2026-03-15T15:28:01.786419,45.221,can0  204  [16]  6E 23 D1 44 D8 29 E6 50 28 23 30 75 30 75 00 00
2026-03-15T15:28:01.853117,45.288,can0  204  [16]  6E 23 D1 44 D8 29 E6 50 28 23 30 75 30 75 00 00
2026-03-15T15:28:01.977274,45.412,can0  204  [16]  6E 23 D4 44 D8 29 2A 52 28 23 30 75 30 75 00 00
2026-03-15T15:28:01.977845,45.412,can0  060  [32]  00 00 00 00 00 00 00 00 00 00 00 00 00 00 00 00 00 00 00 00 00 00 00 00 00 00 00 00 00 00 00 00
2026-03-15T15:28:01.977913,45.412,can0  060  [32]  00 00 00 00 F1 2A 4D 08 54 06 B8 10 00 00 10 0E FF 01 00 00 00 00 00 00 01 00 00 00 00 00 00 00
2026-03-15T15:28:01.978734,45.413,can0  041  [04]  C5 00 19 00
2026-03-15T15:28:01.978782,45.413,can0  204  [16]  6E 23 D4 44 D8 29 2A 52 28 23 30 75 30 75 00 00
2026-03-15T15:28:01.979481,45.414,can0  040  [04]  05 00 18 00
2026-03-15T15:28:02.072832,45.507,can0  204  [16]  6E 23 D6 44 C6 29 E8 50 28 23 30 75 30 75 00 00
2026-03-15T15:28:02.073475,45.508,can0  100  [03]  C0 4E 04
2026-03-15T15:28:02.074041,45.508,can0  120  [04]  00 00 00 00
2026-03-15T15:28:02.074690,45.509,can0  040  [04]  05 00 18 00
2026-03-15T15:28:02.074967,45.509,can0  204  [16]  6E 23 D6 44 CB 29 1A 52 28 23 30 75 30 75 00 00
2026-03-15T15:28:02.172270,45.607,can0  204  [16]  6E 23 D6 44 CB 29 1A 52 28 23 30 75 30 75 00 00
2026-03-15T15:28:02.272132,45.707,can0  204  [16]  6E 23 D2 44 D4 29 6E 51 28 23 30 75 30 75 00 00
2026-03-15T15:28:02.272469,45.707,can0  041  [04]  C9 00 1A 00
2026-03-15T15:28:02.272759,45.707,can0  070  [20]  F1 2A 4D 08 FF B0 62 03 E8 03 00 00 1C 16 00 00 06 00 00 00
2026-03-15T15:28:02.273366,45.708,can0  040  [04]  18 00 15 00
2026-03-15T15:28:02.273660,45.708,can0  204  [16]  6E 23 D2 44 D4 29 6E 51 28 23 30 75 30 75 00 00
2026-03-15T15:28:02.335559,45.770,can0  040  [04]  18 00 15 00
2026-03-15T15:28:02.335937,45.770,can0  204  [16]  6E 23 D3 44 D8 29 B2 51 28 23 30 75 30 75 00 00
2026-03-15T15:28:02.336203,45.771,can0  070  [20]  F1 2A 4D 08 FF B0 62 03 E8 03 00 00 1C 16 00 00 06 00 00 00
2026-03-15T15:28:02.336596,45.771,can0  204  [16]  6E 23 D5 44 CD 29 60 51 28 23 30 75 30 75 00 00
2026-03-15T15:28:02.472246,45.907,can0  060  [32]  00 00 00 00 00 00 00 00 00 00 00 00 00 00 00 00 00 00 00 00 00 00 00 00 00 00 00 00 00 00 00 00
2026-03-15T15:28:02.472603,45.907,can0  204  [16]  6E 23 D5 44 CD 29 60 51 28 23 30 75 30 75 00 00
2026-03-15T15:28:02.472876,45.907,can0  041  [04]  CE 00 19 00
2026-03-15T15:28:02.572526,46.007,can0  204  [16]  6E 23 D6 44 CF 29 A3 51 28 23 30 75 30 75 00 00
2026-03-15T15:28:02.573167,46.008,can0  040  [04]  18 00 14 00
2026-03-15T15:28:02.573504,46.008,can0  204  [16]  6E 23 D6 44 CF 29 A3 51 28 23 30 75 30 75 00 00
2026-03-15T15:28:02.574018,46.008,can0  040  [04]  18 00 14 00
2026-03-15T15:28:02.671967,46.106,can0  204  [16]  6E 23 D3 44 CD 29 47 51 28 23 30 75 30 75 00 00
2026-03-15T15:28:02.672248,46.107,can0  070  [20]  F3 2A 4D 08 FF B0 62 03 D0 07 00 00 1C 16 00 00 1F 00 00 00
2026-03-15T15:28:02.672490,46.107,can0  070  [20]  F3 2A 4D 08 FF B0 62 03 D0 07 00 00 1C 16 00 00 1F 00 00 00
2026-03-15T15:28:02.679005,46.113,can0  204  [16]  6E 23 D3 44 CD 29 F4 50 28 23 30 75 30 75 00 00
2026-03-15T15:28:02.772034,46.206,can0  070  [20]  F3 2A 4D 08 FF B0 62 03 D0 07 00 00 1C 16 00 00 1F 00 00 00
2026-03-15T15:28:02.772368,46.207,can0  041  [04]  D5 00 18 00
2026-03-15T15:28:02.772571,46.207,can0  204  [16]  6E 23 D3 44 CD 29 F4 50 28 23 30 75 30 75 00 00
2026-03-15T15:28:02.773162,46.208,can0  040  [04]  10 00 14 00
2026-03-15T15:28:02.871839,46.306,can0  204  [16]  6E 23 D5 44 CB 29 3E 51 28 23 30 75 30 75 00 00
2026-03-15T15:28:02.872464,46.307,can0  040  [04]  10 00 14 00
2026-03-15T15:28:02.872721,46.307,can0  204  [16]  6E 23 D6 44 C8 29 49 51 28 23 30 75 30 75 00 00
2026-03-15T15:28:02.972722,46.407,can0  204  [16]  6E 23 D6 44 C8 29 49 51 28 23 30 75 30 75 00 00
2026-03-15T15:28:02.972921,46.407,can0  060  [32]  00 00 00 00 F3 2A 4D 08 54 06 B8 10 00 00 10 0E FF 01 00 00 00 00 00 00 01 00 00 00 00 00 00 00
2026-03-15T15:28:02.980042,46.414,can0  204  [16]  6E 23 D5 44 CD 29 88 51 28 23 30 75 30 75 00 00
2026-03-15T15:28:03.072342,46.507,can0  041  [04]  E2 00 17 00
2026-03-15T15:28:03.072994,46.507,can0  040  [04]  0E 00 13 00
2026-03-15T15:28:03.073340,46.508,can0  204  [16]  6E 23 D5 44 CD 29 88 51 28 23 30 75 30 75 00 00
2026-03-15T15:28:03.173348,46.608,can0  040  [04]  0E 00 13 00
2026-03-15T15:28:03.173765,46.608,can0  204  [16]  6E 23 D6 44 D4 29 64 51 28 23 30 75 30 75 00 00
2026-03-15T15:28:03.174081,46.609,can0  204  [16]  6E 23 D5 44 E1 29 DD 50 28 23 30 75 30 75 00 00
2026-03-15T15:28:03.240901,46.675,can0  100  [03]  BD 4E 04
2026-03-15T15:28:03.241769,46.676,can0  110  [02]  9D 1B
2026-03-15T15:28:03.242395,46.677,can0  120  [04]  00 00 00 00
2026-03-15T15:28:03.252077,46.687,can0  204  [16]  6E 23 D5 44 E1 29 DD 50 28 23 30 75 30 75 00 00
2026-03-15T15:28:03.252186,46.687,can0  070  [20]  F3 2A 4D 08 FF B0 62 03 D0 07 00 00 1C 16 00 00 1F 00 00 00
2026-03-15T15:28:03.252273,46.687,can0  041  [04]  E8 00 19 00
2026-03-15T15:28:03.252350,46.687,can0  204  [16]  6E 23 D4 44 DB 29 CB 50 28 23 30 75 30 75 00 00
2026-03-15T15:28:03.374250,46.809,can0  040  [04]  09 00 13 00
2026-03-15T15:28:03.374357,46.809,can0  204  [16]  6E 23 D4 44 DB 29 CB 50 28 23 30 75 30 75 00 00
2026-03-15T15:28:03.374525,46.809,can0  070  [20]  F3 2A 4D 08 FF B0 62 03 D0 07 00 00 1C 16 00 00 1F 00 00 00
2026-03-15T15:28:03.375277,46.810,can0  040  [04]  09 00 13 00
2026-03-15T15:28:03.438047,46.872,can0  204  [16]  6E 23 D4 44 DB 29 6B 50 28 23 30 75 30 75 00 00
2026-03-15T15:28:03.438267,46.873,can0  060  [32]  00 00 00 00 00 00 00 00 00 00 00 00 00 00 00 00 00 00 00 00 00 00 00 00 00 00 00 00 00 00 00 00
2026-03-15T15:28:03.438558,46.873,can0  204  [16]  6E 23 D6 44 D2 29 86 51 28 23 30 75 30 75 00 00
2026-03-15T15:28:03.574899,47.009,can0  204  [16]  6E 23 D6 44 D2 29 86 51 28 23 30 75 30 75 00 00
2026-03-15T15:28:03.575221,47.010,can0  041  [04]  F2 00 17 00
2026-03-15T15:28:03.575812,47.010,can0  040  [04]  0A 00 12 00
2026-03-15T15:28:03.576052,47.010,can0  204  [16]  6E 23 D6 44 D2 29 86 51 28 23 30 75 30 75 00 00
2026-03-15T15:28:03.672699,47.107,can0  070  [20]  F3 2A 4D 08 01 B1 62 03 B8 0B 00 00 1C 16 00 00 04 00 00 00
2026-03-15T15:28:03.673394,47.108,can0  040  [04]  0A 00 12 00
2026-03-15T15:28:03.673712,47.108,can0  070  [20]  F3 2A 4D 08 01 B1 62 03 B8 0B 00 00 1C 16 00 00 04 00 00 00
2026-03-15T15:28:03.674063,47.108,can0  204  [16]  6E 23 D9 44 D6 29 89 51 28 23 30 75 30 75 00 00
2026-03-15T15:28:03.772628,47.207,can0  204  [16]  6E 23 D8 44 D6 29 EF 51 28 23 30 75 30 75 00 00
2026-03-15T15:28:03.772903,47.207,can0  070  [20]  F3 2A 4D 08 01 B1 62 03 B8 0B 00 00 1C 16 00 00 04 00 00 00
2026-03-15T15:28:03.773242,47.208,can0  204  [16]  6E 23 D5 44 DD 29 2A 51 28 23 30 75 30 75 00 00
2026-03-15T15:28:03.837929,47.272,can0  041  [04]  FF 00 17 00
2026-03-15T15:28:03.838261,47.273,can0  204  [16]  6E 23 D5 44 DD 29 2A 51 28 23 30 75 30 75 00 00
2026-03-15T15:28:03.846648,47.281,can0  040  [04]  0A 00 12 00
2026-03-15T15:28:03.846757,47.281,can0  040  [04]  0A 00 12 00
2026-03-15T15:28:03.936368,47.371,can0  204  [16]  6E 23 D4 44 D8 29 F9 50 28 23 30 75 30 75 00 00
2026-03-15T15:28:03.936687,47.371,can0  060  [32]  00 00 00 00 00 00 00 00 00 00 00 00 00 00 00 00 00 00 00 00 00 00 00 00 00 00 00 00 00 00 00 00
2026-03-15T15:28:03.936900,47.371,can0  060  [32]  00 00 00 00 F3 2A 4D 08 55 06 B8 10 00 00 10 0E FF 01 00 00 00 00 00 00 01 00 00 00 00 00 00 00
2026-03-15T15:28:03.937525,47.372,can0  204  [16]  6E 23 D4 44 D8 29 F9 50 28 23 30 75 30 75 00 00
2026-03-15T15:28:04.074161,47.509,can0  204  [16]  6E 23 D5 44 CF 29 46 51 28 23 30 75 30 75 00 00
2026-03-15T15:28:04.074478,47.509,can0  041  [04]  03 01 15 00
2026-03-15T15:28:04.074810,47.509,can0  204  [16]  6E 23 D8 44 CB 29 FB 50 28 23 30 75 30 75 00 00
2026-03-15T15:28:04.172156,47.607,can0  040  [04]  10 00 13 00
2026-03-15T15:28:04.172666,47.607,can0  204  [16]  6E 23 D8 44 CB 29 FB 50 28 23 30 75 30 75 00 00
2026-03-15T15:28:04.173372,47.608,can0  040  [04]  10 00 13 00
2026-03-15T15:28:04.272411,47.707,can0  204  [16]  6E 23 D5 44 D2 29 69 51 28 23 30 75 30 75 00 00
2026-03-15T15:28:04.272672,47.707,can0  070  [20]  F3 2A 4D 08 01 B1 62 03 B8 0B 00 00 1C 16 00 00 04 00 00 00
2026-03-15T15:28:04.272982,47.707,can0  204  [16]  6E 23 D3 44 D6 29 95 51 28 23 30 75 30 75 00 00
2026-03-15T15:28:04.372508,47.807,can0  204  [16]  6E 23 D3 44 D6 29 95 51 28 23 30 75 30 75 00 00
2026-03-15T15:28:04.372730,47.807,can0  041  [04]  FB 00 14 00
2026-03-15T15:28:04.372918,47.807,can0  070  [20]  F3 2A 4D 08 01 B1 62 03 B8 0B 00 00 1C 16 00 00 04 00 00 00
2026-03-15T15:28:04.373546,47.808,can0  040  [04]  1A 00 15 00
2026-03-15T15:28:04.373782,47.808,can0  204  [16]  6E 23 D3 44 D4 29 C4 50 28 23 30 75 30 75 00 00
2026-03-15T15:28:04.436046,47.870,can0  100  [03]  BE 4E 04
2026-03-15T15:28:04.436838,47.871,can0  120  [04]  00 00 00 00
2026-03-15T15:28:04.438045,47.872,can0  040  [04]  1A 00 15 00
2026-03-15T15:28:04.438130,47.873,can0  204  [16]  6E 23 D3 44 D4 29 C4 50 28 23 30 75 30 75 00 00
2026-03-15T15:28:04.438351,47.873,can0  060  [32]  00 00 00 00 00 00 00 00 00 00 00 00 00 00 00 00 00 00 00 00 00 00 00 00 00 00 00 00 00 00 00 00
2026-03-15T15:28:04.533491,47.968,can0  204  [16]  6E 23 D5 44 D2 29 64 52 28 23 30 75 30 75 00 00
2026-03-15T15:28:04.533904,47.968,can0  204  [16]  6E 23 D5 44 D2 29 64 52 28 23 30 75 30 75 00 00
2026-03-15T15:28:04.651648,48.086,can0  041  [04]  F4 00 15 00
2026-03-15T15:28:04.651907,48.086,can0  070  [20]  F3 2A 4D 08 01 B1 62 03 A0 0F 00 00 1C 16 00 00 2E 00 00 00
2026-03-15T15:28:04.652824,48.087,can0  040  [04]  20 00 16 00
2026-03-15T15:28:04.653120,48.088,can0  204  [16]  6E 23 D6 44 CB 29 19 51 28 23 30 75 30 75 00 00
2026-03-15T15:28:04.653393,48.088,can0  070  [20]  F3 2A 4D 08 01 B1 62 03 A0 0F 00 00 1C 16 00 00 2E 00 00 00
2026-03-15T15:28:04.663896,48.098,can0  040  [04]  20 00 16 00
2026-03-15T15:28:04.788154,48.223,can0  204  [16]  6E 23 D7 44 CD 29 4F 51 28 23 30 75 30 75 00 00
2026-03-15T15:28:04.788489,48.223,can0  070  [20]  F3 2A 4D 08 01 B1 62 03 A0 0F 00 00 1C 16 00 00 2E 00 00 00
2026-03-15T15:28:04.788832,48.223,can0  204  [16]  6E 23 D7 44 CD 29 4F 51 28 23 30 75 30 75 00 00
2026-03-15T15:28:04.856481,48.291,can0  204  [16]  6E 23 D6 44 C6 29 8C 51 28 23 30 75 30 75 00 00
2026-03-15T15:28:04.857306,48.292,can0  110  [02]  9C 1B
2026-03-15T15:28:04.857721,48.292,can0  041  [04]  F3 00 16 00
2026-03-15T15:28:04.858050,48.292,can0  204  [16]  6E 23 D5 44 CD 29 9C 51 28 23 30 75 30 75 00 00
2026-03-15T15:28:04.989405,48.424,can0  040  [04]  2C 00 14 00
2026-03-15T15:28:04.997007,48.431,can0  204  [16]  6E 23 D5 44 CD 29 9C 51 28 23 30 75 30 75 00 00
2026-03-15T15:28:04.997326,48.432,can0  060  [32]  00 00 00 00 F3 2A 4D 08 55 06 B8 10 00 00 10 0E FF 01 00 00 00 00 00 00 01 00 00 00 00 00 00 00
2026-03-15T15:28:04.998444,48.433,can0  040  [04]  2C 00 14 00
2026-03-15T15:28:05.045443,48.480,can0  204  [16]  6E 23 D5 44 CD 29 72 51 28 23 30 75 30 75 00 00
2026-03-15T15:28:05.052338,48.487,can0  204  [16]  6E 23 D5 44 CD 29 72 51 28 23 30 75 30 75 00 00
2026-03-15T15:28:05.135704,48.570,can0  204  [16]  6E 23 D5 44 D4 29 84 51 28 23 30 75 30 75 00 00
2026-03-15T15:28:05.135912,48.570,can0  041  [04]  F5 00 16 00
2026-03-15T15:28:05.136548,48.571,can0  040  [04]  2A 00 14 00
2026-03-15T15:28:05.136807,48.571,can0  204  [16]  6E 23 D6 44 CF 29 AD 50 28 23 30 75 30 75 00 00
2026-03-15T15:28:05.239476,48.674,can0  040  [04]  2A 00 14 00
2026-03-15T15:28:05.239699,48.674,can0  070  [20]  F3 2A 4D 08 01 B1 62 03 A0 0F 00 00 1C 16 00 00 2E 00 00 00
2026-03-15T15:28:05.239942,48.674,can0  204  [16]  6E 23 D6 44 CF 29 AD 50 28 23 30 75 30 75 00 00
2026-03-15T15:28:05.377789,48.812,can0  204  [16]  6E 23 D6 44 D2 29 54 51 28 23 30 75 30 75 00 00
2026-03-15T15:28:05.378065,48.812,can0  204  [16]  6E 23 D6 44 CD 29 AF 50 28 23 30 75 30 75 00 00
2026-03-15T15:28:05.378585,48.813,can0  070  [20]  F3 2A 4D 08 01 B1 62 03 A0 0F 00 00 1C 16 00 00 2E 00 00 00
2026-03-15T15:28:05.471857,48.906,can0  041  [04]  EE 00 14 00
2026-03-15T15:28:05.472193,48.907,can0  204  [16]  6E 23 D6 44 CD 29 AF 50 28 23 30 75 30 75 00 00
2026-03-15T15:28:05.472749,48.907,can0  040  [04]  1C 00 13 00
2026-03-15T15:28:05.473343,48.908,can0  060  [32]  00 00 00 00 00 00 00 00 00 00 00 00 00 00 00 00 00 00 00 00 00 00 00 00 00 00 00 00 00 00 00 00
2026-03-15T15:28:05.473419,48.908,can0  204  [16]  6E 23 D4 44 D4 29 59 51 28 23 30 75 30 75 00 00
2026-03-15T15:28:05.572726,49.007,can0  040  [04]  1C 00 13 00
2026-03-15T15:28:05.572979,49.007,can0  204  [16]  6E 23 D4 44 D4 29 59 51 28 23 30 75 30 75 00 00
2026-03-15T15:28:05.672545,49.107,can0  204  [16]  6E 23 D4 44 D8 29 06 52 28 23 30 75 30 75 00 00
2026-03-15T15:28:05.673156,49.108,can0  100  [03]  BA 4E 04
2026-03-15T15:28:05.673751,49.108,can0  120  [04]  00 00 00 00
2026-03-15T15:28:05.673950,49.108,can0  070  [20]  F3 2A 4D 08 01 B1 62 03 88 13 00 00 1C 16 00 00 21 00 00 00
2026-03-15T15:28:05.674161,49.109,can0  070  [20]  F3 2A 4D 08 01 B1 62 03 88 13 00 00 1C 16 00 00 21 00 00 00
2026-03-15T15:28:05.674350,49.109,can0  041  [04]  EF 00 12 00
2026-03-15T15:28:05.674571,49.109,can0  204  [16]  6E 23 D5 44 DB 29 64 51 28 23 30 75 30 75 00 00
2026-03-15T15:28:05.675052,49.109,can0  040  [04]  1E 00 12 00
2026-03-15T15:28:05.771967,49.206,can0  204  [16]  6E 23 D5 44 DB 29 64 51 28 23 30 75 30 75 00 00
2026-03-15T15:28:05.772169,49.207,can0  070  [20]  F3 2A 4D 08 01 B1 62 03 88 13 00 00 1C 16 00 00 21 00 00 00
2026-03-15T15:28:05.772784,49.207,can0  040  [04]  1E 00 12 00
2026-03-15T15:28:05.773124,49.208,can0  204  [16]  6E 23 D6 44 D4 29 43 51 28 23 30 75 30 75 00 00
2026-03-15T15:28:05.885066,49.319,can0  204  [16]  6E 23 D6 44 D4 29 43 51 28 23 30 75 30 75 00 00
2026-03-15T15:28:05.951263,49.386,can0  204  [16]  6E 23 D6 44 D2 29 0F 52 28 23 30 75 30 75 00 00
2026-03-15T15:28:05.951568,49.386,can0  041  [04]  F5 00 0D 00
2026-03-15T15:28:05.951863,49.386,can0  060  [32]  00 00 00 00 00 00 00 00 00 00 00 00 00 00 00 00 00 00 00 00 00 00 00 00 00 00 00 00 00 00 00 00
2026-03-15T15:28:05.952086,49.387,can0  060  [32]  00 00 00 00 F3 2A 4D 08 55 06 B8 10 00 00 10 0E FF 01 00 00 00 00 00 00 01 00 00 00 00 00 00 00
2026-03-15T15:28:05.953381,49.388,can0  040  [04]  2E 00 13 00
2026-03-15T15:28:05.953475,49.388,can0  204  [16]  6E 23 D5 44 CB 29 54 52 28 23 30 75 30 75 00 00
2026-03-15T15:28:06.087792,49.522,can0  040  [04]  2E 00 13 00
2026-03-15T15:28:06.088152,49.523,can0  204  [16]  6E 23 D5 44 CB 29 54 52 28 23 30 75 30 75 00 00
2026-03-15T15:28:06.088606,49.523,can0  204  [16]  6E 23 D4 44 CF 29 B0 51 28 23 30 75 30 75 00 00
2026-03-15T15:28:06.156804,49.591,can0  204  [16]  6E 23 D4 44 CF 29 B0 51 28 23 30 75 30 75 00 00
2026-03-15T15:28:06.287849,49.722,can0  041  [04]  0A 01 0D 00
2026-03-15T15:28:06.288241,49.723,can0  204  [16]  6E 23 D3 44 CF 29 61 51 28 23 30 75 30 75 00 00
2026-03-15T15:28:06.288523,49.723,can0  070  [20]  F3 2A 4D 08 01 B1 62 03 88 13 00 00 1C 16 00 00 21 00 00 00
2026-03-15T15:28:06.289131,49.724,can0  040  [04]  2A 00 16 00
2026-03-15T15:28:06.289465,49.724,can0  204  [16]  6E 23 D3 44 CF 29 06 52 28 23 30 75 30 75 00 00
2026-03-15T15:28:06.289981,49.724,can0  040  [04]  2A 00 16 00
2026-03-15T15:28:06.358010,49.792,can0  204  [16]  6E 23 D3 44 CF 29 06 52 28 23 30 75 30 75 00 00
2026-03-15T15:28:06.358288,49.793,can0  070  [20]  F3 2A 4D 08 01 B1 62 03 88 13 00 00 1C 16 00 00 21 00 00 00
2026-03-15T15:28:06.358630,49.793,can0  204  [16]  6E 23 D3 44 D2 29 55 52 28 23 30 75 30 75 00 00
2026-03-15T15:28:06.490863,49.925,can0  110  [02]  9C 1B
2026-03-15T15:28:06.491274,49.926,can0  204  [16]  6E 23 D3 44 D2 29 55 52 28 23 30 75 30 75 00 00
2026-03-15T15:28:06.491601,49.926,can0  041  [04]  10 01 0E 00
2026-03-15T15:28:06.491896,49.926,can0  060  [32]  00 00 00 00 00 00 00 00 00 00 00 00 00 00 00 00 00 00 00 00 00 00 00 00 00 00 00 00 00 00 00 00
2026-03-15T15:28:06.558336,49.993,can0  040  [04]  26 00 1A 00
2026-03-15T15:28:06.558782,49.993,can0  204  [16]  6E 23 D5 44 CF 29 15 52 28 23 30 75 30 75 00 00
2026-03-15T15:28:06.559369,49.994,can0  040  [04]  26 00 1A 00
2026-03-15T15:28:06.569898,50.004,can0  204  [16]  6E 23 D5 44 CF 29 15 52 28 23 30 75 30 75 00 00
2026-03-15T15:28:06.657898,50.092,can0  070  [20]  F3 2A 4D 08 01 B1 62 03 70 17 00 00 1C 16 00 00 1F 00 00 00
2026-03-15T15:28:06.658189,50.093,can0  070  [20]  F3 2A 4D 08 01 B1 62 03 70 17 00 00 1C 16 00 00 1F 00 00 00
2026-03-15T15:28:06.658545,50.093,can0  204  [16]  6E 23 D3 44 D2 29 B6 4B 28 23 30 75 30 75 00 00
2026-03-15T15:28:06.752140,50.187,can0  204  [16]  6E 23 D6 44 D8 29 CB 4F 28 23 30 75 30 75 00 00
2026-03-15T15:28:06.752487,50.187,can0  070  [20]  F3 2A 4D 08 01 B1 62 03 70 17 00 00 1C 16 00 00 1F 00 00 00
2026-03-15T15:28:06.752775,50.187,can0  041  [04]  1A 01 09 00
2026-03-15T15:28:06.753359,50.188,can0  040  [04]  1C 00 1B 00
2026-03-15T15:28:06.759916,50.194,can0  204  [16]  6E 23 D6 44 D8 29 A5 4F 28 23 30 75 30 75 00 00
2026-03-15T15:28:06.843551,50.278,can0  100  [03]  B9 4E 04
2026-03-15T15:28:06.844081,50.279,can0  040  [04]  1C 00 1B 00
2026-03-15T15:28:06.844538,50.279,can0  204  [16]  6E 23 D6 44 D8 29 A5 4F 28 23 30 75 30 75 00 00
2026-03-15T15:28:06.845094,50.280,can0  120  [04]  00 00 00 00
2026-03-15T15:28:06.845458,50.280,can0  204  [16]  6E 23 D5 44 DD 29 02 50 28 23 30 75 30 75 00 00
2026-03-15T15:28:07.002748,50.437,can0  204  [16]  6E 23 D5 44 DD 29 02 50 28 23 30 75 30 75 00 00
2026-03-15T15:28:07.002956,50.437,can0  060  [32]  00 00 00 00 F3 2A 4D 08 55 06 B8 10 00 00 10 0E FF 01 00 00 00 00 00 00 01 00 00 00 00 00 00 00
2026-03-15T15:28:07.069367,50.504,can0  041  [04]  06 01 07 00
2026-03-15T15:28:07.069737,50.504,can0  204  [16]  6E 23 D7 44 D6 29 45 50 28 23 30 75 30 75 00 00
2026-03-15T15:28:07.070364,50.505,can0  040  [04]  18 00 1C 00
2026-03-15T15:28:07.070710,50.505,can0  204  [16]  6E 23 DB 44 C8 29 7E 50 28 23 30 75 30 75 00 00
2026-03-15T15:28:07.071266,50.506,can0  040  [04]  18 00 1C 00
2026-03-15T15:28:07.140555,50.575,can0  204  [16]  6E 23 DB 44 C8 29 7E 50 28 23 30 75 30 75 00 00
2026-03-15T15:28:07.140940,50.575,can0  204  [16]  6E 23 D9 44 BD 29 0D 50 28 23 30 75 30 75 00 00
2026-03-15T15:28:07.257426,50.692,can0  070  [20]  F3 2A 4D 08 01 B1 62 03 70 17 00 00 1C 16 00 00 1F 00 00 00
2026-03-15T15:28:07.257737,50.692,can0  204  [16]  6E 23 D9 44 BD 29 0D 50 28 23 30 75 30 75 00 00
2026-03-15T15:28:07.257962,50.692,can0  041  [04]  F5 00 0D 00
2026-03-15T15:28:07.263864,50.698,can0  132  [00]
2026-03-15T15:28:07.345965,50.780,can0  040  [04]  24 00 20 00
2026-03-15T15:28:07.346261,50.781,can0  204  [16]  6E 23 D6 44 CD 29 F5 4F 28 23 30 75 30 75 00 00
2026-03-15T15:28:07.346468,50.781,can0  070  [20]  F3 2A 4D 08 01 B1 62 03 70 17 00 00 1C 16 00 00 1F 00 00 00
2026-03-15T15:28:07.346873,50.781,can0  040  [04]  24 00 20 00
2026-03-15T15:28:07.347135,50.782,can0  204  [16]  6E 23 D4 44 C8 29 E3 4F 28 23 30 75 30 75 00 00
2026-03-15T15:28:07.479763,50.914,can0  204  [16]  6E 23 D4 44 C8 29 E3 4F 28 23 30 75 30 75 00 00
2026-03-15T15:28:07.479979,50.914,can0  060  [32]  00 00 00 00 00 00 00 00 00 00 00 00 00 00 00 00 00 00 00 00 00 00 00 00 00 00 00 00 00 00 00 00
2026-03-15T15:28:07.480266,50.915,can0  204  [16]  6E 23 D5 44 D6 29 38 4F 28 23 30 75 30 75 00 00
2026-03-15T15:28:07.601863,51.036,can0  041  [04]  E7 00 10 00
2026-03-15T15:28:07.602215,51.037,can0  204  [16]  6E 23 D5 44 D6 29 38 4F 28 23 30 75 30 75 00 00
2026-03-15T15:28:07.602891,51.037,can0  040  [04]  1D 00 1E 00
2026-03-15T15:28:07.654917,51.089,can0  070  [20]  F3 2A 4D 08 01 B1 62 03 58 1B 00 00 1C 16 00 00 13 00 00 00
2026-03-15T15:28:07.655469,51.090,can0  040  [04]  1D 00 1E 00
2026-03-15T15:28:07.655812,51.090,can0  204  [16]  6E 23 D6 44 D2 29 40 4F 28 23 30 75 30 75 00 00
2026-03-15T15:28:07.656069,51.090,can0  070  [20]  F3 2A 4D 08 01 B1 62 03 58 1B 00 00 1C 16 00 00 12 00 00 00
2026-03-15T15:28:07.656392,51.091,can0  204  [16]  6E 23 D7 44 CD 29 68 4B 28 23 30 75 30 75 00 00
2026-03-15T15:28:07.758185,51.193,can0  204  [16]  6E 23 D7 44 CD 29 68 4B 28 23 30 75 30 75 00 00
2026-03-15T15:28:07.758461,51.193,can0  070  [20]  F3 2A 4D 08 01 B1 62 03 58 1B 00 00 1C 16 00 00 12 00 00 00
2026-03-15T15:28:07.852385,51.287,can0  041  [04]  E9 00 14 00
2026-03-15T15:28:07.852918,51.287,can0  204  [16]  6E 23 D8 44 DD 29 9F 4B 28 23 30 75 30 75 00 00
2026-03-15T15:28:07.853543,51.288,can0  040  [04]  28 00 1B 00
2026-03-15T15:28:07.853812,51.288,can0  204  [16]  6E 23 D8 44 CF 29 23 50 28 23 30 75 30 75 00 00
2026-03-15T15:28:07.854195,51.289,can0  040  [04]  28 00 1B 00
2026-03-15T15:28:07.946133,51.381,can0  204  [16]  6E 23 D8 44 CF 29 23 50 28 23 30 75 30 75 00 00
2026-03-15T15:28:07.946370,51.381,can0  060  [32]  00 00 00 00 00 00 00 00 00 00 00 00 00 00 00 00 00 00 00 00 00 00 00 00 00 00 00 00 00 00 00 00
2026-03-15T15:28:07.946630,51.381,can0  204  [16]  6E 23 D5 44 D8 29 D5 50 28 23 30 75 30 75 00 00
2026-03-15T15:28:08.040656,51.475,can0  060  [32]  00 00 00 00 F3 2A 4D 08 55 06 B8 10 00 00 10 0E FF 01 00 00 00 00 00 00 01 00 00 00 00 00 00 00
2026-03-15T15:28:08.041556,51.476,can0  100  [03]  BB 4E 04
2026-03-15T15:28:08.042189,51.477,can0  110  [02]  9A 1B
2026-03-15T15:28:08.042696,51.477,can0  120  [04]  00 00 00 00
2026-03-15T15:28:08.042947,51.477,can0  204  [16]  6E 23 D5 44 D8 29 D5 50 28 23 30 75 30 75 00 00
2026-03-15T15:28:08.043172,51.478,can0  041  [04]  EB 00 18 00
2026-03-15T15:28:08.049908,51.484,can0  040  [04]  2C 00 1B 00
2026-03-15T15:28:08.180176,51.615,can0  204  [16]  6E 23 D5 44 D2 29 AF 4A 28 23 30 75 30 75 00 00
2026-03-15T15:28:08.180701,51.615,can0  040  [04]  2C 00 1B 00
2026-03-15T15:28:08.180973,51.615,can0  204  [16]  6E 23 D6 44 D8 29 F1 4D 28 23 30 75 30 75 00 00
2026-03-15T15:28:08.272467,51.707,can0  204  [16]  6E 23 D6 44 D8 29 F1 4D 28 23 30 75 30 75 00 00
2026-03-15T15:28:08.272700,51.707,can0  070  [20]  F3 2A 4D 08 01 B1 62 03 58 1B 00 00 1C 16 00 00 12 00 00 00
2026-03-15T15:28:08.272957,51.707,can0  204  [16]  6E 23 D8 44 CB 29 11 4F 28 23 30 75 30 75 00 00
2026-03-15T15:28:08.371950,51.806,can0  041  [04]  F2 00 17 00
2026-03-15T15:28:08.372353,51.807,can0  204  [16]  6E 23 D8 44 CB 29 11 4F 28 23 30 75 30 75 00 00
2026-03-15T15:28:08.372657,51.807,can0  070  [20]  F3 2A 4D 08 01 B1 62 03 58 1B 00 00 1C 16 00 00 12 00 00 00
2026-03-15T15:28:08.373193,51.808,can0  040  [04]  31 00 21 00
2026-03-15T15:28:08.472125,51.907,can0  204  [16]  6E 23 D5 44 D2 29 81 50 28 23 30 75 30 75 00 00
2026-03-15T15:28:08.472696,51.907,can0  040  [04]  31 00 21 00
2026-03-15T15:28:08.473037,51.907,can0  204  [16]  6E 23 D6 44 CD 29 BD 50 28 23 30 75 30 75 00 00
2026-03-15T15:28:08.572167,52.007,can0  060  [32]  00 00 00 00 00 00 00 00 00 00 00 00 00 00 00 00 00 00 00 00 00 00 00 00 00 00 00 00 00 00 00 00
2026-03-15T15:28:08.572499,52.007,can0  204  [16]  6E 23 D6 44 CD 29 BD 50 28 23 30 75 30 75 00 00
2026-03-15T15:28:08.572754,52.007,can0  204  [16]  6E 23 D6 44 CD 29 BD 50 28 23 30 75 30 75 00 00
2026-03-15T15:28:08.572961,52.007,can0  041  [04]  0C 01 21 00
2026-03-15T15:28:08.699893,52.134,can0  070  [20]  F3 2A 4D 08 FF B0 62 03 40 1F 00 00 1C 16 00 00 1A 00 00 00
2026-03-15T15:28:08.700210,52.135,can0  070  [20]  F3 2A 4D 08 FF B0 62 03 40 1F 00 00 1C 16 00 00 1A 00 00 00
2026-03-15T15:28:08.701022,52.135,can0  040  [04]  2D 00 25 00
2026-03-15T15:28:08.701459,52.136,can0  204  [16]  6E 23 D4 44 D4 29 88 4C 28 23 30 75 30 75 00 00
2026-03-15T15:28:08.702039,52.136,can0  040  [04]  2D 00 25 00
2026-03-15T15:28:08.757663,52.192,can0  204  [16]  6E 23 D4 44 D4 29 88 4C 28 23 30 75 30 75 00 00
2026-03-15T15:28:08.757854,52.192,can0  070  [20]  F3 2A 4D 08 FF B0 62 03 40 1F 00 00 1C 16 00 00 1A 00 00 00
2026-03-15T15:28:08.760037,52.194,can0  204  [16]  6E 23 D3 44 DB 29 FD 50 28 23 30 75 30 75 00 00
2026-03-15T15:28:08.849518,52.284,can0  204  [16]  6E 23 D3 44 DB 29 FD 50 28 23 30 75 30 75 00 00
2026-03-15T15:28:08.850211,52.285,can0  041  [04]  10 01 28 00
2026-03-15T15:28:08.851074,52.285,can0  040  [04]  27 00 26 00
2026-03-15T15:28:08.983615,52.418,can0  204  [16]  6E 23 D4 44 D4 29 D7 4E 28 23 30 75 30 75 00 00
2026-03-15T15:28:08.984412,52.419,can0  040  [04]  27 00 26 00
2026-03-15T15:28:08.984923,52.419,can0  204  [16]  6E 23 D5 44 CB 29 6C 50 28 23 30 75 30 75 00 00
2026-03-15T15:28:09.081376,52.516,can0  060  [32]  00 00 00 00 F3 2A 4D 08 54 06 B8 10 00 00 10 0E FF 01 00 00 00 00 00 00 01 00 00 00 00 00 00 00
2026-03-15T15:28:09.082109,52.517,can0  204  [16]  6E 23 D5 44 CB 29 6C 50 28 23 30 75 30 75 00 00
2026-03-15T15:28:09.082496,52.517,can0  204  [16]  6E 23 D3 44 CB 29 F8 4F 28 23 30 75 30 75 00 00
2026-03-15T15:28:09.175473,52.610,can0  041  [04]  06 01 27 00
2026-03-15T15:28:09.175737,52.610,can0  204  [16]  6E 23 D3 44 CB 29 F8 4F 28 23 30 75 30 75 00 00
2026-03-15T15:28:09.176198,52.611,can0  040  [04]  25 00 27 00
2026-03-15T15:28:09.243714,52.678,can0  204  [16]  6E 23 D3 44 D2 29 EC 4F 28 23 30 75 30 75 00 00
2026-03-15T15:28:09.243917,52.678,can0  133  [00]
2026-03-15T15:28:09.244198,52.679,can0  070  [20]  F3 2A 4D 08 FF B0 62 03 40 1F 00 00 1C 16 00 00 1A 00 00 00
2026-03-15T15:28:09.245002,52.679,can0  040  [04]  25 00 27 00
2026-03-15T15:28:09.245766,52.680,can0  100  [03]  BC 4E 04
2026-03-15T15:28:09.246401,52.681,can0  120  [04]  00 00 00 00
2026-03-15T15:28:09.246748,52.681,can0  204  [16]  6E 23 D3 44 D4 29 40 50 28 23 30 75 30 75 00 00
2026-03-15T15:28:09.340959,52.775,can0  204  [16]  6E 23 D3 44 D4 29 40 50 28 23 30 75 30 75 00 00
2026-03-15T15:28:09.341177,52.776,can0  070  [20]  F3 2A 4D 08 FF B0 62 03 40 1F 00 00 1C 16 00 00 1A 00 00 00
2026-03-15T15:28:09.341673,52.776,can0  204  [16]  6E 23 D3 44 CF 29 CD 4F 28 23 30 75 30 75 00 00
2026-03-15T15:28:09.341934,52.776,can0  041  [04]  FD 00 22 00
2026-03-15T15:28:09.480065,52.915,can0  040  [04]  1C 00 27 00
2026-03-15T15:28:09.480466,52.915,can0  204  [16]  6E 23 D3 44 CF 29 CD 4F 28 23 30 75 30 75 00 00
2026-03-15T15:28:09.480955,52.915,can0  040  [04]  1C 00 27 00
2026-03-15T15:28:09.544035,52.978,can0  204  [16]  6E 23 D4 44 C8 29 C2 4F 28 23 30 75 30 75 00 00
2026-03-15T15:28:09.544152,52.979,can0  060  [32]  00 00 00 00 00 00 00 00 00 00 00 00 00 00 00 00 00 00 00 00 00 00 00 00 00 00 00 00 00 00 00 00
2026-03-15T15:28:09.544404,52.979,can0  204  [16]  6E 23 D4 44 C8 29 C2 4F 28 23 30 75 30 75 00 00
2026-03-15T15:28:09.646254,53.081,can0  110  [02]  9C 1B
2026-03-15T15:28:09.646654,53.081,can0  204  [16]  6E 23 D4 44 C4 29 F8 4F 28 23 30 75 30 75 00 00
2026-03-15T15:28:09.647041,53.081,can0  070  [20]  F3 2A 4D 08 FF B0 62 03 28 23 00 00 1C 16 00 00 23 00 00 00
2026-03-15T15:28:09.647299,53.082,can0  070  [20]  F3 2A 4D 08 FF B0 62 03 28 23 00 00 1C 16 00 00 23 00 00 00
2026-03-15T15:28:09.647553,53.082,can0  041  [04]  F3 00 20 00
2026-03-15T15:28:09.647913,53.082,can0  204  [16]  6E 23 D4 44 CD 29 15 50 28 23 30 75 30 75 00 00
2026-03-15T15:28:09.772637,53.207,can0  040  [04]  21 00 28 00
2026-03-15T15:28:09.772860,53.207,can0  070  [20]  F3 2A 4D 08 FF B0 62 03 28 23 00 00 1C 16 00 00 23 00 00 00
2026-03-15T15:28:09.773298,53.208,can0  040  [04]  21 00 28 00
2026-03-15T15:28:09.773576,53.208,can0  204  [16]  6E 23 D5 44 CB 29 9B 50 28 23 30 75 30 75 00 00
2026-03-15T15:28:09.872723,53.307,can0  204  [16]  6E 23 D5 44 CB 29 9B 50 28 23 30 75 30 75 00 00
2026-03-15T15:28:09.873059,53.307,can0  204  [16]  6E 23 D5 44 D8 29 A0 4F 28 23 30 75 30 75 00 00
2026-03-15T15:28:09.972009,53.406,can0  041  [04]  F0 00 24 00
2026-03-15T15:28:09.972374,53.407,can0  204  [16]  6E 23 D5 44 D8 29 A0 4F 28 23 30 75 30 75 00 00
2026-03-15T15:28:09.972916,53.407,can0  040  [04]  1D 00 24 00
2026-03-15T15:28:10.072231,53.507,can0  204  [16]  6E 23 D4 44 CD 29 3F 4F 28 23 30 75 30 75 00 00
2026-03-15T15:28:10.079713,53.514,can0  060  [32]  00 00 00 00 00 00 00 00 00 00 00 00 00 00 00 00 00 00 00 00 00 00 00 00 00 00 00 00 00 00 00 00
2026-03-15T15:28:10.080369,53.515,can0  040  [04]  1D 00 24 00
2026-03-15T15:28:10.080622,53.515,can0  060  [32]  00 00 00 00 F3 2A 4D 08 54 06 B8 10 00 00 10 0E FF 01 00 00 00 00 00 00 01 00 00 00 00 00 00 00
2026-03-15T15:28:10.081268,53.516,can0  204  [16]  6E 23 D3 44 D2 29 59 4F 28 23 30 75 30 75 00 00
2026-03-15T15:28:10.172206,53.607,can0  204  [16]  6E 23 D3 44 D2 29 59 4F 28 23 30 75 30 75 00 00
2026-03-15T15:28:10.172659,53.607,can0  204  [16]  6E 23 D5 44 C1 29 93 4F 28 23 30 75 30 75 00 00
2026-03-15T15:28:10.174834,53.609,can0  041  [04]  EB 00 23 00
2026-03-15T15:28:10.272791,53.707,can0  040  [04]  21 00 1F 00
2026-03-15T15:28:10.273170,53.708,can0  204  [16]  6E 23 D5 44 C1 29 93 4F 28 23 30 75 30 75 00 00
2026-03-15T15:28:10.273397,53.708,can0  070  [20]  F3 2A 4D 08 FF B0 62 03 28 23 00 00 1C 16 00 00 23 00 00 00
2026-03-15T15:28:10.273960,53.708,can0  040  [04]  21 00 1F 00
2026-03-15T15:28:10.274233,53.709,can0  204  [16]  6E 23 D6 44 CF 29 4A 50 28 23 30 75 30 75 00 00
2026-03-15T15:28:10.382372,53.817,can0  070  [20]  F3 2A 4D 08 FF B0 62 03 28 23 00 00 1C 16 00 00 23 00 00 00
2026-03-15T15:28:10.382721,53.817,can0  204  [16]  6E 23 D6 44 CB 29 00 4D 28 23 30 75 30 75 00 00
2026-03-15T15:28:10.478947,53.913,can0  204  [16]  6E 23 D6 44 CB 29 00 4D 28 23 30 75 30 75 00 00
2026-03-15T15:28:10.479707,53.914,can0  100  [03]  BC 4E 04
2026-03-15T15:28:10.480261,53.915,can0  120  [04]  00 00 00 00
2026-03-15T15:28:10.480578,53.915,can0  041  [04]  E7 00 1E 00
2026-03-15T15:28:10.480927,53.915,can0  204  [16]  6E 23 D5 44 D6 29 48 4C 28 23 30 75 30 75 00 00
2026-03-15T15:28:10.481480,53.916,can0  040  [04]  24 00 22 00
2026-03-15T15:28:10.572635,54.007,can0  060  [32]  00 00 00 00 00 00 00 00 00 00 00 00 00 00 00 00 00 00 00 00 00 00 00 00 00 00 00 00 00 00 00 00
2026-03-15T15:28:10.572907,54.007,can0  204  [16]  6E 23 D5 44 D6 29 48 4C 28 23 30 75 30 75 00 00
2026-03-15T15:28:10.573483,54.008,can0  040  [04]  24 00 22 00
2026-03-15T15:28:10.675514,54.110,can0  204  [16]  6E 23 D5 44 CD 29 65 4F 28 23 30 75 30 75 00 00
2026-03-15T15:28:10.675713,54.110,can0  070  [20]  F3 2A 4D 08 FF B0 62 03 10 27 00 00 1C 16 00 00 16 00 00 00
2026-03-15T15:28:10.675929,54.110,can0  070  [20]  F3 2A 4D 08 FF B0 62 03 10 27 00 00 1C 16 00 00 15 00 00 00
2026-03-15T15:28:10.676128,54.111,can0  204  [16]  6E 23 D5 44 CF 29 7E 4F 28 23 30 75 30 75 00 00
2026-03-15T15:28:10.772694,54.207,can0  041  [04]  E5 00 1F 00
2026-03-15T15:28:10.772945,54.207,can0  204  [16]  6E 23 D5 44 CF 29 7E 4F 28 23 30 75 30 75 00 00
2026-03-15T15:28:10.773125,54.208,can0  070  [20]  F3 2A 4D 08 FF B0 62 03 10 27 00 00 1C 16 00 00 15 00 00 00
2026-03-15T15:28:10.773695,54.208,can0  040  [04]  21 00 27 00
2026-03-15T15:28:10.773943,54.208,can0  204  [16]  6E 23 D5 44 C8 29 18 4F 28 23 30 75 30 75 00 00
2026-03-15T15:28:10.887887,54.322,can0  040  [04]  21 00 27 00
2026-03-15T15:28:10.888180,54.323,can0  204  [16]  6E 23 D5 44 C8 29 18 4F 28 23 30 75 30 75 00 00
2026-03-15T15:28:10.984072,54.419,can0  204  [16]  6E 23 D4 44 C8 29 2D 50 28 23 30 75 30 75 00 00
2026-03-15T15:28:10.984331,54.419,can0  204  [16]  6E 23 D4 44 C6 29 44 50 28 23 30 75 30 75 00 00
2026-03-15T15:28:10.984537,54.419,can0  041  [04]  E4 00 20 00
2026-03-15T15:28:11.072007,54.506,can0  060  [32]  00 00 00 00 F3 2A 4D 08 54 06 B8 10 00 00 10 0E FF 01 00 00 00 00 00 00 01 00 00 00 00 00 00 00
2026-03-15T15:28:11.073681,54.508,can0  040  [04]  1B 00 24 00
2026-03-15T15:28:11.073768,54.508,can0  204  [16]  6E 23 D4 44 C6 29 44 50 28 23 30 75 30 75 00 00
2026-03-15T15:28:11.073837,54.508,can0  040  [04]  1B 00 24 00
2026-03-15T15:28:11.075913,54.510,can0  204  [16]  6E 23 D3 44 C6 29 B0 50 28 23 30 75 30 75 00 00
2026-03-15T15:28:11.172659,54.607,can0  204  [16]  6E 23 D3 44 C6 29 B0 50 28 23 30 75 30 75 00 00
2026-03-15T15:28:11.272609,54.707,can0  204  [16]  6E 23 D3 44 CF 29 EA 50 28 23 30 75 30 75 00 00
2026-03-15T15:28:11.273324,54.708,can0  110  [02]  9D 1B
2026-03-15T15:28:11.273544,54.708,can0  070  [20]  F3 2A 4D 08 FF B0 62 03 10 27 00 00 1C 16 00 00 15 00 00 00
2026-03-15T15:28:11.273830,54.708,can0  041  [04]  E4 00 1E 00
2026-03-15T15:28:11.274026,54.708,can0  204  [16]  6E 23 D3 44 D2 29 4B 50 28 23 30 75 30 75 00 00
2026-03-15T15:28:11.274727,54.709,can0  040  [04]  20 00 23 00
2026-03-15T15:28:11.371919,54.806,can0  204  [16]  6E 23 D3 44 D2 29 4B 50 28 23 30 75 30 75 00 00
2026-03-15T15:28:11.372589,54.807,can0  040  [04]  20 00 23 00
2026-03-15T15:28:11.372805,54.807,can0  070  [20]  F3 2A 4D 08 FF B0 62 03 10 27 00 00 1C 16 00 00 15 00 00 00
2026-03-15T15:28:11.375138,54.810,can0  204  [16]  6E 23 D3 44 D2 29 37 50 28 23 30 75 30 75 00 00
2026-03-15T15:28:11.481932,54.916,can0  204  [16]  6E 23 D3 44 D2 29 37 50 28 23 30 75 30 75 00 00
2026-03-15T15:28:11.544160,54.979,can0  204  [16]  6E 23 D4 44 CD 29 68 50 28 23 30 75 30 75 00 00
2026-03-15T15:28:11.544696,54.979,can0  041  [04]  E6 00 1E 00
2026-03-15T15:28:11.544782,54.979,can0  060  [32]  00 00 00 00 00 00 00 00 00 00 00 00 00 00 00 00 00 00 00 00 00 00 00 00 00 00 00 00 00 00 00 00
2026-03-15T15:28:11.545503,54.980,can0  040  [04]  1A 00 22 00
2026-03-15T15:28:11.545837,54.980,can0  204  [16]  6E 23 D4 44 CD 29 68 50 28 23 30 75 30 75 00 00
2026-03-15T15:28:11.546101,54.981,can0  070  [20]  F3 2A 4D 08 FF B0 62 03 F8 2A 00 00 1C 16 00 00 11 00 00 00
2026-03-15T15:28:11.647341,55.082,can0  040  [04]  1A 00 22 00
2026-03-15T15:28:11.648053,55.082,can0  100  [03]  B8 4E 04
2026-03-15T15:28:11.648693,55.083,can0  120  [04]  00 00 00 00
2026-03-15T15:28:11.649292,55.084,can0  070  [20]  F3 2A 4D 08 FF B0 62 03 F8 2A 00 00 1C 16 00 00 10 00 00 00
2026-03-15T15:28:11.649353,55.084,can0  204  [16]  6E 23 D3 44 CF 29 5D 4F 28 23 30 75 30 75 00 00
2026-03-15T15:28:11.779315,55.214,can0  204  [16]  6E 23 D3 44 C8 29 D5 50 28 23 30 75 30 75 00 00
2026-03-15T15:28:11.779694,55.214,can0  070  [20]  F3 2A 4D 08 FF B0 62 03 F8 2A 00 00 1C 16 00 00 10 00 00 00
2026-03-15T15:28:11.780064,55.214,can0  204  [16]  6E 23 D3 44 CB 29 30 50 28 23 30 75 30 75 00 00
2026-03-15T15:28:11.780465,55.215,can0  041  [04]  D9 00 19 00
2026-03-15T15:28:11.846383,55.281,can0  040  [04]  12 00 21 00
2026-03-15T15:28:11.846756,55.281,can0  204  [16]  6E 23 D3 44 CB 29 30 50 28 23 30 75 30 75 00 00
2026-03-15T15:28:11.847492,55.282,can0  040  [04]  12 00 21 00
2026-03-15T15:28:11.847837,55.282,can0  204  [16]  6E 23 D4 44 CF 29 26 50 28 23 30 75 30 75 00 00
2026-03-15T15:28:11.977791,55.412,can0  204  [16]  6E 23 D4 44 CF 29 26 50 28 23 30 75 30 75 00 00
2026-03-15T15:28:12.104952,55.539,can0  204  [16]  6E 23 D5 44 D4 29 73 4D 28 23 30 75 30 75 00 00
2026-03-15T15:28:12.105070,55.539,can0  060  [32]  00 00 00 00 00 00 00 00 00 00 00 00 00 00 00 00 00 00 00 00 00 00 00 00 00 00 00 00 00 00 00 00
2026-03-15T15:28:12.105171,55.540,can0  041  [04]  D2 00 1B 00
2026-03-15T15:28:12.105254,55.540,can0  060  [32]  00 00 00 00 F3 2A 4D 08 54 06 B8 10 00 00 10 0E FF 01 00 00 00 00 00 00 01 00 00 00 00 00 00 00
2026-03-15T15:28:12.106079,55.541,can0  204  [16]  6E 23 D3 44 CF 29 7E 4C 28 23 30 75 30 75 00 00
2026-03-15T15:28:12.110105,55.545,can0  040  [04]  14 00 25 00
2026-03-15T15:28:12.173971,55.608,can0  204  [16]  6E 23 D3 44 CF 29 7E 4C 28 23 30 75 30 75 00 00
2026-03-15T15:28:12.174874,55.609,can0  040  [04]  14 00 25 00
2026-03-15T15:28:12.175380,55.610,can0  204  [16]  6E 23 D4 44 C6 29 EC 4C 28 23 30 75 30 75 00 00
2026-03-15T15:28:12.304988,55.739,can0  070  [20]  F3 2A 4D 08 FF B0 62 03 F8 2A 00 00 1C 16 00 00 10 00 00 00
2026-03-15T15:28:12.312160,55.747,can0  204  [16]  6E 23 D4 44 C6 29 EC 4C 28 23 30 75 30 75 00 00
2026-03-15T15:28:12.351749,55.786,can0  204  [16]  6E 23 D6 44 C4 29 63 4E 28 23 30 75 30 75 00 00
2026-03-15T15:28:12.352044,55.786,can0  041  [04]  D4 00 21 00
2026-03-15T15:28:12.352323,55.787,can0  070  [20]  F3 2A 4D 08 FF B0 62 03 F8 2A 00 00 1C 16 00 00 10 00 00 00
2026-03-15T15:28:12.352892,55.787,can0  040  [04]  17 00 25 00
2026-03-15T15:28:12.353235,55.788,can0  204  [16]  6E 23 D7 44 CF 29 1A 4F 28 23 30 75 30 75 00 00
2026-03-15T15:28:12.483535,55.918,can0  040  [04]  17 00 25 00
2026-03-15T15:28:12.483885,55.918,can0  204  [16]  6E 23 D7 44 CF 29 1A 4F 28 23 30 75 30 75 00 00
2026-03-15T15:28:12.484140,55.919,can0  204  [16]  6E 23 D8 44 CB 29 C6 4E 28 23 30 75 30 75 00 00
2026-03-15T15:28:12.573483,56.008,can0  204  [16]  6E 23 D8 44 CB 29 C6 4E 28 23 30 75 30 75 00 00
2026-03-15T15:28:12.573804,56.008,can0  060  [32]  00 00 00 00 00 00 00 00 00 00 00 00 00 00 00 00 00 00 00 00 00 00 00 00 00 00 00 00 00 00 00 00
2026-03-15T15:28:12.580965,56.015,can0  041  [04]  D8 00 21 00
2026-03-15T15:28:12.701665,56.136,can0  070  [20]  F3 2A 4D 08 01 B1 62 03 E0 2E 00 00 1C 16 00 00 34 00 00 00
2026-03-15T15:28:12.702410,56.137,can0  040  [04]  19 00 23 00
2026-03-15T15:28:12.702713,56.137,can0  204  [16]  6E 23 D7 44 C6 29 D3 4E 28 23 30 75 30 75 00 00
2026-03-15T15:28:12.703040,56.137,can0  070  [20]  F3 2A 4D 08 01 B1 62 03 E0 2E 00 00 1C 16 00 00 34 00 00 00
2026-03-15T15:28:12.703714,56.138,can0  040  [04]  19 00 23 00
2026-03-15T15:28:12.704025,56.138,can0  204  [16]  6E 23 D8 44 C8 29 13 4C 28 23 30 75 30 75 00 00
2026-03-15T15:28:12.771792,56.206,can0  070  [20]  F3 2A 4D 08 01 B1 62 03 E0 2E 00 00 1C 16 00 00 34 00 00 00
2026-03-15T15:28:12.771910,56.206,can0  204  [16]  6E 23 D8 44 C8 29 13 4C 28 23 30 75 30 75 00 00
2026-03-15T15:28:12.885358,56.320,can0  204  [16]  6E 23 D8 44 CB 29 0C 4F 28 23 30 75 30 75 00 00
2026-03-15T15:28:12.886054,56.320,can0  100  [03]  BA 4E 04
2026-03-15T15:28:12.886644,56.321,can0  110  [02]  9E 1B
2026-03-15T15:28:12.887334,56.322,can0  120  [04]  00 00 00 00
2026-03-15T15:28:12.887963,56.322,can0  041  [04]  DB 00 1D 00
2026-03-15T15:28:12.888053,56.322,can0  204  [16]  6E 23 D6 44 CD 29 83 50 28 23 30 75 30 75 00 00
2026-03-15T15:28:12.888651,56.323,can0  040  [04]  1F 00 20 00
2026-03-15T15:28:12.992952,56.427,can0  204  [16]  6E 23 D6 44 CD 29 83 50 28 23 30 75 30 75 00 00
2026-03-15T15:28:12.993832,56.428,can0  040  [04]  1F 00 20 00
2026-03-15T15:28:12.994220,56.429,can0  204  [16]  6E 23 D7 44 CF 29 02 50 28 23 30 75 30 75 00 00
2026-03-15T15:28:13.064377,56.499,can0  204  [16]  6E 23 D7 44 CF 29 02 50 28 23 30 75 30 75 00 00
2026-03-15T15:28:13.064807,56.499,can0  060  [32]  00 00 00 00 F3 2A 4D 08 55 06 B8 10 00 00 10 0E FF 01 00 00 00 00 00 00 01 00 00 00 00 00 00 00
2026-03-15T15:28:13.163004,56.597,can0  204  [16]  6E 23 D8 44 CD 29 72 4F 28 23 30 75 30 75 00 00
2026-03-15T15:28:13.163296,56.598,can0  041  [04]  CA 00 14 00
2026-03-15T15:28:13.163860,56.598,can0  040  [04]  2A 00 1B 00
2026-03-15T15:28:13.164191,56.599,can0  204  [16]  6E 23 D6 44 CD 29 76 50 28 23 30 75 30 75 00 00
2026-03-15T15:28:13.248658,56.683,can0  040  [04]  2A 00 1B 00
2026-03-15T15:28:13.249015,56.683,can0  204  [16]  6E 23 D6 44 CD 29 76 50 28 23 30 75 30 75 00 00
2026-03-15T15:28:13.249290,56.684,can0  070  [20]  F3 2A 4D 08 01 B1 62 03 E0 2E 00 00 1C 16 00 00 34 00 00 00
2026-03-15T15:28:13.249683,56.684,can0  204  [16]  6E 23 D5 44 D2 29 E9 4F 28 23 30 75 30 75 00 00
2026-03-15T15:28:13.368902,56.803,can0  204  [16]  6E 23 D5 44 D2 29 E9 4F 28 23 30 75 30 75 00 00
2026-03-15T15:28:13.369193,56.804,can0  070  [20]  F3 2A 4D 08 01 B1 62 03 E0 2E 00 00 1C 16 00 00 34 00 00 00
2026-03-15T15:28:13.369478,56.804,can0  041  [04]  DD 00 15 00
2026-03-15T15:28:13.498938,56.933,can0  204  [16]  6E 23 D6 44 D6 29 1F 50 28 23 30 75 30 75 00 00
2026-03-15T15:28:13.500403,56.935,can0  040  [04]  38 00 1A 00
2026-03-15T15:28:13.500516,56.935,can0  040  [04]  38 00 1A 00
2026-03-15T15:28:13.500750,56.935,can0  204  [16]  6E 23 D7 44 D2 29 CF 4D 28 23 30 75 30 75 00 00
2026-03-15T15:28:13.568291,57.003,can0  204  [16]  6E 23 D7 44 D2 29 CF 4D 28 23 30 75 30 75 00 00
2026-03-15T15:28:13.568696,57.003,can0  060  [32]  00 00 00 00 00 00 00 00 00 00 00 00 00 00 00 00 00 00 00 00 00 00 00 00 00 00 00 00 00 00 00 00
2026-03-15T15:28:13.569007,57.003,can0  204  [16]  6E 23 D7 44 D2 29 CF 4D 28 23 30 75 30 75 00 00
2026-03-15T15:28:13.696714,57.131,can0  070  [20]  F3 2A 4D 08 01 B1 62 03 C8 32 00 00 1C 16 00 00 4E 00 00 00
2026-03-15T15:28:13.696968,57.131,can0  070  [20]  F3 2A 4D 08 01 B1 62 03 C8 32 00 00 1C 16 00 00 4D 00 00 00
2026-03-15T15:28:13.697240,57.132,can0  041  [04]  CD 00 14 00
2026-03-15T15:28:13.697596,57.132,can0  204  [16]  6E 23 D5 44 CF 29 D2 4C 28 23 30 75 30 75 00 00
2026-03-15T15:28:13.698386,57.133,can0  040  [04]  2E 00 1D 00
2026-03-15T15:28:13.766009,57.200,can0  204  [16]  6E 23 D5 44 CF 29 D2 4C 28 23 30 75 30 75 00 00
2026-03-15T15:28:13.766112,57.201,can0  070  [20]  F3 2A 4D 08 01 B1 62 03 C8 32 00 00 1C 16 00 00 4D 00 00 00
2026-03-15T15:28:13.766751,57.201,can0  040  [04]  2E 00 1D 00
2026-03-15T15:28:13.767210,57.202,can0  204  [16]  6E 23 D5 44 D8 29 05 4D 28 23 30 75 30 75 00 00
2026-03-15T15:28:13.873995,57.308,can0  204  [16]  6E 23 D5 44 D8 29 05 4D 28 23 30 75 30 75 00 00
2026-03-15T15:28:13.876623,57.311,can0  204  [16]  6E 23 D5 44 D2 29 CE 4B 28 23 30 75 30 75 00 00
2026-03-15T15:28:13.972200,57.407,can0  041  [04]  DD 00 15 00
2026-03-15T15:28:13.973202,57.408,can0  040  [04]  18 00 21 00
2026-03-15T15:28:13.973678,57.408,can0  204  [16]  6E 23 D7 44 D2 29 3C 4C 28 23 30 75 30 75 00 00
2026-03-15T15:28:14.072080,57.507,can0  040  [04]  18 00 21 00
2026-03-15T15:28:14.072496,57.507,can0  204  [16]  6E 23 D7 44 D2 29 3C 4C 28 23 30 75 30 75 00 00
2026-03-15T15:28:14.073219,57.508,can0  100  [03]  B5 4E 04
2026-03-15T15:28:14.074024,57.508,can0  120  [04]  00 00 00 00
2026-03-15T15:28:14.074491,57.509,can0  060  [32]  00 00 00 00 00 00 00 00 00 00 00 00 00 00 00 00 00 00 00 00 00 00 00 00 00 00 00 00 00 00 00 00
2026-03-15T15:28:14.074701,57.509,can0  060  [32]  00 00 00 00 F3 2A 4D 08 55 06 B8 10 00 00 10 0E FF 01 00 00 00 00 00 00 01 00 00 00 00 00 00 00
2026-03-15T15:28:14.075374,57.510,can0  204  [16]  6E 23 D7 44 D4 29 F9 4B 28 23 30 75 30 75 00 00
2026-03-15T15:28:14.199253,57.634,can0  204  [16]  6E 23 D7 44 D4 29 F9 4B 28 23 30 75 30 75 00 00
2026-03-15T15:28:14.199556,57.634,can0  041  [04]  E2 00 16 00
2026-03-15T15:28:14.256079,57.691,can0  204  [16]  6E 23 D6 44 D6 29 82 4C 28 23 30 75 30 75 00 00
2026-03-15T15:28:14.256850,57.691,can0  040  [04]  0D 00 26 00
2026-03-15T15:28:14.257308,57.692,can0  070  [20]  F3 2A 4D 08 01 B1 62 03 C8 32 00 00 1C 16 00 00 4D 00 00 00
2026-03-15T15:28:14.257588,57.692,can0  204  [16]  6E 23 D5 44 DB 29 98 4F 28 23 30 75 30 75 00 00
2026-03-15T15:28:14.260738,57.695,can0  040  [04]  0D 00 26 00
2026-03-15T15:28:14.389123,57.824,can0  204  [16]  6E 23 D5 44 DB 29 98 4F 28 23 30 75 30 75 00 00
2026-03-15T15:28:14.392356,57.827,can0  070  [20]  F3 2A 4D 08 01 B1 62 03 C8 32 00 00 1C 16 00 00 4D 00 00 00
2026-03-15T15:28:14.392459,57.827,can0  204  [16]  6E 23 D5 44 D6 29 64 4F 28 23 30 75 30 75 00 00
2026-03-15T15:28:14.477089,57.912,can0  110  [02]  9C 1B
2026-03-15T15:28:14.477441,57.912,can0  204  [16]  6E 23 D5 44 D6 29 64 4F 28 23 30 75 30 75 00 00
2026-03-15T15:28:14.477686,57.912,can0  041  [04]  E8 00 16 00
2026-03-15T15:28:14.478285,57.913,can0  040  [04]  0D 00 28 00
2026-03-15T15:28:14.571802,58.006,can0  204  [16]  6E 23 D6 44 CB 29 D7 4C 28 23 30 75 30 75 00 00
2026-03-15T15:28:14.572420,58.007,can0  040  [04]  0D 00 28 00
2026-03-15T15:28:14.572719,58.007,can0  204  [16]  6E 23 D6 44 CB 29 D7 4C 28 23 30 75 30 75 00 00
2026-03-15T15:28:14.576361,58.011,can0  060  [32]  00 00 00 00 00 00 00 00 00 00 00 00 00 00 00 00 00 00 00 00 00 00 00 00 00 00 00 00 00 00 00 00
2026-03-15T15:28:14.671757,58.106,can0  070  [20]  F3 2A 4D 08 02 B1 62 03 B0 36 00 00 1C 16 00 00 18 00 00 00
2026-03-15T15:28:14.672028,58.106,can0  070  [20]  F3 2A 4D 08 02 B1 62 03 B0 36 00 00 1C 16 00 00 18 00 00 00
2026-03-15T15:28:14.672371,58.107,can0  204  [16]  6E 23 D8 44 CB 29 B3 4C 28 23 30 75 30 75 00 00
2026-03-15T15:28:14.672680,58.107,can0  204  [16]  6E 23 D8 44 D4 29 E9 4F 28 23 30 75 30 75 00 00
2026-03-15T15:28:14.772031,58.206,can0  070  [20]  F3 2A 4D 08 02 B1 62 03 B0 36 00 00 1C 16 00 00 18 00 00 00
2026-03-15T15:28:14.772447,58.207,can0  041  [04]  F6 00 1A 00
2026-03-15T15:28:14.773021,58.207,can0  040  [04]  0F 00 2B 00
2026-03-15T15:28:14.773642,58.208,can0  204  [16]  6E 23 D8 44 DD 29 43 50 28 23 30 75 30 75 00 00
2026-03-15T15:28:14.774308,58.209,can0  040  [04]  0F 00 2B 00
2026-03-15T15:28:14.872609,58.307,can0  204  [16]  6E 23 D8 44 DD 29 43 50 28 23 30 75 30 75 00 00
2026-03-15T15:28:14.872934,58.307,can0  204  [16]  6E 23 D6 44 D6 29 5F 4E 28 23 30 75 30 75 00 00
2026-03-15T15:28:14.975383,58.410,can0  204  [16]  6E 23 D6 44 D6 29 5F 4E 28 23 30 75 30 75 00 00
2026-03-15T15:28:14.975641,58.410,can0  041  [04]  F9 00 19 00
2026-03-15T15:28:14.975885,58.410,can0  204  [16]  6E 23 D6 44 D4 29 A7 4C 28 23 30 75 30 75 00 00
2026-03-15T15:28:15.072941,58.507,can0  040  [04]  0F 00 2B 00
2026-03-15T15:28:15.080477,58.515,can0  040  [04]  0F 00 2B 00
2026-03-15T15:28:15.080936,58.515,can0  204  [16]  6E 23 D6 44 CB 29 F5 4C 28 23 30 75 30 75 00 00
2026-03-15T15:28:15.081194,58.516,can0  060  [32]  00 00 00 00 F3 2A 4D 08 57 06 B8 10 00 00 10 0E FF 01 00 00 00 00 00 00 01 00 00 00 00 00 00 00
2026-03-15T15:28:15.206060,58.640,can0  204  [16]  6E 23 D6 44 CB 29 F5 4C 28 23 30 75 30 75 00 00
2026-03-15T15:28:15.206442,58.641,can0  204  [16]  6E 23 D8 44 C8 29 26 4C 28 23 30 75 30 75 00 00
2026-03-15T15:28:15.270255,58.705,can0  070  [20]  F3 2A 4D 08 02 B1 62 03 B0 36 00 00 1C 16 00 00 18 00 00 00
2026-03-15T15:28:15.271101,58.706,can0  100  [03]  B3 4E 04
2026-03-15T15:28:15.271835,58.706,can0  120  [04]  00 00 00 00
2026-03-15T15:28:15.272210,58.707,can0  204  [16]  6E 23 D8 44 C8 29 26 4C 28 23 30 75 30 75 00 00
2026-03-15T15:28:15.272498,58.707,can0  041  [04]  E9 00 1C 00
2026-03-15T15:28:15.273316,58.708,can0  040  [04]  10 00 2A 00
2026-03-15T15:28:15.273640,58.708,can0  204  [16]  6E 23 D7 44 C6 29 57 4C 28 23 30 75 30 75 00 00
2026-03-15T15:28:15.371772,58.806,can0  070  [20]  F3 2A 4D 08 02 B1 62 03 B0 36 00 00 1C 16 00 00 18 00 00 00
2026-03-15T15:28:15.372506,58.807,can0  040  [04]  10 00 2A 00
2026-03-15T15:28:15.372788,58.807,can0  204  [16]  6E 23 D6 44 D2 29 5C 4C 28 23 30 75 30 75 00 00
2026-03-15T15:28:15.471919,58.906,can0  204  [16]  6E 23 D6 44 D2 29 5C 4C 28 23 30 75 30 75 00 00
2026-03-15T15:28:15.472177,58.907,can0  204  [16]  6E 23 D5 44 D4 29 C6 4F 28 23 30 75 30 75 00 00
2026-03-15T15:28:15.595330,59.030,can0  041  [04]  EA 00 18 00
2026-03-15T15:28:15.595606,59.030,can0  204  [16]  6E 23 D5 44 D4 29 C6 4F 28 23 30 75 30 75 00 00
2026-03-15T15:28:15.596410,59.031,can0  040  [04]  19 00 29 00
2026-03-15T15:28:15.596793,59.031,can0  060  [32]  00 00 00 00 00 00 00 00 00 00 00 00 00 00 00 00 00 00 00 00 00 00 00 00 00 00 00 00 00 00 00 00
2026-03-15T15:28:15.690148,59.125,can0  070  [20]  F1 2A 4D 08 04 B1 62 03 98 3A 00 00 1C 16 00 00 36 00 00 00
2026-03-15T15:28:15.690768,59.125,can0  040  [04]  19 00 29 00
2026-03-15T15:28:15.691282,59.126,can0  204  [16]  6E 23 D5 44 D6 29 8F 4F 28 23 30 75 30 75 00 00
2026-03-15T15:28:15.691563,59.126,can0  070  [20]  F1 2A 4D 08 04 B1 62 03 98 3A 00 00 1C 16 00 00 35 00 00 00
2026-03-15T15:28:15.692013,59.126,can0  204  [16]  6E 23 D4 44 CD 29 11 4C 28 23 30 75 30 75 00 00
2026-03-15T15:28:15.783260,59.218,can0  204  [16]  6E 23 D4 44 CD 29 11 4C 28 23 30 75 30 75 00 00
2026-03-15T15:28:15.783450,59.218,can0  070  [20]  F1 2A 4D 08 04 B1 62 03 98 3A 00 00 1C 16 00 00 35 00 00 00
2026-03-15T15:28:15.783689,59.218,can0  041  [04]  F6 00 19 00
2026-03-15T15:28:15.783938,59.218,can0  204  [16]  6E 23 D5 44 C1 29 A5 4C 28 23 30 75 30 75 00 00
2026-03-15T15:28:15.873207,59.308,can0  040  [04]  21 00 2B 00
2026-03-15T15:28:15.873319,59.308,can0  204  [16]  6E 23 D5 44 C1 29 A5 4C 28 23 30 75 30 75 00 00
2026-03-15T15:28:15.873971,59.308,can0  040  [04]  21 00 2B 00
2026-03-15T15:28:16.002561,59.437,can0  204  [16]  6E 23 D6 44 C6 29 1E 50 28 23 30 75 30 75 00 00
2026-03-15T15:28:16.005160,59.440,can0  204  [16]  6E 23 D5 44 CD 29 D2 4D 28 23 30 75 30 75 00 00
2026-03-15T15:28:16.113873,59.548,can0  204  [16]  6E 23 D5 44 CD 29 D2 4D 28 23 30 75 30 75 00 00
2026-03-15T15:28:16.114673,59.549,can0  110  [02]  9C 1B
2026-03-15T15:28:16.114952,59.549,can0  041  [04]  02 01 1C 00
2026-03-15T15:28:16.115265,59.550,can0  060  [32]  00 00 00 00 00 00 00 00 00 00 00 00 00 00 00 00 00 00 00 00 00 00 00 00 00 00 00 00 00 00 00 00
2026-03-15T15:28:16.116081,59.551,can0  040  [04]  1D 00 27 00
2026-03-15T15:28:16.116538,59.551,can0  204  [16]  6E 23 D4 44 D4 29 E6 4F 28 23 30 75 30 75 00 00
2026-03-15T15:28:16.184863,59.619,can0  060  [32]  00 00 00 00 F1 2A 4D 08 59 06 B8 10 00 00 10 0E FF 01 00 00 00 00 00 00 01 00 00 00 00 00 00 00
2026-03-15T15:28:16.185989,59.620,can0  040  [04]  1D 00 27 00
2026-03-15T15:28:16.189609,59.624,can0  204  [16]  6E 23 D4 44 D4 29 E6 4F 28 23 30 75 30 75 00 00
2026-03-15T15:28:16.287169,59.722,can0  204  [16]  6E 23 D5 44 D2 29 C8 4F 28 23 30 75 30 75 00 00
2026-03-15T15:28:16.287498,59.722,can0  070  [20]  F1 2A 4D 08 04 B1 62 03 98 3A 00 00 1C 16 00 00 35 00 00 00
2026-03-15T15:28:16.287824,59.722,can0  204  [16]  6E 23 D7 44 BF 29 E1 4E 28 23 30 75 30 75 00 00
2026-03-15T15:28:16.393139,59.828,can0  041  [04]  FC 00 16 00
2026-03-15T15:28:16.393873,59.828,can0  204  [16]  6E 23 D7 44 BF 29 E1 4E 28 23 30 75 30 75 00 00
2026-03-15T15:28:16.393969,59.828,can0  070  [20]  F1 2A 4D 08 04 B1 62 03 98 3A 00 00 1C 16 00 00 35 00 00 00
2026-03-15T15:28:16.394764,59.829,can0  040  [04]  16 00 23 00
2026-03-15T15:28:16.402013,59.836,can0  040  [04]  16 00 23 00
2026-03-15T15:28:16.402126,59.837,can0  204  [16]  6E 23 D8 44 BB 29 98 4F 28 23 30 75 30 75 00 00
2026-03-15T15:28:16.465114,59.900,can0  100  [03]  B2 4E 04
2026-03-15T15:28:16.465922,59.900,can0  120  [04]  00 00 00 00
2026-03-15T15:28:16.466312,59.901,can0  204  [16]  6E 23 D6 44 C1 29 50 4F 28 23 30 75 30 75 00 00
2026-03-15T15:28:16.574466,60.009,can0  204  [16]  6E 23 D6 44 C1 29 50 4F 28 23 30 75 30 75 00 00
2026-03-15T15:28:16.575087,60.010,can0  204  [16]  6E 23 D6 44 C1 29 50 4F 28 23 30 75 30 75 00 00
2026-03-15T15:28:16.575152,60.010,can0  041  [04]  F3 00 1A 00
2026-03-15T15:28:16.672372,60.107,can0  070  [20]  F1 2A 4D 08 06 B1 62 03 80 3E 00 00 1C 16 00 00 18 00 00 00
2026-03-15T15:28:16.672655,60.107,can0  060  [32]  00 00 00 00 00 00 00 00 00 00 00 00 00 00 00 00 00 00 00 00 00 00 00 00 00 00 00 00 00 00 00 00
2026-03-15T15:28:16.673283,60.108,can0  040  [04]  1F 00 23 00
2026-03-15T15:28:16.673553,60.108,can0  070  [20]  F1 2A 4D 08 06 B1 62 03 80 3E 00 00 1C 16 00 00 19 00 00 00
2026-03-15T15:28:16.673951,60.108,can0  204  [16]  6E 23 D5 44 CB 29 35 50 28 23 30 75 30 75 00 00
2026-03-15T15:28:16.674496,60.109,can0  040  [04]  1F 00 23 00
2026-03-15T15:28:16.772890,60.207,can0  204  [16]  6E 23 D5 44 CF 29 FC 4F 28 23 30 75 30 75 00 00
2026-03-15T15:28:16.773137,60.208,can0  070  [20]  F1 2A 4D 08 06 B1 62 03 80 3E 00 00 1C 16 00 00 19 00 00 00
2026-03-15T15:28:16.773477,60.208,can0  204  [16]  6E 23 D5 44 CD 29 4B 4C 28 23 30 75 30 75 00 00
2026-03-15T15:28:16.877245,60.312,can0  204  [16]  6E 23 D5 44 CD 29 4B 4C 28 23 30 75 30 75 00 00
2026-03-15T15:28:16.877575,60.312,can0  041  [04]  EB 00 18 00
2026-03-15T15:28:16.878151,60.313,can0  040  [04]  2C 00 22 00
2026-03-15T15:28:16.878425,60.313,can0  204  [16]  6E 23 D5 44 CB 29 AB 4B 28 23 30 75 30 75 00 00
2026-03-15T15:28:16.972824,60.407,can0  040  [04]  2C 00 22 00
2026-03-15T15:28:16.973173,60.408,can0  204  [16]  6E 23 D5 44 CB 29 AB 4B 28 23 30 75 30 75 00 00
2026-03-15T15:28:17.071897,60.506,can0  204  [16]  6E 23 D6 44 C8 29 88 4F 28 23 30 75 30 75 00 00
2026-03-15T15:28:17.072237,60.507,can0  204  [16]  6E 23 D5 44 CD 29 74 4C 28 23 30 75 30 75 00 00
2026-03-15T15:28:17.172002,60.606,can0  060  [32]  00 00 00 00 F1 2A 4D 08 5A 06 B8 10 00 00 10 0E FF 01 00 00 00 00 00 00 01 00 00 00 00 00 00 00
2026-03-15T15:28:17.172687,60.607,can0  041  [04]  E2 00 1B 00
2026-03-15T15:28:17.172991,60.607,can0  204  [16]  6E 23 D5 44 CD 29 74 4C 28 23 30 75 30 75 00 00
2026-03-15T15:28:17.173719,60.608,can0  040  [04]  24 00 23 00
2026-03-15T15:28:17.173935,60.608,can0  132  [00]
2026-03-15T15:28:17.174279,60.609,can0  204  [16]  6E 23 D3 44 D2 29 02 4C 28 23 30 75 30 75 00 00
2026-03-15T15:28:17.174785,60.609,can0  040  [04]  24 00 23 00
2026-03-15T15:28:17.272251,60.707,can0  070  [20]  F1 2A 4D 08 06 B1 62 03 80 3E 00 00 1C 16 00 00 19 00 00 00
2026-03-15T15:28:17.272585,60.707,can0  204  [16]  6E 23 D3 44 D2 29 02 4C 28 23 30 75 30 75 00 00
2026-03-15T15:28:17.372756,60.807,can0  204  [16]  6E 23 D3 44 D4 29 90 4C 28 23 30 75 30 75 00 00
2026-03-15T15:28:17.373027,60.807,can0  070  [20]  F1 2A 4D 08 06 B1 62 03 80 3E 00 00 1C 16 00 00 19 00 00 00
2026-03-15T15:28:17.373356,60.808,can0  204  [16]  6E 23 D5 44 D4 29 12 4C 28 23 30 75 30 75 00 00
2026-03-15T15:28:17.373623,60.808,can0  041  [04]  CA 00 10 00
2026-03-15T15:28:17.472341,60.907,can0  040  [04]  20 00 25 00
2026-03-15T15:28:17.472693,60.907,can0  204  [16]  6E 23 D5 44 D4 29 12 4C 28 23 30 75 30 75 00 00
2026-03-15T15:28:17.473233,60.908,can0  040  [04]  20 00 25 00
2026-03-15T15:28:17.473569,60.908,can0  204  [16]  6E 23 D6 44 CB 29 E8 4C 28 23 30 75 30 75 00 00
2026-03-15T15:28:17.572545,61.007,can0  204  [16]  6E 23 D6 44 CB 29 E8 4C 28 23 30 75 30 75 00 00
2026-03-15T15:28:17.700668,61.135,can0  060  [32]  00 00 00 00 00 00 00 00 00 00 00 00 00 00 00 00 00 00 00 00 00 00 00 00 00 00 00 00 00 00 00 00
2026-03-15T15:28:17.700773,61.135,can0  204  [16]  6E 23 D6 44 C4 29 BB 4B 28 23 30 75 30 75 00 00
2026-03-15T15:28:17.701395,61.136,can0  070  [20]  F1 2A 4D 08 07 B1 62 03 68 42 00 00 1C 16 00 00 27 00 00 00
2026-03-15T15:28:17.702167,61.137,can0  100  [03]  B0 4E 04
2026-03-15T15:28:17.702775,61.137,can0  110  [02]  A0 1B
2026-03-15T15:28:17.703419,61.138,can0  120  [04]  00 00 00 00
2026-03-15T15:28:17.703677,61.138,can0  041  [04]  D7 00 17 00
2026-03-15T15:28:17.703872,61.138,can0  070  [20]  F1 2A 4D 08 07 B1 62 03 68 42 00 00 1C 16 00 00 26 00 00 00
2026-03-15T15:28:17.704500,61.139,can0  040  [04]  1A 00 27 00
2026-03-15T15:28:17.704746,61.139,can0  204  [16]  6E 23 D5 44 C4 29 46 50 28 23 30 75 30 75 00 00
2026-03-15T15:28:17.794025,61.228,can0  040  [04]  1A 00 27 00
2026-03-15T15:28:17.794397,61.229,can0  070  [20]  F1 2A 4D 08 07 B1 62 03 68 42 00 00 1C 16 00 00 26 00 00 00
2026-03-15T15:28:17.794774,61.229,can0  204  [16]  6E 23 D5 44 C4 29 46 50 28 23 30 75 30 75 00 00
2026-03-15T15:28:17.795103,61.230,can0  204  [16]  6E 23 D5 44 C6 29 D1 50 28 23 30 75 30 75 00 00
2026-03-15T15:28:17.883052,61.317,can0  204  [16]  6E 23 D4 44 CD 29 62 50 28 23 30 75 30 75 00 00
2026-03-15T15:28:17.972056,61.406,can0  041  [04]  DF 00 1D 00
2026-03-15T15:28:17.972982,61.407,can0  204  [16]  6E 23 D4 44 CD 29 62 50 28 23 30 75 30 75 00 00
2026-03-15T15:28:17.973037,61.407,can0  040  [04]  18 00 29 00
2026-03-15T15:28:17.973357,61.408,can0  204  [16]  6E 23 D3 44 CF 29 A2 4F 28 23 30 75 30 75 00 00
2026-03-15T15:28:17.973891,61.408,can0  040  [04]  18 00 29 00
2026-03-15T15:28:18.072419,61.507,can0  204  [16]  6E 23 D3 44 CF 29 A2 4F 28 23 30 75 30 75 00 00
2026-03-15T15:28:18.072739,61.507,can0  204  [16]  6E 23 D3 44 CD 29 7D 4C 28 23 30 75 30 75 00 00
2026-03-15T15:28:18.184765,61.619,can0  060  [32]  00 00 00 00 00 00 00 00 00 00 00 00 00 00 00 00 00 00 00 00 00 00 00 00 00 00 00 00 00 00 00 00
2026-03-15T15:28:18.184955,61.619,can0  060  [32]  00 00 00 00 F1 2A 4D 08 5C 06 B8 10 00 00 10 0E FF 01 00 00 00 00 00 00 01 00 00 00 00 00 00 00
2026-03-15T15:28:18.185806,61.620,can0  204  [16]  6E 23 D5 44 CB 29 F1 4D 28 23 30 75 30 75 00 00
2026-03-15T15:28:18.186438,61.621,can0  041  [04]  E4 00 1E 00
2026-03-15T15:28:18.187070,61.621,can0  040  [04]  18 00 2A 00
2026-03-15T15:28:18.275444,61.710,can0  204  [16]  6E 23 D5 44 CB 29 F1 4D 28 23 30 75 30 75 00 00
2026-03-15T15:28:18.275657,61.710,can0  070  [20]  F1 2A 4D 08 07 B1 62 03 68 42 00 00 1C 16 00 00 26 00 00 00
2026-03-15T15:28:18.276277,61.711,can0  040  [04]  18 00 2A 00
2026-03-15T15:28:18.276628,61.711,can0  204  [16]  6E 23 D6 44 D2 29 85 51 28 23 30 75 30 75 00 00
2026-03-15T15:28:18.372781,61.807,can0  070  [20]  F1 2A 4D 08 07 B1 62 03 68 42 00 00 1C 16 00 00 26 00 00 00
2026-03-15T15:28:18.373108,61.808,can0  204  [16]  6E 23 D6 44 D2 29 85 51 28 23 30 75 30 75 00 00
2026-03-15T15:28:18.377492,61.812,can0  204  [16]  6E 23 D4 44 D2 29 3F 4C 28 23 30 75 30 75 00 00
2026-03-15T15:28:18.472254,61.907,can0  041  [04]  F5 00 1B 00
2026-03-15T15:28:18.473179,61.908,can0  204  [16]  6E 23 D2 44 D2 29 0C 4D 28 23 30 75 30 75 00 00
2026-03-15T15:28:18.473263,61.908,can0  040  [04]  13 00 26 00
2026-03-15T15:28:18.572566,62.007,can0  040  [04]  13 00 26 00
2026-03-15T15:28:18.573043,62.007,can0  204  [16]  6E 23 D2 44 D2 29 0C 4D 28 23 30 75 30 75 00 00
2026-03-15T15:28:18.576099,62.011,can0  204  [16]  6E 23 D2 44 D2 29 0C 4D 28 23 30 75 30 75 00 00
2026-03-15T15:28:18.680190,62.115,can0  070  [20]  EF 2A 4D 08 09 B1 62 03 50 46 00 00 1C 16 00 00 2C 00 00 00
2026-03-15T15:28:18.680400,62.115,can0  070  [20]  EF 2A 4D 08 09 B1 62 03 50 46 00 00 1C 16 00 00 2D 00 00 00
2026-03-15T15:28:18.680603,62.115,can0  060  [32]  00 00 00 00 00 00 00 00 00 00 00 00 00 00 00 00 00 00 00 00 00 00 00 00 00 00 00 00 00 00 00 00
2026-03-15T15:28:18.680880,62.115,can0  204  [16]  6E 23 D5 44 C8 29 41 4C 28 23 30 75 30 75 00 00
2026-03-15T15:28:18.681090,62.116,can0  041  [04]  F6 00 17 00
2026-03-15T15:28:18.772761,62.207,can0  070  [20]  EF 2A 4D 08 09 B1 62 03 50 46 00 00 1C 16 00 00 2D 00 00 00
2026-03-15T15:28:18.772991,62.207,can0  204  [16]  6E 23 D5 44 C8 29 41 4C 28 23 30 75 30 75 00 00
2026-03-15T15:28:18.773590,62.208,can0  040  [04]  0C 00 1F 00
2026-03-15T15:28:18.773854,62.208,can0  204  [16]  6E 23 D5 44 C6 29 78 50 28 23 30 75 30 75 00 00
2026-03-15T15:28:18.774347,62.209,can0  040  [04]  0C 00 1F 00
2026-03-15T15:28:18.872423,62.307,can0  100  [03]  B0 4E 04
2026-03-15T15:28:18.873040,62.307,can0  120  [04]  00 00 00 00
2026-03-15T15:28:18.873333,62.308,can0  204  [16]  6E 23 D5 44 C6 29 78 50 28 23 30 75 30 75 00 00
2026-03-15T15:28:18.873710,62.308,can0  204  [16]  6E 23 D6 44 CD 29 2A 50 28 23 30 75 30 75 00 00
2026-03-15T15:28:19.073548,62.508,can0  204  [16]  6E 23 D6 44 D2 29 14 50 28 23 30 75 30 75 00 00
2026-03-15T15:28:19.073972,62.508,can0  041  [04]  D7 00 18 00
2026-03-15T15:28:19.074050,62.508,can0  040  [04]  0F 00 18 00
2026-03-15T15:28:19.074113,62.509,can0  204  [16]  6E 23 D6 44 D2 29 14 50 28 23 30 75 30 75 00 00
2026-03-15T15:28:19.075076,62.510,can0  040  [04]  0F 00 18 00
2026-03-15T15:28:19.075485,62.510,can0  204  [16]  6E 23 D6 44 D4 29 51 50 28 23 30 75 30 75 00 00
2026-03-15T15:28:19.179956,62.614,can0  060  [32]  00 00 00 00 EF 2A 4D 08 5E 06 B8 10 00 00 10 0E FF 01 00 00 00 00 00 00 01 00 00 00 00 00 00 00
2026-03-15T15:28:19.181022,62.615,can0  204  [16]  6E 23 D6 44 D4 29 51 50 28 23 30 75 30 75 00 00
2026-03-15T15:28:19.181097,62.616,can0  133  [00]
2026-03-15T15:28:19.183548,62.618,can0  204  [16]  6E 23 D6 44 CF 29 BC 50 28 23 30 75 30 75 00 00
2026-03-15T15:28:19.272104,62.707,can0  070  [20]  EF 2A 4D 08 09 B1 62 03 50 46 00 00 1C 16 00 00 2D 00 00 00
2026-03-15T15:28:19.272761,62.707,can0  110  [02]  9D 1B
2026-03-15T15:28:19.273091,62.708,can0  041  [04]  CF 00 16 00
2026-03-15T15:28:19.273820,62.708,can0  040  [04]  1C 00 14 00
2026-03-15T15:28:19.274163,62.709,can0  204  [16]  6E 23 D7 44 CF 29 E5 50 28 23 30 75 30 75 00 00
2026-03-15T15:28:19.372804,62.807,can0  204  [16]  6E 23 D7 44 CF 29 E5 50 28 23 30 75 30 75 00 00
2026-03-15T15:28:19.373495,62.808,can0  040  [04]  1C 00 14 00
2026-03-15T15:28:19.373793,62.808,can0  070  [20]  EF 2A 4D 08 09 B1 62 03 50 46 00 00 1C 16 00 00 2D 00 00 00
2026-03-15T15:28:19.374121,62.809,can0  204  [16]  6E 23 D6 44 CD 29 B5 50 28 23 30 75 30 75 00 00
2026-03-15T15:28:19.472394,62.907,can0  204  [16]  6E 23 D6 44 CD 29 B5 50 28 23 30 75 30 75 00 00
2026-03-15T15:28:19.472626,62.907,can0  204  [16]  6E 23 D6 44 CF 29 7F 51 28 23 30 75 30 75 00 00
2026-03-15T15:28:19.472806,62.907,can0  041  [04]  DF 00 16 00
2026-03-15T15:28:19.574183,63.009,can0  040  [04]  18 00 1A 00
2026-03-15T15:28:19.574725,63.009,can0  040  [04]  18 00 1A 00
2026-03-15T15:28:19.672605,63.107,can0  070  [20]  EF 2A 4D 08 09 B1 62 03 38 4A 00 00 1C 16 00 00 0F 00 00 00
2026-03-15T15:28:19.672859,63.107,can0  070  [20]  EF 2A 4D 08 09 B1 62 03 38 4A 00 00 1C 16 00 00 10 00 00 00
2026-03-15T15:28:19.673137,63.108,can0  060  [32]  00 00 00 00 00 00 00 00 00 00 00 00 00 00 00 00 00 00 00 00 00 00 00 00 00 00 00 00 00 00 00 00
2026-03-15T15:28:19.772095,63.207,can0  070  [20]  EF 2A 4D 08 09 B1 62 03 38 4A 00 00 1C 16 00 00 10 00 00 00
2026-03-15T15:28:19.772467,63.207,can0  041  [04]  E8 00 18 00
2026-03-15T15:28:19.773168,63.208,can0  040  [04]  1B 00 1E 00
2026-03-15T15:28:19.872935,63.307,can0  040  [04]  1B 00 1E 00
2026-03-15T15:28:20.073203,63.508,can0  100  [03]  AF 4E 04
2026-03-15T15:28:20.080271,63.515,can0  120  [04]  00 00 00 00
2026-03-15T15:28:20.080698,63.515,can0  041  [04]  EC 00 16 00
2026-03-15T15:28:20.084168,63.519,can0  040  [04]  1E 00 23 00
2026-03-15T15:28:20.201843,63.636,can0  040  [04]  1E 00 23 00
2026-03-15T15:28:20.202182,63.637,can0  060  [32]  00 00 00 00 00 00 00 00 00 00 00 00 00 00 00 00 00 00 00 00 00 00 00 00 00 00 00 00 00 00 00 00
2026-03-15T15:28:20.210212,63.645,can0  060  [32]  00 00 00 00 EF 2A 4D 08 5E 06 B8 10 00 00 10 0E FF 01 00 00 00 00 00 00 01 00 00 00 00 00 00 00
2026-03-15T15:28:20.263157,63.698,can0  070  [20]  EF 2A 4D 08 09 B1 62 03 38 4A 00 00 1C 16 00 00 10 00 00 00
2026-03-15T15:28:20.263420,63.698,can0  041  [04]  EC 00 15 00
2026-03-15T15:28:20.390737,63.825,can0  070  [20]  EF 2A 4D 08 09 B1 62 03 38 4A 00 00 1C 16 00 00 10 00 00 00
2026-03-15T15:28:20.391490,63.826,can0  040  [04]  17 00 25 00
2026-03-15T15:28:20.392031,63.826,can0  040  [04]  17 00 25 00
2026-03-15T15:28:20.572180,64.007,can0  041  [04]  E2 00 18 00
2026-03-15T15:28:20.577513,64.012,can0  040  [04]  1E 00 24 00
2026-03-15T15:28:20.672688,64.107,can0  070  [20]  EE 2A 4D 08 0B B1 62 03 20 4E 00 00 1C 16 00 00 1A 00 00 00
2026-03-15T15:28:20.672942,64.107,can0  070  [20]  EE 2A 4D 08 0B B1 62 03 20 4E 00 00 1C 16 00 00 1A 00 00 00
2026-03-15T15:28:20.673236,64.108,can0  060  [32]  00 00 00 00 00 00 00 00 00 00 00 00 00 00 00 00 00 00 00 00 00 00 00 00 00 00 00 00 00 00 00 00
2026-03-15T15:28:20.673961,64.108,can0  040  [04]  1E 00 24 00
2026-03-15T15:28:20.772177,64.207,can0  070  [20]  EE 2A 4D 08 0B B1 62 03 20 4E 00 00 1C 16 00 00 1A 00 00 00
2026-03-15T15:28:20.972678,64.407,can0  110  [02]  9D 1B
2026-03-15T15:28:20.972952,64.407,can0  041  [04]  D7 00 15 00
2026-03-15T15:28:20.973611,64.408,can0  040  [04]  1F 00 22 00
2026-03-15T15:28:20.973971,64.408,can0  040  [04]  1F 00 22 00
2026-03-15T15:28:21.072793,64.507,can0  041  [04]  D8 00 18 00
2026-03-15T15:28:21.190082,64.625,can0  040  [04]  17 00 22 00
2026-03-15T15:28:21.190353,64.625,can0  060  [32]  00 00 00 00 EE 2A 4D 08 5F 06 B8 10 00 00 10 0E FF 01 00 00 00 00 00 00 01 00 00 00 00 00 00 00
2026-03-15T15:28:21.191252,64.626,can0  040  [04]  17 00 22 00
2026-03-15T15:28:21.289906,64.724,can0  070  [20]  EE 2A 4D 08 0B B1 62 03 20 4E 00 00 1C 16 00 00 1A 00 00 00
2026-03-15T15:28:21.290593,64.725,can0  100  [03]  AF 4E 04
2026-03-15T15:28:21.291172,64.726,can0  120  [04]  00 00 00 00
2026-03-15T15:28:21.472095,64.907,can0  070  [20]  EE 2A 4D 08 0B B1 62 03 20 4E 00 00 1C 16 00 00 1A 00 00 00
2026-03-15T15:28:21.472387,64.907,can0  041  [04]  E0 00 1A 00
2026-03-15T15:28:21.472875,64.907,can0  040  [04]  15 00 31 00
2026-03-15T15:28:21.473236,64.908,can0  040  [04]  15 00 31 00
2026-03-15T15:28:21.672441,65.107,can0  070  [20]  EE 2A 4D 08 0C B1 62 03 08 52 00 00 1C 16 00 00 1A 00 00 00
2026-03-15T15:28:21.672658,65.107,can0  041  [04]  DE 00 19 00
2026-03-15T15:28:21.672837,65.107,can0  070  [20]  EE 2A 4D 08 0C B1 62 03 08 52 00 00 1C 16 00 00 1A 00 00 00
2026-03-15T15:28:21.673032,65.107,can0  060  [32]  00 00 00 00 00 00 00 00 00 00 00 00 00 00 00 00 00 00 00 00 00 00 00 00 00 00 00 00 00 00 00 00
2026-03-15T15:28:21.675569,65.110,can0  040  [04]  0E 00 30 00
2026-03-15T15:28:21.772049,65.206,can0  070  [20]  EE 2A 4D 08 0C B1 62 03 08 52 00 00 1C 16 00 00 1A 00 00 00
2026-03-15T15:28:21.772681,65.207,can0  040  [04]  0E 00 30 00
2026-03-15T15:28:21.977219,65.412,can0  041  [04]  DF 00 1B 00
2026-03-15T15:28:21.977775,65.412,can0  040  [04]  0C 00 32 00
2026-03-15T15:28:21.978159,65.413,can0  040  [04]  0C 00 32 00
2026-03-15T15:28:22.172385,65.607,can0  060  [32]  00 00 00 00 00 00 00 00 00 00 00 00 00 00 00 00 00 00 00 00 00 00 00 00 00 00 00 00 00 00 00 00
2026-03-15T15:28:22.172688,65.607,can0  041  [04]  F2 00 1B 00
2026-03-15T15:28:22.172898,65.607,can0  060  [32]  00 00 00 00 EE 2A 4D 08 61 06 B8 10 00 00 10 0E FF 01 00 00 00 00 00 00 01 00 00 00 00 00 00 00
2026-03-15T15:28:22.173694,65.608,can0  040  [04]  08 00 35 00
2026-03-15T15:28:22.272454,65.707,can0  070  [20]  EE 2A 4D 08 0C B1 62 03 08 52 00 00 1C 16 00 00 1A 00 00 00
2026-03-15T15:28:22.272989,65.707,can0  040  [04]  08 00 35 00
2026-03-15T15:28:22.371900,65.806,can0  070  [20]  EE 2A 4D 08 0C B1 62 03 08 52 00 00 1C 16 00 00 1A 00 00 00
2026-03-15T15:28:22.472721,65.907,can0  041  [04]  E8 00 17 00
2026-03-15T15:28:22.473418,65.908,can0  100  [03]  AC 4E 04
2026-03-15T15:28:22.473997,65.908,can0  110  [02]  9C 1B
2026-03-15T15:28:22.474543,65.909,can0  120  [04]  00 00 00 00
2026-03-15T15:28:22.475089,65.910,can0  040  [04]  06 00 36 00
2026-03-15T15:28:22.475520,65.910,can0  040  [04]  06 00 36 00
2026-03-15T15:28:22.583102,66.018,can0  070  [20]  EE 2A 4D 08 0C B1 62 03 F0 55 00 00 1C 16 00 00 1A 00 00 00
2026-03-15T15:28:22.672589,66.107,can0  070  [20]  EE 2A 4D 08 0C B1 62 03 F0 55 00 00 1C 16 00 00 1A 00 00 00
2026-03-15T15:28:22.673839,66.108,can0  060  [32]  00 00 00 00 00 00 00 00 00 00 00 00 00 00 00 00 00 00 00 00 00 00 00 00 00 00 00 00 00 00 00 00
2026-03-15T15:28:22.673912,66.108,can0  041  [04]  E6 00 13 00
2026-03-15T15:28:22.673953,66.108,can0  070  [20]  EE 2A 4D 08 0C B1 62 03 F0 55 00 00 1C 16 00 00 1A 00 00 00
2026-03-15T15:28:22.772290,66.207,can0  040  [04]  05 00 36 00
2026-03-15T15:28:22.772728,66.207,can0  040  [04]  05 00 36 00
2026-03-15T15:28:22.872402,66.307,can0  204  [16]  6E 23 D6 44 CF 29 7F 51 28 23 30 75 30 75 00 00
2026-03-15T15:28:22.872704,66.307,can0  204  [16]  6E 23 D6 44 CF 29 7F 51 28 23 30 75 30 75 00 00
2026-03-15T15:28:22.971762,66.406,can0  204  [16]  6E 23 50 46 50 46 00 00 28 23 30 75 30 75 00 00
2026-03-15T15:28:22.972037,66.406,can0  041  [04]  E8 00 17 00
2026-03-15T15:28:22.972582,66.407,can0  040  [04]  0B 00 30 00
2026-03-15T15:28:22.972900,66.407,can0  204  [16]  6E 23 50 46 50 46 00 00 28 23 30 75 30 75 00 00
2026-03-15T15:28:23.072813,66.507,can0  040  [04]  0B 00 30 00
2026-03-15T15:28:23.073069,66.507,can0  204  [16]  6E 23 50 46 50 46 00 00 28 23 30 75 30 75 00 00
2026-03-15T15:28:23.184947,66.619,can0  204  [16]  6E 23 50 46 50 46 00 00 28 23 30 75 30 75 00 00
2026-03-15T15:28:23.185349,66.620,can0  204  [16]  6E 23 50 46 50 46 00 00 28 23 30 75 30 75 00 00
2026-03-15T15:28:23.185515,66.620,can0  060  [32]  00 00 00 00 EE 2A 4D 08 61 06 B8 10 00 00 10 0E FF 01 00 00 00 00 00 00 01 00 00 00 00 00 00 00
2026-03-15T15:28:23.188711,66.623,can0  070  [20]  EE 2A 4D 08 0C B1 62 03 F0 55 00 00 1C 16 00 00 1A 00 00 00
2026-03-15T15:28:23.284123,66.719,can0  041  [04]  EA 00 18 00
2026-03-15T15:28:23.284497,66.719,can0  204  [16]  6E 23 50 46 50 46 00 00 28 23 30 75 30 75 00 00
2026-03-15T15:28:23.284971,66.719,can0  040  [04]  10 00 2E 00
2026-03-15T15:28:23.285231,66.720,can0  204  [16]  6E 23 50 46 50 46 00 00 28 23 30 75 30 75 00 00
2026-03-15T15:28:23.397361,66.832,can0  040  [04]  10 00 2E 00
2026-03-15T15:28:23.397467,66.832,can0  204  [16]  6E 23 50 46 50 46 00 00 28 23 30 75 30 75 00 00
2026-03-15T15:28:23.397620,66.832,can0  070  [20]  EE 2A 4D 08 0C B1 62 03 F0 55 00 00 1C 16 00 00 1A 00 00 00
2026-03-15T15:28:23.397918,66.832,can0  204  [16]  6E 23 50 46 50 46 00 00 28 23 30 75 30 75 00 00
2026-03-15T15:28:23.465277,66.900,can0  204  [16]  6E 23 50 46 50 46 00 00 28 23 30 75 30 75 00 00
2026-03-15T15:28:23.465636,66.900,can0  041  [04]  EB 00 16 00
2026-03-15T15:28:23.596748,67.031,can0  204  [16]  6E 23 50 46 50 46 00 00 28 23 30 75 30 75 00 00
2026-03-15T15:28:23.597825,67.032,can0  040  [04]  12 00 2C 00
2026-03-15T15:28:23.597922,67.032,can0  040  [04]  12 00 2C 00
2026-03-15T15:28:23.598109,67.033,can0  204  [16]  6E 23 50 46 50 46 00 00 28 23 30 75 30 75 00 00
2026-03-15T15:28:23.690494,67.125,can0  070  [20]  EE 2A 4D 08 0E B1 62 03 D8 59 00 00 1C 16 00 00 1F 00 00 00
2026-03-15T15:28:23.691199,67.126,can0  100  [03]  AA 4E 04
2026-03-15T15:28:23.691581,67.126,can0  204  [16]  6E 23 50 46 50 46 00 00 28 23 30 75 30 75 00 00
2026-03-15T15:28:23.691855,67.126,can0  070  [20]  EE 2A 4D 08 0E B1 62 03 D8 59 00 00 1C 16 00 00 20 00 00 00
2026-03-15T15:28:23.692764,67.127,can0  120  [04]  00 00 00 00
2026-03-15T15:28:23.692848,67.127,can0  060  [32]  00 00 00 00 00 00 00 00 00 00 00 00 00 00 00 00 00 00 00 00 00 00 00 00 00 00 00 00 00 00 00 00
2026-03-15T15:28:23.693046,67.127,can0  204  [16]  6E 23 50 46 50 46 00 00 28 23 30 75 30 75 00 00
2026-03-15T15:28:23.779942,67.214,can0  070  [20]  EE 2A 4D 08 0E B1 62 03 D8 59 00 00 1C 16 00 00 20 00 00 00
2026-03-15T15:28:23.780184,67.215,can0  204  [16]  6E 23 50 46 50 46 00 00 28 23 30 75 30 75 00 00
2026-03-15T15:28:23.780518,67.215,can0  041  [04]  F5 00 10 00
2026-03-15T15:28:23.780973,67.215,can0  040  [04]  11 00 29 00
2026-03-15T15:28:23.781241,67.216,can0  204  [16]  6E 23 50 46 50 46 00 00 28 23 30 75 30 75 00 00
2026-03-15T15:28:23.887906,67.322,can0  040  [04]  11 00 29 00
2026-03-15T15:28:23.888299,67.323,can0  204  [16]  6E 23 50 46 50 46 00 00 28 23 30 75 30 75 00 00
2026-03-15T15:28:23.974476,67.409,can0  204  [16]  6E 23 50 46 50 46 00 00 28 23 30 75 30 75 00 00
2026-03-15T15:28:23.974795,67.409,can0  204  [16]  6E 23 50 46 50 46 00 00 28 23 30 75 30 75 00 00
2026-03-15T15:28:24.072523,67.507,can0  041  [04]  ED 00 05 00
2026-03-15T15:28:24.072842,67.507,can0  204  [16]  6E 23 50 46 50 46 00 00 28 23 30 75 30 75 00 00
2026-03-15T15:28:24.073510,67.508,can0  110  [02]  9B 1B
2026-03-15T15:28:24.074104,67.509,can0  040  [04]  15 00 2C 00
2026-03-15T15:28:24.074444,67.509,can0  204  [16]  6E 23 50 46 50 46 00 00 28 23 30 75 30 75 00 00
2026-03-15T15:28:24.173214,67.608,can0  040  [04]  15 00 2C 00
2026-03-15T15:28:24.173597,67.608,can0  204  [16]  6E 23 50 46 50 46 00 00 28 23 30 75 30 75 00 00
2026-03-15T15:28:24.173875,67.608,can0  060  [32]  00 00 00 00 00 00 00 00 00 00 00 00 00 00 00 00 00 00 00 00 00 00 00 00 00 00 00 00 00 00 00 00
2026-03-15T15:28:24.174174,67.609,can0  204  [16]  6E 23 50 46 50 46 00 00 28 23 30 75 30 75 00 00
2026-03-15T15:28:24.174370,67.609,can0  060  [32]  00 00 00 00 EE 2A 4D 08 63 06 B8 10 00 00 10 0E FF 01 00 00 00 00 00 00 01 00 00 00 00 00 00 00
2026-03-15T15:28:24.273305,67.708,can0  070  [20]  EE 2A 4D 08 0E B1 62 03 D8 59 00 00 1C 16 00 00 20 00 00 00
2026-03-15T15:28:24.273691,67.708,can0  204  [16]  6E 23 50 46 50 46 00 00 28 23 30 75 30 75 00 00
2026-03-15T15:28:24.275971,67.710,can0  041  [04]  10 01 06 00
2026-03-15T15:28:24.372104,67.807,can0  204  [16]  6E 23 50 46 50 46 00 00 28 23 30 75 30 75 00 00
2026-03-15T15:28:24.372520,67.807,can0  070  [20]  EE 2A 4D 08 0E B1 62 03 D8 59 00 00 1C 16 00 00 20 00 00 00
2026-03-15T15:28:24.373093,67.808,can0  040  [04]  16 00 33 00
2026-03-15T15:28:24.373408,67.808,can0  204  [16]  6E 23 50 46 50 46 00 00 28 23 30 75 30 75 00 00
2026-03-15T15:28:24.373817,67.808,can0  040  [04]  16 00 33 00
2026-03-15T15:28:24.472193,67.907,can0  204  [16]  6E 23 50 46 50 46 00 00 28 23 30 75 30 75 00 00
2026-03-15T15:28:24.472405,67.907,can0  204  [16]  6E 23 50 46 50 46 00 00 28 23 30 75 30 75 00 00
2026-03-15T15:28:24.572158,68.007,can0  204  [16]  6E 23 50 46 50 46 00 00 28 23 30 75 30 75 00 00
2026-03-15T15:28:24.572405,68.007,can0  041  [04]  10 01 06 00
2026-03-15T15:28:24.572662,68.007,can0  070  [20]  EE 2A 4D 08 0E B1 62 03 C0 5D 00 00 1C 16 00 00 30 00 00 00
2026-03-15T15:28:24.573248,68.008,can0  040  [04]  17 00 40 00
2026-03-15T15:28:24.573533,68.008,can0  204  [16]  6E 23 50 46 50 46 00 00 28 23 30 75 30 75 00 00
2026-03-15T15:28:24.672332,68.107,can0  070  [20]  EE 2A 4D 08 0E B1 62 03 C0 5D 00 00 1C 16 00 00 31 00 00 00
2026-03-15T15:28:24.672905,68.107,can0  040  [04]  17 00 40 00
2026-03-15T15:28:24.673258,68.108,can0  204  [16]  6E 23 50 46 50 46 00 00 28 23 30 75 30 75 00 00
2026-03-15T15:28:24.673521,68.108,can0  070  [20]  EE 2A 4D 08 0E B1 62 03 C0 5D 00 00 1C 16 00 00 31 00 00 00
2026-03-15T15:28:24.675977,68.110,can0  060  [32]  00 00 00 00 00 00 00 00 00 00 00 00 00 00 00 00 00 00 00 00 00 00 00 00 00 00 00 00 00 00 00 00
2026-03-15T15:28:24.772549,68.207,can0  204  [16]  6E 23 50 46 50 46 00 00 28 23 30 75 30 75 00 00
2026-03-15T15:28:24.772773,68.207,can0  204  [16]  6E 23 50 46 50 46 00 00 28 23 30 75 30 75 00 00
2026-03-15T15:28:24.872583,68.307,can0  041  [04]  DF 00 0C 00
2026-03-15T15:28:24.873590,68.308,can0  204  [16]  6E 23 50 46 50 46 00 00 28 23 30 75 30 75 00 00
2026-03-15T15:28:24.873704,68.308,can0  100  [03]  AD 4E 04
2026-03-15T15:28:24.874324,68.309,can0  120  [04]  00 00 00 00
2026-03-15T15:28:24.874894,68.309,can0  040  [04]  18 00 36 00
2026-03-15T15:28:24.875215,68.310,can0  204  [16]  6E 23 50 46 50 46 00 00 28 23 30 75 30 75 00 00
2026-03-15T15:28:24.875682,68.310,can0  040  [04]  18 00 36 00
2026-03-15T15:28:24.972675,68.407,can0  204  [16]  6E 23 50 46 50 46 00 00 28 23 30 75 30 75 00 00
2026-03-15T15:28:24.972887,68.407,can0  204  [16]  6E 23 50 46 50 46 00 00 28 23 30 75 30 75 00 00
2026-03-15T15:28:25.073891,68.508,can0  204  [16]  6E 23 50 46 50 46 00 00 28 23 30 75 30 75 00 00
2026-03-15T15:28:25.081361,68.516,can0  041  [04]  D4 00 14 00
2026-03-15T15:28:25.176283,68.611,can0  040  [04]  1E 00 2D 00
2026-03-15T15:28:25.176683,68.611,can0  204  [16]  6E 23 50 46 50 46 00 00 28 23 30 75 30 75 00 00
2026-03-15T15:28:25.177006,68.611,can0  204  [16]  6E 23 50 46 50 46 00 00 28 23 30 75 30 75 00 00
2026-03-15T15:28:25.177485,68.612,can0  040  [04]  1E 00 2D 00
2026-03-15T15:28:25.177762,68.612,can0  060  [32]  00 00 00 00 EE 2A 4D 08 63 06 B8 10 00 00 10 0E FF 01 00 00 00 00 00 00 01 00 00 00 00 00 00 00
2026-03-15T15:28:25.178309,68.613,can0  070  [20]  EE 2A 4D 08 0E B1 62 03 C0 5D 00 00 1C 16 00 00 31 00 00 00
2026-03-15T15:28:25.272241,68.707,can0  204  [16]  6E 23 50 46 50 46 00 00 28 23 30 75 30 75 00 00
2026-03-15T15:28:25.272552,68.707,can0  204  [16]  6E 23 50 46 50 46 00 00 28 23 30 75 30 75 00 00
2026-03-15T15:28:25.372019,68.806,can0  070  [20]  EE 2A 4D 08 0E B1 62 03 C0 5D 00 00 1C 16 00 00 31 00 00 00
2026-03-15T15:28:25.372634,68.807,can0  204  [16]  6E 23 50 46 50 46 00 00 28 23 30 75 30 75 00 00
2026-03-15T15:28:25.372716,68.807,can0  041  [04]  DC 00 1F 00
2026-03-15T15:28:25.373270,68.808,can0  040  [04]  1F 00 2D 00
2026-03-15T15:28:25.373593,68.808,can0  204  [16]  6E 23 50 46 50 46 00 00 28 23 30 75 30 75 00 00
2026-03-15T15:28:25.499919,68.934,can0  040  [04]  1F 00 2D 00
2026-03-15T15:28:25.500736,68.935,can0  204  [16]  6E 23 50 46 50 46 00 00 28 23 30 75 30 75 00 00
2026-03-15T15:28:25.566604,69.001,can0  204  [16]  6E 23 50 46 50 46 00 00 28 23 30 75 30 75 00 00
2026-03-15T15:28:25.566907,69.001,can0  204  [16]  6E 23 50 46 50 46 00 00 28 23 30 75 30 75 00 00
2026-03-15T15:28:25.567281,69.002,can0  070  [20]  EC 2A 4D 08 10 B1 62 03 A8 61 00 00 1C 16 00 00 30 00 00 00
2026-03-15T15:28:25.689726,69.124,can0  041  [04]  D9 00 24 00
2026-03-15T15:28:25.690417,69.125,can0  110  [02]  9D 1B
2026-03-15T15:28:25.690755,69.125,can0  204  [16]  6E 23 50 46 50 46 00 00 28 23 30 75 30 75 00 00
2026-03-15T15:28:25.691002,69.125,can0  070  [20]  EC 2A 4D 08 10 B1 62 03 A8 61 00 00 1C 16 00 00 30 00 00 00
2026-03-15T15:28:25.691532,69.126,can0  040  [04]  26 00 2C 00
2026-03-15T15:28:25.692065,69.126,can0  204  [16]  6E 23 50 46 50 46 00 00 28 23 30 75 30 75 00 00
2026-03-15T15:28:25.692114,69.127,can0  060  [32]  00 00 00 00 00 00 00 00 00 00 00 00 00 00 00 00 00 00 00 00 00 00 00 00 00 00 00 00 00 00 00 00
2026-03-15T15:28:25.692667,69.127,can0  040  [04]  26 00 2C 00
2026-03-15T15:28:25.781861,69.216,can0  070  [20]  EC 2A 4D 08 10 B1 62 03 A8 61 00 00 1C 16 00 00 30 00 00 00
2026-03-15T15:28:25.782217,69.217,can0  204  [16]  6E 23 50 46 50 46 00 00 28 23 30 75 30 75 00 00
2026-03-15T15:28:25.782543,69.217,can0  204  [16]  6E 23 50 46 50 46 00 00 28 23 30 75 30 75 00 00
2026-03-15T15:28:25.911889,69.346,can0  204  [16]  6E 23 50 46 50 46 00 00 28 23 30 75 30 75 00 00
2026-03-15T15:28:25.912181,69.347,can0  041  [04]  D9 00 2B 00
2026-03-15T15:28:25.969572,69.404,can0  040  [04]  26 00 24 00
2026-03-15T15:28:25.970068,69.404,can0  204  [16]  6E 23 50 46 50 46 00 00 28 23 30 75 30 75 00 00
2026-03-15T15:28:25.970668,69.405,can0  040  [04]  26 00 24 00
2026-03-15T15:28:25.971006,69.405,can0  204  [16]  6E 23 50 46 50 46 00 00 28 23 30 75 30 75 00 00
2026-03-15T15:28:26.100268,69.535,can0  204  [16]  6E 23 50 46 50 46 00 00 28 23 30 75 30 75 00 00
2026-03-15T15:28:26.100993,69.535,can0  100  [03]  AD 4E 04
2026-03-15T15:28:26.101590,69.536,can0  120  [04]  00 00 00 00
2026-03-15T15:28:26.104388,69.539,can0  204  [16]  6E 23 50 46 50 46 00 00 28 23 30 75 30 75 00 00
2026-03-15T15:28:26.223604,69.658,can0  204  [16]  6E 23 50 46 50 46 00 00 28 23 30 75 30 75 00 00
2026-03-15T15:28:26.223915,69.658,can0  041  [04]  D9 00 2E 00
2026-03-15T15:28:26.224619,69.659,can0  040  [04]  17 00 27 00
2026-03-15T15:28:26.224943,69.659,can0  204  [16]  6E 23 50 46 50 46 00 00 28 23 30 75 30 75 00 00
2026-03-15T15:28:26.225213,69.660,can0  060  [32]  00 00 00 00 00 00 00 00 00 00 00 00 00 00 00 00 00 00 00 00 00 00 00 00 00 00 00 00 00 00 00 00
2026-03-15T15:28:26.291243,69.726,can0  060  [32]  00 00 00 00 EC 2A 4D 08 64 06 B8 10 00 00 10 0E FF 01 00 00 00 00 00 00 01 00 00 00 00 00 00 00
2026-03-15T15:28:26.291756,69.726,can0  070  [20]  EC 2A 4D 08 10 B1 62 03 A8 61 00 00 1C 16 00 00 30 00 00 00
2026-03-15T15:28:26.292430,69.727,can0  040  [04]  17 00 27 00
2026-03-15T15:28:26.292652,69.727,can0  204  [16]  6E 23 50 46 50 46 00 00 28 23 30 75 30 75 00 00
2026-03-15T15:28:26.384095,69.819,can0  204  [16]  6E 23 50 46 50 46 00 00 28 23 30 75 30 75 00 00
2026-03-15T15:28:26.384310,69.819,can0  070  [20]  EC 2A 4D 08 10 B1 62 03 A8 61 00 00 1C 16 00 00 30 00 00 00
2026-03-15T15:28:26.387000,69.821,can0  204  [16]  6E 23 50 46 50 46 00 00 28 23 30 75 30 75 00 00
2026-03-15T15:28:26.472300,69.907,can0  041  [04]  D9 00 2F 00
2026-03-15T15:28:26.472651,69.907,can0  204  [16]  6E 23 50 46 50 46 00 00 28 23 30 75 30 75 00 00
2026-03-15T15:28:26.473325,69.908,can0  040  [04]  10 00 2B 00
2026-03-15T15:28:26.475928,69.910,can0  204  [16]  6E 23 50 46 50 46 00 00 28 23 30 75 30 75 00 00
2026-03-15T15:28:26.572973,70.007,can0  040  [04]  10 00 2B 00
2026-03-15T15:28:26.575920,70.010,can0  204  [16]  6E 23 50 46 50 46 00 00 28 23 30 75 30 75 00 00
2026-03-15T15:28:26.576014,70.010,can0  070  [20]  EC 2A 4D 08 11 B1 62 03 90 65 00 00 1C 16 00 00 2E 00 00 00
2026-03-15T15:28:26.576109,70.011,can0  204  [16]  6E 23 50 46 50 46 00 00 28 23 30 75 30 75 00 00
2026-03-15T15:28:26.671905,70.106,can0  070  [20]  EC 2A 4D 08 11 B1 62 03 90 65 00 00 1C 16 00 00 2D 00 00 00
2026-03-15T15:28:26.672129,70.107,can0  204  [16]  6E 23 50 46 50 46 00 00 28 23 30 75 30 75 00 00
2026-03-15T15:28:26.672392,70.107,can0  041  [04]  D8 00 35 00
2026-03-15T15:28:26.672537,70.107,can0  070  [20]  EC 2A 4D 08 11 B1 62 03 90 65 00 00 1C 16 00 00 2D 00 00 00
2026-03-15T15:28:26.675444,70.110,can0  040  [04]  1D 00 2D 00
2026-03-15T15:28:26.772135,70.207,can0  204  [16]  6E 23 50 46 50 46 00 00 28 23 30 75 30 75 00 00
2026-03-15T15:28:26.772495,70.207,can0  060  [32]  00 00 00 00 00 00 00 00 00 00 00 00 00 00 00 00 00 00 00 00 00 00 00 00 00 00 00 00 00 00 00 00
2026-03-15T15:28:26.773063,70.207,can0  040  [04]  1D 00 2D 00
2026-03-15T15:28:26.775891,70.210,can0  204  [16]  6E 23 50 46 50 46 00 00 28 23 30 75 30 75 00 00
2026-03-15T15:28:26.872193,70.307,can0  204  [16]  6E 23 50 46 50 46 00 00 28 23 30 75 30 75 00 00
2026-03-15T15:28:26.872521,70.307,can0  204  [16]  6E 23 50 46 50 46 00 00 28 23 30 75 30 75 00 00
2026-03-15T15:28:26.972476,70.407,can0  204  [16]  6E 23 50 46 50 46 00 00 28 23 30 75 30 75 00 00
2026-03-15T15:28:26.972813,70.407,can0  041  [04]  CF 00 31 00
2026-03-15T15:28:26.973412,70.408,can0  040  [04]  21 00 2F 00
2026-03-15T15:28:26.976000,70.410,can0  204  [16]  6E 23 50 46 50 46 00 00 28 23 30 75 30 75 00 00
2026-03-15T15:28:27.072956,70.507,can0  040  [04]  21 00 2F 00
2026-03-15T15:28:27.073238,70.508,can0  204  [16]  6E 23 50 46 50 46 00 00 28 23 30 75 30 75 00 00
2026-03-15T15:28:27.073406,70.508,can0  132  [00]
2026-03-15T15:28:27.172402,70.607,can0  204  [16]  6E 23 50 46 50 46 00 00 28 23 30 75 30 75 00 00
2026-03-15T15:28:27.172630,70.607,can0  204  [16]  6E 23 50 46 50 46 00 00 28 23 30 75 30 75 00 00
2026-03-15T15:28:27.176101,70.611,can0  070  [20]  EC 2A 4D 08 11 B1 62 03 90 65 00 00 1C 16 00 00 2D 00 00 00
2026-03-15T15:28:27.277414,70.712,can0  041  [04]  CA 00 38 00
2026-03-15T15:28:27.277651,70.712,can0  060  [32]  00 00 00 00 EC 2A 4D 08 66 06 B8 10 00 00 10 0E FF 01 00 00 00 00 00 00 01 00 00 00 00 00 00 00
2026-03-15T15:28:27.278325,70.713,can0  204  [16]  6E 23 50 46 50 46 00 00 28 23 30 75 30 75 00 00
2026-03-15T15:28:27.279162,70.714,can0  100  [03]  AC 4E 04
2026-03-15T15:28:27.279840,70.714,can0  110  [02]  9E 1B
2026-03-15T15:28:27.280477,70.715,can0  120  [04]  00 00 00 00
2026-03-15T15:28:27.281238,70.716,can0  040  [04]  20 00 2F 00
2026-03-15T15:28:27.281526,70.716,can0  204  [16]  6E 23 50 46 50 46 00 00 28 23 30 75 30 75 00 00
2026-03-15T15:28:27.282116,70.717,can0  040  [04]  20 00 2F 00
2026-03-15T15:28:27.396568,70.831,can0  070  [20]  EC 2A 4D 08 11 B1 62 03 90 65 00 00 1C 16 00 00 2D 00 00 00
2026-03-15T15:28:27.396922,70.831,can0  204  [16]  6E 23 50 46 50 46 00 00 28 23 30 75 30 75 00 00
2026-03-15T15:28:27.399446,70.834,can0  204  [16]  6E 23 50 46 50 46 00 00 28 23 30 75 30 75 00 00
2026-03-15T15:28:27.486887,70.921,can0  204  [16]  6E 23 50 46 50 46 00 00 28 23 30 75 30 75 00 00
2026-03-15T15:28:27.487415,70.922,can0  041  [04]  D0 00 3B 00
2026-03-15T15:28:27.576053,71.010,can0  040  [04]  1E 00 2F 00
2026-03-15T15:28:27.576452,71.011,can0  204  [16]  6E 23 50 46 50 46 00 00 28 23 30 75 30 75 00 00
2026-03-15T15:28:27.576784,71.011,can0  070  [20]  EA 2A 4D 08 11 B1 62 03 78 69 00 00 1C 16 00 00 3F 00 00 00
2026-03-15T15:28:27.577286,71.012,can0  040  [04]  1E 00 2F 00
2026-03-15T15:28:27.579720,71.014,can0  204  [16]  6E 23 50 46 50 46 00 00 28 23 30 75 30 75 00 00
2026-03-15T15:28:27.671900,71.106,can0  070  [20]  EA 2A 4D 08 11 B1 62 03 78 69 00 00 1C 16 00 00 3F 00 00 00
2026-03-15T15:28:27.672270,71.107,can0  204  [16]  6E 23 50 46 50 46 00 00 28 23 30 75 30 75 00 00
2026-03-15T15:28:27.675113,71.110,can0  204  [16]  6E 23 50 46 50 46 00 00 28 23 30 75 30 75 00 00
2026-03-15T15:28:27.772174,71.207,can0  070  [20]  EA 2A 4D 08 11 B1 62 03 78 69 00 00 1C 16 00 00 3F 00 00 00
2026-03-15T15:28:27.772747,71.207,can0  060  [32]  00 00 00 00 00 00 00 00 00 00 00 00 00 00 00 00 00 00 00 00 00 00 00 00 00 00 00 00 00 00 00 00
2026-03-15T15:28:27.772833,71.207,can0  041  [04]  D8 00 3A 00
2026-03-15T15:28:27.772963,71.207,can0  204  [16]  6E 23 50 46 50 46 00 00 28 23 30 75 30 75 00 00
2026-03-15T15:28:27.773544,71.208,can0  040  [04]  1A 00 32 00
2026-03-15T15:28:27.773778,71.208,can0  204  [16]  6E 23 50 46 50 46 00 00 28 23 30 75 30 75 00 00
2026-03-15T15:28:27.872695,71.307,can0  040  [04]  1A 00 32 00
2026-03-15T15:28:27.873061,71.307,can0  204  [16]  6E 23 50 46 50 46 00 00 28 23 30 75 30 75 00 00
2026-03-15T15:28:27.972343,71.407,can0  204  [16]  6E 23 50 46 50 46 00 00 28 23 30 75 30 75 00 00
2026-03-15T15:28:27.975702,71.410,can0  204  [16]  6E 23 50 46 50 46 00 00 28 23 30 75 30 75 00 00
2026-03-15T15:28:28.073532,71.508,can0  041  [04]  DD 00 3B 00
2026-03-15T15:28:28.073655,71.508,can0  040  [04]  15 00 35 00
2026-03-15T15:28:28.073949,71.508,can0  204  [16]  6E 23 50 46 50 46 00 00 28 23 30 75 30 75 00 00
2026-03-15T15:28:28.074268,71.509,can0  204  [16]  6E 23 50 46 50 46 00 00 28 23 30 75 30 75 00 00
2026-03-15T15:28:28.074899,71.509,can0  040  [04]  15 00 35 00
2026-03-15T15:28:28.204884,71.639,can0  204  [16]  6E 23 50 46 50 46 00 00 28 23 30 75 30 75 00 00
2026-03-15T15:28:28.208746,71.643,can0  204  [16]  6E 23 50 46 50 46 00 00 28 23 30 75 30 75 00 00
2026-03-15T15:28:28.271112,71.706,can0  070  [20]  EA 2A 4D 08 11 B1 62 03 78 69 00 00 1C 16 00 00 3F 00 00 00
2026-03-15T15:28:28.271491,71.706,can0  060  [32]  00 00 00 00 00 00 00 00 00 00 00 00 00 00 00 00 00 00 00 00 00 00 00 00 00 00 00 00 00 00 00 00
2026-03-15T15:28:28.271729,71.706,can0  060  [32]  00 00 00 00 EA 2A 4D 08 66 06 B8 10 00 00 10 0E FF 01 00 00 00 00 00 00 01 00 00 00 00 00 00 00
2026-03-15T15:28:28.272657,71.707,can0  204  [16]  6E 23 50 46 50 46 00 00 28 23 30 75 30 75 00 00
2026-03-15T15:28:28.272744,71.707,can0  041  [04]  DF 00 3A 00
2026-03-15T15:28:28.401342,71.836,can0  070  [20]  EA 2A 4D 08 11 B1 62 03 78 69 00 00 1C 16 00 00 3F 00 00 00
2026-03-15T15:28:28.402173,71.837,can0  040  [04]  0E 00 40 00
2026-03-15T15:28:28.402464,71.837,can0  204  [16]  6E 23 50 46 50 46 00 00 28 23 30 75 30 75 00 00
2026-03-15T15:28:28.403053,71.837,can0  040  [04]  0E 00 40 00
2026-03-15T15:28:28.403315,71.838,can0  204  [16]  6E 23 50 46 50 46 00 00 28 23 30 75 30 75 00 00
2026-03-15T15:28:28.470281,71.905,can0  100  [03]  A9 4E 04
2026-03-15T15:28:28.470685,71.905,can0  204  [16]  6E 23 50 46 50 46 00 00 28 23 30 75 30 75 00 00
2026-03-15T15:28:28.471932,71.906,can0  120  [04]  00 00 00 00
2026-03-15T15:28:28.477377,71.912,can0  204  [16]  6E 23 50 46 50 46 00 00 28 23 30 75 30 75 00 00
2026-03-15T15:28:28.608870,72.043,can0  041  [04]  DE 00 3F 00
2026-03-15T15:28:28.609260,72.044,can0  204  [16]  6E 23 50 46 50 46 00 00 28 23 30 75 30 75 00 00
2026-03-15T15:28:28.609960,72.044,can0  040  [04]  0A 00 43 00
2026-03-15T15:28:28.610337,72.045,can0  070  [20]  EA 2A 4D 08 11 B1 62 03 60 6D 00 00 1C 16 00 00 23 00 00 00
2026-03-15T15:28:28.610525,72.045,can0  204  [16]  6E 23 50 46 50 46 00 00 28 23 30 75 30 75 00 00
2026-03-15T15:28:28.695714,72.130,can0  070  [20]  EA 2A 4D 08 11 B1 62 03 60 6D 00 00 1C 16 00 00 24 00 00 00
2026-03-15T15:28:28.696278,72.131,can0  040  [04]  0A 00 43 00
2026-03-15T15:28:28.696550,72.131,can0  204  [16]  6E 23 50 46 50 46 00 00 28 23 30 75 30 75 00 00
2026-03-15T15:28:28.696762,72.131,can0  070  [20]  EA 2A 4D 08 11 B1 62 03 60 6D 00 00 1C 16 00 00 24 00 00 00
2026-03-15T15:28:28.784718,72.219,can0  204  [16]  6E 23 50 46 50 46 00 00 28 23 30 75 30 75 00 00
2026-03-15T15:28:28.784918,72.219,can0  060  [32]  00 00 00 00 00 00 00 00 00 00 00 00 00 00 00 00 00 00 00 00 00 00 00 00 00 00 00 00 00 00 00 00
2026-03-15T15:28:28.785154,72.220,can0  204  [16]  6E 23 50 46 50 46 00 00 28 23 30 75 30 75 00 00
2026-03-15T15:28:28.872072,72.307,can0  041  [04]  DB 00 40 00
2026-03-15T15:28:28.872281,72.307,can0  204  [16]  6E 23 50 46 50 46 00 00 28 23 30 75 30 75 00 00
2026-03-15T15:28:28.873060,72.307,can0  110  [02]  9A 1B
2026-03-15T15:28:28.873772,72.308,can0  040  [04]  0A 00 3D 00
2026-03-15T15:28:28.874030,72.308,can0  204  [16]  6E 23 50 46 50 46 00 00 28 23 30 75 30 75 00 00
2026-03-15T15:28:28.874492,72.309,can0  040  [04]  0A 00 3D 00
2026-03-15T15:28:28.971782,72.406,can0  204  [16]  6E 23 50 46 50 46 00 00 28 23 30 75 30 75 00 00
2026-03-15T15:28:28.972269,72.407,can0  204  [16]  6E 23 50 46 50 46 00 00 28 23 30 75 30 75 00 00
2026-03-15T15:28:29.071947,72.506,can0  204  [16]  6E 23 50 46 50 46 00 00 28 23 30 75 30 75 00 00
2026-03-15T15:28:29.072370,72.507,can0  041  [04]  D2 00 3C 00
2026-03-15T15:28:29.072717,72.507,can0  133  [00]
2026-03-15T15:28:29.073414,72.508,can0  040  [04]  12 00 38 00
2026-03-15T15:28:29.172473,72.607,can0  204  [16]  6E 23 50 46 50 46 00 00 28 23 30 75 30 75 00 00
2026-03-15T15:28:29.173308,72.608,can0  040  [04]  12 00 38 00
2026-03-15T15:28:29.173561,72.608,can0  204  [16]  6E 23 50 46 50 46 00 00 28 23 30 75 30 75 00 00
2026-03-15T15:28:29.272828,72.707,can0  070  [20]  EA 2A 4D 08 11 B1 62 03 60 6D 00 00 1C 16 00 00 24 00 00 00
2026-03-15T15:28:29.273123,72.708,can0  204  [16]  6E 23 50 46 50 46 00 00 28 23 30 75 30 75 00 00
2026-03-15T15:28:29.273349,72.708,can0  060  [32]  00 00 00 00 EA 2A 4D 08 66 06 B8 10 00 00 10 0E FF 01 00 00 00 00 00 00 01 00 00 00 00 00 00 00
2026-03-15T15:28:29.275988,72.710,can0  204  [16]  6E 23 50 46 50 46 00 00 28 23 30 75 30 75 00 00
2026-03-15T15:28:29.372467,72.807,can0  070  [20]  EA 2A 4D 08 11 B1 62 03 60 6D 00 00 1C 16 00 00 24 00 00 00
2026-03-15T15:28:29.372739,72.807,can0  041  [04]  C8 00 39 00
2026-03-15T15:28:29.372973,72.807,can0  204  [16]  6E 23 50 46 50 46 00 00 28 23 30 75 30 75 00 00
2026-03-15T15:28:29.373764,72.808,can0  040  [04]  18 00 3A 00
2026-03-15T15:28:29.374084,72.809,can0  204  [16]  6E 23 50 46 50 46 00 00 28 23 30 75 30 75 00 00
2026-03-15T15:28:29.472387,72.907,can0  040  [04]  18 00 3A 00
2026-03-15T15:28:29.472772,72.907,can0  204  [16]  6E 23 50 46 50 46 00 00 28 23 30 75 30 75 00 00
2026-03-15T15:28:29.597422,73.032,can0  204  [16]  6E 23 50 46 50 46 00 00 28 23 30 75 30 75 00 00
2026-03-15T15:28:29.597700,73.032,can0  070  [20]  E9 2A 4D 08 13 B1 62 03 48 71 00 00 1C 16 00 00 21 00 00 00
2026-03-15T15:28:29.598773,73.033,can0  204  [16]  6E 23 50 46 50 46 00 00 28 23 30 75 30 75 00 00
2026-03-15T15:28:29.603386,73.038,can0  041  [04]  BA 00 34 00
2026-03-15T15:28:29.726316,73.161,can0  070  [20]  E9 2A 4D 08 13 B1 62 03 48 71 00 00 1C 16 00 00 20 00 00 00
2026-03-15T15:28:29.727269,73.162,can0  100  [03]  AA 4E 04
2026-03-15T15:28:29.727644,73.162,can0  204  [16]  6E 23 50 46 50 46 00 00 28 23 30 75 30 75 00 00
2026-03-15T15:28:29.728407,73.163,can0  120  [04]  00 00 00 00
2026-03-15T15:28:29.729124,73.164,can0  040  [04]  1F 00 3B 00
2026-03-15T15:28:29.736761,73.171,can0  040  [04]  1F 00 3B 00
2026-03-15T15:28:29.736881,73.171,can0  204  [16]  6E 23 50 46 50 46 00 00 28 23 30 75 30 75 00 00
2026-03-15T15:28:29.794346,73.229,can0  070  [20]  E9 2A 4D 08 13 B1 62 03 48 71 00 00 1C 16 00 00 20 00 00 00
2026-03-15T15:28:29.794735,73.229,can0  204  [16]  6E 23 50 46 50 46 00 00 28 23 30 75 30 75 00 00
2026-03-15T15:28:29.795033,73.229,can0  060  [32]  00 00 00 00 00 00 00 00 00 00 00 00 00 00 00 00 00 00 00 00 00 00 00 00 00 00 00 00 00 00 00 00
2026-03-15T15:28:29.795352,73.230,can0  204  [16]  6E 23 50 46 50 46 00 00 28 23 30 75 30 75 00 00
2026-03-15T15:28:29.919351,73.354,can0  204  [16]  6E 23 50 46 50 46 00 00 28 23 30 75 30 75 00 00
2026-03-15T15:28:29.919649,73.354,can0  041  [04]  B7 00 31 00
2026-03-15T15:28:29.920380,73.355,can0  040  [04]  1C 00 3A 00
2026-03-15T15:28:29.985421,73.420,can0  204  [16]  6E 23 50 46 50 46 00 00 28 23 30 75 30 75 00 00
2026-03-15T15:28:29.985567,73.420,can0  040  [04]  1C 00 3A 00
2026-03-15T15:28:29.990519,73.425,can0  204  [16]  6E 23 50 46 50 46 00 00 28 23 30 75 30 75 00 00
2026-03-15T15:28:30.111149,73.546,can0  204  [16]  6E 23 50 46 50 46 00 00 28 23 30 75 30 75 00 00
2026-03-15T15:28:30.118722,73.553,can0  204  [16]  6E 23 50 46 50 46 00 00 28 23 30 75 30 75 00 00
2026-03-15T15:28:30.181632,73.616,can0  041  [04]  B9 00 2C 00
2026-03-15T15:28:30.190252,73.625,can0  204  [16]  6E 23 50 46 50 46 00 00 28 23 30 75 30 75 00 00
2026-03-15T15:28:30.190374,73.625,can0  040  [04]  10 00 3B 00
2026-03-15T15:28:30.190457,73.625,can0  204  [16]  6E 23 50 46 50 46 00 00 28 23 30 75 30 75 00 00
2026-03-15T15:28:30.311375,73.746,can0  070  [20]  E9 2A 4D 08 13 B1 62 03 48 71 00 00 1C 16 00 00 20 00 00 00
2026-03-15T15:28:30.312195,73.747,can0  040  [04]  10 00 3B 00
2026-03-15T15:28:30.312446,73.747,can0  060  [32]  00 00 00 00 00 00 00 00 00 00 00 00 00 00 00 00 00 00 00 00 00 00 00 00 00 00 00 00 00 00 00 00
2026-03-15T15:28:30.312780,73.747,can0  204  [16]  6E 23 50 46 50 46 00 00 28 23 30 75 30 75 00 00
2026-03-15T15:28:30.312966,73.747,can0  060  [32]  00 00 00 00 E9 2A 4D 08 68 06 B8 10 00 00 10 0E FF 01 00 00 00 00 00 00 01 00 00 00 00 00 00 00
2026-03-15T15:28:30.376863,73.811,can0  070  [20]  E9 2A 4D 08 13 B1 62 03 48 71 00 00 1C 16 00 00 20 00 00 00
2026-03-15T15:28:30.377200,73.812,can0  204  [16]  6E 23 50 46 50 46 00 00 28 23 30 75 30 75 00 00
2026-03-15T15:28:30.386533,73.821,can0  204  [16]  6E 23 50 46 50 46 00 00 28 23 30 75 30 75 00 00
2026-03-15T15:28:30.386658,73.821,can0  041  [04]  BF 00 28 00
2026-03-15T15:28:30.499770,73.934,can0  040  [04]  06 00 3D 00
2026-03-15T15:28:30.500458,73.935,can0  110  [02]  9B 1B
2026-03-15T15:28:30.500729,73.935,can0  204  [16]  6E 23 50 46 50 46 00 00 28 23 30 75 30 75 00 00
2026-03-15T15:28:30.500927,73.935,can0  204  [16]  6E 23 50 46 50 46 00 00 28 23 30 75 30 75 00 00
2026-03-15T15:28:30.501423,73.936,can0  040  [04]  06 00 3D 00
2026-03-15T15:28:30.588917,74.023,can0  204  [16]  6E 23 50 46 50 46 00 00 28 23 30 75 30 75 00 00
2026-03-15T15:28:30.589029,74.023,can0  070  [20]  E9 2A 4D 08 13 B1 62 03 30 75 00 00 1C 16 00 00 18 00 00 00
2026-03-15T15:28:30.673187,74.108,can0  204  [16]  6E 23 50 46 50 46 00 00 28 23 30 75 30 75 00 00
2026-03-15T15:28:30.673451,74.108,can0  070  [20]  E9 2A 4D 08 13 B1 62 03 30 75 00 00 1C 16 00 00 18 00 00 00
2026-03-15T15:28:30.676869,74.111,can0  204  [16]  6E 23 50 46 50 46 00 00 28 23 30 75 30 75 00 00
2026-03-15T15:28:30.676980,74.111,can0  041  [04]  C5 00 29 00
2026-03-15T15:28:30.822453,74.257,can0  070  [20]  E9 2A 4D 08 13 B1 62 03 30 75 00 00 1C 16 00 00 18 00 00 00
2026-03-15T15:28:30.823145,74.258,can0  040  [04]  65 01 3E 00
2026-03-15T15:28:30.823558,74.258,can0  204  [16]  6E 23 50 46 50 46 00 00 28 23 30 75 30 75 00 00
2026-03-15T15:28:30.824073,74.258,can0  040  [04]  65 01 3E 00
2026-03-15T15:28:30.824378,74.259,can0  060  [32]  00 00 00 00 00 00 00 00 00 00 00 00 00 00 00 00 00 00 00 00 00 00 00 00 00 00 00 00 00 00 00 00
2026-03-15T15:28:30.824682,74.259,can0  204  [16]  6E 23 50 46 50 46 00 00 28 23 30 75 30 75 00 00
2026-03-15T15:28:30.923049,74.357,can0  204  [16]  6E 23 50 46 50 46 00 00 28 23 30 75 30 75 00 00
2026-03-15T15:28:30.923147,74.358,can0  100  [03]  A6 4E 04
2026-03-15T15:28:30.923648,74.358,can0  120  [04]  00 00 00 00
2026-03-15T15:28:30.926319,74.361,can0  204  [16]  6E 23 50 46 50 46 00 00 28 23 30 75 30 75 00 00
2026-03-15T15:28:31.022140,74.457,can0  041  [04]  CB 00 2B 00
2026-03-15T15:28:31.022434,74.457,can0  204  [16]  6E 23 50 46 50 46 00 00 28 23 30 75 30 75 00 00
2026-03-15T15:28:31.022993,74.457,can0  040  [04]  61 01 34 00
2026-03-15T15:28:31.023287,74.458,can0  204  [16]  6E 23 50 46 50 46 00 00 28 23 30 75 30 75 00 00
2026-03-15T15:28:31.122868,74.557,can0  040  [04]  61 01 34 00
2026-03-15T15:28:31.123128,74.558,can0  204  [16]  6E 23 50 46 50 46 00 00 28 23 30 75 30 75 00 00
2026-03-15T15:28:31.222209,74.657,can0  204  [16]  6E 23 50 46 50 46 00 00 28 23 30 75 30 75 00 00
2026-03-15T15:28:31.222475,74.657,can0  204  [16]  6E 23 50 46 50 46 00 00 28 23 30 75 30 75 00 00
2026-03-15T15:28:31.222676,74.657,can0  041  [04]  CC 00 30 00
2026-03-15T15:28:31.322229,74.757,can0  070  [20]  E9 2A 4D 08 13 B1 62 03 30 75 00 00 1C 16 00 00 18 00 00 00
2026-03-15T15:28:31.323079,74.758,can0  040  [04]  64 01 2B 00
2026-03-15T15:28:31.323373,74.758,can0  204  [16]  6E 23 50 46 50 46 00 00 28 23 30 75 30 75 00 00
2026-03-15T15:28:31.323597,74.758,can0  060  [32]  00 00 00 00 E9 2A 4D 08 68 06 B8 10 00 00 10 0E FF 01 00 00 00 00 00 00 01 00 00 00 00 00 00 00
2026-03-15T15:28:31.324197,74.759,can0  204  [16]  6E 23 50 46 50 46 00 00 28 23 30 75 30 75 00 00
2026-03-15T15:28:31.324967,74.759,can0  040  [04]  64 01 2B 00
2026-03-15T15:28:31.381537,74.816,can0  070  [20]  E9 2A 4D 08 13 B1 62 03 30 75 00 00 1C 16 00 00 18 00 00 00
2026-03-15T15:28:31.381877,74.816,can0  204  [16]  6E 23 50 46 50 46 00 00 28 23 30 75 30 75 00 00
2026-03-15T15:28:31.382183,74.817,can0  204  [16]  6E 23 50 46 50 46 00 00 28 23 30 75 30 75 00 00
2026-03-15T15:28:31.493425,74.928,can0  204  [16]  6E 23 50 46 50 46 00 00 28 23 30 75 30 75 00 00
2026-03-15T15:28:31.493720,74.928,can0  041  [04]  D5 00 30 00
2026-03-15T15:28:31.494400,74.929,can0  040  [04]  01 00 1E 00
2026-03-15T15:28:31.583770,75.018,can0  204  [16]  6E 23 50 46 50 46 00 00 28 23 30 75 30 75 00 00
2026-03-15T15:28:31.584327,75.019,can0  040  [04]  01 00 1E 00
2026-03-15T15:28:31.584594,75.019,can0  204  [16]  6E 23 50 46 50 46 00 00 28 23 30 75 30 75 00 00
2026-03-15T15:28:31.584780,75.019,can0  070  [20]  E9 2A 4D 08 13 B1 62 03 18 79 00 00 1C 16 00 00 25 00 00 00
2026-03-15T15:28:31.722753,75.157,can0  204  [16]  6E 23 50 46 50 46 00 00 28 23 30 75 30 75 00 00
2026-03-15T15:28:31.722952,75.157,can0  070  [20]  E9 2A 4D 08 13 B1 62 03 18 79 00 00 1C 16 00 00 25 00 00 00
2026-03-15T15:28:31.725533,75.160,can0  204  [16]  6E 23 50 46 50 46 00 00 28 23 30 75 30 75 00 00
2026-03-15T15:28:31.822399,75.257,can0  070  [20]  E9 2A 4D 08 13 B1 62 03 18 79 00 00 1C 16 00 00 25 00 00 00
2026-03-15T15:28:31.822699,75.257,can0  041  [04]  DC 00 33 00
2026-03-15T15:28:31.823080,75.258,can0  204  [16]  6E 23 50 46 50 46 00 00 28 23 30 75 30 75 00 00
2026-03-15T15:28:31.823466,75.258,can0  060  [32]  00 00 00 00 00 00 00 00 00 00 00 00 00 00 00 00 00 00 00 00 00 00 00 00 00 00 00 00 00 00 00 00
2026-03-15T15:28:31.831441,75.266,can0  040  [04]  15 00 1E 00
2026-03-15T15:28:31.889351,75.324,can0  204  [16]  6E 23 50 46 50 46 00 00 28 23 30 75 30 75 00 00
2026-03-15T15:28:31.890145,75.325,can0  040  [04]  15 00 1E 00
2026-03-15T15:28:31.893803,75.328,can0  204  [16]  6E 23 50 46 50 46 00 00 28 23 30 75 30 75 00 00
2026-03-15T15:28:32.019118,75.454,can0  204  [16]  6E 23 50 46 50 46 00 00 28 23 30 75 30 75 00 00
2026-03-15T15:28:32.019461,75.454,can0  204  [16]  6E 23 50 46 50 46 00 00 28 23 30 75 30 75 00 00
2026-03-15T15:28:32.019737,75.454,can0  041  [04]  E0 00 33 00
2026-03-15T15:28:32.084492,75.519,can0  204  [16]  6E 23 50 46 50 46 00 00 28 23 30 75 30 75 00 00
2026-03-15T15:28:32.085334,75.520,can0  100  [03]  A8 4E 04
2026-03-15T15:28:32.086753,75.521,can0  040  [04]  13 00 25 00
2026-03-15T15:28:32.086841,75.521,can0  110  [02]  9D 1B
2026-03-15T15:28:32.087653,75.522,can0  120  [04]  00 00 00 00
2026-03-15T15:28:32.088363,75.523,can0  040  [04]  13 00 25 00
2026-03-15T15:28:32.088621,75.523,can0  204  [16]  6E 23 50 46 50 46 00 00 28 23 30 75 30 75 00 00
2026-03-15T15:28:32.218874,75.653,can0  204  [16]  6E 23 50 46 50 46 00 00 28 23 30 75 30 75 00 00
2026-03-15T15:28:32.218975,75.653,can0  204  [16]  6E 23 50 46 50 46 00 00 28 23 30 75 30 75 00 00
2026-03-15T15:28:32.283144,75.718,can0  070  [20]  E9 2A 4D 08 13 B1 62 03 18 79 00 00 1C 16 00 00 25 00 00 00
2026-03-15T15:28:32.283490,75.718,can0  204  [16]  6E 23 50 46 50 46 00 00 28 23 30 75 30 75 00 00
2026-03-15T15:28:32.283765,75.718,can0  041  [04]  E1 00 32 00
2026-03-15T15:28:32.284056,75.718,can0  060  [32]  00 00 00 00 00 00 00 00 00 00 00 00 00 00 00 00 00 00 00 00 00 00 00 00 00 00 00 00 00 00 00 00
2026-03-15T15:28:32.284258,75.719,can0  060  [32]  00 00 00 00 E9 2A 4D 08 68 06 B8 10 00 00 10 0E FF 01 00 00 00 00 00 00 01 00 00 00 00 00 00 00
2026-03-15T15:28:32.292645,75.727,can0  040  [04]  1B 00 28 00
2026-03-15T15:28:32.417645,75.852,can0  204  [16]  6E 23 50 46 50 46 00 00 28 23 30 75 30 75 00 00
2026-03-15T15:28:32.418513,75.853,can0  040  [04]  1B 00 28 00
2026-03-15T15:28:32.418853,75.853,can0  204  [16]  6E 23 50 46 50 46 00 00 28 23 30 75 30 75 00 00
2026-03-15T15:28:32.485402,75.920,can0  204  [16]  6E 23 50 46 50 46 00 00 28 23 30 75 30 75 00 00
2026-03-15T15:28:32.485742,75.920,can0  204  [16]  6E 23 50 46 50 46 00 00 28 23 30 75 30 75 00 00
2026-03-15T15:28:32.486011,75.920,can0  070  [20]  E9 2A 4D 08 13 B1 62 03 18 79 00 00 1C 16 00 00 25 00 00 00
2026-03-15T15:28:32.615196,76.050,can0  041  [04]  E1 00 34 00
2026-03-15T15:28:32.615556,76.050,can0  204  [16]  6E 23 50 46 50 46 00 00 28 23 30 75 30 75 00 00
2026-03-15T15:28:32.616338,76.051,can0  040  [04]  18 00 32 00
2026-03-15T15:28:32.616562,76.051,can0  070  [20]  E7 2A 4D 08 15 B1 62 03 00 7D 00 00 1C 16 00 00 1E 00 00 00
2026-03-15T15:28:32.621959,76.056,can0  070  [20]  E7 2A 4D 08 15 B1 62 03 00 7D 00 00 1C 16 00 00 1F 00 00 00
2026-03-15T15:28:32.622082,76.057,can0  204  [16]  6E 23 50 46 50 46 00 00 28 23 30 75 30 75 00 00
2026-03-15T15:28:32.684183,76.119,can0  040  [04]  18 00 32 00
2026-03-15T15:28:32.684730,76.119,can0  204  [16]  6E 23 50 46 50 46 00 00 28 23 30 75 30 75 00 00
2026-03-15T15:28:32.684961,76.119,can0  070  [20]  E7 2A 4D 08 15 B1 62 03 00 7D 00 00 1C 16 00 00 1F 00 00 00
2026-03-15T15:28:32.815502,76.250,can0  204  [16]  6E 23 50 46 50 46 00 00 28 23 30 75 30 75 00 00
2026-03-15T15:28:32.815821,76.250,can0  204  [16]  6E 23 50 46 50 46 00 00 28 23 30 75 30 75 00 00
2026-03-15T15:28:32.816089,76.251,can0  060  [32]  00 00 00 00 00 00 00 00 00 00 00 00 00 00 00 00 00 00 00 00 00 00 00 00 00 00 00 00 00 00 00 00
2026-03-15T15:28:32.816359,76.251,can0  041  [04]  E2 00 38 00
2026-03-15T15:28:32.882521,76.317,can0  040  [04]  15 00 3A 00
2026-03-15T15:28:32.882904,76.317,can0  204  [16]  6E 23 50 46 50 46 00 00 28 23 30 75 30 75 00 00
2026-03-15T15:28:32.883611,76.318,can0  040  [04]  15 00 3A 00
2026-03-15T15:28:32.883922,76.318,can0  204  [16]  6E 23 50 46 50 46 00 00 28 23 30 75 30 75 00 00
2026-03-15T15:28:33.013021,76.447,can0  204  [16]  6E 23 50 46 50 46 00 00 28 23 30 75 30 75 00 00
2026-03-15T15:28:33.118285,76.553,can0  204  [16]  6E 23 50 46 50 46 00 00 28 23 30 75 30 75 00 00
2026-03-15T15:28:33.118579,76.553,can0  041  [04]  E2 00 39 00
2026-03-15T15:28:33.118888,76.553,can0  204  [16]  6E 23 50 46 50 46 00 00 28 23 30 75 30 75 00 00
2026-03-15T15:28:33.119581,76.554,can0  040  [04]  11 00 3E 00
2026-03-15T15:28:33.207929,76.642,can0  204  [16]  6E 23 50 46 50 46 00 00 28 23 30 75 30 75 00 00
2026-03-15T15:28:33.208984,76.643,can0  040  [04]  11 00 3E 00
2026-03-15T15:28:33.209080,76.644,can0  204  [16]  6E 23 50 46 50 46 00 00 28 23 30 75 30 75 00 00
2026-03-15T15:28:33.209259,76.644,can0  070  [20]  E7 2A 4D 08 15 B1 62 03 00 7D 00 00 1C 16 00 00 1F 00 00 00
2026-03-15T15:28:33.339865,76.774,can0  100  [03]  A9 4E 04
2026-03-15T15:28:33.340735,76.775,can0  120  [04]  00 00 00 00
2026-03-15T15:28:33.341112,76.776,can0  204  [16]  6E 23 50 46 50 46 00 00 28 23 30 75 30 75 00 00
2026-03-15T15:28:33.341462,76.776,can0  204  [16]  6E 23 50 46 50 46 00 00 28 23 30 75 30 75 00 00
2026-03-15T15:28:33.341686,76.776,can0  060  [32]  00 00 00 00 E7 2A 4D 08 69 06 B8 10 00 00 10 0E FF 01 00 00 00 00 00 00 01 00 00 00 00 00 00 00
2026-03-15T15:28:33.387901,76.822,can0  041  [04]  E4 00 39 00
2026-03-15T15:28:33.388191,76.823,can0  070  [20]  E7 2A 4D 08 15 B1 62 03 00 7D 00 00 1C 16 00 00 1F 00 00 00
2026-03-15T15:28:33.388628,76.823,can0  204  [16]  6E 23 50 46 50 46 00 00 28 23 30 75 30 75 00 00
2026-03-15T15:28:33.389282,76.824,can0  040  [04]  12 00 3E 00
2026-03-15T15:28:33.389865,76.824,can0  040  [04]  12 00 3E 00
2026-03-15T15:28:33.477926,76.912,can0  204  [16]  6E 23 50 46 50 46 00 00 28 23 30 75 30 75 00 00
2026-03-15T15:28:33.479051,76.913,can0  204  [16]  6E 23 50 46 50 46 00 00 28 23 30 75 30 75 00 00
2026-03-15T15:28:33.598376,77.033,can0  204  [16]  6E 23 50 46 50 46 00 00 28 23 30 75 30 75 00 00
2026-03-15T15:28:33.598571,77.033,can0  070  [20]  E7 2A 4D 08 13 B1 62 03 E8 80 00 00 1C 16 00 00 1C 00 00 00
2026-03-15T15:28:33.598824,77.033,can0  204  [16]  6E 23 50 46 50 46 00 00 28 23 30 75 30 75 00 00
2026-03-15T15:28:33.599101,77.034,can0  041  [04]  E6 00 38 00
2026-03-15T15:28:33.685024,77.119,can0  070  [20]  E7 2A 4D 08 13 B1 62 03 E8 80 00 00 1C 16 00 00 1D 00 00 00
2026-03-15T15:28:33.685604,77.120,can0  040  [04]  17 00 37 00
2026-03-15T15:28:33.686230,77.121,can0  110  [02]  9E 1B
2026-03-15T15:28:33.686495,77.121,can0  204  [16]  6E 23 50 46 50 46 00 00 28 23 30 75 30 75 00 00
2026-03-15T15:28:33.687093,77.122,can0  040  [04]  17 00 37 00
2026-03-15T15:28:33.687375,77.122,can0  204  [16]  6E 23 50 46 50 46 00 00 28 23 30 75 30 75 00 00
2026-03-15T15:28:33.822354,77.257,can0  070  [20]  E7 2A 4D 08 13 B1 62 03 E8 80 00 00 1C 16 00 00 1D 00 00 00
2026-03-15T15:28:33.822579,77.257,can0  204  [16]  6E 23 50 46 50 46 00 00 28 23 30 75 30 75 00 00
2026-03-15T15:28:33.822771,77.257,can0  060  [32]  00 00 00 00 00 00 00 00 00 00 00 00 00 00 00 00 00 00 00 00 00 00 00 00 00 00 00 00 00 00 00 00
2026-03-15T15:28:33.922161,77.357,can0  204  [16]  6E 23 50 46 50 46 00 00 28 23 30 75 30 75 00 00
2026-03-15T15:28:33.922756,77.357,can0  041  [04]  DF 00 36 00
2026-03-15T15:28:33.922844,77.357,can0  204  [16]  6E 23 50 46 50 46 00 00 28 23 30 75 30 75 00 00
2026-03-15T15:28:33.923760,77.358,can0  040  [04]  18 00 36 00
2026-03-15T15:28:34.022461,77.457,can0  204  [16]  6E 23 50 46 50 46 00 00 28 23 30 75 30 75 00 00
2026-03-15T15:28:34.023939,77.458,can0  040  [04]  18 00 36 00
2026-03-15T15:28:34.024027,77.458,can0  204  [16]  6E 23 50 46 50 46 00 00 28 23 30 75 30 75 00 00
2026-03-15T15:28:34.082044,77.516,can0  204  [16]  6E 23 50 46 50 46 00 00 28 23 30 75 30 75 00 00
2026-03-15T15:28:34.082306,77.517,can0  204  [16]  6E 23 50 46 50 46 00 00 28 23 30 75 30 75 00 00
2026-03-15T15:28:34.222090,77.657,can0  041  [04]  D7 00 35 00
2026-03-15T15:28:34.222354,77.657,can0  204  [16]  6E 23 D5 44 D8 29 00 00 28 23 30 75 30 75 00 00
2026-03-15T15:28:34.222994,77.657,can0  040  [04]  11 00 35 00
2026-03-15T15:28:34.321859,77.756,can0  070  [20]  E7 2A 4D 08 13 B1 62 03 E8 80 00 00 1C 16 00 00 1D 00 00 00
2026-03-15T15:28:34.322572,77.757,can0  040  [04]  11 00 35 00
2026-03-15T15:28:34.322912,77.757,can0  204  [16]  6E 23 D5 44 D8 29 00 00 28 23 30 75 30 75 00 00
2026-03-15T15:28:34.323232,77.758,can0  204  [16]  6E 23 D4 44 BD 29 00 00 28 23 30 75 30 75 00 00
2026-03-15T15:28:34.323512,77.758,can0  060  [32]  00 00 00 00 00 00 00 00 00 00 00 00 00 00 00 00 00 00 00 00 00 00 00 00 00 00 00 00 00 00 00 00
2026-03-15T15:28:34.422132,77.857,can0  060  [32]  00 00 00 00 E7 2A 4D 08 68 06 B8 10 00 00 10 0E FF 01 00 00 00 00 00 00 01 00 00 00 00 00 00 00
2026-03-15T15:28:34.422820,77.857,can0  070  [20]  E7 2A 4D 08 13 B1 62 03 E8 80 00 00 1C 16 00 00 1D 00 00 00
2026-03-15T15:28:34.423292,77.858,can0  204  [16]  6E 23 D2 44 D8 29 00 00 28 23 30 75 30 75 00 00
2026-03-15T15:28:34.423858,77.858,can0  041  [04]  D8 00 34 00
2026-03-15T15:28:34.423934,77.858,can0  204  [16]  6E 23 D2 44 D8 29 00 00 28 23 30 75 30 75 00 00
2026-03-15T15:28:34.481337,77.916,can0  040  [04]  15 00 2D 00
2026-03-15T15:28:34.482268,77.917,can0  100  [03]  A3 4E 04
2026-03-15T15:28:34.482792,77.917,can0  120  [04]  00 00 00 00
2026-03-15T15:28:34.483058,77.917,can0  204  [16]  6E 23 D2 44 D8 29 00 00 28 23 30 75 30 75 00 00
2026-03-15T15:28:34.483652,77.918,can0  040  [04]  15 00 2D 00
2026-03-15T15:28:34.595623,78.030,can0  204  [16]  6E 23 D2 44 CF 29 00 00 28 23 30 75 30 75 00 00
2026-03-15T15:28:34.595914,78.030,can0  070  [20]  E9 2A 4D 08 13 B1 62 03 D0 84 00 00 1C 16 00 00 3B 00 00 00
2026-03-15T15:28:34.596298,78.031,can0  204  [16]  6E 23 D2 44 CF 29 00 00 28 23 30 75 30 75 00 00
2026-03-15T15:28:34.688674,78.123,can0  070  [20]  E9 2A 4D 08 13 B1 62 03 D0 84 00 00 1C 16 00 00 3C 00 00 00
2026-03-15T15:28:34.689024,78.123,can0  204  [16]  6E 23 D8 44 D4 29 00 00 28 23 30 75 30 75 00 00
2026-03-15T15:28:34.689314,78.124,can0  041  [04]  DD 00 30 00
2026-03-15T15:28:34.689586,78.124,can0  070  [20]  E9 2A 4D 08 13 B1 62 03 D0 84 00 00 1C 16 00 00 3C 00 00 00
2026-03-15T15:28:34.690286,78.125,can0  040  [04]  19 00 2D 00
2026-03-15T15:28:34.828929,78.263,can0  204  [16]  6E 23 D8 44 D4 29 00 00 28 23 30 75 30 75 00 00
2026-03-15T15:28:34.829047,78.263,can0  040  [04]  19 00 2D 00
2026-03-15T15:28:34.831628,78.266,can0  204  [16]  6E 23 D8 44 DD 29 00 00 28 23 30 75 30 75 00 00
2026-03-15T15:28:34.922312,78.357,can0  060  [32]  00 00 00 00 00 00 00 00 00 00 00 00 00 00 00 00 00 00 00 00 00 00 00 00 00 00 00 00 00 00 00 00
2026-03-15T15:28:34.922733,78.357,can0  204  [16]  6E 23 D3 44 E4 29 00 00 28 23 30 75 30 75 00 00
2026-03-15T15:28:34.923048,78.357,can0  204  [16]  6E 23 D3 44 E4 29 00 00 28 23 30 75 30 75 00 00
2026-03-15T15:28:35.025275,78.460,can0  041  [04]  E0 00 29 00
2026-03-15T15:28:35.026018,78.460,can0  040  [04]  1E 00 30 00
2026-03-15T15:28:35.026345,78.461,can0  204  [16]  6E 23 D5 44 F1 29 00 00 28 23 30 75 30 75 00 00
2026-03-15T15:28:35.026574,78.461,can0  204  [16]  6E 23 D5 44 F1 29 00 00 28 23 30 75 30 75 00 00
2026-03-15T15:28:35.122974,78.557,can0  040  [04]  1E 00 30 00
2026-03-15T15:28:35.130444,78.565,can0  204  [16]  6E 23 CF 44 CD 29 00 00 28 23 30 75 30 75 00 00
2026-03-15T15:28:35.183514,78.618,can0  204  [16]  6E 23 D7 44 C6 29 00 00 28 23 30 75 30 75 00 00
2026-03-15T15:28:35.183918,78.618,can0  204  [16]  6E 23 D7 44 C6 29 00 00 28 23 30 75 30 75 00 00
2026-03-15T15:28:35.184177,78.619,can0  041  [04]  E0 00 25 00
2026-03-15T15:28:35.186745,78.621,can0  070  [20]  E9 2A 4D 08 13 B1 62 03 D0 84 00 00 1C 16 00 00 3C 00 00 00
2026-03-15T15:28:35.322979,78.757,can0  040  [04]  1A 00 32 00
2026-03-15T15:28:35.323678,78.758,can0  110  [02]  9D 1B
2026-03-15T15:28:35.324035,78.758,can0  204  [16]  6E 23 D5 44 C8 29 00 00 28 23 30 75 30 75 00 00
2026-03-15T15:28:35.324697,78.759,can0  040  [04]  1A 00 32 00
2026-03-15T15:28:35.325021,78.759,can0  204  [16]  6E 23 D5 44 C8 29 00 00 28 23 30 75 30 75 00 00
2026-03-15T15:28:35.422281,78.857,can0  060  [32]  00 00 00 00 E9 2A 4D 08 68 06 B8 10 00 00 10 0E FF 01 00 00 00 00 00 00 01 00 00 00 00 00 00 00
2026-03-15T15:28:35.422876,78.857,can0  070  [20]  E9 2A 4D 08 13 B1 62 03 D0 84 00 00 1C 16 00 00 3C 00 00 00
2026-03-15T15:28:35.423189,78.858,can0  204  [16]  6E 23 D6 44 D4 29 00 00 28 23 30 75 30 75 00 00
2026-03-15T15:28:35.522094,78.957,can0  204  [16]  6E 23 D6 44 D4 29 00 00 28 23 30 75 30 75 00 00
2026-03-15T15:28:35.522446,78.957,can0  041  [04]  EC 00 24 00
2026-03-15T15:28:35.523051,78.957,can0  040  [04]  17 00 34 00
2026-03-15T15:28:35.523323,78.958,can0  204  [16]  6E 23 D5 44 E4 29 00 00 28 23 30 75 30 75 00 00
2026-03-15T15:28:35.622704,79.057,can0  040  [04]  17 00 34 00
2026-03-15T15:28:35.622998,79.057,can0  204  [16]  6E 23 D2 44 CB 29 00 00 28 23 30 75 30 75 00 00
2026-03-15T15:28:35.623254,79.058,can0  070  [20]  E9 2A 4D 08 13 B1 62 03 B8 88 00 00 1C 16 00 00 43 00 00 00
2026-03-15T15:28:35.625485,79.060,can0  070  [20]  E9 2A 4D 08 13 B1 62 03 B8 88 00 00 1C 16 00 00 43 00 00 00
2026-03-15T15:28:35.722061,79.156,can0  204  [16]  6E 23 D2 44 CB 29 00 00 28 23 30 75 30 75 00 00
2026-03-15T15:28:35.722726,79.157,can0  100  [03]  9E 4E 04
2026-03-15T15:28:35.723260,79.158,can0  120  [04]  00 00 00 00
2026-03-15T15:28:35.723542,79.158,can0  204  [16]  6E 23 D3 44 E1 29 00 00 28 23 30 75 30 75 00 00
2026-03-15T15:28:35.821877,79.256,can0  070  [20]  E9 2A 4D 08 13 B1 62 03 B8 88 00 00 1C 16 00 00 43 00 00 00
2026-03-15T15:28:35.822173,79.257,can0  041  [04]  EA 00 23 00
2026-03-15T15:28:35.822542,79.257,can0  204  [16]  6E 23 D3 44 C6 29 00 00 28 23 30 75 30 75 00 00
2026-03-15T15:28:35.823537,79.258,can0  040  [04]  18 00 35 00
2026-03-15T15:28:35.823844,79.258,can0  204  [16]  6E 23 D3 44 C6 29 00 00 28 23 30 75 30 75 00 00
2026-03-15T15:28:35.827907,79.262,can0  040  [04]  18 00 35 00
2026-03-15T15:28:35.923490,79.358,can0  060  [32]  00 00 00 00 00 00 00 00 00 00 00 00 00 00 00 00 00 00 00 00 00 00 00 00 00 00 00 00 00 00 00 00
2026-03-15T15:28:35.923778,79.358,can0  204  [16]  6E 23 D8 44 CD 29 00 00 28 23 30 75 30 75 00 00
2026-03-15T15:28:36.022550,79.457,can0  204  [16]  6E 23 D8 44 CD 29 00 00 28 23 30 75 30 75 00 00
2026-03-15T15:28:36.022903,79.457,can0  204  [16]  6E 23 D6 44 DB 29 00 00 28 23 30 75 30 75 00 00
2026-03-15T15:28:36.023252,79.458,can0  041  [04]  E9 00 21 00
2026-03-15T15:28:36.130269,79.565,can0  040  [04]  19 00 32 00
2026-03-15T15:28:36.130666,79.565,can0  204  [16]  6E 23 D2 44 DB 29 00 00 28 23 30 75 30 75 00 00
2026-03-15T15:28:36.131395,79.566,can0  040  [04]  19 00 32 00
2026-03-15T15:28:36.131720,79.566,can0  204  [16]  6E 23 D2 44 DB 29 00 00 28 23 30 75 30 75 00 00
2026-03-15T15:28:36.183175,79.618,can0  204  [16]  6E 23 D1 44 EA 29 00 00 28 23 30 75 30 75 00 00
2026-03-15T15:28:36.183508,79.618,can0  204  [16]  6E 23 D1 44 EA 29 00 00 28 23 30 75 30 75 00 00
2026-03-15T15:28:36.322528,79.757,can0  070  [20]  E9 2A 4D 08 13 B1 62 03 B8 88 00 00 1C 16 00 00 43 00 00 00
2026-03-15T15:28:36.322746,79.757,can0  041  [04]  E5 00 21 00
2026-03-15T15:28:36.322976,79.757,can0  204  [16]  6E 23 D1 44 CD 29 00 00 28 23 30 75 30 75 00 00
2026-03-15T15:28:36.323615,79.758,can0  040  [04]  22 00 2C 00
2026-03-15T15:28:36.421830,79.856,can0  070  [20]  E9 2A 4D 08 13 B1 62 03 B8 88 00 00 1C 16 00 00 43 00 00 00
2026-03-15T15:28:36.422027,79.856,can0  060  [32]  00 00 00 00 00 00 00 00 00 00 00 00 00 00 00 00 00 00 00 00 00 00 00 00 00 00 00 00 00 00 00 00
2026-03-15T15:28:36.422316,79.857,can0  204  [16]  6E 23 D3 44 D2 29 00 00 28 23 30 75 30 75 00 00
2026-03-15T15:28:36.422492,79.857,can0  060  [32]  00 00 00 00 E9 2A 4D 08 68 06 B8 10 00 00 10 0E FF 01 00 00 00 00 00 00 01 00 00 00 00 00 00 00
2026-03-15T15:28:36.423557,79.858,can0  040  [04]  22 00 2C 00
2026-03-15T15:28:36.423813,79.858,can0  204  [16]  6E 23 D3 44 D2 29 00 00 28 23 30 75 30 75 00 00
2026-03-15T15:28:36.530442,79.965,can0  204  [16]  6E 23 D6 44 CD 29 00 00 28 23 30 75 30 75 00 00
2026-03-15T15:28:36.530788,79.965,can0  204  [16]  6E 23 D6 44 CD 29 00 00 28 23 30 75 30 75 00 00
2026-03-15T15:28:36.621874,80.056,can0  041  [04]  E6 00 23 00
2026-03-15T15:28:36.622576,80.057,can0  040  [04]  2B 00 2D 00
2026-03-15T15:28:36.622909,80.057,can0  204  [16]  6E 23 D5 44 E8 29 00 00 28 23 30 75 30 75 00 00
2026-03-15T15:28:36.623287,80.058,can0  070  [20]  E9 2A 4D 08 11 B1 62 03 A0 8C 00 00 1C 16 00 00 21 00 00 00
2026-03-15T15:28:36.623941,80.058,can0  070  [20]  E9 2A 4D 08 11 B1 62 03 A0 8C 00 00 1C 16 00 00 21 00 00 00
2026-03-15T15:28:36.624014,80.058,can0  040  [04]  2B 00 2D 00
2026-03-15T15:28:36.724931,80.159,can0  204  [16]  6E 23 D2 44 F3 29 00 00 28 23 30 75 30 75 00 00
2026-03-15T15:28:36.725232,80.160,can0  070  [20]  E9 2A 4D 08 11 B1 62 03 A0 8C 00 00 1C 16 00 00 21 00 00 00
2026-03-15T15:28:36.725551,80.160,can0  204  [16]  6E 23 D2 44 F3 29 00 00 28 23 30 75 30 75 00 00
2026-03-15T15:28:36.822441,80.257,can0  204  [16]  6E 23 CE 44 D2 29 00 00 28 23 30 75 30 75 00 00
2026-03-15T15:28:36.822733,80.257,can0  041  [04]  E9 00 29 00
2026-03-15T15:28:36.922622,80.357,can0  040  [04]  1E 00 2F 00
2026-03-15T15:28:36.922983,80.357,can0  204  [16]  6E 23 D3 44 C6 29 00 00 28 23 30 75 30 75 00 00
2026-03-15T15:28:36.923840,80.358,can0  100  [03]  9D 4E 04
2026-03-15T15:28:36.924542,80.359,can0  110  [02]  9C 1B
2026-03-15T15:28:36.925206,80.360,can0  120  [04]  00 00 00 00
2026-03-15T15:28:36.925523,80.360,can0  060  [32]  00 00 00 00 00 00 00 00 00 00 00 00 00 00 00 00 00 00 00 00 00 00 00 00 00 00 00 00 00 00 00 00
2026-03-15T15:28:36.926099,80.361,can0  040  [04]  1E 00 2F 00
2026-03-15T15:28:36.926380,80.361,can0  204  [16]  6E 23 D3 44 C6 29 00 00 28 23 30 75 30 75 00 00
2026-03-15T15:28:36.985527,80.420,can0  204  [16]  6E 23 D8 44 CF 29 00 00 28 23 30 75 30 75 00 00
2026-03-15T15:28:36.985681,80.420,can0  132  [00]
2026-03-15T15:28:36.988157,80.423,can0  204  [16]  6E 23 D8 44 CF 29 00 00 28 23 30 75 30 75 00 00
2026-03-15T15:28:37.122142,80.557,can0  041  [04]  F5 00 2C 00
2026-03-15T15:28:37.122413,80.557,can0  204  [16]  6E 23 D5 44 C6 29 00 00 28 23 30 75 30 75 00 00
2026-03-15T15:28:37.122884,80.557,can0  040  [04]  18 00 31 00
2026-03-15T15:28:37.240025,80.674,can0  204  [16]  6E 23 D5 44 C6 29 00 00 28 23 30 75 30 75 00 00
2026-03-15T15:28:37.240129,80.675,can0  040  [04]  18 00 31 00
2026-03-15T15:28:37.240204,80.675,can0  204  [16]  6E 23 D9 44 F1 29 00 00 28 23 30 75 30 75 00 00
2026-03-15T15:28:37.240322,80.675,can0  070  [20]  E9 2A 4D 08 11 B1 62 03 A0 8C 00 00 1C 16 00 00 21 00 00 00
2026-03-15T15:28:37.304288,80.739,can0  204  [16]  6E 23 D1 44 D8 29 00 00 28 23 30 75 30 75 00 00
2026-03-15T15:28:37.304646,80.739,can0  204  [16]  6E 23 D1 44 D8 29 00 00 28 23 30 75 30 75 00 00
2026-03-15T15:28:37.390732,80.825,can0  041  [04]  F3 00 2E 00
2026-03-15T15:28:37.391191,80.826,can0  070  [20]  E9 2A 4D 08 11 B1 62 03 A0 8C 00 00 1C 16 00 00 21 00 00 00
2026-03-15T15:28:37.391264,80.826,can0  060  [32]  00 00 00 00 E9 2A 4D 08 66 06 B8 10 00 00 10 0E FF 01 00 00 00 00 00 00 01 00 00 00 00 00 00 00
2026-03-15T15:28:37.392044,80.826,can0  040  [04]  11 00 30 00
2026-03-15T15:28:37.392385,80.827,can0  204  [16]  6E 23 D2 44 E8 29 00 00 28 23 30 75 30 75 00 00
2026-03-15T15:28:37.526014,80.960,can0  204  [16]  6E 23 D2 44 E8 29 00 00 28 23 30 75 30 75 00 00
2026-03-15T15:28:37.526522,80.961,can0  040  [04]  11 00 30 00
2026-03-15T15:28:37.526854,80.961,can0  204  [16]  6E 23 D2 44 BB 29 00 00 28 23 30 75 30 75 00 00
2026-03-15T15:28:37.622380,81.057,can0  204  [16]  6E 23 D2 44 BB 29 00 00 28 23 30 75 30 75 00 00
2026-03-15T15:28:37.622860,81.057,can0  070  [20]  E9 2A 4D 08 11 B1 62 03 88 90 00 00 1C 16 00 00 48 00 00 00
2026-03-15T15:28:37.622926,81.057,can0  041  [04]  EA 00 2F 00
2026-03-15T15:28:37.623362,81.058,can0  204  [16]  6E 23 D8 44 CF 29 00 00 28 23 30 75 30 75 00 00
2026-03-15T15:28:37.623530,81.058,can0  070  [20]  E9 2A 4D 08 11 B1 62 03 88 90 00 00 1C 16 00 00 48 00 00 00
2026-03-15T15:28:37.624005,81.058,can0  040  [04]  0F 00 2F 00
2026-03-15T15:28:37.722244,81.157,can0  204  [16]  6E 23 DC 44 C4 29 00 00 28 23 30 75 30 75 00 00
2026-03-15T15:28:37.722762,81.157,can0  040  [04]  0F 00 2F 00
2026-03-15T15:28:37.723047,81.157,can0  070  [20]  E9 2A 4D 08 11 B1 62 03 88 90 00 00 1C 16 00 00 48 00 00 00
2026-03-15T15:28:37.822358,81.257,can0  204  [16]  6E 23 D9 44 DF 29 00 00 28 23 30 75 30 75 00 00
2026-03-15T15:28:37.822740,81.257,can0  204  [16]  6E 23 D9 44 DF 29 00 00 28 23 30 75 30 75 00 00
2026-03-15T15:28:37.922643,81.357,can0  204  [16]  6E 23 D2 44 CF 29 00 00 28 23 30 75 30 75 00 00
2026-03-15T15:28:37.922856,81.357,can0  060  [32]  00 00 00 00 00 00 00 00 00 00 00 00 00 00 00 00 00 00 00 00 00 00 00 00 00 00 00 00 00 00 00 00
2026-03-15T15:28:37.923080,81.358,can0  041  [04]  E2 00 35 00
2026-03-15T15:28:37.923535,81.358,can0  040  [04]  13 00 2D 00
2026-03-15T15:28:37.923785,81.358,can0  204  [16]  6E 23 D2 44 CF 29 00 00 28 23 30 75 30 75 00 00
2026-03-15T15:28:38.033941,81.468,can0  040  [04]  13 00 2D 00
2026-03-15T15:28:38.034095,81.469,can0  204  [16]  6E 23 D2 44 DF 29 00 00 28 23 30 75 30 75 00 00
2026-03-15T15:28:38.093657,81.528,can0  204  [16]  6E 23 D3 44 C1 29 00 00 28 23 30 75 30 75 00 00
2026-03-15T15:28:38.094347,81.529,can0  100  [03]  9A 4E 04
2026-03-15T15:28:38.094902,81.529,can0  120  [04]  00 00 00 00
2026-03-15T15:28:38.095348,81.530,can0  204  [16]  6E 23 D3 44 C1 29 00 00 28 23 30 75 30 75 00 00
2026-03-15T15:28:38.223525,81.658,can0  041  [04]  DF 00 3B 00
2026-03-15T15:28:38.223878,81.658,can0  204  [16]  6E 23 D8 44 CD 29 00 00 28 23 30 75 30 75 00 00
2026-03-15T15:28:38.224423,81.659,can0  040  [04]  20 00 2A 00
2026-03-15T15:28:38.224767,81.659,can0  204  [16]  6E 23 D8 44 CD 29 00 00 28 23 30 75 30 75 00 00
2026-03-15T15:28:38.225039,81.659,can0  070  [20]  E9 2A 4D 08 11 B1 62 03 88 90 00 00 1C 16 00 00 48 00 00 00
2026-03-15T15:28:38.225477,81.660,can0  040  [04]  20 00 2A 00
2026-03-15T15:28:38.322091,81.757,can0  204  [16]  6E 23 D9 44 C8 29 00 00 28 23 30 75 30 75 00 00
2026-03-15T15:28:38.322320,81.757,can0  070  [20]  E9 2A 4D 08 11 B1 62 03 88 90 00 00 1C 16 00 00 48 00 00 00
2026-03-15T15:28:38.421923,81.856,can0  204  [16]  6E 23 D8 44 DB 29 00 00 28 23 30 75 30 75 00 00
2026-03-15T15:28:38.422907,81.857,can0  060  [32]  00 00 00 00 00 00 00 00 00 00 00 00 00 00 00 00 00 00 00 00 00 00 00 00 00 00 00 00 00 00 00 00
2026-03-15T15:28:38.423063,81.857,can0  060  [32]  00 00 00 00 E9 2A 4D 08 66 06 B8 10 00 00 10 0E FF 01 00 00 00 00 00 00 01 00 00 00 00 00 00 00
2026-03-15T15:28:38.423138,81.858,can0  204  [16]  6E 23 D8 44 DB 29 00 00 28 23 30 75 30 75 00 00
2026-03-15T15:28:38.425376,81.860,can0  041  [04]  D9 00 3A 00
2026-03-15T15:28:38.522414,81.957,can0  040  [04]  28 00 28 00
2026-03-15T15:28:38.523167,81.958,can0  110  [02]  9E 1B
2026-03-15T15:28:38.523490,81.958,can0  204  [16]  6E 23 D4 44 D8 29 00 00 28 23 30 75 30 75 00 00
2026-03-15T15:28:38.523927,81.958,can0  040  [04]  28 00 28 00
2026-03-15T15:28:38.524164,81.959,can0  204  [16]  6E 23 D4 44 D8 29 00 00 28 23 30 75 30 75 00 00
2026-03-15T15:28:38.588003,82.022,can0  204  [16]  6E 23 D3 44 D2 29 00 00 28 23 30 75 30 75 00 00
2026-03-15T15:28:38.588285,82.023,can0  070  [20]  E9 2A 4D 08 11 B1 62 03 70 94 00 00 1C 16 00 00 14 00 00 00
2026-03-15T15:28:38.588661,82.023,can0  070  [20]  E9 2A 4D 08 11 B1 62 03 70 94 00 00 1C 16 00 00 13 00 00 00
2026-03-15T15:28:38.695338,82.130,can0  204  [16]  6E 23 D7 44 BB 29 00 00 28 23 30 75 30 75 00 00
2026-03-15T15:28:38.695620,82.130,can0  041  [04]  D8 00 34 00
2026-03-15T15:28:38.696298,82.131,can0  040  [04]  2D 00 27 00
2026-03-15T15:28:38.696575,82.131,can0  204  [16]  6E 23 D7 44 BB 29 00 00 28 23 30 75 30 75 00 00
2026-03-15T15:28:38.696832,82.131,can0  070  [20]  E9 2A 4D 08 11 B1 62 03 70 94 00 00 1C 16 00 00 13 00 00 00
2026-03-15T15:28:38.828403,82.263,can0  040  [04]  2D 00 27 00
2026-03-15T15:28:38.828511,82.263,can0  204  [16]  6E 23 D9 44 CB 29 00 00 28 23 30 75 30 75 00 00
2026-03-15T15:28:38.828794,82.263,can0  204  [16]  6E 23 D9 44 CB 29 00 00 28 23 30 75 30 75 00 00
2026-03-15T15:28:38.905916,82.340,can0  204  [16]  6E 23 D8 44 C6 29 00 00 28 23 30 75 30 75 00 00
2026-03-15T15:28:38.906060,82.340,can0  060  [32]  00 00 00 00 00 00 00 00 00 00 00 00 00 00 00 00 00 00 00 00 00 00 00 00 00 00 00 00 00 00 00 00
2026-03-15T15:28:39.048715,82.483,can0  041  [04]  D7 00 2F 00
2026-03-15T15:28:39.049167,82.484,can0  204  [16]  6E 23 D5 44 DF 29 00 00 28 23 30 75 30 75 00 00
2026-03-15T15:28:39.050203,82.485,can0  040  [04]  2C 00 27 00
2026-03-15T15:28:39.052636,82.487,can0  204  [16]  6E 23 D5 44 DF 29 00 00 28 23 30 75 30 75 00 00
2026-03-15T15:28:39.052756,82.487,can0  040  [04]  2C 00 27 00
2026-03-15T15:28:39.124327,82.559,can0  133  [00]
2026-03-15T15:28:39.124767,82.559,can0  204  [16]  6E 23 D2 44 D2 29 00 00 28 23 30 75 30 75 00 00
2026-03-15T15:28:39.125078,82.560,can0  204  [16]  6E 23 D2 44 D2 29 00 00 28 23 30 75 30 75 00 00
2026-03-15T15:28:39.230920,82.665,can0  204  [16]  6E 23 D1 44 CF 29 00 00 28 23 30 75 30 75 00 00
2026-03-15T15:28:39.231188,82.666,can0  041  [04]  DD 00 30 00
2026-03-15T15:28:39.231400,82.666,can0  070  [20]  E9 2A 4D 08 11 B1 62 03 70 94 00 00 1C 16 00 00 13 00 00 00
2026-03-15T15:28:39.322493,82.757,can0  040  [04]  21 00 2E 00
2026-03-15T15:28:39.322776,82.757,can0  204  [16]  6E 23 D5 44 C4 29 00 00 28 23 30 75 30 75 00 00
2026-03-15T15:28:39.323418,82.758,can0  100  [03]  94 4E 04
2026-03-15T15:28:39.323916,82.758,can0  120  [04]  00 00 00 00
2026-03-15T15:28:39.324459,82.759,can0  040  [04]  21 00 2E 00
2026-03-15T15:28:39.324712,82.759,can0  204  [16]  6E 23 D5 44 C4 29 00 00 28 23 30 75 30 75 00 00
2026-03-15T15:28:39.421891,82.856,can0  070  [20]  E9 2A 4D 08 11 B1 62 03 70 94 00 00 1C 16 00 00 13 00 00 00
2026-03-15T15:28:39.422182,82.857,can0  204  [16]  6E 23 D7 44 CD 29 00 00 28 23 30 75 30 75 00 00
2026-03-15T15:28:39.422386,82.857,can0  060  [32]  00 00 00 00 E9 2A 4D 08 66 06 B8 10 00 00 10 0E FF 01 00 00 00 00 00 00 01 00 00 00 00 00 00 00
2026-03-15T15:28:39.424975,82.859,can0  204  [16]  6E 23 D7 44 CD 29 00 00 28 23 30 75 30 75 00 00
2026-03-15T15:28:39.521884,82.956,can0  041  [04]  E2 00 29 00
2026-03-15T15:28:39.522254,82.957,can0  204  [16]  6E 23 D5 44 CD 29 00 00 28 23 30 75 30 75 00 00
2026-03-15T15:28:39.522811,82.957,can0  040  [04]  19 00 33 00
2026-03-15T15:28:39.523130,82.958,can0  204  [16]  6E 23 D5 44 CD 29 00 00 28 23 30 75 30 75 00 00
2026-03-15T15:28:39.622366,83.057,can0  040  [04]  19 00 33 00
2026-03-15T15:28:39.622709,83.057,can0  070  [20]  E9 2A 4D 08 11 B1 62 03 58 98 00 00 1C 16 00 00 1E 00 00 00
2026-03-15T15:28:39.622983,83.057,can0  204  [16]  6E 23 D3 44 F1 29 00 00 28 23 30 75 30 75 00 00
2026-03-15T15:28:39.625327,83.060,can0  070  [20]  E9 2A 4D 08 11 B1 62 03 58 98 00 00 1C 16 00 00 1D 00 00 00
2026-03-15T15:28:39.721897,83.156,can0  204  [16]  6E 23 D0 44 D8 29 00 00 28 23 30 75 30 75 00 00
2026-03-15T15:28:39.722077,83.157,can0  070  [20]  E9 2A 4D 08 11 B1 62 03 58 98 00 00 1C 16 00 00 1D 00 00 00
2026-03-15T15:28:39.722342,83.157,can0  204  [16]  6E 23 D0 44 D8 29 00 00 28 23 30 75 30 75 00 00
2026-03-15T15:28:39.722503,83.157,can0  041  [04]  DA 00 23 00
2026-03-15T15:28:39.822221,83.257,can0  040  [04]  18 00 38 00
2026-03-15T15:28:39.822514,83.257,can0  204  [16]  6E 23 D1 44 E6 29 00 00 28 23 30 75 30 75 00 00
2026-03-15T15:28:39.822921,83.257,can0  040  [04]  18 00 38 00
2026-03-15T15:28:39.932573,83.367,can0  204  [16]  6E 23 D4 44 C8 29 00 00 28 23 30 75 30 75 00 00
2026-03-15T15:28:39.932879,83.367,can0  060  [32]  00 00 00 00 00 00 00 00 00 00 00 00 00 00 00 00 00 00 00 00 00 00 00 00 00 00 00 00 00 00 00 00
2026-03-15T15:28:39.933199,83.368,can0  204  [16]  6E 23 D4 44 C8 29 00 00 28 23 30 75 30 75 00 00
2026-03-15T15:28:40.042645,83.477,can0  204  [16]  6E 23 D5 44 BF 29 00 00 28 23 30 75 30 75 00 00
2026-03-15T15:28:40.042901,83.477,can0  041  [04]  D8 00 22 00
2026-03-15T15:28:40.043253,83.478,can0  204  [16]  6E 23 D5 44 BF 29 00 00 28 23 30 75 30 75 00 00
2026-03-15T15:28:40.047136,83.482,can0  040  [04]  11 00 3F 00
2026-03-15T15:28:40.093058,83.527,can0  110  [02]  9C 1B
2026-03-15T15:28:40.093472,83.528,can0  204  [16]  6E 23 D3 44 CD 29 00 00 28 23 30 75 30 75 00 00
2026-03-15T15:28:40.094046,83.528,can0  040  [04]  11 00 3F 00
2026-03-15T15:28:40.224204,83.659,can0  204  [16]  6E 23 D0 44 C4 29 00 00 28 23 30 75 30 75 00 00
2026-03-15T15:28:40.231605,83.666,can0  204  [16]  6E 23 D0 44 C4 29 00 00 28 23 30 75 30 75 00 00
2026-03-15T15:28:40.231887,83.666,can0  070  [20]  E9 2A 4D 08 11 B1 62 03 58 98 00 00 1C 16 00 00 1D 00 00 00
2026-03-15T15:28:40.322390,83.757,can0  041  [04]  D3 00 28 00
2026-03-15T15:28:40.322630,83.757,can0  204  [16]  6E 23 D0 44 DF 29 00 00 28 23 30 75 30 75 00 00
2026-03-15T15:28:40.323158,83.758,can0  040  [04]  0D 00 43 00
2026-03-15T15:28:40.323417,83.758,can0  204  [16]  6E 23 D0 44 DF 29 00 00 28 23 30 75 30 75 00 00
2026-03-15T15:28:40.323603,83.758,can0  070  [20]  E9 2A 4D 08 11 B1 62 03 58 98 00 00 1C 16 00 00 1D 00 00 00
2026-03-15T15:28:40.422932,83.857,can0  040  [04]  0D 00 43 00
2026-03-15T15:28:40.423337,83.858,can0  204  [16]  6E 23 CF 44 C8 29 00 00 28 23 30 75 30 75 00 00
2026-03-15T15:28:40.423558,83.858,can0  060  [32]  00 00 00 00 00 00 00 00 00 00 00 00 00 00 00 00 00 00 00 00 00 00 00 00 00 00 00 00 00 00 00 00
2026-03-15T15:28:40.423723,83.858,can0  060  [32]  00 00 00 00 E9 2A 4D 08 66 06 B8 10 00 00 10 0E FF 01 00 00 00 00 00 00 01 00 00 00 00 00 00 00
2026-03-15T15:28:40.522694,83.957,can0  204  [16]  6E 23 D1 44 E4 29 00 00 28 23 30 75 30 75 00 00
2026-03-15T15:28:40.523386,83.958,can0  100  [03]  8E 4E 04
2026-03-15T15:28:40.523968,83.958,can0  120  [04]  00 00 00 00
2026-03-15T15:28:40.524220,83.959,can0  204  [16]  6E 23 D1 44 E4 29 00 00 28 23 30 75 30 75 00 00
2026-03-15T15:28:40.526454,83.961,can0  041  [04]  D5 00 30 00
2026-03-15T15:28:40.621953,84.056,can0  204  [16]  6E 23 D1 44 E4 29 00 00 28 23 30 75 30 75 00 00
2026-03-15T15:28:40.622790,84.057,can0  040  [04]  0B 00 48 00
2026-03-15T15:28:40.623034,84.057,can0  070  [20]  E9 2A 4D 08 11 B1 62 03 40 9C 00 00 1C 16 00 00 34 00 00 00
2026-03-15T15:28:40.623300,84.058,can0  070  [20]  E9 2A 4D 08 11 B1 62 03 40 9C 00 00 1C 16 00 00 33 00 00 00
2026-03-15T15:28:40.623729,84.058,can0  040  [04]  0B 00 48 00
2026-03-15T15:28:40.623936,84.058,can0  204  [16]  6E 23 D5 44 CD 29 00 00 28 23 30 75 30 75 00 00
2026-03-15T15:28:40.721997,84.156,can0  204  [16]  6E 23 D2 44 CB 29 00 00 28 23 30 75 30 75 00 00
2026-03-15T15:28:40.725324,84.160,can0  070  [20]  E9 2A 4D 08 11 B1 62 03 40 9C 00 00 1C 16 00 00 33 00 00 00
2026-03-15T15:28:40.822048,84.256,can0  204  [16]  6E 23 D6 44 C6 29 00 00 28 23 30 75 30 75 00 00
2026-03-15T15:28:40.822593,84.257,can0  041  [04]  D3 00 31 00
2026-03-15T15:28:40.822678,84.257,can0  204  [16]  6E 23 D6 44 C6 29 00 00 28 23 30 75 30 75 00 00
2026-03-15T15:28:40.823232,84.258,can0  040  [04]  09 00 4A 00
2026-03-15T15:28:40.922197,84.357,can0  204  [16]  6E 23 CF 44 C4 29 00 00 28 23 30 75 30 75 00 00
2026-03-15T15:28:40.922993,84.357,can0  040  [04]  09 00 4A 00
2026-03-15T15:28:40.923221,84.358,can0  060  [32]  00 00 00 00 00 00 00 00 00 00 00 00 00 00 00 00 00 00 00 00 00 00 00 00 00 00 00 00 00 00 00 00
2026-03-15T15:28:40.923478,84.358,can0  204  [16]  6E 23 CF 44 C4 29 00 00 28 23 30 75 30 75 00 00
2026-03-15T15:28:41.022519,84.457,can0  204  [16]  6E 23 CE 44 BB 29 00 00 28 23 30 75 30 75 00 00
2026-03-15T15:28:41.126826,84.561,can0  204  [16]  6E 23 CB 44 DF 29 00 00 28 23 30 75 30 75 00 00
2026-03-15T15:28:41.127004,84.561,can0  041  [04]  D6 00 34 00
2026-03-15T15:28:41.127110,84.562,can0  040  [04]  14 00 3D 00
2026-03-15T15:28:41.127187,84.562,can0  204  [16]  6E 23 CB 44 DF 29 00 00 28 23 30 75 30 75 00 00
2026-03-15T15:28:41.241997,84.676,can0  040  [04]  14 00 3D 00
2026-03-15T15:28:41.242402,84.677,can0  204  [16]  6E 23 D2 44 C8 29 00 00 28 23 30 75 30 75 00 00
2026-03-15T15:28:41.243216,84.678,can0  070  [20]  E9 2A 4D 08 11 B1 62 03 40 9C 00 00 1C 16 00 00 33 00 00 00
2026-03-15T15:28:41.243815,84.678,can0  204  [16]  6E 23 D2 44 C8 29 00 00 28 23 30 75 30 75 00 00
2026-03-15T15:28:41.335612,84.770,can0  204  [16]  6E 23 D3 44 CB 29 00 00 28 23 30 75 30 75 00 00
2026-03-15T15:28:41.335735,84.770,can0  041  [04]  D0 00 37 00
2026-03-15T15:28:41.422419,84.857,can0  204  [16]  6E 23 D3 44 B6 29 00 00 28 23 30 75 30 75 00 00
2026-03-15T15:28:41.422698,84.857,can0  070  [20]  E9 2A 4D 08 11 B1 62 03 40 9C 00 00 1C 16 00 00 33 00 00 00
2026-03-15T15:28:41.423414,84.858,can0  040  [04]  1A 00 33 00
2026-03-15T15:28:41.424021,84.858,can0  204  [16]  6E 23 D3 44 B6 29 00 00 28 23 30 75 30 75 00 00
2026-03-15T15:28:41.424079,84.859,can0  060  [32]  00 00 00 00 E9 2A 4D 08 66 06 B8 10 00 00 10 0E FF 01 00 00 00 00 00 00 01 00 00 00 00 00 00 00
2026-03-15T15:28:41.424858,84.859,can0  040  [04]  1A 00 33 00
2026-03-15T15:28:41.522037,84.956,can0  204  [16]  6E 23 D5 44 CD 29 00 00 28 23 30 75 30 75 00 00
2026-03-15T15:28:41.524651,84.959,can0  204  [16]  6E 23 D5 44 CD 29 00 00 28 23 30 75 30 75 00 00
2026-03-15T15:28:41.631528,85.066,can0  070  [20]  E9 2A 4D 08 11 B1 62 03 28 A0 00 00 1C 16 00 00 50 00 00 00
2026-03-15T15:28:41.631853,85.066,can0  204  [16]  6E 23 D4 44 DB 29 00 00 28 23 30 75 30 75 00 00
2026-03-15T15:28:41.632086,85.067,can0  041  [04]  D0 00 39 00
2026-03-15T15:28:41.696049,85.130,can0  070  [20]  E9 2A 4D 08 11 B1 62 03 28 A0 00 00 1C 16 00 00 50 00 00 00
2026-03-15T15:28:41.696799,85.131,can0  040  [04]  19 00 32 00
2026-03-15T15:28:41.697717,85.132,can0  100  [03]  89 4E 04
2026-03-15T15:28:41.698013,85.132,can0  204  [16]  6E 23 D6 44 CF 29 00 00 28 23 30 75 30 75 00 00
2026-03-15T15:28:41.698723,85.133,can0  110  [02]  9E 1B
2026-03-15T15:28:41.700002,85.134,can0  120  [04]  00 00 00 00
2026-03-15T15:28:41.700090,85.135,can0  040  [04]  19 00 32 00
2026-03-15T15:28:41.700377,85.135,can0  204  [16]  6E 23 D6 44 CF 29 00 00 28 23 30 75 30 75 00 00
2026-03-15T15:28:41.700554,85.135,can0  070  [20]  E9 2A 4D 08 11 B1 62 03 28 A0 00 00 1C 16 00 00 50 00 00 00
2026-03-15T15:28:41.830581,85.265,can0  204  [16]  6E 23 D5 44 E8 29 00 00 28 23 30 75 30 75 00 00
2026-03-15T15:28:41.954651,85.389,can0  204  [16]  6E 23 D2 44 C1 29 00 00 28 23 30 75 30 75 00 00
2026-03-15T15:28:41.954936,85.389,can0  041  [04]  D5 00 3A 00
2026-03-15T15:28:41.955271,85.390,can0  204  [16]  6E 23 D2 44 C1 29 00 00 28 23 30 75 30 75 00 00
2026-03-15T15:28:41.955980,85.390,can0  040  [04]  1C 00 31 00
2026-03-15T15:28:41.956234,85.391,can0  060  [32]  00 00 00 00 00 00 00 00 00 00 00 00 00 00 00 00 00 00 00 00 00 00 00 00 00 00 00 00 00 00 00 00
2026-03-15T15:28:42.021537,85.456,can0  040  [04]  1C 00 31 00
2026-03-15T15:28:42.021957,85.456,can0  204  [16]  6E 23 D3 44 D6 29 00 00 28 23 30 75 30 75 00 00
2026-03-15T15:28:42.022272,85.457,can0  204  [16]  6E 23 D3 44 D6 29 00 00 28 23 30 75 30 75 00 00
2026-03-15T15:28:42.136161,85.571,can0  204  [16]  6E 23 D5 44 BD 29 00 00 28 23 30 75 30 75 00 00
2026-03-15T15:28:42.136687,85.571,can0  041  [04]  D7 00 3A 00
2026-03-15T15:28:42.136772,85.571,can0  204  [16]  6E 23 D5 44 BD 29 00 00 28 23 30 75 30 75 00 00
2026-03-15T15:28:42.232731,85.667,can0  040  [04]  1A 00 35 00
2026-03-15T15:28:42.233017,85.667,can0  204  [16]  6E 23 D6 44 D6 29 00 00 28 23 30 75 30 75 00 00
2026-03-15T15:28:42.233240,85.668,can0  070  [20]  E9 2A 4D 08 11 B1 62 03 28 A0 00 00 1C 16 00 00 50 00 00 00
2026-03-15T15:28:42.233736,85.668,can0  040  [04]  1A 00 35 00
2026-03-15T15:28:42.328640,85.763,can0  204  [16]  6E 23 D6 44 CD 29 00 00 28 23 30 75 30 75 00 00
2026-03-15T15:28:42.328861,85.763,can0  204  [16]  6E 23 D6 44 CD 29 00 00 28 23 30 75 30 75 00 00
2026-03-15T15:28:42.331301,85.766,can0  070  [20]  E9 2A 4D 08 11 B1 62 03 28 A0 00 00 1C 16 00 00 50 00 00 00
2026-03-15T15:28:42.424529,85.859,can0  204  [16]  6E 23 D5 44 EA 29 00 00 28 23 30 75 30 75 00 00
2026-03-15T15:28:42.424842,85.859,can0  041  [04]  D6 00 35 00
2026-03-15T15:28:42.425213,85.860,can0  060  [32]  00 00 00 00 00 00 00 00 00 00 00 00 00 00 00 00 00 00 00 00 00 00 00 00 00 00 00 00 00 00 00 00
2026-03-15T15:28:42.426033,85.860,can0  040  [04]  1A 00 36 00
2026-03-15T15:28:42.426356,85.861,can0  204  [16]  6E 23 D5 44 EA 29 00 00 28 23 30 75 30 75 00 00
2026-03-15T15:28:42.522404,85.957,can0  060  [32]  00 00 00 00 E9 2A 4D 08 66 06 B8 10 00 00 10 0E FF 01 00 00 00 00 00 00 01 00 00 00 00 00 00 00
2026-03-15T15:28:42.523252,85.958,can0  040  [04]  1A 00 36 00
2026-03-15T15:28:42.523523,85.958,can0  204  [16]  6E 23 D3 44 CD 29 00 00 28 23 30 75 30 75 00 00
2026-03-15T15:28:42.622719,86.057,can0  204  [16]  6E 23 D3 44 CD 29 00 00 28 23 30 75 30 75 00 00
2026-03-15T15:28:42.622903,86.057,can0  070  [20]  E9 2A 4D 08 11 B1 62 03 10 A4 00 00 1C 16 00 00 2E 00 00 00
2026-03-15T15:28:42.623180,86.058,can0  070  [20]  E9 2A 4D 08 11 B1 62 03 10 A4 00 00 1C 16 00 00 2F 00 00 00
2026-03-15T15:28:42.623404,86.058,can0  204  [16]  6E 23 D1 44 DB 29 00 00 28 23 30 75 30 75 00 00
2026-03-15T15:28:42.744708,86.179,can0  041  [04]  D4 00 35 00
2026-03-15T15:28:42.745045,86.179,can0  204  [16]  6E 23 D5 44 D4 29 00 00 28 23 30 75 30 75 00 00
2026-03-15T15:28:42.745985,86.180,can0  040  [04]  1C 00 2E 00
2026-03-15T15:28:42.746079,86.181,can0  070  [20]  E9 2A 4D 08 11 B1 62 03 10 A4 00 00 1C 16 00 00 2F 00 00 00
2026-03-15T15:28:42.811647,86.246,can0  204  [16]  6E 23 D6 44 DD 29 00 00 28 23 30 75 30 75 00 00
2026-03-15T15:28:42.812432,86.247,can0  040  [04]  1C 00 2E 00
2026-03-15T15:28:42.812723,86.247,can0  204  [16]  6E 23 D6 44 DD 29 00 00 28 23 30 75 30 75 00 00
2026-03-15T15:28:42.940506,86.375,can0  100  [03]  7E 4E 04
2026-03-15T15:28:42.940930,86.375,can0  204  [16]  6E 23 DC 44 D6 29 00 00 28 23 30 75 30 75 00 00
2026-03-15T15:28:42.942316,86.377,can0  120  [04]  00 00 00 00
2026-03-15T15:28:42.943018,86.377,can0  204  [16]  6E 23 DC 44 D6 29 00 00 28 23 30 75 30 75 00 00
2026-03-15T15:28:42.943237,86.378,can0  041  [04]  D7 00 39 00
2026-03-15T15:28:43.011746,86.446,can0  060  [32]  00 00 00 00 00 00 00 00 00 00 00 00 00 00 00 00 00 00 00 00 00 00 00 00 00 00 00 00 00 00 00 00
2026-03-15T15:28:43.012527,86.447,can0  040  [04]  22 00 26 00
2026-03-15T15:28:43.012911,86.447,can0  204  [16]  6E 23 DC 44 FA 29 00 00 28 23 30 75 30 75 00 00
2026-03-15T15:28:43.013421,86.448,can0  040  [04]  22 00 26 00
2026-03-15T15:28:43.103231,86.538,can0  204  [16]  6E 23 D4 44 B6 29 00 00 28 23 30 75 30 75 00 00
2026-03-15T15:28:43.103469,86.538,can0  204  [16]  6E 23 D4 44 B6 29 00 00 28 23 30 75 30 75 00 00
2026-03-15T15:28:43.250968,86.685,can0  204  [16]  6E 23 D4 44 D2 29 00 00 28 23 30 75 30 75 00 00
2026-03-15T15:28:43.251082,86.686,can0  041  [04]  D7 00 39 00
2026-03-15T15:28:43.251245,86.686,can0  070  [20]  E9 2A 4D 08 11 B1 62 03 10 A4 00 00 1C 16 00 00 2F 00 00 00
2026-03-15T15:28:43.251592,86.686,can0  204  [16]  6E 23 D4 44 D2 29 00 00 28 23 30 75 30 75 00 00
2026-03-15T15:28:43.263019,86.697,can0  040  [04]  26 00 23 00
2026-03-15T15:28:43.318963,86.753,can0  110  [02]  9F 1B
2026-03-15T15:28:43.320099,86.755,can0  040  [04]  26 00 23 00
2026-03-15T15:28:43.320199,86.755,can0  204  [16]  6E 23 D7 44 95 29 00 00 28 23 30 75 30 75 00 00
2026-03-15T15:28:43.320411,86.755,can0  070  [20]  E9 2A 4D 08 11 B1 62 03 10 A4 00 00 1C 16 00 00 2F 00 00 00
2026-03-15T15:28:43.415204,86.850,can0  204  [16]  6E 23 D9 44 DF 29 00 00 28 23 30 75 30 75 00 00
2026-03-15T15:28:43.415551,86.850,can0  204  [16]  6E 23 D9 44 DF 29 00 00 28 23 30 75 30 75 00 00
2026-03-15T15:28:43.540781,86.975,can0  060  [32]  00 00 00 00 E9 2A 4D 08 66 06 B8 10 00 00 10 0E FF 01 00 00 00 00 00 00 01 00 00 00 00 00 00 00
2026-03-15T15:28:43.541555,86.976,can0  204  [16]  6E 23 D4 44 B8 29 00 00 28 23 30 75 30 75 00 00
2026-03-15T15:28:43.541962,86.976,can0  041  [04]  D5 00 32 00
2026-03-15T15:28:43.543393,86.978,can0  040  [04]  1F 00 22 00
2026-03-15T15:28:43.543493,86.978,can0  204  [16]  6E 23 D4 44 B8 29 00 00 28 23 30 75 30 75 00 00
2026-03-15T15:28:43.612705,87.047,can0  040  [04]  1F 00 22 00
2026-03-15T15:28:43.613082,87.048,can0  204  [16]  6E 23 D4 44 B8 29 00 00 28 23 30 75 30 75 00 00
2026-03-15T15:28:43.613376,87.048,can0  070  [20]  E9 2A 4D 08 10 B1 62 03 F8 A7 00 00 1C 16 00 00 32 00 00 00
2026-03-15T15:28:43.722794,87.157,can0  070  [20]  E9 2A 4D 08 10 B1 62 03 F8 A7 00 00 1C 16 00 00 32 00 00 00
2026-03-15T15:28:43.723197,87.158,can0  204  [16]  6E 23 DB 44 AC 29 00 00 28 23 30 75 30 75 00 00
2026-03-15T15:28:43.723546,87.158,can0  204  [16]  6E 23 DB 44 AC 29 00 00 28 23 30 75 30 75 00 00
2026-03-15T15:28:43.723825,87.158,can0  041  [04]  D9 00 2F 00
2026-03-15T15:28:43.724092,87.159,can0  070  [20]  E9 2A 4D 08 10 B1 62 03 F8 A7 00 00 1C 16 00 00 32 00 00 00
2026-03-15T15:28:43.823030,87.257,can0  040  [04]  1D 00 20 00
2026-03-15T15:28:43.823541,87.258,can0  204  [16]  6E 23 D4 44 A5 29 00 00 28 23 30 75 30 75 00 00
2026-03-15T15:28:43.824057,87.258,can0  040  [04]  1D 00 20 00
2026-03-15T15:28:43.824382,87.259,can0  204  [16]  6E 23 D4 44 A5 29 00 00 28 23 30 75 30 75 00 00
2026-03-15T15:28:43.922613,87.357,can0  204  [16]  6E 23 D6 44 A1 29 00 00 28 23 30 75 30 75 00 00
2026-03-15T15:28:44.022790,87.457,can0  060  [32]  00 00 00 00 00 00 00 00 00 00 00 00 00 00 00 00 00 00 00 00 00 00 00 00 00 00 00 00 00 00 00 00
2026-03-15T15:28:44.023389,87.458,can0  204  [16]  6E 23 D1 44 DD 29 00 00 28 23 30 75 30 75 00 00
2026-03-15T15:28:44.023682,87.458,can0  041  [04]  D9 00 26 00
2026-03-15T15:28:44.024007,87.458,can0  204  [16]  6E 23 D1 44 DD 29 00 00 28 23 30 75 30 75 00 00
2026-03-15T15:28:44.024625,87.459,can0  040  [04]  1F 00 20 00
2026-03-15T15:28:44.123044,87.557,can0  100  [03]  77 4E 04
2026-03-15T15:28:44.124126,87.559,can0  204  [16]  6E 23 DC 44 EA 29 00 00 28 23 30 75 30 75 00 00
2026-03-15T15:28:44.124211,87.559,can0  120  [04]  00 00 00 00
2026-03-15T15:28:44.124892,87.559,can0  040  [04]  1F 00 20 00
2026-03-15T15:28:44.127396,87.562,can0  204  [16]  6E 23 DC 44 EA 29 00 00 28 23 30 75 30 75 00 00
2026-03-15T15:28:44.222743,87.657,can0  204  [16]  6E 23 DE 44 C1 29 00 00 28 23 30 75 30 75 00 00
2026-03-15T15:28:44.223092,87.658,can0  070  [20]  E9 2A 4D 08 10 B1 62 03 F8 A7 00 00 1C 16 00 00 32 00 00 00
2026-03-15T15:28:44.322155,87.757,can0  204  [16]  6E 23 D1 44 DF 29 00 00 28 23 30 75 30 75 00 00
2026-03-15T15:28:44.322411,87.757,can0  041  [04]  DD 00 24 00
2026-03-15T15:28:44.323036,87.757,can0  040  [04]  21 00 26 00
2026-03-15T15:28:44.323327,87.758,can0  204  [16]  6E 23 D1 44 DF 29 00 00 28 23 30 75 30 75 00 00
2026-03-15T15:28:44.323982,87.758,can0  070  [20]  E9 2A 4D 08 10 B1 62 03 F8 A7 00 00 1C 16 00 00 32 00 00 00
2026-03-15T15:28:44.324037,87.758,can0  040  [04]  21 00 26 00
2026-03-15T15:28:44.422665,87.857,can0  204  [16]  6E 23 CE 44 BF 29 00 00 28 23 30 75 30 75 00 00
2026-03-15T15:28:44.423156,87.858,can0  204  [16]  6E 23 CE 44 BF 29 00 00 28 23 30 75 30 75 00 00
2026-03-15T15:28:44.522232,87.957,can0  060  [32]  00 00 00 00 00 00 00 00 00 00 00 00 00 00 00 00 00 00 00 00 00 00 00 00 00 00 00 00 00 00 00 00
2026-03-15T15:28:44.522471,87.957,can0  060  [32]  00 00 00 00 E9 2A 4D 08 64 06 B8 10 00 00 10 0E FF 01 00 00 00 00 00 00 01 00 00 00 00 00 00 00
2026-03-15T15:28:44.523111,87.958,can0  204  [16]  6E 23 D2 44 E4 29 00 00 28 23 30 75 30 75 00 00
2026-03-15T15:28:44.523659,87.958,can0  041  [04]  DE 00 24 00
2026-03-15T15:28:44.523735,87.958,can0  204  [16]  6E 23 D2 44 E4 29 00 00 28 23 30 75 30 75 00 00
2026-03-15T15:28:44.625835,88.060,can0  040  [04]  1A 00 29 00
2026-03-15T15:28:44.626984,88.061,can0  070  [20]  E9 2A 4D 08 10 B1 62 03 E0 AB 00 00 1C 16 00 00 1C 00 00 00
2026-03-15T15:28:44.627076,88.062,can0  204  [16]  6E 23 DE 44 BB 29 00 00 28 23 30 75 30 75 00 00
2026-03-15T15:28:44.627147,88.062,can0  070  [20]  E9 2A 4D 08 10 B1 62 03 E0 AB 00 00 1C 16 00 00 1C 00 00 00
2026-03-15T15:28:44.627637,88.062,can0  040  [04]  1A 00 29 00
2026-03-15T15:28:44.761382,88.196,can0  204  [16]  6E 23 DB 44 EA 29 00 00 28 23 30 75 30 75 00 00
2026-03-15T15:28:44.761692,88.196,can0  070  [20]  E9 2A 4D 08 10 B1 62 03 E0 AB 00 00 1C 16 00 00 1C 00 00 00
2026-03-15T15:28:44.762071,88.196,can0  204  [16]  6E 23 DB 44 EA 29 00 00 28 23 30 75 30 75 00 00
2026-03-15T15:28:44.828656,88.263,can0  204  [16]  6E 23 D3 44 CB 29 00 00 28 23 30 75 30 75 00 00
2026-03-15T15:28:44.828933,88.263,can0  041  [04]  E0 00 22 00
2026-03-15T15:28:44.833661,88.268,can0  040  [04]  1A 00 27 00
2026-03-15T15:28:44.962955,88.397,can0  204  [16]  6E 23 D0 44 BB 29 00 00 28 23 30 75 30 75 00 00
2026-03-15T15:28:44.963824,88.398,can0  110  [02]  9F 1B
2026-03-15T15:28:44.964690,88.399,can0  040  [04]  1A 00 27 00
2026-03-15T15:28:44.965050,88.399,can0  204  [16]  6E 23 D0 44 BB 29 00 00 28 23 30 75 30 75 00 00
2026-03-15T15:28:45.033440,88.468,can0  204  [16]  6E 23 CF 44 BD 29 00 00 28 23 30 75 30 75 00 00
2026-03-15T15:28:45.033856,88.468,can0  060  [32]  00 00 00 00 00 00 00 00 00 00 00 00 00 00 00 00 00 00 00 00 00 00 00 00 00 00 00 00 00 00 00 00
2026-03-15T15:28:45.034217,88.469,can0  204  [16]  6E 23 CF 44 BD 29 00 00 28 23 30 75 30 75 00 00
2026-03-15T15:28:45.099839,88.534,can0  041  [04]  DC 00 24 00
2026-03-15T15:28:45.100699,88.535,can0  040  [04]  16 00 28 00
2026-03-15T15:28:45.101081,88.536,can0  204  [16]  6E 23 CE 44 D2 29 00 00 28 23 30 75 30 75 00 00
2026-03-15T15:28:45.235632,88.670,can0  040  [04]  16 00 28 00
2026-03-15T15:28:45.243156,88.678,can0  204  [16]  6E 23 D4 44 D4 29 00 00 28 23 30 75 30 75 00 00
2026-03-15T15:28:45.243905,88.678,can0  204  [16]  6E 23 D4 44 D4 29 00 00 28 23 30 75 30 75 00 00
2026-03-15T15:28:45.243993,88.678,can0  070  [20]  E9 2A 4D 08 10 B1 62 03 E0 AB 00 00 1C 16 00 00 1C 00 00 00
2026-03-15T15:28:45.300747,88.735,can0  100  [03]  72 4E 04
2026-03-15T15:28:45.301129,88.736,can0  204  [16]  6E 23 DB 44 DF 29 00 00 28 23 30 75 30 75 00 00
2026-03-15T15:28:45.301730,88.736,can0  120  [04]  00 00 00 00
2026-03-15T15:28:45.302089,88.737,can0  204  [16]  6E 23 DB 44 DF 29 00 00 28 23 30 75 30 75 00 00
2026-03-15T15:28:45.302388,88.737,can0  041  [04]  D5 00 29 00
2026-03-15T15:28:45.302655,88.737,can0  070  [20]  E9 2A 4D 08 10 B1 62 03 E0 AB 00 00 1C 16 00 00 1C 00 00 00
2026-03-15T15:28:45.458412,88.893,can0  040  [04]  12 00 2C 00
2026-03-15T15:28:45.458843,88.893,can0  204  [16]  6E 23 D4 44 B1 29 00 00 28 23 30 75 30 75 00 00
2026-03-15T15:28:45.469570,88.904,can0  040  [04]  12 00 2C 00
2026-03-15T15:28:45.519716,88.954,can0  204  [16]  6E 23 CF 44 CD 29 00 00 28 23 30 75 30 75 00 00
2026-03-15T15:28:45.520121,88.955,can0  060  [32]  00 00 00 00 E9 2A 4D 08 64 06 B8 10 00 00 10 0E FF 01 00 00 00 00 00 00 01 00 00 00 00 00 00 00
2026-03-15T15:28:45.523553,88.958,can0  204  [16]  6E 23 CF 44 CD 29 00 00 28 23 30 75 30 75 00 00
2026-03-15T15:28:45.607806,89.042,can0  204  [16]  6E 23 CF 44 CD 29 00 00 28 23 30 75 30 75 00 00
2026-03-15T15:28:45.608120,89.043,can0  070  [20]  E9 2A 4D 08 0E B1 62 03 C8 AF 00 00 1C 16 00 00 06 00 00 00
2026-03-15T15:28:45.608418,89.043,can0  041  [04]  D7 00 2A 00
2026-03-15T15:28:45.608669,89.043,can0  070  [20]  E9 2A 4D 08 0E B1 62 03 C8 AF 00 00 1C 16 00 00 06 00 00 00
2026-03-15T15:28:45.609259,89.044,can0  040  [04]  13 00 30 00
2026-03-15T15:28:45.609607,89.044,can0  204  [16]  6E 23 D0 44 C6 29 00 00 28 23 30 75 30 75 00 00
2026-03-15T15:28:45.741199,89.176,can0  040  [04]  13 00 30 00
2026-03-15T15:28:45.741669,89.176,can0  204  [16]  6E 23 D3 44 D4 29 00 00 28 23 30 75 30 75 00 00
2026-03-15T15:28:45.741892,89.176,can0  070  [20]  E9 2A 4D 08 0E B1 62 03 C8 AF 00 00 1C 16 00 00 06 00 00 00
2026-03-15T15:28:45.830513,89.265,can0  204  [16]  6E 23 D9 44 E8 29 00 00 28 23 30 75 30 75 00 00
2026-03-15T15:28:45.830763,89.265,can0  204  [16]  6E 23 D9 44 E8 29 00 00 28 23 30 75 30 75 00 00
2026-03-15T15:28:45.922389,89.357,can0  041  [04]  C9 00 2D 00
2026-03-15T15:28:45.922824,89.357,can0  204  [16]  6E 23 D8 44 EF 29 00 00 28 23 30 75 30 75 00 00
2026-03-15T15:28:45.924680,89.359,can0  040  [04]  0F 00 34 00
2026-03-15T15:28:45.925406,89.360,can0  204  [16]  6E 23 D8 44 EF 29 00 00 28 23 30 75 30 75 00 00
2026-03-15T15:28:46.059860,89.494,can0  040  [04]  0F 00 34 00
2026-03-15T15:28:46.059971,89.494,can0  060  [32]  00 00 00 00 00 00 00 00 00 00 00 00 00 00 00 00 00 00 00 00 00 00 00 00 00 00 00 00 00 00 00 00
2026-03-15T15:28:46.060263,89.495,can0  204  [16]  6E 23 CF 44 E4 29 00 00 28 23 30 75 30 75 00 00
2026-03-15T15:28:46.111751,89.546,can0  204  [16]  6E 23 CD 44 E8 29 00 00 28 23 30 75 30 75 00 00
2026-03-15T15:28:46.112099,89.547,can0  204  [16]  6E 23 CD 44 E8 29 00 00 28 23 30 75 30 75 00 00
2026-03-15T15:28:46.114574,89.549,can0  041  [04]  C5 00 30 00
2026-03-15T15:28:46.242554,89.677,can0  040  [04]  0E 00 35 00
2026-03-15T15:28:46.242931,89.677,can0  204  [16]  6E 23 CF 44 B1 29 00 00 28 23 30 75 30 75 00 00
2026-03-15T15:28:46.243476,89.678,can0  040  [04]  0E 00 35 00
2026-03-15T15:28:46.243805,89.678,can0  204  [16]  6E 23 CF 44 B1 29 00 00 28 23 30 75 30 75 00 00
2026-03-15T15:28:46.244061,89.678,can0  070  [20]  E9 2A 4D 08 0E B1 62 03 C8 AF 00 00 1C 16 00 00 06 00 00 00
2026-03-15T15:28:46.330058,89.764,can0  204  [16]  6E 23 DD 44 B1 29 00 00 28 23 30 75 30 75 00 00
2026-03-15T15:28:46.330366,89.765,can0  070  [20]  E9 2A 4D 08 0E B1 62 03 C8 AF 00 00 1C 16 00 00 06 00 00 00
2026-03-15T15:28:46.422040,89.856,can0  204  [16]  6E 23 D7 44 CB 29 00 00 28 23 30 75 30 75 00 00
2026-03-15T15:28:46.422279,89.857,can0  041  [04]  CC 00 32 00
2026-03-15T15:28:46.422517,89.857,can0  204  [16]  6E 23 D7 44 CB 29 00 00 28 23 30 75 30 75 00 00
2026-03-15T15:28:46.423254,89.858,can0  040  [04]  0E 00 3B 00
2026-03-15T15:28:46.522642,89.957,can0  100  [03]  70 4E 04
2026-03-15T15:28:46.522928,89.957,can0  204  [16]  6E 23 CB 44 D4 29 00 00 28 23 30 75 30 75 00 00
2026-03-15T15:28:46.523507,89.958,can0  110  [02]  9F 1B
2026-03-15T15:28:46.524004,89.958,can0  120  [04]  00 00 00 00
2026-03-15T15:28:46.524239,89.959,can0  060  [32]  00 00 00 00 00 00 00 00 00 00 00 00 00 00 00 00 00 00 00 00 00 00 00 00 00 00 00 00 00 00 00 00
2026-03-15T15:28:46.525009,89.959,can0  040  [04]  0E 00 3B 00
2026-03-15T15:28:46.525189,89.960,can0  060  [32]  00 00 00 00 E9 2A 4D 08 63 06 B8 10 00 00 10 0E FF 01 00 00 00 00 00 00 01 00 00 00 00 00 00 00
2026-03-15T15:28:46.527779,89.962,can0  204  [16]  6E 23 CB 44 D4 29 00 00 28 23 30 75 30 75 00 00
2026-03-15T15:28:46.622237,90.057,can0  204  [16]  6E 23 CB 44 DF 29 00 00 28 23 30 75 30 75 00 00
2026-03-15T15:28:46.622600,90.057,can0  070  [20]  E9 2A 4D 08 0E B1 62 03 B0 B3 00 00 1C 16 00 00 11 00 00 00
2026-03-15T15:28:46.622802,90.057,can0  070  [20]  E9 2A 4D 08 0E B1 62 03 B0 B3 00 00 1C 16 00 00 11 00 00 00
2026-03-15T15:28:46.722475,90.157,can0  041  [04]  D0 00 35 00
2026-03-15T15:28:46.722565,90.157,can0  204  [16]  6E 23 D2 44 BB 29 00 00 28 23 30 75 30 75 00 00
2026-03-15T15:28:46.723469,90.158,can0  040  [04]  0D 00 42 00
2026-03-15T15:28:46.723547,90.158,can0  070  [20]  E9 2A 4D 08 0E B1 62 03 B0 B3 00 00 1C 16 00 00 11 00 00 00
2026-03-15T15:28:46.723616,90.158,can0  204  [16]  6E 23 D2 44 BB 29 00 00 28 23 30 75 30 75 00 00
2026-03-15T15:28:46.723981,90.158,can0  040  [04]  0D 00 42 00
2026-03-15T15:28:46.826780,90.261,can0  204  [16]  6E 23 D2 44 C4 29 00 00 28 23 30 75 30 75 00 00
2026-03-15T15:28:46.827109,90.262,can0  204  [16]  6E 23 D4 44 DD 29 00 00 28 23 30 75 30 75 00 00
2026-03-15T15:28:46.922759,90.357,can0  132  [00]
2026-03-15T15:28:46.923212,90.358,can0  204  [16]  6E 23 D4 44 DD 29 00 00 28 23 30 75 30 75 00 00
2026-03-15T15:28:46.930131,90.365,can0  041  [04]  D1 00 38 00
2026-03-15T15:28:47.052156,90.487,can0  040  [04]  0D 00 47 00
2026-03-15T15:28:47.052264,90.487,can0  204  [16]  6E 23 D5 44 EF 29 00 00 28 23 30 75 30 75 00 00
2026-03-15T15:28:47.053217,90.488,can0  060  [32]  00 00 00 00 00 00 00 00 00 00 00 00 00 00 00 00 00 00 00 00 00 00 00 00 00 00 00 00 00 00 00 00
2026-03-15T15:28:47.053326,90.488,can0  040  [04]  0D 00 47 00
2026-03-15T15:28:47.053562,90.488,can0  204  [16]  6E 23 D5 44 EF 29 00 00 28 23 30 75 30 75 00 00
2026-03-15T15:28:47.120915,90.555,can0  204  [16]  6E 23 D2 44 CF 29 00 00 28 23 30 75 30 75 00 00
2026-03-15T15:28:47.121256,90.556,can0  204  [16]  6E 23 D2 44 CF 29 00 00 28 23 30 75 30 75 00 00
2026-03-15T15:28:47.251867,90.686,can0  041  [04]  CD 00 37 00
2026-03-15T15:28:47.252210,90.687,can0  204  [16]  6E 23 D3 44 CF 29 00 00 28 23 30 75 30 75 00 00
2026-03-15T15:28:47.254377,90.689,can0  070  [20]  E9 2A 4D 08 0E B1 62 03 B0 B3 00 00 1C 16 00 00 11 00 00 00
2026-03-15T15:28:47.254487,90.689,can0  040  [04]  11 00 4C 00
2026-03-15T15:28:47.321496,90.756,can0  204  [16]  6E 23 D0 44 D8 29 00 00 28 23 30 75 30 75 00 00
2026-03-15T15:28:47.322389,90.757,can0  040  [04]  11 00 4C 00
2026-03-15T15:28:47.322713,90.757,can0  204  [16]  6E 23 D0 44 D8 29 00 00 28 23 30 75 30 75 00 00
2026-03-15T15:28:47.455684,90.890,can0  070  [20]  E9 2A 4D 08 0E B1 62 03 B0 B3 00 00 1C 16 00 00 11 00 00 00
2026-03-15T15:28:47.456349,90.891,can0  204  [16]  6E 23 D1 44 ED 29 00 00 28 23 30 75 30 75 00 00
2026-03-15T15:28:47.456431,90.891,can0  204  [16]  6E 23 D1 44 ED 29 00 00 28 23 30 75 30 75 00 00
2026-03-15T15:28:47.523472,90.958,can0  041  [04]  D4 00 37 00
2026-03-15T15:28:47.524735,90.959,can0  040  [04]  10 00 4E 00
2026-03-15T15:28:47.524841,90.959,can0  204  [16]  6E 23 D7 44 F1 29 00 00 28 23 30 75 30 75 00 00
2026-03-15T15:28:47.524992,90.959,can0  060  [32]  00 00 00 00 E9 2A 4D 08 63 06 B8 10 00 00 10 0E FF 01 00 00 00 00 00 00 01 00 00 00 00 00 00 00
2026-03-15T15:28:47.526046,90.960,can0  040  [04]  10 00 4E 00
2026-03-15T15:28:47.526360,90.961,can0  204  [16]  6E 23 D7 44 F1 29 00 00 28 23 30 75 30 75 00 00
2026-03-15T15:28:47.660790,91.095,can0  070  [20]  E9 2A 4D 08 0C B1 62 03 98 B7 00 00 1C 16 00 00 2B 00 00 00
2026-03-15T15:28:47.661173,91.096,can0  204  [16]  6E 23 D6 44 ED 29 00 00 28 23 30 75 30 75 00 00
2026-03-15T15:28:47.661452,91.096,can0  070  [20]  E9 2A 4D 08 0C B1 62 03 98 B7 00 00 1C 16 00 00 2A 00 00 00
2026-03-15T15:28:47.728958,91.163,can0  100  [03]  6A 4E 04
2026-03-15T15:28:47.729064,91.163,can0  120  [04]  00 00 00 00
2026-03-15T15:28:47.729142,91.164,can0  204  [16]  6E 23 D5 44 DD 29 00 00 28 23 30 75 30 75 00 00
2026-03-15T15:28:47.729243,91.164,can0  070  [20]  E9 2A 4D 08 0C B1 62 03 98 B7 00 00 1C 16 00 00 2A 00 00 00
2026-03-15T15:28:47.729324,91.164,can0  041  [04]  D7 00 34 00
2026-03-15T15:28:47.729617,91.164,can0  204  [16]  6E 23 D0 44 C8 29 00 00 28 23 30 75 30 75 00 00
2026-03-15T15:28:47.867280,91.302,can0  040  [04]  10 00 49 00
2026-03-15T15:28:47.867625,91.302,can0  204  [16]  6E 23 D0 44 C8 29 00 00 28 23 30 75 30 75 00 00
2026-03-15T15:28:47.872387,91.307,can0  040  [04]  10 00 49 00
2026-03-15T15:28:47.935973,91.370,can0  204  [16]  6E 23 D4 44 C1 29 00 00 28 23 30 75 30 75 00 00
2026-03-15T15:28:47.936272,91.371,can0  204  [16]  6E 23 D4 44 C1 29 00 00 28 23 30 75 30 75 00 00
2026-03-15T15:28:48.003589,91.438,can0  204  [16]  6E 23 D9 44 B6 29 00 00 28 23 30 75 30 75 00 00
2026-03-15T15:28:48.005009,91.439,can0  041  [04]  D8 00 31 00
2026-03-15T15:28:48.005111,91.440,can0  060  [32]  00 00 00 00 00 00 00 00 00 00 00 00 00 00 00 00 00 00 00 00 00 00 00 00 00 00 00 00 00 00 00 00
2026-03-15T15:28:48.005201,91.440,can0  040  [04]  13 00 44 00
2026-03-15T15:28:48.009617,91.444,can0  204  [16]  6E 23 D6 44 B6 29 00 00 28 23 30 75 30 75 00 00
2026-03-15T15:28:48.137559,91.572,can0  040  [04]  13 00 44 00
2026-03-15T15:28:48.138549,91.573,can0  110  [02]  9E 1B
2026-03-15T15:28:48.138939,91.573,can0  204  [16]  6E 23 D6 44 B6 29 00 00 28 23 30 75 30 75 00 00
2026-03-15T15:28:48.205935,91.640,can0  204  [16]  6E 23 D4 44 F5 29 00 00 28 23 30 75 30 75 00 00
2026-03-15T15:28:48.206290,91.641,can0  204  [16]  6E 23 D4 44 F5 29 00 00 28 23 30 75 30 75 00 00
2026-03-15T15:28:48.209975,91.644,can0  070  [20]  E9 2A 4D 08 0C B1 62 03 98 B7 00 00 1C 16 00 00 2A 00 00 00
2026-03-15T15:28:48.337573,91.772,can0  041  [04]  DC 00 32 00
2026-03-15T15:28:48.337991,91.772,can0  204  [16]  6E 23 D3 44 C1 29 00 00 28 23 30 75 30 75 00 00
2026-03-15T15:28:48.338993,91.773,can0  040  [04]  17 00 3C 00
2026-03-15T15:28:48.339081,91.774,can0  070  [20]  E9 2A 4D 08 0C B1 62 03 98 B7 00 00 1C 16 00 00 2A 00 00 00
2026-03-15T15:28:48.339346,91.774,can0  204  [16]  6E 23 D5 44 E6 29 00 00 28 23 30 75 30 75 00 00
2026-03-15T15:28:48.409191,91.844,can0  040  [04]  17 00 3C 00
2026-03-15T15:28:48.409338,91.844,can0  204  [16]  6E 23 D5 44 E6 29 00 00 28 23 30 75 30 75 00 00
2026-03-15T15:28:48.541836,91.976,can0  204  [16]  6E 23 D3 44 AA 29 00 00 28 23 30 75 30 75 00 00
2026-03-15T15:28:48.542149,91.977,can0  060  [32]  00 00 00 00 00 00 00 00 00 00 00 00 00 00 00 00 00 00 00 00 00 00 00 00 00 00 00 00 00 00 00 00
2026-03-15T15:28:48.542745,91.977,can0  204  [16]  6E 23 D3 44 AA 29 00 00 28 23 30 75 30 75 00 00
2026-03-15T15:28:48.542833,91.977,can0  041  [04]  D6 00 31 00
2026-03-15T15:28:48.543108,91.978,can0  060  [32]  00 00 00 00 E9 2A 4D 08 61 06 B8 10 00 00 10 0E FF 01 00 00 00 00 00 00 01 00 00 00 00 00 00 00
2026-03-15T15:28:48.548531,91.983,can0  040  [04]  1D 00 35 00
2026-03-15T15:28:48.613400,92.048,can0  204  [16]  6E 23 D3 44 AA 29 00 00 28 23 30 75 30 75 00 00
2026-03-15T15:28:48.613673,92.048,can0  070  [20]  E9 2A 4D 08 0C B1 62 03 80 BB 00 00 1C 16 00 00 36 00 00 00
2026-03-15T15:28:48.614530,92.049,can0  040  [04]  1D 00 35 00
2026-03-15T15:28:48.614814,92.049,can0  070  [20]  E9 2A 4D 08 0C B1 62 03 80 BB 00 00 1C 16 00 00 36 00 00 00
2026-03-15T15:28:48.747245,92.182,can0  204  [16]  6E 23 D9 44 C8 29 00 00 28 23 30 75 30 75 00 00
2026-03-15T15:28:48.747351,92.182,can0  204  [16]  6E 23 D9 44 C8 29 00 00 28 23 30 75 30 75 00 00
2026-03-15T15:28:48.747529,92.182,can0  070  [20]  E9 2A 4D 08 0C B1 62 03 80 BB 00 00 1C 16 00 00 36 00 00 00
2026-03-15T15:28:48.835794,92.270,can0  204  [16]  6E 23 DC 44 05 2A 00 00 28 23 30 75 30 75 00 00
2026-03-15T15:28:48.836013,92.270,can0  041  [04]  CC 00 33 00
2026-03-15T15:28:48.836618,92.271,can0  040  [04]  1B 00 30 00
2026-03-15T15:28:48.836860,92.271,can0  204  [16]  6E 23 DC 44 05 2A 00 00 28 23 30 75 30 75 00 00
2026-03-15T15:28:48.951474,92.386,can0  100  [03]  68 4E 04
2026-03-15T15:28:48.952137,92.387,can0  040  [04]  1B 00 30 00
2026-03-15T15:28:48.952744,92.387,can0  120  [04]  00 00 00 00
2026-03-15T15:28:48.953096,92.388,can0  204  [16]  6E 23 DB 44 CF 29 00 00 28 23 30 75 30 75 00 00
2026-03-15T15:28:48.953450,92.388,can0  204  [16]  6E 23 DC 44 D2 29 00 00 28 23 30 75 30 75 00 00
2026-03-15T15:28:49.046667,92.481,can0  133  [00]
2026-03-15T15:28:49.047029,92.481,can0  204  [16]  6E 23 DC 44 D2 29 00 00 28 23 30 75 30 75 00 00
2026-03-15T15:28:49.047476,92.482,can0  060  [32]  00 00 00 00 00 00 00 00 00 00 00 00 00 00 00 00 00 00 00 00 00 00 00 00 00 00 00 00 00 00 00 00
2026-03-15T15:28:49.150732,92.585,can0  041  [04]  C3 00 38 00
2026-03-15T15:28:49.151162,92.586,can0  204  [16]  6E 23 DC 44 C4 29 00 00 28 23 30 75 30 75 00 00
2026-03-15T15:28:49.151779,92.586,can0  040  [04]  1D 00 30 00
2026-03-15T15:28:49.152106,92.587,can0  204  [16]  6E 23 DC 44 C4 29 00 00 28 23 30 75 30 75 00 00
2026-03-15T15:28:49.152655,92.587,can0  040  [04]  1D 00 30 00
2026-03-15T15:28:49.242030,92.676,can0  204  [16]  6E 23 CF 44 A5 29 00 00 28 23 30 75 30 75 00 00
2026-03-15T15:28:49.242336,92.677,can0  070  [20]  E9 2A 4D 08 0C B1 62 03 80 BB 00 00 1C 16 00 00 36 00 00 00
2026-03-15T15:28:49.242651,92.677,can0  204  [16]  6E 23 D1 44 D2 29 00 00 28 23 30 75 30 75 00 00
2026-03-15T15:28:49.348905,92.783,can0  204  [16]  6E 23 D1 44 D2 29 00 00 28 23 30 75 30 75 00 00
2026-03-15T15:28:49.349174,92.784,can0  070  [20]  E9 2A 4D 08 0C B1 62 03 80 BB 00 00 1C 16 00 00 36 00 00 00
2026-03-15T15:28:49.349524,92.784,can0  041  [04]  B9 00 3D 00
2026-03-15T15:28:49.417679,92.852,can0  040  [04]  1F 00 2B 00
2026-03-15T15:28:49.418171,92.853,can0  204  [16]  6E 23 D2 44 99 29 00 00 28 23 30 75 30 75 00 00
2026-03-15T15:28:49.418950,92.853,can0  040  [04]  1F 00 2B 00
2026-03-15T15:28:49.419220,92.854,can0  204  [16]  6E 23 D2 44 99 29 00 00 28 23 30 75 30 75 00 00
2026-03-15T15:28:49.531401,92.966,can0  204  [16]  6E 23 DC 44 D6 29 00 00 28 23 30 75 30 75 00 00
2026-03-15T15:28:49.531650,92.966,can0  060  [32]  00 00 00 00 E9 2A 4D 08 61 06 B8 10 00 00 10 0E FF 01 00 00 00 00 00 00 01 00 00 00 00 00 00 00
2026-03-15T15:28:49.534455,92.969,can0  204  [16]  6E 23 DC 44 D6 29 00 00 28 23 30 75 30 75 00 00
2026-03-15T15:28:49.626829,93.061,can0  041  [04]  B4 00 3F 00
2026-03-15T15:28:49.627088,93.062,can0  070  [20]  EA 2A 4D 08 0B B1 62 03 68 BF 00 00 1C 16 00 00 30 00 00 00
2026-03-15T15:28:49.627461,93.062,can0  204  [16]  6E 23 D6 44 BF 29 00 00 28 23 30 75 30 75 00 00
2026-03-15T15:28:49.628470,93.063,can0  040  [04]  21 00 22 00
2026-03-15T15:28:49.628678,93.063,can0  070  [20]  EA 2A 4D 08 0B B1 62 03 68 BF 00 00 1C 16 00 00 30 00 00 00
2026-03-15T15:28:49.722744,93.157,can0  204  [16]  6E 23 CE 44 D8 29 00 00 28 23 30 75 30 75 00 00
2026-03-15T15:28:49.723349,93.158,can0  110  [02]  9D 1B
2026-03-15T15:28:49.723941,93.158,can0  040  [04]  21 00 22 00
2026-03-15T15:28:49.724152,93.159,can0  070  [20]  EA 2A 4D 08 0B B1 62 03 68 BF 00 00 1C 16 00 00 30 00 00 00
2026-03-15T15:28:49.726372,93.161,can0  204  [16]  6E 23 CE 44 D8 29 00 00 28 23 30 75 30 75 00 00
2026-03-15T15:28:49.822260,93.257,can0  204  [16]  6E 23 D5 44 99 29 00 00 28 23 30 75 30 75 00 00
2026-03-15T15:28:49.822534,93.257,can0  041  [04]  B2 00 3D 00
2026-03-15T15:28:49.932443,93.367,can0  204  [16]  6E 23 D6 44 B4 29 00 00 28 23 30 75 30 75 00 00
2026-03-15T15:28:49.933425,93.368,can0  040  [04]  20 00 1F 00
2026-03-15T15:28:49.933763,93.368,can0  204  [16]  6E 23 D6 44 B4 29 00 00 28 23 30 75 30 75 00 00
2026-03-15T15:28:49.934421,93.369,can0  040  [04]  20 00 1F 00
2026-03-15T15:28:50.067152,93.502,can0  204  [16]  6E 23 D5 44 CB 29 00 00 28 23 30 75 30 75 00 00
2026-03-15T15:28:50.067523,93.502,can0  204  [16]  6E 23 D5 44 CB 29 00 00 28 23 30 75 30 75 00 00
2026-03-15T15:28:50.067827,93.502,can0  060  [32]  00 00 00 00 00 00 00 00 00 00 00 00 00 00 00 00 00 00 00 00 00 00 00 00 00 00 00 00 00 00 00 00
2026-03-15T15:28:50.135684,93.570,can0  100  [03]  62 4E 04
2026-03-15T15:28:50.136427,93.571,can0  120  [04]  00 00 00 00
2026-03-15T15:28:50.136802,93.571,can0  204  [16]  6E 23 D4 44 D6 29 00 00 28 23 30 75 30 75 00 00
2026-03-15T15:28:50.137051,93.571,can0  041  [04]  B3 00 38 00
2026-03-15T15:28:50.137386,93.572,can0  204  [16]  6E 23 D1 44 EF 29 00 00 28 23 30 75 30 75 00 00
2026-03-15T15:28:50.210937,93.645,can0  040  [04]  14 00 1A 00
2026-03-15T15:28:50.211773,93.646,can0  040  [04]  14 00 1A 00
2026-03-15T15:28:50.212096,93.647,can0  204  [16]  6E 23 D1 44 EF 29 00 00 28 23 30 75 30 75 00 00
2026-03-15T15:28:50.212503,93.647,can0  070  [20]  EA 2A 4D 08 0B B1 62 03 68 BF 00 00 1C 16 00 00 30 00 00 00
2026-03-15T15:28:50.346369,93.781,can0  204  [16]  6E 23 D3 44 CB 29 00 00 28 23 30 75 30 75 00 00
2026-03-15T15:28:50.353839,93.788,can0  204  [16]  6E 23 D3 44 CB 29 00 00 28 23 30 75 30 75 00 00
2026-03-15T15:28:50.363067,93.798,can0  070  [20]  EA 2A 4D 08 0B B1 62 03 68 BF 00 00 1C 16 00 00 30 00 00 00
2026-03-15T15:28:50.421907,93.856,can0  041  [04]  B1 00 3B 00
2026-03-15T15:28:50.422287,93.857,can0  204  [16]  6E 23 CF 44 BB 29 00 00 28 23 30 75 30 75 00 00
2026-03-15T15:28:50.423533,93.858,can0  040  [04]  45 00 16 00
2026-03-15T15:28:50.423622,93.858,can0  204  [16]  6E 23 D2 44 CF 29 00 00 28 23 30 75 30 75 00 00
2026-03-15T15:28:50.559832,93.994,can0  040  [04]  45 00 16 00
2026-03-15T15:28:50.559946,93.994,can0  204  [16]  6E 23 D2 44 CF 29 00 00 28 23 30 75 30 75 00 00
2026-03-15T15:28:50.560209,93.995,can0  060  [32]  00 00 00 00 00 00 00 00 00 00 00 00 00 00 00 00 00 00 00 00 00 00 00 00 00 00 00 00 00 00 00 00
2026-03-15T15:28:50.560386,93.995,can0  060  [32]  00 00 00 00 EA 2A 4D 08 5F 06 B8 10 00 00 10 0E FF 01 00 00 00 00 00 00 01 00 00 00 00 00 00 00
2026-03-15T15:28:50.629132,94.064,can0  204  [16]  6E 23 D2 44 CF 29 00 00 28 23 30 75 30 75 00 00
2026-03-15T15:28:50.630006,94.064,can0  070  [20]  EA 2A 4D 08 09 B1 62 03 50 C3 00 00 1C 16 00 00 34 00 00 00
2026-03-15T15:28:50.630098,94.065,can0  070  [20]  EA 2A 4D 08 09 B1 62 03 50 C3 00 00 1C 16 00 00 35 00 00 00
2026-03-15T15:28:50.630164,94.065,can0  204  [16]  6E 23 D8 44 D4 29 00 00 28 23 30 75 30 75 00 00
2026-03-15T15:28:50.630373,94.065,can0  041  [04]  B2 00 3B 00
2026-03-15T15:28:50.715885,94.150,can0  040  [04]  52 00 1A 00
2026-03-15T15:28:50.716190,94.151,can0  204  [16]  6E 23 D8 44 ED 29 00 00 28 23 30 75 30 75 00 00
2026-03-15T15:28:50.719244,94.154,can0  070  [20]  EA 2A 4D 08 09 B1 62 03 50 C3 00 00 1C 16 00 00 35 00 00 00
2026-03-15T15:28:50.719319,94.154,can0  040  [04]  52 00 1A 00
2026-03-15T15:28:50.835150,94.270,can0  204  [16]  6E 23 D6 44 DB 29 00 00 28 23 30 75 30 75 00 00
2026-03-15T15:28:50.835519,94.270,can0  204  [16]  6E 23 D6 44 DB 29 00 00 28 23 30 75 30 75 00 00
2026-03-15T15:28:50.964259,94.399,can0  204  [16]  6E 23 CF 44 ED 29 00 00 28 23 30 75 30 75 00 00
2026-03-15T15:28:50.964664,94.399,can0  041  [04]  B3 00 33 00
2026-03-15T15:28:50.965032,94.399,can0  204  [16]  6E 23 CF 44 ED 29 00 00 28 23 30 75 30 75 00 00
2026-03-15T15:28:50.975873,94.410,can0  040  [04]  52 00 1E 00
2026-03-15T15:28:51.032986,94.467,can0  204  [16]  6E 23 D2 44 B8 29 00 00 28 23 30 75 30 75 00 00
2026-03-15T15:28:51.034185,94.469,can0  040  [04]  52 00 1E 00
2026-03-15T15:28:51.034289,94.469,can0  060  [32]  00 00 00 00 00 00 00 00 00 00 00 00 00 00 00 00 00 00 00 00 00 00 00 00 00 00 00 00 00 00 00 00
2026-03-15T15:28:51.143996,94.578,can0  204  [16]  6E 23 D8 44 BD 29 00 00 28 23 30 75 30 75 00 00
2026-03-15T15:28:51.144245,94.579,can0  204  [16]  6E 23 D8 44 BD 29 00 00 28 23 30 75 30 75 00 00
2026-03-15T15:28:51.233436,94.668,can0  204  [16]  6E 23 DD 44 A5 29 00 00 28 23 30 75 30 75 00 00
2026-03-15T15:28:51.233867,94.668,can0  041  [04]  B5 00 2D 00
2026-03-15T15:28:51.234142,94.669,can0  070  [20]  EA 2A 4D 08 09 B1 62 03 50 C3 00 00 1C 16 00 00 35 00 00 00
2026-03-15T15:28:51.234789,94.669,can0  040  [04]  44 00 1D 00
2026-03-15T15:28:51.235027,94.669,can0  204  [16]  6E 23 DD 44 A5 29 00 00 28 23 30 75 30 75 00 00
2026-03-15T15:28:51.326602,94.761,can0  040  [04]  44 00 1D 00
2026-03-15T15:28:51.327356,94.762,can0  100  [03]  5D 4E 04
2026-03-15T15:28:51.327906,94.762,can0  110  [02]  9C 1B
2026-03-15T15:28:51.328454,94.763,can0  120  [04]  00 00 00 00
2026-03-15T15:28:51.328733,94.763,can0  204  [16]  6E 23 D9 44 CF 29 00 00 28 23 30 75 30 75 00 00
2026-03-15T15:28:51.328941,94.763,can0  070  [20]  EA 2A 4D 08 09 B1 62 03 50 C3 00 00 1C 16 00 00 35 00 00 00
2026-03-15T15:28:51.422619,94.857,can0  204  [16]  6E 23 D6 44 D8 29 00 00 28 23 30 75 30 75 00 00
2026-03-15T15:28:51.422843,94.857,can0  204  [16]  6E 23 D6 44 D8 29 00 00 28 23 30 75 30 75 00 00
2026-03-15T15:28:51.423029,94.857,can0  041  [04]  C6 00 23 00
2026-03-15T15:28:51.522292,94.957,can0  204  [16]  6E 23 D1 44 07 2A 00 00 28 23 30 75 30 75 00 00
2026-03-15T15:28:51.522915,94.957,can0  040  [04]  2C 00 1F 00
2026-03-15T15:28:51.523156,94.958,can0  204  [16]  6E 23 D1 44 07 2A 00 00 28 23 30 75 30 75 00 00
2026-03-15T15:28:51.523653,94.958,can0  040  [04]  2C 00 1F 00
2026-03-15T15:28:51.523850,94.958,can0  060  [32]  00 00 00 00 EA 2A 4D 08 5E 06 B8 10 00 00 10 0E FF 01 00 00 00 00 00 00 01 00 00 00 00 00 00 00
2026-03-15T15:28:51.622174,95.057,can0  204  [16]  6E 23 D4 44 BB 29 00 00 28 23 30 75 30 75 00 00
2026-03-15T15:28:51.622394,95.057,can0  070  [20]  EC 2A 4D 08 09 B1 62 03 38 C7 00 00 1C 16 00 00 1A 00 00 00
2026-03-15T15:28:51.622574,95.057,can0  070  [20]  EC 2A 4D 08 09 B1 62 03 38 C7 00 00 1C 16 00 00 19 00 00 00
2026-03-15T15:28:51.722392,95.157,can0  204  [16]  6E 23 D9 44 DD 29 00 00 28 23 30 75 30 75 00 00
2026-03-15T15:28:51.722717,95.157,can0  041  [04]  D3 00 22 00
2026-03-15T15:28:51.722968,95.157,can0  204  [16]  6E 23 D9 44 DD 29 00 00 28 23 30 75 30 75 00 00
2026-03-15T15:28:51.723151,95.158,can0  070  [20]  EC 2A 4D 08 09 B1 62 03 38 C7 00 00 1C 16 00 00 19 00 00 00
2026-03-15T15:28:51.723839,95.158,can0  040  [04]  16 00 21 00
2026-03-15T15:28:51.822357,95.257,can0  204  [16]  6E 23 DB 44 6B 29 00 00 28 23 30 75 30 75 00 00
2026-03-15T15:28:51.823023,95.257,can0  040  [04]  16 00 21 00
2026-03-15T15:28:51.823304,95.258,can0  204  [16]  6E 23 D9 44 E1 29 00 00 28 23 30 75 30 75 00 00
2026-03-15T15:28:51.922537,95.357,can0  204  [16]  6E 23 D9 44 E1 29 00 00 28 23 30 75 30 75 00 00
2026-03-15T15:28:52.022614,95.457,can0  204  [16]  6E 23 D6 44 A3 29 00 00 28 23 30 75 30 75 00 00
2026-03-15T15:28:52.022823,95.457,can0  041  [04]  D8 00 1D 00
2026-03-15T15:28:52.023603,95.458,can0  040  [04]  22 00 1D 00
2026-03-15T15:28:52.023857,95.458,can0  204  [16]  6E 23 D6 44 A3 29 00 00 28 23 30 75 30 75 00 00
2026-03-15T15:28:52.024042,95.458,can0  060  [32]  00 00 00 00 00 00 00 00 00 00 00 00 00 00 00 00 00 00 00 00 00 00 00 00 00 00 00 00 00 00 00 00
2026-03-15T15:28:52.122769,95.557,can0  204  [16]  6E 23 D9 44 F8 29 00 00 28 23 30 75 30 75 00 00
2026-03-15T15:28:52.123432,95.558,can0  040  [04]  22 00 1D 00
2026-03-15T15:28:52.123685,95.558,can0  204  [16]  6E 23 D9 44 F8 29 00 00 28 23 30 75 30 75 00 00
2026-03-15T15:28:52.222119,95.657,can0  204  [16]  6E 23 D8 44 E4 29 00 00 28 23 30 75 30 75 00 00
2026-03-15T15:28:52.222335,95.657,can0  070  [20]  EC 2A 4D 08 09 B1 62 03 38 C7 00 00 1C 16 00 00 19 00 00 00
2026-03-15T15:28:52.224718,95.659,can0  041  [04]  E4 00 1C 00
2026-03-15T15:28:52.333036,95.767,can0  204  [16]  6E 23 DA 44 14 2A 00 00 28 23 30 75 30 75 00 00
2026-03-15T15:28:52.334181,95.769,can0  040  [04]  2F 00 1C 00
2026-03-15T15:28:52.334290,95.769,can0  204  [16]  6E 23 DA 44 14 2A 00 00 28 23 30 75 30 75 00 00
2026-03-15T15:28:52.334480,95.769,can0  070  [20]  EC 2A 4D 08 09 B1 62 03 38 C7 00 00 1C 16 00 00 19 00 00 00
2026-03-15T15:28:52.335146,95.770,can0  040  [04]  2F 00 1C 00
2026-03-15T15:28:52.428524,95.863,can0  204  [16]  6E 23 DC 44 EA 29 00 00 28 23 30 75 30 75 00 00
2026-03-15T15:28:52.428815,95.863,can0  204  [16]  6E 23 DC 44 EA 29 00 00 28 23 30 75 30 75 00 00
2026-03-15T15:28:52.522502,95.957,can0  100  [03]  57 4E 04
2026-03-15T15:28:52.523051,95.957,can0  120  [04]  00 00 00 00
2026-03-15T15:28:52.523351,95.958,can0  204  [16]  6E 23 DC 44 BF 29 00 00 28 23 30 75 30 75 00 00
2026-03-15T15:28:52.523557,95.958,can0  041  [04]  F5 00 1D 00
2026-03-15T15:28:52.622111,96.057,can0  204  [16]  6E 23 DC 44 BF 29 00 00 28 23 30 75 30 75 00 00
2026-03-15T15:28:52.622408,96.057,can0  060  [32]  00 00 00 00 00 00 00 00 00 00 00 00 00 00 00 00 00 00 00 00 00 00 00 00 00 00 00 00 00 00 00 00
2026-03-15T15:28:52.622964,96.057,can0  040  [04]  35 00 18 00
2026-03-15T15:28:52.623270,96.058,can0  060  [32]  00 00 00 00 EC 2A 4D 08 5E 06 B8 10 00 00 10 0E FF 01 00 00 00 00 00 00 01 00 00 00 00 00 00 00
2026-03-15T15:28:52.624169,96.059,can0  070  [20]  EC 2A 4D 08 07 B1 62 03 20 CB 00 00 1C 16 00 00 32 00 00 00
2026-03-15T15:28:52.624217,96.059,can0  040  [04]  35 00 18 00
2026-03-15T15:28:52.624510,96.059,can0  204  [16]  6E 23 D3 44 A3 29 00 00 28 23 30 75 30 75 00 00
2026-03-15T15:28:52.624749,96.059,can0  070  [20]  EC 2A 4D 08 07 B1 62 03 20 CB 00 00 1C 16 00 00 32 00 00 00
2026-03-15T15:28:52.722320,96.157,can0  204  [16]  6E 23 D3 44 AA 29 00 00 28 23 30 75 30 75 00 00
2026-03-15T15:28:52.722595,96.157,can0  070  [20]  EC 2A 4D 08 07 B1 62 03 20 CB 00 00 1C 16 00 00 32 00 00 00
2026-03-15T15:28:52.722893,96.157,can0  204  [16]  6E 23 D2 44 B8 29 00 00 28 23 30 75 30 75 00 00
2026-03-15T15:28:52.822268,96.257,can0  041  [04]  FC 00 20 00
2026-03-15T15:28:52.822608,96.257,can0  204  [16]  6E 23 D2 44 B8 29 00 00 28 23 30 75 30 75 00 00
2026-03-15T15:28:52.823254,96.258,can0  040  [04]  32 00 1C 00
2026-03-15T15:28:52.922755,96.357,can0  040  [04]  32 00 1C 00
2026-03-15T15:28:52.923103,96.358,can0  204  [16]  6E 23 DE 44 BB 29 00 00 28 23 30 75 30 75 00 00
2026-03-15T15:28:52.923783,96.358,can0  110  [02]  A0 1B
2026-03-15T15:28:52.924132,96.359,can0  204  [16]  6E 23 DE 44 BB 29 00 00 28 23 30 75 30 75 00 00
2026-03-15T15:28:53.023157,96.458,can0  204  [16]  6E 23 E1 44 E8 29 00 00 28 23 30 75 30 75 00 00
2026-03-15T15:28:53.023293,96.458,can0  041  [04]  FE 00 24 00
2026-03-15T15:28:53.023634,96.458,can0  204  [16]  6E 23 D2 44 C4 29 00 00 28 23 30 75 30 75 00 00
2026-03-15T15:28:53.129674,96.564,can0  060  [32]  00 00 00 00 00 00 00 00 00 00 00 00 00 00 00 00 00 00 00 00 00 00 00 00 00 00 00 00 00 00 00 00
2026-03-15T15:28:53.130202,96.565,can0  040  [04]  21 00 1F 00
2026-03-15T15:28:53.130574,96.565,can0  204  [16]  6E 23 D2 44 C4 29 00 00 28 23 30 75 30 75 00 00
2026-03-15T15:28:53.131072,96.565,can0  040  [04]  21 00 1F 00
2026-03-15T15:28:53.222142,96.657,can0  204  [16]  6E 23 D0 44 D2 29 00 00 28 23 30 75 30 75 00 00
2026-03-15T15:28:53.222351,96.657,can0  070  [20]  EC 2A 4D 08 07 B1 62 03 20 CB 00 00 1C 16 00 00 32 00 00 00
2026-03-15T15:28:53.224666,96.659,can0  204  [16]  6E 23 D0 44 D2 29 00 00 28 23 30 75 30 75 00 00
2026-03-15T15:28:53.322426,96.757,can0  204  [16]  6E 23 D3 44 A3 29 00 00 28 23 30 75 30 75 00 00
2026-03-15T15:28:53.322628,96.757,can0  041  [04]  FA 00 22 00
2026-03-15T15:28:53.322858,96.757,can0  070  [20]  EC 2A 4D 08 07 B1 62 03 20 CB 00 00 1C 16 00 00 32 00 00 00
2026-03-15T15:28:53.323505,96.758,can0  040  [04]  10 00 23 00
2026-03-15T15:28:53.323574,96.758,can0  204  [16]  6E 23 D8 44 C1 29 00 00 28 23 30 75 30 75 00 00
2026-03-15T15:28:53.422715,96.857,can0  204  [16]  6E 23 D8 44 C1 29 00 00 28 23 30 75 30 75 00 00
2026-03-15T15:28:53.423254,96.858,can0  040  [04]  10 00 23 00
2026-03-15T15:28:53.522708,96.957,can0  204  [16]  6E 23 DB 44 00 2A 00 00 28 23 30 75 30 75 00 00
2026-03-15T15:28:53.523039,96.957,can0  204  [16]  6E 23 DB 44 00 2A 00 00 28 23 30 75 30 75 00 00
2026-03-15T15:28:53.644306,97.079,can0  204  [16]  6E 23 DB 44 00 2A 00 00 28 23 30 75 30 75 00 00
2026-03-15T15:28:53.644712,97.079,can0  041  [04]  FD 00 22 00
2026-03-15T15:28:53.644962,97.079,can0  060  [32]  00 00 00 00 EC 2A 4D 08 5C 06 B8 10 00 00 10 0E FF 01 00 00 00 00 00 00 01 00 00 00 00 00 00 00
2026-03-15T15:28:53.645549,97.080,can0  070  [20]  EE 2A 4D 08 06 B1 62 03 08 CF 00 00 1C 16 00 00 34 00 00 00
2026-03-15T15:28:53.645984,97.080,can0  040  [04]  0C 00 22 00
2026-03-15T15:28:53.646250,97.081,can0  070  [20]  EE 2A 4D 08 06 B1 62 03 08 CF 00 00 1C 16 00 00 34 00 00 00
2026-03-15T15:28:53.650685,97.085,can0  204  [16]  6E 23 E0 44 10 2A 00 00 28 23 30 75 30 75 00 00
2026-03-15T15:28:53.733171,97.168,can0  040  [04]  0C 00 22 00
2026-03-15T15:28:53.734080,97.169,can0  100  [03]  50 4E 04
2026-03-15T15:28:53.734659,97.169,can0  120  [04]  00 00 00 00
2026-03-15T15:28:53.734946,97.169,can0  204  [16]  6E 23 E0 44 10 2A 00 00 28 23 30 75 30 75 00 00
2026-03-15T15:28:53.737448,97.172,can0  070  [20]  EE 2A 4D 08 06 B1 62 03 08 CF 00 00 1C 16 00 00 34 00 00 00
2026-03-15T15:28:53.826948,97.261,can0  204  [16]  6E 23 D8 44 BB 29 00 00 28 23 30 75 30 75 00 00
2026-03-15T15:28:53.827194,97.262,can0  204  [16]  6E 23 D8 44 BB 29 00 00 28 23 30 75 30 75 00 00
2026-03-15T15:28:53.829712,97.264,can0  041  [04]  FB 00 22 00
2026-03-15T15:28:53.922558,97.357,can0  204  [16]  6E 23 CD 44 B6 29 00 00 28 23 30 75 30 75 00 00
2026-03-15T15:28:53.923265,97.358,can0  040  [04]  10 00 1F 00
2026-03-15T15:28:53.932137,97.367,can0  040  [04]  10 00 1F 00
2026-03-15T15:28:53.932260,97.367,can0  204  [16]  6E 23 CB 44 75 29 00 00 28 23 30 75 30 75 00 00
2026-03-15T15:28:54.053339,97.488,can0  204  [16]  6E 23 CB 44 75 29 00 00 28 23 30 75 30 75 00 00
2026-03-15T15:28:54.139578,97.574,can0  204  [16]  6E 23 D4 44 B6 29 00 00 28 23 30 75 30 75 00 00
2026-03-15T15:28:54.139783,97.574,can0  060  [32]  00 00 00 00 00 00 00 00 00 00 00 00 00 00 00 00 00 00 00 00 00 00 00 00 00 00 00 00 00 00 00 00
2026-03-15T15:28:54.139990,97.574,can0  041  [04]  F2 00 25 00
2026-03-15T15:28:54.140208,97.575,can0  204  [16]  6E 23 D4 44 B6 29 00 00 28 23 30 75 30 75 00 00
2026-03-15T15:28:54.140747,97.575,can0  040  [04]  23 00 1D 00
2026-03-15T15:28:54.226090,97.661,can0  204  [16]  6E 23 D3 44 AC 29 00 00 28 23 30 75 30 75 00 00
2026-03-15T15:28:54.226569,97.661,can0  040  [04]  23 00 1D 00
2026-03-15T15:28:54.226787,97.661,can0  070  [20]  EE 2A 4D 08 06 B1 62 03 08 CF 00 00 1C 16 00 00 34 00 00 00
2026-03-15T15:28:54.227026,97.661,can0  204  [16]  6E 23 D3 44 29 2A 00 00 28 23 30 75 30 75 00 00
2026-03-15T15:28:54.325492,97.760,can0  204  [16]  6E 23 D3 44 29 2A 00 00 28 23 30 75 30 75 00 00
2026-03-15T15:28:54.325776,97.760,can0  070  [20]  EE 2A 4D 08 06 B1 62 03 08 CF 00 00 1C 16 00 00 34 00 00 00
2026-03-15T15:28:54.448712,97.883,can0  204  [16]  6E 23 D4 44 E1 29 00 00 28 23 30 75 30 75 00 00
2026-03-15T15:28:54.448912,97.883,can0  041  [04]  EB 00 27 00
2026-03-15T15:28:54.449390,97.884,can0  040  [04]  2C 00 1E 00
2026-03-15T15:28:54.449639,97.884,can0  204  [16]  6E 23 D4 44 E1 29 00 00 28 23 30 75 30 75 00 00
2026-03-15T15:28:54.536831,97.971,can0  040  [04]  2C 00 1E 00
2026-03-15T15:28:54.537141,97.972,can0  204  [16]  6E 23 D9 44 E4 29 00 00 28 23 30 75 30 75 00 00
2026-03-15T15:28:54.537973,97.972,can0  110  [02]  9E 1B
2026-03-15T15:28:54.540283,97.975,can0  204  [16]  6E 23 D9 44 E4 29 00 00 28 23 30 75 30 75 00 00
2026-03-15T15:28:54.624391,98.059,can0  060  [32]  00 00 00 00 00 00 00 00 00 00 00 00 00 00 00 00 00 00 00 00 00 00 00 00 00 00 00 00 00 00 00 00
2026-03-15T15:28:54.624571,98.059,can0  060  [32]  00 00 00 00 EE 2A 4D 08 5A 06 B8 10 00 00 10 0E FF 01 00 00 00 00 00 00 01 00 00 00 00 00 00 00
2026-03-15T15:28:54.625102,98.060,can0  204  [16]  6E 23 D4 44 9C 29 00 00 28 23 30 75 30 75 00 00
2026-03-15T15:28:54.625274,98.060,can0  070  [20]  EE 2A 4D 08 06 B1 62 03 F0 D2 00 00 1C 16 00 00 39 00 00 00
2026-03-15T15:28:54.625469,98.060,can0  041  [04]  E5 00 25 00
2026-03-15T15:28:54.625660,98.060,can0  070  [20]  EE 2A 4D 08 06 B1 62 03 F0 D2 00 00 1C 16 00 00 39 00 00 00
2026-03-15T15:28:54.722762,98.157,can0  040  [04]  22 00 21 00
2026-03-15T15:28:54.723125,98.158,can0  204  [16]  6E 23 D3 44 D4 29 00 00 28 23 30 75 30 75 00 00
2026-03-15T15:28:54.723403,98.158,can0  070  [20]  EE 2A 4D 08 06 B1 62 03 F0 D2 00 00 1C 16 00 00 39 00 00 00
2026-03-15T15:28:54.724067,98.158,can0  204  [16]  6E 23 D3 44 D4 29 00 00 28 23 30 75 30 75 00 00
2026-03-15T15:28:54.724115,98.159,can0  040  [04]  22 00 21 00
2026-03-15T15:28:54.822552,98.257,can0  204  [16]  6E 23 CF 44 C6 29 00 00 28 23 30 75 30 75 00 00
2026-03-15T15:28:54.825083,98.260,can0  204  [16]  6E 23 D7 44 F5 29 00 00 28 23 30 75 30 75 00 00
2026-03-15T15:28:54.922968,98.357,can0  100  [03]  4D 4E 04
2026-03-15T15:28:54.923559,98.358,can0  120  [04]  00 00 00 00
2026-03-15T15:28:54.923889,98.358,can0  204  [16]  6E 23 D7 44 F5 29 00 00 28 23 30 75 30 75 00 00
2026-03-15T15:28:54.924151,98.359,can0  041  [04]  E4 00 27 00
2026-03-15T15:28:54.924752,98.359,can0  040  [04]  1F 00 24 00
2026-03-15T15:28:55.022762,98.457,can0  204  [16]  6E 23 D5 44 D2 29 00 00 28 23 30 75 30 75 00 00
2026-03-15T15:28:55.023427,98.458,can0  040  [04]  1F 00 24 00
2026-03-15T15:28:55.023760,98.458,can0  204  [16]  6E 23 D5 44 D2 29 00 00 28 23 30 75 30 75 00 00
2026-03-15T15:28:55.124993,98.559,can0  204  [16]  6E 23 D3 44 CF 29 00 00 28 23 30 75 30 75 00 00
2026-03-15T15:28:55.125205,98.560,can0  060  [32]  00 00 00 00 00 00 00 00 00 00 00 00 00 00 00 00 00 00 00 00 00 00 00 00 00 00 00 00 00 00 00 00
2026-03-15T15:28:55.125455,98.560,can0  204  [16]  6E 23 CF 44 BD 29 00 00 28 23 30 75 30 75 00 00
2026-03-15T15:28:55.221948,98.656,can0  041  [04]  E4 00 26 00
2026-03-15T15:28:55.222294,98.657,can0  204  [16]  6E 23 CF 44 BD 29 00 00 28 23 30 75 30 75 00 00
2026-03-15T15:28:55.222572,98.657,can0  070  [20]  EE 2A 4D 08 06 B1 62 03 F0 D2 00 00 1C 16 00 00 39 00 00 00
2026-03-15T15:28:55.223329,98.658,can0  040  [04]  1E 00 25 00
2026-03-15T15:28:55.225911,98.660,can0  040  [04]  1E 00 25 00
2026-03-15T15:28:55.322257,98.757,can0  204  [16]  6E 23 D3 44 D2 29 00 00 28 23 30 75 30 75 00 00
2026-03-15T15:28:55.322598,98.757,can0  204  [16]  6E 23 D3 44 D2 29 00 00 28 23 30 75 30 75 00 00
2026-03-15T15:28:55.322790,98.757,can0  070  [20]  EE 2A 4D 08 06 B1 62 03 F0 D2 00 00 1C 16 00 00 39 00 00 00
2026-03-15T15:28:55.434087,98.869,can0  204  [16]  6E 23 D5 44 BB 29 00 00 28 23 30 75 30 75 00 00
2026-03-15T15:28:55.441577,98.876,can0  041  [04]  E5 00 28 00
2026-03-15T15:28:55.444790,98.879,can0  204  [16]  6E 23 D2 44 CD 29 00 00 28 23 30 75 30 75 00 00
2026-03-15T15:28:55.531597,98.966,can0  040  [04]  17 00 25 00
2026-03-15T15:28:55.531969,98.966,can0  204  [16]  6E 23 D2 44 CD 29 00 00 28 23 30 75 30 75 00 00
2026-03-15T15:28:55.532576,98.967,can0  040  [04]  17 00 25 00
2026-03-15T15:28:55.660350,99.095,can0  204  [16]  6E 23 D2 44 CD 29 00 00 28 23 30 75 30 75 00 00
2026-03-15T15:28:55.660553,99.095,can0  070  [20]  EE 2A 4D 08 06 B1 62 03 D8 D6 00 00 1C 16 00 00 1E 00 00 00
2026-03-15T15:28:55.660634,99.095,can0  060  [32]  00 00 00 00 EE 2A 4D 08 5A 06 B8 10 00 00 10 0E FF 01 00 00 00 00 00 00 01 00 00 00 00 00 00 00
2026-03-15T15:28:55.660967,99.095,can0  070  [20]  EE 2A 4D 08 06 B1 62 03 D8 D6 00 00 1C 16 00 00 1E 00 00 00
2026-03-15T15:28:55.661443,99.096,can0  204  [16]  6E 23 CB 44 ED 29 00 00 28 23 30 75 30 75 00 00
2026-03-15T15:28:55.748275,99.183,can0  204  [16]  6E 23 D3 44 DF 29 00 00 28 23 30 75 30 75 00 00
2026-03-15T15:28:55.748586,99.183,can0  041  [04]  E7 00 2B 00
2026-03-15T15:28:55.748779,99.183,can0  070  [20]  EE 2A 4D 08 06 B1 62 03 D8 D6 00 00 1C 16 00 00 1E 00 00 00
2026-03-15T15:28:55.749266,99.184,can0  040  [04]  13 00 25 00
2026-03-15T15:28:55.749531,99.184,can0  204  [16]  6E 23 D9 44 C1 29 00 00 28 23 30 75 30 75 00 00
2026-03-15T15:28:55.837954,99.272,can0  040  [04]  13 00 25 00
2026-03-15T15:28:55.838243,99.273,can0  204  [16]  6E 23 D9 44 C1 29 00 00 28 23 30 75 30 75 00 00
2026-03-15T15:28:55.932015,99.366,can0  204  [16]  6E 23 E0 44 AF 29 00 00 28 23 30 75 30 75 00 00
2026-03-15T15:28:55.932394,99.367,can0  204  [16]  6E 23 E0 44 AF 29 00 00 28 23 30 75 30 75 00 00
2026-03-15T15:28:56.060512,99.495,can0  041  [04]  E9 00 27 00
2026-03-15T15:28:56.060936,99.495,can0  204  [16]  6E 23 D8 44 D8 29 00 00 28 23 30 75 30 75 00 00
2026-03-15T15:28:56.061884,99.496,can0  040  [04]  0E 00 28 00
2026-03-15T15:28:56.062237,99.497,can0  204  [16]  6E 23 CF 44 D6 29 00 00 28 23 30 75 30 75 00 00
2026-03-15T15:28:56.149634,99.584,can0  040  [04]  0E 00 28 00
2026-03-15T15:28:56.150418,99.585,can0  100  [03]  48 4E 04
2026-03-15T15:28:56.150960,99.585,can0  110  [02]  9E 1B
2026-03-15T15:28:56.151604,99.586,can0  120  [04]  00 00 00 00
2026-03-15T15:28:56.152191,99.587,can0  060  [32]  00 00 00 00 00 00 00 00 00 00 00 00 00 00 00 00 00 00 00 00 00 00 00 00 00 00 00 00 00 00 00 00
2026-03-15T15:28:56.152282,99.587,can0  204  [16]  6E 23 CF 44 D6 29 00 00 28 23 30 75 30 75 00 00
2026-03-15T15:28:56.261968,99.696,can0  204  [16]  6E 23 CF 44 F3 29 00 00 28 23 30 75 30 75 00 00
2026-03-15T15:28:56.262251,99.697,can0  070  [20]  EE 2A 4D 08 06 B1 62 03 D8 D6 00 00 1C 16 00 00 1E 00 00 00
2026-03-15T15:28:56.262646,99.697,can0  204  [16]  6E 23 CF 44 F3 29 00 00 28 23 30 75 30 75 00 00
2026-03-15T15:28:56.262835,99.697,can0  041  [04]  E3 00 25 00
2026-03-15T15:28:56.351564,99.786,can0  040  [04]  0E 00 2A 00
2026-03-15T15:28:56.351838,99.786,can0  204  [16]  6E 23 CB 44 DB 29 00 00 28 23 30 75 30 75 00 00
2026-03-15T15:28:56.352579,99.787,can0  070  [20]  EE 2A 4D 08 06 B1 62 03 D8 D6 00 00 1C 16 00 00 1E 00 00 00
2026-03-15T15:28:56.352653,99.787,can0  040  [04]  0E 00 2A 00
2026-03-15T15:28:56.352952,99.787,can0  204  [16]  6E 23 D6 44 C4 29 00 00 28 23 30 75 30 75 00 00
2026-03-15T15:28:56.461922,99.896,can0  204  [16]  6E 23 D6 44 C4 29 00 00 28 23 30 75 30 75 00 00
2026-03-15T15:28:56.549838,99.984,can0  204  [16]  6E 23 DC 44 B8 29 00 00 28 23 30 75 30 75 00 00
2026-03-15T15:28:56.550086,99.985,can0  041  [04]  E4 00 26 00
2026-03-15T15:28:56.550504,99.985,can0  204  [16]  6E 23 DC 44 B8 29 00 00 28 23 30 75 30 75 00 00
2026-03-15T15:28:56.551198,99.986,can0  040  [04]  0B 00 2E 00
2026-03-15T15:28:56.618240,100.053,can0  040  [04]  0B 00 2E 00
2026-03-15T15:28:56.618354,100.053,can0  204  [16]  6E 23 D8 44 BB 29 00 00 28 23 30 75 30 75 00 00
2026-03-15T15:28:56.618538,100.053,can0  070  [20]  EF 2A 4D 08 06 B1 62 03 C0 DA 00 00 1C 16 00 00 36 00 00 00
2026-03-15T15:28:56.618836,100.053,can0  060  [32]  00 00 00 00 00 00 00 00 00 00 00 00 00 00 00 00 00 00 00 00 00 00 00 00 00 00 00 00 00 00 00 00
2026-03-15T15:28:56.630180,100.065,can0  060  [32]  00 00 00 00 EF 2A 4D 08 5A 06 B8 10 00 00 10 0E FF 01 00 00 00 00 00 00 01 00 00 00 00 00 00 00
2026-03-15T15:28:56.630362,100.065,can0  070  [20]  EF 2A 4D 08 06 B1 62 03 C0 DA 00 00 1C 16 00 00 36 00 00 00
2026-03-15T15:28:56.630441,100.065,can0  204  [16]  6E 23 D6 44 C6 29 00 00 28 23 30 75 30 75 00 00
2026-03-15T15:28:56.731526,100.166,can0  204  [16]  6E 23 D6 44 C6 29 00 00 28 23 30 75 30 75 00 00
2026-03-15T15:28:56.731805,100.166,can0  070  [20]  EF 2A 4D 08 06 B1 62 03 C0 DA 00 00 1C 16 00 00 36 00 00 00
2026-03-15T15:28:56.840252,100.275,can0  041  [04]  E3 00 27 00
2026-03-15T15:28:56.840546,100.275,can0  204  [16]  6E 23 CF 44 E4 29 00 00 28 23 30 75 30 75 00 00
2026-03-15T15:28:56.840709,100.275,can0  132  [00]
2026-03-15T15:28:56.841692,100.276,can0  040  [04]  09 00 32 00
2026-03-15T15:28:56.841917,100.276,can0  204  [16]  6E 23 CE 44 F1 29 00 00 28 23 30 75 30 75 00 00
2026-03-15T15:28:56.841993,100.276,can0  040  [04]  09 00 32 00
2026-03-15T15:28:56.930109,100.365,can0  204  [16]  6E 23 CE 44 F1 29 00 00 28 23 30 75 30 75 00 00
2026-03-15T15:28:56.930392,100.365,can0  204  [16]  6E 23 D4 44 D2 29 00 00 28 23 30 75 30 75 00 00
2026-03-15T15:28:57.022296,100.457,can0  204  [16]  6E 23 D4 44 D2 29 00 00 28 23 30 75 30 75 00 00
2026-03-15T15:28:57.022622,100.457,can0  041  [04]  DD 00 25 00
2026-03-15T15:28:57.122632,100.557,can0  040  [04]  0A 00 31 00
2026-03-15T15:28:57.123004,100.557,can0  204  [16]  6E 23 DC 44 DD 29 00 00 28 23 30 75 30 75 00 00
2026-03-15T15:28:57.123321,100.558,can0  204  [16]  6E 23 DC 44 DD 29 00 00 28 23 30 75 30 75 00 00
2026-03-15T15:28:57.126385,100.561,can0  060  [32]  00 00 00 00 00 00 00 00 00 00 00 00 00 00 00 00 00 00 00 00 00 00 00 00 00 00 00 00 00 00 00 00
2026-03-15T15:28:57.126485,100.561,can0  040  [04]  0A 00 31 00
2026-03-15T15:28:57.222612,100.657,can0  204  [16]  6E 23 DB 44 AA 29 00 00 28 23 30 75 30 75 00 00
2026-03-15T15:28:57.222864,100.657,can0  070  [20]  EF 2A 4D 08 06 B1 62 03 C0 DA 00 00 1C 16 00 00 36 00 00 00
2026-03-15T15:28:57.225659,100.660,can0  204  [16]  6E 23 D5 44 D2 29 00 00 28 23 30 75 30 75 00 00
2026-03-15T15:28:57.322401,100.757,can0  100  [03]  41 4E 04
2026-03-15T15:28:57.322924,100.757,can0  120  [04]  00 00 00 00
2026-03-15T15:28:57.323164,100.758,can0  041  [04]  E0 00 26 00
2026-03-15T15:28:57.323588,100.758,can0  070  [20]  EF 2A 4D 08 06 B1 62 03 C0 DA 00 00 1C 16 00 00 36 00 00 00
2026-03-15T15:28:57.323665,100.758,can0  204  [16]  6E 23 D5 44 D2 29 00 00 28 23 30 75 30 75 00 00
2026-03-15T15:28:57.324181,100.759,can0  040  [04]  12 00 2E 00
2026-03-15T15:28:57.421995,100.856,can0  204  [16]  6E 23 D4 44 BF 29 00 00 28 23 30 75 30 75 00 00
2026-03-15T15:28:57.422736,100.857,can0  040  [04]  12 00 2E 00
2026-03-15T15:28:57.423018,100.857,can0  204  [16]  6E 23 D4 44 BF 29 00 00 28 23 30 75 30 75 00 00
2026-03-15T15:28:57.553174,100.988,can0  204  [16]  6E 23 D3 44 DF 29 00 00 28 23 30 75 30 75 00 00
2026-03-15T15:28:57.554069,100.989,can0  204  [16]  6E 23 D3 44 DF 29 00 00 28 23 30 75 30 75 00 00
2026-03-15T15:28:57.620800,101.055,can0  041  [04]  E3 00 23 00
2026-03-15T15:28:57.621069,101.055,can0  070  [20]  EF 2A 4D 08 07 B1 62 03 A8 DE 00 00 1C 16 00 00 1F 00 00 00
2026-03-15T15:28:57.622106,101.057,can0  040  [04]  15 00 2C 00
2026-03-15T15:28:57.622204,101.057,can0  204  [16]  6E 23 D9 44 D6 29 00 00 28 23 30 75 30 75 00 00
2026-03-15T15:28:57.622379,101.057,can0  060  [32]  00 00 00 00 EF 2A 4D 08 5C 06 B8 10 00 00 10 0E FF 01 00 00 00 00 00 00 01 00 00 00 00 00 00 00
2026-03-15T15:28:57.622947,101.057,can0  070  [20]  EF 2A 4D 08 07 B1 62 03 A8 DE 00 00 1C 16 00 00 1F 00 00 00
2026-03-15T15:28:57.623649,101.058,can0  040  [04]  15 00 2C 00
2026-03-15T15:28:57.756177,101.191,can0  204  [16]  6E 23 DC 44 DB 29 00 00 28 23 30 75 30 75 00 00
2026-03-15T15:28:57.757100,101.192,can0  110  [02]  9C 1B
2026-03-15T15:28:57.757493,101.192,can0  070  [20]  EF 2A 4D 08 07 B1 62 03 A8 DE 00 00 1C 16 00 00 1F 00 00 00
2026-03-15T15:28:57.761861,101.196,can0  204  [16]  6E 23 D8 44 E1 29 00 00 28 23 30 75 30 75 00 00
2026-03-15T15:28:57.846831,101.281,can0  204  [16]  6E 23 D8 44 E1 29 00 00 28 23 30 75 30 75 00 00
2026-03-15T15:28:57.852800,101.287,can0  041  [04]  E5 00 23 00
2026-03-15T15:28:57.852909,101.287,can0  204  [16]  6E 23 D1 44 BD 29 00 00 28 23 30 75 30 75 00 00
2026-03-15T15:28:58.001580,101.436,can0  040  [04]  1C 00 26 00
2026-03-15T15:28:58.001691,101.436,can0  040  [04]  1C 00 26 00
2026-03-15T15:28:58.002063,101.436,can0  204  [16]  6E 23 D1 44 BD 29 00 00 28 23 30 75 30 75 00 00
2026-03-15T15:28:58.081123,101.516,can0  204  [16]  6E 23 D5 44 D6 29 00 00 28 23 30 75 30 75 00 00
2026-03-15T15:28:58.081517,101.516,can0  204  [16]  6E 23 D6 44 BD 29 00 00 28 23 30 75 30 75 00 00
2026-03-15T15:28:58.142459,101.577,can0  204  [16]  6E 23 D6 44 BD 29 00 00 28 23 30 75 30 75 00 00
2026-03-15T15:28:58.142685,101.577,can0  041  [04]  DC 00 1F 00
2026-03-15T15:28:58.142911,101.577,can0  060  [32]  00 00 00 00 00 00 00 00 00 00 00 00 00 00 00 00 00 00 00 00 00 00 00 00 00 00 00 00 00 00 00 00
2026-03-15T15:28:58.143569,101.578,can0  040  [04]  1C 00 21 00
2026-03-15T15:28:58.143850,101.578,can0  204  [16]  6E 23 D6 44 D4 29 00 00 28 23 30 75 30 75 00 00
2026-03-15T15:28:58.229700,101.664,can0  040  [04]  1C 00 21 00
2026-03-15T15:28:58.229966,101.664,can0  204  [16]  6E 23 D6 44 D4 29 00 00 28 23 30 75 30 75 00 00
2026-03-15T15:28:58.230169,101.665,can0  070  [20]  EF 2A 4D 08 07 B1 62 03 A8 DE 00 00 1C 16 00 00 1F 00 00 00
2026-03-15T15:28:58.364194,101.799,can0  204  [16]  6E 23 DE 44 B6 29 00 00 28 23 30 75 30 75 00 00
2026-03-15T15:28:58.366779,101.801,can0  070  [20]  EF 2A 4D 08 07 B1 62 03 A8 DE 00 00 1C 16 00 00 1F 00 00 00
2026-03-15T15:28:58.366866,101.801,can0  204  [16]  6E 23 D6 44 DD 29 00 00 28 23 30 75 30 75 00 00
2026-03-15T15:28:58.468239,101.903,can0  041  [04]  D9 00 23 00
2026-03-15T15:28:58.468617,101.903,can0  204  [16]  6E 23 D6 44 DD 29 00 00 28 23 30 75 30 75 00 00
2026-03-15T15:28:58.469141,101.904,can0  040  [04]  2A 00 18 00
2026-03-15T15:28:58.470053,101.904,can0  204  [16]  6E 23 D6 44 C8 29 00 00 28 23 30 75 30 75 00 00
2026-03-15T15:28:58.470154,101.905,can0  040  [04]  2A 00 18 00
2026-03-15T15:28:58.572547,102.007,can0  100  [03]  3F 4E 04
2026-03-15T15:28:58.573300,102.008,can0  120  [04]  00 00 00 00
2026-03-15T15:28:58.573557,102.008,can0  204  [16]  6E 23 D6 44 C8 29 00 00 28 23 30 75 30 75 00 00
2026-03-15T15:28:58.622427,102.057,can0  204  [16]  6E 23 D6 44 C8 29 00 00 28 23 30 75 30 75 00 00
2026-03-15T15:28:58.622745,102.057,can0  070  [20]  EF 2A 4D 08 07 B1 62 03 90 E2 00 00 1C 16 00 00 16 00 00 00
2026-03-15T15:28:58.622947,102.057,can0  070  [20]  EF 2A 4D 08 07 B1 62 03 90 E2 00 00 1C 16 00 00 16 00 00 00
2026-03-15T15:28:58.623214,102.058,can0  060  [32]  00 00 00 00 00 00 00 00 00 00 00 00 00 00 00 00 00 00 00 00 00 00 00 00 00 00 00 00 00 00 00 00
2026-03-15T15:28:58.623403,102.058,can0  041  [04]  D7 00 23 00
2026-03-15T15:28:58.623624,102.058,can0  204  [16]  6E 23 DA 44 C1 29 00 00 28 23 30 75 30 75 00 00
2026-03-15T15:28:58.623792,102.058,can0  060  [32]  00 00 00 00 EF 2A 4D 08 5C 06 B8 10 00 00 10 0E FF 01 00 00 00 00 00 00 01 00 00 00 00 00 00 00
2026-03-15T15:28:58.627111,102.062,can0  040  [04]  41 00 16 00
2026-03-15T15:28:58.722286,102.157,can0  070  [20]  EF 2A 4D 08 07 B1 62 03 90 E2 00 00 1C 16 00 00 16 00 00 00
2026-03-15T15:28:58.722564,102.157,can0  204  [16]  6E 23 DA 44 C1 29 00 00 28 23 30 75 30 75 00 00
2026-03-15T15:28:58.723137,102.158,can0  040  [04]  41 00 16 00
2026-03-15T15:28:58.822365,102.257,can0  204  [16]  6E 23 D7 44 03 2A 00 00 28 23 30 75 30 75 00 00
2026-03-15T15:28:58.822705,102.257,can0  204  [16]  6E 23 D7 44 03 2A 00 00 28 23 30 75 30 75 00 00
2026-03-15T15:28:58.922426,102.357,can0  204  [16]  6E 23 D6 44 B4 29 00 00 28 23 30 75 30 75 00 00
2026-03-15T15:28:58.922713,102.357,can0  041  [04]  D6 00 24 00
2026-03-15T15:28:58.922924,102.357,can0  133  [00]
2026-03-15T15:28:58.923541,102.358,can0  040  [04]  3C 00 14 00
2026-03-15T15:28:58.923872,102.358,can0  204  [16]  6E 23 D8 44 F5 29 00 00 28 23 30 75 30 75 00 00
2026-03-15T15:28:59.022844,102.457,can0  040  [04]  3C 00 14 00
2026-03-15T15:28:59.023280,102.458,can0  204  [16]  6E 23 D8 44 F5 29 00 00 28 23 30 75 30 75 00 00
2026-03-15T15:28:59.023616,102.458,can0  204  [16]  6E 23 D5 44 7A 29 00 00 28 23 30 75 30 75 00 00
2026-03-15T15:28:59.122830,102.557,can0  204  [16]  6E 23 D5 44 7A 29 00 00 28 23 30 75 30 75 00 00
2026-03-15T15:28:59.122967,102.557,can0  060  [32]  00 00 00 00 00 00 00 00 00 00 00 00 00 00 00 00 00 00 00 00 00 00 00 00 00 00 00 00 00 00 00 00
2026-03-15T15:28:59.250145,102.685,can0  041  [04]  D6 00 20 00
2026-03-15T15:28:59.250267,102.685,can0  204  [16]  6E 23 D9 44 CF 29 00 00 28 23 30 75 30 75 00 00
2026-03-15T15:28:59.251170,102.686,can0  070  [20]  EF 2A 4D 08 07 B1 62 03 90 E2 00 00 1C 16 00 00 16 00 00 00
2026-03-15T15:28:59.251289,102.686,can0  040  [04]  3A 00 15 00
2026-03-15T15:28:59.251791,102.686,can0  040  [04]  3A 00 15 00
2026-03-15T15:28:59.252154,102.687,can0  204  [16]  6E 23 D5 44 86 29 00 00 28 23 30 75 30 75 00 00
2026-03-15T15:28:59.351334,102.786,can0  110  [02]  9E 1B
2026-03-15T15:28:59.351633,102.786,can0  204  [16]  6E 23 D5 44 86 29 00 00 28 23 30 75 30 75 00 00
2026-03-15T15:28:59.351854,102.786,can0  070  [20]  EF 2A 4D 08 07 B1 62 03 90 E2 00 00 1C 16 00 00 16 00 00 00
2026-03-15T15:28:59.352110,102.787,can0  204  [16]  6E 23 D5 44 FA 29 00 00 28 23 30 75 30 75 00 00
2026-03-15T15:28:59.438073,102.873,can0  204  [16]  6E 23 D5 44 FA 29 00 00 28 23 30 75 30 75 00 00
2026-03-15T15:28:59.439026,102.873,can0  041  [04]  DB 00 1E 00
2026-03-15T15:28:59.439248,102.874,can0  040  [04]  2A 00 16 00
2026-03-15T15:28:59.526865,102.961,can0  204  [16]  6E 23 D5 44 DD 29 00 00 28 23 30 75 30 75 00 00
2026-03-15T15:28:59.527512,102.962,can0  040  [04]  2A 00 16 00
2026-03-15T15:28:59.527775,102.962,can0  204  [16]  6E 23 D5 44 DD 29 00 00 28 23 30 75 30 75 00 00
2026-03-15T15:28:59.672526,103.107,can0  070  [20]  EF 2A 4D 08 07 B1 62 03 78 E6 00 00 1C 16 00 00 18 00 00 00
2026-03-15T15:28:59.672793,103.107,can0  204  [16]  6E 23 D3 44 D4 29 00 00 28 23 30 75 30 75 00 00
2026-03-15T15:28:59.672972,103.107,can0  070  [20]  EF 2A 4D 08 07 B1 62 03 78 E6 00 00 1C 16 00 00 17 00 00 00
2026-03-15T15:28:59.673144,103.108,can0  060  [32]  00 00 00 00 EF 2A 4D 08 5C 06 B8 10 00 00 10 0E FF 01 00 00 00 00 00 00 01 00 00 00 00 00 00 00
2026-03-15T15:28:59.779414,103.214,can0  204  [16]  6E 23 D6 44 BF 29 00 00 28 23 30 75 30 75 00 00
2026-03-15T15:28:59.780041,103.214,can0  100  [03]  3C 4E 04
2026-03-15T15:28:59.780720,103.215,can0  120  [04]  00 00 00 00
2026-03-15T15:28:59.780944,103.215,can0  041  [04]  E4 00 1A 00
2026-03-15T15:28:59.781182,103.216,can0  070  [20]  EF 2A 4D 08 07 B1 62 03 78 E6 00 00 1C 16 00 00 17 00 00 00
2026-03-15T15:28:59.781737,103.216,can0  040  [04]  27 00 16 00
2026-03-15T15:28:59.781979,103.216,can0  204  [16]  6E 23 D6 44 BF 29 00 00 28 23 30 75 30 75 00 00
2026-03-15T15:28:59.829074,103.264,can0  204  [16]  6E 23 D4 44 C8 29 00 00 28 23 30 75 30 75 00 00
2026-03-15T15:28:59.829596,103.264,can0  040  [04]  27 00 16 00
2026-03-15T15:28:59.829867,103.264,can0  204  [16]  6E 23 D5 44 C4 29 00 00 28 23 30 75 30 75 00 00
2026-03-15T15:28:59.971828,103.406,can0  204  [16]  6E 23 D5 44 C4 29 00 00 28 23 30 75 30 75 00 00
2026-03-15T15:28:59.972050,103.406,can0  041  [04]  ED 00 17 00
2026-03-15T15:29:00.072381,103.507,can0  204  [16]  6E 23 D8 44 B1 29 00 00 28 23 30 75 30 75 00 00
2026-03-15T15:29:00.072939,103.507,can0  040  [04]  28 00 18 00
2026-03-15T15:29:00.073181,103.508,can0  204  [16]  6E 23 D8 44 B1 29 00 00 28 23 30 75 30 75 00 00
2026-03-15T15:29:00.073613,103.508,can0  040  [04]  28 00 18 00
2026-03-15T15:29:00.184731,103.619,can0  204  [16]  6E 23 D5 44 DB 29 00 00 28 23 30 75 30 75 00 00
2026-03-15T15:29:00.185010,103.619,can0  204  [16]  6E 23 D6 44 CB 29 00 00 28 23 30 75 30 75 00 00
2026-03-15T15:29:00.188694,103.623,can0  060  [32]  00 00 00 00 00 00 00 00 00 00 00 00 00 00 00 00 00 00 00 00 00 00 00 00 00 00 00 00 00 00 00 00
2026-03-15T15:29:00.251013,103.685,can0  204  [16]  6E 23 D6 44 CB 29 00 00 28 23 30 75 30 75 00 00
2026-03-15T15:29:00.251284,103.686,can0  070  [20]  EF 2A 4D 08 07 B1 62 03 78 E6 00 00 1C 16 00 00 17 00 00 00
2026-03-15T15:29:00.256474,103.691,can0  041  [04]  F3 00 15 00
2026-03-15T15:29:00.366175,103.801,can0  204  [16]  6E 23 D2 44 DF 29 00 00 28 23 30 75 30 75 00 00
2026-03-15T15:29:00.366764,103.801,can0  040  [04]  28 00 18 00
2026-03-15T15:29:00.367379,103.802,can0  040  [04]  28 00 18 00
2026-03-15T15:29:00.367706,103.802,can0  204  [16]  6E 23 D2 44 DF 29 00 00 28 23 30 75 30 75 00 00
2026-03-15T15:29:00.367967,103.802,can0  070  [20]  EF 2A 4D 08 07 B1 62 03 78 E6 00 00 1C 16 00 00 17 00 00 00
2026-03-15T15:29:00.454323,103.889,can0  204  [16]  6E 23 D6 44 CB 29 00 00 28 23 30 75 30 75 00 00
2026-03-15T15:29:00.462001,103.896,can0  204  [16]  6E 23 DD 44 C8 29 00 00 28 23 30 75 30 75 00 00
2026-03-15T15:29:00.549790,103.984,can0  041  [04]  EF 00 17 00
2026-03-15T15:29:00.550120,103.985,can0  204  [16]  6E 23 DD 44 C8 29 00 00 28 23 30 75 30 75 00 00
2026-03-15T15:29:00.550715,103.985,can0  040  [04]  2F 00 18 00
2026-03-15T15:29:00.551142,103.986,can0  204  [16]  6E 23 DD 44 C8 29 00 00 28 23 30 75 30 75 00 00
2026-03-15T15:29:00.672427,104.107,can0  070  [20]  EF 2A 4D 08 07 B1 62 03 00 00 00 00 1D 16 00 00 32 00 00 00
2026-03-15T15:29:00.673183,104.108,can0  040  [04]  2F 00 18 00
2026-03-15T15:29:00.679302,104.114,can0  070  [20]  EF 2A 4D 08 07 B1 62 03 00 00 00 00 1D 16 00 00 31 00 00 00
2026-03-15T15:29:00.679433,104.114,can0  204  [16]  6E 23 D6 44 CF 29 00 00 28 23 30 75 30 75 00 00
2026-03-15T15:29:00.679514,104.114,can0  060  [32]  00 00 00 00 00 00 00 00 00 00 00 00 00 00 00 00 00 00 00 00 00 00 00 00 00 00 00 00 00 00 00 00
2026-03-15T15:29:00.724796,104.159,can0  060  [32]  00 00 00 00 EF 2A 4D 08 5C 06 B8 10 00 00 10 0E FF 01 00 00 00 00 00 00 01 00 00 00 00 00 00 00
2026-03-15T15:29:00.725531,104.160,can0  204  [16]  6E 23 D1 44 E6 29 00 00 28 23 30 75 30 75 00 00
2026-03-15T15:29:00.725703,104.160,can0  070  [20]  EF 2A 4D 08 07 B1 62 03 00 00 00 00 1D 16 00 00 31 00 00 00
2026-03-15T15:29:00.725995,104.160,can0  204  [16]  6E 23 D1 44 E1 29 00 00 28 23 30 75 30 75 00 00
2026-03-15T15:29:00.726163,104.161,can0  041  [04]  F1 00 18 00
2026-03-15T15:29:00.872452,104.307,can0  040  [04]  2F 00 1A 00
2026-03-15T15:29:00.872716,104.307,can0  204  [16]  6E 23 D1 44 E1 29 00 00 28 23 30 75 30 75 00 00
2026-03-15T15:29:00.873168,104.308,can0  040  [04]  2F 00 1A 00
2026-03-15T15:29:00.971786,104.406,can0  204  [16]  6E 23 D3 44 E1 29 00 00 28 23 30 75 30 75 00 00
2026-03-15T15:29:00.972544,104.407,can0  100  [03]  3C 4E 04
2026-03-15T15:29:00.973137,104.408,can0  110  [02]  A1 1B
2026-03-15T15:29:00.973750,104.408,can0  120  [04]  00 00 00 00
2026-03-15T15:29:00.974016,104.408,can0  204  [16]  6E 23 D3 44 E1 29 00 00 28 23 30 75 30 75 00 00
2026-03-15T15:29:01.079785,104.514,can0  204  [16]  6E 23 D5 44 BB 29 00 00 28 23 30 75 30 75 00 00
2026-03-15T15:29:01.080021,104.514,can0  041  [04]  F1 00 18 00
2026-03-15T15:29:01.080782,104.515,can0  040  [04]  2D 00 18 00
2026-03-15T15:29:01.081059,104.515,can0  204  [16]  6E 23 D4 44 A8 29 00 00 28 23 30 75 30 75 00 00
2026-03-15T15:29:01.146614,104.581,can0  204  [16]  6E 23 D4 44 A8 29 00 00 28 23 30 75 30 75 00 00
2026-03-15T15:29:01.147378,104.582,can0  040  [04]  2D 00 18 00
2026-03-15T15:29:01.276902,104.711,can0  204  [16]  6E 23 DC 44 A8 29 00 00 28 23 30 75 30 75 00 00
2026-03-15T15:29:01.277154,104.712,can0  060  [32]  00 00 00 00 00 00 00 00 00 00 00 00 00 00 00 00 00 00 00 00 00 00 00 00 00 00 00 00 00 00 00 00
2026-03-15T15:29:01.277426,104.712,can0  070  [20]  EF 2A 4D 08 07 B1 62 03 00 00 00 00 1D 16 00 00 31 00 00 00
2026-03-15T15:29:01.277681,104.712,can0  204  [16]  6E 23 DC 44 A8 29 00 00 28 23 30 75 30 75 00 00
2026-03-15T15:29:01.372818,104.807,can0  204  [16]  6E 23 D3 44 B1 29 00 00 28 23 30 75 30 75 00 00
2026-03-15T15:29:01.373012,104.807,can0  041  [04]  ED 00 18 00
2026-03-15T15:29:01.373256,104.808,can0  070  [20]  EF 2A 4D 08 07 B1 62 03 00 00 00 00 1D 16 00 00 31 00 00 00
2026-03-15T15:29:01.373777,104.808,can0  040  [04]  1E 00 17 00
2026-03-15T15:29:01.374024,104.808,can0  204  [16]  6E 23 CF 44 EF 29 00 00 28 23 30 75 30 75 00 00
2026-03-15T15:29:01.472757,104.907,can0  040  [04]  1E 00 17 00
2026-03-15T15:29:01.473018,104.907,can0  204  [16]  6E 23 CF 44 EF 29 00 00 28 23 30 75 30 75 00 00
2026-03-15T15:29:01.473254,104.908,can0  204  [16]  6E 23 D3 44 E8 29 00 00 28 23 30 75 30 75 00 00
2026-03-15T15:29:01.573386,105.008,can0  204  [16]  6E 23 D3 44 E8 29 00 00 28 23 30 75 30 75 00 00
2026-03-15T15:29:01.573770,105.008,can0  041  [04]  F5 00 18 00
2026-03-15T15:29:01.640151,105.075,can0  070  [20]  EF 2A 4D 08 09 B1 62 03 E8 03 00 00 1D 16 00 00 43 00 00 00
2026-03-15T15:29:01.640573,105.075,can0  204  [16]  6E 23 D2 44 18 2A 00 00 28 23 30 75 30 75 00 00
2026-03-15T15:29:01.641626,105.076,can0  040  [04]  13 00 17 00
2026-03-15T15:29:01.641727,105.076,can0  070  [20]  EF 2A 4D 08 09 B1 62 03 E8 03 00 00 1D 16 00 00 42 00 00 00
2026-03-15T15:29:01.643073,105.078,can0  040  [04]  13 00 17 00
2026-03-15T15:29:01.643163,105.078,can0  204  [16]  6E 23 D3 44 A8 29 00 00 28 23 30 75 30 75 00 00
2026-03-15T15:29:01.737831,105.172,can0  060  [32]  00 00 00 00 EF 2A 4D 08 5E 06 B8 10 00 00 10 0E FF 01 00 00 00 00 00 00 01 00 00 00 00 00 00 00
2026-03-15T15:29:01.738395,105.173,can0  204  [16]  6E 23 D3 44 A8 29 00 00 28 23 30 75 30 75 00 00
2026-03-15T15:29:01.738619,105.173,can0  070  [20]  EF 2A 4D 08 09 B1 62 03 E8 03 00 00 1D 16 00 00 42 00 00 00
2026-03-15T15:29:01.872719,105.307,can0  204  [16]  6E 23 D3 44 1A 2A 00 00 28 23 30 75 30 75 00 00
2026-03-15T15:29:01.873289,105.308,can0  041  [04]  FD 00 1A 00
2026-03-15T15:29:01.873367,105.308,can0  204  [16]  6E 23 D3 44 1A 2A 00 00 28 23 30 75 30 75 00 00
2026-03-15T15:29:01.874189,105.309,can0  040  [04]  1C 00 19 00
2026-03-15T15:29:01.972768,105.407,can0  204  [16]  6E 23 D3 44 7C 29 C1 4A 28 23 30 75 30 75 00 00
2026-03-15T15:29:01.973325,105.408,can0  040  [04]  1C 00 19 00
2026-03-15T15:29:01.973593,105.408,can0  204  [16]  6E 23 D8 44 FA 29 BA 4A 28 23 30 75 30 75 00 00
2026-03-15T15:29:02.072743,105.507,can0  204  [16]  6E 23 D8 44 FA 29 BA 4A 28 23 30 75 30 75 00 00
2026-03-15T15:29:02.171868,105.606,can0  204  [16]  6E 23 DB 44 CF 29 32 4C 28 23 30 75 30 75 00 00
2026-03-15T15:29:02.172587,105.607,can0  100  [03]  37 4E 04
2026-03-15T15:29:02.173129,105.608,can0  120  [04]  00 00 00 00
2026-03-15T15:29:02.173357,105.608,can0  041  [04]  FC 00 1E 00
2026-03-15T15:29:02.173962,105.608,can0  040  [04]  23 00 1D 00
2026-03-15T15:29:02.174221,105.609,can0  204  [16]  6E 23 DB 44 CF 29 32 4C 28 23 30 75 30 75 00 00
2026-03-15T15:29:02.271803,105.706,can0  060  [32]  00 00 00 00 00 00 00 00 00 00 00 00 00 00 00 00 00 00 00 00 00 00 00 00 00 00 00 00 00 00 00 00
2026-03-15T15:29:02.272445,105.707,can0  040  [04]  23 00 1D 00
2026-03-15T15:29:02.272737,105.707,can0  204  [16]  6E 23 CE 44 ED 29 6E 4A 28 23 30 75 30 75 00 00
2026-03-15T15:29:02.272937,105.707,can0  070  [20]  EF 2A 4D 08 09 B1 62 03 E8 03 00 00 1D 16 00 00 42 00 00 00
2026-03-15T15:29:02.275395,105.710,can0  204  [16]  6E 23 D9 44 DF 29 B6 49 28 23 30 75 30 75 00 00
2026-03-15T15:29:02.372449,105.807,can0  204  [16]  6E 23 D9 44 DF 29 B6 49 28 23 30 75 30 75 00 00
2026-03-15T15:29:02.372699,105.807,can0  070  [20]  EF 2A 4D 08 09 B1 62 03 E8 03 00 00 1D 16 00 00 42 00 00 00
2026-03-15T15:29:02.372918,105.807,can0  041  [04]  F9 00 1C 00
2026-03-15T15:29:02.472623,105.907,can0  204  [16]  6E 23 D3 44 BD 29 77 48 28 23 30 75 30 75 00 00
2026-03-15T15:29:02.473183,105.908,can0  040  [04]  27 00 1A 00
2026-03-15T15:29:02.473463,105.908,can0  204  [16]  6E 23 D3 44 BD 29 77 48 28 23 30 75 30 75 00 00
2026-03-15T15:29:02.474009,105.908,can0  040  [04]  27 00 1A 00
2026-03-15T15:29:02.572644,106.007,can0  110  [02]  A5 1B
2026-03-15T15:29:02.573031,106.007,can0  204  [16]  6E 23 DB 44 CB 29 B1 4B 28 23 30 75 30 75 00 00
2026-03-15T15:29:02.573468,106.008,can0  204  [16]  6E 23 DB 44 CB 29 B1 4B 28 23 30 75 30 75 00 00
2026-03-15T15:29:02.672087,106.107,can0  070  [20]  EF 2A 4D 08 09 B1 62 03 D0 07 00 00 1D 16 00 00 30 00 00 00
2026-03-15T15:29:02.672362,106.107,can0  070  [20]  EF 2A 4D 08 09 B1 62 03 D0 07 00 00 1D 16 00 00 31 00 00 00
2026-03-15T15:29:02.672692,106.107,can0  204  [16]  6E 23 D0 44 B6 29 5B 4A 28 23 30 75 30 75 00 00
2026-03-15T15:29:02.672951,106.107,can0  041  [04]  FA 00 1B 00
2026-03-15T15:29:02.673577,106.108,can0  040  [04]  32 00 20 00
2026-03-15T15:29:02.772751,106.207,can0  060  [32]  00 00 00 00 00 00 00 00 00 00 00 00 00 00 00 00 00 00 00 00 00 00 00 00 00 00 00 00 00 00 00 00
2026-03-15T15:29:02.773101,106.208,can0  204  [16]  6E 23 D9 44 D8 29 F4 48 28 23 30 75 30 75 00 00
2026-03-15T15:29:02.773331,106.208,can0  060  [32]  00 00 00 00 EF 2A 4D 08 5E 06 B8 10 00 00 10 0E FF 01 00 00 00 00 00 00 01 00 00 00 00 00 00 00
2026-03-15T15:29:02.774209,106.209,can0  040  [04]  32 00 20 00
2026-03-15T15:29:02.774548,106.209,can0  204  [16]  6E 23 DA 44 C6 29 B0 47 28 23 30 75 30 75 00 00
2026-03-15T15:29:02.872770,106.307,can0  070  [20]  EF 2A 4D 08 09 B1 62 03 D0 07 00 00 1D 16 00 00 31 00 00 00
2026-03-15T15:29:02.873006,106.307,can0  204  [16]  6E 23 DA 44 C6 29 B0 47 28 23 30 75 30 75 00 00
2026-03-15T15:29:02.972645,106.407,can0  204  [16]  6E 23 D1 44 EA 29 10 48 28 23 30 75 30 75 00 00
2026-03-15T15:29:02.972855,106.407,can0  041  [04]  00 01 1C 00
2026-03-15T15:29:02.973441,106.408,can0  040  [04]  29 00 23 00
2026-03-15T15:29:02.973679,106.408,can0  204  [16]  6E 23 D1 44 EA 29 10 48 28 23 30 75 30 75 00 00
2026-03-15T15:29:02.974140,106.409,can0  040  [04]  29 00 23 00
2026-03-15T15:29:03.072277,106.507,can0  204  [16]  6E 23 D1 44 C1 29 7D 48 28 23 30 75 30 75 00 00
2026-03-15T15:29:03.072523,106.507,can0  204  [16]  6E 23 D5 44 DD 29 1C 4A 28 23 30 75 30 75 00 00
2026-03-15T15:29:03.172229,106.607,can0  204  [16]  6E 23 D5 44 DD 29 1C 4A 28 23 30 75 30 75 00 00
2026-03-15T15:29:03.172494,106.607,can0  041  [04]  07 01 1F 00
2026-03-15T15:29:03.272059,106.706,can0  204  [16]  6E 23 D9 44 B4 29 79 49 28 23 30 75 30 75 00 00
2026-03-15T15:29:03.272655,106.707,can0  040  [04]  27 00 1F 00
2026-03-15T15:29:03.272883,106.707,can0  060  [32]  00 00 00 00 00 00 00 00 00 00 00 00 00 00 00 00 00 00 00 00 00 00 00 00 00 00 00 00 00 00 00 00
2026-03-15T15:29:03.273109,106.708,can0  204  [16]  6E 23 D9 44 B4 29 79 49 28 23 30 75 30 75 00 00
2026-03-15T15:29:03.273576,106.708,can0  040  [04]  27 00 1F 00
2026-03-15T15:29:03.372003,106.806,can0  070  [20]  EF 2A 4D 08 09 B1 62 03 D0 07 00 00 1D 16 00 00 31 00 00 00
2026-03-15T15:29:03.373025,106.807,can0  100  [03]  3D 4E 04
2026-03-15T15:29:03.374041,106.808,can0  204  [16]  6E 23 D7 44 EF 29 D1 48 28 23 30 75 30 75 00 00
2026-03-15T15:29:03.374135,106.809,can0  120  [04]  00 00 00 00
2026-03-15T15:29:03.374439,106.809,can0  070  [20]  EF 2A 4D 08 09 B1 62 03 D0 07 00 00 1D 16 00 00 31 00 00 00
2026-03-15T15:29:03.374761,106.809,can0  204  [16]  6E 23 D3 44 DF 29 DC 48 28 23 30 75 30 75 00 00
2026-03-15T15:29:03.430833,106.865,can0  204  [16]  6E 23 D3 44 DF 29 DC 48 28 23 30 75 30 75 00 00
2026-03-15T15:29:03.430958,106.865,can0  041  [04]  0A 01 21 00
2026-03-15T15:29:03.431627,106.866,can0  040  [04]  21 00 20 00
2026-03-15T15:29:03.530878,106.965,can0  204  [16]  6E 23 D2 44 E4 29 52 49 28 23 30 75 30 75 00 00
2026-03-15T15:29:03.532082,106.967,can0  040  [04]  21 00 20 00
2026-03-15T15:29:03.532179,106.967,can0  204  [16]  6E 23 D2 44 E4 29 52 49 28 23 30 75 30 75 00 00
2026-03-15T15:29:03.656580,107.091,can0  070  [20]  EF 2A 4D 08 09 B1 62 03 B8 0B 00 00 1D 16 00 00 18 00 00 00
2026-03-15T15:29:03.656962,107.091,can0  204  [16]  6E 23 D6 44 DB 29 CE 48 28 23 30 75 30 75 00 00
2026-03-15T15:29:03.657248,107.092,can0  070  [20]  EF 2A 4D 08 09 B1 62 03 B8 0B 00 00 1D 16 00 00 19 00 00 00
2026-03-15T15:29:03.662411,107.097,can0  204  [16]  6E 23 D6 44 B6 29 84 4C 28 23 30 75 30 75 00 00
2026-03-15T15:29:03.743521,107.178,can0  041  [04]  0C 01 22 00
2026-03-15T15:29:03.745166,107.180,can0  060  [32]  00 00 00 00 EF 2A 4D 08 5E 06 B8 10 00 00 10 0E FF 01 00 00 00 00 00 00 01 00 00 00 00 00 00 00
2026-03-15T15:29:03.745275,107.180,can0  204  [16]  6E 23 D6 44 B6 29 84 4C 28 23 30 75 30 75 00 00
2026-03-15T15:29:03.745324,107.180,can0  040  [04]  1A 00 1E 00
2026-03-15T15:29:03.747994,107.182,can0  070  [20]  EF 2A 4D 08 09 B1 62 03 B8 0B 00 00 1D 16 00 00 19 00 00 00
2026-03-15T15:29:03.835277,107.270,can0  040  [04]  1A 00 1E 00
2026-03-15T15:29:03.835573,107.270,can0  204  [16]  6E 23 D8 44 CB 29 72 49 28 23 30 75 30 75 00 00
2026-03-15T15:29:03.835814,107.270,can0  204  [16]  6E 23 D4 44 F1 29 DB 49 28 23 30 75 30 75 00 00
2026-03-15T15:29:03.966648,107.401,can0  204  [16]  6E 23 D4 44 F1 29 DB 49 28 23 30 75 30 75 00 00
2026-03-15T15:29:03.966902,107.401,can0  041  [04]  04 01 1D 00
2026-03-15T15:29:03.967399,107.402,can0  204  [16]  6E 23 D9 44 E6 29 F0 48 28 23 30 75 30 75 00 00
2026-03-15T15:29:04.035473,107.470,can0  040  [04]  15 00 20 00
2026-03-15T15:29:04.035852,107.470,can0  204  [16]  6E 23 D9 44 E6 29 F0 48 28 23 30 75 30 75 00 00
2026-03-15T15:29:04.036793,107.471,can0  040  [04]  15 00 20 00
2026-03-15T15:29:04.166783,107.601,can0  204  [16]  6E 23 D6 44 BB 29 C9 48 28 23 30 75 30 75 00 00
2026-03-15T15:29:04.167743,107.602,can0  110  [02]  A6 1B
2026-03-15T15:29:04.168088,107.603,can0  204  [16]  6E 23 D3 44 90 29 13 4A 28 23 30 75 30 75 00 00
2026-03-15T15:29:04.234214,107.669,can0  204  [16]  6E 23 D3 44 90 29 13 4A 28 23 30 75 30 75 00 00
2026-03-15T15:29:04.239500,107.674,can0  060  [32]  00 00 00 00 00 00 00 00 00 00 00 00 00 00 00 00 00 00 00 00 00 00 00 00 00 00 00 00 00 00 00 00
2026-03-15T15:29:04.239614,107.674,can0  041  [04]  01 01 1C 00
2026-03-15T15:29:04.239688,107.674,can0  070  [20]  EF 2A 4D 08 09 B1 62 03 B8 0B 00 00 1D 16 00 00 19 00 00 00
2026-03-15T15:29:04.239761,107.674,can0  040  [04]  1D 00 20 00
2026-03-15T15:29:04.239841,107.674,can0  204  [16]  6E 23 D3 44 BB 29 76 48 28 23 30 75 30 75 00 00
2026-03-15T15:29:04.368961,107.803,can0  070  [20]  EF 2A 4D 08 09 B1 62 03 B8 0B 00 00 1D 16 00 00 19 00 00 00
2026-03-15T15:29:04.369950,107.804,can0  040  [04]  1D 00 20 00
2026-03-15T15:29:04.370333,107.805,can0  204  [16]  6E 23 D3 44 BB 29 76 48 28 23 30 75 30 75 00 00
2026-03-15T15:29:04.436373,107.871,can0  204  [16]  6E 23 D4 44 A5 29 D7 47 28 23 30 75 30 75 00 00
2026-03-15T15:29:04.436781,107.871,can0  204  [16]  6E 23 D9 44 E4 29 23 47 28 23 30 75 30 75 00 00
2026-03-15T15:29:04.569318,108.004,can0  100  [03]  40 4E 04
2026-03-15T15:29:04.570128,108.005,can0  120  [04]  00 00 00 00
2026-03-15T15:29:04.570439,108.005,can0  041  [04]  FE 00 19 00
2026-03-15T15:29:04.570792,108.005,can0  204  [16]  6E 23 D9 44 E4 29 23 47 28 23 30 75 30 75 00 00
2026-03-15T15:29:04.571581,108.006,can0  040  [04]  1A 00 1C 00
2026-03-15T15:29:04.571912,108.006,can0  204  [16]  6E 23 D9 44 E4 29 23 47 28 23 30 75 30 75 00 00
2026-03-15T15:29:04.639345,108.074,can0  040  [04]  1A 00 1C 00
2026-03-15T15:29:04.639637,108.074,can0  070  [20]  F1 2A 4D 08 09 B1 62 03 A0 0F 00 00 1D 16 00 00 36 00 00 00
2026-03-15T15:29:04.640493,108.075,can0  070  [20]  F1 2A 4D 08 09 B1 62 03 A0 0F 00 00 1D 16 00 00 37 00 00 00
2026-03-15T15:29:04.640838,108.075,can0  204  [16]  6E 23 D8 44 E8 29 18 46 28 23 30 75 30 75 00 00
2026-03-15T15:29:04.771845,108.206,can0  204  [16]  6E 23 D8 44 E8 29 18 46 28 23 30 75 30 75 00 00
2026-03-15T15:29:04.772069,108.206,can0  070  [20]  F1 2A 4D 08 09 B1 62 03 A0 0F 00 00 1D 16 00 00 37 00 00 00
2026-03-15T15:29:04.772542,108.207,can0  060  [32]  00 00 00 00 00 00 00 00 00 00 00 00 00 00 00 00 00 00 00 00 00 00 00 00 00 00 00 00 00 00 00 00
2026-03-15T15:29:04.772768,108.207,can0  060  [32]  00 00 00 00 F1 2A 4D 08 5E 06 B8 10 00 00 10 0E FF 01 00 00 00 00 00 00 01 00 00 00 00 00 00 00
2026-03-15T15:29:04.773716,108.208,can0  041  [04]  F9 00 1A 00
2026-03-15T15:29:04.773803,108.208,can0  204  [16]  6E 23 D2 44 C1 29 97 46 28 23 30 75 30 75 00 00
2026-03-15T15:29:04.841359,108.276,can0  040  [04]  2A 00 1A 00
2026-03-15T15:29:04.841815,108.276,can0  204  [16]  6E 23 D2 44 C1 29 97 46 28 23 30 75 30 75 00 00
2026-03-15T15:29:04.845060,108.279,can0  040  [04]  2A 00 1A 00
2026-03-15T15:29:04.973112,108.408,can0  204  [16]  6E 23 D6 44 BF 29 A2 46 28 23 30 75 30 75 00 00
2026-03-15T15:29:04.978381,108.413,can0  204  [16]  6E 23 D6 44 C6 29 BA 45 28 23 30 75 30 75 00 00
2026-03-15T15:29:05.039052,108.473,can0  204  [16]  6E 23 D6 44 C6 29 BA 45 28 23 30 75 30 75 00 00
2026-03-15T15:29:05.039160,108.474,can0  041  [04]  F5 00 1B 00
2026-03-15T15:29:05.040282,108.475,can0  040  [04]  37 00 1C 00
2026-03-15T15:29:05.040369,108.475,can0  204  [16]  6E 23 D3 44 D2 29 08 47 28 23 30 75 30 75 00 00
2026-03-15T15:29:05.176713,108.611,can0  040  [04]  37 00 1C 00
2026-03-15T15:29:05.176839,108.611,can0  204  [16]  6E 23 D3 44 D2 29 08 47 28 23 30 75 30 75 00 00
2026-03-15T15:29:05.242099,108.677,can0  204  [16]  6E 23 D7 44 DD 29 71 47 28 23 30 75 30 75 00 00
2026-03-15T15:29:05.242684,108.677,can0  070  [20]  F1 2A 4D 08 09 B1 62 03 A0 0F 00 00 1D 16 00 00 37 00 00 00
2026-03-15T15:29:05.242776,108.677,can0  060  [32]  00 00 00 00 00 00 00 00 00 00 00 00 00 00 00 00 00 00 00 00 00 00 00 00 00 00 00 00 00 00 00 00
2026-03-15T15:29:05.243048,108.677,can0  204  [16]  6E 23 D2 44 F3 29 70 46 28 23 30 75 30 75 00 00
2026-03-15T15:29:05.344598,108.779,can0  041  [04]  F0 00 19 00
2026-03-15T15:29:05.344989,108.779,can0  204  [16]  6E 23 D2 44 F3 29 70 46 28 23 30 75 30 75 00 00
2026-03-15T15:29:05.345653,108.780,can0  040  [04]  39 00 1B 00
2026-03-15T15:29:05.346077,108.781,can0  070  [20]  F1 2A 4D 08 09 B1 62 03 A0 0F 00 00 1D 16 00 00 37 00 00 00
2026-03-15T15:29:05.346815,108.781,can0  040  [04]  39 00 1B 00
2026-03-15T15:29:05.349635,108.784,can0  204  [16]  6E 23 D1 44 DD 29 D3 45 28 23 30 75 30 75 00 00
2026-03-15T15:29:05.436884,108.871,can0  204  [16]  6E 23 D1 44 DD 29 D3 45 28 23 30 75 30 75 00 00
2026-03-15T15:29:05.551164,108.986,can0  204  [16]  6E 23 D4 44 E4 29 DE 45 28 23 30 75 30 75 00 00
2026-03-15T15:29:05.558742,108.993,can0  204  [16]  6E 23 D4 44 E4 29 DE 45 28 23 30 75 30 75 00 00
2026-03-15T15:29:05.559332,108.994,can0  041  [04]  EA 00 1A 00
2026-03-15T15:29:05.691724,109.126,can0  070  [20]  F1 2A 4D 08 09 B1 62 03 88 13 00 00 1D 16 00 00 46 00 00 00
2026-03-15T15:29:05.692699,109.127,can0  040  [04]  2F 00 1A 00
2026-03-15T15:29:05.693068,109.127,can0  204  [16]  6E 23 D2 44 BB 29 F7 48 28 23 30 75 30 75 00 00
2026-03-15T15:29:05.693412,109.128,can0  070  [20]  F1 2A 4D 08 09 B1 62 03 88 13 00 00 1D 16 00 00 47 00 00 00
2026-03-15T15:29:05.697503,109.132,can0  040  [04]  2F 00 1A 00
2026-03-15T15:29:05.746192,109.181,can0  204  [16]  6E 23 DA 44 E1 29 1A 4A 28 23 30 75 30 75 00 00
2026-03-15T15:29:05.746944,109.181,can0  100  [03]  41 4E 04
2026-03-15T15:29:05.748262,109.183,can0  110  [02]  A5 1B
2026-03-15T15:29:05.748376,109.183,can0  120  [04]  00 00 00 00
2026-03-15T15:29:05.748609,109.183,can0  070  [20]  F1 2A 4D 08 09 B1 62 03 88 13 00 00 1D 16 00 00 47 00 00 00
2026-03-15T15:29:05.748908,109.183,can0  204  [16]  6E 23 DA 44 E1 29 1A 4A 28 23 30 75 30 75 00 00
2026-03-15T15:29:05.749053,109.183,can0  060  [32]  00 00 00 00 F1 2A 4D 08 5E 06 B8 10 00 00 10 0E FF 01 00 00 00 00 00 00 01 00 00 00 00 00 00 00
2026-03-15T15:29:05.834162,109.269,can0  204  [16]  6E 23 D3 44 A8 29 A3 4B 28 23 30 75 30 75 00 00
2026-03-15T15:29:05.834382,109.269,can0  041  [04]  E8 00 1B 00
2026-03-15T15:29:05.834959,109.269,can0  040  [04]  2E 00 16 00
2026-03-15T15:29:05.835273,109.270,can0  204  [16]  6E 23 D6 44 FC 29 27 4B 28 23 30 75 30 75 00 00
2026-03-15T15:29:05.972908,109.407,can0  040  [04]  2E 00 16 00
2026-03-15T15:29:05.973193,109.408,can0  204  [16]  6E 23 D6 44 FC 29 27 4B 28 23 30 75 30 75 00 00
2026-03-15T15:29:06.072339,109.507,can0  204  [16]  6E 23 D2 44 C6 29 C6 4B 28 23 30 75 30 75 00 00
2026-03-15T15:29:06.072684,109.507,can0  204  [16]  6E 23 D2 44 C6 29 C6 4B 28 23 30 75 30 75 00 00
2026-03-15T15:29:06.171853,109.606,can0  041  [04]  F0 00 1C 00
2026-03-15T15:29:06.172208,109.607,can0  204  [16]  6E 23 D3 44 E6 29 D7 4B 28 23 30 75 30 75 00 00
2026-03-15T15:29:06.172941,109.607,can0  040  [04]  33 00 14 00
2026-03-15T15:29:06.173285,109.608,can0  204  [16]  6E 23 D9 44 C4 29 80 49 28 23 30 75 30 75 00 00
2026-03-15T15:29:06.173836,109.608,can0  040  [04]  33 00 14 00
2026-03-15T15:29:06.272299,109.707,can0  070  [20]  F1 2A 4D 08 09 B1 62 03 88 13 00 00 1D 16 00 00 47 00 00 00
2026-03-15T15:29:06.272539,109.707,can0  204  [16]  6E 23 D9 44 C4 29 80 49 28 23 30 75 30 75 00 00
2026-03-15T15:29:06.272740,109.707,can0  060  [32]  00 00 00 00 00 00 00 00 00 00 00 00 00 00 00 00 00 00 00 00 00 00 00 00 00 00 00 00 00 00 00 00
2026-03-15T15:29:06.386358,109.821,can0  204  [16]  6E 23 D9 44 D2 29 63 4A 28 23 30 75 30 75 00 00
2026-03-15T15:29:06.386630,109.821,can0  070  [20]  F1 2A 4D 08 09 B1 62 03 88 13 00 00 1D 16 00 00 47 00 00 00
2026-03-15T15:29:06.386952,109.821,can0  204  [16]  6E 23 D5 44 C1 29 55 49 28 23 30 75 30 75 00 00
2026-03-15T15:29:06.387191,109.822,can0  041  [04]  F3 00 1A 00
2026-03-15T15:29:06.443427,109.878,can0  040  [04]  3B 00 17 00
2026-03-15T15:29:06.443781,109.878,can0  204  [16]  6E 23 D5 44 C1 29 55 49 28 23 30 75 30 75 00 00
2026-03-15T15:29:06.444423,109.879,can0  040  [04]  3B 00 17 00
2026-03-15T15:29:06.444778,109.879,can0  204  [16]  6E 23 D5 44 F1 29 6B 48 28 23 30 75 30 75 00 00
2026-03-15T15:29:06.549028,109.983,can0  204  [16]  6E 23 D5 44 F1 29 6B 48 28 23 30 75 30 75 00 00
2026-03-15T15:29:06.638299,110.073,can0  204  [16]  6E 23 D2 44 CF 29 E1 47 28 23 30 75 30 75 00 00
2026-03-15T15:29:06.638571,110.073,can0  070  [20]  F1 2A 4D 08 09 B1 62 03 70 17 00 00 1D 16 00 00 29 00 00 00
2026-03-15T15:29:06.638830,110.073,can0  041  [04]  F6 00 18 00
2026-03-15T15:29:06.639268,110.074,can0  070  [20]  F1 2A 4D 08 09 B1 62 03 70 17 00 00 1D 16 00 00 29 00 00 00
2026-03-15T15:29:06.639869,110.074,can0  040  [04]  3F 00 1C 00
2026-03-15T15:29:06.640203,110.075,can0  204  [16]  6E 23 D5 44 E6 29 85 45 28 23 30 75 30 75 00 00
2026-03-15T15:29:06.776970,110.211,can0  132  [00]
2026-03-15T15:29:06.777295,110.212,can0  070  [20]  F1 2A 4D 08 09 B1 62 03 70 17 00 00 1D 16 00 00 29 00 00 00
2026-03-15T15:29:06.778071,110.212,can0  040  [04]  3F 00 1C 00
2026-03-15T15:29:06.778464,110.213,can0  204  [16]  6E 23 D5 44 E6 29 85 45 28 23 30 75 30 75 00 00
2026-03-15T15:29:06.778847,110.213,can0  060  [32]  00 00 00 00 00 00 00 00 00 00 00 00 00 00 00 00 00 00 00 00 00 00 00 00 00 00 00 00 00 00 00 00
2026-03-15T15:29:06.778995,110.213,can0  060  [32]  00 00 00 00 F1 2A 4D 08 5E 06 B8 10 00 00 10 0E FF 01 00 00 00 00 00 00 01 00 00 00 00 00 00 00
2026-03-15T15:29:06.872057,110.306,can0  204  [16]  6E 23 D3 44 C8 29 03 48 28 23 30 75 30 75 00 00
2026-03-15T15:29:06.872328,110.307,can0  204  [16]  6E 23 D3 44 C8 29 03 48 28 23 30 75 30 75 00 00
2026-03-15T15:29:06.971781,110.406,can0  041  [04]  FC 00 16 00
2026-03-15T15:29:06.972435,110.407,can0  100  [03]  43 4E 04
2026-03-15T15:29:06.973377,110.408,can0  204  [16]  6E 23 D6 44 E8 29 1B 48 28 23 30 75 30 75 00 00
2026-03-15T15:29:06.973455,110.408,can0  120  [04]  00 00 00 00
2026-03-15T15:29:06.974103,110.409,can0  040  [04]  3F 00 1C 00
2026-03-15T15:29:06.974375,110.409,can0  204  [16]  6E 23 D6 44 D4 29 B5 4B 28 23 30 75 30 75 00 00
2026-03-15T15:29:07.038528,110.473,can0  040  [04]  3F 00 1C 00
2026-03-15T15:29:07.038882,110.473,can0  204  [16]  6E 23 D6 44 D4 29 B5 4B 28 23 30 75 30 75 00 00
2026-03-15T15:29:07.137175,110.572,can0  204  [16]  6E 23 D5 44 DD 29 A7 4B 28 23 30 75 30 75 00 00
2026-03-15T15:29:07.137522,110.572,can0  204  [16]  6E 23 D5 44 DD 29 A7 4B 28 23 30 75 30 75 00 00
2026-03-15T15:29:07.137884,110.572,can0  041  [04]  01 01 16 00
2026-03-15T15:29:07.138586,110.573,can0  040  [04]  39 00 1B 00
2026-03-15T15:29:07.250250,110.685,can0  204  [16]  6E 23 D2 44 C6 29 10 4A 28 23 30 75 30 75 00 00
2026-03-15T15:29:07.250543,110.685,can0  070  [20]  F1 2A 4D 08 09 B1 62 03 70 17 00 00 1D 16 00 00 29 00 00 00
2026-03-15T15:29:07.251864,110.686,can0  040  [04]  39 00 1B 00
2026-03-15T15:29:07.251956,110.686,can0  204  [16]  6E 23 D1 44 E1 29 36 4B 28 23 30 75 30 75 00 00
2026-03-15T15:29:07.252692,110.687,can0  060  [32]  00 00 00 00 00 00 00 00 00 00 00 00 00 00 00 00 00 00 00 00 00 00 00 00 00 00 00 00 00 00 00 00
2026-03-15T15:29:07.361254,110.796,can0  110  [02]  A0 1B
2026-03-15T15:29:07.361555,110.796,can0  070  [20]  F1 2A 4D 08 09 B1 62 03 70 17 00 00 1D 16 00 00 29 00 00 00
2026-03-15T15:29:07.362018,110.796,can0  204  [16]  6E 23 D1 44 E1 29 36 4B 28 23 30 75 30 75 00 00
2026-03-15T15:29:07.460620,110.895,can0  204  [16]  6E 23 D3 44 BB 29 CC 49 28 23 30 75 30 75 00 00
2026-03-15T15:29:07.460898,110.895,can0  041  [04]  02 01 17 00
2026-03-15T15:29:07.461203,110.896,can0  204  [16]  6E 23 D3 44 BB 29 CC 49 28 23 30 75 30 75 00 00
2026-03-15T15:29:07.461825,110.896,can0  040  [04]  38 00 1D 00
2026-03-15T15:29:07.551307,110.986,can0  204  [16]  6E 23 D3 44 D4 29 83 4A 28 23 30 75 30 75 00 00
2026-03-15T15:29:07.552013,110.986,can0  040  [04]  38 00 1D 00
2026-03-15T15:29:07.552299,110.987,can0  204  [16]  6E 23 D3 44 D4 29 83 4A 28 23 30 75 30 75 00 00
2026-03-15T15:29:07.641617,111.076,can0  070  [20]  F1 2A 4D 08 09 B1 62 03 58 1B 00 00 1D 16 00 00 30 00 00 00
2026-03-15T15:29:07.641984,111.076,can0  204  [16]  6E 23 D4 44 CB 29 1F 48 28 23 30 75 30 75 00 00
2026-03-15T15:29:07.642194,111.077,can0  070  [20]  F1 2A 4D 08 09 B1 62 03 58 1B 00 00 1D 16 00 00 2F 00 00 00
2026-03-15T15:29:07.773473,111.208,can0  041  [04]  02 01 16 00
2026-03-15T15:29:07.773757,111.208,can0  204  [16]  6E 23 D5 44 D2 29 5E 49 28 23 30 75 30 75 00 00
2026-03-15T15:29:07.773972,111.208,can0  070  [20]  F1 2A 4D 08 09 B1 62 03 58 1B 00 00 1D 16 00 00 2F 00 00 00
2026-03-15T15:29:07.774594,111.209,can0  040  [04]  37 00 1E 00
2026-03-15T15:29:07.774844,111.209,can0  204  [16]  6E 23 D5 44 CB 29 07 49 28 23 30 75 30 75 00 00
2026-03-15T15:29:07.775026,111.209,can0  060  [32]  00 00 00 00 F1 2A 4D 08 5E 06 B8 10 00 00 10 0E FF 01 00 00 00 00 00 00 01 00 00 00 00 00 00 00
2026-03-15T15:29:07.775846,111.210,can0  040  [04]  37 00 1E 00
2026-03-15T15:29:07.872405,111.307,can0  204  [16]  6E 23 D5 44 CB 29 07 49 28 23 30 75 30 75 00 00
2026-03-15T15:29:07.872641,111.307,can0  204  [16]  6E 23 D5 44 E8 29 2E 4D 28 23 30 75 30 75 00 00
2026-03-15T15:29:07.971805,111.406,can0  204  [16]  6E 23 D5 44 E8 29 2E 4D 28 23 30 75 30 75 00 00
2026-03-15T15:29:07.972082,111.407,can0  041  [04]  F6 00 14 00
2026-03-15T15:29:08.072892,111.507,can0  040  [04]  3A 00 1D 00
2026-03-15T15:29:08.073245,111.508,can0  204  [16]  6E 23 D4 44 CF 29 BE 4E 28 23 30 75 30 75 00 00
2026-03-15T15:29:08.073772,111.508,can0  040  [04]  3A 00 1D 00
2026-03-15T15:29:08.074126,111.509,can0  204  [16]  6E 23 D2 44 CF 29 CB 4C 28 23 30 75 30 75 00 00
2026-03-15T15:29:08.181038,111.615,can0  100  [03]  4D 4E 04
2026-03-15T15:29:08.181822,111.616,can0  120  [04]  00 00 00 00
2026-03-15T15:29:08.185395,111.620,can0  204  [16]  6E 23 D2 44 CF 29 CB 4C 28 23 30 75 30 75 00 00
2026-03-15T15:29:08.248425,111.683,can0  204  [16]  6E 23 DF 44 9E 29 D1 4E 28 23 30 75 30 75 00 00
2026-03-15T15:29:08.248969,111.683,can0  041  [04]  F4 00 13 00
2026-03-15T15:29:08.249061,111.683,can0  070  [20]  F1 2A 4D 08 09 B1 62 03 58 1B 00 00 1D 16 00 00 2F 00 00 00
2026-03-15T15:29:08.249404,111.684,can0  204  [16]  6E 23 DF 44 9E 29 D1 4E 28 23 30 75 30 75 00 00
2026-03-15T15:29:08.250162,111.685,can0  040  [04]  47 00 1A 00
2026-03-15T15:29:08.250504,111.685,can0  060  [32]  00 00 00 00 00 00 00 00 00 00 00 00 00 00 00 00 00 00 00 00 00 00 00 00 00 00 00 00 00 00 00 00
2026-03-15T15:29:08.347124,111.782,can0  204  [16]  6E 23 D2 44 F8 29 32 51 28 23 30 75 30 75 00 00
2026-03-15T15:29:08.347596,111.782,can0  040  [04]  47 00 1A 00
2026-03-15T15:29:08.347897,111.782,can0  070  [20]  F1 2A 4D 08 09 B1 62 03 58 1B 00 00 1D 16 00 00 2F 00 00 00
2026-03-15T15:29:08.348251,111.783,can0  204  [16]  6E 23 CC 44 B4 29 3E 51 28 23 30 75 30 75 00 00
2026-03-15T15:29:08.503840,111.938,can0  204  [16]  6E 23 CC 44 B4 29 3E 51 28 23 30 75 30 75 00 00
2026-03-15T15:29:08.503974,111.938,can0  204  [16]  6E 23 CF 44 0D 2A A5 4F 28 23 30 75 30 75 00 00
2026-03-15T15:29:08.549160,111.984,can0  041  [04]  F6 00 12 00
2026-03-15T15:29:08.549728,111.984,can0  040  [04]  44 00 1B 00
2026-03-15T15:29:08.550801,111.985,can0  204  [16]  6E 23 CF 44 0D 2A A5 4F 28 23 30 75 30 75 00 00
2026-03-15T15:29:08.550880,111.985,can0  040  [04]  44 00 1B 00
2026-03-15T15:29:08.675657,112.110,can0  070  [20]  F1 2A 4D 08 09 B1 62 03 40 1F 00 00 1D 16 00 00 0B 00 00 00
2026-03-15T15:29:08.676010,112.110,can0  204  [16]  6E 23 D6 44 B6 29 72 4E 28 23 30 75 30 75 00 00
2026-03-15T15:29:08.676274,112.111,can0  070  [20]  F1 2A 4D 08 09 B1 62 03 40 1F 00 00 1D 16 00 00 0C 00 00 00
2026-03-15T15:29:08.676650,112.111,can0  204  [16]  6E 23 D4 44 E6 29 B2 46 28 23 30 75 30 75 00 00
2026-03-15T15:29:08.772188,112.207,can0  070  [20]  F1 2A 4D 08 09 B1 62 03 40 1F 00 00 1D 16 00 00 0C 00 00 00
2026-03-15T15:29:08.772549,112.207,can0  204  [16]  6E 23 D4 44 E6 29 B2 46 28 23 30 75 30 75 00 00
2026-03-15T15:29:08.772795,112.207,can0  041  [04]  F6 00 12 00
2026-03-15T15:29:08.773063,112.207,can0  060  [32]  00 00 00 00 00 00 00 00 00 00 00 00 00 00 00 00 00 00 00 00 00 00 00 00 00 00 00 00 00 00 00 00
2026-03-15T15:29:08.873171,112.308,can0  060  [32]  00 00 00 00 F1 2A 4D 08 5E 06 B8 10 00 00 10 0E FF 01 00 00 00 00 00 00 01 00 00 00 00 00 00 00
2026-03-15T15:29:08.874126,112.309,can0  040  [04]  3E 00 18 00
2026-03-15T15:29:08.874937,112.309,can0  204  [16]  6E 23 D0 44 C1 29 D4 45 28 23 30 75 30 75 00 00
2026-03-15T15:29:08.875029,112.309,can0  040  [04]  3E 00 18 00
2026-03-15T15:29:08.875320,112.310,can0  204  [16]  6E 23 D2 44 EA 29 5A 49 28 23 30 75 30 75 00 00
2026-03-15T15:29:08.976520,112.411,can0  133  [00]
2026-03-15T15:29:08.977196,112.412,can0  110  [02]  A0 1B
2026-03-15T15:29:08.977564,112.412,can0  204  [16]  6E 23 D2 44 EA 29 5A 49 28 23 30 75 30 75 00 00
2026-03-15T15:29:08.977979,112.412,can0  204  [16]  6E 23 D6 44 C4 29 CF 4A 28 23 30 75 30 75 00 00
2026-03-15T15:29:09.072228,112.507,can0  041  [04]  F8 00 14 00
2026-03-15T15:29:09.072570,112.507,can0  204  [16]  6E 23 D6 44 C4 29 CF 4A 28 23 30 75 30 75 00 00
2026-03-15T15:29:09.073099,112.508,can0  040  [04]  2A 00 17 00
2026-03-15T15:29:09.176178,112.611,can0  204  [16]  6E 23 D1 44 C6 29 9A 4A 28 23 30 75 30 75 00 00
2026-03-15T15:29:09.177108,112.612,can0  040  [04]  2A 00 17 00
2026-03-15T15:29:09.177196,112.612,can0  204  [16]  6E 23 D4 44 C4 29 55 4D 28 23 30 75 30 75 00 00
2026-03-15T15:29:09.280082,112.715,can0  070  [20]  F1 2A 4D 08 09 B1 62 03 40 1F 00 00 1D 16 00 00 0C 00 00 00
2026-03-15T15:29:09.282805,112.717,can0  204  [16]  6E 23 D4 44 C4 29 55 4D 28 23 30 75 30 75 00 00
2026-03-15T15:29:09.282893,112.717,can0  204  [16]  6E 23 D7 44 DB 29 F6 4C 28 23 30 75 30 75 00 00
2026-03-15T15:29:09.372736,112.807,can0  041  [04]  FB 00 13 00
2026-03-15T15:29:09.373043,112.807,can0  060  [32]  00 00 00 00 00 00 00 00 00 00 00 00 00 00 00 00 00 00 00 00 00 00 00 00 00 00 00 00 00 00 00 00
2026-03-15T15:29:09.373986,112.808,can0  100  [03]  54 4E 04
2026-03-15T15:29:09.374687,112.809,can0  120  [04]  00 00 00 00
2026-03-15T15:29:09.375542,112.810,can0  040  [04]  24 00 1B 00
2026-03-15T15:29:09.375870,112.810,can0  204  [16]  6E 23 D7 44 DB 29 F6 4C 28 23 30 75 30 75 00 00
2026-03-15T15:29:09.376148,112.811,can0  070  [20]  F1 2A 4D 08 09 B1 62 03 40 1F 00 00 1D 16 00 00 0C 00 00 00
2026-03-15T15:29:09.376654,112.811,can0  040  [04]  24 00 1B 00
2026-03-15T15:29:09.472512,112.907,can0  204  [16]  6E 23 D6 44 C4 29 0E 4E 28 23 30 75 30 75 00 00
2026-03-15T15:29:09.472872,112.907,can0  204  [16]  6E 23 D7 44 D2 29 1B 4E 28 23 30 75 30 75 00 00
2026-03-15T15:29:09.572031,113.006,can0  204  [16]  6E 23 D7 44 D2 29 1B 4E 28 23 30 75 30 75 00 00
2026-03-15T15:29:09.572331,113.007,can0  041  [04]  FB 00 14 00
2026-03-15T15:29:09.572658,113.007,can0  204  [16]  6E 23 D7 44 D2 29 1B 4E 28 23 30 75 30 75 00 00
2026-03-15T15:29:09.582442,113.017,can0  040  [04]  23 00 1E 00
2026-03-15T15:29:09.675022,113.109,can0  070  [20]  F1 2A 4D 08 09 B1 62 03 28 23 00 00 1D 16 00 00 0B 00 00 00
2026-03-15T15:29:09.675197,113.110,can0  070  [20]  F1 2A 4D 08 09 B1 62 03 28 23 00 00 1D 16 00 00 0C 00 00 00
2026-03-15T15:29:09.675701,113.110,can0  040  [04]  23 00 1E 00
2026-03-15T15:29:09.676043,113.110,can0  204  [16]  6E 23 D7 44 CF 29 00 48 28 23 30 75 30 75 00 00
2026-03-15T15:29:09.775151,113.210,can0  204  [16]  6E 23 D7 44 CF 29 00 48 28 23 30 75 30 75 00 00
2026-03-15T15:29:09.775544,113.210,can0  070  [20]  F1 2A 4D 08 09 B1 62 03 28 23 00 00 1D 16 00 00 0C 00 00 00
2026-03-15T15:29:09.775886,113.210,can0  204  [16]  6E 23 D6 44 D2 29 7A 4C 28 23 30 75 30 75 00 00
2026-03-15T15:29:09.872362,113.307,can0  060  [32]  00 00 00 00 F1 2A 4D 08 5E 06 B8 10 00 00 10 0E FF 01 00 00 00 00 00 00 01 00 00 00 00 00 00 00
2026-03-15T15:29:09.873085,113.308,can0  041  [04]  F6 00 12 00
2026-03-15T15:29:09.873164,113.308,can0  204  [16]  6E 23 D6 44 D2 29 7A 4C 28 23 30 75 30 75 00 00
2026-03-15T15:29:09.873605,113.308,can0  040  [04]  24 00 20 00
2026-03-15T15:29:09.972670,113.407,can0  204  [16]  6E 23 D5 44 C4 29 14 4C 28 23 30 75 30 75 00 00
2026-03-15T15:29:09.973158,113.408,can0  040  [04]  24 00 20 00
2026-03-15T15:29:09.973437,113.408,can0  204  [16]  6E 23 D6 44 E1 29 0F 4C 28 23 30 75 30 75 00 00
2026-03-15T15:29:10.072447,113.507,can0  204  [16]  6E 23 D6 44 E1 29 0F 4C 28 23 30 75 30 75 00 00
2026-03-15T15:29:10.072799,113.507,can0  204  [16]  6E 23 D5 44 B8 29 7A 4E 28 23 30 75 30 75 00 00
2026-03-15T15:29:10.172148,113.607,can0  041  [04]  F6 00 12 00
2026-03-15T15:29:10.172830,113.607,can0  040  [04]  1F 00 21 00
2026-03-15T15:29:10.173159,113.608,can0  204  [16]  6E 23 D5 44 B8 29 7A 4E 28 23 30 75 30 75 00 00
2026-03-15T15:29:10.173605,113.608,can0  040  [04]  1F 00 21 00
2026-03-15T15:29:10.276381,113.711,can0  204  [16]  6E 23 D5 44 DD 29 CA 4D 28 23 30 75 30 75 00 00
2026-03-15T15:29:10.276627,113.711,can0  070  [20]  F1 2A 4D 08 09 B1 62 03 28 23 00 00 1D 16 00 00 0C 00 00 00
2026-03-15T15:29:10.276884,113.711,can0  204  [16]  6E 23 D4 44 C4 29 72 4E 28 23 30 75 30 75 00 00
2026-03-15T15:29:10.371865,113.806,can0  060  [32]  00 00 00 00 00 00 00 00 00 00 00 00 00 00 00 00 00 00 00 00 00 00 00 00 00 00 00 00 00 00 00 00
2026-03-15T15:29:10.372209,113.807,can0  204  [16]  6E 23 D4 44 C4 29 72 4E 28 23 30 75 30 75 00 00
2026-03-15T15:29:10.372525,113.807,can0  070  [20]  F1 2A 4D 08 09 B1 62 03 28 23 00 00 1D 16 00 00 0C 00 00 00
2026-03-15T15:29:10.372815,113.807,can0  041  [04]  F2 00 14 00
2026-03-15T15:29:10.373125,113.808,can0  204  [16]  6E 23 D5 44 D6 29 C3 4D 28 23 30 75 30 75 00 00
2026-03-15T15:29:10.373668,113.808,can0  040  [04]  1A 00 1F 00
2026-03-15T15:29:10.471948,113.906,can0  204  [16]  6E 23 D5 44 D6 29 C3 4D 28 23 30 75 30 75 00 00
2026-03-15T15:29:10.472546,113.907,can0  040  [04]  1A 00 1F 00
2026-03-15T15:29:10.572259,114.007,can0  204  [16]  6E 23 DB 44 BF 29 BF 4E 28 23 30 75 30 75 00 00
2026-03-15T15:29:10.579618,114.014,can0  100  [03]  55 4E 04
2026-03-15T15:29:10.580530,114.015,can0  110  [02]  A0 1B
2026-03-15T15:29:10.581418,114.016,can0  120  [04]  00 00 00 00
2026-03-15T15:29:10.581758,114.016,can0  204  [16]  6E 23 DB 44 BF 29 BF 4E 28 23 30 75 30 75 00 00
2026-03-15T15:29:10.678622,114.113,can0  070  [20]  F3 2A 4D 08 09 B1 62 03 10 27 00 00 1D 16 00 00 0F 00 00 00
2026-03-15T15:29:10.678916,114.113,can0  041  [04]  D6 00 12 00
2026-03-15T15:29:10.679570,114.114,can0  070  [20]  F3 2A 4D 08 09 B1 62 03 10 27 00 00 1D 16 00 00 10 00 00 00
2026-03-15T15:29:10.679650,114.114,can0  204  [16]  6E 23 D5 44 C8 29 D9 4E 28 23 30 75 30 75 00 00
2026-03-15T15:29:10.680064,114.114,can0  040  [04]  11 00 1E 00
2026-03-15T15:29:10.772759,114.207,can0  204  [16]  6E 23 D5 44 C8 29 A1 4E 28 23 30 75 30 75 00 00
2026-03-15T15:29:10.773040,114.207,can0  070  [20]  F3 2A 4D 08 09 B1 62 03 10 27 00 00 1D 16 00 00 10 00 00 00
2026-03-15T15:29:10.773678,114.208,can0  040  [04]  11 00 1E 00
2026-03-15T15:29:10.774054,114.208,can0  204  [16]  6E 23 D3 44 DD 29 E5 4D 28 23 30 75 30 75 00 00
2026-03-15T15:29:10.881845,114.316,can0  060  [32]  00 00 00 00 00 00 00 00 00 00 00 00 00 00 00 00 00 00 00 00 00 00 00 00 00 00 00 00 00 00 00 00
2026-03-15T15:29:10.882271,114.317,can0  204  [16]  6E 23 D3 44 DD 29 E5 4D 28 23 30 75 30 75 00 00
2026-03-15T15:29:10.882460,114.317,can0  060  [32]  00 00 00 00 F3 2A 4D 08 5E 06 B8 10 00 00 10 0E FF 01 00 00 00 00 00 00 01 00 00 00 00 00 00 00
2026-03-15T15:29:10.883069,114.317,can0  204  [16]  6E 23 D2 44 D6 29 4C 4D 28 23 30 75 30 75 00 00
2026-03-15T15:29:10.883349,114.318,can0  041  [04]  C1 00 13 00
2026-03-15T15:29:10.972180,114.407,can0  040  [04]  0C 00 21 00
2026-03-15T15:29:10.972825,114.407,can0  204  [16]  6E 23 D2 44 D6 29 4C 4D 28 23 30 75 30 75 00 00
2026-03-15T15:29:10.973417,114.408,can0  040  [04]  0C 00 21 00
2026-03-15T15:29:11.078579,114.513,can0  204  [16]  6E 23 DA 44 E1 29 AB 4C 28 23 30 75 30 75 00 00
2026-03-15T15:29:11.078833,114.513,can0  204  [16]  6E 23 D9 44 BB 29 97 4A 28 23 30 75 30 75 00 00
2026-03-15T15:29:11.202950,114.637,can0  204  [16]  6E 23 D9 44 BB 29 97 4A 28 23 30 75 30 75 00 00
2026-03-15T15:29:11.203245,114.638,can0  041  [04]  B5 00 11 00
2026-03-15T15:29:11.203596,114.638,can0  204  [16]  6E 23 D8 44 BB 29 FD 4D 28 23 30 75 30 75 00 00
2026-03-15T15:29:11.265001,114.699,can0  040  [04]  08 00 24 00
2026-03-15T15:29:11.265371,114.700,can0  070  [20]  F3 2A 4D 08 09 B1 62 03 10 27 00 00 1D 16 00 00 10 00 00 00
2026-03-15T15:29:11.265646,114.700,can0  204  [16]  6E 23 D8 44 BB 29 FD 4D 28 23 30 75 30 75 00 00
2026-03-15T15:29:11.266244,114.701,can0  040  [04]  08 00 24 00
2026-03-15T15:29:11.356221,114.791,can0  204  [16]  6E 23 D2 44 D6 29 5E 4D 28 23 30 75 30 75 00 00
2026-03-15T15:29:11.356540,114.791,can0  060  [32]  00 00 00 00 00 00 00 00 00 00 00 00 00 00 00 00 00 00 00 00 00 00 00 00 00 00 00 00 00 00 00 00
2026-03-15T15:29:11.356978,114.791,can0  070  [20]  F3 2A 4D 08 09 B1 62 03 10 27 00 00 1D 16 00 00 10 00 00 00
2026-03-15T15:29:11.357347,114.792,can0  204  [16]  6E 23 D1 44 BD 29 E6 4F 28 23 30 75 30 75 00 00
2026-03-15T15:29:11.456443,114.891,can0  204  [16]  6E 23 D1 44 BD 29 E6 4F 28 23 30 75 30 75 00 00
2026-03-15T15:29:11.456717,114.891,can0  041  [04]  BF 00 0A 00
2026-03-15T15:29:11.457359,114.892,can0  040  [04]  0D 00 26 00
2026-03-15T15:29:11.457721,114.892,can0  204  [16]  6E 23 D8 44 EA 29 D7 51 28 23 30 75 30 75 00 00
2026-03-15T15:29:11.591021,115.025,can0  040  [04]  0D 00 26 00
2026-03-15T15:29:11.591525,115.026,can0  204  [16]  6E 23 D8 44 EA 29 D7 51 28 23 30 75 30 75 00 00
2026-03-15T15:29:11.591791,115.026,can0  070  [20]  F3 2A 4D 08 09 B1 62 03 F8 2A 00 00 1D 16 00 00 18 00 00 00
2026-03-15T15:29:11.658727,115.093,can0  204  [16]  6E 23 D8 44 CF 29 F4 51 28 23 30 75 30 75 00 00
2026-03-15T15:29:11.659008,115.093,can0  070  [20]  F3 2A 4D 08 09 B1 62 03 F8 2A 00 00 1D 16 00 00 18 00 00 00
2026-03-15T15:29:11.659371,115.094,can0  204  [16]  6E 23 D3 44 EA 29 0D 4E 28 23 30 75 30 75 00 00
2026-03-15T15:29:11.659694,115.094,can0  041  [04]  EB 00 07 00
2026-03-15T15:29:11.772946,115.207,can0  100  [03]  56 4E 04
2026-03-15T15:29:11.774432,115.209,can0  120  [04]  00 00 00 00
2026-03-15T15:29:11.774510,115.209,can0  040  [04]  16 00 21 00
2026-03-15T15:29:11.774572,115.209,can0  204  [16]  6E 23 D3 44 EA 29 0D 4E 28 23 30 75 30 75 00 00
2026-03-15T15:29:11.774648,115.209,can0  070  [20]  F3 2A 4D 08 09 B1 62 03 F8 2A 00 00 1D 16 00 00 18 00 00 00
2026-03-15T15:29:11.775513,115.210,can0  040  [04]  16 00 21 00
2026-03-15T15:29:11.775587,115.210,can0  204  [16]  6E 23 D3 44 B8 29 85 4C 28 23 30 75 30 75 00 00
2026-03-15T15:29:11.872481,115.307,can0  060  [32]  00 00 00 00 F3 2A 4D 08 5E 06 B8 10 00 00 10 0E FF 01 00 00 00 00 00 00 01 00 00 00 00 00 00 00
2026-03-15T15:29:11.873153,115.308,can0  204  [16]  6E 23 D3 44 B8 29 85 4C 28 23 30 75 30 75 00 00
2026-03-15T15:29:11.971859,115.406,can0  204  [16]  6E 23 D2 44 DB 29 B7 48 28 23 30 75 30 75 00 00
2026-03-15T15:29:11.972129,115.407,can0  041  [04]  0A 01 0A 00
2026-03-15T15:29:11.972990,115.407,can0  204  [16]  6E 23 D3 44 B1 29 E8 4B 28 23 30 75 30 75 00 00
2026-03-15T15:29:11.973046,115.407,can0  040  [04]  17 00 20 00
2026-03-15T15:29:12.072143,115.507,can0  204  [16]  6E 23 D3 44 B1 29 E8 4B 28 23 30 75 30 75 00 00
2026-03-15T15:29:12.072722,115.507,can0  040  [04]  17 00 20 00
2026-03-15T15:29:12.073069,115.507,can0  204  [16]  6E 23 D2 44 D6 29 03 4F 28 23 30 75 30 75 00 00
2026-03-15T15:29:12.172569,115.607,can0  110  [02]  A1 1B
2026-03-15T15:29:12.173232,115.608,can0  204  [16]  6E 23 D2 44 D6 29 03 4F 28 23 30 75 30 75 00 00
2026-03-15T15:29:12.272307,115.707,can0  204  [16]  6E 23 D4 44 CF 29 8B 4E 28 23 30 75 30 75 00 00
2026-03-15T15:29:12.272574,115.707,can0  041  [04]  0C 01 0E 00
2026-03-15T15:29:12.272823,115.707,can0  070  [20]  F3 2A 4D 08 09 B1 62 03 F8 2A 00 00 1D 16 00 00 18 00 00 00
2026-03-15T15:29:12.273508,115.708,can0  040  [04]  0F 00 20 00
2026-03-15T15:29:12.273987,115.708,can0  204  [16]  6E 23 D8 44 F5 29 80 49 28 23 30 75 30 75 00 00
2026-03-15T15:29:12.384306,115.819,can0  040  [04]  0F 00 20 00
2026-03-15T15:29:12.384622,115.819,can0  070  [20]  F3 2A 4D 08 09 B1 62 03 F8 2A 00 00 1D 16 00 00 18 00 00 00
2026-03-15T15:29:12.384914,115.819,can0  060  [32]  00 00 00 00 00 00 00 00 00 00 00 00 00 00 00 00 00 00 00 00 00 00 00 00 00 00 00 00 00 00 00 00
2026-03-15T15:29:12.385252,115.820,can0  204  [16]  6E 23 D8 44 F5 29 80 49 28 23 30 75 30 75 00 00
2026-03-15T15:29:12.385570,115.820,can0  204  [16]  6E 23 CF 44 C4 29 57 4B 28 23 30 75 30 75 00 00
2026-03-15T15:29:12.477101,115.912,can0  204  [16]  6E 23 CF 44 D6 29 E1 4F 28 23 30 75 30 75 00 00
2026-03-15T15:29:12.477418,115.912,can0  041  [04]  03 01 0E 00
2026-03-15T15:29:12.591347,116.026,can0  204  [16]  6E 23 CF 44 D6 29 E1 4F 28 23 30 75 30 75 00 00
2026-03-15T15:29:12.592143,116.027,can0  040  [04]  12 00 20 00
2026-03-15T15:29:12.592629,116.027,can0  040  [04]  12 00 20 00
2026-03-15T15:29:12.592973,116.027,can0  204  [16]  6E 23 CF 44 D6 29 E1 4F 28 23 30 75 30 75 00 00
2026-03-15T15:29:12.651959,116.086,can0  070  [20]  F3 2A 4D 08 09 B1 62 03 E0 2E 00 00 1D 16 00 00 2C 00 00 00
2026-03-15T15:29:12.652254,116.087,can0  070  [20]  F3 2A 4D 08 09 B1 62 03 E0 2E 00 00 1D 16 00 00 2C 00 00 00
2026-03-15T15:29:12.652711,116.087,can0  204  [16]  6E 23 CD 44 CD 29 A8 4E 28 23 30 75 30 75 00 00
2026-03-15T15:29:12.804655,116.239,can0  204  [16]  6E 23 CF 44 E1 29 FC 4D 28 23 30 75 30 75 00 00
2026-03-15T15:29:12.804940,116.239,can0  070  [20]  F3 2A 4D 08 09 B1 62 03 E0 2E 00 00 1D 16 00 00 2C 00 00 00
2026-03-15T15:29:12.805214,116.240,can0  041  [04]  FC 00 0F 00
2026-03-15T15:29:12.814257,116.249,can0  204  [16]  6E 23 D2 44 FC 29 76 4D 28 23 30 75 30 75 00 00
2026-03-15T15:29:12.814374,116.249,can0  040  [04]  15 00 1F 00
2026-03-15T15:29:12.868240,116.303,can0  204  [16]  6E 23 D2 44 FC 29 76 4D 28 23 30 75 30 75 00 00
2026-03-15T15:29:12.868644,116.303,can0  060  [32]  00 00 00 00 00 00 00 00 00 00 00 00 00 00 00 00 00 00 00 00 00 00 00 00 00 00 00 00 00 00 00 00
2026-03-15T15:29:12.868885,116.303,can0  060  [32]  00 00 00 00 F3 2A 4D 08 5E 06 B8 10 00 00 10 0E FF 01 00 00 00 00 00 00 01 00 00 00 00 00 00 00
2026-03-15T15:29:12.869675,116.304,can0  040  [04]  15 00 1F 00
2026-03-15T15:29:12.869957,116.304,can0  204  [16]  6E 23 D2 44 DF 29 BC 4E 28 23 30 75 30 75 00 00
2026-03-15T15:29:12.956309,116.391,can0  100  [03]  53 4E 04
2026-03-15T15:29:12.957068,116.391,can0  120  [04]  00 00 00 00
2026-03-15T15:29:12.957448,116.392,can0  204  [16]  6E 23 D2 44 DF 29 BC 4E 28 23 30 75 30 75 00 00
2026-03-15T15:29:13.063276,116.498,can0  204  [16]  6E 23 D7 44 EA 29 93 4E 28 23 30 75 30 75 00 00
2026-03-15T15:29:13.063627,116.498,can0  041  [04]  FC 00 11 00
2026-03-15T15:29:13.064162,116.499,can0  040  [04]  1A 00 22 00
2026-03-15T15:29:13.064455,116.499,can0  204  [16]  6E 23 D4 44 C4 29 86 4D 28 23 30 75 30 75 00 00
2026-03-15T15:29:13.153515,116.588,can0  040  [04]  1A 00 22 00
2026-03-15T15:29:13.157151,116.592,can0  204  [16]  6E 23 D4 44 C4 29 86 4D 28 23 30 75 30 75 00 00
2026-03-15T15:29:13.157273,116.592,can0  204  [16]  6E 23 D4 44 D6 29 9F 4C 28 23 30 75 30 75 00 00
2026-03-15T15:29:13.251775,116.686,can0  070  [20]  F3 2A 4D 08 09 B1 62 03 E0 2E 00 00 1D 16 00 00 2C 00 00 00
2026-03-15T15:29:13.252140,116.687,can0  204  [16]  6E 23 D4 44 D6 29 9F 4C 28 23 30 75 30 75 00 00
2026-03-15T15:29:13.252482,116.687,can0  041  [04]  FA 00 11 00
2026-03-15T15:29:13.374282,116.809,can0  204  [16]  6E 23 D7 44 9E 29 4C 4C 28 23 30 75 30 75 00 00
2026-03-15T15:29:13.375262,116.810,can0  040  [04]  19 00 23 00
2026-03-15T15:29:13.375553,116.810,can0  070  [20]  F3 2A 4D 08 09 B1 62 03 E0 2E 00 00 1D 16 00 00 2C 00 00 00
2026-03-15T15:29:13.375836,116.810,can0  060  [32]  00 00 00 00 00 00 00 00 00 00 00 00 00 00 00 00 00 00 00 00 00 00 00 00 00 00 00 00 00 00 00 00
2026-03-15T15:29:13.376055,116.810,can0  204  [16]  6E 23 D8 44 D2 29 BD 4C 28 23 30 75 30 75 00 00
2026-03-15T15:29:13.376523,116.811,can0  040  [04]  19 00 23 00
2026-03-15T15:29:13.474711,116.909,can0  204  [16]  6E 23 D8 44 D2 29 BD 4C 28 23 30 75 30 75 00 00
2026-03-15T15:29:13.475076,116.910,can0  204  [16]  6E 23 D2 44 AC 29 FC 4E 28 23 30 75 30 75 00 00
2026-03-15T15:29:13.602533,117.037,can0  204  [16]  6E 23 D2 44 AC 29 FC 4E 28 23 30 75 30 75 00 00
2026-03-15T15:29:13.602644,117.037,can0  041  [04]  FD 00 11 00
2026-03-15T15:29:13.602868,117.037,can0  070  [20]  F3 2A 4D 08 0B B1 62 03 C8 32 00 00 1D 16 00 00 0B 00 00 00
2026-03-15T15:29:13.603614,117.038,can0  040  [04]  1A 00 24 00
2026-03-15T15:29:13.655145,117.090,can0  204  [16]  6E 23 D2 44 E8 29 3D 51 28 23 30 75 30 75 00 00
2026-03-15T15:29:13.655796,117.090,can0  070  [20]  F3 2A 4D 08 0B B1 62 03 C8 32 00 00 1D 16 00 00 0B 00 00 00
2026-03-15T15:29:13.656746,117.091,can0  040  [04]  1A 00 24 00
2026-03-15T15:29:13.657132,117.092,can0  204  [16]  6E 23 D1 44 CB 29 69 53 28 23 30 75 30 75 00 00
2026-03-15T15:29:13.747360,117.182,can0  110  [02]  9F 1B
2026-03-15T15:29:13.747581,117.182,can0  070  [20]  F3 2A 4D 08 0B B1 62 03 C8 32 00 00 1D 16 00 00 0B 00 00 00
2026-03-15T15:29:13.747826,117.182,can0  204  [16]  6E 23 D1 44 CB 29 69 53 28 23 30 75 30 75 00 00
2026-03-15T15:29:13.891156,117.326,can0  204  [16]  6E 23 D4 44 DF 29 00 00 28 23 30 75 30 75 00 00
2026-03-15T15:29:13.891534,117.326,can0  041  [04]  FD 00 11 00
2026-03-15T15:29:13.891861,117.326,can0  060  [32]  00 00 00 00 F3 2A 4D 08 5F 06 B8 10 00 00 10 0E FF 01 00 00 00 00 00 00 01 00 00 00 00 00 00 00
2026-03-15T15:29:13.892945,117.327,can0  040  [04]  17 00 20 00
2026-03-15T15:29:13.893310,117.328,can0  204  [16]  6E 23 CF 44 E1 29 00 00 28 23 30 75 30 75 00 00
2026-03-15T15:29:13.893802,117.328,can0  040  [04]  17 00 20 00
2026-03-15T15:29:13.957879,117.392,can0  204  [16]  6E 23 CF 44 E1 29 00 00 28 23 30 75 30 75 00 00
2026-03-15T15:29:13.958145,117.393,can0  204  [16]  6E 23 D3 44 D4 29 00 00 28 23 30 75 30 75 00 00
2026-03-15T15:29:14.086473,117.521,can0  204  [16]  6E 23 D3 44 D4 29 00 00 28 23 30 75 30 75 00 00
2026-03-15T15:29:14.086700,117.521,can0  041  [04]  F4 00 11 00
2026-03-15T15:29:14.172075,117.607,can0  204  [16]  6E 23 D7 44 B6 29 00 00 28 23 30 75 30 75 00 00
2026-03-15T15:29:14.173804,117.608,can0  100  [03]  52 4E 04
2026-03-15T15:29:14.173906,117.608,can0  040  [04]  18 00 1B 00
2026-03-15T15:29:14.174511,117.609,can0  120  [04]  00 00 00 00
2026-03-15T15:29:14.174822,117.609,can0  204  [16]  6E 23 DE 44 B8 29 F4 46 28 23 30 75 30 75 00 00
2026-03-15T15:29:14.175365,117.610,can0  040  [04]  18 00 1B 00
2026-03-15T15:29:14.272430,117.707,can0  204  [16]  6E 23 DE 44 B8 29 F4 46 28 23 30 75 30 75 00 00
2026-03-15T15:29:14.273312,117.708,can0  070  [20]  F3 2A 4D 08 0B B1 62 03 C8 32 00 00 1D 16 00 00 0B 00 00 00
2026-03-15T15:29:14.273944,117.708,can0  204  [16]  6E 23 DA 44 B1 29 69 4A 28 23 30 75 30 75 00 00
2026-03-15T15:29:14.372197,117.807,can0  070  [20]  F3 2A 4D 08 0B B1 62 03 C8 32 00 00 1D 16 00 00 0B 00 00 00
2026-03-15T15:29:14.372872,117.807,can0  204  [16]  6E 23 DA 44 B1 29 69 4A 28 23 30 75 30 75 00 00
2026-03-15T15:29:14.373531,117.808,can0  041  [04]  FD 00 11 00
2026-03-15T15:29:14.373902,117.808,can0  060  [32]  00 00 00 00 00 00 00 00 00 00 00 00 00 00 00 00 00 00 00 00 00 00 00 00 00 00 00 00 00 00 00 00
2026-03-15T15:29:14.374552,117.809,can0  040  [04]  1C 00 18 00
2026-03-15T15:29:14.472234,117.907,can0  204  [16]  6E 23 D1 44 D2 29 AF 4E 28 23 30 75 30 75 00 00
2026-03-15T15:29:14.475761,117.910,can0  040  [04]  1C 00 18 00
2026-03-15T15:29:14.475853,117.910,can0  204  [16]  6E 23 CB 44 CD 29 A5 4C 28 23 30 75 30 75 00 00
2026-03-15T15:29:14.571955,118.006,can0  204  [16]  6E 23 CB 44 CD 29 A5 4C 28 23 30 75 30 75 00 00
2026-03-15T15:29:14.575169,118.010,can0  204  [16]  6E 23 CB 44 CD 29 A5 4C 28 23 30 75 30 75 00 00
2026-03-15T15:29:14.672043,118.106,can0  070  [20]  F3 2A 4D 08 0B B1 62 03 B0 36 00 00 1D 16 00 00 1C 00 00 00
2026-03-15T15:29:14.673252,118.108,can0  041  [04]  03 01 13 00
2026-03-15T15:29:14.673361,118.108,can0  070  [20]  F3 2A 4D 08 0B B1 62 03 B0 36 00 00 1D 16 00 00 1D 00 00 00
2026-03-15T15:29:14.673433,118.108,can0  040  [04]  21 00 15 00
2026-03-15T15:29:14.674051,118.108,can0  204  [16]  6E 23 CE 44 B8 29 B6 4D 28 23 30 75 30 75 00 00
2026-03-15T15:29:14.771964,118.206,can0  040  [04]  21 00 15 00
2026-03-15T15:29:14.772241,118.207,can0  204  [16]  6E 23 CE 44 B8 29 B6 4D 28 23 30 75 30 75 00 00
2026-03-15T15:29:14.772566,118.207,can0  070  [20]  F3 2A 4D 08 0B B1 62 03 B0 36 00 00 1D 16 00 00 1D 00 00 00
2026-03-15T15:29:14.775682,118.210,can0  204  [16]  6E 23 D5 44 CB 29 EF 4D 28 23 30 75 30 75 00 00
2026-03-15T15:29:14.872786,118.307,can0  204  [16]  6E 23 D5 44 CB 29 EF 4D 28 23 30 75 30 75 00 00
2026-03-15T15:29:14.873413,118.308,can0  060  [32]  00 00 00 00 00 00 00 00 00 00 00 00 00 00 00 00 00 00 00 00 00 00 00 00 00 00 00 00 00 00 00 00
2026-03-15T15:29:14.874211,118.309,can0  060  [32]  00 00 00 00 F3 2A 4D 08 5F 06 B8 10 00 00 10 0E FF 01 00 00 00 00 00 00 01 00 00 00 00 00 00 00
2026-03-15T15:29:14.874869,118.309,can0  041  [04]  07 01 16 00
2026-03-15T15:29:14.875084,118.310,can0  204  [16]  6E 23 DB 44 AA 29 CA 4D 28 23 30 75 30 75 00 00
2026-03-15T15:29:14.972765,118.407,can0  040  [04]  2C 00 13 00
2026-03-15T15:29:14.973168,118.408,can0  204  [16]  6E 23 D4 44 C6 29 2A 4E 28 23 30 75 30 75 00 00
2026-03-15T15:29:14.976097,118.411,can0  040  [04]  2C 00 13 00
2026-03-15T15:29:15.072481,118.507,can0  204  [16]  6E 23 D4 44 C6 29 2A 4E 28 23 30 75 30 75 00 00
2026-03-15T15:29:15.072744,118.507,can0  204  [16]  6E 23 CC 44 D8 29 3A 4F 28 23 30 75 30 75 00 00
2026-03-15T15:29:15.172547,118.607,can0  204  [16]  6E 23 CC 44 D8 29 3A 4F 28 23 30 75 30 75 00 00
2026-03-15T15:29:15.172791,118.607,can0  041  [04]  06 01 14 00
2026-03-15T15:29:15.173490,118.608,can0  040  [04]  36 00 13 00
2026-03-15T15:29:15.173911,118.608,can0  204  [16]  6E 23 CB 44 DB 29 C7 4B 28 23 30 75 30 75 00 00
2026-03-15T15:29:15.272700,118.707,can0  070  [20]  F3 2A 4D 08 0B B1 62 03 B0 36 00 00 1D 16 00 00 1D 00 00 00
2026-03-15T15:29:15.273378,118.708,can0  040  [04]  36 00 13 00
2026-03-15T15:29:15.273770,118.708,can0  204  [16]  6E 23 CF 44 BB 29 18 4D 28 23 30 75 30 75 00 00
2026-03-15T15:29:15.372490,118.807,can0  100  [03]  51 4E 04
2026-03-15T15:29:15.373095,118.808,can0  110  [02]  A0 1B
2026-03-15T15:29:15.373393,118.808,can0  204  [16]  6E 23 CF 44 BB 29 18 4D 28 23 30 75 30 75 00 00
2026-03-15T15:29:15.374329,118.809,can0  120  [04]  00 00 00 00
2026-03-15T15:29:15.374413,118.809,can0  070  [20]  F3 2A 4D 08 0B B1 62 03 B0 36 00 00 1D 16 00 00 1D 00 00 00
2026-03-15T15:29:15.375267,118.810,can0  060  [32]  00 00 00 00 00 00 00 00 00 00 00 00 00 00 00 00 00 00 00 00 00 00 00 00 00 00 00 00 00 00 00 00
2026-03-15T15:29:15.375368,118.810,can0  204  [16]  6E 23 D3 44 BB 29 03 4E 28 23 30 75 30 75 00 00
2026-03-15T15:29:15.491433,118.926,can0  041  [04]  FE 00 13 00
2026-03-15T15:29:15.492624,118.927,can0  204  [16]  6E 23 D3 44 BB 29 03 4E 28 23 30 75 30 75 00 00
2026-03-15T15:29:15.492727,118.927,can0  040  [04]  35 00 12 00
2026-03-15T15:29:15.493403,118.928,can0  204  [16]  6E 23 D6 44 C6 29 56 4E 28 23 30 75 30 75 00 00
2026-03-15T15:29:15.565463,119.000,can0  040  [04]  35 00 12 00
2026-03-15T15:29:15.565847,119.000,can0  204  [16]  6E 23 D6 44 C6 29 56 4E 28 23 30 75 30 75 00 00
2026-03-15T15:29:15.566140,119.001,can0  070  [20]  F4 2A 4D 08 0B B1 62 03 98 3A 00 00 1D 16 00 00 1E 00 00 00
2026-03-15T15:29:15.676057,119.110,can0  204  [16]  6E 23 D3 44 BF 29 26 4F 28 23 30 75 30 75 00 00
2026-03-15T15:29:15.683490,119.118,can0  070  [20]  F4 2A 4D 08 0B B1 62 03 98 3A 00 00 1D 16 00 00 1D 00 00 00
2026-03-15T15:29:15.683980,119.118,can0  041  [04]  00 01 15 00
2026-03-15T15:29:15.684447,119.119,can0  204  [16]  6E 23 D1 44 D4 29 C1 4F 28 23 30 75 30 75 00 00
2026-03-15T15:29:15.772040,119.206,can0  040  [04]  24 00 12 00
2026-03-15T15:29:15.772438,119.207,can0  070  [20]  F4 2A 4D 08 0B B1 62 03 98 3A 00 00 1D 16 00 00 1D 00 00 00
2026-03-15T15:29:15.772769,119.207,can0  204  [16]  6E 23 C9 44 B1 29 74 4E 28 23 30 75 30 75 00 00
2026-03-15T15:29:15.773267,119.208,can0  040  [04]  24 00 12 00
2026-03-15T15:29:15.872067,119.307,can0  204  [16]  6E 23 C9 44 B1 29 74 4E 28 23 30 75 30 75 00 00
2026-03-15T15:29:15.872337,119.307,can0  204  [16]  6E 23 D2 44 DF 29 C0 4E 28 23 30 75 30 75 00 00
2026-03-15T15:29:15.872518,119.307,can0  060  [32]  00 00 00 00 F4 2A 4D 08 5F 06 B8 10 00 00 10 0E FF 01 00 00 00 00 00 00 01 00 00 00 00 00 00 00
2026-03-15T15:29:15.972654,119.407,can0  204  [16]  6E 23 D2 44 DF 29 C0 4E 28 23 30 75 30 75 00 00
2026-03-15T15:29:15.972869,119.407,can0  041  [04]  F8 00 13 00
2026-03-15T15:29:15.973406,119.408,can0  040  [04]  18 00 12 00
2026-03-15T15:29:15.976722,119.411,can0  204  [16]  6E 23 CF 44 99 29 46 4E 28 23 30 75 30 75 00 00
2026-03-15T15:29:16.073009,119.507,can0  040  [04]  18 00 12 00
2026-03-15T15:29:16.073385,119.508,can0  204  [16]  6E 23 D7 44 D2 29 0A 4D 28 23 30 75 30 75 00 00
2026-03-15T15:29:16.172389,119.607,can0  204  [16]  6E 23 D7 44 D2 29 0A 4D 28 23 30 75 30 75 00 00
2026-03-15T15:29:16.172765,119.607,can0  204  [16]  6E 23 D3 44 B1 29 A8 4D 28 23 30 75 30 75 00 00
2026-03-15T15:29:16.272191,119.707,can0  041  [04]  FB 00 13 00
2026-03-15T15:29:16.272482,119.707,can0  070  [20]  F4 2A 4D 08 0B B1 62 03 98 3A 00 00 1D 16 00 00 1D 00 00 00
2026-03-15T15:29:16.272786,119.707,can0  204  [16]  6E 23 D3 44 B1 29 A8 4D 28 23 30 75 30 75 00 00
2026-03-15T15:29:16.273388,119.708,can0  040  [04]  17 00 16 00
2026-03-15T15:29:16.273969,119.708,can0  040  [04]  17 00 16 00
2026-03-15T15:29:16.274579,119.709,can0  204  [16]  6E 23 D1 44 D6 29 51 4D 28 23 30 75 30 75 00 00
2026-03-15T15:29:16.372492,119.807,can0  070  [20]  F4 2A 4D 08 0B B1 62 03 98 3A 00 00 1D 16 00 00 1D 00 00 00
2026-03-15T15:29:16.372840,119.807,can0  204  [16]  6E 23 CD 44 C4 29 0D 4D 28 23 30 75 30 75 00 00
2026-03-15T15:29:16.373122,119.808,can0  060  [32]  00 00 00 00 00 00 00 00 00 00 00 00 00 00 00 00 00 00 00 00 00 00 00 00 00 00 00 00 00 00 00 00
2026-03-15T15:29:16.471936,119.906,can0  204  [16]  6E 23 CD 44 C4 29 0D 4D 28 23 30 75 30 75 00 00
2026-03-15T15:29:16.472277,119.907,can0  204  [16]  6E 23 D0 44 C4 29 B5 4D 28 23 30 75 30 75 00 00
2026-03-15T15:29:16.472536,119.907,can0  041  [04]  F8 00 11 00
2026-03-15T15:29:16.573307,120.008,can0  040  [04]  0E 00 15 00
2026-03-15T15:29:16.574270,120.009,can0  100  [03]  50 4E 04
2026-03-15T15:29:16.575487,120.010,can0  120  [04]  00 00 00 00
2026-03-15T15:29:16.575860,120.010,can0  204  [16]  6E 23 D0 44 C4 29 B5 4D 28 23 30 75 30 75 00 00
2026-03-15T15:29:16.576665,120.011,can0  040  [04]  0E 00 15 00
2026-03-15T15:29:16.576889,120.011,can0  070  [20]  F4 2A 4D 08 0B B1 62 03 80 3E 00 00 1D 16 00 00 43 00 00 00
2026-03-15T15:29:16.703145,120.138,can0  204  [16]  6E 23 D3 44 BD 29 31 4C 28 23 30 75 30 75 00 00
2026-03-15T15:29:16.708013,120.142,can0  132  [00]
2026-03-15T15:29:16.708133,120.143,can0  070  [20]  F4 2A 4D 08 0B B1 62 03 80 3E 00 00 1D 16 00 00 42 00 00 00
2026-03-15T15:29:16.708217,120.143,can0  204  [16]  6E 23 D5 44 BF 29 00 00 28 23 30 75 30 75 00 00
2026-03-15T15:29:16.761411,120.196,can0  070  [20]  F4 2A 4D 08 0B B1 62 03 80 3E 00 00 1D 16 00 00 42 00 00 00
2026-03-15T15:29:16.761659,120.196,can0  204  [16]  6E 23 D5 44 BF 29 00 00 28 23 30 75 30 75 00 00
2026-03-15T15:29:16.762475,120.197,can0  041  [04]  F5 00 0E 00
2026-03-15T15:29:16.762555,120.197,can0  040  [04]  0B 00 16 00
2026-03-15T15:29:16.762747,120.197,can0  204  [16]  6E 23 D1 44 BF 29 56 4D 28 23 30 75 30 75 00 00
2026-03-15T15:29:16.867202,120.302,can0  040  [04]  0B 00 16 00
2026-03-15T15:29:16.867593,120.302,can0  204  [16]  6E 23 D1 44 BF 29 56 4D 28 23 30 75 30 75 00 00
2026-03-15T15:29:16.867900,120.302,can0  060  [32]  00 00 00 00 00 00 00 00 00 00 00 00 00 00 00 00 00 00 00 00 00 00 00 00 00 00 00 00 00 00 00 00
2026-03-15T15:29:16.955513,120.390,can0  204  [16]  6E 23 CF 44 C6 29 A7 4C 28 23 30 75 30 75 00 00
2026-03-15T15:29:16.955783,120.390,can0  060  [32]  00 00 00 00 F4 2A 4D 08 5F 06 B8 10 00 00 10 0E FF 01 00 00 00 00 00 00 01 00 00 00 00 00 00 00
2026-03-15T15:29:16.956872,120.391,can0  110  [02]  A1 1B
2026-03-15T15:29:16.957259,120.392,can0  204  [16]  6E 23 CE 44 C8 29 80 4B 28 23 30 75 30 75 00 00
2026-03-15T15:29:17.088186,120.523,can0  041  [04]  00 01 11 00
2026-03-15T15:29:17.088559,120.523,can0  204  [16]  6E 23 CE 44 C8 29 80 4B 28 23 30 75 30 75 00 00
2026-03-15T15:29:17.089167,120.524,can0  040  [04]  04 00 19 00
2026-03-15T15:29:17.089527,120.524,can0  204  [16]  6E 23 CE 44 C1 29 40 4D 28 23 30 75 30 75 00 00
2026-03-15T15:29:17.090139,120.525,can0  040  [04]  04 00 19 00
2026-03-15T15:29:17.176804,120.611,can0  204  [16]  6E 23 CE 44 C1 29 40 4D 28 23 30 75 30 75 00 00
2026-03-15T15:29:17.272219,120.707,can0  204  [16]  6E 23 D7 44 B1 29 2E 4D 28 23 30 75 30 75 00 00
2026-03-15T15:29:17.272434,120.707,can0  070  [20]  F4 2A 4D 08 0B B1 62 03 80 3E 00 00 1D 16 00 00 42 00 00 00
2026-03-15T15:29:17.272673,120.707,can0  204  [16]  6E 23 CC 44 D6 29 3F 4C 28 23 30 75 30 75 00 00
2026-03-15T15:29:17.275806,120.710,can0  041  [04]  06 01 14 00
2026-03-15T15:29:17.372969,120.807,can0  040  [04]  04 00 19 00
2026-03-15T15:29:17.373334,120.808,can0  204  [16]  6E 23 CC 44 D6 29 3F 4C 28 23 30 75 30 75 00 00
2026-03-15T15:29:17.373601,120.808,can0  070  [20]  F4 2A 4D 08 0B B1 62 03 80 3E 00 00 1D 16 00 00 42 00 00 00
2026-03-15T15:29:17.374097,120.809,can0  040  [04]  04 00 19 00
2026-03-15T15:29:17.374443,120.809,can0  204  [16]  6E 23 D1 44 CB 29 3A 4D 28 23 30 75 30 75 00 00
2026-03-15T15:29:17.497910,120.932,can0  060  [32]  00 00 00 00 00 00 00 00 00 00 00 00 00 00 00 00 00 00 00 00 00 00 00 00 00 00 00 00 00 00 00 00
2026-03-15T15:29:17.498033,120.932,can0  204  [16]  6E 23 D1 44 CB 29 3A 4D 28 23 30 75 30 75 00 00
2026-03-15T15:29:17.570604,121.005,can0  204  [16]  6E 23 CC 44 CD 29 BF 4E 28 23 30 75 30 75 00 00
2026-03-15T15:29:17.570950,121.005,can0  041  [04]  09 01 13 00
2026-03-15T15:29:17.571324,121.006,can0  204  [16]  6E 23 CC 44 CD 29 BF 4E 28 23 30 75 30 75 00 00
2026-03-15T15:29:17.572217,121.007,can0  040  [04]  0D 00 17 00
2026-03-15T15:29:17.572880,121.007,can0  070  [20]  F4 2A 4D 08 09 B1 62 03 68 42 00 00 1D 16 00 00 38 00 00 00
2026-03-15T15:29:17.708744,121.143,can0  040  [04]  0D 00 17 00
2026-03-15T15:29:17.709155,121.144,can0  204  [16]  6E 23 CA 44 B8 29 EF 4F 28 23 30 75 30 75 00 00
2026-03-15T15:29:17.709398,121.144,can0  070  [20]  F4 2A 4D 08 09 B1 62 03 68 42 00 00 1D 16 00 00 38 00 00 00
2026-03-15T15:29:17.712203,121.147,can0  204  [16]  6E 23 D6 44 E1 29 2D 4F 28 23 30 75 30 75 00 00
2026-03-15T15:29:17.756033,121.190,can0  100  [03]  50 4E 04
2026-03-15T15:29:17.756698,121.191,can0  120  [04]  00 00 00 00
2026-03-15T15:29:17.756933,121.191,can0  070  [20]  F4 2A 4D 08 09 B1 62 03 68 42 00 00 1D 16 00 00 38 00 00 00
2026-03-15T15:29:17.759500,121.194,can0  204  [16]  6E 23 C8 44 AA 29 6B 4F 28 23 30 75 30 75 00 00
2026-03-15T15:29:17.858035,121.292,can0  041  [04]  10 01 10 00
2026-03-15T15:29:17.859231,121.294,can0  204  [16]  6E 23 C8 44 AA 29 6B 4F 28 23 30 75 30 75 00 00
2026-03-15T15:29:17.859330,121.294,can0  040  [04]  0F 00 14 00
2026-03-15T15:29:17.859597,121.294,can0  204  [16]  6E 23 D6 44 D6 29 74 4F 28 23 30 75 30 75 00 00
2026-03-15T15:29:17.960705,121.395,can0  060  [32]  00 00 00 00 F4 2A 4D 08 5E 06 B8 10 00 00 10 0E FF 01 00 00 00 00 00 00 01 00 00 00 00 00 00 00
2026-03-15T15:29:17.961584,121.396,can0  040  [04]  0F 00 14 00
2026-03-15T15:29:17.961932,121.396,can0  204  [16]  6E 23 D6 44 D6 29 74 4F 28 23 30 75 30 75 00 00
2026-03-15T15:29:17.962187,121.397,can0  204  [16]  6E 23 C4 44 C6 29 0D 52 28 23 30 75 30 75 00 00
2026-03-15T15:29:18.065821,121.500,can0  204  [16]  6E 23 CA 44 D2 29 C0 4E 28 23 30 75 30 75 00 00
2026-03-15T15:29:18.065927,121.500,can0  041  [04]  06 01 0F 00
2026-03-15T15:29:18.066601,121.501,can0  040  [04]  18 00 13 00
2026-03-15T15:29:18.168865,121.603,can0  204  [16]  6E 23 CA 44 D2 29 C0 4E 28 23 30 75 30 75 00 00
2026-03-15T15:29:18.169531,121.604,can0  040  [04]  18 00 13 00
2026-03-15T15:29:18.169976,121.604,can0  204  [16]  6E 23 CF 44 CF 29 00 00 28 23 30 75 30 75 00 00
2026-03-15T15:29:18.272587,121.707,can0  070  [20]  F4 2A 4D 08 09 B1 62 03 68 42 00 00 1D 16 00 00 38 00 00 00
2026-03-15T15:29:18.272913,121.707,can0  204  [16]  6E 23 CF 44 CF 29 00 00 28 23 30 75 30 75 00 00
2026-03-15T15:29:18.273239,121.708,can0  204  [16]  6E 23 D2 44 D2 29 00 00 28 23 30 75 30 75 00 00
2026-03-15T15:29:18.372708,121.807,can0  070  [20]  F4 2A 4D 08 09 B1 62 03 68 42 00 00 1D 16 00 00 38 00 00 00
2026-03-15T15:29:18.373295,121.808,can0  041  [04]  ED 00 0C 00
2026-03-15T15:29:18.373360,121.808,can0  204  [16]  6E 23 CC 44 C8 29 60 4E 28 23 30 75 30 75 00 00
2026-03-15T15:29:18.374006,121.808,can0  040  [04]  1C 00 12 00
2026-03-15T15:29:18.472579,121.907,can0  060  [32]  00 00 00 00 00 00 00 00 00 00 00 00 00 00 00 00 00 00 00 00 00 00 00 00 00 00 00 00 00 00 00 00
2026-03-15T15:29:18.472933,121.907,can0  204  [16]  6E 23 CC 44 C8 29 60 4E 28 23 30 75 30 75 00 00
2026-03-15T15:29:18.473578,121.908,can0  040  [04]  1C 00 12 00
2026-03-15T15:29:18.473977,121.908,can0  204  [16]  6E 23 D2 44 E8 29 45 4F 28 23 30 75 30 75 00 00
2026-03-15T15:29:18.572790,122.007,can0  110  [02]  A0 1B
2026-03-15T15:29:18.573067,122.007,can0  204  [16]  6E 23 D2 44 E8 29 45 4F 28 23 30 75 30 75 00 00
2026-03-15T15:29:18.573265,122.008,can0  070  [20]  F4 2A 4D 08 09 B1 62 03 50 46 00 00 1D 16 00 00 1C 00 00 00
2026-03-15T15:29:18.671900,122.106,can0  041  [04]  D6 00 0B 00
2026-03-15T15:29:18.672126,122.107,can0  204  [16]  6E 23 CB 44 97 29 6F 4F 28 23 30 75 30 75 00 00
2026-03-15T15:29:18.672363,122.107,can0  070  [20]  F4 2A 4D 08 09 B1 62 03 50 46 00 00 1D 16 00 00 1D 00 00 00
2026-03-15T15:29:18.672894,122.107,can0  040  [04]  13 00 16 00
2026-03-15T15:29:18.673141,122.108,can0  204  [16]  6E 23 D2 44 E1 29 2E 4E 28 23 30 75 30 75 00 00
2026-03-15T15:29:18.673601,122.108,can0  040  [04]  13 00 16 00
2026-03-15T15:29:18.771716,122.206,can0  070  [20]  F4 2A 4D 08 09 B1 62 03 50 46 00 00 1D 16 00 00 1D 00 00 00
2026-03-15T15:29:18.772072,122.206,can0  204  [16]  6E 23 D2 44 E1 29 2E 4E 28 23 30 75 30 75 00 00
2026-03-15T15:29:18.772649,122.207,can0  204  [16]  6E 23 CE 44 B6 29 E5 4E 28 23 30 75 30 75 00 00
2026-03-15T15:29:18.900285,122.335,can0  133  [00]
2026-03-15T15:29:18.900904,122.335,can0  204  [16]  6E 23 D5 44 E1 29 40 4F 28 23 30 75 30 75 00 00
2026-03-15T15:29:18.901211,122.336,can0  041  [04]  B5 00 0D 00
2026-03-15T15:29:18.967853,122.402,can0  060  [32]  00 00 00 00 00 00 00 00 00 00 00 00 00 00 00 00 00 00 00 00 00 00 00 00 00 00 00 00 00 00 00 00
2026-03-15T15:29:18.968942,122.403,can0  040  [04]  0C 00 18 00
2026-03-15T15:29:18.969036,122.403,can0  204  [16]  6E 23 D5 44 E1 29 40 4F 28 23 30 75 30 75 00 00
2026-03-15T15:29:18.969909,122.404,can0  100  [03]  53 4E 04
2026-03-15T15:29:18.970744,122.405,can0  120  [04]  00 00 00 00
2026-03-15T15:29:18.970952,122.405,can0  060  [32]  00 00 00 00 F4 2A 4D 08 5E 06 B8 10 00 00 10 0E FF 01 00 00 00 00 00 00 01 00 00 00 00 00 00 00
2026-03-15T15:29:18.972083,122.407,can0  040  [04]  0C 00 18 00
2026-03-15T15:29:18.972396,122.407,can0  204  [16]  6E 23 D1 44 B6 29 FB 4D 28 23 30 75 30 75 00 00
2026-03-15T15:29:19.103128,122.538,can0  204  [16]  6E 23 D1 44 B6 29 FB 4D 28 23 30 75 30 75 00 00
2026-03-15T15:29:19.108355,122.543,can0  204  [16]  6E 23 CF 44 D8 29 E7 4E 28 23 30 75 30 75 00 00
2026-03-15T15:29:19.174177,122.609,can0  041  [04]  CB 00 0F 00
2026-03-15T15:29:19.174635,122.609,can0  204  [16]  6E 23 C8 44 BD 29 B7 4E 28 23 30 75 30 75 00 00
2026-03-15T15:29:19.186064,122.620,can0  040  [04]  0B 00 1A 00
2026-03-15T15:29:19.307842,122.742,can0  070  [20]  F4 2A 4D 08 09 B1 62 03 50 46 00 00 1D 16 00 00 1D 00 00 00
2026-03-15T15:29:19.308194,122.743,can0  204  [16]  6E 23 C8 44 BD 29 B7 4E 28 23 30 75 30 75 00 00
2026-03-15T15:29:19.309628,122.744,can0  040  [04]  0B 00 1A 00
2026-03-15T15:29:19.309715,122.744,can0  204  [16]  6E 23 CF 44 F1 29 15 4F 28 23 30 75 30 75 00 00
2026-03-15T15:29:19.378934,122.813,can0  204  [16]  6E 23 CF 44 F1 29 15 4F 28 23 30 75 30 75 00 00
2026-03-15T15:29:19.379080,122.814,can0  070  [20]  F4 2A 4D 08 09 B1 62 03 50 46 00 00 1D 16 00 00 1D 00 00 00
2026-03-15T15:29:19.379466,122.814,can0  204  [16]  6E 23 D1 44 D2 29 A5 4E 28 23 30 75 30 75 00 00
2026-03-15T15:29:19.379718,122.814,can0  041  [04]  D6 00 12 00
2026-03-15T15:29:19.510387,122.945,can0  060  [32]  00 00 00 00 00 00 00 00 00 00 00 00 00 00 00 00 00 00 00 00 00 00 00 00 00 00 00 00 00 00 00 00
2026-03-15T15:29:19.512063,122.946,can0  040  [04]  0A 00 1C 00
2026-03-15T15:29:19.512169,122.947,can0  204  [16]  6E 23 D6 44 D2 29 C0 4E 28 23 30 75 30 75 00 00
2026-03-15T15:29:19.523495,122.958,can0  040  [04]  0A 00 1C 00
2026-03-15T15:29:19.580984,123.015,can0  204  [16]  6E 23 D6 44 D2 29 C0 4E 28 23 30 75 30 75 00 00
2026-03-15T15:29:19.581340,123.016,can0  204  [16]  6E 23 D6 44 D2 29 C0 4E 28 23 30 75 30 75 00 00
2026-03-15T15:29:19.585069,123.020,can0  070  [20]  F4 2A 4D 08 0B B1 62 03 38 4A 00 00 1D 16 00 00 1F 00 00 00
2026-03-15T15:29:19.671467,123.106,can0  070  [20]  F4 2A 4D 08 0B B1 62 03 38 4A 00 00 1D 16 00 00 1F 00 00 00
2026-03-15T15:29:19.671851,123.106,can0  204  [16]  6E 23 CC 44 B8 29 37 4E 28 23 30 75 30 75 00 00
2026-03-15T15:29:19.672138,123.107,can0  041  [04]  E4 00 14 00
2026-03-15T15:29:19.798563,123.233,can0  204  [16]  6E 23 CC 44 B8 29 37 4E 28 23 30 75 30 75 00 00
2026-03-15T15:29:19.799398,123.234,can0  040  [04]  0D 00 1C 00
2026-03-15T15:29:19.799719,123.234,can0  070  [20]  F4 2A 4D 08 0B B1 62 03 38 4A 00 00 1D 16 00 00 1F 00 00 00
2026-03-15T15:29:19.800911,123.235,can0  040  [04]  0D 00 1C 00
2026-03-15T15:29:19.801553,123.236,can0  204  [16]  6E 23 CE 44 DF 29 0B 4E 28 23 30 75 30 75 00 00
2026-03-15T15:29:19.885051,123.319,can0  204  [16]  6E 23 CE 44 DF 29 0B 4E 28 23 30 75 30 75 00 00
2026-03-15T15:29:19.885420,123.320,can0  204  [16]  6E 23 D5 44 E8 29 1F 52 28 23 30 75 30 75 00 00
2026-03-15T15:29:19.973915,123.408,can0  060  [32]  00 00 00 00 F4 2A 4D 08 5F 06 B8 10 00 00 10 0E FF 01 00 00 00 00 00 00 01 00 00 00 00 00 00 00
2026-03-15T15:29:19.974575,123.409,can0  041  [04]  E4 00 15 00
2026-03-15T15:29:19.974899,123.409,can0  204  [16]  6E 23 D6 44 DD 29 CF 50 28 23 30 75 30 75 00 00
2026-03-15T15:29:19.975619,123.410,can0  040  [04]  0B 00 15 00
2026-03-15T15:29:20.072537,123.507,can0  204  [16]  6E 23 D6 44 DD 29 CF 50 28 23 30 75 30 75 00 00
2026-03-15T15:29:20.073248,123.508,can0  040  [04]  0B 00 15 00
2026-03-15T15:29:20.073601,123.508,can0  204  [16]  6E 23 D5 44 EA 29 8C 50 28 23 30 75 30 75 00 00
2026-03-15T15:29:20.172727,123.607,can0  100  [03]  52 4E 04
2026-03-15T15:29:20.173368,123.608,can0  110  [02]  A0 1B
2026-03-15T15:29:20.173853,123.608,can0  120  [04]  00 00 00 00
2026-03-15T15:29:20.174106,123.609,can0  204  [16]  6E 23 D5 44 EA 29 8C 50 28 23 30 75 30 75 00 00
2026-03-15T15:29:20.174351,123.609,can0  204  [16]  6E 23 CD 44 B1 29 00 00 28 23 30 75 30 75 00 00
2026-03-15T15:29:20.174539,123.609,can0  041  [04]  E0 00 15 00
2026-03-15T15:29:20.272418,123.707,can0  070  [20]  F4 2A 4D 08 0B B1 62 03 38 4A 00 00 1D 16 00 00 1F 00 00 00
2026-03-15T15:29:20.273014,123.707,can0  040  [04]  2A 00 13 00
2026-03-15T15:29:20.273293,123.708,can0  204  [16]  6E 23 D3 44 CB 29 00 00 28 23 30 75 30 75 00 00
2026-03-15T15:29:20.273800,123.708,can0  040  [04]  2A 00 13 00
2026-03-15T15:29:20.372128,123.807,can0  204  [16]  6E 23 D3 44 CB 29 00 00 28 23 30 75 30 75 00 00
2026-03-15T15:29:20.372446,123.807,can0  070  [20]  F4 2A 4D 08 0B B1 62 03 38 4A 00 00 1D 16 00 00 1F 00 00 00
2026-03-15T15:29:20.372714,123.807,can0  204  [16]  6E 23 D3 44 AF 29 6D 50 28 23 30 75 30 75 00 00
2026-03-15T15:29:20.477002,123.911,can0  204  [16]  6E 23 D3 44 AF 29 6D 50 28 23 30 75 30 75 00 00
2026-03-15T15:29:20.477218,123.912,can0  060  [32]  00 00 00 00 00 00 00 00 00 00 00 00 00 00 00 00 00 00 00 00 00 00 00 00 00 00 00 00 00 00 00 00
2026-03-15T15:29:20.477436,123.912,can0  041  [04]  E0 00 16 00
2026-03-15T15:29:20.477670,123.912,can0  204  [16]  6E 23 D1 44 D4 29 69 52 28 23 30 75 30 75 00 00
2026-03-15T15:29:20.478259,123.913,can0  040  [04]  32 00 15 00
2026-03-15T15:29:20.572552,124.007,can0  204  [16]  6E 23 D1 44 D4 29 69 52 28 23 30 75 30 75 00 00
2026-03-15T15:29:20.573243,124.008,can0  040  [04]  32 00 15 00
2026-03-15T15:29:20.573540,124.008,can0  070  [20]  F4 2A 4D 08 0B B1 62 03 20 4E 00 00 1D 16 00 00 27 00 00 00
2026-03-15T15:29:20.694332,124.129,can0  204  [16]  6E 23 D2 44 BF 29 26 4F 28 23 30 75 30 75 00 00
2026-03-15T15:29:20.701913,124.136,can0  070  [20]  F4 2A 4D 08 0B B1 62 03 20 4E 00 00 1D 16 00 00 27 00 00 00
2026-03-15T15:29:20.702729,124.137,can0  204  [16]  6E 23 D2 44 D6 29 42 50 28 23 30 75 30 75 00 00
2026-03-15T15:29:20.769080,124.204,can0  070  [20]  F4 2A 4D 08 0B B1 62 03 20 4E 00 00 1D 16 00 00 27 00 00 00
2026-03-15T15:29:20.769385,124.204,can0  041  [04]  E2 00 14 00
2026-03-15T15:29:20.769722,124.204,can0  204  [16]  6E 23 D2 44 D6 29 42 50 28 23 30 75 30 75 00 00
2026-03-15T15:29:20.770527,124.205,can0  040  [04]  2D 00 18 00
2026-03-15T15:29:20.770900,124.205,can0  204  [16]  6E 23 D2 44 B1 29 A4 4F 28 23 30 75 30 75 00 00
2026-03-15T15:29:20.881089,124.316,can0  040  [04]  2D 00 18 00
2026-03-15T15:29:20.881507,124.316,can0  204  [16]  6E 23 D5 44 CB 29 AA 4F 28 23 30 75 30 75 00 00
2026-03-15T15:29:20.975921,124.410,can0  204  [16]  6E 23 D5 44 CB 29 AA 4F 28 23 30 75 30 75 00 00
2026-03-15T15:29:20.976209,124.411,can0  060  [32]  00 00 00 00 00 00 00 00 00 00 00 00 00 00 00 00 00 00 00 00 00 00 00 00 00 00 00 00 00 00 00 00
2026-03-15T15:29:20.976412,124.411,can0  060  [32]  00 00 00 00 F4 2A 4D 08 5F 06 B8 10 00 00 10 0E FF 01 00 00 00 00 00 00 01 00 00 00 00 00 00 00
2026-03-15T15:29:20.977051,124.411,can0  204  [16]  6E 23 CD 44 CB 29 24 4F 28 23 30 75 30 75 00 00
2026-03-15T15:29:20.977305,124.412,can0  041  [04]  EC 00 14 00
2026-03-15T15:29:21.076175,124.511,can0  040  [04]  24 00 1B 00
2026-03-15T15:29:21.076694,124.511,can0  204  [16]  6E 23 CD 44 CB 29 24 4F 28 23 30 75 30 75 00 00
2026-03-15T15:29:21.077352,124.512,can0  040  [04]  24 00 1B 00
2026-03-15T15:29:21.077572,124.512,can0  204  [16]  6E 23 D0 44 CF 29 9B 4A 28 23 30 75 30 75 00 00
2026-03-15T15:29:21.194760,124.629,can0  204  [16]  6E 23 D1 44 E1 29 D0 49 28 23 30 75 30 75 00 00
2026-03-15T15:29:21.282285,124.717,can0  070  [20]  F4 2A 4D 08 0B B1 62 03 20 4E 00 00 1D 16 00 00 27 00 00 00
2026-03-15T15:29:21.282637,124.717,can0  204  [16]  6E 23 D1 44 E1 29 D0 49 28 23 30 75 30 75 00 00
2026-03-15T15:29:21.282935,124.717,can0  041  [04]  E6 00 15 00
2026-03-15T15:29:21.283282,124.718,can0  204  [16]  6E 23 D2 44 AA 29 1C 4A 28 23 30 75 30 75 00 00
2026-03-15T15:29:21.284044,124.718,can0  040  [04]  24 00 1A 00
2026-03-15T15:29:21.374063,124.808,can0  100  [03]  52 4E 04
2026-03-15T15:29:21.374698,124.809,can0  120  [04]  00 00 00 00
2026-03-15T15:29:21.375491,124.810,can0  040  [04]  24 00 1A 00
2026-03-15T15:29:21.375877,124.810,can0  204  [16]  6E 23 D3 44 D6 29 92 4D 28 23 30 75 30 75 00 00
2026-03-15T15:29:21.376164,124.811,can0  070  [20]  F4 2A 4D 08 0B B1 62 03 20 4E 00 00 1D 16 00 00 27 00 00 00
2026-03-15T15:29:21.376484,124.811,can0  204  [16]  6E 23 D3 44 D6 29 92 4D 28 23 30 75 30 75 00 00
2026-03-15T15:29:21.478141,124.913,can0  060  [32]  00 00 00 00 00 00 00 00 00 00 00 00 00 00 00 00 00 00 00 00 00 00 00 00 00 00 00 00 00 00 00 00
2026-03-15T15:29:21.478511,124.913,can0  204  [16]  6E 23 D4 44 BD 29 B8 51 28 23 30 75 30 75 00 00
2026-03-15T15:29:21.613445,125.048,can0  204  [16]  6E 23 D4 44 BD 29 B8 51 28 23 30 75 30 75 00 00
2026-03-15T15:29:21.614652,125.049,can0  041  [04]  E4 00 15 00
2026-03-15T15:29:21.614757,125.049,can0  040  [04]  15 00 1C 00
2026-03-15T15:29:21.614938,125.049,can0  070  [20]  F4 2A 4D 08 0B B1 62 03 08 52 00 00 1D 16 00 00 14 00 00 00
2026-03-15T15:29:21.615413,125.050,can0  204  [16]  6E 23 D3 44 DF 29 67 4F 28 23 30 75 30 75 00 00
2026-03-15T15:29:21.665205,125.100,can0  070  [20]  F4 2A 4D 08 0B B1 62 03 08 52 00 00 1D 16 00 00 14 00 00 00
2026-03-15T15:29:21.665983,125.100,can0  040  [04]  15 00 1C 00
2026-03-15T15:29:21.666286,125.101,can0  204  [16]  6E 23 D2 44 C6 29 21 4D 28 23 30 75 30 75 00 00
2026-03-15T15:29:21.796915,125.231,can0  070  [20]  F4 2A 4D 08 0B B1 62 03 08 52 00 00 1D 16 00 00 14 00 00 00
2026-03-15T15:29:21.798250,125.233,can0  204  [16]  6E 23 D2 44 C6 29 21 4D 28 23 30 75 30 75 00 00
2026-03-15T15:29:21.798347,125.233,can0  110  [02]  9E 1B
2026-03-15T15:29:21.798417,125.233,can0  204  [16]  6E 23 D4 44 DF 29 75 4B 28 23 30 75 30 75 00 00
2026-03-15T15:29:21.798743,125.233,can0  041  [04]  DA 00 15 00
2026-03-15T15:29:21.907564,125.342,can0  040  [04]  10 00 20 00
2026-03-15T15:29:21.907669,125.342,can0  204  [16]  6E 23 D4 44 DF 29 75 4B 28 23 30 75 30 75 00 00
2026-03-15T15:29:21.908317,125.343,can0  040  [04]  10 00 20 00
2026-03-15T15:29:21.908727,125.343,can0  204  [16]  6E 23 D5 44 C6 29 04 49 28 23 30 75 30 75 00 00
2026-03-15T15:29:21.968377,125.403,can0  060  [32]  00 00 00 00 F4 2A 4D 08 5F 06 B8 10 00 00 10 0E FF 01 00 00 00 00 00 00 01 00 00 00 00 00 00 00
2026-03-15T15:29:21.971279,125.406,can0  204  [16]  6E 23 D7 44 CD 29 D4 4E 28 23 30 75 30 75 00 00
2026-03-15T15:29:22.100357,125.535,can0  204  [16]  6E 23 D7 44 CD 29 D4 4E 28 23 30 75 30 75 00 00
2026-03-15T15:29:22.100773,125.535,can0  041  [04]  D9 00 14 00
2026-03-15T15:29:22.101167,125.536,can0  204  [16]  6E 23 D7 44 BB 29 57 4F 28 23 30 75 30 75 00 00
2026-03-15T15:29:22.101982,125.536,can0  040  [04]  09 00 1F 00
2026-03-15T15:29:22.190592,125.625,can0  204  [16]  6E 23 D7 44 BB 29 57 4F 28 23 30 75 30 75 00 00
2026-03-15T15:29:22.191387,125.626,can0  040  [04]  09 00 1F 00
2026-03-15T15:29:22.194101,125.629,can0  204  [16]  6E 23 D5 44 CF 29 F3 51 28 23 30 75 30 75 00 00
2026-03-15T15:29:22.281415,125.716,can0  070  [20]  F4 2A 4D 08 0B B1 62 03 08 52 00 00 1D 16 00 00 14 00 00 00
2026-03-15T15:29:22.281968,125.716,can0  204  [16]  6E 23 D6 44 CF 29 98 50 28 23 30 75 30 75 00 00
2026-03-15T15:29:22.383532,125.818,can0  204  [16]  6E 23 D6 44 CF 29 98 50 28 23 30 75 30 75 00 00
2026-03-15T15:29:22.383635,125.818,can0  070  [20]  F4 2A 4D 08 0B B1 62 03 08 52 00 00 1D 16 00 00 14 00 00 00
2026-03-15T15:29:22.383850,125.818,can0  041  [04]  DE 00 12 00
2026-03-15T15:29:22.384873,125.819,can0  040  [04]  09 00 1C 00
2026-03-15T15:29:22.385268,125.820,can0  204  [16]  6E 23 D4 44 D2 29 1A 4E 28 23 30 75 30 75 00 00
2026-03-15T15:29:22.515844,125.950,can0  040  [04]  09 00 1C 00
2026-03-15T15:29:22.516259,125.951,can0  204  [16]  6E 23 D4 44 D2 29 1A 4E 28 23 30 75 30 75 00 00
2026-03-15T15:29:22.526648,125.961,can0  060  [32]  00 00 00 00 00 00 00 00 00 00 00 00 00 00 00 00 00 00 00 00 00 00 00 00 00 00 00 00 00 00 00 00
2026-03-15T15:29:22.526776,125.961,can0  204  [16]  6E 23 D5 44 BF 29 1A 4F 28 23 30 75 30 75 00 00
2026-03-15T15:29:22.568712,126.003,can0  100  [03]  54 4E 04
2026-03-15T15:29:22.569280,126.004,can0  120  [04]  00 00 00 00
2026-03-15T15:29:22.569609,126.004,can0  204  [16]  6E 23 D5 44 BF 29 1A 4F 28 23 30 75 30 75 00 00
2026-03-15T15:29:22.570013,126.004,can0  041  [04]  DA 00 17 00
2026-03-15T15:29:22.570084,126.005,can0  070  [20]  F3 2A 4D 08 0C B1 62 03 F0 55 00 00 1D 16 00 00 25 00 00 00
2026-03-15T15:29:22.711345,126.146,can0  070  [20]  F3 2A 4D 08 0C B1 62 03 F0 55 00 00 1D 16 00 00 25 00 00 00
2026-03-15T15:29:22.712266,126.147,can0  040  [04]  0B 00 19 00
2026-03-15T15:29:22.712635,126.147,can0  204  [16]  6E 23 D6 44 B8 29 03 50 28 23 30 75 30 75 00 00
2026-03-15T15:29:22.712994,126.147,can0  204  [16]  6E 23 D6 44 CB 29 CA 4F 28 23 30 75 30 75 00 00
2026-03-15T15:29:22.717495,126.152,can0  040  [04]  0B 00 19 00
2026-03-15T15:29:22.768324,126.203,can0  070  [20]  F3 2A 4D 08 0C B1 62 03 F0 55 00 00 1D 16 00 00 25 00 00 00
2026-03-15T15:29:22.768734,126.203,can0  204  [16]  6E 23 D5 44 CB 29 DA 4E 28 23 30 75 30 75 00 00
2026-03-15T15:29:22.877015,126.311,can0  204  [16]  6E 23 D5 44 CB 29 DA 4E 28 23 30 75 30 75 00 00
2026-03-15T15:29:22.877260,126.312,can0  041  [04]  E0 00 18 00
2026-03-15T15:29:22.877501,126.312,can0  204  [16]  6E 23 D3 44 EA 29 A9 4E 28 23 30 75 30 75 00 00
2026-03-15T15:29:22.878133,126.313,can0  040  [04]  16 00 15 00
2026-03-15T15:29:22.972878,126.407,can0  204  [16]  6E 23 D3 44 EA 29 A9 4E 28 23 30 75 30 75 00 00
2026-03-15T15:29:22.973854,126.408,can0  060  [32]  00 00 00 00 00 00 00 00 00 00 00 00 00 00 00 00 00 00 00 00 00 00 00 00 00 00 00 00 00 00 00 00
2026-03-15T15:29:22.973935,126.408,can0  040  [04]  16 00 15 00
2026-03-15T15:29:22.974079,126.409,can0  060  [32]  00 00 00 00 F3 2A 4D 08 61 06 B8 10 00 00 10 0E FF 01 00 00 00 00 00 00 01 00 00 00 00 00 00 00
2026-03-15T15:29:22.976781,126.411,can0  204  [16]  6E 23 D2 44 C4 29 E7 4E 28 23 30 75 30 75 00 00
2026-03-15T15:29:23.072034,126.506,can0  204  [16]  6E 23 D4 44 EF 29 9A 4F 28 23 30 75 30 75 00 00
2026-03-15T15:29:23.177682,126.612,can0  204  [16]  6E 23 D4 44 EF 29 9A 4F 28 23 30 75 30 75 00 00
2026-03-15T15:29:23.178000,126.612,can0  041  [04]  DC 00 18 00
2026-03-15T15:29:23.178668,126.613,can0  040  [04]  26 00 14 00
2026-03-15T15:29:23.179007,126.613,can0  204  [16]  6E 23 D6 44 BB 29 47 50 28 23 30 75 30 75 00 00
2026-03-15T15:29:23.272036,126.706,can0  070  [20]  F3 2A 4D 08 0C B1 62 03 F0 55 00 00 1D 16 00 00 25 00 00 00
2026-03-15T15:29:23.272769,126.707,can0  040  [04]  26 00 14 00
2026-03-15T15:29:23.273112,126.708,can0  204  [16]  6E 23 D6 44 BB 29 47 50 28 23 30 75 30 75 00 00
2026-03-15T15:29:23.273441,126.708,can0  204  [16]  6E 23 D9 44 C1 29 B0 51 28 23 30 75 30 75 00 00
2026-03-15T15:29:23.372989,126.807,can0  110  [02]  A0 1B
2026-03-15T15:29:23.373332,126.808,can0  070  [20]  F3 2A 4D 08 0C B1 62 03 F0 55 00 00 1D 16 00 00 25 00 00 00
2026-03-15T15:29:23.373816,126.808,can0  204  [16]  6E 23 D6 44 A8 29 4F 52 28 23 30 75 30 75 00 00
2026-03-15T15:29:23.374064,126.808,can0  041  [04]  DD 00 1A 00
2026-03-15T15:29:23.472365,126.907,can0  204  [16]  6E 23 D6 44 A8 29 4F 52 28 23 30 75 30 75 00 00
2026-03-15T15:29:23.473044,126.907,can0  040  [04]  36 00 13 00
2026-03-15T15:29:23.473914,126.908,can0  060  [32]  00 00 00 00 00 00 00 00 00 00 00 00 00 00 00 00 00 00 00 00 00 00 00 00 00 00 00 00 00 00 00 00
2026-03-15T15:29:23.474001,126.908,can0  040  [04]  36 00 13 00
2026-03-15T15:29:23.476293,126.911,can0  204  [16]  6E 23 D2 44 C1 29 3A 51 28 23 30 75 30 75 00 00
2026-03-15T15:29:23.572705,127.007,can0  204  [16]  6E 23 D2 44 C1 29 3A 51 28 23 30 75 30 75 00 00
2026-03-15T15:29:23.572886,127.007,can0  070  [20]  F3 2A 4D 08 0C B1 62 03 D8 59 00 00 1D 16 00 00 18 00 00 00
2026-03-15T15:29:23.672080,127.107,can0  204  [16]  6E 23 D1 44 BF 29 62 4F 28 23 30 75 30 75 00 00
2026-03-15T15:29:23.672359,127.107,can0  070  [20]  F3 2A 4D 08 0C B1 62 03 D8 59 00 00 1D 16 00 00 19 00 00 00
2026-03-15T15:29:23.672621,127.107,can0  041  [04]  DA 00 1B 00
2026-03-15T15:29:23.672926,127.107,can0  204  [16]  6E 23 D3 44 D4 29 40 50 28 23 30 75 30 75 00 00
2026-03-15T15:29:23.673663,127.108,can0  040  [04]  30 00 15 00
2026-03-15T15:29:23.771901,127.206,can0  070  [20]  F3 2A 4D 08 0C B1 62 03 D8 59 00 00 1D 16 00 00 19 00 00 00
2026-03-15T15:29:23.772682,127.207,can0  100  [03]  56 4E 04
2026-03-15T15:29:23.773305,127.208,can0  120  [04]  00 00 00 00
2026-03-15T15:29:23.773593,127.208,can0  204  [16]  6E 23 D3 44 D4 29 40 50 28 23 30 75 30 75 00 00
2026-03-15T15:29:23.774112,127.209,can0  040  [04]  30 00 15 00
2026-03-15T15:29:23.774395,127.209,can0  204  [16]  6E 23 D4 44 D4 29 AE 4F 28 23 30 75 30 75 00 00
2026-03-15T15:29:23.872376,127.307,can0  204  [16]  6E 23 D5 44 E4 29 5B 4E 28 23 30 75 30 75 00 00
2026-03-15T15:29:23.972218,127.407,can0  204  [16]  6E 23 D5 44 E4 29 5B 4E 28 23 30 75 30 75 00 00
2026-03-15T15:29:23.972986,127.407,can0  041  [04]  D8 00 1A 00
2026-03-15T15:29:23.973042,127.407,can0  040  [04]  21 00 16 00
2026-03-15T15:29:23.973367,127.408,can0  204  [16]  6E 23 D3 44 CF 29 EE 4D 28 23 30 75 30 75 00 00
2026-03-15T15:29:23.973604,127.408,can0  060  [32]  00 00 00 00 F3 2A 4D 08 61 06 B8 10 00 00 10 0E FF 01 00 00 00 00 00 00 01 00 00 00 00 00 00 00
2026-03-15T15:29:24.072485,127.507,can0  040  [04]  21 00 16 00
2026-03-15T15:29:24.072869,127.507,can0  204  [16]  6E 23 D3 44 CF 29 EE 4D 28 23 30 75 30 75 00 00
2026-03-15T15:29:24.073120,127.508,can0  204  [16]  6E 23 D3 44 D4 29 48 4E 28 23 30 75 30 75 00 00
2026-03-15T15:29:24.172604,127.607,can0  204  [16]  6E 23 D1 44 CB 29 12 4F 28 23 30 75 30 75 00 00
2026-03-15T15:29:24.172919,127.607,can0  041  [04]  D4 00 18 00
2026-03-15T15:29:24.272409,127.707,can0  204  [16]  6E 23 D1 44 CB 29 12 4F 28 23 30 75 30 75 00 00
2026-03-15T15:29:24.272664,127.707,can0  070  [20]  F3 2A 4D 08 0C B1 62 03 D8 59 00 00 1D 16 00 00 19 00 00 00
2026-03-15T15:29:24.273176,127.708,can0  040  [04]  17 00 16 00
2026-03-15T15:29:24.273524,127.708,can0  204  [16]  6E 23 D3 44 E6 29 00 00 28 23 30 75 30 75 00 00
2026-03-15T15:29:24.276613,127.711,can0  040  [04]  17 00 16 00
2026-03-15T15:29:24.372807,127.807,can0  070  [20]  F3 2A 4D 08 0C B1 62 03 D8 59 00 00 1D 16 00 00 19 00 00 00
2026-03-15T15:29:24.372919,127.807,can0  204  [16]  6E 23 D3 44 E6 29 00 00 28 23 30 75 30 75 00 00
2026-03-15T15:29:24.373029,127.807,can0  204  [16]  6E 23 D5 44 D4 29 00 00 28 23 30 75 30 75 00 00
2026-03-15T15:29:24.472574,127.907,can0  204  [16]  6E 23 D9 44 DB 29 CC 4D 28 23 30 75 30 75 00 00
2026-03-15T15:29:24.472758,127.907,can0  041  [04]  E4 00 11 00
2026-03-15T15:29:24.472961,127.907,can0  060  [32]  00 00 00 00 00 00 00 00 00 00 00 00 00 00 00 00 00 00 00 00 00 00 00 00 00 00 00 00 00 00 00 00
2026-03-15T15:29:24.475542,127.910,can0  040  [04]  14 00 17 00
2026-03-15T15:29:24.571896,128.006,can0  204  [16]  6E 23 D9 44 DB 29 CC 4D 28 23 30 75 30 75 00 00
2026-03-15T15:29:24.572428,128.007,can0  040  [04]  14 00 17 00
2026-03-15T15:29:24.572734,128.007,can0  204  [16]  6E 23 D9 44 DB 29 CC 4D 28 23 30 75 30 75 00 00
2026-03-15T15:29:24.672729,128.107,can0  070  [20]  F3 2A 4D 08 0C B1 62 03 C0 5D 00 00 1D 16 00 00 2C 00 00 00
2026-03-15T15:29:24.672986,128.107,can0  070  [20]  F3 2A 4D 08 0C B1 62 03 C0 5D 00 00 1D 16 00 00 2D 00 00 00
2026-03-15T15:29:24.673330,128.108,can0  204  [16]  6E 23 D8 44 BF 29 DA 4D 28 23 30 75 30 75 00 00
2026-03-15T15:29:24.673649,128.108,can0  204  [16]  6E 23 D7 44 CF 29 FA 4E 28 23 30 75 30 75 00 00
2026-03-15T15:29:24.771892,128.206,can0  070  [20]  F3 2A 4D 08 0C B1 62 03 C0 5D 00 00 1D 16 00 00 2D 00 00 00
2026-03-15T15:29:24.772116,128.207,can0  041  [04]  E4 00 0D 00
2026-03-15T15:29:24.772644,128.207,can0  040  [04]  0A 00 18 00
2026-03-15T15:29:24.772910,128.207,can0  204  [16]  6E 23 D6 44 B1 29 D6 4D 28 23 30 75 30 75 00 00
2026-03-15T15:29:24.773304,128.208,can0  040  [04]  0A 00 18 00
2026-03-15T15:29:24.887726,128.322,can0  204  [16]  6E 23 D6 44 B1 29 D6 4D 28 23 30 75 30 75 00 00
2026-03-15T15:29:24.888182,128.323,can0  204  [16]  6E 23 D4 44 C1 29 DA 4E 28 23 30 75 30 75 00 00
2026-03-15T15:29:24.991462,128.426,can0  100  [03]  58 4E 04
2026-03-15T15:29:24.992042,128.426,can0  110  [02]  9F 1B
2026-03-15T15:29:24.992602,128.427,can0  120  [04]  00 00 00 00
2026-03-15T15:29:24.992883,128.427,can0  204  [16]  6E 23 D5 44 CB 29 78 50 28 23 30 75 30 75 00 00
2026-03-15T15:29:24.993099,128.428,can0  060  [32]  00 00 00 00 00 00 00 00 00 00 00 00 00 00 00 00 00 00 00 00 00 00 00 00 00 00 00 00 00 00 00 00
2026-03-15T15:29:24.993299,128.428,can0  041  [04]  F3 00 10 00
2026-03-15T15:29:24.993509,128.428,can0  204  [16]  6E 23 D5 44 CB 29 78 50 28 23 30 75 30 75 00 00
2026-03-15T15:29:24.993679,128.428,can0  060  [32]  00 00 00 00 F3 2A 4D 08 61 06 B8 10 00 00 10 0E FF 01 00 00 00 00 00 00 01 00 00 00 00 00 00 00
2026-03-15T15:29:25.081798,128.516,can0  040  [04]  07 00 18 00
2026-03-15T15:29:25.082143,128.517,can0  204  [16]  6E 23 C7 44 CD 29 5B 51 28 23 30 75 30 75 00 00
2026-03-15T15:29:25.082535,128.517,can0  040  [04]  07 00 18 00
2026-03-15T15:29:25.173078,128.608,can0  204  [16]  6E 23 C7 44 CD 29 5B 51 28 23 30 75 30 75 00 00
2026-03-15T15:29:25.173375,128.608,can0  204  [16]  6E 23 D2 44 00 2A 26 52 28 23 30 75 30 75 00 00
2026-03-15T15:29:25.272449,128.707,can0  070  [20]  F3 2A 4D 08 0C B1 62 03 C0 5D 00 00 1D 16 00 00 2D 00 00 00
2026-03-15T15:29:25.272712,128.707,can0  204  [16]  6E 23 DF 44 12 2A E5 4C 28 23 30 75 30 75 00 00
2026-03-15T15:29:25.272903,128.707,can0  041  [04]  F8 00 11 00
2026-03-15T15:29:25.273422,128.708,can0  040  [04]  09 00 14 00
2026-03-15T15:29:25.273670,128.708,can0  204  [16]  6E 23 DF 44 12 2A E5 4C 28 23 30 75 30 75 00 00
2026-03-15T15:29:25.273875,128.708,can0  070  [20]  F3 2A 4D 08 0C B1 62 03 C0 5D 00 00 1D 16 00 00 2D 00 00 00
2026-03-15T15:29:25.371991,128.806,can0  040  [04]  09 00 14 00
2026-03-15T15:29:25.372501,128.807,can0  204  [16]  6E 23 CB 44 7C 29 22 4C 28 23 30 75 30 75 00 00
2026-03-15T15:29:25.471978,128.906,can0  204  [16]  6E 23 CB 44 7C 29 22 4C 28 23 30 75 30 75 00 00
2026-03-15T15:29:25.472256,128.907,can0  204  [16]  6E 23 D9 44 AC 29 3D 4F 28 23 30 75 30 75 00 00
2026-03-15T15:29:25.472466,128.907,can0  060  [32]  00 00 00 00 00 00 00 00 00 00 00 00 00 00 00 00 00 00 00 00 00 00 00 00 00 00 00 00 00 00 00 00
2026-03-15T15:29:25.572748,129.007,can0  041  [04]  00 01 10 00
2026-03-15T15:29:25.573078,129.008,can0  204  [16]  6E 23 D9 44 AC 29 3D 4F 28 23 30 75 30 75 00 00
2026-03-15T15:29:25.573595,129.008,can0  040  [04]  16 00 12 00
2026-03-15T15:29:25.573866,129.008,can0  070  [20]  F1 2A 4D 08 0B B1 62 03 A8 61 00 00 1D 16 00 00 51 00 00 00
2026-03-15T15:29:25.672369,129.107,can0  040  [04]  16 00 12 00
2026-03-15T15:29:25.672605,129.107,can0  204  [16]  6E 23 E8 44 CD 29 BE 4E 28 23 30 75 30 75 00 00
2026-03-15T15:29:25.672800,129.107,can0  070  [20]  F1 2A 4D 08 0B B1 62 03 A8 61 00 00 1D 16 00 00 52 00 00 00
2026-03-15T15:29:25.673022,129.107,can0  204  [16]  6E 23 D0 44 E6 29 A0 4D 28 23 30 75 30 75 00 00
2026-03-15T15:29:25.782590,129.217,can0  070  [20]  F1 2A 4D 08 0B B1 62 03 A8 61 00 00 1D 16 00 00 52 00 00 00
2026-03-15T15:29:25.790008,129.224,can0  204  [16]  6E 23 D0 44 E6 29 A0 4D 28 23 30 75 30 75 00 00
2026-03-15T15:29:25.790614,129.225,can0  041  [04]  06 01 13 00
2026-03-15T15:29:25.790988,129.225,can0  204  [16]  6E 23 D7 44 F1 29 96 4D 28 23 30 75 30 75 00 00
2026-03-15T15:29:25.894655,129.329,can0  040  [04]  24 00 12 00
2026-03-15T15:29:25.895083,129.330,can0  204  [16]  6E 23 DB 44 0D 2A 13 49 28 23 30 75 30 75 00 00
2026-03-15T15:29:25.895730,129.330,can0  040  [04]  24 00 12 00
2026-03-15T15:29:25.988071,129.423,can0  204  [16]  6E 23 DB 44 0D 2A 13 49 28 23 30 75 30 75 00 00
2026-03-15T15:29:25.988512,129.423,can0  204  [16]  6E 23 D6 44 9C 29 A3 49 28 23 30 75 30 75 00 00
2026-03-15T15:29:25.991415,129.426,can0  060  [32]  00 00 00 00 F1 2A 4D 08 5F 06 B8 10 00 00 10 0E FF 01 00 00 00 00 00 00 01 00 00 00 00 00 00 00
2026-03-15T15:29:26.076859,129.511,can0  204  [16]  6E 23 D6 44 9C 29 A3 49 28 23 30 75 30 75 00 00
2026-03-15T15:29:26.076984,129.511,can0  041  [04]  06 01 13 00
2026-03-15T15:29:26.077317,129.512,can0  040  [04]  40 00 13 00
2026-03-15T15:29:26.077686,129.512,can0  204  [16]  6E 23 D4 44 CF 29 05 4D 28 23 30 75 30 75 00 00
2026-03-15T15:29:26.173256,129.608,can0  100  [03]  5B 4E 04
2026-03-15T15:29:26.173809,129.608,can0  120  [04]  00 00 00 00
2026-03-15T15:29:26.174359,129.609,can0  040  [04]  40 00 13 00
2026-03-15T15:29:26.174651,129.609,can0  204  [16]  6E 23 B8 44 A1 29 03 4D 28 23 30 75 30 75 00 00
2026-03-15T15:29:26.271948,129.706,can0  204  [16]  6E 23 B8 44 A1 29 03 4D 28 23 30 75 30 75 00 00
2026-03-15T15:29:26.272318,129.707,can0  070  [20]  F1 2A 4D 08 0B B1 62 03 A8 61 00 00 1D 16 00 00 52 00 00 00
2026-03-15T15:29:26.274937,129.709,can0  204  [16]  6E 23 C8 44 EA 29 AF 4D 28 23 30 75 30 75 00 00
2026-03-15T15:29:26.372790,129.807,can0  041  [04]  06 01 12 00
2026-03-15T15:29:26.373294,129.808,can0  204  [16]  6E 23 C8 44 EA 29 AF 4D 28 23 30 75 30 75 00 00
2026-03-15T15:29:26.374015,129.808,can0  040  [04]  40 00 12 00
2026-03-15T15:29:26.374244,129.809,can0  070  [20]  F1 2A 4D 08 0B B1 62 03 A8 61 00 00 1D 16 00 00 52 00 00 00
2026-03-15T15:29:26.374576,129.809,can0  204  [16]  6E 23 DE 44 ED 29 B7 4D 28 23 30 75 30 75 00 00
2026-03-15T15:29:26.482974,129.917,can0  040  [04]  40 00 12 00
2026-03-15T15:29:26.483305,129.918,can0  204  [16]  6E 23 D4 44 BB 29 D2 4D 28 23 30 75 30 75 00 00
2026-03-15T15:29:26.483675,129.918,can0  132  [00]
2026-03-15T15:29:26.483745,129.918,can0  060  [32]  00 00 00 00 00 00 00 00 00 00 00 00 00 00 00 00 00 00 00 00 00 00 00 00 00 00 00 00 00 00 00 00
2026-03-15T15:29:26.574870,130.009,can0  204  [16]  6E 23 D4 44 BB 29 D2 4D 28 23 30 75 30 75 00 00
2026-03-15T15:29:26.575614,130.010,can0  110  [02]  A0 1B
2026-03-15T15:29:26.575890,130.010,can0  204  [16]  6E 23 D4 44 BB 29 D2 4D 28 23 30 75 30 75 00 00
2026-03-15T15:29:26.576115,130.011,can0  041  [04]  FE 00 13 00
2026-03-15T15:29:26.578987,130.013,can0  070  [20]  F1 2A 4D 08 0B B1 62 03 90 65 00 00 1D 16 00 00 5E 00 00 00
2026-03-15T15:29:26.686819,130.121,can0  070  [20]  F1 2A 4D 08 0B B1 62 03 90 65 00 00 1D 16 00 00 5F 00 00 00
2026-03-15T15:29:26.687448,130.122,can0  040  [04]  33 00 10 00
2026-03-15T15:29:26.687821,130.122,can0  204  [16]  6E 23 DB 44 CB 29 70 4A 28 23 30 75 30 75 00 00
2026-03-15T15:29:26.688286,130.123,can0  040  [04]  33 00 10 00
2026-03-15T15:29:26.688571,130.123,can0  070  [20]  F1 2A 4D 08 0B B1 62 03 90 65 00 00 1D 16 00 00 5F 00 00 00
2026-03-15T15:29:26.774917,130.209,can0  204  [16]  6E 23 DB 44 CB 29 70 4A 28 23 30 75 30 75 00 00
2026-03-15T15:29:26.775413,130.210,can0  204  [16]  6E 23 D3 44 A3 29 21 49 28 23 30 75 30 75 00 00
2026-03-15T15:29:26.892779,130.327,can0  204  [16]  6E 23 D3 44 A3 29 21 49 28 23 30 75 30 75 00 00
2026-03-15T15:29:26.893091,130.328,can0  041  [04]  FF 00 16 00
2026-03-15T15:29:26.893444,130.328,can0  204  [16]  6E 23 CD 44 DF 29 3D 4E 28 23 30 75 30 75 00 00
2026-03-15T15:29:26.899820,130.334,can0  040  [04]  20 00 10 00
2026-03-15T15:29:27.028631,130.463,can0  040  [04]  20 00 10 00
2026-03-15T15:29:27.029364,130.464,can0  204  [16]  6E 23 CE 44 C4 29 A0 4D 28 23 30 75 30 75 00 00
2026-03-15T15:29:27.029449,130.464,can0  060  [32]  00 00 00 00 00 00 00 00 00 00 00 00 00 00 00 00 00 00 00 00 00 00 00 00 00 00 00 00 00 00 00 00
2026-03-15T15:29:27.092276,130.527,can0  204  [16]  6E 23 CE 44 C4 29 A0 4D 28 23 30 75 30 75 00 00
2026-03-15T15:29:27.092769,130.527,can0  060  [32]  00 00 00 00 F1 2A 4D 08 5F 06 B8 10 00 00 10 0E FF 01 00 00 00 00 00 00 01 00 00 00 00 00 00 00
2026-03-15T15:29:27.093334,130.528,can0  204  [16]  6E 23 D8 44 ED 29 09 4B 28 23 30 75 30 75 00 00
2026-03-15T15:29:27.203519,130.638,can0  041  [04]  06 01 1B 00
2026-03-15T15:29:27.203890,130.638,can0  204  [16]  6E 23 D8 44 ED 29 09 4B 28 23 30 75 30 75 00 00
2026-03-15T15:29:27.204707,130.639,can0  040  [04]  13 00 12 00
2026-03-15T15:29:27.205096,130.640,can0  204  [16]  6E 23 DE 44 BF 29 A0 4A 28 23 30 75 30 75 00 00
2026-03-15T15:29:27.205409,130.640,can0  070  [20]  F1 2A 4D 08 0B B1 62 03 90 65 00 00 1D 16 00 00 5F 00 00 00
2026-03-15T15:29:27.216673,130.651,can0  040  [04]  13 00 12 00
2026-03-15T15:29:27.300255,130.735,can0  204  [16]  6E 23 D5 44 AC 29 DC 4A 28 23 30 75 30 75 00 00
2026-03-15T15:29:27.300641,130.735,can0  070  [20]  F1 2A 4D 08 0B B1 62 03 90 65 00 00 1D 16 00 00 5F 00 00 00
2026-03-15T15:29:27.388015,130.822,can0  204  [16]  6E 23 D5 44 AC 29 DC 4A 28 23 30 75 30 75 00 00
2026-03-15T15:29:27.389637,130.824,can0  100  [03]  61 4E 04
2026-03-15T15:29:27.389746,130.824,can0  120  [04]  00 00 00 00
2026-03-15T15:29:27.390016,130.824,can0  204  [16]  6E 23 D7 44 B1 29 3B 4C 28 23 30 75 30 75 00 00
2026-03-15T15:29:27.400212,130.835,can0  041  [04]  0B 01 1C 00
2026-03-15T15:29:27.515679,130.950,can0  040  [04]  21 00 0F 00
2026-03-15T15:29:27.516042,130.950,can0  204  [16]  6E 23 D7 44 B1 29 3B 4C 28 23 30 75 30 75 00 00
2026-03-15T15:29:27.516675,130.951,can0  040  [04]  21 00 0F 00
2026-03-15T15:29:27.517035,130.951,can0  204  [16]  6E 23 D0 44 CD 29 0D 4E 28 23 30 75 30 75 00 00
2026-03-15T15:29:27.628705,131.063,can0  060  [32]  00 00 00 00 00 00 00 00 00 00 00 00 00 00 00 00 00 00 00 00 00 00 00 00 00 00 00 00 00 00 00 00
2026-03-15T15:29:27.629061,131.063,can0  204  [16]  6E 23 D0 44 CD 29 0D 4E 28 23 30 75 30 75 00 00
2026-03-15T15:29:27.629337,131.064,can0  070  [20]  F1 2A 4D 08 0B B1 62 03 78 69 00 00 1D 16 00 00 14 00 00 00
2026-03-15T15:29:27.676474,131.111,can0  204  [16]  6E 23 CE 44 14 2A 38 4D 28 23 30 75 30 75 00 00
2026-03-15T15:29:27.676771,131.111,can0  070  [20]  F1 2A 4D 08 0B B1 62 03 78 69 00 00 1D 16 00 00 14 00 00 00
2026-03-15T15:29:27.677092,131.112,can0  041  [04]  0E 01 1A 00
2026-03-15T15:29:27.677682,131.112,can0  040  [04]  33 00 0F 00
2026-03-15T15:29:27.678043,131.112,can0  204  [16]  6E 23 C6 44 18 2A 42 4D 28 23 30 75 30 75 00 00
2026-03-15T15:29:27.772338,131.207,can0  070  [20]  F1 2A 4D 08 0B B1 62 03 78 69 00 00 1D 16 00 00 14 00 00 00
2026-03-15T15:29:27.773025,131.207,can0  040  [04]  33 00 0F 00
2026-03-15T15:29:27.773395,131.208,can0  204  [16]  6E 23 D9 44 E1 29 6C 4D 28 23 30 75 30 75 00 00
2026-03-15T15:29:27.773711,131.208,can0  204  [16]  6E 23 D9 44 E1 29 6C 4D 28 23 30 75 30 75 00 00
2026-03-15T15:29:27.872821,131.307,can0  204  [16]  6E 23 EE 44 BF 29 3C 4E 28 23 30 75 30 75 00 00
2026-03-15T15:29:28.022529,131.457,can0  041  [04]  0B 01 19 00
2026-03-15T15:29:28.022764,131.457,can0  204  [16]  6E 23 EE 44 BF 29 3C 4E 28 23 30 75 30 75 00 00
2026-03-15T15:29:28.023404,131.458,can0  040  [04]  36 00 10 00
2026-03-15T15:29:28.023686,131.458,can0  204  [16]  6E 23 E5 44 73 29 CD 49 28 23 30 75 30 75 00 00
2026-03-15T15:29:28.024097,131.459,can0  040  [04]  36 00 10 00
2026-03-15T15:29:28.072656,131.507,can0  060  [32]  00 00 00 00 F1 2A 4D 08 5F 06 B8 10 00 00 10 0E FF 01 00 00 00 00 00 00 01 00 00 00 00 00 00 00
2026-03-15T15:29:28.073411,131.508,can0  204  [16]  6E 23 CF 44 7F 29 96 49 28 23 30 75 30 75 00 00
2026-03-15T15:29:28.073725,131.508,can0  204  [16]  6E 23 CF 44 7F 29 96 49 28 23 30 75 30 75 00 00
2026-03-15T15:29:28.222657,131.657,can0  110  [02]  9E 1B
2026-03-15T15:29:28.223087,131.658,can0  204  [16]  6E 23 D5 44 BB 29 D9 48 28 23 30 75 30 75 00 00
2026-03-15T15:29:28.223300,131.658,can0  041  [04]  0A 01 16 00
2026-03-15T15:29:28.322164,131.757,can0  070  [20]  F1 2A 4D 08 0B B1 62 03 78 69 00 00 1D 16 00 00 14 00 00 00
2026-03-15T15:29:28.322826,131.757,can0  040  [04]  54 00 11 00
2026-03-15T15:29:28.323164,131.758,can0  204  [16]  6E 23 D5 44 BB 29 D9 48 28 23 30 75 30 75 00 00
2026-03-15T15:29:28.323617,131.758,can0  040  [04]  54 00 11 00
2026-03-15T15:29:28.323941,131.758,can0  204  [16]  6E 23 D6 44 F5 29 19 49 28 23 30 75 30 75 00 00
2026-03-15T15:29:28.422405,131.857,can0  070  [20]  F1 2A 4D 08 0B B1 62 03 78 69 00 00 1D 16 00 00 14 00 00 00
2026-03-15T15:29:28.422778,131.857,can0  204  [16]  6E 23 C9 44 16 2A 5B 49 28 23 30 75 30 75 00 00
2026-03-15T15:29:28.425469,131.860,can0  204  [16]  6E 23 C9 44 16 2A 5B 49 28 23 30 75 30 75 00 00
2026-03-15T15:29:28.522371,131.957,can0  041  [04]  06 01 15 00
2026-03-15T15:29:28.522651,131.957,can0  204  [16]  6E 23 CE 44 E1 29 3C 4E 28 23 30 75 30 75 00 00
2026-03-15T15:29:28.523191,131.958,can0  040  [04]  58 00 13 00
2026-03-15T15:29:28.623148,132.058,can0  100  [03]  65 4E 04
2026-03-15T15:29:28.623743,132.058,can0  120  [04]  00 00 00 00
2026-03-15T15:29:28.623989,132.058,can0  204  [16]  6E 23 CE 44 E1 29 3C 4E 28 23 30 75 30 75 00 00
2026-03-15T15:29:28.624186,132.059,can0  060  [32]  00 00 00 00 00 00 00 00 00 00 00 00 00 00 00 00 00 00 00 00 00 00 00 00 00 00 00 00 00 00 00 00
2026-03-15T15:29:28.624741,132.059,can0  040  [04]  58 00 13 00
2026-03-15T15:29:28.627328,132.062,can0  070  [20]  F1 2A 4D 08 09 B1 62 03 60 6D 00 00 1D 16 00 00 66 00 00 00
2026-03-15T15:29:28.627407,132.062,can0  204  [16]  6E 23 E0 44 C8 29 CB 4E 28 23 30 75 30 75 00 00
2026-03-15T15:29:28.729421,132.164,can0  070  [20]  F1 2A 4D 08 09 B1 62 03 60 6D 00 00 1D 16 00 00 65 00 00 00
2026-03-15T15:29:28.730021,132.164,can0  204  [16]  6E 23 E2 44 7A 29 31 4E 28 23 30 75 30 75 00 00
2026-03-15T15:29:28.730101,132.165,can0  070  [20]  F1 2A 4D 08 09 B1 62 03 60 6D 00 00 1D 16 00 00 65 00 00 00
2026-03-15T15:29:28.775927,132.210,can0  041  [04]  FD 00 12 00
2026-03-15T15:29:28.776337,132.211,can0  204  [16]  6E 23 E2 44 7A 29 31 4E 28 23 30 75 30 75 00 00
2026-03-15T15:29:28.776889,132.211,can0  040  [04]  55 00 15 00
2026-03-15T15:29:28.777074,132.211,can0  133  [00]
2026-03-15T15:29:28.779565,132.214,can0  204  [16]  6E 23 DE 44 AA 29 17 4E 28 23 30 75 30 75 00 00
2026-03-15T15:29:28.923127,132.358,can0  040  [04]  55 00 15 00
2026-03-15T15:29:28.923557,132.358,can0  204  [16]  6E 23 D4 44 CD 29 FA 4E 28 23 30 75 30 75 00 00
2026-03-15T15:29:28.923791,132.358,can0  204  [16]  6E 23 D4 44 CD 29 FA 4E 28 23 30 75 30 75 00 00
2026-03-15T15:29:29.022860,132.457,can0  204  [16]  6E 23 D5 44 ED 29 00 00 28 23 30 75 30 75 00 00
2026-03-15T15:29:29.023310,132.458,can0  041  [04]  00 01 12 00
2026-03-15T15:29:29.023904,132.458,can0  040  [04]  4C 00 13 00
2026-03-15T15:29:29.122634,132.557,can0  204  [16]  6E 23 D5 44 ED 29 00 00 28 23 30 75 30 75 00 00
2026-03-15T15:29:29.123204,132.558,can0  060  [32]  00 00 00 00 00 00 00 00 00 00 00 00 00 00 00 00 00 00 00 00 00 00 00 00 00 00 00 00 00 00 00 00
2026-03-15T15:29:29.123586,132.558,can0  060  [32]  00 00 00 00 F1 2A 4D 08 5E 06 B8 10 00 00 10 0E FF 01 00 00 00 00 00 00 01 00 00 00 00 00 00 00
2026-03-15T15:29:29.124243,132.559,can0  040  [04]  4C 00 13 00
2026-03-15T15:29:29.127912,132.562,can0  204  [16]  6E 23 CF 44 F5 29 A8 49 28 23 30 75 30 75 00 00
2026-03-15T15:29:29.222010,132.656,can0  204  [16]  6E 23 D0 44 BF 29 2C 4C 28 23 30 75 30 75 00 00
2026-03-15T15:29:29.222653,132.657,can0  070  [20]  F1 2A 4D 08 09 B1 62 03 60 6D 00 00 1D 16 00 00 65 00 00 00
2026-03-15T15:29:29.222777,132.657,can0  204  [16]  6E 23 D0 44 BF 29 2C 4C 28 23 30 75 30 75 00 00
2026-03-15T15:29:29.327769,132.762,can0  041  [04]  01 01 12 00
2026-03-15T15:29:29.328133,132.763,can0  204  [16]  6E 23 D3 44 AA 29 01 4A 28 23 30 75 30 75 00 00
2026-03-15T15:29:29.332787,132.767,can0  040  [04]  4D 00 12 00
2026-03-15T15:29:29.389970,132.824,can0  070  [20]  F1 2A 4D 08 09 B1 62 03 60 6D 00 00 1D 16 00 00 65 00 00 00
2026-03-15T15:29:29.390210,132.825,can0  204  [16]  6E 23 D3 44 AA 29 01 4A 28 23 30 75 30 75 00 00
2026-03-15T15:29:29.390751,132.825,can0  040  [04]  4D 00 12 00
2026-03-15T15:29:29.391012,132.825,can0  204  [16]  6E 23 DB 44 AC 29 A1 49 28 23 30 75 30 75 00 00
2026-03-15T15:29:29.498337,132.933,can0  204  [16]  6E 23 DB 44 E4 29 D2 4A 28 23 30 75 30 75 00 00
2026-03-15T15:29:29.498466,132.933,can0  204  [16]  6E 23 DB 44 E4 29 D2 4A 28 23 30 75 30 75 00 00
2026-03-15T15:29:29.618659,133.053,can0  041  [04]  08 01 11 00
2026-03-15T15:29:29.618939,133.053,can0  060  [32]  00 00 00 00 00 00 00 00 00 00 00 00 00 00 00 00 00 00 00 00 00 00 00 00 00 00 00 00 00 00 00 00
2026-03-15T15:29:29.620008,133.054,can0  040  [04]  2F 00 11 00
2026-03-15T15:29:29.620109,133.055,can0  204  [16]  6E 23 DB 44 E4 29 D2 4A 28 23 30 75 30 75 00 00
2026-03-15T15:29:29.620293,133.055,can0  070  [20]  F1 2A 4D 08 09 B1 62 03 48 71 00 00 1D 16 00 00 23 00 00 00
2026-03-15T15:29:29.626715,133.061,can0  040  [04]  2F 00 11 00
2026-03-15T15:29:29.722412,133.157,can0  070  [20]  F1 2A 4D 08 09 B1 62 03 48 71 00 00 1D 16 00 00 24 00 00 00
2026-03-15T15:29:29.722798,133.157,can0  204  [16]  6E 23 CF 44 F5 29 B3 48 28 23 30 75 30 75 00 00
2026-03-15T15:29:29.723206,133.158,can0  204  [16]  6E 23 CF 44 F5 29 B3 48 28 23 30 75 30 75 00 00
2026-03-15T15:29:29.822997,133.257,can0  100  [03]  67 4E 04
2026-03-15T15:29:29.823943,133.258,can0  110  [02]  9E 1B
2026-03-15T15:29:29.824850,133.259,can0  120  [04]  00 00 00 00
2026-03-15T15:29:29.825151,133.260,can0  070  [20]  F1 2A 4D 08 09 B1 62 03 48 71 00 00 1D 16 00 00 24 00 00 00
2026-03-15T15:29:29.825532,133.260,can0  204  [16]  6E 23 D3 44 D8 29 91 48 28 23 30 75 30 75 00 00
2026-03-15T15:29:29.825919,133.260,can0  041  [04]  0B 01 0D 00
2026-03-15T15:29:29.922730,133.357,can0  040  [04]  14 00 15 00
2026-03-15T15:29:29.923150,133.358,can0  204  [16]  6E 23 D3 44 D8 29 91 48 28 23 30 75 30 75 00 00
2026-03-15T15:29:29.923812,133.358,can0  040  [04]  14 00 15 00
2026-03-15T15:29:29.924284,133.359,can0  204  [16]  6E 23 D1 44 A8 29 F2 47 28 23 30 75 30 75 00 00
2026-03-15T15:29:30.022218,133.457,can0  204  [16]  6E 23 D9 44 DD 29 35 47 28 23 30 75 30 75 00 00
2026-03-15T15:29:30.022602,133.457,can0  204  [16]  6E 23 D9 44 DD 29 35 47 28 23 30 75 30 75 00 00
2026-03-15T15:29:30.122780,133.557,can0  041  [04]  17 01 0A 00
2026-03-15T15:29:30.123366,133.558,can0  060  [32]  00 00 00 00 F1 2A 4D 08 5E 06 B8 10 00 00 10 0E FF 01 00 00 00 00 00 00 01 00 00 00 00 00 00 00
2026-03-15T15:29:30.124327,133.559,can0  204  [16]  6E 23 D8 44 C8 29 92 4A 28 23 30 75 30 75 00 00
2026-03-15T15:29:30.125027,133.559,can0  040  [04]  0C 00 1C 00
2026-03-15T15:29:30.181863,133.616,can0  204  [16]  6E 23 D8 44 C8 29 92 4A 28 23 30 75 30 75 00 00
2026-03-15T15:29:30.182485,133.617,can0  040  [04]  0C 00 1C 00
2026-03-15T15:29:30.182830,133.617,can0  204  [16]  6E 23 D9 44 03 2A 21 49 28 23 30 75 30 75 00 00
2026-03-15T15:29:30.322899,133.757,can0  070  [20]  F1 2A 4D 08 09 B1 62 03 48 71 00 00 1D 16 00 00 24 00 00 00
2026-03-15T15:29:30.323002,133.757,can0  204  [16]  6E 23 CF 44 E6 29 28 48 28 23 30 75 30 75 00 00
2026-03-15T15:29:30.323213,133.758,can0  204  [16]  6E 23 CF 44 E6 29 28 48 28 23 30 75 30 75 00 00
2026-03-15T15:29:30.432808,133.867,can0  041  [04]  17 01 0C 00
2026-03-15T15:29:30.433083,133.868,can0  070  [20]  F1 2A 4D 08 09 B1 62 03 48 71 00 00 1D 16 00 00 24 00 00 00
2026-03-15T15:29:30.434085,133.869,can0  040  [04]  09 00 1C 00
2026-03-15T15:29:30.434177,133.869,can0  204  [16]  6E 23 D5 44 DD 29 B2 46 28 23 30 75 30 75 00 00
2026-03-15T15:29:30.434637,133.869,can0  040  [04]  09 00 1C 00
2026-03-15T15:29:30.485905,133.920,can0  204  [16]  6E 23 D5 44 DD 29 B2 46 28 23 30 75 30 75 00 00
2026-03-15T15:29:30.486158,133.921,can0  204  [16]  6E 23 DA 44 AF 29 75 48 28 23 30 75 30 75 00 00
2026-03-15T15:29:30.622348,134.057,can0  204  [16]  6E 23 DA 44 AF 29 75 48 28 23 30 75 30 75 00 00
2026-03-15T15:29:30.622558,134.057,can0  060  [32]  00 00 00 00 00 00 00 00 00 00 00 00 00 00 00 00 00 00 00 00 00 00 00 00 00 00 00 00 00 00 00 00
2026-03-15T15:29:30.622765,134.057,can0  041  [04]  10 01 0E 00
2026-03-15T15:29:30.623410,134.058,can0  070  [20]  F1 2A 4D 08 09 B1 62 03 30 75 00 00 1D 16 00 00 36 00 00 00
2026-03-15T15:29:30.623486,134.058,can0  204  [16]  6E 23 D7 44 BD 29 52 48 28 23 30 75 30 75 00 00
2026-03-15T15:29:30.722694,134.157,can0  070  [20]  F1 2A 4D 08 09 B1 62 03 30 75 00 00 1D 16 00 00 36 00 00 00
2026-03-15T15:29:30.723382,134.158,can0  040  [04]  1C 00 15 00
2026-03-15T15:29:30.723921,134.158,can0  040  [04]  1C 00 15 00
2026-03-15T15:29:30.724523,134.159,can0  204  [16]  6E 23 DA 44 AA 29 9C 4B 28 23 30 75 30 75 00 00
2026-03-15T15:29:30.724917,134.159,can0  070  [20]  F1 2A 4D 08 09 B1 62 03 30 75 00 00 1D 16 00 00 36 00 00 00
2026-03-15T15:29:30.782717,134.217,can0  204  [16]  6E 23 DA 44 AA 29 9C 4B 28 23 30 75 30 75 00 00
2026-03-15T15:29:30.790164,134.225,can0  204  [16]  6E 23 D1 44 BF 29 21 4A 28 23 30 75 30 75 00 00
2026-03-15T15:29:30.883679,134.318,can0  041  [04]  10 01 10 00
2026-03-15T15:29:30.884652,134.319,can0  204  [16]  6E 23 D5 44 00 2A 1F 4C 28 23 30 75 30 75 00 00
2026-03-15T15:29:30.884743,134.319,can0  040  [04]  33 00 13 00
2026-03-15T15:29:31.022659,134.457,can0  204  [16]  6E 23 D5 44 00 2A 1F 4C 28 23 30 75 30 75 00 00
2026-03-15T15:29:31.023412,134.458,can0  100  [03]  6A 4E 04
2026-03-15T15:29:31.024153,134.459,can0  040  [04]  33 00 13 00
2026-03-15T15:29:31.025089,134.460,can0  120  [04]  00 00 00 00
2026-03-15T15:29:31.025415,134.460,can0  204  [16]  6E 23 D5 44 FC 29 DA 4B 28 23 30 75 30 75 00 00
2026-03-15T15:29:31.139043,134.573,can0  204  [16]  6E 23 D3 44 C8 29 E9 48 28 23 30 75 30 75 00 00
2026-03-15T15:29:31.139371,134.574,can0  060  [32]  00 00 00 00 00 00 00 00 00 00 00 00 00 00 00 00 00 00 00 00 00 00 00 00 00 00 00 00 00 00 00 00
2026-03-15T15:29:31.139615,134.574,can0  060  [32]  00 00 00 00 F1 2A 4D 08 5E 06 B8 10 00 00 10 0E FF 01 00 00 00 00 00 00 01 00 00 00 00 00 00 00
2026-03-15T15:29:31.140287,134.575,can0  204  [16]  6E 23 D3 44 C8 29 E9 48 28 23 30 75 30 75 00 00
2026-03-15T15:29:31.140642,134.575,can0  041  [04]  10 01 14 00
2026-03-15T15:29:31.209912,134.644,can0  040  [04]  3C 00 17 00
2026-03-15T15:29:31.210353,134.645,can0  204  [16]  6E 23 E0 44 C4 29 9D 49 28 23 30 75 30 75 00 00
2026-03-15T15:29:31.211144,134.646,can0  040  [04]  3C 00 17 00
2026-03-15T15:29:31.211452,134.646,can0  070  [20]  F1 2A 4D 08 09 B1 62 03 30 75 00 00 1D 16 00 00 36 00 00 00
2026-03-15T15:29:31.336578,134.771,can0  204  [16]  6E 23 E0 44 C4 29 9D 49 28 23 30 75 30 75 00 00
2026-03-15T15:29:31.337061,134.771,can0  204  [16]  6E 23 E2 44 8D 29 12 4F 28 23 30 75 30 75 00 00
2026-03-15T15:29:31.387699,134.822,can0  070  [20]  F1 2A 4D 08 09 B1 62 03 30 75 00 00 1D 16 00 00 36 00 00 00
2026-03-15T15:29:31.388425,134.823,can0  110  [02]  9E 1B
2026-03-15T15:29:31.388995,134.823,can0  204  [16]  6E 23 DE 44 C4 29 24 4B 28 23 30 75 30 75 00 00
2026-03-15T15:29:31.389269,134.824,can0  041  [04]  0B 01 17 00
2026-03-15T15:29:31.389713,134.824,can0  204  [16]  6E 23 DE 44 C4 29 24 4B 28 23 30 75 30 75 00 00
2026-03-15T15:29:31.390396,134.825,can0  040  [04]  3F 00 18 00
2026-03-15T15:29:31.512629,134.947,can0  204  [16]  6E 23 D7 44 E4 29 93 4B 28 23 30 75 30 75 00 00
2026-03-15T15:29:31.513835,134.948,can0  040  [04]  3F 00 18 00
2026-03-15T15:29:31.580202,135.015,can0  204  [16]  6E 23 D7 44 E4 29 93 4B 28 23 30 75 30 75 00 00
2026-03-15T15:29:31.580522,135.015,can0  060  [32]  00 00 00 00 00 00 00 00 00 00 00 00 00 00 00 00 00 00 00 00 00 00 00 00 00 00 00 00 00 00 00 00
2026-03-15T15:29:31.580878,135.015,can0  204  [16]  6E 23 D1 44 05 2A 48 4C 28 23 30 75 30 75 00 00
2026-03-15T15:29:31.581131,135.016,can0  070  [20]  EF 2A 4D 08 09 B1 62 03 18 79 00 00 1D 16 00 00 11 00 00 00
2026-03-15T15:29:31.681540,135.116,can0  070  [20]  EF 2A 4D 08 09 B1 62 03 18 79 00 00 1D 16 00 00 11 00 00 00
2026-03-15T15:29:31.681773,135.116,can0  041  [04]  03 01 11 00
2026-03-15T15:29:31.682140,135.117,can0  204  [16]  6E 23 D9 44 DB 29 64 4B 28 23 30 75 30 75 00 00
2026-03-15T15:29:31.682720,135.117,can0  040  [04]  2F 00 18 00
2026-03-15T15:29:31.682984,135.117,can0  204  [16]  6E 23 D9 44 DB 29 64 4B 28 23 30 75 30 75 00 00
2026-03-15T15:29:31.823245,135.258,can0  040  [04]  2F 00 18 00
2026-03-15T15:29:31.823342,135.258,can0  070  [20]  EF 2A 4D 08 09 B1 62 03 18 79 00 00 1D 16 00 00 11 00 00 00
2026-03-15T15:29:31.823610,135.258,can0  204  [16]  6E 23 D2 44 CF 29 81 50 28 23 30 75 30 75 00 00
2026-03-15T15:29:31.922217,135.357,can0  204  [16]  6E 23 CF 44 AF 29 00 00 28 23 30 75 30 75 00 00
2026-03-15T15:29:31.922322,135.357,can0  204  [16]  6E 23 CF 44 AF 29 00 00 28 23 30 75 30 75 00 00
2026-03-15T15:29:31.922473,135.357,can0  041  [04]  05 01 13 00
2026-03-15T15:29:32.022991,135.457,can0  040  [04]  1C 00 1B 00
2026-03-15T15:29:32.023437,135.458,can0  204  [16]  6E 23 D6 44 DB 29 00 00 28 23 30 75 30 75 00 00
2026-03-15T15:29:32.023949,135.458,can0  040  [04]  1C 00 1B 00
2026-03-15T15:29:32.024273,135.459,can0  204  [16]  6E 23 D6 44 DB 29 00 00 28 23 30 75 30 75 00 00
2026-03-15T15:29:32.122771,135.557,can0  204  [16]  6E 23 DE 44 BF 29 8B 4C 28 23 30 75 30 75 00 00
2026-03-15T15:29:32.123039,135.557,can0  060  [32]  00 00 00 00 EF 2A 4D 08 5E 06 B8 10 00 00 10 0E FF 01 00 00 00 00 00 00 01 00 00 00 00 00 00 00
2026-03-15T15:29:32.223185,135.658,can0  100  [03]  6B 4E 04
2026-03-15T15:29:32.223568,135.658,can0  204  [16]  6E 23 DE 44 BF 29 8B 4C 28 23 30 75 30 75 00 00
2026-03-15T15:29:32.224116,135.659,can0  120  [04]  00 00 00 00
2026-03-15T15:29:32.224408,135.659,can0  041  [04]  0A 01 15 00
2026-03-15T15:29:32.224743,135.659,can0  204  [16]  6E 23 DD 44 C8 29 EE 4C 28 23 30 75 30 75 00 00
2026-03-15T15:29:32.225440,135.660,can0  040  [04]  15 00 1C 00
2026-03-15T15:29:32.322733,135.757,can0  070  [20]  EF 2A 4D 08 09 B1 62 03 18 79 00 00 1D 16 00 00 11 00 00 00
2026-03-15T15:29:32.323357,135.758,can0  040  [04]  15 00 1C 00
2026-03-15T15:29:32.323700,135.758,can0  204  [16]  6E 23 D3 44 BF 29 86 4D 28 23 30 75 30 75 00 00
2026-03-15T15:29:32.324002,135.758,can0  204  [16]  6E 23 D3 44 BF 29 86 4D 28 23 30 75 30 75 00 00
2026-03-15T15:29:32.422684,135.857,can0  070  [20]  EF 2A 4D 08 09 B1 62 03 18 79 00 00 1D 16 00 00 11 00 00 00
2026-03-15T15:29:32.423043,135.857,can0  204  [16]  6E 23 CF 44 E4 29 90 4D 28 23 30 75 30 75 00 00
2026-03-15T15:29:32.523099,135.958,can0  204  [16]  6E 23 CF 44 E4 29 90 4D 28 23 30 75 30 75 00 00
2026-03-15T15:29:32.523200,135.958,can0  041  [04]  10 01 16 00
2026-03-15T15:29:32.523876,135.958,can0  040  [04]  0E 00 1B 00
2026-03-15T15:29:32.524151,135.959,can0  204  [16]  6E 23 D4 44 BB 29 FA 4D 28 23 30 75 30 75 00 00
2026-03-15T15:29:32.591299,136.026,can0  040  [04]  0E 00 1B 00
2026-03-15T15:29:32.591901,136.026,can0  204  [16]  6E 23 D4 44 BB 29 FA 4D 28 23 30 75 30 75 00 00
2026-03-15T15:29:32.592028,136.026,can0  060  [32]  00 00 00 00 00 00 00 00 00 00 00 00 00 00 00 00 00 00 00 00 00 00 00 00 00 00 00 00 00 00 00 00
2026-03-15T15:29:32.592186,136.027,can0  070  [20]  EF 2A 4D 08 07 B1 62 03 00 7D 00 00 1D 16 00 00 1A 00 00 00
2026-03-15T15:29:32.703547,136.138,can0  204  [16]  6E 23 D5 44 CD 29 2C 48 28 23 30 75 30 75 00 00
2026-03-15T15:29:32.703819,136.138,can0  070  [20]  EF 2A 4D 08 07 B1 62 03 00 7D 00 00 1D 16 00 00 1A 00 00 00
2026-03-15T15:29:32.704185,136.139,can0  204  [16]  6E 23 D3 44 C4 29 B2 48 28 23 30 75 30 75 00 00
2026-03-15T15:29:32.704698,136.139,can0  041  [04]  10 01 16 00
2026-03-15T15:29:32.704779,136.139,can0  070  [20]  EF 2A 4D 08 07 B1 62 03 00 7D 00 00 1D 16 00 00 1A 00 00 00
2026-03-15T15:29:32.804665,136.239,can0  040  [04]  20 00 17 00
2026-03-15T15:29:32.805071,136.239,can0  204  [16]  6E 23 DE 44 D8 29 43 4C 28 23 30 75 30 75 00 00
2026-03-15T15:29:32.805594,136.240,can0  040  [04]  20 00 17 00
2026-03-15T15:29:32.805842,136.240,can0  204  [16]  6E 23 DE 44 D8 29 43 4C 28 23 30 75 30 75 00 00
2026-03-15T15:29:32.918393,136.353,can0  204  [16]  6E 23 D5 44 C4 29 1E 4F 28 23 30 75 30 75 00 00
2026-03-15T15:29:33.025181,136.460,can0  204  [16]  6E 23 D5 44 C4 29 1E 4F 28 23 30 75 30 75 00 00
2026-03-15T15:29:33.025943,136.460,can0  110  [02]  9F 1B
2026-03-15T15:29:33.026548,136.461,can0  041  [04]  13 01 17 00
2026-03-15T15:29:33.027744,136.462,can0  204  [16]  6E 23 D5 44 D4 29 1C 4F 28 23 30 75 30 75 00 00
2026-03-15T15:29:33.027835,136.462,can0  040  [04]  2E 00 18 00
2026-03-15T15:29:33.122310,136.557,can0  204  [16]  6E 23 D3 44 E4 29 86 50 28 23 30 75 30 75 00 00
2026-03-15T15:29:33.122928,136.557,can0  040  [04]  2E 00 18 00
2026-03-15T15:29:33.123145,136.558,can0  060  [32]  00 00 00 00 00 00 00 00 00 00 00 00 00 00 00 00 00 00 00 00 00 00 00 00 00 00 00 00 00 00 00 00
2026-03-15T15:29:33.123319,136.558,can0  060  [32]  00 00 00 00 EF 2A 4D 08 5C 06 B8 10 00 00 10 0E FF 01 00 00 00 00 00 00 01 00 00 00 00 00 00 00
2026-03-15T15:29:33.125969,136.560,can0  204  [16]  6E 23 D3 44 E4 29 86 50 28 23 30 75 30 75 00 00
2026-03-15T15:29:33.222428,136.657,can0  204  [16]  6E 23 D8 44 B6 29 D7 4F 28 23 30 75 30 75 00 00
2026-03-15T15:29:33.222713,136.657,can0  070  [20]  EF 2A 4D 08 07 B1 62 03 00 7D 00 00 1D 16 00 00 1A 00 00 00
2026-03-15T15:29:33.322092,136.757,can0  204  [16]  6E 23 D8 44 B6 29 D7 4F 28 23 30 75 30 75 00 00
2026-03-15T15:29:33.322417,136.757,can0  041  [04]  0D 01 18 00
2026-03-15T15:29:33.323030,136.757,can0  040  [04]  36 00 1C 00
2026-03-15T15:29:33.323372,136.758,can0  204  [16]  6E 23 DB 44 DB 29 3C 50 28 23 30 75 30 75 00 00
2026-03-15T15:29:33.422130,136.857,can0  040  [04]  36 00 1C 00
2026-03-15T15:29:33.422828,136.857,can0  100  [03]  6F 4E 04
2026-03-15T15:29:33.423443,136.858,can0  120  [04]  00 00 00 00
2026-03-15T15:29:33.423727,136.858,can0  204  [16]  6E 23 D8 44 C6 29 05 51 28 23 30 75 30 75 00 00
2026-03-15T15:29:33.423925,136.858,can0  070  [20]  EF 2A 4D 08 07 B1 62 03 00 7D 00 00 1D 16 00 00 1A 00 00 00
2026-03-15T15:29:33.426437,136.861,can0  204  [16]  6E 23 D8 44 C6 29 05 51 28 23 30 75 30 75 00 00
2026-03-15T15:29:33.523445,136.958,can0  204  [16]  6E 23 D1 44 ED 29 62 50 28 23 30 75 30 75 00 00
2026-03-15T15:29:33.523734,136.958,can0  041  [04]  04 01 16 00
2026-03-15T15:29:33.589097,137.024,can0  204  [16]  6E 23 D1 44 ED 29 62 50 28 23 30 75 30 75 00 00
2026-03-15T15:29:33.590821,137.025,can0  040  [04]  36 00 19 00
2026-03-15T15:29:33.590921,137.025,can0  040  [04]  36 00 19 00
2026-03-15T15:29:33.591002,137.025,can0  204  [16]  6E 23 D5 44 E4 29 FB 53 28 23 30 75 30 75 00 00
2026-03-15T15:29:33.591511,137.026,can0  070  [20]  EF 2A 4D 08 07 B1 62 03 E8 80 00 00 1D 16 00 00 04 00 00 00
2026-03-15T15:29:33.591595,137.026,can0  060  [32]  00 00 00 00 00 00 00 00 00 00 00 00 00 00 00 00 00 00 00 00 00 00 00 00 00 00 00 00 00 00 00 00
2026-03-15T15:29:33.699710,137.134,can0  070  [20]  EF 2A 4D 08 07 B1 62 03 E8 80 00 00 1D 16 00 00 05 00 00 00
2026-03-15T15:29:33.700084,137.135,can0  204  [16]  6E 23 D5 44 D6 29 75 54 28 23 30 75 30 75 00 00
2026-03-15T15:29:33.700362,137.135,can0  070  [20]  EF 2A 4D 08 07 B1 62 03 E8 80 00 00 1D 16 00 00 05 00 00 00
2026-03-15T15:29:33.789903,137.224,can0  204  [16]  6E 23 D5 44 D6 29 75 54 28 23 30 75 30 75 00 00
2026-03-15T15:29:33.790216,137.225,can0  041  [04]  02 01 16 00
2026-03-15T15:29:33.790568,137.225,can0  204  [16]  6E 23 DC 44 D8 29 00 00 28 23 30 75 30 75 00 00
2026-03-15T15:29:33.791277,137.226,can0  040  [04]  28 00 1A 00
2026-03-15T15:29:33.921118,137.356,can0  204  [16]  6E 23 D2 44 D8 29 3D 52 28 23 30 75 30 75 00 00
2026-03-15T15:29:33.922016,137.356,can0  040  [04]  28 00 1A 00
2026-03-15T15:29:33.926666,137.361,can0  204  [16]  6E 23 D2 44 D8 29 3D 52 28 23 30 75 30 75 00 00
2026-03-15T15:29:33.990105,137.425,can0  204  [16]  6E 23 D3 44 E4 29 00 00 28 23 30 75 30 75 00 00
2026-03-15T15:29:34.120913,137.555,can0  204  [16]  6E 23 D3 44 E4 29 00 00 28 23 30 75 30 75 00 00
2026-03-15T15:29:34.121238,137.556,can0  041  [04]  04 01 16 00
2026-03-15T15:29:34.122161,137.557,can0  040  [04]  13 00 1C 00
2026-03-15T15:29:34.122658,137.557,can0  204  [16]  6E 23 D6 44 CD 29 B8 4F 28 23 30 75 30 75 00 00
2026-03-15T15:29:34.122887,137.557,can0  060  [32]  00 00 00 00 EF 2A 4D 08 5C 06 B8 10 00 00 10 0E FF 01 00 00 00 00 00 00 01 00 00 00 00 00 00 00
2026-03-15T15:29:34.192979,137.627,can0  040  [04]  13 00 1C 00
2026-03-15T15:29:34.193087,137.628,can0  204  [16]  6E 23 D6 44 C8 29 D2 50 28 23 30 75 30 75 00 00
2026-03-15T15:29:34.196967,137.631,can0  204  [16]  6E 23 D6 44 C8 29 D2 50 28 23 30 75 30 75 00 00
2026-03-15T15:29:34.197090,137.632,can0  070  [20]  EF 2A 4D 08 07 B1 62 03 E8 80 00 00 1D 16 00 00 05 00 00 00
2026-03-15T15:29:34.300665,137.735,can0  204  [16]  6E 23 D4 44 C8 29 E6 4F 28 23 30 75 30 75 00 00
2026-03-15T15:29:34.301071,137.735,can0  041  [04]  08 01 18 00
2026-03-15T15:29:34.301472,137.736,can0  204  [16]  6E 23 D4 44 C8 29 E6 4F 28 23 30 75 30 75 00 00
2026-03-15T15:29:34.417574,137.852,can0  070  [20]  EF 2A 4D 08 07 B1 62 03 E8 80 00 00 1D 16 00 00 05 00 00 00
2026-03-15T15:29:34.418449,137.853,can0  040  [04]  18 00 1A 00
2026-03-15T15:29:34.419154,137.854,can0  204  [16]  6E 23 D1 44 D6 29 AA 51 28 23 30 75 30 75 00 00
2026-03-15T15:29:34.420170,137.855,can0  040  [04]  18 00 1A 00
2026-03-15T15:29:34.484687,137.919,can0  204  [16]  6E 23 D1 44 D8 29 84 51 28 23 30 75 30 75 00 00
2026-03-15T15:29:34.484914,137.919,can0  204  [16]  6E 23 D1 44 D8 29 84 51 28 23 30 75 30 75 00 00
2026-03-15T15:29:34.593735,138.028,can0  100  [03]  72 4E 04
2026-03-15T15:29:34.594435,138.029,can0  110  [02]  9E 1B
2026-03-15T15:29:34.594973,138.029,can0  120  [04]  00 00 00 00
2026-03-15T15:29:34.595330,138.030,can0  204  [16]  6E 23 D1 44 D8 29 84 51 28 23 30 75 30 75 00 00
2026-03-15T15:29:34.595568,138.030,can0  041  [04]  08 01 18 00
2026-03-15T15:29:34.595761,138.030,can0  070  [20]  EE 2A 4D 08 06 B1 62 03 D0 84 00 00 1D 16 00 00 1A 00 00 00
2026-03-15T15:29:34.595955,138.030,can0  070  [20]  EE 2A 4D 08 06 B1 62 03 D0 84 00 00 1D 16 00 00 1A 00 00 00
2026-03-15T15:29:34.596167,138.031,can0  060  [32]  00 00 00 00 00 00 00 00 00 00 00 00 00 00 00 00 00 00 00 00 00 00 00 00 00 00 00 00 00 00 00 00
2026-03-15T15:29:34.596765,138.031,can0  040  [04]  1A 00 1B 00
2026-03-15T15:29:34.724328,138.159,can0  204  [16]  6E 23 D3 44 D8 29 BC 50 28 23 30 75 30 75 00 00
2026-03-15T15:29:34.725322,138.160,can0  040  [04]  1A 00 1B 00
2026-03-15T15:29:34.725741,138.160,can0  204  [16]  6E 23 D1 44 C8 29 BA 50 28 23 30 75 30 75 00 00
2026-03-15T15:29:34.728264,138.163,can0  070  [20]  EE 2A 4D 08 06 B1 62 03 D0 84 00 00 1D 16 00 00 1A 00 00 00
2026-03-15T15:29:34.825621,138.260,can0  204  [16]  6E 23 D2 44 DB 29 D6 50 28 23 30 75 30 75 00 00
2026-03-15T15:29:34.825945,138.260,can0  204  [16]  6E 23 D2 44 DB 29 D6 50 28 23 30 75 30 75 00 00
2026-03-15T15:29:34.922547,138.357,can0  041  [04]  0B 01 18 00
2026-03-15T15:29:34.922670,138.357,can0  040  [04]  1A 00 1D 00
2026-03-15T15:29:34.922822,138.357,can0  204  [16]  6E 23 D2 44 CB 29 54 4F 28 23 30 75 30 75 00 00
2026-03-15T15:29:35.022514,138.457,can0  204  [16]  6E 23 D2 44 CB 29 54 4F 28 23 30 75 30 75 00 00
2026-03-15T15:29:35.023134,138.458,can0  040  [04]  1A 00 1D 00
2026-03-15T15:29:35.023465,138.458,can0  204  [16]  6E 23 D5 44 C6 29 6C 4F 28 23 30 75 30 75 00 00
2026-03-15T15:29:35.122637,138.557,can0  204  [16]  6E 23 D4 44 CB 29 66 4E 28 23 30 75 30 75 00 00
2026-03-15T15:29:35.122915,138.557,can0  041  [04]  0A 01 18 00
2026-03-15T15:29:35.123132,138.558,can0  060  [32]  00 00 00 00 00 00 00 00 00 00 00 00 00 00 00 00 00 00 00 00 00 00 00 00 00 00 00 00 00 00 00 00
2026-03-15T15:29:35.127308,138.562,can0  204  [16]  6E 23 D4 44 CB 29 66 4E 28 23 30 75 30 75 00 00
2026-03-15T15:29:35.186682,138.621,can0  060  [32]  00 00 00 00 EE 2A 4D 08 5A 06 B8 10 00 00 10 0E FF 01 00 00 00 00 00 00 01 00 00 00 00 00 00 00
2026-03-15T15:29:35.187833,138.622,can0  040  [04]  2D 00 1D 00
2026-03-15T15:29:35.188152,138.623,can0  204  [16]  6E 23 D5 44 C4 29 4A 51 28 23 30 75 30 75 00 00
2026-03-15T15:29:35.188483,138.623,can0  070  [20]  EE 2A 4D 08 06 B1 62 03 D0 84 00 00 1D 16 00 00 1A 00 00 00
2026-03-15T15:29:35.189073,138.623,can0  040  [04]  2D 00 1D 00
2026-03-15T15:29:35.289993,138.724,can0  204  [16]  6E 23 D6 44 DD 29 C6 50 28 23 30 75 30 75 00 00
2026-03-15T15:29:35.292242,138.727,can0  204  [16]  6E 23 D6 44 DD 29 C6 50 28 23 30 75 30 75 00 00
2026-03-15T15:29:35.422318,138.857,can0  070  [20]  EE 2A 4D 08 06 B1 62 03 D0 84 00 00 1D 16 00 00 1A 00 00 00
2026-03-15T15:29:35.422658,138.857,can0  204  [16]  6E 23 D4 44 CD 29 37 4F 28 23 30 75 30 75 00 00
2026-03-15T15:29:35.422917,138.857,can0  041  [04]  0D 01 18 00
2026-03-15T15:29:35.423597,138.858,can0  040  [04]  2A 00 1B 00
2026-03-15T15:29:35.423917,138.858,can0  204  [16]  6E 23 D4 44 CD 29 37 4F 28 23 30 75 30 75 00 00
2026-03-15T15:29:35.523141,138.958,can0  040  [04]  2A 00 1B 00
2026-03-15T15:29:35.523439,138.958,can0  204  [16]  6E 23 D6 44 D4 29 2D 51 28 23 30 75 30 75 00 00
2026-03-15T15:29:35.622020,139.056,can0  204  [16]  6E 23 D6 44 D4 29 2D 51 28 23 30 75 30 75 00 00
2026-03-15T15:29:35.622210,139.057,can0  070  [20]  EE 2A 4D 08 04 B1 62 03 B8 88 00 00 1D 16 00 00 1F 00 00 00
2026-03-15T15:29:35.624744,139.059,can0  204  [16]  6E 23 D5 44 BD 29 EE 50 28 23 30 75 30 75 00 00
2026-03-15T15:29:35.722519,139.157,can0  070  [20]  EE 2A 4D 08 04 B1 62 03 B8 88 00 00 1D 16 00 00 1F 00 00 00
2026-03-15T15:29:35.722730,139.157,can0  060  [32]  00 00 00 00 00 00 00 00 00 00 00 00 00 00 00 00 00 00 00 00 00 00 00 00 00 00 00 00 00 00 00 00
2026-03-15T15:29:35.722951,139.157,can0  041  [04]  07 01 19 00
2026-03-15T15:29:35.723183,139.158,can0  204  [16]  6E 23 D3 44 00 2A AF 51 28 23 30 75 30 75 00 00
2026-03-15T15:29:35.723973,139.158,can0  040  [04]  28 00 1B 00
2026-03-15T15:29:35.724042,139.158,can0  070  [20]  EE 2A 4D 08 04 B1 62 03 B8 88 00 00 1D 16 00 00 1F 00 00 00
2026-03-15T15:29:35.724570,139.159,can0  040  [04]  28 00 1B 00
2026-03-15T15:29:35.822450,139.257,can0  204  [16]  6E 23 D3 44 00 2A AF 51 28 23 30 75 30 75 00 00
2026-03-15T15:29:35.830050,139.264,can0  100  [03]  75 4E 04
2026-03-15T15:29:35.831086,139.266,can0  120  [04]  00 00 00 00
2026-03-15T15:29:35.831650,139.266,can0  204  [16]  6E 23 CF 44 AF 29 AD 52 28 23 30 75 30 75 00 00
2026-03-15T15:29:35.927407,139.362,can0  204  [16]  6E 23 D7 44 DB 29 B5 51 28 23 30 75 30 75 00 00
2026-03-15T15:29:35.927743,139.362,can0  041  [04]  07 01 18 00
2026-03-15T15:29:35.928177,139.363,can0  204  [16]  6E 23 D7 44 DB 29 B5 51 28 23 30 75 30 75 00 00
2026-03-15T15:29:35.995098,139.430,can0  040  [04]  25 00 1D 00
2026-03-15T15:29:35.995521,139.430,can0  204  [16]  6E 23 D5 44 BD 29 62 52 28 23 30 75 30 75 00 00
2026-03-15T15:29:35.996254,139.431,can0  040  [04]  25 00 1D 00
2026-03-15T15:29:36.092536,139.527,can0  204  [16]  6E 23 D5 44 BD 29 62 52 28 23 30 75 30 75 00 00
2026-03-15T15:29:36.092959,139.527,can0  204  [16]  6E 23 D5 44 E1 29 D7 4F 28 23 30 75 30 75 00 00
2026-03-15T15:29:36.215818,139.650,can0  110  [02]  9F 1B
2026-03-15T15:29:36.216127,139.651,can0  060  [32]  00 00 00 00 EE 2A 4D 08 59 06 B8 10 00 00 10 0E FF 01 00 00 00 00 00 00 01 00 00 00 00 00 00 00
2026-03-15T15:29:36.216952,139.651,can0  204  [16]  6E 23 D1 44 D6 29 B3 50 28 23 30 75 30 75 00 00
2026-03-15T15:29:36.217822,139.652,can0  041  [04]  07 01 18 00
2026-03-15T15:29:36.217898,139.652,can0  040  [04]  25 00 1F 00
2026-03-15T15:29:36.218187,139.653,can0  204  [16]  6E 23 D1 44 D6 29 B3 50 28 23 30 75 30 75 00 00
2026-03-15T15:29:36.218484,139.653,can0  070  [20]  EE 2A 4D 08 04 B1 62 03 B8 88 00 00 1D 16 00 00 1F 00 00 00
2026-03-15T15:29:36.308887,139.743,can0  040  [04]  25 00 1F 00
2026-03-15T15:29:36.309195,139.744,can0  204  [16]  6E 23 D3 44 D4 29 5C 51 28 23 30 75 30 75 00 00
2026-03-15T15:29:36.398594,139.833,can0  070  [20]  EE 2A 4D 08 04 B1 62 03 B8 88 00 00 1D 16 00 00 1F 00 00 00
2026-03-15T15:29:36.398955,139.833,can0  204  [16]  6E 23 D3 44 D4 29 5C 51 28 23 30 75 30 75 00 00
2026-03-15T15:29:36.399544,139.834,can0  204  [16]  6E 23 D9 44 CD 29 FC 4F 28 23 30 75 30 75 00 00
2026-03-15T15:29:36.399622,139.834,can0  132  [00]
2026-03-15T15:29:36.501709,139.936,can0  041  [04]  04 01 17 00
2026-03-15T15:29:36.501979,139.936,can0  204  [16]  6E 23 CF 44 D4 29 F0 50 28 23 30 75 30 75 00 00
2026-03-15T15:29:36.502590,139.937,can0  040  [04]  23 00 1D 00
2026-03-15T15:29:36.502844,139.937,can0  204  [16]  6E 23 CF 44 D4 29 F0 50 28 23 30 75 30 75 00 00
2026-03-15T15:29:36.635414,140.070,can0  040  [04]  23 00 1D 00
2026-03-15T15:29:36.635583,140.070,can0  204  [16]  6E 23 D5 44 CB 29 00 00 28 23 30 75 30 75 00 00
2026-03-15T15:29:36.635669,140.070,can0  070  [20]  EE 2A 4D 08 02 B1 62 03 A0 8C 00 00 1D 16 00 00 32 00 00 00
2026-03-15T15:29:36.635745,140.070,can0  070  [20]  EE 2A 4D 08 02 B1 62 03 A0 8C 00 00 1D 16 00 00 31 00 00 00
2026-03-15T15:29:36.712373,140.147,can0  060  [32]  00 00 00 00 00 00 00 00 00 00 00 00 00 00 00 00 00 00 00 00 00 00 00 00 00 00 00 00 00 00 00 00
2026-03-15T15:29:36.712514,140.147,can0  204  [16]  6E 23 D0 44 D6 29 00 00 28 23 30 75 30 75 00 00
2026-03-15T15:29:36.712593,140.147,can0  041  [04]  07 01 15 00
2026-03-15T15:29:36.712663,140.147,can0  070  [20]  EE 2A 4D 08 02 B1 62 03 A0 8C 00 00 1D 16 00 00 31 00 00 00
2026-03-15T15:29:36.712735,140.147,can0  204  [16]  6E 23 D0 44 D6 29 00 00 28 23 30 75 30 75 00 00
2026-03-15T15:29:36.834752,140.269,can0  040  [04]  1D 00 1A 00
2026-03-15T15:29:36.835028,140.269,can0  204  [16]  6E 23 D7 44 C4 29 BA 50 28 23 30 75 30 75 00 00
2026-03-15T15:29:36.835549,140.270,can0  040  [04]  1D 00 1A 00
2026-03-15T15:29:36.835775,140.270,can0  204  [16]  6E 23 D7 44 C4 29 BA 50 28 23 30 75 30 75 00 00
2026-03-15T15:29:36.930630,140.365,can0  204  [16]  6E 23 D5 44 D8 29 B4 4F 28 23 30 75 30 75 00 00
2026-03-15T15:29:37.026654,140.461,can0  100  [03]  7D 4E 04
2026-03-15T15:29:37.027168,140.462,can0  120  [04]  00 00 00 00
2026-03-15T15:29:37.027449,140.462,can0  204  [16]  6E 23 CE 44 B8 29 B7 4D 28 23 30 75 30 75 00 00
2026-03-15T15:29:37.028010,140.462,can0  041  [04]  0D 01 15 00
2026-03-15T15:29:37.028881,140.463,can0  040  [04]  17 00 18 00
2026-03-15T15:29:37.029132,140.464,can0  204  [16]  6E 23 CE 44 B8 29 B7 4D 28 23 30 75 30 75 00 00
2026-03-15T15:29:37.123088,140.558,can0  040  [04]  17 00 18 00
2026-03-15T15:29:37.123397,140.558,can0  204  [16]  6E 23 D8 44 E8 29 94 4E 28 23 30 75 30 75 00 00
2026-03-15T15:29:37.123627,140.558,can0  204  [16]  6E 23 D8 44 E8 29 94 4E 28 23 30 75 30 75 00 00
2026-03-15T15:29:37.222464,140.657,can0  060  [32]  00 00 00 00 00 00 00 00 00 00 00 00 00 00 00 00 00 00 00 00 00 00 00 00 00 00 00 00 00 00 00 00
2026-03-15T15:29:37.223231,140.658,can0  060  [32]  00 00 00 00 EE 2A 4D 08 57 06 B8 10 00 00 10 0E FF 01 00 00 00 00 00 00 01 00 00 00 00 00 00 00
2026-03-15T15:29:37.223316,140.658,can0  204  [16]  6E 23 D2 44 C6 29 BA 4F 28 23 30 75 30 75 00 00
2026-03-15T15:29:37.223384,140.658,can0  070  [20]  EE 2A 4D 08 02 B1 62 03 A0 8C 00 00 1D 16 00 00 31 00 00 00
2026-03-15T15:29:37.322173,140.757,can0  041  [04]  0D 01 14 00
2026-03-15T15:29:37.322447,140.757,can0  204  [16]  6E 23 D5 44 EA 29 BB 50 28 23 30 75 30 75 00 00
2026-03-15T15:29:37.323050,140.757,can0  040  [04]  10 00 14 00
2026-03-15T15:29:37.323295,140.758,can0  204  [16]  6E 23 D5 44 EA 29 BB 50 28 23 30 75 30 75 00 00
2026-03-15T15:29:37.323804,140.758,can0  040  [04]  10 00 14 00
2026-03-15T15:29:37.422395,140.857,can0  070  [20]  EE 2A 4D 08 02 B1 62 03 A0 8C 00 00 1D 16 00 00 31 00 00 00
2026-03-15T15:29:37.422641,140.857,can0  204  [16]  6E 23 D3 44 C8 29 68 4E 28 23 30 75 30 75 00 00
2026-03-15T15:29:37.422834,140.857,can0  204  [16]  6E 23 D3 44 C8 29 68 4E 28 23 30 75 30 75 00 00
2026-03-15T15:29:37.522589,140.957,can0  204  [16]  6E 23 D2 44 DD 29 C5 4E 28 23 30 75 30 75 00 00
2026-03-15T15:29:37.522775,140.957,can0  041  [04]  10 01 12 00
2026-03-15T15:29:37.623288,141.058,can0  040  [04]  09 00 14 00
2026-03-15T15:29:37.623693,141.058,can0  204  [16]  6E 23 D2 44 DD 29 C5 4E 28 23 30 75 30 75 00 00
2026-03-15T15:29:37.624519,141.059,can0  070  [20]  EE 2A 4D 08 02 B1 62 03 88 90 00 00 1D 16 00 00 1C 00 00 00
2026-03-15T15:29:37.624571,141.059,can0  040  [04]  09 00 14 00
2026-03-15T15:29:37.624811,141.059,can0  070  [20]  EE 2A 4D 08 02 B1 62 03 88 90 00 00 1D 16 00 00 1C 00 00 00
2026-03-15T15:29:37.625142,141.060,can0  204  [16]  6E 23 D6 44 D4 29 4D 4F 28 23 30 75 30 75 00 00
2026-03-15T15:29:37.722060,141.156,can0  060  [32]  00 00 00 00 00 00 00 00 00 00 00 00 00 00 00 00 00 00 00 00 00 00 00 00 00 00 00 00 00 00 00 00
2026-03-15T15:29:37.722442,141.157,can0  204  [16]  6E 23 CF 44 D2 29 EC 4F 28 23 30 75 30 75 00 00
2026-03-15T15:29:37.722713,141.157,can0  070  [20]  EE 2A 4D 08 02 B1 62 03 88 90 00 00 1D 16 00 00 1C 00 00 00
2026-03-15T15:29:37.823102,141.258,can0  110  [02]  9F 1B
2026-03-15T15:29:37.823509,141.258,can0  204  [16]  6E 23 D7 44 DB 29 B1 50 28 23 30 75 30 75 00 00
2026-03-15T15:29:37.823768,141.258,can0  041  [04]  10 01 12 00
2026-03-15T15:29:37.824439,141.259,can0  040  [04]  0C 00 19 00
2026-03-15T15:29:37.824775,141.259,can0  204  [16]  6E 23 D7 44 DB 29 B1 50 28 23 30 75 30 75 00 00
2026-03-15T15:29:37.932253,141.367,can0  040  [04]  0C 00 19 00
2026-03-15T15:29:37.932741,141.367,can0  204  [16]  6E 23 D2 44 D6 29 B2 4E 28 23 30 75 30 75 00 00
2026-03-15T15:29:37.933045,141.367,can0  204  [16]  6E 23 D2 44 D6 29 B2 4E 28 23 30 75 30 75 00 00
2026-03-15T15:29:38.021860,141.456,can0  204  [16]  6E 23 D5 44 D6 29 1C 4F 28 23 30 75 30 75 00 00
2026-03-15T15:29:38.122232,141.557,can0  041  [04]  10 01 14 00
2026-03-15T15:29:38.122570,141.557,can0  204  [16]  6E 23 D4 44 D2 29 5C 50 28 23 30 75 30 75 00 00
2026-03-15T15:29:38.123209,141.558,can0  040  [04]  11 00 1F 00
2026-03-15T15:29:38.123550,141.558,can0  204  [16]  6E 23 D4 44 D2 29 5C 50 28 23 30 75 30 75 00 00
2026-03-15T15:29:38.124186,141.559,can0  040  [04]  11 00 1F 00
2026-03-15T15:29:38.222550,141.657,can0  100  [03]  81 4E 04
2026-03-15T15:29:38.223125,141.658,can0  120  [04]  00 00 00 00
2026-03-15T15:29:38.223367,141.658,can0  060  [32]  00 00 00 00 EE 2A 4D 08 57 06 B8 10 00 00 10 0E FF 01 00 00 00 00 00 00 01 00 00 00 00 00 00 00
2026-03-15T15:29:38.223861,141.658,can0  204  [16]  6E 23 D0 44 DF 29 30 50 28 23 30 75 30 75 00 00
2026-03-15T15:29:38.224063,141.658,can0  204  [16]  6E 23 D0 44 DF 29 30 50 28 23 30 75 30 75 00 00
2026-03-15T15:29:38.224254,141.659,can0  070  [20]  EE 2A 4D 08 02 B1 62 03 88 90 00 00 1D 16 00 00 1C 00 00 00
2026-03-15T15:29:38.347938,141.782,can0  204  [16]  6E 23 D2 44 D8 29 8C 4F 28 23 30 75 30 75 00 00
2026-03-15T15:29:38.348053,141.782,can0  041  [04]  10 01 17 00
2026-03-15T15:29:38.348232,141.783,can0  070  [20]  EE 2A 4D 08 02 B1 62 03 88 90 00 00 1D 16 00 00 1C 00 00 00
2026-03-15T15:29:38.415737,141.850,can0  040  [04]  1E 00 1E 00
2026-03-15T15:29:38.416036,141.850,can0  204  [16]  6E 23 CF 44 DF 29 17 4E 28 23 30 75 30 75 00 00
2026-03-15T15:29:38.416655,141.851,can0  040  [04]  1E 00 1E 00
2026-03-15T15:29:38.416903,141.851,can0  204  [16]  6E 23 CF 44 DF 29 17 4E 28 23 30 75 30 75 00 00
2026-03-15T15:29:38.504762,141.939,can0  204  [16]  6E 23 D5 44 C6 29 7B 4D 28 23 30 75 30 75 00 00
2026-03-15T15:29:38.505103,141.940,can0  204  [16]  6E 23 D5 44 C6 29 7B 4D 28 23 30 75 30 75 00 00
2026-03-15T15:29:38.592382,142.027,can0  041  [04]  10 01 17 00
2026-03-15T15:29:38.592749,142.027,can0  204  [16]  6E 23 D1 44 D6 29 DB 4D 28 23 30 75 30 75 00 00
2026-03-15T15:29:38.593024,142.027,can0  070  [20]  EE 2A 4D 08 04 B1 62 03 70 94 00 00 1D 16 00 00 2C 00 00 00
2026-03-15T15:29:38.593671,142.028,can0  040  [04]  1F 00 1D 00
2026-03-15T15:29:38.594027,142.028,can0  070  [20]  EE 2A 4D 08 04 B1 62 03 70 94 00 00 1D 16 00 00 2D 00 00 00
2026-03-15T15:29:38.725089,142.160,can0  204  [16]  6E 23 CF 44 C4 29 92 4D 28 23 30 75 30 75 00 00
2026-03-15T15:29:38.725495,142.160,can0  060  [32]  00 00 00 00 00 00 00 00 00 00 00 00 00 00 00 00 00 00 00 00 00 00 00 00 00 00 00 00 00 00 00 00
2026-03-15T15:29:38.726102,142.161,can0  040  [04]  1F 00 1D 00
2026-03-15T15:29:38.726411,142.161,can0  070  [20]  EE 2A 4D 08 04 B1 62 03 70 94 00 00 1D 16 00 00 2D 00 00 00
2026-03-15T15:29:38.726621,142.161,can0  133  [00]
2026-03-15T15:29:38.729135,142.164,can0  204  [16]  6E 23 CF 44 C4 29 92 4D 28 23 30 75 30 75 00 00
2026-03-15T15:29:38.822700,142.257,can0  204  [16]  6E 23 D5 44 EA 29 6D 4D 28 23 30 75 30 75 00 00
2026-03-15T15:29:38.922764,142.357,can0  041  [04]  10 01 16 00
2026-03-15T15:29:38.923106,142.358,can0  204  [16]  6E 23 D5 44 BB 29 C5 4D 28 23 30 75 30 75 00 00
2026-03-15T15:29:38.923780,142.358,can0  040  [04]  23 00 18 00
2026-03-15T15:29:38.924109,142.359,can0  204  [16]  6E 23 D5 44 BB 29 C5 4D 28 23 30 75 30 75 00 00
2026-03-15T15:29:38.924789,142.359,can0  040  [04]  23 00 18 00
2026-03-15T15:29:39.022671,142.457,can0  204  [16]  6E 23 D6 44 E6 29 0A 4E 28 23 30 75 30 75 00 00
2026-03-15T15:29:39.023003,142.457,can0  204  [16]  6E 23 D6 44 E6 29 0A 4E 28 23 30 75 30 75 00 00
2026-03-15T15:29:39.122083,142.557,can0  204  [16]  6E 23 D0 44 C1 29 C1 4E 28 23 30 75 30 75 00 00
2026-03-15T15:29:39.122349,142.557,can0  041  [04]  07 01 13 00
2026-03-15T15:29:39.122985,142.557,can0  040  [04]  2F 00 16 00
2026-03-15T15:29:39.222430,142.657,can0  204  [16]  6E 23 D3 44 E8 29 87 4F 28 23 30 75 30 75 00 00
2026-03-15T15:29:39.222771,142.657,can0  060  [32]  00 00 00 00 00 00 00 00 00 00 00 00 00 00 00 00 00 00 00 00 00 00 00 00 00 00 00 00 00 00 00 00
2026-03-15T15:29:39.222935,142.657,can0  060  [32]  00 00 00 00 EE 2A 4D 08 59 06 B8 10 00 00 10 0E FF 01 00 00 00 00 00 00 01 00 00 00 00 00 00 00
2026-03-15T15:29:39.224179,142.659,can0  040  [04]  2F 00 16 00
2026-03-15T15:29:39.224494,142.659,can0  204  [16]  6E 23 D3 44 E8 29 87 4F 28 23 30 75 30 75 00 00
2026-03-15T15:29:39.224744,142.659,can0  070  [20]  EE 2A 4D 08 04 B1 62 03 70 94 00 00 1D 16 00 00 2D 00 00 00
2026-03-15T15:29:39.354011,142.788,can0  204  [16]  6E 23 D8 44 B8 29 71 4E 28 23 30 75 30 75 00 00
2026-03-15T15:29:39.354334,142.789,can0  070  [20]  EE 2A 4D 08 04 B1 62 03 70 94 00 00 1D 16 00 00 2D 00 00 00
2026-03-15T15:29:39.354674,142.789,can0  204  [16]  6E 23 D8 44 B8 29 71 4E 28 23 30 75 30 75 00 00
2026-03-15T15:29:39.415390,142.850,can0  100  [03]  83 4E 04
2026-03-15T15:29:39.416246,142.851,can0  110  [02]  A0 1B
2026-03-15T15:29:39.416788,142.851,can0  120  [04]  00 00 00 00
2026-03-15T15:29:39.417030,142.851,can0  041  [04]  FD 00 11 00
2026-03-15T15:29:39.417306,142.852,can0  204  [16]  6E 23 D3 44 D6 29 93 4F 28 23 30 75 30 75 00 00
2026-03-15T15:29:39.417982,142.852,can0  040  [04]  39 00 15 00
2026-03-15T15:29:39.504689,142.939,can0  040  [04]  39 00 15 00
2026-03-15T15:29:39.504993,142.939,can0  204  [16]  6E 23 D3 44 DF 29 6B 4F 28 23 30 75 30 75 00 00
2026-03-15T15:29:39.505214,142.940,can0  204  [16]  6E 23 D3 44 DF 29 6B 4F 28 23 30 75 30 75 00 00
2026-03-15T15:29:39.634968,143.069,can0  204  [16]  6E 23 D3 44 DF 29 6B 4F 28 23 30 75 30 75 00 00
2026-03-15T15:29:39.635614,143.070,can0  070  [20]  EE 2A 4D 08 04 B1 62 03 58 98 00 00 1D 16 00 00 27 00 00 00
2026-03-15T15:29:39.636167,143.071,can0  070  [20]  EE 2A 4D 08 04 B1 62 03 58 98 00 00 1D 16 00 00 28 00 00 00
2026-03-15T15:29:39.636572,143.071,can0  204  [16]  6E 23 D1 44 ED 29 E3 4E 28 23 30 75 30 75 00 00
2026-03-15T15:29:39.723819,143.158,can0  041  [04]  F2 00 10 00
2026-03-15T15:29:39.724272,143.159,can0  040  [04]  3F 00 14 00
2026-03-15T15:29:39.724605,143.159,can0  060  [32]  00 00 00 00 00 00 00 00 00 00 00 00 00 00 00 00 00 00 00 00 00 00 00 00 00 00 00 00 00 00 00 00
2026-03-15T15:29:39.725023,143.159,can0  204  [16]  6E 23 D2 44 CD 29 A2 4F 28 23 30 75 30 75 00 00
2026-03-15T15:29:39.725306,143.160,can0  070  [20]  EE 2A 4D 08 04 B1 62 03 58 98 00 00 1D 16 00 00 28 00 00 00
2026-03-15T15:29:39.725683,143.160,can0  040  [04]  3F 00 14 00
2026-03-15T15:29:39.842579,143.277,can0  204  [16]  6E 23 D3 44 D8 29 87 50 28 23 30 75 30 75 00 00
2026-03-15T15:29:39.842907,143.277,can0  204  [16]  6E 23 D3 44 D8 29 87 50 28 23 30 75 30 75 00 00
2026-03-15T15:29:39.904746,143.339,can0  204  [16]  6E 23 D1 44 C8 29 39 50 28 23 30 75 30 75 00 00
2026-03-15T15:29:39.905049,143.339,can0  041  [04]  F5 00 10 00
2026-03-15T15:29:39.905734,143.340,can0  040  [04]  37 00 0F 00
2026-03-15T15:29:39.909486,143.344,can0  204  [16]  6E 23 D1 44 C8 29 39 50 28 23 30 75 30 75 00 00
2026-03-15T15:29:40.012501,143.447,can0  040  [04]  37 00 0F 00
2026-03-15T15:29:40.012833,143.447,can0  204  [16]  6E 23 D5 44 E4 29 C7 50 28 23 30 75 30 75 00 00
2026-03-15T15:29:40.100088,143.535,can0  204  [16]  6E 23 D5 44 D4 29 D2 4F 28 23 30 75 30 75 00 00
2026-03-15T15:29:40.103171,143.538,can0  204  [16]  6E 23 D5 44 D4 29 D2 4F 28 23 30 75 30 75 00 00
2026-03-15T15:29:40.227623,143.662,can0  041  [04]  00 01 0F 00
2026-03-15T15:29:40.227967,143.662,can0  204  [16]  6E 23 D4 44 DD 29 50 4F 28 23 30 75 30 75 00 00
2026-03-15T15:29:40.228206,143.663,can0  060  [32]  00 00 00 00 EE 2A 4D 08 59 06 B8 10 00 00 10 0E FF 01 00 00 00 00 00 00 01 00 00 00 00 00 00 00
2026-03-15T15:29:40.229029,143.663,can0  040  [04]  25 00 10 00
2026-03-15T15:29:40.229322,143.664,can0  070  [20]  EE 2A 4D 08 04 B1 62 03 58 98 00 00 1D 16 00 00 28 00 00 00
2026-03-15T15:29:40.336130,143.771,can0  204  [16]  6E 23 D4 44 DD 29 50 4F 28 23 30 75 30 75 00 00
2026-03-15T15:29:40.336253,143.771,can0  040  [04]  25 00 10 00
2026-03-15T15:29:40.336489,143.771,can0  204  [16]  6E 23 D2 44 C4 29 3E 50 28 23 30 75 30 75 00 00
2026-03-15T15:29:40.336774,143.771,can0  070  [20]  EE 2A 4D 08 04 B1 62 03 58 98 00 00 1D 16 00 00 28 00 00 00
2026-03-15T15:29:40.404114,143.839,can0  204  [16]  6E 23 D0 44 C6 29 49 4F 28 23 30 75 30 75 00 00
2026-03-15T15:29:40.404240,143.839,can0  204  [16]  6E 23 D0 44 C6 29 49 4F 28 23 30 75 30 75 00 00
2026-03-15T15:29:40.404390,143.839,can0  041  [04]  03 01 10 00
2026-03-15T15:29:40.538040,143.972,can0  040  [04]  1A 00 17 00
2026-03-15T15:29:40.538378,143.973,can0  204  [16]  6E 23 D4 44 C4 29 33 4F 28 23 30 75 30 75 00 00
2026-03-15T15:29:40.538803,143.973,can0  040  [04]  1A 00 17 00
2026-03-15T15:29:40.539054,143.973,can0  204  [16]  6E 23 D4 44 C4 29 33 4F 28 23 30 75 30 75 00 00
2026-03-15T15:29:40.539713,143.974,can0  100  [03]  82 4E 04
2026-03-15T15:29:40.634865,144.069,can0  120  [04]  00 00 00 00
2026-03-15T15:29:40.635539,144.070,can0  070  [20]  EE 2A 4D 08 04 B1 62 03 40 9C 00 00 1D 16 00 00 30 00 00 00
2026-03-15T15:29:40.635622,144.070,can0  204  [16]  6E 23 D5 44 D4 29 68 4E 28 23 30 75 30 75 00 00
2026-03-15T15:29:40.635834,144.070,can0  070  [20]  EE 2A 4D 08 04 B1 62 03 40 9C 00 00 1D 16 00 00 2F 00 00 00
2026-03-15T15:29:40.730890,144.165,can0  204  [16]  6E 23 CF 44 ED 29 B8 52 28 23 30 75 30 75 00 00
2026-03-15T15:29:40.731191,144.166,can0  060  [32]  00 00 00 00 00 00 00 00 00 00 00 00 00 00 00 00 00 00 00 00 00 00 00 00 00 00 00 00 00 00 00 00
2026-03-15T15:29:40.731456,144.166,can0  041  [04]  FB 00 14 00
2026-03-15T15:29:40.731715,144.166,can0  070  [20]  EE 2A 4D 08 04 B1 62 03 40 9C 00 00 1D 16 00 00 2F 00 00 00
2026-03-15T15:29:40.732015,144.166,can0  204  [16]  6E 23 CF 44 ED 29 B8 52 28 23 30 75 30 75 00 00
2026-03-15T15:29:40.736107,144.171,can0  040  [04]  16 00 1C 00
2026-03-15T15:29:40.829862,144.264,can0  040  [04]  16 00 1C 00
2026-03-15T15:29:40.837433,144.272,can0  204  [16]  6E 23 CF 44 E1 29 27 4F 28 23 30 75 30 75 00 00
2026-03-15T15:29:40.951774,144.386,can0  204  [16]  6E 23 D6 44 BD 29 92 51 28 23 30 75 30 75 00 00
2026-03-15T15:29:40.955526,144.390,can0  204  [16]  6E 23 D6 44 BD 29 92 51 28 23 30 75 30 75 00 00
2026-03-15T15:29:41.019658,144.454,can0  110  [02]  9D 1B
2026-03-15T15:29:41.019763,144.454,can0  041  [04]  FE 00 15 00
2026-03-15T15:29:41.020020,144.454,can0  204  [16]  6E 23 D9 44 BB 29 CE 50 28 23 30 75 30 75 00 00
2026-03-15T15:29:41.021022,144.455,can0  040  [04]  11 00 1E 00
2026-03-15T15:29:41.021118,144.456,can0  204  [16]  6E 23 D9 44 BB 29 CE 50 28 23 30 75 30 75 00 00
2026-03-15T15:29:41.021699,144.456,can0  040  [04]  11 00 1E 00
2026-03-15T15:29:41.152948,144.587,can0  204  [16]  6E 23 CF 44 D6 29 0D 4F 28 23 30 75 30 75 00 00
2026-03-15T15:29:41.218786,144.653,can0  204  [16]  6E 23 D1 44 CF 29 0B 4F 28 23 30 75 30 75 00 00
2026-03-15T15:29:41.219043,144.653,can0  060  [32]  00 00 00 00 00 00 00 00 00 00 00 00 00 00 00 00 00 00 00 00 00 00 00 00 00 00 00 00 00 00 00 00
2026-03-15T15:29:41.219428,144.654,can0  060  [32]  00 00 00 00 EE 2A 4D 08 59 06 B8 10 00 00 10 0E FF 01 00 00 00 00 00 00 01 00 00 00 00 00 00 00
2026-03-15T15:29:41.220042,144.654,can0  070  [20]  EE 2A 4D 08 04 B1 62 03 40 9C 00 00 1D 16 00 00 2F 00 00 00
2026-03-15T15:29:41.220675,144.655,can0  204  [16]  6E 23 D1 44 CF 29 0B 4F 28 23 30 75 30 75 00 00
2026-03-15T15:29:41.220759,144.655,can0  041  [04]  00 01 19 00
2026-03-15T15:29:41.354310,144.789,can0  040  [04]  0D 00 1C 00
2026-03-15T15:29:41.354428,144.789,can0  204  [16]  6E 23 DB 44 C6 29 3D 52 28 23 30 75 30 75 00 00
2026-03-15T15:29:41.354614,144.789,can0  070  [20]  EE 2A 4D 08 04 B1 62 03 40 9C 00 00 1D 16 00 00 2F 00 00 00
2026-03-15T15:29:41.355169,144.790,can0  040  [04]  0D 00 1C 00
2026-03-15T15:29:41.358954,144.793,can0  204  [16]  6E 23 DB 44 C6 29 3D 52 28 23 30 75 30 75 00 00
2026-03-15T15:29:41.423696,144.858,can0  204  [16]  6E 23 D9 44 CD 29 0D 4F 28 23 30 75 30 75 00 00
2026-03-15T15:29:41.542493,144.977,can0  204  [16]  6E 23 D1 44 E1 29 D4 50 28 23 30 75 30 75 00 00
2026-03-15T15:29:41.543215,144.978,can0  041  [04]  FE 00 19 00
2026-03-15T15:29:41.543311,144.978,can0  204  [16]  6E 23 D1 44 E1 29 D4 50 28 23 30 75 30 75 00 00
2026-03-15T15:29:41.543380,144.978,can0  040  [04]  08 00 1A 00
2026-03-15T15:29:41.633799,145.068,can0  204  [16]  6E 23 D1 44 E1 29 D4 50 28 23 30 75 30 75 00 00
2026-03-15T15:29:41.634159,145.069,can0  070  [20]  EC 2A 4D 08 02 B1 62 03 28 A0 00 00 1D 16 00 00 1C 00 00 00
2026-03-15T15:29:41.634791,145.069,can0  040  [04]  08 00 1A 00
2026-03-15T15:29:41.635019,145.069,can0  070  [20]  EC 2A 4D 08 02 B1 62 03 28 A0 00 00 1D 16 00 00 1B 00 00 00
2026-03-15T15:29:41.729353,145.164,can0  204  [16]  6E 23 D5 44 C4 29 F2 4D 28 23 30 75 30 75 00 00
2026-03-15T15:29:41.729604,145.164,can0  204  [16]  6E 23 D5 44 C4 29 F2 4D 28 23 30 75 30 75 00 00
2026-03-15T15:29:41.729787,145.164,can0  070  [20]  EC 2A 4D 08 02 B1 62 03 28 A0 00 00 1D 16 00 00 1B 00 00 00
2026-03-15T15:29:41.729973,145.164,can0  060  [32]  00 00 00 00 00 00 00 00 00 00 00 00 00 00 00 00 00 00 00 00 00 00 00 00 00 00 00 00 00 00 00 00
2026-03-15T15:29:41.730614,145.165,can0  100  [03]  83 4E 04
2026-03-15T15:29:41.825838,145.260,can0  120  [04]  00 00 00 00
2026-03-15T15:29:41.826073,145.260,can0  041  [04]  FD 00 17 00
2026-03-15T15:29:41.826338,145.261,can0  204  [16]  6E 23 D2 44 C6 29 75 4E 28 23 30 75 30 75 00 00
2026-03-15T15:29:41.826813,145.261,can0  040  [04]  06 00 1D 00
2026-03-15T15:29:41.827049,145.261,can0  204  [16]  6E 23 D2 44 C6 29 75 4E 28 23 30 75 30 75 00 00
2026-03-15T15:29:41.922924,145.357,can0  040  [04]  06 00 1D 00
2026-03-15T15:29:41.926919,145.361,can0  204  [16]  6E 23 C9 44 F5 29 48 4E 28 23 30 75 30 75 00 00
2026-03-15T15:29:42.021959,145.456,can0  204  [16]  6E 23 C5 44 E1 29 43 4F 28 23 30 75 30 75 00 00
2026-03-15T15:29:42.022170,145.457,can0  204  [16]  6E 23 C5 44 E1 29 43 4F 28 23 30 75 30 75 00 00
2026-03-15T15:29:42.024803,145.459,can0  041  [04]  FE 00 15 00
2026-03-15T15:29:42.122329,145.557,can0  040  [04]  67 01 20 00
2026-03-15T15:29:42.122633,145.557,can0  204  [16]  6E 23 CD 44 CB 29 B0 4E 28 23 30 75 30 75 00 00
2026-03-15T15:29:42.122994,145.557,can0  040  [04]  67 01 20 00
2026-03-15T15:29:42.123294,145.558,can0  204  [16]  6E 23 CD 44 CB 29 B0 4E 28 23 30 75 30 75 00 00
2026-03-15T15:29:42.222210,145.657,can0  204  [16]  6E 23 D3 44 B6 29 F7 4E 28 23 30 75 30 75 00 00
2026-03-15T15:29:42.222419,145.657,can0  060  [32]  00 00 00 00 EC 2A 4D 08 57 06 B8 10 00 00 10 0E FF 01 00 00 00 00 00 00 01 00 00 00 00 00 00 00
2026-03-15T15:29:42.225319,145.660,can0  070  [20]  EC 2A 4D 08 02 B1 62 03 28 A0 00 00 1D 16 00 00 1B 00 00 00
2026-03-15T15:29:42.322286,145.757,can0  204  [16]  6E 23 DB 44 C8 29 F9 4E 28 23 30 75 30 75 00 00
2026-03-15T15:29:42.322493,145.757,can0  041  [04]  F5 00 10 00
2026-03-15T15:29:42.322708,145.757,can0  204  [16]  6E 23 DB 44 C8 29 F9 4E 28 23 30 75 30 75 00 00
2026-03-15T15:29:42.322892,145.757,can0  070  [20]  EC 2A 4D 08 02 B1 62 03 28 A0 00 00 1D 16 00 00 1B 00 00 00
2026-03-15T15:29:42.326020,145.760,can0  040  [04]  67 01 20 00
2026-03-15T15:29:42.422301,145.857,can0  204  [16]  6E 23 D8 44 D8 29 B0 4F 28 23 30 75 30 75 00 00
2026-03-15T15:29:42.422904,145.857,can0  040  [04]  67 01 20 00
2026-03-15T15:29:42.423161,145.858,can0  204  [16]  6E 23 D8 44 D8 29 B0 4F 28 23 30 75 30 75 00 00
2026-03-15T15:29:42.534883,145.969,can0  204  [16]  6E 23 D3 44 DF 29 51 4F 28 23 30 75 30 75 00 00
2026-03-15T15:29:42.535995,145.970,can0  110  [02]  9F 1B
2026-03-15T15:29:42.632417,146.067,can0  204  [16]  6E 23 D3 44 DF 29 51 4F 28 23 30 75 30 75 00 00
2026-03-15T15:29:42.632814,146.067,can0  041  [04]  DD 00 11 00
2026-03-15T15:29:42.633086,146.068,can0  070  [20]  EC 2A 4D 08 02 B1 62 03 10 A4 00 00 1D 16 00 00 48 00 00 00
2026-03-15T15:29:42.633844,146.068,can0  040  [04]  01 00 1D 00
2026-03-15T15:29:42.634116,146.069,can0  070  [20]  EC 2A 4D 08 02 B1 62 03 10 A4 00 00 1D 16 00 00 47 00 00 00
2026-03-15T15:29:42.637569,146.072,can0  204  [16]  6E 23 D5 44 D6 29 6E 50 28 23 30 75 30 75 00 00
2026-03-15T15:29:42.727721,146.162,can0  040  [04]  01 00 1D 00
2026-03-15T15:29:42.728091,146.163,can0  204  [16]  6E 23 CC 44 BB 29 28 50 28 23 30 75 30 75 00 00
2026-03-15T15:29:42.728376,146.163,can0  070  [20]  EC 2A 4D 08 02 B1 62 03 10 A4 00 00 1D 16 00 00 47 00 00 00
2026-03-15T15:29:42.730895,146.165,can0  060  [32]  00 00 00 00 00 00 00 00 00 00 00 00 00 00 00 00 00 00 00 00 00 00 00 00 00 00 00 00 00 00 00 00
2026-03-15T15:29:42.822781,146.257,can0  204  [16]  6E 23 D6 44 C8 29 ED 4F 28 23 30 75 30 75 00 00
2026-03-15T15:29:42.823166,146.258,can0  204  [16]  6E 23 D6 44 C8 29 ED 4F 28 23 30 75 30 75 00 00
2026-03-15T15:29:42.823384,146.258,can0  041  [04]  CE 00 10 00
2026-03-15T15:29:42.922748,146.357,can0  204  [16]  6E 23 DC 44 E1 29 09 50 28 23 30 75 30 75 00 00
2026-03-15T15:29:42.923273,146.358,can0  040  [04]  01 00 21 00
2026-03-15T15:29:42.923669,146.358,can0  040  [04]  01 00 21 00
2026-03-15T15:29:42.923905,146.358,can0  204  [16]  6E 23 DC 44 E1 29 09 50 28 23 30 75 30 75 00 00
2026-03-15T15:29:43.022842,146.457,can0  100  [03]  82 4E 04
2026-03-15T15:29:43.023482,146.458,can0  120  [04]  00 00 00 00
2026-03-15T15:29:43.023801,146.458,can0  204  [16]  6E 23 D8 44 C4 29 2C 4F 28 23 30 75 30 75 00 00
2026-03-15T15:29:43.122836,146.557,can0  204  [16]  6E 23 D8 44 F8 29 E1 4F 28 23 30 75 30 75 00 00
2026-03-15T15:29:43.123034,146.557,can0  041  [04]  BC 00 0F 00
2026-03-15T15:29:43.123307,146.558,can0  204  [16]  6E 23 D8 44 F8 29 E1 4F 28 23 30 75 30 75 00 00
2026-03-15T15:29:43.123799,146.558,can0  040  [04]  63 01 22 00
2026-03-15T15:29:43.222131,146.657,can0  204  [16]  6E 23 CE 44 C1 29 67 4F 28 23 30 75 30 75 00 00
2026-03-15T15:29:43.222686,146.657,can0  040  [04]  63 01 22 00
2026-03-15T15:29:43.222910,146.657,can0  070  [20]  EC 2A 4D 08 02 B1 62 03 10 A4 00 00 1D 16 00 00 47 00 00 00
2026-03-15T15:29:43.223128,146.658,can0  060  [32]  00 00 00 00 00 00 00 00 00 00 00 00 00 00 00 00 00 00 00 00 00 00 00 00 00 00 00 00 00 00 00 00
2026-03-15T15:29:43.223388,146.658,can0  204  [16]  6E 23 CE 44 C1 29 67 4F 28 23 30 75 30 75 00 00
2026-03-15T15:29:43.223560,146.658,can0  060  [32]  00 00 00 00 EC 2A 4D 08 57 06 B8 10 00 00 10 0E FF 01 00 00 00 00 00 00 01 00 00 00 00 00 00 00
2026-03-15T15:29:43.322166,146.757,can0  204  [16]  6E 23 D2 44 EF 29 3F 4E 28 23 30 75 30 75 00 00
2026-03-15T15:29:43.322372,146.757,can0  070  [20]  EC 2A 4D 08 02 B1 62 03 10 A4 00 00 1D 16 00 00 47 00 00 00
2026-03-15T15:29:43.422205,146.857,can0  204  [16]  6E 23 D8 44 DD 29 1D 4E 28 23 30 75 30 75 00 00
2026-03-15T15:29:43.422413,146.857,can0  041  [04]  BC 00 0F 00
2026-03-15T15:29:43.423256,146.858,can0  040  [04]  01 00 1E 00
2026-03-15T15:29:43.423317,146.858,can0  204  [16]  6E 23 D8 44 DD 29 1D 4E 28 23 30 75 30 75 00 00
2026-03-15T15:29:43.423813,146.858,can0  040  [04]  01 00 1E 00
2026-03-15T15:29:43.522306,146.957,can0  204  [16]  6E 23 D3 44 EA 29 2A 51 28 23 30 75 30 75 00 00
2026-03-15T15:29:43.522631,146.957,can0  204  [16]  6E 23 D3 44 EA 29 2A 51 28 23 30 75 30 75 00 00
2026-03-15T15:29:43.629483,147.064,can0  070  [20]  EA 2A 4D 08 01 B1 62 03 F8 A7 00 00 1D 16 00 00 34 00 00 00
2026-03-15T15:29:43.629872,147.064,can0  204  [16]  6E 23 D5 44 F8 29 71 4F 28 23 30 75 30 75 00 00
2026-03-15T15:29:43.630119,147.065,can0  041  [04]  C1 00 11 00
2026-03-15T15:29:43.630359,147.065,can0  070  [20]  EA 2A 4D 08 01 B1 62 03 F8 A7 00 00 1D 16 00 00 34 00 00 00
2026-03-15T15:29:43.724437,147.159,can0  040  [04]  08 00 19 00
2026-03-15T15:29:43.724900,147.159,can0  204  [16]  6E 23 CC 44 BD 29 A7 50 28 23 30 75 30 75 00 00
2026-03-15T15:29:43.725190,147.160,can0  070  [20]  EA 2A 4D 08 01 B1 62 03 F8 A7 00 00 1D 16 00 00 34 00 00 00
2026-03-15T15:29:43.725782,147.160,can0  040  [04]  08 00 19 00
2026-03-15T15:29:43.726102,147.161,can0  204  [16]  6E 23 CC 44 BD 29 A7 50 28 23 30 75 30 75 00 00
2026-03-15T15:29:43.851389,147.286,can0  060  [32]  00 00 00 00 00 00 00 00 00 00 00 00 00 00 00 00 00 00 00 00 00 00 00 00 00 00 00 00 00 00 00 00
2026-03-15T15:29:43.852350,147.287,can0  204  [16]  6E 23 D3 44 CB 29 7D 51 28 23 30 75 30 75 00 00
2026-03-15T15:29:43.917434,147.352,can0  204  [16]  6E 23 D4 44 D6 29 9F 52 28 23 30 75 30 75 00 00
2026-03-15T15:29:43.918021,147.352,can0  041  [04]  CC 00 11 00
2026-03-15T15:29:43.918104,147.353,can0  204  [16]  6E 23 D4 44 D6 29 9F 52 28 23 30 75 30 75 00 00
2026-03-15T15:29:43.918708,147.353,can0  040  [04]  1D 00 18 00
2026-03-15T15:29:44.026703,147.461,can0  204  [16]  6E 23 CC 44 D4 29 91 54 28 23 30 75 30 75 00 00
2026-03-15T15:29:44.027274,147.462,can0  040  [04]  1D 00 18 00
2026-03-15T15:29:44.027596,147.462,can0  204  [16]  6E 23 CC 44 D4 29 91 54 28 23 30 75 30 75 00 00
2026-03-15T15:29:44.122520,147.557,can0  204  [16]  6E 23 D6 44 FA 29 99 53 28 23 30 75 30 75 00 00
2026-03-15T15:29:44.123204,147.558,can0  100  [03]  86 4E 04
2026-03-15T15:29:44.123751,147.558,can0  110  [02]  A3 1B
2026-03-15T15:29:44.223157,147.658,can0  120  [04]  00 00 00 00
2026-03-15T15:29:44.223543,147.658,can0  204  [16]  6E 23 D3 44 CB 29 BE 50 28 23 30 75 30 75 00 00
2026-03-15T15:29:44.223806,147.658,can0  041  [04]  CB 00 0E 00
2026-03-15T15:29:44.224441,147.659,can0  040  [04]  1F 00 1E 00
2026-03-15T15:29:44.224789,147.659,can0  204  [16]  6E 23 D3 44 CB 29 BE 50 28 23 30 75 30 75 00 00
2026-03-15T15:29:44.225042,147.659,can0  070  [20]  EA 2A 4D 08 01 B1 62 03 F8 A7 00 00 1D 16 00 00 34 00 00 00
2026-03-15T15:29:44.322433,147.757,can0  060  [32]  00 00 00 00 EA 2A 4D 08 55 06 B8 10 00 00 10 0E FF 01 00 00 00 00 00 00 01 00 00 00 00 00 00 00
2026-03-15T15:29:44.323375,147.758,can0  040  [04]  1F 00 1E 00
2026-03-15T15:29:44.323806,147.758,can0  204  [16]  6E 23 D0 44 D6 29 F2 4F 28 23 30 75 30 75 00 00
2026-03-15T15:29:44.324039,147.758,can0  204  [16]  6E 23 D0 44 D6 29 F2 4F 28 23 30 75 30 75 00 00
2026-03-15T15:29:44.324351,147.759,can0  070  [20]  EA 2A 4D 08 01 B1 62 03 F8 A7 00 00 1D 16 00 00 34 00 00 00
2026-03-15T15:29:44.422169,147.857,can0  204  [16]  6E 23 D0 44 D6 29 00 00 28 23 30 75 30 75 00 00
2026-03-15T15:29:44.422433,147.857,can0  041  [04]  DA 00 0E 00
2026-03-15T15:29:44.522130,147.957,can0  204  [16]  6E 23 CE 44 DF 29 00 00 28 23 30 75 30 75 00 00
2026-03-15T15:29:44.527798,147.962,can0  040  [04]  15 00 27 00
2026-03-15T15:29:44.527912,147.962,can0  040  [04]  15 00 27 00
2026-03-15T15:29:44.527990,147.962,can0  204  [16]  6E 23 CE 44 DF 29 00 00 28 23 30 75 30 75 00 00
2026-03-15T15:29:44.622531,148.057,can0  204  [16]  6E 23 CE 44 DF 29 00 00 28 23 30 75 30 75 00 00
2026-03-15T15:29:44.622815,148.057,can0  070  [20]  EA 2A 4D 08 FF B0 62 03 E0 AB 00 00 1D 16 00 00 38 00 00 00
2026-03-15T15:29:44.623076,148.058,can0  070  [20]  EA 2A 4D 08 FF B0 62 03 E0 AB 00 00 1D 16 00 00 37 00 00 00
2026-03-15T15:29:44.623306,148.058,can0  204  [16]  6E 23 D1 44 E1 29 6A 4B 28 23 30 75 30 75 00 00
2026-03-15T15:29:44.722558,148.157,can0  041  [04]  E8 00 0E 00
2026-03-15T15:29:44.722808,148.157,can0  204  [16]  6E 23 D0 44 F1 29 69 4B 28 23 30 75 30 75 00 00
2026-03-15T15:29:44.722986,148.157,can0  070  [20]  EA 2A 4D 08 FF B0 62 03 E0 AB 00 00 1D 16 00 00 37 00 00 00
2026-03-15T15:29:44.723547,148.158,can0  040  [04]  12 00 28 00
2026-03-15T15:29:44.822695,148.257,can0  060  [32]  00 00 00 00 00 00 00 00 00 00 00 00 00 00 00 00 00 00 00 00 00 00 00 00 00 00 00 00 00 00 00 00
2026-03-15T15:29:44.823010,148.257,can0  204  [16]  6E 23 CF 44 C8 29 F8 4B 28 23 30 75 30 75 00 00
2026-03-15T15:29:44.823565,148.258,can0  040  [04]  12 00 28 00
2026-03-15T15:29:44.823804,148.258,can0  204  [16]  6E 23 CF 44 C8 29 F8 4B 28 23 30 75 30 75 00 00
2026-03-15T15:29:44.927356,148.362,can0  204  [16]  6E 23 D2 44 CB 29 FB 4C 28 23 30 75 30 75 00 00
2026-03-15T15:29:44.927725,148.362,can0  204  [16]  6E 23 D2 44 CB 29 FB 4C 28 23 30 75 30 75 00 00
2026-03-15T15:29:45.033546,148.468,can0  041  [04]  FD 00 0E 00
2026-03-15T15:29:45.034635,148.469,can0  040  [04]  16 00 2B 00
2026-03-15T15:29:45.034722,148.469,can0  204  [16]  6E 23 CF 44 B8 29 5F 4C 28 23 30 75 30 75 00 00
2026-03-15T15:29:45.134860,148.569,can0  040  [04]  16 00 2B 00
2026-03-15T15:29:45.135268,148.570,can0  204  [16]  6E 23 C9 44 F1 29 08 4D 28 23 30 75 30 75 00 00
2026-03-15T15:29:45.135608,148.570,can0  204  [16]  6E 23 C9 44 F1 29 08 4D 28 23 30 75 30 75 00 00
2026-03-15T15:29:45.233029,148.667,can0  204  [16]  6E 23 C4 44 E4 29 B3 4B 28 23 30 75 30 75 00 00
2026-03-15T15:29:45.233238,148.668,can0  070  [20]  EA 2A 4D 08 FF B0 62 03 E0 AB 00 00 1D 16 00 00 37 00 00 00
2026-03-15T15:29:45.233514,148.668,can0  041  [04]  FE 00 0F 00
2026-03-15T15:29:45.233701,148.668,can0  204  [16]  6E 23 C4 44 E4 29 B3 4B 28 23 30 75 30 75 00 00
2026-03-15T15:29:45.233899,148.668,can0  060  [32]  00 00 00 00 00 00 00 00 00 00 00 00 00 00 00 00 00 00 00 00 00 00 00 00 00 00 00 00 00 00 00 00
2026-03-15T15:29:45.366984,148.801,can0  060  [32]  00 00 00 00 EA 2A 4D 08 54 06 B8 10 00 00 10 0E FF 01 00 00 00 00 00 00 01 00 00 00 00 00 00 00
2026-03-15T15:29:45.368111,148.803,can0  040  [04]  13 00 2B 00
2026-03-15T15:29:45.368734,148.803,can0  204  [16]  6E 23 C9 44 F5 29 2D 4F 28 23 30 75 30 75 00 00
2026-03-15T15:29:45.368950,148.803,can0  070  [20]  EA 2A 4D 08 FF B0 62 03 E0 AB 00 00 1D 16 00 00 37 00 00 00
2026-03-15T15:29:45.369673,148.804,can0  040  [04]  13 00 2B 00
2026-03-15T15:29:45.370579,148.805,can0  100  [03]  86 4E 04
2026-03-15T15:29:45.440272,148.875,can0  120  [04]  00 00 00 00
2026-03-15T15:29:45.449367,148.884,can0  204  [16]  6E 23 D3 44 D4 29 51 4D 28 23 30 75 30 75 00 00
2026-03-15T15:29:45.449467,148.884,can0  204  [16]  6E 23 D3 44 D4 29 51 4D 28 23 30 75 30 75 00 00
2026-03-15T15:29:45.509268,148.944,can0  204  [16]  6E 23 E5 44 BB 29 17 4D 28 23 30 75 30 75 00 00
2026-03-15T15:29:45.509653,148.944,can0  041  [04]  FA 00 0F 00
2026-03-15T15:29:45.510790,148.945,can0  040  [04]  12 00 28 00
2026-03-15T15:29:45.510883,148.945,can0  204  [16]  6E 23 E5 44 BB 29 17 4D 28 23 30 75 30 75 00 00
2026-03-15T15:29:45.650506,149.085,can0  070  [20]  EA 2A 4D 08 FD B0 62 03 C8 AF 00 00 1D 16 00 00 3F 00 00 00
2026-03-15T15:29:45.651179,149.086,can0  040  [04]  12 00 28 00
2026-03-15T15:29:45.651743,149.086,can0  204  [16]  6E 23 F6 44 9E 29 46 4F 28 23 30 75 30 75 00 00
2026-03-15T15:29:45.651847,149.086,can0  070  [20]  EA 2A 4D 08 FD B0 62 03 C8 AF 00 00 1D 16 00 00 3F 00 00 00
2026-03-15T15:29:45.713149,149.148,can0  204  [16]  6E 23 D5 44 ED 29 09 4E 28 23 30 75 30 75 00 00
2026-03-15T15:29:45.713443,149.148,can0  070  [20]  EA 2A 4D 08 FD B0 62 03 C8 AF 00 00 1D 16 00 00 3F 00 00 00
2026-03-15T15:29:45.713676,149.148,can0  204  [16]  6E 23 D5 44 ED 29 09 4E 28 23 30 75 30 75 00 00
2026-03-15T15:29:45.858697,149.293,can0  110  [02]  A0 1B
2026-03-15T15:29:45.858785,149.293,can0  041  [04]  F1 00 10 00
2026-03-15T15:29:45.860538,149.295,can0  060  [32]  00 00 00 00 00 00 00 00 00 00 00 00 00 00 00 00 00 00 00 00 00 00 00 00 00 00 00 00 00 00 00 00
2026-03-15T15:29:45.861395,149.296,can0  040  [04]  12 00 2A 00
2026-03-15T15:29:45.862112,149.297,can0  204  [16]  6E 23 BD 44 E6 29 A0 4F 28 23 30 75 30 75 00 00
2026-03-15T15:29:45.862196,149.297,can0  040  [04]  12 00 2A 00
2026-03-15T15:29:45.911805,149.346,can0  204  [16]  6E 23 C5 44 F1 29 D5 4E 28 23 30 75 30 75 00 00
2026-03-15T15:29:45.912144,149.347,can0  204  [16]  6E 23 C5 44 F1 29 D5 4E 28 23 30 75 30 75 00 00
2026-03-15T15:29:46.043531,149.478,can0  204  [16]  6E 23 E9 44 97 29 6C 51 28 23 30 75 30 75 00 00
2026-03-15T15:29:46.043637,149.478,can0  041  [04]  EF 00 13 00
2026-03-15T15:29:46.043960,149.478,can0  204  [16]  6E 23 E9 44 97 29 6C 51 28 23 30 75 30 75 00 00
2026-03-15T15:29:46.115158,149.550,can0  040  [04]  0B 00 2C 00
2026-03-15T15:29:46.115617,149.550,can0  204  [16]  6E 23 E5 44 D4 29 7A 4F 28 23 30 75 30 75 00 00
2026-03-15T15:29:46.119608,149.554,can0  040  [04]  0B 00 2C 00
2026-03-15T15:29:46.254061,149.688,can0  204  [16]  6E 23 D4 44 F1 29 0E 50 28 23 30 75 30 75 00 00
2026-03-15T15:29:46.254167,149.689,can0  204  [16]  6E 23 D4 44 F1 29 0E 50 28 23 30 75 30 75 00 00
2026-03-15T15:29:46.254382,149.689,can0  070  [20]  EA 2A 4D 08 FD B0 62 03 C8 AF 00 00 1D 16 00 00 3F 00 00 00
2026-03-15T15:29:46.326865,149.761,can0  060  [32]  00 00 00 00 EA 2A 4D 08 52 06 B8 10 00 00 10 0E FF 01 00 00 00 00 00 00 01 00 00 00 00 00 00 00
2026-03-15T15:29:46.327631,149.762,can0  204  [16]  6E 23 D1 44 EA 29 C0 4D 28 23 30 75 30 75 00 00
2026-03-15T15:29:46.328422,149.763,can0  041  [04]  E6 00 15 00
2026-03-15T15:29:46.328673,149.763,can0  132  [00]
2026-03-15T15:29:46.328964,149.763,can0  070  [20]  EA 2A 4D 08 FD B0 62 03 C8 AF 00 00 1D 16 00 00 3F 00 00 00
2026-03-15T15:29:46.329963,149.764,can0  040  [04]  06 00 29 00
2026-03-15T15:29:46.330340,149.765,can0  204  [16]  6E 23 D1 44 EA 29 C0 4D 28 23 30 75 30 75 00 00
2026-03-15T15:29:46.466438,149.901,can0  040  [04]  06 00 29 00
2026-03-15T15:29:46.467696,149.902,can0  204  [16]  6E 23 C9 44 C1 29 5D 4B 28 23 30 75 30 75 00 00
2026-03-15T15:29:46.537912,149.972,can0  204  [16]  6E 23 CE 44 BB 29 63 4B 28 23 30 75 30 75 00 00
2026-03-15T15:29:46.538347,149.973,can0  204  [16]  6E 23 CE 44 BB 29 63 4B 28 23 30 75 30 75 00 00
2026-03-15T15:29:46.539071,149.974,can0  100  [03]  85 4E 04
2026-03-15T15:29:46.539936,149.974,can0  120  [04]  00 00 00 00
2026-03-15T15:29:46.675281,150.110,can0  041  [04]  F0 00 12 00
2026-03-15T15:29:46.675807,150.110,can0  204  [16]  6E 23 CE 44 BB 29 63 4B 28 23 30 75 30 75 00 00
2026-03-15T15:29:46.690723,150.125,can0  070  [20]  EA 2A 4D 08 FC B0 62 03 B0 B3 00 00 1D 16 00 00 3D 00 00 00
2026-03-15T15:29:46.690845,150.125,can0  040  [04]  67 01 28 00
2026-03-15T15:29:46.690911,150.125,can0  070  [20]  EA 2A 4D 08 FC B0 62 03 B0 B3 00 00 1D 16 00 00 3D 00 00 00
2026-03-15T15:29:46.690975,150.125,can0  040  [04]  67 01 28 00
2026-03-15T15:29:46.770114,150.205,can0  204  [16]  6E 23 DF 44 D2 29 36 4B 28 23 30 75 30 75 00 00
2026-03-15T15:29:46.770356,150.205,can0  070  [20]  EA 2A 4D 08 FC B0 62 03 B0 B3 00 00 1D 16 00 00 3D 00 00 00
2026-03-15T15:29:46.770624,150.205,can0  204  [16]  6E 23 DF 44 D2 29 36 4B 28 23 30 75 30 75 00 00
2026-03-15T15:29:46.822332,150.257,can0  204  [16]  6E 23 E3 44 1A 2A A8 4A 28 23 30 75 30 75 00 00
2026-03-15T15:29:46.823023,150.257,can0  060  [32]  00 00 00 00 00 00 00 00 00 00 00 00 00 00 00 00 00 00 00 00 00 00 00 00 00 00 00 00 00 00 00 00
2026-03-15T15:29:46.823339,150.258,can0  041  [04]  F8 00 11 00
2026-03-15T15:29:46.824246,150.259,can0  204  [16]  6E 23 E3 44 1A 2A A8 4A 28 23 30 75 30 75 00 00
2026-03-15T15:29:46.922352,150.357,can0  040  [04]  67 01 2A 00
2026-03-15T15:29:46.926129,150.361,can0  204  [16]  6E 23 D6 44 C4 29 AB 4C 28 23 30 75 30 75 00 00
2026-03-15T15:29:46.926230,150.361,can0  040  [04]  67 01 2A 00
2026-03-15T15:29:46.926283,150.361,can0  204  [16]  6E 23 BF 44 0D 2A 3F 4E 28 23 30 75 30 75 00 00
2026-03-15T15:29:47.025032,150.459,can0  204  [16]  6E 23 BF 44 0D 2A 3F 4E 28 23 30 75 30 75 00 00
2026-03-15T15:29:47.122500,150.557,can0  204  [16]  6E 23 BD 44 F1 29 C1 4D 28 23 30 75 30 75 00 00
2026-03-15T15:29:47.123294,150.558,can0  041  [04]  01 01 11 00
2026-03-15T15:29:47.123374,150.558,can0  040  [04]  01 00 25 00
2026-03-15T15:29:47.126141,150.561,can0  204  [16]  6E 23 BD 44 F1 29 C1 4D 28 23 30 75 30 75 00 00
2026-03-15T15:29:47.222246,150.657,can0  040  [04]  01 00 25 00
2026-03-15T15:29:47.222715,150.657,can0  204  [16]  6E 23 CC 44 D4 29 F8 4C 28 23 30 75 30 75 00 00
2026-03-15T15:29:47.225558,150.660,can0  070  [20]  EA 2A 4D 08 FC B0 62 03 B0 B3 00 00 1D 16 00 00 3D 00 00 00
2026-03-15T15:29:47.322810,150.757,can0  204  [16]  6E 23 E4 44 CB 29 F4 4C 28 23 30 75 30 75 00 00
2026-03-15T15:29:47.323268,150.758,can0  060  [32]  00 00 00 00 EA 2A 4D 08 50 06 B8 10 00 00 10 0E FF 01 00 00 00 00 00 00 01 00 00 00 00 00 00 00
2026-03-15T15:29:47.323774,150.758,can0  204  [16]  6E 23 E4 44 CB 29 F4 4C 28 23 30 75 30 75 00 00
2026-03-15T15:29:47.325297,150.760,can0  070  [20]  EA 2A 4D 08 FC B0 62 03 B0 B3 00 00 1D 16 00 00 3D 00 00 00
2026-03-15T15:29:47.325394,150.760,can0  110  [02]  9E 1B
2026-03-15T15:29:47.325610,150.760,can0  041  [04]  09 01 12 00
2026-03-15T15:29:47.422494,150.857,can0  204  [16]  6E 23 DD 44 C1 29 86 4C 28 23 30 75 30 75 00 00
2026-03-15T15:29:47.423146,150.858,can0  040  [04]  03 00 21 00
2026-03-15T15:29:47.423762,150.858,can0  204  [16]  6E 23 DD 44 C1 29 86 4C 28 23 30 75 30 75 00 00
2026-03-15T15:29:47.424729,150.859,can0  040  [04]  03 00 21 00
2026-03-15T15:29:47.521994,150.956,can0  204  [16]  6E 23 D3 44 DF 29 EB 4C 28 23 30 75 30 75 00 00
2026-03-15T15:29:47.522362,150.957,can0  204  [16]  6E 23 D3 44 DF 29 EB 4C 28 23 30 75 30 75 00 00
2026-03-15T15:29:47.622256,151.057,can0  070  [20]  EA 2A 4D 08 FC B0 62 03 98 B7 00 00 1D 16 00 00 3B 00 00 00
2026-03-15T15:29:47.622648,151.057,can0  041  [04]  0A 01 15 00
2026-03-15T15:29:47.622913,151.057,can0  070  [20]  EA 2A 4D 08 FC B0 62 03 98 B7 00 00 1D 16 00 00 3B 00 00 00
2026-03-15T15:29:47.623246,151.058,can0  204  [16]  6E 23 D4 44 DD 29 C5 4C 28 23 30 75 30 75 00 00
2026-03-15T15:29:47.623829,151.058,can0  040  [04]  08 00 1D 00
2026-03-15T15:29:47.722272,151.157,can0  204  [16]  6E 23 D7 44 CD 29 99 4C 28 23 30 75 30 75 00 00
2026-03-15T15:29:47.722531,151.157,can0  070  [20]  EA 2A 4D 08 FC B0 62 03 98 B7 00 00 1D 16 00 00 3B 00 00 00
2026-03-15T15:29:47.723120,151.158,can0  040  [04]  08 00 1D 00
2026-03-15T15:29:47.723801,151.158,can0  100  [03]  83 4E 04
2026-03-15T15:29:47.724727,151.159,can0  204  [16]  6E 23 CE 44 F5 29 57 4D 28 23 30 75 30 75 00 00
2026-03-15T15:29:47.724811,151.159,can0  120  [04]  00 00 00 00
2026-03-15T15:29:47.822475,151.257,can0  060  [32]  00 00 00 00 00 00 00 00 00 00 00 00 00 00 00 00 00 00 00 00 00 00 00 00 00 00 00 00 00 00 00 00
2026-03-15T15:29:47.822896,151.257,can0  204  [16]  6E 23 CE 44 F5 29 57 4D 28 23 30 75 30 75 00 00
2026-03-15T15:29:47.921921,151.356,can0  204  [16]  6E 23 CA 44 EA 29 BD 4D 28 23 30 75 30 75 00 00
2026-03-15T15:29:47.922178,151.357,can0  041  [04]  0D 01 15 00
2026-03-15T15:29:47.922479,151.357,can0  204  [16]  6E 23 CA 44 EA 29 BD 4D 28 23 30 75 30 75 00 00
2026-03-15T15:29:47.932398,151.367,can0  040  [04]  11 00 23 00
2026-03-15T15:29:48.026723,151.461,can0  040  [04]  11 00 23 00
2026-03-15T15:29:48.027132,151.462,can0  204  [16]  6E 23 D3 44 ED 29 FB 4C 28 23 30 75 30 75 00 00
2026-03-15T15:29:48.027398,151.462,can0  204  [16]  6E 23 DC 44 B4 29 62 4E 28 23 30 75 30 75 00 00
2026-03-15T15:29:48.122529,151.557,can0  204  [16]  6E 23 DC 44 B4 29 62 4E 28 23 30 75 30 75 00 00
2026-03-15T15:29:48.122845,151.557,can0  041  [04]  0A 01 17 00
2026-03-15T15:29:48.227568,151.662,can0  204  [16]  6E 23 D9 44 BB 29 36 4C 28 23 30 75 30 75 00 00
2026-03-15T15:29:48.228399,151.663,can0  040  [04]  0E 00 29 00
2026-03-15T15:29:48.228646,151.663,can0  070  [20]  EA 2A 4D 08 FC B0 62 03 98 B7 00 00 1D 16 00 00 3B 00 00 00
2026-03-15T15:29:48.228976,151.663,can0  204  [16]  6E 23 D9 44 BB 29 36 4C 28 23 30 75 30 75 00 00
2026-03-15T15:29:48.229575,151.664,can0  040  [04]  0E 00 29 00
2026-03-15T15:29:48.328417,151.763,can0  060  [32]  00 00 00 00 00 00 00 00 00 00 00 00 00 00 00 00 00 00 00 00 00 00 00 00 00 00 00 00 00 00 00 00
2026-03-15T15:29:48.328872,151.763,can0  204  [16]  6E 23 DA 44 BD 29 DE 4D 28 23 30 75 30 75 00 00
2026-03-15T15:29:48.329089,151.764,can0  060  [32]  00 00 00 00 EA 2A 4D 08 50 06 B8 10 00 00 10 0E FF 01 00 00 00 00 00 00 01 00 00 00 00 00 00 00
2026-03-15T15:29:48.329656,151.764,can0  070  [20]  EA 2A 4D 08 FC B0 62 03 98 B7 00 00 1D 16 00 00 3B 00 00 00
2026-03-15T15:29:48.329999,151.764,can0  204  [16]  6E 23 D6 44 D6 29 0F 50 28 23 30 75 30 75 00 00
2026-03-15T15:29:48.458950,151.893,can0  204  [16]  6E 23 D6 44 D6 29 0F 50 28 23 30 75 30 75 00 00
2026-03-15T15:29:48.459627,151.894,can0  041  [04]  04 01 17 00
2026-03-15T15:29:48.460814,151.895,can0  040  [04]  0C 00 2C 00
2026-03-15T15:29:48.528740,151.963,can0  204  [16]  6E 23 DA 44 C1 29 28 50 28 23 30 75 30 75 00 00
2026-03-15T15:29:48.528847,151.963,can0  040  [04]  0C 00 2C 00
2026-03-15T15:29:48.529064,151.963,can0  204  [16]  6E 23 DA 44 C1 29 28 50 28 23 30 75 30 75 00 00
2026-03-15T15:29:48.638458,152.073,can0  204  [16]  6E 23 D1 44 CB 29 2C 4D 28 23 30 75 30 75 00 00
2026-03-15T15:29:48.638843,152.073,can0  070  [20]  EA 2A 4D 08 FA B0 62 03 80 BB 00 00 1D 16 00 00 30 00 00 00
2026-03-15T15:29:48.639061,152.073,can0  070  [20]  EA 2A 4D 08 FA B0 62 03 80 BB 00 00 1D 16 00 00 2F 00 00 00
2026-03-15T15:29:48.727847,152.162,can0  133  [00]
2026-03-15T15:29:48.728138,152.163,can0  204  [16]  6E 23 D5 44 D8 29 B8 4C 28 23 30 75 30 75 00 00
2026-03-15T15:29:48.728367,152.163,can0  041  [04]  FD 00 13 00
2026-03-15T15:29:48.728593,152.163,can0  070  [20]  EA 2A 4D 08 FA B0 62 03 80 BB 00 00 1D 16 00 00 2F 00 00 00
2026-03-15T15:29:48.729167,152.164,can0  040  [04]  16 00 29 00
2026-03-15T15:29:48.729592,152.164,can0  204  [16]  6E 23 D5 44 D8 29 B8 4C 28 23 30 75 30 75 00 00
2026-03-15T15:29:48.837810,152.272,can0  040  [04]  16 00 29 00
2026-03-15T15:29:48.838242,152.273,can0  204  [16]  6E 23 D5 44 EF 29 3E 4C 28 23 30 75 30 75 00 00
2026-03-15T15:29:48.838647,152.273,can0  060  [32]  00 00 00 00 00 00 00 00 00 00 00 00 00 00 00 00 00 00 00 00 00 00 00 00 00 00 00 00 00 00 00 00
2026-03-15T15:29:48.839013,152.273,can0  204  [16]  6E 23 DB 44 D8 29 14 4C 28 23 30 75 30 75 00 00
2026-03-15T15:29:48.971003,152.405,can0  204  [16]  6E 23 DB 44 D8 29 14 4C 28 23 30 75 30 75 00 00
2026-03-15T15:29:48.971873,152.406,can0  100  [03]  82 4E 04
2026-03-15T15:29:48.972718,152.407,can0  110  [02]  9F 1B
2026-03-15T15:29:48.973424,152.408,can0  120  [04]  00 00 00 00
2026-03-15T15:29:48.974697,152.409,can0  041  [04]  FE 00 13 00
2026-03-15T15:29:49.040530,152.475,can0  204  [16]  6E 23 D8 44 C8 29 4D 4D 28 23 30 75 30 75 00 00
2026-03-15T15:29:49.040633,152.475,can0  040  [04]  17 00 27 00
2026-03-15T15:29:49.040872,152.475,can0  204  [16]  6E 23 D8 44 C8 29 4D 4D 28 23 30 75 30 75 00 00
2026-03-15T15:29:49.041605,152.476,can0  040  [04]  17 00 27 00
2026-03-15T15:29:49.175917,152.610,can0  204  [16]  6E 23 D8 44 BF 29 08 4D 28 23 30 75 30 75 00 00
2026-03-15T15:29:49.176275,152.611,can0  204  [16]  6E 23 D1 44 DB 29 42 4D 28 23 30 75 30 75 00 00
2026-03-15T15:29:49.243599,152.678,can0  204  [16]  6E 23 D1 44 DB 29 42 4D 28 23 30 75 30 75 00 00
2026-03-15T15:29:49.243869,152.678,can0  070  [20]  EA 2A 4D 08 FA B0 62 03 80 BB 00 00 1D 16 00 00 2F 00 00 00
2026-03-15T15:29:49.244257,152.679,can0  041  [04]  FE 00 12 00
2026-03-15T15:29:49.249253,152.684,can0  040  [04]  17 00 26 00
2026-03-15T15:29:49.380184,152.815,can0  204  [16]  6E 23 CF 44 ED 29 B4 4D 28 23 30 75 30 75 00 00
2026-03-15T15:29:49.380454,152.815,can0  060  [32]  00 00 00 00 EA 2A 4D 08 4F 06 B8 10 00 00 10 0E FF 01 00 00 00 00 00 00 01 00 00 00 00 00 00 00
2026-03-15T15:29:49.381580,152.816,can0  040  [04]  17 00 26 00
2026-03-15T15:29:49.381926,152.816,can0  204  [16]  6E 23 CF 44 ED 29 B4 4D 28 23 30 75 30 75 00 00
2026-03-15T15:29:49.382191,152.817,can0  070  [20]  EA 2A 4D 08 FA B0 62 03 80 BB 00 00 1D 16 00 00 2F 00 00 00
2026-03-15T15:29:49.450480,152.885,can0  204  [16]  6E 23 D6 44 E1 29 5A 4C 28 23 30 75 30 75 00 00
2026-03-15T15:29:49.450806,152.885,can0  204  [16]  6E 23 E1 44 DD 29 DE 4C 28 23 30 75 30 75 00 00
2026-03-15T15:29:49.584381,153.019,can0  041  [04]  FC 00 10 00
2026-03-15T15:29:49.584712,153.019,can0  204  [16]  6E 23 E1 44 DD 29 DE 4C 28 23 30 75 30 75 00 00
2026-03-15T15:29:49.585580,153.020,can0  040  [04]  1B 00 23 00
2026-03-15T15:29:49.654890,153.089,can0  040  [04]  1B 00 23 00
2026-03-15T15:29:49.655326,153.090,can0  204  [16]  6E 23 E1 44 DD 29 DE 4C 28 23 30 75 30 75 00 00
2026-03-15T15:29:49.655657,153.090,can0  070  [20]  EA 2A 4D 08 FA B0 62 03 68 BF 00 00 1D 16 00 00 36 00 00 00
2026-03-15T15:29:49.656649,153.091,can0  070  [20]  EA 2A 4D 08 FA B0 62 03 68 BF 00 00 1D 16 00 00 35 00 00 00
2026-03-15T15:29:49.656982,153.091,can0  204  [16]  6E 23 DB 44 BD 29 8B 4D 28 23 30 75 30 75 00 00
2026-03-15T15:29:49.745621,153.180,can0  204  [16]  6E 23 D6 44 D6 29 A5 4C 28 23 30 75 30 75 00 00
2026-03-15T15:29:49.745846,153.180,can0  070  [20]  EA 2A 4D 08 FA B0 62 03 68 BF 00 00 1D 16 00 00 35 00 00 00
2026-03-15T15:29:49.746083,153.181,can0  041  [04]  FA 00 11 00
2026-03-15T15:29:49.831010,153.265,can0  204  [16]  6E 23 D6 44 CF 29 16 4E 28 23 30 75 30 75 00 00
2026-03-15T15:29:49.831592,153.266,can0  040  [04]  12 00 23 00
2026-03-15T15:29:49.831930,153.266,can0  060  [32]  00 00 00 00 00 00 00 00 00 00 00 00 00 00 00 00 00 00 00 00 00 00 00 00 00 00 00 00 00 00 00 00
2026-03-15T15:29:49.832158,153.267,can0  204  [16]  6E 23 D6 44 CF 29 16 4E 28 23 30 75 30 75 00 00
2026-03-15T15:29:49.832684,153.267,can0  040  [04]  12 00 23 00
2026-03-15T15:29:49.934768,153.369,can0  204  [16]  6E 23 DA 44 DB 29 9D 50 28 23 30 75 30 75 00 00
2026-03-15T15:29:49.935125,153.370,can0  204  [16]  6E 23 DA 44 DB 29 9D 50 28 23 30 75 30 75 00 00
2026-03-15T15:29:50.024069,153.459,can0  204  [16]  6E 23 DF 44 CF 29 AF 4F 28 23 30 75 30 75 00 00
2026-03-15T15:29:50.024368,153.459,can0  041  [04]  F5 00 0F 00
2026-03-15T15:29:50.024993,153.459,can0  040  [04]  10 00 2B 00
2026-03-15T15:29:50.122444,153.557,can0  204  [16]  6E 23 DB 44 D2 29 08 51 28 23 30 75 30 75 00 00
2026-03-15T15:29:50.123083,153.558,can0  040  [04]  10 00 2B 00
2026-03-15T15:29:50.123430,153.558,can0  204  [16]  6E 23 DB 44 D2 29 08 51 28 23 30 75 30 75 00 00
2026-03-15T15:29:50.124120,153.559,can0  100  [03]  83 4E 04
2026-03-15T15:29:50.124684,153.559,can0  120  [04]  00 00 00 00
2026-03-15T15:29:50.222797,153.657,can0  204  [16]  6E 23 D7 44 CD 29 1D 50 28 23 30 75 30 75 00 00
2026-03-15T15:29:50.223068,153.657,can0  070  [20]  EA 2A 4D 08 FA B0 62 03 68 BF 00 00 1D 16 00 00 35 00 00 00
2026-03-15T15:29:50.223395,153.658,can0  204  [16]  6E 23 DE 44 DD 29 DD 51 28 23 30 75 30 75 00 00
2026-03-15T15:29:50.322455,153.757,can0  041  [04]  E9 00 0B 00
2026-03-15T15:29:50.322798,153.757,can0  204  [16]  6E 23 DE 44 DD 29 DD 51 28 23 30 75 30 75 00 00
2026-03-15T15:29:50.323110,153.758,can0  060  [32]  00 00 00 00 00 00 00 00 00 00 00 00 00 00 00 00 00 00 00 00 00 00 00 00 00 00 00 00 00 00 00 00
2026-03-15T15:29:50.323298,153.758,can0  060  [32]  00 00 00 00 EA 2A 4D 08 4F 06 B8 10 00 00 10 0E FF 01 00 00 00 00 00 00 01 00 00 00 00 00 00 00
2026-03-15T15:29:50.324117,153.759,can0  040  [04]  0B 00 31 00
2026-03-15T15:29:50.324341,153.759,can0  070  [20]  EA 2A 4D 08 FA B0 62 03 68 BF 00 00 1D 16 00 00 35 00 00 00
2026-03-15T15:29:50.472210,153.907,can0  204  [16]  6E 23 DF 44 CF 29 C6 51 28 23 30 75 30 75 00 00
2026-03-15T15:29:50.472848,153.907,can0  040  [04]  0B 00 31 00
2026-03-15T15:29:50.475240,153.910,can0  204  [16]  6E 23 DF 44 CF 29 C6 51 28 23 30 75 30 75 00 00
2026-03-15T15:29:50.571973,154.006,can0  204  [16]  6E 23 E1 44 BB 29 F1 50 28 23 30 75 30 75 00 00
2026-03-15T15:29:50.572331,154.007,can0  204  [16]  6E 23 E1 44 BB 29 F1 50 28 23 30 75 30 75 00 00
2026-03-15T15:29:50.572547,154.007,can0  041  [04]  F8 00 09 00
2026-03-15T15:29:50.573262,154.008,can0  110  [02]  A1 1B
2026-03-15T15:29:50.671956,154.106,can0  070  [20]  EA 2A 4D 08 FA B0 62 03 50 C3 00 00 1D 16 00 00 23 00 00 00
2026-03-15T15:29:50.672579,154.107,can0  040  [04]  07 00 32 00
2026-03-15T15:29:50.672794,154.107,can0  070  [20]  EA 2A 4D 08 FA B0 62 03 50 C3 00 00 1D 16 00 00 22 00 00 00
2026-03-15T15:29:50.673042,154.107,can0  204  [16]  6E 23 E2 44 C4 29 96 4F 28 23 30 75 30 75 00 00
2026-03-15T15:29:50.673527,154.108,can0  040  [04]  07 00 32 00
2026-03-15T15:29:50.772164,154.207,can0  204  [16]  6E 23 D9 44 BF 29 F5 4E 28 23 30 75 30 75 00 00
2026-03-15T15:29:50.772376,154.207,can0  070  [20]  EA 2A 4D 08 FA B0 62 03 50 C3 00 00 1D 16 00 00 22 00 00 00
2026-03-15T15:29:50.772606,154.207,can0  204  [16]  6E 23 D9 44 BF 29 F5 4E 28 23 30 75 30 75 00 00
2026-03-15T15:29:50.872459,154.307,can0  204  [16]  6E 23 D2 44 E6 29 60 4F 28 23 30 75 30 75 00 00
2026-03-15T15:29:50.872658,154.307,can0  041  [04]  F3 00 09 00
2026-03-15T15:29:50.872896,154.307,can0  060  [32]  00 00 00 00 00 00 00 00 00 00 00 00 00 00 00 00 00 00 00 00 00 00 00 00 00 00 00 00 00 00 00 00
2026-03-15T15:29:50.873497,154.308,can0  040  [04]  04 00 32 00
2026-03-15T15:29:50.873821,154.308,can0  204  [16]  6E 23 DB 44 C4 29 AF 4D 28 23 30 75 30 75 00 00
2026-03-15T15:29:50.927159,154.362,can0  040  [04]  04 00 32 00
2026-03-15T15:29:50.929774,154.364,can0  204  [16]  6E 23 DB 44 C4 29 AF 4D 28 23 30 75 30 75 00 00
2026-03-15T15:29:51.072761,154.507,can0  204  [16]  6E 23 D3 44 12 2A 95 50 28 23 30 75 30 75 00 00
2026-03-15T15:29:51.072979,154.507,can0  204  [16]  6E 23 D3 44 12 2A 95 50 28 23 30 75 30 75 00 00
2026-03-15T15:29:51.172630,154.607,can0  041  [04]  FD 00 08 00
2026-03-15T15:29:51.172861,154.607,can0  204  [16]  6E 23 CF 44 B6 29 64 4F 28 23 30 75 30 75 00 00
2026-03-15T15:29:51.173472,154.608,can0  040  [04]  02 00 33 00
2026-03-15T15:29:51.173734,154.608,can0  204  [16]  6E 23 D1 44 14 2A 74 4F 28 23 30 75 30 75 00 00
2026-03-15T15:29:51.272527,154.707,can0  040  [04]  02 00 33 00
2026-03-15T15:29:51.272747,154.707,can0  070  [20]  EA 2A 4D 08 FA B0 62 03 50 C3 00 00 1D 16 00 00 22 00 00 00
2026-03-15T15:29:51.272967,154.707,can0  204  [16]  6E 23 D1 44 14 2A 74 4F 28 23 30 75 30 75 00 00
2026-03-15T15:29:51.372113,154.807,can0  204  [16]  6E 23 E7 44 86 29 3F 4F 28 23 30 75 30 75 00 00
2026-03-15T15:29:51.372323,154.807,can0  060  [32]  00 00 00 00 EA 2A 4D 08 4F 06 B8 10 00 00 10 0E FF 01 00 00 00 00 00 00 01 00 00 00 00 00 00 00
2026-03-15T15:29:51.372821,154.807,can0  204  [16]  6E 23 E7 44 86 29 3F 4F 28 23 30 75 30 75 00 00
2026-03-15T15:29:51.372997,154.807,can0  041  [04]  F8 00 0B 00
2026-03-15T15:29:51.373175,154.808,can0  070  [20]  EA 2A 4D 08 FA B0 62 03 50 C3 00 00 1D 16 00 00 22 00 00 00
2026-03-15T15:29:51.373854,154.808,can0  100  [03]  85 4E 04
2026-03-15T15:29:51.374367,154.809,can0  120  [04]  00 00 00 00
2026-03-15T15:29:51.472717,154.907,can0  040  [04]  02 00 32 00
2026-03-15T15:29:51.472994,154.907,can0  204  [16]  6E 23 E2 44 BD 29 08 4F 28 23 30 75 30 75 00 00
2026-03-15T15:29:51.473551,154.908,can0  040  [04]  02 00 32 00
2026-03-15T15:29:51.473788,154.908,can0  204  [16]  6E 23 E1 44 B1 29 71 4F 28 23 30 75 30 75 00 00
2026-03-15T15:29:51.572170,155.007,can0  204  [16]  6E 23 E1 44 B1 29 71 4F 28 23 30 75 30 75 00 00
2026-03-15T15:29:51.671893,155.106,can0  204  [16]  6E 23 E1 44 B1 29 71 4F 28 23 30 75 30 75 00 00
2026-03-15T15:29:51.672079,155.107,can0  070  [20]  EC 2A 4D 08 F8 B0 62 03 38 C7 00 00 1D 16 00 00 0B 00 00 00
2026-03-15T15:29:51.672350,155.107,can0  041  [04]  FE 00 0F 00
2026-03-15T15:29:51.672499,155.107,can0  070  [20]  EC 2A 4D 08 F8 B0 62 03 38 C7 00 00 1D 16 00 00 0C 00 00 00
2026-03-15T15:29:51.673244,155.108,can0  040  [04]  01 00 30 00
2026-03-15T15:29:51.673580,155.108,can0  204  [16]  6E 23 D2 44 E8 29 1E 4E 28 23 30 75 30 75 00 00
2026-03-15T15:29:51.773080,155.208,can0  040  [04]  01 00 30 00
2026-03-15T15:29:51.780712,155.215,can0  204  [16]  6E 23 D2 44 E8 29 1E 4E 28 23 30 75 30 75 00 00
2026-03-15T15:29:51.781113,155.216,can0  070  [20]  EC 2A 4D 08 F8 B0 62 03 38 C7 00 00 1D 16 00 00 0C 00 00 00
2026-03-15T15:29:51.845745,155.280,can0  204  [16]  6E 23 DE 44 E4 29 7D 4E 28 23 30 75 30 75 00 00
2026-03-15T15:29:51.846061,155.280,can0  204  [16]  6E 23 DE 44 E4 29 7D 4E 28 23 30 75 30 75 00 00
2026-03-15T15:29:51.846366,155.281,can0  060  [32]  00 00 00 00 00 00 00 00 00 00 00 00 00 00 00 00 00 00 00 00 00 00 00 00 00 00 00 00 00 00 00 00
2026-03-15T15:29:51.973345,155.408,can0  041  [04]  01 01 11 00
2026-03-15T15:29:51.973730,155.408,can0  204  [16]  6E 23 E0 44 CF 29 9B 4F 28 23 30 75 30 75 00 00
2026-03-15T15:29:51.974560,155.409,can0  040  [04]  02 00 2B 00
2026-03-15T15:29:51.975305,155.410,can0  204  [16]  6E 23 DA 44 CB 29 27 4F 28 23 30 75 30 75 00 00
2026-03-15T15:29:51.975900,155.410,can0  040  [04]  02 00 2B 00
2026-03-15T15:29:52.072009,155.506,can0  204  [16]  6E 23 DA 44 CB 29 27 4F 28 23 30 75 30 75 00 00
2026-03-15T15:29:52.172365,155.607,can0  204  [16]  6E 23 D5 44 DF 29 B0 51 28 23 30 75 30 75 00 00
2026-03-15T15:29:52.172585,155.607,can0  204  [16]  6E 23 D5 44 DF 29 B0 51 28 23 30 75 30 75 00 00
2026-03-15T15:29:52.172765,155.607,can0  041  [04]  FD 00 13 00
2026-03-15T15:29:52.173378,155.608,can0  110  [02]  9F 1B
2026-03-15T15:29:52.272751,155.707,can0  040  [04]  02 00 29 00
2026-03-15T15:29:52.273030,155.707,can0  204  [16]  6E 23 D4 44 D8 29 FC 51 28 23 30 75 30 75 00 00
2026-03-15T15:29:52.273328,155.708,can0  070  [20]  EC 2A 4D 08 F8 B0 62 03 38 C7 00 00 1D 16 00 00 0C 00 00 00
2026-03-15T15:29:52.273830,155.708,can0  040  [04]  02 00 29 00
2026-03-15T15:29:52.274088,155.709,can0  204  [16]  6E 23 E0 44 C1 29 45 50 28 23 30 75 30 75 00 00
2026-03-15T15:29:52.372557,155.807,can0  204  [16]  6E 23 E0 44 C1 29 45 50 28 23 30 75 30 75 00 00
2026-03-15T15:29:52.372843,155.807,can0  070  [20]  EC 2A 4D 08 F8 B0 62 03 38 C7 00 00 1D 16 00 00 0C 00 00 00
2026-03-15T15:29:52.373255,155.808,can0  060  [32]  00 00 00 00 00 00 00 00 00 00 00 00 00 00 00 00 00 00 00 00 00 00 00 00 00 00 00 00 00 00 00 00
2026-03-15T15:29:52.373469,155.808,can0  060  [32]  00 00 00 00 EC 2A 4D 08 4D 06 B8 10 00 00 10 0E FF 01 00 00 00 00 00 00 01 00 00 00 00 00 00 00
2026-03-15T15:29:52.438654,155.873,can0  204  [16]  6E 23 DF 44 C6 29 2B 51 28 23 30 75 30 75 00 00
2026-03-15T15:29:52.438963,155.873,can0  041  [04]  FE 00 15 00
2026-03-15T15:29:52.439309,155.874,can0  204  [16]  6E 23 DF 44 C6 29 2B 51 28 23 30 75 30 75 00 00
2026-03-15T15:29:52.442716,155.877,can0  040  [04]  04 00 26 00
2026-03-15T15:29:52.568467,156.003,can0  204  [16]  6E 23 D7 44 E1 29 43 50 28 23 30 75 30 75 00 00
2026-03-15T15:29:52.568576,156.003,can0  040  [04]  04 00 26 00
2026-03-15T15:29:52.569356,156.004,can0  100  [03]  85 4E 04
2026-03-15T15:29:52.570084,156.005,can0  204  [16]  6E 23 D7 44 E1 29 43 50 28 23 30 75 30 75 00 00
2026-03-15T15:29:52.570779,156.005,can0  120  [04]  00 00 00 00
2026-03-15T15:29:52.659644,156.094,can0  070  [20]  EC 2A 4D 08 F7 B0 62 03 20 CB 00 00 1D 16 00 00 38 00 00 00
2026-03-15T15:29:52.660041,156.094,can0  070  [20]  EC 2A 4D 08 F7 B0 62 03 20 CB 00 00 1D 16 00 00 38 00 00 00
2026-03-15T15:29:52.660334,156.095,can0  204  [16]  6E 23 D3 44 C8 29 C6 52 28 23 30 75 30 75 00 00
2026-03-15T15:29:52.750063,156.185,can0  041  [04]  FA 00 13 00
2026-03-15T15:29:52.750684,156.185,can0  204  [16]  6E 23 DA 44 CD 29 21 52 28 23 30 75 30 75 00 00
2026-03-15T15:29:52.750757,156.185,can0  070  [20]  EC 2A 4D 08 F7 B0 62 03 20 CB 00 00 1D 16 00 00 38 00 00 00
2026-03-15T15:29:52.751316,156.186,can0  040  [04]  08 00 21 00
2026-03-15T15:29:52.751662,156.186,can0  204  [16]  6E 23 DF 44 A1 29 80 52 28 23 30 75 30 75 00 00
2026-03-15T15:29:52.845544,156.280,can0  040  [04]  08 00 21 00
2026-03-15T15:29:52.845924,156.280,can0  204  [16]  6E 23 DF 44 A1 29 80 52 28 23 30 75 30 75 00 00
2026-03-15T15:29:52.846245,156.281,can0  060  [32]  00 00 00 00 00 00 00 00 00 00 00 00 00 00 00 00 00 00 00 00 00 00 00 00 00 00 00 00 00 00 00 00
2026-03-15T15:29:52.935518,156.370,can0  204  [16]  6E 23 DF 44 D2 29 90 4F 28 23 30 75 30 75 00 00
2026-03-15T15:29:52.935772,156.370,can0  204  [16]  6E 23 DF 44 D2 29 90 4F 28 23 30 75 30 75 00 00
2026-03-15T15:29:52.935989,156.370,can0  041  [04]  F5 00 0D 00
2026-03-15T15:29:53.079782,156.514,can0  040  [04]  07 00 1F 00
2026-03-15T15:29:53.080204,156.515,can0  204  [16]  6E 23 D8 44 CB 29 AD 4E 28 23 30 75 30 75 00 00
2026-03-15T15:29:53.081283,156.516,can0  040  [04]  07 00 1F 00
2026-03-15T15:29:53.081594,156.516,can0  204  [16]  6E 23 D6 44 E8 29 41 50 28 23 30 75 30 75 00 00
2026-03-15T15:29:53.150357,156.585,can0  204  [16]  6E 23 D6 44 E8 29 41 50 28 23 30 75 30 75 00 00
2026-03-15T15:29:53.265404,156.700,can0  204  [16]  6E 23 DB 44 C1 29 29 4E 28 23 30 75 30 75 00 00
2026-03-15T15:29:53.265736,156.700,can0  070  [20]  EC 2A 4D 08 F7 B0 62 03 20 CB 00 00 1D 16 00 00 38 00 00 00
2026-03-15T15:29:53.266021,156.700,can0  041  [04]  FD 00 0D 00
2026-03-15T15:29:53.266363,156.701,can0  204  [16]  6E 23 DB 44 C1 29 29 4E 28 23 30 75 30 75 00 00
2026-03-15T15:29:53.267208,156.702,can0  040  [04]  05 00 21 00
2026-03-15T15:29:53.332785,156.767,can0  040  [04]  05 00 21 00
2026-03-15T15:29:53.333069,156.767,can0  204  [16]  6E 23 DE 44 BB 29 DF 4E 28 23 30 75 30 75 00 00
2026-03-15T15:29:53.334349,156.769,can0  070  [20]  EC 2A 4D 08 F7 B0 62 03 20 CB 00 00 1D 16 00 00 38 00 00 00
2026-03-15T15:29:53.334914,156.769,can0  060  [32]  00 00 00 00 00 00 00 00 00 00 00 00 00 00 00 00 00 00 00 00 00 00 00 00 00 00 00 00 00 00 00 00
2026-03-15T15:29:53.334997,156.769,can0  204  [16]  6E 23 E4 44 BB 29 B9 4F 28 23 30 75 30 75 00 00
2026-03-15T15:29:53.427900,156.862,can0  060  [32]  00 00 00 00 EC 2A 4D 08 4B 06 B8 10 00 00 10 0E FF 01 00 00 00 00 00 00 01 00 00 00 00 00 00 00
2026-03-15T15:29:53.428626,156.863,can0  204  [16]  6E 23 E4 44 BB 29 B9 4F 28 23 30 75 30 75 00 00
2026-03-15T15:29:53.538062,156.972,can0  204  [16]  6E 23 E2 44 DF 29 AB 4D 28 23 30 75 30 75 00 00
2026-03-15T15:29:53.538366,156.973,can0  041  [04]  F5 00 0E 00
2026-03-15T15:29:53.538983,156.973,can0  040  [04]  05 00 22 00
2026-03-15T15:29:53.539325,156.974,can0  204  [16]  6E 23 E2 44 DF 29 AB 4D 28 23 30 75 30 75 00 00
2026-03-15T15:29:53.667916,157.102,can0  040  [04]  05 00 22 00
2026-03-15T15:29:53.668021,157.102,can0  070  [20]  EA 2A 4D 08 F7 B0 62 03 08 CF 00 00 1D 16 00 00 38 00 00 00
2026-03-15T15:29:53.668465,157.103,can0  204  [16]  6E 23 E3 44 C1 29 EF 4E 28 23 30 75 30 75 00 00
2026-03-15T15:29:53.668740,157.103,can0  070  [20]  EA 2A 4D 08 F7 B0 62 03 08 CF 00 00 1D 16 00 00 37 00 00 00
2026-03-15T15:29:53.669049,157.103,can0  204  [16]  6E 23 DB 44 FA 29 84 4E 28 23 30 75 30 75 00 00
2026-03-15T15:29:53.765177,157.200,can0  204  [16]  6E 23 DB 44 FA 29 84 4E 28 23 30 75 30 75 00 00
2026-03-15T15:29:53.765510,157.200,can0  070  [20]  EA 2A 4D 08 F7 B0 62 03 08 CF 00 00 1D 16 00 00 37 00 00 00
2026-03-15T15:29:53.765842,157.200,can0  041  [04]  E4 00 0A 00
2026-03-15T15:29:53.766881,157.201,can0  100  [03]  85 4E 04
2026-03-15T15:29:53.767566,157.202,can0  110  [02]  A2 1B
2026-03-15T15:29:53.768192,157.203,can0  120  [04]  00 00 00 00
2026-03-15T15:29:53.834255,157.269,can0  040  [04]  06 00 22 00
2026-03-15T15:29:53.834646,157.269,can0  204  [16]  6E 23 DF 44 AF 29 80 4D 28 23 30 75 30 75 00 00
2026-03-15T15:29:53.835506,157.270,can0  040  [04]  06 00 22 00
2026-03-15T15:29:53.835887,157.270,can0  204  [16]  6E 23 E0 44 B4 29 E5 4E 28 23 30 75 30 75 00 00
2026-03-15T15:29:53.967998,157.402,can0  060  [32]  00 00 00 00 00 00 00 00 00 00 00 00 00 00 00 00 00 00 00 00 00 00 00 00 00 00 00 00 00 00 00 00
2026-03-15T15:29:53.972058,157.406,can0  204  [16]  6E 23 E0 44 B4 29 E5 4E 28 23 30 75 30 75 00 00
2026-03-15T15:29:54.033583,157.468,can0  204  [16]  6E 23 DF 44 B4 29 4B 4E 28 23 30 75 30 75 00 00
2026-03-15T15:29:54.033845,157.468,can0  041  [04]  F3 00 07 00
2026-03-15T15:29:54.034191,157.469,can0  204  [16]  6E 23 DF 44 B4 29 4B 4E 28 23 30 75 30 75 00 00
2026-03-15T15:29:54.038696,157.473,can0  040  [04]  06 00 22 00
2026-03-15T15:29:54.137077,157.572,can0  204  [16]  6E 23 DC 44 D6 29 44 4E 28 23 30 75 30 75 00 00
2026-03-15T15:29:54.138032,157.572,can0  040  [04]  06 00 22 00
2026-03-15T15:29:54.138382,157.573,can0  204  [16]  6E 23 DF 44 E8 29 F6 4E 28 23 30 75 30 75 00 00
2026-03-15T15:29:54.244495,157.679,can0  204  [16]  6E 23 DF 44 E8 29 F6 4E 28 23 30 75 30 75 00 00
2026-03-15T15:29:54.244708,157.679,can0  070  [20]  EA 2A 4D 08 F7 B0 62 03 08 CF 00 00 1D 16 00 00 37 00 00 00
2026-03-15T15:29:54.244952,157.679,can0  204  [16]  6E 23 DB 44 CF 29 08 4F 28 23 30 75 30 75 00 00
2026-03-15T15:29:54.333124,157.768,can0  041  [04]  10 01 00 00
2026-03-15T15:29:54.333740,157.768,can0  040  [04]  05 00 22 00
2026-03-15T15:29:54.334026,157.768,can0  204  [16]  6E 23 DB 44 CF 29 08 4F 28 23 30 75 30 75 00 00
2026-03-15T15:29:54.334231,157.769,can0  070  [20]  EA 2A 4D 08 F7 B0 62 03 08 CF 00 00 1D 16 00 00 37 00 00 00
2026-03-15T15:29:54.334915,157.769,can0  040  [04]  05 00 22 00
2026-03-15T15:29:54.472611,157.907,can0  060  [32]  00 00 00 00 EA 2A 4D 08 4B 06 B8 10 00 00 10 0E FF 01 00 00 00 00 00 00 01 00 00 00 00 00 00 00
2026-03-15T15:29:54.473244,157.908,can0  204  [16]  6E 23 DC 44 CD 29 5F 50 28 23 30 75 30 75 00 00
2026-03-15T15:29:54.473533,157.908,can0  204  [16]  6E 23 D9 44 C6 29 6C 4F 28 23 30 75 30 75 00 00
2026-03-15T15:29:54.572355,158.007,can0  204  [16]  6E 23 D9 44 C6 29 6C 4F 28 23 30 75 30 75 00 00
2026-03-15T15:29:54.572599,158.007,can0  041  [04]  02 00 00 00
2026-03-15T15:29:54.572815,158.007,can0  204  [16]  6E 23 D9 44 C6 29 6C 4F 28 23 30 75 30 75 00 00
2026-03-15T15:29:54.673121,158.108,can0  040  [04]  05 00 22 00
2026-03-15T15:29:54.673446,158.108,can0  070  [20]  EC 2A 4D 08 F5 B0 62 03 F0 D2 00 00 1D 16 00 00 30 00 00 00
2026-03-15T15:29:54.674072,158.108,can0  070  [20]  EC 2A 4D 08 F5 B0 62 03 F0 D2 00 00 1D 16 00 00 2F 00 00 00
2026-03-15T15:29:54.674131,158.109,can0  204  [16]  6E 23 D7 44 BF 29 67 51 28 23 30 75 30 75 00 00
2026-03-15T15:29:54.674744,158.109,can0  040  [04]  05 00 22 00
2026-03-15T15:29:54.772656,158.207,can0  204  [16]  6E 23 DC 44 E1 29 3E 51 28 23 30 75 30 75 00 00
2026-03-15T15:29:54.772939,158.207,can0  070  [20]  EC 2A 4D 08 F5 B0 62 03 F0 D2 00 00 1D 16 00 00 2F 00 00 00
2026-03-15T15:29:54.773251,158.208,can0  204  [16]  6E 23 DB 44 D4 29 87 4E 28 23 30 75 30 75 00 00
2026-03-15T15:29:54.871844,158.306,can0  041  [04]  E4 00 00 00
2026-03-15T15:29:54.872170,158.307,can0  204  [16]  6E 23 DB 44 D4 29 87 4E 28 23 30 75 30 75 00 00
2026-03-15T15:29:54.872860,158.307,can0  040  [04]  0B 00 1A 00
2026-03-15T15:29:54.971907,158.406,can0  060  [32]  00 00 00 00 00 00 00 00 00 00 00 00 00 00 00 00 00 00 00 00 00 00 00 00 00 00 00 00 00 00 00 00
2026-03-15T15:29:54.972295,158.407,can0  204  [16]  6E 23 DA 44 E1 29 D4 52 28 23 30 75 30 75 00 00
2026-03-15T15:29:54.972995,158.407,can0  040  [04]  0B 00 1A 00
2026-03-15T15:29:54.973338,158.408,can0  204  [16]  6E 23 DA 44 E1 29 D4 52 28 23 30 75 30 75 00 00
2026-03-15T15:29:54.974017,158.408,can0  100  [03]  88 4E 04
2026-03-15T15:29:54.974654,158.409,can0  120  [04]  00 00 00 00
2026-03-15T15:29:55.038430,158.473,can0  204  [16]  6E 23 DE 44 E4 29 26 51 28 23 30 75 30 75 00 00
2026-03-15T15:29:55.038648,158.473,can0  204  [16]  6E 23 D9 44 F3 29 3F 51 28 23 30 75 30 75 00 00
2026-03-15T15:29:55.172202,158.607,can0  041  [04]  D8 00 04 00
2026-03-15T15:29:55.172459,158.607,can0  204  [16]  6E 23 D9 44 F3 29 3F 51 28 23 30 75 30 75 00 00
2026-03-15T15:29:55.173115,158.608,can0  040  [04]  15 00 16 00
2026-03-15T15:29:55.173510,158.608,can0  040  [04]  15 00 16 00
2026-03-15T15:29:55.272516,158.707,can0  204  [16]  6E 23 D8 44 E4 29 80 4F 28 23 30 75 30 75 00 00
2026-03-15T15:29:55.272704,158.707,can0  070  [20]  EC 2A 4D 08 F5 B0 62 03 F0 D2 00 00 1D 16 00 00 2F 00 00 00
2026-03-15T15:29:55.275950,158.710,can0  204  [16]  6E 23 D8 44 BF 29 3E 52 28 23 30 75 30 75 00 00
2026-03-15T15:29:55.372217,158.807,can0  204  [16]  6E 23 D8 44 BF 29 3E 52 28 23 30 75 30 75 00 00
2026-03-15T15:29:55.372515,158.807,can0  070  [20]  EC 2A 4D 08 F5 B0 62 03 F0 D2 00 00 1D 16 00 00 2F 00 00 00
2026-03-15T15:29:55.372787,158.807,can0  041  [04]  00 01 07 00
2026-03-15T15:29:55.373464,158.808,can0  110  [02]  9F 1B
2026-03-15T15:29:55.373818,158.808,can0  204  [16]  6E 23 D9 44 BD 29 90 51 28 23 30 75 30 75 00 00
2026-03-15T15:29:55.485894,158.920,can0  060  [32]  00 00 00 00 00 00 00 00 00 00 00 00 00 00 00 00 00 00 00 00 00 00 00 00 00 00 00 00 00 00 00 00
2026-03-15T15:29:55.486570,158.921,can0  040  [04]  1C 00 12 00
2026-03-15T15:29:55.486766,158.921,can0  060  [32]  00 00 00 00 EC 2A 4D 08 4A 06 B8 10 00 00 10 0E FF 01 00 00 00 00 00 00 01 00 00 00 00 00 00 00
2026-03-15T15:29:55.487416,158.922,can0  204  [16]  6E 23 D9 44 BD 29 90 51 28 23 30 75 30 75 00 00
2026-03-15T15:29:55.491953,158.926,can0  040  [04]  1C 00 12 00
2026-03-15T15:29:55.535874,158.970,can0  204  [16]  6E 23 D3 44 CB 29 E3 4E 28 23 30 75 30 75 00 00
2026-03-15T15:29:55.536307,158.971,can0  204  [16]  6E 23 D3 44 CB 29 E3 4E 28 23 30 75 30 75 00 00
2026-03-15T15:29:55.672415,159.107,can0  070  [20]  EC 2A 4D 08 F5 B0 62 03 D8 D6 00 00 1D 16 00 00 55 00 00 00
2026-03-15T15:29:55.672695,159.107,can0  041  [04]  09 01 08 00
2026-03-15T15:29:55.673017,159.107,can0  204  [16]  6E 23 D3 44 D6 29 56 4E 28 23 30 75 30 75 00 00
2026-03-15T15:29:55.673353,159.108,can0  070  [20]  EC 2A 4D 08 F5 B0 62 03 D8 D6 00 00 1D 16 00 00 54 00 00 00
2026-03-15T15:29:55.681097,159.116,can0  040  [04]  18 00 0F 00
2026-03-15T15:29:55.772598,159.207,can0  204  [16]  6E 23 DC 44 D6 29 53 4E 28 23 30 75 30 75 00 00
2026-03-15T15:29:55.773279,159.208,can0  040  [04]  18 00 0F 00
2026-03-15T15:29:55.773489,159.208,can0  070  [20]  EC 2A 4D 08 F5 B0 62 03 D8 D6 00 00 1D 16 00 00 54 00 00 00
2026-03-15T15:29:55.773817,159.208,can0  204  [16]  6E 23 DC 44 D6 29 53 4E 28 23 30 75 30 75 00 00
2026-03-15T15:29:55.838251,159.273,can0  204  [16]  6E 23 DE 44 BD 29 EF 4E 28 23 30 75 30 75 00 00
2026-03-15T15:29:55.838679,159.273,can0  204  [16]  6E 23 D8 44 D2 29 43 4E 28 23 30 75 30 75 00 00
2026-03-15T15:29:55.940731,159.375,can0  041  [04]  01 01 0D 00
2026-03-15T15:29:55.940958,159.375,can0  060  [32]  00 00 00 00 00 00 00 00 00 00 00 00 00 00 00 00 00 00 00 00 00 00 00 00 00 00 00 00 00 00 00 00
2026-03-15T15:29:55.941473,159.376,can0  040  [04]  09 00 13 00
2026-03-15T15:29:55.941742,159.376,can0  204  [16]  6E 23 D8 44 D2 29 43 4E 28 23 30 75 30 75 00 00
2026-03-15T15:29:55.942129,159.377,can0  040  [04]  09 00 13 00
2026-03-15T15:29:56.035651,159.470,can0  204  [16]  6E 23 DA 44 C1 29 3F 4D 28 23 30 75 30 75 00 00
2026-03-15T15:29:56.038278,159.473,can0  204  [16]  6E 23 DA 44 C1 29 3F 4D 28 23 30 75 30 75 00 00
2026-03-15T15:29:56.172431,159.607,can0  204  [16]  6E 23 DA 44 CF 29 65 4D 28 23 30 75 30 75 00 00
2026-03-15T15:29:56.173415,159.608,can0  041  [04]  0A 01 0D 00
2026-03-15T15:29:56.173977,159.608,can0  100  [03]  8B 4E 04
2026-03-15T15:29:56.174381,159.609,can0  204  [16]  6E 23 DC 44 A8 29 8B 4E 28 23 30 75 30 75 00 00
2026-03-15T15:29:56.175258,159.610,can0  120  [04]  00 00 00 00
2026-03-15T15:29:56.179874,159.614,can0  040  [04]  09 00 14 00
2026-03-15T15:29:56.233612,159.668,can0  132  [00]
2026-03-15T15:29:56.233958,159.668,can0  204  [16]  6E 23 DC 44 A8 29 8B 4E 28 23 30 75 30 75 00 00
2026-03-15T15:29:56.234257,159.669,can0  070  [20]  EC 2A 4D 08 F5 B0 62 03 D8 D6 00 00 1D 16 00 00 54 00 00 00
2026-03-15T15:29:56.234741,159.669,can0  040  [04]  09 00 14 00
2026-03-15T15:29:56.372680,159.807,can0  204  [16]  6E 23 D2 44 F3 29 77 4E 28 23 30 75 30 75 00 00
2026-03-15T15:29:56.372778,159.807,can0  070  [20]  EC 2A 4D 08 F5 B0 62 03 D8 D6 00 00 1D 16 00 00 54 00 00 00
2026-03-15T15:29:56.373011,159.807,can0  204  [16]  6E 23 D2 44 F3 29 77 4E 28 23 30 75 30 75 00 00
2026-03-15T15:29:56.472611,159.907,can0  204  [16]  6E 23 D0 44 DB 29 72 4E 28 23 30 75 30 75 00 00
2026-03-15T15:29:56.472961,159.907,can0  041  [04]  05 01 0D 00
2026-03-15T15:29:56.473492,159.908,can0  060  [32]  00 00 00 00 EC 2A 4D 08 4A 06 B8 10 00 00 10 0E FF 01 00 00 00 00 00 00 01 00 00 00 00 00 00 00
2026-03-15T15:29:56.474219,159.909,can0  040  [04]  12 00 16 00
2026-03-15T15:29:56.474589,159.909,can0  204  [16]  6E 23 D5 44 E6 29 28 4F 28 23 30 75 30 75 00 00
2026-03-15T15:29:56.573047,160.007,can0  040  [04]  12 00 16 00
2026-03-15T15:29:56.573424,160.008,can0  204  [16]  6E 23 D5 44 E6 29 28 4F 28 23 30 75 30 75 00 00
2026-03-15T15:29:56.672445,160.107,can0  204  [16]  6E 23 D5 44 E6 29 28 4F 28 23 30 75 30 75 00 00
2026-03-15T15:29:56.673020,160.107,can0  070  [20]  EC 2A 4D 08 F5 B0 62 03 C0 DA 00 00 1D 16 00 00 36 00 00 00
2026-03-15T15:29:56.673396,160.108,can0  070  [20]  EC 2A 4D 08 F5 B0 62 03 C0 DA 00 00 1D 16 00 00 36 00 00 00
2026-03-15T15:29:56.673842,160.108,can0  204  [16]  6E 23 EC 44 A1 29 42 53 28 23 30 75 30 75 00 00
2026-03-15T15:29:56.772508,160.207,can0  041  [04]  0B 01 0E 00
2026-03-15T15:29:56.780021,160.214,can0  204  [16]  6E 23 EC 44 A1 29 42 53 28 23 30 75 30 75 00 00
2026-03-15T15:29:56.780425,160.215,can0  070  [20]  EC 2A 4D 08 F5 B0 62 03 C0 DA 00 00 1D 16 00 00 36 00 00 00
2026-03-15T15:29:56.780968,160.215,can0  040  [04]  15 00 16 00
2026-03-15T15:29:56.781372,160.216,can0  040  [04]  15 00 16 00
2026-03-15T15:29:56.879129,160.314,can0  204  [16]  6E 23 E3 44 D6 29 32 50 28 23 30 75 30 75 00 00
2026-03-15T15:29:56.879472,160.314,can0  204  [16]  6E 23 E3 44 D6 29 32 50 28 23 30 75 30 75 00 00
2026-03-15T15:29:56.945067,160.380,can0  204  [16]  6E 23 DA 44 CF 29 F8 51 28 23 30 75 30 75 00 00
2026-03-15T15:29:56.945385,160.380,can0  060  [32]  00 00 00 00 00 00 00 00 00 00 00 00 00 00 00 00 00 00 00 00 00 00 00 00 00 00 00 00 00 00 00 00
2026-03-15T15:29:56.945675,160.380,can0  041  [04]  0B 01 0B 00
2026-03-15T15:29:56.946007,160.380,can0  204  [16]  6E 23 D1 44 D2 29 0F 4F 28 23 30 75 30 75 00 00
2026-03-15T15:29:56.946834,160.381,can0  110  [02]  9F 1B
2026-03-15T15:29:57.075245,160.510,can0  040  [04]  16 00 12 00
2026-03-15T15:29:57.075615,160.510,can0  204  [16]  6E 23 D1 44 D2 29 0F 4F 28 23 30 75 30 75 00 00
2026-03-15T15:29:57.076102,160.511,can0  040  [04]  16 00 12 00
2026-03-15T15:29:57.149803,160.584,can0  204  [16]  6E 23 CA 44 D4 29 75 4F 28 23 30 75 30 75 00 00
2026-03-15T15:29:57.149915,160.584,can0  204  [16]  6E 23 CA 44 D4 29 75 4F 28 23 30 75 30 75 00 00
2026-03-15T15:29:57.238947,160.673,can0  204  [16]  6E 23 D8 44 CB 29 86 4F 28 23 30 75 30 75 00 00
2026-03-15T15:29:57.239178,160.674,can0  041  [04]  02 01 09 00
2026-03-15T15:29:57.240202,160.675,can0  070  [20]  EC 2A 4D 08 F5 B0 62 03 C0 DA 00 00 1D 16 00 00 36 00 00 00
2026-03-15T15:29:57.240292,160.675,can0  040  [04]  10 00 14 00
2026-03-15T15:29:57.240362,160.675,can0  204  [16]  6E 23 D9 44 E4 29 C9 53 28 23 30 75 30 75 00 00
2026-03-15T15:29:57.394361,160.829,can0  040  [04]  10 00 14 00
2026-03-15T15:29:57.394728,160.829,can0  204  [16]  6E 23 D9 44 E4 29 C9 53 28 23 30 75 30 75 00 00
2026-03-15T15:29:57.394999,160.829,can0  070  [20]  EC 2A 4D 08 F5 B0 62 03 C0 DA 00 00 1D 16 00 00 36 00 00 00
2026-03-15T15:29:57.395214,160.830,can0  060  [32]  71 82 D6 02 14 29 4D 08 AC 3A B8 10 00 00 10 0E FF 01 00 00 00 00 00 00 01 00 00 00 00 00 00 00
2026-03-15T15:29:57.396532,160.831,can0  100  [03]  8D 4E 04
2026-03-15T15:29:57.397166,160.832,can0  120  [04]  00 00 00 00
2026-03-15T15:29:57.467999,160.902,can0  204  [16]  6E 23 D2 44 F1 29 59 52 28 23 30 75 30 75 00 00
2026-03-15T15:29:57.468608,160.903,can0  204  [16]  6E 23 D2 44 F1 29 59 52 28 23 30 75 30 75 00 00
2026-03-15T15:29:57.468691,160.903,can0  041  [04]  10 01 07 00
2026-03-15T15:29:57.534754,160.969,can0  204  [16]  6E 23 C9 44 DD 29 CE 52 28 23 30 75 30 75 00 00
2026-03-15T15:29:57.535402,160.970,can0  040  [04]  1A 00 16 00
2026-03-15T15:29:57.535776,160.970,can0  204  [16]  6E 23 C9 44 DD 29 CE 52 28 23 30 75 30 75 00 00
2026-03-15T15:29:57.536322,160.971,can0  040  [04]  1A 00 16 00
2026-03-15T15:29:57.662408,161.097,can0  070  [20]  EE 2A 4D 08 F5 B0 62 03 A8 DE 00 00 1D 16 00 00 16 00 00 00
2026-03-15T15:29:57.663004,161.097,can0  204  [16]  6E 23 CF 44 B6 29 00 00 28 23 30 75 30 75 00 00
2026-03-15T15:29:57.663762,161.098,can0  070  [20]  EE 2A 4D 08 F5 B0 62 03 A8 DE 00 00 1D 16 00 00 16 00 00 00
2026-03-15T15:29:57.792432,161.227,can0  204  [16]  6E 23 DC 44 CD 29 4C 57 28 23 30 75 30 75 00 00
2026-03-15T15:29:57.793068,161.227,can0  070  [20]  EE 2A 4D 08 F5 B0 62 03 A8 DE 00 00 1D 16 00 00 16 00 00 00
2026-03-15T15:29:57.799810,161.234,can0  041  [04]  10 01 06 00
2026-03-15T15:29:57.799932,161.234,can0  204  [16]  6E 23 DA 44 CD 29 23 4A 28 23 30 75 30 75 00 00
2026-03-15T15:29:57.859004,161.293,can0  040  [04]  23 00 16 00
2026-03-15T15:29:57.859384,161.294,can0  204  [16]  6E 23 DA 44 CD 29 23 4A 28 23 30 75 30 75 00 00
2026-03-15T15:29:57.860214,161.295,can0  040  [04]  23 00 16 00
2026-03-15T15:29:57.860305,161.295,can0  204  [16]  6E 23 D5 44 D2 29 00 00 28 23 30 75 30 75 00 00
2026-03-15T15:29:57.965933,161.400,can0  204  [16]  6E 23 D5 44 D2 29 00 00 28 23 30 75 30 75 00 00
2026-03-15T15:29:58.071827,161.506,can0  204  [16]  6E 23 D8 44 D6 29 1E 4D 28 23 30 75 30 75 00 00
2026-03-15T15:29:58.072123,161.507,can0  041  [04]  10 01 05 00
2026-03-15T15:29:58.072705,161.507,can0  040  [04]  1C 00 16 00
2026-03-15T15:29:58.073105,161.508,can0  204  [16]  6E 23 D5 44 D8 29 4F 4D 28 23 30 75 30 75 00 00
2026-03-15T15:29:58.172951,161.607,can0  040  [04]  1C 00 16 00
2026-03-15T15:29:58.173326,161.608,can0  204  [16]  6E 23 D5 44 D8 29 4F 4D 28 23 30 75 30 75 00 00
2026-03-15T15:29:58.173649,161.608,can0  204  [16]  6E 23 D1 44 C4 29 34 4C 28 23 30 75 30 75 00 00
2026-03-15T15:29:58.276906,161.711,can0  070  [20]  EE 2A 4D 08 F5 B0 62 03 A8 DE 00 00 1D 16 00 00 16 00 00 00
2026-03-15T15:29:58.277252,161.712,can0  204  [16]  6E 23 D1 44 C4 29 34 4C 28 23 30 75 30 75 00 00
2026-03-15T15:29:58.277527,161.712,can0  041  [04]  E4 00 05 00
2026-03-15T15:29:58.345507,161.780,can0  204  [16]  6E 23 D8 44 09 2A 93 4B 28 23 30 75 30 75 00 00
2026-03-15T15:29:58.346260,161.781,can0  040  [04]  1A 00 17 00
2026-03-15T15:29:58.346580,161.781,can0  070  [20]  EE 2A 4D 08 F5 B0 62 03 A8 DE 00 00 1D 16 00 00 16 00 00 00
2026-03-15T15:29:58.346967,161.781,can0  204  [16]  6E 23 E3 44 D8 29 5A 4A 28 23 30 75 30 75 00 00
2026-03-15T15:29:58.347546,161.782,can0  040  [04]  1A 00 17 00
2026-03-15T15:29:58.487388,161.922,can0  204  [16]  6E 23 E3 44 D8 29 5A 4A 28 23 30 75 30 75 00 00
2026-03-15T15:29:58.487654,161.922,can0  060  [32]  00 00 00 00 EE 2A 4D 08 4A 06 B8 10 00 00 10 0E FF 01 00 00 00 00 00 00 01 00 00 00 00 00 00 00
2026-03-15T15:29:58.488446,161.923,can0  204  [16]  6E 23 E8 44 DB 29 31 4B 28 23 30 75 30 75 00 00
2026-03-15T15:29:58.564387,161.999,can0  204  [16]  6E 23 E8 44 DB 29 31 4B 28 23 30 75 30 75 00 00
2026-03-15T15:29:58.565214,162.000,can0  041  [04]  E4 00 07 00
2026-03-15T15:29:58.566357,162.001,can0  100  [03]  8F 4E 04
2026-03-15T15:29:58.568897,162.003,can0  040  [04]  1A 00 17 00
2026-03-15T15:29:58.569004,162.003,can0  110  [02]  9F 1B
2026-03-15T15:29:58.569068,162.003,can0  120  [04]  00 00 00 00
2026-03-15T15:29:58.666357,162.101,can0  204  [16]  6E 23 DC 44 CB 29 79 4C 28 23 30 75 30 75 00 00
2026-03-15T15:29:58.666568,162.101,can0  070  [20]  EE 2A 4D 08 F5 B0 62 03 90 E2 00 00 1D 16 00 00 13 00 00 00
2026-03-15T15:29:58.666723,162.101,can0  133  [00]
2026-03-15T15:29:58.666907,162.101,can0  070  [20]  EE 2A 4D 08 F5 B0 62 03 90 E2 00 00 1D 16 00 00 12 00 00 00
2026-03-15T15:29:58.667413,162.102,can0  040  [04]  1A 00 17 00
2026-03-15T15:29:58.667704,162.102,can0  204  [16]  6E 23 D2 44 BD 29 14 4A 28 23 30 75 30 75 00 00
2026-03-15T15:29:58.756771,162.191,can0  070  [20]  EE 2A 4D 08 F5 B0 62 03 90 E2 00 00 1D 16 00 00 12 00 00 00
2026-03-15T15:29:58.757041,162.191,can0  204  [16]  6E 23 D2 44 BD 29 14 4A 28 23 30 75 30 75 00 00
2026-03-15T15:29:58.846247,162.281,can0  204  [16]  6E 23 D1 44 B4 29 0E 4B 28 23 30 75 30 75 00 00
2026-03-15T15:29:58.847250,162.282,can0  041  [04]  E4 00 07 00
2026-03-15T15:29:58.847322,162.282,can0  204  [16]  6E 23 D1 44 B4 29 0E 4B 28 23 30 75 30 75 00 00
2026-03-15T15:29:58.847367,162.282,can0  040  [04]  12 00 18 00
2026-03-15T15:29:58.939885,162.374,can0  040  [04]  12 00 18 00
2026-03-15T15:29:58.940260,162.375,can0  204  [16]  6E 23 D5 44 CF 29 4E 49 28 23 30 75 30 75 00 00
2026-03-15T15:29:58.940531,162.375,can0  060  [32]  00 00 00 00 00 00 00 00 00 00 00 00 00 00 00 00 00 00 00 00 00 00 00 00 00 00 00 00 00 00 00 00
2026-03-15T15:29:58.940799,162.375,can0  204  [16]  6E 23 D8 44 DB 29 8B 47 28 23 30 75 30 75 00 00
2026-03-15T15:29:59.056657,162.491,can0  204  [16]  6E 23 D8 44 DB 29 8B 47 28 23 30 75 30 75 00 00
2026-03-15T15:29:59.056881,162.491,can0  041  [04]  FD 00 06 00
2026-03-15T15:29:59.144241,162.579,can0  204  [16]  6E 23 DF 44 DB 29 0A 42 28 23 30 75 30 75 00 00
2026-03-15T15:29:59.144729,162.579,can0  040  [04]  0F 00 18 00
2026-03-15T15:29:59.144934,162.579,can0  060  [32]  D4 D1 92 01 CC 4A 4D 08 8A CB 62 03 03 00 B4 08 87 00 7A 00 00 00 00 00 01 00 00 00 00 00 00 00
2026-03-15T15:29:59.145596,162.580,can0  204  [16]  6E 23 E6 44 BB 29 0B 47 28 23 30 75 30 75 00 00
2026-03-15T15:29:59.146067,162.580,can0  040  [04]  0F 00 18 00
2026-03-15T15:29:59.285198,162.720,can0  204  [16]  6E 23 E6 44 BB 29 0B 47 28 23 30 75 30 75 00 00
2026-03-15T15:29:59.285448,162.720,can0  070  [20]  EE 2A 4D 08 F5 B0 62 03 90 E2 00 00 1D 16 00 00 12 00 00 00
2026-03-15T15:29:59.285720,162.720,can0  204  [16]  6E 23 E6 44 C6 29 AA 47 28 23 30 75 30 75 00 00
2026-03-15T15:29:59.372447,162.807,can0  070  [20]  EE 2A 4D 08 F5 B0 62 03 90 E2 00 00 1D 16 00 00 12 00 00 00
2026-03-15T15:29:59.372870,162.807,can0  204  [16]  6E 23 E6 44 C6 29 AA 47 28 23 30 75 30 75 00 00
2026-03-15T15:29:59.373306,162.808,can0  041  [04]  02 01 09 00
2026-03-15T15:29:59.373903,162.808,can0  040  [04]  0E 00 19 00
2026-03-15T15:29:59.471858,162.906,can0  204  [16]  6E 23 DB 44 B6 29 21 49 28 23 30 75 30 75 00 00
2026-03-15T15:29:59.472642,162.907,can0  040  [04]  0E 00 19 00
2026-03-15T15:29:59.472921,162.907,can0  204  [16]  6E 23 D5 44 D8 29 79 49 28 23 30 75 30 75 00 00
2026-03-15T15:29:59.572745,163.007,can0  204  [16]  6E 23 D5 44 D8 29 79 49 28 23 30 75 30 75 00 00
2026-03-15T15:29:59.573073,163.007,can0  204  [16]  6E 23 D5 44 D8 29 79 49 28 23 30 75 30 75 00 00
2026-03-15T15:29:59.687488,163.122,can0  070  [20]  EE 2A 4D 08 F5 B0 62 03 78 E6 00 00 1D 16 00 00 4E 00 00 00
2026-03-15T15:29:59.687797,163.122,can0  041  [04]  04 01 0A 00
2026-03-15T15:29:59.688041,163.122,can0  070  [20]  EE 2A 4D 08 F5 B0 62 03 78 E6 00 00 1D 16 00 00 4E 00 00 00
2026-03-15T15:29:59.688726,163.123,can0  040  [04]  14 00 17 00
2026-03-15T15:29:59.689015,163.123,can0  204  [16]  6E 23 D4 44 D8 29 E1 47 28 23 30 75 30 75 00 00
2026-03-15T15:29:59.759647,163.194,can0  204  [16]  6E 23 DC 44 FA 29 A5 48 28 23 30 75 30 75 00 00
2026-03-15T15:29:59.760565,163.195,can0  040  [04]  14 00 17 00
2026-03-15T15:29:59.760667,163.195,can0  070  [20]  EE 2A 4D 08 F5 B0 62 03 78 E6 00 00 1D 16 00 00 4E 00 00 00
2026-03-15T15:29:59.760934,163.195,can0  204  [16]  6E 23 D7 44 00 2A CC 47 28 23 30 75 30 75 00 00
2026-03-15T15:29:59.761901,163.196,can0  100  [03]  91 4E 04
2026-03-15T15:29:59.762598,163.197,can0  120  [04]  00 00 00 00
2026-03-15T15:29:59.901454,163.336,can0  204  [16]  6E 23 D7 44 00 2A CC 47 28 23 30 75 30 75 00 00
2026-03-15T15:29:59.901745,163.336,can0  041  [04]  0B 01 0B 00
2026-03-15T15:29:59.902066,163.336,can0  204  [16]  6E 23 D9 44 D8 29 6D 48 28 23 30 75 30 75 00 00
2026-03-15T15:29:59.950774,163.385,can0  040  [04]  17 00 16 00
2026-03-15T15:29:59.951155,163.386,can0  204  [16]  6E 23 D9 44 D8 29 6D 48 28 23 30 75 30 75 00 00
2026-03-15T15:29:59.955176,163.390,can0  040  [04]  17 00 16 00
2026-03-15T15:30:00.081367,163.516,can0  204  [16]  6E 23 DF 44 DF 29 26 49 28 23 30 75 30 75 00 00
2026-03-15T15:30:00.081513,163.516,can0  204  [16]  6E 23 DC 44 AF 29 7D 48 28 23 30 75 30 75 00 00
2026-03-15T15:30:00.182531,163.617,can0  204  [16]  6E 23 DC 44 AF 29 7D 48 28 23 30 75 30 75 00 00
2026-03-15T15:30:00.182822,163.617,can0  041  [04]  06 01 06 00
2026-03-15T15:30:00.183735,163.618,can0  110  [02]  A0 1B
2026-03-15T15:30:00.184383,163.619,can0  040  [04]  1C 00 14 00
2026-03-15T15:30:00.282561,163.717,can0  204  [16]  6E 23 E1 44 BB 29 0C 48 28 23 30 75 30 75 00 00
2026-03-15T15:30:00.282765,163.717,can0  070  [20]  EE 2A 4D 08 F5 B0 62 03 78 E6 00 00 1D 16 00 00 4E 00 00 00
2026-03-15T15:30:00.283293,163.718,can0  040  [04]  1C 00 14 00
2026-03-15T15:30:00.283574,163.718,can0  204  [16]  6E 23 E1 44 BB 29 0C 48 28 23 30 75 30 75 00 00
2026-03-15T15:30:00.372599,163.807,can0  204  [16]  6E 23 E0 44 DD 29 B4 46 28 23 30 75 30 75 00 00
2026-03-15T15:30:00.373196,163.808,can0  070  [20]  EE 2A 4D 08 F5 B0 62 03 78 E6 00 00 1D 16 00 00 4E 00 00 00
2026-03-15T15:30:00.373320,163.808,can0  204  [16]  6E 23 E1 44 BD 29 F2 47 28 23 30 75 30 75 00 00
2026-03-15T15:30:00.472427,163.907,can0  041  [04]  00 01 09 00
2026-03-15T15:30:00.473451,163.908,can0  204  [16]  6E 23 E1 44 BD 29 F2 47 28 23 30 75 30 75 00 00
2026-03-15T15:30:00.473563,163.908,can0  040  [04]  21 00 15 00
2026-03-15T15:30:00.473801,163.908,can0  060  [32]  00 00 00 00 EE 2A 4D 08 4A 06 B8 10 00 00 10 0E FF 01 00 00 00 00 00 00 01 00 00 00 00 00 00 00
2026-03-15T15:30:00.474557,163.909,can0  204  [16]  6E 23 E1 44 E4 29 EF 47 28 23 30 75 30 75 00 00
2026-03-15T15:30:00.475098,163.910,can0  040  [04]  21 00 15 00
2026-03-15T15:30:00.572464,164.007,can0  204  [16]  6E 23 E1 44 E4 29 EF 47 28 23 30 75 30 75 00 00
2026-03-15T15:30:00.671947,164.106,can0  070  [20]  EF 2A 4D 08 F5 B0 62 03 00 00 00 00 1E 16 00 00 6F 00 00 00
2026-03-15T15:30:00.672165,164.107,can0  070  [20]  EF 2A 4D 08 F5 B0 62 03 00 00 00 00 1E 16 00 00 6F 00 00 00
2026-03-15T15:30:00.672419,164.107,can0  204  [16]  6E 23 D7 44 BF 29 7B 47 28 23 30 75 30 75 00 00
2026-03-15T15:30:00.672647,164.107,can0  041  [04]  05 01 0B 00
2026-03-15T15:30:00.672831,164.107,can0  204  [16]  6E 23 D5 44 F1 29 D8 47 28 23 30 75 30 75 00 00
2026-03-15T15:30:00.772544,164.207,can0  070  [20]  EF 2A 4D 08 F5 B0 62 03 00 00 00 00 1E 16 00 00 6F 00 00 00
2026-03-15T15:30:00.773068,164.207,can0  040  [04]  27 00 16 00
2026-03-15T15:30:00.773461,164.208,can0  204  [16]  6E 23 D5 44 F1 29 D8 47 28 23 30 75 30 75 00 00
2026-03-15T15:30:00.774044,164.208,can0  040  [04]  27 00 16 00
2026-03-15T15:30:00.891381,164.326,can0  204  [16]  6E 23 D7 44 A5 29 2C 47 28 23 30 75 30 75 00 00
2026-03-15T15:30:00.891825,164.326,can0  204  [16]  6E 23 E2 44 FC 29 39 48 28 23 30 75 30 75 00 00
2026-03-15T15:30:00.962406,164.397,can0  204  [16]  6E 23 E2 44 FC 29 39 48 28 23 30 75 30 75 00 00
2026-03-15T15:30:00.962706,164.397,can0  041  [04]  06 01 0D 00
2026-03-15T15:30:00.963003,164.397,can0  060  [32]  00 00 00 00 00 00 00 00 00 00 00 00 00 00 00 00 00 00 00 00 00 00 00 00 00 00 00 00 00 00 00 00
2026-03-15T15:30:00.963781,164.398,can0  040  [04]  24 00 1B 00
2026-03-15T15:30:00.964655,164.399,can0  100  [03]  8F 4E 04
2026-03-15T15:30:00.965404,164.400,can0  120  [04]  00 00 00 00
2026-03-15T15:30:00.965703,164.400,can0  204  [16]  6E 23 E9 44 B6 29 6C 47 28 23 30 75 30 75 00 00
2026-03-15T15:30:01.072834,164.507,can0  040  [04]  24 00 1B 00
2026-03-15T15:30:01.073284,164.508,can0  204  [16]  6E 23 E9 44 B6 29 6C 47 28 23 30 75 30 75 00 00
2026-03-15T15:30:01.197714,164.632,can0  204  [16]  6E 23 E4 44 00 2A 19 47 28 23 30 75 30 75 00 00
2026-03-15T15:30:01.198049,164.632,can0  204  [16]  6E 23 DF 44 A5 29 12 47 28 23 30 75 30 75 00 00
2026-03-15T15:30:01.244477,164.679,can0  041  [04]  0C 01 0E 00
2026-03-15T15:30:01.244767,164.679,can0  070  [20]  EF 2A 4D 08 F5 B0 62 03 00 00 00 00 1E 16 00 00 6F 00 00 00
2026-03-15T15:30:01.245167,164.680,can0  204  [16]  6E 23 DF 44 A5 29 12 47 28 23 30 75 30 75 00 00
2026-03-15T15:30:01.246150,164.681,can0  040  [04]  20 00 17 00
2026-03-15T15:30:01.246316,164.681,can0  204  [16]  6E 23 E2 44 DF 29 70 46 28 23 30 75 30 75 00 00
2026-03-15T15:30:01.380360,164.815,can0  040  [04]  20 00 17 00
2026-03-15T15:30:01.380675,164.815,can0  070  [20]  EF 2A 4D 08 F5 B0 62 03 00 00 00 00 1E 16 00 00 6F 00 00 00
2026-03-15T15:30:01.381018,164.815,can0  204  [16]  6E 23 E2 44 DF 29 70 46 28 23 30 75 30 75 00 00
2026-03-15T15:30:01.448505,164.883,can0  204  [16]  6E 23 E0 44 B4 29 1E 47 28 23 30 75 30 75 00 00
2026-03-15T15:30:01.448834,164.883,can0  204  [16]  6E 23 DE 44 CB 29 D9 45 28 23 30 75 30 75 00 00
2026-03-15T15:30:01.449098,164.884,can0  060  [32]  00 00 00 00 EF 2A 4D 08 4A 06 B8 10 00 00 10 0E FF 01 00 00 00 00 00 00 01 00 00 00 00 00 00 00
2026-03-15T15:30:01.452320,164.887,can0  041  [04]  07 01 0E 00
2026-03-15T15:30:01.584339,165.019,can0  040  [04]  23 00 13 00
2026-03-15T15:30:01.584707,165.019,can0  204  [16]  6E 23 DE 44 CB 29 D9 45 28 23 30 75 30 75 00 00
2026-03-15T15:30:01.585249,165.020,can0  040  [04]  23 00 13 00
2026-03-15T15:30:01.585575,165.020,can0  204  [16]  6E 23 DE 44 CB 29 D9 45 28 23 30 75 30 75 00 00
2026-03-15T15:30:01.673610,165.108,can0  070  [20]  F1 2A 4D 08 F3 B0 62 03 E8 03 00 00 1E 16 00 00 21 00 00 00
2026-03-15T15:30:01.673880,165.108,can0  070  [20]  F1 2A 4D 08 F3 B0 62 03 E8 03 00 00 1E 16 00 00 21 00 00 00
2026-03-15T15:30:01.674219,165.109,can0  204  [16]  6E 23 DC 44 ED 29 EC 48 28 23 30 75 30 75 00 00
2026-03-15T15:30:01.772001,165.206,can0  204  [16]  6E 23 DC 44 ED 29 EC 48 28 23 30 75 30 75 00 00
2026-03-15T15:30:01.772610,165.207,can0  070  [20]  F1 2A 4D 08 F3 B0 62 03 E8 03 00 00 1E 16 00 00 21 00 00 00
2026-03-15T15:30:01.779978,165.214,can0  041  [04]  08 01 0F 00
2026-03-15T15:30:01.780735,165.215,can0  040  [04]  2E 00 11 00
2026-03-15T15:30:01.781489,165.216,can0  110  [02]  9F 1B
2026-03-15T15:30:01.781850,165.216,can0  204  [16]  6E 23 DE 44 E1 29 50 47 28 23 30 75 30 75 00 00
2026-03-15T15:30:01.872363,165.307,can0  040  [04]  2E 00 11 00
2026-03-15T15:30:01.872721,165.307,can0  204  [16]  6E 23 DE 44 E1 29 50 47 28 23 30 75 30 75 00 00
2026-03-15T15:30:01.971862,165.406,can0  204  [16]  6E 23 DB 44 D2 29 C9 48 28 23 30 75 30 75 00 00
2026-03-15T15:30:01.972198,165.407,can0  204  [16]  6E 23 DD 44 D4 29 FB 46 28 23 30 75 30 75 00 00
2026-03-15T15:30:01.974618,165.409,can0  060  [32]  00 00 00 00 00 00 00 00 00 00 00 00 00 00 00 00 00 00 00 00 00 00 00 00 00 00 00 00 00 00 00 00
2026-03-15T15:30:02.071788,165.506,can0  041  [04]  04 01 0F 00
2026-03-15T15:30:02.072026,165.506,can0  204  [16]  6E 23 DD 44 D4 29 FB 46 28 23 30 75 30 75 00 00
2026-03-15T15:30:02.072561,165.507,can0  040  [04]  28 00 0F 00
2026-03-15T15:30:02.072822,165.507,can0  204  [16]  6E 23 DE 44 CF 29 7D 46 28 23 30 75 30 75 00 00
2026-03-15T15:30:02.172111,165.607,can0  040  [04]  28 00 0F 00
2026-03-15T15:30:02.172395,165.607,can0  204  [16]  6E 23 DE 44 CF 29 7D 46 28 23 30 75 30 75 00 00
2026-03-15T15:30:02.173028,165.607,can0  100  [03]  92 4E 04
2026-03-15T15:30:02.173576,165.608,can0  120  [04]  00 00 00 00
2026-03-15T15:30:02.271845,165.706,can0  204  [16]  6E 23 E0 44 CB 29 58 45 28 23 30 75 30 75 00 00
2026-03-15T15:30:02.272038,165.706,can0  070  [20]  F1 2A 4D 08 F3 B0 62 03 E8 03 00 00 1E 16 00 00 21 00 00 00
2026-03-15T15:30:02.272267,165.707,can0  204  [16]  6E 23 DE 44 D6 29 A0 47 28 23 30 75 30 75 00 00
2026-03-15T15:30:02.272458,165.707,can0  041  [04]  03 01 0E 00
2026-03-15T15:30:02.372666,165.807,can0  040  [04]  24 00 0E 00
2026-03-15T15:30:02.372927,165.807,can0  204  [16]  6E 23 DE 44 D6 29 A0 47 28 23 30 75 30 75 00 00
2026-03-15T15:30:02.373116,165.808,can0  070  [20]  F1 2A 4D 08 F3 B0 62 03 E8 03 00 00 1E 16 00 00 21 00 00 00
2026-03-15T15:30:02.373556,165.808,can0  040  [04]  24 00 0E 00
2026-03-15T15:30:02.373790,165.808,can0  204  [16]  6E 23 DA 44 D6 29 64 46 28 23 30 75 30 75 00 00
2026-03-15T15:30:02.472585,165.907,can0  204  [16]  6E 23 DA 44 D6 29 64 46 28 23 30 75 30 75 00 00
2026-03-15T15:30:02.475143,165.910,can0  060  [32]  00 00 00 00 00 00 00 00 00 00 00 00 00 00 00 00 00 00 00 00 00 00 00 00 00 00 00 00 00 00 00 00
2026-03-15T15:30:02.572545,166.007,can0  060  [32]  00 00 00 00 F1 2A 4D 08 48 06 B8 10 00 00 10 0E FF 01 00 00 00 00 00 00 01 00 00 00 00 00 00 00
2026-03-15T15:30:02.573245,166.008,can0  204  [16]  6E 23 DF 44 DF 29 34 45 28 23 30 75 30 75 00 00
2026-03-15T15:30:02.573427,166.008,can0  041  [04]  0C 01 0E 00
2026-03-15T15:30:02.573649,166.008,can0  204  [16]  6E 23 DF 44 DF 29 34 45 28 23 30 75 30 75 00 00
2026-03-15T15:30:02.574162,166.009,can0  040  [04]  18 00 10 00
2026-03-15T15:30:02.672380,166.107,can0  070  [20]  F3 2A 4D 08 F3 B0 62 03 D0 07 00 00 1E 16 00 00 14 00 00 00
2026-03-15T15:30:02.672556,166.107,can0  070  [20]  F3 2A 4D 08 F3 B0 62 03 D0 07 00 00 1E 16 00 00 15 00 00 00
2026-03-15T15:30:02.673151,166.108,can0  040  [04]  18 00 10 00
2026-03-15T15:30:02.673451,166.108,can0  204  [16]  6E 23 E1 44 D6 29 91 45 28 23 30 75 30 75 00 00
2026-03-15T15:30:02.772523,166.207,can0  204  [16]  6E 23 DF 44 CF 29 DF 46 28 23 30 75 30 75 00 00
2026-03-15T15:30:02.772722,166.207,can0  070  [20]  F3 2A 4D 08 F3 B0 62 03 D0 07 00 00 1E 16 00 00 15 00 00 00
2026-03-15T15:30:02.772937,166.207,can0  204  [16]  6E 23 E2 44 BF 29 9F 49 28 23 30 75 30 75 00 00
2026-03-15T15:30:02.872332,166.307,can0  041  [04]  06 01 0D 00
2026-03-15T15:30:02.872653,166.307,can0  204  [16]  6E 23 E2 44 BF 29 9F 49 28 23 30 75 30 75 00 00
2026-03-15T15:30:02.873290,166.308,can0  040  [04]  12 00 15 00
2026-03-15T15:30:02.873634,166.308,can0  204  [16]  6E 23 E1 44 DB 29 B2 47 28 23 30 75 30 75 00 00
2026-03-15T15:30:02.874125,166.309,can0  040  [04]  12 00 15 00
2026-03-15T15:30:02.993388,166.428,can0  204  [16]  6E 23 E1 44 DB 29 B2 47 28 23 30 75 30 75 00 00
2026-03-15T15:30:03.082874,166.517,can0  060  [32]  00 00 00 00 00 00 00 00 00 00 00 00 00 00 00 00 00 00 00 00 00 00 00 00 00 00 00 00 00 00 00 00
2026-03-15T15:30:03.083240,166.518,can0  204  [16]  6E 23 DE 44 CF 29 33 46 28 23 30 75 30 75 00 00
2026-03-15T15:30:03.083559,166.518,can0  204  [16]  6E 23 DE 44 F3 29 11 49 28 23 30 75 30 75 00 00
2026-03-15T15:30:03.083843,166.518,can0  041  [04]  05 01 0B 00
2026-03-15T15:30:03.175956,166.610,can0  040  [04]  0D 00 1A 00
2026-03-15T15:30:03.177061,166.611,can0  204  [16]  6E 23 DE 44 F3 29 11 49 28 23 30 75 30 75 00 00
2026-03-15T15:30:03.177168,166.612,can0  040  [04]  0D 00 1A 00
2026-03-15T15:30:03.177630,166.612,can0  204  [16]  6E 23 D3 44 FE 29 B9 48 28 23 30 75 30 75 00 00
2026-03-15T15:30:03.271809,166.706,can0  060  [32]  30 EC B8 00 9B 79 4D 08 0C 5B 62 03 01 00 B8 0B 80 00 80 00 00 00 00 00 01 00 00 00 00 00 00 00
2026-03-15T15:30:03.272391,166.707,can0  070  [20]  F3 2A 4D 08 F3 B0 62 03 D0 07 00 00 1E 16 00 00 15 00 00 00
2026-03-15T15:30:03.272676,166.707,can0  204  [16]  6E 23 D3 44 FE 29 B9 48 28 23 30 75 30 75 00 00
2026-03-15T15:30:03.376077,166.811,can0  204  [16]  6E 23 D3 44 F5 29 B7 4A 28 23 30 75 30 75 00 00
2026-03-15T15:30:03.376359,166.811,can0  070  [20]  F3 2A 4D 08 F3 B0 62 03 D0 07 00 00 1E 16 00 00 15 00 00 00
2026-03-15T15:30:03.376623,166.811,can0  041  [04]  0B 01 0D 00
2026-03-15T15:30:03.376936,166.811,can0  204  [16]  6E 23 D9 44 DF 29 7A 49 28 23 30 75 30 75 00 00
2026-03-15T15:30:03.378506,166.813,can0  040  [04]  0A 00 1C 00
2026-03-15T15:30:03.378599,166.813,can0  100  [03]  97 4E 04
2026-03-15T15:30:03.379130,166.814,can0  110  [02]  9E 1B
2026-03-15T15:30:03.379821,166.814,can0  120  [04]  00 00 00 00
2026-03-15T15:30:03.451733,166.886,can0  204  [16]  6E 23 D9 44 DF 29 7A 49 28 23 30 75 30 75 00 00
2026-03-15T15:30:03.452817,166.887,can0  040  [04]  0A 00 1C 00
2026-03-15T15:30:03.452917,166.887,can0  204  [16]  6E 23 E0 44 CD 29 13 48 28 23 30 75 30 75 00 00
2026-03-15T15:30:03.586906,167.021,can0  204  [16]  6E 23 E0 44 CD 29 13 48 28 23 30 75 30 75 00 00
2026-03-15T15:30:03.587192,167.022,can0  070  [20]  F3 2A 4D 08 F3 B0 62 03 B8 0B 00 00 1E 16 00 00 62 00 00 00
2026-03-15T15:30:03.652024,167.086,can0  041  [04]  06 01 0D 00
2026-03-15T15:30:03.652672,167.087,can0  204  [16]  6E 23 DF 44 B1 29 0D 4B 28 23 30 75 30 75 00 00
2026-03-15T15:30:03.652760,167.087,can0  070  [20]  F3 2A 4D 08 F3 B0 62 03 B8 0B 00 00 1E 16 00 00 62 00 00 00
2026-03-15T15:30:03.653537,167.088,can0  040  [04]  07 00 20 00
2026-03-15T15:30:03.653846,167.088,can0  204  [16]  6E 23 DB 44 97 29 10 4E 28 23 30 75 30 75 00 00
2026-03-15T15:30:03.654522,167.089,can0  040  [04]  07 00 20 00
2026-03-15T15:30:03.786711,167.221,can0  204  [16]  6E 23 DB 44 97 29 10 4E 28 23 30 75 30 75 00 00
2026-03-15T15:30:03.786927,167.221,can0  070  [20]  F3 2A 4D 08 F3 B0 62 03 B8 0B 00 00 1E 16 00 00 62 00 00 00
2026-03-15T15:30:03.787295,167.222,can0  204  [16]  6E 23 E1 44 CB 29 61 4C 28 23 30 75 30 75 00 00
2026-03-15T15:30:03.854081,167.289,can0  204  [16]  6E 23 DD 44 BD 29 DE 4E 28 23 30 75 30 75 00 00
2026-03-15T15:30:03.854444,167.289,can0  041  [04]  05 01 0C 00
2026-03-15T15:30:03.988117,167.423,can0  204  [16]  6E 23 DD 44 BD 29 DE 4E 28 23 30 75 30 75 00 00
2026-03-15T15:30:03.989466,167.424,can0  040  [04]  04 00 23 00
2026-03-15T15:30:03.989566,167.424,can0  040  [04]  04 00 23 00
2026-03-15T15:30:03.989863,167.424,can0  204  [16]  6E 23 D9 44 EA 29 F3 51 28 23 30 75 30 75 00 00
2026-03-15T15:30:04.057673,167.492,can0  204  [16]  6E 23 D9 44 EA 29 F3 51 28 23 30 75 30 75 00 00
2026-03-15T15:30:04.058050,167.492,can0  204  [16]  6E 23 DE 44 07 2A 5E 57 28 23 30 75 30 75 00 00
2026-03-15T15:30:04.189118,167.624,can0  041  [04]  06 01 07 00
2026-03-15T15:30:04.189535,167.624,can0  204  [16]  6E 23 D9 44 C8 29 F5 5F 28 23 30 75 30 75 00 00
2026-03-15T15:30:04.190271,167.625,can0  040  [04]  02 00 27 00
2026-03-15T15:30:04.259863,167.694,can0  204  [16]  6E 23 D9 44 C8 29 F5 5F 28 23 30 75 30 75 00 00
2026-03-15T15:30:04.261060,167.695,can0  040  [04]  02 00 27 00
2026-03-15T15:30:04.261160,167.696,can0  070  [20]  F3 2A 4D 08 F3 B0 62 03 B8 0B 00 00 1E 16 00 00 62 00 00 00
2026-03-15T15:30:04.266510,167.701,can0  204  [16]  6E 23 D5 44 DD 29 6B 5A 28 23 30 75 30 75 00 00
2026-03-15T15:30:04.397540,167.832,can0  070  [20]  F3 2A 4D 08 F3 B0 62 03 B8 0B 00 00 1E 16 00 00 62 00 00 00
2026-03-15T15:30:04.398072,167.833,can0  204  [16]  6E 23 D5 44 DD 29 6B 5A 28 23 30 75 30 75 00 00
2026-03-15T15:30:04.398375,167.833,can0  204  [16]  6E 23 D2 44 DF 29 00 00 28 23 30 75 30 75 00 00
2026-03-15T15:30:04.466090,167.901,can0  041  [04]  10 01 06 00
2026-03-15T15:30:04.466921,167.901,can0  040  [04]  01 00 2A 00
2026-03-15T15:30:04.467249,167.902,can0  204  [16]  6E 23 DB 44 D4 29 00 00 28 23 30 75 30 75 00 00
2026-03-15T15:30:04.597601,168.032,can0  040  [04]  01 00 2A 00
2026-03-15T15:30:04.600527,168.035,can0  204  [16]  6E 23 DB 44 D4 29 00 00 28 23 30 75 30 75 00 00
2026-03-15T15:30:04.600624,168.035,can0  060  [32]  00 00 00 00 F3 2A 4D 08 48 06 B8 10 00 00 10 0E FF 01 00 00 00 00 00 00 01 00 00 00 00 00 00 00
2026-03-15T15:30:04.600699,168.035,can0  204  [16]  6E 23 DB 44 D4 29 00 00 28 23 30 75 30 75 00 00
2026-03-15T15:30:04.600772,168.035,can0  100  [03]  9D 4E 04
2026-03-15T15:30:04.601302,168.036,can0  120  [04]  00 00 00 00
2026-03-15T15:30:04.662664,168.097,can0  070  [20]  F3 2A 4D 08 F3 B0 62 03 A0 0F 00 00 1E 16 00 00 32 00 00 00
2026-03-15T15:30:04.663253,168.098,can0  070  [20]  F3 2A 4D 08 F3 B0 62 03 A0 0F 00 00 1E 16 00 00 31 00 00 00
2026-03-15T15:30:04.663337,168.098,can0  204  [16]  6E 23 DE 44 CF 29 00 00 28 23 30 75 30 75 00 00
2026-03-15T15:30:04.663507,168.098,can0  041  [04]  06 01 06 00
2026-03-15T15:30:04.664459,168.099,can0  040  [04]  67 01 28 00
2026-03-15T15:30:04.776388,168.211,can0  204  [16]  6E 23 DE 44 CF 29 00 00 28 23 30 75 30 75 00 00
2026-03-15T15:30:04.776676,168.211,can0  070  [20]  F3 2A 4D 08 F3 B0 62 03 A0 0F 00 00 1E 16 00 00 31 00 00 00
2026-03-15T15:30:04.777509,168.212,can0  040  [04]  67 01 28 00
2026-03-15T15:30:04.778261,168.213,can0  204  [16]  6E 23 E4 44 B4 29 00 00 28 23 30 75 30 75 00 00
2026-03-15T15:30:04.902940,168.337,can0  204  [16]  6E 23 E4 44 B4 29 00 00 28 23 30 75 30 75 00 00
2026-03-15T15:30:04.903339,168.338,can0  204  [16]  6E 23 DD 44 C1 29 00 00 28 23 30 75 30 75 00 00
2026-03-15T15:30:04.962251,168.397,can0  041  [04]  06 01 06 00
2026-03-15T15:30:04.962514,168.397,can0  204  [16]  6E 23 DD 44 C1 29 00 00 28 23 30 75 30 75 00 00
2026-03-15T15:30:04.963126,168.398,can0  040  [04]  67 01 24 00
2026-03-15T15:30:04.963877,168.398,can0  110  [02]  9E 1B
2026-03-15T15:30:05.053190,168.488,can0  204  [16]  6E 23 DC 44 C8 29 00 00 28 23 30 75 30 75 00 00
2026-03-15T15:30:05.053424,168.488,can0  060  [32]  00 00 00 00 00 00 00 00 00 00 00 00 00 00 00 00 00 00 00 00 00 00 00 00 00 00 00 00 00 00 00 00
2026-03-15T15:30:05.054109,168.489,can0  040  [04]  67 01 24 00
2026-03-15T15:30:05.054507,168.489,can0  204  [16]  6E 23 DE 44 DF 29 00 00 28 23 30 75 30 75 00 00
2026-03-15T15:30:05.181196,168.616,can0  204  [16]  6E 23 DE 44 DF 29 00 00 28 23 30 75 30 75 00 00
2026-03-15T15:30:05.182343,168.617,can0  204  [16]  6E 23 E1 44 E6 29 00 00 28 23 30 75 30 75 00 00
2026-03-15T15:30:05.272104,168.707,can0  041  [04]  04 01 05 00
2026-03-15T15:30:05.273025,168.707,can0  070  [20]  F3 2A 4D 08 F3 B0 62 03 A0 0F 00 00 1E 16 00 00 31 00 00 00
2026-03-15T15:30:05.273115,168.708,can0  204  [16]  6E 23 E1 44 E6 29 00 00 28 23 30 75 30 75 00 00
2026-03-15T15:30:05.273194,168.708,can0  040  [04]  67 01 1E 00
2026-03-15T15:30:05.274021,168.708,can0  040  [04]  67 01 1E 00
2026-03-15T15:30:05.274351,168.709,can0  204  [16]  6E 23 DE 44 D8 29 00 00 28 23 30 75 30 75 00 00
2026-03-15T15:30:05.372876,168.807,can0  070  [20]  F3 2A 4D 08 F3 B0 62 03 A0 0F 00 00 1E 16 00 00 31 00 00 00
2026-03-15T15:30:05.373236,168.808,can0  204  [16]  6E 23 C8 44 DF 29 00 00 28 23 30 75 30 75 00 00
2026-03-15T15:30:05.472612,168.907,can0  204  [16]  6E 23 C8 44 DF 29 00 00 28 23 30 75 30 75 00 00
2026-03-15T15:30:05.472829,168.907,can0  041  [04]  FD 00 07 00
2026-03-15T15:30:05.476149,168.911,can0  204  [16]  6E 23 C5 44 D2 29 00 00 28 23 30 75 30 75 00 00
2026-03-15T15:30:05.583543,169.018,can0  040  [04]  67 01 19 00
2026-03-15T15:30:05.583826,169.018,can0  060  [32]  00 00 00 00 F3 2A 4D 08 48 06 B8 10 00 00 10 0E FF 01 00 00 00 00 00 00 01 00 00 00 00 00 00 00
2026-03-15T15:30:05.584483,169.019,can0  204  [16]  6E 23 C5 44 D2 29 00 00 28 23 30 75 30 75 00 00
2026-03-15T15:30:05.585035,169.019,can0  040  [04]  67 01 19 00
2026-03-15T15:30:05.585332,169.020,can0  070  [20]  F4 2A 4D 08 F3 B0 62 03 88 13 00 00 1E 16 00 00 50 00 00 00
2026-03-15T15:30:05.672145,169.107,can0  204  [16]  6E 23 D5 44 CF 29 00 00 28 23 30 75 30 75 00 00
2026-03-15T15:30:05.672430,169.107,can0  070  [20]  F4 2A 4D 08 F3 B0 62 03 88 13 00 00 1E 16 00 00 4F 00 00 00
2026-03-15T15:30:05.672746,169.107,can0  204  [16]  6E 23 EC 44 B6 29 5D 51 28 23 30 75 30 75 00 00
2026-03-15T15:30:05.772141,169.207,can0  070  [20]  F4 2A 4D 08 F3 B0 62 03 88 13 00 00 1E 16 00 00 4F 00 00 00
2026-03-15T15:30:05.772750,169.207,can0  204  [16]  6E 23 EC 44 B6 29 5D 51 28 23 30 75 30 75 00 00
2026-03-15T15:30:05.772843,169.207,can0  041  [04]  E4 00 05 00
2026-03-15T15:30:05.775099,169.210,can0  040  [04]  02 00 1B 00
2026-03-15T15:30:05.775200,169.210,can0  100  [03]  A3 4E 04
2026-03-15T15:30:05.775284,169.210,can0  120  [04]  00 00 00 00
2026-03-15T15:30:05.779311,169.214,can0  204  [16]  6E 23 F3 44 D2 29 00 00 28 23 30 75 30 75 00 00
2026-03-15T15:30:05.913575,169.348,can0  040  [04]  02 00 1B 00
2026-03-15T15:30:05.916494,169.351,can0  204  [16]  6E 23 FC 44 ED 29 00 00 28 23 30 75 30 75 00 00
2026-03-15T15:30:05.960424,169.395,can0  204  [16]  6E 23 FC 44 ED 29 00 00 28 23 30 75 30 75 00 00
2026-03-15T15:30:05.960692,169.395,can0  204  [16]  6E 23 E5 44 E1 29 00 00 28 23 30 75 30 75 00 00
2026-03-15T15:30:06.083950,169.518,can0  041  [04]  F3 00 07 00
2026-03-15T15:30:06.084636,169.519,can0  204  [16]  6E 23 E5 44 E1 29 00 00 28 23 30 75 30 75 00 00
2026-03-15T15:30:06.085271,169.520,can0  060  [32]  00 00 00 00 00 00 00 00 00 00 00 00 00 00 00 00 00 00 00 00 00 00 00 00 00 00 00 00 00 00 00 00
2026-03-15T15:30:06.085977,169.520,can0  040  [04]  03 00 1D 00
2026-03-15T15:30:06.086286,169.521,can0  204  [16]  6E 23 C6 44 D4 29 00 00 28 23 30 75 30 75 00 00
2026-03-15T15:30:06.087006,169.521,can0  040  [04]  03 00 1D 00
2026-03-15T15:30:06.182576,169.617,can0  132  [00]
2026-03-15T15:30:06.182888,169.617,can0  204  [16]  6E 23 B4 44 DD 29 00 00 28 23 30 75 30 75 00 00
2026-03-15T15:30:06.272238,169.707,can0  204  [16]  6E 23 B4 44 DD 29 00 00 28 23 30 75 30 75 00 00
2026-03-15T15:30:06.272759,169.707,can0  070  [20]  F4 2A 4D 08 F3 B0 62 03 88 13 00 00 1E 16 00 00 4F 00 00 00
2026-03-15T15:30:06.272846,169.707,can0  204  [16]  6E 23 BF 44 AC 29 00 00 28 23 30 75 30 75 00 00
2026-03-15T15:30:06.276343,169.711,can0  041  [04]  F8 00 0A 00
2026-03-15T15:30:06.399905,169.834,can0  040  [04]  03 00 21 00
2026-03-15T15:30:06.400345,169.835,can0  204  [16]  6E 23 BF 44 AC 29 00 00 28 23 30 75 30 75 00 00
2026-03-15T15:30:06.400688,169.835,can0  070  [20]  F4 2A 4D 08 F3 B0 62 03 88 13 00 00 1E 16 00 00 4F 00 00 00
2026-03-15T15:30:06.401400,169.836,can0  040  [04]  03 00 21 00
2026-03-15T15:30:06.401684,169.836,can0  204  [16]  6E 23 DF 44 F1 29 00 00 28 23 30 75 30 75 00 00
2026-03-15T15:30:06.489343,169.924,can0  204  [16]  6E 23 F1 44 DB 29 00 00 28 23 30 75 30 75 00 00
2026-03-15T15:30:06.489595,169.924,can0  204  [16]  6E 23 F1 44 DB 29 00 00 28 23 30 75 30 75 00 00
2026-03-15T15:30:06.575171,170.010,can0  060  [32]  00 00 00 00 00 00 00 00 00 00 00 00 00 00 00 00 00 00 00 00 00 00 00 00 00 00 00 00 00 00 00 00
2026-03-15T15:30:06.575409,170.010,can0  041  [04]  F8 00 0D 00
2026-03-15T15:30:06.575586,170.010,can0  060  [32]  00 00 00 00 F4 2A 4D 08 48 06 B8 10 00 00 10 0E FF 01 00 00 00 00 00 00 01 00 00 00 00 00 00 00
2026-03-15T15:30:06.576109,170.011,can0  204  [16]  6E 23 F1 44 DB 29 00 00 28 23 30 75 30 75 00 00
2026-03-15T15:30:06.576705,170.011,can0  040  [04]  67 01 29 00
2026-03-15T15:30:06.579444,170.014,can0  110  [02]  9D 1B
2026-03-15T15:30:06.672587,170.107,can0  070  [20]  F4 2A 4D 08 F3 B0 62 03 70 17 00 00 1E 16 00 00 77 00 00 00
2026-03-15T15:30:06.673183,170.108,can0  040  [04]  67 01 29 00
2026-03-15T15:30:06.673477,170.108,can0  204  [16]  6E 23 F2 44 EA 29 00 00 28 23 30 75 30 75 00 00
2026-03-15T15:30:06.673665,170.108,can0  070  [20]  F4 2A 4D 08 F3 B0 62 03 70 17 00 00 1E 16 00 00 77 00 00 00
2026-03-15T15:30:06.676180,170.111,can0  204  [16]  6E 23 E4 44 A5 29 00 00 28 23 30 75 30 75 00 00
2026-03-15T15:30:06.772259,170.207,can0  070  [20]  F4 2A 4D 08 F3 B0 62 03 70 17 00 00 1E 16 00 00 77 00 00 00
2026-03-15T15:30:06.772545,170.207,can0  204  [16]  6E 23 D6 44 CB 29 B5 4D 28 23 30 75 30 75 00 00
2026-03-15T15:30:06.780581,170.215,can0  041  [04]  FD 00 0D 00
2026-03-15T15:30:06.872471,170.307,can0  204  [16]  6E 23 D6 44 CB 29 B5 4D 28 23 30 75 30 75 00 00
2026-03-15T15:30:06.873202,170.308,can0  040  [04]  04 00 33 00
2026-03-15T15:30:06.873667,170.308,can0  204  [16]  6E 23 D2 44 B6 29 E0 5F 28 23 30 75 30 75 00 00
2026-03-15T15:30:06.880171,170.315,can0  040  [04]  04 00 33 00
2026-03-15T15:30:06.972251,170.407,can0  204  [16]  6E 23 D2 44 B6 29 E0 5F 28 23 30 75 30 75 00 00
2026-03-15T15:30:06.972974,170.407,can0  100  [03]  A8 4E 04
2026-03-15T15:30:06.973575,170.408,can0  120  [04]  00 00 00 00
2026-03-15T15:30:06.973931,170.408,can0  204  [16]  6E 23 D9 44 10 2A E8 62 28 23 30 75 30 75 00 00
2026-03-15T15:30:07.093413,170.528,can0  060  [32]  00 00 00 00 00 00 00 00 00 00 00 00 00 00 00 00 00 00 00 00 00 00 00 00 00 00 00 00 00 00 00 00
2026-03-15T15:30:07.093693,170.528,can0  204  [16]  6E 23 E4 44 EF 29 54 61 28 23 30 75 30 75 00 00
2026-03-15T15:30:07.093885,170.528,can0  041  [04]  F8 00 0D 00
2026-03-15T15:30:07.094516,170.529,can0  040  [04]  04 00 3C 00
2026-03-15T15:30:07.182731,170.617,can0  204  [16]  6E 23 E4 44 EF 29 54 61 28 23 30 75 30 75 00 00
2026-03-15T15:30:07.183369,170.618,can0  040  [04]  04 00 3C 00
2026-03-15T15:30:07.183649,170.618,can0  204  [16]  6E 23 EC 44 D6 29 00 00 28 23 30 75 30 75 00 00
2026-03-15T15:30:07.274236,170.709,can0  070  [20]  F4 2A 4D 08 F3 B0 62 03 70 17 00 00 1E 16 00 00 77 00 00 00
2026-03-15T15:30:07.274506,170.709,can0  204  [16]  6E 23 EC 44 D6 29 00 00 28 23 30 75 30 75 00 00
2026-03-15T15:30:07.274764,170.709,can0  204  [16]  6E 23 DC 44 A8 29 C3 63 28 23 30 75 30 75 00 00
2026-03-15T15:30:07.372567,170.807,can0  070  [20]  F4 2A 4D 08 F3 B0 62 03 70 17 00 00 1E 16 00 00 77 00 00 00
2026-03-15T15:30:07.372784,170.807,can0  041  [04]  FD 00 0D 00
2026-03-15T15:30:07.373390,170.808,can0  040  [04]  01 00 3E 00
2026-03-15T15:30:07.373664,170.808,can0  204  [16]  6E 23 CF 44 9C 29 00 00 28 23 30 75 30 75 00 00
2026-03-15T15:30:07.472296,170.907,can0  204  [16]  6E 23 CF 44 9C 29 00 00 28 23 30 75 30 75 00 00
2026-03-15T15:30:07.472880,170.907,can0  040  [04]  01 00 3E 00
2026-03-15T15:30:07.473242,170.908,can0  204  [16]  6E 23 D1 44 B8 29 57 66 28 23 30 75 30 75 00 00
2026-03-15T15:30:07.572483,171.007,can0  204  [16]  6E 23 D1 44 B8 29 57 66 28 23 30 75 30 75 00 00
2026-03-15T15:30:07.572665,171.007,can0  060  [32]  00 00 00 00 F4 2A 4D 08 48 06 B8 10 00 00 10 0E FF 01 00 00 00 00 00 00 01 00 00 00 00 00 00 00
2026-03-15T15:30:07.573147,171.008,can0  070  [20]  F6 2A 4D 08 F3 B0 62 03 58 1B 00 00 1E 16 00 00 75 00 00 00
2026-03-15T15:30:07.573348,171.008,can0  041  [04]  04 01 0F 00
2026-03-15T15:30:07.573583,171.008,can0  204  [16]  6E 23 D9 44 C4 29 27 64 28 23 30 75 30 75 00 00
2026-03-15T15:30:07.672470,171.107,can0  070  [20]  F6 2A 4D 08 F3 B0 62 03 58 1B 00 00 1E 16 00 00 74 00 00 00
2026-03-15T15:30:07.673180,171.108,can0  040  [04]  00 00 44 00
2026-03-15T15:30:07.673958,171.108,can0  204  [16]  6E 23 D9 44 07 2A 86 68 28 23 30 75 30 75 00 00
2026-03-15T15:30:07.674047,171.108,can0  040  [04]  00 00 44 00
2026-03-15T15:30:07.772921,171.207,can0  204  [16]  6E 23 D9 44 07 2A 86 68 28 23 30 75 30 75 00 00
2026-03-15T15:30:07.773027,171.207,can0  070  [20]  F6 2A 4D 08 F3 B0 62 03 58 1B 00 00 1E 16 00 00 74 00 00 00
2026-03-15T15:30:07.773285,171.208,can0  204  [16]  6E 23 DA 44 DD 29 2C 67 28 23 30 75 30 75 00 00
2026-03-15T15:30:07.872607,171.307,can0  204  [16]  6E 23 DA 44 DD 29 2C 67 28 23 30 75 30 75 00 00
2026-03-15T15:30:07.872887,171.307,can0  041  [04]  06 01 0E 00
2026-03-15T15:30:07.873596,171.308,can0  040  [04]  00 00 41 00
2026-03-15T15:30:07.873932,171.308,can0  204  [16]  6E 23 D3 44 EA 29 12 63 28 23 30 75 30 75 00 00
2026-03-15T15:30:07.972940,171.407,can0  040  [04]  00 00 41 00
2026-03-15T15:30:07.973261,171.408,can0  204  [16]  6E 23 D2 44 DF 29 65 64 28 23 30 75 30 75 00 00
2026-03-15T15:30:08.072039,171.506,can0  204  [16]  6E 23 D2 44 DF 29 65 64 28 23 30 75 30 75 00 00
2026-03-15T15:30:08.072256,171.507,can0  060  [32]  00 00 00 00 00 00 00 00 00 00 00 00 00 00 00 00 00 00 00 00 00 00 00 00 00 00 00 00 00 00 00 00
2026-03-15T15:30:08.072504,171.507,can0  204  [16]  6E 23 DB 44 DD 29 55 60 28 23 30 75 30 75 00 00
2026-03-15T15:30:08.171974,171.606,can0  041  [04]  05 01 0D 00
2026-03-15T15:30:08.172324,171.607,can0  204  [16]  6E 23 DB 44 DD 29 55 60 28 23 30 75 30 75 00 00
2026-03-15T15:30:08.172958,171.607,can0  040  [04]  00 00 3E 00
2026-03-15T15:30:08.173659,171.608,can0  100  [03]  AA 4E 04
2026-03-15T15:30:08.174188,171.609,can0  110  [02]  9E 1B
2026-03-15T15:30:08.174774,171.609,can0  120  [04]  00 00 00 00
2026-03-15T15:30:08.272469,171.707,can0  204  [16]  6E 23 E9 44 E4 29 A1 5C 28 23 30 75 30 75 00 00
2026-03-15T15:30:08.272718,171.707,can0  070  [20]  F6 2A 4D 08 F3 B0 62 03 58 1B 00 00 1E 16 00 00 74 00 00 00
2026-03-15T15:30:08.273492,171.708,can0  040  [04]  00 00 3E 00
2026-03-15T15:30:08.273831,171.708,can0  204  [16]  6E 23 E3 44 CF 29 00 00 28 23 30 75 30 75 00 00
2026-03-15T15:30:08.372276,171.807,can0  204  [16]  6E 23 E3 44 CF 29 00 00 28 23 30 75 30 75 00 00
2026-03-15T15:30:08.372552,171.807,can0  070  [20]  F6 2A 4D 08 F3 B0 62 03 58 1B 00 00 1E 16 00 00 74 00 00 00
2026-03-15T15:30:08.372871,171.807,can0  204  [16]  6E 23 E1 44 BD 29 00 00 28 23 30 75 30 75 00 00
2026-03-15T15:30:08.373132,171.808,can0  041  [04]  0A 01 0A 00
2026-03-15T15:30:08.472676,171.907,can0  040  [04]  05 00 3B 00
2026-03-15T15:30:08.473631,171.908,can0  204  [16]  6E 23 DC 44 A1 29 00 00 28 23 30 75 30 75 00 00
2026-03-15T15:30:08.473718,171.908,can0  040  [04]  05 00 3B 00
2026-03-15T15:30:08.473875,171.908,can0  204  [16]  6E 23 DC 44 A1 29 00 00 28 23 30 75 30 75 00 00
2026-03-15T15:30:08.572446,172.007,can0  060  [32]  00 00 00 00 00 00 00 00 00 00 00 00 00 00 00 00 00 00 00 00 00 00 00 00 00 00 00 00 00 00 00 00
2026-03-15T15:30:08.572595,172.007,can0  133  [00]
2026-03-15T15:30:08.572887,172.007,can0  204  [16]  6E 23 DC 44 A1 29 00 00 28 23 30 75 30 75 00 00
2026-03-15T15:30:08.573020,172.007,can0  060  [32]  00 00 00 00 F6 2A 4D 08 48 06 B8 10 00 00 10 0E FF 01 00 00 00 00 00 00 01 00 00 00 00 00 00 00
2026-03-15T15:30:08.575694,172.010,can0  070  [20]  F6 2A 4D 08 F5 B0 62 03 40 1F 00 00 1E 16 00 00 14 00 00 00
2026-03-15T15:30:08.672398,172.107,can0  070  [20]  F6 2A 4D 08 F5 B0 62 03 40 1F 00 00 1E 16 00 00 14 00 00 00
2026-03-15T15:30:08.672638,172.107,can0  204  [16]  6E 23 DB 44 CF 29 00 00 28 23 30 75 30 75 00 00
2026-03-15T15:30:08.672824,172.107,can0  041  [04]  24 01 05 00
2026-03-15T15:30:08.675639,172.110,can0  204  [16]  6E 23 D8 44 EF 29 00 00 28 23 30 75 30 75 00 00
2026-03-15T15:30:08.771984,172.206,can0  070  [20]  F6 2A 4D 08 F5 B0 62 03 40 1F 00 00 1E 16 00 00 14 00 00 00
2026-03-15T15:30:08.772639,172.207,can0  040  [04]  04 00 36 00
2026-03-15T15:30:08.773147,172.208,can0  040  [04]  04 00 36 00
2026-03-15T15:30:08.773423,172.208,can0  204  [16]  6E 23 D6 44 EA 29 00 00 28 23 30 75 30 75 00 00
2026-03-15T15:30:08.871882,172.306,can0  204  [16]  6E 23 D6 44 EA 29 00 00 28 23 30 75 30 75 00 00
2026-03-15T15:30:08.872141,172.307,can0  204  [16]  6E 23 D8 44 F1 29 00 00 28 23 30 75 30 75 00 00
2026-03-15T15:30:08.972144,172.407,can0  041  [04]  10 01 08 00
2026-03-15T15:30:08.972392,172.407,can0  204  [16]  6E 23 D8 44 F1 29 00 00 28 23 30 75 30 75 00 00
2026-03-15T15:30:08.973038,172.407,can0  040  [04]  04 00 34 00
2026-03-15T15:30:08.975662,172.410,can0  204  [16]  6E 23 D8 44 CD 29 00 00 28 23 30 75 30 75 00 00
2026-03-15T15:30:09.073170,172.508,can0  040  [04]  04 00 34 00
2026-03-15T15:30:09.073562,172.508,can0  204  [16]  6E 23 D5 44 C8 29 00 00 28 23 30 75 30 75 00 00
2026-03-15T15:30:09.073851,172.508,can0  060  [32]  00 00 00 00 00 00 00 00 00 00 00 00 00 00 00 00 00 00 00 00 00 00 00 00 00 00 00 00 00 00 00 00
2026-03-15T15:30:09.172619,172.607,can0  204  [16]  6E 23 D5 44 C8 29 00 00 28 23 30 75 30 75 00 00
2026-03-15T15:30:09.172968,172.607,can0  204  [16]  6E 23 D8 44 D6 29 00 00 28 23 30 75 30 75 00 00
2026-03-15T15:30:09.173234,172.608,can0  041  [04]  08 01 07 00
2026-03-15T15:30:09.271768,172.706,can0  070  [20]  F6 2A 4D 08 F5 B0 62 03 40 1F 00 00 1E 16 00 00 14 00 00 00
2026-03-15T15:30:09.272093,172.707,can0  204  [16]  6E 23 D8 44 D6 29 00 00 28 23 30 75 30 75 00 00
2026-03-15T15:30:09.272782,172.707,can0  040  [04]  04 00 35 00
2026-03-15T15:30:09.273499,172.708,can0  040  [04]  04 00 35 00
2026-03-15T15:30:09.273779,172.708,can0  204  [16]  6E 23 D9 44 D6 29 00 00 28 23 30 75 30 75 00 00
2026-03-15T15:30:09.372102,172.807,can0  070  [20]  F6 2A 4D 08 F5 B0 62 03 40 1F 00 00 1E 16 00 00 14 00 00 00
2026-03-15T15:30:09.372472,172.807,can0  204  [16]  6E 23 DE 44 CB 29 00 00 28 23 30 75 30 75 00 00
2026-03-15T15:30:09.373161,172.808,can0  100  [03]  B1 4E 04
2026-03-15T15:30:09.373731,172.808,can0  120  [04]  00 00 00 00
2026-03-15T15:30:09.472021,172.906,can0  204  [16]  6E 23 DE 44 CB 29 00 00 28 23 30 75 30 75 00 00
2026-03-15T15:30:09.472315,172.907,can0  041  [04]  08 01 09 00
2026-03-15T15:30:09.472634,172.907,can0  204  [16]  6E 23 D7 44 DD 29 00 00 28 23 30 75 30 75 00 00
2026-03-15T15:30:09.473422,172.908,can0  040  [04]  03 00 36 00
2026-03-15T15:30:09.572428,173.007,can0  204  [16]  6E 23 D7 44 DD 29 00 00 28 23 30 75 30 75 00 00
2026-03-15T15:30:09.573097,173.008,can0  040  [04]  03 00 36 00
2026-03-15T15:30:09.573380,173.008,can0  060  [32]  00 00 00 00 F6 2A 4D 08 4A 06 B8 10 00 00 10 0E FF 01 00 00 00 00 00 00 01 00 00 00 00 00 00 00
2026-03-15T15:30:09.574057,173.008,can0  204  [16]  6E 23 CF 44 EA 29 00 00 28 23 30 75 30 75 00 00
2026-03-15T15:30:09.672106,173.107,can0  070  [20]  F6 2A 4D 08 F5 B0 62 03 28 23 00 00 1E 16 00 00 1F 00 00 00
2026-03-15T15:30:09.672416,173.107,can0  070  [20]  F6 2A 4D 08 F5 B0 62 03 28 23 00 00 1E 16 00 00 20 00 00 00
2026-03-15T15:30:09.672650,173.107,can0  204  [16]  6E 23 D1 44 D4 29 00 00 28 23 30 75 30 75 00 00
2026-03-15T15:30:09.772178,173.207,can0  204  [16]  6E 23 D1 44 D4 29 00 00 28 23 30 75 30 75 00 00
2026-03-15T15:30:09.772412,173.207,can0  041  [04]  10 01 0B 00
2026-03-15T15:30:09.772602,173.207,can0  070  [20]  F6 2A 4D 08 F5 B0 62 03 28 23 00 00 1E 16 00 00 20 00 00 00
2026-03-15T15:30:09.773265,173.208,can0  040  [04]  02 00 38 00
2026-03-15T15:30:09.773516,173.208,can0  204  [16]  6E 23 DB 44 D8 29 00 00 28 23 30 75 30 75 00 00
2026-03-15T15:30:09.774132,173.209,can0  110  [02]  9D 1B
2026-03-15T15:30:09.872810,173.307,can0  040  [04]  02 00 38 00
2026-03-15T15:30:09.873207,173.308,can0  204  [16]  6E 23 DB 44 D8 29 00 00 28 23 30 75 30 75 00 00
2026-03-15T15:30:09.873479,173.308,can0  204  [16]  6E 23 DC 44 AF 29 00 00 28 23 30 75 30 75 00 00
2026-03-15T15:30:09.972783,173.407,can0  204  [16]  6E 23 DB 44 CB 29 00 00 28 23 30 75 30 75 00 00
2026-03-15T15:30:09.973057,173.407,can0  041  [04]  10 01 0D 00
2026-03-15T15:30:10.072699,173.507,can0  204  [16]  6E 23 DB 44 CB 29 00 00 28 23 30 75 30 75 00 00
2026-03-15T15:30:10.073482,173.508,can0  040  [04]  02 00 36 00
2026-03-15T15:30:10.073827,173.508,can0  204  [16]  6E 23 D6 44 E8 29 00 00 28 23 30 75 30 75 00 00
2026-03-15T15:30:10.074635,173.509,can0  060  [32]  00 00 00 00 00 00 00 00 00 00 00 00 00 00 00 00 00 00 00 00 00 00 00 00 00 00 00 00 00 00 00 00
2026-03-15T15:30:10.074689,173.509,can0  040  [04]  02 00 36 00
2026-03-15T15:30:10.172789,173.607,can0  204  [16]  6E 23 D6 44 E8 29 00 00 28 23 30 75 30 75 00 00
2026-03-15T15:30:10.173150,173.608,can0  204  [16]  6E 23 D5 44 C8 29 00 00 28 23 30 75 30 75 00 00
2026-03-15T15:30:10.284921,173.719,can0  070  [20]  F6 2A 4D 08 F5 B0 62 03 28 23 00 00 1E 16 00 00 20 00 00 00
2026-03-15T15:30:10.285323,173.720,can0  204  [16]  6E 23 D6 44 DD 29 00 00 28 23 30 75 30 75 00 00
2026-03-15T15:30:10.285599,173.720,can0  041  [04]  06 01 0E 00
2026-03-15T15:30:10.286538,173.721,can0  040  [04]  00 00 38 00
2026-03-15T15:30:10.381469,173.816,can0  204  [16]  6E 23 D6 44 DD 29 00 00 28 23 30 75 30 75 00 00
2026-03-15T15:30:10.382219,173.817,can0  040  [04]  00 00 38 00
2026-03-15T15:30:10.382622,173.817,can0  070  [20]  F6 2A 4D 08 F5 B0 62 03 28 23 00 00 1E 16 00 00 20 00 00 00
2026-03-15T15:30:10.382991,173.817,can0  204  [16]  6E 23 DB 44 B6 29 00 00 28 23 30 75 30 75 00 00
2026-03-15T15:30:10.506626,173.941,can0  204  [16]  6E 23 DB 44 B6 29 00 00 28 23 30 75 30 75 00 00
2026-03-15T15:30:10.506995,173.941,can0  204  [16]  6E 23 DC 44 CD 29 00 00 28 23 30 75 30 75 00 00
2026-03-15T15:30:10.564873,173.999,can0  041  [04]  FA 00 13 00
2026-03-15T15:30:10.565242,174.000,can0  204  [16]  6E 23 DC 44 CD 29 00 00 28 23 30 75 30 75 00 00
2026-03-15T15:30:10.565922,174.000,can0  040  [04]  03 00 35 00
2026-03-15T15:30:10.566248,174.001,can0  060  [32]  00 00 00 00 00 00 00 00 00 00 00 00 00 00 00 00 00 00 00 00 00 00 00 00 00 00 00 00 00 00 00 00
2026-03-15T15:30:10.567020,174.001,can0  100  [03]  B6 4E 04
2026-03-15T15:30:10.567701,174.002,can0  120  [04]  00 00 00 00
2026-03-15T15:30:10.568059,174.002,can0  060  [32]  00 00 00 00 F6 2A 4D 08 4A 06 B8 10 00 00 10 0E FF 01 00 00 00 00 00 00 01 00 00 00 00 00 00 00
2026-03-15T15:30:10.658978,174.093,can0  204  [16]  6E 23 D9 44 BD 29 00 00 28 23 30 75 30 75 00 00
2026-03-15T15:30:10.659185,174.094,can0  070  [20]  F8 2A 4D 08 F7 B0 62 03 10 27 00 00 1E 16 00 00 1C 00 00 00
2026-03-15T15:30:10.659959,174.094,can0  040  [04]  03 00 35 00
2026-03-15T15:30:10.660169,174.095,can0  070  [20]  F8 2A 4D 08 F7 B0 62 03 10 27 00 00 1E 16 00 00 1C 00 00 00
2026-03-15T15:30:10.660419,174.095,can0  204  [16]  6E 23 DA 44 D6 29 00 00 28 23 30 75 30 75 00 00
2026-03-15T15:30:10.785757,174.220,can0  070  [20]  F8 2A 4D 08 F7 B0 62 03 10 27 00 00 1E 16 00 00 1C 00 00 00
2026-03-15T15:30:10.786128,174.221,can0  204  [16]  6E 23 D8 44 ED 29 00 00 28 23 30 75 30 75 00 00
2026-03-15T15:30:10.786444,174.221,can0  041  [04]  F8 00 15 00
2026-03-15T15:30:10.786819,174.221,can0  204  [16]  6E 23 D8 44 ED 29 00 00 28 23 30 75 30 75 00 00
2026-03-15T15:30:10.919064,174.353,can0  040  [04]  03 00 36 00
2026-03-15T15:30:10.919514,174.354,can0  204  [16]  6E 23 D9 44 CD 29 00 00 28 23 30 75 30 75 00 00
2026-03-15T15:30:10.930615,174.365,can0  040  [04]  03 00 36 00
2026-03-15T15:30:10.985489,174.420,can0  204  [16]  6E 23 D9 44 CD 29 00 00 28 23 30 75 30 75 00 00
2026-03-15T15:30:11.110829,174.545,can0  204  [16]  6E 23 DA 44 CD 29 00 00 28 23 30 75 30 75 00 00
2026-03-15T15:30:11.111174,174.546,can0  204  [16]  6E 23 DE 44 BD 29 00 00 28 23 30 75 30 75 00 00
2026-03-15T15:30:11.111452,174.546,can0  041  [04]  FB 00 15 00
2026-03-15T15:30:11.111756,174.546,can0  204  [16]  6E 23 DE 44 BD 29 00 00 28 23 30 75 30 75 00 00
2026-03-15T15:30:11.112022,174.546,can0  060  [32]  00 00 00 00 00 00 00 00 00 00 00 00 00 00 00 00 00 00 00 00 00 00 00 00 00 00 00 00 00 00 00 00
2026-03-15T15:30:11.112551,174.547,can0  040  [04]  67 01 38 00
2026-03-15T15:30:11.178517,174.613,can0  040  [04]  67 01 38 00
2026-03-15T15:30:11.178952,174.613,can0  204  [16]  6E 23 DC 44 DD 29 00 00 28 23 30 75 30 75 00 00
2026-03-15T15:30:11.308789,174.743,can0  070  [20]  F8 2A 4D 08 F7 B0 62 03 10 27 00 00 1E 16 00 00 1C 00 00 00
2026-03-15T15:30:11.309137,174.744,can0  204  [16]  6E 23 DC 44 DD 29 00 00 28 23 30 75 30 75 00 00
2026-03-15T15:30:11.309512,174.744,can0  204  [16]  6E 23 D8 44 C6 29 00 00 28 23 30 75 30 75 00 00
2026-03-15T15:30:11.373531,174.808,can0  070  [20]  F8 2A 4D 08 F7 B0 62 03 10 27 00 00 1E 16 00 00 1C 00 00 00
2026-03-15T15:30:11.373828,174.808,can0  041  [04]  FE 00 12 00
2026-03-15T15:30:11.374181,174.809,can0  204  [16]  6E 23 D8 44 C6 29 00 00 28 23 30 75 30 75 00 00
2026-03-15T15:30:11.374816,174.809,can0  040  [04]  02 00 36 00
2026-03-15T15:30:11.375612,174.810,can0  110  [02]  9E 1B
2026-03-15T15:30:11.375948,174.810,can0  204  [16]  6E 23 D2 44 E6 29 00 00 28 23 30 75 30 75 00 00
2026-03-15T15:30:11.376452,174.811,can0  040  [04]  02 00 36 00
2026-03-15T15:30:11.472846,174.907,can0  204  [16]  6E 23 D8 44 CF 29 00 00 28 23 30 75 30 75 00 00
2026-03-15T15:30:11.593815,175.028,can0  204  [16]  6E 23 D8 44 CF 29 00 00 28 23 30 75 30 75 00 00
2026-03-15T15:30:11.682599,175.117,can0  204  [16]  6E 23 D8 44 CF 29 00 00 28 23 30 75 30 75 00 00
2026-03-15T15:30:11.682816,175.117,can0  070  [20]  F8 2A 4D 08 F7 B0 62 03 F8 2A 00 00 1E 16 00 00 11 00 00 00
2026-03-15T15:30:11.683036,175.117,can0  041  [04]  FC 00 0F 00
2026-03-15T15:30:11.683251,175.118,can0  060  [32]  00 00 00 00 F8 2A 4D 08 4B 06 B8 10 00 00 10 0E FF 01 00 00 00 00 00 00 01 00 00 00 00 00 00 00
2026-03-15T15:30:11.684153,175.119,can0  040  [04]  08 00 2B 00
2026-03-15T15:30:11.684406,175.119,can0  070  [20]  F8 2A 4D 08 F7 B0 62 03 F8 2A 00 00 1E 16 00 00 10 00 00 00
2026-03-15T15:30:11.684660,175.119,can0  204  [16]  6E 23 D8 44 C6 29 00 00 28 23 30 75 30 75 00 00
2026-03-15T15:30:11.685454,175.120,can0  040  [04]  08 00 2B 00
2026-03-15T15:30:11.685535,175.120,can0  204  [16]  6E 23 D8 44 C6 29 00 00 28 23 30 75 30 75 00 00
2026-03-15T15:30:11.776685,175.211,can0  070  [20]  F8 2A 4D 08 F7 B0 62 03 F8 2A 00 00 1E 16 00 00 10 00 00 00
2026-03-15T15:30:11.784332,175.219,can0  204  [16]  6E 23 D1 44 DB 29 00 00 28 23 30 75 30 75 00 00
2026-03-15T15:30:11.785104,175.220,can0  100  [03]  B9 4E 04
2026-03-15T15:30:11.785961,175.220,can0  120  [04]  00 00 00 00
2026-03-15T15:30:11.878783,175.313,can0  204  [16]  6E 23 D1 44 DB 29 00 00 28 23 30 75 30 75 00 00
2026-03-15T15:30:11.879379,175.314,can0  041  [04]  05 01 11 00
2026-03-15T15:30:11.879457,175.314,can0  204  [16]  6E 23 E1 44 E8 29 00 00 28 23 30 75 30 75 00 00
2026-03-15T15:30:11.879851,175.314,can0  040  [04]  0E 00 2F 00
2026-03-15T15:30:11.972506,175.407,can0  204  [16]  6E 23 E5 44 92 29 00 00 28 23 30 75 30 75 00 00
2026-03-15T15:30:11.973092,175.408,can0  040  [04]  0E 00 2F 00
2026-03-15T15:30:11.973426,175.408,can0  204  [16]  6E 23 E5 44 92 29 00 00 28 23 30 75 30 75 00 00
2026-03-15T15:30:12.072233,175.507,can0  204  [16]  6E 23 D7 44 03 2A 00 00 28 23 30 75 30 75 00 00
2026-03-15T15:30:12.072487,175.507,can0  060  [32]  00 00 00 00 00 00 00 00 00 00 00 00 00 00 00 00 00 00 00 00 00 00 00 00 00 00 00 00 00 00 00 00
2026-03-15T15:30:12.172539,175.607,can0  204  [16]  6E 23 D7 44 03 2A 00 00 28 23 30 75 30 75 00 00
2026-03-15T15:30:12.172871,175.607,can0  041  [04]  02 01 12 00
2026-03-15T15:30:12.173478,175.608,can0  040  [04]  0B 00 34 00
2026-03-15T15:30:12.174113,175.609,can0  204  [16]  6E 23 C8 44 BB 29 00 00 28 23 30 75 30 75 00 00
2026-03-15T15:30:12.272740,175.707,can0  040  [04]  0B 00 34 00
2026-03-15T15:30:12.273489,175.708,can0  070  [20]  F8 2A 4D 08 F7 B0 62 03 F8 2A 00 00 1E 16 00 00 10 00 00 00
2026-03-15T15:30:12.273823,175.708,can0  204  [16]  6E 23 DF 44 5A 2A 00 00 28 23 30 75 30 75 00 00
2026-03-15T15:30:12.274132,175.709,can0  204  [16]  6E 23 DF 44 5A 2A 00 00 28 23 30 75 30 75 00 00
2026-03-15T15:30:12.404454,175.839,can0  070  [20]  F8 2A 4D 08 F7 B0 62 03 F8 2A 00 00 1E 16 00 00 10 00 00 00
2026-03-15T15:30:12.404846,175.839,can0  204  [16]  6E 23 F1 44 FE 28 00 00 28 23 30 75 30 75 00 00
2026-03-15T15:30:12.405126,175.840,can0  041  [04]  06 01 13 00
2026-03-15T15:30:12.493306,175.928,can0  204  [16]  6E 23 F1 44 FE 28 00 00 28 23 30 75 30 75 00 00
2026-03-15T15:30:12.493790,175.928,can0  040  [04]  09 00 33 00
2026-03-15T15:30:12.494192,175.929,can0  040  [04]  09 00 33 00
2026-03-15T15:30:12.494572,175.929,can0  204  [16]  6E 23 E7 44 8D 29 00 00 28 23 30 75 30 75 00 00
2026-03-15T15:30:12.607517,176.042,can0  204  [16]  6E 23 E7 44 8D 29 00 00 28 23 30 75 30 75 00 00
2026-03-15T15:30:12.607766,176.042,can0  060  [32]  C8 95 D6 02 CB 28 4D 08 60 36 B8 10 01 00 10 0E FF 01 00 00 00 00 00 00 01 00 00 00 00 00 00 00
2026-03-15T15:30:12.608466,176.043,can0  070  [20]  F8 2A 4D 08 F7 B0 62 03 E0 2E 00 00 1E 16 00 00 30 00 00 00
2026-03-15T15:30:12.671745,176.106,can0  204  [16]  6E 23 D5 44 1E 29 00 00 28 23 30 75 30 75 00 00
2026-03-15T15:30:12.672032,176.106,can0  070  [20]  F8 2A 4D 08 F7 B0 62 03 E0 2E 00 00 1E 16 00 00 30 00 00 00
2026-03-15T15:30:12.672349,176.107,can0  041  [04]  09 01 12 00
2026-03-15T15:30:12.672689,176.107,can0  204  [16]  6E 23 C1 44 10 2A 00 00 28 23 30 75 30 75 00 00
2026-03-15T15:30:12.673364,176.108,can0  040  [04]  08 00 35 00
2026-03-15T15:30:12.800383,176.235,can0  070  [20]  F8 2A 4D 08 F7 B0 62 03 E0 2E 00 00 1E 16 00 00 30 00 00 00
2026-03-15T15:30:12.800724,176.235,can0  204  [16]  6E 23 C1 44 10 2A 00 00 28 23 30 75 30 75 00 00
2026-03-15T15:30:12.801452,176.236,can0  040  [04]  08 00 35 00
2026-03-15T15:30:12.805304,176.240,can0  204  [16]  6E 23 BC 44 D8 29 00 00 28 23 30 75 30 75 00 00
2026-03-15T15:30:12.867360,176.302,can0  204  [16]  6E 23 D4 44 36 2A 00 00 28 23 30 75 30 75 00 00
2026-03-15T15:30:12.867777,176.302,can0  204  [16]  6E 23 D4 44 36 2A 00 00 28 23 30 75 30 75 00 00
2026-03-15T15:30:12.980706,176.415,can0  041  [04]  0C 01 10 00
2026-03-15T15:30:12.981209,176.416,can0  040  [04]  05 00 37 00
2026-03-15T15:30:12.981556,176.416,can0  204  [16]  6E 23 DC 44 C1 29 00 00 28 23 30 75 30 75 00 00
2026-03-15T15:30:12.982193,176.417,can0  100  [03]  C0 4E 04
2026-03-15T15:30:12.982837,176.417,can0  110  [02]  9D 1B
2026-03-15T15:30:12.983429,176.418,can0  120  [04]  00 00 00 00
2026-03-15T15:30:13.080135,176.515,can0  040  [04]  05 00 37 00
2026-03-15T15:30:13.080500,176.515,can0  204  [16]  6E 23 DC 44 C1 29 00 00 28 23 30 75 30 75 00 00
2026-03-15T15:30:13.080823,176.515,can0  204  [16]  6E 23 E9 44 E6 29 00 00 28 23 30 75 30 75 00 00
2026-03-15T15:30:13.193436,176.628,can0  204  [16]  6E 23 D8 44 BF 29 00 00 28 23 30 75 30 75 00 00
2026-03-15T15:30:13.193728,176.628,can0  041  [04]  0C 01 0E 00
2026-03-15T15:30:13.194041,176.628,can0  204  [16]  6E 23 D8 44 BF 29 00 00 28 23 30 75 30 75 00 00
2026-03-15T15:30:13.299588,176.734,can0  070  [20]  F8 2A 4D 08 F7 B0 62 03 E0 2E 00 00 1E 16 00 00 30 00 00 00
2026-03-15T15:30:13.300412,176.735,can0  040  [04]  01 00 3E 00
2026-03-15T15:30:13.300721,176.735,can0  204  [16]  6E 23 C9 44 C1 29 00 00 28 23 30 75 30 75 00 00
2026-03-15T15:30:13.304734,176.739,can0  040  [04]  01 00 3E 00
2026-03-15T15:30:13.367953,176.802,can0  204  [16]  6E 23 C9 44 C1 29 00 00 28 23 30 75 30 75 00 00
2026-03-15T15:30:13.368190,176.803,can0  070  [20]  F8 2A 4D 08 F7 B0 62 03 E0 2E 00 00 1E 16 00 00 30 00 00 00
2026-03-15T15:30:13.368594,176.803,can0  204  [16]  6E 23 D0 44 B8 29 00 00 28 23 30 75 30 75 00 00
2026-03-15T15:30:13.489341,176.924,can0  204  [16]  6E 23 E1 44 B8 29 00 00 28 23 30 75 30 75 00 00
2026-03-15T15:30:13.489557,176.924,can0  041  [04]  05 01 0B 00
2026-03-15T15:30:13.490026,176.924,can0  040  [04]  02 00 42 00
2026-03-15T15:30:13.490273,176.925,can0  204  [16]  6E 23 E1 44 B8 29 00 00 28 23 30 75 30 75 00 00
2026-03-15T15:30:13.578139,177.013,can0  040  [04]  02 00 42 00
2026-03-15T15:30:13.578424,177.013,can0  204  [16]  6E 23 E1 44 B8 29 00 00 28 23 30 75 30 75 00 00
2026-03-15T15:30:13.578628,177.013,can0  070  [20]  F9 2A 4D 08 F8 B0 62 03 C8 32 00 00 1E 16 00 00 43 00 00 00
2026-03-15T15:30:13.686684,177.121,can0  060  [32]  00 00 00 00 F9 2A 4D 08 4D 06 B8 10 00 00 10 0E FF 01 00 00 00 00 00 00 01 00 00 00 00 00 00 00
2026-03-15T15:30:13.687465,177.122,can0  204  [16]  6E 23 E1 44 DB 29 00 00 28 23 30 75 30 75 00 00
2026-03-15T15:30:13.687799,177.122,can0  204  [16]  6E 23 D6 44 F8 29 00 00 28 23 30 75 30 75 00 00
2026-03-15T15:30:13.778205,177.213,can0  070  [20]  F9 2A 4D 08 F8 B0 62 03 C8 32 00 00 1E 16 00 00 42 00 00 00
2026-03-15T15:30:13.778443,177.213,can0  041  [04]  01 01 0D 00
2026-03-15T15:30:13.778634,177.213,can0  070  [20]  F9 2A 4D 08 F8 B0 62 03 C8 32 00 00 1E 16 00 00 42 00 00 00
2026-03-15T15:30:13.778867,177.213,can0  204  [16]  6E 23 CA 44 DD 29 00 00 28 23 30 75 30 75 00 00
2026-03-15T15:30:13.779345,177.214,can0  040  [04]  05 00 42 00
2026-03-15T15:30:13.782414,177.217,can0  040  [04]  05 00 42 00
2026-03-15T15:30:13.872632,177.307,can0  204  [16]  6E 23 CA 44 DD 29 00 00 28 23 30 75 30 75 00 00
2026-03-15T15:30:13.873134,177.308,can0  204  [16]  6E 23 D7 44 C6 29 00 00 28 23 30 75 30 75 00 00
2026-03-15T15:30:13.972071,177.407,can0  204  [16]  6E 23 D7 44 C6 29 00 00 28 23 30 75 30 75 00 00
2026-03-15T15:30:13.972312,177.407,can0  041  [04]  FD 00 13 00
2026-03-15T15:30:13.972542,177.407,can0  204  [16]  6E 23 D7 44 A3 29 00 00 28 23 30 75 30 75 00 00
2026-03-15T15:30:14.072506,177.507,can0  040  [04]  04 00 46 00
2026-03-15T15:30:14.072824,177.507,can0  204  [16]  6E 23 D8 44 E8 29 00 00 28 23 30 75 30 75 00 00
2026-03-15T15:30:14.073382,177.508,can0  040  [04]  04 00 46 00
2026-03-15T15:30:14.073627,177.508,can0  204  [16]  6E 23 D8 44 E8 29 00 00 28 23 30 75 30 75 00 00
2026-03-15T15:30:14.172379,177.607,can0  060  [32]  00 00 00 00 00 00 00 00 00 00 00 00 00 00 00 00 00 00 00 00 00 00 00 00 00 00 00 00 00 00 00 00
2026-03-15T15:30:14.173367,177.608,can0  204  [16]  6E 23 D1 44 DD 29 00 00 28 23 30 75 30 75 00 00
2026-03-15T15:30:14.173454,177.608,can0  100  [03]  C4 4E 04
2026-03-15T15:30:14.173895,177.608,can0  120  [04]  00 00 00 00
2026-03-15T15:30:14.272547,177.707,can0  204  [16]  6E 23 D1 44 DD 29 00 00 28 23 30 75 30 75 00 00
2026-03-15T15:30:14.272799,177.707,can0  070  [20]  F9 2A 4D 08 F8 B0 62 03 C8 32 00 00 1E 16 00 00 42 00 00 00
2026-03-15T15:30:14.273156,177.708,can0  041  [04]  FF 00 16 00
2026-03-15T15:30:14.273722,177.708,can0  040  [04]  05 00 4C 00
2026-03-15T15:30:14.274058,177.708,can0  204  [16]  6E 23 D1 44 D4 29 00 00 28 23 30 75 30 75 00 00
2026-03-15T15:30:14.398754,177.833,can0  070  [20]  F9 2A 4D 08 F8 B0 62 03 C8 32 00 00 1E 16 00 00 42 00 00 00
2026-03-15T15:30:14.399377,177.834,can0  040  [04]  05 00 4C 00
2026-03-15T15:30:14.399750,177.834,can0  204  [16]  6E 23 D2 44 CF 29 00 00 28 23 30 75 30 75 00 00
2026-03-15T15:30:14.400056,177.834,can0  204  [16]  6E 23 D2 44 CF 29 00 00 28 23 30 75 30 75 00 00
2026-03-15T15:30:14.471345,177.906,can0  204  [16]  6E 23 D0 44 B6 29 00 00 28 23 30 75 30 75 00 00
2026-03-15T15:30:14.619694,178.054,can0  041  [04]  02 01 12 00
2026-03-15T15:30:14.620071,178.054,can0  204  [16]  6E 23 D0 44 B6 29 00 00 28 23 30 75 30 75 00 00
2026-03-15T15:30:14.620761,178.055,can0  040  [04]  05 00 4B 00
2026-03-15T15:30:14.621647,178.056,can0  110  [02]  9C 1B
2026-03-15T15:30:14.622085,178.057,can0  204  [16]  6E 23 D3 44 CF 29 00 00 28 23 30 75 30 75 00 00
2026-03-15T15:30:14.623027,178.057,can0  070  [20]  F9 2A 4D 08 F8 B0 62 03 B0 36 00 00 1E 16 00 00 23 00 00 00
2026-03-15T15:30:14.623658,178.058,can0  040  [04]  05 00 4B 00
2026-03-15T15:30:14.668210,178.103,can0  070  [20]  F9 2A 4D 08 F8 B0 62 03 B0 36 00 00 1E 16 00 00 24 00 00 00
2026-03-15T15:30:14.668426,178.103,can0  060  [32]  00 00 00 00 00 00 00 00 00 00 00 00 00 00 00 00 00 00 00 00 00 00 00 00 00 00 00 00 00 00 00 00
2026-03-15T15:30:14.668594,178.103,can0  060  [32]  00 00 00 00 F9 2A 4D 08 4D 06 B8 10 00 00 10 0E FF 01 00 00 00 00 00 00 01 00 00 00 00 00 00 00
2026-03-15T15:30:14.671558,178.106,can0  204  [16]  6E 23 D4 44 E4 29 00 00 28 23 30 75 30 75 00 00
2026-03-15T15:30:14.812889,178.247,can0  204  [16]  6E 23 D4 44 E4 29 00 00 28 23 30 75 30 75 00 00
2026-03-15T15:30:14.813498,178.248,can0  070  [20]  F9 2A 4D 08 F8 B0 62 03 B0 36 00 00 1E 16 00 00 24 00 00 00
2026-03-15T15:30:14.813857,178.248,can0  204  [16]  6E 23 CF 44 F8 29 00 00 28 23 30 75 30 75 00 00
2026-03-15T15:30:14.814741,178.249,can0  041  [04]  0A 01 14 00
2026-03-15T15:30:14.905066,178.340,can0  040  [04]  06 00 4B 00
2026-03-15T15:30:14.905618,178.340,can0  204  [16]  6E 23 CF 44 F8 29 00 00 28 23 30 75 30 75 00 00
2026-03-15T15:30:14.906134,178.341,can0  040  [04]  06 00 4B 00
2026-03-15T15:30:14.906443,178.341,can0  204  [16]  6E 23 CE 44 DD 29 00 00 28 23 30 75 30 75 00 00
2026-03-15T15:30:14.991629,178.426,can0  204  [16]  6E 23 D1 44 D4 29 00 00 28 23 30 75 30 75 00 00
2026-03-15T15:30:15.077370,178.512,can0  204  [16]  6E 23 D1 44 D4 29 00 00 28 23 30 75 30 75 00 00
2026-03-15T15:30:15.077582,178.512,can0  041  [04]  07 01 17 00
2026-03-15T15:30:15.077824,178.512,can0  204  [16]  6E 23 D2 44 AA 29 00 00 28 23 30 75 30 75 00 00
2026-03-15T15:30:15.078418,178.513,can0  040  [04]  07 00 48 00
2026-03-15T15:30:15.172638,178.607,can0  204  [16]  6E 23 D2 44 AA 29 00 00 28 23 30 75 30 75 00 00
2026-03-15T15:30:15.173194,178.608,can0  040  [04]  07 00 48 00
2026-03-15T15:30:15.173451,178.608,can0  060  [32]  00 00 00 00 00 00 00 00 00 00 00 00 00 00 00 00 00 00 00 00 00 00 00 00 00 00 00 00 00 00 00 00
2026-03-15T15:30:15.173707,178.608,can0  204  [16]  6E 23 D5 44 C6 29 00 00 28 23 30 75 30 75 00 00
2026-03-15T15:30:15.272310,178.707,can0  070  [20]  F9 2A 4D 08 F8 B0 62 03 B0 36 00 00 1E 16 00 00 24 00 00 00
2026-03-15T15:30:15.272699,178.707,can0  204  [16]  6E 23 D6 44 BF 29 00 00 28 23 30 75 30 75 00 00
2026-03-15T15:30:15.275214,178.710,can0  204  [16]  6E 23 D6 44 BF 29 00 00 28 23 30 75 30 75 00 00
2026-03-15T15:30:15.372479,178.807,can0  041  [04]  04 01 16 00
2026-03-15T15:30:15.372938,178.807,can0  070  [20]  F9 2A 4D 08 F8 B0 62 03 B0 36 00 00 1E 16 00 00 24 00 00 00
2026-03-15T15:30:15.374009,178.808,can0  040  [04]  07 00 47 00
2026-03-15T15:30:15.374100,178.809,can0  204  [16]  6E 23 D4 44 D6 29 00 00 28 23 30 75 30 75 00 00
2026-03-15T15:30:15.374698,178.809,can0  040  [04]  07 00 47 00
2026-03-15T15:30:15.375708,178.810,can0  100  [03]  C8 4E 04
2026-03-15T15:30:15.379875,178.814,can0  120  [04]  00 00 00 00
2026-03-15T15:30:15.513206,178.948,can0  204  [16]  6E 23 D4 44 D6 29 00 00 28 23 30 75 30 75 00 00
2026-03-15T15:30:15.513599,178.948,can0  204  [16]  6E 23 D2 44 D2 29 00 00 28 23 30 75 30 75 00 00
2026-03-15T15:30:15.581597,179.016,can0  204  [16]  6E 23 D2 44 D2 29 00 00 28 23 30 75 30 75 00 00
2026-03-15T15:30:15.581852,179.016,can0  041  [04]  0A 01 14 00
2026-03-15T15:30:15.582145,179.017,can0  070  [20]  FB 2A 4D 08 F8 B0 62 03 98 3A 00 00 1E 16 00 00 25 00 00 00
2026-03-15T15:30:15.586288,179.021,can0  040  [04]  07 00 42 00
2026-03-15T15:30:15.708156,179.143,can0  204  [16]  6E 23 D1 44 CD 29 00 00 28 23 30 75 30 75 00 00
2026-03-15T15:30:15.708473,179.143,can0  070  [20]  FB 2A 4D 08 F8 B0 62 03 98 3A 00 00 1E 16 00 00 26 00 00 00
2026-03-15T15:30:15.708733,179.143,can0  060  [32]  00 00 00 00 FB 2A 4D 08 4D 06 B8 10 00 00 10 0E FF 01 00 00 00 00 00 00 01 00 00 00 00 00 00 00
2026-03-15T15:30:15.709790,179.144,can0  040  [04]  07 00 42 00
2026-03-15T15:30:15.710150,179.145,can0  204  [16]  6E 23 D5 44 C4 29 00 00 28 23 30 75 30 75 00 00
2026-03-15T15:30:15.822355,179.257,can0  070  [20]  FB 2A 4D 08 F8 B0 62 03 98 3A 00 00 1E 16 00 00 26 00 00 00
2026-03-15T15:30:15.823130,179.258,can0  204  [16]  6E 23 D6 44 C4 29 00 00 28 23 30 75 30 75 00 00
2026-03-15T15:30:15.823755,179.258,can0  204  [16]  6E 23 D6 44 C4 29 00 00 28 23 30 75 30 75 00 00
2026-03-15T15:30:15.875405,179.310,can0  041  [04]  FA 00 0E 00
2026-03-15T15:30:15.875946,179.310,can0  204  [16]  6E 23 D6 44 CF 29 00 00 28 23 30 75 30 75 00 00
2026-03-15T15:30:15.876476,179.311,can0  040  [04]  09 00 3A 00
2026-03-15T15:30:15.972521,179.407,can0  204  [16]  6E 23 D6 44 CF 29 00 00 28 23 30 75 30 75 00 00
2026-03-15T15:30:15.973077,179.408,can0  040  [04]  09 00 3A 00
2026-03-15T15:30:15.973359,179.408,can0  204  [16]  6E 23 D4 44 CD 29 00 00 28 23 30 75 30 75 00 00
2026-03-15T15:30:16.072542,179.507,can0  132  [00]
2026-03-15T15:30:16.073306,179.508,can0  204  [16]  6E 23 D5 44 DB 29 00 00 28 23 30 75 30 75 00 00
2026-03-15T15:30:16.073621,179.508,can0  204  [16]  6E 23 D5 44 DB 29 00 00 28 23 30 75 30 75 00 00
2026-03-15T15:30:16.188772,179.623,can0  041  [04]  F1 00 0F 00
2026-03-15T15:30:16.189440,179.624,can0  060  [32]  00 00 00 00 00 00 00 00 00 00 00 00 00 00 00 00 00 00 00 00 00 00 00 00 00 00 00 00 00 00 00 00
2026-03-15T15:30:16.190093,179.625,can0  040  [04]  08 00 3A 00
2026-03-15T15:30:16.190516,179.625,can0  204  [16]  6E 23 D4 44 CB 29 00 00 28 23 30 75 30 75 00 00
2026-03-15T15:30:16.191136,179.626,can0  110  [02]  9B 1B
2026-03-15T15:30:16.191681,179.626,can0  040  [04]  08 00 3A 00
2026-03-15T15:30:16.280473,179.715,can0  204  [16]  6E 23 D4 44 CB 29 00 00 28 23 30 75 30 75 00 00
2026-03-15T15:30:16.280752,179.715,can0  070  [20]  FB 2A 4D 08 F8 B0 62 03 98 3A 00 00 1E 16 00 00 26 00 00 00
2026-03-15T15:30:16.281174,179.716,can0  204  [16]  6E 23 CF 44 C4 29 00 00 28 23 30 75 30 75 00 00
2026-03-15T15:30:16.374607,179.809,can0  070  [20]  FB 2A 4D 08 F8 B0 62 03 98 3A 00 00 1E 16 00 00 26 00 00 00
2026-03-15T15:30:16.374982,179.809,can0  204  [16]  6E 23 CF 44 C4 29 00 00 28 23 30 75 30 75 00 00
2026-03-15T15:30:16.375317,179.810,can0  041  [04]  E9 00 14 00
2026-03-15T15:30:16.375670,179.810,can0  204  [16]  6E 23 D6 44 C1 29 00 00 28 23 30 75 30 75 00 00
2026-03-15T15:30:16.472088,179.907,can0  040  [04]  06 00 3A 00
2026-03-15T15:30:16.472759,179.907,can0  204  [16]  6E 23 D9 44 C6 29 00 00 28 23 30 75 30 75 00 00
2026-03-15T15:30:16.473661,179.908,can0  040  [04]  06 00 3A 00
2026-03-15T15:30:16.572646,180.007,can0  204  [16]  6E 23 D9 44 C6 29 00 00 28 23 30 75 30 75 00 00
2026-03-15T15:30:16.572938,180.007,can0  204  [16]  6E 23 D9 44 C6 29 00 00 28 23 30 75 30 75 00 00
2026-03-15T15:30:16.573911,180.008,can0  070  [20]  FB 2A 4D 08 FA B0 62 03 80 3E 00 00 1E 16 00 00 07 00 00 00
2026-03-15T15:30:16.574963,180.009,can0  100  [03]  D0 4E 04
2026-03-15T15:30:16.575665,180.010,can0  120  [04]  00 00 00 00
2026-03-15T15:30:16.702979,180.137,can0  070  [20]  FB 2A 4D 08 FA B0 62 03 80 3E 00 00 1E 16 00 00 07 00 00 00
2026-03-15T15:30:16.703281,180.138,can0  041  [04]  F0 00 1B 00
2026-03-15T15:30:16.703622,180.138,can0  204  [16]  6E 23 D8 44 D8 29 00 00 28 23 30 75 30 75 00 00
2026-03-15T15:30:16.703940,180.138,can0  060  [32]  00 00 00 00 00 00 00 00 00 00 00 00 00 00 00 00 00 00 00 00 00 00 00 00 00 00 00 00 00 00 00 00
2026-03-15T15:30:16.704156,180.139,can0  060  [32]  00 00 00 00 FB 2A 4D 08 4F 06 B8 10 00 00 10 0E FF 01 00 00 00 00 00 00 01 00 00 00 00 00 00 00
2026-03-15T15:30:16.705353,180.140,can0  040  [04]  06 00 39 00
2026-03-15T15:30:16.705660,180.140,can0  204  [16]  6E 23 D8 44 D8 29 00 00 28 23 30 75 30 75 00 00
2026-03-15T15:30:16.709420,180.144,can0  070  [20]  FB 2A 4D 08 FA B0 62 03 80 3E 00 00 1E 16 00 00 07 00 00 00
2026-03-15T15:30:16.773516,180.208,can0  040  [04]  06 00 39 00
2026-03-15T15:30:16.774396,180.209,can0  204  [16]  6E 23 D3 44 BF 29 00 00 28 23 30 75 30 75 00 00
2026-03-15T15:30:16.916267,180.351,can0  204  [16]  6E 23 D3 44 BF 29 00 00 28 23 30 75 30 75 00 00
2026-03-15T15:30:16.916397,180.351,can0  204  [16]  6E 23 D7 44 B4 29 00 00 28 23 30 75 30 75 00 00
2026-03-15T15:30:16.916465,180.351,can0  041  [04]  F2 00 1A 00
2026-03-15T15:30:17.053545,180.488,can0  040  [04]  09 00 36 00
2026-03-15T15:30:17.057669,180.492,can0  204  [16]  6E 23 D9 44 AC 29 00 00 28 23 30 75 30 75 00 00
2026-03-15T15:30:17.058046,180.492,can0  204  [16]  6E 23 D9 44 AC 29 00 00 28 23 30 75 30 75 00 00
2026-03-15T15:30:17.058328,180.493,can0  040  [04]  09 00 36 00
2026-03-15T15:30:17.113094,180.548,can0  204  [16]  6E 23 D3 44 D2 29 00 00 28 23 30 75 30 75 00 00
2026-03-15T15:30:17.209612,180.644,can0  204  [16]  6E 23 D3 44 D2 29 00 00 28 23 30 75 30 75 00 00
2026-03-15T15:30:17.209919,180.644,can0  041  [04]  F0 00 19 00
2026-03-15T15:30:17.210242,180.645,can0  060  [32]  00 00 00 00 00 00 00 00 00 00 00 00 00 00 00 00 00 00 00 00 00 00 00 00 00 00 00 00 00 00 00 00
2026-03-15T15:30:17.210485,180.645,can0  204  [16]  6E 23 D2 44 EA 29 00 00 28 23 30 75 30 75 00 00
2026-03-15T15:30:17.210695,180.645,can0  070  [20]  FB 2A 4D 08 FA B0 62 03 80 3E 00 00 1E 16 00 00 07 00 00 00
2026-03-15T15:30:17.213662,180.648,can0  040  [04]  0C 00 37 00
2026-03-15T15:30:17.313741,180.748,can0  204  [16]  6E 23 D3 44 FE 29 00 00 28 23 30 75 30 75 00 00
2026-03-15T15:30:17.314305,180.749,can0  040  [04]  0C 00 37 00
2026-03-15T15:30:17.314570,180.749,can0  204  [16]  6E 23 D3 44 FE 29 00 00 28 23 30 75 30 75 00 00
2026-03-15T15:30:17.314744,180.749,can0  070  [20]  FB 2A 4D 08 FA B0 62 03 80 3E 00 00 1E 16 00 00 07 00 00 00
2026-03-15T15:30:17.417324,180.852,can0  204  [16]  6E 23 D3 44 C6 29 00 00 28 23 30 75 30 75 00 00
2026-03-15T15:30:17.521060,180.955,can0  204  [16]  6E 23 D3 44 C6 29 00 00 28 23 30 75 30 75 00 00
2026-03-15T15:30:17.521376,180.956,can0  041  [04]  F1 00 18 00
2026-03-15T15:30:17.521695,180.956,can0  204  [16]  6E 23 D5 44 DD 29 00 00 28 23 30 75 30 75 00 00
2026-03-15T15:30:17.522262,180.957,can0  040  [04]  0E 00 35 00
2026-03-15T15:30:17.623058,181.057,can0  040  [04]  0E 00 35 00
2026-03-15T15:30:17.623160,181.058,can0  204  [16]  6E 23 D5 44 DD 29 00 00 28 23 30 75 30 75 00 00
2026-03-15T15:30:17.623336,181.058,can0  070  [20]  FB 2A 4D 08 FA B0 62 03 68 42 00 00 1E 16 00 00 1C 00 00 00
2026-03-15T15:30:17.623665,181.058,can0  204  [16]  6E 23 D1 44 9C 29 00 00 28 23 30 75 30 75 00 00
2026-03-15T15:30:17.688082,181.123,can0  070  [20]  FB 2A 4D 08 FA B0 62 03 68 42 00 00 1E 16 00 00 1C 00 00 00
2026-03-15T15:30:17.688448,181.123,can0  204  [16]  6E 23 D8 44 CB 29 00 00 28 23 30 75 30 75 00 00
2026-03-15T15:30:17.688698,181.123,can0  060  [32]  00 00 00 00 FB 2A 4D 08 4F 06 B8 10 00 00 10 0E FF 01 00 00 00 00 00 00 01 00 00 00 00 00 00 00
2026-03-15T15:30:17.689419,181.124,can0  041  [04]  EF 00 12 00
2026-03-15T15:30:17.788405,181.223,can0  204  [16]  6E 23 D8 44 CB 29 00 00 28 23 30 75 30 75 00 00
2026-03-15T15:30:17.788719,181.223,can0  070  [20]  FB 2A 4D 08 FA B0 62 03 68 42 00 00 1E 16 00 00 1C 00 00 00
2026-03-15T15:30:17.789542,181.224,can0  040  [04]  0D 00 2F 00
2026-03-15T15:30:17.789885,181.224,can0  204  [16]  6E 23 D8 44 BB 29 00 00 28 23 30 75 30 75 00 00
2026-03-15T15:30:17.790531,181.225,can0  040  [04]  0D 00 2F 00
2026-03-15T15:30:17.791389,181.226,can0  100  [03]  D7 4E 04
2026-03-15T15:30:17.792118,181.227,can0  110  [02]  9E 1B
2026-03-15T15:30:17.793507,181.228,can0  120  [04]  00 00 00 00
2026-03-15T15:30:17.924616,181.359,can0  204  [16]  6E 23 D8 44 CB 29 00 00 28 23 30 75 30 75 00 00
2026-03-15T15:30:17.935938,181.370,can0  204  [16]  6E 23 D8 44 CB 29 00 00 28 23 30 75 30 75 00 00
2026-03-15T15:30:17.989156,181.424,can0  204  [16]  6E 23 D3 44 D6 29 00 00 28 23 30 75 30 75 00 00
2026-03-15T15:30:17.989474,181.424,can0  041  [04]  FA 00 12 00
2026-03-15T15:30:17.995364,181.430,can0  040  [04]  0B 00 30 00
2026-03-15T15:30:18.118728,181.553,can0  204  [16]  6E 23 D3 44 D6 29 00 00 28 23 30 75 30 75 00 00
2026-03-15T15:30:18.126259,181.561,can0  040  [04]  0B 00 30 00
2026-03-15T15:30:18.126900,181.561,can0  204  [16]  6E 23 D6 44 D2 29 00 00 28 23 30 75 30 75 00 00
2026-03-15T15:30:18.194120,181.629,can0  204  [16]  6E 23 DB 44 CF 29 00 00 28 23 30 75 30 75 00 00
2026-03-15T15:30:18.194439,181.629,can0  060  [32]  00 00 00 00 00 00 00 00 00 00 00 00 00 00 00 00 00 00 00 00 00 00 00 00 00 00 00 00 00 00 00 00
2026-03-15T15:30:18.194792,181.629,can0  204  [16]  6E 23 DB 44 CF 29 00 00 28 23 30 75 30 75 00 00
2026-03-15T15:30:18.321190,181.756,can0  070  [20]  FB 2A 4D 08 FA B0 62 03 68 42 00 00 1E 16 00 00 1C 00 00 00
2026-03-15T15:30:18.321790,181.756,can0  041  [04]  05 01 11 00
2026-03-15T15:30:18.321873,181.756,can0  204  [16]  6E 23 D9 44 B6 29 00 00 28 23 30 75 30 75 00 00
2026-03-15T15:30:18.322503,181.757,can0  040  [04]  0A 00 33 00
2026-03-15T15:30:18.389673,181.824,can0  204  [16]  6E 23 D9 44 B6 29 00 00 28 23 30 75 30 75 00 00
2026-03-15T15:30:18.389924,181.824,can0  070  [20]  FB 2A 4D 08 FA B0 62 03 68 42 00 00 1E 16 00 00 1C 00 00 00
2026-03-15T15:30:18.390781,181.825,can0  040  [04]  0A 00 33 00
2026-03-15T15:30:18.391059,181.825,can0  204  [16]  6E 23 D7 44 BD 29 00 00 28 23 30 75 30 75 00 00
2026-03-15T15:30:18.484826,181.919,can0  204  [16]  6E 23 D2 44 CD 29 00 00 28 23 30 75 30 75 00 00
2026-03-15T15:30:18.485180,181.920,can0  204  [16]  6E 23 D2 44 CD 29 00 00 28 23 30 75 30 75 00 00
2026-03-15T15:30:18.485421,181.920,can0  133  [00]
2026-03-15T15:30:18.485684,181.920,can0  041  [04]  05 01 0D 00
2026-03-15T15:30:18.594312,182.029,can0  040  [04]  08 00 36 00
2026-03-15T15:30:18.594416,182.029,can0  204  [16]  6E 23 D2 44 CD 29 00 00 28 23 30 75 30 75 00 00
2026-03-15T15:30:18.594583,182.029,can0  070  [20]  FB 2A 4D 08 FC B0 62 03 50 46 00 00 1E 16 00 00 2B 00 00 00
2026-03-15T15:30:18.598536,182.033,can0  040  [04]  08 00 36 00
2026-03-15T15:30:18.685396,182.120,can0  070  [20]  FB 2A 4D 08 FC B0 62 03 50 46 00 00 1E 16 00 00 2A 00 00 00
2026-03-15T15:30:18.685651,182.120,can0  204  [16]  6E 23 D1 44 E8 29 00 00 28 23 30 75 30 75 00 00
2026-03-15T15:30:18.685858,182.120,can0  060  [32]  00 00 00 00 00 00 00 00 00 00 00 00 00 00 00 00 00 00 00 00 00 00 00 00 00 00 00 00 00 00 00 00
2026-03-15T15:30:18.686111,182.121,can0  204  [16]  6E 23 D2 44 BF 29 00 00 28 23 30 75 30 75 00 00
2026-03-15T15:30:18.686329,182.121,can0  060  [32]  00 00 00 00 FB 2A 4D 08 50 06 B8 10 00 00 10 0E FF 01 00 00 00 00 00 00 01 00 00 00 00 00 00 00
2026-03-15T15:30:18.777843,182.212,can0  070  [20]  FB 2A 4D 08 FC B0 62 03 50 46 00 00 1E 16 00 00 2A 00 00 00
2026-03-15T15:30:18.778129,182.213,can0  204  [16]  6E 23 D8 44 D8 29 00 00 28 23 30 75 30 75 00 00
2026-03-15T15:30:18.778363,182.213,can0  041  [04]  00 01 0B 00
2026-03-15T15:30:18.778640,182.213,can0  204  [16]  6E 23 D8 44 D8 29 00 00 28 23 30 75 30 75 00 00
2026-03-15T15:30:18.779187,182.214,can0  040  [04]  0B 00 35 00
2026-03-15T15:30:18.922877,182.357,can0  040  [04]  0B 00 35 00
2026-03-15T15:30:18.923170,182.358,can0  204  [16]  6E 23 D6 44 BB 29 00 00 28 23 30 75 30 75 00 00
2026-03-15T15:30:19.022544,182.457,can0  204  [16]  6E 23 D6 44 BB 29 00 00 28 23 30 75 30 75 00 00
2026-03-15T15:30:19.022792,182.457,can0  204  [16]  6E 23 D1 44 DB 29 00 00 28 23 30 75 30 75 00 00
2026-03-15T15:30:19.023432,182.458,can0  100  [03]  DA 4E 04
2026-03-15T15:30:19.023955,182.458,can0  120  [04]  00 00 00 00
2026-03-15T15:30:19.087107,182.522,can0  041  [04]  05 01 0C 00
2026-03-15T15:30:19.088278,182.523,can0  204  [16]  6E 23 D2 44 D4 29 00 00 28 23 30 75 30 75 00 00
2026-03-15T15:30:19.088379,182.523,can0  040  [04]  0C 00 37 00
2026-03-15T15:30:19.095236,182.530,can0  204  [16]  6E 23 D2 44 D4 29 00 00 28 23 30 75 30 75 00 00
2026-03-15T15:30:19.219842,182.654,can0  040  [04]  0C 00 37 00
2026-03-15T15:30:19.220284,182.655,can0  204  [16]  6E 23 D2 44 E6 29 00 00 28 23 30 75 30 75 00 00
2026-03-15T15:30:19.220593,182.655,can0  060  [32]  00 00 00 00 00 00 00 00 00 00 00 00 00 00 00 00 00 00 00 00 00 00 00 00 00 00 00 00 00 00 00 00
2026-03-15T15:30:19.285534,182.720,can0  204  [16]  6E 23 D2 44 E6 29 00 00 28 23 30 75 30 75 00 00
2026-03-15T15:30:19.285836,182.720,can0  070  [20]  FB 2A 4D 08 FC B0 62 03 50 46 00 00 1E 16 00 00 2A 00 00 00
2026-03-15T15:30:19.286130,182.721,can0  204  [16]  6E 23 D0 44 BD 29 00 00 28 23 30 75 30 75 00 00
2026-03-15T15:30:19.286547,182.721,can0  041  [04]  07 01 0E 00
2026-03-15T15:30:19.286623,182.721,can0  070  [20]  FB 2A 4D 08 FC B0 62 03 50 46 00 00 1E 16 00 00 2A 00 00 00
2026-03-15T15:30:19.382015,182.816,can0  040  [04]  09 00 38 00
2026-03-15T15:30:19.382894,182.817,can0  204  [16]  6E 23 D3 44 E8 29 00 00 28 23 30 75 30 75 00 00
2026-03-15T15:30:19.382978,182.817,can0  110  [02]  9B 1B
2026-03-15T15:30:19.383444,182.818,can0  040  [04]  09 00 38 00
2026-03-15T15:30:19.383694,182.818,can0  204  [16]  6E 23 D3 44 E8 29 00 00 28 23 30 75 30 75 00 00
2026-03-15T15:30:19.477673,182.912,can0  204  [16]  6E 23 D2 44 C8 29 00 00 28 23 30 75 30 75 00 00
2026-03-15T15:30:19.578980,183.013,can0  204  [16]  6E 23 D2 44 C8 29 00 00 28 23 30 75 30 75 00 00
2026-03-15T15:30:19.579193,183.014,can0  041  [04]  10 01 0E 00
2026-03-15T15:30:19.579690,183.014,can0  204  [16]  6E 23 CE 44 E4 29 00 00 28 23 30 75 30 75 00 00
2026-03-15T15:30:19.579764,183.014,can0  070  [20]  FB 2A 4D 08 FD B0 62 03 38 4A 00 00 1E 16 00 00 07 00 00 00
2026-03-15T15:30:19.580289,183.015,can0  040  [04]  08 00 3C 00
2026-03-15T15:30:19.722697,183.157,can0  070  [20]  FB 2A 4D 08 FD B0 62 03 38 4A 00 00 1E 16 00 00 08 00 00 00
2026-03-15T15:30:19.722965,183.157,can0  204  [16]  6E 23 D0 44 D6 29 00 00 28 23 30 75 30 75 00 00
2026-03-15T15:30:19.723719,183.158,can0  040  [04]  08 00 3C 00
2026-03-15T15:30:19.723921,183.158,can0  060  [32]  00 00 00 00 FB 2A 4D 08 52 06 B8 10 00 00 10 0E FF 01 00 00 00 00 00 00 01 00 00 00 00 00 00 00
2026-03-15T15:30:19.726687,183.161,can0  204  [16]  6E 23 D0 44 D6 29 00 00 28 23 30 75 30 75 00 00
2026-03-15T15:30:19.822449,183.257,can0  070  [20]  FB 2A 4D 08 FD B0 62 03 38 4A 00 00 1E 16 00 00 08 00 00 00
2026-03-15T15:30:19.822792,183.257,can0  204  [16]  6E 23 D1 44 DD 29 00 00 28 23 30 75 30 75 00 00
2026-03-15T15:30:19.922442,183.357,can0  204  [16]  6E 23 D1 44 DD 29 00 00 28 23 30 75 30 75 00 00
2026-03-15T15:30:19.922730,183.357,can0  041  [04]  10 01 0A 00
2026-03-15T15:30:19.923335,183.358,can0  040  [04]  07 00 3D 00
2026-03-15T15:30:19.923766,183.358,can0  204  [16]  6E 23 D5 44 D2 29 00 00 28 23 30 75 30 75 00 00
2026-03-15T15:30:20.022705,183.457,can0  040  [04]  07 00 3D 00
2026-03-15T15:30:20.023108,183.458,can0  204  [16]  6E 23 D3 44 DB 29 00 00 28 23 30 75 30 75 00 00
2026-03-15T15:30:20.023351,183.458,can0  204  [16]  6E 23 D3 44 DB 29 00 00 28 23 30 75 30 75 00 00
2026-03-15T15:30:20.122282,183.557,can0  204  [16]  6E 23 D1 44 CF 29 00 00 28 23 30 75 30 75 00 00
2026-03-15T15:30:20.122471,183.557,can0  041  [04]  10 01 0A 00
2026-03-15T15:30:20.221982,183.656,can0  204  [16]  6E 23 D1 44 CF 29 00 00 28 23 30 75 30 75 00 00
2026-03-15T15:30:20.222713,183.657,can0  040  [04]  06 00 3E 00
2026-03-15T15:30:20.223220,183.658,can0  040  [04]  06 00 3E 00
2026-03-15T15:30:20.223565,183.658,can0  204  [16]  6E 23 D1 44 DB 29 00 00 28 23 30 75 30 75 00 00
2026-03-15T15:30:20.224238,183.659,can0  100  [03]  E0 4E 04
2026-03-15T15:30:20.224778,183.659,can0  120  [04]  00 00 00 00
2026-03-15T15:30:20.225172,183.660,can0  060  [32]  00 00 00 00 00 00 00 00 00 00 00 00 00 00 00 00 00 00 00 00 00 00 00 00 00 00 00 00 00 00 00 00
2026-03-15T15:30:20.322178,183.757,can0  070  [20]  FB 2A 4D 08 FD B0 62 03 38 4A 00 00 1E 16 00 00 08 00 00 00
2026-03-15T15:30:20.322534,183.757,can0  204  [16]  6E 23 CE 44 C6 29 00 00 28 23 30 75 30 75 00 00
2026-03-15T15:30:20.322840,183.757,can0  204  [16]  6E 23 CE 44 C6 29 00 00 28 23 30 75 30 75 00 00
2026-03-15T15:30:20.422675,183.857,can0  070  [20]  FB 2A 4D 08 FD B0 62 03 38 4A 00 00 1E 16 00 00 08 00 00 00
2026-03-15T15:30:20.423013,183.857,can0  204  [16]  6E 23 D5 44 E1 29 00 00 28 23 30 75 30 75 00 00
2026-03-15T15:30:20.423286,183.858,can0  041  [04]  10 01 10 00
2026-03-15T15:30:20.423937,183.858,can0  040  [04]  08 00 3E 00
2026-03-15T15:30:20.522705,183.957,can0  204  [16]  6E 23 D5 44 E1 29 00 00 28 23 30 75 30 75 00 00
2026-03-15T15:30:20.523354,183.958,can0  040  [04]  08 00 3E 00
2026-03-15T15:30:20.523777,183.958,can0  204  [16]  6E 23 D3 44 D8 29 00 00 28 23 30 75 30 75 00 00
2026-03-15T15:30:20.622906,184.057,can0  204  [16]  6E 23 D3 44 D8 29 00 00 28 23 30 75 30 75 00 00
2026-03-15T15:30:20.623477,184.058,can0  070  [20]  FB 2A 4D 08 FD B0 62 03 20 4E 00 00 1E 16 00 00 23 00 00 00
2026-03-15T15:30:20.623844,184.058,can0  204  [16]  6E 23 D5 44 DF 29 00 00 28 23 30 75 30 75 00 00
2026-03-15T15:30:20.722266,184.157,can0  070  [20]  FB 2A 4D 08 FD B0 62 03 20 4E 00 00 1E 16 00 00 24 00 00 00
2026-03-15T15:30:20.722576,184.157,can0  041  [04]  10 01 1C 00
2026-03-15T15:30:20.723165,184.158,can0  040  [04]  04 00 3C 00
2026-03-15T15:30:20.723516,184.158,can0  204  [16]  6E 23 D1 44 C4 29 00 00 28 23 30 75 30 75 00 00
2026-03-15T15:30:20.723869,184.158,can0  070  [20]  FB 2A 4D 08 FD B0 62 03 20 4E 00 00 1E 16 00 00 24 00 00 00
2026-03-15T15:30:20.726555,184.161,can0  060  [32]  00 00 00 00 00 00 00 00 00 00 00 00 00 00 00 00 00 00 00 00 00 00 00 00 00 00 00 00 00 00 00 00
2026-03-15T15:30:20.822610,184.257,can0  060  [32]  00 00 00 00 FB 2A 4D 08 52 06 B8 10 00 00 10 0E FF 01 00 00 00 00 00 00 01 00 00 00 00 00 00 00
2026-03-15T15:30:20.823647,184.258,can0  040  [04]  04 00 3C 00
2026-03-15T15:30:20.823996,184.258,can0  204  [16]  6E 23 D3 44 CF 29 00 00 28 23 30 75 30 75 00 00
2026-03-15T15:30:20.827122,184.262,can0  204  [16]  6E 23 D3 44 CF 29 00 00 28 23 30 75 30 75 00 00
2026-03-15T15:30:20.922346,184.357,can0  204  [16]  6E 23 D3 44 C8 29 00 00 28 23 30 75 30 75 00 00
2026-03-15T15:30:20.922618,184.357,can0  041  [04]  10 01 22 00
2026-03-15T15:30:20.922918,184.357,can0  204  [16]  6E 23 D3 44 C8 29 00 00 28 23 30 75 30 75 00 00
2026-03-15T15:30:21.023023,184.457,can0  040  [04]  04 00 36 00
2026-03-15T15:30:21.023397,184.458,can0  204  [16]  6E 23 D4 44 C8 29 00 00 28 23 30 75 30 75 00 00
2026-03-15T15:30:21.023915,184.458,can0  040  [04]  04 00 36 00
2026-03-15T15:30:21.024693,184.459,can0  110  [02]  9D 1B
2026-03-15T15:30:21.121852,184.556,can0  204  [16]  6E 23 D4 44 D4 29 00 00 28 23 30 75 30 75 00 00
2026-03-15T15:30:21.122184,184.557,can0  204  [16]  6E 23 D4 44 D4 29 00 00 28 23 30 75 30 75 00 00
2026-03-15T15:30:21.222731,184.657,can0  204  [16]  6E 23 D5 44 C6 29 00 00 28 23 30 75 30 75 00 00
2026-03-15T15:30:21.222996,184.657,can0  041  [04]  10 01 1D 00
2026-03-15T15:30:21.223259,184.658,can0  070  [20]  FB 2A 4D 08 FD B0 62 03 20 4E 00 00 1E 16 00 00 24 00 00 00
2026-03-15T15:30:21.223867,184.658,can0  040  [04]  06 00 2F 00
2026-03-15T15:30:21.226823,184.661,can0  204  [16]  6E 23 D5 44 C6 29 00 00 28 23 30 75 30 75 00 00
2026-03-15T15:30:21.322219,184.757,can0  060  [32]  00 00 00 00 00 00 00 00 00 00 00 00 00 00 00 00 00 00 00 00 00 00 00 00 00 00 00 00 00 00 00 00
2026-03-15T15:30:21.322852,184.757,can0  040  [04]  06 00 2F 00
2026-03-15T15:30:21.323133,184.758,can0  204  [16]  6E 23 D2 44 D6 29 00 00 28 23 30 75 30 75 00 00
2026-03-15T15:30:21.422563,184.857,can0  204  [16]  6E 23 D2 44 D6 29 00 00 28 23 30 75 30 75 00 00
2026-03-15T15:30:21.422758,184.857,can0  070  [20]  FB 2A 4D 08 FD B0 62 03 20 4E 00 00 1E 16 00 00 24 00 00 00
2026-03-15T15:30:21.422998,184.857,can0  204  [16]  6E 23 D5 44 C1 29 00 00 28 23 30 75 30 75 00 00
2026-03-15T15:30:21.423648,184.858,can0  100  [03]  E3 4E 04
2026-03-15T15:30:21.424163,184.859,can0  120  [04]  00 00 00 00
2026-03-15T15:30:21.522389,184.957,can0  041  [04]  06 01 1A 00
2026-03-15T15:30:21.522626,184.957,can0  204  [16]  6E 23 D4 44 E1 29 00 00 28 23 30 75 30 75 00 00
2026-03-15T15:30:21.523215,184.958,can0  040  [04]  06 00 2B 00
2026-03-15T15:30:21.523538,184.958,can0  204  [16]  6E 23 D4 44 E1 29 00 00 28 23 30 75 30 75 00 00
2026-03-15T15:30:21.524001,184.958,can0  040  [04]  06 00 2B 00
2026-03-15T15:30:21.622712,185.057,can0  204  [16]  6E 23 D4 44 E1 29 00 00 28 23 30 75 30 75 00 00
2026-03-15T15:30:21.722572,185.157,can0  070  [20]  F9 2A 4D 08 FF B0 62 03 08 52 00 00 1E 16 00 00 62 00 00 00
2026-03-15T15:30:21.722812,185.157,can0  070  [20]  F9 2A 4D 08 FF B0 62 03 08 52 00 00 1E 16 00 00 63 00 00 00
2026-03-15T15:30:21.723150,185.158,can0  204  [16]  6E 23 D6 44 DD 29 00 00 28 23 30 75 30 75 00 00
2026-03-15T15:30:21.723535,185.158,can0  204  [16]  6E 23 D6 44 DD 29 00 00 28 23 30 75 30 75 00 00
2026-03-15T15:30:21.723770,185.158,can0  041  [04]  04 01 15 00
2026-03-15T15:30:21.822515,185.257,can0  070  [20]  F9 2A 4D 08 FF B0 62 03 08 52 00 00 1E 16 00 00 63 00 00 00
2026-03-15T15:30:21.822813,185.257,can0  060  [32]  00 00 00 00 00 00 00 00 00 00 00 00 00 00 00 00 00 00 00 00 00 00 00 00 00 00 00 00 00 00 00 00
2026-03-15T15:30:21.823460,185.258,can0  040  [04]  03 00 2E 00
2026-03-15T15:30:21.823728,185.258,can0  060  [32]  00 00 00 00 F9 2A 4D 08 54 06 B8 10 00 00 10 0E FF 01 00 00 00 00 00 00 01 00 00 00 00 00 00 00
2026-03-15T15:30:21.824942,185.259,can0  204  [16]  6E 23 D6 44 CD 29 00 00 28 23 30 75 30 75 00 00
2026-03-15T15:30:21.825001,185.259,can0  040  [04]  03 00 2E 00
2026-03-15T15:30:21.825271,185.260,can0  204  [16]  6E 23 D6 44 CD 29 00 00 28 23 30 75 30 75 00 00
2026-03-15T15:30:21.922835,185.357,can0  204  [16]  6E 23 D5 44 DF 29 00 00 28 23 30 75 30 75 00 00
2026-03-15T15:30:22.022755,185.457,can0  204  [16]  6E 23 DA 44 CB 29 00 00 28 23 30 75 30 75 00 00
2026-03-15T15:30:22.022960,185.457,can0  041  [04]  09 01 11 00
2026-03-15T15:30:22.023568,185.458,can0  040  [04]  06 00 27 00
2026-03-15T15:30:22.023806,185.458,can0  204  [16]  6E 23 DA 44 CB 29 00 00 28 23 30 75 30 75 00 00
2026-03-15T15:30:22.123077,185.558,can0  040  [04]  06 00 27 00
2026-03-15T15:30:22.123383,185.558,can0  204  [16]  6E 23 D7 44 B1 29 00 00 28 23 30 75 30 75 00 00
2026-03-15T15:30:22.125705,185.560,can0  204  [16]  6E 23 D7 44 B1 29 00 00 28 23 30 75 30 75 00 00
2026-03-15T15:30:22.222712,185.657,can0  204  [16]  6E 23 D3 44 D8 29 00 00 28 23 30 75 30 75 00 00
2026-03-15T15:30:22.321782,185.756,can0  070  [20]  F9 2A 4D 08 FF B0 62 03 08 52 00 00 1E 16 00 00 63 00 00 00
2026-03-15T15:30:22.322073,185.756,can0  041  [04]  04 01 10 00
2026-03-15T15:30:22.322408,185.757,can0  204  [16]  6E 23 D3 44 A8 29 00 00 28 23 30 75 30 75 00 00
2026-03-15T15:30:22.322722,185.757,can0  060  [32]  00 00 00 00 00 00 00 00 00 00 00 00 00 00 00 00 00 00 00 00 00 00 00 00 00 00 00 00 00 00 00 00
2026-03-15T15:30:22.323354,185.758,can0  040  [04]  0B 00 20 00
2026-03-15T15:30:22.323842,185.758,can0  204  [16]  6E 23 D3 44 A8 29 00 00 28 23 30 75 30 75 00 00
2026-03-15T15:30:22.323933,185.758,can0  070  [20]  F9 2A 4D 08 FF B0 62 03 08 52 00 00 1E 16 00 00 63 00 00 00
2026-03-15T15:30:22.324348,185.759,can0  040  [04]  0B 00 20 00
2026-03-15T15:30:22.422003,185.856,can0  204  [16]  6E 23 D3 44 CF 29 00 00 28 23 30 75 30 75 00 00
2026-03-15T15:30:22.422372,185.857,can0  204  [16]  6E 23 D3 44 CF 29 00 00 28 23 30 75 30 75 00 00
2026-03-15T15:30:22.522451,185.957,can0  204  [16]  6E 23 D2 44 C1 29 00 00 28 23 30 75 30 75 00 00
2026-03-15T15:30:22.522729,185.957,can0  041  [04]  00 01 0F 00
2026-03-15T15:30:22.583923,186.018,can0  204  [16]  6E 23 D2 44 C1 29 00 00 28 23 30 75 30 75 00 00
2026-03-15T15:30:22.584852,186.019,can0  040  [04]  09 00 1F 00
2026-03-15T15:30:22.585629,186.020,can0  040  [04]  09 00 1F 00
2026-03-15T15:30:22.586341,186.021,can0  100  [03]  E5 4E 04
2026-03-15T15:30:22.586882,186.021,can0  110  [02]  9C 1B
2026-03-15T15:30:22.587111,186.022,can0  070  [20]  FB 2A 4D 08 FF B0 62 03 F0 55 00 00 1E 16 00 00 43 00 00 00
2026-03-15T15:30:22.587720,186.022,can0  120  [04]  00 00 00 00
2026-03-15T15:30:22.588084,186.023,can0  204  [16]  6E 23 D4 44 03 2A 00 00 28 23 30 75 30 75 00 00
2026-03-15T15:30:22.722028,186.156,can0  070  [20]  FB 2A 4D 08 FF B0 62 03 F0 55 00 00 1E 16 00 00 43 00 00 00
2026-03-15T15:30:22.722477,186.157,can0  204  [16]  6E 23 D2 44 E1 29 00 00 28 23 30 75 30 75 00 00
2026-03-15T15:30:22.722792,186.157,can0  204  [16]  6E 23 D2 44 E1 29 00 00 28 23 30 75 30 75 00 00
2026-03-15T15:30:22.822300,186.257,can0  070  [20]  FB 2A 4D 08 FF B0 62 03 F0 55 00 00 1E 16 00 00 43 00 00 00
2026-03-15T15:30:22.822500,186.257,can0  060  [32]  00 00 00 00 FB 2A 4D 08 54 06 B8 10 00 00 10 0E FF 01 00 00 00 00 00 00 01 00 00 00 00 00 00 00
2026-03-15T15:30:22.823147,186.258,can0  041  [04]  F8 00 10 00
2026-03-15T15:30:22.823481,186.258,can0  204  [16]  6E 23 D5 44 12 2A 00 00 28 23 30 75 30 75 00 00
2026-03-15T15:30:22.824120,186.259,can0  040  [04]  05 00 20 00
2026-03-15T15:30:22.922754,186.357,can0  204  [16]  6E 23 D3 44 97 29 00 00 28 23 30 75 30 75 00 00
2026-03-15T15:30:22.923452,186.358,can0  040  [04]  05 00 20 00
2026-03-15T15:30:22.923828,186.358,can0  204  [16]  6E 23 D3 44 97 29 00 00 28 23 30 75 30 75 00 00
2026-03-15T15:30:23.022646,186.457,can0  204  [16]  6E 23 D6 44 D8 29 00 00 28 23 30 75 30 75 00 00
2026-03-15T15:30:23.022856,186.457,can0  204  [16]  6E 23 D6 44 D8 29 00 00 28 23 30 75 30 75 00 00
2026-03-15T15:30:23.122670,186.557,can0  041  [04]  EC 00 0D 00
2026-03-15T15:30:23.130312,186.565,can0  040  [04]  01 00 24 00
2026-03-15T15:30:23.130890,186.565,can0  204  [16]  6E 23 DB 44 7A 29 00 00 28 23 30 75 30 75 00 00
2026-03-15T15:30:23.236789,186.671,can0  040  [04]  01 00 24 00
2026-03-15T15:30:23.237203,186.672,can0  204  [16]  6E 23 D9 44 C4 29 00 00 28 23 30 75 30 75 00 00
2026-03-15T15:30:23.237554,186.672,can0  204  [16]  6E 23 D9 44 C4 29 00 00 28 23 30 75 30 75 00 00
2026-03-15T15:30:23.300342,186.735,can0  070  [20]  FB 2A 4D 08 FF B0 62 03 F0 55 00 00 1E 16 00 00 43 00 00 00
2026-03-15T15:30:23.300598,186.735,can0  060  [32]  00 00 00 00 00 00 00 00 00 00 00 00 00 00 00 00 00 00 00 00 00 00 00 00 00 00 00 00 00 00 00 00
2026-03-15T15:30:23.300878,186.735,can0  204  [16]  6E 23 D9 44 CD 29 00 00 28 23 30 75 30 75 00 00
2026-03-15T15:30:23.301080,186.736,can0  041  [04]  C5 00 0D 00
2026-03-15T15:30:23.302454,186.737,can0  204  [16]  6E 23 D9 44 CD 29 00 00 28 23 30 75 30 75 00 00
2026-03-15T15:30:23.302548,186.737,can0  040  [04]  67 01 2C 00
2026-03-15T15:30:23.391582,186.826,can0  070  [20]  FB 2A 4D 08 FF B0 62 03 F0 55 00 00 1E 16 00 00 43 00 00 00
2026-03-15T15:30:23.391851,186.826,can0  204  [16]  6E 23 D3 44 D6 29 00 00 28 23 30 75 30 75 00 00
2026-03-15T15:30:23.392430,186.827,can0  040  [04]  67 01 2C 00
2026-03-15T15:30:23.491077,186.926,can0  204  [16]  6E 23 D5 44 F1 29 00 00 28 23 30 75 30 75 00 00
2026-03-15T15:30:23.494634,186.929,can0  204  [16]  6E 23 D5 44 F1 29 00 00 28 23 30 75 30 75 00 00
2026-03-15T15:30:23.624022,187.058,can0  204  [16]  6E 23 D5 44 F1 29 00 00 28 23 30 75 30 75 00 00
2026-03-15T15:30:23.624130,187.059,can0  041  [04]  BC 00 0F 00
2026-03-15T15:30:23.624328,187.059,can0  070  [20]  F9 2A 4D 08 FF B0 62 03 D8 59 00 00 1E 16 00 00 11 00 00 00
2026-03-15T15:30:23.625305,187.060,can0  040  [04]  66 01 2E 00
2026-03-15T15:30:23.723034,187.157,can0  204  [16]  6E 23 D6 44 C6 29 00 00 28 23 30 75 30 75 00 00
2026-03-15T15:30:23.723134,187.158,can0  070  [20]  F9 2A 4D 08 FF B0 62 03 D8 59 00 00 1E 16 00 00 11 00 00 00
2026-03-15T15:30:23.723927,187.158,can0  040  [04]  66 01 2E 00
2026-03-15T15:30:23.724266,187.159,can0  204  [16]  6E 23 D4 44 B1 29 00 00 28 23 30 75 30 75 00 00
2026-03-15T15:30:23.724493,187.159,can0  070  [20]  F9 2A 4D 08 FF B0 62 03 D8 59 00 00 1E 16 00 00 11 00 00 00
2026-03-15T15:30:23.822503,187.257,can0  204  [16]  6E 23 D9 44 CF 29 00 00 28 23 30 75 30 75 00 00
2026-03-15T15:30:23.822702,187.257,can0  060  [32]  00 00 00 00 F9 2A 4D 08 54 06 B8 10 00 00 10 0E FF 01 00 00 00 00 00 00 01 00 00 00 00 00 00 00
2026-03-15T15:30:23.823604,187.258,can0  100  [03]  E8 4E 04
2026-03-15T15:30:23.824181,187.259,can0  120  [04]  00 00 00 00
2026-03-15T15:30:23.826815,187.261,can0  204  [16]  6E 23 D9 44 CF 29 00 00 28 23 30 75 30 75 00 00
2026-03-15T15:30:23.928176,187.363,can0  041  [04]  E4 00 0B 00
2026-03-15T15:30:23.928831,187.363,can0  040  [04]  67 01 2E 00
2026-03-15T15:30:23.929265,187.364,can0  204  [16]  6E 23 D9 44 D8 29 00 00 28 23 30 75 30 75 00 00
2026-03-15T15:30:23.929854,187.364,can0  040  [04]  67 01 2E 00
2026-03-15T15:30:24.022726,187.457,can0  204  [16]  6E 23 D9 44 D8 29 00 00 28 23 30 75 30 75 00 00
2026-03-15T15:30:24.023056,187.457,can0  204  [16]  6E 23 D6 44 9E 29 00 00 28 23 30 75 30 75 00 00
2026-03-15T15:30:24.122114,187.557,can0  204  [16]  6E 23 D3 44 0D 2A 00 00 28 23 30 75 30 75 00 00
2026-03-15T15:30:24.122398,187.557,can0  041  [04]  F8 00 07 00
2026-03-15T15:30:24.124966,187.559,can0  204  [16]  6E 23 D3 44 0D 2A 00 00 28 23 30 75 30 75 00 00
2026-03-15T15:30:24.224801,187.659,can0  040  [04]  01 00 2C 00
2026-03-15T15:30:24.225139,187.660,can0  204  [16]  6E 23 D2 44 8B 29 00 00 28 23 30 75 30 75 00 00
2026-03-15T15:30:24.225721,187.660,can0  040  [04]  01 00 2C 00
2026-03-15T15:30:24.226346,187.661,can0  110  [02]  9C 1B
2026-03-15T15:30:24.226572,187.661,can0  070  [20]  F9 2A 4D 08 FF B0 62 03 D8 59 00 00 1E 16 00 00 11 00 00 00
2026-03-15T15:30:24.228849,187.663,can0  204  [16]  6E 23 D2 44 8B 29 00 00 28 23 30 75 30 75 00 00
2026-03-15T15:30:24.322050,187.756,can0  060  [32]  00 00 00 00 00 00 00 00 00 00 00 00 00 00 00 00 00 00 00 00 00 00 00 00 00 00 00 00 00 00 00 00
2026-03-15T15:30:24.322487,187.757,can0  204  [16]  6E 23 E0 44 14 2A 00 00 28 23 30 75 30 75 00 00
2026-03-15T15:30:24.322770,187.757,can0  070  [20]  F9 2A 4D 08 FF B0 62 03 D8 59 00 00 1E 16 00 00 11 00 00 00
2026-03-15T15:30:24.422220,187.857,can0  204  [16]  6E 23 D7 44 84 29 00 00 28 23 30 75 30 75 00 00
2026-03-15T15:30:24.422492,187.857,can0  041  [04]  F8 00 08 00
2026-03-15T15:30:24.423126,187.858,can0  040  [04]  02 00 2A 00
2026-03-15T15:30:24.423474,187.858,can0  204  [16]  6E 23 D7 44 84 29 00 00 28 23 30 75 30 75 00 00
2026-03-15T15:30:24.522360,187.957,can0  040  [04]  02 00 2A 00
2026-03-15T15:30:24.522733,187.957,can0  204  [16]  6E 23 D5 44 E4 29 00 00 28 23 30 75 30 75 00 00
2026-03-15T15:30:24.523043,187.957,can0  204  [16]  6E 23 D5 44 E4 29 00 00 28 23 30 75 30 75 00 00
2026-03-15T15:30:24.624736,188.059,can0  204  [16]  6E 23 D6 44 BB 29 00 00 28 23 30 75 30 75 00 00
2026-03-15T15:30:24.624821,188.059,can0  070  [20]  F9 2A 4D 08 01 B1 62 03 C0 5D 00 00 1E 16 00 00 0B 00 00 00
2026-03-15T15:30:24.722614,188.157,can0  070  [20]  F9 2A 4D 08 01 B1 62 03 C0 5D 00 00 1E 16 00 00 0C 00 00 00
2026-03-15T15:30:24.722879,188.157,can0  041  [04]  00 01 0C 00
2026-03-15T15:30:24.723123,188.158,can0  204  [16]  6E 23 D6 44 D8 29 00 00 28 23 30 75 30 75 00 00
2026-03-15T15:30:24.723805,188.158,can0  040  [04]  06 00 2A 00
2026-03-15T15:30:24.724040,188.158,can0  204  [16]  6E 23 D6 44 D8 29 00 00 28 23 30 75 30 75 00 00
2026-03-15T15:30:24.724262,188.159,can0  070  [20]  F9 2A 4D 08 01 B1 62 03 C0 5D 00 00 1E 16 00 00 0C 00 00 00
2026-03-15T15:30:24.724751,188.159,can0  040  [04]  06 00 2A 00
2026-03-15T15:30:24.822692,188.257,can0  060  [32]  00 00 00 00 00 00 00 00 00 00 00 00 00 00 00 00 00 00 00 00 00 00 00 00 00 00 00 00 00 00 00 00
2026-03-15T15:30:24.822980,188.257,can0  204  [16]  6E 23 CF 44 DD 29 00 00 28 23 30 75 30 75 00 00
2026-03-15T15:30:24.823145,188.258,can0  060  [32]  00 00 00 00 F9 2A 4D 08 55 06 B8 10 00 00 10 0E FF 01 00 00 00 00 00 00 01 00 00 00 00 00 00 00
2026-03-15T15:30:24.922682,188.357,can0  204  [16]  6E 23 CF 44 DD 29 00 00 28 23 30 75 30 75 00 00
2026-03-15T15:30:24.922916,188.357,can0  204  [16]  6E 23 D0 44 B8 29 00 00 28 23 30 75 30 75 00 00
2026-03-15T15:30:24.923105,188.358,can0  041  [04]  04 01 10 00
2026-03-15T15:30:25.022556,188.457,can0  040  [04]  05 00 2B 00
2026-03-15T15:30:25.022855,188.457,can0  204  [16]  6E 23 DB 44 C4 29 00 00 28 23 30 75 30 75 00 00
2026-03-15T15:30:25.023406,188.458,can0  040  [04]  05 00 2B 00
2026-03-15T15:30:25.024057,188.458,can0  100  [03]  EA 4E 04
2026-03-15T15:30:25.024568,188.459,can0  120  [04]  00 00 00 00
2026-03-15T15:30:25.024804,188.459,can0  204  [16]  6E 23 DB 44 C4 29 00 00 28 23 30 75 30 75 00 00
2026-03-15T15:30:25.122136,188.557,can0  204  [16]  6E 23 E2 44 B1 29 00 00 28 23 30 75 30 75 00 00
2026-03-15T15:30:25.122361,188.557,can0  204  [16]  6E 23 E2 44 B1 29 00 00 28 23 30 75 30 75 00 00
2026-03-15T15:30:25.221963,188.656,can0  041  [04]  0C 01 11 00
2026-03-15T15:30:25.222250,188.657,can0  204  [16]  6E 23 C9 44 C4 29 00 00 28 23 30 75 30 75 00 00
2026-03-15T15:30:25.222960,188.657,can0  040  [04]  05 00 2B 00
2026-03-15T15:30:25.223188,188.658,can0  070  [20]  F9 2A 4D 08 01 B1 62 03 C0 5D 00 00 1E 16 00 00 0C 00 00 00
2026-03-15T15:30:25.322134,188.757,can0  204  [16]  6E 23 CB 44 C1 29 00 00 28 23 30 75 30 75 00 00
2026-03-15T15:30:25.322783,188.757,can0  040  [04]  05 00 2B 00
2026-03-15T15:30:25.323012,188.757,can0  060  [32]  00 00 00 00 00 00 00 00 00 00 00 00 00 00 00 00 00 00 00 00 00 00 00 00 00 00 00 00 00 00 00 00
2026-03-15T15:30:25.323247,188.758,can0  204  [16]  6E 23 CB 44 C1 29 00 00 28 23 30 75 30 75 00 00
2026-03-15T15:30:25.325615,188.760,can0  070  [20]  F9 2A 4D 08 01 B1 62 03 C0 5D 00 00 1E 16 00 00 0C 00 00 00
2026-03-15T15:30:25.422530,188.857,can0  204  [16]  6E 23 D5 44 AC 29 00 00 28 23 30 75 30 75 00 00
2026-03-15T15:30:25.422790,188.857,can0  204  [16]  6E 23 D5 44 AC 29 00 00 28 23 30 75 30 75 00 00
2026-03-15T15:30:25.523029,188.957,can0  041  [04]  09 01 12 00
2026-03-15T15:30:25.524015,188.958,can0  040  [04]  04 00 2B 00
2026-03-15T15:30:25.524385,188.959,can0  204  [16]  6E 23 DB 44 00 2A 00 00 28 23 30 75 30 75 00 00
2026-03-15T15:30:25.535582,188.970,can0  040  [04]  04 00 2B 00
2026-03-15T15:30:25.594512,189.029,can0  204  [16]  6E 23 DB 44 00 2A 00 00 28 23 30 75 30 75 00 00
2026-03-15T15:30:25.594781,189.029,can0  070  [20]  F9 2A 4D 08 02 B1 62 03 A8 61 00 00 1E 16 00 00 41 00 00 00
2026-03-15T15:30:25.595158,189.030,can0  204  [16]  6E 23 CE 44 AA 29 00 00 28 23 30 75 30 75 00 00
2026-03-15T15:30:25.727064,189.161,can0  070  [20]  F9 2A 4D 08 02 B1 62 03 A8 61 00 00 1E 16 00 00 40 00 00 00
2026-03-15T15:30:25.727669,189.162,can0  204  [16]  6E 23 CE 44 18 2A 00 00 28 23 30 75 30 75 00 00
2026-03-15T15:30:25.727760,189.162,can0  041  [04]  0D 01 15 00
2026-03-15T15:30:25.727952,189.162,can0  070  [20]  F9 2A 4D 08 02 B1 62 03 A8 61 00 00 1E 16 00 00 40 00 00 00
2026-03-15T15:30:25.732096,189.167,can0  040  [04]  04 00 28 00
2026-03-15T15:30:25.798029,189.232,can0  204  [16]  6E 23 DC 44 73 29 00 00 28 23 30 75 30 75 00 00
2026-03-15T15:30:25.798142,189.233,can0  060  [32]  00 00 00 00 F9 2A 4D 08 57 06 B8 10 00 00 10 0E FF 01 00 00 00 00 00 00 01 00 00 00 00 00 00 00
2026-03-15T15:30:25.799543,189.234,can0  040  [04]  04 00 28 00
2026-03-15T15:30:25.799868,189.234,can0  204  [16]  6E 23 DC 44 73 29 00 00 28 23 30 75 30 75 00 00
2026-03-15T15:30:25.800710,189.235,can0  110  [02]  9D 1B
2026-03-15T15:30:25.935351,189.370,can0  204  [16]  6E 23 DC 44 E8 29 00 00 28 23 30 75 30 75 00 00
2026-03-15T15:30:25.935705,189.370,can0  204  [16]  6E 23 DC 44 E8 29 00 00 28 23 30 75 30 75 00 00
2026-03-15T15:30:26.002107,189.437,can0  132  [00]
2026-03-15T15:30:26.002783,189.437,can0  041  [04]  0A 01 15 00
2026-03-15T15:30:26.002875,189.437,can0  204  [16]  6E 23 D5 44 B4 29 00 00 28 23 30 75 30 75 00 00
2026-03-15T15:30:26.003816,189.438,can0  040  [04]  05 00 23 00
2026-03-15T15:30:26.138365,189.573,can0  204  [16]  6E 23 D5 44 F3 29 00 00 28 23 30 75 30 75 00 00
2026-03-15T15:30:26.139600,189.574,can0  040  [04]  05 00 23 00
2026-03-15T15:30:26.139994,189.574,can0  204  [16]  6E 23 D5 44 F3 29 00 00 28 23 30 75 30 75 00 00
2026-03-15T15:30:26.208280,189.643,can0  204  [16]  6E 23 DF 44 99 29 00 00 28 23 30 75 30 75 00 00
2026-03-15T15:30:26.209241,189.644,can0  100  [03]  EE 4E 04
2026-03-15T15:30:26.209959,189.644,can0  120  [04]  00 00 00 00
2026-03-15T15:30:26.217889,189.652,can0  204  [16]  6E 23 DF 44 99 29 00 00 28 23 30 75 30 75 00 00
2026-03-15T15:30:26.217984,189.652,can0  070  [20]  F9 2A 4D 08 02 B1 62 03 A8 61 00 00 1E 16 00 00 40 00 00 00
2026-03-15T15:30:26.302803,189.737,can0  041  [04]  0D 01 12 00
2026-03-15T15:30:26.304254,189.739,can0  040  [04]  08 00 1B 00
2026-03-15T15:30:26.304354,189.739,can0  204  [16]  6E 23 E1 44 FA 29 00 00 28 23 30 75 30 75 00 00
2026-03-15T15:30:26.304592,189.739,can0  060  [32]  00 00 00 00 00 00 00 00 00 00 00 00 00 00 00 00 00 00 00 00 00 00 00 00 00 00 00 00 00 00 00 00
2026-03-15T15:30:26.305988,189.740,can0  040  [04]  08 00 1B 00
2026-03-15T15:30:26.306071,189.740,can0  204  [16]  6E 23 E1 44 FA 29 00 00 28 23 30 75 30 75 00 00
2026-03-15T15:30:26.445337,189.880,can0  070  [20]  F9 2A 4D 08 02 B1 62 03 A8 61 00 00 1E 16 00 00 40 00 00 00
2026-03-15T15:30:26.445687,189.880,can0  204  [16]  6E 23 CE 44 C1 29 00 00 28 23 30 75 30 75 00 00
2026-03-15T15:30:26.513171,189.948,can0  204  [16]  6E 23 CC 44 CB 29 00 00 28 23 30 75 30 75 00 00
2026-03-15T15:30:26.513285,189.948,can0  041  [04]  0D 01 12 00
2026-03-15T15:30:26.519598,189.954,can0  204  [16]  6E 23 CC 44 CB 29 00 00 28 23 30 75 30 75 00 00
2026-03-15T15:30:26.519737,189.954,can0  040  [04]  0D 00 1A 00
2026-03-15T15:30:26.650507,190.085,can0  204  [16]  6E 23 CC 44 CB 29 00 00 28 23 30 75 30 75 00 00
2026-03-15T15:30:26.650778,190.085,can0  070  [20]  F9 2A 4D 08 02 B1 62 03 90 65 00 00 1E 16 00 00 1E 00 00 00
2026-03-15T15:30:26.651375,190.086,can0  040  [04]  0D 00 1A 00
2026-03-15T15:30:26.651820,190.086,can0  070  [20]  F9 2A 4D 08 02 B1 62 03 90 65 00 00 1E 16 00 00 1E 00 00 00
2026-03-15T15:30:26.720741,190.155,can0  204  [16]  6E 23 DE 44 BB 29 00 00 28 23 30 75 30 75 00 00
2026-03-15T15:30:26.721159,190.156,can0  204  [16]  6E 23 DE 44 BB 29 00 00 28 23 30 75 30 75 00 00
2026-03-15T15:30:26.721442,190.156,can0  070  [20]  F9 2A 4D 08 02 B1 62 03 90 65 00 00 1E 16 00 00 1E 00 00 00
2026-03-15T15:30:26.789069,190.224,can0  041  [04]  0D 01 12 00
2026-03-15T15:30:26.789769,190.224,can0  204  [16]  6E 23 D2 44 BD 29 00 00 28 23 30 75 30 75 00 00
2026-03-15T15:30:26.790078,190.225,can0  060  [32]  00 00 00 00 00 00 00 00 00 00 00 00 00 00 00 00 00 00 00 00 00 00 00 00 00 00 00 00 00 00 00 00
2026-03-15T15:30:26.790859,190.225,can0  040  [04]  08 00 1D 00
2026-03-15T15:30:26.791025,190.225,can0  060  [32]  00 00 00 00 F9 2A 4D 08 57 06 B8 10 00 00 10 0E FF 01 00 00 00 00 00 00 01 00 00 00 00 00 00 00
2026-03-15T15:30:26.791781,190.226,can0  204  [16]  6E 23 D2 44 BD 29 00 00 28 23 30 75 30 75 00 00
2026-03-15T15:30:26.925053,190.359,can0  040  [04]  08 00 1D 00
2026-03-15T15:30:26.925482,190.360,can0  204  [16]  6E 23 D1 44 FE 29 00 00 28 23 30 75 30 75 00 00
2026-03-15T15:30:26.994015,190.428,can0  204  [16]  6E 23 D9 44 AF 29 00 00 28 23 30 75 30 75 00 00
2026-03-15T15:30:26.994364,190.429,can0  204  [16]  6E 23 D9 44 AF 29 00 00 28 23 30 75 30 75 00 00
2026-03-15T15:30:26.994602,190.429,can0  041  [04]  0D 01 14 00
2026-03-15T15:30:27.109037,190.543,can0  040  [04]  01 00 20 00
2026-03-15T15:30:27.109613,190.544,can0  204  [16]  6E 23 E6 44 EA 29 00 00 28 23 30 75 30 75 00 00
2026-03-15T15:30:27.109917,190.544,can0  204  [16]  6E 23 E6 44 EA 29 00 00 28 23 30 75 30 75 00 00
2026-03-15T15:30:27.113100,190.548,can0  040  [04]  01 00 20 00
2026-03-15T15:30:27.244260,190.679,can0  204  [16]  6E 23 DA 44 C8 29 00 00 28 23 30 75 30 75 00 00
2026-03-15T15:30:27.244569,190.679,can0  070  [20]  F9 2A 4D 08 02 B1 62 03 90 65 00 00 1E 16 00 00 1E 00 00 00
2026-03-15T15:30:27.312520,190.747,can0  204  [16]  6E 23 C9 44 CD 29 00 00 28 23 30 75 30 75 00 00
2026-03-15T15:30:27.312832,190.747,can0  204  [16]  6E 23 C9 44 CD 29 00 00 28 23 30 75 30 75 00 00
2026-03-15T15:30:27.313201,190.748,can0  041  [04]  06 01 13 00
2026-03-15T15:30:27.313477,190.748,can0  070  [20]  F9 2A 4D 08 02 B1 62 03 90 65 00 00 1E 16 00 00 1E 00 00 00
2026-03-15T15:30:27.313766,190.748,can0  060  [32]  00 00 00 00 00 00 00 00 00 00 00 00 00 00 00 00 00 00 00 00 00 00 00 00 00 00 00 00 00 00 00 00
2026-03-15T15:30:27.447023,190.881,can0  040  [04]  67 01 24 00
2026-03-15T15:30:27.447125,190.882,can0  204  [16]  6E 23 C8 44 BF 29 00 00 28 23 30 75 30 75 00 00
2026-03-15T15:30:27.447192,190.882,can0  040  [04]  67 01 24 00
2026-03-15T15:30:27.447907,190.882,can0  100  [03]  F0 4E 04
2026-03-15T15:30:27.448689,190.883,can0  110  [02]  9C 1B
2026-03-15T15:30:27.449418,190.884,can0  120  [04]  00 00 00 00
2026-03-15T15:30:27.449753,190.884,can0  204  [16]  6E 23 C8 44 BF 29 00 00 28 23 30 75 30 75 00 00
2026-03-15T15:30:27.522630,190.957,can0  204  [16]  6E 23 CD 44 95 29 00 00 28 23 30 75 30 75 00 00
2026-03-15T15:30:27.522943,190.957,can0  204  [16]  6E 23 CD 44 95 29 00 00 28 23 30 75 30 75 00 00
2026-03-15T15:30:27.590435,191.025,can0  041  [04]  03 01 14 00
2026-03-15T15:30:27.591359,191.026,can0  040  [04]  01 00 26 00
2026-03-15T15:30:27.592040,191.026,can0  204  [16]  6E 23 DB 44 B6 29 00 00 28 23 30 75 30 75 00 00
2026-03-15T15:30:27.595360,191.030,can0  070  [20]  F9 2A 4D 08 04 B1 62 03 78 69 00 00 1E 16 00 00 64 00 00 00
2026-03-15T15:30:27.709016,191.143,can0  070  [20]  F9 2A 4D 08 04 B1 62 03 78 69 00 00 1E 16 00 00 65 00 00 00
2026-03-15T15:30:27.709522,191.144,can0  040  [04]  01 00 26 00
2026-03-15T15:30:27.709810,191.144,can0  204  [16]  6E 23 E5 44 00 2A 00 00 28 23 30 75 30 75 00 00
2026-03-15T15:30:27.710045,191.144,can0  204  [16]  6E 23 E5 44 00 2A 00 00 28 23 30 75 30 75 00 00
2026-03-15T15:30:27.712475,191.147,can0  070  [20]  F9 2A 4D 08 04 B1 62 03 78 69 00 00 1E 16 00 00 65 00 00 00
2026-03-15T15:30:27.801965,191.236,can0  204  [16]  6E 23 E2 44 D2 29 00 00 28 23 30 75 30 75 00 00
2026-03-15T15:30:27.802475,191.237,can0  060  [32]  00 00 00 00 F9 2A 4D 08 59 06 B8 10 00 00 10 0E FF 01 00 00 00 00 00 00 01 00 00 00 00 00 00 00
2026-03-15T15:30:27.803775,191.238,can0  041  [04]  06 01 14 00
2026-03-15T15:30:27.894234,191.329,can0  204  [16]  6E 23 D9 44 D8 29 00 00 28 23 30 75 30 75 00 00
2026-03-15T15:30:27.894742,191.329,can0  040  [04]  67 01 26 00
2026-03-15T15:30:27.895209,191.330,can0  204  [16]  6E 23 D9 44 D8 29 00 00 28 23 30 75 30 75 00 00
2026-03-15T15:30:27.895608,191.330,can0  040  [04]  67 01 26 00
2026-03-15T15:30:28.027895,191.462,can0  204  [16]  6E 23 D4 44 8D 29 00 00 28 23 30 75 30 75 00 00
2026-03-15T15:30:28.028240,191.463,can0  204  [16]  6E 23 D4 44 8D 29 00 00 28 23 30 75 30 75 00 00
2026-03-15T15:30:28.122301,191.557,can0  204  [16]  6E 23 C5 44 D2 29 00 00 28 23 30 75 30 75 00 00
2026-03-15T15:30:28.122593,191.557,can0  041  [04]  01 01 11 00
2026-03-15T15:30:28.130737,191.565,can0  040  [04]  63 01 27 00
2026-03-15T15:30:28.222003,191.656,can0  204  [16]  6E 23 CC 44 89 29 00 00 28 23 30 75 30 75 00 00
2026-03-15T15:30:28.222577,191.657,can0  040  [04]  63 01 27 00
2026-03-15T15:30:28.222902,191.657,can0  204  [16]  6E 23 CC 44 89 29 00 00 28 23 30 75 30 75 00 00
2026-03-15T15:30:28.223166,191.658,can0  070  [20]  F9 2A 4D 08 04 B1 62 03 78 69 00 00 1E 16 00 00 65 00 00 00
2026-03-15T15:30:28.322642,191.757,can0  204  [16]  6E 23 E2 44 2F 2A 00 00 28 23 30 75 30 75 00 00
2026-03-15T15:30:28.322935,191.757,can0  060  [32]  00 00 00 00 00 00 00 00 00 00 00 00 00 00 00 00 00 00 00 00 00 00 00 00 00 00 00 00 00 00 00 00
2026-03-15T15:30:28.323267,191.758,can0  204  [16]  6E 23 E2 44 2F 2A 00 00 28 23 30 75 30 75 00 00
2026-03-15T15:30:28.422596,191.857,can0  070  [20]  F9 2A 4D 08 04 B1 62 03 78 69 00 00 1E 16 00 00 65 00 00 00
2026-03-15T15:30:28.422897,191.857,can0  041  [04]  02 01 12 00
2026-03-15T15:30:28.423188,191.858,can0  204  [16]  6E 23 E5 44 FE 29 00 00 28 23 30 75 30 75 00 00
2026-03-15T15:30:28.423650,191.858,can0  040  [04]  65 01 27 00
2026-03-15T15:30:28.521953,191.956,can0  204  [16]  6E 23 D6 44 DF 29 00 00 28 23 30 75 30 75 00 00
2026-03-15T15:30:28.522472,191.957,can0  040  [04]  65 01 27 00
2026-03-15T15:30:28.522652,191.957,can0  133  [00]
2026-03-15T15:30:28.525944,191.960,can0  204  [16]  6E 23 D6 44 DF 29 00 00 28 23 30 75 30 75 00 00
2026-03-15T15:30:28.622003,192.056,can0  204  [16]  6E 23 D6 44 DF 29 00 00 28 23 30 75 30 75 00 00
2026-03-15T15:30:28.622299,192.057,can0  070  [20]  F9 2A 4D 08 04 B1 62 03 60 6D 00 00 1E 16 00 00 78 00 00 00
2026-03-15T15:30:28.623240,192.058,can0  100  [03]  F7 4E 04
2026-03-15T15:30:28.623900,192.058,can0  120  [04]  00 00 00 00
2026-03-15T15:30:28.624163,192.059,can0  070  [20]  F9 2A 4D 08 04 B1 62 03 60 6D 00 00 1E 16 00 00 79 00 00 00
2026-03-15T15:30:28.634802,192.069,can0  204  [16]  6E 23 D2 44 8D 29 00 00 28 23 30 75 30 75 00 00
2026-03-15T15:30:28.634917,192.069,can0  041  [04]  FE 00 12 00
2026-03-15T15:30:28.692172,192.127,can0  040  [04]  67 01 24 00
2026-03-15T15:30:28.692587,192.127,can0  204  [16]  6E 23 CC 44 CB 29 00 00 28 23 30 75 30 75 00 00
2026-03-15T15:30:28.692861,192.127,can0  070  [20]  F9 2A 4D 08 04 B1 62 03 60 6D 00 00 1E 16 00 00 79 00 00 00
2026-03-15T15:30:28.693397,192.128,can0  040  [04]  67 01 24 00
2026-03-15T15:30:28.793630,192.228,can0  204  [16]  6E 23 DB 44 8D 29 00 00 28 23 30 75 30 75 00 00
2026-03-15T15:30:28.793855,192.228,can0  204  [16]  6E 23 DB 44 8D 29 00 00 28 23 30 75 30 75 00 00
2026-03-15T15:30:28.796469,192.231,can0  060  [32]  00 00 00 00 00 00 00 00 00 00 00 00 00 00 00 00 00 00 00 00 00 00 00 00 00 00 00 00 00 00 00 00
2026-03-15T15:30:28.922372,192.357,can0  060  [32]  00 00 00 00 F9 2A 4D 08 59 06 B8 10 00 00 10 0E FF 01 00 00 00 00 00 00 01 00 00 00 00 00 00 00
2026-03-15T15:30:28.923199,192.358,can0  204  [16]  6E 23 E1 44 07 2A 00 00 28 23 30 75 30 75 00 00
2026-03-15T15:30:28.923954,192.358,can0  041  [04]  00 01 10 00
2026-03-15T15:30:28.925477,192.360,can0  204  [16]  6E 23 E1 44 07 2A 00 00 28 23 30 75 30 75 00 00
2026-03-15T15:30:28.926294,192.361,can0  040  [04]  01 00 22 00
2026-03-15T15:30:29.022247,192.457,can0  040  [04]  01 00 22 00
2026-03-15T15:30:29.022662,192.457,can0  204  [16]  6E 23 E3 44 A1 29 00 00 28 23 30 75 30 75 00 00
2026-03-15T15:30:29.023332,192.458,can0  110  [02]  9B 1B
2026-03-15T15:30:29.121878,192.556,can0  204  [16]  6E 23 DA 44 E1 29 00 00 28 23 30 75 30 75 00 00
2026-03-15T15:30:29.124794,192.559,can0  204  [16]  6E 23 DA 44 E1 29 00 00 28 23 30 75 30 75 00 00
2026-03-15T15:30:29.222518,192.657,can0  041  [04]  06 01 0D 00
2026-03-15T15:30:29.222878,192.657,can0  204  [16]  6E 23 CC 44 8D 29 00 00 28 23 30 75 30 75 00 00
2026-03-15T15:30:29.223443,192.658,can0  040  [04]  01 00 22 00
2026-03-15T15:30:29.223725,192.658,can0  070  [20]  F9 2A 4D 08 04 B1 62 03 60 6D 00 00 1E 16 00 00 79 00 00 00
2026-03-15T15:30:29.224030,192.658,can0  204  [16]  6E 23 CC 44 8D 29 00 00 28 23 30 75 30 75 00 00
2026-03-15T15:30:29.322845,192.757,can0  040  [04]  01 00 22 00
2026-03-15T15:30:29.323355,192.758,can0  204  [16]  6E 23 C9 44 F8 29 00 00 28 23 30 75 30 75 00 00
2026-03-15T15:30:29.323714,192.758,can0  070  [20]  F9 2A 4D 08 04 B1 62 03 60 6D 00 00 1E 16 00 00 79 00 00 00
2026-03-15T15:30:29.454901,192.889,can0  060  [32]  00 00 00 00 00 00 00 00 00 00 00 00 00 00 00 00 00 00 00 00 00 00 00 00 00 00 00 00 00 00 00 00
2026-03-15T15:30:29.455028,192.889,can0  204  [16]  6E 23 D5 44 92 29 00 00 28 23 30 75 30 75 00 00
2026-03-15T15:30:29.459068,192.894,can0  204  [16]  6E 23 D5 44 92 29 00 00 28 23 30 75 30 75 00 00
2026-03-15T15:30:29.459192,192.894,can0  041  [04]  09 01 0A 00
2026-03-15T15:30:29.523688,192.958,can0  040  [04]  67 01 22 00
2026-03-15T15:30:29.524174,192.959,can0  204  [16]  6E 23 E1 44 F3 29 00 00 28 23 30 75 30 75 00 00
2026-03-15T15:30:29.524798,192.959,can0  040  [04]  67 01 22 00
2026-03-15T15:30:29.525057,192.959,can0  204  [16]  6E 23 E1 44 F3 29 00 00 28 23 30 75 30 75 00 00
2026-03-15T15:30:29.628468,193.063,can0  070  [20]  FB 2A 4D 08 02 B1 62 03 48 71 00 00 1E 16 00 00 53 00 00 00
2026-03-15T15:30:29.628838,193.063,can0  204  [16]  6E 23 E0 44 BD 29 00 00 28 23 30 75 30 75 00 00
2026-03-15T15:30:29.629096,193.064,can0  070  [20]  FB 2A 4D 08 02 B1 62 03 48 71 00 00 1E 16 00 00 54 00 00 00
2026-03-15T15:30:29.729386,193.164,can0  204  [16]  6E 23 D3 44 F1 29 00 00 28 23 30 75 30 75 00 00
2026-03-15T15:30:29.729683,193.164,can0  041  [04]  10 01 08 00
2026-03-15T15:30:29.730029,193.164,can0  204  [16]  6E 23 D3 44 F1 29 00 00 28 23 30 75 30 75 00 00
2026-03-15T15:30:29.730294,193.165,can0  070  [20]  FB 2A 4D 08 02 B1 62 03 48 71 00 00 1E 16 00 00 54 00 00 00
2026-03-15T15:30:29.731787,193.166,can0  040  [04]  67 01 21 00
2026-03-15T15:30:29.803140,193.238,can0  204  [16]  6E 23 CD 44 7F 29 00 00 28 23 30 75 30 75 00 00
2026-03-15T15:30:29.803263,193.238,can0  040  [04]  67 01 21 00
2026-03-15T15:30:29.803342,193.238,can0  100  [03]  F9 4E 04
2026-03-15T15:30:29.804002,193.238,can0  120  [04]  00 00 00 00
2026-03-15T15:30:29.807514,193.242,can0  204  [16]  6E 23 CD 44 7F 29 00 00 28 23 30 75 30 75 00 00
2026-03-15T15:30:29.940750,193.375,can0  060  [32]  00 00 00 00 FB 2A 4D 08 57 06 B8 10 00 00 10 0E FF 01 00 00 00 00 00 00 01 00 00 00 00 00 00 00
2026-03-15T15:30:29.941622,193.376,can0  204  [16]  6E 23 D1 44 EA 29 00 00 28 23 30 75 30 75 00 00
2026-03-15T15:30:30.008891,193.443,can0  204  [16]  6E 23 DD 44 8D 29 00 00 28 23 30 75 30 75 00 00
2026-03-15T15:30:30.009254,193.444,can0  041  [04]  10 01 08 00
2026-03-15T15:30:30.009996,193.444,can0  040  [04]  67 01 1D 00
2026-03-15T15:30:30.010377,193.445,can0  204  [16]  6E 23 DD 44 8D 29 00 00 28 23 30 75 30 75 00 00
2026-03-15T15:30:30.147833,193.582,can0  040  [04]  67 01 1D 00
2026-03-15T15:30:30.148233,193.583,can0  204  [16]  6E 23 E3 44 E1 29 00 00 28 23 30 75 30 75 00 00
2026-03-15T15:30:30.152708,193.587,can0  204  [16]  6E 23 E3 44 E1 29 00 00 28 23 30 75 30 75 00 00
2026-03-15T15:30:30.216960,193.651,can0  204  [16]  6E 23 D9 44 FC 29 00 00 28 23 30 75 30 75 00 00
2026-03-15T15:30:30.217311,193.652,can0  041  [04]  10 01 08 00
2026-03-15T15:30:30.350514,193.785,can0  070  [20]  FB 2A 4D 08 02 B1 62 03 48 71 00 00 1E 16 00 00 54 00 00 00
2026-03-15T15:30:30.350886,193.785,can0  204  [16]  6E 23 CD 44 D4 29 00 00 28 23 30 75 30 75 00 00
2026-03-15T15:30:30.351511,193.786,can0  040  [04]  03 00 1E 00
2026-03-15T15:30:30.351843,193.786,can0  204  [16]  6E 23 CD 44 D4 29 00 00 28 23 30 75 30 75 00 00
2026-03-15T15:30:30.352083,193.787,can0  070  [20]  FB 2A 4D 08 02 B1 62 03 48 71 00 00 1E 16 00 00 54 00 00 00
2026-03-15T15:30:30.355996,193.790,can0  040  [04]  03 00 1E 00
2026-03-15T15:30:30.421309,193.856,can0  060  [32]  00 00 00 00 00 00 00 00 00 00 00 00 00 00 00 00 00 00 00 00 00 00 00 00 00 00 00 00 00 00 00 00
2026-03-15T15:30:30.421722,193.856,can0  204  [16]  6E 23 D1 44 B8 29 00 00 28 23 30 75 30 75 00 00
2026-03-15T15:30:30.422073,193.856,can0  204  [16]  6E 23 D1 44 B8 29 00 00 28 23 30 75 30 75 00 00
2026-03-15T15:30:30.553145,193.988,can0  204  [16]  6E 23 DD 44 AC 29 00 00 28 23 30 75 30 75 00 00
2026-03-15T15:30:30.565070,194.000,can0  041  [04]  0A 01 0B 00
2026-03-15T15:30:30.565208,194.000,can0  040  [04]  05 00 21 00
2026-03-15T15:30:30.622851,194.057,can0  204  [16]  6E 23 DD 44 AC 29 00 00 28 23 30 75 30 75 00 00
2026-03-15T15:30:30.623586,194.058,can0  040  [04]  05 00 21 00
2026-03-15T15:30:30.623940,194.058,can0  070  [20]  FB 2A 4D 08 04 B1 62 03 30 75 00 00 1E 16 00 00 3B 00 00 00
2026-03-15T15:30:30.624818,194.059,can0  110  [02]  9B 1B
2026-03-15T15:30:30.625352,194.060,can0  204  [16]  6E 23 DC 44 D4 29 00 00 28 23 30 75 30 75 00 00
2026-03-15T15:30:30.625634,194.060,can0  070  [20]  FB 2A 4D 08 04 B1 62 03 30 75 00 00 1E 16 00 00 3C 00 00 00
2026-03-15T15:30:30.759349,194.194,can0  204  [16]  6E 23 DB 44 BB 29 00 00 28 23 30 75 30 75 00 00
2026-03-15T15:30:30.759666,194.194,can0  070  [20]  FB 2A 4D 08 04 B1 62 03 30 75 00 00 1E 16 00 00 3C 00 00 00
2026-03-15T15:30:30.827913,194.262,can0  204  [16]  6E 23 D9 44 FA 29 00 00 28 23 30 75 30 75 00 00
2026-03-15T15:30:30.828021,194.262,can0  041  [04]  0B 01 0D 00
2026-03-15T15:30:30.828093,194.263,can0  204  [16]  6E 23 D9 44 FA 29 00 00 28 23 30 75 30 75 00 00
2026-03-15T15:30:30.834408,194.269,can0  040  [04]  06 00 23 00
2026-03-15T15:30:30.899755,194.334,can0  060  [32]  00 00 00 00 00 00 00 00 00 00 00 00 00 00 00 00 00 00 00 00 00 00 00 00 00 00 00 00 00 00 00 00
2026-03-15T15:30:30.900475,194.335,can0  040  [04]  06 00 23 00
2026-03-15T15:30:30.900856,194.335,can0  204  [16]  6E 23 D7 44 BF 29 00 00 28 23 30 75 30 75 00 00
2026-03-15T15:30:30.901074,194.336,can0  060  [32]  00 00 00 00 FB 2A 4D 08 59 06 B8 10 00 00 10 0E FF 01 00 00 00 00 00 00 01 00 00 00 00 00 00 00
2026-03-15T15:30:30.901845,194.336,can0  204  [16]  6E 23 D7 44 BF 29 00 00 28 23 30 75 30 75 00 00
2026-03-15T15:30:31.035067,194.469,can0  204  [16]  6E 23 D4 44 C4 29 00 00 28 23 30 75 30 75 00 00
2026-03-15T15:30:31.035986,194.470,can0  100  [03]  FB 4E 04
2026-03-15T15:30:31.036717,194.471,can0  120  [04]  00 00 00 00
2026-03-15T15:30:31.036986,194.471,can0  041  [04]  10 01 0A 00
2026-03-15T15:30:31.037366,194.472,can0  204  [16]  6E 23 D4 44 C4 29 00 00 28 23 30 75 30 75 00 00
2026-03-15T15:30:31.109896,194.544,can0  040  [04]  01 00 28 00
2026-03-15T15:30:31.110463,194.545,can0  204  [16]  6E 23 D9 44 9E 29 00 00 28 23 30 75 30 75 00 00
2026-03-15T15:30:31.111121,194.546,can0  040  [04]  01 00 28 00
2026-03-15T15:30:31.248530,194.683,can0  204  [16]  6E 23 DF 44 B8 29 00 00 28 23 30 75 30 75 00 00
2026-03-15T15:30:31.248829,194.683,can0  204  [16]  6E 23 DF 44 B8 29 00 00 28 23 30 75 30 75 00 00
2026-03-15T15:30:31.249187,194.684,can0  070  [20]  FB 2A 4D 08 04 B1 62 03 30 75 00 00 1E 16 00 00 3C 00 00 00
2026-03-15T15:30:31.297111,194.732,can0  204  [16]  6E 23 DE 44 D4 29 00 00 28 23 30 75 30 75 00 00
2026-03-15T15:30:31.297341,194.732,can0  041  [04]  FE 00 0A 00
2026-03-15T15:30:31.297827,194.732,can0  040  [04]  01 00 2A 00
2026-03-15T15:30:31.298064,194.732,can0  204  [16]  6E 23 DE 44 D4 29 00 00 28 23 30 75 30 75 00 00
2026-03-15T15:30:31.434902,194.869,can0  070  [20]  FB 2A 4D 08 04 B1 62 03 30 75 00 00 1E 16 00 00 3C 00 00 00
2026-03-15T15:30:31.435611,194.870,can0  060  [32]  00 00 00 00 00 00 00 00 00 00 00 00 00 00 00 00 00 00 00 00 00 00 00 00 00 00 00 00 00 00 00 00
2026-03-15T15:30:31.436559,194.871,can0  040  [04]  01 00 2A 00
2026-03-15T15:30:31.437231,194.872,can0  204  [16]  6E 23 D4 44 DF 29 00 00 28 23 30 75 30 75 00 00
2026-03-15T15:30:31.507773,194.942,can0  204  [16]  6E 23 D5 44 B8 29 00 00 28 23 30 75 30 75 00 00
2026-03-15T15:30:31.508343,194.943,can0  204  [16]  6E 23 D5 44 B8 29 00 00 28 23 30 75 30 75 00 00
2026-03-15T15:30:31.639801,195.074,can0  041  [04]  F5 00 0C 00
2026-03-15T15:30:31.640153,195.075,can0  204  [16]  6E 23 D5 44 B8 29 00 00 28 23 30 75 30 75 00 00
2026-03-15T15:30:31.640878,195.075,can0  040  [04]  08 00 25 00
2026-03-15T15:30:31.708529,195.143,can0  204  [16]  6E 23 DE 44 B8 29 00 00 28 23 30 75 30 75 00 00
2026-03-15T15:30:31.708862,195.143,can0  070  [20]  FB 2A 4D 08 04 B1 62 03 18 79 00 00 1E 16 00 00 39 00 00 00
2026-03-15T15:30:31.709450,195.144,can0  040  [04]  08 00 25 00
2026-03-15T15:30:31.709665,195.144,can0  070  [20]  FB 2A 4D 08 04 B1 62 03 18 79 00 00 1E 16 00 00 3A 00 00 00
2026-03-15T15:30:31.712670,195.147,can0  204  [16]  6E 23 DE 44 B8 29 00 00 28 23 30 75 30 75 00 00
2026-03-15T15:30:31.816646,195.251,can0  070  [20]  FB 2A 4D 08 04 B1 62 03 18 79 00 00 1E 16 00 00 3A 00 00 00
2026-03-15T15:30:31.817103,195.252,can0  204  [16]  6E 23 DB 44 C8 29 00 00 28 23 30 75 30 75 00 00
2026-03-15T15:30:31.817702,195.252,can0  204  [16]  6E 23 DB 44 C8 29 00 00 28 23 30 75 30 75 00 00
2026-03-15T15:30:31.817779,195.252,can0  041  [04]  FA 00 0E 00
2026-03-15T15:30:31.912774,195.347,can0  040  [04]  0A 00 23 00
2026-03-15T15:30:31.913143,195.348,can0  060  [32]  00 00 00 00 FB 2A 4D 08 59 06 B8 10 00 00 10 0E FF 01 00 00 00 00 00 00 01 00 00 00 00 00 00 00
2026-03-15T15:30:31.913944,195.348,can0  204  [16]  6E 23 DC 44 CD 29 00 00 28 23 30 75 30 75 00 00
2026-03-15T15:30:31.914584,195.349,can0  040  [04]  0A 00 23 00
2026-03-15T15:30:32.030739,195.465,can0  204  [16]  6E 23 DB 44 D2 29 00 00 28 23 30 75 30 75 00 00
2026-03-15T15:30:32.030956,195.465,can0  204  [16]  6E 23 DB 44 D2 29 00 00 28 23 30 75 30 75 00 00
2026-03-15T15:30:32.157508,195.592,can0  204  [16]  6E 23 D6 44 CF 29 00 00 28 23 30 75 30 75 00 00
2026-03-15T15:30:32.159555,195.594,can0  041  [04]  F8 00 0D 00
2026-03-15T15:30:32.159662,195.594,can0  204  [16]  6E 23 D6 44 CF 29 00 00 28 23 30 75 30 75 00 00
2026-03-15T15:30:32.159735,195.594,can0  040  [04]  0A 00 22 00
2026-03-15T15:30:32.228781,195.663,can0  040  [04]  0A 00 22 00
2026-03-15T15:30:32.229411,195.664,can0  204  [16]  6E 23 D9 44 C4 29 00 00 28 23 30 75 30 75 00 00
2026-03-15T15:30:32.230682,195.665,can0  100  [03]  01 4F 04
2026-03-15T15:30:32.231370,195.666,can0  110  [02]  9D 1B
2026-03-15T15:30:32.232019,195.666,can0  120  [04]  00 00 00 00
2026-03-15T15:30:32.303931,195.738,can0  204  [16]  6E 23 DB 44 CF 29 00 00 28 23 30 75 30 75 00 00
2026-03-15T15:30:32.304041,195.738,can0  070  [20]  FB 2A 4D 08 04 B1 62 03 18 79 00 00 1E 16 00 00 3A 00 00 00
2026-03-15T15:30:32.304288,195.739,can0  204  [16]  6E 23 DB 44 CF 29 00 00 28 23 30 75 30 75 00 00
2026-03-15T15:30:32.433788,195.868,can0  070  [20]  FB 2A 4D 08 04 B1 62 03 18 79 00 00 1E 16 00 00 3A 00 00 00
2026-03-15T15:30:32.434057,195.868,can0  041  [04]  F0 00 0C 00
2026-03-15T15:30:32.434688,195.869,can0  204  [16]  6E 23 D8 44 B4 29 00 00 28 23 30 75 30 75 00 00
2026-03-15T15:30:32.434777,195.869,can0  060  [32]  00 00 00 00 00 00 00 00 00 00 00 00 00 00 00 00 00 00 00 00 00 00 00 00 00 00 00 00 00 00 00 00
2026-03-15T15:30:32.435424,195.870,can0  040  [04]  0A 00 21 00
2026-03-15T15:30:32.441322,195.876,can0  204  [16]  6E 23 D8 44 B4 29 00 00 28 23 30 75 30 75 00 00
2026-03-15T15:30:32.441431,195.876,can0  040  [04]  0A 00 21 00
2026-03-15T15:30:32.510754,195.945,can0  204  [16]  6E 23 DB 44 BD 29 00 00 28 23 30 75 30 75 00 00
2026-03-15T15:30:32.510852,195.945,can0  204  [16]  6E 23 DB 44 BD 29 00 00 28 23 30 75 30 75 00 00
2026-03-15T15:30:32.641859,196.076,can0  204  [16]  6E 23 DC 44 AC 29 00 00 28 23 30 75 30 75 00 00
2026-03-15T15:30:32.642386,196.077,can0  070  [20]  FB 2A 4D 08 06 B1 62 03 00 7D 00 00 1E 16 00 00 23 00 00 00
2026-03-15T15:30:32.642479,196.077,can0  041  [04]  F2 00 0B 00
2026-03-15T15:30:32.645741,196.080,can0  070  [20]  FB 2A 4D 08 06 B1 62 03 00 7D 00 00 1E 16 00 00 23 00 00 00
2026-03-15T15:30:32.747998,196.182,can0  040  [04]  06 00 1D 00
2026-03-15T15:30:32.748406,196.183,can0  204  [16]  6E 23 D9 44 B1 29 00 00 28 23 30 75 30 75 00 00
2026-03-15T15:30:32.748673,196.183,can0  070  [20]  FB 2A 4D 08 06 B1 62 03 00 7D 00 00 1E 16 00 00 23 00 00 00
2026-03-15T15:30:32.749299,196.184,can0  040  [04]  06 00 1D 00
2026-03-15T15:30:32.749574,196.184,can0  204  [16]  6E 23 D9 44 B1 29 00 00 28 23 30 75 30 75 00 00
2026-03-15T15:30:32.810374,196.245,can0  204  [16]  6E 23 D5 44 BD 29 00 00 28 23 30 75 30 75 00 00
2026-03-15T15:30:32.898215,196.333,can0  204  [16]  6E 23 D8 44 DF 29 00 00 28 23 30 75 30 75 00 00
2026-03-15T15:30:32.898475,196.333,can0  060  [32]  00 00 00 00 00 00 00 00 00 00 00 00 00 00 00 00 00 00 00 00 00 00 00 00 00 00 00 00 00 00 00 00
2026-03-15T15:30:32.898702,196.333,can0  041  [04]  F3 00 0D 00
2026-03-15T15:30:32.898884,196.333,can0  060  [32]  00 00 00 00 FB 2A 4D 08 5A 06 B8 10 00 00 10 0E FF 01 00 00 00 00 00 00 01 00 00 00 00 00 00 00
2026-03-15T15:30:32.899444,196.334,can0  204  [16]  6E 23 D8 44 DF 29 00 00 28 23 30 75 30 75 00 00
2026-03-15T15:30:32.900050,196.334,can0  040  [04]  04 00 1A 00
2026-03-15T15:30:33.025374,196.460,can0  204  [16]  6E 23 DB 44 A1 29 00 00 28 23 30 75 30 75 00 00
2026-03-15T15:30:33.030116,196.465,can0  040  [04]  04 00 1A 00
2026-03-15T15:30:33.030244,196.465,can0  204  [16]  6E 23 DB 44 A1 29 00 00 28 23 30 75 30 75 00 00
2026-03-15T15:30:33.122262,196.557,can0  204  [16]  6E 23 DB 44 EA 29 00 00 28 23 30 75 30 75 00 00
2026-03-15T15:30:33.222639,196.657,can0  204  [16]  6E 23 D7 44 9E 29 00 00 28 23 30 75 30 75 00 00
2026-03-15T15:30:33.222914,196.657,can0  041  [04]  F4 00 10 00
2026-03-15T15:30:33.223508,196.658,can0  040  [04]  08 00 1B 00
2026-03-15T15:30:33.223836,196.658,can0  204  [16]  6E 23 D7 44 9E 29 00 00 28 23 30 75 30 75 00 00
2026-03-15T15:30:33.224084,196.659,can0  070  [20]  FB 2A 4D 08 06 B1 62 03 00 7D 00 00 1E 16 00 00 23 00 00 00
2026-03-15T15:30:33.224563,196.659,can0  040  [04]  08 00 1B 00
2026-03-15T15:30:33.322457,196.757,can0  204  [16]  6E 23 D7 44 EF 29 00 00 28 23 30 75 30 75 00 00
2026-03-15T15:30:33.322767,196.757,can0  204  [16]  6E 23 D7 44 EF 29 00 00 28 23 30 75 30 75 00 00
2026-03-15T15:30:33.323020,196.757,can0  070  [20]  FB 2A 4D 08 06 B1 62 03 00 7D 00 00 1E 16 00 00 23 00 00 00
2026-03-15T15:30:33.422000,196.856,can0  204  [16]  6E 23 D9 44 A3 29 00 00 28 23 30 75 30 75 00 00
2026-03-15T15:30:33.422962,196.857,can0  060  [32]  00 00 00 00 00 00 00 00 00 00 00 00 00 00 00 00 00 00 00 00 00 00 00 00 00 00 00 00 00 00 00 00
2026-03-15T15:30:33.423026,196.857,can0  100  [03]  06 4F 04
2026-03-15T15:30:33.423648,196.858,can0  120  [04]  00 00 00 00
2026-03-15T15:30:33.423922,196.858,can0  041  [04]  F1 00 13 00
2026-03-15T15:30:33.539187,196.974,can0  204  [16]  6E 23 D7 44 E6 29 00 00 28 23 30 75 30 75 00 00
2026-03-15T15:30:33.540010,196.974,can0  040  [04]  05 00 1E 00
2026-03-15T15:30:33.540359,196.975,can0  204  [16]  6E 23 D7 44 E6 29 00 00 28 23 30 75 30 75 00 00
2026-03-15T15:30:33.546706,196.981,can0  040  [04]  05 00 1E 00
2026-03-15T15:30:33.630782,197.065,can0  204  [16]  6E 23 D7 44 E6 29 00 00 28 23 30 75 30 75 00 00
2026-03-15T15:30:33.630983,197.065,can0  070  [20]  FB 2A 4D 08 06 B1 62 03 E8 80 00 00 1E 16 00 00 1F 00 00 00
2026-03-15T15:30:33.631234,197.066,can0  204  [16]  6E 23 DD 44 92 29 00 00 28 23 30 75 30 75 00 00
2026-03-15T15:30:33.633626,197.068,can0  070  [20]  FB 2A 4D 08 06 B1 62 03 E8 80 00 00 1E 16 00 00 20 00 00 00
2026-03-15T15:30:33.723084,197.158,can0  041  [04]  F6 00 11 00
2026-03-15T15:30:33.723372,197.158,can0  204  [16]  6E 23 DC 44 E4 29 00 00 28 23 30 75 30 75 00 00
2026-03-15T15:30:33.723620,197.158,can0  070  [20]  FB 2A 4D 08 06 B1 62 03 E8 80 00 00 1E 16 00 00 20 00 00 00
2026-03-15T15:30:33.724181,197.159,can0  040  [04]  01 00 21 00
2026-03-15T15:30:33.822767,197.257,can0  204  [16]  6E 23 D6 44 B4 29 00 00 28 23 30 75 30 75 00 00
2026-03-15T15:30:33.823300,197.258,can0  040  [04]  01 00 21 00
2026-03-15T15:30:33.823545,197.258,can0  204  [16]  6E 23 D6 44 B4 29 00 00 28 23 30 75 30 75 00 00
2026-03-15T15:30:33.824143,197.259,can0  110  [02]  9C 1B
2026-03-15T15:30:33.921897,197.356,can0  204  [16]  6E 23 D2 44 D8 29 00 00 28 23 30 75 30 75 00 00
2026-03-15T15:30:33.922298,197.357,can0  060  [32]  00 00 00 00 FB 2A 4D 08 5A 06 B8 10 00 00 10 0E FF 01 00 00 00 00 00 00 01 00 00 00 00 00 00 00
2026-03-15T15:30:33.922771,197.357,can0  204  [16]  6E 23 D2 44 D8 29 00 00 28 23 30 75 30 75 00 00
2026-03-15T15:30:34.022431,197.457,can0  041  [04]  F5 00 10 00
2026-03-15T15:30:34.023413,197.458,can0  040  [04]  07 00 1E 00
2026-03-15T15:30:34.023871,197.458,can0  204  [16]  6E 23 D2 44 69 29 00 00 28 23 30 75 30 75 00 00
2026-03-15T15:30:34.123277,197.558,can0  040  [04]  07 00 1E 00
2026-03-15T15:30:34.123789,197.558,can0  204  [16]  6E 23 D8 44 99 29 00 00 28 23 30 75 30 75 00 00
2026-03-15T15:30:34.124132,197.559,can0  204  [16]  6E 23 D8 44 99 29 00 00 28 23 30 75 30 75 00 00
2026-03-15T15:30:34.222820,197.657,can0  204  [16]  6E 23 D9 44 99 29 00 00 28 23 30 75 30 75 00 00
2026-03-15T15:30:34.223380,197.658,can0  041  [04]  F5 00 0D 00
2026-03-15T15:30:34.224352,197.659,can0  070  [20]  FB 2A 4D 08 06 B1 62 03 E8 80 00 00 1E 16 00 00 20 00 00 00
2026-03-15T15:30:34.224432,197.659,can0  204  [16]  6E 23 D9 44 99 29 00 00 28 23 30 75 30 75 00 00
2026-03-15T15:30:34.224498,197.659,can0  040  [04]  03 00 20 00
2026-03-15T15:30:34.337327,197.772,can0  204  [16]  6E 23 CF 44 FC 29 00 00 28 23 30 75 30 75 00 00
2026-03-15T15:30:34.337436,197.772,can0  040  [04]  03 00 20 00
2026-03-15T15:30:34.337506,197.772,can0  070  [20]  FB 2A 4D 08 06 B1 62 03 E8 80 00 00 1E 16 00 00 20 00 00 00
2026-03-15T15:30:34.427844,197.862,can0  204  [16]  6E 23 D0 44 05 2A 00 00 28 23 30 75 30 75 00 00
2026-03-15T15:30:34.428203,197.863,can0  060  [32]  00 00 00 00 00 00 00 00 00 00 00 00 00 00 00 00 00 00 00 00 00 00 00 00 00 00 00 00 00 00 00 00
2026-03-15T15:30:34.428637,197.863,can0  204  [16]  6E 23 D0 44 05 2A 00 00 28 23 30 75 30 75 00 00
2026-03-15T15:30:34.547875,197.982,can0  204  [16]  6E 23 D2 44 FE 29 00 00 28 23 30 75 30 75 00 00
2026-03-15T15:30:34.548169,197.983,can0  041  [04]  FA 00 0C 00
2026-03-15T15:30:34.549039,197.983,can0  204  [16]  6E 23 D2 44 FE 29 00 00 28 23 30 75 30 75 00 00
2026-03-15T15:30:34.549092,197.984,can0  040  [04]  01 00 21 00
2026-03-15T15:30:34.637789,198.072,can0  040  [04]  01 00 21 00
2026-03-15T15:30:34.638023,198.072,can0  070  [20]  FB 2A 4D 08 06 B1 62 03 D0 84 00 00 1E 16 00 00 36 00 00 00
2026-03-15T15:30:34.642480,198.077,can0  204  [16]  6E 23 D4 44 CB 29 00 00 28 23 30 75 30 75 00 00
2026-03-15T15:30:34.642590,198.077,can0  070  [20]  FB 2A 4D 08 06 B1 62 03 D0 84 00 00 1E 16 00 00 36 00 00 00
2026-03-15T15:30:34.642665,198.077,can0  100  [03]  09 4F 04
2026-03-15T15:30:34.642739,198.077,can0  120  [04]  00 00 00 00
2026-03-15T15:30:34.728610,198.163,can0  204  [16]  6E 23 D3 44 CD 29 00 00 28 23 30 75 30 75 00 00
2026-03-15T15:30:34.728810,198.163,can0  070  [20]  FB 2A 4D 08 06 B1 62 03 D0 84 00 00 1E 16 00 00 36 00 00 00
2026-03-15T15:30:34.731565,198.166,can0  204  [16]  6E 23 D3 44 CD 29 00 00 28 23 30 75 30 75 00 00
2026-03-15T15:30:34.861948,198.296,can0  041  [04]  00 01 0B 00
2026-03-15T15:30:34.862416,198.297,can0  204  [16]  6E 23 CF 44 CD 29 00 00 28 23 30 75 30 75 00 00
2026-03-15T15:30:34.863206,198.298,can0  040  [04]  67 01 20 00
2026-03-15T15:30:34.863511,198.298,can0  204  [16]  6E 23 CF 44 CD 29 00 00 28 23 30 75 30 75 00 00
2026-03-15T15:30:34.872494,198.307,can0  040  [04]  67 01 20 00
2026-03-15T15:30:34.915486,198.350,can0  204  [16]  6E 23 D2 44 D4 29 00 00 28 23 30 75 30 75 00 00
2026-03-15T15:30:34.915910,198.350,can0  060  [32]  00 00 00 00 00 00 00 00 00 00 00 00 00 00 00 00 00 00 00 00 00 00 00 00 00 00 00 00 00 00 00 00
2026-03-15T15:30:34.916100,198.351,can0  060  [32]  00 00 00 00 FB 2A 4D 08 5A 06 B8 10 00 00 10 0E FF 01 00 00 00 00 00 00 01 00 00 00 00 00 00 00
2026-03-15T15:30:35.012633,198.447,can0  204  [16]  6E 23 DA 44 D4 29 00 00 28 23 30 75 30 75 00 00
2026-03-15T15:30:35.012972,198.447,can0  204  [16]  6E 23 DA 44 D4 29 00 00 28 23 30 75 30 75 00 00
2026-03-15T15:30:35.013327,198.448,can0  041  [04]  03 01 0E 00
2026-03-15T15:30:35.120811,198.555,can0  040  [04]  67 01 22 00
2026-03-15T15:30:35.121307,198.556,can0  204  [16]  6E 23 D8 44 CB 29 00 00 28 23 30 75 30 75 00 00
2026-03-15T15:30:35.122021,198.556,can0  040  [04]  67 01 22 00
2026-03-15T15:30:35.122324,198.557,can0  204  [16]  6E 23 D8 44 CB 29 00 00 28 23 30 75 30 75 00 00
2026-03-15T15:30:35.214976,198.649,can0  204  [16]  6E 23 D0 44 EA 29 00 00 28 23 30 75 30 75 00 00
2026-03-15T15:30:35.217616,198.652,can0  070  [20]  FB 2A 4D 08 06 B1 62 03 D0 84 00 00 1E 16 00 00 36 00 00 00
2026-03-15T15:30:35.341823,198.776,can0  204  [16]  6E 23 CA 44 CB 29 00 00 28 23 30 75 30 75 00 00
2026-03-15T15:30:35.344644,198.779,can0  041  [04]  08 01 0F 00
2026-03-15T15:30:35.344767,198.779,can0  204  [16]  6E 23 CA 44 CB 29 00 00 28 23 30 75 30 75 00 00
2026-03-15T15:30:35.344848,198.779,can0  070  [20]  FB 2A 4D 08 06 B1 62 03 D0 84 00 00 1E 16 00 00 36 00 00 00
2026-03-15T15:30:35.345019,198.779,can0  040  [04]  67 01 1A 00
2026-03-15T15:30:35.433291,198.868,can0  204  [16]  6E 23 D5 44 CD 29 00 00 28 23 30 75 30 75 00 00
2026-03-15T15:30:35.433837,198.868,can0  040  [04]  67 01 1A 00
2026-03-15T15:30:35.434468,198.869,can0  110  [02]  9C 1B
2026-03-15T15:30:35.434707,198.869,can0  060  [32]  00 00 00 00 00 00 00 00 00 00 00 00 00 00 00 00 00 00 00 00 00 00 00 00 00 00 00 00 00 00 00 00
2026-03-15T15:30:35.434945,198.869,can0  204  [16]  6E 23 D5 44 CD 29 00 00 28 23 30 75 30 75 00 00
2026-03-15T15:30:35.524858,198.959,can0  204  [16]  6E 23 DF 44 AF 29 00 00 28 23 30 75 30 75 00 00
2026-03-15T15:30:35.527401,198.962,can0  204  [16]  6E 23 DF 44 AF 29 00 00 28 23 30 75 30 75 00 00
2026-03-15T15:30:35.622700,199.057,can0  041  [04]  06 01 12 00
2026-03-15T15:30:35.623340,199.058,can0  040  [04]  0E 00 13 00
2026-03-15T15:30:35.623920,199.058,can0  070  [20]  FB 2A 4D 08 07 B1 62 03 B8 88 00 00 1E 16 00 00 4C 00 00 00
2026-03-15T15:30:35.624281,199.059,can0  204  [16]  6E 23 DE 44 92 29 00 00 28 23 30 75 30 75 00 00
2026-03-15T15:30:35.625495,199.060,can0  070  [20]  FB 2A 4D 08 07 B1 62 03 B8 88 00 00 1E 16 00 00 4C 00 00 00
2026-03-15T15:30:35.625555,199.060,can0  040  [04]  0E 00 13 00
2026-03-15T15:30:35.722287,199.157,can0  204  [16]  6E 23 D8 44 CB 29 00 00 28 23 30 75 30 75 00 00
2026-03-15T15:30:35.722541,199.157,can0  070  [20]  FB 2A 4D 08 07 B1 62 03 B8 88 00 00 1E 16 00 00 4C 00 00 00
2026-03-15T15:30:35.722868,199.157,can0  204  [16]  6E 23 D5 44 21 2A 00 00 28 23 30 75 30 75 00 00
2026-03-15T15:30:35.832328,199.267,can0  204  [16]  6E 23 D5 44 21 2A 00 00 28 23 30 75 30 75 00 00
2026-03-15T15:30:35.832688,199.267,can0  041  [04]  FA 00 0E 00
2026-03-15T15:30:35.833540,199.268,can0  100  [03]  0E 4F 04
2026-03-15T15:30:35.834150,199.269,can0  120  [04]  00 00 00 00
2026-03-15T15:30:35.834380,199.269,can0  132  [00]
2026-03-15T15:30:35.952277,199.387,can0  040  [04]  18 00 11 00
2026-03-15T15:30:35.952541,199.387,can0  204  [16]  6E 23 D5 44 AF 29 00 00 28 23 30 75 30 75 00 00
2026-03-15T15:30:35.953046,199.387,can0  040  [04]  18 00 11 00
2026-03-15T15:30:35.953291,199.388,can0  204  [16]  6E 23 D5 44 AF 29 00 00 28 23 30 75 30 75 00 00
2026-03-15T15:30:35.953480,199.388,can0  060  [32]  00 00 00 00 FB 2A 4D 08 5C 06 B8 10 00 00 10 0E FF 01 00 00 00 00 00 00 01 00 00 00 00 00 00 00
2026-03-15T15:30:36.048458,199.483,can0  204  [16]  6E 23 D8 44 ED 29 00 00 28 23 30 75 30 75 00 00
2026-03-15T15:30:36.048712,199.483,can0  204  [16]  6E 23 D8 44 ED 29 00 00 28 23 30 75 30 75 00 00
2026-03-15T15:30:36.138683,199.573,can0  041  [04]  FA 00 0C 00
2026-03-15T15:30:36.138933,199.573,can0  204  [16]  6E 23 DB 44 77 29 00 00 28 23 30 75 30 75 00 00
2026-03-15T15:30:36.139492,199.574,can0  040  [04]  04 00 0F 00
2026-03-15T15:30:36.227559,199.662,can0  204  [16]  6E 23 DB 44 F8 29 00 00 28 23 30 75 30 75 00 00
2026-03-15T15:30:36.228567,199.663,can0  040  [04]  04 00 0F 00
2026-03-15T15:30:36.228845,199.663,can0  204  [16]  6E 23 DB 44 F8 29 00 00 28 23 30 75 30 75 00 00
2026-03-15T15:30:36.229032,199.663,can0  070  [20]  FB 2A 4D 08 07 B1 62 03 B8 88 00 00 1E 16 00 00 4C 00 00 00
2026-03-15T15:30:36.322762,199.757,can0  204  [16]  6E 23 D9 44 97 29 00 00 28 23 30 75 30 75 00 00
2026-03-15T15:30:36.322969,199.757,can0  204  [16]  6E 23 D9 44 97 29 00 00 28 23 30 75 30 75 00 00
2026-03-15T15:30:36.325352,199.760,can0  070  [20]  FB 2A 4D 08 07 B1 62 03 B8 88 00 00 1E 16 00 00 4C 00 00 00
2026-03-15T15:30:36.422355,199.857,can0  041  [04]  FB 00 09 00
2026-03-15T15:30:36.422985,199.857,can0  040  [04]  5E 01 10 00
2026-03-15T15:30:36.423334,199.858,can0  204  [16]  6E 23 E1 44 C8 29 00 00 28 23 30 75 30 75 00 00
2026-03-15T15:30:36.423621,199.858,can0  060  [32]  00 00 00 00 00 00 00 00 00 00 00 00 00 00 00 00 00 00 00 00 00 00 00 00 00 00 00 00 00 00 00 00
2026-03-15T15:30:36.522461,199.957,can0  040  [04]  5E 01 10 00
2026-03-15T15:30:36.522853,199.957,can0  204  [16]  6E 23 D8 44 EA 29 00 00 28 23 30 75 30 75 00 00
2026-03-15T15:30:36.523085,199.958,can0  204  [16]  6E 23 D8 44 EA 29 00 00 28 23 30 75 30 75 00 00
2026-03-15T15:30:36.622677,200.057,can0  204  [16]  6E 23 D8 44 EA 29 00 00 28 23 30 75 30 75 00 00
2026-03-15T15:30:36.622879,200.057,can0  070  [20]  FB 2A 4D 08 07 B1 62 03 A0 8C 00 00 1E 16 00 00 3D 00 00 00
2026-03-15T15:30:36.623104,200.058,can0  041  [04]  FF 00 02 00
2026-03-15T15:30:36.623255,200.058,can0  070  [20]  FB 2A 4D 08 07 B1 62 03 A0 8C 00 00 1E 16 00 00 3D 00 00 00
2026-03-15T15:30:36.625934,200.060,can0  040  [04]  5D 01 17 00
2026-03-15T15:30:36.722526,200.157,can0  204  [16]  6E 23 D5 44 D2 29 00 00 28 23 30 75 30 75 00 00
2026-03-15T15:30:36.722738,200.157,can0  204  [16]  6E 23 D5 44 D2 29 00 00 28 23 30 75 30 75 00 00
2026-03-15T15:30:36.722910,200.157,can0  070  [20]  FB 2A 4D 08 07 B1 62 03 A0 8C 00 00 1E 16 00 00 3D 00 00 00
2026-03-15T15:30:36.723488,200.158,can0  040  [04]  5D 01 17 00
2026-03-15T15:30:36.822736,200.257,can0  204  [16]  6E 23 DF 44 97 29 00 00 28 23 30 75 30 75 00 00
2026-03-15T15:30:36.822933,200.257,can0  204  [16]  6E 23 DF 44 97 29 00 00 28 23 30 75 30 75 00 00
2026-03-15T15:30:37.053770,200.488,can0  204  [16]  6E 23 DD 44 AC 29 00 00 28 23 30 75 30 75 00 00
2026-03-15T15:30:37.054773,200.489,can0  041  [04]  10 01 00 00
2026-03-15T15:30:37.055650,200.490,can0  040  [04]  5B 01 1E 00
2026-03-15T15:30:37.057413,200.492,can0  060  [32]  00 00 00 00 00 00 00 00 00 00 00 00 00 00 00 00 00 00 00 00 00 00 00 00 00 00 00 00 00 00 00 00
2026-03-15T15:30:37.059421,200.494,can0  204  [16]  6E 23 D2 44 23 2A 00 00 28 23 30 75 30 75 00 00
2026-03-15T15:30:37.059511,200.494,can0  060  [32]  00 00 00 00 FB 2A 4D 08 5C 06 B8 10 00 00 10 0E FF 01 00 00 00 00 00 00 01 00 00 00 00 00 00 00
2026-03-15T15:30:37.059606,200.494,can0  040  [04]  5B 01 1E 00
2026-03-15T15:30:37.059675,200.494,can0  204  [16]  6E 23 D2 44 23 2A 00 00 28 23 30 75 30 75 00 00
2026-03-15T15:30:37.063220,200.498,can0  100  [03]  10 4F 04
2026-03-15T15:30:37.064044,200.498,can0  110  [02]  9B 1B
2026-03-15T15:30:37.065748,200.500,can0  120  [04]  00 00 00 00
2026-03-15T15:30:37.116270,200.551,can0  204  [16]  6E 23 CF 44 E4 29 00 00 28 23 30 75 30 75 00 00
2026-03-15T15:30:37.116514,200.551,can0  204  [16]  6E 23 CF 44 E4 29 00 00 28 23 30 75 30 75 00 00
2026-03-15T15:30:37.116729,200.551,can0  041  [04]  8B 00 00 00
2026-03-15T15:30:37.207092,200.642,can0  204  [16]  6E 23 D3 44 BF 29 00 00 28 23 30 75 30 75 00 00
2026-03-15T15:30:37.207731,200.642,can0  040  [04]  60 01 20 00
2026-03-15T15:30:37.208022,200.642,can0  070  [20]  FB 2A 4D 08 07 B1 62 03 A0 8C 00 00 1E 16 00 00 3D 00 00 00
2026-03-15T15:30:37.208612,200.643,can0  040  [04]  60 01 20 00
2026-03-15T15:30:37.211625,200.646,can0  204  [16]  6E 23 DE 44 C1 29 00 00 28 23 30 75 30 75 00 00
2026-03-15T15:30:37.311199,200.746,can0  204  [16]  6E 23 DE 44 C1 29 00 00 28 23 30 75 30 75 00 00
2026-03-15T15:30:37.311397,200.746,can0  070  [20]  FB 2A 4D 08 07 B1 62 03 A0 8C 00 00 1E 16 00 00 3D 00 00 00
2026-03-15T15:30:37.415034,200.849,can0  204  [16]  6E 23 D5 44 C4 29 00 00 28 23 30 75 30 75 00 00
2026-03-15T15:30:37.415248,200.850,can0  041  [04]  10 01 00 00
2026-03-15T15:30:37.415516,200.850,can0  204  [16]  6E 23 D5 44 C4 29 00 00 28 23 30 75 30 75 00 00
2026-03-15T15:30:37.415683,200.850,can0  060  [32]  00 00 00 00 00 00 00 00 00 00 00 00 00 00 00 00 00 00 00 00 00 00 00 00 00 00 00 00 00 00 00 00
2026-03-15T15:30:37.416302,200.851,can0  040  [04]  03 00 22 00
2026-03-15T15:30:37.519435,200.954,can0  204  [16]  6E 23 D0 44 CB 29 00 00 28 23 30 75 30 75 00 00
2026-03-15T15:30:37.520041,200.954,can0  040  [04]  03 00 22 00
2026-03-15T15:30:37.520306,200.955,can0  204  [16]  6E 23 D0 44 CB 29 00 00 28 23 30 75 30 75 00 00
2026-03-15T15:30:37.622395,201.057,can0  204  [16]  6E 23 D7 44 EA 29 00 00 28 23 30 75 30 75 00 00
2026-03-15T15:30:37.622617,201.057,can0  070  [20]  FD 2A 4D 08 07 B1 62 03 88 90 00 00 1E 16 00 00 25 00 00 00
2026-03-15T15:30:37.622797,201.057,can0  070  [20]  FD 2A 4D 08 07 B1 62 03 88 90 00 00 1E 16 00 00 25 00 00 00
2026-03-15T15:30:37.722109,201.157,can0  204  [16]  6E 23 DB 44 BD 29 00 00 28 23 30 75 30 75 00 00
2026-03-15T15:30:37.722303,201.157,can0  041  [04]  F8 00 02 00
2026-03-15T15:30:37.722886,201.157,can0  040  [04]  03 00 25 00
2026-03-15T15:30:37.723124,201.158,can0  204  [16]  6E 23 DB 44 BD 29 00 00 28 23 30 75 30 75 00 00
2026-03-15T15:30:37.725500,201.160,can0  070  [20]  FD 2A 4D 08 07 B1 62 03 88 90 00 00 1E 16 00 00 25 00 00 00
2026-03-15T15:30:37.822953,201.257,can0  040  [04]  03 00 25 00
2026-03-15T15:30:37.823342,201.258,can0  204  [16]  6E 23 DC 44 F1 29 00 00 28 23 30 75 30 75 00 00
2026-03-15T15:30:37.921918,201.356,can0  204  [16]  6E 23 D4 44 E4 29 00 00 28 23 30 75 30 75 00 00
2026-03-15T15:30:37.922244,201.357,can0  204  [16]  6E 23 D4 44 E4 29 00 00 28 23 30 75 30 75 00 00
2026-03-15T15:30:37.922499,201.357,can0  041  [04]  04 01 05 00
2026-03-15T15:30:37.922731,201.357,can0  060  [32]  00 00 00 00 FD 2A 4D 08 5C 06 B8 10 00 00 10 0E FF 01 00 00 00 00 00 00 01 00 00 00 00 00 00 00
2026-03-15T15:30:38.022481,201.457,can0  204  [16]  6E 23 D3 44 BF 29 00 00 28 23 30 75 30 75 00 00
2026-03-15T15:30:38.023095,201.458,can0  040  [04]  67 01 28 00
2026-03-15T15:30:38.023431,201.458,can0  204  [16]  6E 23 D3 44 BF 29 00 00 28 23 30 75 30 75 00 00
2026-03-15T15:30:38.023950,201.458,can0  040  [04]  67 01 28 00
2026-03-15T15:30:38.122386,201.557,can0  204  [16]  6E 23 DB 44 C1 29 00 00 28 23 30 75 30 75 00 00
2026-03-15T15:30:38.122721,201.557,can0  204  [16]  6E 23 CC 44 ED 29 00 00 28 23 30 75 30 75 00 00
2026-03-15T15:30:38.222037,201.656,can0  204  [16]  6E 23 CC 44 ED 29 00 00 28 23 30 75 30 75 00 00
2026-03-15T15:30:38.223050,201.657,can0  041  [04]  00 01 07 00
2026-03-15T15:30:38.229978,201.664,can0  100  [03]  12 4F 04
2026-03-15T15:30:38.230883,201.665,can0  120  [04]  00 00 00 00
2026-03-15T15:30:38.231119,201.666,can0  070  [20]  FD 2A 4D 08 07 B1 62 03 88 90 00 00 1E 16 00 00 25 00 00 00
2026-03-15T15:30:38.322166,201.757,can0  040  [04]  5F 01 26 00
2026-03-15T15:30:38.322450,201.757,can0  204  [16]  6E 23 CC 44 E8 29 00 00 28 23 30 75 30 75 00 00
2026-03-15T15:30:38.322946,201.757,can0  040  [04]  5F 01 26 00
2026-03-15T15:30:38.323171,201.758,can0  204  [16]  6E 23 CC 44 E8 29 00 00 28 23 30 75 30 75 00 00
2026-03-15T15:30:38.325650,201.760,can0  070  [20]  FD 2A 4D 08 07 B1 62 03 88 90 00 00 1E 16 00 00 25 00 00 00
2026-03-15T15:30:38.422745,201.857,can0  204  [16]  6E 23 D6 44 D8 29 00 00 28 23 30 75 30 75 00 00
2026-03-15T15:30:38.422970,201.857,can0  133  [00]
2026-03-15T15:30:38.423352,201.858,can0  204  [16]  6E 23 D8 44 B6 29 00 00 28 23 30 75 30 75 00 00
2026-03-15T15:30:38.423597,201.858,can0  060  [32]  00 00 00 00 00 00 00 00 00 00 00 00 00 00 00 00 00 00 00 00 00 00 00 00 00 00 00 00 00 00 00 00
2026-03-15T15:30:38.535775,201.970,can0  041  [04]  FD 00 06 00
2026-03-15T15:30:38.535874,201.970,can0  204  [16]  6E 23 D8 44 B6 29 00 00 28 23 30 75 30 75 00 00
2026-03-15T15:30:38.536539,201.971,can0  040  [04]  65 01 1F 00
2026-03-15T15:30:38.630634,202.065,can0  040  [04]  65 01 1F 00
2026-03-15T15:30:38.631002,202.065,can0  204  [16]  6E 23 D8 44 B6 29 00 00 28 23 30 75 30 75 00 00
2026-03-15T15:30:38.631293,202.066,can0  070  [20]  FD 2A 4D 08 07 B1 62 03 70 94 00 00 1E 16 00 00 13 00 00 00
2026-03-15T15:30:38.631533,202.066,can0  070  [20]  FD 2A 4D 08 07 B1 62 03 70 94 00 00 1E 16 00 00 12 00 00 00
2026-03-15T15:30:38.632172,202.067,can0  110  [02]  9C 1B
2026-03-15T15:30:38.632549,202.067,can0  204  [16]  6E 23 D6 44 B8 29 00 00 28 23 30 75 30 75 00 00
2026-03-15T15:30:38.721779,202.156,can0  204  [16]  6E 23 CE 44 D8 29 00 00 28 23 30 75 30 75 00 00
2026-03-15T15:30:38.722053,202.156,can0  070  [20]  FD 2A 4D 08 07 B1 62 03 70 94 00 00 1E 16 00 00 12 00 00 00
2026-03-15T15:30:38.722313,202.157,can0  041  [04]  FD 00 06 00
2026-03-15T15:30:38.822635,202.257,can0  204  [16]  6E 23 DE 44 D6 29 00 00 28 23 30 75 30 75 00 00
2026-03-15T15:30:38.823317,202.258,can0  040  [04]  05 00 1E 00
2026-03-15T15:30:38.823585,202.258,can0  204  [16]  6E 23 DE 44 D6 29 00 00 28 23 30 75 30 75 00 00
2026-03-15T15:30:38.824073,202.258,can0  040  [04]  05 00 1E 00
2026-03-15T15:30:38.922040,202.356,can0  204  [16]  6E 23 DF 44 9C 29 00 00 28 23 30 75 30 75 00 00
2026-03-15T15:30:38.922378,202.357,can0  204  [16]  6E 23 DF 44 9C 29 00 00 28 23 30 75 30 75 00 00
2026-03-15T15:30:38.924900,202.359,can0  060  [32]  00 00 00 00 00 00 00 00 00 00 00 00 00 00 00 00 00 00 00 00 00 00 00 00 00 00 00 00 00 00 00 00
2026-03-15T15:30:39.021984,202.456,can0  060  [32]  00 00 00 00 FD 2A 4D 08 5C 06 B8 10 00 00 10 0E FF 01 00 00 00 00 00 00 01 00 00 00 00 00 00 00
2026-03-15T15:30:39.022725,202.457,can0  204  [16]  6E 23 DB 44 C4 29 00 00 28 23 30 75 30 75 00 00
2026-03-15T15:30:39.022884,202.457,can0  041  [04]  F8 00 04 00
2026-03-15T15:30:39.023500,202.458,can0  040  [04]  0F 00 1C 00
2026-03-15T15:30:39.121820,202.556,can0  204  [16]  6E 23 D1 44 E6 29 00 00 28 23 30 75 30 75 00 00
2026-03-15T15:30:39.122419,202.557,can0  040  [04]  0F 00 1C 00
2026-03-15T15:30:39.122674,202.557,can0  204  [16]  6E 23 D1 44 E6 29 00 00 28 23 30 75 30 75 00 00
2026-03-15T15:30:39.222758,202.657,can0  204  [16]  6E 23 CE 44 86 29 00 00 28 23 30 75 30 75 00 00
2026-03-15T15:30:39.222940,202.657,can0  070  [20]  FD 2A 4D 08 07 B1 62 03 70 94 00 00 1E 16 00 00 12 00 00 00
2026-03-15T15:30:39.226048,202.660,can0  204  [16]  6E 23 CE 44 86 29 00 00 28 23 30 75 30 75 00 00
2026-03-15T15:30:39.322297,202.757,can0  041  [04]  04 01 05 00
2026-03-15T15:30:39.322532,202.757,can0  204  [16]  6E 23 D5 44 F8 29 00 00 28 23 30 75 30 75 00 00
2026-03-15T15:30:39.323119,202.758,can0  040  [04]  0B 00 1A 00
2026-03-15T15:30:39.323353,202.758,can0  070  [20]  FD 2A 4D 08 07 B1 62 03 70 94 00 00 1E 16 00 00 12 00 00 00
2026-03-15T15:30:39.323596,202.758,can0  204  [16]  6E 23 E2 44 70 29 00 00 28 23 30 75 30 75 00 00
2026-03-15T15:30:39.422679,202.857,can0  040  [04]  0B 00 1A 00
2026-03-15T15:30:39.422927,202.857,can0  204  [16]  6E 23 E2 44 70 29 00 00 28 23 30 75 30 75 00 00
2026-03-15T15:30:39.423580,202.858,can0  100  [03]  16 4F 04
2026-03-15T15:30:39.424089,202.859,can0  120  [04]  00 00 00 00
2026-03-15T15:30:39.522459,202.957,can0  204  [16]  6E 23 DB 44 DF 29 00 00 28 23 30 75 30 75 00 00
2026-03-15T15:30:39.522661,202.957,can0  060  [32]  00 00 00 00 00 00 00 00 00 00 00 00 00 00 00 00 00 00 00 00 00 00 00 00 00 00 00 00 00 00 00 00
2026-03-15T15:30:39.522904,202.957,can0  204  [16]  6E 23 DB 44 DF 29 00 00 28 23 30 75 30 75 00 00
2026-03-15T15:30:39.523056,202.957,can0  041  [04]  F8 00 04 00
2026-03-15T15:30:39.622669,203.057,can0  070  [20]  FD 2A 4D 08 07 B1 62 03 58 98 00 00 1E 16 00 00 25 00 00 00
2026-03-15T15:30:39.623349,203.058,can0  040  [04]  06 00 25 00
2026-03-15T15:30:39.623700,203.058,can0  204  [16]  6E 23 D4 44 A5 29 00 00 28 23 30 75 30 75 00 00
2026-03-15T15:30:39.623954,203.058,can0  070  [20]  FD 2A 4D 08 07 B1 62 03 58 98 00 00 1E 16 00 00 24 00 00 00
2026-03-15T15:30:39.624514,203.059,can0  040  [04]  06 00 25 00
2026-03-15T15:30:39.726747,203.161,can0  204  [16]  6E 23 CE 44 12 2A 00 00 28 23 30 75 30 75 00 00
2026-03-15T15:30:39.727065,203.161,can0  204  [16]  6E 23 CE 44 12 2A 00 00 28 23 30 75 30 75 00 00
2026-03-15T15:30:39.727333,203.162,can0  070  [20]  FD 2A 4D 08 07 B1 62 03 58 98 00 00 1E 16 00 00 24 00 00 00
2026-03-15T15:30:39.830494,203.265,can0  204  [16]  6E 23 D8 44 AF 29 00 00 28 23 30 75 30 75 00 00
2026-03-15T15:30:39.831952,203.266,can0  041  [04]  3F 01 04 00
2026-03-15T15:30:39.832066,203.266,can0  204  [16]  6E 23 D8 44 AF 29 00 00 28 23 30 75 30 75 00 00
2026-03-15T15:30:39.832138,203.267,can0  040  [04]  01 00 2C 00
2026-03-15T15:30:39.923208,203.358,can0  040  [04]  01 00 2C 00
2026-03-15T15:30:39.923749,203.358,can0  204  [16]  6E 23 DA 44 E1 29 00 00 28 23 30 75 30 75 00 00
2026-03-15T15:30:40.022397,203.457,can0  204  [16]  6E 23 D8 44 9C 29 00 00 28 23 30 75 30 75 00 00
2026-03-15T15:30:40.022573,203.457,can0  060  [32]  00 00 00 00 FD 2A 4D 08 5C 06 B8 10 00 00 10 0E FF 01 00 00 00 00 00 00 01 00 00 00 00 00 00 00
2026-03-15T15:30:40.025283,203.460,can0  204  [16]  6E 23 D8 44 9C 29 00 00 28 23 30 75 30 75 00 00
2026-03-15T15:30:40.123531,203.558,can0  204  [16]  6E 23 D1 44 D6 29 00 00 28 23 30 75 30 75 00 00
2026-03-15T15:30:40.123900,203.558,can0  041  [04]  10 01 02 00
2026-03-15T15:30:40.124635,203.559,can0  040  [04]  05 00 2D 00
2026-03-15T15:30:40.124971,203.559,can0  204  [16]  6E 23 D1 44 D6 29 00 00 28 23 30 75 30 75 00 00
2026-03-15T15:30:40.222207,203.657,can0  040  [04]  05 00 2D 00
2026-03-15T15:30:40.222637,203.657,can0  204  [16]  6E 23 DA 44 81 29 00 00 28 23 30 75 30 75 00 00
2026-03-15T15:30:40.222937,203.657,can0  070  [20]  FD 2A 4D 08 07 B1 62 03 58 98 00 00 1E 16 00 00 24 00 00 00
2026-03-15T15:30:40.223591,203.658,can0  110  [02]  9D 1B
2026-03-15T15:30:40.223843,203.658,can0  204  [16]  6E 23 D1 44 EF 29 00 00 28 23 30 75 30 75 00 00
2026-03-15T15:30:40.321888,203.756,can0  204  [16]  6E 23 D1 44 EF 29 00 00 28 23 30 75 30 75 00 00
2026-03-15T15:30:40.322155,203.757,can0  070  [20]  FD 2A 4D 08 07 B1 62 03 58 98 00 00 1E 16 00 00 24 00 00 00
2026-03-15T15:30:40.322442,203.757,can0  041  [04]  E4 00 02 00
2026-03-15T15:30:40.422437,203.857,can0  040  [04]  0C 00 26 00
2026-03-15T15:30:40.422808,203.857,can0  204  [16]  6E 23 D9 44 E4 29 00 00 28 23 30 75 30 75 00 00
2026-03-15T15:30:40.423114,203.858,can0  204  [16]  6E 23 D9 44 E4 29 00 00 28 23 30 75 30 75 00 00
2026-03-15T15:30:40.423706,203.858,can0  040  [04]  0C 00 26 00
2026-03-15T15:30:40.522106,203.957,can0  060  [32]  00 00 00 00 00 00 00 00 00 00 00 00 00 00 00 00 00 00 00 00 00 00 00 00 00 00 00 00 00 00 00 00
2026-03-15T15:30:40.522478,203.957,can0  204  [16]  6E 23 DC 44 5F 29 00 00 28 23 30 75 30 75 00 00
2026-03-15T15:30:40.522779,203.957,can0  204  [16]  6E 23 DC 44 5F 29 00 00 28 23 30 75 30 75 00 00
2026-03-15T15:30:40.621904,204.056,can0  070  [20]  FD 2A 4D 08 07 B1 62 03 40 9C 00 00 1E 16 00 00 3D 00 00 00
2026-03-15T15:30:40.622103,204.057,can0  041  [04]  E4 00 00 00
2026-03-15T15:30:40.623082,204.058,can0  204  [16]  6E 23 D9 44 DB 29 00 00 28 23 30 75 30 75 00 00
2026-03-15T15:30:40.623157,204.058,can0  100  [03]  1A 4F 04
2026-03-15T15:30:40.623310,204.058,can0  070  [20]  FD 2A 4D 08 07 B1 62 03 40 9C 00 00 1E 16 00 00 3E 00 00 00
2026-03-15T15:30:40.623802,204.058,can0  120  [04]  00 00 00 00
2026-03-15T15:30:40.624480,204.059,can0  040  [04]  0F 00 20 00
2026-03-15T15:30:40.722268,204.157,can0  204  [16]  6E 23 D3 44 12 2A 00 00 28 23 30 75 30 75 00 00
2026-03-15T15:30:40.722969,204.157,can0  040  [04]  0F 00 20 00
2026-03-15T15:30:40.723284,204.158,can0  070  [20]  FD 2A 4D 08 07 B1 62 03 40 9C 00 00 1E 16 00 00 3E 00 00 00
2026-03-15T15:30:40.723717,204.158,can0  204  [16]  6E 23 D3 44 C4 29 00 00 28 23 30 75 30 75 00 00
2026-03-15T15:30:40.822350,204.257,can0  204  [16]  6E 23 D3 44 C4 29 00 00 28 23 30 75 30 75 00 00
2026-03-15T15:30:40.926066,204.361,can0  204  [16]  6E 23 D9 44 D2 29 00 00 28 23 30 75 30 75 00 00
2026-03-15T15:30:40.926322,204.361,can0  041  [04]  E4 00 02 00
2026-03-15T15:30:40.927003,204.361,can0  040  [04]  0C 00 1F 00
2026-03-15T15:30:40.927367,204.362,can0  204  [16]  6E 23 D9 44 D2 29 00 00 28 23 30 75 30 75 00 00
2026-03-15T15:30:41.022841,204.457,can0  040  [04]  0C 00 1F 00
2026-03-15T15:30:41.023238,204.458,can0  204  [16]  6E 23 D9 44 AC 29 00 00 28 23 30 75 30 75 00 00
2026-03-15T15:30:41.023686,204.458,can0  060  [32]  00 00 00 00 00 00 00 00 00 00 00 00 00 00 00 00 00 00 00 00 00 00 00 00 00 00 00 00 00 00 00 00
2026-03-15T15:30:41.023762,204.458,can0  060  [32]  00 00 00 00 FD 2A 4D 08 5C 06 B8 10 00 00 10 0E FF 01 00 00 00 00 00 00 01 00 00 00 00 00 00 00
2026-03-15T15:30:41.024516,204.459,can0  204  [16]  6E 23 D9 44 AC 29 00 00 28 23 30 75 30 75 00 00
2026-03-15T15:30:41.128479,204.563,can0  204  [16]  6E 23 DE 44 90 29 00 00 28 23 30 75 30 75 00 00
2026-03-15T15:30:41.128763,204.563,can0  041  [04]  E4 00 00 00
2026-03-15T15:30:41.222592,204.657,can0  204  [16]  6E 23 DC 44 AA 29 00 00 28 23 30 75 30 75 00 00
2026-03-15T15:30:41.223242,204.658,can0  040  [04]  06 00 1C 00
2026-03-15T15:30:41.223590,204.658,can0  204  [16]  6E 23 DC 44 AA 29 00 00 28 23 30 75 30 75 00 00
2026-03-15T15:30:41.223842,204.658,can0  070  [20]  FD 2A 4D 08 07 B1 62 03 40 9C 00 00 1E 16 00 00 3E 00 00 00
2026-03-15T15:30:41.224425,204.659,can0  040  [04]  06 00 1C 00
2026-03-15T15:30:41.322482,204.757,can0  204  [16]  6E 23 D1 44 C8 29 00 00 28 23 30 75 30 75 00 00
2026-03-15T15:30:41.322742,204.757,can0  070  [20]  FD 2A 4D 08 07 B1 62 03 40 9C 00 00 1E 16 00 00 3E 00 00 00
2026-03-15T15:30:41.323079,204.758,can0  204  [16]  6E 23 D1 44 C8 29 00 00 28 23 30 75 30 75 00 00
2026-03-15T15:30:41.422836,204.857,can0  204  [16]  6E 23 D3 44 09 2A 00 00 28 23 30 75 30 75 00 00
2026-03-15T15:30:41.423097,204.858,can0  041  [04]  AE 00 08 00
2026-03-15T15:30:41.424041,204.858,can0  040  [04]  62 01 1B 00
2026-03-15T15:30:41.424322,204.859,can0  204  [16]  6E 23 E2 44 4D 29 00 00 28 23 30 75 30 75 00 00
2026-03-15T15:30:41.542596,204.977,can0  060  [32]  00 00 00 00 00 00 00 00 00 00 00 00 00 00 00 00 00 00 00 00 00 00 00 00 00 00 00 00 00 00 00 00
2026-03-15T15:30:41.543444,204.978,can0  040  [04]  62 01 1B 00
2026-03-15T15:30:41.543794,204.978,can0  204  [16]  6E 23 E2 44 4D 29 00 00 28 23 30 75 30 75 00 00
2026-03-15T15:30:41.677389,205.112,can0  204  [16]  6E 23 E2 44 4D 29 00 00 28 23 30 75 30 75 00 00
2026-03-15T15:30:41.677642,205.112,can0  070  [20]  FD 2A 4D 08 04 B1 62 03 28 A0 00 00 1E 16 00 00 30 00 00 00
2026-03-15T15:30:41.677923,205.112,can0  070  [20]  FD 2A 4D 08 04 B1 62 03 28 A0 00 00 1E 16 00 00 2F 00 00 00
2026-03-15T15:30:41.678409,205.113,can0  204  [16]  6E 23 C5 44 FE 29 00 00 28 23 30 75 30 75 00 00
2026-03-15T15:30:41.725158,205.160,can0  041  [04]  91 00 07 00
2026-03-15T15:30:41.725782,205.160,can0  040  [04]  5F 01 1D 00
2026-03-15T15:30:41.726047,205.160,can0  204  [16]  6E 23 C5 44 FE 29 00 00 28 23 30 75 30 75 00 00
2026-03-15T15:30:41.726248,205.161,can0  070  [20]  FD 2A 4D 08 04 B1 62 03 28 A0 00 00 1E 16 00 00 2F 00 00 00
2026-03-15T15:30:41.822348,205.257,can0  040  [04]  5F 01 1D 00
2026-03-15T15:30:41.822985,205.257,can0  204  [16]  6E 23 CF 44 0D 2A 00 00 28 23 30 75 30 75 00 00
