Timestamp,Elapsed_Time_s,CAN_Message
2026-07-26T19:00:05.012900,2.905,can0  120  [04]  AA 69 00 00
2026-07-26T19:00:05.013128,2.905,can0  040  [04]  67 01 6F 00
2026-07-26T19:00:05.013361,2.905,can0  040  [04]  67 01 6F 00
2026-07-26T19:00:05.113582,3.006,can0  070  [20]  16 30 4D 08 84 B8 62 03 88 13 00 00 00 02 00 00 10 0B 00 00
2026-07-26T19:00:05.212613,3.105,can0  070  [20]  16 30 4D 08 84 B8 62 03 88 13 00 00 00 02 00 00 11 0B 00 00
2026-07-26T19:00:05.212729,3.105,can0  041  [04]  15 00 6B 00
2026-07-26T19:00:05.212814,3.105,can0  070  [20]  16 30 4D 08 84 B8 62 03 88 13 00 00 00 02 00 00 11 0B 00 00
2026-07-26T19:00:05.312724,3.205,can0  060  [32]  48 40 D6 02 43 72 4D 08 60 0F 65 03 00 00 CA 0C 28 01 80 00 00 00 00 00 03 00 00 00 00 00 00 00
2026-07-26T19:00:05.312821,3.205,can0  060  [32]  D7 93 D6 02 09 7C 4D 08 6A 48 60 03 0B 01 F3 02 4D 00 80 00 00 00 00 01 03 00 00 00 00 00 00 00
2026-07-26T19:00:05.312906,3.205,can0  060  [32]  21 53 11 00 26 5C 4D 08 C7 AE 62 03 01 00 3B 05 0F 00 84 00 00 00 00 02 03 00 00 00 00 00 00 00
2026-07-26T19:00:05.313366,3.205,can0  040  [04]  00 00 73 00
2026-07-26T19:00:05.412775,3.305,can0  041  [04]  17 00 6B 00
2026-07-26T19:00:05.514538,3.407,can0  040  [04]  00 00 73 00
2026-07-26T19:00:05.612662,3.505,can0  040  [04]  00 00 73 00
2026-07-26T19:00:05.712750,3.605,can0  041  [04]  1B 00 6B 00
2026-07-26T19:00:05.713064,3.605,can0  070  [20]  16 30 4D 08 84 B8 62 03 88 13 00 00 00 02 00 00 11 0B 00 00
2026-07-26T19:00:05.812654,3.705,can0  040  [04]  67 01 76 00
2026-07-26T19:00:05.815018,3.707,can0  040  [04]  67 01 76 00
2026-07-26T19:00:05.912410,3.804,can0  070  [20]  16 30 4D 08 84 B8 62 03 88 13 00 00 00 02 00 00 11 0B 00 00
2026-07-26T19:00:05.912658,3.805,can0  060  [32]  00 00 00 00 16 30 4D 08 D9 0D B8 10 0F 00 20 03 FF 01 00 00 00 00 00 00 02 00 00 00 00 00 00 00
2026-07-26T19:00:05.913017,3.805,can0  060  [32]  5A 06 D6 02 2B 44 4D 08 54 1A B8 10 25 00 D5 01 FF 01 00 00 00 00 00 01 02 00 00 00 00 00 00 00
2026-07-26T19:00:06.012719,3.905,can0  041  [04]  1B 00 6C 00
2026-07-26T19:00:06.013043,3.905,can0  040  [04]  67 01 77 00
2026-07-26T19:00:06.114374,4.006,can0  070  [20]  19 30 4D 08 93 B8 62 03 70 17 00 00 00 02 00 00 2B 10 00 00
2026-07-26T19:00:06.114469,4.007,can0  040  [04]  67 01 77 00
2026-07-26T19:00:06.212535,4.105,can0  070  [20]  19 30 4D 08 93 B8 62 03 70 17 00 00 00 02 00 00 2C 10 00 00
2026-07-26T19:00:06.212764,4.105,can0  100  [03]  0F 74 04
2026-07-26T19:00:06.214769,4.107,can0  110  [02]  BC 1A
2026-07-26T19:00:06.214855,4.107,can0  120  [04]  A0 69 00 00
2026-07-26T19:00:06.214938,4.107,can0  041  [04]  1B 00 6B 00
2026-07-26T19:00:06.312217,4.204,can0  070  [20]  19 30 4D 08 93 B8 62 03 70 17 00 00 00 02 00 00 2C 10 00 00
2026-07-26T19:00:06.312459,4.205,can0  040  [04]  67 01 75 00
2026-07-26T19:00:06.412696,4.305,can0  040  [04]  67 01 75 00
2026-07-26T19:00:06.414625,4.307,can0  060  [32]  00 00 00 00 00 00 00 00 00 00 00 00 00 00 00 00 00 00 00 00 00 00 00 00 00 00 00 00 00 00 00 00
2026-07-26T19:00:06.514528,4.407,can0  041  [04]  18 00 6A 00
2026-07-26T19:00:06.612504,4.505,can0  060  [32]  00 00 00 00 19 30 4D 08 E8 0D B8 10 16 00 9A 02 FF 01 00 00 00 00 00 00 01 00 00 00 00 00 00 00
2026-07-26T19:00:06.613004,4.505,can0  040  [04]  65 01 72 00
2026-07-26T19:00:06.613088,4.505,can0  040  [04]  65 01 72 00
2026-07-26T19:00:06.812369,4.704,can0  070  [20]  19 30 4D 08 93 B8 62 03 70 17 00 00 00 02 00 00 2C 10 00 00
2026-07-26T19:00:06.812685,4.705,can0  041  [04]  16 00 6A 00
2026-07-26T19:00:06.814745,4.707,can0  070  [20]  19 30 4D 08 93 B8 62 03 70 17 00 00 00 02 00 00 2C 10 00 00
2026-07-26T19:00:06.814831,4.707,can0  040  [04]  64 01 6E 00
2026-07-26T19:00:06.915679,4.808,can0  040  [04]  64 01 6E 00
2026-07-26T19:00:07.012501,4.905,can0  041  [04]  15 00 69 00
2026-07-26T19:00:07.112914,5.005,can0  060  [32]  00 00 00 00 00 00 00 00 00 00 00 00 00 00 00 00 00 00 00 00 00 00 00 00 00 00 00 00 00 00 00 00
2026-07-26T19:00:07.113010,5.005,can0  040  [04]  65 01 70 00
2026-07-26T19:00:07.115393,5.007,can0  070  [20]  1E 30 4D 08 A2 B8 62 03 58 1B 00 00 00 02 00 00 01 10 00 00
2026-07-26T19:00:07.115494,5.008,can0  070  [20]  1E 30 4D 08 A2 B8 62 03 58 1B 00 00 00 02 00 00 01 10 00 00
2026-07-26T19:00:07.115582,5.008,can0  040  [04]  65 01 70 00
2026-07-26T19:00:07.214719,5.107,can0  070  [20]  1E 30 4D 08 A2 B8 62 03 58 1B 00 00 00 02 00 00 01 10 00 00
2026-07-26T19:00:07.312175,5.204,can0  041  [04]  17 00 6B 00
2026-07-26T19:00:07.417733,5.310,can0  100  [03]  10 74 04
2026-07-26T19:00:07.417960,5.310,can0  120  [04]  0E 6A 00 00
2026-07-26T19:00:07.418252,5.310,can0  040  [04]  65 01 75 00
2026-07-26T19:00:07.418492,5.311,can0  133  [00]
2026-07-26T19:00:07.418766,5.311,can0  040  [04]  65 01 75 00
2026-07-26T19:00:07.612769,5.505,can0  041  [04]  17 00 6F 00
2026-07-26T19:00:07.612838,5.505,can0  060  [32]  00 00 00 00 1E 30 4D 08 F7 0D B8 10 16 00 89 02 FF 01 00 00 00 00 00 00 01 00 00 00 00 00 00 00
2026-07-26T19:00:07.615317,5.507,can0  040  [04]  65 01 74 00
2026-07-26T19:00:07.712596,5.605,can0  040  [04]  65 01 74 00
2026-07-26T19:00:07.715316,5.607,can0  070  [20]  1E 30 4D 08 A2 B8 62 03 58 1B 00 00 00 02 00 00 01 10 00 00
2026-07-26T19:00:07.812819,5.705,can0  110  [02]  BB 1A
2026-07-26T19:00:07.813080,5.705,can0  041  [04]  18 00 6D 00
2026-07-26T19:00:07.912919,5.805,can0  070  [20]  1E 30 4D 08 A2 B8 62 03 58 1B 00 00 00 02 00 00 01 10 00 00
2026-07-26T19:00:07.913136,5.805,can0  040  [04]  64 01 6D 00
2026-07-26T19:00:08.013068,5.905,can0  040  [04]  64 01 6D 00
2026-07-26T19:00:08.112952,6.005,can0  041  [04]  16 00 6A 00
2026-07-26T19:00:08.113180,6.005,can0  070  [20]  20 30 4D 08 A9 B8 62 03 40 1F 00 00 00 02 00 00 37 02 00 00
2026-07-26T19:00:08.212928,6.105,can0  070  [20]  20 30 4D 08 A9 B8 62 03 40 1F 00 00 00 02 00 00 37 02 00 00
2026-07-26T19:00:08.213149,6.105,can0  040  [04]  66 01 67 00
2026-07-26T19:00:08.213341,6.105,can0  040  [04]  66 01 67 00
2026-07-26T19:00:08.213587,6.106,can0  070  [20]  20 30 4D 08 A9 B8 62 03 40 1F 00 00 00 02 00 00 37 02 00 00
2026-07-26T19:00:08.312925,6.205,can0  041  [04]  16 00 68 00
2026-07-26T19:00:08.413058,6.305,can0  040  [04]  66 01 68 00
2026-07-26T19:00:08.512063,6.404,can0  040  [04]  66 01 68 00
2026-07-26T19:00:08.612900,6.505,can0  100  [03]  0F 74 04
2026-07-26T19:00:08.613148,6.505,can0  120  [04]  22 6A 00 00
2026-07-26T19:00:08.613702,6.506,can0  060  [32]  B5 49 D6 02 A2 4C 4D 08 66 C7 B8 10 3C 00 BE 0B FF 01 00 00 00 00 00 00 02 00 00 00 00 00 00 00
2026-07-26T19:00:08.613757,6.506,can0  060  [32]  00 00 00 00 20 30 4D 08 FD 0D B8 10 03 00 8C 02 FF 01 00 00 00 00 00 01 02 00 00 00 00 00 00 00
2026-07-26T19:00:08.614059,6.506,can0  041  [04]  17 00 6A 00
2026-07-26T19:00:08.712572,6.605,can0  040  [04]  66 01 70 00
2026-07-26T19:00:08.712795,6.605,can0  070  [20]  20 30 4D 08 A9 B8 62 03 40 1F 00 00 00 02 00 00 37 02 00 00
2026-07-26T19:00:08.713017,6.605,can0  040  [04]  66 01 70 00
2026-07-26T19:00:08.815638,6.708,can0  070  [20]  20 30 4D 08 A9 B8 62 03 40 1F 00 00 00 02 00 00 37 02 00 00
2026-07-26T19:00:08.914767,6.807,can0  041  [04]  19 00 6B 00
2026-07-26T19:00:09.015516,6.908,can0  040  [04]  67 01 73 00
2026-07-26T19:00:09.015586,6.908,can0  040  [04]  67 01 73 00
2026-07-26T19:00:09.113068,7.005,can0  060  [32]  00 00 00 00 00 00 00 00 00 00 00 00 00 00 00 00 00 00 00 00 00 00 00 00 00 00 00 00 00 00 00 00
2026-07-26T19:00:09.113421,7.005,can0  070  [20]  21 30 4D 08 B4 B8 62 03 28 23 00 00 00 02 00 00 01 0E 00 00
2026-07-26T19:00:09.113656,7.006,can0  041  [04]  19 00 6C 00
2026-07-26T19:00:09.116742,7.009,can0  070  [20]  21 30 4D 08 B4 B8 62 03 28 23 00 00 00 02 00 00 01 0E 00 00
2026-07-26T19:00:09.212450,7.105,can0  070  [20]  21 30 4D 08 B4 B8 62 03 28 23 00 00 00 02 00 00 01 0E 00 00
2026-07-26T19:00:09.212709,7.105,can0  040  [04]  67 01 70 00
2026-07-26T19:00:09.315590,7.208,can0  040  [04]  67 01 70 00
2026-07-26T19:00:09.412280,7.304,can0  110  [02]  BB 1A
2026-07-26T19:00:09.413986,7.306,can0  041  [04]  17 00 6C 00
2026-07-26T19:00:09.512682,7.405,can0  040  [04]  67 01 6C 00
2026-07-26T19:00:09.515612,7.408,can0  060  [32]  48 4B 53 0F 20 44 4D 08 FF BF 62 03 01 00 1A 06 35 00 80 00 00 00 00 00 01 00 00 00 00 00 00 00
2026-07-26T19:00:09.613767,7.506,can0  040  [04]  67 01 6C 00
2026-07-26T19:00:09.715815,7.608,can0  041  [04]  15 00 68 00
2026-07-26T19:00:09.715889,7.608,can0  070  [20]  21 30 4D 08 B4 B8 62 03 28 23 00 00 00 02 00 00 01 0E 00 00
2026-07-26T19:00:09.862322,7.754,can0  100  [03]  0F 74 04
2026-07-26T19:00:09.862520,7.755,can0  120  [04]  82 69 00 00
2026-07-26T19:00:09.862836,7.755,can0  040  [04]  67 01 6A 00
2026-07-26T19:00:09.865530,7.758,can0  040  [04]  67 01 6A 00
2026-07-26T19:00:09.962882,7.855,can0  070  [20]  21 30 4D 08 B4 B8 62 03 28 23 00 00 00 02 00 00 01 0E 00 00
2026-07-26T19:00:09.963190,7.855,can0  041  [04]  15 00 66 00
2026-07-26T19:00:10.015562,7.908,can0  040  [04]  66 01 68 00
2026-07-26T19:00:10.162531,8.055,can0  040  [04]  66 01 68 00
2026-07-26T19:00:10.162868,8.055,can0  070  [20]  23 30 4D 08 C2 B8 62 03 10 27 00 00 00 02 00 00 7C 09 00 00
2026-07-26T19:00:10.163118,8.055,can0  070  [20]  23 30 4D 08 C2 B8 62 03 10 27 00 00 00 02 00 00 7C 09 00 00
2026-07-26T19:00:10.262470,8.155,can0  041  [04]  14 00 65 00
2026-07-26T19:00:10.262820,8.155,can0  070  [20]  23 30 4D 08 C2 B8 62 03 10 27 00 00 00 02 00 00 7C 09 00 00
2026-07-26T19:00:10.362189,8.254,can0  040  [04]  66 01 6A 00
2026-07-26T19:00:10.362423,8.254,can0  040  [04]  66 01 6A 00
2026-07-26T19:00:10.662997,8.555,can0  041  [04]  15 00 65 00
2026-07-26T19:00:10.663213,8.555,can0  040  [04]  66 01 6E 00
2026-07-26T19:00:10.663454,8.556,can0  060  [32]  00 00 00 00 23 30 4D 08 16 0E B8 10 0D 00 4A 03 FF 01 00 00 00 00 00 00 02 00 00 00 00 00 00 00
2026-07-26T19:00:10.663691,8.556,can0  060  [32]  5A 47 D6 02 A2 3B 4D 08 21 93 63 03 35 00 14 05 FF 01 00 00 00 00 00 01 02 00 00 00 00 00 00 00
2026-07-26T19:00:10.664093,8.556,can0  040  [04]  66 01 6E 00
2026-07-26T19:00:10.863154,8.755,can0  041  [04]  13 00 68 00
2026-07-26T19:00:10.863419,8.755,can0  070  [20]  23 30 4D 08 C2 B8 62 03 10 27 00 00 00 02 00 00 7C 09 00 00
2026-07-26T19:00:10.863682,8.756,can0  070  [20]  23 30 4D 08 C2 B8 62 03 10 27 00 00 00 02 00 00 7C 09 00 00
2026-07-26T19:00:10.863882,8.756,can0  040  [04]  65 01 74 00
2026-07-26T19:00:10.962970,8.855,can0  040  [04]  65 01 74 00
2026-07-26T19:00:11.063008,8.955,can0  100  [03]  10 74 04
2026-07-26T19:00:11.063253,8.955,can0  110  [02]  BB 1A
2026-07-26T19:00:11.063488,8.956,can0  120  [04]  8C 69 00 00
2026-07-26T19:00:11.063693,8.956,can0  041  [04]  15 00 6B 00
2026-07-26T19:00:11.162637,9.055,can0  060  [32]  00 00 00 00 00 00 00 00 00 00 00 00 00 00 00 00 00 00 00 00 00 00 00 00 00 00 00 00 00 00 00 00
2026-07-26T19:00:11.162718,9.055,can0  040  [04]  65 01 75 00
2026-07-26T19:00:11.162868,9.055,can0  070  [20]  23 30 4D 08 D1 B8 62 03 F8 2A 00 00 00 02 00 00 1E 10 00 00
2026-07-26T19:00:11.163067,9.055,can0  070  [20]  23 30 4D 08 D1 B8 62 03 F8 2A 00 00 00 02 00 00 1E 10 00 00
2026-07-26T19:00:11.163203,9.055,can0  040  [04]  65 01 75 00
2026-07-26T19:00:11.262657,9.155,can0  060  [32]  1B FE D5 02 62 C6 4D 08 5A 9B 63 03 56 00 7D 0B 26 01 01 00 00 00 00 00 01 00 00 00 00 00 00 00
2026-07-26T19:00:11.263145,9.155,can0  070  [20]  23 30 4D 08 D1 B8 62 03 F8 2A 00 00 00 02 00 00 1E 10 00 00
2026-07-26T19:00:11.365456,9.258,can0  041  [04]  16 00 69 00
2026-07-26T19:00:11.465759,9.358,can0  040  [04]  66 01 6E 00
2026-07-26T19:00:11.465828,9.358,can0  040  [04]  66 01 6E 00
2026-07-26T19:00:11.665804,9.558,can0  041  [04]  18 00 6A 00
2026-07-26T19:00:11.665871,9.558,can0  040  [04]  00 00 67 00
2026-07-26T19:00:11.762540,9.655,can0  040  [04]  00 00 67 00
2026-07-26T19:00:11.765339,9.657,can0  070  [20]  23 30 4D 08 D1 B8 62 03 F8 2A 00 00 00 02 00 00 1E 10 00 00
2026-07-26T19:00:11.863109,9.755,can0  041  [04]  18 00 6C 00
2026-07-26T19:00:11.963116,9.855,can0  070  [20]  23 30 4D 08 D1 B8 62 03 F8 2A 00 00 00 02 00 00 1E 10 00 00
2026-07-26T19:00:11.965872,9.858,can0  040  [04]  01 00 68 00
2026-07-26T19:00:12.062393,9.954,can0  040  [04]  01 00 68 00
2026-07-26T19:00:12.162535,10.055,can0  041  [04]  1A 00 6C 00
2026-07-26T19:00:12.162840,10.055,can0  070  [20]  23 30 4D 08 E1 B8 62 03 E0 2E 00 00 00 02 00 00 78 0E 00 00
2026-07-26T19:00:12.163112,10.055,can0  070  [20]  23 30 4D 08 E1 B8 62 03 E0 2E 00 00 00 02 00 00 78 0E 00 00
2026-07-26T19:00:12.163358,10.055,can0  040  [04]  01 00 71 00
2026-07-26T19:00:12.262843,10.155,can0  100  [03]  12 74 04
2026-07-26T19:00:12.263006,10.155,can0  120  [04]  78 69 00 00
2026-07-26T19:00:12.263243,10.155,can0  040  [04]  01 00 71 00
2026-07-26T19:00:12.263496,10.156,can0  070  [20]  23 30 4D 08 E1 B8 62 03 E0 2E 00 00 00 02 00 00 78 0E 00 00
2026-07-26T19:00:12.362945,10.255,can0  060  [32]  5A 47 D6 02 83 3B 4D 08 5B 93 63 03 35 00 12 05 FF 01 00 00 00 00 00 00 03 00 00 00 00 00 00 00
2026-07-26T19:00:12.363304,10.255,can0  060  [32]  00 00 00 00 23 30 4D 08 25 0E B8 10 16 00 89 03 FF 01 00 00 00 00 00 01 03 00 00 00 00 00 00 00
2026-07-26T19:00:12.363353,10.255,can0  060  [32]  28 37 49 06 16 88 4D 08 6A 97 64 03 52 00 E2 0A 15 01 80 00 00 00 00 02 03 00 00 00 00 00 00 00
2026-07-26T19:00:12.366248,10.258,can0  041  [04]  1B 00 69 00
2026-07-26T19:00:12.462777,10.355,can0  040  [04]  01 00 79 00
2026-07-26T19:00:12.562716,10.455,can0  040  [04]  01 00 79 00
2026-07-26T19:00:12.565453,10.458,can0  132  [00]
2026-07-26T19:00:12.662603,10.555,can0  110  [02]  BB 1A
2026-07-26T19:00:12.665345,10.557,can0  041  [04]  1E 00 69 00
2026-07-26T19:00:12.763000,10.655,can0  040  [04]  00 00 7B 00
2026-07-26T19:00:12.763066,10.655,can0  070  [20]  23 30 4D 08 E1 B8 62 03 E0 2E 00 00 00 02 00 00 78 0E 00 00
2026-07-26T19:00:12.765682,10.658,can0  040  [04]  00 00 7B 00
2026-07-26T19:00:12.865504,10.758,can0  070  [20]  23 30 4D 08 E1 B8 62 03 E0 2E 00 00 00 02 00 00 78 0E 00 00
2026-07-26T19:00:12.963157,10.855,can0  060  [32]  00 00 00 00 23 30 4D 08 36 0E B8 10 14 00 84 03 FF 01 00 00 00 00 00 00 02 00 00 00 00 00 00 00
2026-07-26T19:00:12.963225,10.855,can0  060  [32]  6E DE D5 02 B8 6A 4D 08 22 DC 64 03 00 00 95 0C 39 00 80 00 00 00 00 01 02 00 00 00 00 00 00 00
2026-07-26T19:00:12.966168,10.858,can0  041  [04]  1D 00 66 00
2026-07-26T19:00:13.062402,10.954,can0  040  [04]  01 00 76 00
2026-07-26T19:00:13.065165,10.957,can0  040  [04]  01 00 76 00
2026-07-26T19:00:13.162889,11.055,can0  070  [20]  25 30 4D 08 EB B8 62 03 C8 32 00 00 00 02 00 00 22 07 00 00
2026-07-26T19:00:13.165790,11.058,can0  041  [04]  1D 00 5F 00
2026-07-26T19:00:13.165845,11.058,can0  070  [20]  25 30 4D 08 EB B8 62 03 C8 32 00 00 00 02 00 00 21 07 00 00
2026-07-26T19:00:13.263079,11.155,can0  040  [04]  02 00 6F 00
2026-07-26T19:00:13.263341,11.155,can0  070  [20]  25 30 4D 08 EB B8 62 03 C8 32 00 00 00 02 00 00 21 07 00 00
2026-07-26T19:00:13.362910,11.255,can0  040  [04]  02 00 6F 00
2026-07-26T19:00:13.462559,11.355,can0  100  [03]  11 74 04
2026-07-26T19:00:13.462840,11.355,can0  120  [04]  82 69 00 00
2026-07-26T19:00:13.463074,11.355,can0  060  [32]  00 00 00 00 00 00 00 00 00 00 00 00 00 00 00 00 00 00 00 00 00 00 00 00 00 00 00 00 00 00 00 00
2026-07-26T19:00:13.463331,11.355,can0  060  [32]  E4 1C D6 02 09 79 4D 08 AC B7 63 03 00 00 DC 09 FF 01 00 00 00 00 00 00 01 00 00 00 00 00 00 00
2026-07-26T19:00:13.463958,11.356,can0  041  [04]  1D 00 5C 00
2026-07-26T19:00:13.562717,11.455,can0  040  [04]  01 00 68 00
2026-07-26T19:00:13.662743,11.555,can0  040  [04]  01 00 68 00
2026-07-26T19:00:13.762794,11.655,can0  041  [04]  1B 00 5F 00
2026-07-26T19:00:13.763035,11.655,can0  070  [20]  25 30 4D 08 EB B8 62 03 C8 32 00 00 00 02 00 00 21 07 00 00
2026-07-26T19:00:13.763257,11.655,can0  040  [04]  00 00 6C 00
2026-07-26T19:00:13.862771,11.755,can0  040  [04]  00 00 6C 00
2026-07-26T19:00:13.963176,11.855,can0  070  [20]  25 30 4D 08 EB B8 62 03 C8 32 00 00 00 02 00 00 21 07 00 00
2026-07-26T19:00:13.967311,11.859,can0  041  [04]  1D 00 63 00
2026-07-26T19:00:14.065591,11.958,can0  040  [04]  67 01 6E 00
2026-07-26T19:00:14.162733,12.055,can0  040  [04]  67 01 6E 00
2026-07-26T19:00:14.163012,12.055,can0  070  [20]  28 30 4D 08 FA B8 62 03 B0 36 00 00 00 02 00 00 B9 11 00 00
2026-07-26T19:00:14.163236,12.055,can0  070  [20]  28 30 4D 08 FA B8 62 03 B0 36 00 00 00 02 00 00 B9 11 00 00
2026-07-26T19:00:14.262718,12.155,can0  110  [02]  B8 1A
2026-07-26T19:00:14.263024,12.155,can0  060  [32]  00 00 00 00 25 30 4D 08 40 0E B8 10 09 00 5A 03 FF 01 00 00 00 00 00 00 02 00 00 00 00 00 00 00
2026-07-26T19:00:14.263080,12.155,can0  060  [32]  5F AE D6 02 B7 2D 4D 08 30 A5 63 03 00 00 1A 09 FF 01 00 00 00 00 00 01 02 00 00 00 00 00 00 00
2026-07-26T19:00:14.263602,12.156,can0  041  [04]  1C 00 61 00
2026-07-26T19:00:14.263759,12.156,can0  070  [20]  28 30 4D 08 FA B8 62 03 B0 36 00 00 00 02 00 00 B9 11 00 00
2026-07-26T19:00:14.363118,12.255,can0  040  [04]  66 01 6E 00
2026-07-26T19:00:14.365829,12.258,can0  040  [04]  66 01 6E 00
2026-07-26T19:00:14.562691,12.455,can0  041  [04]  1B 00 60 00
2026-07-26T19:00:14.562890,12.455,can0  040  [04]  66 01 6E 00
2026-07-26T19:00:14.662715,12.555,can0  100  [03]  10 74 04
2026-07-26T19:00:14.662922,12.555,can0  120  [04]  A0 69 00 00
2026-07-26T19:00:14.663150,12.555,can0  040  [04]  66 01 6E 00
2026-07-26T19:00:14.762613,12.655,can0  060  [32]  5A 47 D6 02 54 3B 4D 08 B2 93 63 03 35 00 0C 05 FF 01 00 00 00 00 00 00 02 00 00 00 00 00 00 00
2026-07-26T19:00:14.762792,12.655,can0  060  [32]  00 00 00 00 28 30 4D 08 4F 0E B8 10 18 00 D1 02 FF 01 00 00 00 00 00 01 02 00 00 00 00 00 00 00
2026-07-26T19:00:14.763369,12.655,can0  041  [04]  17 00 62 00
2026-07-26T19:00:14.763595,12.656,can0  070  [20]  28 30 4D 08 FA B8 62 03 B0 36 00 00 00 02 00 00 B9 11 00 00
2026-07-26T19:00:14.862893,12.755,can0  040  [04]  66 01 73 00
2026-07-26T19:00:14.865678,12.758,can0  070  [20]  28 30 4D 08 FA B8 62 03 B0 36 00 00 00 02 00 00 B9 11 00 00
2026-07-26T19:00:14.962702,12.855,can0  040  [04]  66 01 73 00
2026-07-26T19:00:15.162215,13.054,can0  041  [04]  16 00 64 00
2026-07-26T19:00:15.162419,13.054,can0  040  [04]  67 01 76 00
2026-07-26T19:00:15.162700,13.055,can0  070  [20]  2B 30 4D 08 09 B9 62 03 98 3A 00 00 00 02 00 00 B1 0E 00 00
2026-07-26T19:00:15.162876,13.055,can0  070  [20]  2B 30 4D 08 09 B9 62 03 98 3A 00 00 00 02 00 00 B1 0E 00 00
2026-07-26T19:00:15.163046,13.055,can0  040  [04]  67 01 76 00
2026-07-26T19:00:15.262719,13.155,can0  060  [32]  00 00 00 00 00 00 00 00 00 00 00 00 00 00 00 00 00 00 00 00 00 00 00 00 00 00 00 00 00 00 00 00
2026-07-26T19:00:15.262906,13.155,can0  070  [20]  2B 30 4D 08 09 B9 62 03 98 3A 00 00 00 02 00 00 B1 0E 00 00
2026-07-26T19:00:15.362717,13.255,can0  041  [04]  17 00 62 00
2026-07-26T19:00:15.462235,13.354,can0  040  [04]  67 01 6F 00
2026-07-26T19:00:15.462454,13.355,can0  060  [32]  F0 DC D5 02 18 7F 4D 08 CF F7 64 03 4F 00 C3 0A 12 01 80 00 00 00 00 00 01 00 00 00 00 00 00 00
2026-07-26T19:00:15.463096,13.355,can0  040  [04]  67 01 6F 00
2026-07-26T19:00:15.663065,13.555,can0  041  [04]  1A 00 60 00
2026-07-26T19:00:15.663315,13.555,can0  040  [04]  67 01 68 00
2026-07-26T19:00:15.762579,13.655,can0  040  [04]  67 01 68 00
2026-07-26T19:00:15.762820,13.655,can0  070  [20]  2B 30 4D 08 09 B9 62 03 98 3A 00 00 00 02 00 00 B1 0E 00 00
2026-07-26T19:00:15.862751,13.755,can0  100  [03]  0F 74 04
2026-07-26T19:00:15.862950,13.755,can0  110  [02]  B8 1A
2026-07-26T19:00:15.863188,13.755,can0  120  [04]  82 69 00 00
2026-07-26T19:00:15.863356,13.755,can0  041  [04]  1B 00 66 00
2026-07-26T19:00:15.962628,13.855,can0  070  [20]  2B 30 4D 08 09 B9 62 03 98 3A 00 00 00 02 00 00 B1 0E 00 00
2026-07-26T19:00:15.962843,13.855,can0  040  [04]  67 01 6C 00
2026-07-26T19:00:15.963087,13.855,can0  040  [04]  67 01 6C 00
2026-07-26T19:00:16.165127,14.057,can0  041  [04]  1B 00 6C 00
2026-07-26T19:00:16.165198,14.057,can0  070  [20]  2D 30 4D 08 1C B9 62 03 80 3E 00 00 00 02 00 00 D8 13 00 00
2026-07-26T19:00:16.165242,14.057,can0  070  [20]  2D 30 4D 08 1C B9 62 03 80 3E 00 00 00 02 00 00 D8 13 00 00
2026-07-26T19:00:16.165286,14.057,can0  040  [04]  64 01 72 00
2026-07-26T19:00:16.262274,14.154,can0  040  [04]  64 01 72 00
2026-07-26T19:00:16.262506,14.155,can0  070  [20]  2D 30 4D 08 1C B9 62 03 80 3E 00 00 00 02 00 00 D8 13 00 00
2026-07-26T19:00:16.362789,14.255,can0  041  [04]  1A 00 70 00
2026-07-26T19:00:16.464665,14.357,can0  040  [04]  63 01 72 00
2026-07-26T19:00:16.565702,14.458,can0  040  [04]  63 01 72 00
2026-07-26T19:00:16.762251,14.654,can0  041  [04]  19 00 6F 00
2026-07-26T19:00:16.762506,14.655,can0  060  [32]  10 A1 A9 08 2B CD 4D 08 F8 90 63 03 4C 00 40 0B 1C 01 7A 00 00 00 00 00 02 00 00 00 00 00 00 00
2026-07-26T19:00:16.762728,14.655,can0  060  [32]  00 00 00 00 2D 30 4D 08 70 0E B8 10 1B 00 19 03 FF 01 00 00 00 00 00 01 02 00 00 00 00 00 00 00
2026-07-26T19:00:16.763314,14.655,can0  040  [04]  64 01 6D 00
2026-07-26T19:00:16.763552,14.656,can0  070  [20]  2D 30 4D 08 1C B9 62 03 80 3E 00 00 00 02 00 00 D8 13 00 00
2026-07-26T19:00:16.763765,14.656,can0  040  [04]  64 01 6D 00
2026-07-26T19:00:16.862362,14.754,can0  070  [20]  2D 30 4D 08 1C B9 62 03 80 3E 00 00 00 02 00 00 D8 13 00 00
2026-07-26T19:00:16.962247,14.854,can0  041  [04]  18 00 6A 00
2026-07-26T19:00:16.962610,14.855,can0  040  [04]  65 01 69 00
2026-07-26T19:00:16.962656,14.855,can0  100  [03]  0F 74 04
2026-07-26T19:00:17.062978,14.955,can0  120  [04]  DC 69 00 00
2026-07-26T19:00:17.065749,14.958,can0  040  [04]  65 01 69 00
2026-07-26T19:00:17.262090,15.154,can0  070  [20]  2F 30 4D 08 27 B9 62 03 68 42 00 00 00 02 00 00 9F 06 00 00
2026-07-26T19:00:17.262331,15.154,can0  041  [04]  17 00 69 00
2026-07-26T19:00:17.262603,15.155,can0  070  [20]  2F 30 4D 08 27 B9 62 03 68 42 00 00 00 02 00 00 9E 06 00 00
2026-07-26T19:00:17.262787,15.155,can0  060  [32]  00 00 00 00 00 00 00 00 00 00 00 00 00 00 00 00 00 00 00 00 00 00 00 00 00 00 00 00 00 00 00 00
2026-07-26T19:00:17.263032,15.155,can0  070  [20]  2F 30 4D 08 27 B9 62 03 68 42 00 00 00 02 00 00 9E 06 00 00
2026-07-26T19:00:17.263273,15.155,can0  040  [04]  64 01 6A 00
2026-07-26T19:00:17.363022,15.255,can0  040  [04]  64 01 6A 00
2026-07-26T19:00:17.365738,15.258,can0  133  [00]
2026-07-26T19:00:17.463847,15.356,can0  110  [02]  B8 1A
2026-07-26T19:00:17.463913,15.356,can0  041  [04]  19 00 69 00
2026-07-26T19:00:17.562942,15.455,can0  040  [04]  64 01 6D 00
2026-07-26T19:00:17.565650,15.458,can0  040  [04]  64 01 6D 00
2026-07-26T19:00:17.762206,15.654,can0  041  [04]  1C 00 67 00
2026-07-26T19:00:17.762443,15.655,can0  060  [32]  00 00 00 00 00 00 00 00 00 00 00 00 00 00 00 00 00 00 00 00 00 00 00 00 00 00 00 00 00 00 00 00
2026-07-26T19:00:17.762620,15.655,can0  060  [32]  00 00 00 00 2F 30 4D 08 7C 0E B8 10 09 00 18 03 FF 01 00 00 00 00 00 00 01 00 00 00 00 00 00 00
2026-07-26T19:00:17.763264,15.655,can0  070  [20]  2F 30 4D 08 27 B9 62 03 68 42 00 00 00 02 00 00 9E 06 00 00
2026-07-26T19:00:17.763310,15.655,can0  040  [04]  64 01 6C 00
2026-07-26T19:00:17.865406,15.757,can0  040  [04]  64 01 6C 00
2026-07-26T19:00:17.962355,15.854,can0  070  [20]  2F 30 4D 08 27 B9 62 03 68 42 00 00 00 02 00 00 9E 06 00 00
2026-07-26T19:00:17.962582,15.855,can0  041  [04]  1D 00 63 00
2026-07-26T19:00:18.065475,15.958,can0  040  [04]  65 01 67 00
2026-07-26T19:00:18.162974,16.055,can0  040  [04]  65 01 67 00
2026-07-26T19:00:18.163244,16.055,can0  070  [20]  2F 30 4D 08 2E B9 62 03 50 46 00 00 00 02 00 00 1B 06 00 00
2026-07-26T19:00:18.163503,16.056,can0  070  [20]  2F 30 4D 08 2E B9 62 03 50 46 00 00 00 02 00 00 1C 06 00 00
2026-07-26T19:00:18.163737,16.056,can0  100  [03]  0F 74 04
2026-07-26T19:00:18.262815,16.155,can0  120  [04]  8C 69 00 00
2026-07-26T19:00:18.263090,16.155,can0  041  [04]  1B 00 66 00
2026-07-26T19:00:18.263517,16.156,can0  060  [32]  00 00 00 00 00 00 00 00 00 00 00 00 00 00 00 00 00 00 00 00 00 00 00 00 00 00 00 00 00 00 00 00
2026-07-26T19:00:18.263568,16.156,can0  070  [20]  2F 30 4D 08 2E B9 62 03 50 46 00 00 00 02 00 00 1C 06 00 00
2026-07-26T19:00:18.371111,16.263,can0  040  [04]  65 01 66 00
2026-07-26T19:00:18.371344,16.263,can0  040  [04]  65 01 66 00
2026-07-26T19:00:18.562885,16.455,can0  041  [04]  1A 00 69 00
2026-07-26T19:00:18.563126,16.455,can0  040  [04]  65 01 69 00
2026-07-26T19:00:18.663076,16.555,can0  040  [04]  65 01 69 00
2026-07-26T19:00:18.763030,16.655,can0  060  [32]  00 00 00 00 00 00 00 00 00 00 00 00 00 00 00 00 00 00 00 00 00 00 00 00 00 00 00 00 00 00 00 00
2026-07-26T19:00:18.763245,16.655,can0  060  [32]  00 00 00 00 2F 30 4D 08 83 0E B8 10 08 00 36 03 FF 01 00 00 00 00 00 00 01 00 00 00 00 00 00 00
2026-07-26T19:00:18.763838,16.656,can0  041  [04]  1B 00 6C 00
2026-07-26T19:00:18.767105,16.659,can0  070  [20]  2F 30 4D 08 2E B9 62 03 50 46 00 00 00 02 00 00 1C 06 00 00
2026-07-26T19:00:18.862275,16.754,can0  040  [04]  66 01 6B 00
2026-07-26T19:00:18.862534,16.755,can0  070  [20]  2F 30 4D 08 2E B9 62 03 50 46 00 00 00 02 00 00 1C 06 00 00
2026-07-26T19:00:18.962186,16.854,can0  040  [04]  66 01 6B 00
2026-07-26T19:00:18.962413,16.854,can0  110  [02]  B7 1A
2026-07-26T19:00:19.062742,16.955,can0  041  [04]  1A 00 6B 00
2026-07-26T19:00:19.162707,17.055,can0  040  [04]  67 01 67 00
2026-07-26T19:00:19.162987,17.055,can0  070  [20]  2F 30 4D 08 35 B9 62 03 38 4A 00 00 00 02 00 00 09 06 00 00
2026-07-26T19:00:19.163192,17.055,can0  040  [04]  67 01 67 00
2026-07-26T19:00:19.163450,17.056,can0  070  [20]  2F 30 4D 08 35 B9 62 03 38 4A 00 00 00 02 00 00 09 06 00 00
2026-07-26T19:00:19.263165,17.155,can0  070  [20]  2F 30 4D 08 35 B9 62 03 38 4A 00 00 00 02 00 00 09 06 00 00
2026-07-26T19:00:19.263370,17.155,can0  060  [32]  00 00 00 00 00 00 00 00 00 00 00 00 00 00 00 00 00 00 00 00 00 00 00 00 00 00 00 00 00 00 00 00
2026-07-26T19:00:19.263633,17.156,can0  041  [04]  1A 00 6A 00
2026-07-26T19:00:19.362764,17.255,can0  040  [04]  00 00 63 00
2026-07-26T19:00:19.363001,17.255,can0  100  [03]  11 74 04
2026-07-26T19:00:19.463035,17.355,can0  120  [04]  82 69 00 00
2026-07-26T19:00:19.463273,17.355,can0  040  [04]  00 00 63 00
2026-07-26T19:00:19.662362,17.554,can0  041  [04]  19 00 68 00
2026-07-26T19:00:19.662608,17.555,can0  040  [04]  67 01 61 00
2026-07-26T19:00:19.763012,17.655,can0  040  [04]  67 01 61 00
2026-07-26T19:00:19.763237,17.655,can0  060  [32]  00 00 00 00 2F 30 4D 08 89 0E B8 10 08 00 23 03 FF 01 00 00 00 00 00 00 01 00 00 00 00 00 00 00
2026-07-26T19:00:19.766500,17.659,can0  070  [20]  2F 30 4D 08 35 B9 62 03 38 4A 00 00 00 02 00 00 09 06 00 00
2026-07-26T19:00:19.866552,17.759,can0  041  [04]  19 00 67 00
2026-07-26T19:00:19.962229,17.854,can0  070  [20]  2F 30 4D 08 35 B9 62 03 38 4A 00 00 00 02 00 00 09 06 00 00
2026-07-26T19:00:19.962576,17.855,can0  040  [04]  66 01 63 00
2026-07-26T19:00:19.962624,17.855,can0  040  [04]  66 01 63 00
2026-07-26T19:00:20.163023,18.055,can0  041  [04]  1A 00 66 00
2026-07-26T19:00:20.163304,18.055,can0  070  [20]  32 30 4D 08 3F B9 62 03 20 4E 00 00 00 02 00 00 27 0D 00 00
2026-07-26T19:00:20.163624,18.056,can0  070  [20]  32 30 4D 08 3F B9 62 03 20 4E 00 00 00 02 00 00 26 0D 00 00
2026-07-26T19:00:20.165552,18.058,can0  040  [04]  66 01 68 00
2026-07-26T19:00:20.262390,18.154,can0  040  [04]  66 01 68 00
2026-07-26T19:00:20.262637,18.155,can0  060  [32]  00 00 00 00 00 00 00 00 00 00 00 00 00 00 00 00 00 00 00 00 00 00 00 00 00 00 00 00 00 00 00 00
2026-07-26T19:00:20.262876,18.155,can0  070  [20]  32 30 4D 08 3F B9 62 03 20 4E 00 00 00 02 00 00 26 0D 00 00
2026-07-26T19:00:20.364209,18.256,can0  041  [04]  1A 00 62 00
2026-07-26T19:00:20.462985,18.355,can0  040  [04]  65 01 6A 00
2026-07-26T19:00:20.465819,18.358,can0  040  [04]  65 01 6A 00
2026-07-26T19:00:20.562174,18.454,can0  100  [03]  10 74 04
2026-07-26T19:00:20.564976,18.457,can0  110  [02]  B6 1A
2026-07-26T19:00:20.662377,18.554,can0  120  [04]  B4 69 00 00
2026-07-26T19:00:20.662644,18.555,can0  041  [04]  1B 00 5F 00
2026-07-26T19:00:20.762224,18.654,can0  040  [04]  64 01 6A 00
2026-07-26T19:00:20.763222,18.655,can0  060  [32]  00 00 00 00 32 30 4D 08 93 0E B8 10 12 00 9E 02 FF 01 00 00 00 00 00 00 01 00 00 00 00 00 00 00
2026-07-26T19:00:20.763313,18.655,can0  070  [20]  32 30 4D 08 3F B9 62 03 20 4E 00 00 00 02 00 00 26 0D 00 00
2026-07-26T19:00:20.763428,18.656,can0  040  [04]  64 01 6A 00
2026-07-26T19:00:20.862131,18.754,can0  070  [20]  32 30 4D 08 3F B9 62 03 20 4E 00 00 00 02 00 00 26 0D 00 00
2026-07-26T19:00:20.862344,18.754,can0  041  [04]  1A 00 5D 00
2026-07-26T19:00:20.962269,18.854,can0  040  [04]  63 01 69 00
2026-07-26T19:00:21.065701,18.958,can0  040  [04]  63 01 69 00
2026-07-26T19:00:21.262773,19.155,can0  070  [20]  34 30 4D 08 45 B9 62 03 08 52 00 00 00 02 00 00 32 05 00 00
2026-07-26T19:00:21.263017,19.155,can0  041  [04]  1B 00 5C 00
2026-07-26T19:00:21.263300,19.155,can0  070  [20]  34 30 4D 08 45 B9 62 03 08 52 00 00 00 02 00 00 31 05 00 00
2026-07-26T19:00:21.263556,19.156,can0  040  [04]  64 01 62 00
2026-07-26T19:00:21.263777,19.156,can0  070  [20]  34 30 4D 08 45 B9 62 03 08 52 00 00 00 02 00 00 31 05 00 00
2026-07-26T19:00:21.264060,19.156,can0  060  [32]  00 00 00 00 00 00 00 00 00 00 00 00 00 00 00 00 00 00 00 00 00 00 00 00 00 00 00 00 00 00 00 00
2026-07-26T19:00:21.362544,19.255,can0  040  [04]  64 01 62 00
2026-07-26T19:00:21.462506,19.355,can0  041  [04]  19 00 5E 00
2026-07-26T19:00:21.562507,19.455,can0  040  [04]  65 01 5B 00
2026-07-26T19:00:21.562748,19.455,can0  040  [04]  65 01 5B 00
2026-07-26T19:00:21.762841,19.655,can0  041  [04]  1A 00 61 00
2026-07-26T19:00:21.763091,19.655,can0  060  [32]  00 00 00 00 34 30 4D 08 9A 0E B8 10 07 00 AB 02 FF 01 00 00 00 00 00 00 01 00 00 00 00 00 00 00
2026-07-26T19:00:21.763680,19.656,can0  070  [20]  34 30 4D 08 45 B9 62 03 08 52 00 00 00 02 00 00 31 05 00 00
2026-07-26T19:00:21.763966,19.656,can0  040  [04]  65 01 5E 00
2026-07-26T19:00:21.764049,19.656,can0  100  [03]  11 74 04
2026-07-26T19:00:21.764226,19.656,can0  120  [04]  A0 69 00 00
2026-07-26T19:00:21.862071,19.754,can0  040  [04]  65 01 5E 00
2026-07-26T19:00:21.862311,19.754,can0  070  [20]  34 30 4D 08 45 B9 62 03 08 52 00 00 00 02 00 00 31 05 00 00
2026-07-26T19:00:21.962677,19.855,can0  041  [04]  19 00 65 00
2026-07-26T19:00:22.063038,19.955,can0  040  [04]  64 01 65 00
2026-07-26T19:00:22.063245,19.955,can0  040  [04]  64 01 65 00
2026-07-26T19:00:22.163009,20.055,can0  070  [20]  34 30 4D 08 54 B9 62 03 F0 55 00 00 00 02 00 00 8B 12 00 00
2026-07-26T19:00:22.163239,20.055,can0  070  [20]  34 30 4D 08 54 B9 62 03 F0 55 00 00 00 02 00 00 8B 12 00 00
2026-07-26T19:00:22.163445,20.056,can0  110  [02]  B6 1A
2026-07-26T19:00:22.262913,20.155,can0  041  [04]  1A 00 67 00
2026-07-26T19:00:22.263147,20.155,can0  070  [20]  34 30 4D 08 54 B9 62 03 F0 55 00 00 00 02 00 00 8B 12 00 00
2026-07-26T19:00:22.362336,20.254,can0  040  [04]  64 01 6A 00
2026-07-26T19:00:22.362566,20.255,can0  040  [04]  64 01 6A 00
2026-07-26T19:00:22.462724,20.355,can0  132  [00]
2026-07-26T19:00:22.462967,20.355,can0  041  [04]  1A 00 64 00
2026-07-26T19:00:22.562778,20.455,can0  040  [04]  65 01 65 00
2026-07-26T19:00:22.664882,20.557,can0  040  [04]  65 01 65 00
2026-07-26T19:00:22.762930,20.655,can0  041  [04]  19 00 61 00
2026-07-26T19:00:22.765917,20.658,can0  070  [20]  34 30 4D 08 54 B9 62 03 F0 55 00 00 00 02 00 00 8B 12 00 00
2026-07-26T19:00:22.862939,20.755,can0  060  [32]  5A 47 D6 02 E6 3A 4D 08 81 94 63 03 36 00 FE 04 FF 01 00 00 00 00 00 00 03 00 00 00 00 00 00 00
2026-07-26T19:00:22.863639,20.756,can0  060  [32]  1B FE D5 02 06 C7 4D 08 C6 98 63 03 56 00 62 0B 26 01 80 00 00 00 00 01 03 00 00 00 00 00 00 00
2026-07-26T19:00:22.863698,20.756,can0  060  [32]  00 00 00 00 34 30 4D 08 A9 0E B8 10 19 00 46 03 FF 01 00 00 00 00 00 02 03 00 00 00 00 00 00 00
2026-07-26T19:00:22.864159,20.756,can0  040  [04]  66 01 61 00
2026-07-26T19:00:22.864202,20.756,can0  070  [20]  34 30 4D 08 54 B9 62 03 F0 55 00 00 00 02 00 00 8B 12 00 00
2026-07-26T19:00:22.867009,20.759,can0  040  [04]  66 01 61 00
2026-07-26T19:00:22.966903,20.859,can0  100  [03]  12 74 04
2026-07-26T19:00:22.966997,20.859,can0  120  [04]  BE 69 00 00
2026-07-26T19:00:23.065031,20.957,can0  041  [04]  19 00 60 00
2026-07-26T19:00:23.162854,21.055,can0  040  [04]  67 01 5D 00
2026-07-26T19:00:23.164511,21.057,can0  040  [04]  67 01 5D 00
2026-07-26T19:00:23.164602,21.057,can0  070  [20]  34 30 4D 08 5B B9 62 03 D8 59 00 00 00 02 00 00 42 02 00 00
2026-07-26T19:00:23.262396,21.154,can0  070  [20]  34 30 4D 08 5B B9 62 03 D8 59 00 00 00 02 00 00 41 02 00 00
2026-07-26T19:00:23.262662,21.155,can0  070  [20]  34 30 4D 08 5B B9 62 03 D8 59 00 00 00 02 00 00 41 02 00 00
2026-07-26T19:00:23.262833,21.155,can0  041  [04]  1A 00 61 00
2026-07-26T19:00:23.362736,21.255,can0  040  [04]  66 01 5F 00
2026-07-26T19:00:23.462470,21.355,can0  060  [32]  99 8D D6 02 64 AA 4D 08 7F E7 63 03 4C 00 D2 0B 2F 01 80 00 00 00 00 00 02 00 00 00 00 00 00 00
2026-07-26T19:00:23.462627,21.355,can0  060  [32]  5F AE D6 02 B7 2D 4D 08 30 A5 63 03 00 00 1A 09 FF 01 00 00 00 00 00 01 02 00 00 00 00 00 00 00
2026-07-26T19:00:23.463372,21.355,can0  040  [04]  66 01 5F 00
2026-07-26T19:00:23.563128,21.455,can0  041  [04]  19 00 62 00
2026-07-26T19:00:23.662365,21.554,can0  040  [04]  64 01 63 00
2026-07-26T19:00:23.662627,21.555,can0  040  [04]  64 01 63 00
2026-07-26T19:00:23.762219,21.654,can0  070  [20]  34 30 4D 08 5B B9 62 03 D8 59 00 00 00 02 00 00 41 02 00 00
2026-07-26T19:00:23.762476,21.655,can0  110  [02]  B6 1A
2026-07-26T19:00:23.862548,21.755,can0  041  [04]  18 00 66 00
2026-07-26T19:00:23.862813,21.755,can0  040  [04]  64 01 68 00
2026-07-26T19:00:23.962389,21.854,can0  070  [20]  34 30 4D 08 5B B9 62 03 D8 59 00 00 00 02 00 00 41 02 00 00
2026-07-26T19:00:23.962632,21.855,can0  040  [04]  64 01 68 00
2026-07-26T19:00:24.162730,22.055,can0  041  [04]  17 00 65 00
2026-07-26T19:00:24.163028,22.055,can0  070  [20]  35 30 4D 08 60 B9 62 03 C0 5D 00 00 00 02 00 00 FF 05 00 00
2026-07-26T19:00:24.163276,22.055,can0  070  [20]  35 30 4D 08 60 B9 62 03 C0 5D 00 00 00 02 00 00 FF 05 00 00
2026-07-26T19:00:24.163609,22.056,can0  040  [04]  64 01 63 00
2026-07-26T19:00:24.163698,22.056,can0  100  [03]  11 74 04
2026-07-26T19:00:24.262548,22.155,can0  120  [04]  A0 69 00 00
2026-07-26T19:00:24.262818,22.155,can0  060  [32]  28 37 49 06 52 88 4D 08 EF 94 64 03 52 00 E4 0A 15 01 80 00 00 00 00 00 03 00 00 00 00 00 00 00
2026-07-26T19:00:24.263071,22.155,can0  060  [32]  00 00 00 00 34 30 4D 08 B0 0E B8 10 03 00 52 03 FF 01 00 00 00 00 00 01 03 00 00 00 00 00 00 00
2026-07-26T19:00:24.263235,22.155,can0  060  [32]  93 01 D6 02 3D B6 4D 08 EA 1E 64 03 00 00 5D 09 67 01 80 00 00 00 00 02 03 00 00 00 00 00 00 00
2026-07-26T19:00:24.267103,22.159,can0  040  [04]  64 01 63 00
2026-07-26T19:00:24.267183,22.159,can0  070  [20]  35 30 4D 08 60 B9 62 03 C0 5D 00 00 00 02 00 00 FF 05 00 00
2026-07-26T19:00:24.365350,22.257,can0  041  [04]  17 00 60 00
2026-07-26T19:00:24.462903,22.355,can0  040  [04]  65 01 5D 00
2026-07-26T19:00:24.463168,22.355,can0  040  [04]  65 01 5D 00
2026-07-26T19:00:24.662133,22.554,can0  041  [04]  18 00 5C 00
2026-07-26T19:00:24.763099,22.655,can0  040  [04]  65 01 5F 00
2026-07-26T19:00:24.763317,22.655,can0  040  [04]  65 01 5F 00
2026-07-26T19:00:24.763545,22.656,can0  070  [20]  35 30 4D 08 60 B9 62 03 C0 5D 00 00 00 02 00 00 FF 05 00 00
2026-07-26T19:00:24.863161,22.755,can0  060  [32]  5D FC E8 05 72 97 4D 08 2A F9 64 03 00 00 1D 06 27 01 80 00 00 00 00 00 02 00 00 00 00 00 00 00
2026-07-26T19:00:24.863338,22.755,can0  060  [32]  00 00 00 00 35 30 4D 08 B5 0E B8 10 08 00 AA 02 FF 01 00 00 00 00 00 01 02 00 00 00 00 00 00 00
2026-07-26T19:00:24.866981,22.759,can0  070  [20]  35 30 4D 08 60 B9 62 03 C0 5D 00 00 00 02 00 00 FF 05 00 00
2026-07-26T19:00:24.867074,22.759,can0  041  [04]  1A 00 5D 00
2026-07-26T19:00:24.965874,22.858,can0  040  [04]  62 01 63 00
2026-07-26T19:00:25.063085,22.955,can0  040  [04]  62 01 63 00
2026-07-26T19:00:25.262908,23.155,can0  070  [20]  35 30 4D 08 6A B9 62 03 A8 61 00 00 00 02 00 00 C8 0C 00 00
2026-07-26T19:00:25.263157,23.155,can0  041  [04]  1B 00 60 00
2026-07-26T19:00:25.263425,23.155,can0  070  [20]  35 30 4D 08 6A B9 62 03 A8 61 00 00 00 02 00 00 C8 0C 00 00
2026-07-26T19:00:25.263814,23.156,can0  040  [04]  63 01 66 00
2026-07-26T19:00:25.263865,23.156,can0  070  [20]  35 30 4D 08 6A B9 62 03 A8 61 00 00 00 02 00 00 C8 0C 00 00
2026-07-26T19:00:25.264038,23.156,can0  040  [04]  63 01 66 00
2026-07-26T19:00:25.489079,23.381,can0  100  [03]  12 74 04
2026-07-26T19:00:25.489339,23.381,can0  110  [02]  B6 1A
2026-07-26T19:00:25.489758,23.382,can0  120  [04]  D2 69 00 00
2026-07-26T19:00:25.489845,23.382,can0  041  [04]  1B 00 5F 00
2026-07-26T19:00:25.490023,23.382,can0  040  [04]  63 01 5F 00
2026-07-26T19:00:25.544005,23.436,can0  040  [04]  63 01 5F 00
2026-07-26T19:00:25.762336,23.654,can0  041  [04]  1B 00 59 00
2026-07-26T19:00:25.762594,23.655,can0  070  [20]  35 30 4D 08 6A B9 62 03 A8 61 00 00 00 02 00 00 C8 0C 00 00
2026-07-26T19:00:25.765543,23.658,can0  040  [04]  65 01 5B 00
2026-07-26T19:00:25.863541,23.756,can0  060  [32]  48 40 D6 02 3D 72 4D 08 65 0F 65 03 00 00 71 09 28 01 80 00 00 00 00 00 02 00 00 00 00 00 00 00
2026-07-26T19:00:25.863607,23.756,can0  060  [32]  00 00 00 00 35 30 4D 08 BF 0E B8 10 11 00 03 03 FF 01 00 00 00 00 00 01 02 00 00 00 00 00 00 00
2026-07-26T19:00:25.863767,23.756,can0  040  [04]  65 01 5B 00
2026-07-26T19:00:25.866917,23.759,can0  070  [20]  35 30 4D 08 6A B9 62 03 A8 61 00 00 00 02 00 00 C8 0C 00 00
2026-07-26T19:00:25.965640,23.858,can0  041  [04]  1B 00 5B 00
2026-07-26T19:00:26.063153,23.955,can0  040  [04]  65 01 5F 00
2026-07-26T19:00:26.066757,23.959,can0  040  [04]  65 01 5F 00
2026-07-26T19:00:26.163107,24.055,can0  070  [20]  35 30 4D 08 74 B9 62 03 90 65 00 00 00 02 00 00 E0 0A 00 00
2026-07-26T19:00:26.163374,24.055,can0  070  [20]  35 30 4D 08 74 B9 62 03 90 65 00 00 00 02 00 00 DF 0A 00 00
2026-07-26T19:00:26.266246,24.158,can0  041  [04]  1C 00 5B 00
2026-07-26T19:00:26.266328,24.158,can0  070  [20]  35 30 4D 08 74 B9 62 03 90 65 00 00 00 02 00 00 DF 0A 00 00
2026-07-26T19:00:26.266374,24.158,can0  040  [04]  64 01 63 00
2026-07-26T19:00:26.363178,24.255,can0  060  [32]  00 00 00 00 00 00 00 00 00 00 00 00 00 00 00 00 00 00 00 00 00 00 00 00 00 00 00 00 00 00 00 00
2026-07-26T19:00:26.367722,24.260,can0  040  [04]  64 01 63 00
2026-07-26T19:00:26.566173,24.458,can0  041  [04]  1B 00 5E 00
2026-07-26T19:00:26.566250,24.458,can0  040  [04]  63 01 68 00
2026-07-26T19:00:26.566294,24.458,can0  100  [03]  11 74 04
2026-07-26T19:00:26.566337,24.458,can0  120  [04]  DC 69 00 00
2026-07-26T19:00:26.664592,24.557,can0  040  [04]  63 01 68 00
2026-07-26T19:00:26.766004,24.658,can0  041  [04]  1B 00 58 00
2026-07-26T19:00:26.766077,24.658,can0  070  [20]  35 30 4D 08 74 B9 62 03 90 65 00 00 00 02 00 00 DF 0A 00 00
2026-07-26T19:00:26.862430,24.755,can0  060  [32]  00 00 00 00 00 00 00 00 00 00 00 00 00 00 00 00 00 00 00 00 00 00 00 00 00 00 00 00 00 00 00 00
2026-07-26T19:00:26.862719,24.755,can0  040  [04]  62 01 62 00
2026-07-26T19:00:26.862926,24.755,can0  060  [32]  00 00 00 00 35 30 4D 08 C9 0E B8 10 0F 00 5C 03 FF 01 00 00 00 00 00 00 01 00 00 00 00 00 00 00
2026-07-26T19:00:26.863723,24.756,can0  070  [20]  35 30 4D 08 74 B9 62 03 90 65 00 00 00 02 00 00 DF 0A 00 00
2026-07-26T19:00:26.863950,24.756,can0  040  [04]  62 01 62 00
2026-07-26T19:00:26.962475,24.855,can0  110  [02]  B6 1A
2026-07-26T19:00:27.065724,24.958,can0  041  [04]  19 00 53 00
2026-07-26T19:00:27.162687,25.055,can0  040  [04]  63 01 58 00
2026-07-26T19:00:27.162833,25.055,can0  070  [20]  32 30 4D 08 74 B9 62 03 78 69 00 00 00 02 00 00 6A 08 00 00
2026-07-26T19:00:27.162884,25.055,can0  040  [04]  63 01 58 00
2026-07-26T19:00:27.166606,25.059,can0  070  [20]  32 30 4D 08 74 B9 62 03 78 69 00 00 00 02 00 00 6A 08 00 00
2026-07-26T19:00:27.262942,25.155,can0  070  [20]  32 30 4D 08 74 B9 62 03 78 69 00 00 00 02 00 00 6A 08 00 00
2026-07-26T19:00:27.263151,25.155,can0  041  [04]  18 00 54 00
2026-07-26T19:00:27.267168,25.159,can0  133  [00]
2026-07-26T19:00:27.362808,25.255,can0  040  [04]  64 01 52 00
2026-07-26T19:00:27.465912,25.358,can0  040  [04]  64 01 52 00
2026-07-26T19:00:27.565169,25.457,can0  041  [04]  16 00 57 00
2026-07-26T19:00:27.662312,25.554,can0  040  [04]  65 01 57 00
2026-07-26T19:00:27.662389,25.554,can0  040  [04]  65 01 57 00
2026-07-26T19:00:27.762921,25.655,can0  070  [20]  32 30 4D 08 74 B9 62 03 78 69 00 00 00 02 00 00 6A 08 00 00
2026-07-26T19:00:27.762987,25.655,can0  100  [03]  12 74 04
2026-07-26T19:00:27.766798,25.659,can0  120  [04]  F0 69 00 00
2026-07-26T19:00:27.863095,25.755,can0  041  [04]  15 00 59 00
2026-07-26T19:00:27.863809,25.756,can0  060  [32]  D7 93 D6 02 9B 7E 4D 08 28 58 60 03 0B 01 F6 02 4D 00 01 00 00 00 00 00 02 00 00 00 00 00 00 00
2026-07-26T19:00:27.863866,25.756,can0  060  [32]  00 00 00 00 32 30 4D 08 C9 0E B8 10 0B 00 B3 05 FF 01 00 00 00 00 00 01 02 00 00 00 00 00 00 00
2026-07-26T19:00:27.864115,25.756,can0  070  [20]  32 30 4D 08 74 B9 62 03 78 69 00 00 00 02 00 00 6A 08 00 00
2026-07-26T19:00:27.864310,25.756,can0  040  [04]  61 01 5F 00
2026-07-26T19:00:27.964980,25.857,can0  040  [04]  61 01 5F 00
2026-07-26T19:00:28.064960,25.957,can0  041  [04]  13 00 58 00
2026-07-26T19:00:28.163052,26.055,can0  070  [20]  34 30 4D 08 7C B9 62 03 60 6D 00 00 00 02 00 00 AB 0F 00 00
2026-07-26T19:00:28.165297,26.057,can0  040  [04]  5E 01 65 00
2026-07-26T19:00:28.165352,26.057,can0  070  [20]  34 30 4D 08 7C B9 62 03 60 6D 00 00 00 02 00 00 AC 0F 00 00
2026-07-26T19:00:28.262736,26.155,can0  040  [04]  5E 01 65 00
2026-07-26T19:00:28.263038,26.155,can0  070  [20]  34 30 4D 08 7C B9 62 03 60 6D 00 00 00 02 00 00 AC 0F 00 00
2026-07-26T19:00:28.363074,26.255,can0  041  [04]  13 00 52 00
2026-07-26T19:00:28.363282,26.255,can0  060  [32]  00 00 00 00 00 00 00 00 00 00 00 00 00 00 00 00 00 00 00 00 00 00 00 00 00 00 00 00 00 00 00 00
2026-07-26T19:00:28.463050,26.355,can0  040  [04]  5F 01 5D 00
2026-07-26T19:00:28.465133,26.357,can0  040  [04]  5F 01 5D 00
2026-07-26T19:00:28.565329,26.457,can0  110  [02]  B5 1A
2026-07-26T19:00:28.665341,26.557,can0  041  [04]  12 00 4C 00
2026-07-26T19:00:28.762633,26.655,can0  040  [04]  60 01 54 00
2026-07-26T19:00:28.762742,26.655,can0  040  [04]  60 01 54 00
2026-07-26T19:00:28.765537,26.658,can0  070  [20]  34 30 4D 08 7C B9 62 03 60 6D 00 00 00 02 00 00 AC 0F 00 00
2026-07-26T19:00:28.862170,26.754,can0  060  [32]  74 5E 11 00 73 AD 4D 08 56 E2 63 03 4C 00 D9 0B 2F 01 80 00 00 00 00 00 01 00 00 00 00 00 00 00
2026-07-26T19:00:28.862891,26.755,can0  041  [04]  14 00 49 00
2026-07-26T19:00:28.863182,26.755,can0  070  [20]  34 30 4D 08 7C B9 62 03 60 6D 00 00 00 02 00 00 AC 0F 00 00
2026-07-26T19:00:28.962431,26.855,can0  040  [04]  61 01 50 00
2026-07-26T19:00:28.962632,26.855,can0  100  [03]  14 74 04
2026-07-26T19:00:28.962865,26.855,can0  120  [04]  22 6A 00 00
2026-07-26T19:00:29.062662,26.955,can0  040  [04]  61 01 50 00
2026-07-26T19:00:29.262574,27.155,can0  070  [20]  32 30 4D 08 81 B9 62 03 48 71 00 00 00 02 00 00 A5 03 00 00
2026-07-26T19:00:29.262743,27.155,can0  041  [04]  14 00 4A 00
2026-07-26T19:00:29.262915,27.155,can0  070  [20]  32 30 4D 08 81 B9 62 03 48 71 00 00 00 02 00 00 A5 03 00 00
2026-07-26T19:00:29.263090,27.155,can0  040  [04]  63 01 54 00
2026-07-26T19:00:29.263299,27.155,can0  070  [20]  32 30 4D 08 81 B9 62 03 48 71 00 00 00 02 00 00 A5 03 00 00
2026-07-26T19:00:29.263446,27.156,can0  040  [04]  63 01 54 00
2026-07-26T19:00:29.463024,27.355,can0  041  [04]  15 00 4B 00
2026-07-26T19:00:29.465285,27.357,can0  040  [04]  62 01 59 00
2026-07-26T19:00:29.565346,27.457,can0  040  [04]  62 01 59 00
2026-07-26T19:00:29.662231,27.554,can0  041  [04]  15 00 4E 00
2026-07-26T19:00:29.762293,27.654,can0  070  [20]  32 30 4D 08 81 B9 62 03 48 71 00 00 00 02 00 00 A5 03 00 00
2026-07-26T19:00:29.762519,27.655,can0  040  [04]  61 01 5C 00
2026-07-26T19:00:29.863134,27.755,can0  040  [04]  61 01 5C 00
2026-07-26T19:00:29.864174,27.756,can0  060  [32]  00 00 00 00 32 30 4D 08 D6 0E B8 10 05 00 BD 03 FF 01 00 00 00 00 00 00 01 00 00 00 00 00 00 00
2026-07-26T19:00:29.867156,27.759,can0  070  [20]  32 30 4D 08 81 B9 62 03 48 71 00 00 00 02 00 00 A5 03 00 00
2026-07-26T19:00:29.965744,27.858,can0  041  [04]  15 00 50 00
2026-07-26T19:00:30.062305,27.954,can0  040  [04]  61 01 5B 00
2026-07-26T19:00:30.065238,27.957,can0  040  [04]  61 01 5B 00
2026-07-26T19:00:30.163153,28.055,can0  070  [20]  30 30 4D 08 81 B9 62 03 30 75 00 00 00 02 00 00 DA 01 00 00
2026-07-26T19:00:30.163414,28.055,can0  070  [20]  30 30 4D 08 81 B9 62 03 30 75 00 00 00 02 00 00 DA 01 00 00
2026-07-26T19:00:30.163713,28.056,can0  100  [03]  16 74 04
2026-07-26T19:00:30.163826,28.056,can0  110  [02]  B5 1A
2026-07-26T19:00:30.163997,28.056,can0  120  [04]  0E 6A 00 00
2026-07-26T19:00:30.164161,28.056,can0  041  [04]  15 00 51 00
2026-07-26T19:00:30.263053,28.155,can0  070  [20]  30 30 4D 08 81 B9 62 03 30 75 00 00 00 02 00 00 DA 01 00 00
2026-07-26T19:00:30.263326,28.155,can0  040  [04]  61 01 57 00
2026-07-26T19:00:30.362734,28.255,can0  040  [04]  61 01 57 00
2026-07-26T19:00:30.562460,28.455,can0  041  [04]  14 00 52 00
2026-07-26T19:00:30.562697,28.455,can0  040  [04]  5F 01 5B 00
2026-07-26T19:00:30.662733,28.555,can0  040  [04]  5F 01 5B 00
2026-07-26T19:00:30.662798,28.555,can0  060  [32]  5B DD D5 02 8A B7 4D 08 93 1E 64 03 01 00 9A 09 FF 01 00 00 00 00 00 00 02 00 00 00 00 00 00 00
2026-07-26T19:00:30.662845,28.555,can0  060  [32]  38 23 D6 02 00 B0 4D 08 73 D9 63 03 4C 00 D9 0B 3A 01 80 00 00 00 00 01 02 00 00 00 00 00 00 00
2026-07-26T19:00:30.762367,28.654,can0  041  [04]  13 00 54 00
2026-07-26T19:00:30.762568,28.655,can0  070  [20]  30 30 4D 08 81 B9 62 03 30 75 00 00 00 02 00 00 DA 01 00 00
2026-07-26T19:00:30.871445,28.764,can0  040  [04]  5D 01 5D 00
2026-07-26T19:00:30.871518,28.764,can0  070  [20]  30 30 4D 08 81 B9 62 03 30 75 00 00 00 02 00 00 DA 01 00 00
2026-07-26T19:00:30.871563,28.764,can0  040  [04]  5D 01 5D 00
2026-07-26T19:00:31.062336,28.954,can0  041  [04]  12 00 52 00
2026-07-26T19:00:31.062579,28.955,can0  040  [04]  5C 01 59 00
2026-07-26T19:00:31.162739,29.055,can0  070  [20]  2F 30 4D 08 80 B9 62 03 18 79 00 00 00 02 00 00 25 04 00 00
2026-07-26T19:00:31.162948,29.055,can0  040  [04]  5C 01 59 00
2026-07-26T19:00:31.163165,29.055,can0  070  [20]  2F 30 4D 08 80 B9 62 03 18 79 00 00 00 02 00 00 26 04 00 00
2026-07-26T19:00:31.262777,29.155,can0  070  [20]  2F 30 4D 08 80 B9 62 03 18 79 00 00 00 02 00 00 26 04 00 00
2026-07-26T19:00:31.263042,29.155,can0  041  [04]  12 00 4F 00
2026-07-26T19:00:31.362878,29.255,can0  040  [04]  5D 01 52 00
2026-07-26T19:00:31.364157,29.256,can0  100  [03]  17 74 04
2026-07-26T19:00:31.368074,29.260,can0  120  [04]  22 6A 00 00
2026-07-26T19:00:31.465615,29.358,can0  040  [04]  5D 01 52 00
2026-07-26T19:00:31.562240,29.454,can0  041  [04]  12 00 4D 00
2026-07-26T19:00:31.662911,29.555,can0  040  [04]  5D 01 53 00
2026-07-26T19:00:31.663108,29.555,can0  040  [04]  5D 01 53 00
2026-07-26T19:00:31.763081,29.655,can0  070  [20]  2F 30 4D 08 80 B9 62 03 18 79 00 00 00 02 00 00 26 04 00 00
2026-07-26T19:00:31.763266,29.655,can0  110  [02]  B4 1A
2026-07-26T19:00:31.767552,29.660,can0  041  [04]  12 00 4C 00
2026-07-26T19:00:31.862890,29.755,can0  070  [20]  2F 30 4D 08 80 B9 62 03 18 79 00 00 00 02 00 00 26 04 00 00
2026-07-26T19:00:31.863168,29.755,can0  040  [04]  5E 01 5A 00
2026-07-26T19:00:31.963824,29.856,can0  060  [32]  00 00 00 00 2F 30 4D 08 D4 0E B8 10 05 00 06 09 FF 01 00 00 00 00 00 00 02 00 00 00 00 00 00 00
2026-07-26T19:00:31.963920,29.856,can0  060  [32]  5A 47 D6 02 5F 3A 4D 08 90 95 63 03 36 00 F2 04 FF 01 00 00 00 00 00 01 02 00 00 00 00 00 00 00
2026-07-26T19:00:31.964249,29.856,can0  040  [04]  5E 01 5A 00
2026-07-26T19:00:32.066286,29.958,can0  041  [04]  13 00 4E 00
2026-07-26T19:00:32.162567,30.055,can0  070  [20]  30 30 4D 08 88 B9 62 03 00 7D 00 00 00 02 00 00 17 0C 00 00
2026-07-26T19:00:32.162772,30.055,can0  040  [04]  5F 01 62 00
2026-07-26T19:00:32.163057,30.055,can0  070  [20]  30 30 4D 08 88 B9 62 03 00 7D 00 00 00 02 00 00 16 0C 00 00
2026-07-26T19:00:32.163329,30.055,can0  040  [04]  5F 01 62 00
2026-07-26T19:00:32.265257,30.157,can0  070  [20]  30 30 4D 08 88 B9 62 03 00 7D 00 00 00 02 00 00 16 0C 00 00
2026-07-26T19:00:32.363051,30.255,can0  132  [00]
2026-07-26T19:00:32.363372,30.255,can0  041  [04]  15 00 4B 00
2026-07-26T19:00:32.462749,30.355,can0  060  [32]  00 00 00 00 00 00 00 00 00 00 00 00 00 00 00 00 00 00 00 00 00 00 00 00 00 00 00 00 00 00 00 00
2026-07-26T19:00:32.463048,30.355,can0  040  [04]  5B 01 5C 00
2026-07-26T19:00:32.463334,30.355,can0  040  [04]  5B 01 5C 00
2026-07-26T19:00:32.662900,30.555,can0  100  [03]  18 74 04
2026-07-26T19:00:32.663090,30.555,can0  120  [04]  36 6A 00 00
2026-07-26T19:00:32.663284,30.555,can0  041  [04]  17 00 48 00
2026-07-26T19:00:32.663545,30.556,can0  040  [04]  5D 01 53 00
2026-07-26T19:00:32.762270,30.654,can0  040  [04]  5D 01 53 00
2026-07-26T19:00:32.764598,30.657,can0  070  [20]  30 30 4D 08 88 B9 62 03 00 7D 00 00 00 02 00 00 16 0C 00 00
2026-07-26T19:00:32.862552,30.755,can0  041  [04]  19 00 47 00
2026-07-26T19:00:32.862618,30.755,can0  070  [20]  30 30 4D 08 88 B9 62 03 00 7D 00 00 00 02 00 00 16 0C 00 00
2026-07-26T19:00:32.965990,30.858,can0  060  [32]  00 00 00 00 30 30 4D 08 DD 0E B8 10 10 00 D1 03 FF 01 00 00 00 00 00 00 01 00 00 00 00 00 00 00
2026-07-26T19:00:32.966072,30.858,can0  040  [04]  60 01 4E 00
2026-07-26T19:00:33.062996,30.955,can0  040  [04]  60 01 4E 00
2026-07-26T19:00:33.162933,31.055,can0  070  [20]  2F 30 4D 08 86 B9 62 03 E8 80 00 00 00 02 00 00 D8 07 00 00
2026-07-26T19:00:33.163005,31.055,can0  041  [04]  18 00 4A 00
2026-07-26T19:00:33.167020,31.059,can0  070  [20]  2F 30 4D 08 86 B9 62 03 E8 80 00 00 00 02 00 00 D8 07 00 00
2026-07-26T19:00:33.262697,31.155,can0  040  [04]  62 01 50 00
2026-07-26T19:00:33.262910,31.155,can0  070  [20]  2F 30 4D 08 86 B9 62 03 E8 80 00 00 00 02 00 00 D8 07 00 00
2026-07-26T19:00:33.266491,31.159,can0  040  [04]  62 01 50 00
2026-07-26T19:00:33.362167,31.254,can0  110  [02]  B3 1A
2026-07-26T19:00:33.366250,31.258,can0  041  [04]  17 00 4F 00
2026-07-26T19:00:33.462375,31.354,can0  060  [32]  00 00 00 00 00 00 00 00 00 00 00 00 00 00 00 00 00 00 00 00 00 00 00 00 00 00 00 00 00 00 00 00
2026-07-26T19:00:33.462608,31.355,can0  040  [04]  5F 01 58 00
2026-07-26T19:00:33.566001,31.458,can0  040  [04]  5F 01 58 00
2026-07-26T19:00:33.762641,31.655,can0  041  [04]  17 00 51 00
2026-07-26T19:00:33.762881,31.655,can0  040  [04]  5C 01 60 00
2026-07-26T19:00:33.763101,31.655,can0  070  [20]  2F 30 4D 08 86 B9 62 03 E8 80 00 00 00 02 00 00 D8 07 00 00
2026-07-26T19:00:33.763486,31.656,can0  100  [03]  1A 74 04
2026-07-26T19:00:33.763535,31.656,can0  120  [04]  40 6A 00 00
2026-07-26T19:00:33.766938,31.659,can0  040  [04]  5C 01 60 00
2026-07-26T19:00:33.863545,31.756,can0  060  [32]  78 FC D5 02 26 98 4D 08 4A 7F 64 03 00 00 42 04 FF 01 00 00 00 00 00 00 01 00 00 00 00 00 00 00
2026-07-26T19:00:33.863989,31.756,can0  070  [20]  2F 30 4D 08 86 B9 62 03 E8 80 00 00 00 02 00 00 D8 07 00 00
2026-07-26T19:00:33.966565,31.859,can0  041  [04]  18 00 50 00
2026-07-26T19:00:34.062791,31.955,can0  040  [04]  5B 01 5E 00
2026-07-26T19:00:34.063080,31.955,can0  040  [04]  5B 01 5E 00
2026-07-26T19:00:34.162415,32.054,can0  070  [20]  2F 30 4D 08 85 B9 62 03 D0 84 00 00 00 02 00 00 30 01 00 00
2026-07-26T19:00:34.162635,32.055,can0  070  [20]  2F 30 4D 08 85 B9 62 03 D0 84 00 00 00 02 00 00 2F 01 00 00
2026-07-26T19:00:34.162864,32.055,can0  041  [04]  17 00 4B 00
2026-07-26T19:00:34.262911,32.155,can0  070  [20]  2F 30 4D 08 85 B9 62 03 D0 84 00 00 00 02 00 00 2F 01 00 00
2026-07-26T19:00:34.263179,32.155,can0  040  [04]  5B 01 56 00
2026-07-26T19:00:34.365772,32.258,can0  040  [04]  5B 01 56 00
2026-07-26T19:00:34.562582,32.455,can0  041  [04]  15 00 47 00
2026-07-26T19:00:34.562839,32.455,can0  040  [04]  5D 01 4E 00
2026-07-26T19:00:34.565992,32.458,can0  040  [04]  5D 01 4E 00
2026-07-26T19:00:34.762235,32.654,can0  041  [04]  14 00 47 00
2026-07-26T19:00:34.765230,32.657,can0  070  [20]  2F 30 4D 08 85 B9 62 03 D0 84 00 00 00 02 00 00 2F 01 00 00
2026-07-26T19:00:34.862583,32.755,can0  040  [04]  5F 01 51 00
2026-07-26T19:00:34.864863,32.757,can0  070  [20]  2F 30 4D 08 85 B9 62 03 D0 84 00 00 00 02 00 00 2F 01 00 00
2026-07-26T19:00:34.864967,32.757,can0  040  [04]  5F 01 51 00
2026-07-26T19:00:34.962808,32.855,can0  060  [32]  00 00 00 00 2F 30 4D 08 D9 0E B8 10 01 00 10 0E FF 01 00 00 00 00 00 00 02 00 00 00 00 00 00 00
2026-07-26T19:00:34.963557,32.856,can0  060  [32]  5F AE D6 02 B7 2D 4D 08 30 A5 63 03 00 00 1A 09 FF 01 00 00 00 00 00 01 02 00 00 00 00 00 00 00
2026-07-26T19:00:34.963969,32.856,can0  100  [03]  1C 74 04
2026-07-26T19:00:34.964162,32.856,can0  110  [02]  B2 1A
2026-07-26T19:00:34.964389,32.856,can0  120  [04]  40 6A 00 00
2026-07-26T19:00:34.964642,32.857,can0  041  [04]  14 00 49 00
2026-07-26T19:00:35.068365,32.960,can0  040  [04]  5D 01 57 00
2026-07-26T19:00:35.163053,33.055,can0  070  [20]  2F 30 4D 08 8A B9 62 03 B8 88 00 00 00 02 00 00 54 07 00 00
2026-07-26T19:00:35.163286,33.055,can0  040  [04]  5D 01 57 00
2026-07-26T19:00:35.163554,33.056,can0  070  [20]  2F 30 4D 08 8A B9 62 03 B8 88 00 00 00 02 00 00 54 07 00 00
2026-07-26T19:00:35.362828,33.255,can0  070  [20]  2F 30 4D 08 8A B9 62 03 B8 88 00 00 00 02 00 00 54 07 00 00
2026-07-26T19:00:35.362898,33.255,can0  041  [04]  12 00 4B 00
2026-07-26T19:00:35.363037,33.255,can0  040  [04]  5B 01 5E 00
2026-07-26T19:00:35.366084,33.258,can0  040  [04]  5B 01 5E 00
2026-07-26T19:00:35.562300,33.454,can0  041  [04]  12 00 4C 00
2026-07-26T19:00:35.562632,33.455,can0  060  [32]  F0 DC D5 02 5D 7F 4D 08 A8 F3 64 03 50 00 C4 0A 13 01 80 00 00 00 00 00 02 00 00 00 00 00 00 00
2026-07-26T19:00:35.562809,33.455,can0  060  [32]  9F 86 D6 02 8E 6D 4D 08 B2 6A 66 03 01 00 E3 02 99 00 01 00 00 00 00 01 02 00 00 00 00 00 00 00
2026-07-26T19:00:35.566512,33.459,can0  040  [04]  5A 01 5F 00
2026-07-26T19:00:35.666763,33.559,can0  040  [04]  5A 01 5F 00
2026-07-26T19:00:35.763071,33.655,can0  070  [20]  2F 30 4D 08 8A B9 62 03 B8 88 00 00 00 02 00 00 54 07 00 00
2026-07-26T19:00:35.763297,33.655,can0  041  [04]  13 00 4F 00
2026-07-26T19:00:35.862898,33.755,can0  070  [20]  2F 30 4D 08 8A B9 62 03 B8 88 00 00 00 02 00 00 54 07 00 00
2026-07-26T19:00:35.863139,33.755,can0  040  [04]  5C 01 5A 00
2026-07-26T19:00:35.965655,33.858,can0  040  [04]  5C 01 5A 00
2026-07-26T19:00:36.163431,34.056,can0  041  [04]  14 00 52 00
2026-07-26T19:00:36.163497,34.056,can0  070  [20]  2B 30 4D 08 88 B9 62 03 A0 8C 00 00 00 02 00 00 32 08 00 00
2026-07-26T19:00:36.163541,34.056,can0  040  [04]  5F 01 54 00
2026-07-26T19:00:36.163579,34.056,can0  070  [20]  2B 30 4D 08 88 B9 62 03 A0 8C 00 00 00 02 00 00 32 08 00 00
2026-07-26T19:00:36.163621,34.056,can0  100  [03]  1F 74 04
2026-07-26T19:00:36.163660,34.056,can0  120  [04]  2C 6A 00 00
2026-07-26T19:00:36.163823,34.056,can0  040  [04]  5F 01 54 00
2026-07-26T19:00:36.266944,34.159,can0  070  [20]  2B 30 4D 08 88 B9 62 03 A0 8C 00 00 00 02 00 00 32 08 00 00
2026-07-26T19:00:36.366735,34.259,can0  041  [04]  15 00 51 00
2026-07-26T19:00:36.463088,34.355,can0  040  [04]  5F 01 50 00
2026-07-26T19:00:36.463683,34.356,can0  040  [04]  5F 01 50 00
2026-07-26T19:00:36.463742,34.356,can0  060  [32]  93 01 D6 02 40 B6 4D 08 E8 1E 64 03 00 00 5D 09 67 01 80 00 00 00 00 00 05 00 00 00 00 00 00 00
2026-07-26T19:00:36.463786,34.356,can0  060  [32]  85 18 D6 02 6F B6 4D 08 6A 1F 64 03 00 00 E4 07 67 01 80 00 00 00 00 01 05 00 00 00 00 00 00 00
2026-07-26T19:00:36.463867,34.356,can0  060  [32]  00 00 00 00 2F 30 4D 08 DE 0E B8 10 0A 00 82 04 FF 01 00 00 00 00 00 02 05 00 00 00 00 00 00 00
2026-07-26T19:00:36.562332,34.454,can0  110  [02]  B3 1A
2026-07-26T19:00:36.565926,34.458,can0  041  [04]  15 00 56 00
2026-07-26T19:00:36.662733,34.555,can0  040  [04]  62 01 53 00
2026-07-26T19:00:36.762424,34.654,can0  040  [04]  62 01 53 00
2026-07-26T19:00:36.762676,34.655,can0  070  [20]  2B 30 4D 08 88 B9 62 03 A0 8C 00 00 00 02 00 00 32 08 00 00
2026-07-26T19:00:36.862268,34.754,can0  041  [04]  15 00 58 00
2026-07-26T19:00:36.865354,34.757,can0  070  [20]  2B 30 4D 08 88 B9 62 03 A0 8C 00 00 00 02 00 00 32 08 00 00
2026-07-26T19:00:36.962744,34.855,can0  040  [04]  62 01 57 00
2026-07-26T19:00:36.965948,34.858,can0  040  [04]  62 01 57 00
2026-07-26T19:00:37.162266,35.054,can0  041  [04]  15 00 5A 00
2026-07-26T19:00:37.162629,35.055,can0  070  [20]  2A 30 4D 08 8A B9 62 03 88 90 00 00 00 02 00 00 96 05 00 00
2026-07-26T19:00:37.162691,35.055,can0  070  [20]  2A 30 4D 08 8A B9 62 03 88 90 00 00 00 02 00 00 96 05 00 00
2026-07-26T19:00:37.166380,35.058,can0  040  [04]  5F 01 59 00
2026-07-26T19:00:37.262382,35.154,can0  133  [00]
2026-07-26T19:00:37.262605,35.155,can0  070  [20]  2A 30 4D 08 8A B9 62 03 88 90 00 00 00 02 00 00 96 05 00 00
2026-07-26T19:00:37.262803,35.155,can0  040  [04]  5F 01 59 00
2026-07-26T19:00:37.362995,35.255,can0  100  [03]  1F 74 04
2026-07-26T19:00:37.363190,35.255,can0  120  [04]  72 6A 00 00
2026-07-26T19:00:37.366377,35.258,can0  041  [04]  15 00 58 00
2026-07-26T19:00:37.463006,35.355,can0  060  [32]  D7 93 D6 02 CC 7F 4D 08 51 5F 60 03 0B 01 F5 02 4D 00 FF 00 00 00 00 00 03 00 00 00 00 00 00 00
2026-07-26T19:00:37.463293,35.355,can0  060  [32]  00 00 00 00 2B 30 4D 08 DD 0E B8 10 0B 00 D4 06 FF 01 00 00 00 00 00 01 03 00 00 00 00 00 00 00
2026-07-26T19:00:37.463893,35.356,can0  060  [32]  5A 06 D6 02 DE 44 4D 08 FF 1A B8 10 08 00 EE 00 FF 01 00 00 00 00 00 02 03 00 00 00 00 00 00 00
2026-07-26T19:00:37.464135,35.356,can0  040  [04]  60 01 58 00
2026-07-26T19:00:37.564432,35.457,can0  040  [04]  60 01 58 00
2026-07-26T19:00:37.762474,35.655,can0  041  [04]  14 00 52 00
2026-07-26T19:00:37.762568,35.655,can0  070  [20]  2A 30 4D 08 8A B9 62 03 88 90 00 00 00 02 00 00 96 05 00 00
2026-07-26T19:00:37.762727,35.655,can0  040  [04]  60 01 54 00
2026-07-26T19:00:37.767485,35.660,can0  040  [04]  60 01 54 00
2026-07-26T19:00:37.864885,35.757,can0  070  [20]  2A 30 4D 08 8A B9 62 03 88 90 00 00 00 02 00 00 96 05 00 00
2026-07-26T19:00:37.962232,35.854,can0  060  [32]  00 00 00 00 00 00 00 00 00 00 00 00 00 00 00 00 00 00 00 00 00 00 00 00 00 00 00 00 00 00 00 00
2026-07-26T19:00:37.962473,35.855,can0  041  [04]  13 00 4E 00
2026-07-26T19:00:37.962694,35.855,can0  060  [32]  00 00 00 00 2A 30 4D 08 DE 0E B8 10 07 00 04 06 FF 01 00 00 00 00 00 00 01 00 00 00 00 00 00 00
2026-07-26T19:00:37.963575,35.856,can0  040  [04]  5D 01 51 00
2026-07-26T19:00:38.062691,35.955,can0  040  [04]  5D 01 51 00
2026-07-26T19:00:38.163384,36.055,can0  070  [20]  2A 30 4D 08 88 B9 62 03 70 94 00 00 00 02 00 00 10 05 00 00
2026-07-26T19:00:38.163447,36.056,can0  070  [20]  2A 30 4D 08 88 B9 62 03 70 94 00 00 00 02 00 00 10 05 00 00
2026-07-26T19:00:38.163532,36.056,can0  110  [02]  B2 1A
2026-07-26T19:00:38.163732,36.056,can0  041  [04]  13 00 4A 00
2026-07-26T19:00:38.262722,36.155,can0  070  [20]  2A 30 4D 08 88 B9 62 03 70 94 00 00 00 02 00 00 10 05 00 00
2026-07-26T19:00:38.263011,36.155,can0  040  [04]  5A 01 4C 00
2026-07-26T19:00:38.365495,36.258,can0  040  [04]  5A 01 4C 00
2026-07-26T19:00:38.562351,36.454,can0  041  [04]  12 00 49 00
2026-07-26T19:00:38.562623,36.455,can0  060  [32]  00 00 00 00 00 00 00 00 00 00 00 00 00 00 00 00 00 00 00 00 00 00 00 00 00 00 00 00 00 00 00 00
2026-07-26T19:00:38.563097,36.455,can0  040  [04]  59 01 4A 00
2026-07-26T19:00:38.563144,36.455,can0  100  [03]  1E 74 04
2026-07-26T19:00:38.563188,36.455,can0  120  [04]  22 6A 00 00
2026-07-26T19:00:38.563373,36.455,can0  040  [04]  59 01 4A 00
2026-07-26T19:00:38.762183,36.654,can0  041  [04]  14 00 4A 00
2026-07-26T19:00:38.766078,36.658,can0  070  [20]  2A 30 4D 08 88 B9 62 03 70 94 00 00 00 02 00 00 10 05 00 00
2026-07-26T19:00:38.862611,36.755,can0  040  [04]  5B 01 4B 00
2026-07-26T19:00:38.863210,36.755,can0  070  [20]  2A 30 4D 08 88 B9 62 03 70 94 00 00 00 02 00 00 10 05 00 00
2026-07-26T19:00:38.863264,36.755,can0  040  [04]  5B 01 4B 00
2026-07-26T19:00:38.963090,36.855,can0  060  [32]  00 00 00 00 00 00 00 00 00 00 00 00 00 00 00 00 00 00 00 00 00 00 00 00 00 00 00 00 00 00 00 00
2026-07-26T19:00:38.963295,36.855,can0  041  [04]  14 00 4A 00
2026-07-26T19:00:38.963509,36.856,can0  060  [32]  00 00 00 00 2A 30 4D 08 DD 0E B8 10 07 00 75 08 FF 01 00 00 00 00 00 00 01 00 00 00 00 00 00 00
2026-07-26T19:00:39.062343,36.954,can0  040  [04]  59 01 49 00
2026-07-26T19:00:39.167507,37.060,can0  070  [20]  28 30 4D 08 85 B9 62 03 58 98 00 00 00 02 00 00 AD 02 00 00
2026-07-26T19:00:39.167603,37.060,can0  040  [04]  59 01 49 00
2026-07-26T19:00:39.167687,37.060,can0  070  [20]  28 30 4D 08 85 B9 62 03 58 98 00 00 00 02 00 00 AD 02 00 00
2026-07-26T19:00:39.362932,37.255,can0  070  [20]  28 30 4D 08 85 B9 62 03 58 98 00 00 00 02 00 00 AD 02 00 00
2026-07-26T19:00:39.363283,37.255,can0  041  [04]  14 00 4D 00
2026-07-26T19:00:39.363439,37.256,can0  040  [04]  58 01 4F 00
2026-07-26T19:00:39.363740,37.256,can0  040  [04]  58 01 4F 00
2026-07-26T19:00:39.563076,37.455,can0  041  [04]  14 00 4D 00
2026-07-26T19:00:39.563144,37.455,can0  040  [04]  59 01 54 00
2026-07-26T19:00:39.662486,37.555,can0  060  [32]  B5 49 D6 02 3E 4E 4D 08 EF C2 B8 10 3B 00 93 0B FF 01 00 00 00 00 00 00 03 00 00 00 00 00 00 00
2026-07-26T19:00:39.662699,37.555,can0  060  [32]  74 5E 11 00 38 AE 4D 08 9F E0 63 03 4C 00 D6 0B 2F 01 80 00 00 00 00 01 03 00 00 00 00 00 00 00
2026-07-26T19:00:39.662886,37.555,can0  060  [32]  30 CA 53 06 D1 61 4D 08 B1 89 64 03 00 00 0D 07 B3 00 80 00 00 00 00 02 03 00 00 00 00 00 00 00
2026-07-26T19:00:39.762963,37.655,can0  070  [20]  28 30 4D 08 85 B9 62 03 58 98 00 00 00 02 00 00 AD 02 00 00
2026-07-26T19:00:39.763179,37.655,can0  100  [03]  20 74 04
2026-07-26T19:00:39.763535,37.656,can0  110  [02]  B2 1A
2026-07-26T19:00:39.763578,37.656,can0  120  [04]  9A 6A 00 00
2026-07-26T19:00:39.763748,37.656,can0  041  [04]  15 00 4D 00
2026-07-26T19:00:39.862643,37.755,can0  070  [20]  28 30 4D 08 85 B9 62 03 58 98 00 00 00 02 00 00 AD 02 00 00
2026-07-26T19:00:39.865721,37.758,can0  040  [04]  5B 01 56 00
2026-07-26T19:00:39.962898,37.855,can0  040  [04]  5B 01 56 00
2026-07-26T19:00:40.065922,37.958,can0  041  [04]  15 00 4C 00
2026-07-26T19:00:40.162813,38.055,can0  070  [20]  26 30 4D 08 83 B9 62 03 40 9C 00 00 00 02 00 00 98 04 00 00
2026-07-26T19:00:40.162937,38.055,can0  040  [04]  5D 01 53 00
2026-07-26T19:00:40.163035,38.055,can0  070  [20]  26 30 4D 08 83 B9 62 03 40 9C 00 00 00 02 00 00 99 04 00 00
2026-07-26T19:00:40.166674,38.059,can0  040  [04]  5D 01 53 00
2026-07-26T19:00:40.265719,38.158,can0  070  [20]  26 30 4D 08 83 B9 62 03 40 9C 00 00 00 02 00 00 99 04 00 00
2026-07-26T19:00:40.362550,38.255,can0  041  [04]  15 00 4A 00
2026-07-26T19:00:40.365635,38.258,can0  040  [04]  60 01 51 00
2026-07-26T19:00:40.463286,38.355,can0  040  [04]  60 01 51 00
2026-07-26T19:00:40.662246,38.554,can0  041  [04]  15 00 4A 00
2026-07-26T19:00:40.664433,38.557,can0  040  [04]  61 01 51 00
2026-07-26T19:00:40.762911,38.655,can0  060  [32]  00 00 00 00 28 30 4D 08 D9 0E B8 10 03 00 87 08 FF 01 00 00 00 00 00 00 02 00 00 00 00 00 00 00
2026-07-26T19:00:40.762981,38.655,can0  060  [32]  D7 93 D6 02 41 80 4D 08 32 62 60 03 0C 01 F7 02 4E 00 80 00 00 00 00 01 02 00 00 00 00 00 00 00
2026-07-26T19:00:40.763621,38.656,can0  040  [04]  61 01 51 00
2026-07-26T19:00:40.766662,38.659,can0  070  [20]  26 30 4D 08 83 B9 62 03 40 9C 00 00 00 02 00 00 99 04 00 00
2026-07-26T19:00:40.862479,38.755,can0  041  [04]  16 00 4C 00
2026-07-26T19:00:40.862698,38.755,can0  070  [20]  26 30 4D 08 83 B9 62 03 40 9C 00 00 00 02 00 00 99 04 00 00
2026-07-26T19:00:40.965475,38.858,can0  040  [04]  60 01 54 00
2026-07-26T19:00:40.965543,38.858,can0  100  [03]  22 74 04
2026-07-26T19:00:40.965587,38.858,can0  120  [04]  AE 6A 00 00
2026-07-26T19:00:40.965630,38.858,can0  040  [04]  60 01 54 00
2026-07-26T19:00:41.162398,39.054,can0  041  [04]  14 00 4B 00
2026-07-26T19:00:41.162659,39.055,can0  070  [20]  25 30 4D 08 85 B9 62 03 28 A0 00 00 00 02 00 00 B7 01 00 00
2026-07-26T19:00:41.165116,39.057,can0  070  [20]  25 30 4D 08 85 B9 62 03 28 A0 00 00 00 02 00 00 B7 01 00 00
2026-07-26T19:00:41.165165,39.057,can0  040  [04]  5B 01 56 00
2026-07-26T19:00:41.262560,39.155,can0  070  [20]  25 30 4D 08 85 B9 62 03 28 A0 00 00 00 02 00 00 B7 01 00 00
2026-07-26T19:00:41.265694,39.158,can0  040  [04]  5B 01 56 00
2026-07-26T19:00:41.362430,39.255,can0  110  [02]  B3 1A
2026-07-26T19:00:41.362648,39.255,can0  041  [04]  13 00 4C 00
2026-07-26T19:00:41.462566,39.355,can0  040  [04]  5A 01 53 00
2026-07-26T19:00:41.466754,39.359,can0  060  [32]  00 00 00 00 26 30 4D 08 D8 0E B8 10 06 00 35 08 FF 01 00 00 00 00 00 00 02 00 00 00 00 00 00 00
2026-07-26T19:00:41.466908,39.359,can0  060  [32]  5A 47 D6 02 BA 39 4D 08 E4 96 63 03 37 00 EB 04 FF 01 00 00 00 00 00 01 02 00 00 00 00 00 00 00
2026-07-26T19:00:41.562771,39.455,can0  040  [04]  5A 01 53 00
2026-07-26T19:00:41.665237,39.557,can0  041  [04]  12 00 4B 00
2026-07-26T19:00:41.763165,39.655,can0  040  [04]  59 01 52 00
2026-07-26T19:00:41.763235,39.655,can0  070  [20]  25 30 4D 08 85 B9 62 03 28 A0 00 00 00 02 00 00 B7 01 00 00
2026-07-26T19:00:41.763280,39.655,can0  040  [04]  59 01 52 00
2026-07-26T19:00:41.863128,39.755,can0  070  [20]  25 30 4D 08 85 B9 62 03 28 A0 00 00 00 02 00 00 B7 01 00 00
2026-07-26T19:00:41.863345,39.755,can0  041  [04]  12 00 49 00
2026-07-26T19:00:41.964577,39.857,can0  040  [04]  59 01 4F 00
2026-07-26T19:00:42.062744,39.955,can0  060  [32]  00 00 00 00 25 30 4D 08 D9 0E B8 10 02 00 C0 07 FF 01 00 00 00 00 00 00 01 00 00 00 00 00 00 00
2026-07-26T19:00:42.062859,39.955,can0  040  [04]  59 01 4F 00
2026-07-26T19:00:42.162563,40.055,can0  070  [20]  23 30 4D 08 83 B9 62 03 10 A4 00 00 00 02 00 00 F3 03 00 00
2026-07-26T19:00:42.162778,40.055,can0  070  [20]  23 30 4D 08 83 B9 62 03 10 A4 00 00 00 02 00 00 F4 03 00 00
2026-07-26T19:00:42.163349,40.055,can0  100  [03]  22 74 04
2026-07-26T19:00:42.163434,40.056,can0  120  [04]  0E 6A 00 00
2026-07-26T19:00:42.163518,40.056,can0  041  [04]  13 00 48 00
2026-07-26T19:00:42.163601,40.056,can0  132  [00]
2026-07-26T19:00:42.262540,40.155,can0  070  [20]  23 30 4D 08 83 B9 62 03 10 A4 00 00 00 02 00 00 F4 03 00 00
2026-07-26T19:00:42.265608,40.158,can0  040  [04]  5D 01 4F 00
2026-07-26T19:00:42.362717,40.255,can0  040  [04]  5D 01 4F 00
2026-07-26T19:00:42.563055,40.455,can0  041  [04]  13 00 4B 00
2026-07-26T19:00:42.563292,40.455,can0  040  [04]  5E 01 4E 00
2026-07-26T19:00:42.567537,40.460,can0  040  [04]  5E 01 4E 00
2026-07-26T19:00:42.662641,40.555,can0  060  [32]  6E DE D5 02 DB 6A 4D 08 4C DC 64 03 00 00 95 0C 3A 00 80 00 00 00 00 00 02 00 00 00 00 00 00 00
2026-07-26T19:00:42.662830,40.555,can0  060  [32]  1B FE D5 02 10 C8 4D 08 59 94 63 03 54 00 52 0B 25 01 80 00 00 00 00 01 02 00 00 00 00 00 00 00
2026-07-26T19:00:42.762363,40.654,can0  041  [04]  15 00 4E 00
2026-07-26T19:00:42.762588,40.655,can0  070  [20]  23 30 4D 08 83 B9 62 03 10 A4 00 00 00 02 00 00 F4 03 00 00
2026-07-26T19:00:42.762816,40.655,can0  040  [04]  5F 01 4E 00
2026-07-26T19:00:42.863147,40.755,can0  040  [04]  5F 01 4E 00
2026-07-26T19:00:42.863367,40.755,can0  070  [20]  23 30 4D 08 83 B9 62 03 10 A4 00 00 00 02 00 00 F4 03 00 00
2026-07-26T19:00:42.965420,40.857,can0  110  [02]  B3 1A
2026-07-26T19:00:42.965514,40.858,can0  041  [04]  14 00 4F 00
2026-07-26T19:00:43.062708,40.955,can0  040  [04]  5F 01 50 00
2026-07-26T19:00:43.163147,41.055,can0  070  [20]  21 30 4D 08 83 B9 62 03 F8 A7 00 00 00 02 00 00 45 03 00 00
2026-07-26T19:00:43.163491,41.056,can0  040  [04]  5F 01 50 00
2026-07-26T19:00:43.163572,41.056,can0  070  [20]  21 30 4D 08 83 B9 62 03 F8 A7 00 00 00 02 00 00 45 03 00 00
2026-07-26T19:00:43.262306,41.154,can0  041  [04]  13 00 4F 00
2026-07-26T19:00:43.262538,41.155,can0  070  [20]  21 30 4D 08 83 B9 62 03 F8 A7 00 00 00 02 00 00 45 03 00 00
2026-07-26T19:00:43.362396,41.254,can0  040  [04]  60 01 54 00
2026-07-26T19:00:43.362627,41.255,can0  100  [03]  23 74 04
2026-07-26T19:00:43.362863,41.255,can0  120  [04]  FA 69 00 00
2026-07-26T19:00:43.363075,41.255,can0  040  [04]  60 01 54 00
2026-07-26T19:00:43.562540,41.455,can0  041  [04]  14 00 4B 00
2026-07-26T19:00:43.562785,41.455,can0  040  [04]  61 01 55 00
2026-07-26T19:00:43.663046,41.555,can0  040  [04]  61 01 55 00
2026-07-26T19:00:43.762607,41.655,can0  070  [20]  21 30 4D 08 83 B9 62 03 F8 A7 00 00 00 02 00 00 45 03 00 00
2026-07-26T19:00:43.765613,41.658,can0  041  [04]  15 00 49 00
2026-07-26T19:00:43.863078,41.755,can0  060  [32]  00 00 00 00 23 30 4D 08 D8 0E B8 10 05 00 99 08 FF 01 00 00 00 00 00 00 02 00 00 00 00 00 00 00
2026-07-26T19:00:43.863584,41.756,can0  060  [32]  28 37 49 06 84 88 4D 08 98 91 64 03 53 00 E3 0A 15 01 80 00 00 00 00 01 02 00 00 00 00 00 00 00
2026-07-26T19:00:43.866987,41.759,can0  070  [20]  21 30 4D 08 83 B9 62 03 F8 A7 00 00 00 02 00 00 45 03 00 00
2026-07-26T19:00:43.867079,41.759,can0  040  [04]  63 01 51 00
2026-07-26T19:00:43.867755,41.760,can0  040  [04]  63 01 51 00
2026-07-26T19:00:44.065723,41.958,can0  041  [04]  15 00 49 00
2026-07-26T19:00:44.162270,42.054,can0  040  [04]  63 01 4C 00
2026-07-26T19:00:44.165526,42.058,can0  040  [04]  63 01 4C 00
2026-07-26T19:00:44.262768,42.155,can0  070  [20]  20 30 4D 08 7C B9 62 03 E0 AB 00 00 00 02 00 00 E2 09 00 00
2026-07-26T19:00:44.263160,42.155,can0  070  [20]  20 30 4D 08 7C B9 62 03 E0 AB 00 00 00 02 00 00 E1 09 00 00
2026-07-26T19:00:44.263212,42.155,can0  070  [20]  20 30 4D 08 7C B9 62 03 E0 AB 00 00 00 02 00 00 E1 09 00 00
2026-07-26T19:00:44.263453,42.156,can0  041  [04]  14 00 4A 00
2026-07-26T19:00:44.365661,42.258,can0  040  [04]  63 01 4E 00
2026-07-26T19:00:44.464853,42.357,can0  040  [04]  63 01 4E 00
2026-07-26T19:00:44.662771,42.555,can0  041  [04]  14 00 4B 00
2026-07-26T19:00:44.663058,42.555,can0  100  [03]  24 74 04
2026-07-26T19:00:44.664806,42.557,can0  110  [02]  B4 1A
2026-07-26T19:00:44.664858,42.557,can0  120  [04]  18 6A 00 00
2026-07-26T19:00:44.664901,42.557,can0  040  [04]  60 01 54 00
2026-07-26T19:00:44.762366,42.654,can0  040  [04]  60 01 54 00
2026-07-26T19:00:44.762623,42.655,can0  060  [32]  00 00 00 00 21 30 4D 08 D8 0E B8 10 04 00 93 07 FF 01 00 00 00 00 00 00 02 00 00 00 00 00 00 00
2026-07-26T19:00:44.766492,42.659,can0  060  [32]  5F AE D6 02 B7 2D 4D 08 30 A5 63 03 00 00 1A 09 FF 01 00 00 00 00 00 01 02 00 00 00 00 00 00 00
2026-07-26T19:00:44.766550,42.659,can0  070  [20]  20 30 4D 08 7C B9 62 03 E0 AB 00 00 00 02 00 00 E1 09 00 00
2026-07-26T19:00:44.863100,42.755,can0  041  [04]  15 00 4B 00
2026-07-26T19:00:44.863194,42.755,can0  070  [20]  20 30 4D 08 7C B9 62 03 E0 AB 00 00 00 02 00 00 E1 09 00 00
2026-07-26T19:00:44.962109,42.854,can0  040  [04]  5E 01 58 00
2026-07-26T19:00:44.965687,42.858,can0  040  [04]  5E 01 58 00
2026-07-26T19:00:45.065753,42.958,can0  041  [04]  14 00 49 00
2026-07-26T19:00:45.162766,43.055,can0  070  [20]  1E 30 4D 08 7B B9 62 03 C8 AF 00 00 00 02 00 00 28 01 00 00
2026-07-26T19:00:45.163038,43.055,can0  070  [20]  1E 30 4D 08 7B B9 62 03 C8 AF 00 00 00 02 00 00 28 01 00 00
2026-07-26T19:00:45.163240,43.055,can0  040  [04]  5B 01 53 00
2026-07-26T19:00:45.262767,43.155,can0  070  [20]  1E 30 4D 08 7B B9 62 03 C8 AF 00 00 00 02 00 00 28 01 00 00
2026-07-26T19:00:45.265208,43.157,can0  040  [04]  5B 01 53 00
2026-07-26T19:00:45.363063,43.255,can0  041  [04]  14 00 46 00
2026-07-26T19:00:45.462327,43.354,can0  040  [04]  5C 01 4E 00
2026-07-26T19:00:45.462522,43.355,can0  040  [04]  5C 01 4E 00
2026-07-26T19:00:45.662987,43.555,can0  041  [04]  13 00 44 00
2026-07-26T19:00:45.762990,43.655,can0  040  [04]  5E 01 47 00
2026-07-26T19:00:45.763210,43.655,can0  070  [20]  1E 30 4D 08 7B B9 62 03 C8 AF 00 00 00 02 00 00 28 01 00 00
2026-07-26T19:00:45.763414,43.655,can0  040  [04]  5E 01 47 00
2026-07-26T19:00:45.763633,43.656,can0  100  [03]  24 74 04
2026-07-26T19:00:45.763848,43.656,can0  120  [04]  4A 6A 00 00
2026-07-26T19:00:45.862551,43.755,can0  070  [20]  1E 30 4D 08 7B B9 62 03 C8 AF 00 00 00 02 00 00 28 01 00 00
2026-07-26T19:00:45.862823,43.755,can0  041  [04]  13 00 46 00
2026-07-26T19:00:45.863181,43.755,can0  060  [32]  00 00 00 00 20 30 4D 08 D1 0E B8 10 0D 00 44 09 FF 01 00 00 00 00 00 00 02 00 00 00 00 00 00 00
2026-07-26T19:00:45.864087,43.756,can0  060  [32]  53 DD D5 02 92 B8 4D 08 E3 1E 64 03 01 00 4A 05 FF 01 00 00 00 00 00 01 02 00 00 00 00 00 00 00
2026-07-26T19:00:45.967784,43.860,can0  040  [04]  5F 01 4A 00
2026-07-26T19:00:46.064240,43.956,can0  040  [04]  5F 01 4A 00
2026-07-26T19:00:46.163155,44.055,can0  070  [20]  20 30 4D 08 7B B9 62 03 B0 B3 00 00 00 02 00 00 FF 01 00 00
2026-07-26T19:00:46.163403,44.055,can0  041  [04]  15 00 46 00
2026-07-26T19:00:46.163642,44.056,can0  070  [20]  20 30 4D 08 7B B9 62 03 B0 B3 00 00 00 02 00 00 FF 01 00 00
2026-07-26T19:00:46.163826,44.056,can0  110  [02]  B2 1A
2026-07-26T19:00:46.262244,44.154,can0  070  [20]  20 30 4D 08 7B B9 62 03 B0 B3 00 00 00 02 00 00 FF 01 00 00
2026-07-26T19:00:46.262526,44.155,can0  040  [04]  5E 01 52 00
2026-07-26T19:00:46.262720,44.155,can0  040  [04]  5E 01 52 00
2026-07-26T19:00:46.462251,44.354,can0  041  [04]  15 00 46 00
2026-07-26T19:00:46.562620,44.455,can0  040  [04]  5F 01 58 00
2026-07-26T19:00:46.565677,44.458,can0  040  [04]  5F 01 58 00
2026-07-26T19:00:46.762395,44.654,can0  041  [04]  15 00 45 00
2026-07-26T19:00:46.762644,44.655,can0  070  [20]  20 30 4D 08 7B B9 62 03 B0 B3 00 00 00 02 00 00 FF 01 00 00
2026-07-26T19:00:46.762794,44.655,can0  040  [04]  60 01 55 00
2026-07-26T19:00:46.863011,44.755,can0  060  [32]  00 00 00 00 1E 30 4D 08 CF 0E B8 10 01 00 10 0E FF 01 00 00 00 00 00 00 02 00 00 00 00 00 00 00
2026-07-26T19:00:46.863264,44.755,can0  060  [32]  23 DD D5 02 35 DF 4A 08 00 DA 62 03 00 00 86 01 FF 01 00 00 00 00 00 01 02 00 00 00 00 00 00 00
2026-07-26T19:00:46.866923,44.759,can0  040  [04]  60 01 55 00
2026-07-26T19:00:46.866980,44.759,can0  070  [20]  20 30 4D 08 7B B9 62 03 B0 B3 00 00 00 02 00 00 FF 01 00 00
2026-07-26T19:00:46.965814,44.858,can0  041  [04]  16 00 44 00
2026-07-26T19:00:46.965882,44.858,can0  100  [03]  26 74 04
2026-07-26T19:00:46.965923,44.858,can0  120  [04]  C2 6A 00 00
2026-07-26T19:00:47.062288,44.954,can0  040  [04]  5F 01 4A 00
2026-07-26T19:00:47.062433,44.955,can0  040  [04]  5F 01 4A 00
2026-07-26T19:00:47.162999,45.055,can0  070  [20]  1C 30 4D 08 72 B9 62 03 98 B7 00 00 00 02 00 00 04 10 00 00
2026-07-26T19:00:47.163065,45.055,can0  133  [00]
2026-07-26T19:00:47.166327,45.058,can0  070  [20]  1C 30 4D 08 72 B9 62 03 98 B7 00 00 00 02 00 00 05 10 00 00
2026-07-26T19:00:47.262300,45.154,can0  041  [04]  15 00 42 00
2026-07-26T19:00:47.262663,45.155,can0  070  [20]  1C 30 4D 08 72 B9 62 03 98 B7 00 00 00 02 00 00 05 10 00 00
2026-07-26T19:00:47.262722,45.155,can0  040  [04]  60 01 41 00
2026-07-26T19:00:47.364212,45.256,can0  040  [04]  60 01 41 00
2026-07-26T19:00:47.562915,45.455,can0  041  [04]  14 00 41 00
2026-07-26T19:00:47.563129,45.455,can0  040  [04]  5F 01 3F 00
2026-07-26T19:00:47.662556,45.555,can0  040  [04]  5F 01 3F 00
2026-07-26T19:00:47.766601,45.659,can0  070  [20]  1C 30 4D 08 72 B9 62 03 98 B7 00 00 00 02 00 00 05 10 00 00
2026-07-26T19:00:47.766689,45.659,can0  041  [04]  14 00 43 00
2026-07-26T19:00:47.766740,45.659,can0  110  [02]  B2 1A
2026-07-26T19:00:47.862880,45.755,can0  070  [20]  1C 30 4D 08 72 B9 62 03 98 B7 00 00 00 02 00 00 05 10 00 00
2026-07-26T19:00:47.863292,45.755,can0  040  [04]  5B 01 48 00
2026-07-26T19:00:47.863343,45.755,can0  040  [04]  5B 01 48 00
2026-07-26T19:00:48.113286,46.005,can0  041  [04]  13 00 44 00
2026-07-26T19:00:48.113391,46.005,can0  060  [32]  00 00 00 00 1C 30 4D 08 C7 0E B8 10 16 00 62 09 FF 01 00 00 00 00 00 00 02 00 00 00 00 00 00 00
2026-07-26T19:00:48.113483,46.006,can0  060  [32]  85 18 D6 02 6D B6 4D 08 6C 1F 64 03 00 00 54 01 67 01 80 00 00 00 00 01 02 00 00 00 00 00 00 00
2026-07-26T19:00:48.212581,46.105,can0  070  [20]  1C 30 4D 08 77 B9 62 03 80 BB 00 00 00 02 00 00 4F 0E 00 00
2026-07-26T19:00:48.212743,46.105,can0  040  [04]  58 01 51 00
2026-07-26T19:00:48.213299,46.105,can0  070  [20]  1C 30 4D 08 77 B9 62 03 80 BB 00 00 00 02 00 00 4F 0E 00 00
2026-07-26T19:00:48.213344,46.105,can0  040  [04]  58 01 51 00
2026-07-26T19:00:48.213387,46.105,can0  100  [03]  26 74 04
2026-07-26T19:00:48.213428,46.105,can0  120  [04]  26 6B 00 00
2026-07-26T19:00:48.315662,46.208,can0  070  [20]  1C 30 4D 08 77 B9 62 03 80 BB 00 00 00 02 00 00 4F 0E 00 00
2026-07-26T19:00:48.315765,46.208,can0  041  [04]  13 00 46 00
2026-07-26T19:00:48.415307,46.307,can0  040  [04]  58 01 54 00
2026-07-26T19:00:48.512801,46.405,can0  040  [04]  58 01 54 00
2026-07-26T19:00:48.612280,46.504,can0  041  [04]  13 00 43 00
2026-07-26T19:00:48.615440,46.508,can0  060  [32]  00 00 00 00 00 00 00 00 00 00 00 00 00 00 00 00 00 00 00 00 00 00 00 00 00 00 00 00 00 00 00 00
2026-07-26T19:00:48.713045,46.605,can0  040  [04]  56 01 4B 00
2026-07-26T19:00:48.719346,46.611,can0  040  [04]  56 01 4B 00
2026-07-26T19:00:48.772282,46.664,can0  070  [20]  1C 30 4D 08 77 B9 62 03 80 BB 00 00 00 02 00 00 4F 0E 00 00
2026-07-26T19:00:48.912746,46.805,can0  041  [04]  11 00 41 00
2026-07-26T19:00:48.917380,46.809,can0  070  [20]  1C 30 4D 08 77 B9 62 03 80 BB 00 00 00 02 00 00 4F 0E 00 00
2026-07-26T19:00:48.917456,46.810,can0  040  [04]  58 01 3D 00
2026-07-26T19:00:49.012459,46.905,can0  040  [04]  58 01 3D 00
2026-07-26T19:00:49.213268,47.105,can0  041  [04]  11 00 41 00
2026-07-26T19:00:49.213367,47.105,can0  060  [32]  00 00 00 00 00 00 00 00 00 00 00 00 00 00 00 00 00 00 00 00 00 00 00 00 00 00 00 00 00 00 00 00
2026-07-26T19:00:49.213425,47.105,can0  060  [32]  00 00 00 00 1C 30 4D 08 CC 0E B8 10 13 00 45 06 FF 01 00 00 00 00 00 00 01 00 00 00 00 00 00 00
2026-07-26T19:00:49.214303,47.106,can0  070  [20]  19 30 4D 08 6C B9 62 03 68 BF 00 00 00 02 00 00 FB 17 00 00
2026-07-26T19:00:49.214354,47.106,can0  040  [04]  5B 01 38 00
2026-07-26T19:00:49.214544,47.107,can0  070  [20]  19 30 4D 08 6C B9 62 03 68 BF 00 00 00 02 00 00 FB 17 00 00
2026-07-26T19:00:49.312553,47.205,can0  040  [04]  5B 01 38 00
2026-07-26T19:00:49.312844,47.205,can0  070  [20]  19 30 4D 08 6C B9 62 03 68 BF 00 00 00 02 00 00 FB 17 00 00
2026-07-26T19:00:49.412447,47.305,can0  041  [04]  11 00 44 00
2026-07-26T19:00:49.412694,47.305,can0  100  [03]  26 74 04
2026-07-26T19:00:49.413111,47.305,can0  110  [02]  B1 1A
2026-07-26T19:00:49.413192,47.305,can0  120  [04]  A4 6A 00 00
2026-07-26T19:00:49.512880,47.405,can0  040  [04]  5D 01 40 00
2026-07-26T19:00:49.516515,47.409,can0  040  [04]  5D 01 40 00
2026-07-26T19:00:49.713116,47.605,can0  041  [04]  11 00 48 00
2026-07-26T19:00:49.812442,47.705,can0  040  [04]  59 01 4F 00
2026-07-26T19:00:49.812516,47.705,can0  070  [20]  19 30 4D 08 6C B9 62 03 68 BF 00 00 00 02 00 00 FB 17 00 00
2026-07-26T19:00:49.812722,47.705,can0  040  [04]  59 01 4F 00
2026-07-26T19:00:49.916538,47.809,can0  070  [20]  19 30 4D 08 6C B9 62 03 68 BF 00 00 00 02 00 00 FB 17 00 00
2026-07-26T19:00:49.916619,47.809,can0  041  [04]  11 00 4A 00
2026-07-26T19:00:50.015659,47.908,can0  040  [04]  57 01 5A 00
2026-07-26T19:00:50.115534,48.008,can0  040  [04]  57 01 5A 00
2026-07-26T19:00:50.213154,48.105,can0  070  [20]  17 30 4D 08 6D B9 62 03 50 C3 00 00 00 02 00 00 F5 0B 00 00
2026-07-26T19:00:50.213230,48.105,can0  060  [32]  5B DD D5 02 8F B7 4D 08 8B 1E 64 03 01 00 2F 05 FF 01 00 00 00 00 00 00 02 00 00 00 00 00 00 00
2026-07-26T19:00:50.213577,48.106,can0  060  [32]  00 00 00 00 17 30 4D 08 C2 0E B8 10 10 00 B8 07 FF 01 00 00 00 00 00 01 02 00 00 00 00 00 00 00
2026-07-26T19:00:50.213857,48.106,can0  041  [04]  13 00 48 00
2026-07-26T19:00:50.217153,48.109,can0  070  [20]  17 30 4D 08 6D B9 62 03 50 C3 00 00 00 02 00 00 F6 0B 00 00
2026-07-26T19:00:50.312727,48.205,can0  070  [20]  17 30 4D 08 6D B9 62 03 50 C3 00 00 00 02 00 00 F6 0B 00 00
2026-07-26T19:00:50.313087,48.205,can0  040  [04]  58 01 55 00
2026-07-26T19:00:50.313268,48.205,can0  040  [04]  58 01 55 00
2026-07-26T19:00:50.515756,48.408,can0  041  [04]  15 00 40 00
2026-07-26T19:00:50.515859,48.408,can0  040  [04]  5B 01 48 00
2026-07-26T19:00:50.612484,48.505,can0  100  [03]  25 74 04
2026-07-26T19:00:50.612613,48.505,can0  120  [04]  0E 6A 00 00
2026-07-26T19:00:50.612752,48.505,can0  040  [04]  5B 01 48 00
2026-07-26T19:00:50.715132,48.607,can0  041  [04]  17 00 37 00
2026-07-26T19:00:50.819008,48.711,can0  070  [20]  17 30 4D 08 6D B9 62 03 50 C3 00 00 00 02 00 00 F6 0B 00 00
2026-07-26T19:00:50.819238,48.711,can0  040  [04]  61 01 3C 00
2026-07-26T19:00:50.912551,48.805,can0  040  [04]  61 01 3C 00
2026-07-26T19:00:50.912809,48.805,can0  070  [20]  17 30 4D 08 6D B9 62 03 50 C3 00 00 00 02 00 00 F6 0B 00 00
2026-07-26T19:00:51.012944,48.905,can0  060  [32]  DC 66 11 00 A1 A5 4D 08 61 D6 62 03 01 00 75 01 4F 00 80 00 00 00 00 00 02 00 00 00 00 00 00 00
2026-07-26T19:00:51.013649,48.906,can0  060  [32]  67 1A D6 02 3F 78 4D 08 26 B9 63 03 00 00 03 0A FF 01 00 00 00 00 00 01 02 00 00 00 00 00 00 00
2026-07-26T19:00:51.013853,48.906,can0  041  [04]  19 00 37 00
2026-07-26T19:00:51.017591,48.910,can0  110  [02]  B2 1A
2026-07-26T19:00:51.113064,49.005,can0  040  [04]  65 01 39 00
2026-07-26T19:00:51.113298,49.005,can0  040  [04]  65 01 39 00
2026-07-26T19:00:51.212376,49.104,can0  070  [20]  14 30 4D 08 67 B9 62 03 38 C7 00 00 00 02 00 00 D2 0F 00 00
2026-07-26T19:00:51.212620,49.105,can0  070  [20]  14 30 4D 08 67 B9 62 03 38 C7 00 00 00 02 00 00 D3 0F 00 00
2026-07-26T19:00:51.312921,49.205,can0  041  [04]  1A 00 3B 00
2026-07-26T19:00:51.315153,49.207,can0  070  [20]  14 30 4D 08 67 B9 62 03 38 C7 00 00 00 02 00 00 D3 0F 00 00
2026-07-26T19:00:51.412446,49.305,can0  040  [04]  66 01 47 00
2026-07-26T19:00:51.412720,49.305,can0  040  [04]  66 01 47 00
2026-07-26T19:00:51.613267,49.505,can0  041  [04]  1A 00 40 00
2026-07-26T19:00:51.614444,49.507,can0  040  [04]  60 01 59 00
2026-07-26T19:00:51.712786,49.605,can0  040  [04]  60 01 59 00
2026-07-26T19:00:51.912461,49.805,can0  070  [20]  14 30 4D 08 67 B9 62 03 38 C7 00 00 00 02 00 00 D3 0F 00 00
2026-07-26T19:00:51.912682,49.805,can0  041  [04]  18 00 42 00
2026-07-26T19:00:51.912866,49.805,can0  100  [03]  25 74 04
2026-07-26T19:00:51.913090,49.805,can0  120  [04]  86 6A 00 00
2026-07-26T19:00:51.913273,49.805,can0  040  [04]  5A 01 61 00
2026-07-26T19:00:51.913522,49.806,can0  070  [20]  14 30 4D 08 67 B9 62 03 38 C7 00 00 00 02 00 00 D3 0F 00 00
2026-07-26T19:00:51.913729,49.806,can0  040  [04]  5A 01 61 00
2026-07-26T19:00:52.112985,50.005,can0  041  [04]  17 00 3F 00
2026-07-26T19:00:52.113158,50.005,can0  132  [00]
2026-07-26T19:00:52.212405,50.104,can0  070  [20]  14 30 4D 08 62 B9 62 03 20 CB 00 00 00 02 00 00 F5 02 00 00
2026-07-26T19:00:52.212664,50.105,can0  040  [04]  56 01 59 00
2026-07-26T19:00:52.212886,50.105,can0  060  [32]  1B FE D5 02 8A C8 4D 08 95 92 63 03 53 00 4B 0B 23 01 80 00 00 00 00 00 03 00 00 00 00 00 00 00
2026-07-26T19:00:52.213107,50.105,can0  060  [32]  00 00 00 00 14 30 4D 08 B6 0E B8 10 04 00 38 09 FF 01 00 00 00 00 00 01 03 00 00 00 00 00 00 00
2026-07-26T19:00:52.213313,50.105,can0  060  [32]  5A 47 D6 02 22 39 4D 08 15 98 63 03 36 00 08 05 FF 01 00 00 00 00 00 02 03 00 00 00 00 00 00 00
2026-07-26T19:00:52.214219,50.106,can0  070  [20]  14 30 4D 08 62 B9 62 03 20 CB 00 00 00 02 00 00 F6 02 00 00
2026-07-26T19:00:52.312537,50.205,can0  070  [20]  14 30 4D 08 62 B9 62 03 20 CB 00 00 00 02 00 00 F6 02 00 00
2026-07-26T19:00:52.312755,50.205,can0  041  [04]  17 00 3C 00
2026-07-26T19:00:52.415896,50.308,can0  040  [04]  57 01 48 00
2026-07-26T19:00:52.512652,50.405,can0  040  [04]  57 01 48 00
2026-07-26T19:00:52.712343,50.604,can0  041  [04]  17 00 3B 00
2026-07-26T19:00:52.712615,50.605,can0  110  [02]  B2 1A
2026-07-26T19:00:52.716358,50.608,can0  040  [04]  5D 01 3A 00
2026-07-26T19:00:52.716543,50.609,can0  060  [32]  00 00 00 00 00 00 00 00 00 00 00 00 00 00 00 00 00 00 00 00 00 00 00 00 00 00 00 00 00 00 00 00
2026-07-26T19:00:52.716629,50.609,can0  040  [04]  5D 01 3A 00
2026-07-26T19:00:52.813045,50.705,can0  060  [32]  D7 93 D6 02 BA 81 4D 08 86 6B 60 03 0B 01 F9 02 4D 00 80 00 00 00 00 00 01 00 00 00 00 00 00 00
2026-07-26T19:00:52.817048,50.709,can0  070  [20]  14 30 4D 08 62 B9 62 03 20 CB 00 00 00 02 00 00 F6 02 00 00
2026-07-26T19:00:52.913133,50.805,can0  041  [04]  1B 00 3B 00
2026-07-26T19:00:52.916663,50.809,can0  070  [20]  14 30 4D 08 62 B9 62 03 20 CB 00 00 00 02 00 00 F6 02 00 00
2026-07-26T19:00:52.916740,50.809,can0  040  [04]  61 01 38 00
2026-07-26T19:00:53.013022,50.905,can0  040  [04]  61 01 38 00
2026-07-26T19:00:53.013215,50.905,can0  100  [03]  25 74 04
2026-07-26T19:00:53.013444,50.906,can0  120  [04]  22 6A 00 00
2026-07-26T19:00:53.212189,51.104,can0  041  [04]  1B 00 3E 00
2026-07-26T19:00:53.212432,51.105,can0  070  [20]  14 30 4D 08 5E B9 62 03 08 CF 00 00 00 02 00 00 0F 04 00 00
2026-07-26T19:00:53.212680,51.105,can0  070  [20]  14 30 4D 08 5E B9 62 03 08 CF 00 00 00 02 00 00 10 04 00 00
2026-07-26T19:00:53.212866,51.105,can0  040  [04]  60 01 46 00
2026-07-26T19:00:53.312722,51.205,can0  070  [20]  14 30 4D 08 5E B9 62 03 08 CF 00 00 00 02 00 00 10 04 00 00
2026-07-26T19:00:53.315972,51.208,can0  040  [04]  60 01 46 00
2026-07-26T19:00:53.415117,51.307,can0  041  [04]  1A 00 40 00
2026-07-26T19:00:53.513120,51.405,can0  040  [04]  5F 01 55 00
2026-07-26T19:00:53.516203,51.408,can0  040  [04]  5F 01 55 00
2026-07-26T19:00:53.713189,51.605,can0  041  [04]  1A 00 42 00
2026-07-26T19:00:53.717528,51.610,can0  040  [04]  5D 01 5C 00
2026-07-26T19:00:53.813015,51.705,can0  070  [20]  14 30 4D 08 5E B9 62 03 08 CF 00 00 00 02 00 00 10 04 00 00
2026-07-26T19:00:53.816738,51.709,can0  040  [04]  5D 01 5C 00
2026-07-26T19:00:53.912932,51.805,can0  070  [20]  14 30 4D 08 5E B9 62 03 08 CF 00 00 00 02 00 00 10 04 00 00
2026-07-26T19:00:53.916139,51.808,can0  041  [04]  1B 00 41 00
2026-07-26T19:00:54.012254,51.904,can0  040  [04]  5F 01 57 00
2026-07-26T19:00:54.114925,52.007,can0  040  [04]  5F 01 57 00
2026-07-26T19:00:54.213385,52.105,can0  070  [20]  12 30 4D 08 58 B9 62 03 F0 D2 00 00 00 02 00 00 76 09 00 00
2026-07-26T19:00:54.213454,52.106,can0  041  [04]  1D 00 3C 00
2026-07-26T19:00:54.213497,52.106,can0  100  [03]  25 74 04
2026-07-26T19:00:54.213713,52.106,can0  070  [20]  12 30 4D 08 58 B9 62 03 F0 D2 00 00 00 02 00 00 77 09 00 00
2026-07-26T19:00:54.213897,52.106,can0  110  [02]  B3 1A
2026-07-26T19:00:54.214100,52.106,can0  120  [04]  40 6A 00 00
2026-07-26T19:00:54.214277,52.106,can0  060  [32]  00 00 00 00 12 30 4D 08 AC 0E B8 10 0D 00 1E 09 FF 01 00 00 00 00 00 00 01 00 00 00 00 00 00 00
2026-07-26T19:00:54.312218,52.204,can0  070  [20]  12 30 4D 08 58 B9 62 03 F0 D2 00 00 00 02 00 00 77 09 00 00
2026-07-26T19:00:54.312436,52.205,can0  040  [04]  63 01 48 00
2026-07-26T19:00:54.312689,52.205,can0  040  [04]  63 01 48 00
2026-07-26T19:00:54.412969,52.305,can0  002  [04]  00 77 01 00
2026-07-26T19:00:54.417288,52.309,can0  041  [04]  1C 00 3B 00
2026-07-26T19:00:54.512342,52.404,can0  040  [04]  05 00 36 00
2026-07-26T19:00:54.615717,52.508,can0  040  [04]  05 00 36 00
2026-07-26T19:00:54.712296,52.604,can0  041  [04]  19 00 3D 00
2026-07-26T19:00:54.812177,52.704,can0  070  [20]  12 30 4D 08 58 B9 62 03 F0 D2 00 00 00 02 00 00 77 09 00 00
2026-07-26T19:00:54.815622,52.708,can0  040  [04]  0C 00 31 00
2026-07-26T19:00:54.913064,52.805,can0  060  [32]  CA D4 E8 05 44 9E 4D 08 8E B9 64 03 00 00 76 00 55 00 80 00 00 00 00 00 03 00 00 00 00 00 00 00
2026-07-26T19:00:54.913289,52.805,can0  060  [32]  5F AE D6 02 B7 2D 4D 08 30 A5 63 03 00 00 1A 09 FF 01 00 00 00 00 00 01 03 00 00 00 00 00 00 00
2026-07-26T19:00:54.913474,52.806,can0  060  [32]  10 A1 A9 08 A4 CE 4D 08 CE 88 63 03 4C 00 18 0B 1A 01 85 00 00 00 00 02 03 00 00 00 00 00 00 00
2026-07-26T19:00:54.914512,52.807,can0  070  [20]  12 30 4D 08 58 B9 62 03 F0 D2 00 00 00 02 00 00 77 09 00 00
2026-07-26T19:00:55.012861,52.905,can0  041  [04]  18 00 40 00
2026-07-26T19:00:55.113163,53.005,can0  040  [04]  0A 00 3C 00
2026-07-26T19:00:55.116567,53.009,can0  040  [04]  0A 00 3C 00
2026-07-26T19:00:55.116627,53.009,can0  070  [20]  12 30 4D 08 56 B9 62 03 D8 D6 00 00 00 02 00 00 AE 04 00 00
2026-07-26T19:00:55.212294,53.104,can0  070  [20]  12 30 4D 08 56 B9 62 03 D8 D6 00 00 00 02 00 00 AE 04 00 00
2026-07-26T19:00:55.215903,53.108,can0  041  [04]  18 00 41 00
2026-07-26T19:00:55.312653,53.205,can0  070  [20]  12 30 4D 08 56 B9 62 03 D8 D6 00 00 00 02 00 00 AE 04 00 00
2026-07-26T19:00:55.314869,53.207,can0  040  [04]  04 00 4A 00
2026-07-26T19:00:55.416070,53.308,can0  002  [04]  00 77 01 00
2026-07-26T19:00:55.416154,53.308,can0  040  [04]  04 00 4A 00
2026-07-26T19:00:55.416197,53.308,can0  100  [03]  24 74 04
2026-07-26T19:00:55.416240,53.308,can0  120  [04]  C2 6A 00 00
2026-07-26T19:00:55.512744,53.405,can0  041  [04]  18 00 42 00
2026-07-26T19:00:55.616231,53.508,can0  040  [04]  67 01 52 00
2026-07-26T19:00:55.616303,53.508,can0  040  [04]  67 01 52 00
2026-07-26T19:00:55.913242,53.805,can0  070  [20]  12 30 4D 08 56 B9 62 03 D8 D6 00 00 00 02 00 00 AE 04 00 00
2026-07-26T19:00:55.913312,53.805,can0  041  [04]  1A 00 42 00
2026-07-26T19:00:55.913356,53.805,can0  110  [02]  B5 1A
2026-07-26T19:00:55.913430,53.806,can0  040  [04]  66 01 4B 00
2026-07-26T19:00:55.913606,53.806,can0  070  [20]  12 30 4D 08 56 B9 62 03 D8 D6 00 00 00 02 00 00 AE 04 00 00
2026-07-26T19:00:55.913693,53.806,can0  040  [04]  66 01 4B 00
2026-07-26T19:00:56.112590,54.005,can0  041  [04]  1E 00 3C 00
2026-07-26T19:00:56.116191,54.008,can0  040  [04]  01 00 40 00
2026-07-26T19:00:56.116244,54.008,can0  070  [20]  0F 30 4D 08 4C B9 62 03 C0 DA 00 00 00 02 00 00 56 13 00 00
2026-07-26T19:00:56.123791,54.016,can0   002  [04]  0d 85 30 10 0
2026-07-26T19:00:56.213199,54.105,can0  040  [04]  01 00 40 00
2026-07-26T19:00:56.213294,54.105,can0  070  [20]  0F 30 4D 08 4C B9 62 03 C0 DA 00 00 00 02 00 00 56 13 00 00
2026-07-26T19:00:56.213392,54.105,can0  002  [04]  D8 53 01 00
2026-07-26T19:00:56.213657,54.106,can0  060  [32]  53 DD D5 02 93 B8 4D 08 E3 1E 64 03 00 00 89 06 FF 01 00 00 00 00 00 00 02 00 00 00 00 00 00 00
2026-07-26T19:00:56.213800,54.106,can0  060  [32]  00 00 00 00 0F 30 4D 08 A1 0E B8 10 1A 00 62 09 FF 01 00 00 00 00 00 01 02 00 00 00 00 00 00 00
2026-07-26T19:00:56.313888,54.206,can0  041  [04]  24 00 38 00
2026-07-26T19:00:56.313984,54.206,can0  070  [20]  0F 30 4D 08 4C B9 62 03 C0 DA 00 00 00 02 00 00 56 13 00 00
2026-07-26T19:00:56.413058,54.305,can0  002  [04]  00 77 01 00
2026-07-26T19:00:56.415276,54.307,can0  040  [04]  0B 00 37 00
2026-07-26T19:00:56.512753,54.405,can0  040  [04]  0B 00 37 00
2026-07-26T19:00:56.713117,54.605,can0  041  [04]  28 00 38 00
2026-07-26T19:00:56.717139,54.609,can0  100  [03]  21 74 04
2026-07-26T19:00:56.717394,54.609,can0  120  [04]  A4 6A 00 00
2026-07-26T19:00:56.717760,54.610,can0  040  [04]  0E 00 3A 00
2026-07-26T19:00:56.718088,54.610,can0  040  [04]  0E 00 3A 00
2026-07-26T19:00:56.718362,54.610,can0  060  [32]  00 00 00 00 00 00 00 00 00 00 00 00 00 00 00 00 00 00 00 00 00 00 00 00 00 00 00 00 00 00 00 00
2026-07-26T19:00:56.813131,54.705,can0  070  [20]  0F 30 4D 08 4C B9 62 03 C0 DA 00 00 00 02 00 00 56 13 00 00
2026-07-26T19:00:56.815540,54.708,can0  041  [04]  23 00 39 00
2026-07-26T19:00:56.914325,54.806,can0  070  [20]  0F 30 4D 08 4C B9 62 03 C0 DA 00 00 00 02 00 00 56 13 00 00
2026-07-26T19:00:56.914395,54.806,can0  040  [04]  09 00 42 00
2026-07-26T19:00:57.013196,54.905,can0  060  [32]  D6 62 D6 02 54 2A 4D 08 50 3A B8 10 00 00 10 0E FF 01 00 00 00 00 00 00 01 00 00 00 00 00 00 00
2026-07-26T19:00:57.013395,54.905,can0  040  [04]  09 00 42 00
2026-07-26T19:00:57.212548,55.105,can0  133  [00]
2026-07-26T19:00:57.212637,55.105,can0  041  [04]  20 00 3A 00
2026-07-26T19:00:57.213068,55.105,can0  070  [20]  11 30 4D 08 4F B9 62 03 A8 DE 00 00 00 02 00 00 C7 0C 00 00
2026-07-26T19:00:57.213117,55.105,can0  070  [20]  11 30 4D 08 4F B9 62 03 A8 DE 00 00 00 02 00 00 C7 0C 00 00
2026-07-26T19:00:57.213161,55.105,can0  040  [04]  03 00 4C 00
2026-07-26T19:00:57.213266,55.105,can0  040  [04]  03 00 4C 00
2026-07-26T19:00:57.317205,55.209,can0  070  [20]  11 30 4D 08 4F B9 62 03 A8 DE 00 00 00 02 00 00 C7 0C 00 00
2026-07-26T19:00:57.413035,55.305,can0  002  [04]  00 77 01 00
2026-07-26T19:00:57.416383,55.308,can0  041  [04]  1F 00 3D 00
2026-07-26T19:00:57.416441,55.309,can0  110  [02]  B5 1A
2026-07-26T19:00:57.515003,55.407,can0  040  [04]  02 00 52 00
2026-07-26T19:00:57.515070,55.407,can0  040  [04]  02 00 52 00
2026-07-26T19:00:57.713026,55.605,can0  041  [04]  20 00 3D 00
2026-07-26T19:00:57.716153,55.608,can0  040  [04]  04 00 51 00
2026-07-26T19:00:57.775280,55.667,can0   002  [04]  02 04 80 10 0
2026-07-26T19:00:57.812567,55.705,can0  070  [20]  11 30 4D 08 4F B9 62 03 A8 DE 00 00 00 02 00 00 C7 0C 00 00
2026-07-26T19:00:57.816971,55.709,can0  040  [04]  04 00 51 00
2026-07-26T19:00:57.817060,55.709,can0  100  [03]  22 74 04
2026-07-26T19:00:57.817152,55.709,can0  120  [04]  EA 6A 00 00
2026-07-26T19:00:57.817235,55.709,can0  002  [04]  20 48 01 00
2026-07-26T19:00:57.912873,55.805,can0  070  [20]  11 30 4D 08 4F B9 62 03 A8 DE 00 00 00 02 00 00 C7 0C 00 00
2026-07-26T19:00:57.916058,55.808,can0  041  [04]  24 00 3C 00
2026-07-26T19:00:58.016179,55.908,can0  040  [04]  0A 00 48 00
2026-07-26T19:00:58.112244,56.004,can0  040  [04]  0A 00 48 00
2026-07-26T19:00:58.115524,56.008,can0  070  [20]  0C 30 4D 08 45 B9 62 03 90 E2 00 00 00 02 00 00 F7 14 00 00
2026-07-26T19:00:58.212926,56.105,can0  041  [04]  22 00 3B 00
2026-07-26T19:00:58.213163,56.105,can0  070  [20]  0C 30 4D 08 45 B9 62 03 90 E2 00 00 00 02 00 00 F7 14 00 00
2026-07-26T19:00:58.315361,56.207,can0  060  [32]  00 00 00 00 0C 30 4D 08 9A 0E B8 10 1C 00 E1 09 FF 01 00 00 00 00 00 00 01 00 00 00 00 00 00 00
2026-07-26T19:00:58.315432,56.208,can0  040  [04]  0F 00 43 00
2026-07-26T19:00:58.315476,56.208,can0  070  [20]  0C 30 4D 08 45 B9 62 03 90 E2 00 00 00 02 00 00 F7 14 00 00
2026-07-26T19:00:58.315521,56.208,can0  040  [04]  0F 00 43 00
2026-07-26T19:00:58.412878,56.305,can0  002  [04]  00 77 01 00
2026-07-26T19:00:58.413077,56.305,can0  041  [04]  21 00 3B 00
2026-07-26T19:00:58.512526,56.405,can0  040  [04]  0B 00 47 00
2026-07-26T19:00:58.623346,56.515,can0  040  [04]  0B 00 47 00
2026-07-26T19:00:58.716628,56.609,can0  041  [04]  20 00 3A 00
2026-07-26T19:00:58.812409,56.704,can0  060  [32]  00 00 00 00 00 00 00 00 00 00 00 00 00 00 00 00 00 00 00 00 00 00 00 00 00 00 00 00 00 00 00 00
2026-07-26T19:00:58.812705,56.705,can0  070  [20]  0C 30 4D 08 45 B9 62 03 90 E2 00 00 00 02 00 00 F7 14 00 00
2026-07-26T19:00:58.816144,56.708,can0  040  [04]  07 00 4D 00
2026-07-26T19:00:58.816211,56.708,can0  040  [04]  07 00 4D 00
2026-07-26T19:00:58.912715,56.805,can0  070  [20]  0C 30 4D 08 45 B9 62 03 90 E2 00 00 00 02 00 00 F7 14 00 00
2026-07-26T19:00:59.012942,56.905,can0  041  [04]  20 00 3C 00
2026-07-26T19:00:59.013153,56.905,can0  100  [03]  23 74 04
2026-07-26T19:00:59.013700,56.906,can0  110  [02]  B4 1A
2026-07-26T19:00:59.013746,56.906,can0  120  [04]  B8 6A 00 00
2026-07-26T19:00:59.013784,56.906,can0  040  [04]  04 00 55 00
2026-07-26T19:00:59.112272,57.004,can0  040  [04]  04 00 55 00
2026-07-26T19:00:59.115747,57.008,can0  070  [20]  0A 30 4D 08 47 B9 62 03 78 E6 00 00 00 02 00 00 2C 09 00 00
2026-07-26T19:00:59.212741,57.105,can0  070  [20]  0A 30 4D 08 47 B9 62 03 78 E6 00 00 00 02 00 00 2D 09 00 00
2026-07-26T19:00:59.216259,57.108,can0  041  [04]  22 00 3B 00
2026-07-26T19:00:59.312777,57.205,can0  070  [20]  0A 30 4D 08 47 B9 62 03 78 E6 00 00 00 02 00 00 2D 09 00 00
2026-07-26T19:00:59.313029,57.205,can0  060  [32]  00 00 00 00 00 00 00 00 00 00 00 00 00 00 00 00 00 00 00 00 00 00 00 00 00 00 00 00 00 00 00 00
2026-07-26T19:00:59.313224,57.205,can0  060  [32]  00 00 00 00 0A 30 4D 08 9C 0E B8 10 0C 00 84 08 FF 01 00 00 00 00 00 00 01 00 00 00 00 00 00 00
2026-07-26T19:00:59.314031,57.206,can0  040  [04]  03 00 57 00
2026-07-26T19:00:59.388926,57.281,can0   002  [04]  0d 85 30 10 0
2026-07-26T19:00:59.413072,57.305,can0  002  [04]  00 77 01 00
2026-07-26T19:00:59.416547,57.309,can0  040  [04]  03 00 57 00
2026-07-26T19:00:59.512982,57.405,can0  002  [04]  D8 53 01 00
2026-07-26T19:00:59.516606,57.409,can0  041  [04]  21 00 39 00
2026-07-26T19:00:59.612598,57.505,can0  040  [04]  03 00 52 00
2026-07-26T19:00:59.616085,57.508,can0  040  [04]  03 00 52 00
2026-07-26T19:00:59.814943,57.707,can0  070  [20]  0A 30 4D 08 47 B9 62 03 78 E6 00 00 00 02 00 00 2D 09 00 00
2026-07-26T19:00:59.815022,57.707,can0  041  [04]  22 00 3A 00
2026-07-26T19:00:59.913064,57.805,can0  040  [04]  04 00 47 00
2026-07-26T19:00:59.916613,57.809,can0  070  [20]  0A 30 4D 08 47 B9 62 03 78 E6 00 00 00 02 00 00 2D 09 00 00
2026-07-26T19:00:59.916693,57.809,can0  040  [04]  04 00 47 00
2026-07-26T19:01:00.012977,57.905,can0  041  [04]  25 00 39 00
2026-07-26T19:01:00.013346,57.905,can0  060  [32]  2A FA E8 05 CE 6D 4D 08 3E 27 62 03 01 00 11 09 3F 00 83 00 00 00 00 00 02 00 00 00 00 00 00 00
2026-07-26T19:01:00.013401,57.905,can0  060  [32]  5B DD D5 02 8F B7 4D 08 8D 1E 64 03 00 00 57 0C FF 01 00 00 00 00 00 01 02 00 00 00 00 00 00 00
2026-07-26T19:01:00.112756,58.005,can0  040  [04]  06 00 40 00
2026-07-26T19:01:00.113949,58.006,can0  070  [20]  05 30 4D 08 3F B9 62 03 00 00 00 00 01 02 00 00 98 12 00 00
2026-07-26T19:01:00.213012,58.105,can0  040  [04]  06 00 40 00
2026-07-26T19:01:00.214154,58.106,can0  100  [03]  23 74 04
2026-07-26T19:01:00.214260,58.106,can0  070  [20]  05 30 4D 08 3F B9 62 03 00 00 00 00 01 02 00 00 97 12 00 00
2026-07-26T19:01:00.214334,58.106,can0  120  [04]  C2 6A 00 00
2026-07-26T19:01:00.316266,58.208,can0  070  [20]  05 30 4D 08 3F B9 62 03 00 00 00 00 01 02 00 00 97 12 00 00
2026-07-26T19:01:00.316350,58.208,can0  041  [04]  28 00 3E 00
2026-07-26T19:01:00.412460,58.305,can0  002  [04]  00 77 01 00
2026-07-26T19:01:00.412768,58.305,can0  040  [04]  06 00 44 00
2026-07-26T19:01:00.413012,58.305,can0  040  [04]  06 00 44 00
2026-07-26T19:01:00.612454,58.505,can0  041  [04]  26 00 42 00
2026-07-26T19:01:00.612717,58.505,can0  110  [02]  B2 1A
2026-07-26T19:01:00.616252,58.508,can0  040  [04]  06 00 4A 00
2026-07-26T19:01:00.712737,58.605,can0  040  [04]  06 00 4A 00
2026-07-26T19:01:00.812777,58.705,can0  070  [20]  05 30 4D 08 3F B9 62 03 00 00 00 00 01 02 00 00 97 12 00 00
2026-07-26T19:01:00.813036,58.705,can0  041  [04]  29 00 48 00
2026-07-26T19:01:00.912363,58.804,can0  070  [20]  05 30 4D 08 3F B9 62 03 00 00 00 00 01 02 00 00 97 12 00 00
2026-07-26T19:01:00.915822,58.808,can0  040  [04]  05 00 50 00
2026-07-26T19:01:01.012943,58.905,can0  040  [04]  05 00 50 00
2026-07-26T19:01:01.212559,59.105,can0  041  [04]  2B 00 4A 00
2026-07-26T19:01:01.212847,59.105,can0  070  [20]  05 30 4D 08 42 B9 62 03 E8 03 00 00 01 02 00 00 CF 0A 00 00
2026-07-26T19:01:01.213091,59.105,can0  070  [20]  05 30 4D 08 42 B9 62 03 E8 03 00 00 01 02 00 00 CF 0A 00 00
2026-07-26T19:01:01.216709,59.109,can0  040  [04]  06 00 55 00
2026-07-26T19:01:01.216784,59.109,can0  040  [04]  06 00 55 00
2026-07-26T19:01:01.312452,59.205,can0  070  [20]  05 30 4D 08 42 B9 62 03 E8 03 00 00 01 02 00 00 CF 0A 00 00
2026-07-26T19:01:01.312636,59.205,can0  060  [32]  00 00 00 00 05 30 4D 08 97 0E B8 10 0E 00 90 06 FF 01 00 00 00 00 00 00 01 00 00 00 00 00 00 00
2026-07-26T19:01:01.412984,59.305,can0  002  [04]  00 77 01 00
2026-07-26T19:01:01.413446,59.306,can0  041  [04]  29 00 49 00
2026-07-26T19:01:01.413527,59.306,can0  100  [03]  23 74 04
2026-07-26T19:01:01.413600,59.306,can0  120  [04]  E6 69 00 00
2026-07-26T19:01:01.513195,59.405,can0  040  [04]  08 00 4E 00
2026-07-26T19:01:01.516680,59.409,can0  040  [04]  08 00 4E 00
2026-07-26T19:01:01.712558,59.605,can0  041  [04]  27 00 48 00
2026-07-26T19:01:01.712743,59.605,can0  040  [04]  0E 00 43 00
2026-07-26T19:01:01.812767,59.705,can0  070  [20]  05 30 4D 08 42 B9 62 03 E8 03 00 00 01 02 00 00 CF 0A 00 00
2026-07-26T19:01:01.813008,59.705,can0  040  [04]  0E 00 43 00
2026-07-26T19:01:02.012898,59.905,can0  070  [20]  05 30 4D 08 42 B9 62 03 E8 03 00 00 01 02 00 00 CF 0A 00 00
2026-07-26T19:01:02.013165,59.905,can0  041  [04]  28 00 46 00
2026-07-26T19:01:02.013423,59.905,can0  040  [04]  13 00 3B 00
2026-07-26T19:01:02.013631,59.906,can0  132  [00]
2026-07-26T19:01:02.013821,59.906,can0  040  [04]  13 00 3B 00
2026-07-26T19:01:02.212317,60.104,can0  070  [20]  02 30 4D 08 3A B9 62 03 D0 07 00 00 01 02 00 00 0E 13 00 00
2026-07-26T19:01:02.212596,60.105,can0  041  [04]  2A 00 47 00
2026-07-26T19:01:02.212857,60.105,can0  070  [20]  02 30 4D 08 3A B9 62 03 D0 07 00 00 01 02 00 00 0E 13 00 00
2026-07-26T19:01:02.213086,60.105,can0  110  [02]  B3 1A
2026-07-26T19:01:02.213384,60.105,can0  040  [04]  12 00 3B 00
2026-07-26T19:01:02.312365,60.204,can0  070  [20]  02 30 4D 08 3A B9 62 03 D0 07 00 00 01 02 00 00 0E 13 00 00
2026-07-26T19:01:02.312684,60.205,can0  060  [32]  5A 47 D6 02 7F 38 4D 08 36 99 63 03 36 00 27 05 FF 01 00 00 00 00 00 00 02 00 00 00 00 00 00 00
2026-07-26T19:01:02.312847,60.205,can0  060  [32]  00 00 00 00 02 30 4D 08 8E 0E B8 10 1A 00 9D 08 FF 01 00 00 00 00 00 01 02 00 00 00 00 00 00 00
2026-07-26T19:01:02.313601,60.206,can0  040  [04]  12 00 3B 00
2026-07-26T19:01:02.412636,60.305,can0  002  [04]  00 77 01 00
2026-07-26T19:01:02.412879,60.305,can0  041  [04]  2C 00 4B 00
2026-07-26T19:01:02.513027,60.405,can0  040  [04]  09 00 44 00
2026-07-26T19:01:02.613031,60.505,can0  040  [04]  09 00 44 00
2026-07-26T19:01:02.613257,60.505,can0  100  [03]  23 74 04
2026-07-26T19:01:02.617127,60.509,can0  120  [04]  F0 69 00 00
2026-07-26T19:01:02.716130,60.608,can0  041  [04]  2C 00 4E 00
2026-07-26T19:01:02.812737,60.705,can0  070  [20]  02 30 4D 08 3A B9 62 03 D0 07 00 00 01 02 00 00 0E 13 00 00
2026-07-26T19:01:02.812982,60.705,can0  040  [04]  04 00 55 00
2026-07-26T19:01:02.817406,60.709,can0  040  [04]  04 00 55 00
2026-07-26T19:01:02.912658,60.805,can0  060  [32]  1B FE D5 02 16 C9 4D 08 08 90 63 03 53 00 35 0B 20 01 01 00 00 00 00 00 03 00 00 00 00 00 00 00
2026-07-26T19:01:02.912896,60.805,can0  060  [32]  8D 05 D6 02 0C 86 4D 08 9B 51 65 03 00 00 2D 01 B1 00 80 00 00 00 00 01 03 00 00 00 00 00 00 00
2026-07-26T19:01:02.913084,60.805,can0  060  [32]  5F AE D6 02 B7 2D 4D 08 30 A5 63 03 00 00 1A 09 FF 01 00 00 00 00 00 02 03 00 00 00 00 00 00 00
2026-07-26T19:01:02.914223,60.806,can0  070  [20]  02 30 4D 08 3A B9 62 03 D0 07 00 00 01 02 00 00 0E 13 00 00
2026-07-26T19:01:03.012946,60.905,can0  041  [04]  2E 00 4F 00
2026-07-26T19:01:03.018450,60.911,can0  040  [04]  01 00 58 00
2026-07-26T19:01:03.112765,61.005,can0  040  [04]  01 00 58 00
2026-07-26T19:01:03.117146,61.009,can0  070  [20]  03 30 4D 08 38 B9 62 03 B8 0B 00 00 01 02 00 00 EC 06 00 00
2026-07-26T19:01:03.212271,61.104,can0  070  [20]  03 30 4D 08 38 B9 62 03 B8 0B 00 00 01 02 00 00 ED 06 00 00
2026-07-26T19:01:03.212527,61.105,can0  041  [04]  31 00 4B 00
2026-07-26T19:01:03.312490,61.205,can0  070  [20]  03 30 4D 08 38 B9 62 03 B8 0B 00 00 01 02 00 00 ED 06 00 00
2026-07-26T19:01:03.312796,61.205,can0  040  [04]  02 00 4C 00
2026-07-26T19:01:03.412470,61.305,can0  002  [04]  00 77 01 00
2026-07-26T19:01:03.412764,61.305,can0  040  [04]  02 00 4C 00
2026-07-26T19:01:03.516796,61.409,can0  041  [04]  35 00 46 00
2026-07-26T19:01:03.612992,61.505,can0  040  [04]  08 00 3F 00
2026-07-26T19:01:03.613208,61.505,can0  040  [04]  08 00 3F 00
2026-07-26T19:01:03.739777,61.632,can0   002  [04]  02 04 80 10 0
2026-07-26T19:01:03.812643,61.705,can0  041  [04]  32 00 47 00
2026-07-26T19:01:03.812730,61.705,can0  070  [20]  03 30 4D 08 38 B9 62 03 B8 0B 00 00 01 02 00 00 ED 06 00 00
2026-07-26T19:01:03.813164,61.705,can0  100  [03]  23 74 04
2026-07-26T19:01:03.813208,61.705,can0  110  [02]  B1 1A
2026-07-26T19:01:03.813253,61.705,can0  120  [04]  BE 69 00 00
2026-07-26T19:01:03.813389,61.705,can0  002  [04]  20 48 01 00
2026-07-26T19:01:03.813616,61.706,can0  040  [04]  11 00 3C 00
2026-07-26T19:01:03.912437,61.805,can0  070  [20]  03 30 4D 08 38 B9 62 03 B8 0B 00 00 01 02 00 00 ED 06 00 00
2026-07-26T19:01:03.916789,61.809,can0  040  [04]  11 00 3C 00
2026-07-26T19:01:04.012857,61.905,can0  041  [04]  32 00 4C 00
2026-07-26T19:01:04.112719,62.005,can0  040  [04]  11 00 45 00
2026-07-26T19:01:04.112939,62.005,can0  070  [20]  02 30 4D 08 35 B9 62 03 A0 0F 00 00 01 02 00 00 8B 05 00 00
2026-07-26T19:01:04.212929,62.105,can0  070  [20]  02 30 4D 08 35 B9 62 03 A0 0F 00 00 01 02 00 00 8A 05 00 00
2026-07-26T19:01:04.213130,62.105,can0  040  [04]  11 00 45 00
2026-07-26T19:01:04.312155,62.204,can0  070  [20]  02 30 4D 08 35 B9 62 03 A0 0F 00 00 01 02 00 00 8A 05 00 00
2026-07-26T19:01:04.312382,62.204,can0  041  [04]  31 00 4E 00
2026-07-26T19:01:04.312580,62.205,can0  060  [32]  00 00 00 00 02 30 4D 08 89 0E B8 10 07 00 4E 09 FF 01 00 00 00 00 00 00 01 00 00 00 00 00 00 00
2026-07-26T19:01:04.412150,62.304,can0  002  [04]  00 77 01 00
2026-07-26T19:01:04.412426,62.305,can0  040  [04]  0C 00 54 00
2026-07-26T19:01:04.412649,62.305,can0  040  [04]  0C 00 54 00
2026-07-26T19:01:04.515755,62.408,can0  041  [04]  30 00 4D 00
2026-07-26T19:01:04.615842,62.508,can0  040  [04]  09 00 5F 00
2026-07-26T19:01:04.712580,62.605,can0  040  [04]  09 00 5F 00
2026-07-26T19:01:04.812532,62.705,can0  070  [20]  02 30 4D 08 35 B9 62 03 A0 0F 00 00 01 02 00 00 8A 05 00 00
2026-07-26T19:01:04.812786,62.705,can0  041  [04]  30 00 4A 00
2026-07-26T19:01:04.829554,62.722,can0   002  [04]  06 83 c0 10 0
2026-07-26T19:01:04.913063,62.805,can0  070  [20]  02 30 4D 08 35 B9 62 03 A0 0F 00 00 01 02 00 00 8A 05 00 00
2026-07-26T19:01:04.913229,62.805,can0  002  [04]  68 3C 01 00
2026-07-26T19:01:04.913487,62.806,can0  040  [04]  0A 00 60 00
2026-07-26T19:01:04.913723,62.806,can0  040  [04]  0A 00 60 00
2026-07-26T19:01:05.012862,62.905,can0  100  [03]  22 74 04
2026-07-26T19:01:05.013052,62.905,can0  120  [04]  AA 69 00 00
2026-07-26T19:01:05.112297,63.004,can0  041  [04]  30 00 4A 00
2026-07-26T19:01:05.112558,63.005,can0  070  [20]  00 30 4D 08 30 B9 62 03 88 13 00 00 01 02 00 00 1D 06 00 00
2026-07-26T19:01:05.213109,63.105,can0  070  [20]  00 30 4D 08 30 B9 62 03 88 13 00 00 01 02 00 00 1E 06 00 00
2026-07-26T19:01:05.213374,63.105,can0  040  [04]  0C 00 55 00
2026-07-26T19:01:05.213608,63.106,can0  040  [04]  0C 00 55 00
2026-07-26T19:01:05.312740,63.205,can0  070  [20]  00 30 4D 08 30 B9 62 03 88 13 00 00 01 02 00 00 1E 06 00 00
2026-07-26T19:01:05.313010,63.205,can0  041  [04]  31 00 4C 00
2026-07-26T19:01:05.412781,63.305,can0  060  [32]  53 DD D5 02 95 B8 4D 08 E7 1E 64 03 01 00 55 05 FF 01 00 00 00 00 00 00 02 00 00 00 00 00 00 00
2026-07-26T19:01:05.412964,63.305,can0  060  [32]  00 00 00 00 00 30 4D 08 84 0E B8 10 08 00 91 09 FF 01 00 00 00 00 00 01 02 00 00 00 00 00 00 00
2026-07-26T19:01:05.413661,63.306,can0  002  [04]  00 77 01 00
2026-07-26T19:01:05.413913,63.306,can0  110  [02]  B2 1A
2026-07-26T19:01:05.414180,63.306,can0  040  [04]  12 00 4A 00
2026-07-26T19:01:05.516772,63.409,can0  040  [04]  12 00 4A 00
2026-07-26T19:01:05.612875,63.505,can0  041  [04]  31 00 50 00
2026-07-26T19:01:05.712301,63.604,can0  001  [05]  00 00 00 00 40
2026-07-26T19:01:05.717429,63.610,can0  040  [04]  15 00 48 00
2026-07-26T19:01:05.816297,63.708,can0  070  [20]  00 30 4D 08 30 B9 62 03 88 13 00 00 01 02 00 00 1E 06 00 00
2026-07-26T19:01:05.816376,63.708,can0  040  [04]  15 00 48 00
2026-07-26T19:01:05.818782,63.711,can0   002  [04]  02 04 80 10 0
2026-07-26T19:01:05.913004,63.805,can0  070  [20]  00 30 4D 08 30 B9 62 03 88 13 00 00 01 02 00 00 1E 06 00 00
2026-07-26T19:01:05.916523,63.809,can0  041  [04]  30 00 53 00
2026-07-26T19:01:05.916609,63.809,can0  002  [04]  20 48 01 00
2026-07-26T19:01:06.016421,63.908,can0  040  [04]  10 00 4B 00
2026-07-26T19:01:06.016494,63.909,can0  040  [04]  10 00 4B 00
2026-07-26T19:01:06.212291,64.104,can0  070  [20]  00 30 4D 08 31 B9 62 03 70 17 00 00 01 02 00 00 49 03 00 00
2026-07-26T19:01:06.212637,64.105,can0  041  [04]  31 00 55 00
2026-07-26T19:01:06.213133,64.105,can0  070  [20]  00 30 4D 08 31 B9 62 03 70 17 00 00 01 02 00 00 49 03 00 00
2026-07-26T19:01:06.213217,64.105,can0  100  [03]  22 74 04
2026-07-26T19:01:06.213299,64.105,can0  120  [04]  A0 69 00 00
2026-07-26T19:01:06.213424,64.105,can0  040  [04]  0C 00 54 00
2026-07-26T19:01:06.312664,64.205,can0  070  [20]  00 30 4D 08 31 B9 62 03 70 17 00 00 01 02 00 00 49 03 00 00
2026-07-26T19:01:06.316546,64.209,can0  040  [04]  0C 00 54 00
2026-07-26T19:01:06.412169,64.304,can0  002  [04]  90 5F 01 00
2026-07-26T19:01:06.412509,64.305,can0  060  [32]  5A 06 D6 02 E5 45 4D 08 54 1D B8 10 2F 00 4D 02 FF 01 00 00 00 00 00 00 02 00 00 00 00 00 00 00
2026-07-26T19:01:06.413499,64.306,can0  060  [32]  00 00 00 00 00 30 4D 08 86 0E B8 10 04 00 AE 08 FF 01 00 00 00 00 00 01 02 00 00 00 00 00 00 00
2026-07-26T19:01:06.413732,64.306,can0  041  [04]  31 00 56 00
2026-07-26T19:01:06.512878,64.405,can0  040  [04]  0A 00 5A 00
2026-07-26T19:01:06.516340,64.408,can0  040  [04]  0A 00 5A 00
2026-07-26T19:01:06.712915,64.605,can0  041  [04]  32 00 57 00
2026-07-26T19:01:06.813037,64.705,can0  070  [20]  00 30 4D 08 31 B9 62 03 70 17 00 00 01 02 00 00 49 03 00 00
2026-07-26T19:01:06.817174,64.709,can0  040  [04]  0B 00 5C 00
2026-07-26T19:01:06.817422,64.709,can0  040  [04]  0B 00 5C 00
2026-07-26T19:01:06.817655,64.710,can0  060  [32]  00 00 00 00 00 00 00 00 00 00 00 00 00 00 00 00 00 00 00 00 00 00 00 00 00 00 00 00 00 00 00 00
2026-07-26T19:01:06.871601,64.764,can0   002  [04]  0d 85 30 10 0
2026-07-26T19:01:06.912452,64.805,can0  070  [20]  00 30 4D 08 31 B9 62 03 70 17 00 00 01 02 00 00 49 03 00 00
2026-07-26T19:01:06.912753,64.805,can0  060  [32]  5A F1 E8 05 50 88 4D 08 EA 09 62 03 01 00 22 06 4D 00 7C 00 00 00 00 00 01 00 00 00 00 00 00 00
2026-07-26T19:01:06.913684,64.806,can0  002  [04]  D8 53 01 00
2026-07-26T19:01:06.913740,64.806,can0  041  [04]  37 00 56 00
2026-07-26T19:01:07.016316,64.908,can0  110  [02]  B3 1A
2026-07-26T19:01:07.016385,64.908,can0  133  [00]
2026-07-26T19:01:07.016427,64.908,can0  040  [04]  0F 00 53 00
2026-07-26T19:01:07.112684,65.005,can0  040  [04]  0F 00 53 00
2026-07-26T19:01:07.116300,65.008,can0  070  [20]  FD 2F 4D 08 2E B9 62 03 58 1B 00 00 01 02 00 00 FE 09 00 00
2026-07-26T19:01:07.215093,65.107,can0  070  [20]  FD 2F 4D 08 2E B9 62 03 58 1B 00 00 01 02 00 00 FE 09 00 00
2026-07-26T19:01:07.215160,65.107,can0  041  [04]  38 00 54 00
2026-07-26T19:01:07.312382,65.204,can0  070  [20]  FD 2F 4D 08 2E B9 62 03 58 1B 00 00 01 02 00 00 FE 09 00 00
2026-07-26T19:01:07.312698,65.205,can0  040  [04]  17 00 4C 00
2026-07-26T19:01:07.312824,65.205,can0  002  [04]  90 5F 01 00
2026-07-26T19:01:07.412975,65.305,can0  040  [04]  17 00 4C 00
2026-07-26T19:01:07.416657,65.309,can0  100  [03]  21 74 04
2026-07-26T19:01:07.416731,65.309,can0  120  [04]  AA 69 00 00
2026-07-26T19:01:07.512909,65.405,can0  041  [04]  37 00 54 00
2026-07-26T19:01:07.612435,65.505,can0  040  [04]  1C 00 4A 00
2026-07-26T19:01:07.612660,65.505,can0  040  [04]  1C 00 4A 00
2026-07-26T19:01:07.669335,65.561,can0   002  [04]  09 05 f0 10 0
2026-07-26T19:01:07.712748,65.605,can0  001  [05]  00 00 00 00 40
2026-07-26T19:01:07.712978,65.605,can0  002  [04]  90 5F 01 00
2026-07-26T19:01:07.713239,65.605,can0  041  [04]  35 00 53 00
2026-07-26T19:01:07.812634,65.705,can0  070  [20]  FD 2F 4D 08 2E B9 62 03 58 1B 00 00 01 02 00 00 FE 09 00 00
2026-07-26T19:01:07.812729,65.705,can0  040  [04]  17 00 4D 00
2026-07-26T19:01:07.912585,65.805,can0  070  [20]  FD 2F 4D 08 2E B9 62 03 58 1B 00 00 01 02 00 00 FE 09 00 00
2026-07-26T19:01:07.912825,65.805,can0  040  [04]  17 00 4D 00
2026-07-26T19:01:08.112869,66.005,can0  041  [04]  35 00 53 00
2026-07-26T19:01:08.113090,66.005,can0  040  [04]  0F 00 53 00
2026-07-26T19:01:08.113611,66.006,can0  070  [20]  FE 2F 4D 08 30 B9 62 03 40 1F 00 00 01 02 00 00 16 09 00 00
2026-07-26T19:01:08.168016,66.060,can0   002  [04]  04 86 b0 10 0
2026-07-26T19:01:08.212332,66.104,can0  070  [20]  FE 2F 4D 08 30 B9 62 03 40 1F 00 00 01 02 00 00 16 09 00 00
2026-07-26T19:01:08.212654,66.105,can0  040  [04]  0F 00 53 00
2026-07-26T19:01:08.212847,66.105,can0  002  [04]  48 6B 01 00
2026-07-26T19:01:08.236051,66.128,can0   002  [04]  04 86 b0 10 0
2026-07-26T19:01:08.308187,66.200,can0   002  [04]  04 86 b0 10 0
2026-07-26T19:01:08.312438,66.205,can0  070  [20]  FE 2F 4D 08 30 B9 62 03 40 1F 00 00 01 02 00 00 16 09 00 00
2026-07-26T19:01:08.312734,66.205,can0  041  [04]  37 00 50 00
2026-07-26T19:01:08.312925,66.205,can0  002  [04]  48 6B 01 00
2026-07-26T19:01:08.377294,66.269,can0   002  [04]  04 86 b0 10 0
2026-07-26T19:01:08.413943,66.306,can0  040  [04]  0D 00 58 00
2026-07-26T19:01:08.414007,66.306,can0  002  [04]  90 5F 01 00
2026-07-26T19:01:08.414089,66.306,can0  002  [04]  48 6B 01 00
2026-07-26T19:01:08.414175,66.306,can0  060  [32]  00 00 00 00 FE 2F 4D 08 84 0E B8 10 0C 00 87 0B FF 01 00 00 00 00 00 00 01 00 00 00 00 00 00 00
2026-07-26T19:01:08.414259,66.306,can0  040  [04]  0D 00 58 00
2026-07-26T19:01:08.418535,66.311,can0  002  [04]  48 6B 01 00
2026-07-26T19:01:08.444361,66.336,can0   002  [04]  04 86 b0 10 0
2026-07-26T19:01:08.506742,66.399,can0   002  [04]  04 86 b0 10 0
2026-07-26T19:01:08.513069,66.405,can0  002  [04]  48 6B 01 00
2026-07-26T19:01:08.516707,66.409,can0  041  [04]  39 00 4B 00
2026-07-26T19:01:08.578496,66.471,can0   002  [04]  04 86 b0 10 0
2026-07-26T19:01:08.612983,66.505,can0  002  [04]  48 6B 01 00
2026-07-26T19:01:08.613232,66.505,can0  100  [03]  22 74 04
2026-07-26T19:01:08.613451,66.506,can0  110  [02]  B2 1A
2026-07-26T19:01:08.613682,66.506,can0  120  [04]  AA 69 00 00
2026-07-26T19:01:08.613923,66.506,can0  040  [04]  0F 00 56 00
2026-07-26T19:01:08.614125,66.506,can0  002  [04]  48 6B 01 00
2026-07-26T19:01:08.713014,66.605,can0  040  [04]  0F 00 56 00
2026-07-26T19:01:08.812968,66.705,can0  070  [20]  FE 2F 4D 08 30 B9 62 03 40 1F 00 00 01 02 00 00 16 09 00 00
2026-07-26T19:01:08.816919,66.709,can0  041  [04]  3D 00 49 00
2026-07-26T19:01:08.912517,66.805,can0  070  [20]  FE 2F 4D 08 30 B9 62 03 40 1F 00 00 01 02 00 00 16 09 00 00
2026-07-26T19:01:08.912824,66.805,can0  040  [04]  10 00 50 00
2026-07-26T19:01:08.913068,66.805,can0  040  [04]  10 00 50 00
2026-07-26T19:01:08.938189,66.830,can0   002  [04]  09 05 f0 10 0
2026-07-26T19:01:09.012724,66.905,can0  002  [04]  90 5F 01 00
2026-07-26T19:01:09.013091,66.905,can0  060  [32]  30 7B D6 02 1E B5 4D 08 F8 1D 64 03 00 00 05 0A 59 00 80 00 00 00 00 00 03 00 00 00 00 00 00 00
2026-07-26T19:01:09.013141,66.905,can0  060  [32]  5B DD D5 02 8F B7 4D 08 8D 1E 64 03 00 00 A2 0C FF 01 00 00 00 00 00 01 03 00 00 00 00 00 00 00
2026-07-26T19:01:09.013324,66.905,can0  060  [32]  74 5E 11 00 5E B0 4D 08 60 DB 63 03 4A 00 D1 0B 30 01 86 00 00 00 00 02 03 00 00 00 00 00 00 00
2026-07-26T19:01:09.112648,67.005,can0  041  [04]  3E 00 46 00
2026-07-26T19:01:09.115070,67.007,can0  070  [20]  FD 2F 4D 08 2B B9 62 03 28 23 00 00 01 02 00 00 C9 0A 00 00
2026-07-26T19:01:09.213250,67.105,can0  070  [20]  FD 2F 4D 08 2B B9 62 03 28 23 00 00 01 02 00 00 CA 0A 00 00
2026-07-26T19:01:09.213529,67.106,can0  040  [04]  0F 00 51 00
2026-07-26T19:01:09.213770,67.106,can0  040  [04]  0F 00 51 00
2026-07-26T19:01:09.312888,67.205,can0  070  [20]  FD 2F 4D 08 2B B9 62 03 28 23 00 00 01 02 00 00 CA 0A 00 00
2026-07-26T19:01:09.313101,67.205,can0  041  [04]  3C 00 49 00
2026-07-26T19:01:09.313293,67.205,can0  002  [04]  90 5F 01 00
2026-07-26T19:01:09.416240,67.308,can0  040  [04]  0E 00 56 00
2026-07-26T19:01:09.514465,67.407,can0  040  [04]  0E 00 56 00
2026-07-26T19:01:09.612854,67.505,can0  041  [04]  38 00 4C 00
2026-07-26T19:01:09.713009,67.605,can0  001  [05]  00 00 00 00 40
2026-07-26T19:01:09.715228,67.607,can0  040  [04]  0E 00 5E 00
2026-07-26T19:01:09.721518,67.614,can0   002  [04]  0d 85 30 10 0
2026-07-26T19:01:09.812682,67.705,can0  070  [20]  FD 2F 4D 08 2B B9 62 03 28 23 00 00 01 02 00 00 CA 0A 00 00
2026-07-26T19:01:09.812812,67.705,can0  040  [04]  0E 00 5E 00
2026-07-26T19:01:09.813072,67.705,can0  100  [03]  1F 74 04
2026-07-26T19:01:09.813271,67.705,can0  120  [04]  BE 69 00 00
2026-07-26T19:01:09.813454,67.706,can0  002  [04]  D8 53 01 00
2026-07-26T19:01:09.915337,67.807,can0  041  [04]  38 00 4E 00
2026-07-26T19:01:09.915409,67.807,can0  070  [20]  FD 2F 4D 08 2B B9 62 03 28 23 00 00 01 02 00 00 CA 0A 00 00
2026-07-26T19:01:10.016563,67.909,can0  040  [04]  0F 00 63 00
2026-07-26T19:01:10.016639,67.909,can0  040  [04]  0F 00 63 00
2026-07-26T19:01:10.213271,68.105,can0  070  [20]  FB 2F 4D 08 2B B9 62 03 10 27 00 00 01 02 00 00 11 04 00 00
2026-07-26T19:01:10.213342,68.105,can0  041  [04]  3B 00 4C 00
2026-07-26T19:01:10.213389,68.105,can0  070  [20]  FB 2F 4D 08 2B B9 62 03 10 27 00 00 01 02 00 00 11 04 00 00
2026-07-26T19:01:10.213566,68.106,can0  110  [02]  B2 1A
2026-07-26T19:01:10.218586,68.111,can0  040  [04]  11 00 63 00
2026-07-26T19:01:10.313276,68.205,can0  070  [20]  FB 2F 4D 08 2B B9 62 03 10 27 00 00 01 02 00 00 11 04 00 00
2026-07-26T19:01:10.313502,68.206,can0  040  [04]  11 00 63 00
2026-07-26T19:01:10.313699,68.206,can0  002  [04]  90 5F 01 00
2026-07-26T19:01:10.417141,68.309,can0  041  [04]  3B 00 47 00
2026-07-26T19:01:10.417219,68.309,can0  060  [32]  00 00 00 00 FB 2F 4D 08 7F 0E B8 10 05 00 43 09 FF 01 00 00 00 00 00 00 01 00 00 00 00 00 00 00
2026-07-26T19:01:10.512408,68.404,can0  040  [04]  15 00 5C 00
2026-07-26T19:01:10.512479,68.405,can0  040  [04]  15 00 5C 00
2026-07-26T19:01:10.716916,68.609,can0  041  [04]  3B 00 43 00
2026-07-26T19:01:10.717003,68.609,can0  070  [20]  FB 2F 4D 08 2B B9 62 03 10 27 00 00 01 02 00 00 11 04 00 00
2026-07-26T19:01:10.717048,68.609,can0  040  [04]  18 00 59 00
2026-07-26T19:01:10.814941,68.707,can0  040  [04]  18 00 59 00
2026-07-26T19:01:10.913069,68.805,can0  070  [20]  FB 2F 4D 08 2B B9 62 03 10 27 00 00 01 02 00 00 11 04 00 00
2026-07-26T19:01:10.913284,68.805,can0  060  [32]  00 00 00 00 00 00 00 00 00 00 00 00 00 00 00 00 00 00 00 00 00 00 00 00 00 00 00 00 00 00 00 00
2026-07-26T19:01:10.913543,68.806,can0  041  [04]  39 00 47 00
2026-07-26T19:01:10.929632,68.822,can0   002  [04]  02 04 80 10 0
2026-07-26T19:01:11.012882,68.905,can0  100  [03]  1D 74 04
2026-07-26T19:01:11.013095,68.905,can0  120  [04]  AA 69 00 00
2026-07-26T19:01:11.013284,68.905,can0  002  [04]  20 48 01 00
2026-07-26T19:01:11.013529,68.906,can0  040  [04]  1B 00 59 00
2026-07-26T19:01:11.112758,69.005,can0  040  [04]  1B 00 59 00
2026-07-26T19:01:11.113046,69.005,can0  070  [20]  FB 2F 4D 08 2B B9 62 03 F8 2A 00 00 01 02 00 00 67 02 00 00
2026-07-26T19:01:11.212943,69.105,can0  060  [32]  8D 05 D6 02 0B 86 4D 08 9A 51 65 03 00 00 2D 01 B0 00 80 00 00 00 00 00 01 00 00 00 00 00 00 00
2026-07-26T19:01:11.213989,69.106,can0  070  [20]  FB 2F 4D 08 2B B9 62 03 F8 2A 00 00 01 02 00 00 67 02 00 00
2026-07-26T19:01:11.214049,69.106,can0  041  [04]  38 00 49 00
2026-07-26T19:01:11.312150,69.204,can0  070  [20]  FB 2F 4D 08 2B B9 62 03 F8 2A 00 00 01 02 00 00 67 02 00 00
2026-07-26T19:01:11.312439,69.205,can0  040  [04]  1A 00 5C 00
2026-07-26T19:01:11.312701,69.205,can0  002  [04]  90 5F 01 00
2026-07-26T19:01:11.312897,69.205,can0  040  [04]  1A 00 5C 00
2026-07-26T19:01:11.512981,69.405,can0  041  [04]  3A 00 4A 00
2026-07-26T19:01:11.612954,69.505,can0  040  [04]  18 00 5C 00
2026-07-26T19:01:11.613214,69.505,can0  040  [04]  18 00 5C 00
2026-07-26T19:01:11.671188,69.563,can0   002  [04]  06 83 c0 10 0
2026-07-26T19:01:11.712476,69.605,can0  001  [05]  00 00 00 00 40
2026-07-26T19:01:11.712717,69.605,can0  002  [04]  68 3C 01 00
2026-07-26T19:01:11.712956,69.605,can0  041  [04]  3D 00 47 00
2026-07-26T19:01:11.713559,69.606,can0  070  [20]  FB 2F 4D 08 2B B9 62 03 F8 2A 00 00 01 02 00 00 67 02 00 00
2026-07-26T19:01:11.812888,69.705,can0  110  [02]  B1 1A
2026-07-26T19:01:11.814214,69.706,can0  040  [04]  19 00 59 00
2026-07-26T19:01:11.913070,69.805,can0  070  [20]  FB 2F 4D 08 2B B9 62 03 F8 2A 00 00 01 02 00 00 67 02 00 00
2026-07-26T19:01:11.913327,69.805,can0  040  [04]  19 00 59 00
2026-07-26T19:01:11.913566,69.806,can0  132  [00]
2026-07-26T19:01:12.012242,69.904,can0  041  [04]  3E 00 47 00
2026-07-26T19:01:12.112262,70.004,can0  040  [04]  1D 00 53 00
2026-07-26T19:01:12.112569,70.005,can0  070  [20]  F9 2F 4D 08 27 B9 62 03 E0 2E 00 00 01 02 00 00 9E 07 00 00
2026-07-26T19:01:12.112811,70.005,can0  040  [04]  1D 00 53 00
2026-07-26T19:01:12.212419,70.104,can0  070  [20]  F9 2F 4D 08 27 B9 62 03 E0 2E 00 00 01 02 00 00 9E 07 00 00
2026-07-26T19:01:12.212747,70.105,can0  100  [03]  1C 74 04
2026-07-26T19:01:12.213008,70.105,can0  120  [04]  AA 69 00 00
2026-07-26T19:01:12.213312,70.105,can0  070  [20]  F9 2F 4D 08 27 B9 62 03 E0 2E 00 00 01 02 00 00 9E 07 00 00
2026-07-26T19:01:12.312751,70.205,can0  041  [04]  3D 00 49 00
2026-07-26T19:01:12.312916,70.205,can0  002  [04]  90 5F 01 00
2026-07-26T19:01:12.313188,70.205,can0  060  [32]  00 00 00 00 FB 2F 4D 08 7F 0E B8 10 03 00 E7 09 FF 01 00 00 00 00 00 00 02 00 00 00 00 00 00 00
2026-07-26T19:01:12.313414,70.205,can0  060  [32]  C8 D4 E8 05 88 08 4E 08 45 F6 61 03 00 00 64 04 5D 00 80 00 00 00 00 01 02 00 00 00 00 00 00 00
2026-07-26T19:01:12.318084,70.210,can0  040  [04]  20 00 54 00
2026-07-26T19:01:12.412950,70.305,can0  040  [04]  20 00 54 00
2026-07-26T19:01:12.612484,70.505,can0  041  [04]  3B 00 4B 00
2026-07-26T19:01:12.612719,70.505,can0  040  [04]  20 00 56 00
2026-07-26T19:01:12.712873,70.605,can0  040  [04]  20 00 56 00
2026-07-26T19:01:12.714900,70.607,can0  070  [20]  F9 2F 4D 08 27 B9 62 03 E0 2E 00 00 01 02 00 00 9E 07 00 00
2026-07-26T19:01:12.813002,70.705,can0  041  [04]  3A 00 4E 00
2026-07-26T19:01:12.866373,70.758,can0   002  [04]  0b 03 00 10 0
2026-07-26T19:01:12.912633,70.805,can0  070  [20]  F9 2F 4D 08 27 B9 62 03 E0 2E 00 00 01 02 00 00 9E 07 00 00
2026-07-26T19:01:12.912962,70.805,can0  060  [32]  77 49 D6 02 06 72 4D 08 70 10 65 03 00 00 30 0C 74 00 80 00 00 00 00 00 03 00 00 00 00 00 00 00
2026-07-26T19:01:12.913048,70.805,can0  060  [32]  00 00 00 00 F9 2F 4D 08 7C 0E B8 10 0A 00 D9 08 FF 01 00 00 00 00 00 01 03 00 00 00 00 00 00 00
2026-07-26T19:01:12.913727,70.806,can0  060  [32]  6E DE D5 02 08 6B 4D 08 1F DC 64 03 00 00 95 0C 3A 00 80 00 00 00 00 02 03 00 00 00 00 00 00 00
2026-07-26T19:01:12.915519,70.808,can0  002  [04]  B0 30 01 00
2026-07-26T19:01:12.915616,70.808,can0  040  [04]  1B 00 5C 00
2026-07-26T19:01:13.113038,71.005,can0  041  [04]  3B 00 4E 00
2026-07-26T19:01:13.113307,71.005,can0  070  [20]  FB 2F 4D 08 27 B9 62 03 C8 32 00 00 01 02 00 00 49 08 00 00
2026-07-26T19:01:13.212494,71.105,can0  070  [20]  FB 2F 4D 08 27 B9 62 03 C8 32 00 00 01 02 00 00 48 08 00 00
2026-07-26T19:01:13.212763,71.105,can0  040  [04]  15 00 62 00
2026-07-26T19:01:13.213001,71.105,can0  040  [04]  15 00 62 00
2026-07-26T19:01:13.213270,71.105,can0  070  [20]  FB 2F 4D 08 27 B9 62 03 C8 32 00 00 01 02 00 00 48 08 00 00
2026-07-26T19:01:13.312459,71.205,can0  041  [04]  3D 00 4E 00
2026-07-26T19:01:13.312682,71.205,can0  002  [04]  90 5F 01 00
2026-07-26T19:01:13.413006,71.305,can0  100  [03]  1A 74 04
2026-07-26T19:01:13.413247,71.305,can0  110  [02]  B3 1A
2026-07-26T19:01:13.413493,71.306,can0  120  [04]  A0 69 00 00
2026-07-26T19:01:13.413747,71.306,can0  060  [32]  00 00 00 00 00 00 00 00 00 00 00 00 00 00 00 00 00 00 00 00 00 00 00 00 00 00 00 00 00 00 00 00
2026-07-26T19:01:13.414005,71.306,can0  040  [04]  14 00 64 00
2026-07-26T19:01:13.414211,71.306,can0  060  [32]  00 00 00 00 FB 2F 4D 08 7C 0E B8 10 0B 00 6D 0C FF 01 00 00 00 00 00 00 01 00 00 00 00 00 00 00
2026-07-26T19:01:13.512717,71.405,can0  040  [04]  14 00 64 00
2026-07-26T19:01:13.613084,71.505,can0  041  [04]  3D 00 4C 00
2026-07-26T19:01:13.712789,71.605,can0  001  [05]  00 00 00 00 40
2026-07-26T19:01:13.714815,71.607,can0  040  [04]  15 00 64 00
2026-07-26T19:01:13.714894,71.607,can0  040  [04]  15 00 64 00
2026-07-26T19:01:13.812758,71.705,can0  070  [20]  FB 2F 4D 08 27 B9 62 03 C8 32 00 00 01 02 00 00 48 08 00 00
2026-07-26T19:01:13.913240,71.805,can0  041  [04]  3C 00 4C 00
2026-07-26T19:01:13.913764,71.806,can0  070  [20]  FB 2F 4D 08 27 B9 62 03 C8 32 00 00 01 02 00 00 48 08 00 00
2026-07-26T19:01:13.913862,71.806,can0  060  [32]  00 00 00 00 00 00 00 00 00 00 00 00 00 00 00 00 00 00 00 00 00 00 00 00 00 00 00 00 00 00 00 00
2026-07-26T19:01:13.914042,71.806,can0  040  [04]  18 00 5F 00
2026-07-26T19:01:14.012908,71.905,can0  040  [04]  18 00 5F 00
2026-07-26T19:01:14.213046,72.105,can0  070  [20]  FB 2F 4D 08 22 B9 62 03 B0 36 00 00 01 02 00 00 15 08 00 00
2026-07-26T19:01:14.213361,72.105,can0  041  [04]  3B 00 50 00
2026-07-26T19:01:14.213621,72.106,can0  070  [20]  FB 2F 4D 08 22 B9 62 03 B0 36 00 00 01 02 00 00 14 08 00 00
2026-07-26T19:01:14.213825,72.106,can0  060  [32]  5F AE D6 02 B7 2D 4D 08 30 A5 63 03 00 00 1A 09 FF 01 00 00 00 00 00 00 01 00 00 00 00 00 00 00
2026-07-26T19:01:14.214643,72.107,can0  040  [04]  19 00 5D 00
2026-07-26T19:01:14.214850,72.107,can0  070  [20]  FB 2F 4D 08 22 B9 62 03 B0 36 00 00 01 02 00 00 14 08 00 00
2026-07-26T19:01:14.313035,72.205,can0  040  [04]  19 00 5D 00
2026-07-26T19:01:14.313253,72.205,can0  002  [04]  90 5F 01 00
2026-07-26T19:01:14.418980,72.311,can0  041  [04]  3A 00 55 00
2026-07-26T19:01:14.512557,72.405,can0  040  [04]  17 00 61 00
2026-07-26T19:01:14.516463,72.409,can0  040  [04]  17 00 61 00
2026-07-26T19:01:14.612571,72.505,can0  100  [03]  1B 74 04
2026-07-26T19:01:14.612663,72.505,can0  120  [04]  AA 69 00 00
2026-07-26T19:01:14.712583,72.605,can0  041  [04]  39 00 5B 00
2026-07-26T19:01:14.712649,72.605,can0  070  [20]  FB 2F 4D 08 22 B9 62 03 B0 36 00 00 01 02 00 00 14 08 00 00
2026-07-26T19:01:14.716179,72.608,can0  040  [04]  16 00 65 00
2026-07-26T19:01:14.812879,72.705,can0  040  [04]  16 00 65 00
2026-07-26T19:01:14.916866,72.809,can0  070  [20]  FB 2F 4D 08 22 B9 62 03 B0 36 00 00 01 02 00 00 14 08 00 00
2026-07-26T19:01:14.916940,72.809,can0  041  [04]  39 00 5F 00
2026-07-26T19:01:15.012183,72.904,can0  110  [02]  B3 1A
2026-07-26T19:01:15.015261,72.907,can0  040  [04]  16 00 68 00
2026-07-26T19:01:15.113142,73.005,can0  040  [04]  16 00 68 00
2026-07-26T19:01:15.113638,73.006,can0  070  [20]  FD 2F 4D 08 21 B9 62 03 98 3A 00 00 01 02 00 00 8D 04 00 00
2026-07-26T19:01:15.113731,73.006,can0  070  [20]  FD 2F 4D 08 21 B9 62 03 98 3A 00 00 01 02 00 00 8D 04 00 00
2026-07-26T19:01:15.212889,73.105,can0  041  [04]  38 00 5C 00
2026-07-26T19:01:15.216555,73.109,can0  070  [20]  FD 2F 4D 08 21 B9 62 03 98 3A 00 00 01 02 00 00 8D 04 00 00
2026-07-26T19:01:15.312510,73.205,can0  040  [04]  18 00 67 00
2026-07-26T19:01:15.312735,73.205,can0  040  [04]  18 00 67 00
2026-07-26T19:01:15.312943,73.205,can0  002  [04]  90 5F 01 00
2026-07-26T19:01:15.512970,73.405,can0  041  [04]  37 00 58 00
2026-07-26T19:01:15.513236,73.405,can0  060  [32]  00 00 00 00 FD 2F 4D 08 75 0E B8 10 06 00 79 0C FF 01 00 00 00 00 00 00 03 00 00 00 00 00 00 00
2026-07-26T19:01:15.513506,73.406,can0  060  [32]  78 FC D5 02 47 98 4D 08 4A 7F 64 03 01 00 FC 04 FF 01 00 00 00 00 00 01 03 00 00 00 00 00 00 00
2026-07-26T19:01:15.513744,73.406,can0  060  [32]  85 6B D6 02 7E 28 4D 08 71 37 B8 10 00 00 10 0E FF 01 00 00 00 00 00 02 03 00 00 00 00 00 00 00
2026-07-26T19:01:15.514619,73.407,can0  040  [04]  1B 00 63 00
2026-07-26T19:01:15.618082,73.510,can0  040  [04]  1B 00 63 00
2026-07-26T19:01:15.712600,73.605,can0  001  [05]  00 00 00 00 40
2026-07-26T19:01:15.716318,73.608,can0  041  [04]  38 00 59 00
2026-07-26T19:01:15.716383,73.608,can0  070  [20]  FD 2F 4D 08 21 B9 62 03 98 3A 00 00 01 02 00 00 8D 04 00 00
2026-07-26T19:01:15.812425,73.705,can0  100  [03]  1B 74 04
2026-07-26T19:01:15.814877,73.707,can0  120  [04]  A0 69 00 00
2026-07-26T19:01:15.814936,73.707,can0  040  [04]  1E 00 61 00
2026-07-26T19:01:15.912685,73.805,can0  070  [20]  FD 2F 4D 08 21 B9 62 03 98 3A 00 00 01 02 00 00 8D 04 00 00
2026-07-26T19:01:15.916974,73.809,can0  040  [04]  1E 00 61 00
2026-07-26T19:01:16.112466,74.005,can0  060  [32]  10 A1 A9 08 42 CF 4D 08 AA 84 63 03 4C 00 18 0B 1A 01 83 00 00 00 00 00 02 00 00 00 00 00 00 00
2026-07-26T19:01:16.112704,74.005,can0  041  [04]  36 00 59 00
2026-07-26T19:01:16.112887,74.005,can0  060  [32]  53 DD D5 02 97 B8 4D 08 EC 1E 64 03 01 00 0C 06 FF 01 00 00 00 00 00 01 02 00 00 00 00 00 00 00
2026-07-26T19:01:16.113685,74.006,can0  040  [04]  1D 00 62 00
2026-07-26T19:01:16.114168,74.006,can0  070  [20]  FD 2F 4D 08 21 B9 62 03 80 3E 00 00 01 02 00 00 05 01 00 00
2026-07-26T19:01:16.114486,74.007,can0  070  [20]  FD 2F 4D 08 21 B9 62 03 80 3E 00 00 01 02 00 00 06 01 00 00
2026-07-26T19:01:16.114529,74.007,can0  040  [04]  1D 00 62 00
2026-07-26T19:01:16.212715,74.105,can0  070  [20]  FD 2F 4D 08 21 B9 62 03 80 3E 00 00 01 02 00 00 06 01 00 00
2026-07-26T19:01:16.312341,74.204,can0  041  [04]  34 00 5B 00
2026-07-26T19:01:16.312570,74.205,can0  002  [04]  90 5F 01 00
2026-07-26T19:01:16.312801,74.205,can0  040  [04]  19 00 67 00
2026-07-26T19:01:16.412784,74.305,can0  040  [04]  19 00 67 00
2026-07-26T19:01:16.512616,74.405,can0  060  [32]  00 00 00 00 FD 2F 4D 08 75 0E B8 10 01 00 10 0E FF 01 00 00 00 00 00 00 01 00 00 00 00 00 00 00
2026-07-26T19:01:16.513455,74.406,can0  041  [04]  35 00 5D 00
2026-07-26T19:01:16.612940,74.505,can0  110  [02]  B5 1A
2026-07-26T19:01:16.616605,74.509,can0  040  [04]  16 00 6C 00
2026-07-26T19:01:16.616662,74.509,can0  040  [04]  16 00 6C 00
2026-07-26T19:01:16.712694,74.605,can0  070  [20]  FD 2F 4D 08 21 B9 62 03 80 3E 00 00 01 02 00 00 06 01 00 00
2026-07-26T19:01:16.812730,74.705,can0  041  [04]  36 00 5F 00
2026-07-26T19:01:16.912617,74.805,can0  070  [20]  FD 2F 4D 08 21 B9 62 03 80 3E 00 00 01 02 00 00 06 01 00 00
2026-07-26T19:01:16.914488,74.807,can0  040  [04]  17 00 6D 00
2026-07-26T19:01:16.914576,74.807,can0  133  [00]
2026-07-26T19:01:16.914647,74.807,can0  040  [04]  17 00 6D 00
2026-07-26T19:01:17.012357,74.904,can0  100  [03]  1B 74 04
2026-07-26T19:01:17.012576,74.905,can0  120  [04]  A0 69 00 00
2026-07-26T19:01:17.012831,74.905,can0  060  [32]  00 00 00 00 00 00 00 00 00 00 00 00 00 00 00 00 00 00 00 00 00 00 00 00 00 00 00 00 00 00 00 00
2026-07-26T19:01:17.013079,74.905,can0  041  [04]  37 00 60 00
2026-07-26T19:01:17.113230,75.005,can0  070  [20]  FB 2F 4D 08 21 B9 62 03 68 42 00 00 01 02 00 00 DC 01 00 00
2026-07-26T19:01:17.113517,75.006,can0  070  [20]  FB 2F 4D 08 21 B9 62 03 68 42 00 00 01 02 00 00 DD 01 00 00
2026-07-26T19:01:17.113801,75.006,can0  040  [04]  1A 00 68 00
2026-07-26T19:01:17.212337,75.104,can0  040  [04]  1A 00 68 00
2026-07-26T19:01:17.212636,75.105,can0  070  [20]  FB 2F 4D 08 21 B9 62 03 68 42 00 00 01 02 00 00 DD 01 00 00
2026-07-26T19:01:17.312651,75.205,can0  041  [04]  3A 00 5D 00
2026-07-26T19:01:17.315060,75.207,can0  002  [04]  90 5F 01 00
2026-07-26T19:01:17.412866,75.305,can0  040  [04]  1E 00 62 00
2026-07-26T19:01:17.512939,75.405,can0  040  [04]  1E 00 62 00
2026-07-26T19:01:17.513150,75.405,can0  060  [32]  00 00 00 00 FB 2F 4D 08 75 0E B8 10 02 00 AF 0B FF 01 00 00 00 00 00 00 01 00 00 00 00 00 00 00
2026-07-26T19:01:17.612851,75.505,can0  041  [04]  3A 00 5D 00
2026-07-26T19:01:17.712490,75.605,can0  001  [05]  00 00 00 00 40
2026-07-26T19:01:17.712784,75.605,can0  040  [04]  1F 00 60 00
2026-07-26T19:01:17.713026,75.605,can0  040  [04]  1F 00 60 00
2026-07-26T19:01:17.713302,75.605,can0  070  [20]  FB 2F 4D 08 21 B9 62 03 68 42 00 00 01 02 00 00 DD 01 00 00
2026-07-26T19:01:17.912910,75.805,can0  041  [04]  38 00 5F 00
2026-07-26T19:01:17.913160,75.805,can0  070  [20]  FB 2F 4D 08 21 B9 62 03 68 42 00 00 01 02 00 00 DD 01 00 00
2026-07-26T19:01:17.913373,75.805,can0  040  [04]  1C 00 62 00
2026-07-26T19:01:18.012934,75.905,can0  060  [32]  00 00 00 00 00 00 00 00 00 00 00 00 00 00 00 00 00 00 00 00 00 00 00 00 00 00 00 00 00 00 00 00
2026-07-26T19:01:18.013182,75.905,can0  040  [04]  1C 00 62 00
2026-07-26T19:01:18.112852,76.005,can0  070  [20]  00 30 4D 08 24 B9 62 03 50 46 00 00 01 02 00 00 9B 0E 00 00
2026-07-26T19:01:18.113118,76.005,can0  041  [04]  38 00 61 00
2026-07-26T19:01:18.113397,76.005,can0  070  [20]  00 30 4D 08 24 B9 62 03 50 46 00 00 01 02 00 00 9C 0E 00 00
2026-07-26T19:01:18.213049,76.105,can0  100  [03]  19 74 04
2026-07-26T19:01:18.213283,76.105,can0  110  [02]  B4 1A
2026-07-26T19:01:18.213525,76.106,can0  120  [04]  DC 69 00 00
2026-07-26T19:01:18.213784,76.106,can0  040  [04]  17 00 66 00
2026-07-26T19:01:18.214332,76.106,can0  070  [20]  00 30 4D 08 24 B9 62 03 50 46 00 00 01 02 00 00 9C 0E 00 00
2026-07-26T19:01:18.214592,76.107,can0  040  [04]  17 00 66 00
2026-07-26T19:01:18.312576,76.205,can0  002  [04]  90 5F 01 00
2026-07-26T19:01:18.412228,76.304,can0  041  [04]  37 00 60 00
2026-07-26T19:01:18.512429,76.405,can0  040  [04]  19 00 62 00
2026-07-26T19:01:18.512707,76.405,can0  060  [32]  00 00 00 00 00 00 00 00 00 00 00 00 00 00 00 00 00 00 00 00 00 00 00 00 00 00 00 00 00 00 00 00
2026-07-26T19:01:18.512901,76.405,can0  060  [32]  00 00 00 00 00 30 4D 08 79 0E B8 10 14 00 B3 00 FF 01 00 00 00 00 00 00 01 00 00 00 00 00 00 00
2026-07-26T19:01:18.517455,76.410,can0  040  [04]  19 00 62 00
2026-07-26T19:01:18.712582,76.605,can0  041  [04]  38 00 5E 00
2026-07-26T19:01:18.712693,76.605,can0  070  [20]  00 30 4D 08 24 B9 62 03 50 46 00 00 01 02 00 00 9C 0E 00 00
2026-07-26T19:01:18.713896,76.606,can0  040  [04]  20 00 5C 00
2026-07-26T19:01:18.815966,76.708,can0  040  [04]  20 00 5C 00
2026-07-26T19:01:18.912378,76.804,can0  070  [20]  00 30 4D 08 24 B9 62 03 50 46 00 00 01 02 00 00 9C 0E 00 00
2026-07-26T19:01:18.915837,76.808,can0  041  [04]  38 00 5B 00
2026-07-26T19:01:19.015037,76.907,can0  060  [32]  00 00 00 00 00 00 00 00 00 00 00 00 00 00 00 00 00 00 00 00 00 00 00 00 00 00 00 00 00 00 00 00
2026-07-26T19:01:19.015105,76.907,can0  040  [04]  23 00 5C 00
2026-07-26T19:01:19.015149,76.907,can0  040  [04]  23 00 5C 00
2026-07-26T19:01:19.112331,77.004,can0  070  [20]  02 30 4D 08 22 B9 62 03 38 4A 00 00 01 02 00 00 A9 04 00 00
2026-07-26T19:01:19.112585,77.005,can0  070  [20]  02 30 4D 08 22 B9 62 03 38 4A 00 00 01 02 00 00 A8 04 00 00
2026-07-26T19:01:19.214615,77.107,can0  041  [04]  38 00 5D 00
2026-07-26T19:01:19.214696,77.107,can0  070  [20]  02 30 4D 08 22 B9 62 03 38 4A 00 00 01 02 00 00 A8 04 00 00
2026-07-26T19:01:19.316379,77.208,can0  040  [04]  21 00 5D 00
2026-07-26T19:01:19.316488,77.209,can0  040  [04]  21 00 5D 00
2026-07-26T19:01:19.316574,77.209,can0  002  [04]  90 5F 01 00
2026-07-26T19:01:19.412451,77.305,can0  100  [03]  18 74 04
2026-07-26T19:01:19.412661,77.305,can0  120  [04]  A0 69 00 00
2026-07-26T19:01:19.412880,77.305,can0  041  [04]  38 00 62 00
2026-07-26T19:01:19.513081,77.405,can0  060  [32]  00 00 00 00 00 00 00 00 00 00 00 00 00 00 00 00 00 00 00 00 00 00 00 00 00 00 00 00 00 00 00 00
2026-07-26T19:01:19.513263,77.405,can0  060  [32]  00 00 00 00 02 30 4D 08 77 0E B8 10 06 00 33 00 FF 01 00 00 00 00 00 00 01 00 00 00 00 00 00 00
2026-07-26T19:01:19.514070,77.406,can0  040  [04]  1D 00 60 00
2026-07-26T19:01:19.612960,77.505,can0  040  [04]  1D 00 60 00
2026-07-26T19:01:19.712076,77.604,can0  001  [05]  00 00 00 00 40
2026-07-26T19:01:19.712327,77.604,can0  041  [04]  38 00 64 00
2026-07-26T19:01:19.712913,77.605,can0  070  [20]  02 30 4D 08 22 B9 62 03 38 4A 00 00 01 02 00 00 A8 04 00 00
2026-07-26T19:01:19.812530,77.705,can0  110  [02]  B3 1A
2026-07-26T19:01:19.812795,77.705,can0  040  [04]  19 00 62 00
2026-07-26T19:01:19.912122,77.804,can0  070  [20]  02 30 4D 08 22 B9 62 03 38 4A 00 00 01 02 00 00 A8 04 00 00
2026-07-26T19:01:19.912331,77.804,can0  040  [04]  19 00 62 00
2026-07-26T19:01:20.012146,77.904,can0  041  [04]  37 00 61 00
2026-07-26T19:01:20.012330,77.904,can0  060  [32]  00 00 00 00 00 00 00 00 00 00 00 00 00 00 00 00 00 00 00 00 00 00 00 00 00 00 00 00 00 00 00 00
2026-07-26T19:01:20.012557,77.905,can0  040  [04]  1C 00 62 00
2026-07-26T19:01:20.112714,78.005,can0  070  [20]  00 30 4D 08 22 B9 62 03 20 4E 00 00 01 02 00 00 E0 00 00 00
2026-07-26T19:01:20.112945,78.005,can0  070  [20]  00 30 4D 08 22 B9 62 03 20 4E 00 00 01 02 00 00 E0 00 00 00
2026-07-26T19:01:20.115357,78.007,can0  040  [04]  1C 00 62 00
2026-07-26T19:01:20.212221,78.104,can0  070  [20]  00 30 4D 08 22 B9 62 03 20 4E 00 00 01 02 00 00 E0 00 00 00
2026-07-26T19:01:20.212643,78.105,can0  041  [04]  38 00 5F 00
2026-07-26T19:01:20.212719,78.105,can0  060  [32]  73 ED D5 02 83 B9 4D 08 5E 1E 64 03 01 00 C9 0C FF 01 00 00 00 00 00 00 01 00 00 00 00 00 00 00
2026-07-26T19:01:20.312153,78.204,can0  002  [04]  90 5F 01 00
2026-07-26T19:01:20.315756,78.208,can0  040  [04]  22 00 5C 00
2026-07-26T19:01:20.416105,78.308,can0  040  [04]  22 00 5C 00
2026-07-26T19:01:20.612863,78.505,can0  041  [04]  39 00 60 00
2026-07-26T19:01:20.613084,78.505,can0  100  [03]  18 74 04
2026-07-26T19:01:20.613281,78.505,can0  120  [04]  AA 69 00 00
2026-07-26T19:01:20.613537,78.506,can0  040  [04]  25 00 59 00
2026-07-26T19:01:20.613774,78.506,can0  040  [04]  25 00 59 00
2026-07-26T19:01:20.713348,78.605,can0  070  [20]  00 30 4D 08 22 B9 62 03 20 4E 00 00 01 02 00 00 E0 00 00 00
2026-07-26T19:01:20.817415,78.709,can0  041  [04]  39 00 60 00
2026-07-26T19:01:20.912793,78.805,can0  070  [20]  00 30 4D 08 22 B9 62 03 20 4E 00 00 01 02 00 00 E0 00 00 00
2026-07-26T19:01:20.913079,78.805,can0  040  [04]  23 00 59 00
2026-07-26T19:01:20.915458,78.808,can0  040  [04]  23 00 59 00
2026-07-26T19:01:21.014845,78.907,can0  041  [04]  36 00 61 00
2026-07-26T19:01:21.112658,79.005,can0  070  [20]  05 30 4D 08 26 B9 62 03 08 52 00 00 01 02 00 00 B5 0A 00 00
2026-07-26T19:01:21.112939,79.005,can0  040  [04]  1D 00 5E 00
2026-07-26T19:01:21.113189,79.005,can0  070  [20]  05 30 4D 08 26 B9 62 03 08 52 00 00 01 02 00 00 B4 0A 00 00
2026-07-26T19:01:21.212562,79.105,can0  040  [04]  1D 00 5E 00
2026-07-26T19:01:21.216054,79.108,can0  070  [20]  05 30 4D 08 26 B9 62 03 08 52 00 00 01 02 00 00 B4 0A 00 00
2026-07-26T19:01:21.312703,79.205,can0  041  [04]  35 00 63 00
2026-07-26T19:01:21.316207,79.208,can0  002  [04]  90 5F 01 00
2026-07-26T19:01:21.412563,79.305,can0  110  [02]  B4 1A
2026-07-26T19:01:21.415689,79.308,can0  040  [04]  19 00 60 00
2026-07-26T19:01:21.512998,79.405,can0  040  [04]  19 00 60 00
2026-07-26T19:01:21.513251,79.405,can0  060  [32]  80 D6 E0 0E 4B 4E 4D 08 E5 F0 62 03 00 00 88 05 52 00 80 00 00 00 00 00 02 00 00 00 00 00 00 00
2026-07-26T19:01:21.513487,79.406,can0  060  [32]  00 00 00 00 05 30 4D 08 7A 0E B8 10 0E 00 E3 00 FF 01 00 00 00 00 00 01 02 00 00 00 00 00 00 00
2026-07-26T19:01:21.612886,79.505,can0  041  [04]  37 00 61 00
2026-07-26T19:01:21.613121,79.505,can0  040  [04]  1A 00 60 00
2026-07-26T19:01:21.712443,79.605,can0  001  [05]  00 00 00 00 40
2026-07-26T19:01:21.712537,79.605,can0  040  [04]  1A 00 60 00
2026-07-26T19:01:21.712691,79.605,can0  070  [20]  05 30 4D 08 26 B9 62 03 08 52 00 00 01 02 00 00 B4 0A 00 00
2026-07-26T19:01:21.813075,79.705,can0  100  [03]  15 74 04
2026-07-26T19:01:21.813484,79.706,can0  120  [04]  B4 69 00 00
2026-07-26T19:01:21.813530,79.706,can0  132  [00]
2026-07-26T19:01:21.813572,79.706,can0  041  [04]  39 00 63 00
2026-07-26T19:01:21.913446,79.806,can0  070  [20]  05 30 4D 08 26 B9 62 03 08 52 00 00 01 02 00 00 B4 0A 00 00
2026-07-26T19:01:21.914717,79.807,can0  040  [04]  1C 00 5C 00
2026-07-26T19:01:22.012320,79.904,can0  040  [04]  1C 00 5C 00
2026-07-26T19:01:22.014605,79.907,can0  060  [32]  00 00 00 00 00 00 00 00 00 00 00 00 00 00 00 00 00 00 00 00 00 00 00 00 00 00 00 00 00 00 00 00
2026-07-26T19:01:22.112249,80.004,can0  070  [20]  05 30 4D 08 27 B9 62 03 F0 55 00 00 01 02 00 00 68 03 00 00
2026-07-26T19:01:22.112498,80.005,can0  041  [04]  3A 00 66 00
2026-07-26T19:01:22.112722,80.005,can0  070  [20]  05 30 4D 08 27 B9 62 03 F0 55 00 00 01 02 00 00 68 03 00 00
2026-07-26T19:01:22.213751,80.106,can0  060  [32]  1B FE D5 02 A7 C9 4D 08 CC 8B 63 03 53 00 F7 0A 16 01 01 00 00 00 00 00 01 00 00 00 00 00 00 00
2026-07-26T19:01:22.214765,80.107,can0  040  [04]  1D 00 5A 00
2026-07-26T19:01:22.214890,80.107,can0  070  [20]  05 30 4D 08 27 B9 62 03 F0 55 00 00 01 02 00 00 68 03 00 00
2026-07-26T19:01:22.215007,80.107,can0  040  [04]  1D 00 5A 00
2026-07-26T19:01:22.312871,80.205,can0  002  [04]  90 5F 01 00
2026-07-26T19:01:22.314864,80.207,can0   002  [04]  0b 03 00 10 0
2026-07-26T19:01:22.412435,80.305,can0  002  [04]  B0 30 01 00
2026-07-26T19:01:22.412791,80.305,can0  041  [04]  3B 00 68 00
2026-07-26T19:01:22.513064,80.405,can0  040  [04]  1A 00 5A 00
2026-07-26T19:01:22.513262,80.405,can0  040  [04]  1A 00 5A 00
2026-07-26T19:01:22.615581,80.508,can0  041  [04]  3A 00 68 00
2026-07-26T19:01:22.712290,80.604,can0  040  [04]  17 00 5A 00
2026-07-26T19:01:22.716158,80.608,can0  070  [20]  05 30 4D 08 27 B9 62 03 F0 55 00 00 01 02 00 00 68 03 00 00
2026-07-26T19:01:22.815004,80.707,can0  040  [04]  17 00 5A 00
2026-07-26T19:01:22.820477,80.713,can0   002  [04]  0b 03 00 10 0
2026-07-26T19:01:22.882047,80.774,can0   002  [04]  0b 03 00 10 0
2026-07-26T19:01:22.912251,80.804,can0  070  [20]  05 30 4D 08 27 B9 62 03 F0 55 00 00 01 02 00 00 68 03 00 00
2026-07-26T19:01:22.912421,80.804,can0  002  [04]  B0 30 01 00
2026-07-26T19:01:22.912692,80.805,can0  041  [04]  39 00 66 00
2026-07-26T19:01:22.912850,80.805,can0  002  [04]  B0 30 01 00
2026-07-26T19:01:22.947864,80.840,can0   002  [04]  0b 03 00 10 0
2026-07-26T19:01:23.012965,80.905,can0  100  [03]  15 74 04
2026-07-26T19:01:23.013208,80.905,can0  110  [02]  B6 1A
2026-07-26T19:01:23.013443,80.906,can0  120  [04]  AA 69 00 00
2026-07-26T19:01:23.013648,80.906,can0  040  [04]  15 00 5D 00
2026-07-26T19:01:23.013805,80.906,can0  002  [04]  B0 30 01 00
2026-07-26T19:01:23.013946,80.906,can0  040  [04]  15 00 5D 00
2026-07-26T19:01:23.019025,80.911,can0   002  [04]  0b 03 00 10 0
2026-07-26T19:01:23.081257,80.973,can0   002  [04]  0b 03 00 10 0
2026-07-26T19:01:23.112325,81.004,can0  002  [04]  B0 30 01 00
2026-07-26T19:01:23.112569,81.005,can0  060  [32]  00 00 00 00 05 30 4D 08 7C 0E B8 10 04 00 6E 01 FF 01 00 00 00 00 00 00 02 00 00 00 00 00 00 00
2026-07-26T19:01:23.117312,81.009,can0  060  [32]  77 D9 D5 02 FE 57 4D 08 C2 41 64 03 00 00 10 0E FF 01 00 00 00 00 00 01 02 00 00 00 00 00 00 00
2026-07-26T19:01:23.117373,81.009,can0  002  [04]  B0 30 01 00
2026-07-26T19:01:23.117414,81.009,can0  070  [20]  05 30 4D 08 29 B9 62 03 D8 59 00 00 01 02 00 00 30 04 00 00
2026-07-26T19:01:23.147184,81.039,can0   002  [04]  0b 03 00 10 0
2026-07-26T19:01:23.212512,81.105,can0  041  [04]  39 00 65 00
2026-07-26T19:01:23.212613,81.105,can0  070  [20]  05 30 4D 08 29 B9 62 03 D8 59 00 00 01 02 00 00 31 04 00 00
2026-07-26T19:01:23.212714,81.105,can0  002  [04]  B0 30 01 00
2026-07-26T19:01:23.216260,81.108,can0  040  [04]  15 00 60 00
2026-07-26T19:01:23.220145,81.112,can0   002  [04]  0b 03 00 10 0
2026-07-26T19:01:23.292909,81.185,can0   002  [04]  0b 03 00 10 0
2026-07-26T19:01:23.312480,81.205,can0  002  [04]  B0 30 01 00
2026-07-26T19:01:23.312721,81.205,can0  070  [20]  05 30 4D 08 29 B9 62 03 D8 59 00 00 01 02 00 00 31 04 00 00
2026-07-26T19:01:23.312933,81.205,can0  040  [04]  15 00 60 00
2026-07-26T19:01:23.313094,81.205,can0  002  [04]  90 5F 01 00
2026-07-26T19:01:23.313290,81.205,can0  002  [04]  B0 30 01 00
2026-07-26T19:01:23.359582,81.252,can0   002  [04]  0b 03 00 10 0
2026-07-26T19:01:23.416324,81.308,can0  002  [04]  B0 30 01 00
2026-07-26T19:01:23.416395,81.308,can0  041  [04]  3A 00 67 00
2026-07-26T19:01:23.422383,81.314,can0   002  [04]  0b 03 00 10 0
2026-07-26T19:01:23.494553,81.387,can0   002  [04]  0b 03 00 10 0
2026-07-26T19:01:23.512204,81.404,can0  002  [04]  B0 30 01 00
2026-07-26T19:01:23.516360,81.408,can0  040  [04]  15 00 60 00
2026-07-26T19:01:23.516444,81.409,can0  002  [04]  B0 30 01 00
2026-07-26T19:01:23.557305,81.449,can0   002  [04]  0b 03 00 10 0
2026-07-26T19:01:23.612922,81.505,can0  040  [04]  15 00 60 00
2026-07-26T19:01:23.616345,81.508,can0  002  [04]  B0 30 01 00
2026-07-26T19:01:23.626477,81.519,can0   002  [04]  0b 03 00 10 0
2026-07-26T19:01:23.689937,81.582,can0   002  [04]  0b 03 00 10 0
2026-07-26T19:01:23.713079,81.605,can0  001  [05]  00 00 00 00 40
2026-07-26T19:01:23.713457,81.606,can0  002  [04]  B0 30 01 00
2026-07-26T19:01:23.713504,81.606,can0  041  [04]  3A 00 65 00
2026-07-26T19:01:23.713691,81.606,can0  002  [04]  B0 30 01 00
2026-07-26T19:01:23.756835,81.649,can0   002  [04]  0b 03 00 10 0
2026-07-26T19:01:23.813166,81.705,can0  070  [20]  05 30 4D 08 29 B9 62 03 D8 59 00 00 01 02 00 00 31 04 00 00
2026-07-26T19:01:23.813232,81.705,can0  040  [04]  13 00 62 00
2026-07-26T19:01:23.813278,81.705,can0  002  [04]  B0 30 01 00
2026-07-26T19:01:23.816367,81.708,can0  040  [04]  13 00 62 00
2026-07-26T19:01:23.819428,81.712,can0   002  [04]  0b 03 00 10 0
2026-07-26T19:01:23.887751,81.780,can0   002  [04]  0b 03 00 10 0
2026-07-26T19:01:23.912600,81.805,can0  002  [04]  B0 30 01 00
2026-07-26T19:01:23.912862,81.805,can0  070  [20]  05 30 4D 08 29 B9 62 03 D8 59 00 00 01 02 00 00 31 04 00 00
2026-07-26T19:01:23.913040,81.805,can0  002  [04]  B0 30 01 00
2026-07-26T19:01:23.952783,81.845,can0   002  [04]  0b 03 00 10 0
2026-07-26T19:01:24.016326,81.908,can0  041  [04]  3A 00 65 00
2026-07-26T19:01:24.016436,81.909,can0  002  [04]  B0 30 01 00
2026-07-26T19:01:24.016528,81.909,can0  040  [04]  12 00 64 00
2026-07-26T19:01:24.017093,81.909,can0   002  [04]  0b 03 00 10 0
2026-07-26T19:01:24.084960,81.977,can0   002  [04]  0b 03 00 10 0
2026-07-26T19:01:24.113602,82.006,can0  002  [04]  B0 30 01 00
2026-07-26T19:01:24.113680,82.006,can0  070  [20]  08 30 4D 08 2E B9 62 03 C0 5D 00 00 01 02 00 00 C0 06 00 00
2026-07-26T19:01:24.113735,82.006,can0  040  [04]  12 00 64 00
2026-07-26T19:01:24.113782,82.006,can0  060  [32]  8A 36 D6 02 46 B7 4D 08 5B 74 64 03 00 00 47 01 20 00 80 00 00 00 00 00 06 00 00 00 00 00 00 00
2026-07-26T19:01:24.113872,82.006,can0  060  [32]  6B D9 E8 05 7D 0A 4E 08 4B 27 62 03 01 00 C0 06 56 00 7B 00 00 00 00 01 06 00 00 00 00 00 00 00
2026-07-26T19:01:24.114052,82.006,can0  060  [32]  5F AE D6 02 B7 2D 4D 08 30 A5 63 03 00 00 1A 09 FF 01 00 00 00 00 00 02 06 00 00 00 00 00 00 00
2026-07-26T19:01:24.114170,82.006,can0  002  [04]  B0 30 01 00
2026-07-26T19:01:24.114321,82.006,can0  070  [20]  08 30 4D 08 2E B9 62 03 C0 5D 00 00 01 02 00 00 C0 06 00 00
2026-07-26T19:01:24.114452,82.007,can0  060  [32]  00 00 00 00 00 00 00 00 00 00 00 00 00 00 00 00 00 00 00 00 00 00 00 00 00 00 00 00 00 00 00 00
2026-07-26T19:01:24.152622,82.045,can0   002  [04]  0b 03 00 10 0
2026-07-26T19:01:24.212605,82.105,can0  100  [03]  14 74 04
2026-07-26T19:01:24.212726,82.105,can0  120  [04]  8C 69 00 00
2026-07-26T19:01:24.212894,82.105,can0  002  [04]  B0 30 01 00
2026-07-26T19:01:24.213145,82.105,can0  041  [04]  39 00 65 00
2026-07-26T19:01:24.213367,82.105,can0  070  [20]  08 30 4D 08 2E B9 62 03 C0 5D 00 00 01 02 00 00 C0 06 00 00
2026-07-26T19:01:24.216830,82.109,can0   002  [04]  0b 03 00 10 0
2026-07-26T19:01:24.285743,82.178,can0   002  [04]  0b 03 00 10 0
2026-07-26T19:01:24.313254,82.205,can0  002  [04]  B0 30 01 00
2026-07-26T19:01:24.313320,82.205,can0  040  [04]  11 00 64 00
2026-07-26T19:01:24.313590,82.206,can0  002  [04]  B0 30 01 00
2026-07-26T19:01:24.313633,82.206,can0  002  [04]  90 5F 01 00
2026-07-26T19:01:24.355710,82.248,can0   002  [04]  0b 03 00 10 0
2026-07-26T19:01:24.412675,82.305,can0  040  [04]  11 00 64 00
2026-07-26T19:01:24.412837,82.305,can0  002  [04]  B0 30 01 00
2026-07-26T19:01:24.423572,82.316,can0   002  [04]  0b 03 00 10 0
2026-07-26T19:01:24.487965,82.380,can0   002  [04]  0b 03 00 10 0
2026-07-26T19:01:24.512638,82.405,can0  002  [04]  B0 30 01 00
2026-07-26T19:01:24.512850,82.405,can0  041  [04]  39 00 65 00
2026-07-26T19:01:24.516274,82.408,can0  002  [04]  B0 30 01 00
2026-07-26T19:01:24.557493,82.450,can0   002  [04]  0b 03 00 10 0
2026-07-26T19:01:24.612124,82.504,can0  110  [02]  B6 1A
2026-07-26T19:01:24.612344,82.504,can0  040  [04]  13 00 62 00
2026-07-26T19:01:24.612523,82.505,can0  002  [04]  B0 30 01 00
2026-07-26T19:01:24.612780,82.505,can0  040  [04]  13 00 62 00
2026-07-26T19:01:24.624944,82.517,can0   002  [04]  0b 03 00 10 0
2026-07-26T19:01:24.692100,82.584,can0   002  [04]  0b 03 00 10 0
2026-07-26T19:01:24.712838,82.605,can0  002  [04]  B0 30 01 00
2026-07-26T19:01:24.713012,82.605,can0  002  [04]  B0 30 01 00
2026-07-26T19:01:24.713248,82.605,can0  070  [20]  08 30 4D 08 2E B9 62 03 C0 5D 00 00 01 02 00 00 C0 06 00 00
2026-07-26T19:01:24.757749,82.650,can0   002  [04]  0b 03 00 10 0
2026-07-26T19:01:24.812235,82.704,can0  041  [04]  39 00 65 00
2026-07-26T19:01:24.812426,82.704,can0  002  [04]  B0 30 01 00
2026-07-26T19:01:24.828373,82.720,can0   002  [04]  0b 03 00 10 0
2026-07-26T19:01:24.892537,82.785,can0   002  [04]  0b 03 00 10 0
2026-07-26T19:01:24.912759,82.805,can0  070  [20]  08 30 4D 08 2E B9 62 03 C0 5D 00 00 01 02 00 00 C0 06 00 00
2026-07-26T19:01:24.912992,82.805,can0  040  [04]  17 00 62 00
2026-07-26T19:01:24.913165,82.805,can0  002  [04]  B0 30 01 00
2026-07-26T19:01:24.913358,82.805,can0  040  [04]  17 00 62 00
2026-07-26T19:01:24.913545,82.806,can0  002  [04]  B0 30 01 00
2026-07-26T19:01:24.913846,82.806,can0  060  [32]  93 01 D6 02 4E B6 4D 08 EC 1E 64 03 00 00 5D 09 67 01 80 00 00 00 00 00 03 00 00 00 00 00 00 00
2026-07-26T19:01:24.914078,82.806,can0  060  [32]  00 00 00 00 08 30 4D 08 83 0E B8 10 09 00 04 02 FF 01 00 00 00 00 00 01 03 00 00 00 00 00 00 00
2026-07-26T19:01:24.914271,82.806,can0  060  [32]  1B FE D5 02 B4 C9 4D 08 17 8B 63 03 53 00 E7 0A 16 01 80 00 00 00 00 02 03 00 00 00 00 00 00 00
2026-07-26T19:01:24.961636,82.854,can0   002  [04]  0b 03 00 10 0
2026-07-26T19:01:25.012306,82.904,can0  002  [04]  B0 30 01 00
2026-07-26T19:01:25.012530,82.905,can0  041  [04]  38 00 68 00
2026-07-26T19:01:25.029044,82.921,can0   002  [04]  0b 03 00 10 0
2026-07-26T19:01:25.099856,82.992,can0   002  [04]  0b 03 00 10 0
2026-07-26T19:01:25.112066,83.004,can0  002  [04]  B0 30 01 00
2026-07-26T19:01:25.112361,83.004,can0  070  [20]  0A 30 4D 08 33 B9 62 03 A8 61 00 00 01 02 00 00 FC 05 00 00
2026-07-26T19:01:25.112574,83.005,can0  040  [04]  15 00 69 00
2026-07-26T19:01:25.112809,83.005,can0  070  [20]  0A 30 4D 08 33 B9 62 03 A8 61 00 00 01 02 00 00 FB 05 00 00
2026-07-26T19:01:25.112997,83.005,can0  002  [04]  B0 30 01 00
2026-07-26T19:01:25.166943,83.059,can0   002  [04]  0b 03 00 10 0
2026-07-26T19:01:25.212522,83.105,can0  040  [04]  15 00 69 00
2026-07-26T19:01:25.212716,83.105,can0  002  [04]  B0 30 01 00
2026-07-26T19:01:25.219626,83.112,can0  070  [20]  0A 30 4D 08 33 B9 62 03 A8 61 00 00 01 02 00 00 FB 05 00 00
2026-07-26T19:01:25.231162,83.123,can0   002  [04]  0b 03 00 10 0
2026-07-26T19:01:25.297394,83.189,can0   002  [04]  0b 03 00 10 0
2026-07-26T19:01:25.312141,83.204,can0  002  [04]  B0 30 01 00
2026-07-26T19:01:25.312422,83.204,can0  041  [04]  39 00 69 00
2026-07-26T19:01:25.312658,83.205,can0  002  [04]  90 5F 01 00
2026-07-26T19:01:25.312816,83.205,can0  002  [04]  B0 30 01 00
2026-07-26T19:01:25.367234,83.259,can0   002  [04]  0b 03 00 10 0
2026-07-26T19:01:25.413037,83.305,can0  100  [03]  14 74 04
2026-07-26T19:01:25.413228,83.305,can0  120  [04]  C8 69 00 00
2026-07-26T19:01:25.413650,83.306,can0  040  [04]  12 00 6F 00
2026-07-26T19:01:25.413746,83.306,can0  002  [04]  B0 30 01 00
2026-07-26T19:01:25.413862,83.306,can0  040  [04]  12 00 6F 00
2026-07-26T19:01:25.417931,83.310,can0  060  [32]  00 00 00 00 00 00 00 00 00 00 00 00 00 00 00 00 00 00 00 00 00 00 00 00 00 00 00 00 00 00 00 00
2026-07-26T19:01:25.433964,83.326,can0   002  [04]  0b 03 00 10 0
2026-07-26T19:01:25.502316,83.394,can0   002  [04]  0b 03 00 10 0
2026-07-26T19:01:25.563057,83.455,can0  002  [04]  B0 30 01 00
2026-07-26T19:01:25.563278,83.455,can0  002  [04]  B0 30 01 00
2026-07-26T19:01:25.571743,83.464,can0   002  [04]  0b 03 00 10 0
2026-07-26T19:01:25.612509,83.505,can0  041  [04]  38 00 67 00
2026-07-26T19:01:25.612747,83.505,can0  060  [32]  00 00 00 00 0A 30 4D 08 88 0E B8 10 08 00 11 02 FF 01 00 00 00 00 00 00 01 00 00 00 00 00 00 00
2026-07-26T19:01:25.613629,83.506,can0  002  [04]  B0 30 01 00
2026-07-26T19:01:25.617346,83.509,can0  040  [04]  10 00 6F 00
2026-07-26T19:01:25.636325,83.528,can0   002  [04]  0b 03 00 10 0
2026-07-26T19:01:25.707269,83.599,can0   002  [04]  0b 03 00 10 0
2026-07-26T19:01:25.712978,83.605,can0  001  [05]  00 00 00 00 40
2026-07-26T19:01:25.713171,83.605,can0  002  [04]  B0 30 01 00
2026-07-26T19:01:25.713663,83.606,can0  040  [04]  10 00 6F 00
2026-07-26T19:01:25.713762,83.606,can0  070  [20]  0A 30 4D 08 33 B9 62 03 A8 61 00 00 01 02 00 00 FB 05 00 00
2026-07-26T19:01:25.713846,83.606,can0  002  [04]  B0 30 01 00
2026-07-26T19:01:25.777499,83.670,can0   002  [04]  0b 03 00 10 0
2026-07-26T19:01:25.812992,83.705,can0  002  [04]  B0 30 01 00
2026-07-26T19:01:25.815956,83.708,can0  041  [04]  38 00 62 00
2026-07-26T19:01:25.841796,83.734,can0   002  [04]  0b 03 00 10 0
2026-07-26T19:01:25.911924,83.804,can0   002  [04]  0b 03 00 10 0
2026-07-26T19:01:25.963080,83.855,can0  070  [20]  0A 30 4D 08 33 B9 62 03 A8 61 00 00 01 02 00 00 FB 05 00 00
2026-07-26T19:01:25.963241,83.855,can0  002  [04]  B0 30 01 00
2026-07-26T19:01:25.963625,83.856,can0  040  [04]  0F 00 6F 00
2026-07-26T19:01:25.963692,83.856,can0  002  [04]  B0 30 01 00
2026-07-26T19:01:25.981200,83.873,can0   002  [04]  0b 03 00 10 0
2026-07-26T19:01:26.048388,83.940,can0   002  [04]  0b 03 00 10 0
2026-07-26T19:01:26.066530,83.959,can0  040  [04]  0F 00 6F 00
2026-07-26T19:01:26.066600,83.959,can0  002  [04]  B0 30 01 00
2026-07-26T19:01:26.117754,84.010,can0   002  [04]  0b 03 00 10 0
2026-07-26T19:01:26.162212,84.054,can0  002  [04]  B0 30 01 00
2026-07-26T19:01:26.162633,84.055,can0  041  [04]  37 00 5F 00
2026-07-26T19:01:26.162696,84.055,can0  070  [20]  0A 30 4D 08 35 B9 62 03 90 65 00 00 01 02 00 00 96 00 00 00
2026-07-26T19:01:26.166661,84.059,can0  070  [20]  0A 30 4D 08 35 B9 62 03 90 65 00 00 01 02 00 00 97 00 00 00
2026-07-26T19:01:26.186589,84.079,can0   002  [04]  0b 03 00 10 0
2026-07-26T19:01:26.254185,84.146,can0   002  [04]  0b 03 00 10 0
2026-07-26T19:01:26.262044,84.154,can0  110  [02]  B7 1A
2026-07-26T19:01:26.262371,84.154,can0  002  [04]  B0 30 01 00
2026-07-26T19:01:26.262450,84.155,can0  040  [04]  0E 00 6B 00
2026-07-26T19:01:26.262886,84.155,can0  070  [20]  0A 30 4D 08 35 B9 62 03 90 65 00 00 01 02 00 00 97 00 00 00
2026-07-26T19:01:26.263017,84.155,can0  002  [04]  B0 30 01 00
2026-07-26T19:01:26.263210,84.155,can0  040  [04]  0E 00 6B 00
2026-07-26T19:01:26.319442,84.212,can0   002  [04]  0b 03 00 10 0
2026-07-26T19:01:26.362271,84.254,can0  002  [04]  B0 30 01 00
2026-07-26T19:01:26.365838,84.258,can0  002  [04]  90 5F 01 00
2026-07-26T19:01:26.390961,84.283,can0   002  [04]  0b 03 00 10 0
2026-07-26T19:01:26.461165,84.353,can0   002  [04]  0b 03 00 10 0
2026-07-26T19:01:26.462701,84.355,can0  041  [04]  35 00 5B 00
2026-07-26T19:01:26.462786,84.355,can0  002  [04]  B0 30 01 00
2026-07-26T19:01:26.462866,84.355,can0  002  [04]  B0 30 01 00
2026-07-26T19:01:26.466631,84.359,can0  040  [04]  0E 00 65 00
2026-07-26T19:01:26.531543,84.424,can0   002  [04]  0b 03 00 10 0
2026-07-26T19:01:26.562508,84.455,can0  040  [04]  0E 00 65 00
2026-07-26T19:01:26.562747,84.455,can0  002  [04]  B0 30 01 00
2026-07-26T19:01:26.599753,84.492,can0   002  [04]  0b 03 00 10 0
2026-07-26T19:01:26.662245,84.554,can0  100  [03]  13 74 04
2026-07-26T19:01:26.662442,84.555,can0  120  [04]  D2 69 00 00
2026-07-26T19:01:26.662653,84.555,can0  002  [04]  B0 30 01 00
2026-07-26T19:01:26.662848,84.555,can0  060  [32]  53 DD D5 02 98 B8 4D 08 F4 1E 64 03 01 00 17 06 FF 01 00 00 00 00 00 00 02 00 00 00 00 00 00 00
2026-07-26T19:01:26.663070,84.555,can0  060  [32]  00 00 00 00 0A 30 4D 08 89 0E B8 10 00 00 10 0E FF 01 00 00 00 00 00 01 02 00 00 00 00 00 00 00
2026-07-26T19:01:26.666740,84.559,can0   002  [04]  0b 03 00 10 0
2026-07-26T19:01:26.667546,84.560,can0  041  [04]  32 00 59 00
2026-07-26T19:01:26.667623,84.560,can0  002  [04]  B0 30 01 00
2026-07-26T19:01:26.736839,84.629,can0   002  [04]  0b 03 00 10 0
2026-07-26T19:01:26.762399,84.654,can0  002  [04]  B0 30 01 00
2026-07-26T19:01:26.762639,84.655,can0  070  [20]  0A 30 4D 08 35 B9 62 03 90 65 00 00 01 02 00 00 97 00 00 00
2026-07-26T19:01:26.762871,84.655,can0  040  [04]  0E 00 69 00
2026-07-26T19:01:26.804009,84.696,can0   002  [04]  0b 03 00 10 0
2026-07-26T19:01:26.863004,84.755,can0  040  [04]  0E 00 69 00
2026-07-26T19:01:26.863176,84.755,can0  002  [04]  B0 30 01 00
2026-07-26T19:01:26.863436,84.756,can0  002  [04]  B0 30 01 00
2026-07-26T19:01:26.863615,84.756,can0  133  [00]
2026-07-26T19:01:26.863840,84.756,can0  070  [20]  0A 30 4D 08 35 B9 62 03 90 65 00 00 01 02 00 00 97 00 00 00
2026-07-26T19:01:26.873831,84.766,can0   002  [04]  0b 03 00 10 0
2026-07-26T19:01:26.945992,84.838,can0   002  [04]  0b 03 00 10 0
2026-07-26T19:01:26.966933,84.859,can0  041  [04]  30 00 5A 00
2026-07-26T19:01:26.967026,84.859,can0  002  [04]  B0 30 01 00
2026-07-26T19:01:27.009156,84.901,can0   002  [04]  0b 03 00 10 0
2026-07-26T19:01:27.062203,84.954,can0  040  [04]  0B 00 6E 00
2026-07-26T19:01:27.062356,84.954,can0  002  [04]  B0 30 01 00
2026-07-26T19:01:27.062568,84.955,can0  040  [04]  0B 00 6E 00
2026-07-26T19:01:27.062777,84.955,can0  002  [04]  B0 30 01 00
2026-07-26T19:01:27.075079,84.967,can0   002  [04]  0b 03 00 10 0
2026-07-26T19:01:27.141865,85.034,can0   002  [04]  0b 03 00 10 0
2026-07-26T19:01:27.162444,85.055,can0  060  [32]  85 18 D6 02 6F B6 4D 08 6C 1F 64 03 00 00 62 02 66 01 80 00 00 00 00 00 01 00 00 00 00 00 00 00
2026-07-26T19:01:27.163322,85.055,can0  070  [20]  0F 30 4D 08 3B B9 62 03 78 69 00 00 01 02 00 00 F0 0E 00 00
2026-07-26T19:01:27.163499,85.056,can0  002  [04]  B0 30 01 00
2026-07-26T19:01:27.163762,85.056,can0  070  [20]  0F 30 4D 08 3B B9 62 03 78 69 00 00 01 02 00 00 F1 0E 00 00
2026-07-26T19:01:27.214505,85.107,can0   002  [04]  0b 03 00 10 0
2026-07-26T19:01:27.262740,85.155,can0  041  [04]  2F 00 5A 00
2026-07-26T19:01:27.262807,85.155,can0  002  [04]  B0 30 01 00
2026-07-26T19:01:27.262855,85.155,can0  070  [20]  0F 30 4D 08 3B B9 62 03 78 69 00 00 01 02 00 00 F1 0E 00 00
2026-07-26T19:01:27.262993,85.155,can0  040  [04]  09 00 70 00
2026-07-26T19:01:27.268460,85.161,can0  002  [04]  B0 30 01 00
2026-07-26T19:01:27.288645,85.181,can0   002  [04]  0b 03 00 10 0
2026-07-26T19:01:27.355788,85.248,can0   002  [04]  0b 03 00 10 0
2026-07-26T19:01:27.362941,85.255,can0  040  [04]  09 00 70 00
2026-07-26T19:01:27.366753,85.259,can0  002  [04]  90 5F 01 00
2026-07-26T19:01:27.366849,85.259,can0  002  [04]  B0 30 01 00
2026-07-26T19:01:27.421782,85.314,can0   002  [04]  0b 03 00 10 0
2026-07-26T19:01:27.466559,85.359,can0  002  [04]  B0 30 01 00
2026-07-26T19:01:27.466654,85.359,can0  041  [04]  30 00 59 00
2026-07-26T19:01:27.483997,85.376,can0   002  [04]  0b 03 00 10 0
2026-07-26T19:01:27.554283,85.446,can0   002  [04]  0b 03 00 10 0
2026-07-26T19:01:27.562455,85.455,can0  002  [04]  B0 30 01 00
2026-07-26T19:01:27.562726,85.455,can0  040  [04]  0B 00 68 00
2026-07-26T19:01:27.562974,85.455,can0  002  [04]  B0 30 01 00
2026-07-26T19:01:27.624638,85.517,can0   002  [04]  0b 03 00 10 0
2026-07-26T19:01:27.662570,85.555,can0  040  [04]  0B 00 68 00
2026-07-26T19:01:27.663566,85.556,can0  060  [32]  00 00 00 00 00 00 00 00 00 00 00 00 00 00 00 00 00 00 00 00 00 00 00 00 00 00 00 00 00 00 00 00
2026-07-26T19:01:27.663656,85.556,can0  002  [04]  B0 30 01 00
2026-07-26T19:01:27.663753,85.556,can0  060  [32]  00 00 00 00 0F 30 4D 08 90 0E B8 10 14 00 A9 01 FF 01 00 00 00 00 00 00 01 00 00 00 00 00 00 00
2026-07-26T19:01:27.663880,85.556,can0  001  [05]  00 00 00 00 40
2026-07-26T19:01:27.691707,85.584,can0   002  [04]  0b 03 00 10 0
2026-07-26T19:01:27.760607,85.653,can0   002  [04]  0b 03 00 10 0
2026-07-26T19:01:27.762915,85.655,can0  002  [04]  B0 30 01 00
2026-07-26T19:01:27.762970,85.655,can0  041  [04]  30 00 57 00
2026-07-26T19:01:27.763014,85.655,can0  002  [04]  B0 30 01 00
2026-07-26T19:01:27.763179,85.655,can0  070  [20]  0F 30 4D 08 3B B9 62 03 78 69 00 00 01 02 00 00 F1 0E 00 00
2026-07-26T19:01:27.765658,85.658,can0  100  [03]  14 74 04
2026-07-26T19:01:27.765725,85.658,can0  110  [02]  B5 1A
2026-07-26T19:01:27.826908,85.719,can0   002  [04]  0b 03 00 10 0
2026-07-26T19:01:27.862653,85.755,can0  120  [04]  40 6A 00 00
2026-07-26T19:01:27.862728,85.755,can0  040  [04]  0F 00 5D 00
2026-07-26T19:01:27.862772,85.755,can0  002  [04]  B0 30 01 00
2026-07-26T19:01:27.862849,85.755,can0  040  [04]  0F 00 5D 00
2026-07-26T19:01:27.862898,85.755,can0  070  [20]  0F 30 4D 08 3B B9 62 03 78 69 00 00 01 02 00 00 F1 0E 00 00
2026-07-26T19:01:27.896581,85.789,can0   002  [04]  0b 03 00 10 0
2026-07-26T19:01:27.962503,85.855,can0  002  [04]  B0 30 01 00
2026-07-26T19:01:27.962631,85.855,can0  002  [04]  B0 30 01 00
2026-07-26T19:01:27.963085,85.855,can0   002  [04]  0b 03 00 10 0
2026-07-26T19:01:27.964558,85.857,can0  041  [04]  30 00 55 00
2026-07-26T19:01:28.029581,85.922,can0   002  [04]  0b 03 00 10 0
2026-07-26T19:01:28.062735,85.955,can0  002  [04]  B0 30 01 00
2026-07-26T19:01:28.066220,85.958,can0  040  [04]  12 00 5B 00
2026-07-26T19:01:28.096298,85.988,can0   002  [04]  0b 03 00 10 0
2026-07-26T19:01:28.162726,86.055,can0  002  [04]  B0 30 01 00
2026-07-26T19:01:28.163208,86.055,can0  070  [20]  0F 30 4D 08 3B B9 62 03 60 6D 00 00 01 02 00 00 F7 02 00 00
2026-07-26T19:01:28.163262,86.055,can0  040  [04]  12 00 5B 00
2026-07-26T19:01:28.163302,86.055,can0  060  [32]  30 7B D6 02 1E B5 4D 08 EB 1D 64 03 00 00 F4 0A 58 00 80 00 00 00 00 00 01 00 00 00 00 00 00 00
2026-07-26T19:01:28.163973,86.056,can0  002  [04]  B0 30 01 00
2026-07-26T19:01:28.164235,86.056,can0  070  [20]  0F 30 4D 08 3B B9 62 03 60 6D 00 00 01 02 00 00 F8 02 00 00
2026-07-26T19:01:28.165271,86.057,can0   002  [04]  0b 03 00 10 0
2026-07-26T19:01:28.234306,86.126,can0   002  [04]  0b 03 00 10 0
2026-07-26T19:01:28.262164,86.154,can0  002  [04]  B0 30 01 00
2026-07-26T19:01:28.262438,86.155,can0  041  [04]  2E 00 56 00
2026-07-26T19:01:28.262685,86.155,can0  070  [20]  0F 30 4D 08 3B B9 62 03 60 6D 00 00 01 02 00 00 F8 02 00 00
2026-07-26T19:01:28.299988,86.192,can0   002  [04]  0b 03 00 10 0
2026-07-26T19:01:28.362930,86.255,can0  002  [04]  B0 30 01 00
2026-07-26T19:01:28.363212,86.255,can0  040  [04]  10 00 60 00
2026-07-26T19:01:28.363468,86.256,can0  002  [04]  90 5F 01 00
2026-07-26T19:01:28.363655,86.256,can0  002  [04]  B0 30 01 00
2026-07-26T19:01:28.363898,86.256,can0  040  [04]  10 00 60 00
2026-07-26T19:01:28.369948,86.262,can0   002  [04]  0b 03 00 10 0
2026-07-26T19:01:28.439251,86.331,can0   002  [04]  0b 03 00 10 0
2026-07-26T19:01:28.465828,86.358,can0  002  [04]  B0 30 01 00
2026-07-26T19:01:28.505679,86.398,can0   002  [04]  0b 03 00 10 0
2026-07-26T19:01:28.562390,86.454,can0  002  [04]  B0 30 01 00
2026-07-26T19:01:28.562631,86.455,can0  041  [04]  2C 00 59 00
2026-07-26T19:01:28.562785,86.455,can0  002  [04]  B0 30 01 00
2026-07-26T19:01:28.573228,86.465,can0   002  [04]  0b 03 00 10 0
2026-07-26T19:01:28.637014,86.529,can0   002  [04]  0b 03 00 10 0
2026-07-26T19:01:28.662655,86.555,can0  040  [04]  0B 00 63 00
2026-07-26T19:01:28.663057,86.555,can0  060  [32]  00 00 00 00 00 00 00 00 00 00 00 00 00 00 00 00 00 00 00 00 00 00 00 00 00 00 00 00 00 00 00 00
2026-07-26T19:01:28.663178,86.555,can0  002  [04]  B0 30 01 00
2026-07-26T19:01:28.663255,86.555,can0  060  [32]  00 00 00 00 0F 30 4D 08 90 0E B8 10 04 00 67 01 FF 01 00 00 00 00 00 00 01 00 00 00 00 00 00 00
2026-07-26T19:01:28.668074,86.560,can0  040  [04]  0B 00 63 00
2026-07-26T19:01:28.710315,86.602,can0   002  [04]  0b 03 00 10 0
2026-07-26T19:01:28.762332,86.654,can0  002  [04]  B0 30 01 00
2026-07-26T19:01:28.762871,86.655,can0  070  [20]  0F 30 4D 08 3B B9 62 03 60 6D 00 00 01 02 00 00 F8 02 00 00
2026-07-26T19:01:28.763050,86.655,can0  002  [04]  B0 30 01 00
2026-07-26T19:01:28.763304,86.655,can0  041  [04]  2B 00 5A 00
2026-07-26T19:01:28.778255,86.670,can0   002  [04]  0b 03 00 10 0
2026-07-26T19:01:28.843603,86.736,can0   002  [04]  0b 03 00 10 0
2026-07-26T19:01:28.862320,86.754,can0  002  [04]  B0 30 01 00
2026-07-26T19:01:28.862554,86.755,can0  040  [04]  08 00 62 00
2026-07-26T19:01:28.862827,86.755,can0  070  [20]  0F 30 4D 08 3B B9 62 03 60 6D 00 00 01 02 00 00 F8 02 00 00
2026-07-26T19:01:28.910456,86.803,can0   002  [04]  0b 03 00 10 0
2026-07-26T19:01:28.962812,86.855,can0  002  [04]  B0 30 01 00
2026-07-26T19:01:28.963019,86.855,can0  040  [04]  08 00 62 00
2026-07-26T19:01:28.963192,86.855,can0  002  [04]  B0 30 01 00
2026-07-26T19:01:28.963462,86.856,can0  100  [03]  15 74 04
2026-07-26T19:01:28.981610,86.874,can0   002  [04]  0b 03 00 10 0
2026-07-26T19:01:29.053470,86.946,can0   002  [04]  0b 03 00 10 0
2026-07-26T19:01:29.062640,86.955,can0  120  [04]  7C 6A 00 00
2026-07-26T19:01:29.065503,86.958,can0  041  [04]  2C 00 58 00
2026-07-26T19:01:29.065558,86.958,can0  002  [04]  B0 30 01 00
2026-07-26T19:01:29.120896,87.013,can0   002  [04]  0b 03 00 10 0
2026-07-26T19:01:29.162572,87.055,can0  002  [04]  B0 30 01 00
2026-07-26T19:01:29.166650,87.059,can0  070  [20]  0D 30 4D 08 3A B9 62 03 48 71 00 00 01 02 00 00 C4 06 00 00
2026-07-26T19:01:29.166730,87.059,can0  040  [04]  0A 00 5C 00
2026-07-26T19:01:29.166788,87.059,can0  070  [20]  0D 30 4D 08 3A B9 62 03 48 71 00 00 01 02 00 00 C3 06 00 00
2026-07-26T19:01:29.166833,87.059,can0  060  [32]  00 00 00 00 00 00 00 00 00 00 00 00 00 00 00 00 00 00 00 00 00 00 00 00 00 00 00 00 00 00 00 00
2026-07-26T19:01:29.188599,87.081,can0   002  [04]  0b 03 00 10 0
2026-07-26T19:01:29.261039,87.153,can0   002  [04]  0b 03 00 10 0
2026-07-26T19:01:29.262733,87.155,can0  002  [04]  B0 30 01 00
2026-07-26T19:01:29.262785,87.155,can0  040  [04]  0A 00 5C 00
2026-07-26T19:01:29.262991,87.155,can0  002  [04]  B0 30 01 00
2026-07-26T19:01:29.266544,87.159,can0  070  [20]  0D 30 4D 08 3A B9 62 03 48 71 00 00 01 02 00 00 C3 06 00 00
2026-07-26T19:01:29.329996,87.222,can0   002  [04]  0b 03 00 10 0
2026-07-26T19:01:29.362451,87.255,can0  041  [04]  2D 00 56 00
2026-07-26T19:01:29.362654,87.255,can0  002  [04]  B0 30 01 00
2026-07-26T19:01:29.366437,87.259,can0  002  [04]  90 5F 01 00
2026-07-26T19:01:29.366489,87.259,can0  110  [02]  B4 1A
2026-07-26T19:01:29.401162,87.293,can0   002  [04]  0b 03 00 10 0
2026-07-26T19:01:29.463090,87.355,can0  002  [04]  B0 30 01 00
2026-07-26T19:01:29.465830,87.358,can0  040  [04]  0C 00 54 00
2026-07-26T19:01:29.465915,87.358,can0  040  [04]  0C 00 54 00
2026-07-26T19:01:29.465998,87.358,can0  002  [04]  B0 30 01 00
2026-07-26T19:01:29.468546,87.361,can0   002  [04]  0b 03 00 10 0
2026-07-26T19:01:29.534822,87.427,can0   002  [04]  0b 03 00 10 0
2026-07-26T19:01:29.566705,87.459,can0  002  [04]  B0 30 01 00
2026-07-26T19:01:29.566813,87.459,can0  041  [04]  2D 00 55 00
2026-07-26T19:01:29.600722,87.493,can0   002  [04]  0b 03 00 10 0
2026-07-26T19:01:29.662529,87.555,can0  002  [04]  B0 30 01 00
2026-07-26T19:01:29.662700,87.555,can0  060  [32]  00 00 00 00 0D 30 4D 08 8E 0E B8 10 09 00 80 06 FF 01 00 00 00 00 00 00 01 00 00 00 00 00 00 00
2026-07-26T19:01:29.663475,87.556,can0  002  [04]  B0 30 01 00
2026-07-26T19:01:29.663781,87.556,can0  040  [04]  0D 00 53 00
2026-07-26T19:01:29.667227,87.559,can0  001  [05]  00 00 00 00 40
2026-07-26T19:01:29.671583,87.564,can0   002  [04]  0b 03 00 10 0
2026-07-26T19:01:29.736767,87.629,can0   002  [04]  0b 03 00 10 0
2026-07-26T19:01:29.762339,87.654,can0  040  [04]  0D 00 53 00
2026-07-26T19:01:29.762544,87.655,can0  002  [04]  B0 30 01 00
2026-07-26T19:01:29.765465,87.658,can0  070  [20]  0D 30 4D 08 3A B9 62 03 48 71 00 00 01 02 00 00 C3 06 00 00
2026-07-26T19:01:29.801932,87.694,can0   002  [04]  0b 03 00 10 0
2026-07-26T19:01:29.862663,87.755,can0  002  [04]  B0 30 01 00
2026-07-26T19:01:29.862773,87.755,can0  041  [04]  2C 00 54 00
2026-07-26T19:01:29.862863,87.755,can0  002  [04]  B0 30 01 00
2026-07-26T19:01:29.863420,87.755,can0  070  [20]  0D 30 4D 08 3A B9 62 03 48 71 00 00 01 02 00 00 C3 06 00 00
2026-07-26T19:01:29.873639,87.766,can0   002  [04]  0b 03 00 10 0
2026-07-26T19:01:29.937874,87.830,can0   002  [04]  0b 03 00 10 0
2026-07-26T19:01:29.963136,87.855,can0  040  [04]  09 00 57 00
2026-07-26T19:01:29.963328,87.855,can0  002  [04]  B0 30 01 00
2026-07-26T19:01:29.963535,87.856,can0  040  [04]  09 00 57 00
2026-07-26T19:01:30.006354,87.898,can0   002  [04]  0b 03 00 10 0
2026-07-26T19:01:30.063061,87.955,can0  002  [04]  B0 30 01 00
2026-07-26T19:01:30.066688,87.959,can0  002  [04]  B0 30 01 00
2026-07-26T19:01:30.072004,87.964,can0   002  [04]  0b 03 00 10 0
2026-07-26T19:01:30.139361,88.031,can0   002  [04]  0b 03 00 10 0
2026-07-26T19:01:30.163156,88.055,can0  041  [04]  2B 00 55 00
2026-07-26T19:01:30.163248,88.055,can0  070  [20]  0F 30 4D 08 40 B9 62 03 30 75 00 00 01 02 00 00 82 0D 00 00
2026-07-26T19:01:30.163333,88.055,can0  002  [04]  B0 30 01 00
2026-07-26T19:01:30.163585,88.056,can0  070  [20]  0F 30 4D 08 40 B9 62 03 30 75 00 00 01 02 00 00 82 0D 00 00
2026-07-26T19:01:30.163899,88.056,can0  060  [32]  00 00 00 00 00 00 00 00 00 00 00 00 00 00 00 00 00 00 00 00 00 00 00 00 00 00 00 00 00 00 00 00
2026-07-26T19:01:30.163984,88.056,can0  100  [03]  15 74 04
2026-07-26T19:01:30.164140,88.056,can0  120  [04]  86 6A 00 00
2026-07-26T19:01:30.209699,88.102,can0   002  [04]  0b 03 00 10 0
2026-07-26T19:01:30.262291,88.154,can0  040  [04]  05 00 5C 00
2026-07-26T19:01:30.262384,88.154,can0  002  [04]  B0 30 01 00
2026-07-26T19:01:30.262665,88.155,can0  070  [20]  0F 30 4D 08 40 B9 62 03 30 75 00 00 01 02 00 00 82 0D 00 00
2026-07-26T19:01:30.262764,88.155,can0  040  [04]  05 00 5C 00
2026-07-26T19:01:30.262853,88.155,can0  002  [04]  B0 30 01 00
2026-07-26T19:01:30.277556,88.170,can0   002  [04]  0b 03 00 10 0
2026-07-26T19:01:30.344277,88.236,can0   002  [04]  0b 03 00 10 0
2026-07-26T19:01:30.362293,88.254,can0  002  [04]  B0 30 01 00
2026-07-26T19:01:30.362484,88.255,can0  002  [04]  90 5F 01 00
2026-07-26T19:01:30.362760,88.255,can0  041  [04]  2B 00 54 00
2026-07-26T19:01:30.413332,88.305,can0   002  [04]  0b 03 00 10 0
2026-07-26T19:01:30.462032,88.354,can0  002  [04]  B0 30 01 00
2026-07-26T19:01:30.462309,88.354,can0  040  [04]  06 00 5D 00
2026-07-26T19:01:30.462482,88.355,can0  002  [04]  B0 30 01 00
2026-07-26T19:01:30.481918,88.374,can0   002  [04]  0b 03 00 10 0
2026-07-26T19:01:30.554022,88.446,can0   002  [04]  0b 03 00 10 0
2026-07-26T19:01:30.562645,88.455,can0  040  [04]  06 00 5D 00
2026-07-26T19:01:30.562830,88.455,can0  002  [04]  B0 30 01 00
2026-07-26T19:01:30.619528,88.512,can0   002  [04]  0b 03 00 10 0
2026-07-26T19:01:30.662613,88.555,can0  002  [04]  B0 30 01 00
2026-07-26T19:01:30.662918,88.555,can0  041  [04]  2D 00 51 00
2026-07-26T19:01:30.663215,88.555,can0  060  [32]  00 00 00 00 00 00 00 00 00 00 00 00 00 00 00 00 00 00 00 00 00 00 00 00 00 00 00 00 00 00 00 00
2026-07-26T19:01:30.692347,88.584,can0   002  [04]  0b 03 00 10 0
2026-07-26T19:01:30.759339,88.651,can0   002  [04]  0b 03 00 10 0
2026-07-26T19:01:30.764791,88.657,can0  002  [04]  B0 30 01 00
2026-07-26T19:01:30.765052,88.657,can0  060  [32]  00 00 00 00 0F 30 4D 08 95 0E B8 10 12 00 DC 02 FF 01 00 00 00 00 00 00 01 00 00 00 00 00 00 00
2026-07-26T19:01:30.766597,88.659,can0  040  [04]  0A 00 52 00
2026-07-26T19:01:30.766986,88.659,can0  002  [04]  B0 30 01 00
2026-07-26T19:01:30.767444,88.660,can0  070  [20]  0F 30 4D 08 40 B9 62 03 30 75 00 00 01 02 00 00 82 0D 00 00
2026-07-26T19:01:30.767929,88.660,can0  040  [04]  0A 00 52 00
2026-07-26T19:01:30.825033,88.717,can0  002  [04]  B0 30 01 00
2026-07-26T19:01:30.828252,88.720,can0  070  [20]  0F 30 4D 08 40 B9 62 03 30 75 00 00 01 02 00 00 82 0D 00 00
2026-07-26T19:01:30.828324,88.720,can0   002  [04]  0b 03 00 10 0
2026-07-26T19:01:30.896771,88.789,can0   002  [04]  0b 03 00 10 0
2026-07-26T19:01:30.960990,88.853,can0   002  [04]  0b 03 00 10 0
2026-07-26T19:01:30.962510,88.855,can0  002  [04]  B0 30 01 00
2026-07-26T19:01:30.962565,88.855,can0  041  [04]  2E 00 4E 00
2026-07-26T19:01:30.962605,88.855,can0  002  [04]  B0 30 01 00
2026-07-26T19:01:30.966105,88.858,can0  110  [02]  B4 1A
2026-07-26T19:01:31.026059,88.918,can0   002  [04]  0b 03 00 10 0
2026-07-26T19:01:31.062922,88.955,can0  040  [04]  12 00 4C 00
2026-07-26T19:01:31.062985,88.955,can0  002  [04]  B0 30 01 00
2026-07-26T19:01:31.063115,88.955,can0  040  [04]  12 00 4C 00
2026-07-26T19:01:31.093502,88.986,can0   002  [04]  0b 03 00 10 0
2026-07-26T19:01:31.160962,89.053,can0   002  [04]  0b 03 00 10 0
2026-07-26T19:01:31.163496,89.056,can0  002  [04]  B0 30 01 00
2026-07-26T19:01:31.163549,89.056,can0  070  [20]  0D 30 4D 08 40 B9 62 03 18 79 00 00 01 02 00 00 EC 07 00 00
2026-07-26T19:01:31.163680,89.056,can0  002  [04]  B0 30 01 00
2026-07-26T19:01:31.163918,89.056,can0  070  [20]  0D 30 4D 08 40 B9 62 03 18 79 00 00 01 02 00 00 EC 07 00 00
2026-07-26T19:01:31.164117,89.056,can0  041  [04]  2E 00 4E 00
2026-07-26T19:01:31.224337,89.116,can0   002  [04]  0b 03 00 10 0
2026-07-26T19:01:31.262656,89.155,can0  002  [04]  B0 30 01 00
2026-07-26T19:01:31.265167,89.157,can0  070  [20]  0D 30 4D 08 40 B9 62 03 18 79 00 00 01 02 00 00 EC 07 00 00
2026-07-26T19:01:31.265219,89.157,can0  040  [04]  16 00 4E 00
2026-07-26T19:01:31.294816,89.187,can0   002  [04]  0b 03 00 10 0
2026-07-26T19:01:31.363136,89.255,can0  002  [04]  B0 30 01 00
2026-07-26T19:01:31.363201,89.255,can0  040  [04]  16 00 4E 00
2026-07-26T19:01:31.363243,89.255,can0  002  [04]  90 5F 01 00
2026-07-26T19:01:31.363291,89.255,can0  002  [04]  B0 30 01 00
2026-07-26T19:01:31.363576,89.256,can0  100  [03]  16 74 04
2026-07-26T19:01:31.363783,89.256,can0  120  [04]  E0 6A 00 00
2026-07-26T19:01:31.363978,89.256,can0   002  [04]  0b 03 00 10 0
2026-07-26T19:01:31.434417,89.326,can0   002  [04]  0b 03 00 10 0
2026-07-26T19:01:31.462584,89.355,can0  002  [04]  B0 30 01 00
2026-07-26T19:01:31.464957,89.357,can0  041  [04]  2E 00 50 00
2026-07-26T19:01:31.500844,89.393,can0   002  [04]  0b 03 00 10 0
2026-07-26T19:01:31.562179,89.454,can0  002  [04]  B0 30 01 00
2026-07-26T19:01:31.562451,89.455,can0  040  [04]  0F 00 53 00
2026-07-26T19:01:31.562617,89.455,can0  002  [04]  B0 30 01 00
2026-07-26T19:01:31.562800,89.455,can0  040  [04]  0F 00 53 00
2026-07-26T19:01:31.569562,89.462,can0   002  [04]  0b 03 00 10 0
2026-07-26T19:01:31.636307,89.528,can0   002  [04]  0b 03 00 10 0
2026-07-26T19:01:31.665966,89.558,can0  002  [04]  B0 30 01 00
2026-07-26T19:01:31.666033,89.558,can0  001  [05]  00 00 00 00 40
2026-07-26T19:01:31.705211,89.597,can0   002  [04]  0b 03 00 10 0
2026-07-26T19:01:31.763065,89.655,can0  060  [32]  5A 47 D6 02 9F 36 4D 08 77 9C 63 03 36 00 29 05 FF 01 00 00 00 00 00 00 02 00 00 00 00 00 00 00
2026-07-26T19:01:31.763134,89.655,can0  060  [32]  00 00 00 00 0D 30 4D 08 95 0E B8 10 0A 00 10 04 FF 01 00 00 00 00 00 01 02 00 00 00 00 00 00 00
2026-07-26T19:01:31.763929,89.656,can0  002  [04]  B0 30 01 00
2026-07-26T19:01:31.764310,89.656,can0  041  [04]  2E 00 53 00
2026-07-26T19:01:31.764356,89.656,can0  132  [00]
2026-07-26T19:01:31.764580,89.657,can0  070  [20]  0D 30 4D 08 40 B9 62 03 18 79 00 00 01 02 00 00 EC 07 00 00
2026-07-26T19:01:31.768549,89.661,can0  002  [04]  B0 30 01 00
2026-07-26T19:01:31.773526,89.666,can0   002  [04]  0b 03 00 10 0
2026-07-26T19:01:31.840554,89.733,can0   002  [04]  0b 03 00 10 0
2026-07-26T19:01:31.862803,89.755,can0  040  [04]  09 00 57 00
2026-07-26T19:01:31.862972,89.755,can0  002  [04]  B0 30 01 00
2026-07-26T19:01:31.863163,89.755,can0  040  [04]  09 00 57 00
2026-07-26T19:01:31.866960,89.759,can0  070  [20]  0D 30 4D 08 40 B9 62 03 18 79 00 00 01 02 00 00 EC 07 00 00
2026-07-26T19:01:31.910182,89.802,can0   002  [04]  0b 03 00 10 0
2026-07-26T19:01:31.962863,89.855,can0  002  [04]  B0 30 01 00
2026-07-26T19:01:31.967011,89.859,can0  041  [04]  30 00 51 00
2026-07-26T19:01:31.967195,89.859,can0  002  [04]  B0 30 01 00
2026-07-26T19:01:31.979358,89.871,can0   002  [04]  0b 03 00 10 0
2026-07-26T19:01:32.043938,89.936,can0   002  [04]  0b 03 00 10 0
2026-07-26T19:01:32.063071,89.955,can0  002  [04]  B0 30 01 00
2026-07-26T19:01:32.063320,89.955,can0  040  [04]  0A 00 55 00
2026-07-26T19:01:32.113401,90.005,can0   002  [04]  0b 03 00 10 0
2026-07-26T19:01:32.162320,90.054,can0  002  [04]  B0 30 01 00
2026-07-26T19:01:32.162582,90.055,can0  070  [20]  0C 30 4D 08 40 B9 62 03 00 7D 00 00 01 02 00 00 AA 01 00 00
2026-07-26T19:01:32.162812,90.055,can0  040  [04]  0A 00 55 00
2026-07-26T19:01:32.163071,90.055,can0  070  [20]  0C 30 4D 08 40 B9 62 03 00 7D 00 00 01 02 00 00 AB 01 00 00
2026-07-26T19:01:32.163300,90.055,can0  002  [04]  B0 30 01 00
2026-07-26T19:01:32.186451,90.079,can0   002  [04]  0b 03 00 10 0
2026-07-26T19:01:32.256597,90.149,can0   002  [04]  0b 03 00 10 0
2026-07-26T19:01:32.262818,90.155,can0  060  [32]  00 00 00 00 00 00 00 00 00 00 00 00 00 00 00 00 00 00 00 00 00 00 00 00 00 00 00 00 00 00 00 00
2026-07-26T19:01:32.263058,90.155,can0  041  [04]  32 00 4E 00
2026-07-26T19:01:32.263230,90.155,can0  002  [04]  B0 30 01 00
2026-07-26T19:01:32.263825,90.156,can0  070  [20]  0C 30 4D 08 40 B9 62 03 00 7D 00 00 01 02 00 00 AB 01 00 00
2026-07-26T19:01:32.323198,90.215,can0   002  [04]  0b 03 00 10 0
2026-07-26T19:01:32.362321,90.254,can0  002  [04]  B0 30 01 00
2026-07-26T19:01:32.362597,90.255,can0  040  [04]  11 00 4D 00
2026-07-26T19:01:32.362807,90.255,can0  002  [04]  90 5F 01 00
2026-07-26T19:01:32.363036,90.255,can0  040  [04]  11 00 4D 00
2026-07-26T19:01:32.391237,90.283,can0   002  [04]  0b 03 00 10 0
2026-07-26T19:01:32.460254,90.352,can0   002  [04]  0b 03 00 10 0
2026-07-26T19:01:32.462599,90.355,can0  002  [04]  B0 30 01 00
2026-07-26T19:01:32.462799,90.355,can0  002  [04]  B0 30 01 00
2026-07-26T19:01:32.535208,90.427,can0   002  [04]  0b 03 00 10 0
2026-07-26T19:01:32.562989,90.455,can0  041  [04]  34 00 4A 00
2026-07-26T19:01:32.563163,90.455,can0  002  [04]  B0 30 01 00
2026-07-26T19:01:32.563369,90.455,can0  100  [03]  17 74 04
2026-07-26T19:01:32.563590,90.456,can0  110  [02]  B3 1A
2026-07-26T19:01:32.563815,90.456,can0  120  [04]  EA 6A 00 00
2026-07-26T19:01:32.601210,90.493,can0   002  [04]  0b 03 00 10 0
2026-07-26T19:01:32.662678,90.555,can0  040  [04]  15 00 4A 00
2026-07-26T19:01:32.662878,90.555,can0  002  [04]  B0 30 01 00
2026-07-26T19:01:32.663111,90.555,can0  040  [04]  15 00 4A 00
2026-07-26T19:01:32.663320,90.555,can0  002  [04]  B0 30 01 00
2026-07-26T19:01:32.669156,90.561,can0   002  [04]  0b 03 00 10 0
2026-07-26T19:01:32.731784,90.624,can0   002  [04]  0b 03 00 10 0
2026-07-26T19:01:32.762839,90.655,can0  060  [32]  00 00 00 00 00 00 00 00 00 00 00 00 00 00 00 00 00 00 00 00 00 00 00 00 00 00 00 00 00 00 00 00
2026-07-26T19:01:32.763009,90.655,can0  002  [04]  B0 30 01 00
2026-07-26T19:01:32.763206,90.655,can0  060  [32]  00 00 00 00 0C 30 4D 08 95 0E B8 10 02 00 22 04 FF 01 00 00 00 00 00 00 01 00 00 00 00 00 00 00
2026-07-26T19:01:32.764055,90.656,can0  070  [20]  0C 30 4D 08 40 B9 62 03 00 7D 00 00 01 02 00 00 AB 01 00 00
2026-07-26T19:01:32.764328,90.656,can0  041  [04]  31 00 4D 00
2026-07-26T19:01:32.802814,90.695,can0   002  [04]  0b 03 00 10 0
2026-07-26T19:01:32.863016,90.755,can0  002  [04]  B0 30 01 00
2026-07-26T19:01:32.863275,90.755,can0  040  [04]  13 00 4B 00
2026-07-26T19:01:32.863476,90.756,can0  002  [04]  B0 30 01 00
2026-07-26T19:01:32.863759,90.756,can0  070  [20]  0C 30 4D 08 40 B9 62 03 00 7D 00 00 01 02 00 00 AB 01 00 00
2026-07-26T19:01:32.868022,90.760,can0   002  [04]  0b 03 00 10 0
2026-07-26T19:01:32.937089,90.829,can0   002  [04]  0b 03 00 10 0
2026-07-26T19:01:32.963021,90.855,can0  040  [04]  13 00 4B 00
2026-07-26T19:01:32.963193,90.855,can0  002  [04]  B0 30 01 00
2026-07-26T19:01:33.000643,90.893,can0   002  [04]  0b 03 00 10 0
2026-07-26T19:01:33.062969,90.955,can0  002  [04]  B0 30 01 00
2026-07-26T19:01:33.063250,90.955,can0  041  [04]  30 00 51 00
2026-07-26T19:01:33.066202,90.958,can0  002  [04]  B0 30 01 00
2026-07-26T19:01:33.075533,90.968,can0   002  [04]  0b 03 00 10 0
2026-07-26T19:01:33.144130,91.036,can0   002  [04]  0b 03 00 10 0
2026-07-26T19:01:33.163130,91.055,can0  040  [04]  0D 00 4E 00
2026-07-26T19:01:33.167499,91.060,can0  002  [04]  B0 30 01 00
2026-07-26T19:01:33.167572,91.060,can0  070  [20]  0F 30 4D 08 44 B9 62 03 E8 80 00 00 01 02 00 00 6F 0A 00 00
2026-07-26T19:01:33.167616,91.060,can0  070  [20]  0F 30 4D 08 44 B9 62 03 E8 80 00 00 01 02 00 00 6F 0A 00 00
2026-07-26T19:01:33.217120,91.109,can0   002  [04]  0b 03 00 10 0
2026-07-26T19:01:33.263710,91.156,can0  040  [04]  0D 00 4E 00
2026-07-26T19:01:33.263779,91.156,can0  002  [04]  B0 30 01 00
2026-07-26T19:01:33.263822,91.156,can0  070  [20]  0F 30 4D 08 44 B9 62 03 E8 80 00 00 01 02 00 00 6F 0A 00 00
2026-07-26T19:01:33.263882,91.156,can0  002  [04]  B0 30 01 00
2026-07-26T19:01:33.289317,91.181,can0   002  [04]  0b 03 00 10 0
2026-07-26T19:01:33.354665,91.247,can0   002  [04]  0b 03 00 10 0
2026-07-26T19:01:33.362573,91.255,can0  041  [04]  31 00 54 00
2026-07-26T19:01:33.362701,91.255,can0  002  [04]  90 5F 01 00
2026-07-26T19:01:33.362800,91.255,can0  002  [04]  B0 30 01 00
2026-07-26T19:01:33.362891,91.255,can0  040  [04]  0A 00 52 00
2026-07-26T19:01:33.418272,91.310,can0   002  [04]  0b 03 00 10 0
2026-07-26T19:01:33.463190,91.355,can0  002  [04]  B0 30 01 00
2026-07-26T19:01:33.463278,91.355,can0  040  [04]  0A 00 52 00
2026-07-26T19:01:33.463413,91.355,can0  002  [04]  B0 30 01 00
2026-07-26T19:01:33.486556,91.379,can0   002  [04]  0b 03 00 10 0
2026-07-26T19:01:33.559046,91.451,can0   002  [04]  0b 03 00 10 0
2026-07-26T19:01:33.562844,91.455,can0  002  [04]  B0 30 01 00
2026-07-26T19:01:33.563087,91.455,can0  041  [04]  31 00 52 00
2026-07-26T19:01:33.628235,91.520,can0   002  [04]  0b 03 00 10 0
2026-07-26T19:01:33.662489,91.555,can0  002  [04]  B0 30 01 00
2026-07-26T19:01:33.662793,91.555,can0  040  [04]  0D 00 50 00
2026-07-26T19:01:33.663021,91.555,can0  001  [05]  00 00 00 00 40
2026-07-26T19:01:33.692350,91.584,can0   002  [04]  0b 03 00 10 0
2026-07-26T19:01:33.759391,91.651,can0   002  [04]  0b 03 00 10 0
2026-07-26T19:01:33.763019,91.655,can0  002  [04]  B0 30 01 00
2026-07-26T19:01:33.763296,91.655,can0  060  [32]  99 8D D6 02 6E AF 4D 08 38 DB 63 03 49 00 D4 0B 31 01 FF 00 00 00 00 00 02 00 00 00 00 00 00 00
2026-07-26T19:01:33.763489,91.656,can0  060  [32]  00 00 00 00 0F 30 4D 08 98 0E B8 10 0E 00 0D 01 FF 01 00 00 00 00 00 01 02 00 00 00 00 00 00 00
2026-07-26T19:01:33.764405,91.656,can0  040  [04]  0D 00 50 00
2026-07-26T19:01:33.764596,91.657,can0  002  [04]  B0 30 01 00
2026-07-26T19:01:33.764859,91.657,can0  070  [20]  0F 30 4D 08 44 B9 62 03 E8 80 00 00 01 02 00 00 6F 0A 00 00
2026-07-26T19:01:33.765127,91.657,can0  100  [03]  19 74 04
2026-07-26T19:01:33.765344,91.657,can0  120  [04]  FE 6A 00 00
2026-07-26T19:01:33.832906,91.725,can0   002  [04]  0b 03 00 10 0
2026-07-26T19:01:33.862903,91.755,can0  002  [04]  B0 30 01 00
2026-07-26T19:01:33.863219,91.755,can0  041  [04]  34 00 4E 00
2026-07-26T19:01:33.866358,91.758,can0  070  [20]  0F 30 4D 08 44 B9 62 03 E8 80 00 00 01 02 00 00 6F 0A 00 00
2026-07-26T19:01:33.896638,91.789,can0   002  [04]  0b 03 00 10 0
2026-07-26T19:01:33.962915,91.855,can0  002  [04]  B0 30 01 00
2026-07-26T19:01:33.963152,91.855,can0  040  [04]  11 00 4C 00
2026-07-26T19:01:33.963474,91.856,can0  002  [04]  B0 30 01 00
2026-07-26T19:01:33.963554,91.856,can0  040  [04]  11 00 4C 00
2026-07-26T19:01:33.968533,91.861,can0   002  [04]  0b 03 00 10 0
2026-07-26T19:01:34.036530,91.929,can0   002  [04]  0b 03 00 10 0
2026-07-26T19:01:34.062544,91.955,can0  002  [04]  B0 30 01 00
2026-07-26T19:01:34.105279,91.997,can0   002  [04]  0b 03 00 10 0
2026-07-26T19:01:34.162512,92.055,can0  002  [04]  B0 30 01 00
2026-07-26T19:01:34.162778,92.055,can0  041  [04]  38 00 4B 00
2026-07-26T19:01:34.163014,92.055,can0  070  [20]  11 30 4D 08 42 B9 62 03 D0 84 00 00 01 02 00 00 BF 04 00 00
2026-07-26T19:01:34.163269,92.055,can0  070  [20]  11 30 4D 08 42 B9 62 03 D0 84 00 00 01 02 00 00 BE 04 00 00
2026-07-26T19:01:34.163473,92.056,can0  002  [04]  B0 30 01 00
2026-07-26T19:01:34.163706,92.056,can0  110  [02]  B4 1A
2026-07-26T19:01:34.174008,92.066,can0   002  [04]  0b 03 00 10 0
2026-07-26T19:01:34.242080,92.134,can0   002  [04]  0b 03 00 10 0
2026-07-26T19:01:34.262786,92.155,can0  040  [04]  10 00 4E 00
2026-07-26T19:01:34.263012,92.155,can0  060  [32]  00 00 00 00 00 00 00 00 00 00 00 00 00 00 00 00 00 00 00 00 00 00 00 00 00 00 00 00 00 00 00 00
2026-07-26T19:01:34.263181,92.155,can0  002  [04]  B0 30 01 00
2026-07-26T19:01:34.267136,92.159,can0  040  [04]  10 00 4E 00
2026-07-26T19:01:34.267231,92.159,can0  070  [20]  11 30 4D 08 42 B9 62 03 D0 84 00 00 01 02 00 00 BE 04 00 00
2026-07-26T19:01:34.313681,92.206,can0   002  [04]  0b 03 00 10 0
2026-07-26T19:01:34.366901,92.259,can0  002  [04]  B0 30 01 00
2026-07-26T19:01:34.367012,92.259,can0  002  [04]  90 5F 01 00
2026-07-26T19:01:34.367081,92.259,can0  041  [04]  3A 00 4B 00
2026-07-26T19:01:34.367151,92.259,can0  002  [04]  B0 30 01 00
2026-07-26T19:01:34.379989,92.272,can0   002  [04]  0b 03 00 10 0
2026-07-26T19:01:34.450728,92.343,can0   002  [04]  0b 03 00 10 0
2026-07-26T19:01:34.462816,92.355,can0  002  [04]  B0 30 01 00
2026-07-26T19:01:34.463050,92.355,can0  040  [04]  0A 00 55 00
2026-07-26T19:01:34.519595,92.412,can0   002  [04]  0b 03 00 10 0
2026-07-26T19:01:34.562957,92.455,can0  040  [04]  0A 00 55 00
2026-07-26T19:01:34.563175,92.455,can0  002  [04]  B0 30 01 00
2026-07-26T19:01:34.563384,92.455,can0  002  [04]  B0 30 01 00
2026-07-26T19:01:34.590959,92.483,can0   002  [04]  0b 03 00 10 0
2026-07-26T19:01:34.662542,92.555,can0   002  [04]  0b 03 00 10 0
2026-07-26T19:01:34.662788,92.555,can0  041  [04]  3B 00 4B 00
2026-07-26T19:01:34.663010,92.555,can0  002  [04]  B0 30 01 00
2026-07-26T19:01:34.729079,92.621,can0   002  [04]  06 83 c0 10 0
2026-07-26T19:01:34.762323,92.654,can0  060  [32]  00 00 00 00 00 00 00 00 00 00 00 00 00 00 00 00 00 00 00 00 00 00 00 00 00 00 00 00 00 00 00 00
2026-07-26T19:01:34.762579,92.655,can0  040  [04]  08 00 59 00
2026-07-26T19:01:34.762789,92.655,can0  002  [04]  B0 30 01 00
2026-07-26T19:01:34.762992,92.655,can0  060  [32]  00 00 00 00 11 30 4D 08 97 0E B8 10 06 00 7C 00 FF 01 00 00 00 00 00 00 01 00 00 00 00 00 00 00
2026-07-26T19:01:34.764699,92.657,can0  070  [20]  11 30 4D 08 42 B9 62 03 D0 84 00 00 01 02 00 00 BE 04 00 00
2026-07-26T19:01:34.764938,92.657,can0  040  [04]  08 00 59 00
2026-07-26T19:01:34.798139,92.690,can0   002  [04]  02 04 80 10 0
2026-07-26T19:01:34.861087,92.753,can0   002  [04]  0d 85 30 10 0
2026-07-26T19:01:34.862910,92.755,can0  002  [04]  68 3C 01 00
2026-07-26T19:01:34.863118,92.755,can0  002  [04]  20 48 01 00
2026-07-26T19:01:34.863384,92.755,can0  070  [20]  11 30 4D 08 42 B9 62 03 D0 84 00 00 01 02 00 00 BE 04 00 00
2026-07-26T19:01:34.929104,92.821,can0   002  [04]  09 05 f0 10 0
2026-07-26T19:01:34.962712,92.855,can0  041  [04]  3C 00 4A 00
2026-07-26T19:01:34.962988,92.855,can0  002  [04]  D8 53 01 00
2026-07-26T19:01:34.963048,92.855,can0  100  [03]  19 74 04
2026-07-26T19:01:34.963254,92.855,can0  120  [04]  1C 6B 00 00
2026-07-26T19:01:34.998801,92.891,can0   002  [04]  04 86 b0 10 0
2026-07-26T19:01:35.062550,92.955,can0  002  [04]  90 5F 01 00
2026-07-26T19:01:35.062849,92.955,can0  040  [04]  0B 00 56 00
2026-07-26T19:01:35.063102,92.955,can0  040  [04]  0B 00 56 00
2026-07-26T19:01:35.063352,92.955,can0  002  [04]  48 6B 01 00
2026-07-26T19:01:35.065628,92.958,can0   002  [04]  04 86 b0 10 0
2026-07-26T19:01:35.130426,93.023,can0   002  [04]  04 86 b0 10 0
2026-07-26T19:01:35.162349,93.054,can0  002  [04]  48 6B 01 00
2026-07-26T19:01:35.162613,93.055,can0  070  [20]  0F 30 4D 08 40 B9 62 03 B8 88 00 00 01 02 00 00 14 05 00 00
2026-07-26T19:01:35.162876,93.055,can0  070  [20]  0F 30 4D 08 40 B9 62 03 B8 88 00 00 01 02 00 00 13 05 00 00
2026-07-26T19:01:35.163128,93.055,can0  041  [04]  3D 00 4B 00
2026-07-26T19:01:35.198214,93.090,can0   002  [04]  04 86 b0 10 0
2026-07-26T19:01:35.262682,93.155,can0  002  [04]  48 6B 01 00
2026-07-26T19:01:35.262908,93.155,can0  070  [20]  0F 30 4D 08 40 B9 62 03 B8 88 00 00 01 02 00 00 13 05 00 00
2026-07-26T19:01:35.263117,93.155,can0  002  [04]  48 6B 01 00
2026-07-26T19:01:35.263404,93.155,can0  040  [04]  0F 00 4F 00
2026-07-26T19:01:35.263695,93.156,can0  060  [32]  53 DD D5 02 9A B8 4D 08 F7 1E 64 03 01 00 07 05 FF 01 00 00 00 00 00 00 03 00 00 00 00 00 00 00
2026-07-26T19:01:35.263918,93.156,can0  060  [32]  10 A1 A9 08 21 D0 4D 08 64 7F 63 03 4C 00 18 0B 1A 01 7C 00 00 00 00 01 03 00 00 00 00 00 00 00
2026-07-26T19:01:35.264124,93.156,can0  060  [32]  5A 06 D6 02 D8 46 4D 08 91 1E B8 10 0A 00 D8 00 FF 01 00 00 00 00 00 02 03 00 00 00 00 00 00 00
2026-07-26T19:01:35.269692,93.162,can0   002  [04]  04 86 b0 10 0
2026-07-26T19:01:35.337433,93.230,can0   002  [04]  04 86 b0 10 0
2026-07-26T19:01:35.363133,93.255,can0  040  [04]  0F 00 4F 00
2026-07-26T19:01:35.363327,93.255,can0  002  [04]  48 6B 01 00
2026-07-26T19:01:35.367138,93.259,can0  002  [04]  90 5F 01 00
2026-07-26T19:01:35.402587,93.295,can0   002  [04]  04 86 b0 10 0
2026-07-26T19:01:35.463062,93.355,can0  002  [04]  48 6B 01 00
2026-07-26T19:01:35.463318,93.355,can0  041  [04]  3D 00 4B 00
2026-07-26T19:01:35.463556,93.356,can0  002  [04]  48 6B 01 00
2026-07-26T19:01:35.472603,93.365,can0   002  [04]  04 86 b0 10 0
2026-07-26T19:01:35.536085,93.428,can0   002  [04]  09 05 f0 10 0
2026-07-26T19:01:35.562893,93.455,can0  040  [04]  13 00 4F 00
2026-07-26T19:01:35.563102,93.455,can0  002  [04]  48 6B 01 00
2026-07-26T19:01:35.563351,93.455,can0  040  [04]  13 00 4F 00
2026-07-26T19:01:35.606954,93.499,can0   002  [04]  0d 85 30 10 0
2026-07-26T19:01:35.662735,93.555,can0  002  [04]  90 5F 01 00
2026-07-26T19:01:35.662913,93.555,can0  002  [04]  D8 53 01 00
2026-07-26T19:01:35.663160,93.555,can0  001  [05]  00 00 00 00 40
2026-07-26T19:01:35.673051,93.565,can0   002  [04]  02 04 80 10 0
2026-07-26T19:01:35.740527,93.633,can0   002  [04]  0d 85 30 10 0
2026-07-26T19:01:35.763107,93.655,can0  041  [04]  3D 00 4A 00
2026-07-26T19:01:35.763335,93.655,can0  002  [04]  20 48 01 00
2026-07-26T19:01:35.763897,93.656,can0  070  [20]  0F 30 4D 08 40 B9 62 03 B8 88 00 00 01 02 00 00 13 05 00 00
2026-07-26T19:01:35.764114,93.656,can0  110  [02]  B3 1A
2026-07-26T19:01:35.764391,93.656,can0  060  [32]  93 01 D6 02 54 B6 4D 08 CE 1E 64 03 00 00 5D 09 00 00 80 00 00 00 00 00 02 00 00 00 00 00 00 00
2026-07-26T19:01:35.764608,93.657,can0  060  [32]  00 00 00 00 0F 30 4D 08 95 0E B8 10 07 00 82 0A FF 01 00 00 00 00 00 01 02 00 00 00 00 00 00 00
2026-07-26T19:01:35.769565,93.662,can0  040  [04]  13 00 50 00
2026-07-26T19:01:35.862718,93.755,can0  002  [04]  D8 53 01 00
2026-07-26T19:01:35.862935,93.755,can0  040  [04]  13 00 50 00
2026-07-26T19:01:35.863179,93.755,can0  070  [20]  0F 30 4D 08 40 B9 62 03 B8 88 00 00 01 02 00 00 13 05 00 00
2026-07-26T19:01:35.963072,93.855,can0  041  [04]  3B 00 4B 00
2026-07-26T19:01:36.063085,93.955,can0  040  [04]  12 00 55 00
2026-07-26T19:01:36.163123,94.055,can0  070  [20]  11 30 4D 08 44 B9 62 03 A0 8C 00 00 01 02 00 00 2E 09 00 00
2026-07-26T19:01:36.163398,94.055,can0  040  [04]  12 00 55 00
2026-07-26T19:01:36.163712,94.056,can0  070  [20]  11 30 4D 08 44 B9 62 03 A0 8C 00 00 01 02 00 00 2F 09 00 00
2026-07-26T19:01:36.163934,94.056,can0  100  [03]  1B 74 04
2026-07-26T19:01:36.164143,94.056,can0  120  [04]  12 6B 00 00
2026-07-26T19:01:36.262703,94.155,can0  041  [04]  3B 00 4B 00
2026-07-26T19:01:36.265161,94.157,can0  070  [20]  11 30 4D 08 44 B9 62 03 A0 8C 00 00 01 02 00 00 2F 09 00 00
2026-07-26T19:01:36.362377,94.254,can0  040  [04]  11 00 58 00
2026-07-26T19:01:36.362727,94.255,can0  002  [04]  90 5F 01 00
2026-07-26T19:01:36.362775,94.255,can0  040  [04]  11 00 58 00
2026-07-26T19:01:36.565249,94.457,can0  041  [04]  3B 00 4B 00
2026-07-26T19:01:36.662541,94.555,can0  040  [04]  17 00 54 00
2026-07-26T19:01:36.666472,94.559,can0  040  [04]  17 00 54 00
2026-07-26T19:01:36.862101,94.754,can0  060  [32]  85 18 D6 02 6F B6 4D 08 6C 1F 64 03 00 00 2A 0D 66 01 80 00 00 00 00 00 02 00 00 00 00 00 00 00
2026-07-26T19:01:36.862277,94.754,can0  060  [32]  00 00 00 00 11 30 4D 08 98 0E B8 10 0C 00 19 00 FF 01 00 00 00 00 00 01 02 00 00 00 00 00 00 00
2026-07-26T19:01:36.863764,94.756,can0  070  [20]  11 30 4D 08 44 B9 62 03 A0 8C 00 00 01 02 00 00 2F 09 00 00
2026-07-26T19:01:36.864045,94.756,can0  041  [04]  3D 00 4B 00
2026-07-26T19:01:36.864282,94.756,can0  133  [00]
2026-07-26T19:01:36.864559,94.757,can0  040  [04]  1E 00 4E 00
2026-07-26T19:01:36.864927,94.757,can0  070  [20]  11 30 4D 08 44 B9 62 03 A0 8C 00 00 01 02 00 00 2F 09 00 00
2026-07-26T19:01:36.962322,94.854,can0  040  [04]  1E 00 4E 00
2026-07-26T19:01:37.163162,95.055,can0  041  [04]  3C 00 4A 00
2026-07-26T19:01:37.164496,95.057,can0  040  [04]  20 00 4C 00
2026-07-26T19:01:37.164953,95.057,can0  070  [20]  12 30 4D 08 42 B9 62 03 88 90 00 00 01 02 00 00 7E 04 00 00
2026-07-26T19:01:37.165008,95.057,can0  070  [20]  12 30 4D 08 42 B9 62 03 88 90 00 00 01 02 00 00 7E 04 00 00
2026-07-26T19:01:37.168478,95.061,can0  040  [04]  20 00 4C 00
2026-07-26T19:01:37.262165,95.154,can0  070  [20]  12 30 4D 08 42 B9 62 03 88 90 00 00 01 02 00 00 7E 04 00 00
2026-07-26T19:01:37.265720,95.158,can0  060  [32]  00 00 00 00 00 00 00 00 00 00 00 00 00 00 00 00 00 00 00 00 00 00 00 00 00 00 00 00 00 00 00 00
2026-07-26T19:01:37.363150,95.255,can0  041  [04]  3C 00 49 00
2026-07-26T19:01:37.363266,95.255,can0  002  [04]  90 5F 01 00
2026-07-26T19:01:37.363344,95.255,can0  100  [03]  1B 74 04
2026-07-26T19:01:37.363418,95.255,can0  110  [02]  B2 1A
2026-07-26T19:01:37.363491,95.256,can0  040  [04]  1B 00 4F 00
2026-07-26T19:01:37.363689,95.256,can0  120  [04]  30 6B 00 00
2026-07-26T19:01:37.418121,95.310,can0   002  [04]  09 05 f0 10 0
2026-07-26T19:01:37.462678,95.355,can0  040  [04]  1B 00 4F 00
2026-07-26T19:01:37.462915,95.355,can0  002  [04]  90 5F 01 00
2026-07-26T19:01:37.562706,95.455,can0  041  [04]  3A 00 4D 00
2026-07-26T19:01:37.662578,95.555,can0  040  [04]  14 00 56 00
2026-07-26T19:01:37.662812,95.555,can0  001  [05]  00 00 00 00 40
2026-07-26T19:01:37.762541,95.655,can0  040  [04]  14 00 56 00
2026-07-26T19:01:37.762802,95.655,can0  060  [32]  00 00 00 00 12 30 4D 08 97 0E B8 10 06 00 1B 0D FF 01 00 00 00 00 00 00 01 00 00 00 00 00 00 00
2026-07-26T19:01:37.763773,95.656,can0  070  [20]  12 30 4D 08 42 B9 62 03 88 90 00 00 01 02 00 00 7E 04 00 00
2026-07-26T19:01:37.862824,95.755,can0  041  [04]  3D 00 4D 00
2026-07-26T19:01:37.863481,95.756,can0  070  [20]  12 30 4D 08 42 B9 62 03 88 90 00 00 01 02 00 00 7E 04 00 00
2026-07-26T19:01:37.962214,95.854,can0  040  [04]  12 00 5A 00
2026-07-26T19:01:37.966498,95.859,can0  040  [04]  12 00 5A 00
2026-07-26T19:01:38.162858,96.055,can0  041  [04]  3C 00 4C 00
2026-07-26T19:01:38.163099,96.055,can0  070  [20]  12 30 4D 08 44 B9 62 03 70 94 00 00 01 02 00 00 5D 03 00 00
2026-07-26T19:01:38.163362,96.055,can0  070  [20]  12 30 4D 08 44 B9 62 03 70 94 00 00 01 02 00 00 5D 03 00 00
2026-07-26T19:01:38.163584,96.056,can0  040  [04]  15 00 56 00
2026-07-26T19:01:38.263024,96.155,can0  040  [04]  15 00 56 00
2026-07-26T19:01:38.263261,96.155,can0  070  [20]  12 30 4D 08 44 B9 62 03 70 94 00 00 01 02 00 00 5D 03 00 00
2026-07-26T19:01:38.366464,96.259,can0  002  [04]  90 5F 01 00
2026-07-26T19:01:38.366544,96.259,can0  041  [04]  3C 00 4C 00
2026-07-26T19:01:38.462641,96.355,can0  040  [04]  18 00 53 00
2026-07-26T19:01:38.562708,96.455,can0  040  [04]  18 00 53 00
2026-07-26T19:01:38.562983,96.455,can0  060  [32]  B5 49 D6 02 DA 50 4D 08 E2 B9 B8 10 3B 00 80 0B FF 01 00 00 00 00 00 00 02 00 00 00 00 00 00 00
2026-07-26T19:01:38.563164,96.455,can0  060  [32]  BE FD D5 02 01 57 4D 08 0B 38 64 03 FF 03 10 0E AF 00 87 00 00 00 00 01 02 00 00 00 00 00 00 00
2026-07-26T19:01:38.564651,96.457,can0  100  [03]  1B 74 04
2026-07-26T19:01:38.568094,96.460,can0  120  [04]  8A 6B 00 00
2026-07-26T19:01:38.662778,96.555,can0  041  [04]  39 00 4F 00
2026-07-26T19:01:38.762676,96.655,can0  040  [04]  19 00 55 00
2026-07-26T19:01:38.763023,96.655,can0  070  [20]  12 30 4D 08 44 B9 62 03 70 94 00 00 01 02 00 00 5D 03 00 00
2026-07-26T19:01:38.766698,96.659,can0  040  [04]  19 00 55 00
2026-07-26T19:01:38.963156,96.855,can0  070  [20]  12 30 4D 08 44 B9 62 03 70 94 00 00 01 02 00 00 5D 03 00 00
2026-07-26T19:01:38.963407,96.855,can0  041  [04]  35 00 53 00
2026-07-26T19:01:38.963661,96.856,can0  040  [04]  17 00 57 00
2026-07-26T19:01:38.963853,96.856,can0  110  [02]  B3 1A
2026-07-26T19:01:39.062591,96.955,can0  040  [04]  17 00 57 00
2026-07-26T19:01:39.162355,97.054,can0  070  [20]  14 30 4D 08 45 B9 62 03 58 98 00 00 01 02 00 00 07 06 00 00
2026-07-26T19:01:39.162490,97.055,can0  041  [04]  32 00 56 00
2026-07-26T19:01:39.162728,97.055,can0  070  [20]  14 30 4D 08 45 B9 62 03 58 98 00 00 01 02 00 00 06 06 00 00
2026-07-26T19:01:39.167463,97.060,can0  060  [32]  00 00 00 00 12 30 4D 08 98 0E B8 10 04 00 35 00 FF 01 00 00 00 00 00 00 02 00 00 00 00 00 00 00
2026-07-26T19:01:39.167547,97.060,can0  060  [32]  74 5E 11 00 82 B2 4D 08 4C D6 63 03 49 00 D5 0B 30 01 81 00 00 00 00 01 02 00 00 00 00 00 00 00
2026-07-26T19:01:39.262756,97.155,can0  070  [20]  14 30 4D 08 45 B9 62 03 58 98 00 00 01 02 00 00 06 06 00 00
2026-07-26T19:01:39.263026,97.155,can0  040  [04]  13 00 5D 00
2026-07-26T19:01:39.362860,97.255,can0  040  [04]  13 00 5D 00
2026-07-26T19:01:39.363035,97.255,can0  002  [04]  90 5F 01 00
2026-07-26T19:01:39.462512,97.355,can0  041  [04]  33 00 59 00
2026-07-26T19:01:39.562368,97.454,can0  040  [04]  10 00 60 00
2026-07-26T19:01:39.562583,97.455,can0  040  [04]  10 00 60 00
2026-07-26T19:01:39.763071,97.655,can0  001  [05]  00 00 00 00 40
2026-07-26T19:01:39.763474,97.656,can0  041  [04]  33 00 5A 00
2026-07-26T19:01:39.763794,97.656,can0  070  [20]  14 30 4D 08 45 B9 62 03 58 98 00 00 01 02 00 00 06 06 00 00
2026-07-26T19:01:39.764003,97.656,can0  100  [03]  1B 74 04
2026-07-26T19:01:39.764196,97.656,can0  120  [04]  80 6B 00 00
2026-07-26T19:01:39.764427,97.657,can0  040  [04]  12 00 61 00
2026-07-26T19:01:39.863174,97.755,can0  060  [32]  CC 1B 92 01 ED BA 4D 08 52 D8 63 03 00 00 84 0B 2D 01 80 00 00 00 00 00 04 00 00 00 00 00 00 00
2026-07-26T19:01:39.863294,97.755,can0  060  [32]  1B FE D5 02 D1 C9 4D 08 78 87 63 03 57 00 C2 0A 16 01 01 00 00 00 00 01 04 00 00 00 00 00 00 00
2026-07-26T19:01:39.863699,97.756,can0  060  [32]  30 7B D6 02 1E B5 4D 08 EB 1D 64 03 00 00 20 0A 58 00 80 00 00 00 00 02 04 00 00 00 00 00 00 00
2026-07-26T19:01:39.863758,97.756,can0  060  [32]  00 00 00 00 00 00 00 00 00 00 00 00 00 00 00 00 00 00 00 00 00 00 00 00 00 00 00 00 00 00 00 00
2026-07-26T19:01:39.864014,97.756,can0  040  [04]  12 00 61 00
2026-07-26T19:01:39.864249,97.756,can0  070  [20]  14 30 4D 08 45 B9 62 03 58 98 00 00 01 02 00 00 06 06 00 00
2026-07-26T19:01:39.965886,97.858,can0  041  [04]  34 00 59 00
2026-07-26T19:01:40.062930,97.955,can0  040  [04]  13 00 60 00
2026-07-26T19:01:40.063196,97.955,can0  040  [04]  13 00 60 00
2026-07-26T19:01:40.163286,98.055,can0  070  [20]  14 30 4D 08 44 B9 62 03 40 9C 00 00 01 02 00 00 0C 03 00 00
2026-07-26T19:01:40.163511,98.056,can0  070  [20]  14 30 4D 08 44 B9 62 03 40 9C 00 00 01 02 00 00 0C 03 00 00
2026-07-26T19:01:40.262522,98.155,can0  041  [04]  36 00 5B 00
2026-07-26T19:01:40.262817,98.155,can0  070  [20]  14 30 4D 08 44 B9 62 03 40 9C 00 00 01 02 00 00 0C 03 00 00
2026-07-26T19:01:40.326295,98.218,can0   002  [04]  09 05 f0 10 0
2026-07-26T19:01:40.363036,98.255,can0  040  [04]  13 00 64 00
2026-07-26T19:01:40.363245,98.255,can0  002  [04]  90 5F 01 00
2026-07-26T19:01:40.363534,98.256,can0  040  [04]  13 00 64 00
2026-07-26T19:01:40.363720,98.256,can0  002  [04]  90 5F 01 00
2026-07-26T19:01:40.463251,98.355,can0  041  [04]  37 00 5F 00
2026-07-26T19:01:40.562249,98.454,can0  040  [04]  10 00 6A 00
2026-07-26T19:01:40.562438,98.455,can0  110  [02]  B3 1A
2026-07-26T19:01:40.662360,98.554,can0  040  [04]  10 00 6A 00
2026-07-26T19:01:40.762216,98.654,can0  041  [04]  36 00 5F 00
2026-07-26T19:01:40.762490,98.655,can0  070  [20]  14 30 4D 08 44 B9 62 03 40 9C 00 00 01 02 00 00 0C 03 00 00
2026-07-26T19:01:40.862293,98.754,can0  060  [32]  00 00 00 00 14 30 4D 08 98 0E B8 10 04 00 32 00 FF 01 00 00 00 00 00 00 01 00 00 00 00 00 00 00
2026-07-26T19:01:40.862550,98.755,can0   002  [04]  09 05 f0 10 0
2026-07-26T19:01:40.863624,98.756,can0  040  [04]  0D 00 6C 00
2026-07-26T19:01:40.867292,98.759,can0  070  [20]  14 30 4D 08 44 B9 62 03 40 9C 00 00 01 02 00 00 0C 03 00 00
2026-07-26T19:01:40.962488,98.855,can0  040  [04]  0D 00 6C 00
2026-07-26T19:01:40.962722,98.855,can0  002  [04]  90 5F 01 00
2026-07-26T19:01:40.962955,98.855,can0  100  [03]  1C 74 04
2026-07-26T19:01:40.966650,98.859,can0  120  [04]  76 6B 00 00
2026-07-26T19:01:41.062433,98.955,can0  041  [04]  36 00 5F 00
2026-07-26T19:01:41.162885,99.055,can0  040  [04]  0D 00 68 00
2026-07-26T19:01:41.163127,99.055,can0  070  [20]  16 30 4D 08 44 B9 62 03 28 A0 00 00 01 02 00 00 52 03 00 00
2026-07-26T19:01:41.163346,99.055,can0  070  [20]  16 30 4D 08 44 B9 62 03 28 A0 00 00 01 02 00 00 53 03 00 00
2026-07-26T19:01:41.163578,99.056,can0  040  [04]  0D 00 68 00
2026-07-26T19:01:41.176847,99.069,can0   002  [04]  09 05 f0 10 0
2026-07-26T19:01:41.262956,99.155,can0  002  [04]  90 5F 01 00
2026-07-26T19:01:41.263025,99.155,can0  070  [20]  16 30 4D 08 44 B9 62 03 28 A0 00 00 01 02 00 00 53 03 00 00
2026-07-26T19:01:41.263233,99.155,can0  041  [04]  35 00 5C 00
2026-07-26T19:01:41.325305,99.217,can0   002  [04]  09 05 f0 10 0
2026-07-26T19:01:41.362590,99.255,can0  060  [32]  00 00 00 00 00 00 00 00 00 00 00 00 00 00 00 00 00 00 00 00 00 00 00 00 00 00 00 00 00 00 00 00
2026-07-26T19:01:41.362799,99.255,can0  002  [04]  90 5F 01 00
2026-07-26T19:01:41.363037,99.255,can0  040  [04]  0F 00 64 00
2026-07-26T19:01:41.363247,99.255,can0  002  [04]  90 5F 01 00
2026-07-26T19:01:41.462899,99.355,can0  040  [04]  0F 00 64 00
2026-07-26T19:01:41.562234,99.454,can0  060  [32]  5A 47 D6 02 E8 35 4D 08 B7 9D 63 03 37 00 24 05 FF 01 00 00 00 00 00 00 01 00 00 00 00 00 00 00
2026-07-26T19:01:41.563137,99.455,can0  041  [04]  34 00 5B 00
2026-07-26T19:01:41.617609,99.510,can0   002  [04]  09 05 f0 10 0
2026-07-26T19:01:41.662634,99.555,can0  132  [00]
2026-07-26T19:01:41.662894,99.555,can0  040  [04]  10 00 63 00
2026-07-26T19:01:41.663117,99.555,can0  001  [05]  00 00 00 00 40
2026-07-26T19:01:41.666271,99.558,can0  002  [04]  90 5F 01 00
2026-07-26T19:01:41.666352,99.558,can0  040  [04]  10 00 63 00
2026-07-26T19:01:41.765082,99.657,can0  070  [20]  16 30 4D 08 44 B9 62 03 28 A0 00 00 01 02 00 00 53 03 00 00
2026-07-26T19:01:41.817911,99.710,can0   002  [04]  09 05 f0 10 0
2026-07-26T19:01:41.862539,99.755,can0  041  [04]  31 00 59 00
2026-07-26T19:01:41.865812,99.758,can0  070  [20]  16 30 4D 08 44 B9 62 03 28 A0 00 00 01 02 00 00 53 03 00 00
2026-07-26T19:01:41.865925,99.758,can0  002  [04]  90 5F 01 00
2026-07-26T19:01:41.963064,99.855,can0  040  [04]  0C 00 68 00
2026-07-26T19:01:41.966606,99.859,can0  040  [04]  0C 00 68 00
2026-07-26T19:01:41.981779,99.874,can0   002  [04]  09 05 f0 10 0
2026-07-26T19:01:42.062566,99.955,can0  002  [04]  90 5F 01 00
2026-07-26T19:01:42.065419,99.957,can0  041  [04]  30 00 59 00
2026-07-26T19:01:42.162256,100.054,can0  070  [20]  1B 30 4D 08 47 B9 62 03 10 A4 00 00 01 02 00 00 66 09 00 00
2026-07-26T19:01:42.162520,100.055,can0  070  [20]  1B 30 4D 08 47 B9 62 03 10 A4 00 00 01 02 00 00 65 09 00 00
2026-07-26T19:01:42.162700,100.055,can0  040  [04]  0C 00 6A 00
2026-07-26T19:01:42.162912,100.055,can0  100  [03]  1C 74 04
2026-07-26T19:01:42.170546,100.063,can0  110  [02]  B4 1A
2026-07-26T19:01:42.170639,100.063,can0  120  [04]  76 6B 00 00
2026-07-26T19:01:42.200158,100.092,can0   002  [04]  09 05 f0 10 0
2026-07-26T19:01:42.263005,100.155,can0  040  [04]  0C 00 6A 00
2026-07-26T19:01:42.263593,100.156,can0  070  [20]  1B 30 4D 08 47 B9 62 03 10 A4 00 00 01 02 00 00 65 09 00 00
2026-07-26T19:01:42.263736,100.156,can0  002  [04]  90 5F 01 00
2026-07-26T19:01:42.362704,100.255,can0  002  [04]  90 5F 01 00
2026-07-26T19:01:42.366351,100.258,can0  041  [04]  2E 00 5B 00
2026-07-26T19:01:42.390883,100.283,can0   002  [04]  09 05 f0 10 0
2026-07-26T19:01:42.463077,100.355,can0  040  [04]  0C 00 69 00
2026-07-26T19:01:42.466700,100.359,can0  002  [04]  90 5F 01 00
2026-07-26T19:01:42.566469,100.459,can0  040  [04]  0C 00 69 00
2026-07-26T19:01:42.665771,100.558,can0  041  [04]  2D 00 5C 00
2026-07-26T19:01:42.763190,100.655,can0  040  [04]  0D 00 66 00
2026-07-26T19:01:42.763458,100.656,can0  070  [20]  1B 30 4D 08 47 B9 62 03 10 A4 00 00 01 02 00 00 65 09 00 00
2026-07-26T19:01:42.763722,100.656,can0  040  [04]  0D 00 66 00
2026-07-26T19:01:42.867737,100.760,can0  060  [32]  00 00 00 00 1B 30 4D 08 9C 0E B8 10 0C 00 AD 00 FF 01 00 00 00 00 00 00 01 00 00 00 00 00 00 00
2026-07-26T19:01:42.867835,100.760,can0  070  [20]  1B 30 4D 08 47 B9 62 03 10 A4 00 00 01 02 00 00 65 09 00 00
2026-07-26T19:01:42.867931,100.760,can0  041  [04]  2D 00 5E 00
2026-07-26T19:01:42.964300,100.856,can0  040  [04]  0E 00 65 00
2026-07-26T19:01:43.066056,100.958,can0  040  [04]  0E 00 65 00
2026-07-26T19:01:43.262479,101.155,can0  070  [20]  1C 30 4D 08 4A B9 62 03 F8 A7 00 00 01 02 00 00 75 03 00 00
2026-07-26T19:01:43.262706,101.155,can0  041  [04]  2C 00 61 00
2026-07-26T19:01:43.263121,101.155,can0   002  [04]  09 05 f0 10 0
2026-07-26T19:01:43.263216,101.155,can0  070  [20]  1C 30 4D 08 4A B9 62 03 F8 A7 00 00 01 02 00 00 76 03 00 00
2026-07-26T19:01:43.263308,101.155,can0  070  [20]  1C 30 4D 08 4A B9 62 03 F8 A7 00 00 01 02 00 00 76 03 00 00
2026-07-26T19:01:43.263524,101.156,can0  040  [04]  0F 00 67 00
2026-07-26T19:01:43.263798,101.156,can0  040  [04]  0F 00 67 00
2026-07-26T19:01:43.362806,101.255,can0  002  [04]  90 5F 01 00
2026-07-26T19:01:43.363221,101.255,can0  060  [32]  00 00 00 00 00 00 00 00 00 00 00 00 00 00 00 00 00 00 00 00 00 00 00 00 00 00 00 00 00 00 00 00
2026-07-26T19:01:43.363314,101.255,can0  002  [04]  90 5F 01 00
2026-07-26T19:01:43.363479,101.256,can0  100  [03]  1D 74 04
2026-07-26T19:01:43.363748,101.256,can0  120  [04]  BC 6B 00 00
2026-07-26T19:01:43.462615,101.355,can0  041  [04]  2C 00 65 00
2026-07-26T19:01:43.462761,101.355,can0  060  [32]  99 8D D6 02 2C B0 4D 08 87 D9 63 03 49 00 EA 0B 33 01 80 00 00 00 00 00 01 00 00 00 00 00 00 00
2026-07-26T19:01:43.566553,101.459,can0  040  [04]  0C 00 69 00
2026-07-26T19:01:43.566647,101.459,can0  040  [04]  0C 00 69 00
2026-07-26T19:01:43.662586,101.555,can0  001  [05]  00 00 00 00 40
2026-07-26T19:01:43.663696,101.556,can0   002  [04]  09 05 f0 10 0
2026-07-26T19:01:43.666946,101.559,can0  041  [04]  2D 00 69 00
2026-07-26T19:01:43.762413,101.654,can0  002  [04]  90 5F 01 00
2026-07-26T19:01:43.763018,101.655,can0  070  [20]  1C 30 4D 08 4A B9 62 03 F8 A7 00 00 01 02 00 00 76 03 00 00
2026-07-26T19:01:43.763266,101.655,can0  040  [04]  0A 00 6C 00
2026-07-26T19:01:43.763514,101.656,can0  110  [02]  B3 1A
2026-07-26T19:01:43.862351,101.754,can0  040  [04]  0A 00 6C 00
2026-07-26T19:01:43.962633,101.855,can0  070  [20]  1C 30 4D 08 4A B9 62 03 F8 A7 00 00 01 02 00 00 76 03 00 00
2026-07-26T19:01:43.962864,101.855,can0  041  [04]  2C 00 6C 00
2026-07-26T19:01:44.062822,101.955,can0  040  [04]  08 00 69 00
2026-07-26T19:01:44.063068,101.955,can0  040  [04]  08 00 69 00
2026-07-26T19:01:44.163059,102.055,can0  070  [20]  1E 30 4D 08 4F B9 62 03 E0 AB 00 00 01 02 00 00 D4 06 00 00
2026-07-26T19:01:44.163329,102.055,can0  070  [20]  1E 30 4D 08 4F B9 62 03 E0 AB 00 00 01 02 00 00 D4 06 00 00
2026-07-26T19:01:44.262387,102.154,can0  041  [04]  2D 00 6A 00
2026-07-26T19:01:44.262659,102.155,can0  070  [20]  1E 30 4D 08 4F B9 62 03 E0 AB 00 00 01 02 00 00 D4 06 00 00
2026-07-26T19:01:44.362703,102.255,can0  040  [04]  0A 00 65 00
2026-07-26T19:01:44.365115,102.257,can0  002  [04]  90 5F 01 00
2026-07-26T19:01:44.365190,102.257,can0  040  [04]  0A 00 65 00
2026-07-26T19:01:44.563014,102.455,can0  041  [04]  2D 00 67 00
2026-07-26T19:01:44.563270,102.455,can0  040  [04]  0C 00 62 00
2026-07-26T19:01:44.563506,102.456,can0  100  [03]  1E 74 04
2026-07-26T19:01:44.563817,102.456,can0  120  [04]  9E 6B 00 00
2026-07-26T19:01:44.662617,102.555,can0  040  [04]  0C 00 62 00
2026-07-26T19:01:44.762398,102.654,can0  060  [32]  28 37 49 06 C6 89 4D 08 B0 83 64 03 55 00 E2 0A 15 01 80 00 00 00 00 00 03 00 00 00 00 00 00 00
2026-07-26T19:01:44.762664,102.655,can0  060  [32]  00 00 00 00 1C 30 4D 08 9F 0E B8 10 04 00 E5 00 FF 01 00 00 00 00 00 01 03 00 00 00 00 00 00 00
2026-07-26T19:01:44.762847,102.655,can0  060  [32]  5F AE D6 02 B7 2D 4D 08 30 A5 63 03 00 00 1A 09 FF 01 00 00 00 00 00 02 03 00 00 00 00 00 00 00
2026-07-26T19:01:44.768704,102.661,can0  041  [04]  2B 00 62 00
2026-07-26T19:01:44.768786,102.661,can0  070  [20]  1E 30 4D 08 4F B9 62 03 E0 AB 00 00 01 02 00 00 D4 06 00 00
2026-07-26T19:01:44.866629,102.759,can0  040  [04]  0B 00 61 00
2026-07-26T19:01:44.963752,102.856,can0  040  [04]  0B 00 61 00
2026-07-26T19:01:45.062449,102.955,can0  041  [04]  29 00 63 00
2026-07-26T19:01:45.063113,102.955,can0  070  [20]  1E 30 4D 08 4F B9 62 03 E0 AB 00 00 01 02 00 00 D4 06 00 00
2026-07-26T19:01:45.063198,102.955,can0  040  [04]  09 00 65 00
2026-07-26T19:01:45.162718,103.055,can0  070  [20]  21 30 4D 08 54 B9 62 03 C8 AF 00 00 01 02 00 00 58 07 00 00
2026-07-26T19:01:45.162816,103.055,can0  070  [20]  21 30 4D 08 54 B9 62 03 C8 AF 00 00 01 02 00 00 57 07 00 00
2026-07-26T19:01:45.162903,103.055,can0  040  [04]  09 00 65 00
2026-07-26T19:01:45.262501,103.155,can0  070  [20]  21 30 4D 08 54 B9 62 03 C8 AF 00 00 01 02 00 00 57 07 00 00
2026-07-26T19:01:45.262722,103.155,can0  041  [04]  29 00 61 00
2026-07-26T19:01:45.371998,103.264,can0  002  [04]  90 5F 01 00
2026-07-26T19:01:45.372295,103.264,can0  110  [02]  B3 1A
2026-07-26T19:01:45.372546,103.265,can0  040  [04]  08 00 68 00
2026-07-26T19:01:45.466734,103.359,can0  040  [04]  08 00 68 00
2026-07-26T19:01:45.562997,103.455,can0  041  [04]  2A 00 5F 00
2026-07-26T19:01:45.663183,103.555,can0  040  [04]  06 00 6B 00
2026-07-26T19:01:45.667323,103.559,can0  001  [05]  00 00 00 00 40
2026-07-26T19:01:45.667409,103.559,can0  040  [04]  06 00 6B 00
2026-07-26T19:01:45.762539,103.655,can0  070  [20]  21 30 4D 08 54 B9 62 03 C8 AF 00 00 01 02 00 00 57 07 00 00
2026-07-26T19:01:45.762785,103.655,can0  100  [03]  1E 74 04
2026-07-26T19:01:45.763048,103.655,can0  120  [04]  30 6B 00 00
2026-07-26T19:01:45.862838,103.755,can0  041  [04]  2C 00 60 00
2026-07-26T19:01:45.863085,103.755,can0  060  [32]  00 00 00 00 21 30 4D 08 A9 0E B8 10 0A 00 19 02 FF 01 00 00 00 00 00 00 01 00 00 00 00 00 00 00
2026-07-26T19:01:45.962956,103.855,can0  040  [04]  07 00 67 00
2026-07-26T19:01:45.966759,103.859,can0  070  [20]  21 30 4D 08 54 B9 62 03 C8 AF 00 00 01 02 00 00 57 07 00 00
2026-07-26T19:01:45.966846,103.859,can0  040  [04]  07 00 67 00
2026-07-26T19:01:46.162777,104.055,can0  041  [04]  2D 00 5F 00
2026-07-26T19:01:46.163683,104.056,can0  070  [20]  21 30 4D 08 59 B9 62 03 B0 B3 00 00 01 02 00 00 D3 04 00 00
2026-07-26T19:01:46.163777,104.056,can0  070  [20]  21 30 4D 08 59 B9 62 03 B0 B3 00 00 01 02 00 00 D4 04 00 00
2026-07-26T19:01:46.163862,104.056,can0  040  [04]  08 00 65 00
2026-07-26T19:01:46.266840,104.159,can0  040  [04]  08 00 65 00
2026-07-26T19:01:46.266934,104.159,can0  070  [20]  21 30 4D 08 59 B9 62 03 B0 B3 00 00 01 02 00 00 D4 04 00 00
2026-07-26T19:01:46.362931,104.255,can0  041  [04]  2C 00 63 00
2026-07-26T19:01:46.363102,104.255,can0  002  [04]  90 5F 01 00
2026-07-26T19:01:46.466322,104.358,can0  040  [04]  06 00 69 00
2026-07-26T19:01:46.466414,104.358,can0  040  [04]  06 00 69 00
2026-07-26T19:01:46.665583,104.558,can0  041  [04]  2C 00 65 00
2026-07-26T19:01:46.762748,104.655,can0  040  [04]  05 00 6A 00
2026-07-26T19:01:46.762924,104.655,can0  133  [00]
2026-07-26T19:01:46.763161,104.655,can0  070  [20]  21 30 4D 08 59 B9 62 03 B0 B3 00 00 01 02 00 00 D4 04 00 00
2026-07-26T19:01:46.763330,104.655,can0  040  [04]  05 00 6A 00
2026-07-26T19:01:46.866267,104.758,can0  070  [20]  21 30 4D 08 59 B9 62 03 B0 B3 00 00 01 02 00 00 D4 04 00 00
2026-07-26T19:01:46.866364,104.758,can0  041  [04]  2C 00 68 00
2026-07-26T19:01:46.963043,104.855,can0  060  [32]  53 DD D5 02 9A B8 4D 08 F9 1E 64 03 01 00 06 05 FF 01 00 00 00 00 00 00 02 00 00 00 00 00 00 00
2026-07-26T19:01:46.963257,104.855,can0  060  [32]  00 00 00 00 21 30 4D 08 AE 0E B8 10 06 00 A0 02 FF 01 00 00 00 00 00 01 02 00 00 00 00 00 00 00
2026-07-26T19:01:46.964521,104.857,can0  100  [03]  1E 74 04
2026-07-26T19:01:46.964609,104.857,can0  040  [04]  04 00 69 00
2026-07-26T19:01:46.964703,104.857,can0  110  [02]  B4 1A
2026-07-26T19:01:46.964789,104.857,can0  120  [04]  62 6B 00 00
2026-07-26T19:01:47.065377,104.957,can0  040  [04]  04 00 69 00
2026-07-26T19:01:47.262874,105.155,can0  070  [20]  21 30 4D 08 60 B9 62 03 98 B7 00 00 01 02 00 00 3B 05 00 00
2026-07-26T19:01:47.263990,105.156,can0  041  [04]  2C 00 68 00
2026-07-26T19:01:47.264449,105.157,can0  070  [20]  21 30 4D 08 60 B9 62 03 98 B7 00 00 01 02 00 00 3C 05 00 00
2026-07-26T19:01:47.264496,105.157,can0  040  [04]  03 00 69 00
2026-07-26T19:01:47.264539,105.157,can0  070  [20]  21 30 4D 08 60 B9 62 03 98 B7 00 00 01 02 00 00 3C 05 00 00
2026-07-26T19:01:47.264647,105.157,can0  040  [04]  03 00 69 00
2026-07-26T19:01:47.366140,105.258,can0  002  [04]  90 5F 01 00
2026-07-26T19:01:47.462495,105.355,can0  060  [32]  00 00 00 00 00 00 00 00 00 00 00 00 00 00 00 00 00 00 00 00 00 00 00 00 00 00 00 00 00 00 00 00
2026-07-26T19:01:47.462742,105.355,can0  041  [04]  2C 00 66 00
2026-07-26T19:01:47.462991,105.355,can0  040  [04]  03 00 6C 00
2026-07-26T19:01:47.562382,105.454,can0  040  [04]  03 00 6C 00
2026-07-26T19:01:47.662551,105.555,can0  041  [04]  2B 00 63 00
2026-07-26T19:01:47.664171,105.556,can0  001  [05]  00 00 00 00 40
2026-07-26T19:01:47.762392,105.654,can0  070  [20]  21 30 4D 08 60 B9 62 03 98 B7 00 00 01 02 00 00 3C 05 00 00
2026-07-26T19:01:47.762686,105.655,can0  040  [04]  03 00 6A 00
2026-07-26T19:01:47.862992,105.755,can0  040  [04]  03 00 6A 00
2026-07-26T19:01:47.863283,105.755,can0  070  [20]  21 30 4D 08 60 B9 62 03 98 B7 00 00 01 02 00 00 3C 05 00 00
2026-07-26T19:01:47.962395,105.854,can0  060  [32]  00 00 00 00 21 30 4D 08 B5 0E B8 10 07 00 BA 02 FF 01 00 00 00 00 00 00 01 00 00 00 00 00 00 00
2026-07-26T19:01:47.964514,105.857,can0  041  [04]  2B 00 60 00
2026-07-26T19:01:48.062257,105.954,can0  040  [04]  02 00 69 00
2026-07-26T19:01:48.062463,105.955,can0  040  [04]  02 00 69 00
2026-07-26T19:01:48.162541,106.055,can0  070  [20]  21 30 4D 08 62 B9 62 03 80 BB 00 00 01 02 00 00 03 01 00 00
2026-07-26T19:01:48.162795,106.055,can0  070  [20]  21 30 4D 08 62 B9 62 03 80 BB 00 00 01 02 00 00 04 01 00 00
2026-07-26T19:01:48.163090,106.055,can0  100  [03]  1D 74 04
2026-07-26T19:01:48.163317,106.055,can0  120  [04]  30 6B 00 00
2026-07-26T19:01:48.262202,106.154,can0  041  [04]  29 00 63 00
2026-07-26T19:01:48.262485,106.155,can0  070  [20]  21 30 4D 08 62 B9 62 03 80 BB 00 00 01 02 00 00 04 01 00 00
2026-07-26T19:01:48.362656,106.255,can0  040  [04]  02 00 6C 00
2026-07-26T19:01:48.362839,106.255,can0  002  [04]  90 5F 01 00
2026-07-26T19:01:48.363065,106.255,can0  040  [04]  02 00 6C 00
2026-07-26T19:01:48.563034,106.455,can0  041  [04]  28 00 65 00
2026-07-26T19:01:48.563264,106.455,can0  060  [32]  74 5E 11 00 25 B3 4D 08 B7 D4 63 03 49 00 D5 0B 30 01 80 00 00 00 00 00 02 00 00 00 00 00 00 00
2026-07-26T19:01:48.563472,106.456,can0  060  [32]  30 7B D6 02 1E B5 4D 08 EB 1D 64 03 00 00 8F 0C 58 00 80 00 00 00 00 01 02 00 00 00 00 00 00 00
2026-07-26T19:01:48.564788,106.457,can0  040  [04]  00 00 70 00
2026-07-26T19:01:48.564981,106.457,can0  110  [02]  B2 1A
2026-07-26T19:01:48.662501,106.555,can0  040  [04]  00 00 70 00
2026-07-26T19:01:48.763047,106.655,can0  070  [20]  21 30 4D 08 62 B9 62 03 80 BB 00 00 01 02 00 00 04 01 00 00
2026-07-26T19:01:48.763251,106.655,can0  041  [04]  28 00 65 00
2026-07-26T19:01:48.862238,106.754,can0  040  [04]  67 01 6F 00
2026-07-26T19:01:48.862500,106.755,can0  070  [20]  21 30 4D 08 62 B9 62 03 80 BB 00 00 01 02 00 00 04 01 00 00
2026-07-26T19:01:48.862746,106.755,can0  040  [04]  67 01 6F 00
2026-07-26T19:01:49.062425,106.955,can0  041  [04]  28 00 64 00
2026-07-26T19:01:49.062659,106.955,can0  040  [04]  67 01 6A 00
2026-07-26T19:01:49.163112,107.055,can0  070  [20]  20 30 4D 08 62 B9 62 03 68 BF 00 00 01 02 00 00 74 02 00 00
2026-07-26T19:01:49.163315,107.055,can0  040  [04]  67 01 6A 00
2026-07-26T19:01:49.163530,107.056,can0  070  [20]  20 30 4D 08 62 B9 62 03 68 BF 00 00 01 02 00 00 73 02 00 00
2026-07-26T19:01:49.263106,107.155,can0  070  [20]  20 30 4D 08 62 B9 62 03 68 BF 00 00 01 02 00 00 73 02 00 00
2026-07-26T19:01:49.266365,107.158,can0  041  [04]  28 00 61 00
2026-07-26T19:01:49.362303,107.254,can0  002  [04]  90 5F 01 00
2026-07-26T19:01:49.362586,107.255,can0  060  [32]  00 00 00 00 21 30 4D 08 B6 0E B8 10 01 00 10 0E FF 01 00 00 00 00 00 00 02 00 00 00 00 00 00 00
2026-07-26T19:01:49.362752,107.255,can0  060  [32]  73 ED D5 02 A3 B9 4D 08 45 1E 64 03 01 00 C9 0C FF 01 00 00 00 00 00 01 02 00 00 00 00 00 00 00
2026-07-26T19:01:49.363792,107.256,can0  040  [04]  67 01 67 00
2026-07-26T19:01:49.363870,107.256,can0  100  [03]  1D 74 04
2026-07-26T19:01:49.364041,107.256,can0  120  [04]  FE 6A 00 00
2026-07-26T19:01:49.463031,107.355,can0  040  [04]  67 01 67 00
2026-07-26T19:01:49.563125,107.455,can0  041  [04]  27 00 5F 00
2026-07-26T19:01:49.663058,107.555,can0  040  [04]  67 01 67 00
2026-07-26T19:01:49.663286,107.555,can0  001  [05]  00 00 00 00 40
2026-07-26T19:01:49.666877,107.559,can0  040  [04]  67 01 67 00
2026-07-26T19:01:49.763326,107.655,can0  070  [20]  20 30 4D 08 62 B9 62 03 68 BF 00 00 01 02 00 00 73 02 00 00
2026-07-26T19:01:49.863056,107.755,can0  041  [04]  27 00 5E 00
2026-07-26T19:01:49.863310,107.755,can0  070  [20]  20 30 4D 08 62 B9 62 03 68 BF 00 00 01 02 00 00 73 02 00 00
2026-07-26T19:01:49.863558,107.756,can0  040  [04]  66 01 6C 00
2026-07-26T19:01:49.962499,107.855,can0  060  [32]  5B DD D5 02 8C B7 4D 08 92 1E 64 03 01 00 92 05 FF 01 00 00 00 00 00 00 02 00 00 00 00 00 00 00
2026-07-26T19:01:49.962729,107.855,can0  060  [32]  00 00 00 00 20 30 4D 08 B6 0E B8 10 03 00 32 03 FF 01 00 00 00 00 00 01 02 00 00 00 00 00 00 00
2026-07-26T19:01:49.966391,107.858,can0  040  [04]  66 01 6C 00
2026-07-26T19:01:50.162959,108.055,can0  041  [04]  24 00 5B 00
2026-07-26T19:01:50.163236,108.055,can0  070  [20]  23 30 4D 08 6A B9 62 03 50 C3 00 00 01 02 00 00 6C 0C 00 00
2026-07-26T19:01:50.163502,108.056,can0  070  [20]  23 30 4D 08 6A B9 62 03 50 C3 00 00 01 02 00 00 6B 0C 00 00
2026-07-26T19:01:50.163764,108.056,can0  040  [04]  64 01 70 00
2026-07-26T19:01:50.163999,108.056,can0  110  [02]  B2 1A
2026-07-26T19:01:50.262727,108.155,can0  040  [04]  64 01 70 00
2026-07-26T19:01:50.265847,108.158,can0  070  [20]  23 30 4D 08 6A B9 62 03 50 C3 00 00 01 02 00 00 6B 0C 00 00
2026-07-26T19:01:50.362550,108.255,can0  041  [04]  20 00 5B 00
2026-07-26T19:01:50.362751,108.255,can0  002  [04]  90 5F 01 00
2026-07-26T19:01:50.462780,108.355,can0  060  [32]  00 00 00 00 00 00 00 00 00 00 00 00 00 00 00 00 00 00 00 00 00 00 00 00 00 00 00 00 00 00 00 00
2026-07-26T19:01:50.463041,108.355,can0  040  [04]  65 01 71 00
2026-07-26T19:01:50.463252,108.355,can0  040  [04]  65 01 71 00
2026-07-26T19:01:50.562772,108.455,can0  100  [03]  1D 74 04
2026-07-26T19:01:50.562992,108.455,can0  120  [04]  EA 6A 00 00
2026-07-26T19:01:50.563225,108.455,can0  041  [04]  1F 00 5E 00
2026-07-26T19:01:50.662647,108.555,can0  040  [04]  65 01 69 00
2026-07-26T19:01:50.762928,108.655,can0  070  [20]  23 30 4D 08 6A B9 62 03 50 C3 00 00 01 02 00 00 6B 0C 00 00
2026-07-26T19:01:50.763157,108.655,can0  040  [04]  65 01 69 00
2026-07-26T19:01:50.862774,108.755,can0  070  [20]  23 30 4D 08 6A B9 62 03 50 C3 00 00 01 02 00 00 6B 0C 00 00
2026-07-26T19:01:50.863030,108.755,can0  041  [04]  1E 00 62 00
2026-07-26T19:01:50.962239,108.854,can0  060  [32]  00 00 00 00 00 00 00 00 00 00 00 00 00 00 00 00 00 00 00 00 00 00 00 00 00 00 00 00 00 00 00 00
2026-07-26T19:01:50.962447,108.855,can0  060  [32]  00 00 00 00 23 30 4D 08 BF 0E B8 10 11 00 68 02 FF 01 00 00 00 00 00 00 01 00 00 00 00 00 00 00
2026-07-26T19:01:50.963428,108.855,can0  040  [04]  67 01 67 00
2026-07-26T19:01:51.062332,108.954,can0  040  [04]  67 01 67 00
2026-07-26T19:01:51.262716,109.155,can0  070  [20]  23 30 4D 08 6D B9 62 03 38 C7 00 00 01 02 00 00 63 03 00 00
2026-07-26T19:01:51.262960,109.155,can0  041  [04]  1F 00 69 00
2026-07-26T19:01:51.263193,109.155,can0  070  [20]  23 30 4D 08 6D B9 62 03 38 C7 00 00 01 02 00 00 62 03 00 00
2026-07-26T19:01:51.263482,109.156,can0  070  [20]  23 30 4D 08 6D B9 62 03 38 C7 00 00 01 02 00 00 62 03 00 00
2026-07-26T19:01:51.263686,109.156,can0  040  [04]  67 01 6A 00
2026-07-26T19:01:51.263918,109.156,can0  040  [04]  67 01 6A 00
2026-07-26T19:01:51.362530,109.255,can0  002  [04]  90 5F 01 00
2026-07-26T19:01:51.366362,109.258,can0  041  [04]  1F 00 70 00
2026-07-26T19:01:51.462642,109.355,can0  040  [04]  67 01 6F 00
2026-07-26T19:01:51.562967,109.455,can0  132  [00]
2026-07-26T19:01:51.563208,109.455,can0  040  [04]  67 01 6F 00
2026-07-26T19:01:51.762346,109.654,can0  041  [04]  1F 00 72 00
2026-07-26T19:01:51.762563,109.655,can0  001  [05]  00 00 00 00 40
2026-07-26T19:01:51.762839,109.655,can0  070  [20]  23 30 4D 08 6D B9 62 03 38 C7 00 00 01 02 00 00 62 03 00 00
2026-07-26T19:01:51.763076,109.655,can0  040  [04]  66 01 73 00
2026-07-26T19:01:51.763287,109.655,can0  100  [03]  1D 74 04
2026-07-26T19:01:51.763681,109.656,can0  110  [02]  B1 1A
2026-07-26T19:01:51.763738,109.656,can0  120  [04]  F4 6A 00 00
2026-07-26T19:01:51.862233,109.754,can0  040  [04]  66 01 73 00
2026-07-26T19:01:51.862490,109.755,can0  070  [20]  23 30 4D 08 6D B9 62 03 38 C7 00 00 01 02 00 00 62 03 00 00
2026-07-26T19:01:51.962711,109.855,can0  041  [04]  20 00 6E 00
2026-07-26T19:01:51.962966,109.855,can0  060  [32]  5A 47 D6 02 3C 35 4D 08 CF 9E 63 03 37 00 40 05 FF 01 00 00 00 00 00 00 02 00 00 00 00 00 00 00
2026-07-26T19:01:51.963153,109.855,can0  060  [32]  00 00 00 00 23 30 4D 08 C2 0E B8 10 04 00 BA 02 FF 01 00 00 00 00 00 01 02 00 00 00 00 00 00 00
2026-07-26T19:01:52.063158,109.955,can0  040  [04]  67 01 72 00
2026-07-26T19:01:52.063381,109.955,can0  040  [04]  67 01 72 00
2026-07-26T19:01:52.163246,110.055,can0  070  [20]  21 30 4D 08 6D B9 62 03 20 CB 00 00 01 02 00 00 DC 00 00 00
2026-07-26T19:01:52.163505,110.056,can0  070  [20]  21 30 4D 08 6D B9 62 03 20 CB 00 00 01 02 00 00 DC 00 00 00
2026-07-26T19:01:52.163742,110.056,can0  041  [04]  20 00 6A 00
2026-07-26T19:01:52.262441,110.155,can0  070  [20]  21 30 4D 08 6D B9 62 03 20 CB 00 00 01 02 00 00 DC 00 00 00
2026-07-26T19:01:52.262736,110.155,can0  040  [04]  01 00 6B 00
2026-07-26T19:01:52.362472,110.255,can0  002  [04]  90 5F 01 00
2026-07-26T19:01:52.362741,110.255,can0  040  [04]  01 00 6B 00
2026-07-26T19:01:52.462708,110.355,can0  060  [32]  00 00 00 00 00 00 00 00 00 00 00 00 00 00 00 00 00 00 00 00 00 00 00 00 00 00 00 00 00 00 00 00
2026-07-26T19:01:52.465883,110.358,can0  041  [04]  22 00 67 00
2026-07-26T19:01:52.562743,110.455,can0  040  [04]  02 00 68 00
2026-07-26T19:01:52.663074,110.555,can0  040  [04]  02 00 68 00
2026-07-26T19:01:52.762699,110.655,can0  041  [04]  25 00 64 00
2026-07-26T19:01:52.765945,110.658,can0  070  [20]  21 30 4D 08 6D B9 62 03 20 CB 00 00 01 02 00 00 DC 00 00 00
2026-07-26T19:01:52.862606,110.755,can0  040  [04]  01 00 6C 00
2026-07-26T19:01:52.862685,110.755,can0  070  [20]  21 30 4D 08 6D B9 62 03 20 CB 00 00 01 02 00 00 DC 00 00 00
2026-07-26T19:01:52.866020,110.758,can0  040  [04]  01 00 6C 00
2026-07-26T19:01:52.962616,110.855,can0  060  [32]  00 00 00 00 00 00 00 00 00 00 00 00 00 00 00 00 00 00 00 00 00 00 00 00 00 00 00 00 00 00 00 00
2026-07-26T19:01:52.963603,110.856,can0  100  [03]  1D 74 04
2026-07-26T19:01:52.963653,110.856,can0  060  [32]  00 00 00 00 21 30 4D 08 C2 0E B8 10 01 00 10 0E FF 01 00 00 00 00 00 00 01 00 00 00 00 00 00 00
2026-07-26T19:01:52.967318,110.859,can0  120  [04]  1C 6B 00 00
2026-07-26T19:01:52.967391,110.859,can0  041  [04]  25 00 65 00
2026-07-26T19:01:53.062759,110.955,can0  040  [04]  00 00 6F 00
2026-07-26T19:01:53.163313,111.055,can0  070  [20]  25 30 4D 08 71 B9 62 03 08 CF 00 00 01 02 00 00 33 06 00 00
2026-07-26T19:01:53.163723,111.056,can0  040  [04]  00 00 6F 00
2026-07-26T19:01:53.163772,111.056,can0  070  [20]  25 30 4D 08 71 B9 62 03 08 CF 00 00 01 02 00 00 33 06 00 00
2026-07-26T19:01:53.266065,111.158,can0  070  [20]  25 30 4D 08 71 B9 62 03 08 CF 00 00 01 02 00 00 33 06 00 00
2026-07-26T19:01:53.266132,111.158,can0  041  [04]  23 00 64 00
2026-07-26T19:01:53.362275,111.254,can0  002  [04]  90 5F 01 00
2026-07-26T19:01:53.362703,111.255,can0  040  [04]  00 00 6B 00
2026-07-26T19:01:53.362751,111.255,can0  110  [02]  B3 1A
2026-07-26T19:01:53.362986,111.255,can0  040  [04]  00 00 6B 00
2026-07-26T19:01:53.466522,111.359,can0  060  [32]  00 00 00 00 00 00 00 00 00 00 00 00 00 00 00 00 00 00 00 00 00 00 00 00 00 00 00 00 00 00 00 00
2026-07-26T19:01:53.567328,111.459,can0  041  [04]  21 00 61 00
2026-07-26T19:01:53.662774,111.555,can0  040  [04]  01 00 65 00
2026-07-26T19:01:53.663051,111.555,can0  040  [04]  01 00 65 00
2026-07-26T19:01:53.663242,111.555,can0  001  [05]  00 00 00 00 40
2026-07-26T19:01:53.762904,111.655,can0  070  [20]  25 30 4D 08 71 B9 62 03 08 CF 00 00 01 02 00 00 33 06 00 00
2026-07-26T19:01:53.763104,111.655,can0  041  [04]  21 00 61 00
2026-07-26T19:01:53.862534,111.755,can0  070  [20]  25 30 4D 08 71 B9 62 03 08 CF 00 00 01 02 00 00 33 06 00 00
2026-07-26T19:01:53.862792,111.755,can0  040  [04]  01 00 67 00
2026-07-26T19:01:53.962403,111.854,can0  040  [04]  01 00 67 00
2026-07-26T19:01:53.962597,111.855,can0  060  [32]  00 00 00 00 25 30 4D 08 C5 0E B8 10 08 00 5F 01 FF 01 00 00 00 00 00 00 01 00 00 00 00 00 00 00
2026-07-26T19:01:54.062920,111.955,can0  041  [04]  22 00 64 00
2026-07-26T19:01:54.162418,112.054,can0  070  [20]  2B 30 4D 08 74 B9 62 03 F0 D2 00 00 01 02 00 00 C2 0B 00 00
2026-07-26T19:01:54.162662,112.055,can0  070  [20]  2B 30 4D 08 74 B9 62 03 F0 D2 00 00 01 02 00 00 C1 0B 00 00
2026-07-26T19:01:54.162883,112.055,can0  040  [04]  00 00 6A 00
2026-07-26T19:01:54.163263,112.055,can0  100  [03]  1D 74 04
2026-07-26T19:01:54.163304,112.055,can0  120  [04]  44 6B 00 00
2026-07-26T19:01:54.262636,112.155,can0  040  [04]  00 00 6A 00
2026-07-26T19:01:54.265298,112.157,can0  070  [20]  2B 30 4D 08 74 B9 62 03 F0 D2 00 00 01 02 00 00 C1 0B 00 00
2026-07-26T19:01:54.366814,112.259,can0  041  [04]  26 00 65 00
2026-07-26T19:01:54.366884,112.259,can0  002  [04]  90 5F 01 00
2026-07-26T19:01:54.462513,112.355,can0  040  [04]  67 01 68 00
2026-07-26T19:01:54.462737,112.355,can0  060  [32]  93 01 D6 02 5E B6 4D 08 D1 1E 64 03 00 00 5D 09 00 00 80 00 00 00 00 00 03 00 00 00 00 00 00 00
2026-07-26T19:01:54.462986,112.355,can0  060  [32]  6E DE D5 02 09 6B 4D 08 45 DC 64 03 00 00 95 0C 39 00 80 00 00 00 00 01 03 00 00 00 00 00 00 00
2026-07-26T19:01:54.463116,112.355,can0  060  [32]  5F AE D6 02 B7 2D 4D 08 30 A5 63 03 00 00 1A 09 FF 01 00 00 00 00 00 02 03 00 00 00 00 00 00 00
2026-07-26T19:01:54.662424,112.554,can0  041  [04]  28 00 63 00
2026-07-26T19:01:54.662649,112.555,can0  040  [04]  00 00 61 00
2026-07-26T19:01:54.762696,112.655,can0  040  [04]  00 00 61 00
2026-07-26T19:01:54.766287,112.658,can0  070  [20]  2B 30 4D 08 74 B9 62 03 F0 D2 00 00 01 02 00 00 C1 0B 00 00
2026-07-26T19:01:54.862418,112.754,can0  070  [20]  2B 30 4D 08 74 B9 62 03 F0 D2 00 00 01 02 00 00 C1 0B 00 00
2026-07-26T19:01:54.866155,112.758,can0  041  [04]  28 00 61 00
2026-07-26T19:01:54.962745,112.855,can0  040  [04]  03 00 5E 00
2026-07-26T19:01:54.963034,112.855,can0  110  [02]  B3 1A
2026-07-26T19:01:54.963112,112.855,can0  060  [32]  00 00 00 00 00 00 00 00 00 00 00 00 00 00 00 00 00 00 00 00 00 00 00 00 00 00 00 00 00 00 00 00
2026-07-26T19:01:54.963255,112.855,can0  060  [32]  00 00 00 00 2B 30 4D 08 C9 0E B8 10 10 00 E5 00 FF 01 00 00 00 00 00 00 01 00 00 00 00 00 00 00
2026-07-26T19:01:54.967888,112.860,can0  040  [04]  03 00 5E 00
2026-07-26T19:01:55.262607,113.155,can0  041  [04]  26 00 63 00
2026-07-26T19:01:55.267280,113.159,can0  070  [20]  2D 30 4D 08 72 B9 62 03 D8 D6 00 00 01 02 00 00 CE 03 00 00
2026-07-26T19:01:55.267343,113.159,can0  070  [20]  2D 30 4D 08 72 B9 62 03 D8 D6 00 00 01 02 00 00 CE 03 00 00
2026-07-26T19:01:55.267386,113.159,can0  040  [04]  02 00 5E 00
2026-07-26T19:01:55.267423,113.159,can0  070  [20]  2D 30 4D 08 72 B9 62 03 D8 D6 00 00 01 02 00 00 CE 03 00 00
2026-07-26T19:01:55.267482,113.160,can0  040  [04]  02 00 5E 00
2026-07-26T19:01:55.362520,113.255,can0  002  [04]  90 5F 01 00
2026-07-26T19:01:55.362588,113.255,can0  100  [03]  1C 74 04
2026-07-26T19:01:55.362731,113.255,can0  120  [04]  30 6B 00 00
2026-07-26T19:01:55.363006,113.255,can0  041  [04]  26 00 64 00
2026-07-26T19:01:55.462480,113.355,can0  040  [04]  01 00 63 00
2026-07-26T19:01:55.462719,113.355,can0  060  [32]  53 DD D5 02 9A B8 4D 08 FC 1E 64 03 01 00 5C 05 FF 01 00 00 00 00 00 00 02 00 00 00 00 00 00 00
2026-07-26T19:01:55.462895,113.355,can0  060  [32]  F0 25 B4 0D DC 8D 4D 08 0A 12 65 03 01 00 7A 00 27 01 80 00 00 00 00 01 02 00 00 00 00 00 00 00
2026-07-26T19:01:55.565224,113.457,can0  040  [04]  01 00 63 00
2026-07-26T19:01:55.763087,113.655,can0  041  [04]  26 00 63 00
2026-07-26T19:01:55.763727,113.656,can0  001  [05]  00 00 00 00 40
2026-07-26T19:01:55.763780,113.656,can0  070  [20]  2D 30 4D 08 72 B9 62 03 D8 D6 00 00 01 02 00 00 CE 03 00 00
2026-07-26T19:01:55.764029,113.656,can0  040  [04]  02 00 63 00
2026-07-26T19:01:55.764089,113.656,can0  040  [04]  02 00 63 00
2026-07-26T19:01:55.866386,113.758,can0  070  [20]  2D 30 4D 08 72 B9 62 03 D8 D6 00 00 01 02 00 00 CE 03 00 00
2026-07-26T19:01:55.962410,113.854,can0  041  [04]  28 00 65 00
2026-07-26T19:01:55.962613,113.855,can0  060  [32]  00 00 00 00 2D 30 4D 08 C7 0E B8 10 05 00 95 00 FF 01 00 00 00 00 00 00 01 00 00 00 00 00 00 00
2026-07-26T19:01:56.062722,113.955,can0  040  [04]  02 00 66 00
2026-07-26T19:01:56.062928,113.955,can0  040  [04]  02 00 66 00
2026-07-26T19:01:56.162377,114.054,can0  070  [20]  2F 30 4D 08 72 B9 62 03 C0 DA 00 00 01 02 00 00 20 02 00 00
2026-07-26T19:01:56.162604,114.055,can0  070  [20]  2F 30 4D 08 72 B9 62 03 C0 DA 00 00 01 02 00 00 20 02 00 00
2026-07-26T19:01:56.166480,114.059,can0  041  [04]  29 00 64 00
2026-07-26T19:01:56.262856,114.155,can0  070  [20]  2F 30 4D 08 72 B9 62 03 C0 DA 00 00 01 02 00 00 20 02 00 00
2026-07-26T19:01:56.263082,114.155,can0  040  [04]  03 00 69 00
2026-07-26T19:01:56.362658,114.255,can0  040  [04]  03 00 69 00
2026-07-26T19:01:56.362836,114.255,can0  002  [04]  90 5F 01 00
2026-07-26T19:01:56.562996,114.455,can0  041  [04]  29 00 64 00
2026-07-26T19:01:56.563215,114.455,can0  060  [32]  00 00 00 00 00 00 00 00 00 00 00 00 00 00 00 00 00 00 00 00 00 00 00 00 00 00 00 00 00 00 00 00
2026-07-26T19:01:56.563441,114.456,can0  040  [04]  03 00 6B 00
2026-07-26T19:01:56.563664,114.456,can0  100  [03]  1C 74 04
2026-07-26T19:01:56.563887,114.456,can0  110  [02]  B3 1A
2026-07-26T19:01:56.564100,114.456,can0  120  [04]  76 6B 00 00
2026-07-26T19:01:56.564321,114.456,can0  040  [04]  03 00 6B 00
2026-07-26T19:01:56.663007,114.555,can0  133  [00]
2026-07-26T19:01:56.762811,114.655,can0  041  [04]  29 00 69 00
2026-07-26T19:01:56.763041,114.655,can0  070  [20]  2F 30 4D 08 72 B9 62 03 C0 DA 00 00 01 02 00 00 20 02 00 00
2026-07-26T19:01:56.763249,114.655,can0  040  [04]  04 00 6B 00
2026-07-26T19:01:56.862473,114.755,can0  070  [20]  2F 30 4D 08 72 B9 62 03 C0 DA 00 00 01 02 00 00 20 02 00 00
2026-07-26T19:01:56.862728,114.755,can0  040  [04]  04 00 6B 00
2026-07-26T19:01:56.962467,114.855,can0  041  [04]  29 00 68 00
2026-07-26T19:01:56.962728,114.855,can0  060  [32]  00 00 00 00 00 00 00 00 00 00 00 00 00 00 00 00 00 00 00 00 00 00 00 00 00 00 00 00 00 00 00 00
2026-07-26T19:01:57.062494,114.955,can0  060  [32]  00 00 00 00 2F 30 4D 08 C7 0E B8 10 02 00 B4 00 FF 01 00 00 00 00 00 00 01 00 00 00 00 00 00 00
2026-07-26T19:01:57.063544,114.956,can0  040  [04]  03 00 69 00
2026-07-26T19:01:57.063656,114.956,can0   002  [04]  0d 85 30 10 0
2026-07-26T19:01:57.162353,115.054,can0  002  [04]  D8 53 01 00
2026-07-26T19:01:57.162595,115.055,can0  070  [20]  2F 30 4D 08 72 B9 62 03 A8 DE 00 00 01 02 00 00 E9 00 00 00
2026-07-26T19:01:57.162816,115.055,can0  040  [04]  03 00 69 00
2026-07-26T19:01:57.163079,115.055,can0  070  [20]  2F 30 4D 08 72 B9 62 03 A8 DE 00 00 01 02 00 00 E9 00 00 00
2026-07-26T19:01:57.262657,115.155,can0  070  [20]  2F 30 4D 08 72 B9 62 03 A8 DE 00 00 01 02 00 00 E9 00 00 00
2026-07-26T19:01:57.262892,115.155,can0  041  [04]  28 00 67 00
2026-07-26T19:01:57.362966,115.255,can0  002  [04]  90 5F 01 00
2026-07-26T19:01:57.367180,115.259,can0  040  [04]  04 00 6C 00
2026-07-26T19:01:57.367356,115.259,can0  040  [04]  04 00 6C 00
2026-07-26T19:01:57.563082,115.455,can0  060  [32]  00 00 00 00 00 00 00 00 00 00 00 00 00 00 00 00 00 00 00 00 00 00 00 00 00 00 00 00 00 00 00 00
2026-07-26T19:01:57.563333,115.455,can0  041  [04]  29 00 69 00
2026-07-26T19:01:57.662989,115.555,can0  040  [04]  05 00 70 00
2026-07-26T19:01:57.663368,115.555,can0  040  [04]  05 00 70 00
2026-07-26T19:01:57.663420,115.555,can0  001  [05]  00 00 00 00 40
2026-07-26T19:01:57.762362,115.654,can0  070  [20]  2F 30 4D 08 72 B9 62 03 A8 DE 00 00 01 02 00 00 E9 00 00 00
2026-07-26T19:01:57.762562,115.655,can0  100  [03]  1C 74 04
2026-07-26T19:01:57.762916,115.655,can0  120  [04]  94 6B 00 00
2026-07-26T19:01:57.762962,115.655,can0  041  [04]  2C 00 6B 00
2026-07-26T19:01:57.863180,115.755,can0  070  [20]  2F 30 4D 08 72 B9 62 03 A8 DE 00 00 01 02 00 00 E9 00 00 00
2026-07-26T19:01:57.866748,115.759,can0  040  [04]  05 00 71 00
2026-07-26T19:01:57.962735,115.855,can0  040  [04]  05 00 71 00
2026-07-26T19:01:58.063751,115.956,can0  060  [32]  00 00 00 00 2F 30 4D 08 C7 0E B8 10 01 00 10 0E FF 01 00 00 00 00 00 00 01 00 00 00 00 00 00 00
2026-07-26T19:01:58.063816,115.956,can0  041  [04]  2E 00 6B 00
2026-07-26T19:01:58.162734,116.055,can0  070  [20]  32 30 4D 08 77 B9 62 03 90 E2 00 00 01 02 00 00 59 09 00 00
2026-07-26T19:01:58.163164,116.055,can0  040  [04]  05 00 74 00
2026-07-26T19:01:58.163212,116.055,can0  070  [20]  32 30 4D 08 77 B9 62 03 90 E2 00 00 01 02 00 00 58 09 00 00
2026-07-26T19:01:58.163256,116.055,can0  110  [02]  B3 1A
2026-07-26T19:01:58.163380,116.055,can0  040  [04]  05 00 74 00
2026-07-26T19:01:58.266459,116.159,can0  070  [20]  32 30 4D 08 77 B9 62 03 90 E2 00 00 01 02 00 00 58 09 00 00
2026-07-26T19:01:58.362547,116.255,can0  041  [04]  2E 00 69 00
2026-07-26T19:01:58.362716,116.255,can0  002  [04]  90 5F 01 00
2026-07-26T19:01:58.366230,116.258,can0  040  [04]  04 00 74 00
2026-07-26T19:01:58.463439,116.356,can0  040  [04]  04 00 74 00
2026-07-26T19:01:58.562704,116.455,can0  060  [32]  00 00 00 00 00 00 00 00 00 00 00 00 00 00 00 00 00 00 00 00 00 00 00 00 00 00 00 00 00 00 00 00
2026-07-26T19:01:58.566178,116.458,can0  041  [04]  30 00 68 00
2026-07-26T19:01:58.665499,116.558,can0  040  [04]  04 00 6E 00
2026-07-26T19:01:58.762317,116.654,can0  040  [04]  04 00 6E 00
2026-07-26T19:01:58.768333,116.660,can0  070  [20]  32 30 4D 08 77 B9 62 03 90 E2 00 00 01 02 00 00 58 09 00 00
2026-07-26T19:01:58.862708,116.755,can0  070  [20]  32 30 4D 08 77 B9 62 03 90 E2 00 00 01 02 00 00 58 09 00 00
2026-07-26T19:01:58.866888,116.759,can0  041  [04]  31 00 65 00
2026-07-26T19:01:58.962346,116.854,can0  040  [04]  06 00 66 00
2026-07-26T19:01:58.962552,116.855,can0  100  [03]  1D 74 04
2026-07-26T19:01:58.966265,116.858,can0  120  [04]  8A 6B 00 00
2026-07-26T19:01:58.966320,116.858,can0  040  [04]  06 00 66 00
2026-07-26T19:01:59.062251,116.954,can0  060  [32]  00 00 00 00 00 00 00 00 00 00 00 00 00 00 00 00 00 00 00 00 00 00 00 00 00 00 00 00 00 00 00 00
2026-07-26T19:01:59.062446,116.955,can0  060  [32]  00 00 00 00 32 30 4D 08 CC 0E B8 10 0C 00 DE 01 FF 01 00 00 00 00 00 00 01 00 00 00 00 00 00 00
2026-07-26T19:01:59.162232,117.054,can0  041  [04]  30 00 67 00
2026-07-26T19:01:59.162741,117.055,can0  070  [20]  30 30 4D 08 77 B9 62 03 78 E6 00 00 01 02 00 00 DF 06 00 00
2026-07-26T19:01:59.166487,117.059,can0  070  [20]  30 30 4D 08 77 B9 62 03 78 E6 00 00 01 02 00 00 DF 06 00 00
2026-07-26T19:01:59.166544,117.059,can0  040  [04]  07 00 67 00
2026-07-26T19:01:59.262655,117.155,can0  070  [20]  30 30 4D 08 77 B9 62 03 78 E6 00 00 01 02 00 00 DF 06 00 00
2026-07-26T19:01:59.262863,117.155,can0  040  [04]  07 00 67 00
2026-07-26T19:01:59.362180,117.254,can0  002  [04]  90 5F 01 00
2026-07-26T19:01:59.365838,117.258,can0  041  [04]  2E 00 66 00
2026-07-26T19:01:59.466284,117.358,can0  040  [04]  06 00 6D 00
2026-07-26T19:01:59.565661,117.458,can0  040  [04]  06 00 6D 00
2026-07-26T19:01:59.762271,117.654,can0  041  [04]  2B 00 69 00
2026-07-26T19:01:59.766299,117.658,can0  001  [05]  00 00 00 00 40
2026-07-26T19:01:59.766390,117.658,can0  070  [20]  30 30 4D 08 77 B9 62 03 78 E6 00 00 01 02 00 00 DF 06 00 00
2026-07-26T19:01:59.766475,117.659,can0  040  [04]  03 00 73 00
2026-07-26T19:01:59.766556,117.659,can0  110  [02]  B2 1A
2026-07-26T19:01:59.766637,117.659,can0  040  [04]  03 00 73 00
2026-07-26T19:01:59.865953,117.758,can0  070  [20]  30 30 4D 08 77 B9 62 03 78 E6 00 00 01 02 00 00 DF 06 00 00
2026-07-26T19:01:59.965769,117.858,can0  041  [04]  2B 00 68 00
2026-07-26T19:02:00.063297,117.955,can0  040  [04]  03 00 73 00
2026-07-26T19:02:00.063366,117.955,can0  060  [32]  30 7B D6 02 1E B5 4D 08 EB 1D 64 03 00 00 7A 00 58 00 80 00 00 00 00 00 02 00 00 00 00 00 00 00
2026-07-26T19:02:00.064320,117.956,can0  060  [32]  00 00 00 00 30 30 4D 08 CC 0E B8 10 09 00 38 04 FF 01 00 00 00 00 00 01 02 00 00 00 00 00 00 00
2026-07-26T19:02:00.068000,117.960,can0  040  [04]  03 00 73 00
2026-07-26T19:02:00.162871,118.055,can0  070  [20]  32 30 4D 08 76 B9 62 03 00 00 00 00 02 02 00 00 42 01 00 00
2026-07-26T19:02:00.163120,118.055,can0  070  [20]  32 30 4D 08 76 B9 62 03 00 00 00 00 02 02 00 00 42 01 00 00
2026-07-26T19:02:00.163365,118.055,can0  100  [03]  1D 74 04
2026-07-26T19:02:00.163566,118.056,can0  120  [04]  6C 6B 00 00
2026-07-26T19:02:00.163771,118.056,can0  041  [04]  2D 00 64 00
2026-07-26T19:02:00.262136,118.154,can0  070  [20]  32 30 4D 08 76 B9 62 03 00 00 00 00 02 02 00 00 42 01 00 00
2026-07-26T19:02:00.267200,118.159,can0  040  [04]  07 00 6B 00
2026-07-26T19:02:00.362463,118.255,can0  040  [04]  07 00 6B 00
2026-07-26T19:02:00.362647,118.255,can0  002  [04]  90 5F 01 00
2026-07-26T19:02:00.562370,118.454,can0  041  [04]  2F 00 61 00
2026-07-26T19:02:00.562575,118.455,can0  040  [04]  08 00 65 00
2026-07-26T19:02:00.562813,118.455,can0  060  [32]  00 00 00 00 00 00 00 00 00 00 00 00 00 00 00 00 00 00 00 00 00 00 00 00 00 00 00 00 00 00 00 00
2026-07-26T19:02:00.563034,118.455,can0  040  [04]  08 00 65 00
2026-07-26T19:02:00.762408,118.654,can0  041  [04]  30 00 5E 00
2026-07-26T19:02:00.762630,118.655,can0  070  [20]  32 30 4D 08 76 B9 62 03 00 00 00 00 02 02 00 00 42 01 00 00
2026-07-26T19:02:00.762848,118.655,can0  040  [04]  06 00 6A 00
2026-07-26T19:02:00.862595,118.755,can0  070  [20]  32 30 4D 08 76 B9 62 03 00 00 00 00 02 02 00 00 42 01 00 00
2026-07-26T19:02:00.862812,118.755,can0  040  [04]  06 00 6A 00
2026-07-26T19:02:00.965160,118.857,can0  041  [04]  2E 00 5D 00
2026-07-26T19:02:01.062120,118.954,can0  060  [32]  00 00 00 00 32 30 4D 08 CA 0E B8 10 01 00 10 0E FF 01 00 00 00 00 00 00 01 00 00 00 00 00 00 00
2026-07-26T19:02:01.065049,118.957,can0  040  [04]  03 00 71 00
2026-07-26T19:02:01.166461,119.059,can0  070  [20]  35 30 4D 08 7C B9 62 03 E8 03 00 00 02 02 00 00 F9 0A 00 00
2026-07-26T19:02:01.166529,119.059,can0  040  [04]  03 00 71 00
2026-07-26T19:02:01.166574,119.059,can0  070  [20]  35 30 4D 08 7C B9 62 03 E8 03 00 00 02 02 00 00 F9 0A 00 00
2026-07-26T19:02:01.262662,119.155,can0  070  [20]  35 30 4D 08 7C B9 62 03 E8 03 00 00 02 02 00 00 F9 0A 00 00
2026-07-26T19:02:01.266432,119.159,can0  041  [04]  2E 00 5F 00
2026-07-26T19:02:01.362603,119.255,can0  040  [04]  03 00 77 00
2026-07-26T19:02:01.362717,119.255,can0  002  [04]  90 5F 01 00
2026-07-26T19:02:01.362892,119.255,can0  100  [03]  1F 74 04
2026-07-26T19:02:01.363359,119.255,can0  110  [02]  B1 1A
2026-07-26T19:02:01.363402,119.255,can0  120  [04]  44 6B 00 00
2026-07-26T19:02:01.363440,119.256,can0  040  [04]  03 00 77 00
2026-07-26T19:02:01.363548,119.256,can0  132  [00]
2026-07-26T19:02:01.562460,119.455,can0  041  [04]  30 00 62 00
2026-07-26T19:02:01.562711,119.455,can0  040  [04]  04 00 6F 00
2026-07-26T19:02:01.662876,119.555,can0  060  [32]  48 BE 07 05 46 82 4D 08 72 84 62 03 01 00 54 00 64 00 80 00 00 00 00 00 02 00 00 00 00 00 00 00
2026-07-26T19:02:01.663073,119.555,can0  060  [32]  5A 47 D6 02 8D 34 4D 08 E4 9F 63 03 36 00 34 05 FF 01 00 00 00 00 00 01 02 00 00 00 00 00 00 00
2026-07-26T19:02:01.663942,119.556,can0  040  [04]  04 00 6F 00
2026-07-26T19:02:01.664159,119.556,can0  001  [05]  00 00 00 00 40
2026-07-26T19:02:01.762356,119.654,can0  070  [20]  35 30 4D 08 7C B9 62 03 E8 03 00 00 02 02 00 00 F9 0A 00 00
2026-07-26T19:02:01.762586,119.655,can0  041  [04]  31 00 61 00
2026-07-26T19:02:01.862380,119.754,can0  070  [20]  35 30 4D 08 7C B9 62 03 E8 03 00 00 02 02 00 00 F9 0A 00 00
2026-07-26T19:02:01.862612,119.755,can0  040  [04]  08 00 69 00
2026-07-26T19:02:01.962747,119.855,can0  040  [04]  08 00 69 00
2026-07-26T19:02:02.062825,119.955,can0  041  [04]  32 00 63 00
2026-07-26T19:02:02.163082,120.055,can0  070  [20]  37 30 4D 08 7E B9 62 03 D0 07 00 00 02 02 00 00 42 01 00 00
2026-07-26T19:02:02.163293,120.055,can0  040  [04]  0A 00 6B 00
2026-07-26T19:02:02.163509,120.056,can0  070  [20]  37 30 4D 08 7E B9 62 03 D0 07 00 00 02 02 00 00 42 01 00 00
2026-07-26T19:02:02.163761,120.056,can0  040  [04]  0A 00 6B 00
2026-07-26T19:02:02.262914,120.155,can0  070  [20]  37 30 4D 08 7E B9 62 03 D0 07 00 00 02 02 00 00 42 01 00 00
2026-07-26T19:02:02.263141,120.155,can0  041  [04]  34 00 64 00
2026-07-26T19:02:02.365600,120.258,can0  002  [04]  90 5F 01 00
2026-07-26T19:02:02.365706,120.258,can0  040  [04]  0A 00 6D 00
2026-07-26T19:02:02.462419,120.354,can0  040  [04]  0A 00 6D 00
2026-07-26T19:02:02.462648,120.355,can0  060  [32]  00 00 00 00 35 30 4D 08 D1 0E B8 10 0F 00 8D 02 FF 01 00 00 00 00 00 00 02 00 00 00 00 00 00 00
2026-07-26T19:02:02.462828,120.355,can0  060  [32]  8D 05 D6 02 13 86 4D 08 9A 51 65 03 01 00 49 00 B0 00 80 00 00 00 00 01 02 00 00 00 00 00 00 00
2026-07-26T19:02:02.562958,120.455,can0  100  [03]  20 74 04
2026-07-26T19:02:02.563145,120.455,can0  120  [04]  3A 6B 00 00
2026-07-26T19:02:02.563348,120.455,can0  041  [04]  34 00 66 00
2026-07-26T19:02:02.662548,120.555,can0  040  [04]  0A 00 6C 00
2026-07-26T19:02:02.763021,120.655,can0  070  [20]  37 30 4D 08 7E B9 62 03 D0 07 00 00 02 02 00 00 42 01 00 00
2026-07-26T19:02:02.763220,120.655,can0  040  [04]  0A 00 6C 00
2026-07-26T19:02:02.863074,120.755,can0  041  [04]  34 00 65 00
2026-07-26T19:02:02.863303,120.755,can0  070  [20]  37 30 4D 08 7E B9 62 03 D0 07 00 00 02 02 00 00 42 01 00 00
2026-07-26T19:02:02.962681,120.855,can0  040  [04]  0C 00 6A 00
2026-07-26T19:02:02.962874,120.855,can0  110  [02]  B3 1A
2026-07-26T19:02:02.963076,120.855,can0  040  [04]  0C 00 6A 00
2026-07-26T19:02:03.062853,120.955,can0  060  [32]  1B FE D5 02 1F CA 4D 08 51 81 63 03 64 00 A1 0A 12 01 80 00 00 00 00 00 02 00 00 00 00 00 00 00
2026-07-26T19:02:03.063040,120.955,can0  060  [32]  00 00 00 00 37 30 4D 08 D3 0E B8 10 01 00 10 0E FF 01 00 00 00 00 00 01 02 00 00 00 00 00 00 00
2026-07-26T19:02:03.063960,120.956,can0  041  [04]  33 00 67 00
2026-07-26T19:02:03.163176,121.055,can0  070  [20]  35 30 4D 08 7E B9 62 03 B8 0B 00 00 02 02 00 00 57 01 00 00
2026-07-26T19:02:03.163387,121.055,can0  070  [20]  35 30 4D 08 7E B9 62 03 B8 0B 00 00 02 02 00 00 56 01 00 00
2026-07-26T19:02:03.163598,121.056,can0  040  [04]  0C 00 6C 00
2026-07-26T19:02:03.262516,121.155,can0  070  [20]  35 30 4D 08 7E B9 62 03 B8 0B 00 00 02 02 00 00 56 01 00 00
2026-07-26T19:02:03.262763,121.155,can0  040  [04]  0C 00 6C 00
2026-07-26T19:02:03.362295,121.254,can0  002  [04]  90 5F 01 00
2026-07-26T19:02:03.362532,121.255,can0  041  [04]  35 00 67 00
2026-07-26T19:02:03.462718,121.355,can0  040  [04]  09 00 6C 00
2026-07-26T19:02:03.562812,121.455,can0  040  [04]  09 00 6C 00
2026-07-26T19:02:03.762906,121.655,can0  041  [04]  36 00 69 00
2026-07-26T19:02:03.763121,121.655,can0  060  [32]  5F AE D6 02 B7 2D 4D 08 30 A5 63 03 00 00 1A 09 FF 01 00 00 00 00 00 00 02 00 00 00 00 00 00 00
2026-07-26T19:02:03.763296,121.655,can0  060  [32]  99 8D D6 02 B8 B1 4D 08 09 D6 63 03 48 00 DE 0B 30 01 80 00 00 00 00 01 02 00 00 00 00 00 00 00
2026-07-26T19:02:03.764302,121.656,can0  001  [05]  00 00 00 00 40
2026-07-26T19:02:03.764569,121.657,can0  070  [20]  35 30 4D 08 7E B9 62 03 B8 0B 00 00 02 02 00 00 56 01 00 00
2026-07-26T19:02:03.764827,121.657,can0  040  [04]  06 00 69 00
2026-07-26T19:02:03.765062,121.657,can0  100  [03]  1F 74 04
2026-07-26T19:02:03.765247,121.657,can0  120  [04]  62 6B 00 00
2026-07-26T19:02:03.765471,121.658,can0  040  [04]  06 00 69 00
2026-07-26T19:02:03.863157,121.755,can0  070  [20]  35 30 4D 08 7E B9 62 03 B8 0B 00 00 02 02 00 00 56 01 00 00
2026-07-26T19:02:03.863392,121.755,can0  041  [04]  35 00 66 00
2026-07-26T19:02:04.012694,121.905,can0  040  [04]  04 00 68 00
2026-07-26T19:02:04.115401,122.007,can0  040  [04]  04 00 68 00
2026-07-26T19:02:04.217607,122.110,can0  070  [20]  37 30 4D 08 7E B9 62 03 A0 0F 00 00 02 02 00 00 47 02 00 00
2026-07-26T19:02:04.217727,122.110,can0  070  [20]  37 30 4D 08 7E B9 62 03 A0 0F 00 00 02 02 00 00 48 02 00 00
2026-07-26T19:02:04.217808,122.110,can0  041  [04]  35 00 65 00
2026-07-26T19:02:04.312560,122.205,can0  070  [20]  37 30 4D 08 7E B9 62 03 A0 0F 00 00 02 02 00 00 48 02 00 00
2026-07-26T19:02:04.312832,122.205,can0  040  [04]  03 00 64 00
2026-07-26T19:02:04.412169,122.304,can0  040  [04]  03 00 64 00
2026-07-26T19:02:04.412379,122.304,can0  002  [04]  90 5F 01 00
2026-07-26T19:02:04.612720,122.505,can0  041  [04]  34 00 62 00
2026-07-26T19:02:04.612932,122.505,can0  040  [04]  03 00 61 00
2026-07-26T19:02:04.613089,122.505,can0  110  [02]  B2 1A
2026-07-26T19:02:04.613351,122.505,can0  040  [04]  03 00 61 00
2026-07-26T19:02:04.613707,122.506,can0  060  [32]  6E DE D5 02 0E 6B 4D 08 4D DC 64 03 00 00 95 0C 39 00 80 00 00 00 00 00 03 00 00 00 00 00 00 00
2026-07-26T19:02:04.613922,122.506,can0  060  [32]  00 00 00 00 35 30 4D 08 D3 0E B8 10 01 00 10 0E FF 01 00 00 00 00 00 01 03 00 00 00 00 00 00 00
2026-07-26T19:02:04.614101,122.506,can0  060  [32]  53 DD D5 02 9A B8 4D 08 00 1F 64 03 01 00 5E 05 FF 01 00 00 00 00 00 02 03 00 00 00 00 00 00 00
2026-07-26T19:02:04.712768,122.605,can0  041  [04]  31 00 61 00
2026-07-26T19:02:04.813129,122.705,can0  070  [20]  37 30 4D 08 7E B9 62 03 A0 0F 00 00 02 02 00 00 48 02 00 00
2026-07-26T19:02:04.813418,122.705,can0  040  [04]  02 00 63 00
2026-07-26T19:02:04.912905,122.805,can0  070  [20]  37 30 4D 08 7E B9 62 03 A0 0F 00 00 02 02 00 00 48 02 00 00
2026-07-26T19:02:04.913171,122.805,can0  040  [04]  02 00 63 00
2026-07-26T19:02:05.112853,123.005,can0  100  [03]  20 74 04
2026-07-26T19:02:05.113117,123.005,can0  120  [04]  9E 6B 00 00
2026-07-26T19:02:05.113372,123.005,can0  041  [04]  31 00 61 00
2026-07-26T19:02:05.113690,123.006,can0  040  [04]  02 00 68 00
2026-07-26T19:02:05.113947,123.006,can0  060  [32]  00 00 00 00 00 00 00 00 00 00 00 00 00 00 00 00 00 00 00 00 00 00 00 00 00 00 00 00 00 00 00 00
2026-07-26T19:02:05.114219,123.006,can0  040  [04]  02 00 68 00
2026-07-26T19:02:05.212902,123.105,can0  060  [32]  00 00 00 00 37 30 4D 08 D3 0E B8 10 03 00 80 02 FF 01 00 00 00 00 00 00 01 00 00 00 00 00 00 00
2026-07-26T19:02:05.213904,123.106,can0  070  [20]  3A 30 4D 08 81 B9 62 03 88 13 00 00 02 02 00 00 8E 09 00 00
2026-07-26T19:02:05.214149,123.106,can0  070  [20]  3A 30 4D 08 81 B9 62 03 88 13 00 00 02 02 00 00 8E 09 00 00
2026-07-26T19:02:05.312981,123.205,can0  070  [20]  3A 30 4D 08 81 B9 62 03 88 13 00 00 02 02 00 00 8E 09 00 00
2026-07-26T19:02:05.313254,123.205,can0  041  [04]  30 00 61 00
2026-07-26T19:02:05.412589,123.305,can0  040  [04]  02 00 6D 00
2026-07-26T19:02:05.412946,123.305,can0  002  [04]  90 5F 01 00
2026-07-26T19:02:05.413024,123.305,can0  040  [04]  02 00 6D 00
2026-07-26T19:02:05.613091,123.505,can0  041  [04]  2F 00 61 00
2026-07-26T19:02:05.613365,123.505,can0  040  [04]  03 00 69 00
2026-07-26T19:02:05.712168,123.604,can0  060  [32]  00 00 00 00 00 00 00 00 00 00 00 00 00 00 00 00 00 00 00 00 00 00 00 00 00 00 00 00 00 00 00 00
2026-07-26T19:02:05.712438,123.605,can0  040  [04]  03 00 69 00
2026-07-26T19:02:05.712714,123.605,can0  001  [05]  00 00 00 00 40
2026-07-26T19:02:05.812339,123.704,can0  070  [20]  3A 30 4D 08 81 B9 62 03 88 13 00 00 02 02 00 00 8E 09 00 00
2026-07-26T19:02:05.814011,123.706,can0  041  [04]  2D 00 5F 00
2026-07-26T19:02:05.912296,123.804,can0  040  [04]  03 00 69 00
2026-07-26T19:02:05.912594,123.805,can0  070  [20]  3A 30 4D 08 81 B9 62 03 88 13 00 00 02 02 00 00 8E 09 00 00
2026-07-26T19:02:06.012569,123.905,can0  040  [04]  03 00 69 00
2026-07-26T19:02:06.012762,123.905,can0  060  [32]  85 18 D6 02 6D B6 4D 08 6C 1F 64 03 00 00 78 0A 67 01 80 00 00 00 00 00 01 00 00 00 00 00 00 00
2026-07-26T19:02:06.112712,124.005,can0  041  [04]  2C 00 5E 00
2026-07-26T19:02:06.116728,124.009,can0  070  [20]  3C 30 4D 08 86 B9 62 03 70 17 00 00 02 02 00 00 DB 03 00 00
2026-07-26T19:02:06.212422,124.104,can0  040  [04]  04 00 69 00
2026-07-26T19:02:06.212683,124.105,can0  070  [20]  3C 30 4D 08 86 B9 62 03 70 17 00 00 02 02 00 00 DA 03 00 00
2026-07-26T19:02:06.212974,124.105,can0  100  [03]  21 74 04
2026-07-26T19:02:06.213054,124.105,can0  110  [02]  B3 1A
2026-07-26T19:02:06.216904,124.109,can0  120  [04]  6C 6B 00 00
2026-07-26T19:02:06.216981,124.109,can0  040  [04]  04 00 69 00
2026-07-26T19:02:06.312610,124.205,can0  070  [20]  3C 30 4D 08 86 B9 62 03 70 17 00 00 02 02 00 00 DA 03 00 00
2026-07-26T19:02:06.316315,124.208,can0  041  [04]  2D 00 5E 00
2026-07-26T19:02:06.412600,124.305,can0  002  [04]  90 5F 01 00
2026-07-26T19:02:06.416331,124.308,can0  040  [04]  05 00 6C 00
2026-07-26T19:02:06.516660,124.409,can0  040  [04]  05 00 6C 00
2026-07-26T19:02:06.612549,124.505,can0  041  [04]  2E 00 5E 00
2026-07-26T19:02:06.612756,124.505,can0  133  [00]
2026-07-26T19:02:06.712343,124.604,can0  040  [04]  04 00 6F 00
2026-07-26T19:02:06.712552,124.605,can0  040  [04]  04 00 6F 00
2026-07-26T19:02:06.815617,124.708,can0  070  [20]  3C 30 4D 08 86 B9 62 03 70 17 00 00 02 02 00 00 DA 03 00 00
2026-07-26T19:02:06.913096,124.805,can0  041  [04]  2F 00 5E 00
2026-07-26T19:02:06.913325,124.805,can0  070  [20]  3C 30 4D 08 86 B9 62 03 70 17 00 00 02 02 00 00 DA 03 00 00
2026-07-26T19:02:06.913535,124.806,can0  040  [04]  03 00 70 00
2026-07-26T19:02:07.013094,124.905,can0  040  [04]  03 00 70 00
2026-07-26T19:02:07.213099,125.105,can0  041  [04]  2D 00 5A 00
2026-07-26T19:02:07.213332,125.105,can0  070  [20]  3E 30 4D 08 8A B9 62 03 58 1B 00 00 02 02 00 00 C6 05 00 00
2026-07-26T19:02:07.213529,125.106,can0  060  [32]  00 00 00 00 3E 30 4D 08 DE 0E B8 10 07 00 25 02 FF 01 00 00 00 00 00 00 01 00 00 00 00 00 00 00
2026-07-26T19:02:07.214887,125.107,can0  070  [20]  3E 30 4D 08 8A B9 62 03 58 1B 00 00 02 02 00 00 C7 05 00 00
2026-07-26T19:02:07.215102,125.107,can0  040  [04]  02 00 71 00
2026-07-26T19:02:07.312385,125.204,can0  070  [20]  3E 30 4D 08 8A B9 62 03 58 1B 00 00 02 02 00 00 C7 05 00 00
2026-07-26T19:02:07.312593,125.205,can0  040  [04]  02 00 71 00
2026-07-26T19:02:07.412819,125.305,can0  002  [04]  90 5F 01 00
2026-07-26T19:02:07.413055,125.305,can0  100  [03]  20 74 04
2026-07-26T19:02:07.413255,125.305,can0  120  [04]  3A 6B 00 00
2026-07-26T19:02:07.413487,125.306,can0  041  [04]  2D 00 59 00
2026-07-26T19:02:07.512434,125.405,can0  040  [04]  01 00 72 00
2026-07-26T19:02:07.512663,125.405,can0  040  [04]  01 00 72 00
2026-07-26T19:02:07.712524,125.605,can0  041  [04]  2A 00 59 00
2026-07-26T19:02:07.712754,125.605,can0  001  [05]  00 00 00 00 40
2026-07-26T19:02:07.813451,125.706,can0  070  [20]  3E 30 4D 08 8A B9 62 03 58 1B 00 00 02 02 00 00 C7 05 00 00
2026-07-26T19:02:07.813698,125.706,can0  040  [04]  01 00 72 00
2026-07-26T19:02:07.813904,125.706,can0  110  [02]  B2 1A
2026-07-26T19:02:07.814132,125.706,can0  040  [04]  01 00 72 00
2026-07-26T19:02:07.912783,125.805,can0  070  [20]  3E 30 4D 08 8A B9 62 03 58 1B 00 00 02 02 00 00 C7 05 00 00
2026-07-26T19:02:07.913011,125.805,can0  041  [04]  2A 00 5B 00
2026-07-26T19:02:08.015780,125.908,can0  040  [04]  01 00 72 00
2026-07-26T19:02:08.112489,126.005,can0  040  [04]  01 00 72 00
2026-07-26T19:02:08.112724,126.005,can0  070  [20]  41 30 4D 08 90 B9 62 03 40 1F 00 00 02 02 00 00 01 07 00 00
2026-07-26T19:02:08.212333,126.104,can0  060  [32]  5A 06 D6 02 3B 48 4D 08 32 1E B8 10 22 00 76 0C FF 01 00 00 00 00 00 00 02 00 00 00 00 00 00 00
2026-07-26T19:02:08.213393,126.105,can0  060  [32]  00 00 00 00 41 30 4D 08 E5 0E B8 10 09 00 3A 02 FF 01 00 00 00 00 00 01 02 00 00 00 00 00 00 00
2026-07-26T19:02:08.213449,126.106,can0  041  [04]  29 00 60 00
2026-07-26T19:02:08.213603,126.106,can0  070  [20]  41 30 4D 08 90 B9 62 03 40 1F 00 00 02 02 00 00 00 07 00 00
2026-07-26T19:02:08.313140,126.205,can0  070  [20]  41 30 4D 08 90 B9 62 03 40 1F 00 00 02 02 00 00 00 07 00 00
2026-07-26T19:02:08.313520,126.206,can0  040  [04]  00 00 73 00
2026-07-26T19:02:08.313569,126.206,can0  040  [04]  00 00 73 00
2026-07-26T19:02:08.416350,126.308,can0  002  [04]  90 5F 01 00
2026-07-26T19:02:08.512391,126.404,can0  041  [04]  28 00 63 00
2026-07-26T19:02:08.512600,126.405,can0  040  [04]  00 00 72 00
2026-07-26T19:02:08.612891,126.505,can0  100  [03]  1F 74 04
2026-07-26T19:02:08.613090,126.505,can0  120  [04]  4E 6B 00 00
2026-07-26T19:02:08.617131,126.509,can0  040  [04]  00 00 72 00
2026-07-26T19:02:08.712687,126.605,can0  060  [32]  00 00 00 00 00 00 00 00 00 00 00 00 00 00 00 00 00 00 00 00 00 00 00 00 00 00 00 00 00 00 00 00
2026-07-26T19:02:08.712887,126.605,can0  041  [04]  26 00 65 00
2026-07-26T19:02:08.812265,126.704,can0  070  [20]  41 30 4D 08 90 B9 62 03 40 1F 00 00 02 02 00 00 00 07 00 00
2026-07-26T19:02:08.812490,126.705,can0  040  [04]  00 00 6A 00
2026-07-26T19:02:08.912926,126.805,can0  070  [20]  41 30 4D 08 90 B9 62 03 40 1F 00 00 02 02 00 00 00 07 00 00
2026-07-26T19:02:08.913136,126.805,can0  040  [04]  00 00 6A 00
2026-07-26T19:02:09.116503,127.009,can0  041  [04]  28 00 67 00
2026-07-26T19:02:09.116602,127.009,can0  060  [32]  74 5E 11 00 BC B4 4D 08 08 D1 63 03 48 00 D7 0B 30 01 80 00 00 00 00 00 01 00 00 00 00 00 00 00
2026-07-26T19:02:09.116703,127.009,can0  040  [04]  02 00 6B 00
2026-07-26T19:02:09.116757,127.009,can0  040  [04]  02 00 6B 00
2026-07-26T19:02:09.212982,127.105,can0  070  [20]  41 30 4D 08 90 B9 62 03 28 23 00 00 02 02 00 00 CE 00 00 00
2026-07-26T19:02:09.216834,127.109,can0  070  [20]  41 30 4D 08 90 B9 62 03 28 23 00 00 02 02 00 00 CD 00 00 00
2026-07-26T19:02:09.312453,127.205,can0  070  [20]  41 30 4D 08 90 B9 62 03 28 23 00 00 02 02 00 00 CD 00 00 00
2026-07-26T19:02:09.312683,127.205,can0  041  [04]  29 00 6B 00
2026-07-26T19:02:09.412963,127.305,can0  040  [04]  02 00 6F 00
2026-07-26T19:02:09.413141,127.305,can0  002  [04]  90 5F 01 00
2026-07-26T19:02:09.413398,127.305,can0  110  [02]  B2 1A
2026-07-26T19:02:09.413660,127.306,can0  040  [04]  02 00 6F 00
2026-07-26T19:02:09.616360,127.508,can0  041  [04]  29 00 6E 00
2026-07-26T19:02:09.616436,127.509,can0  040  [04]  00 00 72 00
2026-07-26T19:02:09.713102,127.605,can0  040  [04]  00 00 72 00
2026-07-26T19:02:09.713297,127.605,can0  001  [05]  00 00 00 00 40
2026-07-26T19:02:09.813107,127.705,can0  070  [20]  41 30 4D 08 90 B9 62 03 28 23 00 00 02 02 00 00 CD 00 00 00
2026-07-26T19:02:09.813497,127.706,can0  100  [03]  1D 74 04
2026-07-26T19:02:09.813545,127.706,can0  120  [04]  76 6B 00 00
2026-07-26T19:02:09.816332,127.708,can0  041  [04]  28 00 6B 00
2026-07-26T19:02:09.913176,127.805,can0  070  [20]  41 30 4D 08 90 B9 62 03 28 23 00 00 02 02 00 00 CD 00 00 00
2026-07-26T19:02:09.913435,127.806,can0  040  [04]  67 01 70 00
2026-07-26T19:02:09.913692,127.806,can0  040  [04]  67 01 70 00
2026-07-26T19:02:10.012939,127.905,can0  060  [32]  00 00 00 00 41 30 4D 08 E5 0E B8 10 01 00 10 0E FF 01 00 00 00 00 00 00 02 00 00 00 00 00 00 00
2026-07-26T19:02:10.013006,127.905,can0  060  [32]  C0 2C D6 02 26 2F 4D 08 F0 F8 B8 10 00 00 1C 04 FF 01 00 00 00 00 00 01 02 00 00 00 00 00 00 00
2026-07-26T19:02:10.112489,128.005,can0  041  [04]  26 00 69 00
2026-07-26T19:02:10.112723,128.005,can0  070  [20]  43 30 4D 08 90 B9 62 03 10 27 00 00 02 02 00 00 CA 03 00 00
2026-07-26T19:02:10.112936,128.005,can0  040  [04]  67 01 6B 00
2026-07-26T19:02:10.216770,128.109,can0  070  [20]  43 30 4D 08 90 B9 62 03 10 27 00 00 02 02 00 00 CB 03 00 00
2026-07-26T19:02:10.216848,128.109,can0  040  [04]  67 01 6B 00
2026-07-26T19:02:10.312983,128.205,can0  070  [20]  43 30 4D 08 90 B9 62 03 10 27 00 00 02 02 00 00 CB 03 00 00
2026-07-26T19:02:10.313243,128.205,can0  041  [04]  24 00 67 00
2026-07-26T19:02:10.412846,128.305,can0  002  [04]  90 5F 01 00
2026-07-26T19:02:10.416637,128.309,can0  040  [04]  00 00 65 00
2026-07-26T19:02:10.514957,128.407,can0  040  [04]  00 00 65 00
2026-07-26T19:02:10.612840,128.505,can0  041  [04]  24 00 66 00
2026-07-26T19:02:10.712686,128.605,can0  040  [04]  02 00 65 00
2026-07-26T19:02:10.712753,128.605,can0  040  [04]  02 00 65 00
2026-07-26T19:02:10.815763,128.708,can0  070  [20]  43 30 4D 08 90 B9 62 03 10 27 00 00 02 02 00 00 CB 03 00 00
2026-07-26T19:02:10.912451,128.805,can0  041  [04]  26 00 65 00
2026-07-26T19:02:10.912703,128.805,can0  070  [20]  43 30 4D 08 90 B9 62 03 10 27 00 00 02 02 00 00 CB 03 00 00
2026-07-26T19:02:10.916658,128.809,can0  040  [04]  02 00 6A 00
2026-07-26T19:02:11.013112,128.905,can0  100  [03]  1D 74 04
2026-07-26T19:02:11.013521,128.906,can0  110  [02]  B2 1A
2026-07-26T19:02:11.013601,128.906,can0  040  [04]  02 00 6A 00
2026-07-26T19:02:11.013808,128.906,can0  120  [04]  80 6B 00 00
2026-07-26T19:02:11.212546,129.105,can0  041  [04]  28 00 67 00
2026-07-26T19:02:11.213410,129.105,can0  070  [20]  48 30 4D 08 94 B9 62 03 F8 2A 00 00 02 02 00 00 73 09 00 00
2026-07-26T19:02:11.213477,129.106,can0  070  [20]  48 30 4D 08 94 B9 62 03 F8 2A 00 00 02 02 00 00 73 09 00 00
2026-07-26T19:02:11.213631,129.106,can0  040  [04]  01 00 6E 00
2026-07-26T19:02:11.213908,129.106,can0  060  [32]  5B DD D5 02 87 B7 4D 08 95 1E 64 03 01 00 9B 09 FF 01 00 00 00 00 00 00 02 00 00 00 00 00 00 00
2026-07-26T19:02:11.214113,129.106,can0  060  [32]  00 00 00 00 48 30 4D 08 E8 0E B8 10 0D 00 34 01 FF 01 00 00 00 00 00 01 02 00 00 00 00 00 00 00
2026-07-26T19:02:11.312562,129.205,can0  070  [20]  48 30 4D 08 94 B9 62 03 F8 2A 00 00 02 02 00 00 73 09 00 00
2026-07-26T19:02:11.312798,129.205,can0  040  [04]  01 00 6E 00
2026-07-26T19:02:11.313000,129.205,can0  132  [00]
2026-07-26T19:02:11.412919,129.305,can0  002  [04]  90 5F 01 00
2026-07-26T19:02:11.416838,129.309,can0  041  [04]  2A 00 6C 00
2026-07-26T19:02:11.512506,129.405,can0  040  [04]  00 00 6E 00
2026-07-26T19:02:11.512725,129.405,can0  040  [04]  00 00 6E 00
2026-07-26T19:02:11.715522,129.608,can0  041  [04]  2B 00 68 00
2026-07-26T19:02:11.715594,129.608,can0  001  [05]  00 00 00 00 40
2026-07-26T19:02:11.715645,129.608,can0  040  [04]  67 01 6A 00
2026-07-26T19:02:11.812403,129.704,can0  070  [20]  48 30 4D 08 94 B9 62 03 F8 2A 00 00 02 02 00 00 73 09 00 00
2026-07-26T19:02:11.816592,129.709,can0  040  [04]  67 01 6A 00
2026-07-26T19:02:11.912193,129.804,can0  070  [20]  48 30 4D 08 94 B9 62 03 F8 2A 00 00 02 02 00 00 73 09 00 00
2026-07-26T19:02:11.915912,129.808,can0  041  [04]  29 00 64 00
2026-07-26T19:02:12.013070,129.905,can0  040  [04]  02 00 65 00
2026-07-26T19:02:12.113007,130.005,can0  040  [04]  02 00 65 00
2026-07-26T19:02:12.113283,130.005,can0  070  [20]  48 30 4D 08 92 B9 62 03 E0 2E 00 00 02 02 00 00 DB 03 00 00
2026-07-26T19:02:12.213029,130.105,can0  070  [20]  48 30 4D 08 92 B9 62 03 E0 2E 00 00 02 02 00 00 DB 03 00 00
2026-07-26T19:02:12.213107,130.105,can0  100  [03]  1E 74 04
2026-07-26T19:02:12.213153,130.105,can0  120  [04]  58 6B 00 00
2026-07-26T19:02:12.213270,130.105,can0  041  [04]  2B 00 64 00
2026-07-26T19:02:12.213558,130.106,can0  060  [32]  1B FE D5 02 3F CA 4D 08 CE 7E 63 03 67 00 A6 0A 13 01 80 00 00 00 00 00 02 00 00 00 00 00 00 00
2026-07-26T19:02:12.213781,130.106,can0  060  [32]  00 00 00 00 48 30 4D 08 E7 0E B8 10 05 00 8A 00 FF 01 00 00 00 00 00 01 02 00 00 00 00 00 00 00
2026-07-26T19:02:12.313366,130.205,can0  070  [20]  48 30 4D 08 92 B9 62 03 E0 2E 00 00 02 02 00 00 DB 03 00 00
2026-07-26T19:02:12.313630,130.206,can0  040  [04]  03 00 66 00
2026-07-26T19:02:12.313903,130.206,can0  040  [04]  03 00 66 00
2026-07-26T19:02:12.412354,130.304,can0  002  [04]  90 5F 01 00
2026-07-26T19:02:12.516514,130.409,can0  041  [04]  29 00 64 00
2026-07-26T19:02:12.516628,130.409,can0  040  [04]  02 00 6A 00
2026-07-26T19:02:12.613136,130.505,can0  040  [04]  02 00 6A 00
2026-07-26T19:02:12.617233,130.509,can0  110  [02]  B1 1A
2026-07-26T19:02:12.816756,130.709,can0  041  [04]  28 00 63 00
2026-07-26T19:02:12.816832,130.709,can0  070  [20]  48 30 4D 08 92 B9 62 03 E0 2E 00 00 02 02 00 00 DB 03 00 00
2026-07-26T19:02:12.816878,130.709,can0  040  [04]  01 00 71 00
2026-07-26T19:02:12.816928,130.709,can0  040  [04]  01 00 71 00
2026-07-26T19:02:12.912304,130.804,can0  070  [20]  48 30 4D 08 92 B9 62 03 E0 2E 00 00 02 02 00 00 DB 03 00 00
2026-07-26T19:02:13.012277,130.904,can0  041  [04]  29 00 64 00
2026-07-26T19:02:13.112177,131.004,can0  040  [04]  00 00 75 00
2026-07-26T19:02:13.112414,131.004,can0  040  [04]  00 00 75 00
2026-07-26T19:02:13.212426,131.105,can0  070  [20]  4B 30 4D 08 95 B9 62 03 C8 32 00 00 02 02 00 00 BB 09 00 00
2026-07-26T19:02:13.212760,131.105,can0  070  [20]  4B 30 4D 08 95 B9 62 03 C8 32 00 00 02 02 00 00 BB 09 00 00
2026-07-26T19:02:13.212950,131.105,can0  041  [04]  29 00 64 00
2026-07-26T19:02:13.314095,131.206,can0  060  [32]  6E DE D5 02 10 6B 4D 08 40 DC 64 03 00 00 95 0C 39 00 80 00 00 00 00 00 02 00 00 00 00 00 00 00
2026-07-26T19:02:13.314165,131.206,can0  060  [32]  00 00 00 00 4B 30 4D 08 EA 0E B8 10 0D 00 75 01 FF 01 00 00 00 00 00 01 02 00 00 00 00 00 00 00
2026-07-26T19:02:13.314483,131.207,can0  070  [20]  4B 30 4D 08 95 B9 62 03 C8 32 00 00 02 02 00 00 BB 09 00 00
2026-07-26T19:02:13.314529,131.207,can0  040  [04]  00 00 75 00
2026-07-26T19:02:13.412898,131.305,can0  002  [04]  90 5F 01 00
2026-07-26T19:02:13.413112,131.305,can0  100  [03]  1E 74 04
2026-07-26T19:02:13.413370,131.305,can0  120  [04]  FE 6A 00 00
2026-07-26T19:02:13.413625,131.306,can0  040  [04]  00 00 75 00
2026-07-26T19:02:13.517178,131.409,can0  041  [04]  2B 00 65 00
2026-07-26T19:02:13.615931,131.508,can0  040  [04]  02 00 6F 00
2026-07-26T19:02:13.712296,131.604,can0  040  [04]  02 00 6F 00
2026-07-26T19:02:13.716072,131.608,can0  001  [05]  00 00 00 00 40
2026-07-26T19:02:13.812282,131.704,can0  060  [32]  00 00 00 00 00 00 00 00 00 00 00 00 00 00 00 00 00 00 00 00 00 00 00 00 00 00 00 00 00 00 00 00
2026-07-26T19:02:13.812837,131.705,can0  070  [20]  4B 30 4D 08 95 B9 62 03 C8 32 00 00 02 02 00 00 BB 09 00 00
2026-07-26T19:02:13.813066,131.705,can0  041  [04]  2C 00 65 00
2026-07-26T19:02:13.912699,131.805,can0  040  [04]  03 00 69 00
2026-07-26T19:02:13.912915,131.805,can0  070  [20]  4B 30 4D 08 95 B9 62 03 C8 32 00 00 02 02 00 00 BB 09 00 00
2026-07-26T19:02:13.913109,131.805,can0  060  [32]  93 01 D6 02 59 B6 4D 08 CE 1E 64 03 00 00 5D 09 00 00 80 00 00 00 00 00 01 00 00 00 00 00 00 00
2026-07-26T19:02:13.914004,131.806,can0  040  [04]  03 00 69 00
2026-07-26T19:02:14.112195,132.004,can0  041  [04]  2B 00 64 00
2026-07-26T19:02:14.112567,132.005,can0  070  [20]  4B 30 4D 08 97 B9 62 03 B0 36 00 00 02 02 00 00 76 01 00 00
2026-07-26T19:02:14.112615,132.005,can0  040  [04]  03 00 6C 00
2026-07-26T19:02:14.213020,132.105,can0  070  [20]  4B 30 4D 08 97 B9 62 03 B0 36 00 00 02 02 00 00 76 01 00 00
2026-07-26T19:02:14.213264,132.105,can0  040  [04]  03 00 6C 00
2026-07-26T19:02:14.213456,132.106,can0  110  [02]  B1 1A
2026-07-26T19:02:14.312620,132.205,can0  070  [20]  4B 30 4D 08 97 B9 62 03 B0 36 00 00 02 02 00 00 76 01 00 00
2026-07-26T19:02:14.316547,132.209,can0  041  [04]  2B 00 62 00
2026-07-26T19:02:14.417394,132.309,can0  002  [04]  90 5F 01 00
2026-07-26T19:02:14.417466,132.310,can0  040  [04]  01 00 71 00
2026-07-26T19:02:14.512998,132.405,can0  040  [04]  01 00 71 00
2026-07-26T19:02:14.612642,132.505,can0  041  [04]  29 00 64 00
2026-07-26T19:02:14.612852,132.505,can0  100  [03]  1E 74 04
2026-07-26T19:02:14.613035,132.505,can0  120  [04]  AE 6A 00 00
2026-07-26T19:02:14.713088,132.605,can0  040  [04]  01 00 75 00
2026-07-26T19:02:14.713279,132.605,can0  040  [04]  01 00 75 00
2026-07-26T19:02:14.812788,132.705,can0  070  [20]  4B 30 4D 08 97 B9 62 03 B0 36 00 00 02 02 00 00 76 01 00 00
2026-07-26T19:02:14.813013,132.705,can0  041  [04]  2A 00 6B 00
2026-07-26T19:02:14.912210,132.804,can0  070  [20]  4B 30 4D 08 97 B9 62 03 B0 36 00 00 02 02 00 00 76 01 00 00
2026-07-26T19:02:14.912412,132.804,can0  040  [04]  01 00 75 00
2026-07-26T19:02:15.013036,132.905,can0  040  [04]  01 00 75 00
2026-07-26T19:02:15.212359,133.104,can0  041  [04]  2B 00 6C 00
2026-07-26T19:02:15.212586,133.105,can0  070  [20]  4D 30 4D 08 99 B9 62 03 98 3A 00 00 02 02 00 00 8B 05 00 00
2026-07-26T19:02:15.213261,133.105,can0  070  [20]  4D 30 4D 08 99 B9 62 03 98 3A 00 00 02 02 00 00 8B 05 00 00
2026-07-26T19:02:15.213313,133.105,can0  040  [04]  01 00 77 00
2026-07-26T19:02:15.213354,133.105,can0  070  [20]  4D 30 4D 08 99 B9 62 03 98 3A 00 00 02 02 00 00 8B 05 00 00
2026-07-26T19:02:15.213451,133.106,can0  040  [04]  01 00 77 00
2026-07-26T19:02:15.312452,133.205,can0  060  [32]  5F AE D6 02 B7 2D 4D 08 30 A5 63 03 00 00 1A 09 FF 01 00 00 00 00 00 00 02 00 00 00 00 00 00 00
2026-07-26T19:02:15.312626,133.205,can0  060  [32]  00 00 00 00 4D 30 4D 08 ED 0E B8 10 07 00 EF 01 FF 01 00 00 00 00 00 01 02 00 00 00 00 00 00 00
2026-07-26T19:02:15.413040,133.305,can0  002  [04]  90 5F 01 00
2026-07-26T19:02:15.417958,133.310,can0  041  [04]  2D 00 70 00
2026-07-26T19:02:15.512519,133.405,can0  040  [04]  01 00 75 00
2026-07-26T19:02:15.512766,133.405,can0  040  [04]  01 00 75 00
2026-07-26T19:02:15.712823,133.605,can0  041  [04]  2C 00 70 00
2026-07-26T19:02:15.713020,133.605,can0  001  [05]  00 00 00 00 40
2026-07-26T19:02:15.713229,133.605,can0  040  [04]  00 00 70 00
2026-07-26T19:02:15.812244,133.704,can0  070  [20]  4D 30 4D 08 99 B9 62 03 98 3A 00 00 02 02 00 00 8B 05 00 00
2026-07-26T19:02:15.812450,133.705,can0  040  [04]  00 00 70 00
2026-07-26T19:02:15.812705,133.705,can0  100  [03]  20 74 04
2026-07-26T19:02:15.812925,133.705,can0  110  [02]  B1 1A
2026-07-26T19:02:15.813141,133.705,can0  120  [04]  B8 6A 00 00
2026-07-26T19:02:15.912931,133.805,can0  070  [20]  4D 30 4D 08 99 B9 62 03 98 3A 00 00 02 02 00 00 8B 05 00 00
2026-07-26T19:02:15.913158,133.805,can0  041  [04]  2A 00 71 00
2026-07-26T19:02:16.012498,133.905,can0  040  [04]  00 00 70 00
2026-07-26T19:02:16.112714,134.005,can0  040  [04]  00 00 70 00
2026-07-26T19:02:16.115598,134.008,can0  070  [20]  4E 30 4D 08 9A B9 62 03 80 3E 00 00 02 02 00 00 C6 00 00 00
2026-07-26T19:02:16.212701,134.105,can0  070  [20]  4E 30 4D 08 9A B9 62 03 80 3E 00 00 02 02 00 00 C6 00 00 00
2026-07-26T19:02:16.212771,134.105,can0  041  [04]  2A 00 70 00
2026-07-26T19:02:16.212814,134.105,can0  070  [20]  4E 30 4D 08 9A B9 62 03 80 3E 00 00 02 02 00 00 C6 00 00 00
2026-07-26T19:02:16.216472,134.109,can0  040  [04]  00 00 6F 00
2026-07-26T19:02:16.312465,134.205,can0  060  [32]  10 A1 A9 08 4F D1 4D 08 23 78 63 03 4C 00 0E 0B 1A 01 7F 00 00 00 00 00 02 00 00 00 00 00 00 00
2026-07-26T19:02:16.312636,134.205,can0  060  [32]  00 00 00 00 4E 30 4D 08 EF 0E B8 10 01 00 10 0E FF 01 00 00 00 00 00 01 02 00 00 00 00 00 00 00
2026-07-26T19:02:16.314093,134.206,can0  040  [04]  00 00 6F 00
2026-07-26T19:02:16.412577,134.305,can0  002  [04]  90 5F 01 00
2026-07-26T19:02:16.412807,134.305,can0  041  [04]  28 00 6F 00
2026-07-26T19:02:16.512246,134.404,can0  133  [00]
2026-07-26T19:02:16.512520,134.405,can0  040  [04]  00 00 70 00
2026-07-26T19:02:16.612851,134.505,can0  040  [04]  00 00 70 00
2026-07-26T19:02:16.712882,134.605,can0  041  [04]  28 00 69 00
2026-07-26T19:02:16.713105,134.605,can0  070  [20]  4E 30 4D 08 9A B9 62 03 80 3E 00 00 02 02 00 00 C6 00 00 00
2026-07-26T19:02:16.813038,134.705,can0  060  [32]  00 00 00 00 00 00 00 00 00 00 00 00 00 00 00 00 00 00 00 00 00 00 00 00 00 00 00 00 00 00 00 00
2026-07-26T19:02:16.813273,134.705,can0  040  [04]  01 00 71 00
2026-07-26T19:02:16.813465,134.706,can0  040  [04]  01 00 71 00
2026-07-26T19:02:16.915426,134.808,can0  070  [20]  4E 30 4D 08 9A B9 62 03 80 3E 00 00 02 02 00 00 C6 00 00 00
2026-07-26T19:02:17.013240,134.905,can0  041  [04]  26 00 69 00
2026-07-26T19:02:17.013491,134.906,can0  100  [03]  1F 74 04
2026-07-26T19:02:17.013735,134.906,can0  120  [04]  B8 6A 00 00
2026-07-26T19:02:17.115425,135.008,can0  040  [04]  01 00 73 00
2026-07-26T19:02:17.115494,135.008,can0  040  [04]  01 00 73 00
2026-07-26T19:02:17.213535,135.106,can0  070  [20]  52 30 4D 08 9E B9 62 03 68 42 00 00 02 02 00 00 14 09 00 00
2026-07-26T19:02:17.213923,135.106,can0  070  [20]  52 30 4D 08 9E B9 62 03 68 42 00 00 02 02 00 00 14 09 00 00
2026-07-26T19:02:17.213974,135.106,can0  041  [04]  23 00 6E 00
2026-07-26T19:02:17.312413,135.204,can0  070  [20]  52 30 4D 08 9E B9 62 03 68 42 00 00 02 02 00 00 14 09 00 00
2026-07-26T19:02:17.312480,135.205,can0  060  [32]  00 00 00 00 00 00 00 00 00 00 00 00 00 00 00 00 00 00 00 00 00 00 00 00 00 00 00 00 00 00 00 00
2026-07-26T19:02:17.312603,135.205,can0  060  [32]  00 00 00 00 52 30 4D 08 F2 0E B8 10 0C 00 89 01 FF 01 00 00 00 00 00 00 01 00 00 00 00 00 00 00
2026-07-26T19:02:17.317966,135.210,can0  040  [04]  67 01 75 00
2026-07-26T19:02:17.413001,135.305,can0  002  [04]  90 5F 01 00
2026-07-26T19:02:17.413234,135.305,can0  040  [04]  67 01 75 00
2026-07-26T19:02:17.413475,135.306,can0  110  [02]  B2 1A
2026-07-26T19:02:17.516745,135.409,can0  041  [04]  23 00 71 00
2026-07-26T19:02:17.612941,135.505,can0  040  [04]  66 01 73 00
2026-07-26T19:02:17.712488,135.605,can0  040  [04]  66 01 73 00
2026-07-26T19:02:17.712701,135.605,can0  001  [05]  00 00 00 00 40
2026-07-26T19:02:17.717523,135.610,can0  070  [20]  52 30 4D 08 9E B9 62 03 68 42 00 00 02 02 00 00 14 09 00 00
2026-07-26T19:02:17.818212,135.710,can0  041  [04]  26 00 6F 00
2026-07-26T19:02:17.818285,135.710,can0  060  [32]  00 00 00 00 00 00 00 00 00 00 00 00 00 00 00 00 00 00 00 00 00 00 00 00 00 00 00 00 00 00 00 00
2026-07-26T19:02:17.913263,135.805,can0  040  [04]  67 01 6C 00
2026-07-26T19:02:17.916179,135.808,can0  070  [20]  52 30 4D 08 9E B9 62 03 68 42 00 00 02 02 00 00 14 09 00 00
2026-07-26T19:02:17.916238,135.808,can0  040  [04]  67 01 6C 00
2026-07-26T19:02:18.016988,135.909,can0  060  [32]  85 FD E8 05 86 83 4D 08 3A C6 62 03 01 00 F7 0C 3D 00 80 00 00 00 00 00 01 00 00 00 00 00 00 00
2026-07-26T19:02:18.017061,135.909,can0  041  [04]  26 00 6E 00
2026-07-26T19:02:18.117964,136.010,can0  070  [20]  4E 30 4D 08 9C B9 62 03 50 46 00 00 02 02 00 00 C4 0A 00 00
2026-07-26T19:02:18.118037,136.010,can0  040  [04]  01 00 64 00
2026-07-26T19:02:18.217785,136.110,can0  070  [20]  4E 30 4D 08 9C B9 62 03 50 46 00 00 02 02 00 00 C4 0A 00 00
2026-07-26T19:02:18.217857,136.110,can0  040  [04]  01 00 64 00
2026-07-26T19:02:18.217902,136.110,can0  100  [03]  1F 74 04
2026-07-26T19:02:18.217969,136.110,can0  120  [04]  36 6A 00 00
2026-07-26T19:02:18.313413,136.205,can0  070  [20]  4E 30 4D 08 9C B9 62 03 50 46 00 00 02 02 00 00 C4 0A 00 00
2026-07-26T19:02:18.313710,136.206,can0  041  [04]  27 00 6A 00
2026-07-26T19:02:18.416664,136.309,can0  002  [04]  90 5F 01 00
2026-07-26T19:02:18.416744,136.309,can0  040  [04]  02 00 61 00
2026-07-26T19:02:18.416790,136.309,can0  040  [04]  02 00 61 00
2026-07-26T19:02:18.615454,136.508,can0  041  [04]  23 00 6B 00
2026-07-26T19:02:18.712705,136.605,can0  040  [04]  01 00 67 00
2026-07-26T19:02:18.716405,136.608,can0  040  [04]  01 00 67 00
2026-07-26T19:02:18.812703,136.705,can0  070  [20]  4E 30 4D 08 9C B9 62 03 50 46 00 00 02 02 00 00 C4 0A 00 00
2026-07-26T19:02:18.812789,136.705,can0  060  [32]  74 5E 11 00 63 B5 4D 08 7E CF 63 03 48 00 D8 0B 30 01 7C 00 00 00 00 00 03 00 00 00 00 00 00 00
2026-07-26T19:02:18.813816,136.706,can0  060  [32]  00 00 00 00 4E 30 4D 08 F1 0E B8 10 0E 00 02 06 FF 01 00 00 00 00 00 01 03 00 00 00 00 00 00 00
2026-07-26T19:02:18.813871,136.706,can0  060  [32]  30 7B D6 02 1E B5 4D 08 F8 1D 64 03 00 00 BD 03 58 00 80 00 00 00 00 02 03 00 00 00 00 00 00 00
2026-07-26T19:02:18.817542,136.710,can0  041  [04]  22 00 6E 00
2026-07-26T19:02:18.912399,136.804,can0  070  [20]  4E 30 4D 08 9C B9 62 03 50 46 00 00 02 02 00 00 C4 0A 00 00
2026-07-26T19:02:18.912704,136.805,can0  040  [04]  67 01 72 00
2026-07-26T19:02:19.016702,136.909,can0  110  [02]  AF 1A
2026-07-26T19:02:19.016774,136.909,can0  040  [04]  67 01 72 00
2026-07-26T19:02:19.213653,137.106,can0  041  [04]  22 00 71 00
2026-07-26T19:02:19.213739,137.106,can0  070  [20]  52 30 4D 08 A4 B9 62 03 38 4A 00 00 02 02 00 00 62 11 00 00
2026-07-26T19:02:19.213802,137.106,can0  070  [20]  52 30 4D 08 A4 B9 62 03 38 4A 00 00 02 02 00 00 62 11 00 00
2026-07-26T19:02:19.213878,137.106,can0  040  [04]  65 01 74 00
2026-07-26T19:02:19.213959,137.106,can0  070  [20]  52 30 4D 08 A4 B9 62 03 38 4A 00 00 02 02 00 00 62 11 00 00
2026-07-26T19:02:19.214038,137.106,can0  040  [04]  65 01 74 00
2026-07-26T19:02:19.317066,137.209,can0  060  [32]  00 00 00 00 52 30 4D 08 F9 0E B8 10 18 00 4D 03 FF 01 00 00 00 00 00 00 01 00 00 00 00 00 00 00
2026-07-26T19:02:19.413222,137.305,can0  002  [04]  90 5F 01 00
2026-07-26T19:02:19.413284,137.305,can0  041  [04]  23 00 6F 00
2026-07-26T19:02:19.413359,137.305,can0  100  [03]  1F 74 04
2026-07-26T19:02:19.413415,137.305,can0  120  [04]  2C 6A 00 00
2026-07-26T19:02:19.513076,137.405,can0  040  [04]  67 01 6E 00
2026-07-26T19:02:19.513272,137.405,can0  040  [04]  67 01 6E 00
2026-07-26T19:02:19.616433,137.509,can0  041  [04]  25 00 6A 00
2026-07-26T19:02:19.713079,137.605,can0  001  [05]  00 00 00 00 40
2026-07-26T19:02:19.713741,137.606,can0  040  [04]  05 00 63 00
2026-07-26T19:02:19.713822,137.606,can0  070  [20]  52 30 4D 08 A4 B9 62 03 38 4A 00 00 02 02 00 00 62 11 00 00
2026-07-26T19:02:19.812277,137.704,can0  040  [04]  05 00 63 00
2026-07-26T19:02:19.816430,137.709,can0  060  [32]  00 00 00 00 00 00 00 00 00 00 00 00 00 00 00 00 00 00 00 00 00 00 00 00 00 00 00 00 00 00 00 00
2026-07-26T19:02:19.912690,137.805,can0  070  [20]  52 30 4D 08 A4 B9 62 03 38 4A 00 00 02 02 00 00 62 11 00 00
2026-07-26T19:02:19.916174,137.808,can0  041  [04]  25 00 67 00
2026-07-26T19:02:20.016663,137.909,can0  040  [04]  08 00 5D 00
2026-07-26T19:02:20.016750,137.909,can0  040  [04]  08 00 5D 00
2026-07-26T19:02:20.112448,138.005,can0  070  [20]  52 30 4D 08 A4 B9 62 03 20 4E 00 00 02 02 00 00 6E 06 00 00
2026-07-26T19:02:20.212471,138.105,can0  041  [04]  27 00 64 00
2026-07-26T19:02:20.212700,138.105,can0  070  [20]  52 30 4D 08 A4 B9 62 03 20 4E 00 00 02 02 00 00 6E 06 00 00
2026-07-26T19:02:20.216220,138.108,can0  040  [04]  07 00 63 00
2026-07-26T19:02:20.312766,138.205,can0  070  [20]  52 30 4D 08 A4 B9 62 03 20 4E 00 00 02 02 00 00 6E 06 00 00
2026-07-26T19:02:20.312832,138.205,can0  060  [32]  00 00 00 00 00 00 00 00 00 00 00 00 00 00 00 00 00 00 00 00 00 00 00 00 00 00 00 00 00 00 00 00
2026-07-26T19:02:20.312880,138.205,can0  040  [04]  07 00 63 00
2026-07-26T19:02:20.313584,138.206,can0  060  [32]  00 00 00 00 52 30 4D 08 F9 0E B8 10 08 00 F0 03 FF 01 00 00 00 00 00 00 01 00 00 00 00 00 00 00
2026-07-26T19:02:20.415601,138.308,can0  002  [04]  90 5F 01 00
2026-07-26T19:02:20.415680,138.308,can0  041  [04]  25 00 68 00
2026-07-26T19:02:20.515767,138.408,can0  040  [04]  05 00 69 00
2026-07-26T19:02:20.616637,138.509,can0  100  [03]  1E 74 04
2026-07-26T19:02:20.616714,138.509,can0  110  [02]  B1 1A
2026-07-26T19:02:20.616761,138.509,can0  040  [04]  05 00 69 00
2026-07-26T19:02:20.616804,138.509,can0  120  [04]  04 6A 00 00
2026-07-26T19:02:20.715507,138.608,can0  041  [04]  24 00 6D 00
2026-07-26T19:02:20.812712,138.705,can0  070  [20]  52 30 4D 08 A4 B9 62 03 20 4E 00 00 02 02 00 00 6E 06 00 00
2026-07-26T19:02:20.812975,138.705,can0  040  [04]  02 00 6E 00
2026-07-26T19:02:20.813281,138.705,can0  060  [32]  00 00 00 00 00 00 00 00 00 00 00 00 00 00 00 00 00 00 00 00 00 00 00 00 00 00 00 00 00 00 00 00
2026-07-26T19:02:20.813501,138.706,can0  040  [04]  02 00 6E 00
2026-07-26T19:02:20.916270,138.808,can0  070  [20]  52 30 4D 08 A4 B9 62 03 20 4E 00 00 02 02 00 00 6E 06 00 00
2026-07-26T19:02:21.012415,138.904,can0  041  [04]  25 00 6D 00
2026-07-26T19:02:21.112688,139.005,can0  040  [04]  02 00 6F 00
2026-07-26T19:02:21.116388,139.008,can0  040  [04]  02 00 6F 00
2026-07-26T19:02:21.116449,139.009,can0  070  [20]  53 30 4D 08 A4 B9 62 03 08 52 00 00 02 02 00 00 4F 06 00 00
2026-07-26T19:02:21.212381,139.104,can0  070  [20]  53 30 4D 08 A4 B9 62 03 08 52 00 00 02 02 00 00 4E 06 00 00
2026-07-26T19:02:21.212445,139.105,can0  132  [00]
2026-07-26T19:02:21.212705,139.105,can0  041  [04]  27 00 6A 00
2026-07-26T19:02:21.216212,139.108,can0  070  [20]  53 30 4D 08 A4 B9 62 03 08 52 00 00 02 02 00 00 4E 06 00 00
2026-07-26T19:02:21.312678,139.205,can0  040  [04]  02 00 6A 00
2026-07-26T19:02:21.318191,139.210,can0  060  [32]  00 00 00 00 53 30 4D 08 F9 0E B8 10 08 00 B1 02 FF 01 00 00 00 00 00 00 01 00 00 00 00 00 00 00
2026-07-26T19:02:21.413030,139.305,can0  002  [04]  90 5F 01 00
2026-07-26T19:02:21.417405,139.309,can0  040  [04]  02 00 6A 00
2026-07-26T19:02:21.516251,139.408,can0  041  [04]  27 00 69 00
2026-07-26T19:02:21.613008,139.505,can0  040  [04]  03 00 61 00
2026-07-26T19:02:21.615568,139.508,can0  040  [04]  03 00 61 00
2026-07-26T19:02:21.712634,139.605,can0  001  [05]  00 00 00 00 40
2026-07-26T19:02:21.716178,139.608,can0  070  [20]  53 30 4D 08 A4 B9 62 03 08 52 00 00 02 02 00 00 4E 06 00 00
2026-07-26T19:02:21.816863,139.709,can0  041  [04]  25 00 67 00
2026-07-26T19:02:21.816927,139.709,can0  100  [03]  1D 74 04
2026-07-26T19:02:21.816970,139.709,can0  120  [04]  0E 6A 00 00
2026-07-26T19:02:21.817012,139.709,can0  040  [04]  07 00 5E 00
2026-07-26T19:02:21.916588,139.809,can0  070  [20]  53 30 4D 08 A4 B9 62 03 08 52 00 00 02 02 00 00 4E 06 00 00
2026-07-26T19:02:21.916701,139.809,can0  040  [04]  07 00 5E 00
2026-07-26T19:02:22.116712,140.009,can0  041  [04]  25 00 65 00
2026-07-26T19:02:22.116784,140.009,can0  040  [04]  0A 00 64 00
2026-07-26T19:02:22.116830,140.009,can0  070  [20]  53 30 4D 08 A1 B9 62 03 F0 55 00 00 02 02 00 00 CB 06 00 00
2026-07-26T19:02:22.216727,140.109,can0  070  [20]  53 30 4D 08 A1 B9 62 03 F0 55 00 00 02 02 00 00 CB 06 00 00
2026-07-26T19:02:22.216802,140.109,can0  040  [04]  0A 00 64 00
2026-07-26T19:02:22.216846,140.109,can0  110  [02]  B3 1A
2026-07-26T19:02:22.312966,140.205,can0  070  [20]  53 30 4D 08 A1 B9 62 03 F0 55 00 00 02 02 00 00 CB 06 00 00
2026-07-26T19:02:22.313231,140.205,can0  041  [04]  23 00 6A 00
2026-07-26T19:02:22.316790,140.209,can0  002  [04]  90 5F 01 00
2026-07-26T19:02:22.412253,140.304,can0  060  [32]  5A 47 D6 02 25 33 4D 08 EF A1 63 03 36 00 4E 05 FF 01 00 00 00 00 00 00 02 00 00 00 00 00 00 00
2026-07-26T19:02:22.417944,140.310,can0  060  [32]  00 00 00 00 53 30 4D 08 F6 0E B8 10 09 00 70 0D FF 01 00 00 00 00 00 01 02 00 00 00 00 00 00 00
2026-07-26T19:02:22.418008,140.310,can0  040  [04]  07 00 6D 00
2026-07-26T19:02:22.418052,140.310,can0  040  [04]  07 00 6D 00
2026-07-26T19:02:22.612814,140.505,can0  041  [04]  23 00 70 00
2026-07-26T19:02:22.613024,140.505,can0  040  [04]  01 00 7A 00
2026-07-26T19:02:22.712163,140.604,can0  040  [04]  01 00 7A 00
2026-07-26T19:02:22.812987,140.705,can0  070  [20]  53 30 4D 08 A1 B9 62 03 F0 55 00 00 02 02 00 00 CB 06 00 00
2026-07-26T19:02:22.816505,140.709,can0  041  [04]  23 00 73 00
2026-07-26T19:02:22.916205,140.808,can0  060  [32]  00 00 00 00 00 00 00 00 00 00 00 00 00 00 00 00 00 00 00 00 00 00 00 00 00 00 00 00 00 00 00 00
2026-07-26T19:02:22.916279,140.808,can0  070  [20]  53 30 4D 08 A1 B9 62 03 F0 55 00 00 02 02 00 00 CB 06 00 00
2026-07-26T19:02:22.916324,140.808,can0  040  [04]  67 01 7B 00
2026-07-26T19:02:23.012728,140.905,can0  040  [04]  67 01 7B 00
2026-07-26T19:02:23.016457,140.909,can0  100  [03]  1C 74 04
2026-07-26T19:02:23.016542,140.909,can0  120  [04]  0E 6A 00 00
2026-07-26T19:02:23.116822,141.009,can0  060  [32]  5F AE D6 02 B7 2D 4D 08 30 A5 63 03 00 00 1A 09 FF 01 00 00 00 00 00 00 01 00 00 00 00 00 00 00
2026-07-26T19:02:23.116895,141.009,can0  041  [04]  26 00 6F 00
2026-07-26T19:02:23.212959,141.105,can0  070  [20]  53 30 4D 08 9E B9 62 03 D8 59 00 00 02 02 00 00 13 03 00 00
2026-07-26T19:02:23.213231,141.105,can0  040  [04]  02 00 73 00
2026-07-26T19:02:23.213630,141.106,can0  070  [20]  53 30 4D 08 9E B9 62 03 D8 59 00 00 02 02 00 00 13 03 00 00
2026-07-26T19:02:23.213692,141.106,can0  040  [04]  02 00 73 00
2026-07-26T19:02:23.316442,141.209,can0  070  [20]  53 30 4D 08 9E B9 62 03 D8 59 00 00 02 02 00 00 13 03 00 00
2026-07-26T19:02:23.316510,141.209,can0  002  [04]  90 5F 01 00
2026-07-26T19:02:23.412831,141.305,can0  041  [04]  2B 00 6B 00
2026-07-26T19:02:23.416481,141.309,can0  040  [04]  08 00 65 00
2026-07-26T19:02:23.515478,141.408,can0  040  [04]  08 00 65 00
2026-07-26T19:02:23.615694,141.508,can0  041  [04]  2C 00 6C 00
2026-07-26T19:02:23.712118,141.604,can0  001  [05]  00 00 00 00 40
2026-07-26T19:02:23.712386,141.604,can0  040  [04]  0D 00 65 00
2026-07-26T19:02:23.812728,141.705,can0  070  [20]  53 30 4D 08 9E B9 62 03 D8 59 00 00 02 02 00 00 13 03 00 00
2026-07-26T19:02:23.813010,141.705,can0  040  [04]  0D 00 65 00
2026-07-26T19:02:23.816652,141.709,can0  110  [02]  B1 1A
2026-07-26T19:02:23.913099,141.805,can0  041  [04]  2C 00 71 00
2026-07-26T19:02:23.913324,141.805,can0  070  [20]  53 30 4D 08 9E B9 62 03 D8 59 00 00 02 02 00 00 13 03 00 00
2026-07-26T19:02:24.012873,141.905,can0  040  [04]  0A 00 6C 00
2026-07-26T19:02:24.016714,141.909,can0  040  [04]  0A 00 6C 00
2026-07-26T19:02:24.116704,142.009,can0  070  [20]  58 30 4D 08 9F B9 62 03 C0 5D 00 00 02 02 00 00 07 0D 00 00
2026-07-26T19:02:24.116777,142.009,can0  041  [04]  29 00 75 00
2026-07-26T19:02:24.213241,142.105,can0  070  [20]  58 30 4D 08 9F B9 62 03 C0 5D 00 00 02 02 00 00 07 0D 00 00
2026-07-26T19:02:24.213304,142.105,can0  100  [03]  1C 74 04
2026-07-26T19:02:24.213835,142.106,can0  120  [04]  0E 6A 00 00
2026-07-26T19:02:24.213881,142.106,can0  060  [32]  A8 A7 D6 02 34 29 4D 08 43 38 B8 10 00 00 68 00 FF 01 00 00 00 00 00 00 03 00 00 00 00 00 00 00
2026-07-26T19:02:24.218710,142.111,can0  060  [32]  00 00 00 00 53 30 4D 08 F2 0E B8 10 04 00 FE 0C FF 01 00 00 00 00 00 01 03 00 00 00 00 00 00 00
2026-07-26T19:02:24.218769,142.111,can0  060  [32]  6E DE D5 02 FE 6A 4D 08 52 DC 64 03 00 00 95 0C 3A 00 80 00 00 00 00 02 03 00 00 00 00 00 00 00
2026-07-26T19:02:24.218812,142.111,can0  040  [04]  05 00 74 00
2026-07-26T19:02:24.313103,142.205,can0  070  [20]  58 30 4D 08 9F B9 62 03 C0 5D 00 00 02 02 00 00 07 0D 00 00
2026-07-26T19:02:24.313428,142.205,can0  040  [04]  05 00 74 00
2026-07-26T19:02:24.313475,142.206,can0  002  [04]  90 5F 01 00
2026-07-26T19:02:24.412663,142.305,can0  041  [04]  2A 00 74 00
2026-07-26T19:02:24.512851,142.405,can0  040  [04]  01 00 79 00
2026-07-26T19:02:24.516338,142.408,can0  040  [04]  01 00 79 00
2026-07-26T19:02:24.715619,142.608,can0  041  [04]  2C 00 70 00
2026-07-26T19:02:24.812766,142.705,can0  070  [20]  58 30 4D 08 9F B9 62 03 C0 5D 00 00 02 02 00 00 07 0D 00 00
2026-07-26T19:02:24.813023,142.705,can0  040  [04]  01 00 79 00
2026-07-26T19:02:24.813198,142.705,can0  040  [04]  01 00 79 00
2026-07-26T19:02:24.912699,142.805,can0  070  [20]  58 30 4D 08 9F B9 62 03 C0 5D 00 00 02 02 00 00 07 0D 00 00
2026-07-26T19:02:24.916344,142.808,can0  041  [04]  2F 00 71 00
2026-07-26T19:02:25.016369,142.908,can0  040  [04]  04 00 70 00
2026-07-26T19:02:25.115426,143.008,can0  040  [04]  04 00 70 00
2026-07-26T19:02:25.115495,143.008,can0  070  [20]  57 30 4D 08 9C B9 62 03 A8 61 00 00 02 02 00 00 AD 0B 00 00
2026-07-26T19:02:25.212748,143.105,can0  070  [20]  57 30 4D 08 9C B9 62 03 A8 61 00 00 02 02 00 00 AD 0B 00 00
2026-07-26T19:02:25.216557,143.109,can0  041  [04]  31 00 71 00
2026-07-26T19:02:25.216617,143.109,can0  070  [20]  57 30 4D 08 9C B9 62 03 A8 61 00 00 02 02 00 00 AD 0B 00 00
2026-07-26T19:02:25.312750,143.205,can0  040  [04]  08 00 67 00
2026-07-26T19:02:25.312945,143.205,can0  002  [04]  90 5F 01 00
2026-07-26T19:02:25.412555,143.305,can0  040  [04]  08 00 67 00
2026-07-26T19:02:25.413235,143.305,can0  100  [03]  1D 74 04
2026-07-26T19:02:25.413284,143.305,can0  110  [02]  B2 1A
2026-07-26T19:02:25.413328,143.305,can0  120  [04]  2C 6A 00 00
2026-07-26T19:02:25.413371,143.305,can0  060  [32]  00 00 00 00 57 30 4D 08 F1 0E B8 10 10 00 59 0C FF 01 00 00 00 00 00 00 02 00 00 00 00 00 00 00
2026-07-26T19:02:25.413514,143.306,can0  060  [32]  93 01 D6 02 58 B6 4D 08 EC 1E 64 03 00 00 5D 09 00 00 80 00 00 00 00 01 02 00 00 00 00 00 00 00
2026-07-26T19:02:25.512571,143.405,can0  041  [04]  32 00 6F 00
2026-07-26T19:02:25.613370,143.505,can0  040  [04]  08 00 68 00
2026-07-26T19:02:25.613440,143.506,can0  040  [04]  08 00 68 00
2026-07-26T19:02:25.713088,143.605,can0  001  [05]  00 00 00 00 40
2026-07-26T19:02:25.713650,143.606,can0  070  [20]  57 30 4D 08 9C B9 62 03 A8 61 00 00 02 02 00 00 AD 0B 00 00
2026-07-26T19:02:25.717095,143.609,can0  041  [04]  2F 00 70 00
2026-07-26T19:02:25.815880,143.708,can0  040  [04]  06 00 6E 00
2026-07-26T19:02:25.912880,143.805,can0  070  [20]  57 30 4D 08 9C B9 62 03 A8 61 00 00 02 02 00 00 AD 0B 00 00
2026-07-26T19:02:25.917039,143.809,can0  040  [04]  06 00 6E 00
2026-07-26T19:02:26.013012,143.905,can0  041  [04]  2D 00 72 00
2026-07-26T19:02:26.112429,144.005,can0  040  [04]  02 00 79 00
2026-07-26T19:02:26.112697,144.005,can0  070  [20]  5D 30 4D 08 A3 B9 62 03 90 65 00 00 02 02 00 00 5A 13 00 00
2026-07-26T19:02:26.115744,144.008,can0  040  [04]  02 00 79 00
2026-07-26T19:02:26.212384,144.104,can0  070  [20]  5D 30 4D 08 A3 B9 62 03 90 65 00 00 02 02 00 00 5B 13 00 00
2026-07-26T19:02:26.312197,144.204,can0  070  [20]  5D 30 4D 08 A3 B9 62 03 90 65 00 00 02 02 00 00 5B 13 00 00
2026-07-26T19:02:26.312447,144.205,can0  041  [04]  2E 00 70 00
2026-07-26T19:02:26.312641,144.205,can0  002  [04]  90 5F 01 00
2026-07-26T19:02:26.412759,144.305,can0  040  [04]  01 00 7C 00
2026-07-26T19:02:26.413017,144.305,can0  060  [32]  53 DD D5 02 9D B8 4D 08 FE 1E 64 03 01 00 0D 06 FF 01 00 00 00 00 00 00 02 00 00 00 00 00 00 00
2026-07-26T19:02:26.413218,144.305,can0  060  [32]  00 00 00 00 5D 30 4D 08 F7 0E B8 10 1A 00 A0 00 FF 01 00 00 00 00 00 01 02 00 00 00 00 00 00 00
2026-07-26T19:02:26.414223,144.306,can0  040  [04]  01 00 7C 00
2026-07-26T19:02:26.414444,144.307,can0  133  [00]
2026-07-26T19:02:26.513109,144.405,can0  041  [04]  30 00 6A 00
2026-07-26T19:02:26.612145,144.504,can0  100  [03]  1D 74 04
2026-07-26T19:02:26.612406,144.504,can0  120  [04]  9A 6A 00 00
2026-07-26T19:02:26.612697,144.505,can0  040  [04]  05 00 72 00
2026-07-26T19:02:26.712493,144.605,can0  040  [04]  05 00 72 00
2026-07-26T19:02:26.812566,144.705,can0  070  [20]  5D 30 4D 08 A3 B9 62 03 90 65 00 00 02 02 00 00 5B 13 00 00
2026-07-26T19:02:26.812845,144.705,can0  041  [04]  31 00 66 00
2026-07-26T19:02:26.912608,144.805,can0  070  [20]  5D 30 4D 08 A3 B9 62 03 90 65 00 00 02 02 00 00 5B 13 00 00
2026-07-26T19:02:26.912861,144.805,can0  040  [04]  0A 00 68 00
2026-07-26T19:02:26.913079,144.805,can0  040  [04]  0A 00 68 00
2026-07-26T19:02:27.012591,144.905,can0  110  [02]  B1 1A
2026-07-26T19:02:27.212436,145.105,can0  041  [04]  31 00 62 00
2026-07-26T19:02:27.212715,145.105,can0  070  [20]  5D 30 4D 08 A1 B9 62 03 78 69 00 00 02 02 00 00 F0 07 00 00
2026-07-26T19:02:27.212971,145.105,can0  070  [20]  5D 30 4D 08 A1 B9 62 03 78 69 00 00 02 02 00 00 F0 07 00 00
2026-07-26T19:02:27.213230,145.105,can0  040  [04]  0B 00 6C 00
2026-07-26T19:02:27.213451,145.106,can0  040  [04]  0B 00 6C 00
2026-07-26T19:02:27.213701,145.106,can0  070  [20]  5D 30 4D 08 A1 B9 62 03 78 69 00 00 02 02 00 00 F0 07 00 00
2026-07-26T19:02:27.412769,145.305,can0  041  [04]  31 00 60 00
2026-07-26T19:02:27.412976,145.305,can0  002  [04]  90 5F 01 00
2026-07-26T19:02:27.413212,145.305,can0  060  [32]  F0 A6 D6 02 C2 79 4D 08 C4 0B B9 10 00 00 10 0E FF 01 00 00 00 00 00 00 02 00 00 00 00 00 00 00
2026-07-26T19:02:27.413420,145.305,can0  060  [32]  00 00 00 00 5D 30 4D 08 F6 0E B8 10 0A 00 FB 0D FF 01 00 00 00 00 00 01 02 00 00 00 00 00 00 00
2026-07-26T19:02:27.414490,145.307,can0  040  [04]  08 00 71 00
2026-07-26T19:02:27.512721,145.405,can0  040  [04]  08 00 71 00
2026-07-26T19:02:27.712942,145.605,can0  041  [04]  2E 00 61 00
2026-07-26T19:02:27.713168,145.605,can0  001  [05]  00 00 00 00 40
2026-07-26T19:02:27.713431,145.606,can0  040  [04]  06 00 76 00
2026-07-26T19:02:27.713723,145.606,can0  070  [20]  5D 30 4D 08 A1 B9 62 03 78 69 00 00 02 02 00 00 F0 07 00 00
2026-07-26T19:02:27.812145,145.704,can0  040  [04]  06 00 76 00
2026-07-26T19:02:27.812382,145.704,can0  100  [03]  1D 74 04
2026-07-26T19:02:27.812645,145.705,can0  120  [04]  72 6A 00 00
2026-07-26T19:02:27.912201,145.804,can0  041  [04]  2E 00 5E 00
2026-07-26T19:02:27.912763,145.805,can0  070  [20]  5D 30 4D 08 A1 B9 62 03 78 69 00 00 02 02 00 00 F0 07 00 00
2026-07-26T19:02:27.913016,145.805,can0  060  [32]  00 00 00 00 00 00 00 00 00 00 00 00 00 00 00 00 00 00 00 00 00 00 00 00 00 00 00 00 00 00 00 00
2026-07-26T19:02:27.913284,145.805,can0  040  [04]  07 00 71 00
2026-07-26T19:02:28.012707,145.905,can0  040  [04]  07 00 71 00
2026-07-26T19:02:28.112493,146.005,can0  070  [20]  5C 30 4D 08 A1 B9 62 03 60 6D 00 00 02 02 00 00 18 01 00 00
2026-07-26T19:02:28.112757,146.005,can0  041  [04]  30 00 5C 00
2026-07-26T19:02:28.113009,146.005,can0  060  [32]  30 7B D6 02 1E B5 4D 08 F8 1D 64 03 00 00 1B 04 58 00 80 00 00 00 00 00 01 00 00 00 00 00 00 00
2026-07-26T19:02:28.212390,146.104,can0  070  [20]  5C 30 4D 08 A1 B9 62 03 60 6D 00 00 02 02 00 00 17 01 00 00
2026-07-26T19:02:28.212682,146.105,can0  070  [20]  5C 30 4D 08 A1 B9 62 03 60 6D 00 00 02 02 00 00 17 01 00 00
2026-07-26T19:02:28.212903,146.105,can0  040  [04]  0A 00 6C 00
2026-07-26T19:02:28.312216,146.204,can0  040  [04]  0A 00 6C 00
2026-07-26T19:02:28.312424,146.204,can0  002  [04]  90 5F 01 00
2026-07-26T19:02:28.412492,146.305,can0  041  [04]  33 00 5A 00
2026-07-26T19:02:28.512711,146.405,can0  040  [04]  0B 00 6E 00
2026-07-26T19:02:28.515937,146.408,can0  040  [04]  0B 00 6E 00
2026-07-26T19:02:28.612526,146.505,can0  110  [02]  B1 1A
2026-07-26T19:02:28.712863,146.605,can0  041  [04]  34 00 5C 00
2026-07-26T19:02:28.713137,146.605,can0  070  [20]  5C 30 4D 08 A1 B9 62 03 60 6D 00 00 02 02 00 00 17 01 00 00
2026-07-26T19:02:28.812178,146.704,can0  040  [04]  0A 00 6C 00
2026-07-26T19:02:28.812413,146.704,can0  040  [04]  0A 00 6C 00
2026-07-26T19:02:28.912948,146.805,can0  070  [20]  5C 30 4D 08 A1 B9 62 03 60 6D 00 00 02 02 00 00 17 01 00 00
2026-07-26T19:02:28.913207,146.805,can0  041  [04]  33 00 61 00
2026-07-26T19:02:29.013125,146.905,can0  100  [03]  1C 74 04
2026-07-26T19:02:29.013360,146.905,can0  120  [04]  22 6A 00 00
2026-07-26T19:02:29.013614,146.906,can0  040  [04]  09 00 6A 00
2026-07-26T19:02:29.112982,147.005,can0  040  [04]  09 00 6A 00
2026-07-26T19:02:29.113274,147.005,can0  070  [20]  5A 30 4D 08 9F B9 62 03 48 71 00 00 02 02 00 00 31 03 00 00
2026-07-26T19:02:29.212731,147.105,can0  070  [20]  5A 30 4D 08 9F B9 62 03 48 71 00 00 02 02 00 00 32 03 00 00
2026-07-26T19:02:29.216397,147.108,can0  041  [04]  33 00 62 00
2026-07-26T19:02:29.216462,147.109,can0  070  [20]  5A 30 4D 08 9F B9 62 03 48 71 00 00 02 02 00 00 32 03 00 00
2026-07-26T19:02:29.312684,147.205,can0  040  [04]  0A 00 6D 00
2026-07-26T19:02:29.316096,147.208,can0  002  [04]  90 5F 01 00
2026-07-26T19:02:29.413060,147.305,can0  040  [04]  0A 00 6D 00
2026-07-26T19:02:29.416978,147.309,can0  060  [32]  00 00 00 00 5A 30 4D 08 F4 0E B8 10 04 00 5C 0D FF 01 00 00 00 00 00 00 01 00 00 00 00 00 00 00
2026-07-26T19:02:29.512440,147.405,can0  041  [04]  32 00 62 00
2026-07-26T19:02:29.612197,147.504,can0  040  [04]  09 00 72 00
2026-07-26T19:02:29.612438,147.505,can0  040  [04]  09 00 72 00
2026-07-26T19:02:29.712750,147.605,can0  001  [05]  00 00 00 00 40
2026-07-26T19:02:29.712966,147.605,can0  070  [20]  5A 30 4D 08 9F B9 62 03 48 71 00 00 02 02 00 00 32 03 00 00
2026-07-26T19:02:29.713236,147.605,can0  041  [04]  31 00 63 00
2026-07-26T19:02:29.812942,147.705,can0  040  [04]  08 00 77 00
2026-07-26T19:02:29.913328,147.805,can0  070  [20]  5A 30 4D 08 9F B9 62 03 48 71 00 00 02 02 00 00 32 03 00 00
2026-07-26T19:02:29.913577,147.806,can0  040  [04]  08 00 77 00
2026-07-26T19:02:29.913790,147.806,can0  060  [32]  00 00 00 00 00 00 00 00 00 00 00 00 00 00 00 00 00 00 00 00 00 00 00 00 00 00 00 00 00 00 00 00
2026-07-26T19:02:30.012772,147.905,can0  041  [04]  31 00 65 00
2026-07-26T19:02:30.112427,148.005,can0  040  [04]  08 00 73 00
2026-07-26T19:02:30.112737,148.005,can0  070  [20]  5D 30 4D 08 9E B9 62 03 30 75 00 00 02 02 00 00 49 03 00 00
2026-07-26T19:02:30.118804,148.011,can0  040  [04]  08 00 73 00
2026-07-26T19:02:30.212967,148.105,can0  100  [03]  1D 74 04
2026-07-26T19:02:30.213230,148.105,can0  070  [20]  5D 30 4D 08 9E B9 62 03 30 75 00 00 02 02 00 00 48 03 00 00
2026-07-26T19:02:30.213469,148.106,can0  110  [02]  B0 1A
2026-07-26T19:02:30.213729,148.106,can0  120  [04]  F0 69 00 00
2026-07-26T19:02:30.312220,148.204,can0  070  [20]  5D 30 4D 08 9E B9 62 03 30 75 00 00 02 02 00 00 48 03 00 00
2026-07-26T19:02:30.312485,148.205,can0  041  [04]  31 00 61 00
2026-07-26T19:02:30.312702,148.205,can0  002  [04]  90 5F 01 00
2026-07-26T19:02:30.413073,148.305,can0  040  [04]  0A 00 6C 00
2026-07-26T19:02:30.413312,148.305,can0  040  [04]  0A 00 6C 00
2026-07-26T19:02:30.413532,148.306,can0  060  [32]  00 00 00 00 5D 30 4D 08 F2 0E B8 10 04 00 91 0D FF 01 00 00 00 00 00 00 01 00 00 00 00 00 00 00
2026-07-26T19:02:30.512199,148.404,can0  041  [04]  31 00 62 00
2026-07-26T19:02:30.612694,148.505,can0  040  [04]  0D 00 69 00
2026-07-26T19:02:30.712378,148.604,can0  040  [04]  0D 00 69 00
2026-07-26T19:02:30.812958,148.705,can0  070  [20]  5D 30 4D 08 9E B9 62 03 30 75 00 00 02 02 00 00 48 03 00 00
2026-07-26T19:02:30.813228,148.705,can0  041  [04]  31 00 62 00
2026-07-26T19:02:30.912270,148.804,can0  070  [20]  5D 30 4D 08 9E B9 62 03 30 75 00 00 02 02 00 00 48 03 00 00
2026-07-26T19:02:30.912518,148.805,can0  040  [04]  0B 00 6D 00
2026-07-26T19:02:30.912745,148.805,can0  060  [32]  5A 47 D6 02 80 32 4D 08 D8 A2 63 03 36 00 5C 05 FF 01 00 00 00 00 00 00 01 00 00 00 00 00 00 00
2026-07-26T19:02:30.914449,148.807,can0  040  [04]  0B 00 6D 00
2026-07-26T19:02:31.212124,149.104,can0  041  [04]  31 00 64 00
2026-07-26T19:02:31.212332,149.104,can0  132  [00]
2026-07-26T19:02:31.212909,149.105,can0  070  [20]  62 30 4D 08 A1 B9 62 03 18 79 00 00 02 02 00 00 32 0D 00 00
2026-07-26T19:02:31.213162,149.105,can0  070  [20]  62 30 4D 08 A1 B9 62 03 18 79 00 00 02 02 00 00 33 0D 00 00
2026-07-26T19:02:31.213425,149.105,can0  040  [04]  07 00 70 00
2026-07-26T19:02:31.213688,149.106,can0  040  [04]  07 00 70 00
2026-07-26T19:02:31.216714,149.109,can0  070  [20]  62 30 4D 08 A1 B9 62 03 18 79 00 00 02 02 00 00 33 0D 00 00
2026-07-26T19:02:31.312539,149.205,can0  041  [04]  32 00 67 00
2026-07-26T19:02:31.312748,149.205,can0  002  [04]  90 5F 01 00
2026-07-26T19:02:31.412192,149.304,can0  100  [03]  1D 74 04
2026-07-26T19:02:31.412413,149.304,can0  120  [04]  D2 69 00 00
2026-07-26T19:02:31.412715,149.305,can0  040  [04]  06 00 71 00
2026-07-26T19:02:31.412929,149.305,can0  060  [32]  00 00 00 00 00 00 00 00 00 00 00 00 00 00 00 00 00 00 00 00 00 00 00 00 00 00 00 00 00 00 00 00
2026-07-26T19:02:31.512417,149.404,can0  060  [32]  00 00 00 00 62 30 4D 08 F6 0E B8 10 12 00 B8 00 FF 01 00 00 00 00 00 00 01 00 00 00 00 00 00 00
2026-07-26T19:02:31.513529,149.406,can0  040  [04]  06 00 71 00
2026-07-26T19:02:31.712199,149.604,can0  041  [04]  32 00 68 00
2026-07-26T19:02:31.712424,149.604,can0  001  [05]  00 00 00 00 40
2026-07-26T19:02:31.712679,149.605,can0  040  [04]  06 00 6C 00
2026-07-26T19:02:31.712914,149.605,can0  070  [20]  62 30 4D 08 A1 B9 62 03 18 79 00 00 02 02 00 00 33 0D 00 00
2026-07-26T19:02:31.713147,149.605,can0  040  [04]  06 00 6C 00
2026-07-26T19:02:31.813000,149.705,can0  110  [02]  B0 1A
2026-07-26T19:02:31.912217,149.804,can0  041  [04]  32 00 6A 00
2026-07-26T19:02:31.912467,149.805,can0  070  [20]  62 30 4D 08 A1 B9 62 03 18 79 00 00 02 02 00 00 33 0D 00 00
2026-07-26T19:02:31.912718,149.805,can0  040  [04]  07 00 67 00
2026-07-26T19:02:32.012656,149.905,can0  060  [32]  00 00 00 00 00 00 00 00 00 00 00 00 00 00 00 00 00 00 00 00 00 00 00 00 00 00 00 00 00 00 00 00
2026-07-26T19:02:32.012907,149.905,can0  040  [04]  07 00 67 00
2026-07-26T19:02:32.213457,150.106,can0  070  [20]  64 30 4D 08 A1 B9 62 03 00 7D 00 00 02 02 00 00 0C 03 00 00
2026-07-26T19:02:32.213711,150.106,can0  041  [04]  31 00 6A 00
2026-07-26T19:02:32.213939,150.106,can0  070  [20]  64 30 4D 08 A1 B9 62 03 00 7D 00 00 02 02 00 00 0B 03 00 00
2026-07-26T19:02:32.214158,150.106,can0  040  [04]  06 00 67 00
2026-07-26T19:02:32.312916,150.205,can0  070  [20]  64 30 4D 08 A1 B9 62 03 00 7D 00 00 02 02 00 00 0B 03 00 00
2026-07-26T19:02:32.313158,150.205,can0  040  [04]  06 00 67 00
2026-07-26T19:02:32.313382,150.205,can0  002  [04]  90 5F 01 00
2026-07-26T19:02:32.412383,150.304,can0  041  [04]  31 00 6E 00
2026-07-26T19:02:32.512980,150.405,can0  060  [32]  00 00 00 00 64 30 4D 08 F6 0E B8 10 04 00 71 00 FF 01 00 00 00 00 00 00 01 00 00 00 00 00 00 00
2026-07-26T19:02:32.514008,150.406,can0  040  [04]  05 00 6D 00
2026-07-26T19:02:32.517490,150.410,can0  040  [04]  05 00 6D 00
2026-07-26T19:02:32.612726,150.505,can0  100  [03]  1D 74 04
2026-07-26T19:02:32.616629,150.509,can0  120  [04]  C8 69 00 00
2026-07-26T19:02:32.715717,150.608,can0  041  [04]  32 00 6F 00
2026-07-26T19:02:32.812627,150.705,can0  070  [20]  64 30 4D 08 A1 B9 62 03 00 7D 00 00 02 02 00 00 0B 03 00 00
2026-07-26T19:02:32.812956,150.705,can0  040  [04]  03 00 71 00
2026-07-26T19:02:32.813221,150.705,can0  040  [04]  03 00 71 00
2026-07-26T19:02:32.912290,150.804,can0  070  [20]  64 30 4D 08 A1 B9 62 03 00 7D 00 00 02 02 00 00 0B 03 00 00
2026-07-26T19:02:32.912599,150.805,can0  041  [04]  32 00 6C 00
2026-07-26T19:02:33.013032,150.905,can0  040  [04]  03 00 70 00
2026-07-26T19:02:33.112787,151.005,can0  040  [04]  03 00 70 00
2026-07-26T19:02:33.113066,151.005,can0  070  [20]  64 30 4D 08 A4 B9 62 03 E8 80 00 00 02 02 00 00 07 06 00 00
2026-07-26T19:02:33.213020,151.105,can0  070  [20]  64 30 4D 08 A4 B9 62 03 E8 80 00 00 02 02 00 00 07 06 00 00
2026-07-26T19:02:33.213264,151.105,can0  041  [04]  32 00 6A 00
2026-07-26T19:02:33.213492,151.106,can0  070  [20]  64 30 4D 08 A4 B9 62 03 E8 80 00 00 02 02 00 00 07 06 00 00
2026-07-26T19:02:33.312982,151.205,can0  040  [04]  03 00 6B 00
2026-07-26T19:02:33.313282,151.205,can0  060  [32]  28 37 49 06 E6 8A 4D 08 6B 78 64 03 57 00 DD 0A 15 01 80 00 00 00 00 00 02 00 00 00 00 00 00 00
2026-07-26T19:02:33.313487,151.206,can0  060  [32]  6E DE D5 02 F5 6A 4D 08 2E DC 64 03 00 00 95 0C 3A 00 80 00 00 00 00 01 02 00 00 00 00 00 00 00
2026-07-26T19:02:33.314512,151.207,can0  040  [04]  03 00 6B 00
2026-07-26T19:02:33.314720,151.207,can0  002  [04]  90 5F 01 00
2026-07-26T19:02:33.416437,151.309,can0  110  [02]  B0 1A
2026-07-26T19:02:33.512943,151.405,can0  041  [04]  31 00 68 00
2026-07-26T19:02:33.515468,151.408,can0  040  [04]  06 00 65 00
2026-07-26T19:02:33.615637,151.508,can0  040  [04]  06 00 65 00
2026-07-26T19:02:33.712756,151.605,can0  001  [05]  00 00 00 00 40
2026-07-26T19:02:33.717321,151.609,can0  041  [04]  2F 00 65 00
2026-07-26T19:02:33.717386,151.609,can0  070  [20]  64 30 4D 08 A4 B9 62 03 E8 80 00 00 02 02 00 00 07 06 00 00
2026-07-26T19:02:33.812748,151.705,can0  100  [03]  1D 74 04
2026-07-26T19:02:33.812958,151.705,can0  120  [04]  04 6A 00 00
2026-07-26T19:02:33.816521,151.709,can0  040  [04]  07 00 63 00
2026-07-26T19:02:33.912872,151.805,can0  070  [20]  64 30 4D 08 A4 B9 62 03 E8 80 00 00 02 02 00 00 07 06 00 00
2026-07-26T19:02:33.916440,151.809,can0  040  [04]  07 00 63 00
2026-07-26T19:02:34.012270,151.904,can0  041  [04]  2D 00 66 00
2026-07-26T19:02:34.112357,152.004,can0  040  [04]  06 00 65 00
2026-07-26T19:02:34.112585,152.005,can0  070  [20]  67 30 4D 08 A9 B9 62 03 D0 84 00 00 02 02 00 00 DC 05 00 00
2026-07-26T19:02:34.115736,152.008,can0   002  [04]  09 05 f0 10 0
2026-07-26T19:02:34.115981,152.008,can0  040  [04]  06 00 65 00
2026-07-26T19:02:34.213048,152.105,can0  070  [20]  67 30 4D 08 A9 B9 62 03 D0 84 00 00 02 02 00 00 DC 05 00 00
2026-07-26T19:02:34.213252,152.105,can0  002  [04]  90 5F 01 00
2026-07-26T19:02:34.213521,152.106,can0  060  [32]  00 00 00 00 64 30 4D 08 F9 0E B8 10 08 00 1C 02 FF 01 00 00 00 00 00 00 02 00 00 00 00 00 00 00
2026-07-26T19:02:34.213743,152.106,can0  060  [32]  1B FE D5 02 A6 CA 4D 08 48 78 63 03 69 00 C6 0A 0D 01 01 00 00 00 00 01 02 00 00 00 00 00 00 00
2026-07-26T19:02:34.312212,152.204,can0  070  [20]  67 30 4D 08 A9 B9 62 03 D0 84 00 00 02 02 00 00 DC 05 00 00
2026-07-26T19:02:34.312502,152.205,can0  041  [04]  2E 00 67 00
2026-07-26T19:02:34.312688,152.205,can0  002  [04]  90 5F 01 00
2026-07-26T19:02:34.312910,152.205,can0  040  [04]  04 00 6B 00
2026-07-26T19:02:34.412999,152.305,can0  040  [04]  04 00 6B 00
2026-07-26T19:02:34.512743,152.405,can0  041  [04]  2F 00 67 00
2026-07-26T19:02:34.612522,152.505,can0  040  [04]  04 00 6F 00
2026-07-26T19:02:34.618441,152.511,can0   002  [04]  04 86 b0 10 0
2026-07-26T19:02:34.686386,152.578,can0   002  [04]  04 86 b0 10 0
2026-07-26T19:02:34.712700,152.605,can0  040  [04]  04 00 6F 00
2026-07-26T19:02:34.712857,152.605,can0  002  [04]  48 6B 01 00
2026-07-26T19:02:34.713063,152.605,can0  002  [04]  48 6B 01 00
2026-07-26T19:02:34.758251,152.650,can0   002  [04]  04 86 b0 10 0
2026-07-26T19:02:34.812769,152.705,can0  070  [20]  67 30 4D 08 A9 B9 62 03 D0 84 00 00 02 02 00 00 DC 05 00 00
2026-07-26T19:02:34.813050,152.705,can0  041  [04]  31 00 68 00
2026-07-26T19:02:34.813327,152.705,can0  060  [32]  00 00 00 00 67 30 4D 08 FE 0E B8 10 08 00 DF 01 FF 01 00 00 00 00 00 00 02 00 00 00 00 00 00 00
2026-07-26T19:02:34.813519,152.706,can0  060  [32]  53 DD D5 02 9F B8 4D 08 FE 1E 64 03 01 00 D9 05 FF 01 00 00 00 00 00 01 02 00 00 00 00 00 00 00
2026-07-26T19:02:34.814375,152.706,can0  002  [04]  48 6B 01 00
2026-07-26T19:02:34.814638,152.707,can0  070  [20]  67 30 4D 08 A9 B9 62 03 D0 84 00 00 02 02 00 00 DC 05 00 00
2026-07-26T19:02:34.825696,152.718,can0   002  [04]  04 86 b0 10 0
2026-07-26T19:02:34.896956,152.789,can0   002  [04]  04 86 b0 10 0
2026-07-26T19:02:34.912975,152.805,can0  040  [04]  06 00 6C 00
2026-07-26T19:02:34.913125,152.805,can0  002  [04]  48 6B 01 00
2026-07-26T19:02:34.913329,152.805,can0  040  [04]  06 00 6C 00
2026-07-26T19:02:34.913525,152.806,can0  002  [04]  48 6B 01 00
2026-07-26T19:02:34.958465,152.851,can0   002  [04]  04 86 b0 10 0
2026-07-26T19:02:35.012693,152.905,can0  100  [03]  1E 74 04
2026-07-26T19:02:35.015165,152.907,can0  110  [02]  B0 1A
2026-07-26T19:02:35.015249,152.907,can0  120  [04]  BE 69 00 00
2026-07-26T19:02:35.015334,152.907,can0  002  [04]  48 6B 01 00
2026-07-26T19:02:35.027404,152.919,can0   002  [04]  04 86 b0 10 0
2026-07-26T19:02:35.101662,152.994,can0   002  [04]  04 86 b0 10 0
2026-07-26T19:02:35.116547,153.009,can0  041  [04]  31 00 63 00
2026-07-26T19:02:35.116613,153.009,can0  002  [04]  48 6B 01 00
2026-07-26T19:02:35.116698,153.009,can0  070  [20]  67 30 4D 08 AD B9 62 03 B8 88 00 00 02 02 00 00 82 04 00 00
2026-07-26T19:02:35.116750,153.009,can0  040  [04]  08 00 66 00
2026-07-26T19:02:35.116792,153.009,can0  002  [04]  48 6B 01 00
2026-07-26T19:02:35.181845,153.074,can0   002  [04]  04 86 b0 10 0
2026-07-26T19:02:35.212720,153.105,can0  070  [20]  67 30 4D 08 AD B9 62 03 B8 88 00 00 02 02 00 00 82 04 00 00
2026-07-26T19:02:35.212953,153.105,can0  040  [04]  08 00 66 00
2026-07-26T19:02:35.213176,153.105,can0  070  [20]  67 30 4D 08 AD B9 62 03 B8 88 00 00 02 02 00 00 82 04 00 00
2026-07-26T19:02:35.213410,153.105,can0  002  [04]  48 6B 01 00
2026-07-26T19:02:35.312764,153.205,can0  060  [32]  00 00 00 00 00 00 00 00 00 00 00 00 00 00 00 00 00 00 00 00 00 00 00 00 00 00 00 00 00 00 00 00
2026-07-26T19:02:35.313057,153.205,can0  041  [04]  30 00 5F 00
2026-07-26T19:02:35.313269,153.205,can0  002  [04]  90 5F 01 00
2026-07-26T19:02:35.412213,153.304,can0  040  [04]  08 00 62 00
2026-07-26T19:02:35.512975,153.405,can0  040  [04]  08 00 62 00
2026-07-26T19:02:35.513186,153.405,can0  060  [32]  00 00 00 00 67 30 4D 08 01 0F B8 10 06 00 1D 03 FF 01 00 00 00 00 00 00 01 00 00 00 00 00 00 00
2026-07-26T19:02:35.613035,153.505,can0  041  [04]  30 00 62 00
2026-07-26T19:02:35.686276,153.578,can0   002  [04]  04 86 b0 10 0
2026-07-26T19:02:35.712789,153.605,can0  001  [05]  00 00 00 00 40
2026-07-26T19:02:35.713051,153.605,can0  040  [04]  07 00 65 00
2026-07-26T19:02:35.713276,153.605,can0  070  [20]  67 30 4D 08 AD B9 62 03 B8 88 00 00 02 02 00 00 82 04 00 00
2026-07-26T19:02:35.713484,153.606,can0  040  [04]  07 00 65 00
2026-07-26T19:02:35.713708,153.606,can0  002  [04]  48 6B 01 00
2026-07-26T19:02:35.754723,153.647,can0   002  [04]  04 86 b0 10 0
2026-07-26T19:02:35.812324,153.704,can0  002  [04]  48 6B 01 00
2026-07-26T19:02:35.812572,153.705,can0  041  [04]  2E 00 64 00
2026-07-26T19:02:35.825088,153.717,can0   002  [04]  04 86 b0 10 0
2026-07-26T19:02:35.893782,153.786,can0   002  [04]  04 86 b0 10 0
2026-07-26T19:02:35.912888,153.805,can0  002  [04]  48 6B 01 00
2026-07-26T19:02:35.914209,153.806,can0  070  [20]  67 30 4D 08 AD B9 62 03 B8 88 00 00 02 02 00 00 82 04 00 00
2026-07-26T19:02:35.917987,153.810,can0  002  [04]  48 6B 01 00
2026-07-26T19:02:35.918099,153.810,can0  040  [04]  06 00 66 00
2026-07-26T19:02:35.963617,153.856,can0   002  [04]  04 86 b0 10 0
2026-07-26T19:02:36.013006,153.905,can0  040  [04]  06 00 66 00
2026-07-26T19:02:36.013192,153.905,can0  002  [04]  48 6B 01 00
2026-07-26T19:02:36.031175,153.923,can0   002  [04]  04 86 b0 10 0
2026-07-26T19:02:36.093459,153.986,can0   002  [04]  04 86 b0 10 0
2026-07-26T19:02:36.112146,154.004,can0  002  [04]  48 6B 01 00
2026-07-26T19:02:36.112431,154.005,can0  070  [20]  69 30 4D 08 B3 B9 62 03 A0 8C 00 00 02 02 00 00 E7 09 00 00
2026-07-26T19:02:36.112708,154.005,can0  041  [04]  2E 00 65 00
2026-07-26T19:02:36.116278,154.008,can0  002  [04]  48 6B 01 00
2026-07-26T19:02:36.164130,154.056,can0   002  [04]  04 86 b0 10 0
2026-07-26T19:02:36.212855,154.105,can0  100  [03]  1D 74 04
2026-07-26T19:02:36.213340,154.105,can0  120  [04]  B4 69 00 00
2026-07-26T19:02:36.213416,154.105,can0  070  [20]  69 30 4D 08 B3 B9 62 03 A0 8C 00 00 02 02 00 00 E8 09 00 00
2026-07-26T19:02:36.213495,154.106,can0  040  [04]  04 00 66 00
2026-07-26T19:02:36.213573,154.106,can0  002  [04]  48 6B 01 00
2026-07-26T19:02:36.231058,154.123,can0   002  [04]  04 86 b0 10 0
2026-07-26T19:02:36.298856,154.191,can0   002  [04]  04 86 b0 10 0
2026-07-26T19:02:36.312768,154.205,can0  070  [20]  69 30 4D 08 B3 B9 62 03 A0 8C 00 00 02 02 00 00 E8 09 00 00
2026-07-26T19:02:36.313030,154.205,can0  040  [04]  04 00 66 00
2026-07-26T19:02:36.313212,154.205,can0  002  [04]  48 6B 01 00
2026-07-26T19:02:36.313419,154.205,can0  002  [04]  90 5F 01 00
2026-07-26T19:02:36.313634,154.206,can0  002  [04]  48 6B 01 00
2026-07-26T19:02:36.363066,154.255,can0   002  [04]  04 86 b0 10 0
2026-07-26T19:02:36.413041,154.305,can0  133  [00]
2026-07-26T19:02:36.413316,154.305,can0  041  [04]  2E 00 64 00
2026-07-26T19:02:36.413527,154.306,can0  002  [04]  48 6B 01 00
2026-07-26T19:02:36.433285,154.325,can0   002  [04]  04 86 b0 10 0
2026-07-26T19:02:36.504381,154.396,can0   002  [04]  04 86 b0 10 0
2026-07-26T19:02:36.512354,154.404,can0  040  [04]  04 00 64 00
2026-07-26T19:02:36.512551,154.405,can0  002  [04]  48 6B 01 00
2026-07-26T19:02:36.512820,154.405,can0  060  [32]  93 01 D6 02 51 B6 4D 08 CC 1E 64 03 00 00 5D 09 67 01 80 00 00 00 00 00 03 00 00 00 00 00 00 00
2026-07-26T19:02:36.513054,154.405,can0  060  [32]  48 40 D6 02 48 72 4D 08 79 0F 65 03 00 00 6B 0B 28 01 80 00 00 00 00 01 03 00 00 00 00 00 00 00
2026-07-26T19:02:36.513252,154.405,can0  060  [32]  00 00 00 00 69 30 4D 08 08 0F B8 10 0D 00 4C 02 FF 01 00 00 00 00 00 02 03 00 00 00 00 00 00 00
2026-07-26T19:02:36.518339,154.410,can0  002  [04]  48 6B 01 00
2026-07-26T19:02:36.572963,154.465,can0   002  [04]  04 86 b0 10 0
2026-07-26T19:02:36.612647,154.505,can0  110  [02]  B3 1A
2026-07-26T19:02:36.612876,154.505,can0  002  [04]  48 6B 01 00
2026-07-26T19:02:36.617148,154.509,can0  041  [04]  2E 00 61 00
2026-07-26T19:02:36.637305,154.529,can0   002  [04]  04 86 b0 10 0
2026-07-26T19:02:36.705497,154.598,can0   002  [04]  04 86 b0 10 0
2026-07-26T19:02:36.712180,154.604,can0  002  [04]  48 6B 01 00
2026-07-26T19:02:36.712433,154.605,can0  040  [04]  03 00 5F 00
2026-07-26T19:02:36.712710,154.605,can0  070  [20]  69 30 4D 08 B3 B9 62 03 A0 8C 00 00 02 02 00 00 E8 09 00 00
2026-07-26T19:02:36.712929,154.605,can0  002  [04]  48 6B 01 00
2026-07-26T19:02:36.775714,154.668,can0   002  [04]  04 86 b0 10 0
2026-07-26T19:02:36.812963,154.705,can0  040  [04]  03 00 5F 00
2026-07-26T19:02:36.813164,154.705,can0  002  [04]  48 6B 01 00
2026-07-26T19:02:36.813406,154.705,can0  070  [20]  69 30 4D 08 B3 B9 62 03 A0 8C 00 00 02 02 00 00 E8 09 00 00
2026-07-26T19:02:36.842401,154.734,can0   002  [04]  04 86 b0 10 0
2026-07-26T19:02:36.910768,154.803,can0   002  [04]  04 86 b0 10 0
2026-07-26T19:02:36.912589,154.805,can0  002  [04]  48 6B 01 00
2026-07-26T19:02:36.915798,154.808,can0  041  [04]  2D 00 5F 00
2026-07-26T19:02:36.988887,154.881,can0   002  [04]  04 86 b0 10 0
2026-07-26T19:02:37.012759,154.905,can0  002  [04]  48 6B 01 00
2026-07-26T19:02:37.012974,154.905,can0  040  [04]  03 00 62 00
2026-07-26T19:02:37.013215,154.905,can0  002  [04]  48 6B 01 00
2026-07-26T19:02:37.049780,154.942,can0   002  [04]  04 86 b0 10 0
2026-07-26T19:02:37.113088,155.005,can0  040  [04]  03 00 62 00
2026-07-26T19:02:37.113349,155.005,can0  002  [04]  48 6B 01 00
2026-07-26T19:02:37.113995,155.006,can0  070  [20]  6E 30 4D 08 B8 B9 62 03 88 90 00 00 02 02 00 00 4A 09 00 00
2026-07-26T19:02:37.114102,155.006,can0   002  [04]  04 86 b0 10 0
2026-07-26T19:02:37.182737,155.075,can0   002  [04]  04 86 b0 10 0
2026-07-26T19:02:37.212617,155.105,can0  070  [20]  6E 30 4D 08 B8 B9 62 03 88 90 00 00 02 02 00 00 4A 09 00 00
2026-07-26T19:02:37.212726,155.105,can0  002  [04]  48 6B 01 00
2026-07-26T19:02:37.213092,155.105,can0  041  [04]  2C 00 5C 00
2026-07-26T19:02:37.213172,155.105,can0  070  [20]  6E 30 4D 08 B8 B9 62 03 88 90 00 00 02 02 00 00 4A 09 00 00
2026-07-26T19:02:37.213284,155.105,can0  002  [04]  48 6B 01 00
2026-07-26T19:02:37.251867,155.144,can0   002  [04]  04 86 b0 10 0
2026-07-26T19:02:37.312278,155.204,can0  040  [04]  01 00 68 00
2026-07-26T19:02:37.312712,155.205,can0  002  [04]  48 6B 01 00
2026-07-26T19:02:37.312803,155.205,can0  040  [04]  01 00 68 00
2026-07-26T19:02:37.312879,155.205,can0  002  [04]  90 5F 01 00
2026-07-26T19:02:37.314642,155.207,can0   002  [04]  04 86 b0 10 0
2026-07-26T19:02:37.319487,155.212,can0  100  [03]  1D 74 04
2026-07-26T19:02:37.381474,155.274,can0   002  [04]  04 86 b0 10 0
2026-07-26T19:02:37.412519,155.305,can0  120  [04]  C8 69 00 00
2026-07-26T19:02:37.412724,155.305,can0  002  [04]  48 6B 01 00
2026-07-26T19:02:37.412893,155.305,can0  002  [04]  48 6B 01 00
2026-07-26T19:02:37.413150,155.305,can0  041  [04]  2D 00 5A 00
2026-07-26T19:02:37.450621,155.343,can0   002  [04]  04 86 b0 10 0
2026-07-26T19:02:37.512546,155.405,can0  002  [04]  48 6B 01 00
2026-07-26T19:02:37.512824,155.405,can0  060  [32]  D7 93 D6 02 FA 8D 4D 08 10 B6 60 03 0C 01 F9 02 4D 00 01 00 00 00 00 00 02 00 00 00 00 00 00 00
2026-07-26T19:02:37.513038,155.405,can0  060  [32]  00 00 00 00 6E 30 4D 08 0D 0F B8 10 0C 00 B9 01 FF 01 00 00 00 00 00 01 02 00 00 00 00 00 00 00
2026-07-26T19:02:37.513983,155.406,can0  040  [04]  00 00 67 00
2026-07-26T19:02:37.521385,155.413,can0   002  [04]  04 86 b0 10 0
2026-07-26T19:02:37.587761,155.480,can0   002  [04]  04 86 b0 10 0
2026-07-26T19:02:37.612134,155.504,can0  002  [04]  48 6B 01 00
2026-07-26T19:02:37.612389,155.504,can0  040  [04]  00 00 67 00
2026-07-26T19:02:37.612606,155.505,can0  002  [04]  48 6B 01 00
2026-07-26T19:02:37.655851,155.548,can0   002  [04]  04 86 b0 10 0
2026-07-26T19:02:37.712370,155.604,can0  001  [05]  00 00 00 00 40
2026-07-26T19:02:37.712574,155.605,can0  002  [04]  48 6B 01 00
2026-07-26T19:02:37.712811,155.605,can0  041  [04]  2E 00 58 00
2026-07-26T19:02:37.716655,155.609,can0  070  [20]  6E 30 4D 08 B8 B9 62 03 88 90 00 00 02 02 00 00 4A 09 00 00
2026-07-26T19:02:37.725535,155.618,can0   002  [04]  04 86 b0 10 0
2026-07-26T19:02:37.791883,155.684,can0   002  [04]  04 86 b0 10 0
2026-07-26T19:02:37.812155,155.704,can0  002  [04]  48 6B 01 00
2026-07-26T19:02:37.812436,155.705,can0  040  [04]  02 00 5F 00
2026-07-26T19:02:37.812596,155.705,can0  002  [04]  48 6B 01 00
2026-07-26T19:02:37.812796,155.705,can0  040  [04]  02 00 5F 00
2026-07-26T19:02:37.857071,155.749,can0   002  [04]  04 86 b0 10 0
2026-07-26T19:02:37.912886,155.805,can0  070  [20]  6E 30 4D 08 B8 B9 62 03 88 90 00 00 02 02 00 00 4A 09 00 00
2026-07-26T19:02:37.913087,155.805,can0  002  [04]  48 6B 01 00
2026-07-26T19:02:37.925792,155.818,can0   002  [04]  04 86 b0 10 0
2026-07-26T19:02:37.993462,155.886,can0   002  [04]  04 86 b0 10 0
2026-07-26T19:02:38.012321,155.904,can0  002  [04]  48 6B 01 00
2026-07-26T19:02:38.012634,155.905,can0  041  [04]  2D 00 57 00
2026-07-26T19:02:38.012853,155.905,can0  060  [32]  00 00 00 00 00 00 00 00 00 00 00 00 00 00 00 00 00 00 00 00 00 00 00 00 00 00 00 00 00 00 00 00
2026-07-26T19:02:38.013074,155.905,can0  002  [04]  48 6B 01 00
2026-07-26T19:02:38.062784,155.955,can0   002  [04]  04 86 b0 10 0
2026-07-26T19:02:38.112874,156.005,can0  040  [04]  03 00 5D 00
2026-07-26T19:02:38.113129,156.005,can0  070  [20]  6E 30 4D 08 BA B9 62 03 70 94 00 00 02 02 00 00 0C 03 00 00
2026-07-26T19:02:38.113313,156.005,can0  002  [04]  48 6B 01 00
2026-07-26T19:02:38.113556,156.006,can0  040  [04]  03 00 5D 00
2026-07-26T19:02:38.113788,156.006,can0  110  [02]  AF 1A
2026-07-26T19:02:38.129681,156.022,can0   002  [04]  04 86 b0 10 0
2026-07-26T19:02:38.196519,156.089,can0   002  [04]  04 86 b0 10 0
2026-07-26T19:02:38.213013,156.105,can0  070  [20]  6E 30 4D 08 BA B9 62 03 70 94 00 00 02 02 00 00 0C 03 00 00
2026-07-26T19:02:38.213222,156.105,can0  002  [04]  48 6B 01 00
2026-07-26T19:02:38.213439,156.106,can0  060  [32]  F6 73 D6 02 E5 25 4D 08 4F 36 B8 10 00 00 10 0E 5F 00 00 00 00 00 00 00 01 00 00 00 00 00 00 00
2026-07-26T19:02:38.214462,156.107,can0  002  [04]  48 6B 01 00
2026-07-26T19:02:38.214711,156.107,can0  041  [04]  2D 00 54 00
2026-07-26T19:02:38.214945,156.107,can0  070  [20]  6E 30 4D 08 BA B9 62 03 70 94 00 00 02 02 00 00 0C 03 00 00
2026-07-26T19:02:38.263454,156.156,can0   002  [04]  04 86 b0 10 0
2026-07-26T19:02:38.312025,156.204,can0  002  [04]  48 6B 01 00
2026-07-26T19:02:38.313769,156.206,can0  002  [04]  90 5F 01 00
2026-07-26T19:02:38.313833,156.206,can0  040  [04]  03 00 5B 00
2026-07-26T19:02:38.329719,156.222,can0   002  [04]  04 86 b0 10 0
2026-07-26T19:02:38.401987,156.294,can0   002  [04]  04 86 b0 10 0
2026-07-26T19:02:38.412312,156.304,can0  002  [04]  48 6B 01 00
2026-07-26T19:02:38.412578,156.305,can0  040  [04]  03 00 5B 00
2026-07-26T19:02:38.412796,156.305,can0  002  [04]  48 6B 01 00
2026-07-26T19:02:38.471719,156.364,can0   002  [04]  04 86 b0 10 0
2026-07-26T19:02:38.512363,156.404,can0  041  [04]  2B 00 52 00
2026-07-26T19:02:38.512570,156.405,can0  002  [04]  48 6B 01 00
2026-07-26T19:02:38.512775,156.405,can0  100  [03]  1C 74 04
2026-07-26T19:02:38.537652,156.430,can0   002  [04]  04 86 b0 10 0
2026-07-26T19:02:38.610388,156.502,can0   002  [04]  04 86 b0 10 0
2026-07-26T19:02:38.612074,156.504,can0  120  [04]  BE 69 00 00
2026-07-26T19:02:38.612293,156.504,can0  002  [04]  48 6B 01 00
2026-07-26T19:02:38.612559,156.505,can0  040  [04]  01 00 61 00
2026-07-26T19:02:38.616573,156.509,can0  040  [04]  01 00 61 00
2026-07-26T19:02:38.616644,156.509,can0  002  [04]  48 6B 01 00
2026-07-26T19:02:38.679283,156.571,can0   002  [04]  04 86 b0 10 0
2026-07-26T19:02:38.712145,156.604,can0  002  [04]  48 6B 01 00
2026-07-26T19:02:38.716375,156.608,can0  070  [20]  6E 30 4D 08 BA B9 62 03 70 94 00 00 02 02 00 00 0C 03 00 00
2026-07-26T19:02:38.752621,156.645,can0   002  [04]  04 86 b0 10 0
2026-07-26T19:02:38.812726,156.705,can0  041  [04]  2A 00 51 00
2026-07-26T19:02:38.812926,156.705,can0  002  [04]  48 6B 01 00
2026-07-26T19:02:38.817349,156.709,can0  070  [20]  6E 30 4D 08 BA B9 62 03 70 94 00 00 02 02 00 00 0C 03 00 00
2026-07-26T19:02:38.822129,156.714,can0   002  [04]  04 86 b0 10 0
2026-07-26T19:02:38.891911,156.784,can0   002  [04]  04 86 b0 10 0
2026-07-26T19:02:38.912451,156.805,can0  002  [04]  48 6B 01 00
2026-07-26T19:02:38.912690,156.805,can0  040  [04]  66 01 61 00
2026-07-26T19:02:38.912884,156.805,can0  040  [04]  66 01 61 00
2026-07-26T19:02:38.913075,156.805,can0  002  [04]  48 6B 01 00
2026-07-26T19:02:38.962765,156.855,can0   002  [04]  04 86 b0 10 0
2026-07-26T19:02:39.016706,156.909,can0  002  [04]  48 6B 01 00
2026-07-26T19:02:39.016802,156.909,can0  041  [04]  28 00 51 00
2026-07-26T19:02:39.026499,156.919,can0   002  [04]  04 86 b0 10 0
2026-07-26T19:02:39.098408,156.990,can0   002  [04]  04 86 b0 10 0
2026-07-26T19:02:39.112444,157.005,can0  002  [04]  48 6B 01 00
2026-07-26T19:02:39.113141,157.005,can0  070  [20]  6B 30 4D 08 BA B9 62 03 58 98 00 00 02 02 00 00 4E 03 00 00
2026-07-26T19:02:39.113194,157.005,can0  040  [04]  67 01 5D 00
2026-07-26T19:02:39.113236,157.005,can0  002  [04]  48 6B 01 00
2026-07-26T19:02:39.113290,157.005,can0  070  [20]  6B 30 4D 08 BA B9 62 03 58 98 00 00 02 02 00 00 4E 03 00 00
2026-07-26T19:02:39.162835,157.055,can0   002  [04]  04 86 b0 10 0
2026-07-26T19:02:39.213122,157.105,can0  040  [04]  67 01 5D 00
2026-07-26T19:02:39.213412,157.105,can0  060  [32]  B5 49 D6 02 A8 53 4D 08 12 B1 B8 10 3A 00 88 0B FF 01 00 00 00 00 00 00 03 00 00 00 00 00 00 00
2026-07-26T19:02:39.213698,157.106,can0  060  [32]  00 00 00 00 6E 30 4D 08 0F 0F B8 10 04 00 30 02 FF 01 00 00 00 00 00 01 03 00 00 00 00 00 00 00
2026-07-26T19:02:39.213893,157.106,can0  060  [32]  74 5E 11 00 E2 B6 4D 08 E6 CB 63 03 47 00 D6 0B 30 01 80 00 00 00 00 02 03 00 00 00 00 00 00 00
2026-07-26T19:02:39.215257,157.107,can0  002  [04]  48 6B 01 00
2026-07-26T19:02:39.215932,157.108,can0  070  [20]  6B 30 4D 08 BA B9 62 03 58 98 00 00 02 02 00 00 4E 03 00 00
2026-07-26T19:02:39.229442,157.122,can0   002  [04]  04 86 b0 10 0
2026-07-26T19:02:39.294664,157.187,can0   002  [04]  04 86 b0 10 0
2026-07-26T19:02:39.312615,157.205,can0  002  [04]  48 6B 01 00
2026-07-26T19:02:39.312860,157.205,can0  041  [04]  26 00 4D 00
2026-07-26T19:02:39.313034,157.205,can0  002  [04]  90 5F 01 00
2026-07-26T19:02:39.313225,157.205,can0  002  [04]  48 6B 01 00
2026-07-26T19:02:39.366949,157.259,can0   002  [04]  04 86 b0 10 0
2026-07-26T19:02:39.412193,157.304,can0  040  [04]  01 00 5A 00
2026-07-26T19:02:39.412360,157.304,can0  002  [04]  48 6B 01 00
2026-07-26T19:02:39.412562,157.305,can0  040  [04]  01 00 5A 00
2026-07-26T19:02:39.431214,157.323,can0   002  [04]  04 86 b0 10 0
2026-07-26T19:02:39.498680,157.391,can0   002  [04]  04 86 b0 10 0
2026-07-26T19:02:39.516065,157.408,can0  002  [04]  48 6B 01 00
2026-07-26T19:02:39.516157,157.408,can0  002  [04]  48 6B 01 00
2026-07-26T19:02:39.567439,157.460,can0   002  [04]  04 86 b0 10 0
2026-07-26T19:02:39.612705,157.505,can0  041  [04]  26 00 4F 00
2026-07-26T19:02:39.612806,157.505,can0  002  [04]  48 6B 01 00
2026-07-26T19:02:39.613124,157.505,can0  040  [04]  00 00 5D 00
2026-07-26T19:02:39.633611,157.526,can0   002  [04]  04 86 b0 10 0
2026-07-26T19:02:39.704199,157.596,can0   002  [04]  04 86 b0 10 0
2026-07-26T19:02:39.712113,157.604,can0  001  [05]  00 00 00 00 40
2026-07-26T19:02:39.712325,157.604,can0  002  [04]  48 6B 01 00
2026-07-26T19:02:39.712591,157.605,can0  070  [20]  6B 30 4D 08 BA B9 62 03 58 98 00 00 02 02 00 00 4E 03 00 00
2026-07-26T19:02:39.712844,157.605,can0  040  [04]  00 00 5D 00
2026-07-26T19:02:39.713025,157.605,can0  002  [04]  48 6B 01 00
2026-07-26T19:02:39.713258,157.605,can0  100  [03]  1B 74 04
2026-07-26T19:02:39.713468,157.606,can0  110  [02]  B0 1A
2026-07-26T19:02:39.775441,157.668,can0   002  [04]  04 86 b0 10 0
2026-07-26T19:02:39.812569,157.705,can0  120  [04]  E6 69 00 00
2026-07-26T19:02:39.812764,157.705,can0  002  [04]  48 6B 01 00
2026-07-26T19:02:39.813018,157.705,can0  041  [04]  27 00 54 00
2026-07-26T19:02:39.841719,157.734,can0   002  [04]  04 86 b0 10 0
2026-07-26T19:02:39.912315,157.804,can0  070  [20]  6B 30 4D 08 BA B9 62 03 58 98 00 00 02 02 00 00 4E 03 00 00
2026-07-26T19:02:39.912511,157.805,can0  002  [04]  48 6B 01 00
2026-07-26T19:02:39.912784,157.805,can0  040  [04]  67 01 63 00
2026-07-26T19:02:39.914164,157.806,can0   002  [04]  04 86 b0 10 0
2026-07-26T19:02:39.977893,157.870,can0   002  [04]  04 86 b0 10 0
2026-07-26T19:02:40.012331,157.904,can0  002  [04]  48 6B 01 00
2026-07-26T19:02:40.012544,157.905,can0  040  [04]  67 01 63 00
2026-07-26T19:02:40.012767,157.905,can0  002  [04]  48 6B 01 00
2026-07-26T19:02:40.044078,157.936,can0   002  [04]  04 86 b0 10 0
2026-07-26T19:02:40.109770,158.002,can0   002  [04]  04 86 b0 10 0
2026-07-26T19:02:40.112596,158.005,can0  002  [04]  48 6B 01 00
2026-07-26T19:02:40.112885,158.005,can0  070  [20]  6C 30 4D 08 C1 B9 62 03 40 9C 00 00 02 02 00 00 4C 09 00 00
2026-07-26T19:02:40.113149,158.005,can0  041  [04]  29 00 57 00
2026-07-26T19:02:40.113409,158.005,can0  070  [20]  6C 30 4D 08 C1 B9 62 03 40 9C 00 00 02 02 00 00 4D 09 00 00
2026-07-26T19:02:40.113609,158.006,can0  002  [04]  48 6B 01 00
2026-07-26T19:02:40.178197,158.070,can0   002  [04]  04 86 b0 10 0
2026-07-26T19:02:40.212687,158.105,can0  040  [04]  67 01 61 00
2026-07-26T19:02:40.212808,158.105,can0  002  [04]  48 6B 01 00
2026-07-26T19:02:40.213054,158.105,can0  070  [20]  6C 30 4D 08 C1 B9 62 03 40 9C 00 00 02 02 00 00 4D 09 00 00
2026-07-26T19:02:40.213287,158.105,can0  040  [04]  67 01 61 00
2026-07-26T19:02:40.240341,158.132,can0   002  [04]  04 86 b0 10 0
2026-07-26T19:02:40.307380,158.199,can0   002  [04]  04 86 b0 10 0
2026-07-26T19:02:40.362362,158.254,can0  002  [04]  48 6B 01 00
2026-07-26T19:02:40.362644,158.255,can0  002  [04]  90 5F 01 00
2026-07-26T19:02:40.362705,158.255,can0  002  [04]  48 6B 01 00
2026-07-26T19:02:40.373368,158.265,can0   002  [04]  04 86 b0 10 0
2026-07-26T19:02:40.418585,158.311,can0  041  [04]  27 00 53 00
2026-07-26T19:02:40.418665,158.311,can0  002  [04]  48 6B 01 00
2026-07-26T19:02:40.443390,158.335,can0   002  [04]  04 86 b0 10 0
2026-07-26T19:02:40.509552,158.402,can0   002  [04]  04 86 b0 10 0
2026-07-26T19:02:40.512891,158.405,can0  040  [04]  67 01 5C 00
2026-07-26T19:02:40.513275,158.405,can0  002  [04]  48 6B 01 00
2026-07-26T19:02:40.513360,158.405,can0  040  [04]  67 01 5C 00
2026-07-26T19:02:40.518950,158.411,can0  002  [04]  48 6B 01 00
2026-07-26T19:02:40.573714,158.466,can0   002  [04]  04 86 b0 10 0
2026-07-26T19:02:40.612769,158.505,can0  060  [32]  00 00 00 00 6C 30 4D 08 15 0F B8 10 0C 00 CB 02 FF 01 00 00 00 00 00 00 01 00 00 00 00 00 00 00
2026-07-26T19:02:40.618074,158.510,can0  002  [04]  48 6B 01 00
2026-07-26T19:02:40.618152,158.510,can0  041  [04]  25 00 4E 00
2026-07-26T19:02:40.641751,158.534,can0   002  [04]  04 86 b0 10 0
2026-07-26T19:02:40.707998,158.600,can0   002  [04]  04 86 b0 10 0
2026-07-26T19:02:40.763102,158.655,can0  002  [04]  48 6B 01 00
2026-07-26T19:02:40.763169,158.655,can0  040  [04]  01 00 56 00
2026-07-26T19:02:40.763583,158.656,can0  070  [20]  6C 30 4D 08 C1 B9 62 03 40 9C 00 00 02 02 00 00 4D 09 00 00
2026-07-26T19:02:40.767366,158.659,can0  002  [04]  48 6B 01 00
2026-07-26T19:02:40.777284,158.669,can0   002  [04]  04 86 b0 10 0
2026-07-26T19:02:40.842738,158.735,can0   002  [04]  04 86 b0 10 0
2026-07-26T19:02:40.862219,158.754,can0  040  [04]  01 00 56 00
2026-07-26T19:02:40.862408,158.754,can0  002  [04]  48 6B 01 00
2026-07-26T19:02:40.862685,158.755,can0  070  [20]  6C 30 4D 08 C1 B9 62 03 40 9C 00 00 02 02 00 00 4D 09 00 00
2026-07-26T19:02:40.910335,158.802,can0   002  [04]  04 86 b0 10 0
2026-07-26T19:02:40.962890,158.855,can0  002  [04]  48 6B 01 00
2026-07-26T19:02:40.963887,158.856,can0  041  [04]  22 00 4B 00
2026-07-26T19:02:40.967990,158.860,can0  100  [03]  1B 74 04
2026-07-26T19:02:40.968062,158.860,can0  120  [04]  0E 6A 00 00
2026-07-26T19:02:40.968104,158.860,can0  002  [04]  48 6B 01 00
2026-07-26T19:02:40.973911,158.866,can0   002  [04]  04 86 b0 10 0
2026-07-26T19:02:41.040749,158.933,can0   002  [04]  04 86 b0 10 0
2026-07-26T19:02:41.062509,158.955,can0  040  [04]  01 00 56 00
2026-07-26T19:02:41.062692,158.955,can0  132  [00]
2026-07-26T19:02:41.062824,158.955,can0  002  [04]  48 6B 01 00
2026-07-26T19:02:41.066700,158.959,can0  040  [04]  01 00 56 00
2026-07-26T19:02:41.108681,159.001,can0   002  [04]  04 86 b0 10 0
2026-07-26T19:02:41.162980,159.055,can0  002  [04]  48 6B 01 00
2026-07-26T19:02:41.163692,159.056,can0  070  [20]  6E 30 4D 08 C6 B9 62 03 28 A0 00 00 02 02 00 00 97 03 00 00
2026-07-26T19:02:41.163750,159.056,can0  070  [20]  6E 30 4D 08 C6 B9 62 03 28 A0 00 00 02 02 00 00 97 03 00 00
2026-07-26T19:02:41.163793,159.056,can0  002  [04]  48 6B 01 00
2026-07-26T19:02:41.175577,159.068,can0   002  [04]  04 86 b0 10 0
2026-07-26T19:02:41.238303,159.130,can0   002  [04]  04 86 b0 10 0
2026-07-26T19:02:41.263015,159.155,can0  041  [04]  24 00 4C 00
2026-07-26T19:02:41.263433,159.156,can0  002  [04]  48 6B 01 00
2026-07-26T19:02:41.263530,159.156,can0  070  [20]  6E 30 4D 08 C6 B9 62 03 28 A0 00 00 02 02 00 00 97 03 00 00
2026-07-26T19:02:41.263729,159.156,can0  040  [04]  67 01 5F 00
2026-07-26T19:02:41.304192,159.196,can0   002  [04]  04 86 b0 10 0
2026-07-26T19:02:41.362665,159.255,can0  002  [04]  48 6B 01 00
2026-07-26T19:02:41.362952,159.255,can0  040  [04]  67 01 5F 00
2026-07-26T19:02:41.363213,159.255,can0  002  [04]  90 5F 01 00
2026-07-26T19:02:41.363388,159.255,can0  002  [04]  48 6B 01 00
2026-07-26T19:02:41.363610,159.256,can0  110  [02]  AF 1A
2026-07-26T19:02:41.370561,159.263,can0   002  [04]  04 86 b0 10 0
2026-07-26T19:02:41.436109,159.328,can0   002  [04]  04 86 b0 10 0
2026-07-26T19:02:41.463021,159.355,can0  002  [04]  48 6B 01 00
2026-07-26T19:02:41.463240,159.355,can0  041  [04]  24 00 4F 00
2026-07-26T19:02:41.507317,159.399,can0   002  [04]  04 86 b0 10 0
2026-07-26T19:02:41.562388,159.454,can0  002  [04]  48 6B 01 00
2026-07-26T19:02:41.562645,159.455,can0  060  [32]  8D 05 D6 02 0E 86 4D 08 9B 51 65 03 00 00 44 00 B1 00 80 00 00 00 00 00 02 00 00 00 00 00 00 00
2026-07-26T19:02:41.563492,159.456,can0  060  [32]  1B FE D5 02 9A CA 4D 08 FD 75 63 03 6A 00 9F 0A 0E 01 FF 00 00 00 00 01 02 00 00 00 00 00 00 00
2026-07-26T19:02:41.563881,159.456,can0  040  [04]  66 01 67 00
2026-07-26T19:02:41.564066,159.456,can0  002  [04]  48 6B 01 00
2026-07-26T19:02:41.574384,159.466,can0   002  [04]  04 86 b0 10 0
2026-07-26T19:02:41.636987,159.529,can0   002  [04]  04 86 b0 10 0
2026-07-26T19:02:41.667322,159.559,can0  040  [04]  66 01 67 00
2026-07-26T19:02:41.667430,159.560,can0  002  [04]  48 6B 01 00
2026-07-26T19:02:41.667475,159.560,can0  001  [05]  00 00 00 00 40
2026-07-26T19:02:41.702687,159.595,can0   002  [04]  04 86 b0 10 0
2026-07-26T19:02:41.762280,159.654,can0  002  [04]  48 6B 01 00
2026-07-26T19:02:41.762516,159.655,can0  041  [04]  23 00 52 00
2026-07-26T19:02:41.762837,159.655,can0  070  [20]  6E 30 4D 08 C6 B9 62 03 28 A0 00 00 02 02 00 00 97 03 00 00
2026-07-26T19:02:41.762972,159.655,can0  002  [04]  48 6B 01 00
2026-07-26T19:02:41.770497,159.663,can0   002  [04]  04 86 b0 10 0
2026-07-26T19:02:41.835878,159.728,can0   002  [04]  04 86 b0 10 0
2026-07-26T19:02:41.862624,159.755,can0  040  [04]  66 01 64 00
2026-07-26T19:02:41.862842,159.755,can0  002  [04]  48 6B 01 00
2026-07-26T19:02:41.863163,159.755,can0  040  [04]  66 01 64 00
2026-07-26T19:02:41.903609,159.796,can0   002  [04]  04 86 b0 10 0
2026-07-26T19:02:41.962782,159.855,can0  070  [20]  6E 30 4D 08 C6 B9 62 03 28 A0 00 00 02 02 00 00 97 03 00 00
2026-07-26T19:02:41.966596,159.859,can0  002  [04]  48 6B 01 00
2026-07-26T19:02:41.966682,159.859,can0  002  [04]  48 6B 01 00
2026-07-26T19:02:41.970085,159.862,can0   002  [04]  04 86 b0 10 0
2026-07-26T19:02:42.037952,159.930,can0   002  [04]  04 86 b0 10 0
2026-07-26T19:02:42.062680,159.955,can0  041  [04]  25 00 4F 00
2026-07-26T19:02:42.063766,159.956,can0  002  [04]  48 6B 01 00
2026-07-26T19:02:42.063834,159.956,can0  040  [04]  67 01 5D 00
2026-07-26T19:02:42.100171,159.992,can0   002  [04]  04 86 b0 10 0
2026-07-26T19:02:42.162367,160.054,can0  002  [04]  48 6B 01 00
2026-07-26T19:02:42.162701,160.055,can0  070  [20]  6B 30 4D 08 C2 B9 62 03 10 A4 00 00 02 02 00 00 0F 08 00 00
2026-07-26T19:02:42.162865,160.055,can0  040  [04]  67 01 5D 00
2026-07-26T19:02:42.163072,160.055,can0  002  [04]  48 6B 01 00
2026-07-26T19:02:42.163328,160.055,can0  100  [03]  1B 74 04
2026-07-26T19:02:42.163612,160.056,can0  120  [04]  36 6A 00 00
2026-07-26T19:02:42.163816,160.056,can0  070  [20]  6B 30 4D 08 C2 B9 62 03 10 A4 00 00 02 02 00 00 0F 08 00 00
2026-07-26T19:02:42.167226,160.059,can0   002  [04]  04 86 b0 10 0
2026-07-26T19:02:42.228298,160.120,can0   002  [04]  04 86 b0 10 0
2026-07-26T19:02:42.262092,160.154,can0  002  [04]  48 6B 01 00
2026-07-26T19:02:42.262595,160.155,can0  041  [04]  23 00 4D 00
2026-07-26T19:02:42.262691,160.155,can0  070  [20]  6B 30 4D 08 C2 B9 62 03 10 A4 00 00 02 02 00 00 0F 08 00 00
2026-07-26T19:02:42.298419,160.191,can0   002  [04]  04 86 b0 10 0
2026-07-26T19:02:42.362812,160.255,can0  002  [04]  48 6B 01 00
2026-07-26T19:02:42.363152,160.255,can0  040  [04]  01 00 59 00
2026-07-26T19:02:42.363412,160.255,can0  002  [04]  90 5F 01 00
2026-07-26T19:02:42.363609,160.256,can0  002  [04]  48 6B 01 00
2026-07-26T19:02:42.371452,160.264,can0   002  [04]  04 86 b0 10 0
2026-07-26T19:02:42.441396,160.333,can0   002  [04]  04 86 b0 10 0
2026-07-26T19:02:42.462401,160.354,can0  040  [04]  01 00 59 00
2026-07-26T19:02:42.462582,160.355,can0  002  [04]  48 6B 01 00
2026-07-26T19:02:42.509918,160.402,can0   002  [04]  04 86 b0 10 0
2026-07-26T19:02:42.563232,160.455,can0  002  [04]  48 6B 01 00
2026-07-26T19:02:42.563306,160.455,can0  041  [04]  24 00 4C 00
2026-07-26T19:02:42.563663,160.456,can0  060  [32]  00 00 00 00 6E 30 4D 08 1A 0F B8 10 04 00 C4 02 FF 01 00 00 00 00 00 00 02 00 00 00 00 00 00 00
2026-07-26T19:02:42.563735,160.456,can0  060  [32]  D7 93 D6 02 90 8E 4D 08 A8 B9 60 03 0C 01 F8 02 4D 00 80 00 00 00 00 01 02 00 00 00 00 00 00 00
2026-07-26T19:02:42.564554,160.457,can0  002  [04]  48 6B 01 00
2026-07-26T19:02:42.577027,160.469,can0   002  [04]  04 86 b0 10 0
2026-07-26T19:02:42.641085,160.533,can0   002  [04]  04 86 b0 10 0
2026-07-26T19:02:42.662890,160.555,can0  040  [04]  03 00 57 00
2026-07-26T19:02:42.667188,160.559,can0  002  [04]  48 6B 01 00
2026-07-26T19:02:42.667285,160.559,can0  040  [04]  03 00 57 00
2026-07-26T19:02:42.712906,160.605,can0   002  [04]  04 86 b0 10 0
2026-07-26T19:02:42.763074,160.655,can0  002  [04]  48 6B 01 00
2026-07-26T19:02:42.767349,160.659,can0  070  [20]  6B 30 4D 08 C2 B9 62 03 10 A4 00 00 02 02 00 00 0F 08 00 00
2026-07-26T19:02:42.767447,160.660,can0  002  [04]  48 6B 01 00
2026-07-26T19:02:42.782679,160.675,can0   002  [04]  04 86 b0 10 0
2026-07-26T19:02:42.850328,160.742,can0   002  [04]  04 86 b0 10 0
2026-07-26T19:02:42.862785,160.755,can0  041  [04]  24 00 54 00
2026-07-26T19:02:42.862973,160.755,can0  002  [04]  48 6B 01 00
2026-07-26T19:02:42.919702,160.812,can0   002  [04]  04 86 b0 10 0
2026-07-26T19:02:42.962303,160.854,can0  040  [04]  02 00 5A 00
2026-07-26T19:02:42.962584,160.855,can0  070  [20]  6B 30 4D 08 C2 B9 62 03 10 A4 00 00 02 02 00 00 0F 08 00 00
2026-07-26T19:02:42.962849,160.855,can0  002  [04]  48 6B 01 00
2026-07-26T19:02:42.963003,160.855,can0  040  [04]  02 00 5A 00
2026-07-26T19:02:42.963238,160.855,can0  110  [02]  AF 1A
2026-07-26T19:02:42.986943,160.879,can0   002  [04]  04 86 b0 10 0
2026-07-26T19:02:43.054853,160.947,can0   002  [04]  04 86 b0 10 0
2026-07-26T19:02:43.062597,160.955,can0  002  [04]  48 6B 01 00
2026-07-26T19:02:43.062802,160.955,can0  002  [04]  48 6B 01 00
2026-07-26T19:02:43.066749,160.959,can0  041  [04]  26 00 58 00
2026-07-26T19:02:43.118250,161.010,can0   002  [04]  04 86 b0 10 0
2026-07-26T19:02:43.162548,161.055,can0  060  [32]  00 00 00 00 6B 30 4D 08 17 0F B8 10 0B 00 95 07 FF 01 00 00 00 00 00 00 02 00 00 00 00 00 00 00
2026-07-26T19:02:43.162783,161.055,can0  060  [32]  AC 31 FB 04 4F A1 4D 08 80 A6 62 03 00 00 1C 06 63 00 80 00 00 00 00 01 02 00 00 00 00 00 00 00
2026-07-26T19:02:43.163855,161.056,can0  002  [04]  48 6B 01 00
2026-07-26T19:02:43.164581,161.057,can0  070  [20]  6B 30 4D 08 C7 B9 62 03 F8 A7 00 00 02 02 00 00 C5 08 00 00
2026-07-26T19:02:43.164907,161.057,can0  040  [04]  01 00 5D 00
2026-07-26T19:02:43.169467,161.062,can0  070  [20]  6B 30 4D 08 C7 B9 62 03 F8 A7 00 00 02 02 00 00 C4 08 00 00
2026-07-26T19:02:43.181857,161.074,can0   002  [04]  04 86 b0 10 0
2026-07-26T19:02:43.249653,161.142,can0   002  [04]  04 86 b0 10 0
2026-07-26T19:02:43.262969,161.155,can0  002  [04]  48 6B 01 00
2026-07-26T19:02:43.263250,161.155,can0  040  [04]  01 00 5D 00
2026-07-26T19:02:43.263713,161.156,can0  070  [20]  6B 30 4D 08 C7 B9 62 03 F8 A7 00 00 02 02 00 00 C4 08 00 00
2026-07-26T19:02:43.263766,161.156,can0  002  [04]  48 6B 01 00
2026-07-26T19:02:43.313998,161.206,can0   002  [04]  04 86 b0 10 0
2026-07-26T19:02:43.362630,161.255,can0  002  [04]  48 6B 01 00
2026-07-26T19:02:43.362978,161.255,can0  041  [04]  29 00 58 00
2026-07-26T19:02:43.363171,161.255,can0  002  [04]  90 5F 01 00
2026-07-26T19:02:43.363711,161.256,can0  100  [03]  1B 74 04
2026-07-26T19:02:43.363767,161.256,can0  120  [04]  36 6A 00 00
2026-07-26T19:02:43.363865,161.256,can0  002  [04]  48 6B 01 00
2026-07-26T19:02:43.377443,161.270,can0   002  [04]  04 86 b0 10 0
2026-07-26T19:02:43.446273,161.338,can0   002  [04]  04 86 b0 10 0
2026-07-26T19:02:43.466050,161.358,can0  040  [04]  01 00 5D 00
2026-07-26T19:02:43.466125,161.358,can0  002  [04]  48 6B 01 00
2026-07-26T19:02:43.466167,161.358,can0  040  [04]  01 00 5D 00
2026-07-26T19:02:43.514056,161.406,can0   002  [04]  04 86 b0 10 0
2026-07-26T19:02:43.562839,161.455,can0  002  [04]  48 6B 01 00
2026-07-26T19:02:43.563095,161.455,can0  002  [04]  48 6B 01 00
2026-07-26T19:02:43.581696,161.474,can0   002  [04]  04 86 b0 10 0
2026-07-26T19:02:43.644780,161.537,can0   002  [04]  04 86 b0 10 0
2026-07-26T19:02:43.662693,161.555,can0  041  [04]  29 00 59 00
2026-07-26T19:02:43.662947,161.555,can0  002  [04]  48 6B 01 00
2026-07-26T19:02:43.664443,161.557,can0  060  [32]  6E DE D5 02 18 6B 4D 08 54 DC 64 03 00 00 95 0C 39 00 80 00 00 00 00 00 03 00 00 00 00 00 00 00
2026-07-26T19:02:43.664498,161.557,can0  060  [32]  99 8D D6 02 8A B4 4D 08 99 CF 63 03 47 00 D3 0B 2A 01 01 00 00 00 00 01 03 00 00 00 00 00 00 00
2026-07-26T19:02:43.664544,161.557,can0  060  [32]  00 00 00 00 6B 30 4D 08 1C 0F B8 10 0C 00 0F 05 FF 01 00 00 00 00 00 02 03 00 00 00 00 00 00 00
2026-07-26T19:02:43.664589,161.557,can0  040  [04]  00 00 59 00
2026-07-26T19:02:43.664712,161.557,can0  001  [05]  00 00 00 00 40
2026-07-26T19:02:43.708123,161.600,can0   002  [04]  04 86 b0 10 0
2026-07-26T19:02:43.763062,161.655,can0  002  [04]  48 6B 01 00
2026-07-26T19:02:43.763311,161.655,can0  040  [04]  00 00 59 00
2026-07-26T19:02:43.763558,161.656,can0  070  [20]  6B 30 4D 08 C7 B9 62 03 F8 A7 00 00 02 02 00 00 C4 08 00 00
2026-07-26T19:02:43.763732,161.656,can0  002  [04]  48 6B 01 00
2026-07-26T19:02:43.776522,161.669,can0   002  [04]  04 86 b0 10 0
2026-07-26T19:02:43.843544,161.736,can0   002  [04]  04 86 b0 10 0
2026-07-26T19:02:43.862336,161.754,can0  002  [04]  48 6B 01 00
2026-07-26T19:02:43.862432,161.755,can0  041  [04]  28 00 57 00
2026-07-26T19:02:43.907369,161.799,can0   002  [04]  04 86 b0 10 0
2026-07-26T19:02:43.963127,161.855,can0  070  [20]  6B 30 4D 08 C7 B9 62 03 F8 A7 00 00 02 02 00 00 C4 08 00 00
2026-07-26T19:02:43.963689,161.856,can0  002  [04]  48 6B 01 00
2026-07-26T19:02:43.963781,161.856,can0  040  [04]  00 00 55 00
2026-07-26T19:02:43.963876,161.856,can0  002  [04]  48 6B 01 00
2026-07-26T19:02:43.973467,161.866,can0   002  [04]  04 86 b0 10 0
2026-07-26T19:02:44.041113,161.933,can0   002  [04]  04 86 b0 10 0
2026-07-26T19:02:44.062795,161.955,can0  040  [04]  00 00 55 00
2026-07-26T19:02:44.062899,161.955,can0  002  [04]  48 6B 01 00
2026-07-26T19:02:44.107703,162.000,can0   002  [04]  04 86 b0 10 0
2026-07-26T19:02:44.162993,162.055,can0  002  [04]  48 6B 01 00
2026-07-26T19:02:44.163079,162.055,can0  041  [04]  27 00 57 00
2026-07-26T19:02:44.163142,162.055,can0  070  [20]  6C 30 4D 08 C7 B9 62 03 E0 AB 00 00 02 02 00 00 BF 03 00 00
2026-07-26T19:02:44.163267,162.055,can0  002  [04]  48 6B 01 00
2026-07-26T19:02:44.163532,162.056,can0  070  [20]  6C 30 4D 08 C7 B9 62 03 E0 AB 00 00 02 02 00 00 BF 03 00 00
2026-07-26T19:02:44.181564,162.074,can0   002  [04]  04 86 b0 10 0
2026-07-26T19:02:44.243875,162.136,can0   002  [04]  04 86 b0 10 0
2026-07-26T19:02:44.263125,162.155,can0  040  [04]  67 01 52 00
2026-07-26T19:02:44.263444,162.156,can0  002  [04]  48 6B 01 00
2026-07-26T19:02:44.264070,162.156,can0  070  [20]  6C 30 4D 08 C7 B9 62 03 E0 AB 00 00 02 02 00 00 BF 03 00 00
2026-07-26T19:02:44.267813,162.160,can0  040  [04]  67 01 52 00
2026-07-26T19:02:44.308853,162.201,can0   002  [04]  04 86 b0 10 0
2026-07-26T19:02:44.363054,162.255,can0  002  [04]  48 6B 01 00
2026-07-26T19:02:44.363258,162.255,can0  002  [04]  90 5F 01 00
2026-07-26T19:02:44.363474,162.256,can0  002  [04]  48 6B 01 00
2026-07-26T19:02:44.379867,162.272,can0   002  [04]  04 86 b0 10 0
2026-07-26T19:02:44.445024,162.337,can0   002  [04]  04 86 b0 10 0
2026-07-26T19:02:44.462926,162.355,can0  041  [04]  26 00 55 00
2026-07-26T19:02:44.463142,162.355,can0  060  [32]  10 A1 A9 08 3D D2 4D 08 B2 72 63 03 4C 00 0E 0B 1A 01 80 00 00 00 00 00 03 00 00 00 00 00 00 00
2026-07-26T19:02:44.463464,162.356,can0  060  [32]  E4 1C D6 02 20 79 4D 08 B1 B7 63 03 02 00 2F 0A FF 01 00 00 00 00 00 01 03 00 00 00 00 00 00 00
2026-07-26T19:02:44.463710,162.356,can0  060  [32]  F8 C7 DC 02 5A 28 4D 08 74 37 B8 10 00 00 10 0E FF 01 00 00 00 00 00 02 03 00 00 00 00 00 00 00
2026-07-26T19:02:44.469348,162.361,can0  002  [04]  48 6B 01 00
2026-07-26T19:02:44.514616,162.407,can0   002  [04]  04 86 b0 10 0
2026-07-26T19:02:44.562739,162.455,can0  040  [04]  67 01 52 00
2026-07-26T19:02:44.563339,162.455,can0  002  [04]  48 6B 01 00
2026-07-26T19:02:44.563392,162.455,can0  040  [04]  67 01 52 00
2026-07-26T19:02:44.563457,162.456,can0  100  [03]  1C 74 04
2026-07-26T19:02:44.563747,162.456,can0  110  [02]  B0 1A
2026-07-26T19:02:44.563797,162.456,can0  120  [04]  2C 6A 00 00
2026-07-26T19:02:44.564006,162.456,can0  002  [04]  48 6B 01 00
2026-07-26T19:02:44.581732,162.474,can0   002  [04]  04 86 b0 10 0
2026-07-26T19:02:44.650352,162.542,can0   002  [04]  04 86 b0 10 0
2026-07-26T19:02:44.666752,162.559,can0  002  [04]  48 6B 01 00
2026-07-26T19:02:44.666841,162.559,can0  041  [04]  27 00 54 00
2026-07-26T19:02:44.720477,162.613,can0   002  [04]  04 86 b0 10 0
2026-07-26T19:02:44.762432,162.655,can0  002  [04]  48 6B 01 00
2026-07-26T19:02:44.762503,162.655,can0  040  [04]  67 01 55 00
2026-07-26T19:02:44.762737,162.655,can0  070  [20]  6C 30 4D 08 C7 B9 62 03 E0 AB 00 00 02 02 00 00 BF 03 00 00
2026-07-26T19:02:44.794592,162.687,can0   002  [04]  04 86 b0 10 0
2026-07-26T19:02:44.861479,162.754,can0   002  [04]  04 86 b0 10 0
2026-07-26T19:02:44.862626,162.755,can0  002  [04]  48 6B 01 00
2026-07-26T19:02:44.862929,162.755,can0  040  [04]  67 01 55 00
2026-07-26T19:02:44.863119,162.755,can0  002  [04]  48 6B 01 00
2026-07-26T19:02:44.932053,162.824,can0   002  [04]  04 86 b0 10 0
2026-07-26T19:02:44.966846,162.859,can0  070  [20]  6C 30 4D 08 C7 B9 62 03 E0 AB 00 00 02 02 00 00 BF 03 00 00
2026-07-26T19:02:44.966920,162.859,can0  041  [04]  25 00 54 00
2026-07-26T19:02:44.966963,162.859,can0  002  [04]  48 6B 01 00
2026-07-26T19:02:45.004479,162.897,can0   002  [04]  04 86 b0 10 0
2026-07-26T19:02:45.062371,162.954,can0  002  [04]  48 6B 01 00
2026-07-26T19:02:45.062623,162.955,can0  040  [04]  66 01 55 00
2026-07-26T19:02:45.062876,162.955,can0  040  [04]  66 01 55 00
2026-07-26T19:02:45.063037,162.955,can0  002  [04]  48 6B 01 00
2026-07-26T19:02:45.075320,162.967,can0   002  [04]  04 86 b0 10 0
2026-07-26T19:02:45.145036,163.037,can0   002  [04]  04 86 b0 10 0
2026-07-26T19:02:45.162907,163.055,can0  002  [04]  48 6B 01 00
2026-07-26T19:02:45.163183,163.055,can0  070  [20]  6E 30 4D 08 C6 B9 62 03 C8 AF 00 00 02 02 00 00 76 02 00 00
2026-07-26T19:02:45.212018,163.104,can0   002  [04]  04 86 b0 10 0
2026-07-26T19:02:45.262752,163.155,can0  041  [04]  26 00 52 00
2026-07-26T19:02:45.263086,163.155,can0  070  [20]  6E 30 4D 08 C6 B9 62 03 C8 AF 00 00 02 02 00 00 75 02 00 00
2026-07-26T19:02:45.263497,163.156,can0  002  [04]  48 6B 01 00
2026-07-26T19:02:45.263782,163.156,can0  070  [20]  6E 30 4D 08 C6 B9 62 03 C8 AF 00 00 02 02 00 00 75 02 00 00
2026-07-26T19:02:45.263987,163.156,can0  040  [04]  66 01 51 00
2026-07-26T19:02:45.268460,163.161,can0  002  [04]  48 6B 01 00
2026-07-26T19:02:45.279464,163.172,can0   002  [04]  04 86 b0 10 0
2026-07-26T19:02:45.347602,163.240,can0   002  [04]  04 86 b0 10 0
2026-07-26T19:02:45.363896,163.256,can0  040  [04]  66 01 51 00
2026-07-26T19:02:45.376005,163.268,can0  002  [04]  48 6B 01 00
2026-07-26T19:02:45.376133,163.268,can0  002  [04]  90 5F 01 00
2026-07-26T19:02:45.413861,163.306,can0   002  [04]  04 86 b0 10 0
2026-07-26T19:02:45.430769,163.323,can0  002  [04]  48 6B 01 00
2026-07-26T19:02:45.430909,163.323,can0  041  [04]  28 00 52 00
2026-07-26T19:02:45.430999,163.323,can0  002  [04]  48 6B 01 00
2026-07-26T19:02:45.487466,163.380,can0   002  [04]  04 86 b0 10 0
2026-07-26T19:02:45.556346,163.448,can0   002  [04]  04 86 b0 10 0
2026-07-26T19:02:45.566170,163.458,can0  040  [04]  67 01 4F 00
2026-07-26T19:02:45.566271,163.458,can0  002  [04]  48 6B 01 00
2026-07-26T19:02:45.625737,163.518,can0   002  [04]  04 86 b0 10 0
2026-07-26T19:02:45.662531,163.555,can0  040  [04]  67 01 4F 00
2026-07-26T19:02:45.662611,163.555,can0  002  [04]  48 6B 01 00
2026-07-26T19:02:45.667526,163.560,can0  060  [32]  00 00 00 00 6E 30 4D 08 1A 0F B8 10 03 00 7A 04 FF 01 00 00 00 00 00 00 02 00 00 00 00 00 00 00
2026-07-26T19:02:45.667592,163.560,can0  060  [32]  5F AE D6 02 B7 2D 4D 08 30 A5 63 03 00 00 1A 09 FF 01 00 00 00 00 00 01 02 00 00 00 00 00 00 00
2026-07-26T19:02:45.667636,163.560,can0  001  [05]  00 00 00 00 40
2026-07-26T19:02:45.689075,163.581,can0   002  [04]  04 86 b0 10 0
2026-07-26T19:02:45.759078,163.651,can0   002  [04]  04 86 b0 10 0
2026-07-26T19:02:45.763414,163.655,can0  002  [04]  48 6B 01 00
2026-07-26T19:02:45.763477,163.656,can0  041  [04]  29 00 53 00
2026-07-26T19:02:45.763518,163.656,can0  002  [04]  48 6B 01 00
2026-07-26T19:02:45.763600,163.656,can0  100  [03]  1D 74 04
2026-07-26T19:02:45.763911,163.656,can0  070  [20]  6E 30 4D 08 C6 B9 62 03 C8 AF 00 00 02 02 00 00 75 02 00 00
2026-07-26T19:02:45.764146,163.656,can0  120  [04]  40 6A 00 00
2026-07-26T19:02:45.826935,163.719,can0   002  [04]  04 86 b0 10 0
2026-07-26T19:02:45.863248,163.755,can0  040  [04]  67 01 52 00
2026-07-26T19:02:45.863416,163.755,can0  002  [04]  48 6B 01 00
2026-07-26T19:02:45.863682,163.756,can0  040  [04]  67 01 52 00
2026-07-26T19:02:45.893095,163.785,can0   002  [04]  04 86 b0 10 0
2026-07-26T19:02:45.956216,163.848,can0   002  [04]  04 86 b0 10 0
2026-07-26T19:02:45.964683,163.857,can0  002  [04]  48 6B 01 00
2026-07-26T19:02:45.964749,163.857,can0  070  [20]  6E 30 4D 08 C6 B9 62 03 C8 AF 00 00 02 02 00 00 75 02 00 00
2026-07-26T19:02:45.964793,163.857,can0  002  [04]  48 6B 01 00
2026-07-26T19:02:46.027020,163.919,can0   002  [04]  04 86 b0 10 0
2026-07-26T19:02:46.062923,163.955,can0  041  [04]  2A 00 55 00
2026-07-26T19:02:46.063131,163.955,can0  002  [04]  48 6B 01 00
2026-07-26T19:02:46.063392,163.955,can0  040  [04]  67 01 5A 00
2026-07-26T19:02:46.090940,163.983,can0   002  [04]  04 86 b0 10 0
2026-07-26T19:02:46.160436,164.053,can0   002  [04]  04 86 b0 10 0
2026-07-26T19:02:46.162522,164.055,can0  002  [04]  48 6B 01 00
2026-07-26T19:02:46.162875,164.055,can0  070  [20]  71 30 4D 08 C9 B9 62 03 B0 B3 00 00 02 02 00 00 CE 07 00 00
2026-07-26T19:02:46.163113,164.055,can0  040  [04]  67 01 5A 00
2026-07-26T19:02:46.163313,164.055,can0  002  [04]  48 6B 01 00
2026-07-26T19:02:46.163554,164.056,can0  110  [02]  B1 1A
2026-07-26T19:02:46.163924,164.056,can0  070  [20]  71 30 4D 08 C9 B9 62 03 B0 B3 00 00 02 02 00 00 CE 07 00 00
2026-07-26T19:02:46.163998,164.056,can0  060  [32]  00 00 00 00 00 00 00 00 00 00 00 00 00 00 00 00 00 00 00 00 00 00 00 00 00 00 00 00 00 00 00 00
2026-07-26T19:02:46.225593,164.118,can0   002  [04]  04 86 b0 10 0
2026-07-26T19:02:46.263003,164.155,can0  002  [04]  48 6B 01 00
2026-07-26T19:02:46.266936,164.159,can0  041  [04]  2A 00 55 00
2026-07-26T19:02:46.267004,164.159,can0  070  [20]  71 30 4D 08 C9 B9 62 03 B0 B3 00 00 02 02 00 00 CE 07 00 00
2026-07-26T19:02:46.294336,164.186,can0   002  [04]  04 86 b0 10 0
2026-07-26T19:02:46.357559,164.250,can0   002  [04]  04 86 b0 10 0
2026-07-26T19:02:46.362356,164.254,can0  002  [04]  48 6B 01 00
2026-07-26T19:02:46.362568,164.255,can0  133  [00]
2026-07-26T19:02:46.362897,164.255,can0  040  [04]  66 01 60 00
2026-07-26T19:02:46.362946,164.255,can0  002  [04]  90 5F 01 00
2026-07-26T19:02:46.363060,164.255,can0  002  [04]  48 6B 01 00
2026-07-26T19:02:46.425811,164.318,can0   002  [04]  04 86 b0 10 0
2026-07-26T19:02:46.462919,164.355,can0  040  [04]  66 01 60 00
2026-07-26T19:02:46.466549,164.359,can0  002  [04]  48 6B 01 00
2026-07-26T19:02:46.488763,164.381,can0   002  [04]  04 86 b0 10 0
2026-07-26T19:02:46.557134,164.449,can0   002  [04]  04 86 b0 10 0
2026-07-26T19:02:46.562526,164.455,can0  002  [04]  48 6B 01 00
2026-07-26T19:02:46.565585,164.458,can0  041  [04]  2B 00 55 00
2026-07-26T19:02:46.565687,164.458,can0  002  [04]  48 6B 01 00
2026-07-26T19:02:46.627794,164.520,can0   002  [04]  04 86 b0 10 0
2026-07-26T19:02:46.663225,164.555,can0  040  [04]  66 01 5D 00
2026-07-26T19:02:46.663488,164.556,can0  002  [04]  48 6B 01 00
2026-07-26T19:02:46.663636,164.556,can0  060  [32]  00 00 00 00 71 30 4D 08 1E 0F B8 10 0A 00 27 02 FF 01 00 00 00 00 00 00 01 00 00 00 00 00 00 00
2026-07-26T19:02:46.668244,164.560,can0  040  [04]  66 01 5D 00
2026-07-26T19:02:46.697291,164.589,can0   002  [04]  04 86 b0 10 0
2026-07-26T19:02:46.762972,164.655,can0  002  [04]  48 6B 01 00
2026-07-26T19:02:46.763298,164.655,can0  002  [04]  48 6B 01 00
2026-07-26T19:02:46.763380,164.655,can0  070  [20]  71 30 4D 08 C9 B9 62 03 B0 B3 00 00 02 02 00 00 CE 07 00 00
2026-07-26T19:02:46.763541,164.656,can0  041  [04]  2C 00 56 00
2026-07-26T19:02:46.764350,164.656,can0   002  [04]  04 86 b0 10 0
2026-07-26T19:02:46.828058,164.720,can0   002  [04]  04 86 b0 10 0
2026-07-26T19:02:46.862727,164.755,can0  002  [04]  48 6B 01 00
2026-07-26T19:02:46.866973,164.759,can0  040  [04]  67 01 59 00
2026-07-26T19:02:46.867037,164.759,can0  070  [20]  71 30 4D 08 C9 B9 62 03 B0 B3 00 00 02 02 00 00 CE 07 00 00
2026-07-26T19:02:46.895152,164.787,can0   002  [04]  04 86 b0 10 0
2026-07-26T19:02:46.962519,164.855,can0   002  [04]  04 86 b0 10 0
2026-07-26T19:02:46.962682,164.855,can0  002  [04]  48 6B 01 00
2026-07-26T19:02:46.962903,164.855,can0  040  [04]  67 01 59 00
2026-07-26T19:02:46.963272,164.855,can0  002  [04]  48 6B 01 00
2026-07-26T19:02:46.963314,164.855,can0  100  [03]  1F 74 04
2026-07-26T19:02:46.963504,164.856,can0  120  [04]  36 6A 00 00
2026-07-26T19:02:47.029522,164.922,can0   002  [04]  04 86 b0 10 0
2026-07-26T19:02:47.062646,164.955,can0  002  [04]  48 6B 01 00
2026-07-26T19:02:47.067324,164.959,can0  041  [04]  2D 00 55 00
2026-07-26T19:02:47.099060,164.991,can0   002  [04]  04 86 b0 10 0
2026-07-26T19:02:47.162392,165.054,can0  002  [04]  48 6B 01 00
2026-07-26T19:02:47.162700,165.055,can0  070  [20]  71 30 4D 08 C7 B9 62 03 98 B7 00 00 02 02 00 00 B7 05 00 00
2026-07-26T19:02:47.163067,165.055,can0  040  [04]  00 00 58 00
2026-07-26T19:02:47.163147,165.055,can0  002  [04]  48 6B 01 00
2026-07-26T19:02:47.163230,165.055,can0  070  [20]  71 30 4D 08 C7 B9 62 03 98 B7 00 00 02 02 00 00 B7 05 00 00
2026-07-26T19:02:47.163315,165.055,can0  060  [32]  00 00 00 00 00 00 00 00 00 00 00 00 00 00 00 00 00 00 00 00 00 00 00 00 00 00 00 00 00 00 00 00
2026-07-26T19:02:47.164983,165.057,can0   002  [04]  04 86 b0 10 0
2026-07-26T19:02:47.232654,165.125,can0   002  [04]  04 86 b0 10 0
2026-07-26T19:02:47.262958,165.155,can0  040  [04]  00 00 58 00
2026-07-26T19:02:47.266720,165.159,can0  002  [04]  48 6B 01 00
2026-07-26T19:02:47.266819,165.159,can0  070  [20]  71 30 4D 08 C7 B9 62 03 98 B7 00 00 02 02 00 00 B7 05 00 00
2026-07-26T19:02:47.301332,165.193,can0   002  [04]  04 86 b0 10 0
2026-07-26T19:02:47.362536,165.255,can0  002  [04]  48 6B 01 00
2026-07-26T19:02:47.362835,165.255,can0  041  [04]  2D 00 58 00
2026-07-26T19:02:47.363019,165.255,can0  002  [04]  90 5F 01 00
2026-07-26T19:02:47.363222,165.255,can0  002  [04]  48 6B 01 00
2026-07-26T19:02:47.369953,165.262,can0   002  [04]  04 86 b0 10 0
2026-07-26T19:02:47.433301,165.325,can0   002  [04]  04 86 b0 10 0
2026-07-26T19:02:47.462210,165.354,can0  040  [04]  00 00 5A 00
2026-07-26T19:02:47.462390,165.354,can0  002  [04]  48 6B 01 00
2026-07-26T19:02:47.462659,165.355,can0  040  [04]  00 00 5A 00
2026-07-26T19:02:47.462881,165.355,can0  060  [32]  80 AF 0D 03 04 B1 4D 08 4B 81 64 03 00 00 04 03 23 00 80 00 00 00 00 00 01 00 00 00 00 00 00 00
2026-07-26T19:02:47.502273,165.394,can0   002  [04]  04 86 b0 10 0
2026-07-26T19:02:47.562565,165.455,can0  002  [04]  48 6B 01 00
2026-07-26T19:02:47.562723,165.455,can0  002  [04]  48 6B 01 00
2026-07-26T19:02:47.566574,165.459,can0  041  [04]  2C 00 5A 00
2026-07-26T19:02:47.569235,165.461,can0   002  [04]  04 86 b0 10 0
2026-07-26T19:02:47.634340,165.526,can0   002  [04]  04 86 b0 10 0
2026-07-26T19:02:47.662722,165.555,can0  002  [04]  48 6B 01 00
2026-07-26T19:02:47.662819,165.555,can0  040  [04]  00 00 5D 00
2026-07-26T19:02:47.662901,165.555,can0  001  [05]  00 00 00 00 40
2026-07-26T19:02:47.699554,165.592,can0   002  [04]  04 86 b0 10 0
2026-07-26T19:02:47.762226,165.654,can0  002  [04]  48 6B 01 00
2026-07-26T19:02:47.762691,165.655,can0  040  [04]  00 00 5D 00
2026-07-26T19:02:47.762777,165.655,can0  070  [20]  71 30 4D 08 C7 B9 62 03 98 B7 00 00 02 02 00 00 B7 05 00 00
2026-07-26T19:02:47.762859,165.655,can0  002  [04]  48 6B 01 00
2026-07-26T19:02:47.762948,165.655,can0  110  [02]  B1 1A
2026-07-26T19:02:47.766624,165.659,can0   002  [04]  04 86 b0 10 0
2026-07-26T19:02:47.834474,165.727,can0   002  [04]  04 86 b0 10 0
2026-07-26T19:02:47.866099,165.758,can0  002  [04]  48 6B 01 00
2026-07-26T19:02:47.866196,165.758,can0  041  [04]  2B 00 5D 00
2026-07-26T19:02:47.901502,165.794,can0   002  [04]  04 86 b0 10 0
2026-07-26T19:02:47.962774,165.855,can0  002  [04]  48 6B 01 00
2026-07-26T19:02:47.963318,165.855,can0  070  [20]  71 30 4D 08 C7 B9 62 03 98 B7 00 00 02 02 00 00 B7 05 00 00
2026-07-26T19:02:47.963586,165.856,can0  040  [04]  01 00 5D 00
2026-07-26T19:02:47.963811,165.856,can0  002  [04]  48 6B 01 00
2026-07-26T19:02:47.964016,165.856,can0  040  [04]  01 00 5D 00
2026-07-26T19:02:47.969033,165.861,can0   002  [04]  04 86 b0 10 0
2026-07-26T19:02:48.038732,165.931,can0   002  [04]  04 86 b0 10 0
2026-07-26T19:02:48.062990,165.955,can0  002  [04]  48 6B 01 00
2026-07-26T19:02:48.106711,165.999,can0   002  [04]  04 86 b0 10 0
2026-07-26T19:02:48.162881,166.055,can0  002  [04]  48 6B 01 00
2026-07-26T19:02:48.163124,166.055,can0  041  [04]  29 00 5C 00
2026-07-26T19:02:48.163385,166.055,can0  070  [20]  71 30 4D 08 C7 B9 62 03 80 BB 00 00 02 02 00 00 BA 02 00 00
2026-07-26T19:02:48.163658,166.056,can0  060  [32]  00 00 00 00 71 30 4D 08 1C 0F B8 10 07 00 D9 0D FF 01 00 00 00 00 00 00 02 00 00 00 00 00 00 00
2026-07-26T19:02:48.163880,166.056,can0  060  [32]  74 5E 11 00 89 B7 4D 08 76 CA 63 03 47 00 D4 0B 30 01 83 00 00 00 00 01 02 00 00 00 00 00 00 00
2026-07-26T19:02:48.165113,166.057,can0  002  [04]  48 6B 01 00
2026-07-26T19:02:48.165374,166.057,can0  100  [03]  1D 74 04
2026-07-26T19:02:48.165456,166.058,can0  120  [04]  2C 6A 00 00
2026-07-26T19:02:48.165577,166.058,can0  070  [20]  71 30 4D 08 C7 B9 62 03 80 BB 00 00 02 02 00 00 BA 02 00 00
2026-07-26T19:02:48.173031,166.065,can0   002  [04]  04 86 b0 10 0
2026-07-26T19:02:48.236492,166.129,can0   002  [04]  04 86 b0 10 0
2026-07-26T19:02:48.262402,166.154,can0  040  [04]  01 00 5D 00
2026-07-26T19:02:48.262618,166.155,can0  002  [04]  48 6B 01 00
2026-07-26T19:02:48.262865,166.155,can0  070  [20]  71 30 4D 08 C7 B9 62 03 80 BB 00 00 02 02 00 00 BA 02 00 00
2026-07-26T19:02:48.263091,166.155,can0  040  [04]  01 00 5D 00
2026-07-26T19:02:48.300678,166.193,can0   002  [04]  04 86 b0 10 0
2026-07-26T19:02:48.362947,166.255,can0  002  [04]  48 6B 01 00
2026-07-26T19:02:48.367109,166.259,can0  002  [04]  90 5F 01 00
2026-07-26T19:02:48.367283,166.259,can0  002  [04]  48 6B 01 00
2026-07-26T19:02:48.367530,166.260,can0  041  [04]  29 00 58 00
2026-07-26T19:02:48.368355,166.260,can0   002  [04]  04 86 b0 10 0
2026-07-26T19:02:48.437799,166.330,can0   002  [04]  04 86 b0 10 0
2026-07-26T19:02:48.462722,166.355,can0  002  [04]  48 6B 01 00
2026-07-26T19:02:48.462947,166.355,can0  040  [04]  01 00 5F 00
2026-07-26T19:02:48.504181,166.396,can0   002  [04]  04 86 b0 10 0
2026-07-26T19:02:48.562316,166.454,can0  002  [04]  48 6B 01 00
2026-07-26T19:02:48.562559,166.455,can0  040  [04]  01 00 5F 00
2026-07-26T19:02:48.562753,166.455,can0  002  [04]  48 6B 01 00
2026-07-26T19:02:48.570330,166.462,can0   002  [04]  04 86 b0 10 0
2026-07-26T19:02:48.636859,166.529,can0   002  [04]  04 86 b0 10 0
2026-07-26T19:02:48.662676,166.555,can0  002  [04]  48 6B 01 00
2026-07-26T19:02:48.666278,166.558,can0  041  [04]  29 00 59 00
2026-07-26T19:02:48.706018,166.598,can0   002  [04]  04 86 b0 10 0
2026-07-26T19:02:48.762716,166.655,can0  060  [32]  E7 64 11 00 E6 99 4D 08 59 77 62 03 00 00 93 0D 67 00 7B 00 00 00 00 00 02 00 00 00 00 00 00 00
2026-07-26T19:02:48.762876,166.655,can0  060  [32]  00 00 00 00 71 30 4D 08 1C 0F B8 10 03 00 37 00 FF 01 00 00 00 00 00 01 02 00 00 00 00 00 00 00
2026-07-26T19:02:48.763843,166.656,can0  002  [04]  48 6B 01 00
2026-07-26T19:02:48.767714,166.660,can0  040  [04]  01 00 5F 00
2026-07-26T19:02:48.767775,166.660,can0  070  [20]  71 30 4D 08 C7 B9 62 03 80 BB 00 00 02 02 00 00 BA 02 00 00
2026-07-26T19:02:48.767818,166.660,can0  002  [04]  48 6B 01 00
2026-07-26T19:02:48.774877,166.667,can0   002  [04]  04 86 b0 10 0
2026-07-26T19:02:48.845184,166.737,can0   002  [04]  04 86 b0 10 0
2026-07-26T19:02:48.862439,166.755,can0  040  [04]  01 00 5F 00
2026-07-26T19:02:48.862603,166.755,can0  002  [04]  48 6B 01 00
2026-07-26T19:02:48.866427,166.759,can0  070  [20]  71 30 4D 08 C7 B9 62 03 80 BB 00 00 02 02 00 00 BA 02 00 00
2026-07-26T19:02:48.913460,166.806,can0   002  [04]  04 86 b0 10 0
2026-07-26T19:02:48.963343,166.855,can0  002  [04]  48 6B 01 00
2026-07-26T19:02:48.963411,166.855,can0  041  [04]  2B 00 58 00
2026-07-26T19:02:48.963452,166.856,can0  002  [04]  48 6B 01 00
2026-07-26T19:02:48.978757,166.871,can0   002  [04]  04 86 b0 10 0
2026-07-26T19:02:49.044739,166.937,can0   002  [04]  04 86 b0 10 0
2026-07-26T19:02:49.062496,166.955,can0  040  [04]  02 00 59 00
2026-07-26T19:02:49.062649,166.955,can0  002  [04]  48 6B 01 00
2026-07-26T19:02:49.062844,166.955,can0  040  [04]  02 00 59 00
2026-07-26T19:02:49.109576,167.002,can0   002  [04]  04 86 b0 10 0
2026-07-26T19:02:49.163550,167.056,can0  002  [04]  48 6B 01 00
2026-07-26T19:02:49.163639,167.056,can0  070  [20]  70 30 4D 08 C7 B9 62 03 68 BF 00 00 02 02 00 00 F0 05 00 00
2026-07-26T19:02:49.163747,167.056,can0  002  [04]  48 6B 01 00
2026-07-26T19:02:49.167763,167.060,can0  041  [04]  2C 00 58 00
2026-07-26T19:02:49.177586,167.070,can0   002  [04]  04 86 b0 10 0
2026-07-26T19:02:49.238662,167.131,can0   002  [04]  04 86 b0 10 0
2026-07-26T19:02:49.263001,167.155,can0  070  [20]  70 30 4D 08 C7 B9 62 03 68 BF 00 00 02 02 00 00 F0 05 00 00
2026-07-26T19:02:49.263296,167.155,can0  002  [04]  48 6B 01 00
2026-07-26T19:02:49.263530,167.156,can0  070  [20]  70 30 4D 08 C7 B9 62 03 68 BF 00 00 02 02 00 00 F0 05 00 00
2026-07-26T19:02:49.263791,167.156,can0  040  [04]  05 00 56 00
2026-07-26T19:02:49.307229,167.199,can0   002  [04]  04 86 b0 10 0
2026-07-26T19:02:49.362356,167.254,can0  002  [04]  48 6B 01 00
2026-07-26T19:02:49.362604,167.255,can0  040  [04]  05 00 56 00
2026-07-26T19:02:49.362765,167.255,can0  002  [04]  90 5F 01 00
2026-07-26T19:02:49.362992,167.255,can0  100  [03]  1D 74 04
2026-07-26T19:02:49.366867,167.259,can0  110  [02]  B1 1A
2026-07-26T19:02:49.366945,167.259,can0  002  [04]  48 6B 01 00
2026-07-26T19:02:49.366987,167.259,can0  120  [04]  40 6A 00 00
2026-07-26T19:02:49.374759,167.267,can0   002  [04]  04 86 b0 10 0
2026-07-26T19:02:49.442860,167.335,can0   002  [04]  04 86 b0 10 0
2026-07-26T19:02:49.462226,167.354,can0  002  [04]  48 6B 01 00
2026-07-26T19:02:49.462474,167.355,can0  041  [04]  2C 00 59 00
2026-07-26T19:02:49.509286,167.401,can0   002  [04]  04 86 b0 10 0
2026-07-26T19:02:49.562554,167.455,can0  002  [04]  48 6B 01 00
2026-07-26T19:02:49.562869,167.455,can0  040  [04]  06 00 57 00
2026-07-26T19:02:49.565906,167.458,can0  002  [04]  48 6B 01 00
2026-07-26T19:02:49.565991,167.458,can0  040  [04]  06 00 57 00
2026-07-26T19:02:49.577936,167.470,can0   002  [04]  04 86 b0 10 0
2026-07-26T19:02:49.642698,167.535,can0   002  [04]  04 86 b0 10 0
2026-07-26T19:02:49.662674,167.555,can0  002  [04]  48 6B 01 00
2026-07-26T19:02:49.666598,167.559,can0  001  [05]  00 00 00 00 40
2026-07-26T19:02:49.712511,167.605,can0   002  [04]  04 86 b0 10 0
2026-07-26T19:02:49.762424,167.654,can0  002  [04]  48 6B 01 00
2026-07-26T19:02:49.762716,167.655,can0  041  [04]  2C 00 5A 00
2026-07-26T19:02:49.764110,167.656,can0  060  [32]  70 56 DA 0E 5A 5D 4D 08 CC 7A 62 03 01 00 27 00 70 00 85 00 00 00 00 00 02 00 00 00 00 00 00 00
2026-07-26T19:02:49.764196,167.656,can0  060  [32]  00 00 00 00 70 30 4D 08 1C 0F B8 10 08 00 D9 08 FF 01 00 00 00 00 00 01 02 00 00 00 00 00 00 00
2026-07-26T19:02:49.764683,167.657,can0  070  [20]  70 30 4D 08 C7 B9 62 03 68 BF 00 00 02 02 00 00 F0 05 00 00
2026-07-26T19:02:49.764768,167.657,can0  002  [04]  48 6B 01 00
2026-07-26T19:02:49.779465,167.672,can0   002  [04]  04 86 b0 10 0
2026-07-26T19:02:49.846757,167.739,can0   002  [04]  04 86 b0 10 0
2026-07-26T19:02:49.862605,167.755,can0  040  [04]  04 00 5A 00
2026-07-26T19:02:49.862739,167.755,can0  002  [04]  48 6B 01 00
2026-07-26T19:02:49.862943,167.755,can0  040  [04]  04 00 5A 00
2026-07-26T19:02:49.863248,167.755,can0  070  [20]  70 30 4D 08 C7 B9 62 03 68 BF 00 00 02 02 00 00 F0 05 00 00
2026-07-26T19:02:49.916512,167.809,can0   002  [04]  04 86 b0 10 0
2026-07-26T19:02:49.962544,167.855,can0  002  [04]  48 6B 01 00
2026-07-26T19:02:49.962820,167.855,can0  041  [04]  2B 00 58 00
2026-07-26T19:02:49.963041,167.855,can0  002  [04]  48 6B 01 00
2026-07-26T19:02:49.984808,167.877,can0   002  [04]  04 86 b0 10 0
2026-07-26T19:02:50.052225,167.944,can0   002  [04]  04 86 b0 10 0
2026-07-26T19:02:50.062722,167.955,can0  002  [04]  48 6B 01 00
2026-07-26T19:02:50.062986,167.955,can0  040  [04]  03 00 5D 00
2026-07-26T19:02:50.118931,168.011,can0   002  [04]  04 86 b0 10 0
2026-07-26T19:02:50.162531,168.055,can0  002  [04]  48 6B 01 00
2026-07-26T19:02:50.162823,168.055,can0  040  [04]  03 00 5D 00
2026-07-26T19:02:50.163093,168.055,can0  070  [20]  70 30 4D 08 C9 B9 62 03 50 C3 00 00 02 02 00 00 CB 06 00 00
2026-07-26T19:02:50.163372,168.055,can0  070  [20]  70 30 4D 08 C9 B9 62 03 50 C3 00 00 02 02 00 00 CA 06 00 00
2026-07-26T19:02:50.163583,168.056,can0  002  [04]  48 6B 01 00
2026-07-26T19:02:50.185600,168.078,can0   002  [04]  04 86 b0 10 0
2026-07-26T19:02:50.256674,168.149,can0   002  [04]  04 86 b0 10 0
2026-07-26T19:02:50.262686,168.155,can0  060  [32]  00 00 00 00 00 00 00 00 00 00 00 00 00 00 00 00 00 00 00 00 00 00 00 00 00 00 00 00 00 00 00 00
2026-07-26T19:02:50.262915,168.155,can0  041  [04]  2B 00 58 00
2026-07-26T19:02:50.263089,168.155,can0  002  [04]  48 6B 01 00
2026-07-26T19:02:50.263810,168.156,can0  070  [20]  70 30 4D 08 C9 B9 62 03 50 C3 00 00 02 02 00 00 CA 06 00 00
2026-07-26T19:02:50.324426,168.217,can0   002  [04]  04 86 b0 10 0
2026-07-26T19:02:50.362925,168.255,can0  060  [32]  66 5F 11 00 5E 77 4D 08 9C 5F 62 03 01 00 90 07 5D 00 84 00 00 00 00 00 01 00 00 00 00 00 00 00
2026-07-26T19:02:50.363867,168.256,can0  002  [04]  48 6B 01 00
2026-07-26T19:02:50.364098,168.256,can0  040  [04]  04 00 60 00
2026-07-26T19:02:50.364286,168.256,can0  002  [04]  90 5F 01 00
2026-07-26T19:02:50.364517,168.257,can0  040  [04]  04 00 60 00
2026-07-26T19:02:50.364710,168.257,can0  002  [04]  48 6B 01 00
2026-07-26T19:02:50.392395,168.284,can0   002  [04]  04 86 b0 10 0
2026-07-26T19:02:50.461726,168.354,can0   002  [04]  04 86 b0 10 0
2026-07-26T19:02:50.462388,168.354,can0  002  [04]  48 6B 01 00
2026-07-26T19:02:50.527727,168.420,can0   002  [04]  04 86 b0 10 0
2026-07-26T19:02:50.563056,168.455,can0  041  [04]  2B 00 57 00
2026-07-26T19:02:50.563462,168.456,can0  002  [04]  48 6B 01 00
2026-07-26T19:02:50.563509,168.456,can0  100  [03]  1D 74 04
2026-07-26T19:02:50.563553,168.456,can0  120  [04]  5E 6A 00 00
2026-07-26T19:02:50.598432,168.491,can0   002  [04]  04 86 b0 10 0
2026-07-26T19:02:50.662795,168.555,can0  002  [04]  48 6B 01 00
2026-07-26T19:02:50.662863,168.555,can0  040  [04]  04 00 5F 00
2026-07-26T19:02:50.662910,168.555,can0  040  [04]  04 00 5F 00
2026-07-26T19:02:50.665275,168.557,can0  002  [04]  48 6B 01 00
2026-07-26T19:02:50.666099,168.558,can0   002  [04]  04 86 b0 10 0
2026-07-26T19:02:50.731397,168.623,can0   002  [04]  04 86 b0 10 0
2026-07-26T19:02:50.762725,168.655,can0  002  [04]  48 6B 01 00
2026-07-26T19:02:50.762792,168.655,can0  070  [20]  70 30 4D 08 C9 B9 62 03 50 C3 00 00 02 02 00 00 CA 06 00 00
2026-07-26T19:02:50.766270,168.658,can0  041  [04]  2D 00 57 00
2026-07-26T19:02:50.802065,168.694,can0   002  [04]  04 86 b0 10 0
2026-07-26T19:02:50.863258,168.755,can0  002  [04]  48 6B 01 00
2026-07-26T19:02:50.863607,168.756,can0  040  [04]  04 00 5B 00
2026-07-26T19:02:50.863860,168.756,can0  002  [04]  48 6B 01 00
2026-07-26T19:02:50.867005,168.759,can0  070  [20]  70 30 4D 08 C9 B9 62 03 50 C3 00 00 02 02 00 00 CA 06 00 00
2026-07-26T19:02:50.871310,168.763,can0   002  [04]  04 86 b0 10 0
2026-07-26T19:02:50.938078,168.830,can0   002  [04]  04 86 b0 10 0
2026-07-26T19:02:50.962648,168.855,can0  040  [04]  04 00 5B 00
2026-07-26T19:02:50.962724,168.855,can0  132  [00]
2026-07-26T19:02:50.962877,168.855,can0  002  [04]  48 6B 01 00
2026-07-26T19:02:50.964797,168.857,can0  110  [02]  B2 1A
2026-07-26T19:02:51.005396,168.897,can0   002  [04]  04 86 b0 10 0
2026-07-26T19:02:51.063063,168.955,can0  002  [04]  48 6B 01 00
2026-07-26T19:02:51.063175,168.955,can0  041  [04]  2B 00 55 00
2026-07-26T19:02:51.063353,168.955,can0  002  [04]  48 6B 01 00
2026-07-26T19:02:51.075715,168.968,can0   002  [04]  04 86 b0 10 0
2026-07-26T19:02:51.142512,169.035,can0   002  [04]  04 86 b0 10 0
2026-07-26T19:02:51.162927,169.055,can0  040  [04]  02 00 57 00
2026-07-26T19:02:51.163205,169.055,can0  002  [04]  48 6B 01 00
2026-07-26T19:02:51.163510,169.056,can0  070  [20]  70 30 4D 08 C9 B9 62 03 38 C7 00 00 02 02 00 00 FB 03 00 00
2026-07-26T19:02:51.163782,169.056,can0  070  [20]  70 30 4D 08 C9 B9 62 03 38 C7 00 00 02 02 00 00 FB 03 00 00
2026-07-26T19:02:51.206346,169.098,can0   002  [04]  04 86 b0 10 0
2026-07-26T19:02:51.263166,169.155,can0  040  [04]  02 00 57 00
2026-07-26T19:02:51.263274,169.155,can0  002  [04]  48 6B 01 00
2026-07-26T19:02:51.263847,169.156,can0  070  [20]  70 30 4D 08 C9 B9 62 03 38 C7 00 00 02 02 00 00 FB 03 00 00
2026-07-26T19:02:51.264048,169.156,can0  002  [04]  48 6B 01 00
2026-07-26T19:02:51.273055,169.165,can0   002  [04]  04 86 b0 10 0
2026-07-26T19:02:51.341854,169.234,can0   002  [04]  04 86 b0 10 0
2026-07-26T19:02:51.362293,169.254,can0  041  [04]  2B 00 52 00
2026-07-26T19:02:51.362639,169.255,can0  002  [04]  48 6B 01 00
2026-07-26T19:02:51.362740,169.255,can0  002  [04]  90 5F 01 00
2026-07-26T19:02:51.362834,169.255,can0  040  [04]  01 00 5C 00
2026-07-26T19:02:51.412478,169.305,can0   002  [04]  04 86 b0 10 0
2026-07-26T19:02:51.462572,169.355,can0  002  [04]  48 6B 01 00
2026-07-26T19:02:51.462679,169.355,can0  060  [32]  00 00 00 00 70 30 4D 08 1E 0F B8 10 09 00 D8 0C FF 01 00 00 00 00 00 00 02 00 00 00 00 00 00 00
2026-07-26T19:02:51.462768,169.355,can0  060  [32]  5A 47 D6 02 FA 30 4D 08 E7 A4 63 03 35 00 64 05 FF 01 00 00 00 00 00 01 02 00 00 00 00 00 00 00
2026-07-26T19:02:51.463802,169.356,can0  040  [04]  01 00 5C 00
2026-07-26T19:02:51.465762,169.358,can0  002  [04]  48 6B 01 00
2026-07-26T19:02:51.480318,169.372,can0   002  [04]  04 86 b0 10 0
2026-07-26T19:02:51.547930,169.440,can0   002  [04]  04 86 b0 10 0
2026-07-26T19:02:51.562861,169.455,can0  002  [04]  48 6B 01 00
2026-07-26T19:02:51.563129,169.455,can0  041  [04]  2C 00 52 00
2026-07-26T19:02:51.620772,169.513,can0   002  [04]  04 86 b0 10 0
2026-07-26T19:02:51.662981,169.555,can0  002  [04]  48 6B 01 00
2026-07-26T19:02:51.663293,169.555,can0  040  [04]  67 01 60 00
2026-07-26T19:02:51.663626,169.556,can0  001  [05]  00 00 00 00 40
2026-07-26T19:02:51.663719,169.556,can0  002  [04]  48 6B 01 00
2026-07-26T19:02:51.690302,169.582,can0   002  [04]  04 86 b0 10 0
2026-07-26T19:02:51.757604,169.650,can0   002  [04]  04 86 b0 10 0
2026-07-26T19:02:51.762743,169.655,can0  040  [04]  67 01 60 00
2026-07-26T19:02:51.762833,169.655,can0  070  [20]  70 30 4D 08 C9 B9 62 03 38 C7 00 00 02 02 00 00 FB 03 00 00
2026-07-26T19:02:51.762932,169.655,can0  002  [04]  48 6B 01 00
2026-07-26T19:02:51.766616,169.659,can0  100  [03]  1E 74 04
2026-07-26T19:02:51.766715,169.659,can0  120  [04]  5E 6A 00 00
2026-07-26T19:02:51.824269,169.716,can0   002  [04]  04 86 b0 10 0
2026-07-26T19:02:51.863170,169.755,can0  002  [04]  48 6B 01 00
2026-07-26T19:02:51.863235,169.755,can0  041  [04]  2B 00 53 00
2026-07-26T19:02:51.866213,169.758,can0  002  [04]  48 6B 01 00
2026-07-26T19:02:51.866268,169.758,can0  070  [20]  70 30 4D 08 C9 B9 62 03 38 C7 00 00 02 02 00 00 FB 03 00 00
2026-07-26T19:02:51.894962,169.787,can0   002  [04]  04 86 b0 10 0
2026-07-26T19:02:51.960191,169.852,can0   002  [04]  04 86 b0 10 0
2026-07-26T19:02:51.966835,169.859,can0  040  [04]  67 01 65 00
2026-07-26T19:02:51.966927,169.859,can0  002  [04]  48 6B 01 00
2026-07-26T19:02:51.966999,169.859,can0  040  [04]  67 01 65 00
2026-07-26T19:02:52.029434,169.922,can0   002  [04]  04 86 b0 10 0
2026-07-26T19:02:52.067354,169.959,can0  002  [04]  48 6B 01 00
2026-07-26T19:02:52.099770,169.992,can0   002  [04]  04 86 b0 10 0
2026-07-26T19:02:52.162589,170.055,can0  002  [04]  48 6B 01 00
2026-07-26T19:02:52.163000,170.055,can0  041  [04]  2B 00 55 00
2026-07-26T19:02:52.163282,170.055,can0  070  [20]  71 30 4D 08 CB B9 62 03 20 CB 00 00 02 02 00 00 99 05 00 00
2026-07-26T19:02:52.163371,170.055,can0   002  [04]  04 86 b0 10 0
2026-07-26T19:02:52.163513,170.056,can0  002  [04]  48 6B 01 00
2026-07-26T19:02:52.163796,170.056,can0  070  [20]  71 30 4D 08 CB B9 62 03 20 CB 00 00 02 02 00 00 99 05 00 00
2026-07-26T19:02:52.227942,170.120,can0   002  [04]  04 86 b0 10 0
2026-07-26T19:02:52.262986,170.155,can0  060  [32]  00 00 00 00 70 30 4D 08 1E 0F B8 10 05 00 02 0C FF 01 00 00 00 00 00 00 02 00 00 00 00 00 00 00
2026-07-26T19:02:52.263214,170.155,can0  060  [32]  EA 63 11 00 04 66 4D 08 32 DD 62 03 00 00 F6 0B 35 00 80 00 00 00 00 01 02 00 00 00 00 00 00 00
2026-07-26T19:02:52.264306,170.156,can0  040  [04]  66 01 65 00
2026-07-26T19:02:52.264543,170.157,can0  002  [04]  48 6B 01 00
2026-07-26T19:02:52.264832,170.157,can0  040  [04]  66 01 65 00
2026-07-26T19:02:52.265379,170.157,can0  070  [20]  71 30 4D 08 CB B9 62 03 20 CB 00 00 02 02 00 00 99 05 00 00
2026-07-26T19:02:52.265556,170.158,can0  002  [04]  48 6B 01 00
2026-07-26T19:02:52.297924,170.190,can0   002  [04]  04 86 b0 10 0
2026-07-26T19:02:52.363063,170.255,can0  002  [04]  90 5F 01 00
2026-07-26T19:02:52.363293,170.255,can0  002  [04]  48 6B 01 00
2026-07-26T19:02:52.363593,170.256,can0  041  [04]  2D 00 56 00
2026-07-26T19:02:52.366435,170.259,can0   002  [04]  04 86 b0 10 0
2026-07-26T19:02:52.432743,170.325,can0   002  [04]  04 86 b0 10 0
2026-07-26T19:02:52.462535,170.355,can0  002  [04]  48 6B 01 00
2026-07-26T19:02:52.466209,170.358,can0  040  [04]  66 01 61 00
2026-07-26T19:02:52.499689,170.392,can0   002  [04]  04 86 b0 10 0
2026-07-26T19:02:52.562601,170.455,can0  002  [04]  48 6B 01 00
2026-07-26T19:02:52.562872,170.455,can0  040  [04]  66 01 61 00
2026-07-26T19:02:52.563081,170.455,can0  002  [04]  48 6B 01 00
2026-07-26T19:02:52.563323,170.455,can0  110  [02]  B0 1A
2026-07-26T19:02:52.566644,170.459,can0   002  [04]  04 86 b0 10 0
2026-07-26T19:02:52.638980,170.531,can0   002  [04]  04 86 b0 10 0
2026-07-26T19:02:52.662425,170.555,can0  002  [04]  48 6B 01 00
2026-07-26T19:02:52.662748,170.555,can0  041  [04]  2C 00 56 00
2026-07-26T19:02:52.708530,170.601,can0   002  [04]  04 86 b0 10 0
2026-07-26T19:02:52.762876,170.655,can0  060  [32]  00 00 00 00 00 00 00 00 00 00 00 00 00 00 00 00 00 00 00 00 00 00 00 00 00 00 00 00 00 00 00 00
2026-07-26T19:02:52.763087,170.655,can0  002  [04]  48 6B 01 00
2026-07-26T19:02:52.763378,170.655,can0  040  [04]  67 01 5A 00
2026-07-26T19:02:52.763637,170.656,can0  060  [32]  00 00 00 00 71 30 4D 08 1F 0F B8 10 07 00 F4 00 FF 01 00 00 00 00 00 00 01 00 00 00 00 00 00 00
2026-07-26T19:02:52.764767,170.657,can0  070  [20]  71 30 4D 08 CB B9 62 03 20 CB 00 00 02 02 00 00 99 05 00 00
2026-07-26T19:02:52.764844,170.657,can0  002  [04]  48 6B 01 00
2026-07-26T19:02:52.765008,170.657,can0  040  [04]  67 01 5A 00
2026-07-26T19:02:52.774872,170.667,can0   002  [04]  04 86 b0 10 0
2026-07-26T19:02:52.844854,170.737,can0   002  [04]  04 86 b0 10 0
2026-07-26T19:02:52.862713,170.755,can0  002  [04]  48 6B 01 00
2026-07-26T19:02:52.909617,170.802,can0   002  [04]  04 86 b0 10 0
2026-07-26T19:02:52.962597,170.855,can0  041  [04]  2B 00 54 00
2026-07-26T19:02:52.962812,170.855,can0  002  [04]  48 6B 01 00
2026-07-26T19:02:52.963038,170.855,can0  070  [20]  71 30 4D 08 CB B9 62 03 20 CB 00 00 02 02 00 00 99 05 00 00
2026-07-26T19:02:52.963275,170.855,can0  100  [03]  1F 74 04
2026-07-26T19:02:52.963515,170.856,can0  120  [04]  90 6A 00 00
2026-07-26T19:02:52.963730,170.856,can0  002  [04]  48 6B 01 00
2026-07-26T19:02:52.971063,170.863,can0   002  [04]  04 86 b0 10 0
2026-07-26T19:02:53.038693,170.931,can0   002  [04]  04 86 b0 10 0
2026-07-26T19:02:53.062805,170.955,can0  040  [04]  67 01 5A 00
2026-07-26T19:02:53.063010,170.955,can0  002  [04]  48 6B 01 00
2026-07-26T19:02:53.063322,170.955,can0  040  [04]  67 01 5A 00
2026-07-26T19:02:53.106691,170.999,can0   002  [04]  04 86 b0 10 0
2026-07-26T19:02:53.162326,171.054,can0  002  [04]  48 6B 01 00
2026-07-26T19:02:53.162648,171.055,can0  070  [20]  73 30 4D 08 CC B9 62 03 08 CF 00 00 02 02 00 00 85 01 00 00
2026-07-26T19:02:53.162840,171.055,can0  002  [04]  48 6B 01 00
2026-07-26T19:02:53.163074,171.055,can0  070  [20]  73 30 4D 08 CC B9 62 03 08 CF 00 00 02 02 00 00 86 01 00 00
2026-07-26T19:02:53.163260,171.055,can0  041  [04]  2B 00 52 00
2026-07-26T19:02:53.174335,171.066,can0   002  [04]  04 86 b0 10 0
2026-07-26T19:02:53.236088,171.128,can0   002  [04]  04 86 b0 10 0
2026-07-26T19:02:53.262518,171.155,can0  002  [04]  48 6B 01 00
2026-07-26T19:02:53.262803,171.155,can0  070  [20]  73 30 4D 08 CC B9 62 03 08 CF 00 00 02 02 00 00 86 01 00 00
2026-07-26T19:02:53.263071,171.155,can0  060  [32]  00 00 00 00 00 00 00 00 00 00 00 00 00 00 00 00 00 00 00 00 00 00 00 00 00 00 00 00 00 00 00 00
2026-07-26T19:02:53.263327,171.155,can0  040  [04]  67 01 61 00
2026-07-26T19:02:53.304231,171.196,can0   002  [04]  04 86 b0 10 0
2026-07-26T19:02:53.362835,171.255,can0  002  [04]  48 6B 01 00
2026-07-26T19:02:53.367002,171.259,can0  040  [04]  67 01 61 00
2026-07-26T19:02:53.371976,171.264,can0  002  [04]  90 5F 01 00
2026-07-26T19:02:53.372049,171.264,can0  002  [04]  48 6B 01 00
2026-07-26T19:02:53.372948,171.265,can0   002  [04]  04 86 b0 10 0
2026-07-26T19:02:53.434555,171.327,can0   002  [04]  04 86 b0 10 0
2026-07-26T19:02:53.462210,171.354,can0  002  [04]  48 6B 01 00
2026-07-26T19:02:53.462488,171.355,can0  041  [04]  2B 00 56 00
2026-07-26T19:02:53.497232,171.389,can0   002  [04]  04 86 b0 10 0
2026-07-26T19:02:53.562319,171.454,can0   002  [04]  04 86 b0 10 0
2026-07-26T19:02:53.562387,171.454,can0  002  [04]  48 6B 01 00
2026-07-26T19:02:53.562664,171.455,can0  040  [04]  65 01 67 00
2026-07-26T19:02:53.562857,171.455,can0  002  [04]  48 6B 01 00
2026-07-26T19:02:53.563099,171.455,can0  040  [04]  65 01 67 00
2026-07-26T19:02:53.627400,171.519,can0   002  [04]  04 86 b0 10 0
2026-07-26T19:02:53.662906,171.555,can0  002  [04]  48 6B 01 00
2026-07-26T19:02:53.663155,171.555,can0  001  [05]  00 00 00 00 40
2026-07-26T19:02:53.663345,171.555,can0  002  [04]  48 6B 01 00
2026-07-26T19:02:53.696579,171.589,can0   002  [04]  04 86 b0 10 0
2026-07-26T19:02:53.759622,171.652,can0   002  [04]  04 86 b0 10 0
2026-07-26T19:02:53.762370,171.654,can0  041  [04]  2C 00 56 00
2026-07-26T19:02:53.763026,171.655,can0  070  [20]  73 30 4D 08 CC B9 62 03 08 CF 00 00 02 02 00 00 86 01 00 00
2026-07-26T19:02:53.763362,171.655,can0  002  [04]  48 6B 01 00
2026-07-26T19:02:53.763569,171.656,can0  060  [32]  00 00 00 00 73 30 4D 08 21 0F B8 10 02 00 C4 00 FF 01 00 00 00 00 00 00 01 00 00 00 00 00 00 00
2026-07-26T19:02:53.764754,171.657,can0  040  [04]  64 01 67 00
2026-07-26T19:02:53.825409,171.717,can0   002  [04]  04 86 b0 10 0
2026-07-26T19:02:53.862708,171.755,can0  002  [04]  48 6B 01 00
2026-07-26T19:02:53.862775,171.755,can0  040  [04]  64 01 67 00
2026-07-26T19:02:53.862818,171.755,can0  070  [20]  73 30 4D 08 CC B9 62 03 08 CF 00 00 02 02 00 00 86 01 00 00
2026-07-26T19:02:53.862935,171.755,can0  002  [04]  48 6B 01 00
2026-07-26T19:02:53.893875,171.786,can0   002  [04]  04 86 b0 10 0
2026-07-26T19:02:53.960883,171.853,can0   002  [04]  04 86 b0 10 0
2026-07-26T19:02:53.962201,171.854,can0  002  [04]  48 6B 01 00
2026-07-26T19:02:53.962476,171.855,can0  041  [04]  2A 00 55 00
2026-07-26T19:02:54.023910,171.916,can0   002  [04]  04 86 b0 10 0
2026-07-26T19:02:54.062450,171.955,can0  002  [04]  48 6B 01 00
2026-07-26T19:02:54.062822,171.955,can0  040  [04]  66 01 61 00
2026-07-26T19:02:54.063074,171.955,can0  002  [04]  48 6B 01 00
2026-07-26T19:02:54.088931,171.981,can0   002  [04]  04 86 b0 10 0
2026-07-26T19:02:54.155996,172.048,can0   002  [04]  04 86 b0 10 0
2026-07-26T19:02:54.162349,172.054,can0  070  [20]  71 30 4D 08 C9 B9 62 03 F0 D2 00 00 02 02 00 00 4F 07 00 00
2026-07-26T19:02:54.162719,172.055,can0  040  [04]  66 01 61 00
2026-07-26T19:02:54.162769,172.055,can0  002  [04]  48 6B 01 00
2026-07-26T19:02:54.163252,172.055,can0  100  [03]  1F 74 04
2026-07-26T19:02:54.163294,172.055,can0  110  [02]  B1 1A
2026-07-26T19:02:54.163747,172.056,can0  120  [04]  D6 6A 00 00
2026-07-26T19:02:54.163791,172.056,can0  070  [20]  71 30 4D 08 C9 B9 62 03 F0 D2 00 00 02 02 00 00 4F 07 00 00
2026-07-26T19:02:54.222200,172.114,can0   002  [04]  04 86 b0 10 0
2026-07-26T19:02:54.262708,172.155,can0  002  [04]  48 6B 01 00
2026-07-26T19:02:54.262976,172.155,can0  041  [04]  2B 00 54 00
2026-07-26T19:02:54.266690,172.159,can0  070  [20]  71 30 4D 08 C9 B9 62 03 F0 D2 00 00 02 02 00 00 4F 07 00 00
2026-07-26T19:02:54.266756,172.159,can0  002  [04]  48 6B 01 00
2026-07-26T19:02:54.287640,172.180,can0   002  [04]  04 86 b0 10 0
2026-07-26T19:02:54.352735,172.245,can0   002  [04]  04 86 b0 10 0
2026-07-26T19:02:54.362463,172.255,can0  040  [04]  01 00 5C 00
2026-07-26T19:02:54.362581,172.255,can0  002  [04]  90 5F 01 00
2026-07-26T19:02:54.366422,172.258,can0  002  [04]  48 6B 01 00
2026-07-26T19:02:54.366480,172.259,can0  040  [04]  01 00 5C 00
2026-07-26T19:02:54.420251,172.312,can0   002  [04]  04 86 b0 10 0
2026-07-26T19:02:54.463151,172.355,can0  002  [04]  48 6B 01 00
2026-07-26T19:02:54.463221,172.355,can0  002  [04]  48 6B 01 00
2026-07-26T19:02:54.486539,172.379,can0   002  [04]  04 86 b0 10 0
2026-07-26T19:02:54.558681,172.451,can0   002  [04]  04 86 b0 10 0
2026-07-26T19:02:54.565415,172.457,can0  041  [04]  2C 00 56 00
2026-07-26T19:02:54.565543,172.458,can0  060  [32]  93 01 D6 02 56 B6 4D 08 D1 1E 64 03 00 00 5D 09 67 01 80 00 00 00 00 00 03 00 00 00 00 00 00 00
2026-07-26T19:02:54.565652,172.458,can0  060  [32]  6E DE D5 02 24 6B 4D 08 47 DC 64 03 00 00 95 0C 39 00 80 00 00 00 00 01 03 00 00 00 00 00 00 00
2026-07-26T19:02:54.565779,172.458,can0  060  [32]  5F AE D6 02 B7 2D 4D 08 30 A5 63 03 00 00 1A 09 FF 01 00 00 00 00 00 02 03 00 00 00 00 00 00 00
2026-07-26T19:02:54.566197,172.458,can0  002  [04]  48 6B 01 00
2026-07-26T19:02:54.623068,172.515,can0   002  [04]  04 86 b0 10 0
2026-07-26T19:02:54.662751,172.555,can0  040  [04]  01 00 59 00
2026-07-26T19:02:54.662819,172.555,can0  002  [04]  48 6B 01 00
2026-07-26T19:02:54.663053,172.555,can0  040  [04]  01 00 59 00
2026-07-26T19:02:54.663100,172.555,can0  002  [04]  48 6B 01 00
2026-07-26T19:02:54.691136,172.583,can0   002  [04]  04 86 b0 10 0
2026-07-26T19:02:54.762179,172.654,can0   002  [04]  04 86 b0 10 0
2026-07-26T19:02:54.762694,172.655,can0  002  [04]  48 6B 01 00
2026-07-26T19:02:54.763261,172.655,can0  070  [20]  71 30 4D 08 C9 B9 62 03 F0 D2 00 00 02 02 00 00 4F 07 00 00
2026-07-26T19:02:54.766747,172.659,can0  041  [04]  2C 00 57 00
2026-07-26T19:02:54.827302,172.719,can0   002  [04]  04 86 b0 10 0
2026-07-26T19:02:54.862578,172.755,can0  002  [04]  48 6B 01 00
2026-07-26T19:02:54.863031,172.755,can0  040  [04]  00 00 5C 00
2026-07-26T19:02:54.863104,172.755,can0  070  [20]  71 30 4D 08 C9 B9 62 03 F0 D2 00 00 02 02 00 00 4F 07 00 00
2026-07-26T19:02:54.863191,172.755,can0  002  [04]  48 6B 01 00
2026-07-26T19:02:54.897454,172.790,can0   002  [04]  04 86 b0 10 0
2026-07-26T19:02:54.962457,172.855,can0  040  [04]  00 00 5C 00
2026-07-26T19:02:54.962626,172.855,can0  002  [04]  48 6B 01 00
2026-07-26T19:02:54.967465,172.860,can0   002  [04]  04 86 b0 10 0
2026-07-26T19:02:55.035526,172.928,can0   002  [04]  04 86 b0 10 0
2026-07-26T19:02:55.063101,172.955,can0  060  [32]  00 00 00 00 71 30 4D 08 1E 0F B8 10 0A 00 0C 09 FF 01 00 00 00 00 00 00 02 00 00 00 00 00 00 00
2026-07-26T19:02:55.063302,172.955,can0  060  [32]  53 DD D5 02 A2 B8 4D 08 FB 1E 64 03 00 00 2F 05 FF 01 00 00 00 00 00 01 02 00 00 00 00 00 00 00
2026-07-26T19:02:55.064339,172.956,can0  002  [04]  48 6B 01 00
2026-07-26T19:02:55.066674,172.959,can0  041  [04]  2A 00 5B 00
2026-07-26T19:02:55.103332,172.995,can0   002  [04]  04 86 b0 10 0
2026-07-26T19:02:55.162550,173.055,can0  002  [04]  48 6B 01 00
2026-07-26T19:02:55.163065,173.055,can0  040  [04]  66 01 64 00
2026-07-26T19:02:55.163169,173.055,can0  070  [20]  73 30 4D 08 CC B9 62 03 D8 D6 00 00 02 02 00 00 F3 09 00 00
2026-07-26T19:02:55.163266,173.055,can0  002  [04]  48 6B 01 00
2026-07-26T19:02:55.163362,173.055,can0  070  [20]  73 30 4D 08 CC B9 62 03 D8 D6 00 00 02 02 00 00 F2 09 00 00
2026-07-26T19:02:55.163556,173.056,can0  040  [04]  66 01 64 00
2026-07-26T19:02:55.171752,173.064,can0   002  [04]  04 86 b0 10 0
2026-07-26T19:02:55.238366,173.130,can0   002  [04]  04 86 b0 10 0
2026-07-26T19:02:55.266137,173.158,can0  002  [04]  48 6B 01 00
2026-07-26T19:02:55.266207,173.158,can0  070  [20]  73 30 4D 08 CC B9 62 03 D8 D6 00 00 02 02 00 00 F2 09 00 00
2026-07-26T19:02:55.305478,173.198,can0   002  [04]  04 86 b0 10 0
2026-07-26T19:02:55.362722,173.255,can0  002  [04]  48 6B 01 00
2026-07-26T19:02:55.363099,173.255,can0  041  [04]  2A 00 5F 00
2026-07-26T19:02:55.363147,173.255,can0  002  [04]  90 5F 01 00
2026-07-26T19:02:55.363367,173.255,can0  100  [03]  20 74 04
2026-07-26T19:02:55.363479,173.256,can0  002  [04]  48 6B 01 00
2026-07-26T19:02:55.363682,173.256,can0  120  [04]  08 6B 00 00
2026-07-26T19:02:55.363890,173.256,can0  040  [04]  64 01 68 00
2026-07-26T19:02:55.376875,173.269,can0   002  [04]  04 86 b0 10 0
2026-07-26T19:02:55.444932,173.337,can0   002  [04]  04 86 b0 10 0
2026-07-26T19:02:55.462573,173.355,can0  002  [04]  48 6B 01 00
2026-07-26T19:02:55.462816,173.355,can0  040  [04]  64 01 68 00
2026-07-26T19:02:55.514086,173.406,can0   002  [04]  04 86 b0 10 0
2026-07-26T19:02:55.562613,173.455,can0  060  [32]  00 00 00 00 00 00 00 00 00 00 00 00 00 00 00 00 00 00 00 00 00 00 00 00 00 00 00 00 00 00 00 00
2026-07-26T19:02:55.562803,173.455,can0  002  [04]  48 6B 01 00
2026-07-26T19:02:55.563047,173.455,can0  041  [04]  29 00 61 00
2026-07-26T19:02:55.563241,173.455,can0  002  [04]  48 6B 01 00
2026-07-26T19:02:55.581576,173.474,can0   002  [04]  04 86 b0 10 0
2026-07-26T19:02:55.649923,173.542,can0   002  [04]  04 86 b0 10 0
2026-07-26T19:02:55.662873,173.555,can0  002  [04]  48 6B 01 00
2026-07-26T19:02:55.663127,173.555,can0  040  [04]  66 01 64 00
2026-07-26T19:02:55.663345,173.555,can0  001  [05]  00 00 00 00 40
2026-07-26T19:02:55.720277,173.612,can0   002  [04]  04 86 b0 10 0
2026-07-26T19:02:55.762875,173.655,can0  002  [04]  48 6B 01 00
2026-07-26T19:02:55.763093,173.655,can0  040  [04]  66 01 64 00
2026-07-26T19:02:55.763609,173.656,can0  070  [20]  73 30 4D 08 CC B9 62 03 D8 D6 00 00 02 02 00 00 F2 09 00 00
2026-07-26T19:02:55.763826,173.656,can0  110  [02]  B1 1A
2026-07-26T19:02:55.764028,173.656,can0  002  [04]  48 6B 01 00
2026-07-26T19:02:55.764243,173.656,can0  060  [32]  00 00 00 00 73 30 4D 08 21 0F B8 10 0D 00 A2 0D FF 01 00 00 00 00 00 00 01 00 00 00 00 00 00 00
2026-07-26T19:02:55.788784,173.681,can0   002  [04]  04 86 b0 10 0
2026-07-26T19:02:55.851712,173.744,can0   002  [04]  04 86 b0 10 0
2026-07-26T19:02:55.862746,173.755,can0  041  [04]  29 00 61 00
2026-07-26T19:02:55.862808,173.755,can0  002  [04]  48 6B 01 00
2026-07-26T19:02:55.862851,173.755,can0  070  [20]  73 30 4D 08 CC B9 62 03 D8 D6 00 00 02 02 00 00 F2 09 00 00
2026-07-26T19:02:55.918403,173.810,can0   002  [04]  04 86 b0 10 0
2026-07-26T19:02:55.962250,173.854,can0  002  [04]  48 6B 01 00
2026-07-26T19:02:55.962506,173.855,can0  040  [04]  00 00 5D 00
2026-07-26T19:02:55.962750,173.855,can0  002  [04]  48 6B 01 00
2026-07-26T19:02:55.962912,173.855,can0  040  [04]  00 00 5D 00
2026-07-26T19:02:55.991524,173.884,can0   002  [04]  04 86 b0 10 0
2026-07-26T19:02:56.062747,173.955,can0  002  [04]  48 6B 01 00
2026-07-26T19:02:56.062836,173.955,can0   002  [04]  04 86 b0 10 0
2026-07-26T19:02:56.130524,174.023,can0   002  [04]  04 86 b0 10 0
2026-07-26T19:02:56.162744,174.055,can0  041  [04]  28 00 5C 00
2026-07-26T19:02:56.163525,174.056,can0  002  [04]  48 6B 01 00
2026-07-26T19:02:56.163571,174.056,can0  070  [20]  70 30 4D 08 C7 B9 62 03 C0 DA 00 00 02 02 00 00 53 0D 00 00
2026-07-26T19:02:56.163616,174.056,can0  070  [20]  70 30 4D 08 C7 B9 62 03 C0 DA 00 00 02 02 00 00 53 0D 00 00
2026-07-26T19:02:56.163656,174.056,can0  002  [04]  48 6B 01 00
2026-07-26T19:02:56.163705,174.056,can0  040  [04]  04 00 59 00
2026-07-26T19:02:56.199538,174.092,can0   002  [04]  04 86 b0 10 0
2026-07-26T19:02:56.263268,174.155,can0  040  [04]  04 00 59 00
2026-07-26T19:02:56.263364,174.155,can0  133  [00]
2026-07-26T19:02:56.263447,174.156,can0  002  [04]  48 6B 01 00
2026-07-26T19:02:56.263537,174.156,can0  070  [20]  70 30 4D 08 C7 B9 62 03 C0 DA 00 00 02 02 00 00 53 0D 00 00
2026-07-26T19:02:56.263622,174.156,can0  060  [32]  00 00 00 00 00 00 00 00 00 00 00 00 00 00 00 00 00 00 00 00 00 00 00 00 00 00 00 00 00 00 00 00
2026-07-26T19:02:56.270345,174.162,can0   002  [04]  04 86 b0 10 0
2026-07-26T19:02:56.333949,174.226,can0   002  [04]  04 86 b0 10 0
2026-07-26T19:02:56.362159,174.254,can0  002  [04]  48 6B 01 00
2026-07-26T19:02:56.362370,174.254,can0  002  [04]  90 5F 01 00
2026-07-26T19:02:56.362691,174.255,can0  041  [04]  27 00 5E 00
2026-07-26T19:02:56.366260,174.258,can0  002  [04]  48 6B 01 00
2026-07-26T19:02:56.404092,174.296,can0   002  [04]  04 86 b0 10 0
2026-07-26T19:02:56.462404,174.354,can0  040  [04]  03 00 5A 00
2026-07-26T19:02:56.463110,174.355,can0  002  [04]  48 6B 01 00
2026-07-26T19:02:56.469656,174.362,can0   002  [04]  04 86 b0 10 0
2026-07-26T19:02:56.535137,174.427,can0   002  [04]  04 86 b0 10 0
2026-07-26T19:02:56.562597,174.455,can0  040  [04]  03 00 5A 00
2026-07-26T19:02:56.562715,174.455,can0  002  [04]  48 6B 01 00
2026-07-26T19:02:56.563039,174.455,can0  100  [03]  22 74 04
2026-07-26T19:02:56.563082,174.455,can0  120  [04]  FE 6A 00 00
2026-07-26T19:02:56.563266,174.455,can0  002  [04]  48 6B 01 00
2026-07-26T19:02:56.598544,174.491,can0   002  [04]  04 86 b0 10 0
2026-07-26T19:02:56.662932,174.555,can0  041  [04]  26 00 5F 00
2026-07-26T19:02:56.666555,174.559,can0  002  [04]  48 6B 01 00
2026-07-26T19:02:56.667664,174.560,can0   002  [04]  04 86 b0 10 0
2026-07-26T19:02:56.732087,174.624,can0   002  [04]  04 86 b0 10 0
2026-07-26T19:02:56.762993,174.655,can0  040  [04]  01 00 63 00
2026-07-26T19:02:56.763163,174.655,can0  002  [04]  48 6B 01 00
2026-07-26T19:02:56.763727,174.656,can0  070  [20]  70 30 4D 08 C7 B9 62 03 C0 DA 00 00 02 02 00 00 53 0D 00 00
2026-07-26T19:02:56.764043,174.656,can0  040  [04]  01 00 63 00
2026-07-26T19:02:56.764266,174.656,can0  060  [32]  00 00 00 00 00 00 00 00 00 00 00 00 00 00 00 00 00 00 00 00 00 00 00 00 00 00 00 00 00 00 00 00
2026-07-26T19:02:56.764538,174.657,can0  002  [04]  48 6B 01 00
2026-07-26T19:02:56.798381,174.690,can0   002  [04]  04 86 b0 10 0
2026-07-26T19:02:56.861307,174.753,can0   002  [04]  04 86 b0 10 0
2026-07-26T19:02:56.862537,174.755,can0  060  [32]  00 00 00 00 70 30 4D 08 1C 0F B8 10 12 00 6E 0A FF 01 00 00 00 00 00 00 01 00 00 00 00 00 00 00
2026-07-26T19:02:56.863550,174.756,can0  002  [04]  48 6B 01 00
2026-07-26T19:02:56.867220,174.759,can0  070  [20]  70 30 4D 08 C7 B9 62 03 C0 DA 00 00 02 02 00 00 53 0D 00 00
2026-07-26T19:02:56.931597,174.824,can0   002  [04]  04 86 b0 10 0
2026-07-26T19:02:56.962581,174.855,can0  041  [04]  26 00 60 00
2026-07-26T19:02:56.962738,174.855,can0  002  [04]  48 6B 01 00
2026-07-26T19:02:56.963008,174.855,can0  040  [04]  01 00 64 00
2026-07-26T19:02:56.963227,174.855,can0  002  [04]  48 6B 01 00
2026-07-26T19:02:57.001991,174.894,can0   002  [04]  04 86 b0 10 0
2026-07-26T19:02:57.063028,174.955,can0  040  [04]  01 00 64 00
2026-07-26T19:02:57.063112,174.955,can0  002  [04]  48 6B 01 00
2026-07-26T19:02:57.069003,174.961,can0   002  [04]  04 86 b0 10 0
2026-07-26T19:02:57.132896,175.025,can0   002  [04]  04 86 b0 10 0
2026-07-26T19:02:57.162749,175.055,can0  002  [04]  48 6B 01 00
2026-07-26T19:02:57.162813,175.055,can0  070  [20]  70 30 4D 08 C7 B9 62 03 A8 DE 00 00 02 02 00 00 00 04 00 00
2026-07-26T19:02:57.162858,175.055,can0  041  [04]  25 00 5D 00
2026-07-26T19:02:57.167431,175.060,can0  070  [20]  70 30 4D 08 C7 B9 62 03 A8 DE 00 00 02 02 00 00 00 04 00 00
2026-07-26T19:02:57.167493,175.060,can0  002  [04]  48 6B 01 00
2026-07-26T19:02:57.199884,175.092,can0   002  [04]  04 86 b0 10 0
2026-07-26T19:02:57.262928,175.155,can0  002  [04]  48 6B 01 00
2026-07-26T19:02:57.263027,175.155,can0  070  [20]  70 30 4D 08 C7 B9 62 03 A8 DE 00 00 02 02 00 00 00 04 00 00
2026-07-26T19:02:57.268391,175.160,can0  040  [04]  01 00 63 00
2026-07-26T19:02:57.269877,175.162,can0   002  [04]  04 86 b0 10 0
2026-07-26T19:02:57.337627,175.230,can0   002  [04]  04 86 b0 10 0
2026-07-26T19:02:57.362503,175.255,can0  060  [32]  00 00 00 00 00 00 00 00 00 00 00 00 00 00 00 00 00 00 00 00 00 00 00 00 00 00 00 00 00 00 00 00
2026-07-26T19:02:57.362734,175.255,can0  040  [04]  01 00 63 00
2026-07-26T19:02:57.362969,175.255,can0  002  [04]  48 6B 01 00
2026-07-26T19:02:57.363166,175.255,can0  002  [04]  90 5F 01 00
2026-07-26T19:02:57.363391,175.255,can0  110  [02]  B1 1A
2026-07-26T19:02:57.363594,175.256,can0  002  [04]  48 6B 01 00
2026-07-26T19:02:57.399278,175.291,can0   002  [04]  04 86 b0 10 0
2026-07-26T19:02:57.462677,175.355,can0  041  [04]  25 00 5C 00
2026-07-26T19:02:57.462853,175.355,can0  002  [04]  48 6B 01 00
2026-07-26T19:02:57.468027,175.360,can0   002  [04]  04 86 b0 10 0
2026-07-26T19:02:57.533506,175.426,can0   002  [04]  04 86 b0 10 0
2026-07-26T19:02:57.562820,175.455,can0  040  [04]  02 00 5B 00
2026-07-26T19:02:57.562997,175.455,can0  002  [04]  48 6B 01 00
2026-07-26T19:02:57.563196,175.455,can0  040  [04]  02 00 5B 00
2026-07-26T19:02:57.563388,175.455,can0  002  [04]  48 6B 01 00
2026-07-26T19:02:57.603185,175.495,can0   002  [04]  04 86 b0 10 0
2026-07-26T19:02:57.662157,175.554,can0  002  [04]  48 6B 01 00
2026-07-26T19:02:57.662643,175.555,can0  001  [05]  00 00 00 00 40
2026-07-26T19:02:57.662721,175.555,can0  041  [04]  26 00 5A 00
2026-07-26T19:02:57.665920,175.558,can0   002  [04]  04 86 b0 10 0
2026-07-26T19:02:57.732277,175.624,can0   002  [04]  04 86 b0 10 0
2026-07-26T19:02:57.762338,175.654,can0  002  [04]  48 6B 01 00
2026-07-26T19:02:57.762720,175.655,can0  100  [03]  22 74 04
2026-07-26T19:02:57.762804,175.655,can0  070  [20]  70 30 4D 08 C7 B9 62 03 A8 DE 00 00 02 02 00 00 00 04 00 00
2026-07-26T19:02:57.762962,175.655,can0  120  [04]  CC 6A 00 00
2026-07-26T19:02:57.763215,175.655,can0  040  [04]  03 00 5A 00
2026-07-26T19:02:57.763341,175.655,can0  002  [04]  48 6B 01 00
2026-07-26T19:02:57.801693,175.694,can0   002  [04]  04 86 b0 10 0
2026-07-26T19:02:57.862629,175.755,can0  060  [32]  00 00 00 00 70 30 4D 08 1C 0F B8 10 05 00 D3 0A FF 01 00 00 00 00 00 00 01 00 00 00 00 00 00 00
2026-07-26T19:02:57.864311,175.756,can0  040  [04]  03 00 5A 00
2026-07-26T19:02:57.864494,175.757,can0  002  [04]  48 6B 01 00
2026-07-26T19:02:57.869762,175.762,can0   002  [04]  04 86 b0 10 0
2026-07-26T19:02:57.931187,175.823,can0   002  [04]  04 86 b0 10 0
2026-07-26T19:02:57.966837,175.859,can0  002  [04]  48 6B 01 00
2026-07-26T19:02:57.966949,175.859,can0  070  [20]  70 30 4D 08 C7 B9 62 03 A8 DE 00 00 02 02 00 00 00 04 00 00
2026-07-26T19:02:57.967039,175.859,can0  041  [04]  29 00 59 00
2026-07-26T19:02:57.967122,175.859,can0  002  [04]  48 6B 01 00
2026-07-26T19:02:58.000324,175.892,can0   002  [04]  04 86 b0 10 0
2026-07-26T19:02:58.062953,175.955,can0  040  [04]  04 00 5A 00
2026-07-26T19:02:58.063167,175.955,can0  002  [04]  48 6B 01 00
2026-07-26T19:02:58.065198,175.957,can0  040  [04]  04 00 5A 00
2026-07-26T19:02:58.065260,175.957,can0   002  [04]  04 86 b0 10 0
2026-07-26T19:02:58.131016,176.023,can0   002  [04]  04 86 b0 10 0
2026-07-26T19:02:58.166663,176.059,can0  070  [20]  71 30 4D 08 C7 B9 62 03 90 E2 00 00 02 02 00 00 3B 00 00 00
2026-07-26T19:02:58.166767,176.059,can0  002  [04]  48 6B 01 00
2026-07-26T19:02:58.166855,176.059,can0  070  [20]  71 30 4D 08 C7 B9 62 03 90 E2 00 00 02 02 00 00 3C 00 00 00
2026-07-26T19:02:58.166936,176.059,can0  002  [04]  48 6B 01 00
2026-07-26T19:02:58.194411,176.086,can0   002  [04]  04 86 b0 10 0
2026-07-26T19:02:58.262937,176.155,can0  070  [20]  71 30 4D 08 C7 B9 62 03 90 E2 00 00 02 02 00 00 3C 00 00 00
2026-07-26T19:02:58.263205,176.155,can0  041  [04]  2C 00 57 00
2026-07-26T19:02:58.263383,176.155,can0  002  [04]  48 6B 01 00
2026-07-26T19:02:58.266746,176.159,can0   002  [04]  04 86 b0 10 0
2026-07-26T19:02:58.330091,176.222,can0   002  [04]  04 86 b0 10 0
2026-07-26T19:02:58.362561,176.255,can0  060  [32]  00 00 00 00 00 00 00 00 00 00 00 00 00 00 00 00 00 00 00 00 00 00 00 00 00 00 00 00 00 00 00 00
2026-07-26T19:02:58.362880,176.255,can0  040  [04]  03 00 5B 00
2026-07-26T19:02:58.367028,176.259,can0  002  [04]  48 6B 01 00
2026-07-26T19:02:58.367282,176.259,can0  002  [04]  90 5F 01 00
2026-07-26T19:02:58.367725,176.260,can0  040  [04]  03 00 5B 00
2026-07-26T19:02:58.371251,176.263,can0  002  [04]  48 6B 01 00
2026-07-26T19:02:58.398363,176.290,can0   002  [04]  04 86 b0 10 0
2026-07-26T19:02:58.462320,176.354,can0   002  [04]  04 86 b0 10 0
2026-07-26T19:02:58.462786,176.355,can0  002  [04]  48 6B 01 00
2026-07-26T19:02:58.466447,176.359,can0  041  [04]  2D 00 56 00
2026-07-26T19:02:58.529648,176.422,can0   002  [04]  04 86 b0 10 0
2026-07-26T19:02:58.564176,176.456,can0  002  [04]  48 6B 01 00
2026-07-26T19:02:58.564285,176.456,can0  060  [32]  48 BE 07 05 58 82 4D 08 56 84 62 03 01 00 50 00 65 00 80 00 00 00 00 00 01 00 00 00 00 00 00 00
2026-07-26T19:02:58.564368,176.456,can0  040  [04]  02 00 5A 00
2026-07-26T19:02:58.564432,176.457,can0  002  [04]  48 6B 01 00
2026-07-26T19:02:58.598395,176.490,can0   002  [04]  04 86 b0 10 0
2026-07-26T19:02:58.662794,176.555,can0  040  [04]  02 00 5A 00
2026-07-26T19:02:58.662864,176.555,can0  002  [04]  48 6B 01 00
2026-07-26T19:02:58.667719,176.560,can0   002  [04]  04 86 b0 10 0
2026-07-26T19:02:58.731743,176.624,can0   002  [04]  04 86 b0 10 0
2026-07-26T19:02:58.762938,176.655,can0  070  [20]  71 30 4D 08 C7 B9 62 03 90 E2 00 00 02 02 00 00 3C 00 00 00
2026-07-26T19:02:58.763105,176.655,can0  002  [04]  48 6B 01 00
2026-07-26T19:02:58.763328,176.655,can0  041  [04]  2D 00 55 00
2026-07-26T19:02:58.763517,176.656,can0  002  [04]  48 6B 01 00
2026-07-26T19:02:58.800760,176.693,can0   002  [04]  04 86 b0 10 0
2026-07-26T19:02:58.862287,176.754,can0  070  [20]  71 30 4D 08 C7 B9 62 03 90 E2 00 00 02 02 00 00 3C 00 00 00
2026-07-26T19:02:58.862555,176.755,can0  040  [04]  02 00 59 00
2026-07-26T19:02:58.862778,176.755,can0  002  [04]  48 6B 01 00
2026-07-26T19:02:58.869973,176.762,can0   002  [04]  04 86 b0 10 0
2026-07-26T19:02:58.934582,176.827,can0   002  [04]  04 86 b0 10 0
2026-07-26T19:02:58.962877,176.855,can0  040  [04]  02 00 59 00
2026-07-26T19:02:58.963060,176.855,can0  002  [04]  48 6B 01 00
2026-07-26T19:02:58.963287,176.855,can0  100  [03]  23 74 04
2026-07-26T19:02:58.963523,176.856,can0  110  [02]  AF 1A
2026-07-26T19:02:58.963762,176.856,can0  120  [04]  CC 6A 00 00
2026-07-26T19:02:58.967542,176.860,can0  002  [04]  48 6B 01 00
2026-07-26T19:02:58.999766,176.892,can0   002  [04]  04 86 b0 10 0
2026-07-26T19:02:59.062116,176.954,can0  041  [04]  2D 00 55 00
2026-07-26T19:02:59.062336,176.954,can0  002  [04]  48 6B 01 00
2026-07-26T19:02:59.070904,176.963,can0   002  [04]  04 86 b0 10 0
2026-07-26T19:02:59.134663,177.027,can0   002  [04]  04 86 b0 10 0
2026-07-26T19:02:59.163691,177.056,can0  040  [04]  04 00 57 00
2026-07-26T19:02:59.163760,177.056,can0  002  [04]  48 6B 01 00
2026-07-26T19:02:59.163826,177.056,can0  070  [20]  70 30 4D 08 C4 B9 62 03 78 E6 00 00 02 02 00 00 53 05 00 00
2026-07-26T19:02:59.163959,177.056,can0  070  [20]  70 30 4D 08 C4 B9 62 03 78 E6 00 00 02 02 00 00 52 05 00 00
2026-07-26T19:02:59.164242,177.056,can0  040  [04]  04 00 57 00
2026-07-26T19:02:59.164362,177.056,can0  002  [04]  48 6B 01 00
2026-07-26T19:02:59.200441,177.093,can0   002  [04]  04 86 b0 10 0
2026-07-26T19:02:59.262780,177.155,can0  002  [04]  48 6B 01 00
2026-07-26T19:02:59.262848,177.155,can0  070  [20]  70 30 4D 08 C4 B9 62 03 78 E6 00 00 02 02 00 00 52 05 00 00
2026-07-26T19:02:59.263017,177.155,can0  041  [04]  2E 00 55 00
2026-07-26T19:02:59.268742,177.161,can0   002  [04]  04 86 b0 10 0
2026-07-26T19:02:59.339030,177.231,can0   002  [04]  04 86 b0 10 0
2026-07-26T19:02:59.362683,177.255,can0  002  [04]  48 6B 01 00
2026-07-26T19:02:59.362752,177.255,can0  060  [32]  00 00 00 00 71 30 4D 08 1C 0F B8 10 00 00 10 0E FF 01 00 00 00 00 00 00 02 00 00 00 00 00 00 00
2026-07-26T19:02:59.362862,177.255,can0  060  [32]  30 7B D6 02 1E B5 4D 08 EB 1D 64 03 00 00 E0 08 58 00 80 00 00 00 00 01 02 00 00 00 00 00 00 00
2026-07-26T19:02:59.363874,177.256,can0  002  [04]  90 5F 01 00
2026-07-26T19:02:59.364092,177.256,can0  040  [04]  05 00 57 00
2026-07-26T19:02:59.364242,177.256,can0  002  [04]  48 6B 01 00
2026-07-26T19:02:59.400733,177.293,can0   002  [04]  04 86 b0 10 0
2026-07-26T19:02:59.462450,177.355,can0  040  [04]  05 00 57 00
2026-07-26T19:02:59.462629,177.355,can0  002  [04]  48 6B 01 00
2026-07-26T19:02:59.472854,177.365,can0   002  [04]  04 86 b0 10 0
2026-07-26T19:02:59.538733,177.431,can0   002  [04]  04 86 b0 10 0
2026-07-26T19:02:59.562308,177.454,can0  002  [04]  48 6B 01 00
2026-07-26T19:02:59.562599,177.455,can0  041  [04]  2F 00 54 00
2026-07-26T19:02:59.567231,177.459,can0  002  [04]  48 6B 01 00
2026-07-26T19:02:59.609436,177.502,can0   002  [04]  04 86 b0 10 0
2026-07-26T19:02:59.662560,177.555,can0  040  [04]  05 00 5B 00
2026-07-26T19:02:59.662704,177.555,can0  002  [04]  48 6B 01 00
2026-07-26T19:02:59.662858,177.555,can0  001  [05]  00 00 00 00 40
2026-07-26T19:02:59.666492,177.559,can0  040  [04]  05 00 5B 00
2026-07-26T19:02:59.677167,177.569,can0   002  [04]  04 86 b0 10 0
2026-07-26T19:02:59.741437,177.634,can0   002  [04]  04 86 b0 10 0
2026-07-26T19:02:59.762294,177.654,can0  002  [04]  48 6B 01 00
2026-07-26T19:02:59.766066,177.658,can0  070  [20]  70 30 4D 08 C4 B9 62 03 78 E6 00 00 02 02 00 00 52 05 00 00
2026-07-26T19:02:59.803316,177.695,can0   002  [04]  04 86 b0 10 0
2026-07-26T19:02:59.862967,177.755,can0  002  [04]  48 6B 01 00
2026-07-26T19:02:59.863248,177.755,can0  041  [04]  32 00 51 00
2026-07-26T19:02:59.864404,177.756,can0  060  [32]  00 00 00 00 70 30 4D 08 19 0F B8 10 07 00 30 0A FF 01 00 00 00 00 00 00 01 00 00 00 00 00 00 00
2026-07-26T19:02:59.864456,177.757,can0  002  [04]  48 6B 01 00
2026-07-26T19:02:59.869326,177.761,can0  070  [20]  70 30 4D 08 C4 B9 62 03 78 E6 00 00 02 02 00 00 52 05 00 00
2026-07-26T19:02:59.872971,177.765,can0   002  [04]  04 86 b0 10 0
2026-07-26T19:02:59.942280,177.834,can0   002  [04]  04 86 b0 10 0
2026-07-26T19:02:59.962197,177.854,can0  040  [04]  05 00 5C 00
2026-07-26T19:02:59.962374,177.854,can0  002  [04]  48 6B 01 00
2026-07-26T19:02:59.966121,177.858,can0  040  [04]  05 00 5C 00
2026-07-26T19:03:00.009641,177.902,can0   002  [04]  04 86 b0 10 0
2026-07-26T19:03:00.062648,177.955,can0  002  [04]  48 6B 01 00
2026-07-26T19:03:00.062857,177.955,can0  002  [04]  48 6B 01 00
2026-07-26T19:03:00.063794,177.956,can0  041  [04]  35 00 52 00
2026-07-26T19:03:00.075235,177.967,can0   002  [04]  04 86 b0 10 0
2026-07-26T19:03:00.138767,178.031,can0   002  [04]  04 86 b0 10 0
2026-07-26T19:03:00.163463,178.056,can0  070  [20]  71 30 4D 08 C2 B9 62 03 00 00 00 00 03 02 00 00 3C 03 00 00
2026-07-26T19:03:00.163683,178.056,can0  002  [04]  48 6B 01 00
2026-07-26T19:03:00.163929,178.056,can0  100  [03]  24 74 04
2026-07-26T19:03:00.164104,178.056,can0  120  [04]  D6 6A 00 00
2026-07-26T19:03:00.164365,178.056,can0  070  [20]  71 30 4D 08 C2 B9 62 03 00 00 00 00 03 02 00 00 3C 03 00 00
2026-07-26T19:03:00.164601,178.057,can0  040  [04]  05 00 5E 00
2026-07-26T19:03:00.164805,178.057,can0  002  [04]  48 6B 01 00
2026-07-26T19:03:00.205662,178.098,can0   002  [04]  04 86 b0 10 0
2026-07-26T19:03:00.262414,178.154,can0  040  [04]  05 00 5E 00
2026-07-26T19:03:00.262482,178.155,can0  070  [20]  71 30 4D 08 C2 B9 62 03 00 00 00 00 03 02 00 00 3C 03 00 00
2026-07-26T19:03:00.262607,178.155,can0  002  [04]  48 6B 01 00
2026-07-26T19:03:00.275850,178.168,can0   002  [04]  04 86 b0 10 0
2026-07-26T19:03:00.343082,178.235,can0   002  [04]  04 86 b0 10 0
2026-07-26T19:03:00.363033,178.255,can0  002  [04]  48 6B 01 00
2026-07-26T19:03:00.363254,178.255,can0  002  [04]  90 5F 01 00
2026-07-26T19:03:00.365929,178.258,can0  041  [04]  35 00 50 00
2026-07-26T19:03:00.411751,178.304,can0   002  [04]  04 86 b0 10 0
2026-07-26T19:03:00.462666,178.355,can0  002  [04]  48 6B 01 00
2026-07-26T19:03:00.462956,178.355,can0  040  [04]  07 00 5B 00
2026-07-26T19:03:00.463190,178.355,can0  002  [04]  48 6B 01 00
2026-07-26T19:03:00.463400,178.355,can0  040  [04]  07 00 5B 00
2026-07-26T19:03:00.476164,178.368,can0   002  [04]  04 86 b0 10 0
2026-07-26T19:03:00.544243,178.436,can0   002  [04]  04 86 b0 10 0
2026-07-26T19:03:00.562975,178.455,can0  002  [04]  48 6B 01 00
2026-07-26T19:03:00.567385,178.459,can0  110  [02]  AF 1A
2026-07-26T19:03:00.604550,178.497,can0   002  [04]  04 86 b0 10 0
2026-07-26T19:03:00.663043,178.555,can0  002  [04]  48 6B 01 00
2026-07-26T19:03:00.663341,178.555,can0  041  [04]  36 00 4F 00
2026-07-26T19:03:00.663559,178.556,can0  002  [04]  48 6B 01 00
2026-07-26T19:03:00.674305,178.566,can0   002  [04]  04 86 b0 10 0
2026-07-26T19:03:00.736021,178.628,can0   002  [04]  04 86 b0 10 0
2026-07-26T19:03:00.762786,178.655,can0  040  [04]  0B 00 5D 00
2026-07-26T19:03:00.762977,178.655,can0  002  [04]  48 6B 01 00
2026-07-26T19:03:00.763250,178.655,can0  070  [20]  71 30 4D 08 C2 B9 62 03 00 00 00 00 03 02 00 00 3C 03 00 00
2026-07-26T19:03:00.763473,178.656,can0  040  [04]  0B 00 5D 00
2026-07-26T19:03:00.763705,178.656,can0  002  [04]  48 6B 01 00
2026-07-26T19:03:00.806131,178.698,can0   002  [04]  04 86 b0 10 0
2026-07-26T19:03:00.862741,178.755,can0  132  [00]
2026-07-26T19:03:00.862986,178.755,can0  060  [32]  38 23 D6 02 C7 BA 4D 08 46 C0 63 03 47 00 DA 0B 3B 01 80 00 00 00 00 00 02 00 00 00 00 00 00 00
2026-07-26T19:03:00.863198,178.755,can0  060  [32]  00 00 00 00 71 30 4D 08 17 0F B8 10 04 00 6F 0B FF 01 00 00 00 00 00 01 02 00 00 00 00 00 00 00
2026-07-26T19:03:00.864249,178.756,can0  002  [04]  48 6B 01 00
2026-07-26T19:03:00.864481,178.757,can0  070  [20]  71 30 4D 08 C2 B9 62 03 00 00 00 00 03 02 00 00 3C 03 00 00
2026-07-26T19:03:00.864754,178.757,can0  041  [04]  35 00 53 00
2026-07-26T19:03:00.871978,178.764,can0   002  [04]  04 86 b0 10 0
2026-07-26T19:03:00.939739,178.832,can0   002  [04]  04 86 b0 10 0
2026-07-26T19:03:00.962835,178.855,can0  002  [04]  48 6B 01 00
2026-07-26T19:03:00.963128,178.855,can0  040  [04]  0A 00 5E 00
2026-07-26T19:03:00.963343,178.855,can0  002  [04]  48 6B 01 00
2026-07-26T19:03:01.009447,178.902,can0   002  [04]  04 86 b0 10 0
2026-07-26T19:03:01.062485,178.955,can0  040  [04]  0A 00 5E 00
2026-07-26T19:03:01.062700,178.955,can0  002  [04]  48 6B 01 00
2026-07-26T19:03:01.078192,178.970,can0   002  [04]  04 86 b0 10 0
2026-07-26T19:03:01.146765,179.039,can0   002  [04]  04 86 b0 10 0
2026-07-26T19:03:01.163056,179.055,can0  070  [20]  73 30 4D 08 C2 B9 62 03 E8 03 00 00 03 02 00 00 37 01 00 00
2026-07-26T19:03:01.163271,179.055,can0  002  [04]  48 6B 01 00
2026-07-26T19:03:01.169613,179.062,can0  070  [20]  73 30 4D 08 C2 B9 62 03 E8 03 00 00 03 02 00 00 37 01 00 00
2026-07-26T19:03:01.169739,179.062,can0  041  [04]  35 00 54 00
2026-07-26T19:03:01.213751,179.106,can0   002  [04]  04 86 b0 10 0
2026-07-26T19:03:01.262763,179.155,can0  002  [04]  48 6B 01 00
2026-07-26T19:03:01.263347,179.155,can0  070  [20]  73 30 4D 08 C2 B9 62 03 E8 03 00 00 03 02 00 00 37 01 00 00
2026-07-26T19:03:01.263617,179.156,can0  040  [04]  08 00 61 00
2026-07-26T19:03:01.263738,179.156,can0  002  [04]  48 6B 01 00
2026-07-26T19:03:01.266021,179.158,can0  040  [04]  08 00 61 00
2026-07-26T19:03:01.281867,179.174,can0   002  [04]  04 86 b0 10 0
2026-07-26T19:03:01.347885,179.240,can0   002  [04]  04 86 b0 10 0
2026-07-26T19:03:01.363273,179.255,can0  002  [04]  48 6B 01 00
2026-07-26T19:03:01.363336,179.255,can0  002  [04]  90 5F 01 00
2026-07-26T19:03:01.363378,179.255,can0  100  [03]  24 74 04
2026-07-26T19:03:01.363420,179.255,can0  060  [32]  00 00 00 00 00 00 00 00 00 00 00 00 00 00 00 00 00 00 00 00 00 00 00 00 00 00 00 00 00 00 00 00
2026-07-26T19:03:01.363477,179.256,can0  120  [04]  EA 6A 00 00
2026-07-26T19:03:01.418371,179.310,can0   002  [04]  04 86 b0 10 0
2026-07-26T19:03:01.462563,179.355,can0  002  [04]  48 6B 01 00
2026-07-26T19:03:01.462789,179.355,can0  041  [04]  32 00 56 00
2026-07-26T19:03:01.462986,179.355,can0  002  [04]  48 6B 01 00
2026-07-26T19:03:01.463266,179.355,can0  060  [32]  48 BE 07 05 5B 82 4D 08 54 84 62 03 01 00 4F 00 65 00 80 00 00 00 00 00 01 00 00 00 00 00 00 00
2026-07-26T19:03:01.482431,179.375,can0   002  [04]  04 86 b0 10 0
2026-07-26T19:03:01.543785,179.436,can0   002  [04]  04 86 b0 10 0
2026-07-26T19:03:01.563100,179.455,can0  040  [04]  07 00 62 00
2026-07-26T19:03:01.563316,179.455,can0  002  [04]  48 6B 01 00
2026-07-26T19:03:01.563586,179.456,can0  040  [04]  07 00 62 00
2026-07-26T19:03:01.614184,179.506,can0   002  [04]  04 86 b0 10 0
2026-07-26T19:03:01.662657,179.555,can0  002  [04]  48 6B 01 00
2026-07-26T19:03:01.662898,179.555,can0  001  [05]  00 00 00 00 40
2026-07-26T19:03:01.663082,179.555,can0  002  [04]  48 6B 01 00
2026-07-26T19:03:01.663352,179.555,can0  041  [04]  31 00 58 00
2026-07-26T19:03:01.688510,179.581,can0   002  [04]  04 86 b0 10 0
2026-07-26T19:03:01.756315,179.648,can0   002  [04]  04 86 b0 10 0
2026-07-26T19:03:01.762196,179.654,can0  070  [20]  73 30 4D 08 C2 B9 62 03 E8 03 00 00 03 02 00 00 37 01 00 00
2026-07-26T19:03:01.762408,179.654,can0  002  [04]  48 6B 01 00
2026-07-26T19:03:01.762651,179.655,can0  040  [04]  07 00 62 00
2026-07-26T19:03:01.820830,179.713,can0   002  [04]  04 86 b0 10 0
2026-07-26T19:03:01.862838,179.755,can0  002  [04]  48 6B 01 00
2026-07-26T19:03:01.863081,179.755,can0  040  [04]  07 00 62 00
2026-07-26T19:03:01.863255,179.755,can0  002  [04]  48 6B 01 00
2026-07-26T19:03:01.885764,179.778,can0   002  [04]  04 86 b0 10 0
2026-07-26T19:03:01.954764,179.847,can0   002  [04]  04 86 b0 10 0
2026-07-26T19:03:01.962972,179.855,can0  070  [20]  73 30 4D 08 C2 B9 62 03 E8 03 00 00 03 02 00 00 37 01 00 00
2026-07-26T19:03:01.963173,179.855,can0  002  [04]  48 6B 01 00
2026-07-26T19:03:01.963442,179.856,can0  041  [04]  32 00 5B 00
2026-07-26T19:03:02.018692,179.911,can0   002  [04]  04 86 b0 10 0
2026-07-26T19:03:02.062718,179.955,can0  002  [04]  48 6B 01 00
2026-07-26T19:03:02.062944,179.955,can0  040  [04]  08 00 61 00
2026-07-26T19:03:02.063190,179.955,can0  002  [04]  48 6B 01 00
2026-07-26T19:03:02.067480,179.960,can0  040  [04]  08 00 61 00
2026-07-26T19:03:02.086906,179.979,can0   002  [04]  04 86 b0 10 0
2026-07-26T19:03:02.161114,180.053,can0   002  [04]  04 86 b0 10 0
2026-07-26T19:03:02.163317,180.055,can0  070  [20]  73 30 4D 08 C1 B9 62 03 D0 07 00 00 03 02 00 00 58 02 00 00
2026-07-26T19:03:02.163373,180.055,can0  002  [04]  48 6B 01 00
2026-07-26T19:03:02.163413,180.055,can0  110  [02]  AF 1A
2026-07-26T19:03:02.165756,180.058,can0  070  [20]  73 30 4D 08 C1 B9 62 03 D0 07 00 00 03 02 00 00 58 02 00 00
2026-07-26T19:03:02.228612,180.121,can0   002  [04]  04 86 b0 10 0
2026-07-26T19:03:02.263056,180.155,can0  002  [04]  48 6B 01 00
2026-07-26T19:03:02.263365,180.155,can0  041  [04]  35 00 5B 00
2026-07-26T19:03:02.263918,180.156,can0  070  [20]  73 30 4D 08 C1 B9 62 03 D0 07 00 00 03 02 00 00 58 02 00 00
2026-07-26T19:03:02.264128,180.156,can0  002  [04]  48 6B 01 00
2026-07-26T19:03:02.296585,180.189,can0   002  [04]  04 86 b0 10 0
2026-07-26T19:03:02.362895,180.255,can0  040  [04]  0A 00 60 00
2026-07-26T19:03:02.363094,180.255,can0  002  [04]  90 5F 01 00
2026-07-26T19:03:02.363296,180.255,can0  002  [04]  48 6B 01 00
2026-07-26T19:03:02.363550,180.256,can0  040  [04]  0A 00 60 00
2026-07-26T19:03:02.365608,180.258,can0   002  [04]  04 86 b0 10 0
2026-07-26T19:03:02.434061,180.326,can0   002  [04]  04 86 b0 10 0
2026-07-26T19:03:02.462216,180.354,can0  002  [04]  48 6B 01 00
2026-07-26T19:03:02.462467,180.355,can0  041  [04]  34 00 5B 00
2026-07-26T19:03:02.462688,180.355,can0  002  [04]  48 6B 01 00
2026-07-26T19:03:02.504270,180.396,can0   002  [04]  04 86 b0 10 0
2026-07-26T19:03:02.562922,180.455,can0  060  [32]  67 1A D6 02 35 78 4D 08 1C B9 63 03 00 00 6B 09 FF 01 00 00 00 00 00 00 04 00 00 00 00 00 00 00
2026-07-26T19:03:02.563170,180.455,can0  060  [32]  5A 47 D6 02 3F 30 4D 08 DF A5 63 03 36 00 76 05 FF 01 00 00 00 00 00 01 04 00 00 00 00 00 00 00
2026-07-26T19:03:02.563425,180.455,can0  060  [32]  00 00 00 00 73 30 4D 08 17 0F B8 10 01 00 10 0E FF 01 00 00 00 00 00 02 04 00 00 00 00 00 00 00
2026-07-26T19:03:02.563665,180.456,can0  100  [03]  24 74 04
2026-07-26T19:03:02.563829,180.456,can0  002  [04]  48 6B 01 00
2026-07-26T19:03:02.564051,180.456,can0  120  [04]  F4 6A 00 00
2026-07-26T19:03:02.564230,180.456,can0  060  [32]  00 00 00 00 00 00 00 00 00 00 00 00 00 00 00 00 00 00 00 00 00 00 00 00 00 00 00 00 00 00 00 00
2026-07-26T19:03:02.567280,180.459,can0  040  [04]  0B 00 60 00
2026-07-26T19:03:02.570789,180.463,can0   002  [04]  04 86 b0 10 0
2026-07-26T19:03:02.639858,180.532,can0   002  [04]  04 86 b0 10 0
2026-07-26T19:03:02.662449,180.555,can0  040  [04]  0B 00 60 00
2026-07-26T19:03:02.662624,180.555,can0  002  [04]  48 6B 01 00
2026-07-26T19:03:02.667341,180.559,can0  002  [04]  48 6B 01 00
2026-07-26T19:03:02.711529,180.604,can0   002  [04]  04 86 b0 10 0
2026-07-26T19:03:02.763021,180.655,can0  041  [04]  34 00 58 00
2026-07-26T19:03:02.763293,180.655,can0  070  [20]  73 30 4D 08 C1 B9 62 03 D0 07 00 00 03 02 00 00 58 02 00 00
2026-07-26T19:03:02.763469,180.656,can0  002  [04]  48 6B 01 00
2026-07-26T19:03:02.782109,180.674,can0   002  [04]  04 86 b0 10 0
2026-07-26T19:03:02.852128,180.744,can0   002  [04]  04 86 b0 10 0
2026-07-26T19:03:02.862118,180.754,can0  040  [04]  0A 00 60 00
2026-07-26T19:03:02.862288,180.754,can0  002  [04]  48 6B 01 00
2026-07-26T19:03:02.918709,180.811,can0   002  [04]  04 86 b0 10 0
2026-07-26T19:03:02.962578,180.855,can0  040  [04]  0A 00 60 00
2026-07-26T19:03:02.962718,180.855,can0  002  [04]  48 6B 01 00
2026-07-26T19:03:02.963099,180.855,can0  070  [20]  73 30 4D 08 C1 B9 62 03 D0 07 00 00 03 02 00 00 58 02 00 00
2026-07-26T19:03:02.963146,180.855,can0  002  [04]  48 6B 01 00
2026-07-26T19:03:02.986265,180.878,can0   002  [04]  04 86 b0 10 0
2026-07-26T19:03:03.056697,180.949,can0   002  [04]  04 86 b0 10 0
2026-07-26T19:03:03.062762,180.955,can0  041  [04]  35 00 55 00
2026-07-26T19:03:03.062957,180.955,can0  002  [04]  48 6B 01 00
2026-07-26T19:03:03.063277,180.955,can0  040  [04]  0B 00 5F 00
2026-07-26T19:03:03.123743,181.016,can0   002  [04]  04 86 b0 10 0
2026-07-26T19:03:03.162421,181.054,can0  002  [04]  48 6B 01 00
2026-07-26T19:03:03.162746,181.055,can0  070  [20]  75 30 4D 08 BF B9 62 03 B8 0B 00 00 03 02 00 00 53 01 00 00
2026-07-26T19:03:03.162967,181.055,can0  070  [20]  75 30 4D 08 BF B9 62 03 B8 0B 00 00 03 02 00 00 54 01 00 00
2026-07-26T19:03:03.163197,181.055,can0  040  [04]  0B 00 5F 00
2026-07-26T19:03:03.163367,181.055,can0  002  [04]  48 6B 01 00
2026-07-26T19:03:03.192140,181.084,can0   002  [04]  04 86 b0 10 0
2026-07-26T19:03:03.256501,181.149,can0   002  [04]  04 86 b0 10 0
2026-07-26T19:03:03.262736,181.155,can0  060  [32]  1B FE D5 02 83 CA 4D 08 98 6F 63 03 6E 00 81 0A 09 01 01 00 00 00 00 00 03 00 00 00 00 00 00 00
2026-07-26T19:03:03.262971,181.155,can0  060  [32]  00 00 00 00 73 30 4D 08 15 0F B8 10 03 00 75 0B FF 01 00 00 00 00 00 01 03 00 00 00 00 00 00 00
2026-07-26T19:03:03.263191,181.155,can0  060  [32]  5F AE D6 02 D0 2D 4D 08 05 A5 63 03 00 00 7C 08 FF 01 00 00 00 00 00 02 03 00 00 00 00 00 00 00
2026-07-26T19:03:03.264776,181.157,can0  070  [20]  75 30 4D 08 BF B9 62 03 B8 0B 00 00 03 02 00 00 54 01 00 00
2026-07-26T19:03:03.264942,181.157,can0  002  [04]  48 6B 01 00
2026-07-26T19:03:03.265156,181.157,can0  041  [04]  35 00 53 00
2026-07-26T19:03:03.326453,181.219,can0   002  [04]  04 86 b0 10 0
2026-07-26T19:03:03.362729,181.255,can0  002  [04]  48 6B 01 00
2026-07-26T19:03:03.362920,181.255,can0  002  [04]  90 5F 01 00
2026-07-26T19:03:03.363168,181.255,can0  040  [04]  0B 00 5F 00
2026-07-26T19:03:03.363359,181.255,can0  002  [04]  48 6B 01 00
2026-07-26T19:03:03.398182,181.290,can0   002  [04]  04 86 b0 10 0
2026-07-26T19:03:03.462452,181.355,can0  040  [04]  0B 00 5F 00
2026-07-26T19:03:03.462619,181.355,can0  002  [04]  48 6B 01 00
2026-07-26T19:03:03.466132,181.358,can0   002  [04]  04 86 b0 10 0
2026-07-26T19:03:03.531769,181.424,can0   002  [04]  04 86 b0 10 0
2026-07-26T19:03:03.566208,181.458,can0  002  [04]  48 6B 01 00
2026-07-26T19:03:03.566276,181.458,can0  041  [04]  35 00 56 00
2026-07-26T19:03:03.566319,181.458,can0  002  [04]  48 6B 01 00
2026-07-26T19:03:03.604443,181.497,can0   002  [04]  04 86 b0 10 0
2026-07-26T19:03:03.663520,181.556,can0  040  [04]  09 00 63 00
2026-07-26T19:03:03.663631,181.556,can0  002  [04]  48 6B 01 00
2026-07-26T19:03:03.663839,181.556,can0  001  [05]  00 00 00 00 40
2026-07-26T19:03:03.664011,181.556,can0  040  [04]  09 00 63 00
2026-07-26T19:03:03.672889,181.565,can0   002  [04]  04 86 b0 10 0
2026-07-26T19:03:03.741645,181.634,can0   002  [04]  04 86 b0 10 0
2026-07-26T19:03:03.766692,181.659,can0  002  [04]  48 6B 01 00
2026-07-26T19:03:03.767858,181.660,can0  070  [20]  75 30 4D 08 BF B9 62 03 B8 0B 00 00 03 02 00 00 54 01 00 00
2026-07-26T19:03:03.768167,181.660,can0  100  [03]  23 74 04
2026-07-26T19:03:03.768451,181.661,can0  110  [02]  AF 1A
2026-07-26T19:03:03.768658,181.661,can0  120  [04]  FE 6A 00 00
2026-07-26T19:03:03.768813,181.661,can0  002  [04]  48 6B 01 00
2026-07-26T19:03:03.810781,181.703,can0   002  [04]  04 86 b0 10 0
2026-07-26T19:03:03.862638,181.755,can0  041  [04]  35 00 5B 00
2026-07-26T19:03:03.862855,181.755,can0  002  [04]  48 6B 01 00
2026-07-26T19:03:03.869046,181.761,can0  070  [20]  75 30 4D 08 BF B9 62 03 B8 0B 00 00 03 02 00 00 54 01 00 00
2026-07-26T19:03:03.878962,181.771,can0   002  [04]  04 86 b0 10 0
2026-07-26T19:03:03.947886,181.840,can0   002  [04]  04 86 b0 10 0
2026-07-26T19:03:03.963144,181.855,can0  060  [32]  99 8D D6 02 F0 B5 4D 08 15 CC 63 03 45 00 D9 0B 2F 01 80 00 00 00 00 00 02 00 00 00 00 00 00 00
2026-07-26T19:03:03.963327,181.855,can0  060  [32]  6E DE D5 02 0E 6B 4D 08 42 DC 64 03 00 00 95 0C 39 00 80 00 00 00 00 01 02 00 00 00 00 00 00 00
2026-07-26T19:03:03.964709,181.857,can0  040  [04]  08 00 69 00
2026-07-26T19:03:03.964760,181.857,can0  002  [04]  48 6B 01 00
2026-07-26T19:03:03.964799,181.857,can0  040  [04]  08 00 69 00
2026-07-26T19:03:04.015881,181.908,can0   002  [04]  04 86 b0 10 0
2026-07-26T19:03:04.062944,181.955,can0  002  [04]  48 6B 01 00
2026-07-26T19:03:04.067933,181.960,can0  002  [04]  48 6B 01 00
2026-07-26T19:03:04.068013,181.960,can0  041  [04]  35 00 5C 00
2026-07-26T19:03:04.083898,181.976,can0   002  [04]  04 86 b0 10 0
2026-07-26T19:03:04.145200,182.037,can0   002  [04]  04 86 b0 10 0
2026-07-26T19:03:04.162250,182.054,can0  070  [20]  76 30 4D 08 BF B9 62 03 A0 0F 00 00 03 02 00 00 C4 04 00 00
2026-07-26T19:03:04.162728,182.055,can0  002  [04]  48 6B 01 00
2026-07-26T19:03:04.162824,182.055,can0  070  [20]  76 30 4D 08 BF B9 62 03 A0 0F 00 00 03 02 00 00 C4 04 00 00
2026-07-26T19:03:04.162904,182.055,can0  040  [04]  08 00 69 00
2026-07-26T19:03:04.162992,182.055,can0  002  [04]  48 6B 01 00
2026-07-26T19:03:04.214971,182.107,can0   002  [04]  04 86 b0 10 0
2026-07-26T19:03:04.262537,182.155,can0  040  [04]  08 00 69 00
2026-07-26T19:03:04.265274,182.157,can0  070  [20]  76 30 4D 08 BF B9 62 03 A0 0F 00 00 03 02 00 00 C4 04 00 00
2026-07-26T19:03:04.265360,182.157,can0  002  [04]  48 6B 01 00
2026-07-26T19:03:04.285724,182.178,can0   002  [04]  04 86 b0 10 0
2026-07-26T19:03:04.353998,182.246,can0   002  [04]  04 86 b0 10 0
2026-07-26T19:03:04.362761,182.255,can0  002  [04]  48 6B 01 00
2026-07-26T19:03:04.362825,182.255,can0  002  [04]  90 5F 01 00
2026-07-26T19:03:04.367141,182.259,can0  041  [04]  35 00 5D 00
2026-07-26T19:03:04.418560,182.311,can0   002  [04]  04 86 b0 10 0
2026-07-26T19:03:04.462175,182.354,can0  002  [04]  48 6B 01 00
2026-07-26T19:03:04.462447,182.355,can0  040  [04]  0A 00 65 00
2026-07-26T19:03:04.462719,182.355,can0  002  [04]  48 6B 01 00
2026-07-26T19:03:04.462966,182.355,can0  040  [04]  0A 00 65 00
2026-07-26T19:03:04.484687,182.377,can0   002  [04]  04 86 b0 10 0
2026-07-26T19:03:04.557213,182.449,can0   002  [04]  04 86 b0 10 0
2026-07-26T19:03:04.565992,182.458,can0  002  [04]  48 6B 01 00
2026-07-26T19:03:04.625110,182.517,can0   002  [04]  04 86 b0 10 0
2026-07-26T19:03:04.662885,182.555,can0  002  [04]  48 6B 01 00
2026-07-26T19:03:04.667565,182.560,can0  041  [04]  35 00 5C 00
2026-07-26T19:03:04.667646,182.560,can0  002  [04]  48 6B 01 00
2026-07-26T19:03:04.688660,182.581,can0   002  [04]  04 86 b0 10 0
2026-07-26T19:03:04.756320,182.648,can0   002  [04]  04 86 b0 10 0
2026-07-26T19:03:04.762539,182.655,can0  040  [04]  0C 00 63 00
2026-07-26T19:03:04.762700,182.655,can0  002  [04]  48 6B 01 00
2026-07-26T19:03:04.762996,182.655,can0  070  [20]  76 30 4D 08 BF B9 62 03 A0 0F 00 00 03 02 00 00 C4 04 00 00
2026-07-26T19:03:04.763069,182.655,can0  040  [04]  0C 00 63 00
2026-07-26T19:03:04.823748,182.716,can0   002  [04]  04 86 b0 10 0
2026-07-26T19:03:04.862887,182.755,can0  002  [04]  48 6B 01 00
2026-07-26T19:03:04.863456,182.756,can0  070  [20]  76 30 4D 08 BF B9 62 03 A0 0F 00 00 03 02 00 00 C4 04 00 00
2026-07-26T19:03:04.863622,182.756,can0  002  [04]  48 6B 01 00
2026-07-26T19:03:04.868801,182.761,can0  041  [04]  36 00 5D 00
2026-07-26T19:03:04.868877,182.761,can0  060  [32]  00 00 00 00 76 30 4D 08 14 0F B8 10 06 00 87 0D FF 01 00 00 00 00 00 00 02 00 00 00 00 00 00 00
2026-07-26T19:03:04.868924,182.761,can0  060  [32]  E4 1C D6 02 28 79 4D 08 F4 B7 63 03 07 00 F4 00 FF 01 00 00 00 00 00 01 02 00 00 00 00 00 00 00
2026-07-26T19:03:04.888737,182.781,can0   002  [04]  04 86 b0 10 0
2026-07-26T19:03:04.952758,182.845,can0   002  [04]  04 86 b0 10 0
2026-07-26T19:03:04.962210,182.854,can0  002  [04]  48 6B 01 00
2026-07-26T19:03:04.965324,182.857,can0  100  [03]  23 74 04
2026-07-26T19:03:04.965381,182.857,can0  120  [04]  C2 6A 00 00
2026-07-26T19:03:04.965421,182.857,can0  040  [04]  0D 00 68 00
2026-07-26T19:03:05.020214,182.912,can0   002  [04]  04 86 b0 10 0
2026-07-26T19:03:05.066458,182.959,can0  002  [04]  48 6B 01 00
2026-07-26T19:03:05.066530,182.959,can0  040  [04]  0D 00 68 00
2026-07-26T19:03:05.066572,182.959,can0  002  [04]  48 6B 01 00
2026-07-26T19:03:05.087355,182.979,can0   002  [04]  04 86 b0 10 0
2026-07-26T19:03:05.155365,183.047,can0   002  [04]  04 86 b0 10 0
2026-07-26T19:03:05.162458,183.055,can0  070  [20]  7A 30 4D 08 C2 B9 62 03 88 13 00 00 03 02 00 00 4D 06 00 00
2026-07-26T19:03:05.162576,183.055,can0  002  [04]  48 6B 01 00
2026-07-26T19:03:05.163000,183.055,can0  041  [04]  36 00 5F 00
2026-07-26T19:03:05.163049,183.055,can0  070  [20]  7A 30 4D 08 C2 B9 62 03 88 13 00 00 03 02 00 00 4D 06 00 00
2026-07-26T19:03:05.217515,183.110,can0   002  [04]  04 86 b0 10 0
2026-07-26T19:03:05.262267,183.154,can0  002  [04]  48 6B 01 00
2026-07-26T19:03:05.262749,183.155,can0  070  [20]  7A 30 4D 08 C2 B9 62 03 88 13 00 00 03 02 00 00 4D 06 00 00
2026-07-26T19:03:05.262808,183.155,can0  040  [04]  0C 00 6C 00
2026-07-26T19:03:05.263084,183.155,can0  002  [04]  48 6B 01 00
2026-07-26T19:03:05.263126,183.155,can0  040  [04]  0C 00 6C 00
2026-07-26T19:03:05.286492,183.179,can0   002  [04]  04 86 b0 10 0
2026-07-26T19:03:05.354850,183.247,can0   002  [04]  04 86 b0 10 0
2026-07-26T19:03:05.362271,183.254,can0  002  [04]  90 5F 01 00
2026-07-26T19:03:05.368040,183.260,can0  002  [04]  48 6B 01 00
2026-07-26T19:03:05.368154,183.260,can0  110  [02]  AF 1A
2026-07-26T19:03:05.421852,183.314,can0   002  [04]  04 86 b0 10 0
2026-07-26T19:03:05.463017,183.355,can0  060  [32]  00 00 00 00 00 00 00 00 00 00 00 00 00 00 00 00 00 00 00 00 00 00 00 00 00 00 00 00 00 00 00 00
2026-07-26T19:03:05.463115,183.355,can0  002  [04]  48 6B 01 00
2026-07-26T19:03:05.463198,183.355,can0  041  [04]  35 00 5E 00
2026-07-26T19:03:05.463275,183.355,can0  002  [04]  48 6B 01 00
2026-07-26T19:03:05.463358,183.355,can0  040  [04]  0C 00 6C 00
2026-07-26T19:03:05.489440,183.382,can0   002  [04]  04 86 b0 10 0
2026-07-26T19:03:05.556690,183.449,can0   002  [04]  04 86 b0 10 0
2026-07-26T19:03:05.563006,183.455,can0  002  [04]  48 6B 01 00
2026-07-26T19:03:05.565361,183.457,can0  040  [04]  0C 00 6C 00
2026-07-26T19:03:05.622527,183.515,can0   002  [04]  04 86 b0 10 0
2026-07-26T19:03:05.662738,183.555,can0  002  [04]  48 6B 01 00
2026-07-26T19:03:05.662992,183.555,can0  001  [05]  00 00 00 00 40
2026-07-26T19:03:05.663269,183.555,can0  002  [04]  48 6B 01 00
2026-07-26T19:03:05.667936,183.560,can0  041  [04]  34 00 5B 00
2026-07-26T19:03:05.692406,183.584,can0   002  [04]  04 86 b0 10 0
2026-07-26T19:03:05.757439,183.650,can0   002  [04]  04 86 b0 10 0
2026-07-26T19:03:05.764008,183.656,can0  070  [20]  7A 30 4D 08 C2 B9 62 03 88 13 00 00 03 02 00 00 4D 06 00 00
2026-07-26T19:03:05.764098,183.656,can0  002  [04]  48 6B 01 00
2026-07-26T19:03:05.764146,183.656,can0  060  [32]  53 DD D5 02 A4 B8 4D 08 F9 1E 64 03 01 00 E5 05 FF 01 00 00 00 00 00 00 01 00 00 00 00 00 00 00
2026-07-26T19:03:05.766314,183.658,can0  040  [04]  0D 00 69 00
2026-07-26T19:03:05.823627,183.716,can0   002  [04]  04 86 b0 10 0
2026-07-26T19:03:05.862864,183.755,can0  002  [04]  48 6B 01 00
2026-07-26T19:03:05.863136,183.755,can0  040  [04]  0D 00 69 00
2026-07-26T19:03:05.863376,183.755,can0  002  [04]  48 6B 01 00
2026-07-26T19:03:05.863711,183.756,can0  070  [20]  7A 30 4D 08 C2 B9 62 03 88 13 00 00 03 02 00 00 4D 06 00 00
2026-07-26T19:03:05.891934,183.784,can0   002  [04]  04 86 b0 10 0
2026-07-26T19:03:05.961898,183.854,can0   002  [04]  04 86 b0 10 0
2026-07-26T19:03:05.962739,183.855,can0  041  [04]  34 00 5B 00
2026-07-26T19:03:05.962959,183.855,can0  002  [04]  48 6B 01 00
2026-07-26T19:03:06.029440,183.922,can0   002  [04]  04 86 b0 10 0
2026-07-26T19:03:06.062473,183.955,can0  002  [04]  48 6B 01 00
2026-07-26T19:03:06.062797,183.955,can0  040  [04]  0F 00 66 00
2026-07-26T19:03:06.063048,183.955,can0  002  [04]  48 6B 01 00
2026-07-26T19:03:06.063297,183.955,can0  040  [04]  0F 00 66 00
2026-07-26T19:03:06.094127,183.986,can0   002  [04]  04 86 b0 10 0
2026-07-26T19:03:06.162022,184.054,can0   002  [04]  04 86 b0 10 0
2026-07-26T19:03:06.162653,184.055,can0  070  [20]  7A 30 4D 08 C1 B9 62 03 70 17 00 00 03 02 00 00 18 04 00 00
2026-07-26T19:03:06.162846,184.055,can0  002  [04]  48 6B 01 00
2026-07-26T19:03:06.163057,184.055,can0  100  [03]  23 74 04
2026-07-26T19:03:06.163271,184.055,can0  120  [04]  B8 6A 00 00
2026-07-26T19:03:06.163533,184.056,can0  070  [20]  7A 30 4D 08 C1 B9 62 03 70 17 00 00 03 02 00 00 18 04 00 00
2026-07-26T19:03:06.163731,184.056,can0  133  [00]
2026-07-26T19:03:06.231135,184.123,can0   002  [04]  04 86 b0 10 0
2026-07-26T19:03:06.262935,184.155,can0  041  [04]  35 00 5C 00
2026-07-26T19:03:06.263117,184.155,can0  002  [04]  48 6B 01 00
2026-07-26T19:03:06.263347,184.155,can0  070  [20]  7A 30 4D 08 C1 B9 62 03 70 17 00 00 03 02 00 00 18 04 00 00
2026-07-26T19:03:06.263541,184.156,can0  002  [04]  48 6B 01 00
2026-07-26T19:03:06.297066,184.189,can0   002  [04]  04 86 b0 10 0
2026-07-26T19:03:06.362903,184.255,can0  040  [04]  0F 00 67 00
2026-07-26T19:03:06.363390,184.255,can0  002  [04]  90 5F 01 00
2026-07-26T19:03:06.363471,184.256,can0  002  [04]  48 6B 01 00
2026-07-26T19:03:06.363536,184.256,can0  040  [04]  0F 00 67 00
2026-07-26T19:03:06.365444,184.258,can0   002  [04]  04 86 b0 10 0
2026-07-26T19:03:06.436165,184.328,can0   002  [04]  04 86 b0 10 0
2026-07-26T19:03:06.463031,184.355,can0  002  [04]  48 6B 01 00
2026-07-26T19:03:06.463303,184.355,can0  041  [04]  36 00 61 00
2026-07-26T19:03:06.463532,184.356,can0  002  [04]  48 6B 01 00
2026-07-26T19:03:06.504773,184.397,can0   002  [04]  04 86 b0 10 0
2026-07-26T19:03:06.562874,184.455,can0  002  [04]  48 6B 01 00
2026-07-26T19:03:06.563138,184.455,can0  040  [04]  0C 00 6A 00
2026-07-26T19:03:06.574697,184.467,can0   002  [04]  04 86 b0 10 0
2026-07-26T19:03:06.642872,184.535,can0   002  [04]  04 86 b0 10 0
2026-07-26T19:03:06.662483,184.555,can0  040  [04]  0C 00 6A 00
2026-07-26T19:03:06.662698,184.555,can0  002  [04]  48 6B 01 00
2026-07-26T19:03:06.662862,184.555,can0  002  [04]  48 6B 01 00
2026-07-26T19:03:06.712861,184.605,can0   002  [04]  04 86 b0 10 0
2026-07-26T19:03:06.762291,184.654,can0  041  [04]  37 00 64 00
2026-07-26T19:03:06.762521,184.655,can0  070  [20]  7A 30 4D 08 C1 B9 62 03 70 17 00 00 03 02 00 00 18 04 00 00
2026-07-26T19:03:06.765449,184.658,can0  002  [04]  48 6B 01 00
2026-07-26T19:03:06.777998,184.670,can0   002  [04]  04 86 b0 10 0
2026-07-26T19:03:06.847561,184.740,can0   002  [04]  04 86 b0 10 0
2026-07-26T19:03:06.862445,184.755,can0  040  [04]  0A 00 6D 00
2026-07-26T19:03:06.862705,184.755,can0  002  [04]  48 6B 01 00
2026-07-26T19:03:06.862970,184.755,can0  070  [20]  7A 30 4D 08 C1 B9 62 03 70 17 00 00 03 02 00 00 18 04 00 00
2026-07-26T19:03:06.867023,184.759,can0  040  [04]  0A 00 6D 00
2026-07-26T19:03:06.867137,184.759,can0  002  [04]  48 6B 01 00
2026-07-26T19:03:06.913282,184.805,can0   002  [04]  04 86 b0 10 0
2026-07-26T19:03:06.968755,184.861,can0  060  [32]  00 00 00 00 7A 30 4D 08 15 0F B8 10 05 00 BD 0D FF 01 00 00 00 00 00 00 01 00 00 00 00 00 00 00
2026-07-26T19:03:06.968895,184.861,can0  110  [02]  B1 1A
2026-07-26T19:03:06.968988,184.861,can0  002  [04]  48 6B 01 00
2026-07-26T19:03:06.980697,184.873,can0   002  [04]  04 86 b0 10 0
2026-07-26T19:03:07.050825,184.943,can0   002  [04]  04 86 b0 10 0
2026-07-26T19:03:07.063066,184.955,can0  041  [04]  37 00 63 00
2026-07-26T19:03:07.063247,184.955,can0  002  [04]  48 6B 01 00
2026-07-26T19:03:07.063457,184.956,can0  040  [04]  0C 00 6A 00
2026-07-26T19:03:07.063651,184.956,can0  002  [04]  48 6B 01 00
2026-07-26T19:03:07.118207,185.010,can0   002  [04]  04 86 b0 10 0
2026-07-26T19:03:07.163452,185.056,can0  070  [20]  7B 30 4D 08 BF B9 62 03 58 1B 00 00 03 02 00 00 F1 00 00 00
2026-07-26T19:03:07.163720,185.056,can0  070  [20]  7B 30 4D 08 BF B9 62 03 58 1B 00 00 03 02 00 00 F0 00 00 00
2026-07-26T19:03:07.163921,185.056,can0  040  [04]  0C 00 6A 00
2026-07-26T19:03:07.164163,185.056,can0  002  [04]  48 6B 01 00
2026-07-26T19:03:07.188763,185.081,can0   002  [04]  04 86 b0 10 0
2026-07-26T19:03:07.254974,185.147,can0   002  [04]  04 86 b0 10 0
2026-07-26T19:03:07.263219,185.155,can0  070  [20]  7B 30 4D 08 BF B9 62 03 58 1B 00 00 03 02 00 00 F0 00 00 00
2026-07-26T19:03:07.263313,185.155,can0  002  [04]  48 6B 01 00
2026-07-26T19:03:07.268962,185.161,can0  041  [04]  36 00 5F 00
2026-07-26T19:03:07.322708,185.215,can0   002  [04]  04 86 b0 10 0
2026-07-26T19:03:07.363124,185.255,can0  002  [04]  48 6B 01 00
2026-07-26T19:03:07.363251,185.255,can0  002  [04]  90 5F 01 00
2026-07-26T19:03:07.363691,185.256,can0  040  [04]  10 00 63 00
2026-07-26T19:03:07.363740,185.256,can0  100  [03]  22 74 04
2026-07-26T19:03:07.363903,185.256,can0  120  [04]  5E 6A 00 00
2026-07-26T19:03:07.364109,185.256,can0  002  [04]  48 6B 01 00
2026-07-26T19:03:07.391119,185.283,can0   002  [04]  04 86 b0 10 0
2026-07-26T19:03:07.459733,185.352,can0   002  [04]  04 86 b0 10 0
2026-07-26T19:03:07.462684,185.355,can0  060  [32]  00 00 00 00 00 00 00 00 00 00 00 00 00 00 00 00 00 00 00 00 00 00 00 00 00 00 00 00 00 00 00 00
2026-07-26T19:03:07.464936,185.357,can0  040  [04]  10 00 63 00
2026-07-26T19:03:07.464997,185.357,can0  002  [04]  48 6B 01 00
2026-07-26T19:03:07.524324,185.416,can0   002  [04]  04 86 b0 10 0
2026-07-26T19:03:07.562376,185.454,can0  002  [04]  48 6B 01 00
2026-07-26T19:03:07.562641,185.455,can0  041  [04]  37 00 5F 00
2026-07-26T19:03:07.566316,185.458,can0  002  [04]  48 6B 01 00
2026-07-26T19:03:07.594716,185.487,can0   002  [04]  04 86 b0 10 0
2026-07-26T19:03:07.662778,185.555,can0  040  [04]  10 00 60 00
2026-07-26T19:03:07.663012,185.555,can0  002  [04]  48 6B 01 00
2026-07-26T19:03:07.663266,185.555,can0  001  [05]  00 00 00 00 40
2026-07-26T19:03:07.663555,185.556,can0  040  [04]  10 00 60 00
2026-07-26T19:03:07.664715,185.557,can0   002  [04]  04 86 b0 10 0
2026-07-26T19:03:07.735482,185.628,can0   002  [04]  04 86 b0 10 0
2026-07-26T19:03:07.762118,185.654,can0  002  [04]  48 6B 01 00
2026-07-26T19:03:07.762395,185.654,can0  070  [20]  7B 30 4D 08 BF B9 62 03 58 1B 00 00 03 02 00 00 F0 00 00 00
2026-07-26T19:03:07.762619,185.655,can0  002  [04]  48 6B 01 00
2026-07-26T19:03:07.798813,185.691,can0   002  [04]  04 86 b0 10 0
2026-07-26T19:03:07.862369,185.754,can0  041  [04]  38 00 60 00
2026-07-26T19:03:07.862582,185.755,can0  002  [04]  48 6B 01 00
2026-07-26T19:03:07.862916,185.755,can0  070  [20]  7B 30 4D 08 BF B9 62 03 58 1B 00 00 03 02 00 00 F0 00 00 00
2026-07-26T19:03:07.862967,185.755,can0  040  [04]  0B 00 67 00
2026-07-26T19:03:07.870069,185.762,can0   002  [04]  04 86 b0 10 0
2026-07-26T19:03:07.937374,185.829,can0   002  [04]  04 86 b0 10 0
2026-07-26T19:03:07.962582,185.855,can0  002  [04]  48 6B 01 00
2026-07-26T19:03:07.962691,185.855,can0  060  [32]  00 00 00 00 00 00 00 00 00 00 00 00 00 00 00 00 00 00 00 00 00 00 00 00 00 00 00 00 00 00 00 00
2026-07-26T19:03:07.962774,185.855,can0  040  [04]  0B 00 67 00
2026-07-26T19:03:07.962827,185.855,can0  060  [32]  00 00 00 00 7B 30 4D 08 14 0F B8 10 01 00 10 0E FF 01 00 00 00 00 00 00 01 00 00 00 00 00 00 00
2026-07-26T19:03:07.963719,185.856,can0  002  [04]  48 6B 01 00
2026-07-26T19:03:08.008605,185.901,can0   002  [04]  04 86 b0 10 0
2026-07-26T19:03:08.062414,185.954,can0  002  [04]  48 6B 01 00
2026-07-26T19:03:08.066828,185.959,can0  041  [04]  37 00 60 00
2026-07-26T19:03:08.076348,185.968,can0   002  [04]  04 86 b0 10 0
2026-07-26T19:03:08.139379,186.031,can0   002  [04]  04 86 b0 10 0
2026-07-26T19:03:08.163089,186.055,can0  070  [20]  7F 30 4D 08 C4 B9 62 03 40 1F 00 00 03 02 00 00 DD 0C 00 00
2026-07-26T19:03:08.166807,186.059,can0  002  [04]  48 6B 01 00
2026-07-26T19:03:08.166913,186.059,can0  070  [20]  7F 30 4D 08 C4 B9 62 03 40 1F 00 00 03 02 00 00 DE 0C 00 00
2026-07-26T19:03:08.166985,186.059,can0  040  [04]  08 00 6C 00
2026-07-26T19:03:08.167063,186.059,can0  002  [04]  48 6B 01 00
2026-07-26T19:03:08.206741,186.099,can0   002  [04]  04 86 b0 10 0
2026-07-26T19:03:08.262583,186.155,can0  040  [04]  08 00 6C 00
2026-07-26T19:03:08.263137,186.155,can0  070  [20]  7F 30 4D 08 C4 B9 62 03 40 1F 00 00 03 02 00 00 DE 0C 00 00
2026-07-26T19:03:08.263343,186.155,can0  002  [04]  48 6B 01 00
2026-07-26T19:03:08.278981,186.171,can0   002  [04]  04 86 b0 10 0
2026-07-26T19:03:08.347677,186.240,can0   002  [04]  04 86 b0 10 0
2026-07-26T19:03:08.362525,186.255,can0  002  [04]  48 6B 01 00
2026-07-26T19:03:08.362739,186.255,can0  002  [04]  90 5F 01 00
2026-07-26T19:03:08.363040,186.255,can0  041  [04]  37 00 5F 00
2026-07-26T19:03:08.364316,186.256,can0  002  [04]  48 6B 01 00
2026-07-26T19:03:08.413533,186.306,can0   002  [04]  04 86 b0 10 0
2026-07-26T19:03:08.462164,186.354,can0  040  [04]  0A 00 69 00
2026-07-26T19:03:08.462374,186.354,can0  002  [04]  48 6B 01 00
2026-07-26T19:03:08.466353,186.358,can0  040  [04]  0A 00 69 00
2026-07-26T19:03:08.483826,186.376,can0   002  [04]  04 86 b0 10 0
2026-07-26T19:03:08.553216,186.445,can0   002  [04]  04 86 b0 10 0
2026-07-26T19:03:08.562701,186.455,can0  002  [04]  48 6B 01 00
2026-07-26T19:03:08.562923,186.455,can0  100  [03]  22 74 04
2026-07-26T19:03:08.563371,186.455,can0  110  [02]  AF 1A
2026-07-26T19:03:08.563455,186.456,can0  120  [04]  68 6A 00 00
2026-07-26T19:03:08.563615,186.456,can0  041  [04]  39 00 5B 00
2026-07-26T19:03:08.563811,186.456,can0  002  [04]  48 6B 01 00
2026-07-26T19:03:08.621913,186.514,can0   002  [04]  04 86 b0 10 0
2026-07-26T19:03:08.662989,186.555,can0  002  [04]  48 6B 01 00
2026-07-26T19:03:08.666950,186.559,can0  040  [04]  0E 00 62 00
2026-07-26T19:03:08.690427,186.583,can0   002  [04]  04 86 b0 10 0
2026-07-26T19:03:08.756434,186.649,can0   002  [04]  04 86 b0 10 0
2026-07-26T19:03:08.766189,186.658,can0  002  [04]  48 6B 01 00
2026-07-26T19:03:08.766262,186.658,can0  070  [20]  7F 30 4D 08 C4 B9 62 03 40 1F 00 00 03 02 00 00 DE 0C 00 00
2026-07-26T19:03:08.766311,186.658,can0  040  [04]  0E 00 62 00
2026-07-26T19:03:08.817788,186.710,can0   002  [04]  04 86 b0 10 0
2026-07-26T19:03:08.863028,186.755,can0  002  [04]  48 6B 01 00
2026-07-26T19:03:08.863258,186.755,can0  002  [04]  48 6B 01 00
2026-07-26T19:03:08.863558,186.756,can0  041  [04]  37 00 58 00
2026-07-26T19:03:08.863863,186.756,can0  070  [20]  7F 30 4D 08 C4 B9 62 03 40 1F 00 00 03 02 00 00 DE 0C 00 00
2026-07-26T19:03:08.886598,186.779,can0   002  [04]  04 86 b0 10 0
2026-07-26T19:03:08.947691,186.840,can0   002  [04]  04 86 b0 10 0
2026-07-26T19:03:08.963052,186.855,can0  002  [04]  48 6B 01 00
2026-07-26T19:03:08.963340,186.855,can0  060  [32]  B5 49 D6 02 1A 55 4D 08 BA AC B8 10 3B 00 B3 0B FF 01 00 00 00 00 00 00 02 00 00 00 00 00 00 00
2026-07-26T19:03:08.963541,186.856,can0  060  [32]  00 00 00 00 7F 30 4D 08 19 0F B8 10 11 00 42 01 FF 01 00 00 00 00 00 01 02 00 00 00 00 00 00 00
2026-07-26T19:03:08.969283,186.861,can0  040  [04]  11 00 60 00
2026-07-26T19:03:08.969377,186.861,can0  002  [04]  48 6B 01 00
2026-07-26T19:03:09.020467,186.913,can0   002  [04]  04 86 b0 10 0
2026-07-26T19:03:09.062488,186.955,can0  040  [04]  11 00 60 00
2026-07-26T19:03:09.062778,186.955,can0  002  [04]  48 6B 01 00
2026-07-26T19:03:09.087902,186.980,can0   002  [04]  04 86 b0 10 0
2026-07-26T19:03:09.156531,187.049,can0   002  [04]  04 86 b0 10 0
2026-07-26T19:03:09.162980,187.055,can0  070  [20]  80 30 4D 08 C4 B9 62 03 28 23 00 00 03 02 00 00 FB 02 00 00
2026-07-26T19:03:09.163251,187.055,can0  041  [04]  36 00 59 00
2026-07-26T19:03:09.163454,187.056,can0  002  [04]  48 6B 01 00
2026-07-26T19:03:09.163762,187.056,can0  070  [20]  80 30 4D 08 C4 B9 62 03 28 23 00 00 03 02 00 00 FB 02 00 00
2026-07-26T19:03:09.219858,187.112,can0   002  [04]  04 86 b0 10 0
2026-07-26T19:03:09.263679,187.156,can0  002  [04]  48 6B 01 00
2026-07-26T19:03:09.263750,187.156,can0  070  [20]  80 30 4D 08 C4 B9 62 03 28 23 00 00 03 02 00 00 FB 02 00 00
2026-07-26T19:03:09.263795,187.156,can0  040  [04]  0D 00 62 00
2026-07-26T19:03:09.263873,187.156,can0  002  [04]  48 6B 01 00
2026-07-26T19:03:09.263920,187.156,can0  040  [04]  0D 00 62 00
2026-07-26T19:03:09.290664,187.183,can0   002  [04]  04 86 b0 10 0
2026-07-26T19:03:09.358902,187.251,can0   002  [04]  04 86 b0 10 0
2026-07-26T19:03:09.362431,187.255,can0  002  [04]  90 5F 01 00
2026-07-26T19:03:09.362724,187.255,can0  002  [04]  48 6B 01 00
2026-07-26T19:03:09.366524,187.259,can0  041  [04]  34 00 59 00
2026-07-26T19:03:09.433365,187.325,can0   002  [04]  04 86 b0 10 0
2026-07-26T19:03:09.462731,187.355,can0  002  [04]  48 6B 01 00
2026-07-26T19:03:09.463167,187.355,can0  060  [32]  00 00 00 00 00 00 00 00 00 00 00 00 00 00 00 00 00 00 00 00 00 00 00 00 00 00 00 00 00 00 00 00
2026-07-26T19:03:09.463217,187.355,can0  002  [04]  48 6B 01 00
2026-07-26T19:03:09.463257,187.355,can0  040  [04]  0A 00 6B 00
2026-07-26T19:03:09.507952,187.400,can0   002  [04]  04 86 b0 10 0
2026-07-26T19:03:09.562704,187.455,can0  040  [04]  0A 00 6B 00
2026-07-26T19:03:09.562780,187.455,can0  002  [04]  48 6B 01 00
2026-07-26T19:03:09.577557,187.470,can0   002  [04]  04 86 b0 10 0
2026-07-26T19:03:09.639591,187.532,can0   002  [04]  04 86 b0 10 0
2026-07-26T19:03:09.662660,187.555,can0  002  [04]  48 6B 01 00
2026-07-26T19:03:09.667096,187.559,can0  001  [05]  00 00 00 00 40
2026-07-26T19:03:09.667172,187.559,can0  041  [04]  34 00 5B 00
2026-07-26T19:03:09.667212,187.559,can0  002  [04]  48 6B 01 00
2026-07-26T19:03:09.712861,187.605,can0   002  [04]  04 86 b0 10 0
2026-07-26T19:03:09.763341,187.655,can0  060  [32]  74 5E 11 00 0D B9 4D 08 35 C7 63 03 46 00 D3 0B 30 01 86 00 00 00 00 00 01 00 00 00 00 00 00 00
2026-07-26T19:03:09.763574,187.656,can0  070  [20]  80 30 4D 08 C4 B9 62 03 28 23 00 00 03 02 00 00 FB 02 00 00
2026-07-26T19:03:09.763814,187.656,can0  100  [03]  22 74 04
2026-07-26T19:03:09.764137,187.656,can0  120  [04]  04 6A 00 00
2026-07-26T19:03:09.764395,187.656,can0  040  [04]  0B 00 6E 00
2026-07-26T19:03:09.764560,187.657,can0  002  [04]  48 6B 01 00
2026-07-26T19:03:09.768961,187.661,can0  040  [04]  0B 00 6E 00
2026-07-26T19:03:09.779337,187.671,can0   002  [04]  04 86 b0 10 0
2026-07-26T19:03:09.845965,187.738,can0   002  [04]  04 86 b0 10 0
2026-07-26T19:03:09.862072,187.754,can0  002  [04]  48 6B 01 00
2026-07-26T19:03:09.865016,187.757,can0  070  [20]  80 30 4D 08 C4 B9 62 03 28 23 00 00 03 02 00 00 FB 02 00 00
2026-07-26T19:03:09.865083,187.757,can0  002  [04]  48 6B 01 00
2026-07-26T19:03:09.910307,187.802,can0   002  [04]  04 86 b0 10 0
2026-07-26T19:03:09.962418,187.854,can0  041  [04]  36 00 59 00
2026-07-26T19:03:09.964659,187.857,can0  002  [04]  48 6B 01 00
2026-07-26T19:03:09.980774,187.873,can0   002  [04]  04 86 b0 10 0
2026-07-26T19:03:10.044732,187.937,can0   002  [04]  04 86 b0 10 0
2026-07-26T19:03:10.062529,187.955,can0  040  [04]  0E 00 68 00
2026-07-26T19:03:10.062753,187.955,can0  002  [04]  48 6B 01 00
2026-07-26T19:03:10.063055,187.955,can0  040  [04]  0E 00 68 00
2026-07-26T19:03:10.063232,187.955,can0  002  [04]  48 6B 01 00
2026-07-26T19:03:10.112140,188.004,can0   002  [04]  04 86 b0 10 0
2026-07-26T19:03:10.162429,188.055,can0  070  [20]  7F 30 4D 08 C2 B9 62 03 10 27 00 00 03 02 00 00 14 06 00 00
2026-07-26T19:03:10.162711,188.055,can0  110  [02]  AF 1A
2026-07-26T19:03:10.163121,188.055,can0  070  [20]  7F 30 4D 08 C2 B9 62 03 10 27 00 00 03 02 00 00 14 06 00 00
2026-07-26T19:03:10.163372,188.055,can0  002  [04]  48 6B 01 00
2026-07-26T19:03:10.163613,188.056,can0  041  [04]  38 00 58 00
2026-07-26T19:03:10.175574,188.068,can0   002  [04]  04 86 b0 10 0
2026-07-26T19:03:10.240288,188.132,can0   002  [04]  04 86 b0 10 0
2026-07-26T19:03:10.262749,188.155,can0  002  [04]  48 6B 01 00
2026-07-26T19:03:10.263221,188.155,can0  070  [20]  7F 30 4D 08 C2 B9 62 03 10 27 00 00 03 02 00 00 14 06 00 00
2026-07-26T19:03:10.263269,188.155,can0  040  [04]  14 00 60 00
2026-07-26T19:03:10.263404,188.155,can0  002  [04]  48 6B 01 00
2026-07-26T19:03:10.310505,188.203,can0   002  [04]  04 86 b0 10 0
2026-07-26T19:03:10.362604,188.255,can0  002  [04]  90 5F 01 00
2026-07-26T19:03:10.362703,188.255,can0  040  [04]  14 00 60 00
2026-07-26T19:03:10.362761,188.255,can0  002  [04]  48 6B 01 00
2026-07-26T19:03:10.378385,188.270,can0   002  [04]  04 86 b0 10 0
2026-07-26T19:03:10.441953,188.334,can0   002  [04]  04 86 b0 10 0
2026-07-26T19:03:10.462044,188.354,can0  002  [04]  48 6B 01 00
2026-07-26T19:03:10.462304,188.354,can0  041  [04]  3B 00 5C 00
2026-07-26T19:03:10.462495,188.355,can0  002  [04]  48 6B 01 00
2026-07-26T19:03:10.508434,188.401,can0   002  [04]  04 86 b0 10 0
2026-07-26T19:03:10.562923,188.455,can0  002  [04]  48 6B 01 00
2026-07-26T19:03:10.563197,188.455,can0  040  [04]  18 00 5F 00
2026-07-26T19:03:10.577045,188.469,can0   002  [04]  04 86 b0 10 0
2026-07-26T19:03:10.643644,188.536,can0   002  [04]  04 86 b0 10 0
2026-07-26T19:03:10.662321,188.554,can0  040  [04]  18 00 5F 00
2026-07-26T19:03:10.662513,188.555,can0  002  [04]  48 6B 01 00
2026-07-26T19:03:10.662709,188.555,can0  002  [04]  48 6B 01 00
2026-07-26T19:03:10.662834,188.555,can0  132  [00]
2026-07-26T19:03:10.708765,188.601,can0   002  [04]  04 86 b0 10 0
2026-07-26T19:03:10.763050,188.655,can0  041  [04]  3B 00 62 00
2026-07-26T19:03:10.763636,188.656,can0  070  [20]  7F 30 4D 08 C2 B9 62 03 10 27 00 00 03 02 00 00 14 06 00 00
2026-07-26T19:03:10.763834,188.656,can0  002  [04]  48 6B 01 00
2026-07-26T19:03:10.775802,188.668,can0   002  [04]  04 86 b0 10 0
2026-07-26T19:03:10.847630,188.740,can0   002  [04]  04 86 b0 10 0
2026-07-26T19:03:10.862640,188.755,can0  002  [04]  48 6B 01 00
2026-07-26T19:03:10.862887,188.755,can0  040  [04]  16 00 63 00
2026-07-26T19:03:10.863148,188.755,can0  070  [20]  7F 30 4D 08 C2 B9 62 03 10 27 00 00 03 02 00 00 14 06 00 00
2026-07-26T19:03:10.867100,188.759,can0  040  [04]  16 00 63 00
2026-07-26T19:03:10.867166,188.759,can0  002  [04]  48 6B 01 00
2026-07-26T19:03:10.918214,188.810,can0   002  [04]  04 86 b0 10 0
2026-07-26T19:03:10.962898,188.855,can0  100  [03]  21 74 04
2026-07-26T19:03:10.963127,188.855,can0  120  [04]  AA 69 00 00
2026-07-26T19:03:10.963341,188.855,can0  002  [04]  48 6B 01 00
2026-07-26T19:03:10.963654,188.856,can0  060  [32]  00 00 00 00 7F 30 4D 08 17 0F B8 10 08 00 10 06 FF 01 00 00 00 00 00 00 02 00 00 00 00 00 00 00
2026-07-26T19:03:10.963876,188.856,can0  060  [32]  5B DD D5 02 8A B7 4D 08 A2 1E 64 03 01 00 65 07 FF 01 00 00 00 00 00 01 02 00 00 00 00 00 00 00
2026-07-26T19:03:10.968939,188.861,can0  041  [04]  3B 00 62 00
2026-07-26T19:03:10.991719,188.884,can0   002  [04]  04 86 b0 10 0
2026-07-26T19:03:11.059591,188.952,can0   002  [04]  04 86 b0 10 0
2026-07-26T19:03:11.062964,188.955,can0  002  [04]  48 6B 01 00
2026-07-26T19:03:11.063238,188.955,can0  040  [04]  13 00 6B 00
2026-07-26T19:03:11.122820,189.015,can0   002  [04]  04 86 b0 10 0
2026-07-26T19:03:11.163171,189.055,can0  002  [04]  48 6B 01 00
2026-07-26T19:03:11.163567,189.056,can0  070  [20]  84 30 4D 08 C7 B9 62 03 F8 2A 00 00 03 02 00 00 D6 0F 00 00
2026-07-26T19:03:11.163845,189.056,can0  040  [04]  13 00 6B 00
2026-07-26T19:03:11.164197,189.056,can0  070  [20]  84 30 4D 08 C7 B9 62 03 F8 2A 00 00 03 02 00 00 D7 0F 00 00
2026-07-26T19:03:11.164434,189.057,can0  002  [04]  48 6B 01 00
2026-07-26T19:03:11.192039,189.084,can0   002  [04]  04 86 b0 10 0
2026-07-26T19:03:11.258452,189.151,can0   002  [04]  04 86 b0 10 0
2026-07-26T19:03:11.262357,189.154,can0  070  [20]  84 30 4D 08 C7 B9 62 03 F8 2A 00 00 03 02 00 00 D7 0F 00 00
2026-07-26T19:03:11.262570,189.155,can0  002  [04]  48 6B 01 00
2026-07-26T19:03:11.265950,189.158,can0  041  [04]  39 00 5E 00
2026-07-26T19:03:11.326440,189.219,can0   002  [04]  04 86 b0 10 0
2026-07-26T19:03:11.362475,189.255,can0  002  [04]  48 6B 01 00
2026-07-26T19:03:11.362701,189.255,can0  002  [04]  90 5F 01 00
2026-07-26T19:03:11.362935,189.255,can0  040  [04]  11 00 6E 00
2026-07-26T19:03:11.363116,189.255,can0  002  [04]  48 6B 01 00
2026-07-26T19:03:11.363362,189.255,can0  040  [04]  11 00 6E 00
2026-07-26T19:03:11.391224,189.283,can0   002  [04]  04 86 b0 10 0
2026-07-26T19:03:11.458405,189.350,can0   002  [04]  04 86 b0 10 0
2026-07-26T19:03:11.462447,189.355,can0  002  [04]  48 6B 01 00
2026-07-26T19:03:11.462751,189.355,can0  060  [32]  00 00 00 00 00 00 00 00 00 00 00 00 00 00 00 00 00 00 00 00 00 00 00 00 00 00 00 00 00 00 00 00
2026-07-26T19:03:11.528468,189.421,can0   002  [04]  04 86 b0 10 0
2026-07-26T19:03:11.562354,189.454,can0  002  [04]  48 6B 01 00
2026-07-26T19:03:11.562617,189.455,can0  041  [04]  3B 00 59 00
2026-07-26T19:03:11.562817,189.455,can0  002  [04]  48 6B 01 00
2026-07-26T19:03:11.591600,189.484,can0   002  [04]  04 86 b0 10 0
2026-07-26T19:03:11.658252,189.550,can0   002  [04]  04 86 b0 10 0
2026-07-26T19:03:11.662188,189.554,can0  040  [04]  13 00 6A 00
2026-07-26T19:03:11.662387,189.554,can0  002  [04]  48 6B 01 00
2026-07-26T19:03:11.662596,189.555,can0  001  [05]  00 00 00 00 40
2026-07-26T19:03:11.662864,189.555,can0  040  [04]  13 00 6A 00
2026-07-26T19:03:11.723713,189.616,can0   002  [04]  04 86 b0 10 0
2026-07-26T19:03:11.762422,189.654,can0  002  [04]  48 6B 01 00
2026-07-26T19:03:11.762709,189.655,can0  070  [20]  84 30 4D 08 C7 B9 62 03 F8 2A 00 00 03 02 00 00 D7 0F 00 00
2026-07-26T19:03:11.762980,189.655,can0  110  [02]  B0 1A
2026-07-26T19:03:11.763064,189.655,can0  002  [04]  48 6B 01 00
2026-07-26T19:03:11.767717,189.660,can0  041  [04]  3D 00 57 00
2026-07-26T19:03:11.790230,189.682,can0   002  [04]  04 86 b0 10 0
2026-07-26T19:03:11.856142,189.748,can0   002  [04]  04 86 b0 10 0
2026-07-26T19:03:11.862523,189.755,can0  002  [04]  48 6B 01 00
2026-07-26T19:03:11.863105,189.755,can0  070  [20]  84 30 4D 08 C7 B9 62 03 F8 2A 00 00 03 02 00 00 D7 0F 00 00
2026-07-26T19:03:11.863443,189.756,can0  040  [04]  17 00 64 00
2026-07-26T19:03:11.863644,189.756,can0  002  [04]  48 6B 01 00
2026-07-26T19:03:11.922027,189.814,can0   002  [04]  04 86 b0 10 0
2026-07-26T19:03:11.963398,189.855,can0  040  [04]  17 00 64 00
2026-07-26T19:03:11.963465,189.856,can0  002  [04]  48 6B 01 00
2026-07-26T19:03:11.963509,189.856,can0  060  [32]  00 00 00 00 84 30 4D 08 1C 0F B8 10 15 00 D3 01 FF 01 00 00 00 00 00 00 01 00 00 00 00 00 00 00
2026-07-26T19:03:11.987598,189.880,can0   002  [04]  04 86 b0 10 0
2026-07-26T19:03:12.052683,189.945,can0   002  [04]  04 86 b0 10 0
2026-07-26T19:03:12.062557,189.955,can0  002  [04]  48 6B 01 00
2026-07-26T19:03:12.066643,189.959,can0  041  [04]  3C 00 56 00
2026-07-26T19:03:12.066737,189.959,can0  002  [04]  48 6B 01 00
2026-07-26T19:03:12.122775,190.015,can0   002  [04]  04 86 b0 10 0
2026-07-26T19:03:12.162922,190.055,can0  070  [20]  85 30 4D 08 C7 B9 62 03 E0 2E 00 00 03 02 00 00 5D 03 00 00
2026-07-26T19:03:12.163196,190.055,can0  100  [03]  1F 74 04
2026-07-26T19:03:12.163604,190.056,can0  120  [04]  D2 69 00 00
2026-07-26T19:03:12.163649,190.056,can0  040  [04]  18 00 62 00
2026-07-26T19:03:12.163799,190.056,can0  002  [04]  48 6B 01 00
2026-07-26T19:03:12.168288,190.060,can0  070  [20]  85 30 4D 08 C7 B9 62 03 E0 2E 00 00 03 02 00 00 5D 03 00 00
2026-07-26T19:03:12.191097,190.083,can0   002  [04]  04 86 b0 10 0
2026-07-26T19:03:12.259246,190.151,can0   002  [04]  04 86 b0 10 0
2026-07-26T19:03:12.263348,190.155,can0  040  [04]  18 00 62 00
2026-07-26T19:03:12.263410,190.155,can0  002  [04]  48 6B 01 00
2026-07-26T19:03:12.263451,190.156,can0  070  [20]  85 30 4D 08 C7 B9 62 03 E0 2E 00 00 03 02 00 00 5D 03 00 00
2026-07-26T19:03:12.324078,190.216,can0   002  [04]  04 86 b0 10 0
2026-07-26T19:03:12.362949,190.255,can0  002  [04]  48 6B 01 00
2026-07-26T19:03:12.363217,190.255,can0  041  [04]  3C 00 53 00
2026-07-26T19:03:12.363417,190.255,can0  002  [04]  90 5F 01 00
2026-07-26T19:03:12.363626,190.256,can0  002  [04]  48 6B 01 00
2026-07-26T19:03:12.391078,190.283,can0   002  [04]  04 86 b0 10 0
2026-07-26T19:03:12.453724,190.346,can0   002  [04]  04 86 b0 10 0
2026-07-26T19:03:12.466605,190.359,can0  040  [04]  12 00 65 00
2026-07-26T19:03:12.466718,190.359,can0  002  [04]  48 6B 01 00
2026-07-26T19:03:12.466808,190.359,can0  040  [04]  12 00 65 00
2026-07-26T19:03:12.466887,190.359,can0  002  [04]  48 6B 01 00
2026-07-26T19:03:12.521385,190.413,can0   002  [04]  04 86 b0 10 0
2026-07-26T19:03:12.562021,190.454,can0  002  [04]  48 6B 01 00
2026-07-26T19:03:12.562302,190.454,can0  041  [04]  3B 00 56 00
2026-07-26T19:03:12.585969,190.478,can0   002  [04]  04 86 b0 10 0
2026-07-26T19:03:12.654145,190.546,can0   002  [04]  04 86 b0 10 0
2026-07-26T19:03:12.662773,190.555,can0  002  [04]  48 6B 01 00
2026-07-26T19:03:12.663039,190.555,can0  040  [04]  10 00 6A 00
2026-07-26T19:03:12.663252,190.555,can0  002  [04]  48 6B 01 00
2026-07-26T19:03:12.718982,190.611,can0   002  [04]  04 86 b0 10 0
2026-07-26T19:03:12.762159,190.654,can0  040  [04]  10 00 6A 00
2026-07-26T19:03:12.762381,190.654,can0  070  [20]  85 30 4D 08 C7 B9 62 03 E0 2E 00 00 03 02 00 00 5D 03 00 00
2026-07-26T19:03:12.762558,190.655,can0  002  [04]  48 6B 01 00
2026-07-26T19:03:12.789191,190.681,can0   002  [04]  04 86 b0 10 0
2026-07-26T19:03:12.851685,190.744,can0   002  [04]  04 86 b0 10 0
2026-07-26T19:03:12.862757,190.755,can0  002  [04]  48 6B 01 00
2026-07-26T19:03:12.863049,190.755,can0  041  [04]  3B 00 5A 00
2026-07-26T19:03:12.863640,190.756,can0  070  [20]  85 30 4D 08 C7 B9 62 03 E0 2E 00 00 03 02 00 00 5D 03 00 00
2026-07-26T19:03:12.866763,190.759,can0  002  [04]  48 6B 01 00
2026-07-26T19:03:12.921483,190.814,can0   002  [04]  04 86 b0 10 0
2026-07-26T19:03:12.962181,190.854,can0  040  [04]  10 00 69 00
2026-07-26T19:03:12.966487,190.859,can0  002  [04]  48 6B 01 00
2026-07-26T19:03:12.966568,190.859,can0  040  [04]  10 00 69 00
2026-07-26T19:03:12.989467,190.882,can0   002  [04]  04 86 b0 10 0
2026-07-26T19:03:13.057259,190.949,can0   002  [04]  04 86 b0 10 0
2026-07-26T19:03:13.062456,190.955,can0  060  [32]  48 4B 53 0F 6B 44 4D 08 9D BF 62 03 01 00 1A 06 39 00 80 00 00 00 00 00 03 00 00 00 00 00 00 00
2026-07-26T19:03:13.062741,190.955,can0  060  [32]  6E DE D5 02 08 6B 4D 08 3D DC 64 03 00 00 95 0C 39 00 80 00 00 00 00 01 03 00 00 00 00 00 00 00
2026-07-26T19:03:13.064119,190.956,can0  060  [32]  00 00 00 00 85 30 4D 08 1C 0F B8 10 04 00 1A 02 FF 01 00 00 00 00 00 02 03 00 00 00 00 00 00 00
2026-07-26T19:03:13.066974,190.959,can0  002  [04]  48 6B 01 00
2026-07-26T19:03:13.067037,190.959,can0  002  [04]  48 6B 01 00
2026-07-26T19:03:13.122438,191.015,can0   002  [04]  04 86 b0 10 0
2026-07-26T19:03:13.162853,191.055,can0  041  [04]  3B 00 5D 00
2026-07-26T19:03:13.163111,191.055,can0  070  [20]  87 30 4D 08 C9 B9 62 03 C8 32 00 00 03 02 00 00 20 03 00 00
2026-07-26T19:03:13.163365,191.055,can0  070  [20]  87 30 4D 08 C9 B9 62 03 C8 32 00 00 03 02 00 00 20 03 00 00
2026-07-26T19:03:13.163579,191.056,can0  002  [04]  48 6B 01 00
2026-07-26T19:03:13.163787,191.056,can0  040  [04]  12 00 68 00
2026-07-26T19:03:13.185311,191.077,can0   002  [04]  04 86 b0 10 0
2026-07-26T19:03:13.254544,191.147,can0   002  [04]  04 86 b0 10 0
2026-07-26T19:03:13.262964,191.155,can0  070  [20]  87 30 4D 08 C9 B9 62 03 C8 32 00 00 03 02 00 00 20 03 00 00
2026-07-26T19:03:13.263025,191.155,can0  002  [04]  48 6B 01 00
2026-07-26T19:03:13.266909,191.159,can0  040  [04]  12 00 68 00
2026-07-26T19:03:13.267004,191.159,can0  002  [04]  48 6B 01 00
2026-07-26T19:03:13.318631,191.211,can0   002  [04]  04 86 b0 10 0
2026-07-26T19:03:13.362749,191.255,can0  002  [04]  90 5F 01 00
2026-07-26T19:03:13.362972,191.255,can0  100  [03]  1F 74 04
2026-07-26T19:03:13.367378,191.259,can0  110  [02]  AF 1A
2026-07-26T19:03:13.367606,191.260,can0  120  [04]  B4 69 00 00
2026-07-26T19:03:13.367825,191.260,can0  002  [04]  48 6B 01 00
2026-07-26T19:03:13.368048,191.260,can0  041  [04]  3B 00 5C 00
2026-07-26T19:03:13.384496,191.277,can0   002  [04]  04 86 b0 10 0
2026-07-26T19:03:13.448601,191.341,can0   002  [04]  04 86 b0 10 0
2026-07-26T19:03:13.462376,191.354,can0  002  [04]  48 6B 01 00
2026-07-26T19:03:13.462645,191.355,can0  040  [04]  15 00 67 00
2026-07-26T19:03:13.465582,191.358,can0  002  [04]  48 6B 01 00
2026-07-26T19:03:13.517012,191.409,can0   002  [04]  04 86 b0 10 0
2026-07-26T19:03:13.562708,191.455,can0  040  [04]  15 00 67 00
2026-07-26T19:03:13.562776,191.455,can0  002  [04]  48 6B 01 00
2026-07-26T19:03:13.584138,191.476,can0   002  [04]  04 86 b0 10 0
2026-07-26T19:03:13.646963,191.539,can0   002  [04]  04 86 b0 10 0
2026-07-26T19:03:13.662473,191.555,can0  002  [04]  48 6B 01 00
2026-07-26T19:03:13.662771,191.555,can0  001  [05]  00 00 00 00 40
2026-07-26T19:03:13.663026,191.555,can0  041  [04]  3B 00 5D 00
2026-07-26T19:03:13.663224,191.555,can0  002  [04]  48 6B 01 00
2026-07-26T19:03:13.712067,191.604,can0   002  [04]  04 86 b0 10 0
2026-07-26T19:03:13.762974,191.655,can0  070  [20]  87 30 4D 08 C9 B9 62 03 C8 32 00 00 03 02 00 00 20 03 00 00
2026-07-26T19:03:13.763044,191.655,can0  040  [04]  15 00 6A 00
2026-07-26T19:03:13.763090,191.655,can0  002  [04]  48 6B 01 00
2026-07-26T19:03:13.763234,191.655,can0  040  [04]  15 00 6A 00
2026-07-26T19:03:13.782586,191.675,can0   002  [04]  04 86 b0 10 0
2026-07-26T19:03:13.848593,191.741,can0   002  [04]  04 86 b0 10 0
2026-07-26T19:03:13.862450,191.755,can0  060  [32]  99 8D D6 02 8D B6 4D 08 97 CA 63 03 46 00 E0 0B 2F 01 80 00 00 00 00 00 02 00 00 00 00 00 00 00
2026-07-26T19:03:13.862549,191.755,can0  060  [32]  06 19 D6 02 E9 D0 4D 08 B4 70 63 03 4B 00 05 0B 1D 01 FF 00 00 00 00 01 02 00 00 00 00 00 00 00
2026-07-26T19:03:13.864240,191.756,can0  002  [04]  48 6B 01 00
2026-07-26T19:03:13.864526,191.757,can0  070  [20]  87 30 4D 08 C9 B9 62 03 C8 32 00 00 03 02 00 00 20 03 00 00
2026-07-26T19:03:13.864722,191.757,can0  002  [04]  48 6B 01 00
2026-07-26T19:03:13.911753,191.804,can0   002  [04]  04 86 b0 10 0
2026-07-26T19:03:13.962579,191.855,can0  041  [04]  3B 00 5A 00
2026-07-26T19:03:13.962742,191.855,can0  002  [04]  48 6B 01 00
2026-07-26T19:03:13.982824,191.875,can0   002  [04]  04 86 b0 10 0
2026-07-26T19:03:14.046753,191.939,can0   002  [04]  04 86 b0 10 0
2026-07-26T19:03:14.063098,191.955,can0  040  [04]  11 00 71 00
2026-07-26T19:03:14.063277,191.955,can0  002  [04]  48 6B 01 00
2026-07-26T19:03:14.063604,191.956,can0  040  [04]  11 00 71 00
2026-07-26T19:03:14.067444,191.960,can0  002  [04]  48 6B 01 00
2026-07-26T19:03:14.116065,192.008,can0   002  [04]  04 86 b0 10 0
2026-07-26T19:03:14.163160,192.055,can0  070  [20]  8A 30 4D 08 CC B9 62 03 B0 36 00 00 03 02 00 00 1E 09 00 00
2026-07-26T19:03:14.163413,192.055,can0  070  [20]  8A 30 4D 08 CC B9 62 03 B0 36 00 00 03 02 00 00 1E 09 00 00
2026-07-26T19:03:14.163638,192.056,can0  002  [04]  48 6B 01 00
2026-07-26T19:03:14.163933,192.056,can0  041  [04]  3A 00 5C 00
2026-07-26T19:03:14.180933,192.073,can0   002  [04]  04 86 b0 10 0
2026-07-26T19:03:14.247406,192.139,can0   002  [04]  04 86 b0 10 0
2026-07-26T19:03:14.262639,192.155,can0  002  [04]  48 6B 01 00
2026-07-26T19:03:14.262966,192.155,can0  070  [20]  8A 30 4D 08 CC B9 62 03 B0 36 00 00 03 02 00 00 1E 09 00 00
2026-07-26T19:03:14.263304,192.155,can0  040  [04]  0F 00 74 00
2026-07-26T19:03:14.265689,192.158,can0  002  [04]  48 6B 01 00
2026-07-26T19:03:14.309175,192.201,can0   002  [04]  04 86 b0 10 0
2026-07-26T19:03:14.362466,192.255,can0  040  [04]  0F 00 74 00
2026-07-26T19:03:14.362664,192.255,can0  002  [04]  90 5F 01 00
2026-07-26T19:03:14.362830,192.255,can0  002  [04]  48 6B 01 00
2026-07-26T19:03:14.375980,192.268,can0   002  [04]  04 86 b0 10 0
2026-07-26T19:03:14.442113,192.334,can0   002  [04]  04 86 b0 10 0
2026-07-26T19:03:14.462769,192.355,can0  002  [04]  48 6B 01 00
2026-07-26T19:03:14.463088,192.355,can0  041  [04]  3A 00 5C 00
2026-07-26T19:03:14.463138,192.355,can0  002  [04]  48 6B 01 00
2026-07-26T19:03:14.510517,192.403,can0   002  [04]  04 86 b0 10 0
2026-07-26T19:03:14.562720,192.455,can0  040  [04]  0F 00 75 00
2026-07-26T19:03:14.562816,192.455,can0  100  [03]  1F 74 04
2026-07-26T19:03:14.562899,192.455,can0  120  [04]  AA 69 00 00
2026-07-26T19:03:14.565595,192.458,can0  002  [04]  48 6B 01 00
2026-07-26T19:03:14.578773,192.471,can0   002  [04]  04 86 b0 10 0
2026-07-26T19:03:14.645962,192.538,can0   002  [04]  04 86 b0 10 0
2026-07-26T19:03:14.662150,192.554,can0  040  [04]  0F 00 75 00
2026-07-26T19:03:14.662285,192.554,can0  002  [04]  48 6B 01 00
2026-07-26T19:03:14.662457,192.555,can0  002  [04]  48 6B 01 00
2026-07-26T19:03:14.710204,192.602,can0   002  [04]  04 86 b0 10 0
2026-07-26T19:03:14.762999,192.655,can0  041  [04]  3A 00 5A 00
2026-07-26T19:03:14.763306,192.655,can0  070  [20]  8A 30 4D 08 CC B9 62 03 B0 36 00 00 03 02 00 00 1E 09 00 00
2026-07-26T19:03:14.763469,192.656,can0  002  [04]  48 6B 01 00
2026-07-26T19:03:14.763813,192.656,can0  040  [04]  0F 00 75 00
2026-07-26T19:03:14.778860,192.671,can0   002  [04]  04 86 b0 10 0
2026-07-26T19:03:14.850059,192.742,can0   002  [04]  04 86 b0 10 0
2026-07-26T19:03:14.862844,192.755,can0  002  [04]  48 6B 01 00
2026-07-26T19:03:14.863126,192.755,can0  070  [20]  8A 30 4D 08 CC B9 62 03 B0 36 00 00 03 02 00 00 1E 09 00 00
2026-07-26T19:03:14.863423,192.755,can0  040  [04]  0F 00 75 00
2026-07-26T19:03:14.863607,192.756,can0  002  [04]  48 6B 01 00
2026-07-26T19:03:14.918153,192.810,can0   002  [04]  04 86 b0 10 0
2026-07-26T19:03:14.963447,192.856,can0  060  [32]  93 01 D6 02 53 B6 4D 08 D1 1E 64 03 00 00 5D 09 66 01 80 00 00 00 00 00 04 00 00 00 00 00 00 00
2026-07-26T19:03:14.963539,192.856,can0  060  [32]  00 00 00 00 87 30 4D 08 1E 0F B8 10 04 00 45 02 FF 01 00 00 00 00 00 01 04 00 00 00 00 00 00 00
2026-07-26T19:03:14.963618,192.856,can0  060  [32]  5F AE D6 02 D0 2D 4D 08 0A A5 63 03 00 00 7C 08 FF 01 00 00 00 00 00 02 04 00 00 00 00 00 00 00
2026-07-26T19:03:14.963809,192.856,can0  060  [32]  00 00 00 00 00 00 00 00 00 00 00 00 00 00 00 00 00 00 00 00 00 00 00 00 00 00 00 00 00 00 00 00
2026-07-26T19:03:14.964149,192.856,can0  110  [02]  AE 1A
2026-07-26T19:03:14.964221,192.856,can0  002  [04]  48 6B 01 00
2026-07-26T19:03:14.964426,192.856,can0  041  [04]  39 00 5C 00
2026-07-26T19:03:14.978393,192.870,can0   002  [04]  04 86 b0 10 0
2026-07-26T19:03:15.046712,192.939,can0   002  [04]  04 86 b0 10 0
2026-07-26T19:03:15.062349,192.954,can0  002  [04]  48 6B 01 00
2026-07-26T19:03:15.062636,192.955,can0  040  [04]  0E 00 74 00
2026-07-26T19:03:15.062848,192.955,can0  002  [04]  48 6B 01 00
2026-07-26T19:03:15.114023,193.006,can0   002  [04]  04 86 b0 10 0
2026-07-26T19:03:15.163466,193.056,can0  070  [20]  8E 30 4D 08 D1 B9 62 03 98 3A 00 00 03 02 00 00 7A 05 00 00
2026-07-26T19:03:15.163881,193.056,can0  040  [04]  0E 00 74 00
2026-07-26T19:03:15.164265,193.056,can0  070  [20]  8E 30 4D 08 D1 B9 62 03 98 3A 00 00 03 02 00 00 7A 05 00 00
2026-07-26T19:03:15.164483,193.057,can0  002  [04]  48 6B 01 00
2026-07-26T19:03:15.181743,193.074,can0   002  [04]  04 86 b0 10 0
2026-07-26T19:03:15.247505,193.140,can0   002  [04]  04 86 b0 10 0
2026-07-26T19:03:15.262839,193.155,can0  070  [20]  8E 30 4D 08 D1 B9 62 03 98 3A 00 00 03 02 00 00 7A 05 00 00
2026-07-26T19:03:15.263076,193.155,can0  002  [04]  48 6B 01 00
2026-07-26T19:03:15.263410,193.155,can0  041  [04]  3A 00 62 00
2026-07-26T19:03:15.263620,193.156,can0  002  [04]  48 6B 01 00
2026-07-26T19:03:15.311978,193.204,can0   002  [04]  04 86 b0 10 0
2026-07-26T19:03:15.375573,193.268,can0   002  [04]  04 86 b0 10 0
2026-07-26T19:03:15.412387,193.304,can0  002  [04]  90 5F 01 00
2026-07-26T19:03:15.412714,193.305,can0  040  [04]  0D 00 74 00
2026-07-26T19:03:15.412896,193.305,can0  002  [04]  48 6B 01 00
2026-07-26T19:03:15.413109,193.305,can0  040  [04]  0D 00 74 00
2026-07-26T19:03:15.441814,193.334,can0   002  [04]  04 86 b0 10 0
2026-07-26T19:03:15.508542,193.401,can0   002  [04]  04 86 b0 10 0
2026-07-26T19:03:15.512580,193.405,can0  002  [04]  48 6B 01 00
2026-07-26T19:03:15.512794,193.405,can0  002  [04]  48 6B 01 00
2026-07-26T19:03:15.578261,193.470,can0   002  [04]  04 86 b0 10 0
2026-07-26T19:03:15.616406,193.508,can0  041  [04]  3A 00 61 00
2026-07-26T19:03:15.616485,193.509,can0  002  [04]  48 6B 01 00
2026-07-26T19:03:15.642499,193.535,can0   002  [04]  04 86 b0 10 0
2026-07-26T19:03:15.708702,193.601,can0   002  [04]  04 86 b0 10 0
2026-07-26T19:03:15.712752,193.605,can0  040  [04]  0C 00 71 00
2026-07-26T19:03:15.712932,193.605,can0  002  [04]  48 6B 01 00
2026-07-26T19:03:15.717989,193.610,can0  001  [05]  00 00 00 00 40
2026-07-26T19:03:15.718060,193.610,can0  040  [04]  0C 00 71 00
2026-07-26T19:03:15.718101,193.610,can0  002  [04]  48 6B 01 00
2026-07-26T19:03:15.776756,193.669,can0   002  [04]  04 86 b0 10 0
2026-07-26T19:03:15.812433,193.705,can0  070  [20]  8E 30 4D 08 D1 B9 62 03 98 3A 00 00 03 02 00 00 7A 05 00 00
2026-07-26T19:03:15.812773,193.705,can0  100  [03]  20 74 04
2026-07-26T19:03:15.812976,193.705,can0  120  [04]  B4 69 00 00
2026-07-26T19:03:15.813163,193.705,can0  002  [04]  48 6B 01 00
2026-07-26T19:03:15.813411,193.705,can0  041  [04]  3B 00 5E 00
2026-07-26T19:03:15.846029,193.738,can0   002  [04]  04 86 b0 10 0
2026-07-26T19:03:15.910973,193.803,can0   002  [04]  04 86 b0 10 0
2026-07-26T19:03:15.913127,193.805,can0  002  [04]  48 6B 01 00
2026-07-26T19:03:15.913205,193.805,can0  070  [20]  8E 30 4D 08 D1 B9 62 03 98 3A 00 00 03 02 00 00 7A 05 00 00
2026-07-26T19:03:15.913254,193.805,can0  040  [04]  0B 00 6F 00
2026-07-26T19:03:15.913391,193.805,can0  002  [04]  48 6B 01 00
2026-07-26T19:03:15.980133,193.872,can0   002  [04]  04 86 b0 10 0
2026-07-26T19:03:16.017239,193.909,can0  040  [04]  0B 00 6F 00
2026-07-26T19:03:16.017314,193.909,can0  002  [04]  48 6B 01 00
2026-07-26T19:03:16.017358,193.909,can0  060  [32]  00 00 00 00 8A 30 4D 08 21 0F B8 10 0C 00 2C 01 FF 01 00 00 00 00 00 00 02 00 00 00 00 00 00 00
2026-07-26T19:03:16.017409,193.909,can0  060  [32]  53 DD D5 02 A6 B8 4D 08 F7 1E 64 03 01 00 98 05 FF 01 00 00 00 00 00 01 02 00 00 00 00 00 00 00
2026-07-26T19:03:16.043813,193.936,can0   002  [04]  04 86 b0 10 0
2026-07-26T19:03:16.112696,194.005,can0  002  [04]  48 6B 01 00
2026-07-26T19:03:16.112815,194.005,can0   002  [04]  04 86 b0 10 0
2026-07-26T19:03:16.113008,194.005,can0  041  [04]  39 00 5C 00
2026-07-26T19:03:16.113196,194.005,can0  133  [00]
2026-07-26T19:03:16.113424,194.005,can0  002  [04]  48 6B 01 00
2026-07-26T19:03:16.113753,194.006,can0  070  [20]  91 30 4D 08 D5 B9 62 03 80 3E 00 00 03 02 00 00 87 05 00 00
2026-07-26T19:03:16.181720,194.074,can0   002  [04]  04 86 b0 10 0
2026-07-26T19:03:16.213277,194.105,can0  040  [04]  08 00 70 00
2026-07-26T19:03:16.213347,194.105,can0  070  [20]  91 30 4D 08 D5 B9 62 03 80 3E 00 00 03 02 00 00 87 05 00 00
2026-07-26T19:03:16.213391,194.105,can0  002  [04]  48 6B 01 00
2026-07-26T19:03:16.217111,194.109,can0  040  [04]  08 00 70 00
2026-07-26T19:03:16.246848,194.139,can0   002  [04]  04 86 b0 10 0
2026-07-26T19:03:16.307514,194.200,can0   002  [04]  04 86 b0 10 0
2026-07-26T19:03:16.312610,194.205,can0  002  [04]  48 6B 01 00
2026-07-26T19:03:16.312934,194.205,can0  070  [20]  91 30 4D 08 D5 B9 62 03 80 3E 00 00 03 02 00 00 87 05 00 00
2026-07-26T19:03:16.318894,194.211,can0  002  [04]  48 6B 01 00
2026-07-26T19:03:16.378107,194.270,can0   002  [04]  04 86 b0 10 0
2026-07-26T19:03:16.413145,194.305,can0  041  [04]  37 00 5C 00
2026-07-26T19:03:16.413314,194.305,can0  002  [04]  90 5F 01 00
2026-07-26T19:03:16.417263,194.309,can0  002  [04]  48 6B 01 00
2026-07-26T19:03:16.445086,194.337,can0   002  [04]  04 86 b0 10 0
2026-07-26T19:03:16.512444,194.405,can0  040  [04]  07 00 6D 00
2026-07-26T19:03:16.512573,194.405,can0   002  [04]  04 86 b0 10 0
2026-07-26T19:03:16.512724,194.405,can0  002  [04]  48 6B 01 00
2026-07-26T19:03:16.512949,194.405,can0  040  [04]  07 00 6D 00
2026-07-26T19:03:16.513115,194.405,can0  002  [04]  48 6B 01 00
2026-07-26T19:03:16.578328,194.470,can0   002  [04]  04 86 b0 10 0
2026-07-26T19:03:16.612993,194.505,can0  110  [02]  AF 1A
2026-07-26T19:03:16.613189,194.505,can0  002  [04]  48 6B 01 00
2026-07-26T19:03:16.613441,194.506,can0  041  [04]  34 00 5E 00
2026-07-26T19:03:16.647738,194.540,can0   002  [04]  04 86 b0 10 0
2026-07-26T19:03:16.711095,194.603,can0   002  [04]  04 86 b0 10 0
2026-07-26T19:03:16.713018,194.605,can0  002  [04]  48 6B 01 00
2026-07-26T19:03:16.713073,194.605,can0  040  [04]  07 00 6B 00
2026-07-26T19:03:16.716580,194.609,can0  002  [04]  48 6B 01 00
2026-07-26T19:03:16.778363,194.670,can0   002  [04]  04 86 b0 10 0
2026-07-26T19:03:16.812767,194.705,can0  040  [04]  07 00 6B 00
2026-07-26T19:03:16.813036,194.705,can0  070  [20]  91 30 4D 08 D5 B9 62 03 80 3E 00 00 03 02 00 00 87 05 00 00
2026-07-26T19:03:16.813243,194.705,can0  002  [04]  48 6B 01 00
2026-07-26T19:03:16.841945,194.734,can0   002  [04]  04 86 b0 10 0
2026-07-26T19:03:16.912398,194.804,can0  002  [04]  48 6B 01 00
2026-07-26T19:03:16.912490,194.805,can0   002  [04]  04 86 b0 10 0
2026-07-26T19:03:16.912818,194.805,can0  041  [04]  33 00 5E 00
2026-07-26T19:03:16.913115,194.805,can0  070  [20]  91 30 4D 08 D5 B9 62 03 80 3E 00 00 03 02 00 00 87 05 00 00
2026-07-26T19:03:16.913282,194.805,can0  002  [04]  48 6B 01 00
2026-07-26T19:03:16.976665,194.869,can0   002  [04]  04 86 b0 10 0
2026-07-26T19:03:17.012755,194.905,can0  040  [04]  06 00 6F 00
2026-07-26T19:03:17.013303,194.905,can0  100  [03]  1F 74 04
2026-07-26T19:03:17.013377,194.905,can0  120  [04]  BE 69 00 00
2026-07-26T19:03:17.013425,194.905,can0  002  [04]  48 6B 01 00
2026-07-26T19:03:17.013464,194.906,can0  040  [04]  06 00 6F 00
2026-07-26T19:03:17.046024,194.938,can0   002  [04]  04 86 b0 10 0
2026-07-26T19:03:17.109534,195.002,can0   002  [04]  04 86 b0 10 0
2026-07-26T19:03:17.113025,195.005,can0  002  [04]  48 6B 01 00
2026-07-26T19:03:17.113237,195.005,can0  060  [32]  00 00 00 00 91 30 4D 08 29 0F B8 10 07 00 C2 01 FF 01 00 00 00 00 00 00 01 00 00 00 00 00 00 00
2026-07-26T19:03:17.114790,195.007,can0  002  [04]  48 6B 01 00
2026-07-26T19:03:17.178031,195.070,can0   002  [04]  04 86 b0 10 0
2026-07-26T19:03:17.212724,195.105,can0  041  [04]  32 00 5C 00
2026-07-26T19:03:17.213248,195.105,can0  070  [20]  94 30 4D 08 DB B9 62 03 68 42 00 00 03 02 00 00 BB 09 00 00
2026-07-26T19:03:17.213470,195.106,can0  070  [20]  94 30 4D 08 DB B9 62 03 68 42 00 00 03 02 00 00 BA 09 00 00
2026-07-26T19:03:17.213680,195.106,can0  002  [04]  48 6B 01 00
2026-07-26T19:03:17.213957,195.106,can0  040  [04]  04 00 71 00
2026-07-26T19:03:17.243147,195.135,can0   002  [04]  04 86 b0 10 0
2026-07-26T19:03:17.309014,195.201,can0   002  [04]  04 86 b0 10 0
2026-07-26T19:03:17.312503,195.205,can0  002  [04]  48 6B 01 00
2026-07-26T19:03:17.315421,195.207,can0  070  [20]  94 30 4D 08 DB B9 62 03 68 42 00 00 03 02 00 00 BA 09 00 00
2026-07-26T19:03:17.315476,195.208,can0  040  [04]  04 00 71 00
2026-07-26T19:03:17.315517,195.208,can0  002  [04]  48 6B 01 00
2026-07-26T19:03:17.373881,195.266,can0   002  [04]  04 86 b0 10 0
2026-07-26T19:03:17.416868,195.309,can0  002  [04]  90 5F 01 00
2026-07-26T19:03:17.416964,195.309,can0  002  [04]  48 6B 01 00
2026-07-26T19:03:17.417055,195.309,can0  041  [04]  32 00 5A 00
2026-07-26T19:03:17.442695,195.335,can0   002  [04]  04 86 b0 10 0
2026-07-26T19:03:17.506101,195.398,can0   002  [04]  04 86 b0 10 0
2026-07-26T19:03:17.512976,195.405,can0  002  [04]  48 6B 01 00
2026-07-26T19:03:17.513246,195.405,can0  040  [04]  02 00 6E 00
2026-07-26T19:03:17.513482,195.406,can0  002  [04]  48 6B 01 00
2026-07-26T19:03:17.574007,195.466,can0   002  [04]  04 86 b0 10 0
2026-07-26T19:03:17.612541,195.505,can0  040  [04]  02 00 6E 00
2026-07-26T19:03:17.612710,195.505,can0  002  [04]  48 6B 01 00
2026-07-26T19:03:17.616499,195.509,can0  060  [32]  00 00 00 00 00 00 00 00 00 00 00 00 00 00 00 00 00 00 00 00 00 00 00 00 00 00 00 00 00 00 00 00
2026-07-26T19:03:17.636227,195.528,can0   002  [04]  04 86 b0 10 0
2026-07-26T19:03:17.704957,195.597,can0   002  [04]  04 86 b0 10 0
2026-07-26T19:03:17.713069,195.605,can0  002  [04]  48 6B 01 00
2026-07-26T19:03:17.713401,195.605,can0  041  [04]  31 00 58 00
2026-07-26T19:03:17.713590,195.606,can0  001  [05]  00 00 00 00 40
2026-07-26T19:03:17.720049,195.612,can0  002  [04]  48 6B 01 00
2026-07-26T19:03:17.774185,195.666,can0   002  [04]  04 86 b0 10 0
2026-07-26T19:03:17.812646,195.705,can0  070  [20]  94 30 4D 08 DB B9 62 03 68 42 00 00 03 02 00 00 BA 09 00 00
2026-07-26T19:03:17.812937,195.705,can0  040  [04]  03 00 69 00
2026-07-26T19:03:17.813120,195.705,can0  002  [04]  48 6B 01 00
2026-07-26T19:03:17.813343,195.705,can0  040  [04]  03 00 69 00
2026-07-26T19:03:17.843660,195.736,can0   002  [04]  04 86 b0 10 0
2026-07-26T19:03:17.908991,195.801,can0   002  [04]  04 86 b0 10 0
2026-07-26T19:03:17.912679,195.805,can0  002  [04]  48 6B 01 00
2026-07-26T19:03:17.912905,195.805,can0  070  [20]  94 30 4D 08 DB B9 62 03 68 42 00 00 03 02 00 00 BA 09 00 00
2026-07-26T19:03:17.913054,195.805,can0  002  [04]  48 6B 01 00
2026-07-26T19:03:17.979928,195.872,can0   002  [04]  04 86 b0 10 0
2026-07-26T19:03:18.012479,195.905,can0  041  [04]  31 00 56 00
2026-07-26T19:03:18.016318,195.908,can0  002  [04]  48 6B 01 00
2026-07-26T19:03:18.044379,195.936,can0   002  [04]  04 86 b0 10 0
2026-07-26T19:03:18.112350,196.004,can0  040  [04]  04 00 65 00
2026-07-26T19:03:18.112422,196.004,can0  002  [04]  48 6B 01 00
2026-07-26T19:03:18.113651,196.006,can0  060  [32]  00 00 00 00 94 30 4D 08 30 0F B8 10 0D 00 AB 01 FF 01 00 00 00 00 00 00 01 00 00 00 00 00 00 00
2026-07-26T19:03:18.114086,196.006,can0  040  [04]  04 00 65 00
2026-07-26T19:03:18.114132,196.006,can0  002  [04]  48 6B 01 00
2026-07-26T19:03:18.114173,196.006,can0  070  [20]  93 30 4D 08 DF B9 62 03 50 46 00 00 03 02 00 00 60 04 00 00
2026-07-26T19:03:18.116582,196.009,can0   002  [04]  04 86 b0 10 0
2026-07-26T19:03:18.186996,196.079,can0   002  [04]  04 86 b0 10 0
2026-07-26T19:03:18.212658,196.105,can0  100  [03]  1E 74 04
2026-07-26T19:03:18.212915,196.105,can0  110  [02]  AE 1A
2026-07-26T19:03:18.213127,196.105,can0  120  [04]  C8 69 00 00
2026-07-26T19:03:18.213396,196.105,can0  070  [20]  93 30 4D 08 DF B9 62 03 50 46 00 00 03 02 00 00 60 04 00 00
2026-07-26T19:03:18.213617,196.106,can0  002  [04]  48 6B 01 00
2026-07-26T19:03:18.213834,196.106,can0  041  [04]  32 00 55 00
2026-07-26T19:03:18.255642,196.148,can0   002  [04]  04 86 b0 10 0
2026-07-26T19:03:18.312356,196.204,can0  002  [04]  48 6B 01 00
2026-07-26T19:03:18.312917,196.205,can0  070  [20]  93 30 4D 08 DF B9 62 03 50 46 00 00 03 02 00 00 60 04 00 00
2026-07-26T19:03:18.313182,196.205,can0  040  [04]  04 00 66 00
2026-07-26T19:03:18.318213,196.210,can0  002  [04]  48 6B 01 00
2026-07-26T19:03:18.321181,196.213,can0   002  [04]  04 86 b0 10 0
2026-07-26T19:03:18.387599,196.280,can0   002  [04]  04 86 b0 10 0
2026-07-26T19:03:18.412528,196.305,can0  040  [04]  04 00 66 00
2026-07-26T19:03:18.412824,196.305,can0  002  [04]  90 5F 01 00
2026-07-26T19:03:18.412989,196.305,can0  002  [04]  48 6B 01 00
2026-07-26T19:03:18.452768,196.345,can0   002  [04]  04 86 b0 10 0
2026-07-26T19:03:18.512250,196.404,can0  002  [04]  48 6B 01 00
2026-07-26T19:03:18.516945,196.409,can0  041  [04]  32 00 57 00
2026-07-26T19:03:18.517017,196.409,can0  002  [04]  48 6B 01 00
2026-07-26T19:03:18.519283,196.411,can0   002  [04]  04 86 b0 10 0
2026-07-26T19:03:18.585809,196.478,can0   002  [04]  04 86 b0 10 0
2026-07-26T19:03:18.613133,196.505,can0  040  [04]  02 00 6C 00
2026-07-26T19:03:18.613386,196.505,can0  060  [32]  00 00 00 00 00 00 00 00 00 00 00 00 00 00 00 00 00 00 00 00 00 00 00 00 00 00 00 00 00 00 00 00
2026-07-26T19:03:18.613604,196.506,can0  002  [04]  48 6B 01 00
2026-07-26T19:03:18.613820,196.506,can0  040  [04]  02 00 6C 00
2026-07-26T19:03:18.655641,196.548,can0   002  [04]  04 86 b0 10 0
2026-07-26T19:03:18.712348,196.604,can0  002  [04]  48 6B 01 00
2026-07-26T19:03:18.712570,196.605,can0  002  [04]  48 6B 01 00
2026-07-26T19:03:18.723937,196.616,can0   002  [04]  04 86 b0 10 0
2026-07-26T19:03:18.786569,196.679,can0   002  [04]  04 86 b0 10 0
2026-07-26T19:03:18.812355,196.704,can0  041  [04]  30 00 5B 00
2026-07-26T19:03:18.812648,196.705,can0  070  [20]  93 30 4D 08 DF B9 62 03 50 46 00 00 03 02 00 00 60 04 00 00
2026-07-26T19:03:18.812813,196.705,can0  002  [04]  48 6B 01 00
2026-07-26T19:03:18.813052,196.705,can0  060  [32]  30 7B D6 02 0E B5 4D 08 2E 1E 64 03 00 00 68 07 58 00 80 00 00 00 00 00 01 00 00 00 00 00 00 00
2026-07-26T19:03:18.817964,196.710,can0  040  [04]  00 00 6F 00
2026-07-26T19:03:18.850591,196.743,can0   002  [04]  04 86 b0 10 0
2026-07-26T19:03:18.912690,196.805,can0  002  [04]  48 6B 01 00
2026-07-26T19:03:18.912934,196.805,can0  070  [20]  93 30 4D 08 DF B9 62 03 50 46 00 00 03 02 00 00 60 04 00 00
2026-07-26T19:03:18.913160,196.805,can0  040  [04]  00 00 6F 00
2026-07-26T19:03:18.913369,196.805,can0  002  [04]  48 6B 01 00
2026-07-26T19:03:18.917531,196.810,can0   002  [04]  04 86 b0 10 0
2026-07-26T19:03:18.986658,196.879,can0   002  [04]  04 86 b0 10 0
2026-07-26T19:03:19.012200,196.904,can0  002  [04]  48 6B 01 00
2026-07-26T19:03:19.012457,196.905,can0  041  [04]  2E 00 5D 00
2026-07-26T19:03:19.052749,196.945,can0   002  [04]  04 86 b0 10 0
2026-07-26T19:03:19.112178,197.004,can0  002  [04]  48 6B 01 00
2026-07-26T19:03:19.112473,197.005,can0  040  [04]  67 01 6C 00
2026-07-26T19:03:19.112732,197.005,can0  002  [04]  48 6B 01 00
2026-07-26T19:03:19.116943,197.009,can0   002  [04]  04 86 b0 10 0
2026-07-26T19:03:19.183832,197.076,can0   002  [04]  04 86 b0 10 0
2026-07-26T19:03:19.212585,197.105,can0  070  [20]  93 30 4D 08 E4 B9 62 03 38 4A 00 00 03 02 00 00 43 07 00 00
2026-07-26T19:03:19.212818,197.105,can0  040  [04]  67 01 6C 00
2026-07-26T19:03:19.213107,197.105,can0  070  [20]  93 30 4D 08 E4 B9 62 03 38 4A 00 00 03 02 00 00 43 07 00 00
2026-07-26T19:03:19.213321,197.105,can0  002  [04]  48 6B 01 00
2026-07-26T19:03:19.252594,197.145,can0   002  [04]  04 86 b0 10 0
2026-07-26T19:03:19.312093,197.204,can0  070  [20]  93 30 4D 08 E4 B9 62 03 38 4A 00 00 03 02 00 00 43 07 00 00
2026-07-26T19:03:19.312301,197.204,can0  002  [04]  48 6B 01 00
2026-07-26T19:03:19.312581,197.205,can0  041  [04]  30 00 59 00
2026-07-26T19:03:19.312745,197.205,can0  002  [04]  48 6B 01 00
2026-07-26T19:03:19.321449,197.214,can0   002  [04]  04 86 b0 10 0
2026-07-26T19:03:19.387406,197.279,can0   002  [04]  04 86 b0 10 0
2026-07-26T19:03:19.413020,197.305,can0  040  [04]  01 00 67 00
2026-07-26T19:03:19.413222,197.305,can0  002  [04]  90 5F 01 00
2026-07-26T19:03:19.413463,197.306,can0  100  [03]  1E 74 04
2026-07-26T19:03:19.413713,197.306,can0  120  [04]  C8 69 00 00
2026-07-26T19:03:19.413854,197.306,can0  002  [04]  48 6B 01 00
2026-07-26T19:03:19.414083,197.306,can0  040  [04]  01 00 67 00
2026-07-26T19:03:19.455291,197.347,can0   002  [04]  04 86 b0 10 0
2026-07-26T19:03:19.512564,197.405,can0  002  [04]  48 6B 01 00
2026-07-26T19:03:19.512813,197.405,can0  002  [04]  48 6B 01 00
2026-07-26T19:03:19.523747,197.416,can0   002  [04]  04 86 b0 10 0
2026-07-26T19:03:19.593484,197.486,can0   002  [04]  04 86 b0 10 0
2026-07-26T19:03:19.612289,197.504,can0  041  [04]  30 00 58 00
2026-07-26T19:03:19.612502,197.505,can0  002  [04]  48 6B 01 00
2026-07-26T19:03:19.612766,197.505,can0  040  [04]  03 00 61 00
2026-07-26T19:03:19.660561,197.553,can0   002  [04]  04 86 b0 10 0
2026-07-26T19:03:19.712996,197.605,can0  002  [04]  48 6B 01 00
2026-07-26T19:03:19.713400,197.605,can0  001  [05]  00 00 00 00 40
2026-07-26T19:03:19.713478,197.606,can0  040  [04]  03 00 61 00
2026-07-26T19:03:19.713554,197.606,can0  002  [04]  48 6B 01 00
2026-07-26T19:03:19.726275,197.618,can0   002  [04]  04 86 b0 10 0
2026-07-26T19:03:19.794549,197.687,can0   002  [04]  04 86 b0 10 0
2026-07-26T19:03:19.813586,197.706,can0  070  [20]  93 30 4D 08 E4 B9 62 03 38 4A 00 00 03 02 00 00 43 07 00 00
2026-07-26T19:03:19.813692,197.706,can0  110  [02]  B1 1A
2026-07-26T19:03:19.813767,197.706,can0  002  [04]  48 6B 01 00
2026-07-26T19:03:19.813831,197.706,can0  041  [04]  31 00 58 00
2026-07-26T19:03:19.856013,197.748,can0   002  [04]  04 86 b0 10 0
2026-07-26T19:03:19.912128,197.804,can0  002  [04]  48 6B 01 00
2026-07-26T19:03:19.912396,197.804,can0  070  [20]  93 30 4D 08 E4 B9 62 03 38 4A 00 00 03 02 00 00 43 07 00 00
2026-07-26T19:03:19.912634,197.805,can0  040  [04]  03 00 62 00
2026-07-26T19:03:19.912788,197.805,can0  002  [04]  48 6B 01 00
2026-07-26T19:03:19.923873,197.816,can0   002  [04]  04 86 b0 10 0
2026-07-26T19:03:19.990994,197.883,can0   002  [04]  04 86 b0 10 0
2026-07-26T19:03:20.012803,197.905,can0  040  [04]  03 00 62 00
2026-07-26T19:03:20.013031,197.905,can0  002  [04]  48 6B 01 00
2026-07-26T19:03:20.057477,197.950,can0   002  [04]  04 86 b0 10 0
2026-07-26T19:03:20.112979,198.005,can0  002  [04]  48 6B 01 00
2026-07-26T19:03:20.113279,198.005,can0  041  [04]  30 00 5A 00
2026-07-26T19:03:20.113487,198.006,can0  002  [04]  48 6B 01 00
2026-07-26T19:03:20.113716,198.006,can0  060  [32]  00 00 00 00 93 30 4D 08 38 0F B8 10 0A 00 AE 02 FF 01 00 00 00 00 00 00 01 00 00 00 00 00 00 00
2026-07-26T19:03:20.120720,198.013,can0   002  [04]  04 86 b0 10 0
2026-07-26T19:03:20.188828,198.081,can0   002  [04]  04 86 b0 10 0
2026-07-26T19:03:20.212305,198.104,can0  070  [20]  96 30 4D 08 EC B9 62 03 20 4E 00 00 03 02 00 00 F8 09 00 00
2026-07-26T19:03:20.212538,198.105,can0  040  [04]  01 00 66 00
2026-07-26T19:03:20.212802,198.105,can0  070  [20]  96 30 4D 08 EC B9 62 03 20 4E 00 00 03 02 00 00 F8 09 00 00
2026-07-26T19:03:20.213004,198.105,can0  002  [04]  48 6B 01 00
2026-07-26T19:03:20.213249,198.105,can0  040  [04]  01 00 66 00
2026-07-26T19:03:20.259676,198.152,can0   002  [04]  04 86 b0 10 0
2026-07-26T19:03:20.312309,198.204,can0  002  [04]  48 6B 01 00
2026-07-26T19:03:20.312571,198.205,can0  070  [20]  96 30 4D 08 EC B9 62 03 20 4E 00 00 03 02 00 00 F8 09 00 00
2026-07-26T19:03:20.312777,198.205,can0  002  [04]  48 6B 01 00
2026-07-26T19:03:20.326421,198.218,can0   002  [04]  04 86 b0 10 0
2026-07-26T19:03:20.393915,198.286,can0   002  [04]  04 86 b0 10 0
2026-07-26T19:03:20.413060,198.305,can0  041  [04]  2E 00 5C 00
2026-07-26T19:03:20.413262,198.305,can0  002  [04]  90 5F 01 00
2026-07-26T19:03:20.413453,198.306,can0  002  [04]  48 6B 01 00
2026-07-26T19:03:20.413719,198.306,can0  040  [04]  67 01 6B 00
2026-07-26T19:03:20.459777,198.352,can0   002  [04]  04 86 b0 10 0
2026-07-26T19:03:20.512580,198.405,can0  002  [04]  48 6B 01 00
2026-07-26T19:03:20.512815,198.405,can0  040  [04]  67 01 6B 00
2026-07-26T19:03:20.513031,198.405,can0  002  [04]  48 6B 01 00
2026-07-26T19:03:20.529168,198.421,can0   002  [04]  04 86 b0 10 0
2026-07-26T19:03:20.593598,198.486,can0   002  [04]  04 86 b0 10 0
2026-07-26T19:03:20.612561,198.505,can0  100  [03]  20 74 04
2026-07-26T19:03:20.612806,198.505,can0  120  [04]  D2 69 00 00
2026-07-26T19:03:20.613014,198.505,can0  002  [04]  48 6B 01 00
2026-07-26T19:03:20.613245,198.505,can0  041  [04]  2D 00 5D 00
2026-07-26T19:03:20.613437,198.506,can0  132  [00]
2026-07-26T19:03:20.613692,198.506,can0  060  [32]  00 00 00 00 00 00 00 00 00 00 00 00 00 00 00 00 00 00 00 00 00 00 00 00 00 00 00 00 00 00 00 00
2026-07-26T19:03:20.662276,198.554,can0   002  [04]  04 86 b0 10 0
2026-07-26T19:03:20.712339,198.604,can0  002  [04]  48 6B 01 00
2026-07-26T19:03:20.712569,198.605,can0  040  [04]  67 01 6B 00
2026-07-26T19:03:20.712750,198.605,can0  002  [04]  48 6B 01 00
2026-07-26T19:03:20.729544,198.622,can0   002  [04]  04 86 b0 10 0
2026-07-26T19:03:20.797289,198.689,can0   002  [04]  04 86 b0 10 0
2026-07-26T19:03:20.813079,198.705,can0  040  [04]  67 01 6B 00
2026-07-26T19:03:20.814203,198.706,can0  060  [32]  D7 93 D6 02 F9 92 4D 08 FD D4 60 03 0C 01 FE 02 4C 00 80 00 00 00 00 00 01 00 00 00 00 00 00 00
2026-07-26T19:03:20.814900,198.707,can0  070  [20]  96 30 4D 08 EC B9 62 03 20 4E 00 00 03 02 00 00 F8 09 00 00
2026-07-26T19:03:20.818371,198.710,can0  002  [04]  48 6B 01 00
2026-07-26T19:03:20.860392,198.752,can0   002  [04]  04 86 b0 10 0
2026-07-26T19:03:20.912756,198.805,can0  002  [04]  48 6B 01 00
2026-07-26T19:03:20.912826,198.805,can0  041  [04]  2D 00 5B 00
2026-07-26T19:03:20.913116,198.805,can0  070  [20]  96 30 4D 08 EC B9 62 03 20 4E 00 00 03 02 00 00 F8 09 00 00
2026-07-26T19:03:20.913295,198.805,can0  002  [04]  48 6B 01 00
2026-07-26T19:03:20.925137,198.817,can0   002  [04]  04 86 b0 10 0
2026-07-26T19:03:20.993774,198.886,can0   002  [04]  04 86 b0 10 0
2026-07-26T19:03:21.012569,198.905,can0  040  [04]  00 00 65 00
2026-07-26T19:03:21.012781,198.905,can0  002  [04]  48 6B 01 00
2026-07-26T19:03:21.012982,198.905,can0  040  [04]  00 00 65 00
2026-07-26T19:03:21.061045,198.953,can0   002  [04]  04 86 b0 10 0
2026-07-26T19:03:21.112385,199.004,can0  002  [04]  48 6B 01 00
2026-07-26T19:03:21.112552,199.005,can0  002  [04]  48 6B 01 00
2026-07-26T19:03:21.112838,199.005,can0  041  [04]  2E 00 58 00
2026-07-26T19:03:21.126538,199.019,can0   002  [04]  04 86 b0 10 0
2026-07-26T19:03:21.188367,199.080,can0   002  [04]  04 86 b0 10 0
2026-07-26T19:03:21.212845,199.105,can0  070  [20]  93 30 4D 08 EC B9 62 03 08 52 00 00 03 02 00 00 50 09 00 00
2026-07-26T19:03:21.213066,199.105,can0  070  [20]  93 30 4D 08 EC B9 62 03 08 52 00 00 03 02 00 00 4F 09 00 00
2026-07-26T19:03:21.213268,199.105,can0  002  [04]  48 6B 01 00
2026-07-26T19:03:21.213523,199.106,can0  040  [04]  03 00 5E 00
2026-07-26T19:03:21.254486,199.147,can0   002  [04]  04 86 b0 10 0
2026-07-26T19:03:21.325201,199.217,can0   002  [04]  04 86 b0 10 0
2026-07-26T19:03:21.329054,199.221,can0  002  [04]  48 6B 01 00
2026-07-26T19:03:21.329159,199.221,can0  070  [20]  93 30 4D 08 EC B9 62 03 08 52 00 00 03 02 00 00 4F 09 00 00
2026-07-26T19:03:21.329330,199.221,can0  040  [04]  03 00 5E 00
2026-07-26T19:03:21.329548,199.222,can0  002  [04]  48 6B 01 00
2026-07-26T19:03:21.389453,199.282,can0   002  [04]  04 86 b0 10 0
2026-07-26T19:03:21.412237,199.304,can0  002  [04]  90 5F 01 00
2026-07-26T19:03:21.412492,199.305,can0  110  [02]  B1 1A
2026-07-26T19:03:21.412712,199.305,can0  002  [04]  48 6B 01 00
2026-07-26T19:03:21.412870,199.305,can0  041  [04]  2E 00 58 00
2026-07-26T19:03:21.452766,199.345,can0   002  [04]  04 86 b0 10 0
2026-07-26T19:03:21.512949,199.405,can0  002  [04]  48 6B 01 00
2026-07-26T19:03:21.513476,199.406,can0  040  [04]  04 00 5B 00
2026-07-26T19:03:21.513575,199.406,can0  002  [04]  48 6B 01 00
2026-07-26T19:03:21.513648,199.406,can0  040  [04]  04 00 5B 00
2026-07-26T19:03:21.517760,199.410,can0   002  [04]  04 86 b0 10 0
2026-07-26T19:03:21.590919,199.483,can0   002  [04]  04 86 b0 10 0
2026-07-26T19:03:21.616393,199.508,can0  002  [04]  48 6B 01 00
2026-07-26T19:03:21.658793,199.551,can0   002  [04]  04 86 b0 10 0
2026-07-26T19:03:21.713172,199.605,can0  002  [04]  48 6B 01 00
2026-07-26T19:03:21.713241,199.605,can0  060  [32]  00 00 00 00 96 30 4D 08 41 0F B8 10 0D 00 7D 02 FF 01 00 00 00 00 00 00 02 00 00 00 00 00 00 00
2026-07-26T19:03:21.713403,199.605,can0  060  [32]  5A 47 D6 02 C7 2E 4D 08 C3 A7 63 03 35 00 90 05 FF 01 00 00 00 00 00 01 02 00 00 00 00 00 00 00
2026-07-26T19:03:21.714690,199.607,can0  041  [04]  2D 00 5C 00
2026-07-26T19:03:21.714747,199.607,can0  001  [05]  00 00 00 00 40
2026-07-26T19:03:21.714788,199.607,can0  002  [04]  48 6B 01 00
2026-07-26T19:03:21.724308,199.616,can0   002  [04]  04 86 b0 10 0
2026-07-26T19:03:21.795776,199.688,can0   002  [04]  04 86 b0 10 0
2026-07-26T19:03:21.812737,199.705,can0  040  [04]  03 00 61 00
2026-07-26T19:03:21.812827,199.705,can0  100  [03]  1E 74 04
2026-07-26T19:03:21.813310,199.705,can0  120  [04]  D2 69 00 00
2026-07-26T19:03:21.813394,199.705,can0  070  [20]  93 30 4D 08 EC B9 62 03 08 52 00 00 03 02 00 00 4F 09 00 00
2026-07-26T19:03:21.813477,199.706,can0  002  [04]  48 6B 01 00
2026-07-26T19:03:21.813566,199.706,can0  040  [04]  03 00 61 00
2026-07-26T19:03:21.858734,199.751,can0   002  [04]  04 86 b0 10 0
2026-07-26T19:03:21.912645,199.805,can0  002  [04]  48 6B 01 00
2026-07-26T19:03:21.913352,199.805,can0  070  [20]  93 30 4D 08 EC B9 62 03 08 52 00 00 03 02 00 00 4F 09 00 00
2026-07-26T19:03:21.913569,199.806,can0  002  [04]  48 6B 01 00
2026-07-26T19:03:21.913888,199.806,can0  041  [04]  2D 00 5E 00
2026-07-26T19:03:21.927013,199.819,can0   002  [04]  04 86 b0 10 0
2026-07-26T19:03:21.993441,199.886,can0   002  [04]  04 86 b0 10 0
2026-07-26T19:03:22.016186,199.908,can0  002  [04]  48 6B 01 00
2026-07-26T19:03:22.016262,199.908,can0  040  [04]  00 00 6A 00
2026-07-26T19:03:22.057068,199.949,can0   002  [04]  04 86 b0 10 0
2026-07-26T19:03:22.112395,200.004,can0  002  [04]  48 6B 01 00
2026-07-26T19:03:22.112601,200.005,can0  040  [04]  00 00 6A 00
2026-07-26T19:03:22.117648,200.010,can0  002  [04]  48 6B 01 00
2026-07-26T19:03:22.117728,200.010,can0  070  [20]  96 30 4D 08 F1 B9 62 03 F0 55 00 00 03 02 00 00 23 0E 00 00
2026-07-26T19:03:22.125347,200.017,can0   002  [04]  04 86 b0 10 0
2026-07-26T19:03:22.192752,200.085,can0   002  [04]  04 86 b0 10 0
2026-07-26T19:03:22.212488,200.105,can0  060  [32]  00 00 00 00 96 30 4D 08 46 0F B8 10 13 00 98 02 FF 01 00 00 00 00 00 00 01 00 00 00 00 00 00 00
2026-07-26T19:03:22.213643,200.106,can0  070  [20]  96 30 4D 08 F1 B9 62 03 F0 55 00 00 03 02 00 00 23 0E 00 00
2026-07-26T19:03:22.213837,200.106,can0  002  [04]  48 6B 01 00
2026-07-26T19:03:22.214061,200.106,can0  041  [04]  2E 00 5F 00
2026-07-26T19:03:22.262551,200.155,can0   002  [04]  04 86 b0 10 0
2026-07-26T19:03:22.313128,200.205,can0  002  [04]  48 6B 01 00
2026-07-26T19:03:22.313312,200.205,can0  070  [20]  96 30 4D 08 F1 B9 62 03 F0 55 00 00 03 02 00 00 23 0E 00 00
2026-07-26T19:03:22.313569,200.206,can0  040  [04]  67 01 6A 00
2026-07-26T19:03:22.313754,200.206,can0  002  [04]  48 6B 01 00
2026-07-26T19:03:22.334791,200.227,can0   002  [04]  04 86 b0 10 0
2026-07-26T19:03:22.405295,200.297,can0   002  [04]  04 86 b0 10 0
2026-07-26T19:03:22.413093,200.305,can0  040  [04]  67 01 6A 00
2026-07-26T19:03:22.413266,200.305,can0  002  [04]  90 5F 01 00
2026-07-26T19:03:22.413468,200.306,can0  002  [04]  48 6B 01 00
2026-07-26T19:03:22.473826,200.366,can0   002  [04]  04 86 b0 10 0
2026-07-26T19:03:22.516717,200.409,can0  041  [04]  30 00 5E 00
2026-07-26T19:03:22.516794,200.409,can0  002  [04]  48 6B 01 00
2026-07-26T19:03:22.542657,200.435,can0   002  [04]  04 86 b0 10 0
2026-07-26T19:03:22.610571,200.503,can0   002  [04]  04 86 b0 10 0
2026-07-26T19:03:22.616700,200.509,can0  002  [04]  48 6B 01 00
2026-07-26T19:03:22.616772,200.509,can0  040  [04]  67 01 65 00
2026-07-26T19:03:22.616814,200.509,can0  040  [04]  67 01 65 00
2026-07-26T19:03:22.616855,200.509,can0  002  [04]  48 6B 01 00
2026-07-26T19:03:22.681525,200.574,can0   002  [04]  04 86 b0 10 0
2026-07-26T19:03:22.712768,200.605,can0  060  [32]  00 00 00 00 00 00 00 00 00 00 00 00 00 00 00 00 00 00 00 00 00 00 00 00 00 00 00 00 00 00 00 00
2026-07-26T19:03:22.712912,200.605,can0  002  [04]  48 6B 01 00
2026-07-26T19:03:22.713178,200.605,can0  041  [04]  31 00 5D 00
2026-07-26T19:03:22.746567,200.639,can0   002  [04]  04 86 b0 10 0
2026-07-26T19:03:22.812924,200.705,can0  002  [04]  48 6B 01 00
2026-07-26T19:03:22.813211,200.705,can0  070  [20]  96 30 4D 08 F1 B9 62 03 F0 55 00 00 03 02 00 00 23 0E 00 00
2026-07-26T19:03:22.813486,200.706,can0  002  [04]  48 6B 01 00
2026-07-26T19:03:22.813717,200.706,can0  040  [04]  01 00 61 00
2026-07-26T19:03:22.819697,200.712,can0   002  [04]  04 86 b0 10 0
2026-07-26T19:03:22.887473,200.780,can0   002  [04]  04 86 b0 10 0
2026-07-26T19:03:22.913417,200.805,can0  040  [04]  01 00 61 00
2026-07-26T19:03:22.913495,200.806,can0  002  [04]  48 6B 01 00
2026-07-26T19:03:22.913539,200.806,can0  070  [20]  96 30 4D 08 F1 B9 62 03 F0 55 00 00 03 02 00 00 23 0E 00 00
2026-07-26T19:03:22.953696,200.846,can0   002  [04]  04 86 b0 10 0
2026-07-26T19:03:23.012347,200.904,can0  002  [04]  48 6B 01 00
2026-07-26T19:03:23.012576,200.905,can0  100  [03]  1E 74 04
2026-07-26T19:03:23.013117,200.905,can0  110  [02]  AF 1A
2026-07-26T19:03:23.013197,200.905,can0  120  [04]  22 6A 00 00
2026-07-26T19:03:23.013271,200.905,can0  041  [04]  31 00 5F 00
2026-07-26T19:03:23.013350,200.905,can0  002  [04]  48 6B 01 00
2026-07-26T19:03:23.026510,200.919,can0   002  [04]  04 86 b0 10 0
2026-07-26T19:03:23.093810,200.986,can0   002  [04]  04 86 b0 10 0
2026-07-26T19:03:23.112189,201.004,can0  060  [32]  5F AE D6 02 D0 2D 4D 08 0C A5 63 03 00 00 7C 08 FF 01 00 00 00 00 00 00 01 00 00 00 00 00 00 00
2026-07-26T19:03:23.113417,201.005,can0  040  [04]  03 00 61 00
2026-07-26T19:03:23.113552,201.006,can0  002  [04]  48 6B 01 00
2026-07-26T19:03:23.113789,201.006,can0  040  [04]  03 00 61 00
2026-07-26T19:03:23.159640,201.052,can0   002  [04]  04 86 b0 10 0
2026-07-26T19:03:23.212713,201.105,can0  002  [04]  48 6B 01 00
2026-07-26T19:03:23.213008,201.105,can0  070  [20]  99 30 4D 08 F3 B9 62 03 D8 59 00 00 03 02 00 00 9D 02 00 00
2026-07-26T19:03:23.213269,201.105,can0  070  [20]  99 30 4D 08 F3 B9 62 03 D8 59 00 00 03 02 00 00 9D 02 00 00
2026-07-26T19:03:23.217113,201.109,can0  002  [04]  48 6B 01 00
2026-07-26T19:03:23.229790,201.122,can0   002  [04]  04 86 b0 10 0
2026-07-26T19:03:23.301198,201.193,can0   002  [04]  04 86 b0 10 0
2026-07-26T19:03:23.312674,201.205,can0  041  [04]  31 00 5E 00
2026-07-26T19:03:23.312929,201.205,can0  070  [20]  99 30 4D 08 F3 B9 62 03 D8 59 00 00 03 02 00 00 9D 02 00 00
2026-07-26T19:03:23.313109,201.205,can0  002  [04]  48 6B 01 00
2026-07-26T19:03:23.364636,201.257,can0   002  [04]  04 86 b0 10 0
2026-07-26T19:03:23.412266,201.304,can0  040  [04]  03 00 61 00
2026-07-26T19:03:23.416497,201.309,can0  002  [04]  90 5F 01 00
2026-07-26T19:03:23.416648,201.309,can0  002  [04]  48 6B 01 00
2026-07-26T19:03:23.416875,201.309,can0  040  [04]  03 00 61 00
2026-07-26T19:03:23.417046,201.309,can0  002  [04]  48 6B 01 00
2026-07-26T19:03:23.434286,201.326,can0   002  [04]  04 86 b0 10 0
2026-07-26T19:03:23.500614,201.393,can0   002  [04]  04 86 b0 10 0
2026-07-26T19:03:23.512736,201.405,can0  002  [04]  48 6B 01 00
2026-07-26T19:03:23.512968,201.405,can0  041  [04]  30 00 5D 00
2026-07-26T19:03:23.567767,201.460,can0   002  [04]  04 86 b0 10 0
2026-07-26T19:03:23.613188,201.505,can0  002  [04]  48 6B 01 00
2026-07-26T19:03:23.613268,201.505,can0  040  [04]  02 00 62 00
2026-07-26T19:03:23.613389,201.505,can0  002  [04]  48 6B 01 00
2026-07-26T19:03:23.631040,201.523,can0   002  [04]  04 86 b0 10 0
2026-07-26T19:03:23.699728,201.592,can0   002  [04]  04 86 b0 10 0
2026-07-26T19:03:23.712425,201.605,can0  001  [05]  00 00 00 00 40
2026-07-26T19:03:23.712616,201.605,can0  040  [04]  02 00 62 00
2026-07-26T19:03:23.716264,201.608,can0  002  [04]  48 6B 01 00
2026-07-26T19:03:23.763978,201.656,can0   002  [04]  04 86 b0 10 0
2026-07-26T19:03:23.812383,201.704,can0  002  [04]  48 6B 01 00
2026-07-26T19:03:23.812644,201.705,can0  070  [20]  99 30 4D 08 F3 B9 62 03 D8 59 00 00 03 02 00 00 9D 02 00 00
2026-07-26T19:03:23.812857,201.705,can0  041  [04]  31 00 5F 00
2026-07-26T19:03:23.813131,201.705,can0  002  [04]  48 6B 01 00
2026-07-26T19:03:23.837247,201.729,can0   002  [04]  04 86 b0 10 0
2026-07-26T19:03:23.905430,201.798,can0   002  [04]  04 86 b0 10 0
2026-07-26T19:03:23.913115,201.805,can0  040  [04]  01 00 63 00
2026-07-26T19:03:23.913306,201.805,can0  002  [04]  48 6B 01 00
2026-07-26T19:03:23.916163,201.808,can0  070  [20]  99 30 4D 08 F3 B9 62 03 D8 59 00 00 03 02 00 00 9D 02 00 00
2026-07-26T19:03:23.971730,201.864,can0   002  [04]  04 86 b0 10 0
2026-07-26T19:03:24.013132,201.905,can0  040  [04]  01 00 63 00
2026-07-26T19:03:24.013295,201.905,can0  002  [04]  48 6B 01 00
2026-07-26T19:03:24.013709,201.906,can0  060  [32]  00 00 00 00 96 30 4D 08 46 0F B8 10 13 00 98 02 FF 01 00 00 00 00 00 00 02 00 00 00 00 00 00 00
2026-07-26T19:03:24.013760,201.906,can0  060  [32]  99 8D D6 02 53 B7 4D 08 D5 C8 63 03 45 00 D8 0B 32 01 FF 00 00 00 00 01 02 00 00 00 00 00 00 00
2026-07-26T19:03:24.014683,201.907,can0  002  [04]  48 6B 01 00
2026-07-26T19:03:24.038764,201.931,can0   002  [04]  04 86 b0 10 0
2026-07-26T19:03:24.109445,202.002,can0   002  [04]  04 86 b0 10 0
2026-07-26T19:03:24.112542,202.005,can0  041  [04]  31 00 61 00
2026-07-26T19:03:24.112793,202.005,can0  002  [04]  48 6B 01 00
2026-07-26T19:03:24.175305,202.067,can0   002  [04]  04 86 b0 10 0
2026-07-26T19:03:24.212885,202.105,can0  070  [20]  9D 30 4D 08 F6 B9 62 03 C0 5D 00 00 03 02 00 00 D9 07 00 00
2026-07-26T19:03:24.213321,202.105,can0  040  [04]  01 00 64 00
2026-07-26T19:03:24.213369,202.105,can0  100  [03]  1F 74 04
2026-07-26T19:03:24.213481,202.106,can0  120  [04]  2C 6A 00 00
2026-07-26T19:03:24.213723,202.106,can0  002  [04]  48 6B 01 00
2026-07-26T19:03:24.213923,202.106,can0  040  [04]  01 00 64 00
2026-07-26T19:03:24.214127,202.106,can0  070  [20]  9D 30 4D 08 F6 B9 62 03 C0 5D 00 00 03 02 00 00 D9 07 00 00
2026-07-26T19:03:24.238484,202.131,can0   002  [04]  04 86 b0 10 0
2026-07-26T19:03:24.304936,202.197,can0   002  [04]  04 86 b0 10 0
2026-07-26T19:03:24.316897,202.209,can0  002  [04]  48 6B 01 00
2026-07-26T19:03:24.316963,202.209,can0  070  [20]  9D 30 4D 08 F6 B9 62 03 C0 5D 00 00 03 02 00 00 D9 07 00 00
2026-07-26T19:03:24.317006,202.209,can0  002  [04]  48 6B 01 00
2026-07-26T19:03:24.317048,202.209,can0  041  [04]  32 00 62 00
2026-07-26T19:03:24.374158,202.266,can0   002  [04]  04 86 b0 10 0
2026-07-26T19:03:24.412277,202.304,can0  002  [04]  90 5F 01 00
2026-07-26T19:03:24.412687,202.305,can0  002  [04]  48 6B 01 00
2026-07-26T19:03:24.412735,202.305,can0  040  [04]  01 00 64 00
2026-07-26T19:03:24.412898,202.305,can0  002  [04]  48 6B 01 00
2026-07-26T19:03:24.439043,202.331,can0   002  [04]  04 86 b0 10 0
2026-07-26T19:03:24.508550,202.401,can0   002  [04]  04 86 b0 10 0
2026-07-26T19:03:24.512454,202.405,can0  040  [04]  01 00 64 00
2026-07-26T19:03:24.512735,202.405,can0  002  [04]  48 6B 01 00
2026-07-26T19:03:24.575622,202.468,can0   002  [04]  04 86 b0 10 0
2026-07-26T19:03:24.612520,202.505,can0  110  [02]  AE 1A
2026-07-26T19:03:24.612626,202.505,can0  002  [04]  48 6B 01 00
2026-07-26T19:03:24.612707,202.505,can0  041  [04]  31 00 62 00
2026-07-26T19:03:24.613129,202.505,can0  060  [32]  6E DE D5 02 10 6B 4D 08 33 DC 64 03 00 00 95 0C 3A 00 80 00 00 00 00 00 03 00 00 00 00 00 00 00
2026-07-26T19:03:24.613175,202.505,can0  060  [32]  00 00 00 00 9D 30 4D 08 4B 0F B8 10 0A 00 EE 00 FF 01 00 00 00 00 00 01 03 00 00 00 00 00 00 00
2026-07-26T19:03:24.614321,202.506,can0  060  [32]  93 01 D6 02 4E B6 4D 08 CF 1E 64 03 00 00 5D 09 66 01 80 00 00 00 00 02 03 00 00 00 00 00 00 00
2026-07-26T19:03:24.614494,202.507,can0  002  [04]  48 6B 01 00
2026-07-26T19:03:24.638798,202.531,can0   002  [04]  04 86 b0 10 0
2026-07-26T19:03:24.706783,202.599,can0   002  [04]  04 86 b0 10 0
2026-07-26T19:03:24.712299,202.604,can0  040  [04]  01 00 63 00
2026-07-26T19:03:24.712506,202.605,can0  002  [04]  48 6B 01 00
2026-07-26T19:03:24.712740,202.605,can0  040  [04]  01 00 63 00
2026-07-26T19:03:24.775557,202.668,can0   002  [04]  04 86 b0 10 0
2026-07-26T19:03:24.812196,202.704,can0  070  [20]  9D 30 4D 08 F6 B9 62 03 C0 5D 00 00 03 02 00 00 D9 07 00 00
2026-07-26T19:03:24.812460,202.705,can0  002  [04]  48 6B 01 00
2026-07-26T19:03:24.843818,202.736,can0   002  [04]  04 86 b0 10 0
2026-07-26T19:03:24.909210,202.801,can0   002  [04]  04 86 b0 10 0
2026-07-26T19:03:24.912984,202.805,can0  002  [04]  48 6B 01 00
2026-07-26T19:03:24.913310,202.805,can0  041  [04]  30 00 61 00
2026-07-26T19:03:24.913917,202.806,can0  070  [20]  9D 30 4D 08 F6 B9 62 03 C0 5D 00 00 03 02 00 00 D9 07 00 00
2026-07-26T19:03:24.914128,202.806,can0  002  [04]  48 6B 01 00
2026-07-26T19:03:24.914379,202.806,can0  040  [04]  03 00 61 00
2026-07-26T19:03:24.972298,202.864,can0   002  [04]  04 86 b0 10 0
2026-07-26T19:03:25.012361,202.904,can0  002  [04]  48 6B 01 00
2026-07-26T19:03:25.012608,202.905,can0  040  [04]  03 00 61 00
2026-07-26T19:03:25.012770,202.905,can0  002  [04]  48 6B 01 00
2026-07-26T19:03:25.037628,202.930,can0   002  [04]  04 86 b0 10 0
2026-07-26T19:03:25.103047,202.995,can0   002  [04]  04 86 b0 10 0
2026-07-26T19:03:25.113186,203.005,can0  002  [04]  48 6B 01 00
2026-07-26T19:03:25.113500,203.006,can0  041  [04]  2E 00 5F 00
2026-07-26T19:03:25.113759,203.006,can0  070  [20]  9E 30 4D 08 F6 B9 62 03 A8 61 00 00 03 02 00 00 B3 01 00 00
2026-07-26T19:03:25.175566,203.068,can0   002  [04]  04 86 b0 10 0
2026-07-26T19:03:25.212437,203.105,can0  070  [20]  9E 30 4D 08 F6 B9 62 03 A8 61 00 00 03 02 00 00 B3 01 00 00
2026-07-26T19:03:25.212536,203.105,can0  002  [04]  48 6B 01 00
2026-07-26T19:03:25.213855,203.106,can0  060  [32]  5D FC E8 05 5E 97 4D 08 3C F9 64 03 00 00 1D 06 27 01 80 00 00 00 00 00 02 00 00 00 00 00 00 00
2026-07-26T19:03:25.213911,203.106,can0  060  [32]  00 00 00 00 9E 30 4D 08 4B 0F B8 10 02 00 03 01 FF 01 00 00 00 00 00 01 02 00 00 00 00 00 00 00
2026-07-26T19:03:25.214147,203.106,can0  040  [04]  04 00 62 00
2026-07-26T19:03:25.214379,203.106,can0  002  [04]  48 6B 01 00
2026-07-26T19:03:25.237608,203.130,can0   002  [04]  04 86 b0 10 0
2026-07-26T19:03:25.305493,203.198,can0   002  [04]  04 86 b0 10 0
2026-07-26T19:03:25.312941,203.205,can0  070  [20]  9E 30 4D 08 F6 B9 62 03 A8 61 00 00 03 02 00 00 B3 01 00 00
2026-07-26T19:03:25.316110,203.208,can0  040  [04]  04 00 62 00
2026-07-26T19:03:25.316166,203.208,can0  002  [04]  48 6B 01 00
2026-07-26T19:03:25.370278,203.262,can0   002  [04]  04 86 b0 10 0
2026-07-26T19:03:25.412658,203.305,can0  002  [04]  90 5F 01 00
2026-07-26T19:03:25.413141,203.305,can0  100  [03]  1E 74 04
2026-07-26T19:03:25.413203,203.305,can0  120  [04]  04 6A 00 00
2026-07-26T19:03:25.413247,203.305,can0  002  [04]  48 6B 01 00
2026-07-26T19:03:25.413463,203.306,can0  041  [04]  2D 00 61 00
2026-07-26T19:03:25.413687,203.306,can0  002  [04]  48 6B 01 00
2026-07-26T19:03:25.439480,203.332,can0   002  [04]  04 86 b0 10 0
2026-07-26T19:03:25.502368,203.394,can0   002  [04]  04 86 b0 10 0
2026-07-26T19:03:25.512924,203.405,can0  040  [04]  04 00 68 00
2026-07-26T19:03:25.512989,203.405,can0  002  [04]  48 6B 01 00
2026-07-26T19:03:25.516035,203.408,can0  040  [04]  04 00 68 00
2026-07-26T19:03:25.564581,203.457,can0   002  [04]  04 86 b0 10 0
2026-07-26T19:03:25.616022,203.508,can0  002  [04]  48 6B 01 00
2026-07-26T19:03:25.616102,203.508,can0  002  [04]  48 6B 01 00
2026-07-26T19:03:25.627115,203.519,can0   002  [04]  04 86 b0 10 0
2026-07-26T19:03:25.697343,203.589,can0   002  [04]  04 86 b0 10 0
2026-07-26T19:03:25.712347,203.604,can0  041  [04]  2D 00 61 00
2026-07-26T19:03:25.712601,203.605,can0  001  [05]  00 00 00 00 40
2026-07-26T19:03:25.712907,203.605,can0  060  [32]  00 00 00 00 00 00 00 00 00 00 00 00 00 00 00 00 00 00 00 00 00 00 00 00 00 00 00 00 00 00 00 00
2026-07-26T19:03:25.712954,203.605,can0  002  [04]  48 6B 01 00
2026-07-26T19:03:25.761899,203.654,can0   002  [04]  04 86 b0 10 0
2026-07-26T19:03:25.816460,203.709,can0  070  [20]  9E 30 4D 08 F6 B9 62 03 A8 61 00 00 03 02 00 00 B3 01 00 00
2026-07-26T19:03:25.816535,203.709,can0  040  [04]  02 00 68 00
2026-07-26T19:03:25.816578,203.709,can0  002  [04]  48 6B 01 00
2026-07-26T19:03:25.816621,203.709,can0  040  [04]  02 00 68 00
2026-07-26T19:03:25.816662,203.709,can0  002  [04]  48 6B 01 00
2026-07-26T19:03:25.830174,203.722,can0   002  [04]  04 86 b0 10 0
2026-07-26T19:03:25.895342,203.787,can0   002  [04]  04 86 b0 10 0
2026-07-26T19:03:25.913095,203.805,can0  070  [20]  9E 30 4D 08 F6 B9 62 03 A8 61 00 00 03 02 00 00 B3 01 00 00
2026-07-26T19:03:25.913249,203.805,can0  002  [04]  48 6B 01 00
2026-07-26T19:03:25.913531,203.806,can0  041  [04]  30 00 62 00
2026-07-26T19:03:25.963616,203.856,can0   002  [04]  04 86 b0 10 0
2026-07-26T19:03:26.012775,203.905,can0  002  [04]  48 6B 01 00
2026-07-26T19:03:26.013015,203.905,can0  040  [04]  03 00 65 00
2026-07-26T19:03:26.013192,203.905,can0  002  [04]  48 6B 01 00
2026-07-26T19:03:26.013389,203.905,can0  133  [00]
2026-07-26T19:03:26.027154,203.919,can0   002  [04]  04 86 b0 10 0
2026-07-26T19:03:26.096579,203.989,can0   002  [04]  04 86 b0 10 0
2026-07-26T19:03:26.119653,204.012,can0  040  [04]  03 00 65 00
2026-07-26T19:03:26.119751,204.012,can0  002  [04]  48 6B 01 00
2026-07-26T19:03:26.119795,204.012,can0  070  [20]  A0 30 4D 08 F8 B9 62 03 90 65 00 00 03 02 00 00 8C 02 00 00
2026-07-26T19:03:26.159481,204.052,can0   002  [04]  04 86 b0 10 0
2026-07-26T19:03:26.212890,204.105,can0  002  [04]  48 6B 01 00
2026-07-26T19:03:26.213164,204.105,can0  110  [02]  AF 1A
2026-07-26T19:03:26.213440,204.106,can0  070  [20]  A0 30 4D 08 F8 B9 62 03 90 65 00 00 03 02 00 00 8C 02 00 00
2026-07-26T19:03:26.213701,204.106,can0  060  [32]  00 00 00 00 00 00 00 00 00 00 00 00 00 00 00 00 00 00 00 00 00 00 00 00 00 00 00 00 00 00 00 00
2026-07-26T19:03:26.213977,204.106,can0  041  [04]  33 00 5F 00
2026-07-26T19:03:26.214186,204.106,can0  060  [32]  00 00 00 00 A0 30 4D 08 4C 0F B8 10 03 00 DE 01 FF 01 00 00 00 00 00 00 01 00 00 00 00 00 00 00
2026-07-26T19:03:26.221889,204.114,can0  002  [04]  48 6B 01 00
2026-07-26T19:03:26.229923,204.122,can0   002  [04]  04 86 b0 10 0
2026-07-26T19:03:26.295857,204.188,can0   002  [04]  04 86 b0 10 0
2026-07-26T19:03:26.313041,204.205,can0  070  [20]  A0 30 4D 08 F8 B9 62 03 90 65 00 00 03 02 00 00 8C 02 00 00
2026-07-26T19:03:26.313361,204.205,can0  040  [04]  05 00 61 00
2026-07-26T19:03:26.313582,204.206,can0  002  [04]  48 6B 01 00
2026-07-26T19:03:26.313800,204.206,can0  040  [04]  05 00 61 00
2026-07-26T19:03:26.367167,204.259,can0   002  [04]  04 86 b0 10 0
2026-07-26T19:03:26.412708,204.305,can0  002  [04]  90 5F 01 00
2026-07-26T19:03:26.412904,204.305,can0  002  [04]  48 6B 01 00
2026-07-26T19:03:26.413086,204.305,can0  002  [04]  48 6B 01 00
2026-07-26T19:03:26.432488,204.325,can0   002  [04]  04 86 b0 10 0
2026-07-26T19:03:26.496554,204.389,can0   002  [04]  04 86 b0 10 0
2026-07-26T19:03:26.512366,204.404,can0  041  [04]  33 00 5D 00
2026-07-26T19:03:26.512581,204.405,can0  002  [04]  48 6B 01 00
2026-07-26T19:03:26.516895,204.409,can0  040  [04]  07 00 5F 00
2026-07-26T19:03:26.564713,204.457,can0   002  [04]  04 86 b0 10 0
2026-07-26T19:03:26.612688,204.505,can0  002  [04]  48 6B 01 00
2026-07-26T19:03:26.612756,204.505,can0  100  [03]  1E 74 04
2026-07-26T19:03:26.612798,204.505,can0  120  [04]  C8 69 00 00
2026-07-26T19:03:26.612840,204.505,can0  040  [04]  07 00 5F 00
2026-07-26T19:03:26.612952,204.505,can0  002  [04]  48 6B 01 00
2026-07-26T19:03:26.634873,204.527,can0   002  [04]  04 86 b0 10 0
2026-07-26T19:03:26.702960,204.595,can0   002  [04]  04 86 b0 10 0
2026-07-26T19:03:26.712238,204.604,can0  002  [04]  48 6B 01 00
2026-07-26T19:03:26.712519,204.605,can0  060  [32]  00 00 00 00 00 00 00 00 00 00 00 00 00 00 00 00 00 00 00 00 00 00 00 00 00 00 00 00 00 00 00 00
2026-07-26T19:03:26.712820,204.605,can0  041  [04]  32 00 5A 00
2026-07-26T19:03:26.772438,204.665,can0   002  [04]  04 86 b0 10 0
2026-07-26T19:03:26.812269,204.704,can0  002  [04]  48 6B 01 00
2026-07-26T19:03:26.812583,204.705,can0  070  [20]  A0 30 4D 08 F8 B9 62 03 90 65 00 00 03 02 00 00 8C 02 00 00
2026-07-26T19:03:26.812945,204.705,can0  040  [04]  06 00 61 00
2026-07-26T19:03:26.813021,204.705,can0  002  [04]  48 6B 01 00
2026-07-26T19:03:26.838368,204.730,can0   002  [04]  04 86 b0 10 0
2026-07-26T19:03:26.904597,204.797,can0   002  [04]  04 86 b0 10 0
2026-07-26T19:03:26.912812,204.805,can0  040  [04]  06 00 61 00
2026-07-26T19:03:26.913072,204.805,can0  070  [20]  A0 30 4D 08 F8 B9 62 03 90 65 00 00 03 02 00 00 8C 02 00 00
2026-07-26T19:03:26.913257,204.805,can0  002  [04]  48 6B 01 00
2026-07-26T19:03:26.972660,204.865,can0   002  [04]  04 86 b0 10 0
2026-07-26T19:03:27.012302,204.904,can0  002  [04]  48 6B 01 00
2026-07-26T19:03:27.012585,204.905,can0  041  [04]  31 00 5B 00
2026-07-26T19:03:27.012745,204.905,can0  002  [04]  48 6B 01 00
2026-07-26T19:03:27.040840,204.933,can0   002  [04]  04 86 b0 10 0
2026-07-26T19:03:27.104981,204.997,can0   002  [04]  04 86 b0 10 0
2026-07-26T19:03:27.112586,205.005,can0  040  [04]  04 00 67 00
2026-07-26T19:03:27.112774,205.005,can0  002  [04]  48 6B 01 00
2026-07-26T19:03:27.113125,205.005,can0  070  [20]  A3 30 4D 08 00 BA 62 03 78 69 00 00 03 02 00 00 0E 0F 00 00
2026-07-26T19:03:27.117091,205.009,can0  040  [04]  04 00 67 00
2026-07-26T19:03:27.170718,205.063,can0   002  [04]  04 86 b0 10 0
2026-07-26T19:03:27.212715,205.105,can0  070  [20]  A3 30 4D 08 00 BA 62 03 78 69 00 00 03 02 00 00 0F 0F 00 00
2026-07-26T19:03:27.212877,205.105,can0  002  [04]  48 6B 01 00
2026-07-26T19:03:27.213931,205.106,can0  060  [32]  00 00 00 00 A3 30 4D 08 55 0F B8 10 14 00 EC 01 FF 01 00 00 00 00 00 00 01 00 00 00 00 00 00 00
2026-07-26T19:03:27.214150,205.106,can0  002  [04]  48 6B 01 00
2026-07-26T19:03:27.237289,205.129,can0   002  [04]  04 86 b0 10 0
2026-07-26T19:03:27.308085,205.200,can0   002  [04]  04 86 b0 10 0
2026-07-26T19:03:27.312684,205.205,can0  070  [20]  A3 30 4D 08 00 BA 62 03 78 69 00 00 03 02 00 00 0F 0F 00 00
2026-07-26T19:03:27.312877,205.205,can0  041  [04]  2F 00 5A 00
2026-07-26T19:03:27.313062,205.205,can0  002  [04]  48 6B 01 00
2026-07-26T19:03:27.373085,205.265,can0   002  [04]  04 86 b0 10 0
2026-07-26T19:03:27.412663,205.305,can0  040  [04]  02 00 6D 00
2026-07-26T19:03:27.412983,205.305,can0  002  [04]  90 5F 01 00
2026-07-26T19:03:27.413033,205.305,can0  002  [04]  48 6B 01 00
2026-07-26T19:03:27.413354,205.305,can0  040  [04]  02 00 6D 00
2026-07-26T19:03:27.413401,205.305,can0  002  [04]  48 6B 01 00
2026-07-26T19:03:27.441220,205.333,can0   002  [04]  04 86 b0 10 0
2026-07-26T19:03:27.509475,205.402,can0   002  [04]  04 86 b0 10 0
2026-07-26T19:03:27.514833,205.407,can0  002  [04]  48 6B 01 00
2026-07-26T19:03:27.514896,205.407,can0  041  [04]  2E 00 5C 00
2026-07-26T19:03:27.572205,205.464,can0   002  [04]  04 86 b0 10 0
2026-07-26T19:03:27.612615,205.505,can0  002  [04]  48 6B 01 00
2026-07-26T19:03:27.612693,205.505,can0  040  [04]  03 00 6A 00
2026-07-26T19:03:27.615047,205.507,can0  002  [04]  48 6B 01 00
2026-07-26T19:03:27.637192,205.529,can0   002  [04]  04 86 b0 10 0
2026-07-26T19:03:27.706492,205.599,can0   002  [04]  04 86 b0 10 0
2026-07-26T19:03:27.713196,205.605,can0  040  [04]  03 00 6A 00
2026-07-26T19:03:27.713260,205.605,can0  001  [05]  00 00 00 00 40
2026-07-26T19:03:27.713458,205.606,can0  060  [32]  00 00 00 00 00 00 00 00 00 00 00 00 00 00 00 00 00 00 00 00 00 00 00 00 00 00 00 00 00 00 00 00
2026-07-26T19:03:27.713678,205.606,can0  002  [04]  48 6B 01 00
2026-07-26T19:03:27.773709,205.666,can0   002  [04]  04 86 b0 10 0
2026-07-26T19:03:27.812790,205.705,can0  070  [20]  A3 30 4D 08 00 BA 62 03 78 69 00 00 03 02 00 00 0F 0F 00 00
2026-07-26T19:03:27.813058,205.705,can0  100  [03]  1F 74 04
2026-07-26T19:03:27.813482,205.706,can0  110  [02]  AF 1A
2026-07-26T19:03:27.813553,205.706,can0  120  [04]  B4 69 00 00
2026-07-26T19:03:27.813708,205.706,can0  002  [04]  48 6B 01 00
2026-07-26T19:03:27.813910,205.706,can0  041  [04]  30 00 5E 00
2026-07-26T19:03:27.814084,205.706,can0  002  [04]  48 6B 01 00
2026-07-26T19:03:27.838881,205.731,can0   002  [04]  04 86 b0 10 0
2026-07-26T19:03:27.902885,205.795,can0   002  [04]  04 86 b0 10 0
2026-07-26T19:03:27.912973,205.805,can0  040  [04]  04 00 65 00
2026-07-26T19:03:27.913234,205.805,can0  070  [20]  A3 30 4D 08 00 BA 62 03 78 69 00 00 03 02 00 00 0F 0F 00 00
2026-07-26T19:03:27.913470,205.806,can0  002  [04]  48 6B 01 00
2026-07-26T19:03:27.913684,205.806,can0  040  [04]  04 00 65 00
2026-07-26T19:03:27.971192,205.863,can0   002  [04]  04 86 b0 10 0
2026-07-26T19:03:28.016143,205.908,can0  002  [04]  48 6B 01 00
2026-07-26T19:03:28.016215,205.908,can0  002  [04]  48 6B 01 00
2026-07-26T19:03:28.042761,205.935,can0   002  [04]  04 86 b0 10 0
2026-07-26T19:03:28.108046,206.000,can0   002  [04]  04 86 b0 10 0
2026-07-26T19:03:28.112913,206.005,can0  041  [04]  31 00 61 00
2026-07-26T19:03:28.113093,206.005,can0  002  [04]  48 6B 01 00
2026-07-26T19:03:28.113548,206.006,can0  070  [20]  A3 30 4D 08 03 BA 62 03 60 6D 00 00 03 02 00 00 3A 04 00 00
2026-07-26T19:03:28.113625,206.006,can0  040  [04]  06 00 61 00
2026-07-26T19:03:28.171947,206.064,can0   002  [04]  04 86 b0 10 0
2026-07-26T19:03:28.212982,206.105,can0  060  [32]  30 7B D6 02 1E B5 4D 08 EB 1D 64 03 00 00 F5 09 57 00 80 00 00 00 00 00 01 00 00 00 00 00 00 00
2026-07-26T19:03:28.214046,206.106,can0  002  [04]  48 6B 01 00
2026-07-26T19:03:28.214711,206.107,can0  070  [20]  A3 30 4D 08 03 BA 62 03 60 6D 00 00 03 02 00 00 39 04 00 00
2026-07-26T19:03:28.214779,206.107,can0  040  [04]  06 00 61 00
2026-07-26T19:03:28.219721,206.112,can0  002  [04]  48 6B 01 00
2026-07-26T19:03:28.236902,206.129,can0   002  [04]  04 86 b0 10 0
2026-07-26T19:03:28.302082,206.194,can0   002  [04]  04 86 b0 10 0
2026-07-26T19:03:28.312640,206.205,can0  070  [20]  A3 30 4D 08 03 BA 62 03 60 6D 00 00 03 02 00 00 39 04 00 00
2026-07-26T19:03:28.312857,206.205,can0  002  [04]  48 6B 01 00
2026-07-26T19:03:28.316843,206.209,can0  041  [04]  30 00 67 00
2026-07-26T19:03:28.374199,206.266,can0   002  [04]  04 86 b0 10 0
2026-07-26T19:03:28.412532,206.305,can0  002  [04]  90 5F 01 00
2026-07-26T19:03:28.416774,206.309,can0  002  [04]  48 6B 01 00
2026-07-26T19:03:28.417085,206.309,can0  040  [04]  04 00 65 00
2026-07-26T19:03:28.417420,206.309,can0  002  [04]  48 6B 01 00
2026-07-26T19:03:28.438595,206.331,can0   002  [04]  04 86 b0 10 0
2026-07-26T19:03:28.507302,206.399,can0   002  [04]  04 86 b0 10 0
2026-07-26T19:03:28.516050,206.408,can0  040  [04]  04 00 65 00
2026-07-26T19:03:28.516117,206.408,can0  002  [04]  48 6B 01 00
2026-07-26T19:03:28.580440,206.473,can0   002  [04]  04 86 b0 10 0
2026-07-26T19:03:28.612722,206.505,can0  002  [04]  48 6B 01 00
2026-07-26T19:03:28.615346,206.507,can0  041  [04]  2F 00 68 00
2026-07-26T19:03:28.615397,206.507,can0  002  [04]  48 6B 01 00
2026-07-26T19:03:28.643615,206.536,can0   002  [04]  04 86 b0 10 0
2026-07-26T19:03:28.713209,206.605,can0  040  [04]  01 00 68 00
2026-07-26T19:03:28.713423,206.605,can0  002  [04]  48 6B 01 00
2026-07-26T19:03:28.714080,206.606,can0   002  [04]  04 86 b0 10 0
2026-07-26T19:03:28.717690,206.610,can0  040  [04]  01 00 68 00
2026-07-26T19:03:28.783635,206.676,can0   002  [04]  04 86 b0 10 0
2026-07-26T19:03:28.812530,206.705,can0  070  [20]  A3 30 4D 08 03 BA 62 03 60 6D 00 00 03 02 00 00 39 04 00 00
2026-07-26T19:03:28.812690,206.705,can0  002  [04]  48 6B 01 00
2026-07-26T19:03:28.849655,206.742,can0   002  [04]  04 86 b0 10 0
2026-07-26T19:03:28.912769,206.805,can0  002  [04]  48 6B 01 00
2026-07-26T19:03:28.913095,206.805,can0  041  [04]  2E 00 66 00
2026-07-26T19:03:28.913501,206.806,can0  070  [20]  A3 30 4D 08 03 BA 62 03 60 6D 00 00 03 02 00 00 39 04 00 00
2026-07-26T19:03:28.913553,206.806,can0  002  [04]  48 6B 01 00
2026-07-26T19:03:28.913731,206.806,can0  040  [04]  67 01 67 00
2026-07-26T19:03:28.914983,206.807,can0   002  [04]  04 86 b0 10 0
2026-07-26T19:03:28.982691,206.875,can0   002  [04]  04 86 b0 10 0
2026-07-26T19:03:29.012456,206.905,can0  100  [03]  1F 74 04
2026-07-26T19:03:29.012650,206.905,can0  120  [04]  B4 69 00 00
2026-07-26T19:03:29.012817,206.905,can0  002  [04]  48 6B 01 00
2026-07-26T19:03:29.015334,206.907,can0  040  [04]  67 01 67 00
2026-07-26T19:03:29.050112,206.942,can0   002  [04]  04 86 b0 10 0
2026-07-26T19:03:29.112469,207.005,can0  002  [04]  48 6B 01 00
2026-07-26T19:03:29.112689,207.005,can0  002  [04]  48 6B 01 00
2026-07-26T19:03:29.112961,207.005,can0  041  [04]  30 00 62 00
2026-07-26T19:03:29.114681,207.007,can0   002  [04]  04 86 b0 10 0
2026-07-26T19:03:29.117406,207.009,can0  070  [20]  A5 30 4D 08 07 BA 62 03 48 71 00 00 03 02 00 00 3F 04 00 00
2026-07-26T19:03:29.182230,207.074,can0   002  [04]  04 86 b0 10 0
2026-07-26T19:03:29.212595,207.105,can0  070  [20]  A5 30 4D 08 07 BA 62 03 48 71 00 00 03 02 00 00 3F 04 00 00
2026-07-26T19:03:29.212660,207.105,can0  002  [04]  48 6B 01 00
2026-07-26T19:03:29.212722,207.105,can0  040  [04]  01 00 64 00
2026-07-26T19:03:29.212939,207.105,can0  002  [04]  48 6B 01 00
2026-07-26T19:03:29.212982,207.105,can0  060  [32]  00 00 00 00 A5 30 4D 08 5B 0F B8 10 05 00 55 02 FF 01 00 00 00 00 00 00 01 00 00 00 00 00 00 00
2026-07-26T19:03:29.245532,207.138,can0   002  [04]  04 86 b0 10 0
2026-07-26T19:03:29.309471,207.202,can0   002  [04]  04 86 b0 10 0
2026-07-26T19:03:29.313556,207.206,can0  070  [20]  A5 30 4D 08 07 BA 62 03 48 71 00 00 03 02 00 00 3F 04 00 00
2026-07-26T19:03:29.313644,207.206,can0  040  [04]  01 00 64 00
2026-07-26T19:03:29.313735,207.206,can0  002  [04]  48 6B 01 00
2026-07-26T19:03:29.378324,207.270,can0   002  [04]  04 86 b0 10 0
2026-07-26T19:03:29.412592,207.305,can0  002  [04]  90 5F 01 00
2026-07-26T19:03:29.416449,207.309,can0  110  [02]  AE 1A
2026-07-26T19:03:29.416510,207.309,can0  002  [04]  48 6B 01 00
2026-07-26T19:03:29.416550,207.309,can0  041  [04]  31 00 62 00
2026-07-26T19:03:29.416630,207.309,can0  002  [04]  48 6B 01 00
2026-07-26T19:03:29.443263,207.335,can0   002  [04]  04 86 b0 10 0
2026-07-26T19:03:29.506846,207.399,can0   002  [04]  04 86 b0 10 0
2026-07-26T19:03:29.512473,207.405,can0  040  [04]  01 00 66 00
2026-07-26T19:03:29.512685,207.405,can0  002  [04]  48 6B 01 00
2026-07-26T19:03:29.512862,207.405,can0  040  [04]  01 00 66 00
2026-07-26T19:03:29.578692,207.471,can0   002  [04]  04 86 b0 10 0
2026-07-26T19:03:29.612346,207.504,can0  002  [04]  48 6B 01 00
2026-07-26T19:03:29.616929,207.509,can0  002  [04]  48 6B 01 00
2026-07-26T19:03:29.646393,207.538,can0   002  [04]  04 86 b0 10 0
2026-07-26T19:03:29.713250,207.605,can0  041  [04]  31 00 63 00
2026-07-26T19:03:29.713377,207.605,can0  001  [05]  00 00 00 00 40
2026-07-26T19:03:29.713444,207.606,can0  002  [04]  48 6B 01 00
2026-07-26T19:03:29.714101,207.606,can0   002  [04]  04 86 b0 10 0
2026-07-26T19:03:29.783832,207.676,can0   002  [04]  04 86 b0 10 0
2026-07-26T19:03:29.812528,207.705,can0  060  [32]  00 00 00 00 00 00 00 00 00 00 00 00 00 00 00 00 00 00 00 00 00 00 00 00 00 00 00 00 00 00 00 00
2026-07-26T19:03:29.812948,207.705,can0  040  [04]  02 00 68 00
2026-07-26T19:03:29.812997,207.705,can0  070  [20]  A5 30 4D 08 07 BA 62 03 48 71 00 00 03 02 00 00 3F 04 00 00
2026-07-26T19:03:29.813143,207.705,can0  002  [04]  48 6B 01 00
2026-07-26T19:03:29.813360,207.705,can0  040  [04]  02 00 68 00
2026-07-26T19:03:29.849411,207.741,can0   002  [04]  04 86 b0 10 0
2026-07-26T19:03:29.913042,207.805,can0  002  [04]  48 6B 01 00
2026-07-26T19:03:29.913365,207.805,can0  070  [20]  A5 30 4D 08 07 BA 62 03 48 71 00 00 03 02 00 00 3F 04 00 00
2026-07-26T19:03:29.913614,207.806,can0  002  [04]  48 6B 01 00
2026-07-26T19:03:29.916139,207.808,can0  041  [04]  31 00 62 00
2026-07-26T19:03:29.918609,207.811,can0   002  [04]  04 86 b0 10 0
2026-07-26T19:03:29.980553,207.873,can0   002  [04]  04 86 b0 10 0
2026-07-26T19:03:30.014858,207.907,can0  002  [04]  48 6B 01 00
2026-07-26T19:03:30.014954,207.907,can0  060  [32]  5B DD D5 02 89 B7 4D 08 A1 1E 64 03 01 00 1E 06 FF 01 00 00 00 00 00 00 01 00 00 00 00 00 00 00
2026-07-26T19:03:30.015033,207.907,can0  040  [04]  01 00 65 00
2026-07-26T19:03:30.020332,207.912,can0  002  [04]  48 6B 01 00
2026-07-26T19:03:30.047749,207.940,can0   002  [04]  04 86 b0 10 0
2026-07-26T19:03:30.112958,208.005,can0  040  [04]  01 00 65 00
2026-07-26T19:03:30.117114,208.009,can0   002  [04]  04 86 b0 10 0
2026-07-26T19:03:30.117208,208.009,can0  002  [04]  48 6B 01 00
2026-07-26T19:03:30.117300,208.009,can0  070  [20]  A5 30 4D 08 0A BA 62 03 30 75 00 00 03 02 00 00 EA 03 00 00
2026-07-26T19:03:30.184334,208.076,can0   002  [04]  04 86 b0 10 0
2026-07-26T19:03:30.212684,208.105,can0  100  [03]  1E 74 04
2026-07-26T19:03:30.212784,208.105,can0  120  [04]  AA 69 00 00
2026-07-26T19:03:30.212906,208.105,can0  070  [20]  A5 30 4D 08 0A BA 62 03 30 75 00 00 03 02 00 00 EA 03 00 00
2026-07-26T19:03:30.213113,208.105,can0  002  [04]  48 6B 01 00
2026-07-26T19:03:30.213313,208.105,can0  041  [04]  30 00 64 00
2026-07-26T19:03:30.249154,208.141,can0   002  [04]  04 86 b0 10 0
2026-07-26T19:03:30.313589,208.206,can0  002  [04]  48 6B 01 00
2026-07-26T19:03:30.313737,208.206,can0  070  [20]  A5 30 4D 08 0A BA 62 03 30 75 00 00 03 02 00 00 EA 03 00 00
2026-07-26T19:03:30.313856,208.206,can0  040  [04]  01 00 61 00
2026-07-26T19:03:30.314642,208.207,can0  002  [04]  48 6B 01 00
2026-07-26T19:03:30.315036,208.207,can0  040  [04]  01 00 61 00
2026-07-26T19:03:30.318874,208.211,can0   002  [04]  04 86 b0 10 0
2026-07-26T19:03:30.383745,208.276,can0   002  [04]  04 86 b0 10 0
2026-07-26T19:03:30.412910,208.305,can0  002  [04]  90 5F 01 00
2026-07-26T19:03:30.413116,208.305,can0  002  [04]  48 6B 01 00
2026-07-26T19:03:30.418301,208.310,can0  002  [04]  48 6B 01 00
2026-07-26T19:03:30.455012,208.347,can0   002  [04]  04 86 b0 10 0
2026-07-26T19:03:30.512764,208.405,can0  041  [04]  2F 00 66 00
2026-07-26T19:03:30.513141,208.405,can0  132  [00]
2026-07-26T19:03:30.513194,208.405,can0  002  [04]  48 6B 01 00
2026-07-26T19:03:30.513398,208.405,can0  040  [04]  01 00 5D 00
2026-07-26T19:03:30.526302,208.418,can0   002  [04]  04 86 b0 10 0
2026-07-26T19:03:30.594374,208.486,can0   002  [04]  04 86 b0 10 0
2026-07-26T19:03:30.612620,208.505,can0  040  [04]  01 00 5D 00
2026-07-26T19:03:30.612743,208.505,can0  002  [04]  48 6B 01 00
2026-07-26T19:03:30.663304,208.555,can0   002  [04]  04 86 b0 10 0
2026-07-26T19:03:30.712485,208.605,can0  002  [04]  48 6B 01 00
2026-07-26T19:03:30.712724,208.605,can0  041  [04]  2F 00 69 00
2026-07-26T19:03:30.712878,208.605,can0  002  [04]  48 6B 01 00
2026-07-26T19:03:30.731829,208.624,can0   002  [04]  04 86 b0 10 0
2026-07-26T19:03:30.800356,208.692,can0   002  [04]  04 86 b0 10 0
2026-07-26T19:03:30.812834,208.705,can0  070  [20]  A5 30 4D 08 0A BA 62 03 30 75 00 00 03 02 00 00 EA 03 00 00
2026-07-26T19:03:30.813001,208.705,can0  002  [04]  48 6B 01 00
2026-07-26T19:03:30.813232,208.705,can0  040  [04]  67 01 60 00
2026-07-26T19:03:30.870391,208.762,can0   002  [04]  04 86 b0 10 0
2026-07-26T19:03:30.912829,208.805,can0  002  [04]  48 6B 01 00
2026-07-26T19:03:30.913037,208.805,can0  040  [04]  67 01 60 00
2026-07-26T19:03:30.913261,208.805,can0  070  [20]  A5 30 4D 08 0A BA 62 03 30 75 00 00 03 02 00 00 EA 03 00 00
2026-07-26T19:03:30.913453,208.806,can0  002  [04]  48 6B 01 00
2026-07-26T19:03:30.942276,208.834,can0   002  [04]  04 86 b0 10 0
2026-07-26T19:03:31.011760,208.904,can0   002  [04]  04 86 b0 10 0
2026-07-26T19:03:31.012791,208.905,can0  110  [02]  AE 1A
2026-07-26T19:03:31.013021,208.905,can0  041  [04]  30 00 6A 00
2026-07-26T19:03:31.013280,208.905,can0  060  [32]  00 00 00 00 A5 30 4D 08 5F 0F B8 10 05 00 DD 02 FF 01 00 00 00 00 00 00 02 00 00 00 00 00 00 00
2026-07-26T19:03:31.013463,208.906,can0  060  [32]  5A 47 D6 02 16 2E 4D 08 7F A8 63 03 34 00 AB 05 FF 01 00 00 00 00 00 01 02 00 00 00 00 00 00 00
2026-07-26T19:03:31.015003,208.907,can0  002  [04]  48 6B 01 00
2026-07-26T19:03:31.081813,208.974,can0   002  [04]  04 86 b0 10 0
2026-07-26T19:03:31.112709,209.005,can0  040  [04]  66 01 65 00
2026-07-26T19:03:31.112856,209.005,can0  002  [04]  48 6B 01 00
2026-07-26T19:03:31.113212,209.005,can0  070  [20]  A8 30 4D 08 11 BA 62 03 18 79 00 00 03 02 00 00 EC 0B 00 00
2026-07-26T19:03:31.113506,209.006,can0  040  [04]  66 01 65 00
2026-07-26T19:03:31.113621,209.006,can0  002  [04]  48 6B 01 00
2026-07-26T19:03:31.149641,209.042,can0   002  [04]  04 86 b0 10 0
2026-07-26T19:03:31.212752,209.105,can0  070  [20]  A8 30 4D 08 11 BA 62 03 18 79 00 00 03 02 00 00 ED 0B 00 00
2026-07-26T19:03:31.213009,209.105,can0  002  [04]  48 6B 01 00
2026-07-26T19:03:31.216726,209.109,can0   002  [04]  04 86 b0 10 0
2026-07-26T19:03:31.219411,209.111,can0  041  [04]  2F 00 66 00
2026-07-26T19:03:31.219519,209.112,can0  070  [20]  A8 30 4D 08 11 BA 62 03 18 79 00 00 03 02 00 00 ED 0B 00 00
2026-07-26T19:03:31.285089,209.177,can0   002  [04]  04 86 b0 10 0
2026-07-26T19:03:31.312946,209.205,can0  002  [04]  48 6B 01 00
2026-07-26T19:03:31.313223,209.205,can0  040  [04]  66 01 63 00
2026-07-26T19:03:31.313407,209.205,can0  002  [04]  48 6B 01 00
2026-07-26T19:03:31.354967,209.247,can0   002  [04]  04 86 b0 10 0
2026-07-26T19:03:31.412290,209.304,can0  002  [04]  90 5F 01 00
2026-07-26T19:03:31.412632,209.305,can0  100  [03]  1E 74 04
2026-07-26T19:03:31.416341,209.308,can0  120  [04]  AA 69 00 00
2026-07-26T19:03:31.416426,209.309,can0  040  [04]  66 01 63 00
2026-07-26T19:03:31.416514,209.309,can0  002  [04]  48 6B 01 00
2026-07-26T19:03:31.423581,209.316,can0   002  [04]  04 86 b0 10 0
2026-07-26T19:03:31.489219,209.381,can0   002  [04]  04 86 b0 10 0
2026-07-26T19:03:31.516255,209.408,can0  002  [04]  48 6B 01 00
2026-07-26T19:03:31.516327,209.408,can0  041  [04]  2E 00 64 00
2026-07-26T19:03:31.559515,209.452,can0   002  [04]  04 86 b0 10 0
2026-07-26T19:03:31.612297,209.504,can0  002  [04]  48 6B 01 00
2026-07-26T19:03:31.612559,209.505,can0  040  [04]  67 01 5D 00
2026-07-26T19:03:31.612701,209.505,can0  002  [04]  48 6B 01 00
2026-07-26T19:03:31.626782,209.519,can0   002  [04]  04 86 b0 10 0
2026-07-26T19:03:31.696271,209.588,can0   002  [04]  04 86 b0 10 0
2026-07-26T19:03:31.712738,209.605,can0  040  [04]  67 01 5D 00
2026-07-26T19:03:31.712929,209.605,can0  001  [05]  00 00 00 00 40
2026-07-26T19:03:31.713143,209.605,can0  002  [04]  48 6B 01 00
2026-07-26T19:03:31.760115,209.652,can0   002  [04]  04 86 b0 10 0
2026-07-26T19:03:31.812526,209.705,can0  070  [20]  A8 30 4D 08 11 BA 62 03 18 79 00 00 03 02 00 00 ED 0B 00 00
2026-07-26T19:03:31.812738,209.705,can0  002  [04]  48 6B 01 00
2026-07-26T19:03:31.813005,209.705,can0  041  [04]  2D 00 65 00
2026-07-26T19:03:31.813201,209.705,can0  002  [04]  48 6B 01 00
2026-07-26T19:03:31.831392,209.723,can0   002  [04]  04 86 b0 10 0
2026-07-26T19:03:31.898182,209.790,can0   002  [04]  04 86 b0 10 0
2026-07-26T19:03:31.912695,209.805,can0  070  [20]  A8 30 4D 08 11 BA 62 03 18 79 00 00 03 02 00 00 ED 0B 00 00
2026-07-26T19:03:31.912917,209.805,can0  040  [04]  01 00 5C 00
2026-07-26T19:03:31.913109,209.805,can0  002  [04]  48 6B 01 00
2026-07-26T19:03:31.918060,209.810,can0  040  [04]  01 00 5C 00
2026-07-26T19:03:31.965248,209.857,can0   002  [04]  04 86 b0 10 0
2026-07-26T19:03:32.012855,209.905,can0  002  [04]  48 6B 01 00
2026-07-26T19:03:32.013012,209.905,can0  002  [04]  48 6B 01 00
2026-07-26T19:03:32.013245,209.905,can0  041  [04]  2D 00 68 00
2026-07-26T19:03:32.035571,209.928,can0   002  [04]  04 86 b0 10 0
2026-07-26T19:03:32.098742,209.991,can0   002  [04]  04 86 b0 10 0
2026-07-26T19:03:32.112596,210.005,can0  002  [04]  48 6B 01 00
2026-07-26T19:03:32.112871,210.005,can0  070  [20]  AD 30 4D 08 17 BA 62 03 00 7D 00 00 03 02 00 00 D1 0A 00 00
2026-07-26T19:03:32.113126,210.005,can0  040  [04]  00 00 63 00
2026-07-26T19:03:32.162993,210.055,can0   002  [04]  04 86 b0 10 0
2026-07-26T19:03:32.212136,210.104,can0  002  [04]  48 6B 01 00
2026-07-26T19:03:32.212365,210.104,can0  070  [20]  AD 30 4D 08 17 BA 62 03 00 7D 00 00 03 02 00 00 D0 0A 00 00
2026-07-26T19:03:32.212576,210.105,can0  040  [04]  00 00 63 00
2026-07-26T19:03:32.212854,210.105,can0  060  [32]  67 1A D6 02 21 78 4D 08 16 B9 63 03 00 00 34 09 FF 01 00 00 00 00 00 00 03 00 00 00 00 00 00 00
2026-07-26T19:03:32.213111,210.105,can0  060  [32]  00 00 00 00 A8 30 4D 08 65 0F B8 10 10 00 10 02 FF 01 00 00 00 00 00 01 03 00 00 00 00 00 00 00
2026-07-26T19:03:32.213294,210.105,can0  060  [32]  1B FE D5 02 8E C9 4D 08 DF 66 63 03 6D 00 21 0A 01 01 01 00 00 00 00 02 03 00 00 00 00 00 00 00
2026-07-26T19:03:32.214329,210.106,can0  002  [04]  48 6B 01 00
2026-07-26T19:03:32.214619,210.107,can0  070  [20]  AD 30 4D 08 17 BA 62 03 00 7D 00 00 03 02 00 00 D0 0A 00 00
2026-07-26T19:03:32.230094,210.122,can0   002  [04]  04 86 b0 10 0
2026-07-26T19:03:32.297504,210.190,can0   002  [04]  04 86 b0 10 0
2026-07-26T19:03:32.312505,210.205,can0  002  [04]  48 6B 01 00
2026-07-26T19:03:32.312803,210.205,can0  041  [04]  2D 00 68 00
2026-07-26T19:03:32.316647,210.209,can0  002  [04]  90 5F 01 00
2026-07-26T19:03:32.364962,210.257,can0   002  [04]  04 86 b0 10 0
2026-07-26T19:03:32.412413,210.304,can0  002  [04]  48 6B 01 00
2026-07-26T19:03:32.412639,210.305,can0  040  [04]  67 01 6A 00
2026-07-26T19:03:32.412833,210.305,can0  002  [04]  48 6B 01 00
2026-07-26T19:03:32.428532,210.321,can0   002  [04]  04 86 b0 10 0
2026-07-26T19:03:32.496923,210.389,can0   002  [04]  04 86 b0 10 0
2026-07-26T19:03:32.512485,210.405,can0  040  [04]  67 01 6A 00
2026-07-26T19:03:32.512685,210.405,can0  002  [04]  48 6B 01 00
2026-07-26T19:03:32.565715,210.458,can0   002  [04]  04 86 b0 10 0
2026-07-26T19:03:32.612956,210.505,can0  002  [04]  48 6B 01 00
2026-07-26T19:03:32.613178,210.505,can0  100  [03]  1D 74 04
2026-07-26T19:03:32.613369,210.505,can0  110  [02]  AF 1A
2026-07-26T19:03:32.613594,210.506,can0  120  [04]  BE 69 00 00
2026-07-26T19:03:32.613857,210.506,can0  041  [04]  2D 00 64 00
2026-07-26T19:03:32.614045,210.506,can0  002  [04]  48 6B 01 00
2026-07-26T19:03:32.636070,210.528,can0   002  [04]  04 86 b0 10 0
2026-07-26T19:03:32.701033,210.593,can0   002  [04]  04 86 b0 10 0
2026-07-26T19:03:32.712659,210.605,can0  040  [04]  67 01 67 00
2026-07-26T19:03:32.712972,210.605,can0  002  [04]  48 6B 01 00
2026-07-26T19:03:32.713058,210.605,can0  040  [04]  67 01 67 00
2026-07-26T19:03:32.716688,210.609,can0  070  [20]  AD 30 4D 08 17 BA 62 03 00 7D 00 00 03 02 00 00 D0 0A 00 00
2026-07-26T19:03:32.769748,210.662,can0   002  [04]  04 86 b0 10 0
2026-07-26T19:03:32.812389,210.704,can0  002  [04]  48 6B 01 00
2026-07-26T19:03:32.816129,210.708,can0  002  [04]  48 6B 01 00
2026-07-26T19:03:32.816215,210.708,can0  041  [04]  2D 00 63 00
2026-07-26T19:03:32.839183,210.731,can0   002  [04]  04 86 b0 10 0
2026-07-26T19:03:32.904107,210.796,can0   002  [04]  04 86 b0 10 0
2026-07-26T19:03:32.912745,210.805,can0  070  [20]  AD 30 4D 08 17 BA 62 03 00 7D 00 00 03 02 00 00 D0 0A 00 00
2026-07-26T19:03:32.916475,210.809,can0  002  [04]  48 6B 01 00
2026-07-26T19:03:32.916561,210.809,can0  040  [04]  01 00 64 00
2026-07-26T19:03:32.970086,210.862,can0   002  [04]  04 86 b0 10 0
2026-07-26T19:03:33.012480,210.905,can0  002  [04]  48 6B 01 00
2026-07-26T19:03:33.012549,210.905,can0  040  [04]  01 00 64 00
2026-07-26T19:03:33.012592,210.905,can0  002  [04]  48 6B 01 00
2026-07-26T19:03:33.012717,210.905,can0  060  [32]  00 00 00 00 AD 30 4D 08 6C 0F B8 10 0E 00 D0 01 FF 01 00 00 00 00 00 00 02 00 00 00 00 00 00 00
2026-07-26T19:03:33.012937,210.905,can0  060  [32]  1D 00 D6 02 38 AF 4D 08 E6 74 64 03 6F 00 2F 08 D1 00 01 00 00 00 00 01 02 00 00 00 00 00 00 00
2026-07-26T19:03:33.038988,210.931,can0   002  [04]  04 86 b0 10 0
2026-07-26T19:03:33.104657,210.997,can0   002  [04]  04 86 b0 10 0
2026-07-26T19:03:33.112718,211.005,can0  002  [04]  48 6B 01 00
2026-07-26T19:03:33.117959,211.010,can0  041  [04]  2F 00 65 00
2026-07-26T19:03:33.118056,211.010,can0  070  [20]  AF 30 4D 08 1B BA 62 03 E8 80 00 00 03 02 00 00 10 02 00 00
2026-07-26T19:03:33.166798,211.059,can0   002  [04]  04 86 b0 10 0
2026-07-26T19:03:33.212584,211.105,can0  070  [20]  AF 30 4D 08 1B BA 62 03 E8 80 00 00 03 02 00 00 10 02 00 00
2026-07-26T19:03:33.212792,211.105,can0  002  [04]  48 6B 01 00
2026-07-26T19:03:33.213044,211.105,can0  040  [04]  01 00 64 00
2026-07-26T19:03:33.213224,211.105,can0  002  [04]  48 6B 01 00
2026-07-26T19:03:33.213466,211.106,can0  070  [20]  AF 30 4D 08 1B BA 62 03 E8 80 00 00 03 02 00 00 10 02 00 00
2026-07-26T19:03:33.213702,211.106,can0  040  [04]  01 00 64 00
2026-07-26T19:03:33.234378,211.126,can0   002  [04]  04 86 b0 10 0
2026-07-26T19:03:33.301154,211.193,can0   002  [04]  04 86 b0 10 0
2026-07-26T19:03:33.312993,211.205,can0  002  [04]  48 6B 01 00
2026-07-26T19:03:33.313143,211.205,can0  002  [04]  90 5F 01 00
2026-07-26T19:03:33.369431,211.262,can0   002  [04]  04 86 b0 10 0
2026-07-26T19:03:33.412792,211.305,can0  002  [04]  48 6B 01 00
2026-07-26T19:03:33.413016,211.305,can0  041  [04]  2F 00 6A 00
2026-07-26T19:03:33.413190,211.305,can0  002  [04]  48 6B 01 00
2026-07-26T19:03:33.429874,211.322,can0   002  [04]  04 86 b0 10 0
2026-07-26T19:03:33.495344,211.387,can0   002  [04]  04 86 b0 10 0
2026-07-26T19:03:33.512399,211.404,can0  040  [04]  67 01 67 00
2026-07-26T19:03:33.512570,211.405,can0  002  [04]  48 6B 01 00
2026-07-26T19:03:33.512795,211.405,can0  040  [04]  67 01 67 00
2026-07-26T19:03:33.564542,211.457,can0   002  [04]  04 86 b0 10 0
2026-07-26T19:03:33.612055,211.504,can0  002  [04]  48 6B 01 00
2026-07-26T19:03:33.612210,211.504,can0  002  [04]  48 6B 01 00
2026-07-26T19:03:33.612497,211.505,can0  041  [04]  2E 00 69 00
2026-07-26T19:03:33.628353,211.520,can0   002  [04]  04 86 b0 10 0
2026-07-26T19:03:33.695488,211.588,can0   002  [04]  04 86 b0 10 0
2026-07-26T19:03:33.712946,211.605,can0  001  [05]  00 00 00 00 40
2026-07-26T19:03:33.713120,211.605,can0  002  [04]  48 6B 01 00
2026-07-26T19:03:33.713383,211.605,can0  040  [04]  66 01 68 00
2026-07-26T19:03:33.713648,211.606,can0  070  [20]  AF 30 4D 08 1B BA 62 03 E8 80 00 00 03 02 00 00 10 02 00 00
2026-07-26T19:03:33.762442,211.655,can0   002  [04]  04 86 b0 10 0
2026-07-26T19:03:33.812363,211.704,can0  002  [04]  48 6B 01 00
2026-07-26T19:03:33.812749,211.705,can0  100  [03]  1E 74 04
2026-07-26T19:03:33.812833,211.705,can0  120  [04]  B4 69 00 00
2026-07-26T19:03:33.812978,211.705,can0  040  [04]  66 01 68 00
2026-07-26T19:03:33.813176,211.705,can0  002  [04]  48 6B 01 00
2026-07-26T19:03:33.828781,211.721,can0   002  [04]  04 86 b0 10 0
2026-07-26T19:03:33.896785,211.789,can0   002  [04]  04 86 b0 10 0
2026-07-26T19:03:33.913120,211.805,can0  070  [20]  AF 30 4D 08 1B BA 62 03 E8 80 00 00 03 02 00 00 10 02 00 00
2026-07-26T19:03:33.913218,211.805,can0  002  [04]  48 6B 01 00
2026-07-26T19:03:33.913344,211.805,can0  041  [04]  2F 00 68 00
2026-07-26T19:03:33.960717,211.853,can0   002  [04]  04 86 b0 10 0
2026-07-26T19:03:34.012722,211.905,can0  002  [04]  48 6B 01 00
2026-07-26T19:03:34.013329,211.905,can0  040  [04]  66 01 64 00
2026-07-26T19:03:34.013411,211.905,can0  002  [04]  48 6B 01 00
2026-07-26T19:03:34.013494,211.906,can0  060  [32]  00 00 00 00 AF 30 4D 08 6F 0F B8 10 02 00 DB 01 FF 01 00 00 00 00 00 00 03 00 00 00 00 00 00 00
2026-07-26T19:03:34.013580,211.906,can0  060  [32]  6E DE D5 02 08 6B 4D 08 24 DC 64 03 00 00 95 0C 3A 00 80 00 00 00 00 01 03 00 00 00 00 00 00 00
2026-07-26T19:03:34.013666,211.906,can0  060  [32]  E4 1C D6 02 95 79 4D 08 92 B8 63 03 0C 00 BC 01 FF 01 00 00 00 00 00 02 03 00 00 00 00 00 00 00
2026-07-26T19:03:34.022927,211.915,can0   002  [04]  04 86 b0 10 0
2026-07-26T19:03:34.089780,211.982,can0   002  [04]  04 86 b0 10 0
2026-07-26T19:03:34.112483,212.005,can0  040  [04]  66 01 64 00
2026-07-26T19:03:34.112693,212.005,can0  002  [04]  48 6B 01 00
2026-07-26T19:03:34.112936,212.005,can0  070  [20]  AF 30 4D 08 1C BA 62 03 D0 84 00 00 03 02 00 00 E5 01 00 00
2026-07-26T19:03:34.154608,212.047,can0   002  [04]  04 86 b0 10 0
2026-07-26T19:03:34.212500,212.105,can0  002  [04]  48 6B 01 00
2026-07-26T19:03:34.212744,212.105,can0  110  [02]  AE 1A
2026-07-26T19:03:34.213013,212.105,can0  041  [04]  2F 00 67 00
2026-07-26T19:03:34.213278,212.105,can0  070  [20]  AF 30 4D 08 1C BA 62 03 D0 84 00 00 03 02 00 00 E5 01 00 00
2026-07-26T19:03:34.213470,212.106,can0  002  [04]  48 6B 01 00
2026-07-26T19:03:34.213695,212.106,can0  070  [20]  AF 30 4D 08 1C BA 62 03 D0 84 00 00 03 02 00 00 E5 01 00 00
2026-07-26T19:03:34.220246,212.112,can0   002  [04]  04 86 b0 10 0
2026-07-26T19:03:34.288726,212.181,can0   002  [04]  04 86 b0 10 0
2026-07-26T19:03:34.312482,212.205,can0  040  [04]  66 01 5F 00
2026-07-26T19:03:34.312709,212.205,can0  002  [04]  48 6B 01 00
2026-07-26T19:03:34.312903,212.205,can0  040  [04]  66 01 5F 00
2026-07-26T19:03:34.313076,212.205,can0  002  [04]  48 6B 01 00
2026-07-26T19:03:34.313291,212.205,can0  002  [04]  90 5F 01 00
2026-07-26T19:03:34.355666,212.248,can0   002  [04]  04 86 b0 10 0
2026-07-26T19:03:34.412478,212.305,can0  002  [04]  48 6B 01 00
2026-07-26T19:03:34.417061,212.309,can0  041  [04]  2F 00 61 00
2026-07-26T19:03:34.422433,212.315,can0   002  [04]  04 86 b0 10 0
2026-07-26T19:03:34.493505,212.386,can0   002  [04]  04 86 b0 10 0
2026-07-26T19:03:34.512923,212.405,can0  002  [04]  48 6B 01 00
2026-07-26T19:03:34.513183,212.405,can0  040  [04]  67 01 5F 00
2026-07-26T19:03:34.558576,212.451,can0   002  [04]  04 86 b0 10 0
2026-07-26T19:03:34.612485,212.505,can0  002  [04]  48 6B 01 00
2026-07-26T19:03:34.612743,212.505,can0  040  [04]  67 01 5F 00
2026-07-26T19:03:34.612937,212.505,can0  002  [04]  48 6B 01 00
2026-07-26T19:03:34.626705,212.519,can0   002  [04]  04 86 b0 10 0
2026-07-26T19:03:34.698175,212.590,can0   002  [04]  04 86 b0 10 0
2026-07-26T19:03:34.712986,212.605,can0  002  [04]  48 6B 01 00
2026-07-26T19:03:34.713217,212.605,can0  041  [04]  2D 00 5E 00
2026-07-26T19:03:34.713505,212.606,can0  070  [20]  AF 30 4D 08 1C BA 62 03 D0 84 00 00 03 02 00 00 E5 01 00 00
2026-07-26T19:03:34.762054,212.654,can0   002  [04]  04 86 b0 10 0
2026-07-26T19:03:34.812893,212.705,can0  002  [04]  48 6B 01 00
2026-07-26T19:03:34.813122,212.705,can0  040  [04]  67 01 63 00
2026-07-26T19:03:34.813348,212.705,can0  060  [32]  00 00 00 00 AF 30 4D 08 71 0F B8 10 02 00 44 03 FF 01 00 00 00 00 00 00 02 00 00 00 00 00 00 00
2026-07-26T19:03:34.813556,212.706,can0  060  [32]  53 DD D5 02 A6 B8 4D 08 F6 1E 64 03 00 00 7E 05 FF 01 00 00 00 00 00 01 02 00 00 00 00 00 00 00
2026-07-26T19:03:34.815126,212.707,can0  002  [04]  48 6B 01 00
2026-07-26T19:03:34.815325,212.707,can0  040  [04]  67 01 63 00
2026-07-26T19:03:34.827273,212.719,can0   002  [04]  04 86 b0 10 0
2026-07-26T19:03:34.894471,212.787,can0   002  [04]  04 86 b0 10 0
2026-07-26T19:03:34.912495,212.805,can0  070  [20]  AF 30 4D 08 1C BA 62 03 D0 84 00 00 03 02 00 00 E5 01 00 00
2026-07-26T19:03:34.912698,212.805,can0  002  [04]  48 6B 01 00
2026-07-26T19:03:34.964851,212.857,can0   002  [04]  04 86 b0 10 0
2026-07-26T19:03:35.012581,212.905,can0  002  [04]  48 6B 01 00
2026-07-26T19:03:35.012829,212.905,can0  100  [03]  1C 74 04
2026-07-26T19:03:35.013019,212.905,can0  120  [04]  B4 69 00 00
2026-07-26T19:03:35.013278,212.905,can0  041  [04]  2D 00 5F 00
2026-07-26T19:03:35.013463,212.906,can0  002  [04]  48 6B 01 00
2026-07-26T19:03:35.028548,212.921,can0   002  [04]  04 86 b0 10 0
2026-07-26T19:03:35.092998,212.985,can0   002  [04]  04 86 b0 10 0
2026-07-26T19:03:35.112444,213.005,can0  040  [04]  67 01 67 00
2026-07-26T19:03:35.112537,213.005,can0  002  [04]  48 6B 01 00
2026-07-26T19:03:35.112650,213.005,can0  040  [04]  67 01 67 00
2026-07-26T19:03:35.113197,213.005,can0  070  [20]  B1 30 4D 08 21 BA 62 03 B8 88 00 00 03 02 00 00 87 09 00 00
2026-07-26T19:03:35.113466,213.006,can0  070  [20]  B1 30 4D 08 21 BA 62 03 B8 88 00 00 03 02 00 00 88 09 00 00
2026-07-26T19:03:35.162323,213.054,can0   002  [04]  04 86 b0 10 0
2026-07-26T19:03:35.212127,213.104,can0  002  [04]  48 6B 01 00
2026-07-26T19:03:35.212308,213.104,can0  002  [04]  48 6B 01 00
2026-07-26T19:03:35.212537,213.105,can0  041  [04]  2D 00 5E 00
2026-07-26T19:03:35.212814,213.105,can0  070  [20]  B1 30 4D 08 21 BA 62 03 B8 88 00 00 03 02 00 00 88 09 00 00
2026-07-26T19:03:35.235151,213.127,can0   002  [04]  04 86 b0 10 0
2026-07-26T19:03:35.299719,213.192,can0   002  [04]  04 86 b0 10 0
2026-07-26T19:03:35.312731,213.205,can0  002  [04]  48 6B 01 00
2026-07-26T19:03:35.312981,213.205,can0  060  [32]  10 A1 A9 08 A7 D3 4D 08 83 68 63 03 4C 00 0E 0B 1A 01 7D 00 00 00 00 00 02 00 00 00 00 00 00 00
2026-07-26T19:03:35.313235,213.205,can0  060  [32]  00 00 00 00 B1 30 4D 08 76 0F B8 10 0D 00 40 02 FF 01 00 00 00 00 00 01 02 00 00 00 00 00 00 00
2026-07-26T19:03:35.318488,213.211,can0  040  [04]  67 01 65 00
2026-07-26T19:03:35.366725,213.259,can0   002  [04]  04 86 b0 10 0
2026-07-26T19:03:35.412936,213.305,can0  002  [04]  90 5F 01 00
2026-07-26T19:03:35.416891,213.309,can0  002  [04]  48 6B 01 00
2026-07-26T19:03:35.416959,213.309,can0  040  [04]  67 01 65 00
2026-07-26T19:03:35.417002,213.309,can0  002  [04]  48 6B 01 00
2026-07-26T19:03:35.439465,213.332,can0   002  [04]  04 86 b0 10 0
2026-07-26T19:03:35.506850,213.399,can0   002  [04]  04 86 b0 10 0
2026-07-26T19:03:35.512675,213.405,can0  002  [04]  48 6B 01 00
2026-07-26T19:03:35.516344,213.408,can0  041  [04]  2E 00 5C 00
2026-07-26T19:03:35.574442,213.467,can0   002  [04]  04 86 b0 10 0
2026-07-26T19:03:35.612870,213.505,can0  002  [04]  48 6B 01 00
2026-07-26T19:03:35.613145,213.505,can0  040  [04]  01 00 61 00
2026-07-26T19:03:35.613345,213.505,can0  002  [04]  48 6B 01 00
2026-07-26T19:03:35.613598,213.506,can0  040  [04]  01 00 61 00
2026-07-26T19:03:35.640215,213.532,can0   002  [04]  04 86 b0 10 0
2026-07-26T19:03:35.708180,213.600,can0   002  [04]  04 86 b0 10 0
2026-07-26T19:03:35.712128,213.604,can0  001  [05]  00 00 00 00 40
2026-07-26T19:03:35.712292,213.604,can0  002  [04]  48 6B 01 00
2026-07-26T19:03:35.715876,213.608,can0  070  [20]  B1 30 4D 08 21 BA 62 03 B8 88 00 00 03 02 00 00 88 09 00 00
2026-07-26T19:03:35.778102,213.670,can0   002  [04]  04 86 b0 10 0
2026-07-26T19:03:35.812512,213.705,can0  110  [02]  AE 1A
2026-07-26T19:03:35.812664,213.705,can0  002  [04]  48 6B 01 00
2026-07-26T19:03:35.812874,213.705,can0  041  [04]  2D 00 58 00
2026-07-26T19:03:35.813085,213.705,can0  002  [04]  48 6B 01 00
2026-07-26T19:03:35.813267,213.705,can0  060  [32]  93 01 D6 02 4A B6 4D 08 CF 1E 64 03 00 00 5D 09 67 01 80 00 00 00 00 00 02 00 00 00 00 00 00 00
2026-07-26T19:03:35.816478,213.709,can0  060  [32]  85 18 D6 02 6C B6 4D 08 69 1F 64 03 00 00 C2 0B 67 01 80 00 00 00 00 01 02 00 00 00 00 00 00 00
2026-07-26T19:03:35.844742,213.737,can0   002  [04]  04 86 b0 10 0
2026-07-26T19:03:35.911117,213.803,can0   002  [04]  04 86 b0 10 0
2026-07-26T19:03:35.916722,213.809,can0  070  [20]  B1 30 4D 08 21 BA 62 03 B8 88 00 00 03 02 00 00 88 09 00 00
2026-07-26T19:03:35.916804,213.809,can0  040  [04]  02 00 61 00
2026-07-26T19:03:35.916847,213.809,can0  002  [04]  48 6B 01 00
2026-07-26T19:03:35.916889,213.809,can0  040  [04]  02 00 61 00
2026-07-26T19:03:35.981168,213.873,can0   002  [04]  04 86 b0 10 0
2026-07-26T19:03:36.012410,213.904,can0  133  [00]
2026-07-26T19:03:36.012608,213.905,can0  002  [04]  48 6B 01 00
2026-07-26T19:03:36.016338,213.908,can0  041  [04]  2C 00 56 00
2026-07-26T19:03:36.016425,213.908,can0  002  [04]  48 6B 01 00
2026-07-26T19:03:36.052870,213.945,can0   002  [04]  04 86 b0 10 0
2026-07-26T19:03:36.112071,214.004,can0  002  [04]  48 6B 01 00
2026-07-26T19:03:36.115715,214.008,can0  070  [20]  B6 30 4D 08 2A BA 62 03 A0 8C 00 00 03 02 00 00 4D 0B 00 00
2026-07-26T19:03:36.115805,214.008,can0  040  [04]  01 00 64 00
2026-07-26T19:03:36.125639,214.018,can0   002  [04]  04 86 b0 10 0
2026-07-26T19:03:36.195796,214.088,can0   002  [04]  04 86 b0 10 0
2026-07-26T19:03:36.212440,214.105,can0  100  [03]  1B 74 04
2026-07-26T19:03:36.213157,214.105,can0  120  [04]  B4 69 00 00
2026-07-26T19:03:36.213248,214.105,can0  070  [20]  B6 30 4D 08 2A BA 62 03 A0 8C 00 00 03 02 00 00 4E 0B 00 00
2026-07-26T19:03:36.213779,214.106,can0  040  [04]  01 00 64 00
2026-07-26T19:03:36.213859,214.106,can0  002  [04]  48 6B 01 00
2026-07-26T19:03:36.213937,214.106,can0  070  [20]  B6 30 4D 08 2A BA 62 03 A0 8C 00 00 03 02 00 00 4E 0B 00 00
2026-07-26T19:03:36.265736,214.158,can0   002  [04]  04 86 b0 10 0
2026-07-26T19:03:36.312157,214.204,can0  002  [04]  48 6B 01 00
2026-07-26T19:03:36.312403,214.204,can0  041  [04]  2C 00 56 00
2026-07-26T19:03:36.312641,214.205,can0  002  [04]  48 6B 01 00
2026-07-26T19:03:36.312772,214.205,can0  002  [04]  90 5F 01 00
2026-07-26T19:03:36.337284,214.229,can0   002  [04]  04 86 b0 10 0
2026-07-26T19:03:36.402809,214.295,can0   002  [04]  04 86 b0 10 0
2026-07-26T19:03:36.412982,214.305,can0  040  [04]  67 01 68 00
2026-07-26T19:03:36.413160,214.305,can0  002  [04]  48 6B 01 00
2026-07-26T19:03:36.413357,214.305,can0  040  [04]  67 01 68 00
2026-07-26T19:03:36.472838,214.365,can0   002  [04]  04 86 b0 10 0
2026-07-26T19:03:36.513058,214.405,can0  002  [04]  48 6B 01 00
2026-07-26T19:03:36.517450,214.410,can0  002  [04]  48 6B 01 00
2026-07-26T19:03:36.535940,214.428,can0   002  [04]  04 86 b0 10 0
2026-07-26T19:03:36.610073,214.502,can0   002  [04]  04 86 b0 10 0
2026-07-26T19:03:36.612360,214.504,can0  041  [04]  2C 00 54 00
2026-07-26T19:03:36.612603,214.505,can0  002  [04]  48 6B 01 00
2026-07-26T19:03:36.616136,214.508,can0  040  [04]  66 01 63 00
2026-07-26T19:03:36.681998,214.574,can0   002  [04]  04 86 b0 10 0
2026-07-26T19:03:36.712450,214.605,can0  002  [04]  48 6B 01 00
2026-07-26T19:03:36.712663,214.605,can0  040  [04]  66 01 63 00
2026-07-26T19:03:36.712809,214.605,can0  002  [04]  48 6B 01 00
2026-07-26T19:03:36.712982,214.605,can0  070  [20]  B6 30 4D 08 2A BA 62 03 A0 8C 00 00 03 02 00 00 4E 0B 00 00
2026-07-26T19:03:36.751015,214.643,can0   002  [04]  04 86 b0 10 0
2026-07-26T19:03:36.812633,214.705,can0  002  [04]  48 6B 01 00
2026-07-26T19:03:36.815785,214.708,can0  041  [04]  2D 00 51 00
2026-07-26T19:03:36.815951,214.708,can0   002  [04]  04 86 b0 10 0
2026-07-26T19:03:36.880029,214.772,can0   002  [04]  04 86 b0 10 0
2026-07-26T19:03:36.913083,214.805,can0  002  [04]  48 6B 01 00
2026-07-26T19:03:36.913379,214.805,can0  070  [20]  B6 30 4D 08 2A BA 62 03 A0 8C 00 00 03 02 00 00 4E 0B 00 00
2026-07-26T19:03:36.913779,214.806,can0  040  [04]  01 00 5C 00
2026-07-26T19:03:36.913827,214.806,can0  002  [04]  48 6B 01 00
2026-07-26T19:03:36.950859,214.843,can0   002  [04]  04 86 b0 10 0
2026-07-26T19:03:37.012721,214.905,can0  040  [04]  01 00 5C 00
2026-07-26T19:03:37.012789,214.905,can0  002  [04]  48 6B 01 00
2026-07-26T19:03:37.019617,214.912,can0   002  [04]  04 86 b0 10 0
2026-07-26T19:03:37.086512,214.979,can0   002  [04]  04 86 b0 10 0
2026-07-26T19:03:37.112708,215.005,can0  002  [04]  48 6B 01 00
2026-07-26T19:03:37.112769,215.005,can0  041  [04]  2E 00 52 00
2026-07-26T19:03:37.112831,215.005,can0  070  [20]  B2 30 4D 08 28 BA 62 03 88 90 00 00 03 02 00 00 49 0B 00 00
2026-07-26T19:03:37.112877,215.005,can0  002  [04]  48 6B 01 00
2026-07-26T19:03:37.112917,215.005,can0  070  [20]  B2 30 4D 08 28 BA 62 03 88 90 00 00 03 02 00 00 49 0B 00 00
2026-07-26T19:03:37.155965,215.048,can0   002  [04]  04 86 b0 10 0
2026-07-26T19:03:37.212658,215.105,can0  040  [04]  02 00 59 00
2026-07-26T19:03:37.212793,215.105,can0  002  [04]  48 6B 01 00
2026-07-26T19:03:37.216761,215.109,can0  070  [20]  B2 30 4D 08 28 BA 62 03 88 90 00 00 03 02 00 00 49 0B 00 00
2026-07-26T19:03:37.216814,215.109,can0  040  [04]  02 00 59 00
2026-07-26T19:03:37.219896,215.112,can0   002  [04]  04 86 b0 10 0
2026-07-26T19:03:37.289530,215.182,can0   002  [04]  04 86 b0 10 0
2026-07-26T19:03:37.312500,215.205,can0  060  [32]  00 00 00 00 B6 30 4D 08 7E 0F B8 10 0F 00 30 02 FF 01 00 00 00 00 00 00 02 00 00 00 00 00 00 00
2026-07-26T19:03:37.312655,215.205,can0  060  [32]  AE 64 D6 02 B8 31 4D 08 23 F8 B8 10 33 00 BF 05 FF 01 00 00 00 00 00 01 02 00 00 00 00 00 00 00
2026-07-26T19:03:37.313775,215.206,can0  002  [04]  48 6B 01 00
2026-07-26T19:03:37.313825,215.206,can0  002  [04]  90 5F 01 00
2026-07-26T19:03:37.318463,215.211,can0  002  [04]  48 6B 01 00
2026-07-26T19:03:37.360391,215.252,can0   002  [04]  04 86 b0 10 0
2026-07-26T19:03:37.412392,215.304,can0  100  [03]  1C 74 04
2026-07-26T19:03:37.412639,215.305,can0  110  [02]  AF 1A
2026-07-26T19:03:37.412951,215.305,can0  120  [04]  BE 69 00 00
2026-07-26T19:03:37.413001,215.305,can0  041  [04]  2E 00 55 00
2026-07-26T19:03:37.413169,215.305,can0  002  [04]  48 6B 01 00
2026-07-26T19:03:37.427823,215.320,can0   002  [04]  04 86 b0 10 0
2026-07-26T19:03:37.494720,215.387,can0   002  [04]  04 86 b0 10 0
2026-07-26T19:03:37.512239,215.404,can0  040  [04]  01 00 5A 00
2026-07-26T19:03:37.515989,215.408,can0  002  [04]  48 6B 01 00
2026-07-26T19:03:37.516063,215.408,can0  040  [04]  01 00 5A 00
2026-07-26T19:03:37.565804,215.458,can0   002  [04]  04 86 b0 10 0
2026-07-26T19:03:37.612742,215.505,can0  002  [04]  48 6B 01 00
2026-07-26T19:03:37.612810,215.505,can0  002  [04]  48 6B 01 00
2026-07-26T19:03:37.612854,215.505,can0  041  [04]  2E 00 58 00
2026-07-26T19:03:37.626383,215.518,can0   002  [04]  04 86 b0 10 0
2026-07-26T19:03:37.689757,215.582,can0   002  [04]  04 86 b0 10 0
2026-07-26T19:03:37.713203,215.605,can0  001  [05]  00 00 00 00 40
2026-07-26T19:03:37.713270,215.605,can0  002  [04]  48 6B 01 00
2026-07-26T19:03:37.713427,215.605,can0  040  [04]  63 01 61 00
2026-07-26T19:03:37.713700,215.606,can0  070  [20]  B2 30 4D 08 28 BA 62 03 88 90 00 00 03 02 00 00 49 0B 00 00
2026-07-26T19:03:37.713901,215.606,can0  002  [04]  48 6B 01 00
2026-07-26T19:03:37.758821,215.651,can0   002  [04]  04 86 b0 10 0
2026-07-26T19:03:37.812598,215.705,can0  040  [04]  63 01 61 00
2026-07-26T19:03:37.812782,215.705,can0  002  [04]  48 6B 01 00
2026-07-26T19:03:37.827098,215.719,can0   002  [04]  04 86 b0 10 0
2026-07-26T19:03:37.895237,215.787,can0   002  [04]  04 86 b0 10 0
2026-07-26T19:03:37.912236,215.804,can0  070  [20]  B2 30 4D 08 28 BA 62 03 88 90 00 00 03 02 00 00 49 0B 00 00
2026-07-26T19:03:37.912418,215.805,can0  002  [04]  48 6B 01 00
2026-07-26T19:03:37.912697,215.805,can0  041  [04]  2E 00 58 00
2026-07-26T19:03:37.959561,215.852,can0   002  [04]  04 86 b0 10 0
2026-07-26T19:03:38.012330,215.904,can0  002  [04]  48 6B 01 00
2026-07-26T19:03:38.012597,215.905,can0  040  [04]  5E 01 65 00
2026-07-26T19:03:38.012712,215.905,can0  002  [04]  48 6B 01 00
2026-07-26T19:03:38.012952,215.905,can0  040  [04]  5E 01 65 00
2026-07-26T19:03:38.030136,215.922,can0   002  [04]  04 86 b0 10 0
2026-07-26T19:03:38.095433,215.988,can0   002  [04]  04 86 b0 10 0
2026-07-26T19:03:38.112836,216.005,can0  002  [04]  48 6B 01 00
2026-07-26T19:03:38.114064,216.006,can0  070  [20]  B1 30 4D 08 2B BA 62 03 70 94 00 00 03 02 00 00 67 07 00 00
2026-07-26T19:03:38.164157,216.056,can0   002  [04]  04 86 b0 10 0
2026-07-26T19:03:38.212458,216.105,can0  002  [04]  48 6B 01 00
2026-07-26T19:03:38.212727,216.105,can0  041  [04]  2E 00 55 00
2026-07-26T19:03:38.212962,216.105,can0  070  [20]  B1 30 4D 08 2B BA 62 03 70 94 00 00 03 02 00 00 67 07 00 00
2026-07-26T19:03:38.213164,216.105,can0  002  [04]  48 6B 01 00
2026-07-26T19:03:38.213373,216.105,can0  070  [20]  B1 30 4D 08 2B BA 62 03 70 94 00 00 03 02 00 00 67 07 00 00
2026-07-26T19:03:38.213615,216.106,can0  040  [04]  5F 01 5C 00
2026-07-26T19:03:38.229742,216.122,can0   002  [04]  04 86 b0 10 0
2026-07-26T19:03:38.294823,216.187,can0   002  [04]  04 86 b0 10 0
2026-07-26T19:03:38.312195,216.204,can0  002  [04]  48 6B 01 00
2026-07-26T19:03:38.312459,216.205,can0  040  [04]  5F 01 5C 00
2026-07-26T19:03:38.312734,216.205,can0  060  [32]  00 00 00 00 B1 30 4D 08 80 0F B8 10 0A 00 4D 04 FF 01 00 00 00 00 00 00 01 00 00 00 00 00 00 00
2026-07-26T19:03:38.313862,216.206,can0  002  [04]  90 5F 01 00
2026-07-26T19:03:38.364438,216.257,can0   002  [04]  04 86 b0 10 0
2026-07-26T19:03:38.412654,216.305,can0  002  [04]  48 6B 01 00
2026-07-26T19:03:38.412812,216.305,can0  002  [04]  48 6B 01 00
2026-07-26T19:03:38.416541,216.309,can0  041  [04]  2E 00 4D 00
2026-07-26T19:03:38.432497,216.325,can0   002  [04]  04 86 b0 10 0
2026-07-26T19:03:38.495764,216.388,can0   002  [04]  04 86 b0 10 0
2026-07-26T19:03:38.516450,216.409,can0  002  [04]  48 6B 01 00
2026-07-26T19:03:38.516525,216.409,can0  040  [04]  64 01 52 00
2026-07-26T19:03:38.559256,216.451,can0   002  [04]  04 86 b0 10 0
2026-07-26T19:03:38.612361,216.504,can0  002  [04]  48 6B 01 00
2026-07-26T19:03:38.612618,216.505,can0  100  [03]  1D 74 04
2026-07-26T19:03:38.613020,216.505,can0  120  [04]  B4 69 00 00
2026-07-26T19:03:38.613066,216.505,can0  040  [04]  64 01 52 00
2026-07-26T19:03:38.613194,216.505,can0  002  [04]  48 6B 01 00
2026-07-26T19:03:38.625213,216.517,can0   002  [04]  04 86 b0 10 0
2026-07-26T19:03:38.696726,216.589,can0   002  [04]  04 86 b0 10 0
2026-07-26T19:03:38.713081,216.605,can0  002  [04]  48 6B 01 00
2026-07-26T19:03:38.716019,216.608,can0  041  [04]  2F 00 4A 00
2026-07-26T19:03:38.716094,216.608,can0  070  [20]  B1 30 4D 08 2B BA 62 03 70 94 00 00 03 02 00 00 67 07 00 00
2026-07-26T19:03:38.759080,216.651,can0   002  [04]  04 86 b0 10 0
2026-07-26T19:03:38.812499,216.705,can0  002  [04]  48 6B 01 00
2026-07-26T19:03:38.816297,216.708,can0  040  [04]  00 00 4E 00
2026-07-26T19:03:38.816357,216.708,can0  002  [04]  48 6B 01 00
2026-07-26T19:03:38.816397,216.708,can0  040  [04]  00 00 4E 00
2026-07-26T19:03:38.827189,216.719,can0   002  [04]  04 86 b0 10 0
2026-07-26T19:03:38.896530,216.789,can0   002  [04]  04 86 b0 10 0
2026-07-26T19:03:38.916453,216.809,can0  002  [04]  48 6B 01 00
2026-07-26T19:03:38.916522,216.809,can0  070  [20]  B1 30 4D 08 2B BA 62 03 70 94 00 00 03 02 00 00 67 07 00 00
2026-07-26T19:03:38.965255,216.857,can0   002  [04]  04 86 b0 10 0
2026-07-26T19:03:39.012927,216.905,can0  002  [04]  48 6B 01 00
2026-07-26T19:03:39.017157,216.909,can0  110  [02]  AE 1A
2026-07-26T19:03:39.017280,216.909,can0  041  [04]  2E 00 4B 00
2026-07-26T19:03:39.017376,216.909,can0  002  [04]  48 6B 01 00
2026-07-26T19:03:39.017457,216.910,can0  040  [04]  67 01 51 00
2026-07-26T19:03:39.028705,216.921,can0   002  [04]  04 86 b0 10 0
2026-07-26T19:03:39.094314,216.986,can0   002  [04]  04 86 b0 10 0
2026-07-26T19:03:39.113082,217.005,can0  002  [04]  48 6B 01 00
2026-07-26T19:03:39.113295,217.005,can0  040  [04]  67 01 51 00
2026-07-26T19:03:39.113544,217.006,can0  070  [20]  B4 30 4D 08 2F BA 62 03 58 98 00 00 03 02 00 00 05 06 00 00
2026-07-26T19:03:39.113793,217.006,can0  070  [20]  B4 30 4D 08 2F BA 62 03 58 98 00 00 03 02 00 00 05 06 00 00
2026-07-26T19:03:39.113965,217.006,can0  002  [04]  48 6B 01 00
2026-07-26T19:03:39.166631,217.059,can0   002  [04]  04 86 b0 10 0
2026-07-26T19:03:39.213066,217.105,can0  002  [04]  48 6B 01 00
2026-07-26T19:03:39.213309,217.105,can0  041  [04]  2E 00 4D 00
2026-07-26T19:03:39.213539,217.106,can0  070  [20]  B4 30 4D 08 2F BA 62 03 58 98 00 00 03 02 00 00 05 06 00 00
2026-07-26T19:03:39.235130,217.127,can0   002  [04]  04 86 b0 10 0
2026-07-26T19:03:39.306534,217.199,can0   002  [04]  04 86 b0 10 0
2026-07-26T19:03:39.313008,217.205,can0  002  [04]  48 6B 01 00
2026-07-26T19:03:39.313260,217.205,can0  060  [32]  1B FE D5 02 37 C9 4D 08 C5 64 63 03 6D 00 11 0A FE 00 01 00 00 00 00 00 02 00 00 00 00 00 00 00
2026-07-26T19:03:39.314319,217.206,can0  060  [32]  30 7B D6 02 1E B5 4D 08 EB 1D 64 03 00 00 A4 0C 58 00 80 00 00 00 00 01 02 00 00 00 00 00 00 00
2026-07-26T19:03:39.320214,217.212,can0  040  [04]  65 01 5B 00
2026-07-26T19:03:39.320287,217.212,can0  002  [04]  90 5F 01 00
2026-07-26T19:03:39.382077,217.274,can0   002  [04]  04 86 b0 10 0
2026-07-26T19:03:39.440787,217.333,can0  002  [04]  48 6B 01 00
2026-07-26T19:03:39.440907,217.333,can0  040  [04]  65 01 5B 00
2026-07-26T19:03:39.440968,217.333,can0  002  [04]  48 6B 01 00
2026-07-26T19:03:39.453458,217.346,can0   002  [04]  04 86 b0 10 0
2026-07-26T19:03:39.513021,217.405,can0  041  [04]  2D 00 50 00
2026-07-26T19:03:39.513174,217.405,can0  002  [04]  48 6B 01 00
2026-07-26T19:03:39.523140,217.415,can0   002  [04]  04 86 b0 10 0
2026-07-26T19:03:39.588771,217.481,can0   002  [04]  04 86 b0 10 0
2026-07-26T19:03:39.612665,217.505,can0  040  [04]  62 01 5F 00
2026-07-26T19:03:39.614690,217.507,can0  002  [04]  48 6B 01 00
2026-07-26T19:03:39.614768,217.507,can0  040  [04]  62 01 5F 00
2026-07-26T19:03:39.614816,217.507,can0  002  [04]  48 6B 01 00
2026-07-26T19:03:39.655662,217.548,can0   002  [04]  04 86 b0 10 0
2026-07-26T19:03:39.712604,217.605,can0  001  [05]  00 00 00 00 40
2026-07-26T19:03:39.712727,217.605,can0  002  [04]  48 6B 01 00
2026-07-26T19:03:39.716018,217.608,can0  070  [20]  B4 30 4D 08 2F BA 62 03 58 98 00 00 03 02 00 00 05 06 00 00
2026-07-26T19:03:39.716139,217.608,can0  100  [03]  1D 74 04
2026-07-26T19:03:39.723462,217.616,can0   002  [04]  04 86 b0 10 0
2026-07-26T19:03:39.792376,217.684,can0   002  [04]  04 86 b0 10 0
2026-07-26T19:03:39.812891,217.705,can0  120  [04]  BE 69 00 00
2026-07-26T19:03:39.813162,217.705,can0  041  [04]  2F 00 4D 00
2026-07-26T19:03:39.813347,217.705,can0  002  [04]  48 6B 01 00
2026-07-26T19:03:39.813609,217.706,can0  040  [04]  63 01 5A 00
2026-07-26T19:03:39.813769,217.706,can0  002  [04]  48 6B 01 00
2026-07-26T19:03:39.863007,217.755,can0   002  [04]  04 86 b0 10 0
2026-07-26T19:03:39.913188,217.805,can0  070  [20]  B4 30 4D 08 2F BA 62 03 58 98 00 00 03 02 00 00 05 06 00 00
2026-07-26T19:03:39.913400,217.805,can0  040  [04]  63 01 5A 00
2026-07-26T19:03:39.913635,217.806,can0  002  [04]  48 6B 01 00
2026-07-26T19:03:39.932898,217.825,can0   002  [04]  04 86 b0 10 0
2026-07-26T19:03:39.998285,217.890,can0   002  [04]  04 86 b0 10 0
2026-07-26T19:03:40.012620,217.905,can0  002  [04]  48 6B 01 00
2026-07-26T19:03:40.012971,217.905,can0  041  [04]  2F 00 4D 00
2026-07-26T19:03:40.013021,217.905,can0  060  [32]  00 00 00 00 B4 30 4D 08 83 0F B8 10 08 00 48 03 FF 01 00 00 00 00 00 00 02 00 00 00 00 00 00 00
2026-07-26T19:03:40.017792,217.910,can0  060  [32]  74 5E 11 00 FC BA 4D 08 5B C2 63 03 45 00 DF 0B 31 01 80 00 00 00 00 01 02 00 00 00 00 00 00 00
2026-07-26T19:03:40.017876,217.910,can0  002  [04]  48 6B 01 00
2026-07-26T19:03:40.069868,217.962,can0   002  [04]  04 86 b0 10 0
2026-07-26T19:03:40.112438,218.005,can0  070  [20]  B2 30 4D 08 2B BA 62 03 40 9C 00 00 03 02 00 00 08 08 00 00
2026-07-26T19:03:40.112647,218.005,can0  040  [04]  65 01 52 00
2026-07-26T19:03:40.112815,218.005,can0  002  [04]  48 6B 01 00
2026-07-26T19:03:40.139281,218.031,can0   002  [04]  04 86 b0 10 0
2026-07-26T19:03:40.206687,218.099,can0   002  [04]  04 86 b0 10 0
2026-07-26T19:03:40.213137,218.105,can0  070  [20]  B2 30 4D 08 2B BA 62 03 40 9C 00 00 03 02 00 00 07 08 00 00
2026-07-26T19:03:40.213360,218.105,can0  040  [04]  65 01 52 00
2026-07-26T19:03:40.213599,218.106,can0  002  [04]  48 6B 01 00
2026-07-26T19:03:40.213884,218.106,can0  070  [20]  B2 30 4D 08 2B BA 62 03 40 9C 00 00 03 02 00 00 07 08 00 00
2026-07-26T19:03:40.271213,218.163,can0   002  [04]  04 86 b0 10 0
2026-07-26T19:03:40.313104,218.205,can0  002  [04]  48 6B 01 00
2026-07-26T19:03:40.313175,218.205,can0  041  [04]  2D 00 4C 00
2026-07-26T19:03:40.316992,218.209,can0  002  [04]  48 6B 01 00
2026-07-26T19:03:40.317066,218.209,can0  002  [04]  90 5F 01 00
2026-07-26T19:03:40.339896,218.232,can0   002  [04]  04 86 b0 10 0
2026-07-26T19:03:40.404525,218.297,can0   002  [04]  04 86 b0 10 0
2026-07-26T19:03:40.412975,218.305,can0  040  [04]  00 00 4B 00
2026-07-26T19:03:40.413095,218.305,can0  002  [04]  48 6B 01 00
2026-07-26T19:03:40.416554,218.309,can0  132  [00]
2026-07-26T19:03:40.416622,218.309,can0  040  [04]  00 00 4B 00
2026-07-26T19:03:40.471819,218.364,can0   002  [04]  04 86 b0 10 0
2026-07-26T19:03:40.513072,218.405,can0  002  [04]  48 6B 01 00
2026-07-26T19:03:40.513277,218.405,can0  002  [04]  48 6B 01 00
2026-07-26T19:03:40.513635,218.406,can0  110  [02]  AF 1A
2026-07-26T19:03:40.513699,218.406,can0  041  [04]  2D 00 4F 00
2026-07-26T19:03:40.535884,218.428,can0   002  [04]  04 86 b0 10 0
2026-07-26T19:03:40.601390,218.493,can0   002  [04]  04 86 b0 10 0
2026-07-26T19:03:40.612322,218.504,can0  002  [04]  48 6B 01 00
2026-07-26T19:03:40.612582,218.505,can0  060  [32]  00 00 00 00 B2 30 4D 08 80 0F B8 10 0B 00 FA 06 FF 01 00 00 00 00 00 00 02 00 00 00 00 00 00 00
2026-07-26T19:03:40.612791,218.505,can0  060  [32]  67 1A D6 02 1F 78 4D 08 17 B9 63 03 00 00 14 09 FF 01 00 00 00 00 00 01 02 00 00 00 00 00 00 00
2026-07-26T19:03:40.613944,218.506,can0  040  [04]  00 00 4E 00
2026-07-26T19:03:40.614149,218.506,can0  002  [04]  48 6B 01 00
2026-07-26T19:03:40.665007,218.557,can0   002  [04]  04 86 b0 10 0
2026-07-26T19:03:40.712734,218.605,can0  040  [04]  00 00 4E 00
2026-07-26T19:03:40.712945,218.605,can0  002  [04]  48 6B 01 00
2026-07-26T19:03:40.713193,218.605,can0  070  [20]  B2 30 4D 08 2B BA 62 03 40 9C 00 00 03 02 00 00 07 08 00 00
2026-07-26T19:03:40.732320,218.624,can0   002  [04]  04 86 b0 10 0
2026-07-26T19:03:40.795995,218.688,can0   002  [04]  04 86 b0 10 0
2026-07-26T19:03:40.812927,218.705,can0  002  [04]  48 6B 01 00
2026-07-26T19:03:40.813189,218.705,can0  041  [04]  2D 00 52 00
2026-07-26T19:03:40.813373,218.705,can0  002  [04]  48 6B 01 00
2026-07-26T19:03:40.867131,218.759,can0   002  [04]  04 86 b0 10 0
2026-07-26T19:03:40.912644,218.805,can0  070  [20]  B2 30 4D 08 2B BA 62 03 40 9C 00 00 03 02 00 00 07 08 00 00
2026-07-26T19:03:40.912913,218.805,can0  040  [04]  66 01 58 00
2026-07-26T19:03:40.913114,218.805,can0  002  [04]  48 6B 01 00
2026-07-26T19:03:40.913346,218.805,can0  040  [04]  66 01 58 00
2026-07-26T19:03:40.913567,218.806,can0  100  [03]  1D 74 04
2026-07-26T19:03:40.929866,218.822,can0   002  [04]  04 86 b0 10 0
2026-07-26T19:03:40.998512,218.891,can0   002  [04]  04 86 b0 10 0
2026-07-26T19:03:41.012458,218.905,can0  120  [04]  B4 69 00 00
2026-07-26T19:03:41.012621,218.905,can0  002  [04]  48 6B 01 00
2026-07-26T19:03:41.016313,218.908,can0  002  [04]  48 6B 01 00
2026-07-26T19:03:41.065686,218.958,can0   002  [04]  04 86 b0 10 0
2026-07-26T19:03:41.112712,219.005,can0  041  [04]  2D 00 57 00
2026-07-26T19:03:41.112859,219.005,can0  002  [04]  48 6B 01 00
2026-07-26T19:03:41.113446,219.006,can0  070  [20]  B4 30 4D 08 30 BA 62 03 28 A0 00 00 03 02 00 00 19 0B 00 00
2026-07-26T19:03:41.113773,219.006,can0  060  [32]  00 00 00 00 00 00 00 00 00 00 00 00 00 00 00 00 00 00 00 00 00 00 00 00 00 00 00 00 00 00 00 00
2026-07-26T19:03:41.114033,219.006,can0  070  [20]  B4 30 4D 08 30 BA 62 03 28 A0 00 00 03 02 00 00 1A 0B 00 00
2026-07-26T19:03:41.134861,219.027,can0   002  [04]  04 86 b0 10 0
2026-07-26T19:03:41.205026,219.097,can0   002  [04]  04 86 b0 10 0
2026-07-26T19:03:41.212217,219.104,can0  040  [04]  65 01 5B 00
2026-07-26T19:03:41.212421,219.104,can0  002  [04]  48 6B 01 00
2026-07-26T19:03:41.212691,219.105,can0  070  [20]  B4 30 4D 08 30 BA 62 03 28 A0 00 00 03 02 00 00 1A 0B 00 00
2026-07-26T19:03:41.212872,219.105,can0  040  [04]  65 01 5B 00
2026-07-26T19:03:41.277512,219.170,can0   002  [04]  04 86 b0 10 0
2026-07-26T19:03:41.312199,219.204,can0  002  [04]  48 6B 01 00
2026-07-26T19:03:41.312410,219.204,can0  002  [04]  48 6B 01 00
2026-07-26T19:03:41.312634,219.205,can0  002  [04]  90 5F 01 00
2026-07-26T19:03:41.312864,219.205,can0  041  [04]  2E 00 58 00
2026-07-26T19:03:41.344132,219.236,can0   002  [04]  04 86 b0 10 0
2026-07-26T19:03:41.406582,219.299,can0   002  [04]  04 86 b0 10 0
2026-07-26T19:03:41.412700,219.305,can0  060  [32]  00 00 00 00 B4 30 4D 08 85 0F B8 10 0F 00 9E 03 FF 01 00 00 00 00 00 00 01 00 00 00 00 00 00 00
2026-07-26T19:03:41.413770,219.306,can0  002  [04]  48 6B 01 00
2026-07-26T19:03:41.414065,219.306,can0  040  [04]  65 01 58 00
2026-07-26T19:03:41.474664,219.367,can0   002  [04]  04 86 b0 10 0
2026-07-26T19:03:41.512916,219.405,can0  002  [04]  48 6B 01 00
2026-07-26T19:03:41.513192,219.405,can0  040  [04]  65 01 58 00
2026-07-26T19:03:41.513418,219.405,can0  002  [04]  48 6B 01 00
2026-07-26T19:03:41.543441,219.436,can0   002  [04]  04 86 b0 10 0
2026-07-26T19:03:41.611172,219.503,can0   002  [04]  04 86 b0 10 0
2026-07-26T19:03:41.612566,219.505,can0  002  [04]  48 6B 01 00
2026-07-26T19:03:41.612877,219.505,can0  041  [04]  2E 00 59 00
2026-07-26T19:03:41.681727,219.574,can0   002  [04]  04 86 b0 10 0
2026-07-26T19:03:41.712077,219.604,can0  001  [05]  00 00 00 00 40
2026-07-26T19:03:41.712255,219.604,can0  002  [04]  48 6B 01 00
2026-07-26T19:03:41.712537,219.605,can0  040  [04]  67 01 55 00
2026-07-26T19:03:41.712730,219.605,can0  002  [04]  48 6B 01 00
2026-07-26T19:03:41.713006,219.605,can0  070  [20]  B4 30 4D 08 30 BA 62 03 28 A0 00 00 03 02 00 00 1A 0B 00 00
2026-07-26T19:03:41.744806,219.637,can0   002  [04]  04 86 b0 10 0
2026-07-26T19:03:41.812160,219.704,can0  040  [04]  67 01 55 00
2026-07-26T19:03:41.812357,219.704,can0  002  [04]  48 6B 01 00
2026-07-26T19:03:41.817698,219.710,can0   002  [04]  04 86 b0 10 0
2026-07-26T19:03:41.886360,219.778,can0   002  [04]  04 86 b0 10 0
2026-07-26T19:03:41.912764,219.805,can0  070  [20]  B4 30 4D 08 30 BA 62 03 28 A0 00 00 03 02 00 00 1A 0B 00 00
2026-07-26T19:03:41.913011,219.805,can0  002  [04]  48 6B 01 00
2026-07-26T19:03:41.913332,219.805,can0  041  [04]  30 00 5A 00
2026-07-26T19:03:41.913585,219.806,can0  002  [04]  48 6B 01 00
2026-07-26T19:03:41.951421,219.844,can0   002  [04]  04 86 b0 10 0
2026-07-26T19:03:42.012677,219.905,can0  040  [04]  02 00 51 00
2026-07-26T19:03:42.012841,219.905,can0  002  [04]  48 6B 01 00
2026-07-26T19:03:42.013134,219.905,can0  040  [04]  02 00 51 00
2026-07-26T19:03:42.019000,219.911,can0   002  [04]  04 86 b0 10 0
2026-07-26T19:03:42.087123,219.979,can0   002  [04]  04 86 b0 10 0
2026-07-26T19:03:42.112816,220.005,can0  002  [04]  48 6B 01 00
2026-07-26T19:03:42.114056,220.006,can0  070  [20]  B4 30 4D 08 30 BA 62 03 10 A4 00 00 03 02 00 00 07 05 00 00
2026-07-26T19:03:42.114115,220.006,can0  002  [04]  48 6B 01 00
2026-07-26T19:03:42.114193,220.006,can0  070  [20]  B4 30 4D 08 30 BA 62 03 10 A4 00 00 03 02 00 00 07 05 00 00
2026-07-26T19:03:42.114260,220.006,can0  100  [03]  1E 74 04
2026-07-26T19:03:42.114365,220.006,can0  110  [02]  AE 1A
2026-07-26T19:03:42.114541,220.007,can0  120  [04]  BE 69 00 00
2026-07-26T19:03:42.155978,220.048,can0   002  [04]  04 86 b0 10 0
2026-07-26T19:03:42.213537,220.106,can0  041  [04]  2F 00 58 00
2026-07-26T19:03:42.213612,220.106,can0  060  [32]  5A 47 D6 02 3C 2D 4D 08 5E A9 63 03 34 00 AF 05 FF 01 00 00 00 00 00 00 02 00 00 00 00 00 00 00
2026-07-26T19:03:42.213662,220.106,can0  060  [32]  00 2E FB 04 6C 0B 4E 08 3F 60 62 03 00 00 76 00 54 00 80 00 00 00 00 01 02 00 00 00 00 00 00 00
2026-07-26T19:03:42.214662,220.107,can0  002  [04]  48 6B 01 00
2026-07-26T19:03:42.217660,220.110,can0   002  [04]  04 86 b0 10 0
2026-07-26T19:03:42.219027,220.111,can0  070  [20]  B4 30 4D 08 30 BA 62 03 10 A4 00 00 03 02 00 00 07 05 00 00
2026-07-26T19:03:42.219091,220.111,can0  040  [04]  02 00 50 00
2026-07-26T19:03:42.286873,220.179,can0   002  [04]  04 86 b0 10 0
2026-07-26T19:03:42.313100,220.205,can0  002  [04]  48 6B 01 00
2026-07-26T19:03:42.313367,220.205,can0  040  [04]  02 00 50 00
2026-07-26T19:03:42.313572,220.206,can0  002  [04]  90 5F 01 00
2026-07-26T19:03:42.313761,220.206,can0  002  [04]  48 6B 01 00
2026-07-26T19:03:42.353022,220.245,can0   002  [04]  04 86 b0 10 0
2026-07-26T19:03:42.412403,220.304,can0  002  [04]  48 6B 01 00
2026-07-26T19:03:42.412637,220.305,can0  041  [04]  2E 00 56 00
2026-07-26T19:03:42.420735,220.313,can0   002  [04]  04 86 b0 10 0
2026-07-26T19:03:42.483734,220.376,can0   002  [04]  04 86 b0 10 0
2026-07-26T19:03:42.513426,220.406,can0  002  [04]  48 6B 01 00
2026-07-26T19:03:42.513520,220.406,can0  040  [04]  03 00 52 00
2026-07-26T19:03:42.513642,220.406,can0  002  [04]  48 6B 01 00
2026-07-26T19:03:42.513848,220.406,can0  040  [04]  03 00 52 00
2026-07-26T19:03:42.551296,220.443,can0   002  [04]  04 86 b0 10 0
2026-07-26T19:03:42.613290,220.505,can0  002  [04]  48 6B 01 00
2026-07-26T19:03:42.622741,220.515,can0   002  [04]  04 86 b0 10 0
2026-07-26T19:03:42.693391,220.585,can0   002  [04]  04 86 b0 10 0
2026-07-26T19:03:42.712953,220.605,can0  002  [04]  48 6B 01 00
2026-07-26T19:03:42.713323,220.605,can0  041  [04]  2E 00 55 00
2026-07-26T19:03:42.713422,220.605,can0  070  [20]  B4 30 4D 08 30 BA 62 03 10 A4 00 00 03 02 00 00 07 05 00 00
2026-07-26T19:03:42.713591,220.606,can0  002  [04]  48 6B 01 00
2026-07-26T19:03:42.758963,220.651,can0   002  [04]  04 86 b0 10 0
2026-07-26T19:03:42.813155,220.705,can0  040  [04]  02 00 56 00
2026-07-26T19:03:42.813404,220.705,can0  002  [04]  48 6B 01 00
2026-07-26T19:03:42.813602,220.706,can0  040  [04]  02 00 56 00
2026-07-26T19:03:42.826306,220.718,can0   002  [04]  04 86 b0 10 0
2026-07-26T19:03:42.894109,220.786,can0   002  [04]  04 86 b0 10 0
2026-07-26T19:03:42.912627,220.805,can0  002  [04]  48 6B 01 00
2026-07-26T19:03:42.916938,220.809,can0  070  [20]  B4 30 4D 08 30 BA 62 03 10 A4 00 00 03 02 00 00 07 05 00 00
2026-07-26T19:03:42.917012,220.809,can0  002  [04]  48 6B 01 00
2026-07-26T19:03:42.917053,220.809,can0  041  [04]  2E 00 55 00
2026-07-26T19:03:42.962650,220.855,can0   002  [04]  04 86 b0 10 0
2026-07-26T19:03:43.013003,220.905,can0  002  [04]  48 6B 01 00
2026-07-26T19:03:43.016524,220.909,can0  040  [04]  01 00 55 00
2026-07-26T19:03:43.025095,220.917,can0   002  [04]  04 86 b0 10 0
2026-07-26T19:03:43.094916,220.987,can0   002  [04]  04 86 b0 10 0
2026-07-26T19:03:43.112753,221.005,can0  002  [04]  48 6B 01 00
2026-07-26T19:03:43.113138,221.005,can0  040  [04]  01 00 55 00
2026-07-26T19:03:43.113217,221.005,can0  070  [20]  B6 30 4D 08 32 BA 62 03 F8 A7 00 00 03 02 00 00 F4 05 00 00
2026-07-26T19:03:43.113320,221.005,can0  002  [04]  48 6B 01 00
2026-07-26T19:03:43.161331,221.053,can0   002  [04]  04 86 b0 10 0
2026-07-26T19:03:43.212650,221.105,can0  070  [20]  B6 30 4D 08 32 BA 62 03 F8 A7 00 00 03 02 00 00 F4 05 00 00
2026-07-26T19:03:43.217743,221.110,can0  002  [04]  48 6B 01 00
2026-07-26T19:03:43.217816,221.110,can0  041  [04]  2E 00 55 00
2026-07-26T19:03:43.217858,221.110,can0  070  [20]  B6 30 4D 08 32 BA 62 03 F8 A7 00 00 03 02 00 00 F4 05 00 00
2026-07-26T19:03:43.230064,221.122,can0   002  [04]  04 86 b0 10 0
2026-07-26T19:03:43.299587,221.192,can0   002  [04]  04 86 b0 10 0
2026-07-26T19:03:43.312704,221.205,can0  002  [04]  48 6B 01 00
2026-07-26T19:03:43.313288,221.205,can0  040  [04]  00 00 53 00
2026-07-26T19:03:43.313367,221.205,can0  060  [32]  00 00 00 00 B4 30 4D 08 85 0F B8 10 06 00 52 04 FF 01 00 00 00 00 00 00 02 00 00 00 00 00 00 00
2026-07-26T19:03:43.313459,221.206,can0  002  [04]  90 5F 01 00
2026-07-26T19:03:43.313543,221.206,can0  060  [32]  6E DE D5 02 06 6B 4D 08 2E DC 64 03 00 00 95 0C 3A 00 80 00 00 00 00 01 02 00 00 00 00 00 00 00
2026-07-26T19:03:43.314966,221.207,can0  002  [04]  48 6B 01 00
2026-07-26T19:03:43.315217,221.207,can0  100  [03]  20 74 04
2026-07-26T19:03:43.315452,221.208,can0  120  [04]  B4 69 00 00
2026-07-26T19:03:43.366393,221.258,can0   002  [04]  04 86 b0 10 0
2026-07-26T19:03:43.412083,221.304,can0  040  [04]  00 00 53 00
2026-07-26T19:03:43.412315,221.304,can0  002  [04]  48 6B 01 00
2026-07-26T19:03:43.436633,221.329,can0   002  [04]  04 86 b0 10 0
2026-07-26T19:03:43.504593,221.397,can0   002  [04]  04 86 b0 10 0
2026-07-26T19:03:43.512481,221.405,can0  041  [04]  2E 00 54 00
2026-07-26T19:03:43.512712,221.405,can0  002  [04]  48 6B 01 00
2026-07-26T19:03:43.512903,221.405,can0  002  [04]  48 6B 01 00
2026-07-26T19:03:43.572938,221.465,can0   002  [04]  04 86 b0 10 0
2026-07-26T19:03:43.612837,221.505,can0  040  [04]  01 00 4E 00
2026-07-26T19:03:43.613083,221.505,can0  040  [04]  01 00 4E 00
2026-07-26T19:03:43.613307,221.505,can0  002  [04]  48 6B 01 00
2026-07-26T19:03:43.636615,221.529,can0   002  [04]  04 86 b0 10 0
2026-07-26T19:03:43.703080,221.595,can0   002  [04]  04 86 b0 10 0
2026-07-26T19:03:43.712643,221.605,can0  001  [05]  00 00 00 00 40
2026-07-26T19:03:43.712884,221.605,can0  002  [04]  48 6B 01 00
2026-07-26T19:03:43.713128,221.605,can0  070  [20]  B6 30 4D 08 32 BA 62 03 F8 A7 00 00 03 02 00 00 F4 05 00 00
2026-07-26T19:03:43.713335,221.605,can0  041  [04]  2E 00 54 00
2026-07-26T19:03:43.713579,221.606,can0  110  [02]  AF 1A
2026-07-26T19:03:43.713787,221.606,can0  002  [04]  48 6B 01 00
2026-07-26T19:03:43.776200,221.668,can0   002  [04]  04 86 b0 10 0
2026-07-26T19:03:43.812622,221.705,can0  002  [04]  48 6B 01 00
2026-07-26T19:03:43.817122,221.709,can0  040  [04]  03 00 4F 00
2026-07-26T19:03:43.842483,221.735,can0   002  [04]  04 86 b0 10 0
2026-07-26T19:03:43.912731,221.805,can0  070  [20]  B6 30 4D 08 32 BA 62 03 F8 A7 00 00 03 02 00 00 F4 05 00 00
2026-07-26T19:03:43.912801,221.805,can0  040  [04]  03 00 4F 00
2026-07-26T19:03:43.912923,221.805,can0  002  [04]  48 6B 01 00
2026-07-26T19:03:43.914235,221.806,can0   002  [04]  04 86 b0 10 0
2026-07-26T19:03:43.983259,221.875,can0   002  [04]  04 86 b0 10 0
2026-07-26T19:03:44.012283,221.904,can0  002  [04]  48 6B 01 00
2026-07-26T19:03:44.012566,221.905,can0  041  [04]  30 00 56 00
2026-07-26T19:03:44.012739,221.905,can0  002  [04]  48 6B 01 00
2026-07-26T19:03:44.055126,221.947,can0   002  [04]  04 86 b0 10 0
2026-07-26T19:03:44.112715,222.005,can0  040  [04]  02 00 52 00
2026-07-26T19:03:44.112783,222.005,can0  002  [04]  48 6B 01 00
2026-07-26T19:03:44.116601,222.009,can0  070  [20]  B7 30 4D 08 32 BA 62 03 E0 AB 00 00 03 02 00 00 39 00 00 00
2026-07-26T19:03:44.116690,222.009,can0  070  [20]  B7 30 4D 08 32 BA 62 03 E0 AB 00 00 03 02 00 00 3A 00 00 00
2026-07-26T19:03:44.121556,222.014,can0   002  [04]  04 86 b0 10 0
2026-07-26T19:03:44.191046,222.083,can0   002  [04]  04 86 b0 10 0
2026-07-26T19:03:44.212692,222.105,can0  040  [04]  02 00 52 00
2026-07-26T19:03:44.212861,222.105,can0  002  [04]  48 6B 01 00
2026-07-26T19:03:44.213556,222.106,can0  070  [20]  B7 30 4D 08 32 BA 62 03 E0 AB 00 00 03 02 00 00 3A 00 00 00
2026-07-26T19:03:44.213615,222.106,can0  002  [04]  48 6B 01 00
2026-07-26T19:03:44.254049,222.146,can0   002  [04]  04 86 b0 10 0
2026-07-26T19:03:44.314309,222.206,can0  041  [04]  31 00 58 00
2026-07-26T19:03:44.314429,222.206,can0  002  [04]  48 6B 01 00
2026-07-26T19:03:44.314476,222.207,can0  002  [04]  90 5F 01 00
2026-07-26T19:03:44.314519,222.207,can0  040  [04]  02 00 53 00
2026-07-26T19:03:44.324314,222.216,can0   002  [04]  04 86 b0 10 0
2026-07-26T19:03:44.391740,222.284,can0   002  [04]  04 86 b0 10 0
2026-07-26T19:03:44.412111,222.304,can0  002  [04]  48 6B 01 00
2026-07-26T19:03:44.412390,222.304,can0  060  [32]  00 00 00 00 B7 30 4D 08 87 0F B8 10 00 00 10 0E FF 01 00 00 00 00 00 00 03 00 00 00 00 00 00 00
2026-07-26T19:03:44.412659,222.305,can0  060  [32]  28 37 49 06 BE 8C 4D 08 35 67 64 03 59 00 15 0B 1D 01 80 00 00 00 00 01 03 00 00 00 00 00 00 00
2026-07-26T19:03:44.412839,222.305,can0  060  [32]  10 A1 A9 08 F5 D3 4D 08 9B 66 63 03 4C 00 0E 0B 1A 01 7D 00 00 00 00 02 03 00 00 00 00 00 00 00
2026-07-26T19:03:44.414975,222.307,can0  002  [04]  48 6B 01 00
2026-07-26T19:03:44.459780,222.352,can0   002  [04]  04 86 b0 10 0
2026-07-26T19:03:44.512526,222.405,can0  002  [04]  48 6B 01 00
2026-07-26T19:03:44.512811,222.405,can0  041  [04]  31 00 58 00
2026-07-26T19:03:44.513069,222.405,can0  100  [03]  20 74 04
2026-07-26T19:03:44.513321,222.405,can0  120  [04]  BE 69 00 00
2026-07-26T19:03:44.522005,222.414,can0   002  [04]  04 86 b0 10 0
2026-07-26T19:03:44.591678,222.484,can0   002  [04]  04 86 b0 10 0
2026-07-26T19:03:44.612951,222.505,can0  002  [04]  48 6B 01 00
2026-07-26T19:03:44.613228,222.505,can0  040  [04]  03 00 56 00
2026-07-26T19:03:44.613486,222.506,can0  002  [04]  48 6B 01 00
2026-07-26T19:03:44.659837,222.552,can0   002  [04]  04 86 b0 10 0
2026-07-26T19:03:44.712076,222.604,can0  040  [04]  03 00 56 00
2026-07-26T19:03:44.712268,222.604,can0  002  [04]  48 6B 01 00
2026-07-26T19:03:44.712506,222.605,can0  070  [20]  B7 30 4D 08 32 BA 62 03 E0 AB 00 00 03 02 00 00 3A 00 00 00
2026-07-26T19:03:44.719861,222.612,can0   002  [04]  04 86 b0 10 0
2026-07-26T19:03:44.785030,222.677,can0   002  [04]  04 86 b0 10 0
2026-07-26T19:03:44.812522,222.705,can0  002  [04]  48 6B 01 00
2026-07-26T19:03:44.812769,222.705,can0  041  [04]  31 00 58 00
2026-07-26T19:03:44.812962,222.705,can0  002  [04]  48 6B 01 00
2026-07-26T19:03:44.813186,222.705,can0  070  [20]  B7 30 4D 08 32 BA 62 03 E0 AB 00 00 03 02 00 00 3A 00 00 00
2026-07-26T19:03:44.852212,222.744,can0   002  [04]  04 86 b0 10 0
2026-07-26T19:03:44.912765,222.805,can0  040  [04]  04 00 59 00
2026-07-26T19:03:44.912961,222.805,can0  002  [04]  48 6B 01 00
2026-07-26T19:03:44.913184,222.805,can0  040  [04]  04 00 59 00
2026-07-26T19:03:44.923897,222.816,can0   002  [04]  04 86 b0 10 0
2026-07-26T19:03:44.991540,222.884,can0   002  [04]  04 86 b0 10 0
2026-07-26T19:03:45.012751,222.905,can0  002  [04]  48 6B 01 00
2026-07-26T19:03:45.016816,222.909,can0  002  [04]  48 6B 01 00
2026-07-26T19:03:45.055265,222.947,can0   002  [04]  04 86 b0 10 0
2026-07-26T19:03:45.112894,223.005,can0  041  [04]  31 00 58 00
2026-07-26T19:03:45.113144,223.005,can0  002  [04]  48 6B 01 00
2026-07-26T19:03:45.113428,223.006,can0  070  [20]  B9 30 4D 08 34 BA 62 03 C8 AF 00 00 03 02 00 00 0E 06 00 00
2026-07-26T19:03:45.113743,223.006,can0  070  [20]  B9 30 4D 08 34 BA 62 03 C8 AF 00 00 03 02 00 00 0F 06 00 00
2026-07-26T19:03:45.123586,223.016,can0   002  [04]  04 86 b0 10 0
2026-07-26T19:03:45.186216,223.078,can0   002  [04]  04 86 b0 10 0
2026-07-26T19:03:45.212205,223.104,can0  040  [04]  03 00 5A 00
2026-07-26T19:03:45.216452,223.109,can0  002  [04]  48 6B 01 00
2026-07-26T19:03:45.216690,223.109,can0  040  [04]  03 00 5A 00
2026-07-26T19:03:45.216986,223.109,can0  070  [20]  B9 30 4D 08 34 BA 62 03 C8 AF 00 00 03 02 00 00 0F 06 00 00
2026-07-26T19:03:45.217145,223.109,can0  002  [04]  48 6B 01 00
2026-07-26T19:03:45.254055,223.146,can0   002  [04]  04 86 b0 10 0
2026-07-26T19:03:45.312774,223.205,can0  002  [04]  48 6B 01 00
2026-07-26T19:03:45.312978,223.205,can0  002  [04]  90 5F 01 00
2026-07-26T19:03:45.313194,223.205,can0  041  [04]  31 00 58 00
2026-07-26T19:03:45.313401,223.205,can0  110  [02]  AE 1A
2026-07-26T19:03:45.316635,223.209,can0   002  [04]  04 86 b0 10 0
2026-07-26T19:03:45.382854,223.275,can0   002  [04]  04 86 b0 10 0
2026-07-26T19:03:45.413060,223.305,can0  002  [04]  48 6B 01 00
2026-07-26T19:03:45.413348,223.305,can0  060  [32]  5F AE D6 02 D3 2D 4D 08 0D A5 63 03 00 00 7C 08 FF 01 00 00 00 00 00 00 02 00 00 00 00 00 00 00
2026-07-26T19:03:45.413580,223.306,can0  060  [32]  93 01 D6 02 45 B6 4D 08 CC 1E 64 03 00 00 5D 09 67 01 80 00 00 00 00 01 02 00 00 00 00 00 00 00
2026-07-26T19:03:45.415007,223.307,can0  040  [04]  03 00 5A 00
2026-07-26T19:03:45.418663,223.311,can0  002  [04]  48 6B 01 00
2026-07-26T19:03:45.451361,223.343,can0   002  [04]  04 86 b0 10 0
2026-07-26T19:03:45.512630,223.405,can0  040  [04]  03 00 5A 00
2026-07-26T19:03:45.516083,223.408,can0  002  [04]  48 6B 01 00
2026-07-26T19:03:45.517826,223.410,can0   002  [04]  04 86 b0 10 0
2026-07-26T19:03:45.583737,223.476,can0   002  [04]  04 86 b0 10 0
2026-07-26T19:03:45.612597,223.505,can0  002  [04]  48 6B 01 00
2026-07-26T19:03:45.612846,223.505,can0  041  [04]  31 00 58 00
2026-07-26T19:03:45.613058,223.505,can0  002  [04]  48 6B 01 00
2026-07-26T19:03:45.613281,223.505,can0  001  [05]  00 00 00 00 40
2026-07-26T19:03:45.655016,223.547,can0   002  [04]  04 86 b0 10 0
2026-07-26T19:03:45.712171,223.604,can0  040  [04]  04 00 57 00
2026-07-26T19:03:45.712368,223.604,can0  002  [04]  48 6B 01 00
2026-07-26T19:03:45.712891,223.605,can0  070  [20]  B9 30 4D 08 34 BA 62 03 C8 AF 00 00 03 02 00 00 0F 06 00 00
2026-07-26T19:03:45.713102,223.605,can0  100  [03]  20 74 04
2026-07-26T19:03:45.713323,223.605,can0  120  [04]  B4 69 00 00
2026-07-26T19:03:45.720818,223.613,can0   002  [04]  04 86 b0 10 0
2026-07-26T19:03:45.789353,223.681,can0   002  [04]  04 86 b0 10 0
2026-07-26T19:03:45.812932,223.705,can0  040  [04]  04 00 57 00
2026-07-26T19:03:45.813141,223.705,can0  002  [04]  48 6B 01 00
2026-07-26T19:03:45.813331,223.705,can0  002  [04]  48 6B 01 00
2026-07-26T19:03:45.813592,223.706,can0  070  [20]  B9 30 4D 08 34 BA 62 03 C8 AF 00 00 03 02 00 00 0F 06 00 00
2026-07-26T19:03:45.853148,223.745,can0   002  [04]  04 86 b0 10 0
2026-07-26T19:03:45.912702,223.805,can0  041  [04]  31 00 55 00
2026-07-26T19:03:45.912886,223.805,can0  133  [00]
2026-07-26T19:03:45.913076,223.805,can0  002  [04]  48 6B 01 00
2026-07-26T19:03:45.920908,223.813,can0   002  [04]  04 86 b0 10 0
2026-07-26T19:03:45.990478,223.883,can0   002  [04]  04 86 b0 10 0
2026-07-26T19:03:46.012399,223.904,can0  002  [04]  48 6B 01 00
2026-07-26T19:03:46.012702,223.905,can0  040  [04]  06 00 55 00
2026-07-26T19:03:46.012934,223.905,can0  040  [04]  06 00 55 00
2026-07-26T19:03:46.013130,223.905,can0  002  [04]  48 6B 01 00
2026-07-26T19:03:46.057168,223.949,can0   002  [04]  04 86 b0 10 0
2026-07-26T19:03:46.112936,224.005,can0  002  [04]  48 6B 01 00
2026-07-26T19:03:46.113214,224.005,can0  070  [20]  B9 30 4D 08 34 BA 62 03 B0 B3 00 00 03 02 00 00 95 02 00 00
2026-07-26T19:03:46.113492,224.006,can0  070  [20]  B9 30 4D 08 34 BA 62 03 B0 B3 00 00 03 02 00 00 96 02 00 00
2026-07-26T19:03:46.113747,224.006,can0  041  [04]  31 00 55 00
2026-07-26T19:03:46.120563,224.013,can0   002  [04]  04 86 b0 10 0
2026-07-26T19:03:46.194335,224.086,can0   002  [04]  04 86 b0 10 0
2026-07-26T19:03:46.212418,224.104,can0  002  [04]  48 6B 01 00
2026-07-26T19:03:46.212774,224.105,can0  070  [20]  B9 30 4D 08 34 BA 62 03 B0 B3 00 00 03 02 00 00 96 02 00 00
2026-07-26T19:03:46.213033,224.105,can0  040  [04]  08 00 55 00
2026-07-26T19:03:46.213238,224.105,can0  002  [04]  48 6B 01 00
2026-07-26T19:03:46.262433,224.155,can0   002  [04]  04 86 b0 10 0
2026-07-26T19:03:46.313844,224.206,can0  060  [32]  00 00 00 00 B9 30 4D 08 88 0F B8 10 08 00 B9 01 FF 01 00 00 00 00 00 00 02 00 00 00 00 00 00 00
2026-07-26T19:03:46.313985,224.206,can0  060  [32]  85 18 D6 02 6D B6 4D 08 6A 1F 64 03 00 00 04 0B 67 01 80 00 00 00 00 01 02 00 00 00 00 00 00 00
2026-07-26T19:03:46.314295,224.206,can0  040  [04]  08 00 55 00
2026-07-26T19:03:46.314504,224.207,can0  002  [04]  48 6B 01 00
2026-07-26T19:03:46.314700,224.207,can0  002  [04]  90 5F 01 00
2026-07-26T19:03:46.329607,224.222,can0   002  [04]  04 86 b0 10 0
2026-07-26T19:03:46.394425,224.287,can0   002  [04]  04 86 b0 10 0
2026-07-26T19:03:46.412352,224.304,can0  002  [04]  48 6B 01 00
2026-07-26T19:03:46.412684,224.305,can0  041  [04]  31 00 56 00
2026-07-26T19:03:46.412823,224.305,can0  002  [04]  48 6B 01 00
2026-07-26T19:03:46.464367,224.356,can0   002  [04]  04 86 b0 10 0
2026-07-26T19:03:46.512041,224.404,can0  040  [04]  06 00 55 00
2026-07-26T19:03:46.512243,224.404,can0  002  [04]  48 6B 01 00
2026-07-26T19:03:46.512498,224.405,can0  040  [04]  06 00 55 00
2026-07-26T19:03:46.526180,224.418,can0   002  [04]  04 86 b0 10 0
2026-07-26T19:03:46.592677,224.485,can0   002  [04]  04 86 b0 10 0
2026-07-26T19:03:46.612377,224.504,can0  002  [04]  48 6B 01 00
2026-07-26T19:03:46.612591,224.505,can0  002  [04]  48 6B 01 00
2026-07-26T19:03:46.656782,224.549,can0   002  [04]  04 86 b0 10 0
2026-07-26T19:03:46.713128,224.605,can0  041  [04]  31 00 57 00
2026-07-26T19:03:46.713366,224.605,can0  002  [04]  48 6B 01 00
2026-07-26T19:03:46.717568,224.610,can0  070  [20]  B9 30 4D 08 34 BA 62 03 B0 B3 00 00 03 02 00 00 96 02 00 00
2026-07-26T19:03:46.717684,224.610,can0  040  [04]  04 00 5A 00
2026-07-26T19:03:46.724875,224.617,can0   002  [04]  04 86 b0 10 0
2026-07-26T19:03:46.788576,224.681,can0   002  [04]  04 86 b0 10 0
2026-07-26T19:03:46.812744,224.705,can0  002  [04]  48 6B 01 00
2026-07-26T19:03:46.813039,224.705,can0  040  [04]  04 00 5A 00
2026-07-26T19:03:46.813292,224.705,can0  002  [04]  48 6B 01 00
2026-07-26T19:03:46.853785,224.746,can0   002  [04]  04 86 b0 10 0
2026-07-26T19:03:46.912877,224.805,can0  070  [20]  B9 30 4D 08 34 BA 62 03 B0 B3 00 00 03 02 00 00 96 02 00 00
2026-07-26T19:03:46.913148,224.805,can0  002  [04]  48 6B 01 00
2026-07-26T19:03:46.913540,224.806,can0  041  [04]  2F 00 5A 00
2026-07-26T19:03:46.913790,224.806,can0  100  [03]  21 74 04
2026-07-26T19:03:46.914040,224.806,can0  110  [02]  AE 1A
2026-07-26T19:03:46.914289,224.806,can0  120  [04]  BE 69 00 00
2026-07-26T19:03:46.918299,224.810,can0   002  [04]  04 86 b0 10 0
2026-07-26T19:03:46.988662,224.881,can0   002  [04]  04 86 b0 10 0
2026-07-26T19:03:47.012914,224.905,can0  002  [04]  48 6B 01 00
2026-07-26T19:03:47.013189,224.905,can0  040  [04]  02 00 5A 00
2026-07-26T19:03:47.013489,224.906,can0  002  [04]  48 6B 01 00
2026-07-26T19:03:47.057468,224.950,can0   002  [04]  04 86 b0 10 0
2026-07-26T19:03:47.113102,225.005,can0  040  [04]  02 00 5A 00
2026-07-26T19:03:47.113316,225.005,can0  002  [04]  48 6B 01 00
2026-07-26T19:03:47.113559,225.006,can0  070  [20]  B9 30 4D 08 35 BA 62 03 98 B7 00 00 03 02 00 00 23 05 00 00
2026-07-26T19:03:47.113773,225.006,can0  070  [20]  B9 30 4D 08 35 BA 62 03 98 B7 00 00 03 02 00 00 23 05 00 00
2026-07-26T19:03:47.121152,225.013,can0   002  [04]  04 86 b0 10 0
2026-07-26T19:03:47.190803,225.083,can0   002  [04]  04 86 b0 10 0
2026-07-26T19:03:47.213089,225.105,can0  002  [04]  48 6B 01 00
2026-07-26T19:03:47.213455,225.106,can0  041  [04]  2E 00 5C 00
2026-07-26T19:03:47.213785,225.106,can0  070  [20]  B9 30 4D 08 35 BA 62 03 98 B7 00 00 03 02 00 00 23 05 00 00
2026-07-26T19:03:47.213943,225.106,can0  002  [04]  48 6B 01 00
2026-07-26T19:03:47.259082,225.151,can0   002  [04]  04 86 b0 10 0
2026-07-26T19:03:47.312644,225.205,can0  040  [04]  04 00 5A 00
2026-07-26T19:03:47.312870,225.205,can0  002  [04]  48 6B 01 00
2026-07-26T19:03:47.313106,225.205,can0  002  [04]  90 5F 01 00
2026-07-26T19:03:47.313382,225.205,can0  040  [04]  04 00 5A 00
2026-07-26T19:03:47.325954,225.218,can0   002  [04]  04 86 b0 10 0
2026-07-26T19:03:47.396141,225.288,can0   002  [04]  04 86 b0 10 0
2026-07-26T19:03:47.412990,225.305,can0  002  [04]  48 6B 01 00
2026-07-26T19:03:47.413197,225.305,can0  002  [04]  48 6B 01 00
2026-07-26T19:03:47.456578,225.349,can0   002  [04]  04 86 b0 10 0
2026-07-26T19:03:47.513179,225.405,can0  041  [04]  2E 00 5A 00
2026-07-26T19:03:47.513420,225.405,can0  060  [32]  00 00 00 00 B9 30 4D 08 8A 0F B8 10 07 00 FE 01 FF 01 00 00 00 00 00 00 01 00 00 00 00 00 00 00
2026-07-26T19:03:47.514514,225.407,can0  002  [04]  48 6B 01 00
2026-07-26T19:03:47.524657,225.417,can0   002  [04]  04 86 b0 10 0
2026-07-26T19:03:47.592902,225.485,can0   002  [04]  04 86 b0 10 0
2026-07-26T19:03:47.612406,225.504,can0  040  [04]  06 00 59 00
2026-07-26T19:03:47.612625,225.505,can0  002  [04]  48 6B 01 00
2026-07-26T19:03:47.612894,225.505,can0  040  [04]  06 00 59 00
2026-07-26T19:03:47.613082,225.505,can0  002  [04]  48 6B 01 00
2026-07-26T19:03:47.613281,225.505,can0  001  [05]  00 00 00 00 40
2026-07-26T19:03:47.662953,225.555,can0   002  [04]  04 86 b0 10 0
2026-07-26T19:03:47.712702,225.605,can0  002  [04]  48 6B 01 00
2026-07-26T19:03:47.713003,225.605,can0  070  [20]  B9 30 4D 08 35 BA 62 03 98 B7 00 00 03 02 00 00 23 05 00 00
2026-07-26T19:03:47.713274,225.605,can0  041  [04]  2D 00 59 00
2026-07-26T19:03:47.727068,225.619,can0   002  [04]  04 86 b0 10 0
2026-07-26T19:03:47.791541,225.684,can0   002  [04]  04 86 b0 10 0
2026-07-26T19:03:47.812771,225.705,can0  002  [04]  48 6B 01 00
2026-07-26T19:03:47.813197,225.705,can0  040  [04]  06 00 57 00
2026-07-26T19:03:47.813270,225.705,can0  002  [04]  48 6B 01 00
2026-07-26T19:03:47.813895,225.706,can0  070  [20]  B9 30 4D 08 35 BA 62 03 98 B7 00 00 03 02 00 00 23 05 00 00
2026-07-26T19:03:47.856498,225.749,can0   002  [04]  04 86 b0 10 0
2026-07-26T19:03:47.912452,225.805,can0  040  [04]  06 00 57 00
2026-07-26T19:03:47.912613,225.805,can0  002  [04]  48 6B 01 00
2026-07-26T19:03:47.925055,225.817,can0   002  [04]  04 86 b0 10 0
2026-07-26T19:03:47.986796,225.879,can0   002  [04]  04 86 b0 10 0
2026-07-26T19:03:48.013283,225.905,can0  002  [04]  48 6B 01 00
2026-07-26T19:03:48.013348,225.905,can0  060  [32]  00 00 00 00 00 00 00 00 00 00 00 00 00 00 00 00 00 00 00 00 00 00 00 00 00 00 00 00 00 00 00 00
2026-07-26T19:03:48.013579,225.906,can0  041  [04]  2D 00 5A 00
2026-07-26T19:03:48.017291,225.909,can0  002  [04]  48 6B 01 00
2026-07-26T19:03:48.057146,225.949,can0   002  [04]  04 86 b0 10 0
2026-07-26T19:03:48.113060,226.005,can0  040  [04]  04 00 5A 00
2026-07-26T19:03:48.113130,226.005,can0  002  [04]  48 6B 01 00
2026-07-26T19:03:48.113379,226.005,can0  070  [20]  BC 30 4D 08 39 BA 62 03 80 BB 00 00 03 02 00 00 BA 06 00 00
2026-07-26T19:03:48.113565,226.006,can0  060  [32]  74 5E 11 00 9C BB 4D 08 F0 C0 63 03 45 00 E1 0B 31 01 80 00 00 00 00 00 01 00 00 00 00 00 00 00
2026-07-26T19:03:48.114645,226.007,can0  040  [04]  04 00 5A 00
2026-07-26T19:03:48.118549,226.011,can0  100  [03]  20 74 04
2026-07-26T19:03:48.118621,226.011,can0  120  [04]  B4 69 00 00
2026-07-26T19:03:48.124631,226.017,can0   002  [04]  04 86 b0 10 0
2026-07-26T19:03:48.192531,226.085,can0   002  [04]  04 86 b0 10 0
2026-07-26T19:03:48.212919,226.105,can0  070  [20]  BC 30 4D 08 39 BA 62 03 80 BB 00 00 03 02 00 00 BB 06 00 00
2026-07-26T19:03:48.213168,226.105,can0  002  [04]  48 6B 01 00
2026-07-26T19:03:48.213458,226.106,can0  070  [20]  BC 30 4D 08 39 BA 62 03 80 BB 00 00 03 02 00 00 BB 06 00 00
2026-07-26T19:03:48.213647,226.106,can0  002  [04]  48 6B 01 00
2026-07-26T19:03:48.257140,226.149,can0   002  [04]  04 86 b0 10 0
2026-07-26T19:03:48.312742,226.205,can0  041  [04]  2D 00 59 00
2026-07-26T19:03:48.312924,226.205,can0  002  [04]  48 6B 01 00
2026-07-26T19:03:48.313123,226.205,can0  002  [04]  90 5F 01 00
2026-07-26T19:03:48.313359,226.205,can0  040  [04]  00 00 5C 00
2026-07-26T19:03:48.324578,226.217,can0   002  [04]  04 86 b0 10 0
2026-07-26T19:03:48.388960,226.281,can0   002  [04]  04 86 b0 10 0
2026-07-26T19:03:48.457115,226.349,can0   002  [04]  04 86 b0 10 0
2026-07-26T19:03:48.462184,226.354,can0  002  [04]  48 6B 01 00
2026-07-26T19:03:48.462424,226.354,can0  040  [04]  00 00 5C 00
2026-07-26T19:03:48.462719,226.355,can0  002  [04]  48 6B 01 00
2026-07-26T19:03:48.522377,226.414,can0   002  [04]  04 86 b0 10 0
2026-07-26T19:03:48.562982,226.455,can0  002  [04]  48 6B 01 00
2026-07-26T19:03:48.563196,226.455,can0  041  [04]  2E 00 59 00
2026-07-26T19:03:48.564272,226.456,can0  110  [02]  AD 1A
2026-07-26T19:03:48.591235,226.483,can0   002  [04]  04 86 b0 10 0
2026-07-26T19:03:48.660881,226.553,can0   002  [04]  04 86 b0 10 0
2026-07-26T19:03:48.666949,226.559,can0  002  [04]  48 6B 01 00
2026-07-26T19:03:48.667043,226.559,can0  040  [04]  01 00 5C 00
2026-07-26T19:03:48.667136,226.559,can0  002  [04]  48 6B 01 00
2026-07-26T19:03:48.726757,226.619,can0   002  [04]  04 86 b0 10 0
2026-07-26T19:03:48.762705,226.655,can0  040  [04]  01 00 5C 00
2026-07-26T19:03:48.762880,226.655,can0  002  [04]  48 6B 01 00
2026-07-26T19:03:48.763262,226.655,can0  060  [32]  00 00 00 00 BC 30 4D 08 8D 0F B8 10 09 00 C5 01 FF 01 00 00 00 00 00 00 02 00 00 00 00 00 00 00
2026-07-26T19:03:48.763344,226.655,can0  060  [32]  B6 04 DF 05 D9 6D 4D 08 C6 CC 63 03 00 00 F5 09 2F 00 80 00 00 00 00 01 02 00 00 00 00 00 00 00
2026-07-26T19:03:48.764378,226.656,can0  070  [20]  BC 30 4D 08 39 BA 62 03 80 BB 00 00 03 02 00 00 BB 06 00 00
2026-07-26T19:03:48.791876,226.684,can0   002  [04]  04 86 b0 10 0
2026-07-26T19:03:48.857087,226.749,can0   002  [04]  04 86 b0 10 0
2026-07-26T19:03:48.866396,226.758,can0  002  [04]  48 6B 01 00
2026-07-26T19:03:48.866482,226.759,can0  041  [04]  2F 00 58 00
2026-07-26T19:03:48.866561,226.759,can0  002  [04]  48 6B 01 00
2026-07-26T19:03:48.925561,226.818,can0   002  [04]  04 86 b0 10 0
2026-07-26T19:03:48.967107,226.859,can0  070  [20]  BC 30 4D 08 39 BA 62 03 80 BB 00 00 03 02 00 00 BB 06 00 00
2026-07-26T19:03:48.967208,226.859,can0  040  [04]  04 00 5A 00
2026-07-26T19:03:48.967301,226.859,can0  002  [04]  48 6B 01 00
2026-07-26T19:03:48.967382,226.859,can0  040  [04]  04 00 5A 00
2026-07-26T19:03:48.994160,226.886,can0   002  [04]  04 86 b0 10 0
2026-07-26T19:03:49.058642,226.951,can0   002  [04]  04 86 b0 10 0
2026-07-26T19:03:49.062695,226.955,can0  002  [04]  48 6B 01 00
2026-07-26T19:03:49.066799,226.959,can0  002  [04]  48 6B 01 00
2026-07-26T19:03:49.124685,227.017,can0   002  [04]  04 86 b0 10 0
2026-07-26T19:03:49.162745,227.055,can0  041  [04]  31 00 57 00
2026-07-26T19:03:49.166836,227.059,can0  002  [04]  48 6B 01 00
2026-07-26T19:03:49.166926,227.059,can0  070  [20]  BC 30 4D 08 39 BA 62 03 68 BF 00 00 03 02 00 00 DB 03 00 00
2026-07-26T19:03:49.167020,227.059,can0  070  [20]  BC 30 4D 08 39 BA 62 03 68 BF 00 00 03 02 00 00 DC 03 00 00
2026-07-26T19:03:49.167102,227.059,can0  040  [04]  08 00 5B 00
2026-07-26T19:03:49.189071,227.081,can0   002  [04]  04 86 b0 10 0
2026-07-26T19:03:49.256025,227.148,can0   002  [04]  04 86 b0 10 0
2026-07-26T19:03:49.262833,227.155,can0  002  [04]  48 6B 01 00
2026-07-26T19:03:49.263111,227.155,can0  040  [04]  08 00 5B 00
2026-07-26T19:03:49.263397,227.155,can0  070  [20]  BC 30 4D 08 39 BA 62 03 68 BF 00 00 03 02 00 00 DC 03 00 00
2026-07-26T19:03:49.263654,227.156,can0  060  [32]  00 00 00 00 00 00 00 00 00 00 00 00 00 00 00 00 00 00 00 00 00 00 00 00 00 00 00 00 00 00 00 00
2026-07-26T19:03:49.263847,227.156,can0  002  [04]  48 6B 01 00
2026-07-26T19:03:49.316003,227.208,can0   002  [04]  04 86 b0 10 0
2026-07-26T19:03:49.362796,227.255,can0  002  [04]  48 6B 01 00
2026-07-26T19:03:49.363235,227.255,can0  002  [04]  90 5F 01 00
2026-07-26T19:03:49.363284,227.255,can0  041  [04]  31 00 56 00
2026-07-26T19:03:49.363475,227.256,can0  100  [03]  21 74 04
2026-07-26T19:03:49.363700,227.256,can0  120  [04]  B4 69 00 00
2026-07-26T19:03:49.384574,227.277,can0   002  [04]  04 86 b0 10 0
2026-07-26T19:03:49.450720,227.343,can0   002  [04]  04 86 b0 10 0
2026-07-26T19:03:49.462755,227.355,can0  002  [04]  48 6B 01 00
2026-07-26T19:03:49.466418,227.359,can0  040  [04]  08 00 61 00
2026-07-26T19:03:49.466539,227.359,can0  002  [04]  48 6B 01 00
2026-07-26T19:03:49.519254,227.411,can0   002  [04]  04 86 b0 10 0
2026-07-26T19:03:49.563100,227.455,can0  040  [04]  08 00 61 00
2026-07-26T19:03:49.563333,227.455,can0  060  [32]  00 00 00 00 BC 30 4D 08 8D 0F B8 10 05 00 1B 03 FF 01 00 00 00 00 00 00 01 00 00 00 00 00 00 00
2026-07-26T19:03:49.564502,227.457,can0  002  [04]  48 6B 01 00
2026-07-26T19:03:49.580759,227.473,can0   002  [04]  04 86 b0 10 0
2026-07-26T19:03:49.648732,227.541,can0   002  [04]  04 86 b0 10 0
2026-07-26T19:03:49.662347,227.554,can0  002  [04]  48 6B 01 00
2026-07-26T19:03:49.662708,227.555,can0  041  [04]  32 00 59 00
2026-07-26T19:03:49.662863,227.555,can0  002  [04]  48 6B 01 00
2026-07-26T19:03:49.663078,227.555,can0  001  [05]  00 00 00 00 40
2026-07-26T19:03:49.713394,227.605,can0   002  [04]  04 86 b0 10 0
2026-07-26T19:03:49.762575,227.655,can0  040  [04]  07 00 65 00
2026-07-26T19:03:49.762768,227.655,can0  002  [04]  48 6B 01 00
2026-07-26T19:03:49.766372,227.658,can0  070  [20]  BC 30 4D 08 39 BA 62 03 68 BF 00 00 03 02 00 00 DC 03 00 00
2026-07-26T19:03:49.766440,227.659,can0  040  [04]  07 00 65 00
2026-07-26T19:03:49.766482,227.659,can0  002  [04]  48 6B 01 00
2026-07-26T19:03:49.780823,227.673,can0   002  [04]  04 86 b0 10 0
2026-07-26T19:03:49.842748,227.735,can0   002  [04]  04 86 b0 10 0
2026-07-26T19:03:49.865832,227.758,can0  002  [04]  48 6B 01 00
2026-07-26T19:03:49.865900,227.758,can0  070  [20]  BC 30 4D 08 39 BA 62 03 68 BF 00 00 03 02 00 00 DC 03 00 00
2026-07-26T19:03:49.915159,227.807,can0   002  [04]  04 86 b0 10 0
2026-07-26T19:03:49.963156,227.855,can0  041  [04]  33 00 5B 00
2026-07-26T19:03:49.965865,227.858,can0  002  [04]  48 6B 01 00
2026-07-26T19:03:49.965928,227.858,can0  040  [04]  04 00 63 00
2026-07-26T19:03:49.985271,227.877,can0   002  [04]  04 86 b0 10 0
2026-07-26T19:03:50.058157,227.950,can0   002  [04]  04 86 b0 10 0
2026-07-26T19:03:50.062164,227.954,can0  002  [04]  48 6B 01 00
2026-07-26T19:03:50.062432,227.955,can0  040  [04]  04 00 63 00
2026-07-26T19:03:50.062646,227.955,can0  002  [04]  48 6B 01 00
2026-07-26T19:03:50.126064,228.018,can0   002  [04]  04 86 b0 10 0
2026-07-26T19:03:50.162961,228.055,can0  002  [04]  48 6B 01 00
2026-07-26T19:03:50.163563,228.056,can0  070  [20]  BC 30 4D 08 3A BA 62 03 50 C3 00 00 03 02 00 00 F8 01 00 00
2026-07-26T19:03:50.163856,228.056,can0  041  [04]  33 00 5E 00
2026-07-26T19:03:50.164100,228.056,can0  110  [02]  AE 1A
2026-07-26T19:03:50.190746,228.083,can0   002  [04]  04 86 b0 10 0
2026-07-26T19:03:50.262870,228.155,can0   002  [04]  04 86 b0 10 0
2026-07-26T19:03:50.263031,228.155,can0  070  [20]  BC 30 4D 08 3A BA 62 03 50 C3 00 00 03 02 00 00 F9 01 00 00
2026-07-26T19:03:50.264287,228.156,can0  002  [04]  48 6B 01 00
2026-07-26T19:03:50.264553,228.157,can0  060  [32]  30 7B D6 02 1E B5 4D 08 EB 1D 64 03 00 00 35 09 58 00 80 00 00 00 00 00 02 00 00 00 00 00 00 00
2026-07-26T19:03:50.264809,228.157,can0  060  [32]  DC 66 11 00 C8 A5 4D 08 5C D6 62 03 01 00 24 00 50 00 83 00 00 00 00 01 02 00 00 00 00 00 00 00
2026-07-26T19:03:50.271601,228.164,can0  040  [04]  05 00 5E 00
2026-07-26T19:03:50.271676,228.164,can0  070  [20]  BC 30 4D 08 3A BA 62 03 50 C3 00 00 03 02 00 00 F9 01 00 00
2026-07-26T19:03:50.271724,228.164,can0  002  [04]  48 6B 01 00
2026-07-26T19:03:50.328837,228.221,can0   002  [04]  04 86 b0 10 0
2026-07-26T19:03:50.363082,228.255,can0  040  [04]  05 00 5E 00
2026-07-26T19:03:50.363148,228.255,can0  132  [00]
2026-07-26T19:03:50.363195,228.255,can0  002  [04]  48 6B 01 00
2026-07-26T19:03:50.363251,228.255,can0  002  [04]  90 5F 01 00
2026-07-26T19:03:50.396033,228.288,can0   002  [04]  04 86 b0 10 0
2026-07-26T19:03:50.462796,228.355,can0  002  [04]  48 6B 01 00
2026-07-26T19:03:50.462868,228.355,can0  041  [04]  31 00 60 00
2026-07-26T19:03:50.462985,228.355,can0  002  [04]  48 6B 01 00
2026-07-26T19:03:50.467799,228.360,can0   002  [04]  04 86 b0 10 0
2026-07-26T19:03:50.530257,228.422,can0   002  [04]  04 86 b0 10 0
2026-07-26T19:03:50.567765,228.460,can0  040  [04]  06 00 5A 00
2026-07-26T19:03:50.567838,228.460,can0  002  [04]  48 6B 01 00
2026-07-26T19:03:50.567881,228.460,can0  040  [04]  06 00 5A 00
2026-07-26T19:03:50.567923,228.460,can0  100  [03]  20 74 04
2026-07-26T19:03:50.567965,228.460,can0  120  [04]  B4 69 00 00
2026-07-26T19:03:50.596643,228.489,can0   002  [04]  04 86 b0 10 0
2026-07-26T19:03:50.662197,228.554,can0  002  [04]  48 6B 01 00
2026-07-26T19:03:50.662313,228.554,can0  002  [04]  48 6B 01 00
2026-07-26T19:03:50.664445,228.557,can0   002  [04]  04 86 b0 10 0
2026-07-26T19:03:50.732744,228.625,can0   002  [04]  04 86 b0 10 0
2026-07-26T19:03:50.766738,228.659,can0  041  [04]  30 00 5C 00
2026-07-26T19:03:50.766822,228.659,can0  002  [04]  48 6B 01 00
2026-07-26T19:03:50.767439,228.660,can0  070  [20]  BC 30 4D 08 3A BA 62 03 50 C3 00 00 03 02 00 00 F9 01 00 00
2026-07-26T19:03:50.767491,228.660,can0  040  [04]  07 00 57 00
2026-07-26T19:03:50.799169,228.691,can0   002  [04]  04 86 b0 10 0
2026-07-26T19:03:50.862388,228.754,can0  002  [04]  48 6B 01 00
2026-07-26T19:03:50.862484,228.755,can0   002  [04]  04 86 b0 10 0
2026-07-26T19:03:50.862664,228.755,can0  040  [04]  07 00 57 00
2026-07-26T19:03:50.862894,228.755,can0  002  [04]  48 6B 01 00
2026-07-26T19:03:50.930094,228.822,can0   002  [04]  04 86 b0 10 0
2026-07-26T19:03:50.978129,228.870,can0  070  [20]  BC 30 4D 08 3A BA 62 03 50 C3 00 00 03 02 00 00 F9 01 00 00
2026-07-26T19:03:50.978377,228.870,can0  002  [04]  48 6B 01 00
2026-07-26T19:03:50.978649,228.871,can0  060  [32]  00 00 00 00 BC 30 4D 08 8F 0F B8 10 02 00 20 03 FF 01 00 00 00 00 00 00 02 00 00 00 00 00 00 00
2026-07-26T19:03:50.978912,228.871,can0  060  [32]  38 23 D6 02 33 BE 4D 08 09 B8 63 03 45 00 E0 0B 3B 01 80 00 00 00 00 01 02 00 00 00 00 00 00 00
2026-07-26T19:03:50.985852,228.878,can0  041  [04]  30 00 5B 00
2026-07-26T19:03:50.997141,228.889,can0   002  [04]  04 86 b0 10 0
2026-07-26T19:03:51.061248,228.953,can0   002  [04]  04 86 b0 10 0
2026-07-26T19:03:51.062842,228.955,can0  002  [04]  48 6B 01 00
2026-07-26T19:03:51.063090,228.955,can0  040  [04]  05 00 5A 00
2026-07-26T19:03:51.063260,228.955,can0  002  [04]  48 6B 01 00
2026-07-26T19:03:51.130478,229.023,can0   002  [04]  04 86 b0 10 0
2026-07-26T19:03:51.162140,229.054,can0  040  [04]  05 00 5A 00
2026-07-26T19:03:51.162309,229.054,can0  002  [04]  48 6B 01 00
2026-07-26T19:03:51.162554,229.055,can0  070  [20]  C0 30 4D 08 3E BA 62 03 38 C7 00 00 03 02 00 00 B2 09 00 00
2026-07-26T19:03:51.162825,229.055,can0  070  [20]  C0 30 4D 08 3E BA 62 03 38 C7 00 00 03 02 00 00 B2 09 00 00
2026-07-26T19:03:51.199321,229.091,can0   002  [04]  04 86 b0 10 0
2026-07-26T19:03:51.262359,229.154,can0  002  [04]  48 6B 01 00
2026-07-26T19:03:51.262658,229.155,can0  041  [04]  30 00 5D 00
2026-07-26T19:03:51.263438,229.156,can0   002  [04]  04 86 b0 10 0
2026-07-26T19:03:51.264788,229.157,can0  070  [20]  C0 30 4D 08 3E BA 62 03 38 C7 00 00 03 02 00 00 B2 09 00 00
2026-07-26T19:03:51.264872,229.157,can0  002  [04]  48 6B 01 00
2026-07-26T19:03:51.328410,229.220,can0   002  [04]  04 86 b0 10 0
2026-07-26T19:03:51.362722,229.255,can0  040  [04]  02 00 5F 00
2026-07-26T19:03:51.362918,229.255,can0  002  [04]  48 6B 01 00
2026-07-26T19:03:51.363157,229.255,can0  002  [04]  90 5F 01 00
2026-07-26T19:03:51.366331,229.258,can0  040  [04]  02 00 5F 00
2026-07-26T19:03:51.397199,229.289,can0   002  [04]  04 86 b0 10 0
2026-07-26T19:03:51.462409,229.354,can0  002  [04]  48 6B 01 00
2026-07-26T19:03:51.462596,229.355,can0  002  [04]  48 6B 01 00
2026-07-26T19:03:51.462836,229.355,can0   002  [04]  04 86 b0 10 0
2026-07-26T19:03:51.527039,229.419,can0   002  [04]  04 86 b0 10 0
2026-07-26T19:03:51.562147,229.454,can0  041  [04]  2F 00 5C 00
2026-07-26T19:03:51.562315,229.454,can0  002  [04]  48 6B 01 00
2026-07-26T19:03:51.562593,229.455,can0  060  [32]  1B FE D5 02 94 C8 4D 08 35 61 63 03 6E 00 EE 09 FD 00 80 00 00 00 00 00 02 00 00 00 00 00 00 00
2026-07-26T19:03:51.562801,229.455,can0  060  [32]  00 00 00 00 C0 30 4D 08 92 0F B8 10 0D 00 0C 01 FF 01 00 00 00 00 00 01 02 00 00 00 00 00 00 00
2026-07-26T19:03:51.564245,229.456,can0  040  [04]  00 00 63 00
2026-07-26T19:03:51.595433,229.488,can0   002  [04]  04 86 b0 10 0
2026-07-26T19:03:51.662457,229.555,can0  002  [04]  48 6B 01 00
2026-07-26T19:03:51.662730,229.555,can0  040  [04]  00 00 63 00
2026-07-26T19:03:51.662918,229.555,can0  002  [04]  48 6B 01 00
2026-07-26T19:03:51.663138,229.555,can0  001  [05]  00 00 00 00 40
2026-07-26T19:03:51.663510,229.556,can0   002  [04]  04 86 b0 10 0
2026-07-26T19:03:51.727602,229.620,can0   002  [04]  04 86 b0 10 0
2026-07-26T19:03:51.762150,229.654,can0  002  [04]  48 6B 01 00
2026-07-26T19:03:51.762704,229.655,can0  041  [04]  31 00 5B 00
2026-07-26T19:03:51.762782,229.655,can0  070  [20]  C0 30 4D 08 3E BA 62 03 38 C7 00 00 03 02 00 00 B2 09 00 00
2026-07-26T19:03:51.762831,229.655,can0  100  [03]  22 74 04
2026-07-26T19:03:51.764454,229.657,can0  110  [02]  AF 1A
2026-07-26T19:03:51.764504,229.657,can0  120  [04]  AA 69 00 00
2026-07-26T19:03:51.791357,229.683,can0   002  [04]  04 86 b0 10 0
2026-07-26T19:03:51.856725,229.749,can0   002  [04]  04 86 b0 10 0
2026-07-26T19:03:51.862805,229.755,can0  002  [04]  48 6B 01 00
2026-07-26T19:03:51.863087,229.755,can0  040  [04]  01 00 60 00
2026-07-26T19:03:51.863315,229.755,can0  002  [04]  48 6B 01 00
2026-07-26T19:03:51.863589,229.756,can0  070  [20]  C0 30 4D 08 3E BA 62 03 38 C7 00 00 03 02 00 00 B2 09 00 00
2026-07-26T19:03:51.928467,229.821,can0   002  [04]  04 86 b0 10 0
2026-07-26T19:03:51.962233,229.854,can0  040  [04]  01 00 60 00
2026-07-26T19:03:51.962398,229.854,can0  002  [04]  48 6B 01 00
2026-07-26T19:03:51.996072,229.888,can0   002  [04]  04 86 b0 10 0
2026-07-26T19:03:52.062519,229.955,can0  002  [04]  48 6B 01 00
2026-07-26T19:03:52.062791,229.955,can0  041  [04]  31 00 58 00
2026-07-26T19:03:52.062965,229.955,can0  002  [04]  48 6B 01 00
2026-07-26T19:03:52.064724,229.957,can0   002  [04]  04 86 b0 10 0
2026-07-26T19:03:52.127614,230.020,can0   002  [04]  04 86 b0 10 0
2026-07-26T19:03:52.162713,230.055,can0  040  [04]  04 00 58 00
2026-07-26T19:03:52.162783,230.055,can0  002  [04]  48 6B 01 00
2026-07-26T19:03:52.164212,230.056,can0  070  [20]  BC 30 4D 08 39 BA 62 03 20 CB 00 00 03 02 00 00 29 0C 00 00
2026-07-26T19:03:52.164276,230.056,can0  070  [20]  BC 30 4D 08 39 BA 62 03 20 CB 00 00 03 02 00 00 28 0C 00 00
2026-07-26T19:03:52.164324,230.056,can0  040  [04]  04 00 58 00
2026-07-26T19:03:52.195110,230.087,can0   002  [04]  04 86 b0 10 0
2026-07-26T19:03:52.262068,230.154,can0  002  [04]  48 6B 01 00
2026-07-26T19:03:52.262347,230.154,can0  070  [20]  BC 30 4D 08 39 BA 62 03 20 CB 00 00 03 02 00 00 28 0C 00 00
2026-07-26T19:03:52.262575,230.155,can0  002  [04]  48 6B 01 00
2026-07-26T19:03:52.262823,230.155,can0  041  [04]  31 00 56 00
2026-07-26T19:03:52.263766,230.156,can0   002  [04]  04 86 b0 10 0
2026-07-26T19:03:52.333581,230.226,can0   002  [04]  04 86 b0 10 0
2026-07-26T19:03:52.362714,230.255,can0  002  [04]  48 6B 01 00
2026-07-26T19:03:52.362885,230.255,can0  002  [04]  90 5F 01 00
2026-07-26T19:03:52.363123,230.255,can0  040  [04]  0A 00 57 00
2026-07-26T19:03:52.400439,230.293,can0   002  [04]  04 86 b0 10 0
2026-07-26T19:03:52.462494,230.355,can0  002  [04]  48 6B 01 00
2026-07-26T19:03:52.462734,230.355,can0  040  [04]  0A 00 57 00
2026-07-26T19:03:52.462942,230.355,can0  002  [04]  48 6B 01 00
2026-07-26T19:03:52.468662,230.361,can0   002  [04]  04 86 b0 10 0
2026-07-26T19:03:52.541016,230.433,can0   002  [04]  04 86 b0 10 0
2026-07-26T19:03:52.562403,230.454,can0  002  [04]  48 6B 01 00
2026-07-26T19:03:52.562631,230.455,can0  060  [32]  00 00 00 00 BC 30 4D 08 8D 0F B8 10 10 00 01 0B FF 01 00 00 00 00 00 00 01 00 00 00 00 00 00 00
2026-07-26T19:03:52.563712,230.456,can0  041  [04]  32 00 58 00
2026-07-26T19:03:52.606281,230.498,can0   002  [04]  04 86 b0 10 0
2026-07-26T19:03:52.662737,230.555,can0  002  [04]  48 6B 01 00
2026-07-26T19:03:52.662954,230.555,can0  040  [04]  08 00 5A 00
2026-07-26T19:03:52.663121,230.555,can0  002  [04]  48 6B 01 00
2026-07-26T19:03:52.663316,230.555,can0  040  [04]  08 00 5A 00
2026-07-26T19:03:52.674050,230.566,can0   002  [04]  04 86 b0 10 0
2026-07-26T19:03:52.743334,230.635,can0   002  [04]  04 86 b0 10 0
2026-07-26T19:03:52.762287,230.654,can0  002  [04]  48 6B 01 00
2026-07-26T19:03:52.762878,230.655,can0  070  [20]  BC 30 4D 08 39 BA 62 03 20 CB 00 00 03 02 00 00 28 0C 00 00
2026-07-26T19:03:52.811624,230.704,can0   002  [04]  04 86 b0 10 0
2026-07-26T19:03:52.862617,230.755,can0  002  [04]  48 6B 01 00
2026-07-26T19:03:52.862880,230.755,can0  041  [04]  32 00 5F 00
2026-07-26T19:03:52.863116,230.755,can0  002  [04]  48 6B 01 00
2026-07-26T19:03:52.877182,230.769,can0   002  [04]  04 86 b0 10 0
2026-07-26T19:03:52.950063,230.842,can0   002  [04]  04 86 b0 10 0
2026-07-26T19:03:52.963069,230.855,can0  070  [20]  BC 30 4D 08 39 BA 62 03 20 CB 00 00 03 02 00 00 28 0C 00 00
2026-07-26T19:03:52.963169,230.855,can0  040  [04]  03 00 65 00
2026-07-26T19:03:52.963469,230.856,can0  002  [04]  48 6B 01 00
2026-07-26T19:03:52.963552,230.856,can0  100  [03]  22 74 04
2026-07-26T19:03:52.963653,230.856,can0  120  [04]  B4 69 00 00
2026-07-26T19:03:52.963896,230.856,can0  040  [04]  03 00 65 00
2026-07-26T19:03:53.019411,230.911,can0   002  [04]  04 86 b0 10 0
2026-07-26T19:03:53.062362,230.954,can0  002  [04]  48 6B 01 00
2026-07-26T19:03:53.062581,230.955,can0  060  [32]  00 00 00 00 00 00 00 00 00 00 00 00 00 00 00 00 00 00 00 00 00 00 00 00 00 00 00 00 00 00 00 00
2026-07-26T19:03:53.062805,230.955,can0  041  [04]  32 00 5F 00
2026-07-26T19:03:53.088200,230.980,can0   002  [04]  04 86 b0 10 0
2026-07-26T19:03:53.154644,231.047,can0   002  [04]  04 86 b0 10 0
2026-07-26T19:03:53.163316,231.055,can0  002  [04]  48 6B 01 00
2026-07-26T19:03:53.163375,231.055,can0  070  [20]  C0 30 4D 08 41 BA 62 03 08 CF 00 00 03 02 00 00 18 12 00 00
2026-07-26T19:03:53.163508,231.056,can0  002  [04]  48 6B 01 00
2026-07-26T19:03:53.163801,231.056,can0  070  [20]  C0 30 4D 08 41 BA 62 03 08 CF 00 00 03 02 00 00 18 12 00 00
2026-07-26T19:03:53.164001,231.056,can0  040  [04]  00 00 68 00
2026-07-26T19:03:53.216779,231.109,can0   002  [04]  04 86 b0 10 0
2026-07-26T19:03:53.262524,231.155,can0  002  [04]  48 6B 01 00
2026-07-26T19:03:53.262735,231.155,can0  040  [04]  00 00 68 00
2026-07-26T19:03:53.262936,231.155,can0  070  [20]  C0 30 4D 08 41 BA 62 03 08 CF 00 00 03 02 00 00 18 12 00 00
2026-07-26T19:03:53.263089,231.155,can0  002  [04]  48 6B 01 00
2026-07-26T19:03:53.287988,231.180,can0   002  [04]  04 86 b0 10 0
2026-07-26T19:03:53.358842,231.251,can0   002  [04]  04 86 b0 10 0
2026-07-26T19:03:53.363010,231.255,can0  041  [04]  31 00 5F 00
2026-07-26T19:03:53.368317,231.260,can0  002  [04]  90 5F 01 00
2026-07-26T19:03:53.368383,231.260,can0  002  [04]  48 6B 01 00
2026-07-26T19:03:53.368425,231.260,can0  110  [02]  AD 1A
2026-07-26T19:03:53.423805,231.316,can0   002  [04]  04 86 b0 10 0
2026-07-26T19:03:53.462416,231.354,can0  002  [04]  48 6B 01 00
2026-07-26T19:03:53.462659,231.355,can0  040  [04]  00 00 60 00
2026-07-26T19:03:53.491893,231.384,can0   002  [04]  04 86 b0 10 0
2026-07-26T19:03:53.562872,231.455,can0  002  [04]  48 6B 01 00
2026-07-26T19:03:53.563088,231.455,can0  040  [04]  00 00 60 00
2026-07-26T19:03:53.563298,231.455,can0  060  [32]  00 00 00 00 00 00 00 00 00 00 00 00 00 00 00 00 00 00 00 00 00 00 00 00 00 00 00 00 00 00 00 00
2026-07-26T19:03:53.563511,231.456,can0  002  [04]  48 6B 01 00
2026-07-26T19:03:53.563719,231.456,can0  060  [32]  00 00 00 00 C0 30 4D 08 96 0F B8 10 19 00 08 00 FF 01 00 00 00 00 00 00 01 00 00 00 00 00 00 00
2026-07-26T19:03:53.564862,231.457,can0   002  [04]  04 86 b0 10 0
2026-07-26T19:03:53.627259,231.519,can0   002  [04]  04 86 b0 10 0
2026-07-26T19:03:53.663078,231.555,can0  041  [04]  32 00 5A 00
2026-07-26T19:03:53.663246,231.555,can0  002  [04]  48 6B 01 00
2026-07-26T19:03:53.663475,231.556,can0  001  [05]  00 00 00 00 40
2026-07-26T19:03:53.697884,231.590,can0   002  [04]  04 86 b0 10 0
2026-07-26T19:03:53.762634,231.655,can0  002  [04]  48 6B 01 00
2026-07-26T19:03:53.762873,231.655,can0  040  [04]  06 00 50 00
2026-07-26T19:03:53.763432,231.656,can0  070  [20]  C0 30 4D 08 41 BA 62 03 08 CF 00 00 03 02 00 00 18 12 00 00
2026-07-26T19:03:53.763653,231.656,can0  040  [04]  06 00 50 00
2026-07-26T19:03:53.763832,231.656,can0  002  [04]  48 6B 01 00
2026-07-26T19:03:53.767985,231.660,can0   002  [04]  04 86 b0 10 0
2026-07-26T19:03:53.835856,231.728,can0   002  [04]  04 86 b0 10 0
2026-07-26T19:03:53.862271,231.754,can0  002  [04]  48 6B 01 00
2026-07-26T19:03:53.862507,231.755,can0  070  [20]  C0 30 4D 08 41 BA 62 03 08 CF 00 00 03 02 00 00 18 12 00 00
2026-07-26T19:03:53.862930,231.755,can0  041  [04]  33 00 59 00
2026-07-26T19:03:53.904880,231.797,can0   002  [04]  04 86 b0 10 0
2026-07-26T19:03:53.962804,231.855,can0  002  [04]  48 6B 01 00
2026-07-26T19:03:53.963038,231.855,can0  040  [04]  0A 00 4F 00
2026-07-26T19:03:53.963221,231.855,can0  002  [04]  48 6B 01 00
2026-07-26T19:03:53.976035,231.868,can0   002  [04]  04 86 b0 10 0
2026-07-26T19:03:54.043926,231.936,can0   002  [04]  04 86 b0 10 0
2026-07-26T19:03:54.062578,231.955,can0  040  [04]  0A 00 4F 00
2026-07-26T19:03:54.062823,231.955,can0  002  [04]  48 6B 01 00
2026-07-26T19:03:54.105340,231.997,can0   002  [04]  04 86 b0 10 0
2026-07-26T19:03:54.162519,232.055,can0  060  [32]  99 8D D6 02 71 B9 4D 08 20 C4 63 03 44 00 FC 0B 33 01 FF 00 00 00 00 00 02 00 00 00 00 00 00 00
2026-07-26T19:03:54.162688,232.055,can0  060  [32]  93 01 D6 02 47 B6 4D 08 CC 1E 64 03 00 00 5D 09 67 01 80 00 00 00 00 01 02 00 00 00 00 00 00 00
2026-07-26T19:03:54.164091,232.056,can0  002  [04]  48 6B 01 00
2026-07-26T19:03:54.164187,232.056,can0  070  [20]  BE 30 4D 08 41 BA 62 03 F0 D2 00 00 03 02 00 00 2D 08 00 00
2026-07-26T19:03:54.164310,232.056,can0  041  [04]  34 00 59 00
2026-07-26T19:03:54.164477,232.057,can0  100  [03]  20 74 04
2026-07-26T19:03:54.164605,232.057,can0  120  [04]  BE 69 00 00
2026-07-26T19:03:54.164727,232.057,can0  002  [04]  48 6B 01 00
2026-07-26T19:03:54.164876,232.057,can0  070  [20]  BE 30 4D 08 41 BA 62 03 F0 D2 00 00 03 02 00 00 2D 08 00 00
2026-07-26T19:03:54.175711,232.068,can0   002  [04]  04 86 b0 10 0
2026-07-26T19:03:54.239704,232.132,can0   002  [04]  04 86 b0 10 0
2026-07-26T19:03:54.262769,232.155,can0  040  [04]  07 00 54 00
2026-07-26T19:03:54.263245,232.155,can0  002  [04]  48 6B 01 00
2026-07-26T19:03:54.263324,232.155,can0  070  [20]  BE 30 4D 08 41 BA 62 03 F0 D2 00 00 03 02 00 00 2D 08 00 00
2026-07-26T19:03:54.267681,232.160,can0  040  [04]  07 00 54 00
2026-07-26T19:03:54.304725,232.197,can0   002  [04]  04 86 b0 10 0
2026-07-26T19:03:54.362803,232.255,can0  002  [04]  48 6B 01 00
2026-07-26T19:03:54.363009,232.255,can0  002  [04]  90 5F 01 00
2026-07-26T19:03:54.363265,232.255,can0  002  [04]  48 6B 01 00
2026-07-26T19:03:54.371075,232.263,can0   002  [04]  04 86 b0 10 0
2026-07-26T19:03:54.442524,232.335,can0   002  [04]  04 86 b0 10 0
2026-07-26T19:03:54.462263,232.354,can0  041  [04]  32 00 5B 00
2026-07-26T19:03:54.462446,232.355,can0  002  [04]  48 6B 01 00
2026-07-26T19:03:54.513226,232.405,can0   002  [04]  04 86 b0 10 0
2026-07-26T19:03:54.562779,232.455,can0  040  [04]  67 01 63 00
2026-07-26T19:03:54.562949,232.455,can0  002  [04]  48 6B 01 00
2026-07-26T19:03:54.563181,232.455,can0  040  [04]  67 01 63 00
2026-07-26T19:03:54.563377,232.455,can0  002  [04]  48 6B 01 00
2026-07-26T19:03:54.579884,232.472,can0   002  [04]  04 86 b0 10 0
2026-07-26T19:03:54.643646,232.536,can0   002  [04]  04 86 b0 10 0
2026-07-26T19:03:54.662954,232.555,can0  060  [32]  6E DE D5 02 1A 6B 4D 08 2E DC 64 03 00 00 95 0C 3A 00 80 00 00 00 00 00 03 00 00 00 00 00 00 00
2026-07-26T19:03:54.663239,232.555,can0  060  [32]  00 00 00 00 BE 30 4D 08 96 0F B8 10 0B 00 F8 0C FF 01 00 00 00 00 00 01 03 00 00 00 00 00 00 00
2026-07-26T19:03:54.663444,232.556,can0  060  [32]  10 A1 A9 08 3D D4 4D 08 58 64 63 03 4D 00 0E 0B 1A 01 7E 00 00 00 00 02 03 00 00 00 00 00 00 00
2026-07-26T19:03:54.665081,232.557,can0  002  [04]  48 6B 01 00
2026-07-26T19:03:54.668681,232.561,can0  041  [04]  32 00 5C 00
2026-07-26T19:03:54.711044,232.603,can0   002  [04]  04 86 b0 10 0
2026-07-26T19:03:54.762711,232.655,can0  002  [04]  48 6B 01 00
2026-07-26T19:03:54.763317,232.655,can0  070  [20]  BE 30 4D 08 41 BA 62 03 F0 D2 00 00 03 02 00 00 2D 08 00 00
2026-07-26T19:03:54.763524,232.656,can0  002  [04]  48 6B 01 00
2026-07-26T19:03:54.767186,232.659,can0  040  [04]  64 01 68 00
2026-07-26T19:03:54.779424,232.672,can0   002  [04]  04 86 b0 10 0
2026-07-26T19:03:54.847696,232.740,can0   002  [04]  04 86 b0 10 0
2026-07-26T19:03:54.862734,232.755,can0  040  [04]  64 01 68 00
2026-07-26T19:03:54.867845,232.760,can0  002  [04]  48 6B 01 00
2026-07-26T19:03:54.911203,232.803,can0   002  [04]  04 86 b0 10 0
2026-07-26T19:03:54.963527,232.856,can0  070  [20]  BE 30 4D 08 41 BA 62 03 F0 D2 00 00 03 02 00 00 2D 08 00 00
2026-07-26T19:03:54.963598,232.856,can0  002  [04]  48 6B 01 00
2026-07-26T19:03:54.963641,232.856,can0  041  [04]  33 00 57 00
2026-07-26T19:03:54.963722,232.856,can0  110  [02]  AE 1A
2026-07-26T19:03:54.968917,232.861,can0  002  [04]  48 6B 01 00
2026-07-26T19:03:54.973666,232.866,can0   002  [04]  04 86 b0 10 0
2026-07-26T19:03:55.043790,232.936,can0   002  [04]  04 86 b0 10 0
2026-07-26T19:03:55.063039,232.955,can0  002  [04]  48 6B 01 00
2026-07-26T19:03:55.066793,232.959,can0  040  [04]  66 01 63 00
2026-07-26T19:03:55.066881,232.959,can0  040  [04]  66 01 63 00
2026-07-26T19:03:55.110725,233.003,can0   002  [04]  04 86 b0 10 0
2026-07-26T19:03:55.162963,233.055,can0  002  [04]  48 6B 01 00
2026-07-26T19:03:55.163226,233.055,can0  070  [20]  B9 30 4D 08 3F BA 62 03 D8 D6 00 00 03 02 00 00 D2 07 00 00
2026-07-26T19:03:55.163513,233.056,can0  070  [20]  B9 30 4D 08 3F BA 62 03 D8 D6 00 00 03 02 00 00 D3 07 00 00
2026-07-26T19:03:55.163681,233.056,can0  002  [04]  48 6B 01 00
2026-07-26T19:03:55.173401,233.065,can0   002  [04]  04 86 b0 10 0
2026-07-26T19:03:55.242974,233.135,can0   002  [04]  04 86 b0 10 0
2026-07-26T19:03:55.262548,233.155,can0  041  [04]  36 00 4F 00
2026-07-26T19:03:55.262761,233.155,can0  002  [04]  48 6B 01 00
2026-07-26T19:03:55.263061,233.155,can0  070  [20]  B9 30 4D 08 3F BA 62 03 D8 D6 00 00 03 02 00 00 D3 07 00 00
2026-07-26T19:03:55.310077,233.202,can0   002  [04]  04 86 b0 10 0
2026-07-26T19:03:55.362656,233.255,can0  040  [04]  04 00 55 00
2026-07-26T19:03:55.362837,233.255,can0  002  [04]  48 6B 01 00
2026-07-26T19:03:55.363045,233.255,can0  002  [04]  90 5F 01 00
2026-07-26T19:03:55.363682,233.256,can0  040  [04]  04 00 55 00
2026-07-26T19:03:55.363760,233.256,can0  100  [03]  20 74 04
2026-07-26T19:03:55.363828,233.256,can0  120  [04]  BE 69 00 00
2026-07-26T19:03:55.363896,233.256,can0  002  [04]  48 6B 01 00
2026-07-26T19:03:55.383236,233.275,can0   002  [04]  04 86 b0 10 0
2026-07-26T19:03:55.449811,233.342,can0   002  [04]  04 86 b0 10 0
2026-07-26T19:03:55.463709,233.356,can0  060  [32]  5F AE D6 02 D3 2D 4D 08 0F A5 63 03 00 00 7C 08 FF 01 00 00 00 00 00 00 02 00 00 00 00 00 00 00
2026-07-26T19:03:55.463804,233.356,can0  060  [32]  1B FE D5 02 44 C8 4D 08 C5 5F 63 03 6E 00 E1 09 FD 00 80 00 00 00 00 01 02 00 00 00 00 00 00 00
2026-07-26T19:03:55.463899,233.356,can0  002  [04]  48 6B 01 00
2026-07-26T19:03:55.466293,233.358,can0  041  [04]  3A 00 4A 00
2026-07-26T19:03:55.518473,233.411,can0   002  [04]  04 86 b0 10 0
2026-07-26T19:03:55.562148,233.454,can0  002  [04]  48 6B 01 00
2026-07-26T19:03:55.562505,233.455,can0  040  [04]  0A 00 4B 00
2026-07-26T19:03:55.562690,233.455,can0  002  [04]  48 6B 01 00
2026-07-26T19:03:55.587898,233.480,can0   002  [04]  04 86 b0 10 0
2026-07-26T19:03:55.656424,233.549,can0   002  [04]  04 86 b0 10 0
2026-07-26T19:03:55.662835,233.555,can0  040  [04]  0A 00 4B 00
2026-07-26T19:03:55.663044,233.555,can0  002  [04]  48 6B 01 00
2026-07-26T19:03:55.666984,233.559,can0  001  [05]  00 00 00 00 40
2026-07-26T19:03:55.719408,233.611,can0   002  [04]  04 86 b0 10 0
2026-07-26T19:03:55.762472,233.655,can0  002  [04]  48 6B 01 00
2026-07-26T19:03:55.763008,233.655,can0  041  [04]  39 00 4B 00
2026-07-26T19:03:55.763065,233.655,can0  070  [20]  B9 30 4D 08 3F BA 62 03 D8 D6 00 00 03 02 00 00 D3 07 00 00
2026-07-26T19:03:55.766892,233.659,can0  002  [04]  48 6B 01 00
2026-07-26T19:03:55.786383,233.678,can0   002  [04]  04 86 b0 10 0
2026-07-26T19:03:55.859689,233.752,can0   002  [04]  04 86 b0 10 0
2026-07-26T19:03:55.862991,233.755,can0  040  [04]  0A 00 4E 00
2026-07-26T19:03:55.863049,233.755,can0  133  [00]
2026-07-26T19:03:55.863203,233.755,can0  002  [04]  48 6B 01 00
2026-07-26T19:03:55.863785,233.756,can0  070  [20]  B9 30 4D 08 3F BA 62 03 D8 D6 00 00 03 02 00 00 D3 07 00 00
2026-07-26T19:03:55.863992,233.756,can0  040  [04]  0A 00 4E 00
2026-07-26T19:03:55.929439,233.822,can0   002  [04]  04 86 b0 10 0
2026-07-26T19:03:55.962573,233.855,can0  002  [04]  48 6B 01 00
2026-07-26T19:03:55.997645,233.890,can0   002  [04]  04 86 b0 10 0
2026-07-26T19:03:56.062931,233.955,can0  002  [04]  48 6B 01 00
2026-07-26T19:03:56.063197,233.955,can0  041  [04]  38 00 4D 00
2026-07-26T19:03:56.063368,233.955,can0  002  [04]  48 6B 01 00
2026-07-26T19:03:56.063618,233.956,can0  040  [04]  04 00 58 00
2026-07-26T19:03:56.064516,233.957,can0   002  [04]  04 86 b0 10 0
2026-07-26T19:03:56.127721,234.020,can0   002  [04]  04 86 b0 10 0
2026-07-26T19:03:56.164357,234.056,can0  002  [04]  48 6B 01 00
2026-07-26T19:03:56.164428,234.056,can0  070  [20]  BC 30 4D 08 44 BA 62 03 C0 DA 00 00 03 02 00 00 0E 0F 00 00
2026-07-26T19:03:56.164472,234.057,can0  070  [20]  BC 30 4D 08 44 BA 62 03 C0 DA 00 00 03 02 00 00 0D 0F 00 00
2026-07-26T19:03:56.167987,234.060,can0  040  [04]  04 00 58 00
2026-07-26T19:03:56.196522,234.089,can0   002  [04]  04 86 b0 10 0
2026-07-26T19:03:56.262825,234.155,can0  002  [04]  48 6B 01 00
2026-07-26T19:03:56.263056,234.155,can0  070  [20]  BC 30 4D 08 44 BA 62 03 C0 DA 00 00 03 02 00 00 0D 0F 00 00
2026-07-26T19:03:56.263227,234.155,can0  002  [04]  48 6B 01 00
2026-07-26T19:03:56.263453,234.156,can0  041  [04]  35 00 53 00
2026-07-26T19:03:56.264960,234.157,can0   002  [04]  04 86 b0 10 0
2026-07-26T19:03:56.331674,234.224,can0   002  [04]  04 86 b0 10 0
2026-07-26T19:03:56.362389,234.254,can0  002  [04]  48 6B 01 00
2026-07-26T19:03:56.362560,234.255,can0  002  [04]  90 5F 01 00
2026-07-26T19:03:56.362820,234.255,can0  040  [04]  67 01 5F 00
2026-07-26T19:03:56.395103,234.287,can0   002  [04]  04 86 b0 10 0
2026-07-26T19:03:56.461698,234.354,can0   002  [04]  04 86 b0 10 0
2026-07-26T19:03:56.462916,234.355,can0  002  [04]  48 6B 01 00
2026-07-26T19:03:56.463199,234.355,can0  060  [32]  00 00 00 00 B9 30 4D 08 94 0F B8 10 0A 00 63 0A FF 01 00 00 00 00 00 00 02 00 00 00 00 00 00 00
2026-07-26T19:03:56.463382,234.355,can0  060  [32]  04 99 D6 02 12 26 4D 08 1B FE B8 10 00 00 10 0E FF 01 00 00 00 00 00 01 02 00 00 00 00 00 00 00
2026-07-26T19:03:56.465011,234.357,can0  040  [04]  67 01 5F 00
2026-07-26T19:03:56.465175,234.357,can0  002  [04]  48 6B 01 00
2026-07-26T19:03:56.532769,234.425,can0   002  [04]  04 86 b0 10 0
2026-07-26T19:03:56.562926,234.455,can0  002  [04]  48 6B 01 00
2026-07-26T19:03:56.563176,234.455,can0  041  [04]  36 00 51 00
2026-07-26T19:03:56.563381,234.455,can0  100  [03]  21 74 04
2026-07-26T19:03:56.563599,234.456,can0  110  [02]  AD 1A
2026-07-26T19:03:56.563829,234.456,can0  120  [04]  B4 69 00 00
2026-07-26T19:03:56.595609,234.488,can0   002  [04]  04 86 b0 10 0
2026-07-26T19:03:56.660718,234.553,can0   002  [04]  04 86 b0 10 0
2026-07-26T19:03:56.662059,234.554,can0  002  [04]  48 6B 01 00
2026-07-26T19:03:56.662303,234.554,can0  040  [04]  00 00 5A 00
2026-07-26T19:03:56.662533,234.555,can0  002  [04]  48 6B 01 00
2026-07-26T19:03:56.667311,234.559,can0  040  [04]  00 00 5A 00
2026-07-26T19:03:56.726630,234.619,can0   002  [04]  04 86 b0 10 0
2026-07-26T19:03:56.762411,234.654,can0  002  [04]  48 6B 01 00
2026-07-26T19:03:56.762695,234.655,can0  070  [20]  BC 30 4D 08 44 BA 62 03 C0 DA 00 00 03 02 00 00 0D 0F 00 00
2026-07-26T19:03:56.795470,234.688,can0   002  [04]  04 86 b0 10 0
2026-07-26T19:03:56.858341,234.750,can0   002  [04]  04 86 b0 10 0
2026-07-26T19:03:56.862999,234.755,can0  002  [04]  48 6B 01 00
2026-07-26T19:03:56.863273,234.755,can0  041  [04]  37 00 4F 00
2026-07-26T19:03:56.863479,234.756,can0  002  [04]  48 6B 01 00
2026-07-26T19:03:56.923761,234.816,can0   002  [04]  04 86 b0 10 0
2026-07-26T19:03:56.962716,234.855,can0  070  [20]  BC 30 4D 08 44 BA 62 03 C0 DA 00 00 03 02 00 00 0D 0F 00 00
2026-07-26T19:03:56.962952,234.855,can0  040  [04]  04 00 53 00
2026-07-26T19:03:56.963145,234.855,can0  002  [04]  48 6B 01 00
2026-07-26T19:03:56.963382,234.855,can0  040  [04]  04 00 53 00
2026-07-26T19:03:56.963535,234.856,can0  002  [04]  48 6B 01 00
2026-07-26T19:03:56.992874,234.885,can0   002  [04]  04 86 b0 10 0
2026-07-26T19:03:57.059460,234.952,can0   002  [04]  04 86 b0 10 0
2026-07-26T19:03:57.062171,234.954,can0  002  [04]  48 6B 01 00
2026-07-26T19:03:57.062467,234.955,can0  041  [04]  3A 00 4E 00
2026-07-26T19:03:57.123652,235.016,can0   002  [04]  04 86 b0 10 0
2026-07-26T19:03:57.162070,235.054,can0  002  [04]  48 6B 01 00
2026-07-26T19:03:57.162356,235.054,can0  070  [20]  BB 30 4D 08 44 BA 62 03 A8 DE 00 00 03 02 00 00 83 09 00 00
2026-07-26T19:03:57.162623,235.055,can0  040  [04]  08 00 53 00
2026-07-26T19:03:57.162885,235.055,can0  070  [20]  BB 30 4D 08 44 BA 62 03 A8 DE 00 00 03 02 00 00 82 09 00 00
2026-07-26T19:03:57.189348,235.081,can0   002  [04]  04 86 b0 10 0
2026-07-26T19:03:57.255727,235.148,can0   002  [04]  04 86 b0 10 0
2026-07-26T19:03:57.262454,235.155,can0  002  [04]  48 6B 01 00
2026-07-26T19:03:57.262731,235.155,can0  040  [04]  08 00 53 00
2026-07-26T19:03:57.262945,235.155,can0  002  [04]  48 6B 01 00
2026-07-26T19:03:57.263227,235.155,can0  070  [20]  BB 30 4D 08 44 BA 62 03 A8 DE 00 00 03 02 00 00 82 09 00 00
2026-07-26T19:03:57.319391,235.211,can0   002  [04]  04 86 b0 10 0
2026-07-26T19:03:57.363118,235.255,can0  002  [04]  48 6B 01 00
2026-07-26T19:03:57.363457,235.256,can0  041  [04]  39 00 4F 00
2026-07-26T19:03:57.363713,235.256,can0  002  [04]  90 5F 01 00
2026-07-26T19:03:57.363855,235.256,can0  002  [04]  48 6B 01 00
2026-07-26T19:03:57.382028,235.274,can0   002  [04]  04 86 b0 10 0
2026-07-26T19:03:57.449972,235.342,can0   002  [04]  04 86 b0 10 0
2026-07-26T19:03:57.463257,235.355,can0  040  [04]  07 00 56 00
2026-07-26T19:03:57.463347,235.355,can0  002  [04]  48 6B 01 00
2026-07-26T19:03:57.519332,235.411,can0   002  [04]  04 86 b0 10 0
2026-07-26T19:03:57.562270,235.454,can0  040  [04]  07 00 56 00
2026-07-26T19:03:57.562434,235.455,can0  002  [04]  48 6B 01 00
2026-07-26T19:03:57.562709,235.455,can0  002  [04]  48 6B 01 00
2026-07-26T19:03:57.583305,235.475,can0   002  [04]  04 86 b0 10 0
2026-07-26T19:03:57.646155,235.538,can0   002  [04]  04 86 b0 10 0
2026-07-26T19:03:57.662876,235.555,can0  041  [04]  36 00 51 00
2026-07-26T19:03:57.662943,235.555,can0  060  [32]  00 00 00 00 BB 30 4D 08 99 0F B8 10 0D 00 DC 0C FF 01 00 00 00 00 00 00 02 00 00 00 00 00 00 00
2026-07-26T19:03:57.664131,235.556,can0  060  [32]  D6 62 D6 02 42 2A 4D 08 17 3A B8 10 00 00 10 0E FF 01 00 00 00 00 00 01 02 00 00 00 00 00 00 00
2026-07-26T19:03:57.664448,235.557,can0  002  [04]  48 6B 01 00
2026-07-26T19:03:57.664676,235.557,can0  001  [05]  00 00 00 00 40
2026-07-26T19:03:57.664987,235.557,can0  040  [04]  06 00 57 00
2026-07-26T19:03:57.713927,235.606,can0   002  [04]  04 86 b0 10 0
2026-07-26T19:03:57.762681,235.655,can0  002  [04]  48 6B 01 00
2026-07-26T19:03:57.762951,235.655,can0  040  [04]  06 00 57 00
2026-07-26T19:03:57.763331,235.655,can0  100  [03]  21 74 04
2026-07-26T19:03:57.763380,235.655,can0  120  [04]  BE 69 00 00
2026-07-26T19:03:57.763626,235.656,can0  070  [20]  BB 30 4D 08 44 BA 62 03 A8 DE 00 00 03 02 00 00 82 09 00 00
2026-07-26T19:03:57.763787,235.656,can0  002  [04]  48 6B 01 00
2026-07-26T19:03:57.780073,235.672,can0   002  [04]  04 86 b0 10 0
2026-07-26T19:03:57.842875,235.735,can0   002  [04]  04 86 b0 10 0
2026-07-26T19:03:57.862379,235.754,can0  002  [04]  48 6B 01 00
2026-07-26T19:03:57.862444,235.755,can0  041  [04]  36 00 51 00
2026-07-26T19:03:57.862640,235.755,can0  070  [20]  BB 30 4D 08 44 BA 62 03 A8 DE 00 00 03 02 00 00 82 09 00 00
2026-07-26T19:03:57.913681,235.806,can0   002  [04]  04 86 b0 10 0
2026-07-26T19:03:57.962947,235.855,can0  002  [04]  48 6B 01 00
2026-07-26T19:03:57.963199,235.855,can0  040  [04]  06 00 57 00
2026-07-26T19:03:57.967461,235.860,can0  002  [04]  48 6B 01 00
2026-07-26T19:03:57.978132,235.870,can0   002  [04]  04 86 b0 10 0
2026-07-26T19:03:58.049057,235.941,can0   002  [04]  04 86 b0 10 0
2026-07-26T19:03:58.063106,235.955,can0  040  [04]  06 00 57 00
2026-07-26T19:03:58.066631,235.959,can0  002  [04]  48 6B 01 00
2026-07-26T19:03:58.114825,236.007,can0   002  [04]  04 86 b0 10 0
2026-07-26T19:03:58.162765,236.055,can0  070  [20]  B9 30 4D 08 43 BA 62 03 90 E2 00 00 03 02 00 00 55 01 00 00
2026-07-26T19:03:58.163042,236.055,can0  060  [32]  00 00 00 00 00 00 00 00 00 00 00 00 00 00 00 00 00 00 00 00 00 00 00 00 00 00 00 00 00 00 00 00
2026-07-26T19:03:58.163242,236.055,can0  002  [04]  48 6B 01 00
2026-07-26T19:03:58.163518,236.056,can0  070  [20]  B9 30 4D 08 43 BA 62 03 90 E2 00 00 03 02 00 00 55 01 00 00
2026-07-26T19:03:58.163826,236.056,can0  041  [04]  37 00 4F 00
2026-07-26T19:03:58.163973,236.056,can0  110  [02]  AE 1A
2026-07-26T19:03:58.164139,236.056,can0  002  [04]  48 6B 01 00
2026-07-26T19:03:58.183605,236.076,can0   002  [04]  04 86 b0 10 0
2026-07-26T19:03:58.250511,236.143,can0   002  [04]  04 86 b0 10 0
2026-07-26T19:03:58.263132,236.155,can0  040  [04]  08 00 53 00
2026-07-26T19:03:58.263314,236.155,can0  002  [04]  48 6B 01 00
2026-07-26T19:03:58.263706,236.156,can0  070  [20]  B9 30 4D 08 43 BA 62 03 90 E2 00 00 03 02 00 00 55 01 00 00
2026-07-26T19:03:58.266753,236.159,can0  040  [04]  08 00 53 00
2026-07-26T19:03:58.313192,236.205,can0   002  [04]  04 86 b0 10 0
2026-07-26T19:03:58.362627,236.255,can0  002  [04]  48 6B 01 00
2026-07-26T19:03:58.365542,236.258,can0  002  [04]  90 5F 01 00
2026-07-26T19:03:58.365599,236.258,can0  002  [04]  48 6B 01 00
2026-07-26T19:03:58.378332,236.270,can0   002  [04]  04 86 b0 10 0
2026-07-26T19:03:58.446040,236.338,can0   002  [04]  04 86 b0 10 0
2026-07-26T19:03:58.462752,236.355,can0  041  [04]  38 00 4D 00
2026-07-26T19:03:58.462922,236.355,can0  002  [04]  48 6B 01 00
2026-07-26T19:03:58.511646,236.404,can0   002  [04]  04 86 b0 10 0
2026-07-26T19:03:58.562570,236.455,can0  040  [04]  0D 00 54 00
2026-07-26T19:03:58.562639,236.455,can0  002  [04]  48 6B 01 00
2026-07-26T19:03:58.566518,236.459,can0  040  [04]  0D 00 54 00
2026-07-26T19:03:58.566577,236.459,can0  002  [04]  48 6B 01 00
2026-07-26T19:03:58.581302,236.473,can0   002  [04]  04 86 b0 10 0
2026-07-26T19:03:58.647407,236.539,can0   002  [04]  04 86 b0 10 0
2026-07-26T19:03:58.662196,236.554,can0  060  [32]  00 00 00 00 00 00 00 00 00 00 00 00 00 00 00 00 00 00 00 00 00 00 00 00 00 00 00 00 00 00 00 00
2026-07-26T19:03:58.663605,236.556,can0  060  [32]  00 00 00 00 B9 30 4D 08 97 0F B8 10 01 00 10 0E FF 01 00 00 00 00 00 00 01 00 00 00 00 00 00 00
2026-07-26T19:03:58.663663,236.556,can0  002  [04]  48 6B 01 00
2026-07-26T19:03:58.667757,236.560,can0  041  [04]  36 00 4F 00
2026-07-26T19:03:58.713256,236.605,can0   002  [04]  04 86 b0 10 0
2026-07-26T19:03:58.762661,236.655,can0  002  [04]  48 6B 01 00
2026-07-26T19:03:58.762987,236.655,can0  070  [20]  B9 30 4D 08 43 BA 62 03 90 E2 00 00 03 02 00 00 55 01 00 00
2026-07-26T19:03:58.763341,236.655,can0  040  [04]  0D 00 54 00
2026-07-26T19:03:58.763386,236.655,can0  002  [04]  48 6B 01 00
2026-07-26T19:03:58.783303,236.675,can0   002  [04]  04 86 b0 10 0
2026-07-26T19:03:58.849218,236.741,can0   002  [04]  04 86 b0 10 0
2026-07-26T19:03:58.866719,236.759,can0  040  [04]  0D 00 54 00
2026-07-26T19:03:58.866787,236.759,can0  002  [04]  48 6B 01 00
2026-07-26T19:03:58.866829,236.759,can0  070  [20]  B9 30 4D 08 43 BA 62 03 90 E2 00 00 03 02 00 00 55 01 00 00
2026-07-26T19:03:58.915535,236.808,can0   002  [04]  04 86 b0 10 0
2026-07-26T19:03:58.963061,236.855,can0  002  [04]  48 6B 01 00
2026-07-26T19:03:58.963341,236.855,can0  041  [04]  36 00 51 00
2026-07-26T19:03:58.963621,236.856,can0  100  [03]  21 74 04
2026-07-26T19:03:58.963809,236.856,can0  120  [04]  BE 69 00 00
2026-07-26T19:03:58.964012,236.856,can0  002  [04]  48 6B 01 00
2026-07-26T19:03:58.980237,236.872,can0   002  [04]  04 86 b0 10 0
2026-07-26T19:03:59.042755,236.935,can0   002  [04]  04 86 b0 10 0
2026-07-26T19:03:59.062579,236.955,can0  040  [04]  0C 00 55 00
2026-07-26T19:03:59.062692,236.955,can0  002  [04]  48 6B 01 00
2026-07-26T19:03:59.066392,236.958,can0  040  [04]  0C 00 55 00
2026-07-26T19:03:59.107111,236.999,can0   002  [04]  04 86 b0 10 0
2026-07-26T19:03:59.162880,237.055,can0  002  [04]  48 6B 01 00
2026-07-26T19:03:59.163487,237.056,can0  070  [20]  BB 30 4D 08 44 BA 62 03 78 E6 00 00 03 02 00 00 77 04 00 00
2026-07-26T19:03:59.163703,237.056,can0  060  [32]  00 00 00 00 00 00 00 00 00 00 00 00 00 00 00 00 00 00 00 00 00 00 00 00 00 00 00 00 00 00 00 00
2026-07-26T19:03:59.163909,237.056,can0  070  [20]  BB 30 4D 08 44 BA 62 03 78 E6 00 00 03 02 00 00 77 04 00 00
2026-07-26T19:03:59.164110,237.056,can0  002  [04]  48 6B 01 00
2026-07-26T19:03:59.171993,237.064,can0   002  [04]  04 86 b0 10 0
2026-07-26T19:03:59.239519,237.132,can0   002  [04]  04 86 b0 10 0
2026-07-26T19:03:59.262489,237.155,can0  041  [04]  36 00 4F 00
2026-07-26T19:03:59.262649,237.155,can0  002  [04]  48 6B 01 00
2026-07-26T19:03:59.267926,237.160,can0  070  [20]  BB 30 4D 08 44 BA 62 03 78 E6 00 00 03 02 00 00 77 04 00 00
2026-07-26T19:03:59.307456,237.200,can0   002  [04]  04 86 b0 10 0
2026-07-26T19:03:59.362335,237.254,can0  040  [04]  09 00 57 00
2026-07-26T19:03:59.362489,237.255,can0  002  [04]  48 6B 01 00
2026-07-26T19:03:59.362704,237.255,can0  002  [04]  90 5F 01 00
2026-07-26T19:03:59.363632,237.256,can0  060  [32]  30 7B D6 02 0E B5 4D 08 2E 1E 64 03 00 00 0F 07 58 00 80 00 00 00 00 00 01 00 00 00 00 00 00 00
2026-07-26T19:03:59.367053,237.259,can0  040  [04]  09 00 57 00
2026-07-26T19:03:59.367110,237.259,can0  002  [04]  48 6B 01 00
2026-07-26T19:03:59.376397,237.268,can0   002  [04]  04 86 b0 10 0
2026-07-26T19:03:59.440721,237.333,can0   002  [04]  04 86 b0 10 0
2026-07-26T19:03:59.462649,237.355,can0  002  [04]  48 6B 01 00
2026-07-26T19:03:59.462727,237.355,can0  041  [04]  36 00 51 00
2026-07-26T19:03:59.509931,237.402,can0   002  [04]  04 86 b0 10 0
2026-07-26T19:03:59.566309,237.458,can0  002  [04]  48 6B 01 00
2026-07-26T19:03:59.566407,237.458,can0  040  [04]  08 00 5A 00
2026-07-26T19:03:59.566500,237.459,can0  002  [04]  48 6B 01 00
2026-07-26T19:03:59.580810,237.473,can0   002  [04]  04 86 b0 10 0
2026-07-26T19:03:59.647927,237.540,can0   002  [04]  04 86 b0 10 0
2026-07-26T19:03:59.662465,237.555,can0  040  [04]  08 00 5A 00
2026-07-26T19:03:59.662620,237.555,can0  002  [04]  48 6B 01 00
2026-07-26T19:03:59.666209,237.558,can0  001  [05]  00 00 00 00 40
2026-07-26T19:03:59.712950,237.605,can0   002  [04]  04 86 b0 10 0
2026-07-26T19:03:59.762987,237.655,can0  002  [04]  48 6B 01 00
2026-07-26T19:03:59.763250,237.655,can0  041  [04]  35 00 53 00
2026-07-26T19:03:59.763520,237.656,can0  070  [20]  BB 30 4D 08 44 BA 62 03 78 E6 00 00 03 02 00 00 77 04 00 00
2026-07-26T19:03:59.763757,237.656,can0  110  [02]  B1 1A
2026-07-26T19:03:59.763953,237.656,can0  002  [04]  48 6B 01 00
2026-07-26T19:03:59.785563,237.678,can0   002  [04]  04 86 b0 10 0
2026-07-26T19:03:59.849838,237.742,can0   002  [04]  04 86 b0 10 0
2026-07-26T19:03:59.862838,237.755,can0  040  [04]  08 00 59 00
2026-07-26T19:03:59.863090,237.755,can0  002  [04]  48 6B 01 00
2026-07-26T19:03:59.863369,237.755,can0  070  [20]  BB 30 4D 08 44 BA 62 03 78 E6 00 00 03 02 00 00 77 04 00 00
2026-07-26T19:03:59.863637,237.756,can0  040  [04]  08 00 59 00
2026-07-26T19:03:59.917787,237.810,can0   002  [04]  04 86 b0 10 0
2026-07-26T19:03:59.973336,237.865,can0  002  [04]  48 6B 01 00
2026-07-26T19:03:59.973521,237.866,can0  002  [04]  48 6B 01 00
2026-07-26T19:03:59.992810,237.885,can0   002  [04]  04 86 b0 10 0
2026-07-26T19:04:00.055871,237.948,can0   002  [04]  04 86 b0 10 0
2026-07-26T19:04:00.068527,237.961,can0  041  [04]  38 00 51 00
2026-07-26T19:04:00.068635,237.961,can0  002  [04]  48 6B 01 00
2026-07-26T19:04:00.068731,237.961,can0  040  [04]  0B 00 58 00
2026-07-26T19:04:00.118034,238.010,can0   002  [04]  04 86 b0 10 0
2026-07-26T19:04:00.163679,238.056,can0  002  [04]  48 6B 01 00
2026-07-26T19:04:00.163788,238.056,can0  070  [20]  BB 30 4D 08 44 BA 62 03 00 00 00 00 04 02 00 00 67 02 00 00
2026-07-26T19:04:00.163874,238.056,can0  040  [04]  0B 00 58 00
2026-07-26T19:04:00.163969,238.056,can0  070  [20]  BB 30 4D 08 44 BA 62 03 00 00 00 00 04 02 00 00 66 02 00 00
2026-07-26T19:04:00.164318,238.056,can0  100  [03]  22 74 04
2026-07-26T19:04:00.164407,238.056,can0  120  [04]  B4 69 00 00
2026-07-26T19:04:00.164498,238.057,can0  002  [04]  48 6B 01 00
2026-07-26T19:04:00.185331,238.077,can0   002  [04]  04 86 b0 10 0
2026-07-26T19:04:00.250310,238.142,can0   002  [04]  04 86 b0 10 0
2026-07-26T19:04:00.262822,238.155,can0  132  [00]
2026-07-26T19:04:00.267095,238.159,can0  002  [04]  48 6B 01 00
2026-07-26T19:04:00.267437,238.160,can0  070  [20]  BB 30 4D 08 44 BA 62 03 00 00 00 00 04 02 00 00 66 02 00 00
2026-07-26T19:04:00.267733,238.160,can0  041  [04]  39 00 53 00
2026-07-26T19:04:00.315318,238.207,can0   002  [04]  04 86 b0 10 0
2026-07-26T19:04:00.362714,238.255,can0  002  [04]  48 6B 01 00
2026-07-26T19:04:00.362854,238.255,can0  002  [04]  90 5F 01 00
2026-07-26T19:04:00.363212,238.255,can0  040  [04]  0F 00 56 00
2026-07-26T19:04:00.363291,238.255,can0  002  [04]  48 6B 01 00
2026-07-26T19:04:00.381702,238.274,can0   002  [04]  04 86 b0 10 0
2026-07-26T19:04:00.449344,238.341,can0   002  [04]  04 86 b0 10 0
2026-07-26T19:04:00.462341,238.354,can0  040  [04]  0F 00 56 00
2026-07-26T19:04:00.466020,238.358,can0  002  [04]  48 6B 01 00
2026-07-26T19:04:00.514766,238.407,can0   002  [04]  04 86 b0 10 0
2026-07-26T19:04:00.566013,238.458,can0  002  [04]  48 6B 01 00
2026-07-26T19:04:00.566108,238.458,can0  041  [04]  38 00 52 00
2026-07-26T19:04:00.566202,238.458,can0  002  [04]  48 6B 01 00
2026-07-26T19:04:00.578046,238.470,can0   002  [04]  04 86 b0 10 0
2026-07-26T19:04:00.645753,238.538,can0   002  [04]  04 86 b0 10 0
2026-07-26T19:04:00.662539,238.555,can0  040  [04]  10 00 56 00
2026-07-26T19:04:00.662770,238.555,can0  002  [04]  48 6B 01 00
2026-07-26T19:04:00.662942,238.555,can0  060  [32]  00 00 00 00 BB 30 4D 08 99 0F B8 10 03 00 77 0C FF 01 00 00 00 00 00 00 01 00 00 00 00 00 00 00
2026-07-26T19:04:00.663989,238.556,can0  040  [04]  10 00 56 00
2026-07-26T19:04:00.713224,238.605,can0   002  [04]  04 86 b0 10 0
2026-07-26T19:04:00.762634,238.655,can0  002  [04]  48 6B 01 00
2026-07-26T19:04:00.762850,238.655,can0  070  [20]  BB 30 4D 08 44 BA 62 03 00 00 00 00 04 02 00 00 66 02 00 00
2026-07-26T19:04:00.763028,238.655,can0  002  [04]  48 6B 01 00
2026-07-26T19:04:00.780486,238.673,can0   002  [04]  04 86 b0 10 0
2026-07-26T19:04:00.851223,238.743,can0   002  [04]  04 86 b0 10 0
2026-07-26T19:04:00.863003,238.755,can0  041  [04]  38 00 51 00
2026-07-26T19:04:00.866686,238.759,can0  002  [04]  48 6B 01 00
2026-07-26T19:04:00.915095,238.807,can0   002  [04]  04 86 b0 10 0
2026-07-26T19:04:00.967116,238.859,can0  070  [20]  BB 30 4D 08 44 BA 62 03 00 00 00 00 04 02 00 00 66 02 00 00
2026-07-26T19:04:00.967216,238.859,can0  040  [04]  0D 00 56 00
2026-07-26T19:04:00.967308,238.859,can0  002  [04]  48 6B 01 00
2026-07-26T19:04:00.967388,238.859,can0  040  [04]  0D 00 56 00
2026-07-26T19:04:00.967471,238.860,can0  002  [04]  48 6B 01 00
2026-07-26T19:04:00.982436,238.875,can0   002  [04]  04 86 b0 10 0
2026-07-26T19:04:01.048753,238.941,can0   002  [04]  04 86 b0 10 0
2026-07-26T19:04:01.062323,238.954,can0  002  [04]  48 6B 01 00
2026-07-26T19:04:01.062597,238.955,can0  041  [04]  37 00 52 00
2026-07-26T19:04:01.119694,239.012,can0   002  [04]  04 86 b0 10 0
2026-07-26T19:04:01.162350,239.054,can0  002  [04]  48 6B 01 00
2026-07-26T19:04:01.162680,239.055,can0  070  [20]  BE 30 4D 08 46 BA 62 03 E8 03 00 00 04 02 00 00 D5 08 00 00
2026-07-26T19:04:01.162909,239.055,can0  070  [20]  BE 30 4D 08 46 BA 62 03 E8 03 00 00 04 02 00 00 D6 08 00 00
2026-07-26T19:04:01.163179,239.055,can0  060  [32]  00 00 00 00 00 00 00 00 00 00 00 00 00 00 00 00 00 00 00 00 00 00 00 00 00 00 00 00 00 00 00 00
2026-07-26T19:04:01.163394,239.055,can0  040  [04]  09 00 57 00
2026-07-26T19:04:01.163594,239.056,can0  002  [04]  48 6B 01 00
2026-07-26T19:04:01.186139,239.078,can0   002  [04]  04 86 b0 10 0
2026-07-26T19:04:01.248708,239.141,can0   002  [04]  04 86 b0 10 0
2026-07-26T19:04:01.262116,239.154,can0  040  [04]  09 00 57 00
2026-07-26T19:04:01.262285,239.154,can0  002  [04]  48 6B 01 00
2026-07-26T19:04:01.262837,239.155,can0  070  [20]  BE 30 4D 08 46 BA 62 03 E8 03 00 00 04 02 00 00 D6 08 00 00
2026-07-26T19:04:01.312876,239.205,can0   002  [04]  04 86 b0 10 0
2026-07-26T19:04:01.363006,239.255,can0  002  [04]  48 6B 01 00
2026-07-26T19:04:01.363631,239.256,can0  041  [04]  35 00 55 00
2026-07-26T19:04:01.363705,239.256,can0  002  [04]  90 5F 01 00
2026-07-26T19:04:01.363767,239.256,can0  100  [03]  21 74 04
2026-07-26T19:04:01.363908,239.256,can0  110  [02]  AF 1A
2026-07-26T19:04:01.364134,239.256,can0  120  [04]  B4 69 00 00
2026-07-26T19:04:01.364265,239.256,can0  002  [04]  48 6B 01 00
2026-07-26T19:04:01.382335,239.274,can0   002  [04]  04 86 b0 10 0
2026-07-26T19:04:01.449749,239.342,can0   002  [04]  04 86 b0 10 0
2026-07-26T19:04:01.462639,239.355,can0  040  [04]  05 00 5A 00
2026-07-26T19:04:01.466651,239.359,can0  002  [04]  48 6B 01 00
2026-07-26T19:04:01.466723,239.359,can0  040  [04]  05 00 5A 00
2026-07-26T19:04:01.516685,239.409,can0   002  [04]  04 86 b0 10 0
2026-07-26T19:04:01.563015,239.455,can0  002  [04]  48 6B 01 00
2026-07-26T19:04:01.566649,239.459,can0  002  [04]  48 6B 01 00
2026-07-26T19:04:01.585646,239.478,can0   002  [04]  04 86 b0 10 0
2026-07-26T19:04:01.652045,239.544,can0   002  [04]  04 86 b0 10 0
2026-07-26T19:04:01.663219,239.555,can0  041  [04]  36 00 51 00
2026-07-26T19:04:01.663282,239.555,can0  002  [04]  48 6B 01 00
2026-07-26T19:04:01.663410,239.555,can0  060  [32]  00 00 00 00 BE 30 4D 08 9B 0F B8 10 0C 00 01 01 FF 01 00 00 00 00 00 00 01 00 00 00 00 00 00 00
2026-07-26T19:04:01.664705,239.557,can0  001  [05]  00 00 00 00 40
2026-07-26T19:04:01.667102,239.559,can0  040  [04]  03 00 5A 00
2026-07-26T19:04:01.721340,239.613,can0   002  [04]  04 86 b0 10 0
2026-07-26T19:04:01.762549,239.655,can0  002  [04]  48 6B 01 00
2026-07-26T19:04:01.762795,239.655,can0  040  [04]  03 00 5A 00
2026-07-26T19:04:01.763017,239.655,can0  070  [20]  BE 30 4D 08 46 BA 62 03 E8 03 00 00 04 02 00 00 D6 08 00 00
2026-07-26T19:04:01.763212,239.655,can0  002  [04]  48 6B 01 00
2026-07-26T19:04:01.789581,239.682,can0   002  [04]  04 86 b0 10 0
2026-07-26T19:04:01.857784,239.750,can0   002  [04]  04 86 b0 10 0
2026-07-26T19:04:01.862769,239.755,can0  002  [04]  48 6B 01 00
2026-07-26T19:04:01.863110,239.755,can0  041  [04]  37 00 4F 00
2026-07-26T19:04:01.863413,239.755,can0  070  [20]  BE 30 4D 08 46 BA 62 03 E8 03 00 00 04 02 00 00 D6 08 00 00
2026-07-26T19:04:01.924212,239.816,can0   002  [04]  04 86 b0 10 0
2026-07-26T19:04:01.962786,239.855,can0  002  [04]  48 6B 01 00
2026-07-26T19:04:01.963020,239.855,can0  040  [04]  06 00 55 00
2026-07-26T19:04:01.963204,239.855,can0  002  [04]  48 6B 01 00
2026-07-26T19:04:01.987854,239.880,can0   002  [04]  04 86 b0 10 0
2026-07-26T19:04:02.058509,239.951,can0   002  [04]  04 86 b0 10 0
2026-07-26T19:04:02.062628,239.955,can0  040  [04]  06 00 55 00
2026-07-26T19:04:02.062757,239.955,can0  002  [04]  48 6B 01 00
2026-07-26T19:04:02.123569,240.016,can0   002  [04]  04 86 b0 10 0
2026-07-26T19:04:02.162992,240.055,can0  070  [20]  BC 30 4D 08 44 BA 62 03 D0 07 00 00 04 02 00 00 D8 07 00 00
2026-07-26T19:04:02.163594,240.056,can0  002  [04]  48 6B 01 00
2026-07-26T19:04:02.163688,240.056,can0  041  [04]  38 00 50 00
2026-07-26T19:04:02.163770,240.056,can0  070  [20]  BC 30 4D 08 44 BA 62 03 D0 07 00 00 04 02 00 00 D8 07 00 00
2026-07-26T19:04:02.163860,240.056,can0  060  [32]  00 00 00 00 00 00 00 00 00 00 00 00 00 00 00 00 00 00 00 00 00 00 00 00 00 00 00 00 00 00 00 00
2026-07-26T19:04:02.163946,240.056,can0  002  [04]  48 6B 01 00
2026-07-26T19:04:02.192597,240.085,can0   002  [04]  04 86 b0 10 0
2026-07-26T19:04:02.260288,240.152,can0   002  [04]  04 86 b0 10 0
2026-07-26T19:04:02.263203,240.155,can0  040  [04]  0A 00 55 00
2026-07-26T19:04:02.263299,240.155,can0  070  [20]  BC 30 4D 08 44 BA 62 03 D0 07 00 00 04 02 00 00 D8 07 00 00
2026-07-26T19:04:02.263407,240.155,can0  002  [04]  48 6B 01 00
2026-07-26T19:04:02.263619,240.156,can0  040  [04]  0A 00 55 00
2026-07-26T19:04:02.327503,240.220,can0   002  [04]  04 86 b0 10 0
2026-07-26T19:04:02.362191,240.254,can0  002  [04]  48 6B 01 00
2026-07-26T19:04:02.362376,240.254,can0  002  [04]  90 5F 01 00
2026-07-26T19:04:02.362616,240.255,can0  002  [04]  48 6B 01 00
2026-07-26T19:04:02.395735,240.288,can0   002  [04]  04 86 b0 10 0
2026-07-26T19:04:02.459632,240.352,can0   002  [04]  04 86 b0 10 0
2026-07-26T19:04:02.462923,240.355,can0  041  [04]  38 00 52 00
2026-07-26T19:04:02.463087,240.355,can0  002  [04]  48 6B 01 00
2026-07-26T19:04:02.463355,240.355,can0  040  [04]  0A 00 55 00
2026-07-26T19:04:02.526389,240.418,can0   002  [04]  04 86 b0 10 0
2026-07-26T19:04:02.562311,240.454,can0  002  [04]  48 6B 01 00
2026-07-26T19:04:02.562563,240.455,can0  040  [04]  0A 00 55 00
2026-07-26T19:04:02.562746,240.455,can0  100  [03]  20 74 04
2026-07-26T19:04:02.565384,240.457,can0  120  [04]  B4 69 00 00
2026-07-26T19:04:02.565468,240.458,can0  002  [04]  48 6B 01 00
2026-07-26T19:04:02.595015,240.487,can0   002  [04]  04 86 b0 10 0
2026-07-26T19:04:02.661394,240.553,can0   002  [04]  04 86 b0 10 0
2026-07-26T19:04:02.662078,240.554,can0  060  [32]  00 00 00 00 00 00 00 00 00 00 00 00 00 00 00 00 00 00 00 00 00 00 00 00 00 00 00 00 00 00 00 00
2026-07-26T19:04:02.662260,240.554,can0  002  [04]  48 6B 01 00
2026-07-26T19:04:02.662483,240.555,can0  041  [04]  39 00 53 00
2026-07-26T19:04:02.662693,240.555,can0  060  [32]  00 00 00 00 BC 30 4D 08 99 0F B8 10 0A 00 C1 0B FF 01 00 00 00 00 00 00 01 00 00 00 00 00 00 00
2026-07-26T19:04:02.723715,240.616,can0   002  [04]  04 86 b0 10 0
2026-07-26T19:04:02.762628,240.655,can0  002  [04]  48 6B 01 00
2026-07-26T19:04:02.766916,240.659,can0  070  [20]  BC 30 4D 08 44 BA 62 03 D0 07 00 00 04 02 00 00 D8 07 00 00
2026-07-26T19:04:02.767009,240.659,can0  040  [04]  07 00 54 00
2026-07-26T19:04:02.767101,240.659,can0  002  [04]  48 6B 01 00
2026-07-26T19:04:02.792392,240.684,can0   002  [04]  04 86 b0 10 0
2026-07-26T19:04:02.858651,240.751,can0   002  [04]  04 86 b0 10 0
2026-07-26T19:04:02.866334,240.758,can0  040  [04]  07 00 54 00
2026-07-26T19:04:02.866439,240.759,can0  002  [04]  48 6B 01 00
2026-07-26T19:04:02.926691,240.819,can0   002  [04]  04 86 b0 10 0
2026-07-26T19:04:02.962980,240.855,can0  070  [20]  BC 30 4D 08 44 BA 62 03 D0 07 00 00 04 02 00 00 D8 07 00 00
2026-07-26T19:04:02.963137,240.855,can0  002  [04]  48 6B 01 00
2026-07-26T19:04:02.963462,240.856,can0  041  [04]  38 00 54 00
2026-07-26T19:04:02.963716,240.856,can0  110  [02]  AF 1A
2026-07-26T19:04:02.963923,240.856,can0  002  [04]  48 6B 01 00
2026-07-26T19:04:02.992057,240.884,can0   002  [04]  04 86 b0 10 0
2026-07-26T19:04:03.062517,240.955,can0  040  [04]  04 00 58 00
2026-07-26T19:04:03.062741,240.955,can0  002  [04]  48 6B 01 00
2026-07-26T19:04:03.063082,240.955,can0  040  [04]  04 00 58 00
2026-07-26T19:04:03.063169,240.955,can0   002  [04]  04 86 b0 10 0
2026-07-26T19:04:03.126826,241.019,can0   002  [04]  04 86 b0 10 0
2026-07-26T19:04:03.163014,241.055,can0  002  [04]  48 6B 01 00
2026-07-26T19:04:03.163737,241.056,can0  070  [20]  BC 30 4D 08 46 BA 62 03 B8 0B 00 00 04 02 00 00 E0 05 00 00
2026-07-26T19:04:03.163827,241.056,can0  070  [20]  BC 30 4D 08 46 BA 62 03 B8 0B 00 00 04 02 00 00 DF 05 00 00
2026-07-26T19:04:03.163914,241.056,can0  002  [04]  48 6B 01 00
2026-07-26T19:04:03.163995,241.056,can0  041  [04]  3A 00 54 00
2026-07-26T19:04:03.187254,241.079,can0   002  [04]  04 86 b0 10 0
2026-07-26T19:04:03.252260,241.144,can0   002  [04]  04 86 b0 10 0
2026-07-26T19:04:03.262698,241.155,can0  060  [32]  1B FE D5 02 C9 C7 4D 08 CD 5D 63 03 6F 00 D8 09 FE 00 80 00 00 00 00 00 02 00 00 00 00 00 00 00
2026-07-26T19:04:03.262915,241.155,can0  060  [32]  5F AE D6 02 D3 2D 4D 08 0F A5 63 03 00 00 7C 08 FF 01 00 00 00 00 00 01 02 00 00 00 00 00 00 00
2026-07-26T19:04:03.264013,241.156,can0  002  [04]  48 6B 01 00
2026-07-26T19:04:03.268457,241.161,can0  070  [20]  BC 30 4D 08 46 BA 62 03 B8 0B 00 00 04 02 00 00 DF 05 00 00
2026-07-26T19:04:03.268545,241.161,can0  040  [04]  03 00 5B 00
2026-07-26T19:04:03.319786,241.212,can0   002  [04]  04 86 b0 10 0
2026-07-26T19:04:03.362408,241.254,can0  002  [04]  48 6B 01 00
2026-07-26T19:04:03.362639,241.255,can0  040  [04]  03 00 5B 00
2026-07-26T19:04:03.362807,241.255,can0  002  [04]  90 5F 01 00
2026-07-26T19:04:03.363061,241.255,can0  002  [04]  48 6B 01 00
2026-07-26T19:04:03.388258,241.280,can0   002  [04]  04 86 b0 10 0
2026-07-26T19:04:03.454738,241.347,can0   002  [04]  04 86 b0 10 0
2026-07-26T19:04:03.465633,241.358,can0  002  [04]  48 6B 01 00
2026-07-26T19:04:03.465736,241.358,can0  041  [04]  3A 00 54 00
2026-07-26T19:04:03.520135,241.412,can0   002  [04]  04 86 b0 10 0
2026-07-26T19:04:03.562476,241.455,can0  002  [04]  48 6B 01 00
2026-07-26T19:04:03.562721,241.455,can0  040  [04]  04 00 5B 00
2026-07-26T19:04:03.562860,241.455,can0  002  [04]  48 6B 01 00
2026-07-26T19:04:03.585372,241.477,can0   002  [04]  04 86 b0 10 0
2026-07-26T19:04:03.652871,241.545,can0   002  [04]  04 86 b0 10 0
2026-07-26T19:04:03.662150,241.554,can0  040  [04]  04 00 5B 00
2026-07-26T19:04:03.662322,241.554,can0  002  [04]  48 6B 01 00
2026-07-26T19:04:03.662527,241.555,can0  001  [05]  00 00 00 00 40
2026-07-26T19:04:03.718612,241.611,can0   002  [04]  04 86 b0 10 0
2026-07-26T19:04:03.762931,241.655,can0  002  [04]  48 6B 01 00
2026-07-26T19:04:03.763205,241.655,can0  041  [04]  3A 00 55 00
2026-07-26T19:04:03.763753,241.656,can0  070  [20]  BC 30 4D 08 46 BA 62 03 B8 0B 00 00 04 02 00 00 DF 05 00 00
2026-07-26T19:04:03.763986,241.656,can0  100  [03]  1F 74 04
2026-07-26T19:04:03.764199,241.656,can0  120  [04]  B4 69 00 00
2026-07-26T19:04:03.764371,241.656,can0  002  [04]  48 6B 01 00
2026-07-26T19:04:03.787332,241.679,can0   002  [04]  04 86 b0 10 0
2026-07-26T19:04:03.853699,241.746,can0   002  [04]  04 86 b0 10 0
2026-07-26T19:04:03.862833,241.755,can0  040  [04]  04 00 5B 00
2026-07-26T19:04:03.866638,241.759,can0  002  [04]  48 6B 01 00
2026-07-26T19:04:03.866736,241.759,can0  070  [20]  BC 30 4D 08 46 BA 62 03 B8 0B 00 00 04 02 00 00 DF 05 00 00
2026-07-26T19:04:03.866817,241.759,can0  040  [04]  04 00 5B 00
2026-07-26T19:04:03.921962,241.814,can0   002  [04]  04 86 b0 10 0
2026-07-26T19:04:03.963757,241.856,can0  060  [32]  99 8D D6 02 2F BA 4D 08 9A C2 63 03 44 00 F8 0B 36 01 80 00 00 00 00 00 03 00 00 00 00 00 00 00
2026-07-26T19:04:03.963853,241.856,can0  060  [32]  00 00 00 00 BC 30 4D 08 9B 0F B8 10 08 00 AD 0D FF 01 00 00 00 00 00 01 03 00 00 00 00 00 00 00
2026-07-26T19:04:03.963935,241.856,can0  060  [32]  6E DE D5 02 03 6B 4D 08 1F DC 64 03 00 00 95 0C 3A 00 80 00 00 00 00 02 03 00 00 00 00 00 00 00
2026-07-26T19:04:03.964015,241.856,can0  002  [04]  48 6B 01 00
2026-07-26T19:04:03.964100,241.856,can0  002  [04]  48 6B 01 00
2026-07-26T19:04:03.964194,241.856,can0  041  [04]  39 00 55 00
2026-07-26T19:04:03.989234,241.881,can0   002  [04]  04 86 b0 10 0
2026-07-26T19:04:04.053869,241.946,can0   002  [04]  04 86 b0 10 0
2026-07-26T19:04:04.062362,241.954,can0  002  [04]  48 6B 01 00
2026-07-26T19:04:04.065910,241.958,can0  040  [04]  04 00 5B 00
2026-07-26T19:04:04.122365,242.014,can0   002  [04]  04 86 b0 10 0
2026-07-26T19:04:04.162591,242.055,can0  070  [20]  BE 30 4D 08 49 BA 62 03 A0 0F 00 00 04 02 00 00 15 03 00 00
2026-07-26T19:04:04.162713,242.055,can0  002  [04]  48 6B 01 00
2026-07-26T19:04:04.165304,242.057,can0  040  [04]  04 00 5B 00
2026-07-26T19:04:04.165383,242.057,can0  070  [20]  BE 30 4D 08 49 BA 62 03 A0 0F 00 00 04 02 00 00 15 03 00 00
2026-07-26T19:04:04.165470,242.058,can0  002  [04]  48 6B 01 00
2026-07-26T19:04:04.191165,242.083,can0   002  [04]  04 86 b0 10 0
2026-07-26T19:04:04.259715,242.152,can0   002  [04]  04 86 b0 10 0
2026-07-26T19:04:04.262499,242.155,can0  070  [20]  BE 30 4D 08 49 BA 62 03 A0 0F 00 00 04 02 00 00 15 03 00 00
2026-07-26T19:04:04.262694,242.155,can0  002  [04]  48 6B 01 00
2026-07-26T19:04:04.265872,242.158,can0  041  [04]  36 00 53 00
2026-07-26T19:04:04.325085,242.217,can0   002  [04]  04 86 b0 10 0
2026-07-26T19:04:04.362555,242.255,can0  002  [04]  48 6B 01 00
2026-07-26T19:04:04.362801,242.255,can0  002  [04]  90 5F 01 00
2026-07-26T19:04:04.363101,242.255,can0  040  [04]  07 00 5A 00
2026-07-26T19:04:04.363347,242.255,can0  002  [04]  48 6B 01 00
2026-07-26T19:04:04.394192,242.286,can0   002  [04]  04 86 b0 10 0
2026-07-26T19:04:04.461017,242.353,can0   002  [04]  04 86 b0 10 0
2026-07-26T19:04:04.462482,242.355,can0  060  [32]  00 00 00 00 00 00 00 00 00 00 00 00 00 00 00 00 00 00 00 00 00 00 00 00 00 00 00 00 00 00 00 00
2026-07-26T19:04:04.462809,242.355,can0  040  [04]  07 00 5A 00
2026-07-26T19:04:04.462992,242.355,can0  002  [04]  48 6B 01 00
2026-07-26T19:04:04.527695,242.420,can0   002  [04]  04 86 b0 10 0
2026-07-26T19:04:04.562312,242.454,can0  002  [04]  48 6B 01 00
2026-07-26T19:04:04.562558,242.455,can0  041  [04]  35 00 52 00
2026-07-26T19:04:04.562776,242.455,can0  110  [02]  B1 1A
2026-07-26T19:04:04.562972,242.455,can0  002  [04]  48 6B 01 00
2026-07-26T19:04:04.598769,242.491,can0   002  [04]  04 86 b0 10 0
2026-07-26T19:04:04.662316,242.554,can0  040  [04]  09 00 57 00
2026-07-26T19:04:04.662541,242.555,can0  040  [04]  09 00 57 00
2026-07-26T19:04:04.662781,242.555,can0  002  [04]  48 6B 01 00
2026-07-26T19:04:04.666506,242.559,can0   002  [04]  04 86 b0 10 0
2026-07-26T19:04:04.734292,242.626,can0   002  [04]  04 86 b0 10 0
2026-07-26T19:04:04.762659,242.655,can0  060  [32]  00 00 00 00 BE 30 4D 08 9E 0F B8 10 04 00 6E 00 FF 01 00 00 00 00 00 00 01 00 00 00 00 00 00 00
2026-07-26T19:04:04.763648,242.656,can0  002  [04]  48 6B 01 00
2026-07-26T19:04:04.766196,242.658,can0  070  [20]  BE 30 4D 08 49 BA 62 03 A0 0F 00 00 04 02 00 00 15 03 00 00
2026-07-26T19:04:04.766249,242.658,can0  041  [04]  34 00 52 00
2026-07-26T19:04:04.803870,242.696,can0   002  [04]  04 86 b0 10 0
2026-07-26T19:04:04.862763,242.755,can0  002  [04]  48 6B 01 00
2026-07-26T19:04:04.862908,242.755,can0  002  [04]  48 6B 01 00
2026-07-26T19:04:04.863178,242.755,can0  040  [04]  07 00 57 00
2026-07-26T19:04:04.863725,242.756,can0  070  [20]  BE 30 4D 08 49 BA 62 03 A0 0F 00 00 04 02 00 00 15 03 00 00
2026-07-26T19:04:04.868580,242.761,can0   002  [04]  04 86 b0 10 0
2026-07-26T19:04:04.934873,242.827,can0   002  [04]  04 86 b0 10 0
2026-07-26T19:04:04.962394,242.854,can0  002  [04]  48 6B 01 00
2026-07-26T19:04:04.962684,242.855,can0  040  [04]  07 00 57 00
2026-07-26T19:04:04.962862,242.855,can0  100  [03]  1F 74 04
2026-07-26T19:04:04.963120,242.855,can0  120  [04]  B4 69 00 00
2026-07-26T19:04:05.008491,242.901,can0   002  [04]  04 86 b0 10 0
2026-07-26T19:04:05.063060,242.955,can0  002  [04]  48 6B 01 00
2026-07-26T19:04:05.063321,242.955,can0  041  [04]  34 00 52 00
2026-07-26T19:04:05.063557,242.956,can0  002  [04]  48 6B 01 00
2026-07-26T19:04:05.079531,242.972,can0   002  [04]  04 86 b0 10 0
2026-07-26T19:04:05.148271,243.040,can0   002  [04]  04 86 b0 10 0
2026-07-26T19:04:05.162917,243.055,can0  070  [20]  C0 30 4D 08 4E BA 62 03 88 13 00 00 04 02 00 00 95 06 00 00
2026-07-26T19:04:05.163130,243.055,can0  002  [04]  48 6B 01 00
2026-07-26T19:04:05.163394,243.055,can0  070  [20]  C0 30 4D 08 4E BA 62 03 88 13 00 00 04 02 00 00 96 06 00 00
2026-07-26T19:04:05.163603,243.056,can0  040  [04]  04 00 57 00
2026-07-26T19:04:05.213933,243.106,can0   002  [04]  04 86 b0 10 0
2026-07-26T19:04:05.262656,243.155,can0  060  [32]  00 00 00 00 00 00 00 00 00 00 00 00 00 00 00 00 00 00 00 00 00 00 00 00 00 00 00 00 00 00 00 00
2026-07-26T19:04:05.262889,243.155,can0  040  [04]  04 00 57 00
2026-07-26T19:04:05.263278,243.155,can0  002  [04]  48 6B 01 00
2026-07-26T19:04:05.263528,243.156,can0  070  [20]  C0 30 4D 08 4E BA 62 03 88 13 00 00 04 02 00 00 96 06 00 00
2026-07-26T19:04:05.263745,243.156,can0  002  [04]  48 6B 01 00
2026-07-26T19:04:05.283577,243.176,can0   002  [04]  04 86 b0 10 0
2026-07-26T19:04:05.353526,243.246,can0   002  [04]  04 86 b0 10 0
2026-07-26T19:04:05.362284,243.254,can0  041  [04]  33 00 51 00
2026-07-26T19:04:05.362505,243.255,can0  002  [04]  48 6B 01 00
2026-07-26T19:04:05.362726,243.255,can0  002  [04]  90 5F 01 00
2026-07-26T19:04:05.423309,243.315,can0   002  [04]  04 86 b0 10 0
2026-07-26T19:04:05.462333,243.354,can0  002  [04]  48 6B 01 00
2026-07-26T19:04:05.462625,243.355,can0  040  [04]  02 00 57 00
2026-07-26T19:04:05.462807,243.355,can0  040  [04]  02 00 57 00
2026-07-26T19:04:05.462970,243.355,can0  002  [04]  48 6B 01 00
2026-07-26T19:04:05.491098,243.383,can0   002  [04]  04 86 b0 10 0
2026-07-26T19:04:05.553928,243.446,can0   002  [04]  04 86 b0 10 0
2026-07-26T19:04:05.562290,243.454,can0  002  [04]  48 6B 01 00
2026-07-26T19:04:05.562563,243.455,can0  041  [04]  32 00 50 00
2026-07-26T19:04:05.623146,243.515,can0   002  [04]  04 86 b0 10 0
2026-07-26T19:04:05.662548,243.555,can0  002  [04]  48 6B 01 00
2026-07-26T19:04:05.662640,243.555,can0  001  [05]  00 00 00 00 40
2026-07-26T19:04:05.662831,243.555,can0  040  [04]  02 00 57 00
2026-07-26T19:04:05.662992,243.555,can0  002  [04]  48 6B 01 00
2026-07-26T19:04:05.695216,243.587,can0   002  [04]  04 86 b0 10 0
2026-07-26T19:04:05.762703,243.655,can0  060  [32]  00 00 00 00 C0 30 4D 08 A3 0F B8 10 09 00 98 01 FF 01 00 00 00 00 00 00 01 00 00 00 00 00 00 00
2026-07-26T19:04:05.763885,243.656,can0  040  [04]  02 00 57 00
2026-07-26T19:04:05.764120,243.656,can0  070  [20]  C0 30 4D 08 4E BA 62 03 88 13 00 00 04 02 00 00 96 06 00 00
2026-07-26T19:04:05.764324,243.656,can0  002  [04]  48 6B 01 00
2026-07-26T19:04:05.764513,243.657,can0  133  [00]
2026-07-26T19:04:05.765500,243.658,can0   002  [04]  04 86 b0 10 0
2026-07-26T19:04:05.829110,243.721,can0   002  [04]  04 86 b0 10 0
2026-07-26T19:04:05.863109,243.755,can0  002  [04]  48 6B 01 00
2026-07-26T19:04:05.865552,243.758,can0  041  [04]  31 00 4F 00
2026-07-26T19:04:05.865629,243.758,can0  070  [20]  C0 30 4D 08 4E BA 62 03 88 13 00 00 04 02 00 00 96 06 00 00
2026-07-26T19:04:05.865715,243.758,can0  002  [04]  48 6B 01 00
2026-07-26T19:04:05.898188,243.790,can0   002  [04]  04 86 b0 10 0
2026-07-26T19:04:05.962166,243.854,can0  040  [04]  04 00 57 00
2026-07-26T19:04:05.962353,243.854,can0  002  [04]  48 6B 01 00
2026-07-26T19:04:05.962538,243.855,can0  040  [04]  04 00 57 00
2026-07-26T19:04:05.963722,243.856,can0   002  [04]  04 86 b0 10 0
2026-07-26T19:04:06.026568,243.919,can0   002  [04]  04 86 b0 10 0
2026-07-26T19:04:06.062649,243.955,can0  002  [04]  48 6B 01 00
2026-07-26T19:04:06.062817,243.955,can0  002  [04]  48 6B 01 00
2026-07-26T19:04:06.094470,243.987,can0   002  [04]  04 86 b0 10 0
2026-07-26T19:04:06.161496,244.054,can0   002  [04]  04 86 b0 10 0
2026-07-26T19:04:06.162933,244.055,can0  041  [04]  31 00 4E 00
2026-07-26T19:04:06.163184,244.055,can0  070  [20]  C0 30 4D 08 52 BA 62 03 70 17 00 00 04 02 00 00 3D 04 00 00
2026-07-26T19:04:06.163389,244.055,can0  100  [03]  1F 74 04
2026-07-26T19:04:06.163556,244.056,can0  002  [04]  48 6B 01 00
2026-07-26T19:04:06.163771,244.056,can0  110  [02]  AF 1A
2026-07-26T19:04:06.163999,244.056,can0  120  [04]  BE 69 00 00
2026-07-26T19:04:06.164188,244.056,can0  070  [20]  C0 30 4D 08 52 BA 62 03 70 17 00 00 04 02 00 00 3D 04 00 00
2026-07-26T19:04:06.226641,244.119,can0   002  [04]  04 86 b0 10 0
2026-07-26T19:04:06.262499,244.155,can0  040  [04]  04 00 56 00
2026-07-26T19:04:06.262742,244.155,can0  002  [04]  48 6B 01 00
2026-07-26T19:04:06.263073,244.155,can0  070  [20]  C0 30 4D 08 52 BA 62 03 70 17 00 00 04 02 00 00 3D 04 00 00
2026-07-26T19:04:06.263302,244.155,can0  040  [04]  04 00 56 00
2026-07-26T19:04:06.263498,244.156,can0  002  [04]  48 6B 01 00
2026-07-26T19:04:06.294930,244.187,can0   002  [04]  04 86 b0 10 0
2026-07-26T19:04:06.359652,244.252,can0   002  [04]  04 86 b0 10 0
2026-07-26T19:04:06.362236,244.254,can0  002  [04]  90 5F 01 00
2026-07-26T19:04:06.362407,244.254,can0  002  [04]  48 6B 01 00
2026-07-26T19:04:06.362687,244.255,can0  041  [04]  31 00 51 00
2026-07-26T19:04:06.429071,244.321,can0   002  [04]  04 86 b0 10 0
2026-07-26T19:04:06.462776,244.355,can0  002  [04]  48 6B 01 00
2026-07-26T19:04:06.462980,244.355,can0  040  [04]  04 00 56 00
2026-07-26T19:04:06.463174,244.355,can0  002  [04]  48 6B 01 00
2026-07-26T19:04:06.497045,244.389,can0   002  [04]  04 86 b0 10 0
2026-07-26T19:04:06.566280,244.458,can0  040  [04]  04 00 56 00
2026-07-26T19:04:06.566348,244.458,can0  002  [04]  48 6B 01 00
2026-07-26T19:04:06.568716,244.461,can0   002  [04]  04 86 b0 10 0
2026-07-26T19:04:06.634718,244.527,can0   002  [04]  04 86 b0 10 0
2026-07-26T19:04:06.662555,244.555,can0  002  [04]  48 6B 01 00
2026-07-26T19:04:06.662885,244.555,can0  041  [04]  32 00 51 00
2026-07-26T19:04:06.662968,244.555,can0  002  [04]  48 6B 01 00
2026-07-26T19:04:06.700769,244.593,can0   002  [04]  04 86 b0 10 0
2026-07-26T19:04:06.762854,244.655,can0  060  [32]  AE 64 D6 02 B7 2F 4D 08 79 FA B8 10 33 00 97 05 FF 01 00 00 00 00 00 00 02 00 00 00 00 00 00 00
2026-07-26T19:04:06.763036,244.655,can0  060  [32]  00 00 00 00 C0 30 4D 08 A6 0F B8 10 05 00 49 02 FF 01 00 00 00 00 00 01 02 00 00 00 00 00 00 00
2026-07-26T19:04:06.764109,244.656,can0  070  [20]  C0 30 4D 08 52 BA 62 03 70 17 00 00 04 02 00 00 3D 04 00 00
2026-07-26T19:04:06.764373,244.656,can0  040  [04]  03 00 5B 00
2026-07-26T19:04:06.764543,244.657,can0  002  [04]  48 6B 01 00
2026-07-26T19:04:06.764792,244.657,can0  040  [04]  03 00 5B 00
2026-07-26T19:04:06.765581,244.658,can0   002  [04]  04 86 b0 10 0
2026-07-26T19:04:06.832353,244.724,can0   002  [04]  04 86 b0 10 0
2026-07-26T19:04:06.863044,244.755,can0  002  [04]  48 6B 01 00
2026-07-26T19:04:06.863706,244.756,can0  070  [20]  C0 30 4D 08 52 BA 62 03 70 17 00 00 04 02 00 00 3D 04 00 00
2026-07-26T19:04:06.863884,244.756,can0  002  [04]  48 6B 01 00
2026-07-26T19:04:06.896999,244.789,can0   002  [04]  04 86 b0 10 0
2026-07-26T19:04:06.962343,244.854,can0  041  [04]  31 00 55 00
2026-07-26T19:04:06.965990,244.858,can0  002  [04]  48 6B 01 00
2026-07-26T19:04:06.967232,244.859,can0   002  [04]  04 86 b0 10 0
2026-07-26T19:04:07.030112,244.922,can0   002  [04]  04 86 b0 10 0
2026-07-26T19:04:07.062762,244.955,can0  040  [04]  01 00 60 00
2026-07-26T19:04:07.062828,244.955,can0  002  [04]  48 6B 01 00
2026-07-26T19:04:07.062992,244.955,can0  040  [04]  01 00 60 00
2026-07-26T19:04:07.065489,244.958,can0  002  [04]  48 6B 01 00
2026-07-26T19:04:07.095323,244.987,can0   002  [04]  04 86 b0 10 0
2026-07-26T19:04:07.158756,245.051,can0   002  [04]  04 86 b0 10 0
2026-07-26T19:04:07.162717,245.055,can0  070  [20]  C0 30 4D 08 57 BA 62 03 58 1B 00 00 04 02 00 00 DC 05 00 00
2026-07-26T19:04:07.166391,245.058,can0  070  [20]  C0 30 4D 08 57 BA 62 03 58 1B 00 00 04 02 00 00 DB 05 00 00
2026-07-26T19:04:07.166452,245.059,can0  002  [04]  48 6B 01 00
2026-07-26T19:04:07.166494,245.059,can0  041  [04]  30 00 55 00
2026-07-26T19:04:07.226568,245.119,can0   002  [04]  04 86 b0 10 0
2026-07-26T19:04:07.263056,245.155,can0  002  [04]  48 6B 01 00
2026-07-26T19:04:07.263341,245.155,can0  070  [20]  C0 30 4D 08 57 BA 62 03 58 1B 00 00 04 02 00 00 DB 05 00 00
2026-07-26T19:04:07.268246,245.160,can0  040  [04]  00 00 63 00
2026-07-26T19:04:07.268308,245.160,can0  002  [04]  48 6B 01 00
2026-07-26T19:04:07.293753,245.186,can0   002  [04]  04 86 b0 10 0
2026-07-26T19:04:07.362768,245.255,can0  040  [04]  00 00 63 00
2026-07-26T19:04:07.362997,245.255,can0  002  [04]  90 5F 01 00
2026-07-26T19:04:07.363277,245.255,can0  002  [04]  48 6B 01 00
2026-07-26T19:04:07.363493,245.256,can0   002  [04]  04 86 b0 10 0
2026-07-26T19:04:07.363578,245.256,can0  100  [03]  20 74 04
2026-07-26T19:04:07.363716,245.256,can0  120  [04]  C8 69 00 00
2026-07-26T19:04:07.427778,245.320,can0   002  [04]  04 86 b0 10 0
2026-07-26T19:04:07.465914,245.358,can0  002  [04]  48 6B 01 00
2026-07-26T19:04:07.465982,245.358,can0  041  [04]  31 00 55 00
2026-07-26T19:04:07.466027,245.358,can0  002  [04]  48 6B 01 00
2026-07-26T19:04:07.497478,245.390,can0   002  [04]  04 86 b0 10 0
2026-07-26T19:04:07.561795,245.454,can0   002  [04]  04 86 b0 10 0
2026-07-26T19:04:07.562666,245.455,can0  040  [04]  67 01 67 00
2026-07-26T19:04:07.562783,245.455,can0  002  [04]  48 6B 01 00
2026-07-26T19:04:07.566328,245.458,can0  040  [04]  67 01 67 00
2026-07-26T19:04:07.625086,245.517,can0   002  [04]  04 86 b0 10 0
2026-07-26T19:04:07.664631,245.557,can0  002  [04]  48 6B 01 00
2026-07-26T19:04:07.664706,245.557,can0  001  [05]  00 00 00 00 40
2026-07-26T19:04:07.664754,245.557,can0  002  [04]  48 6B 01 00
2026-07-26T19:04:07.693705,245.586,can0   002  [04]  04 86 b0 10 0
2026-07-26T19:04:07.763078,245.655,can0   002  [04]  04 86 b0 10 0
2026-07-26T19:04:07.763597,245.656,can0  041  [04]  2F 00 54 00
2026-07-26T19:04:07.763692,245.656,can0  060  [32]  5A F1 E8 05 EC 87 4D 08 31 0A 62 03 01 00 25 06 4A 00 7C 00 00 00 00 00 02 00 00 00 00 00 00 00
2026-07-26T19:04:07.763770,245.656,can0  060  [32]  00 00 00 00 C0 30 4D 08 AB 0F B8 10 08 00 EE 02 FF 01 00 00 00 00 00 01 02 00 00 00 00 00 00 00
2026-07-26T19:04:07.764088,245.656,can0  070  [20]  C0 30 4D 08 57 BA 62 03 58 1B 00 00 04 02 00 00 DB 05 00 00
2026-07-26T19:04:07.764238,245.656,can0  002  [04]  48 6B 01 00
2026-07-26T19:04:07.764552,245.657,can0  110  [02]  AF 1A
2026-07-26T19:04:07.764770,245.657,can0  040  [04]  67 01 65 00
2026-07-26T19:04:07.833543,245.726,can0   002  [04]  04 86 b0 10 0
2026-07-26T19:04:07.862493,245.755,can0  002  [04]  48 6B 01 00
2026-07-26T19:04:07.862749,245.755,can0  070  [20]  C0 30 4D 08 57 BA 62 03 58 1B 00 00 04 02 00 00 DB 05 00 00
2026-07-26T19:04:07.862943,245.755,can0  040  [04]  67 01 65 00
2026-07-26T19:04:07.863095,245.755,can0  002  [04]  48 6B 01 00
2026-07-26T19:04:07.901732,245.794,can0   002  [04]  04 86 b0 10 0
2026-07-26T19:04:07.962585,245.855,can0  002  [04]  48 6B 01 00
2026-07-26T19:04:07.962818,245.855,can0  041  [04]  2E 00 54 00
2026-07-26T19:04:07.968267,245.860,can0   002  [04]  04 86 b0 10 0
2026-07-26T19:04:08.039494,245.932,can0   002  [04]  04 86 b0 10 0
2026-07-26T19:04:08.062079,245.954,can0  002  [04]  48 6B 01 00
2026-07-26T19:04:08.062332,245.954,can0  040  [04]  67 01 6B 00
2026-07-26T19:04:08.062522,245.955,can0  002  [04]  48 6B 01 00
2026-07-26T19:04:08.102554,245.995,can0   002  [04]  04 86 b0 10 0
2026-07-26T19:04:08.165221,246.057,can0  070  [20]  BE 30 4D 08 58 BA 62 03 40 1F 00 00 04 02 00 00 58 03 00 00
2026-07-26T19:04:08.165288,246.057,can0  040  [04]  67 01 6B 00
2026-07-26T19:04:08.165332,246.057,can0  002  [04]  48 6B 01 00
2026-07-26T19:04:08.165399,246.057,can0  070  [20]  BE 30 4D 08 58 BA 62 03 40 1F 00 00 04 02 00 00 57 03 00 00
2026-07-26T19:04:08.168744,246.061,can0   002  [04]  04 86 b0 10 0
2026-07-26T19:04:08.233174,246.125,can0   002  [04]  04 86 b0 10 0
2026-07-26T19:04:08.262732,246.155,can0  002  [04]  48 6B 01 00
2026-07-26T19:04:08.263034,246.155,can0  041  [04]  2D 00 59 00
2026-07-26T19:04:08.263356,246.155,can0  070  [20]  BE 30 4D 08 58 BA 62 03 40 1F 00 00 04 02 00 00 57 03 00 00
2026-07-26T19:04:08.263541,246.156,can0  002  [04]  48 6B 01 00
2026-07-26T19:04:08.303584,246.196,can0   002  [04]  04 86 b0 10 0
2026-07-26T19:04:08.362262,246.254,can0  040  [04]  00 00 6C 00
2026-07-26T19:04:08.362384,246.254,can0  002  [04]  90 5F 01 00
2026-07-26T19:04:08.362587,246.255,can0  002  [04]  48 6B 01 00
2026-07-26T19:04:08.364853,246.257,can0  040  [04]  00 00 6C 00
2026-07-26T19:04:08.365046,246.257,can0   002  [04]  04 86 b0 10 0
2026-07-26T19:04:08.434006,246.326,can0   002  [04]  04 86 b0 10 0
2026-07-26T19:04:08.462760,246.355,can0  002  [04]  48 6B 01 00
2026-07-26T19:04:08.462980,246.355,can0  002  [04]  48 6B 01 00
2026-07-26T19:04:08.500310,246.392,can0   002  [04]  04 86 b0 10 0
2026-07-26T19:04:08.566750,246.459,can0  041  [04]  2D 00 5B 00
2026-07-26T19:04:08.566845,246.459,can0  100  [03]  1F 74 04
2026-07-26T19:04:08.566893,246.459,can0  120  [04]  D2 69 00 00
2026-07-26T19:04:08.566936,246.459,can0  002  [04]  48 6B 01 00
2026-07-26T19:04:08.569587,246.462,can0   002  [04]  04 86 b0 10 0
2026-07-26T19:04:08.636016,246.528,can0   002  [04]  04 86 b0 10 0
2026-07-26T19:04:08.663121,246.555,can0  040  [04]  01 00 6E 00
2026-07-26T19:04:08.663289,246.555,can0  002  [04]  48 6B 01 00
2026-07-26T19:04:08.663489,246.556,can0  040  [04]  01 00 6E 00
2026-07-26T19:04:08.663695,246.556,can0  002  [04]  48 6B 01 00
2026-07-26T19:04:08.704335,246.596,can0   002  [04]  04 86 b0 10 0
2026-07-26T19:04:08.763106,246.655,can0  060  [32]  B5 49 D6 02 EA 57 4D 08 F2 A3 B8 10 3B 00 2A 0B FF 01 00 00 00 00 00 00 03 00 00 00 00 00 00 00
2026-07-26T19:04:08.763326,246.655,can0  060  [32]  30 7B D6 02 18 B5 4D 08 EB 1D 64 03 00 00 D0 02 58 00 80 00 00 00 00 01 03 00 00 00 00 00 00 00
2026-07-26T19:04:08.763515,246.656,can0  060  [32]  00 00 00 00 BE 30 4D 08 AD 0F B8 10 04 00 E0 03 FF 01 00 00 00 00 00 02 03 00 00 00 00 00 00 00
2026-07-26T19:04:08.765185,246.657,can0  002  [04]  48 6B 01 00
2026-07-26T19:04:08.765414,246.657,can0  070  [20]  BE 30 4D 08 58 BA 62 03 40 1F 00 00 04 02 00 00 57 03 00 00
2026-07-26T19:04:08.765694,246.658,can0  041  [04]  2D 00 59 00
2026-07-26T19:04:08.770715,246.663,can0   002  [04]  04 86 b0 10 0
2026-07-26T19:04:08.835974,246.728,can0   002  [04]  04 86 b0 10 0
2026-07-26T19:04:08.862814,246.755,can0  002  [04]  48 6B 01 00
2026-07-26T19:04:08.863101,246.755,can0  040  [04]  67 01 6C 00
2026-07-26T19:04:08.863380,246.755,can0  070  [20]  BE 30 4D 08 58 BA 62 03 40 1F 00 00 04 02 00 00 57 03 00 00
2026-07-26T19:04:08.868523,246.761,can0  002  [04]  48 6B 01 00
2026-07-26T19:04:08.902438,246.795,can0   002  [04]  04 86 b0 10 0
2026-07-26T19:04:08.963015,246.855,can0  040  [04]  67 01 6C 00
2026-07-26T19:04:08.966475,246.859,can0  002  [04]  48 6B 01 00
2026-07-26T19:04:08.968070,246.860,can0   002  [04]  04 86 b0 10 0
2026-07-26T19:04:09.038221,246.930,can0   002  [04]  04 86 b0 10 0
2026-07-26T19:04:09.062743,246.955,can0  002  [04]  48 6B 01 00
2026-07-26T19:04:09.063212,246.955,can0  041  [04]  2D 00 56 00
2026-07-26T19:04:09.063681,246.956,can0  002  [04]  48 6B 01 00
2026-07-26T19:04:09.099861,246.992,can0   002  [04]  04 86 b0 10 0
2026-07-26T19:04:09.162304,247.054,can0  070  [20]  C0 30 4D 08 5D BA 62 03 28 23 00 00 04 02 00 00 5E 06 00 00
2026-07-26T19:04:09.162571,247.055,can0  040  [04]  66 01 67 00
2026-07-26T19:04:09.162836,247.055,can0  070  [20]  C0 30 4D 08 5D BA 62 03 28 23 00 00 04 02 00 00 5D 06 00 00
2026-07-26T19:04:09.163017,247.055,can0  002  [04]  48 6B 01 00
2026-07-26T19:04:09.163297,247.055,can0  040  [04]  66 01 67 00
2026-07-26T19:04:09.166779,247.059,can0   002  [04]  04 86 b0 10 0
2026-07-26T19:04:09.232266,247.124,can0   002  [04]  04 86 b0 10 0
2026-07-26T19:04:09.262737,247.155,can0  002  [04]  48 6B 01 00
2026-07-26T19:04:09.263305,247.155,can0  070  [20]  C0 30 4D 08 5D BA 62 03 28 23 00 00 04 02 00 00 5D 06 00 00
2026-07-26T19:04:09.263560,247.156,can0  060  [32]  00 00 00 00 00 00 00 00 00 00 00 00 00 00 00 00 00 00 00 00 00 00 00 00 00 00 00 00 00 00 00 00
2026-07-26T19:04:09.263733,247.156,can0  002  [04]  48 6B 01 00
2026-07-26T19:04:09.299748,247.192,can0   002  [04]  04 86 b0 10 0
2026-07-26T19:04:09.361740,247.254,can0   002  [04]  04 86 b0 10 0
2026-07-26T19:04:09.362364,247.254,can0  041  [04]  29 00 54 00
2026-07-26T19:04:09.362578,247.255,can0  002  [04]  90 5F 01 00
2026-07-26T19:04:09.362906,247.255,can0  110  [02]  AF 1A
2026-07-26T19:04:09.363003,247.255,can0  002  [04]  48 6B 01 00
2026-07-26T19:04:09.363180,247.255,can0  040  [04]  67 01 61 00
2026-07-26T19:04:09.430263,247.322,can0   002  [04]  04 86 b0 10 0
2026-07-26T19:04:09.463047,247.355,can0  002  [04]  48 6B 01 00
2026-07-26T19:04:09.463272,247.355,can0  040  [04]  67 01 61 00
2026-07-26T19:04:09.463473,247.356,can0  002  [04]  48 6B 01 00
2026-07-26T19:04:09.497934,247.390,can0   002  [04]  04 86 b0 10 0
2026-07-26T19:04:09.563042,247.455,can0  002  [04]  48 6B 01 00
2026-07-26T19:04:09.563327,247.455,can0  041  [04]  27 00 56 00
2026-07-26T19:04:09.563379,247.455,can0   002  [04]  04 86 b0 10 0
2026-07-26T19:04:09.628139,247.520,can0   002  [04]  04 86 b0 10 0
2026-07-26T19:04:09.662584,247.555,can0  002  [04]  48 6B 01 00
2026-07-26T19:04:09.662800,247.555,can0  001  [05]  00 00 00 00 40
2026-07-26T19:04:09.663033,247.555,can0  040  [04]  00 00 5D 00
2026-07-26T19:04:09.663218,247.555,can0  002  [04]  48 6B 01 00
2026-07-26T19:04:09.694775,247.587,can0   002  [04]  04 86 b0 10 0
2026-07-26T19:04:09.760980,247.653,can0   002  [04]  04 86 b0 10 0
2026-07-26T19:04:09.762857,247.655,can0  040  [04]  00 00 5D 00
2026-07-26T19:04:09.763087,247.655,can0  070  [20]  C0 30 4D 08 5D BA 62 03 28 23 00 00 04 02 00 00 5D 06 00 00
2026-07-26T19:04:09.763301,247.655,can0  060  [32]  00 00 00 00 00 00 00 00 00 00 00 00 00 00 00 00 00 00 00 00 00 00 00 00 00 00 00 00 00 00 00 00
2026-07-26T19:04:09.763494,247.656,can0  002  [04]  48 6B 01 00
2026-07-26T19:04:09.763745,247.656,can0  100  [03]  20 74 04
2026-07-26T19:04:09.763956,247.656,can0  120  [04]  C8 69 00 00
2026-07-26T19:04:09.764218,247.656,can0  060  [32]  00 00 00 00 C0 30 4D 08 B2 0F B8 10 08 00 49 02 FF 01 00 00 00 00 00 00 01 00 00 00 00 00 00 00
2026-07-26T19:04:09.827128,247.719,can0   002  [04]  04 86 b0 10 0
2026-07-26T19:04:09.862419,247.754,can0  002  [04]  48 6B 01 00
2026-07-26T19:04:09.862755,247.755,can0  041  [04]  28 00 58 00
2026-07-26T19:04:09.863123,247.755,can0  070  [20]  C0 30 4D 08 5D BA 62 03 28 23 00 00 04 02 00 00 5D 06 00 00
2026-07-26T19:04:09.863323,247.755,can0  002  [04]  48 6B 01 00
2026-07-26T19:04:09.896989,247.789,can0   002  [04]  04 86 b0 10 0
2026-07-26T19:04:09.959795,247.852,can0   002  [04]  04 86 b0 10 0
2026-07-26T19:04:09.963042,247.855,can0  040  [04]  01 00 5D 00
2026-07-26T19:04:09.963098,247.855,can0  002  [04]  48 6B 01 00
2026-07-26T19:04:09.966454,247.859,can0  040  [04]  01 00 5D 00
2026-07-26T19:04:10.027290,247.919,can0   002  [04]  04 86 b0 10 0
2026-07-26T19:04:10.062983,247.955,can0  002  [04]  48 6B 01 00
2026-07-26T19:04:10.063172,247.955,can0  002  [04]  48 6B 01 00
2026-07-26T19:04:10.092128,247.984,can0   002  [04]  04 86 b0 10 0
2026-07-26T19:04:10.160348,248.052,can0   002  [04]  04 86 b0 10 0
2026-07-26T19:04:10.162749,248.055,can0  070  [20]  C1 30 4D 08 5F BA 62 03 10 27 00 00 04 02 00 00 6C 02 00 00
2026-07-26T19:04:10.162812,248.055,can0  041  [04]  29 00 59 00
2026-07-26T19:04:10.162886,248.055,can0  132  [00]
2026-07-26T19:04:10.163045,248.055,can0  002  [04]  48 6B 01 00
2026-07-26T19:04:10.163393,248.055,can0  070  [20]  C1 30 4D 08 5F BA 62 03 10 27 00 00 04 02 00 00 6C 02 00 00
2026-07-26T19:04:10.163634,248.056,can0  040  [04]  01 00 5F 00
2026-07-26T19:04:10.224466,248.117,can0   002  [04]  04 86 b0 10 0
2026-07-26T19:04:10.262416,248.154,can0  002  [04]  48 6B 01 00
2026-07-26T19:04:10.262658,248.155,can0  070  [20]  C1 30 4D 08 5F BA 62 03 10 27 00 00 04 02 00 00 6C 02 00 00
2026-07-26T19:04:10.262898,248.155,can0  040  [04]  01 00 5F 00
2026-07-26T19:04:10.270878,248.163,can0  060  [32]  00 00 00 00 00 00 00 00 00 00 00 00 00 00 00 00 00 00 00 00 00 00 00 00 00 00 00 00 00 00 00 00
2026-07-26T19:04:10.270974,248.163,can0  002  [04]  48 6B 01 00
2026-07-26T19:04:10.298582,248.191,can0   002  [04]  04 86 b0 10 0
2026-07-26T19:04:10.362788,248.255,can0  002  [04]  90 5F 01 00
2026-07-26T19:04:10.363012,248.255,can0  002  [04]  48 6B 01 00
2026-07-26T19:04:10.363610,248.256,can0   002  [04]  04 86 b0 10 0
2026-07-26T19:04:10.367314,248.259,can0  041  [04]  28 00 5C 00
2026-07-26T19:04:10.436129,248.328,can0   002  [04]  04 86 b0 10 0
2026-07-26T19:04:10.462224,248.354,can0  002  [04]  48 6B 01 00
2026-07-26T19:04:10.466239,248.358,can0  040  [04]  00 00 63 00
2026-07-26T19:04:10.466347,248.358,can0  002  [04]  48 6B 01 00
2026-07-26T19:04:10.504801,248.397,can0   002  [04]  04 86 b0 10 0
2026-07-26T19:04:10.562505,248.455,can0  040  [04]  00 00 63 00
2026-07-26T19:04:10.562693,248.455,can0  002  [04]  48 6B 01 00
2026-07-26T19:04:10.572381,248.464,can0   002  [04]  04 86 b0 10 0
2026-07-26T19:04:10.640581,248.533,can0   002  [04]  04 86 b0 10 0
2026-07-26T19:04:10.662860,248.555,can0  002  [04]  48 6B 01 00
2026-07-26T19:04:10.665753,248.558,can0  041  [04]  29 00 5F 00
2026-07-26T19:04:10.665865,248.558,can0  002  [04]  48 6B 01 00
2026-07-26T19:04:10.706560,248.599,can0   002  [04]  04 86 b0 10 0
2026-07-26T19:04:10.762421,248.654,can0  040  [04]  67 01 65 00
2026-07-26T19:04:10.762999,248.655,can0  070  [20]  C1 30 4D 08 5F BA 62 03 10 27 00 00 04 02 00 00 6C 02 00 00
2026-07-26T19:04:10.763183,248.655,can0  002  [04]  48 6B 01 00
2026-07-26T19:04:10.763401,248.655,can0  060  [32]  00 00 00 00 C1 30 4D 08 B4 0F B8 10 03 00 58 02 FF 01 00 00 00 00 00 00 01 00 00 00 00 00 00 00
2026-07-26T19:04:10.764604,248.657,can0  040  [04]  67 01 65 00
2026-07-26T19:04:10.771764,248.664,can0   002  [04]  04 86 b0 10 0
2026-07-26T19:04:10.839384,248.731,can0   002  [04]  04 86 b0 10 0
2026-07-26T19:04:10.862325,248.754,can0  002  [04]  48 6B 01 00
2026-07-26T19:04:10.862603,248.755,can0  070  [20]  C1 30 4D 08 5F BA 62 03 10 27 00 00 04 02 00 00 6C 02 00 00
2026-07-26T19:04:10.862735,248.755,can0  002  [04]  48 6B 01 00
2026-07-26T19:04:10.910456,248.803,can0   002  [04]  04 86 b0 10 0
2026-07-26T19:04:10.962155,248.854,can0  041  [04]  28 00 63 00
2026-07-26T19:04:10.962350,248.854,can0  100  [03]  20 74 04
2026-07-26T19:04:10.962571,248.855,can0  110  [02]  B0 1A
2026-07-26T19:04:10.962735,248.855,can0  120  [04]  E6 69 00 00
2026-07-26T19:04:10.962861,248.855,can0  002  [04]  48 6B 01 00
2026-07-26T19:04:10.977335,248.869,can0   002  [04]  04 86 b0 10 0
2026-07-26T19:04:11.043973,248.936,can0   002  [04]  04 86 b0 10 0
2026-07-26T19:04:11.062218,248.954,can0  040  [04]  66 01 68 00
2026-07-26T19:04:11.062611,248.955,can0  002  [04]  48 6B 01 00
2026-07-26T19:04:11.062658,248.955,can0  040  [04]  66 01 68 00
2026-07-26T19:04:11.062720,248.955,can0  002  [04]  48 6B 01 00
2026-07-26T19:04:11.107743,249.000,can0   002  [04]  04 86 b0 10 0
2026-07-26T19:04:11.166714,249.059,can0  070  [20]  C3 30 4D 08 64 BA 62 03 F8 2A 00 00 04 02 00 00 AF 07 00 00
2026-07-26T19:04:11.166824,249.059,can0  070  [20]  C3 30 4D 08 64 BA 62 03 F8 2A 00 00 04 02 00 00 AE 07 00 00
2026-07-26T19:04:11.166877,249.059,can0  002  [04]  48 6B 01 00
2026-07-26T19:04:11.166921,249.059,can0  041  [04]  28 00 67 00
2026-07-26T19:04:11.178454,249.071,can0   002  [04]  04 86 b0 10 0
