Timestamp,Elapsed_Time_s,CAN_Message
2026-07-26T17:05:37.417956,2.653,can0  204  [16]  9C 09 B1 FF 0F 95 1A DF 28 23 30 75 30 75 00 00
2026-07-26T17:05:37.418297,2.654,can0  041  [04]  14 00 14 00
2026-07-26T17:05:37.418351,2.654,can0  204  [16]  9C 09 B1 FF 0F 95 1A DF 28 23 30 75 30 75 00 00
2026-07-26T17:05:37.517752,2.753,can0  204  [16]  9C 09 B1 FF 0F 95 1A DF 28 23 30 75 30 75 00 00
2026-07-26T17:05:37.519201,2.755,can0  206  [24]  7A 0C C9 06 66 0C 99 C6 D4 06 44 0C 76 0C 00 00 00 00 00 00 00 00 00 00
2026-07-26T17:05:37.520644,2.756,can0  040  [04]  02 00 2F 00
2026-07-26T17:05:37.520851,2.756,can0  204  [16]  9C 09 B1 FF 0F 95 1A DF 28 23 30 75 30 75 00 00
2026-07-26T17:05:37.603964,2.839,can0  110  [02]  1B 1B
2026-07-26T17:05:37.604098,2.840,can0  040  [04]  02 00 2F 00
2026-07-26T17:05:37.604276,2.840,can0  204  [16]  9C 09 B1 FF 0F 95 1A DF 28 23 30 75 30 75 00 00
2026-07-26T17:05:37.717885,2.953,can0  204  [16]  9C 09 B1 FF 0F 95 1A DF 28 23 30 75 30 75 00 00
2026-07-26T17:05:37.719625,2.955,can0  206  [24]  7A 0C C9 06 66 0C 99 C6 D1 06 3F 0C 76 0C 00 00 00 00 00 00 00 00 00 00
2026-07-26T17:05:37.719767,2.955,can0  041  [04]  0C 00 18 00
2026-07-26T17:05:37.719920,2.955,can0  204  [16]  9C 09 B1 FF 0F 95 1A DF 28 23 30 75 30 75 00 00
2026-07-26T17:05:37.817455,3.053,can0  060  [32]  00 00 00 00 00 00 00 00 00 00 00 00 00 00 00 00 00 00 00 00 00 00 00 00 00 00 00 00 00 00 00 00
2026-07-26T17:05:37.817962,3.053,can0  204  [16]  9C 09 B1 FF 0F 95 1A DF 28 23 30 75 30 75 00 00
2026-07-26T17:05:37.818519,3.054,can0  070  [20]  CE 2C 4D 08 E5 AE 62 03 88 90 00 00 05 00 00 00 20 00 00 00
2026-07-26T17:05:37.818750,3.054,can0  040  [04]  66 01 30 00
2026-07-26T17:05:37.818956,3.054,can0  204  [16]  9C 09 B1 FF 0F 95 1A DF 28 23 30 75 30 75 00 00
2026-07-26T17:05:37.820497,3.056,can0  206  [24]  7A 0C C6 06 62 0C 99 C6 D2 06 48 0C 76 0C 00 00 00 00 00 00 00 00 00 00
2026-07-26T17:05:37.918209,3.154,can0  040  [04]  66 01 30 00
2026-07-26T17:05:37.918436,3.154,can0  204  [16]  9C 09 B1 FF 0F 95 1A DF 28 23 30 75 30 75 00 00
2026-07-26T17:05:37.918647,3.154,can0  070  [20]  CE 2C 4D 08 E5 AE 62 03 88 90 00 00 05 00 00 00 20 00 00 00
2026-07-26T17:05:37.918904,3.154,can0  041  [04]  12 00 21 00
2026-07-26T17:05:38.018006,3.253,can0  204  [16]  9C 09 B1 FF 0F 95 1A DF 28 23 30 75 30 75 00 00
2026-07-26T17:05:38.019719,3.255,can0  206  [24]  75 0C C6 06 62 0C 99 C6 D2 06 48 0C 7B 0C 00 00 00 00 00 00 00 00 00 00
2026-07-26T17:05:38.019918,3.255,can0  204  [16]  9C 09 B1 FF 0F 95 1A DF 28 23 30 75 30 75 00 00
2026-07-26T17:05:38.118220,3.354,can0  040  [04]  67 01 2A 00
2026-07-26T17:05:38.118425,3.354,can0  204  [16]  9C 09 B1 FF 0F 95 1A DF 28 23 30 75 30 75 00 00
2026-07-26T17:05:38.118564,3.354,can0  040  [04]  67 01 2A 00
2026-07-26T17:05:38.118739,3.354,can0  204  [16]  9C 09 B1 FF 0F 95 1A DF 28 23 30 75 30 75 00 00
2026-07-26T17:05:38.219663,3.455,can0  206  [24]  75 0C C4 06 62 0C 99 C6 D1 06 4D 0C 7B 0C 00 00 00 00 00 00 00 00 00 00
2026-07-26T17:05:38.219861,3.455,can0  204  [16]  9C 09 B1 FF 0F 95 1A DF 28 23 30 75 30 75 00 00
2026-07-26T17:05:38.220096,3.456,can0  070  [20]  CC 2C 4D 08 E5 AE 62 03 70 94 00 00 05 00 00 00 0D 00 00 00
2026-07-26T17:05:38.223917,3.459,can0  070  [20]  CC 2C 4D 08 E5 AE 62 03 70 94 00 00 05 00 00 00 0D 00 00 00
2026-07-26T17:05:38.223962,3.459,can0  041  [04]  1B 00 28 00
2026-07-26T17:05:38.223983,3.459,can0  204  [16]  9C 09 B1 FF 0F 95 1A DF 28 23 30 75 30 75 00 00
2026-07-26T17:05:38.318202,3.554,can0  060  [32]  00 00 00 00 CC 2C 4D 08 39 04 B8 10 00 00 10 0E FF 01 00 00 00 00 00 00 01 00 00 00 00 00 00 00
2026-07-26T17:05:38.318625,3.554,can0  204  [16]  9C 09 B1 FF 0F 95 1A DF 28 23 30 75 30 75 00 00
2026-07-26T17:05:38.318892,3.554,can0  070  [20]  CC 2C 4D 08 E5 AE 62 03 70 94 00 00 05 00 00 00 0D 00 00 00
2026-07-26T17:05:38.319086,3.555,can0  040  [04]  67 01 26 00
2026-07-26T17:05:38.320680,3.556,can0  206  [24]  75 0C C6 06 66 0C 99 C6 D1 06 44 0C 7B 0C 00 00 00 00 00 00 00 00 00 00
2026-07-26T17:05:38.417542,3.653,can0  204  [16]  9C 09 B1 FF 0F 95 1A DF 28 23 30 75 30 75 00 00
2026-07-26T17:05:38.417759,3.653,can0  040  [04]  67 01 26 00
2026-07-26T17:05:38.417963,3.653,can0  100  [03]  FD 71 04
2026-07-26T17:05:38.418136,3.654,can0  120  [04]  2A 19 00 00
2026-07-26T17:05:38.418332,3.654,can0  204  [16]  9C 09 B1 FF 0F 95 1A DF 28 23 30 75 30 75 00 00
2026-07-26T17:05:38.517616,3.753,can0  204  [16]  9C 09 B1 FF 0F 95 1A DF 28 23 30 75 30 75 00 00
2026-07-26T17:05:38.517779,3.753,can0  041  [04]  1B 00 2F 00
2026-07-26T17:05:38.520382,3.756,can0  206  [24]  75 0C C9 06 66 0C 99 C6 D4 06 49 0C 7B 0C 00 00 00 00 00 00 00 00 00 00
2026-07-26T17:05:38.520439,3.756,can0  204  [16]  9C 09 B1 FF 0F 95 1A DF 28 23 30 75 30 75 00 00
2026-07-26T17:05:38.618170,3.854,can0  040  [04]  03 00 27 00
2026-07-26T17:05:38.618411,3.854,can0  204  [16]  9C 09 B1 FF 0F 95 1A DF 28 23 30 75 30 75 00 00
2026-07-26T17:05:38.618585,3.854,can0  040  [04]  03 00 27 00
2026-07-26T17:05:38.717812,3.953,can0  204  [16]  9C 09 B1 FF 0F 95 1A DF 28 23 30 75 30 75 00 00
2026-07-26T17:05:38.719566,3.955,can0  206  [24]  75 0C C9 06 6B 0C 99 C6 D1 06 49 0C 7B 0C 00 00 00 00 00 00 00 00 00 00
2026-07-26T17:05:38.719755,3.955,can0  204  [16]  9C 09 B1 FF 0F 95 1A DF 28 23 30 75 30 75 00 00
2026-07-26T17:05:38.719886,3.955,can0  041  [04]  1B 00 2F 00
2026-07-26T17:05:38.818066,4.054,can0  060  [32]  00 00 00 00 00 00 00 00 00 00 00 00 00 00 00 00 00 00 00 00 00 00 00 00 00 00 00 00 00 00 00 00
2026-07-26T17:05:38.818285,4.054,can0  204  [16]  9C 09 B1 FF 0F 95 1A DF 28 23 30 75 30 75 00 00
2026-07-26T17:05:38.818707,4.054,can0  070  [20]  CC 2C 4D 08 E5 AE 62 03 70 94 00 00 05 00 00 00 0D 00 00 00
2026-07-26T17:05:38.818919,4.054,can0  204  [16]  9C 09 B1 FF 0F 95 1A DF 28 23 30 75 30 75 00 00
2026-07-26T17:05:38.820465,4.056,can0  206  [24]  7A 0C C9 06 66 0C 99 C6 D2 06 4E 0C 76 0C 00 00 00 00 00 00 00 00 00 00
2026-07-26T17:05:38.820664,4.056,can0  040  [04]  06 00 24 00
2026-07-26T17:05:38.918229,4.154,can0  204  [16]  9C 09 B1 FF 0F 95 1A DF 28 23 30 75 30 75 00 00
2026-07-26T17:05:38.918393,4.154,can0  070  [20]  CC 2C 4D 08 E5 AE 62 03 70 94 00 00 05 00 00 00 0D 00 00 00
2026-07-26T17:05:38.918529,4.154,can0  040  [04]  06 00 24 00
2026-07-26T17:05:38.918685,4.154,can0  204  [16]  9C 09 B1 FF 0F 95 1A DF 28 23 30 75 30 75 00 00
2026-07-26T17:05:39.019505,4.255,can0  206  [24]  7A 0C C9 06 66 0C 99 C6 D1 06 3A 0C 76 0C 00 00 00 00 00 00 00 00 00 00
2026-07-26T17:05:39.019734,4.255,can0  204  [16]  9C 09 B1 FF 0F 95 1A DF 28 23 30 75 30 75 00 00
2026-07-26T17:05:39.019912,4.255,can0  041  [04]  0E 00 2C 00
2026-07-26T17:05:39.117762,4.353,can0  204  [16]  9C 09 B1 FF 0F 95 1A DF 28 23 30 75 30 75 00 00
2026-07-26T17:05:39.117960,4.353,can0  204  [16]  9C 09 B1 FF 0F 95 1A DF 28 23 30 75 30 75 00 00
2026-07-26T17:05:39.118135,4.354,can0  040  [04]  01 00 21 00
2026-07-26T17:05:39.218438,4.454,can0  070  [20]  CC 2C 4D 08 E5 AE 62 03 58 98 00 00 05 00 00 00 0D 00 00 00
2026-07-26T17:05:39.220342,4.456,can0  206  [24]  7A 0C C9 06 66 0C 99 C6 D1 06 3A 0C 76 0C 00 00 00 00 00 00 00 00 00 00
2026-07-26T17:05:39.220533,4.456,can0  110  [02]  1A 1B
2026-07-26T17:05:39.220723,4.456,can0  204  [16]  9C 09 B1 FF 0F 95 1A DF 28 23 30 75 30 75 00 00
2026-07-26T17:05:39.220919,4.456,can0  040  [04]  01 00 21 00
2026-07-26T17:05:39.221039,4.457,can0  070  [20]  CC 2C 4D 08 E5 AE 62 03 58 98 00 00 05 00 00 00 0E 00 00 00
2026-07-26T17:05:39.221218,4.457,can0  204  [16]  9C 09 B1 FF 0F 95 1A DF 28 23 30 75 30 75 00 00
2026-07-26T17:05:39.317525,4.553,can0  060  [32]  00 00 00 00 00 00 00 00 00 00 00 00 00 00 00 00 00 00 00 00 00 00 00 00 00 00 00 00 00 00 00 00
2026-07-26T17:05:39.317716,4.553,can0  041  [04]  0E 00 2C 00
2026-07-26T17:05:39.317905,4.553,can0  204  [16]  9C 09 B1 FF 0F 95 1A DF 28 23 30 75 30 75 00 00
2026-07-26T17:05:39.318036,4.554,can0  060  [32]  00 00 00 00 CC 2C 4D 08 39 04 B8 10 00 00 10 0E FF 01 00 00 00 00 00 00 01 00 00 00 00 00 00 00
2026-07-26T17:05:39.318378,4.554,can0  070  [20]  CC 2C 4D 08 E5 AE 62 03 58 98 00 00 05 00 00 00 0E 00 00 00
2026-07-26T17:05:39.319978,4.555,can0  206  [24]  71 0C C6 06 6B 0C 99 C6 D1 06 3A 0C 7B 0C 00 00 00 00 00 00 00 00 00 00
2026-07-26T17:05:39.417687,4.653,can0  204  [16]  9C 09 B1 FF 0F 95 1A DF 28 23 30 75 30 75 00 00
2026-07-26T17:05:39.417872,4.653,can0  040  [04]  67 01 1C 00
2026-07-26T17:05:39.418075,4.654,can0  204  [16]  9C 09 B1 FF 0F 95 1A DF 28 23 30 75 30 75 00 00
2026-07-26T17:05:39.418217,4.654,can0  040  [04]  67 01 1C 00
2026-07-26T17:05:39.517771,4.753,can0  204  [16]  9C 09 B1 FF 0F 95 1A DF 28 23 30 75 30 75 00 00
2026-07-26T17:05:39.519829,4.755,can0  206  [24]  71 0C C7 06 6B 0C 99 C6 D1 06 35 0C 7B 0C 00 00 00 00 00 00 00 00 00 00
2026-07-26T17:05:39.520059,4.756,can0  204  [16]  9C 09 B1 FF 0F 95 1A DF 28 23 30 75 30 75 00 00
2026-07-26T17:05:39.520237,4.756,can0  041  [04]  0D 00 2D 00
2026-07-26T17:05:39.617822,4.853,can0  100  [03]  FE 71 04
2026-07-26T17:05:39.618030,4.853,can0  120  [04]  2A 19 00 00
2026-07-26T17:05:39.618231,4.854,can0  204  [16]  9C 09 B1 FF 0F 95 1A DF 28 23 30 75 30 75 00 00
2026-07-26T17:05:39.618383,4.854,can0  204  [16]  9C 09 B1 FF 0F 95 1A DF 28 23 30 75 30 75 00 00
2026-07-26T17:05:39.718237,4.954,can0  040  [04]  67 01 1A 00
2026-07-26T17:05:39.719988,4.955,can0  206  [24]  71 0C C5 06 67 0C 99 C6 D1 06 39 0C 7B 0C 00 00 00 00 00 00 00 00 00 00
2026-07-26T17:05:39.720219,4.956,can0  204  [16]  9C 09 B1 FF 0F 95 1A DF 28 23 30 75 30 75 00 00
2026-07-26T17:05:39.720391,4.956,can0  040  [04]  67 01 1A 00
2026-07-26T17:05:39.818382,5.054,can0  204  [16]  9C 09 B1 FF 0F 95 1A DF 28 23 30 75 30 75 00 00
2026-07-26T17:05:39.818767,5.054,can0  060  [32]  00 00 00 00 00 00 00 00 00 00 00 00 00 00 00 00 00 00 00 00 00 00 00 00 00 00 00 00 00 00 00 00
2026-07-26T17:05:39.818804,5.054,can0  041  [04]  0F 00 30 00
2026-07-26T17:05:39.818829,5.054,can0  204  [16]  9C 09 B1 FF 0F 95 1A DF 28 23 30 75 30 75 00 00
2026-07-26T17:05:39.819234,5.055,can0  070  [20]  CC 2C 4D 08 E5 AE 62 03 58 98 00 00 05 00 00 00 0E 00 00 00
2026-07-26T17:05:39.820877,5.056,can0  206  [24]  71 0C C5 06 6B 0C 99 C6 D2 06 3A 0C 7B 0C 00 00 00 00 00 00 00 00 00 00
2026-07-26T17:05:39.918365,5.154,can0  204  [16]  9C 09 B1 FF 0F 95 1A DF 28 23 30 75 30 75 00 00
2026-07-26T17:05:39.918554,5.154,can0  070  [20]  CC 2C 4D 08 E5 AE 62 03 58 98 00 00 05 00 00 00 0E 00 00 00
2026-07-26T17:05:39.918755,5.154,can0  040  [04]  67 01 1B 00
2026-07-26T17:05:39.918972,5.154,can0  204  [16]  9C 09 B1 FF 0F 95 1A DF 28 23 30 75 30 75 00 00
2026-07-26T17:05:40.018547,5.254,can0  040  [04]  67 01 1B 00
2026-07-26T17:05:40.020331,5.256,can0  206  [24]  7A 0C C7 06 66 0C 99 C6 D1 06 3F 0C 76 0C 00 00 00 00 00 00 00 00 00 00
2026-07-26T17:05:40.020553,5.256,can0  204  [16]  9C 09 B1 FF 0F 95 1A DF 28 23 30 75 30 75 00 00
2026-07-26T17:05:40.117766,5.353,can0  204  [16]  9C 09 B1 FF 0F 95 1A DF 28 23 30 75 30 75 00 00
2026-07-26T17:05:40.117981,5.353,can0  041  [04]  11 00 36 00
2026-07-26T17:05:40.118608,5.354,can0  204  [16]  9C 09 B1 FF 0F 95 1A DF 28 23 30 75 30 75 00 00
2026-07-26T17:05:40.219675,5.455,can0  206  [24]  7A 0C C5 06 62 0C 99 C6 D0 06 43 0C 76 0C 00 00 00 00 00 00 00 00 00 00
2026-07-26T17:05:40.219908,5.455,can0  204  [16]  9C 09 B1 FF 0F 95 1A DF 28 23 30 75 30 75 00 00
2026-07-26T17:05:40.220133,5.456,can0  070  [20]  CA 2C 4D 08 E6 AE 62 03 40 9C 00 00 05 00 00 00 09 00 00 00
2026-07-26T17:05:40.220462,5.456,can0  040  [04]  67 01 1E 00
2026-07-26T17:05:40.220502,5.456,can0  070  [20]  CA 2C 4D 08 E6 AE 62 03 40 9C 00 00 05 00 00 00 09 00 00 00
2026-07-26T17:05:40.220625,5.456,can0  204  [16]  9C 09 B1 FF 0F 95 1A DF 28 23 30 75 30 75 00 00
2026-07-26T17:05:40.318077,5.554,can0  040  [04]  67 01 1E 00
2026-07-26T17:05:40.318211,5.554,can0  060  [32]  00 00 00 00 CA 2C 4D 08 3B 04 B8 10 00 00 10 0E FF 01 00 00 00 00 00 00 01 00 00 00 00 00 00 00
2026-07-26T17:05:40.318580,5.554,can0  204  [16]  9C 09 B1 FF 0F 95 1A DF 28 23 30 75 30 75 00 00
2026-07-26T17:05:40.320418,5.556,can0  070  [20]  CA 2C 4D 08 E6 AE 62 03 40 9C 00 00 05 00 00 00 09 00 00 00
2026-07-26T17:05:40.320456,5.556,can0  206  [24]  7B 0C C5 06 6B 0C 99 C6 D0 06 3F 0C 71 0C 00 00 00 00 00 00 00 00 00 00
2026-07-26T17:05:40.320623,5.556,can0  041  [04]  1A 00 38 00
2026-07-26T17:05:40.320820,5.556,can0  204  [16]  9C 09 B1 FF 0F 95 1A DF 28 23 30 75 30 75 00 00
2026-07-26T17:05:40.417803,5.653,can0  204  [16]  9C 09 B1 FF 0F 95 1A DF 28 23 30 75 30 75 00 00
2026-07-26T17:05:40.417971,5.653,can0  132  [00]
2026-07-26T17:05:40.418157,5.654,can0  040  [04]  09 00 20 00
2026-07-26T17:05:40.520468,5.756,can0  204  [16]  9C 09 B1 FF 0F 95 1A DF 28 23 30 75 30 75 00 00
2026-07-26T17:05:40.520526,5.756,can0  206  [24]  7B 0C C6 06 6B 0C 99 C6 D0 06 44 0C 71 0C 00 00 00 00 00 00 00 00 00 00
2026-07-26T17:05:40.520672,5.756,can0  040  [04]  09 00 20 00
2026-07-26T17:05:40.520887,5.756,can0  204  [16]  9C 09 B1 FF 0F 95 1A DF 28 23 30 75 30 75 00 00
2026-07-26T17:05:40.617717,5.853,can0  204  [16]  9C 09 B1 FF 0F 95 1A DF 28 23 30 75 30 75 00 00
2026-07-26T17:05:40.617910,5.853,can0  041  [04]  1B 00 38 00
2026-07-26T17:05:40.618141,5.854,can0  204  [16]  9C 09 B1 FF 0F 95 1A DF 28 23 30 75 30 75 00 00
2026-07-26T17:05:40.719116,5.955,can0  206  [24]  7F 0C C5 06 6B 0C 99 C6 CF 06 3A 0C 71 0C 00 00 00 00 00 00 00 00 00 00
2026-07-26T17:05:40.719488,5.955,can0  204  [16]  9C 09 B1 FF 0F 95 1A DF 28 23 30 75 30 75 00 00
2026-07-26T17:05:40.719634,5.955,can0  040  [04]  01 00 21 00
2026-07-26T17:05:40.817861,6.053,can0  204  [16]  9C 09 B1 FF 0F 95 1A DF 28 23 30 75 30 75 00 00
2026-07-26T17:05:40.818025,6.053,can0  100  [03]  FE 71 04
2026-07-26T17:05:40.818181,6.054,can0  110  [02]  1B 1B
2026-07-26T17:05:40.818326,6.054,can0  120  [04]  23 19 00 00
2026-07-26T17:05:40.818491,6.054,can0  060  [32]  00 00 00 00 00 00 00 00 00 00 00 00 00 00 00 00 00 00 00 00 00 00 00 00 00 00 00 00 00 00 00 00
2026-07-26T17:05:40.818639,6.054,can0  040  [04]  01 00 21 00
2026-07-26T17:05:40.818807,6.054,can0  070  [20]  CA 2C 4D 08 E6 AE 62 03 40 9C 00 00 05 00 00 00 09 00 00 00
2026-07-26T17:05:40.819001,6.054,can0  204  [16]  9C 09 B1 FF 0F 95 1A DF 28 23 30 75 30 75 00 00
2026-07-26T17:05:40.820001,6.055,can0  206  [24]  89 0C C4 06 6B 0C 99 C6 CD 06 3A 0C 67 0C 00 00 00 00 00 00 00 00 00 00
2026-07-26T17:05:40.926774,6.162,can0  204  [16]  9C 09 B1 FF 0F 95 1A DF 28 23 30 75 30 75 00 00
2026-07-26T17:05:40.926977,6.162,can0  041  [04]  1B 00 38 00
2026-07-26T17:05:40.927449,6.163,can0  070  [20]  CA 2C 4D 08 E6 AE 62 03 40 9C 00 00 05 00 00 00 09 00 00 00
2026-07-26T17:05:40.927638,6.163,can0  204  [16]  9C 09 B1 FF 0F 95 1A DF 28 23 30 75 30 75 00 00
2026-07-26T17:05:41.018076,6.254,can0  204  [16]  9C 09 B1 FF 0F 95 1A DF 28 23 30 75 30 75 00 00
2026-07-26T17:05:41.020311,6.256,can0  206  [24]  80 0C C5 06 70 0C 99 C6 CF 06 35 0C 6B 0C 00 00 00 00 00 00 00 00 00 00
2026-07-26T17:05:41.020342,6.256,can0  040  [04]  61 01 1C 00
2026-07-26T17:05:41.020372,6.256,can0  040  [04]  61 01 1C 00
2026-07-26T17:05:41.021041,6.257,can0  204  [16]  9C 09 B1 FF 0F 95 1A DF 28 23 30 75 30 75 00 00
2026-07-26T17:05:41.118212,6.354,can0  204  [16]  9C 09 B1 FF 0F 95 1A DF 28 23 30 75 30 75 00 00
2026-07-26T17:05:41.118402,6.354,can0  041  [04]  18 00 31 00
2026-07-26T17:05:41.222163,6.458,can0  206  [24]  85 0C C5 06 6B 0C 99 C6 D8 06 35 0C 6B 0C 00 00 00 00 00 00 00 00 00 00
2026-07-26T17:05:41.222610,6.458,can0  204  [16]  9C 09 B1 FF 0F 95 1A DF 28 23 30 75 30 75 00 00
2026-07-26T17:05:41.223003,6.458,can0  070  [20]  C9 2C 4D 08 E6 AE 62 03 28 A0 00 00 05 00 00 00 0D 00 00 00
2026-07-26T17:05:41.223436,6.459,can0  204  [16]  9C 09 B1 FF 0F 95 1A DF 28 23 30 75 30 75 00 00
2026-07-26T17:05:41.223736,6.459,can0  070  [20]  C9 2C 4D 08 E6 AE 62 03 28 A0 00 00 05 00 00 00 0D 00 00 00
2026-07-26T17:05:41.322563,6.558,can0  040  [04]  64 01 1C 00
2026-07-26T17:05:41.322791,6.558,can0  204  [16]  9C 09 B1 FF 0F 95 1A DF 28 23 30 75 30 75 00 00
2026-07-26T17:05:41.322990,6.558,can0  060  [32]  00 00 00 00 00 00 00 00 00 00 00 00 00 00 00 00 00 00 00 00 00 00 00 00 00 00 00 00 00 00 00 00
2026-07-26T17:05:41.323140,6.559,can0  060  [32]  00 00 00 00 C9 2C 4D 08 3B 04 B8 10 00 00 10 0E FF 01 00 00 00 00 00 00 01 00 00 00 00 00 00 00
2026-07-26T17:05:41.325223,6.561,can0  040  [04]  64 01 1C 00
2026-07-26T17:05:41.325270,6.561,can0  206  [24]  89 0C C5 06 58 0C 99 C6 D7 06 49 0C 67 0C 00 00 00 00 00 00 00 00 00 00
2026-07-26T17:05:41.325400,6.561,can0  070  [20]  C9 2C 4D 08 E6 AE 62 03 28 A0 00 00 05 00 00 00 0D 00 00 00
2026-07-26T17:05:41.325560,6.561,can0  204  [16]  9C 09 B1 FF 0F 95 1A DF 28 23 30 75 30 75 00 00
2026-07-26T17:05:41.417707,6.653,can0  204  [16]  9C 09 B1 FF 0F 95 1A DF 28 23 30 75 30 75 00 00
2026-07-26T17:05:41.417854,6.653,can0  041  [04]  15 00 2E 00
2026-07-26T17:05:41.517937,6.753,can0  204  [16]  9C 09 B1 FF 0F 95 1A DF 28 23 30 75 30 75 00 00
2026-07-26T17:05:41.519712,6.755,can0  206  [24]  85 0C C6 06 58 0C 99 C6 D7 06 49 0C 6B 0C 00 00 00 00 00 00 00 00 00 00
2026-07-26T17:05:41.519901,6.755,can0  204  [16]  9C 09 B1 FF 0F 95 1A DF 28 23 30 75 30 75 00 00
2026-07-26T17:05:41.520035,6.756,can0  040  [04]  67 01 1F 00
2026-07-26T17:05:41.617681,6.853,can0  040  [04]  67 01 1F 00
2026-07-26T17:05:41.617870,6.853,can0  204  [16]  9C 09 B1 FF 0F 95 1A DF 28 23 30 75 30 75 00 00
2026-07-26T17:05:41.618002,6.853,can0  204  [16]  9C 09 B1 FF 0F 95 1A DF 28 23 30 75 30 75 00 00
2026-07-26T17:05:41.619703,6.855,can0  206  [24]  7F 0C C6 06 53 0C 99 C6 D9 06 49 0C 76 0C 00 00 00 00 00 00 00 00 00 00
2026-07-26T17:05:41.718212,6.954,can0  041  [04]  16 00 28 00
2026-07-26T17:05:41.718413,6.954,can0  204  [16]  9C 09 B1 FF 0F 95 1A DF 28 23 30 75 30 75 00 00
2026-07-26T17:05:41.722232,6.958,can0  204  [16]  9C 09 B1 FF 0F 95 1A DF 28 23 30 75 30 75 00 00
2026-07-26T17:05:41.817901,7.053,can0  040  [04]  67 01 20 00
2026-07-26T17:05:41.818047,7.054,can0  060  [32]  00 00 00 00 00 00 00 00 00 00 00 00 00 00 00 00 00 00 00 00 00 00 00 00 00 00 00 00 00 00 00 00
2026-07-26T17:05:41.818231,7.054,can0  204  [16]  9C 09 B1 FF 0F 95 1A DF 28 23 30 75 30 75 00 00
2026-07-26T17:05:41.819921,7.055,can0  206  [24]  7F 0C C6 06 53 0C 99 C6 D7 06 4D 0C 76 0C 00 00 00 00 00 00 00 00 00 00
2026-07-26T17:05:41.820131,7.056,can0  070  [20]  C9 2C 4D 08 E6 AE 62 03 28 A0 00 00 05 00 00 00 0D 00 00 00
2026-07-26T17:05:41.823402,7.059,can0  040  [04]  67 01 20 00
2026-07-26T17:05:41.918426,7.154,can0  204  [16]  9C 09 B1 FF 0F 95 1A DF 28 23 30 75 30 75 00 00
2026-07-26T17:05:41.926008,7.161,can0  204  [16]  9C 09 B1 FF 0F 95 1A DF 28 23 30 75 30 75 00 00
2026-07-26T17:05:41.926426,7.162,can0  070  [20]  C9 2C 4D 08 E6 AE 62 03 28 A0 00 00 05 00 00 00 0D 00 00 00
2026-07-26T17:05:41.926691,7.162,can0  041  [04]  16 00 25 00
2026-07-26T17:05:42.018500,7.254,can0  100  [03]  FD 71 04
2026-07-26T17:05:42.018698,7.254,can0  120  [04]  1E 19 00 00
2026-07-26T17:05:42.018922,7.254,can0  204  [16]  9C 09 B1 FF 0F 95 1A DF 28 23 30 75 30 75 00 00
2026-07-26T17:05:42.021574,7.257,can0  206  [24]  7F 0C C3 06 58 0C 99 C6 CC 06 48 0C 76 0C 00 00 00 00 00 00 00 00 00 00
2026-07-26T17:05:42.021629,7.257,can0  204  [16]  9C 09 B1 FF 0F 95 1A DF 28 23 30 75 30 75 00 00
2026-07-26T17:05:42.025483,7.261,can0  040  [04]  67 01 20 00
2026-07-26T17:05:42.117581,7.353,can0  204  [16]  9C 09 B1 FF 0F 95 1A DF 28 23 30 75 30 75 00 00
2026-07-26T17:05:42.118629,7.354,can0  040  [04]  67 01 20 00
2026-07-26T17:05:42.120208,7.356,can0  206  [24]  71 0C C3 06 6B 0C 99 C6 CF 06 3A 0C 7F 0C 00 00 00 00 00 00 00 00 00 00
2026-07-26T17:05:42.218345,7.454,can0  204  [16]  9C 09 B1 FF 0F 95 1A DF 28 23 30 75 30 75 00 00
2026-07-26T17:05:42.219603,7.455,can0  070  [20]  C9 2C 4D 08 E6 AE 62 03 10 A4 00 00 05 00 00 00 18 00 00 00
2026-07-26T17:05:42.219812,7.455,can0  041  [04]  16 00 26 00
2026-07-26T17:05:42.219999,7.455,can0  070  [20]  C9 2C 4D 08 E6 AE 62 03 10 A4 00 00 05 00 00 00 18 00 00 00
2026-07-26T17:05:42.220231,7.456,can0  204  [16]  9C 09 B1 FF 0F 95 1A DF 28 23 30 75 30 75 00 00
2026-07-26T17:05:42.318355,7.554,can0  204  [16]  9C 09 B1 FF 0F 95 1A DF 28 23 30 75 30 75 00 00
2026-07-26T17:05:42.318712,7.554,can0  070  [20]  C9 2C 4D 08 E6 AE 62 03 10 A4 00 00 05 00 00 00 18 00 00 00
2026-07-26T17:05:42.318939,7.554,can0  060  [32]  00 00 00 00 00 00 00 00 00 00 00 00 00 00 00 00 00 00 00 00 00 00 00 00 00 00 00 00 00 00 00 00
2026-07-26T17:05:42.321634,7.557,can0  206  [24]  6C 0C C3 06 75 0C 99 C6 CC 06 3A 0C 7B 0C 00 00 00 00 00 00 00 00 00 00
2026-07-26T17:05:42.321767,7.557,can0  060  [32]  00 00 00 00 C9 2C 4D 08 3B 04 B8 10 00 00 10 0E FF 01 00 00 00 00 00 00 01 00 00 00 00 00 00 00
2026-07-26T17:05:42.322281,7.558,can0  040  [04]  64 01 1D 00
2026-07-26T17:05:42.322320,7.558,can0  204  [16]  9C 09 B1 FF 0F 95 1A DF 28 23 30 75 30 75 00 00
2026-07-26T17:05:42.417899,7.653,can0  040  [04]  64 01 1D 00
2026-07-26T17:05:42.418014,7.653,can0  110  [02]  1B 1B
2026-07-26T17:05:42.418181,7.654,can0  204  [16]  9C 09 B1 FF 0F 95 1A DF 28 23 30 75 30 75 00 00
2026-07-26T17:05:42.418333,7.654,can0  204  [16]  9C 09 B1 FF 0F 95 1A DF 28 23 30 75 30 75 00 00
2026-07-26T17:05:42.518467,7.754,can0  041  [04]  1B 00 27 00
2026-07-26T17:05:42.520859,7.756,can0  206  [24]  67 0C C4 06 75 0C 99 C6 CD 06 3A 0C 7F 0C 00 00 00 00 00 00 00 00 00 00
2026-07-26T17:05:42.521100,7.757,can0  204  [16]  9C 09 B1 FF 0F 95 1A DF 28 23 30 75 30 75 00 00
2026-07-26T17:05:42.617891,7.853,can0  204  [16]  9C 09 B1 FF 0F 95 1A DF 28 23 30 75 30 75 00 00
2026-07-26T17:05:42.618037,7.854,can0  040  [04]  64 01 19 00
2026-07-26T17:05:42.618196,7.854,can0  204  [16]  9C 09 B1 FF 0F 95 1A DF 28 23 30 75 30 75 00 00
2026-07-26T17:05:42.618321,7.854,can0  040  [04]  64 01 19 00
2026-07-26T17:05:42.620013,7.855,can0  206  [24]  67 0C C5 06 7A 0C 99 C6 CE 06 44 0C 7F 0C 00 00 00 00 00 00 00 00 00 00
2026-07-26T17:05:42.717565,7.953,can0  204  [16]  9C 09 B1 FF 0F 95 1A DF 28 23 30 75 30 75 00 00
2026-07-26T17:05:42.717751,7.953,can0  041  [04]  1B 00 23 00
2026-07-26T17:05:42.717895,7.953,can0  204  [16]  9C 09 B1 FF 0F 95 1A DF 28 23 30 75 30 75 00 00
2026-07-26T17:05:42.817941,8.053,can0  204  [16]  9C 09 B1 FF 0F 95 1A DF 28 23 30 75 30 75 00 00
2026-07-26T17:05:42.818097,8.054,can0  070  [20]  C9 2C 4D 08 E6 AE 62 03 10 A4 00 00 05 00 00 00 18 00 00 00
2026-07-26T17:05:42.819799,8.055,can0  206  [24]  67 0C C6 06 75 0C 99 C6 D1 06 49 0C 7F 0C 00 00 00 00 00 00 00 00 00 00
2026-07-26T17:05:42.819948,8.055,can0  060  [32]  00 00 00 00 00 00 00 00 00 00 00 00 00 00 00 00 00 00 00 00 00 00 00 00 00 00 00 00 00 00 00 00
2026-07-26T17:05:42.820088,8.056,can0  040  [04]  64 01 19 00
2026-07-26T17:05:42.918037,8.154,can0  204  [16]  9C 09 B1 FF 0F 95 1A DF 28 23 30 75 30 75 00 00
2026-07-26T17:05:42.918224,8.154,can0  070  [20]  C9 2C 4D 08 E6 AE 62 03 10 A4 00 00 05 00 00 00 18 00 00 00
2026-07-26T17:05:42.918359,8.154,can0  040  [04]  64 01 19 00
2026-07-26T17:05:42.918515,8.154,can0  204  [16]  9C 09 B1 FF 0F 95 1A DF 28 23 30 75 30 75 00 00
2026-07-26T17:05:43.018350,8.254,can0  204  [16]  9C 09 B1 FF 0F 95 1A DF 28 23 30 75 30 75 00 00
2026-07-26T17:05:43.020240,8.256,can0  206  [24]  76 0C C7 06 6B 0C 99 C6 D0 06 4E 0C 76 0C 00 00 00 00 00 00 00 00 00 00
2026-07-26T17:05:43.020410,8.256,can0  041  [04]  1B 00 1F 00
2026-07-26T17:05:43.020717,8.256,can0  204  [16]  9C 09 B1 FF 0F 95 1A DF 28 23 30 75 30 75 00 00
2026-07-26T17:05:43.117640,8.353,can0  204  [16]  9C 09 B1 FF 0F 95 1A DF 28 23 30 75 30 75 00 00
2026-07-26T17:05:43.117796,8.353,can0  040  [04]  67 01 19 00
2026-07-26T17:05:43.119631,8.355,can0  206  [24]  7F 0C C7 06 61 0C 99 C6 D2 06 49 0C 76 0C 00 00 00 00 00 00 00 00 00 00
2026-07-26T17:05:43.119822,8.355,can0  204  [16]  9C 09 B1 FF 0F 95 1A DF 28 23 30 75 30 75 00 00
2026-07-26T17:05:43.217678,8.453,can0  040  [04]  67 01 19 00
2026-07-26T17:05:43.217819,8.453,can0  100  [03]  FC 71 04
2026-07-26T17:05:43.217927,8.453,can0  120  [04]  2A 19 00 00
2026-07-26T17:05:43.218085,8.454,can0  204  [16]  9C 09 B1 FF 0F 95 1A DF 28 23 30 75 30 75 00 00
2026-07-26T17:05:43.218223,8.454,can0  070  [20]  C7 2C 4D 08 E8 AE 62 03 F8 A7 00 00 05 00 00 00 53 00 00 00
2026-07-26T17:05:43.218347,8.454,can0  070  [20]  C7 2C 4D 08 E8 AE 62 03 F8 A7 00 00 05 00 00 00 54 00 00 00
2026-07-26T17:05:43.318432,8.554,can0  204  [16]  9C 09 B1 FF 0F 95 1A DF 28 23 30 75 30 75 00 00
2026-07-26T17:05:43.318648,8.554,can0  041  [04]  1D 00 1D 00
2026-07-26T17:05:43.318770,8.554,can0  130  [00]
2026-07-26T17:05:43.319254,8.555,can0  070  [20]  C7 2C 4D 08 E8 AE 62 03 F8 A7 00 00 05 00 00 00 54 00 00 00
2026-07-26T17:05:43.320933,8.556,can0  206  [24]  84 0C C6 06 61 0C 99 C6 CB 06 49 0C 71 0C 00 00 00 00 00 00 00 00 00 00
2026-07-26T17:05:43.321120,8.557,can0  204  [16]  9C 09 B1 FF 0F 95 1A DF 28 23 30 75 30 75 00 00
2026-07-26T17:05:43.321229,8.557,can0  060  [32]  00 00 00 00 C7 2C 4D 08 3D 04 B8 10 00 00 10 0E FF 01 00 00 00 00 00 00 01 00 00 00 00 00 00 00
2026-07-26T17:05:43.418227,8.654,can0  040  [04]  67 01 1A 00
2026-07-26T17:05:43.418401,8.654,can0  204  [16]  9C 09 B1 FF 0F 95 1A DF 28 23 30 75 30 75 00 00
2026-07-26T17:05:43.418544,8.654,can0  204  [16]  9C 09 B1 FF 0F 95 1A DF 28 23 30 75 30 75 00 00
2026-07-26T17:05:43.418663,8.654,can0  040  [04]  67 01 1A 00
2026-07-26T17:05:43.422413,8.658,can0  131  [00]
2026-07-26T17:05:43.521001,8.756,can0  206  [24]  84 0C C6 06 61 0C 99 C6 CD 06 3A 0C 71 0C 00 00 00 00 00 00 00 00 00 00
2026-07-26T17:05:43.527118,8.763,can0  204  [16]  9C 09 B1 FF 0F 95 1A DF 28 23 30 75 30 75 00 00
2026-07-26T17:05:43.527183,8.763,can0  041  [04]  15 00 1D 00
2026-07-26T17:05:43.620906,8.856,can0  204  [16]  9C 09 B1 FF 0F 95 1A DF 28 23 30 75 30 75 00 00
2026-07-26T17:05:43.620978,8.856,can0  204  [16]  9C 09 B1 FF 0F 95 1A DF 28 23 30 75 30 75 00 00
2026-07-26T17:05:43.621010,8.856,can0  206  [24]  84 0C C5 06 66 0C 99 C6 CB 06 35 0C 71 0C 00 00 00 00 00 00 00 00 00 00
2026-07-26T17:05:43.718193,8.954,can0  040  [04]  04 00 1F 00
2026-07-26T17:05:43.718419,8.954,can0  204  [16]  9C 09 B1 FF 0F 95 1A DF 28 23 30 75 30 75 00 00
2026-07-26T17:05:43.718631,8.954,can0  040  [04]  04 00 1F 00
2026-07-26T17:05:43.718810,8.954,can0  204  [16]  9C 09 B1 FF 0F 95 1A DF 28 23 30 75 30 75 00 00
2026-07-26T17:05:43.818342,9.054,can0  204  [16]  9C 09 B1 FF 0F 95 1A DF 28 23 30 75 30 75 00 00
2026-07-26T17:05:43.818519,9.054,can0  041  [04]  13 00 20 00
2026-07-26T17:05:43.818719,9.054,can0  070  [20]  C7 2C 4D 08 E8 AE 62 03 F8 A7 00 00 05 00 00 00 54 00 00 00
2026-07-26T17:05:43.821727,9.057,can0  206  [24]  7F 0C C5 06 6B 0C 99 C6 CB 06 35 0C 71 0C 00 00 00 00 00 00 00 00 00 00
2026-07-26T17:05:43.821932,9.057,can0  060  [32]  00 00 00 00 00 00 00 00 00 00 00 00 00 00 00 00 00 00 00 00 00 00 00 00 00 00 00 00 00 00 00 00
2026-07-26T17:05:43.828453,9.064,can0  204  [16]  9C 09 B1 FF 0F 95 1A DF 28 23 30 75 30 75 00 00
2026-07-26T17:05:43.917903,9.153,can0  204  [16]  9C 09 B1 FF 0F 95 1A DF 28 23 30 75 30 75 00 00
2026-07-26T17:05:43.918041,9.154,can0  070  [20]  C7 2C 4D 08 E8 AE 62 03 F8 A7 00 00 05 00 00 00 54 00 00 00
2026-07-26T17:05:43.918292,9.154,can0  040  [04]  06 00 26 00
2026-07-26T17:05:44.017575,9.253,can0  204  [16]  9C 09 B1 FF 0F 95 1A DF 28 23 30 75 30 75 00 00
2026-07-26T17:05:44.019295,9.255,can0  206  [24]  7F 0C C5 06 71 0C 99 C6 CC 06 26 0C 71 0C 00 00 00 00 00 00 00 00 00 00
2026-07-26T17:05:44.019485,9.255,can0  040  [04]  06 00 26 00
2026-07-26T17:05:44.024007,9.259,can0  110  [02]  1B 1B
2026-07-26T17:05:44.024041,9.260,can0  204  [16]  9C 09 B1 FF 0F 95 1A DF 28 23 30 75 30 75 00 00
2026-07-26T17:05:44.132190,9.368,can0  041  [04]  1D 00 21 00
2026-07-26T17:05:44.132263,9.368,can0  204  [16]  9C 09 B1 FF 0F 95 1A DF 28 23 30 75 30 75 00 00
2026-07-26T17:05:44.134145,9.370,can0  206  [24]  7A 0C C6 06 71 0C 99 C6 D1 06 2A 0C 76 0C 00 00 00 00 00 00 00 00 00 00
2026-07-26T17:05:44.135837,9.371,can0  204  [16]  9C 09 B1 FF 0F 95 1A DF 28 23 30 75 30 75 00 00
2026-07-26T17:05:44.236629,9.472,can0  133  [00]
2026-07-26T17:05:44.236971,9.472,can0  070  [20]  C7 2C 4D 08 E8 AE 62 03 E0 AB 00 00 05 00 00 00 53 00 00 00
2026-07-26T17:05:44.237328,9.473,can0  040  [04]  07 00 21 00
2026-07-26T17:05:44.237712,9.473,can0  204  [16]  9C 09 B1 FF 0F 95 1A DF 28 23 30 75 30 75 00 00
2026-07-26T17:05:44.237907,9.473,can0  070  [20]  C7 2C 4D 08 E8 AE 62 03 E0 AB 00 00 05 00 00 00 54 00 00 00
2026-07-26T17:05:44.238264,9.474,can0  040  [04]  07 00 21 00
2026-07-26T17:05:44.340045,9.576,can0  204  [16]  9C 09 B1 FF 0F 95 1A DF 28 23 30 75 30 75 00 00
2026-07-26T17:05:44.340106,9.576,can0  206  [24]  7F 0C C4 06 71 0C 99 C6 D2 06 30 0C 71 0C 00 00 00 00 00 00 00 00 00 00
2026-07-26T17:05:44.340589,9.576,can0  070  [20]  C7 2C 4D 08 E8 AE 62 03 E0 AB 00 00 05 00 00 00 54 00 00 00
2026-07-26T17:05:44.340824,9.576,can0  204  [16]  9C 09 B1 FF 0F 95 1A DF 28 23 30 75 30 75 00 00
2026-07-26T17:05:44.341015,9.576,can0  060  [32]  00 00 00 00 00 00 00 00 00 00 00 00 00 00 00 00 00 00 00 00 00 00 00 00 00 00 00 00 00 00 00 00
2026-07-26T17:05:44.341209,9.577,can0  041  [04]  1A 00 22 00
2026-07-26T17:05:44.341323,9.577,can0  060  [32]  00 00 00 00 C7 2C 4D 08 3D 04 B8 10 00 00 10 0E FF 01 00 00 00 00 00 00 01 00 00 00 00 00 00 00
2026-07-26T17:05:44.418316,9.654,can0  100  [03]  F9 71 04
2026-07-26T17:05:44.418540,9.654,can0  204  [16]  9C 09 B1 FF 0F 95 1A DF 28 23 30 75 30 75 00 00
2026-07-26T17:05:44.418862,9.654,can0  120  [04]  29 19 00 00
2026-07-26T17:05:44.418888,9.654,can0  204  [16]  9C 09 B1 FF 0F 95 1A DF 28 23 30 75 30 75 00 00
2026-07-26T17:05:44.419042,9.655,can0  040  [04]  5F 01 1D 00
2026-07-26T17:05:44.519857,9.755,can0  206  [24]  7F 0C C4 06 6B 0C 99 C6 D4 06 3A 0C 71 0C 00 00 00 00 00 00 00 00 00 00
2026-07-26T17:05:44.520274,9.756,can0  204  [16]  9C 09 B1 FF 0F 95 1A DF 28 23 30 75 30 75 00 00
2026-07-26T17:05:44.520322,9.756,can0  040  [04]  5F 01 1D 00
2026-07-26T17:05:44.520495,9.756,can0  204  [16]  9C 09 B1 FF 0F 95 1A DF 28 23 30 75 30 75 00 00
2026-07-26T17:05:44.617633,9.853,can0  041  [04]  1A 00 21 00
2026-07-26T17:05:44.617863,9.853,can0  204  [16]  9C 09 B1 FF 0F 95 1A DF 28 23 30 75 30 75 00 00
2026-07-26T17:05:44.620310,9.856,can0  206  [24]  7A 0C C5 06 6B 0C 99 C6 D1 06 35 0C 76 0C 00 00 00 00 00 00 00 00 00 00
2026-07-26T17:05:44.717607,9.953,can0  204  [16]  9C 09 B1 FF 0F 95 1A DF 28 23 30 75 30 75 00 00
2026-07-26T17:05:44.717751,9.953,can0  040  [04]  4A 01 18 00
2026-07-26T17:05:44.717893,9.953,can0  204  [16]  9C 09 B1 FF 0F 95 1A DF 28 23 30 75 30 75 00 00
2026-07-26T17:05:44.817797,10.053,can0  040  [04]  4A 01 18 00
2026-07-26T17:05:44.818075,10.054,can0  204  [16]  9C 09 B1 FF 0F 95 1A DF 28 23 30 75 30 75 00 00
2026-07-26T17:05:44.819744,10.055,can0  206  [24]  7A 0C C5 06 66 0C 99 C6 D0 06 3F 0C 76 0C 00 00 00 00 00 00 00 00 00 00
2026-07-26T17:05:44.819958,10.055,can0  070  [20]  C7 2C 4D 08 E8 AE 62 03 E0 AB 00 00 05 00 00 00 54 00 00 00
2026-07-26T17:05:44.820202,10.056,can0  204  [16]  9C 09 B1 FF 0F 95 1A DF 28 23 30 75 30 75 00 00
2026-07-26T17:05:44.820439,10.056,can0  060  [32]  00 00 00 00 00 00 00 00 00 00 00 00 00 00 00 00 00 00 00 00 00 00 00 00 00 00 00 00 00 00 00 00
2026-07-26T17:05:44.918296,10.154,can0  041  [04]  1B 00 1D 00
2026-07-26T17:05:44.918495,10.154,can0  070  [20]  C7 2C 4D 08 E8 AE 62 03 E0 AB 00 00 05 00 00 00 54 00 00 00
2026-07-26T17:05:44.918728,10.154,can0  204  [16]  9C 09 B1 FF 0F 95 1A DF 28 23 30 75 30 75 00 00
2026-07-26T17:05:45.018467,10.254,can0  204  [16]  9C 09 B1 FF 0F 95 1A DF 28 23 30 75 30 75 00 00
2026-07-26T17:05:45.020223,10.256,can0  206  [24]  7A 0C C5 06 66 0C 99 C6 D0 06 3F 0C 76 0C 00 00 00 00 00 00 00 00 00 00
2026-07-26T17:05:45.020430,10.256,can0  040  [04]  45 01 16 00
2026-07-26T17:05:45.020624,10.256,can0  204  [16]  9C 09 B1 FF 0F 95 1A DF 28 23 30 75 30 75 00 00
2026-07-26T17:05:45.020786,10.256,can0  040  [04]  45 01 16 00
2026-07-26T17:05:45.117544,10.353,can0  204  [16]  9C 09 B1 FF 0F 95 1A DF 28 23 30 75 30 75 00 00
2026-07-26T17:05:45.119427,10.355,can0  206  [24]  7F 0C C7 06 6B 0C AD CC CD 06 35 0C 71 0C 00 00 00 00 00 00 00 00 00 00
2026-07-26T17:05:45.119631,10.355,can0  041  [04]  11 00 1E 00
2026-07-26T17:05:45.119838,10.355,can0  204  [16]  9C 09 B1 FF 0F 95 1A DF 28 23 30 75 30 75 00 00
2026-07-26T17:05:45.217613,10.453,can0  070  [20]  C7 2C 4D 08 E8 AE 62 03 C8 AF 00 00 05 00 00 00 16 00 00 00
2026-07-26T17:05:45.217851,10.453,can0  204  [16]  9C 09 B1 FF 0F 95 1A DF 28 23 30 75 30 75 00 00
2026-07-26T17:05:45.218034,10.453,can0  070  [20]  C7 2C 4D 08 E8 AE 62 03 C8 AF 00 00 05 00 00 00 17 00 00 00
2026-07-26T17:05:45.218238,10.454,can0  204  [16]  9C 09 B1 FF 0F 95 1A DF 28 23 30 75 30 75 00 00
2026-07-26T17:05:45.218422,10.454,can0  040  [04]  4F 01 19 00
2026-07-26T17:05:45.320063,10.556,can0  206  [24]  85 0C C8 06 66 0C AD CC CD 06 3A 0C 6B 0C 00 00 00 00 00 00 00 00 00 00
2026-07-26T17:05:45.320286,10.556,can0  070  [20]  C7 2C 4D 08 E8 AE 62 03 C8 AF 00 00 05 00 00 00 17 00 00 00
2026-07-26T17:05:45.320459,10.556,can0  040  [04]  4F 01 19 00
2026-07-26T17:05:45.320679,10.556,can0  204  [16]  9C 09 B1 FF 0F 95 1A DF 28 23 30 75 30 75 00 00
2026-07-26T17:05:45.320793,10.556,can0  060  [32]  00 00 00 00 C7 2C 4D 08 3D 04 B8 10 00 00 10 0E FF 01 00 00 00 00 00 00 01 00 00 00 00 00 00 00
2026-07-26T17:05:45.417782,10.653,can0  204  [16]  9C 09 B1 FF 0F 95 1A DF 28 23 30 75 30 75 00 00
2026-07-26T17:05:45.417956,10.653,can0  041  [04]  10 00 1E 00
2026-07-26T17:05:45.418150,10.654,can0  204  [16]  9C 09 B1 FF 0F 95 1A DF 28 23 30 75 30 75 00 00
2026-07-26T17:05:45.519627,10.755,can0  206  [24]  93 0C C8 06 66 0C AD CC CE 06 3F 0C 5D 0C 00 00 00 00 00 00 00 00 00 00
2026-07-26T17:05:45.519822,10.755,can0  204  [16]  9C 09 B1 FF 0F 95 1A DF 28 23 30 75 30 75 00 00
2026-07-26T17:05:45.519961,10.755,can0  040  [04]  51 01 1B 00
2026-07-26T17:05:45.520121,10.756,can0  204  [16]  9C 09 B1 FF 0F 95 1A DF 28 23 30 75 30 75 00 00
2026-07-26T17:05:45.618009,10.853,can0  040  [04]  51 01 1B 00
2026-07-26T17:05:45.618212,10.854,can0  100  [03]  F6 71 04
2026-07-26T17:05:45.618330,10.854,can0  110  [02]  1B 1B
2026-07-26T17:05:45.618449,10.854,can0  120  [04]  2F 19 00 00
2026-07-26T17:05:45.618613,10.854,can0  204  [16]  9C 09 B1 FF 0F 95 1A DF 28 23 30 75 30 75 00 00
2026-07-26T17:05:45.620454,10.856,can0  206  [24]  93 0C C7 06 6B 0C AD CC D0 06 3A 0C 5D 0C 00 00 00 00 00 00 00 00 00 00
2026-07-26T17:05:45.718006,10.953,can0  204  [16]  9C 09 B1 FF 0F 95 1A DF 28 23 30 75 30 75 00 00
2026-07-26T17:05:45.718172,10.954,can0  041  [04]  16 00 1E 00
2026-07-26T17:05:45.718345,10.954,can0  204  [16]  9C 09 B1 FF 0F 95 1A DF 28 23 30 75 30 75 00 00
2026-07-26T17:05:45.818320,11.054,can0  204  [16]  9C 09 B1 FF 0F 95 1A DF 28 23 30 75 30 75 00 00
2026-07-26T17:05:45.818487,11.054,can0  040  [04]  40 01 1A 00
2026-07-26T17:05:45.823907,11.059,can0  206  [24]  93 0C C7 06 6B 0C AD CC D1 06 3A 0C 5D 0C 00 00 00 00 00 00 00 00 00 00
2026-07-26T17:05:45.823945,11.059,can0  070  [20]  C7 2C 4D 08 E8 AE 62 03 C8 AF 00 00 05 00 00 00 17 00 00 00
2026-07-26T17:05:45.823980,11.059,can0  040  [04]  40 01 1A 00
2026-07-26T17:05:45.824013,11.059,can0  204  [16]  9C 09 B1 FF 0F 95 1A DF 28 23 30 75 30 75 00 00
2026-07-26T17:05:45.824049,11.060,can0  060  [32]  00 00 00 00 00 00 00 00 00 00 00 00 00 00 00 00 00 00 00 00 00 00 00 00 00 00 00 00 00 00 00 00
2026-07-26T17:05:45.917956,11.153,can0  204  [16]  9C 09 B1 FF 0F 95 1A DF 28 23 30 75 30 75 00 00
2026-07-26T17:05:45.918157,11.154,can0  070  [20]  C7 2C 4D 08 E8 AE 62 03 C8 AF 00 00 05 00 00 00 17 00 00 00
2026-07-26T17:05:45.918356,11.154,can0  041  [04]  1B 00 21 00
2026-07-26T17:05:45.918555,11.154,can0  204  [16]  9C 09 B1 FF 0F 95 1A DF 28 23 30 75 30 75 00 00
2026-07-26T17:05:45.921141,11.157,can0  206  [24]  99 0C C6 06 66 0C 99 C6 D0 06 3F 0C 5D 0C 00 00 00 00 00 00 00 00 00 00
2026-07-26T17:05:46.017989,11.253,can0  204  [16]  9C 09 B1 FF 0F 95 1A DF 28 23 30 75 30 75 00 00
2026-07-26T17:05:46.018256,11.254,can0  040  [04]  3A 01 11 00
2026-07-26T17:05:46.118160,11.354,can0  204  [16]  9C 09 B1 FF 0F 95 1A DF 28 23 30 75 30 75 00 00
2026-07-26T17:05:46.119622,11.355,can0  040  [04]  3A 01 11 00
2026-07-26T17:05:46.119686,11.355,can0  206  [24]  93 0C C7 06 66 0C 99 C6 CF 06 3F 0C 62 0C 00 00 00 00 00 00 00 00 00 00
2026-07-26T17:05:46.125150,11.361,can0  204  [16]  9C 09 B1 FF 0F 95 1A DF 28 23 30 75 30 75 00 00
2026-07-26T17:05:46.217545,11.453,can0  070  [20]  C5 2C 4D 08 E8 AE 62 03 B0 B3 00 00 05 00 00 00 2C 00 00 00
2026-07-26T17:05:46.217793,11.453,can0  204  [16]  9C 09 B1 FF 0F 95 1A DF 28 23 30 75 30 75 00 00
2026-07-26T17:05:46.217960,11.453,can0  041  [04]  20 00 20 00
2026-07-26T17:05:46.218292,11.454,can0  070  [20]  C5 2C 4D 08 E8 AE 62 03 B0 B3 00 00 05 00 00 00 2D 00 00 00
2026-07-26T17:05:46.218318,11.454,can0  204  [16]  9C 09 B1 FF 0F 95 1A DF 28 23 30 75 30 75 00 00
2026-07-26T17:05:46.319290,11.555,can0  206  [24]  7F 0C C7 06 66 0C 99 C6 D1 06 3F 0C 76 0C 00 00 00 00 00 00 00 00 00 00
2026-07-26T17:05:46.319503,11.555,can0  070  [20]  C5 2C 4D 08 E8 AE 62 03 B0 B3 00 00 05 00 00 00 2D 00 00 00
2026-07-26T17:05:46.319683,11.555,can0  040  [04]  03 00 0F 00
2026-07-26T17:05:46.319890,11.555,can0  204  [16]  9C 09 B1 FF 0F 95 1A DF 28 23 30 75 30 75 00 00
2026-07-26T17:05:46.320071,11.556,can0  060  [32]  00 00 00 00 00 00 00 00 00 00 00 00 00 00 00 00 00 00 00 00 00 00 00 00 00 00 00 00 00 00 00 00
2026-07-26T17:05:46.417753,11.653,can0  204  [16]  9C 09 B1 FF 0F 95 1A DF 28 23 30 75 30 75 00 00
2026-07-26T17:05:46.417901,11.653,can0  060  [32]  00 00 00 00 C5 2C 4D 08 3D 04 B8 10 00 00 10 0E FF 01 00 00 00 00 00 00 01 00 00 00 00 00 00 00
2026-07-26T17:05:46.418253,11.654,can0  040  [04]  03 00 0F 00
2026-07-26T17:05:46.418476,11.654,can0  204  [16]  9C 09 B1 FF 0F 95 1A DF 28 23 30 75 30 75 00 00
2026-07-26T17:05:46.423436,11.659,can0  206  [24]  7F 0C C6 06 66 0C 99 C6 CF 06 3F 0C 76 0C 00 00 00 00 00 00 00 00 00 00
2026-07-26T17:05:46.518402,11.754,can0  041  [04]  17 00 1D 00
2026-07-26T17:05:46.518606,11.754,can0  204  [16]  9C 09 B1 FF 0F 95 1A DF 28 23 30 75 30 75 00 00
2026-07-26T17:05:46.518782,11.754,can0  204  [16]  9C 09 B1 FF 0F 95 1A DF 28 23 30 75 30 75 00 00
2026-07-26T17:05:46.617872,11.853,can0  040  [04]  06 00 13 00
2026-07-26T17:05:46.618120,11.854,can0  204  [16]  9C 09 B1 FF 0F 95 1A DF 28 23 30 75 30 75 00 00
2026-07-26T17:05:46.619798,11.855,can0  206  [24]  7F 0C C6 06 66 0C 99 C6 CD 06 3A 0C 76 0C 00 00 00 00 00 00 00 00 00 00
2026-07-26T17:05:46.623670,11.859,can0  040  [04]  06 00 13 00
2026-07-26T17:05:46.623709,11.859,can0  204  [16]  9C 09 B1 FF 0F 95 1A DF 28 23 30 75 30 75 00 00
2026-07-26T17:05:46.717646,11.953,can0  204  [16]  9C 09 B1 FF 0F 95 1A DF 28 23 30 75 30 75 00 00
2026-07-26T17:05:46.717801,11.953,can0  041  [04]  14 00 1D 00
2026-07-26T17:05:46.819809,12.055,can0  204  [16]  9C 09 B1 FF 0F 95 1A DF 28 23 30 75 30 75 00 00
2026-07-26T17:05:46.819876,12.055,can0  100  [03]  F3 71 04
2026-07-26T17:05:46.819911,12.055,can0  120  [04]  2B 19 00 00
2026-07-26T17:05:46.819944,12.055,can0  206  [24]  84 0C C6 06 66 0C C3 CC D0 06 3A 0C 71 0C 00 00 00 00 00 00 00 00 00 00
2026-07-26T17:05:46.819987,12.055,can0  070  [20]  C5 2C 4D 08 E8 AE 62 03 B0 B3 00 00 05 00 00 00 2D 00 00 00
2026-07-26T17:05:46.820153,12.056,can0  204  [16]  9C 09 B1 FF 0F 95 1A DF 28 23 30 75 30 75 00 00
2026-07-26T17:05:46.823936,12.059,can0  040  [04]  05 00 17 00
2026-07-26T17:05:46.918144,12.154,can0  204  [16]  9C 09 B1 FF 0F 95 1A DF 28 23 30 75 30 75 00 00
2026-07-26T17:05:46.918566,12.154,can0  070  [20]  C5 2C 4D 08 E8 AE 62 03 B0 B3 00 00 05 00 00 00 2D 00 00 00
2026-07-26T17:05:46.926191,12.162,can0  040  [04]  05 00 17 00
2026-07-26T17:05:46.926399,12.162,can0  204  [16]  9C 09 B1 FF 0F 95 1A DF 28 23 30 75 30 75 00 00
2026-07-26T17:05:46.928266,12.164,can0  206  [24]  8E 0C C6 06 62 0C C3 CC D0 06 30 0C 71 0C 00 00 00 00 00 00 00 00 00 00
2026-07-26T17:05:47.017772,12.253,can0  041  [04]  0A 00 1F 00
2026-07-26T17:05:47.017983,12.253,can0  204  [16]  9C 09 B1 FF 0F 95 1A DF 28 23 30 75 30 75 00 00
2026-07-26T17:05:47.118259,12.354,can0  204  [16]  9C 09 B1 FF 0F 95 1A DF 28 23 30 75 30 75 00 00
2026-07-26T17:05:47.118474,12.354,can0  040  [04]  02 00 17 00
2026-07-26T17:05:47.120273,12.356,can0  206  [24]  8E 0C C5 06 62 0C C3 CC E2 06 30 0C 71 0C 00 00 00 00 00 00 00 00 00 00
2026-07-26T17:05:47.120494,12.356,can0  204  [16]  9C 09 B1 FF 0F 95 1A DF 28 23 30 75 30 75 00 00
2026-07-26T17:05:47.218398,12.454,can0  070  [20]  C5 2C 4D 08 E8 AE 62 03 98 B7 00 00 05 00 00 00 2B 00 00 00
2026-07-26T17:05:47.218584,12.454,can0  040  [04]  02 00 17 00
2026-07-26T17:05:47.218747,12.454,can0  110  [02]  1A 1B
2026-07-26T17:05:47.218940,12.454,can0  204  [16]  9C 09 B1 FF 0F 95 1A DF 28 23 30 75 30 75 00 00
2026-07-26T17:05:47.222793,12.458,can0  070  [20]  C5 2C 4D 08 E8 AE 62 03 98 B7 00 00 05 00 00 00 2A 00 00 00
2026-07-26T17:05:47.222825,12.458,can0  204  [16]  9C 09 B1 FF 0F 95 1A DF 28 23 30 75 30 75 00 00
2026-07-26T17:05:47.318097,12.554,can0  041  [04]  08 00 1E 00
2026-07-26T17:05:47.320037,12.556,can0  206  [24]  8E 0C C6 06 62 0C C3 CC E2 06 2A 0C 71 0C 00 00 00 00 00 00 00 00 00 00
2026-07-26T17:05:47.320287,12.556,can0  204  [16]  9C 09 B1 FF 0F 95 1A DF 28 23 30 75 30 75 00 00
2026-07-26T17:05:47.320473,12.556,can0  070  [20]  C5 2C 4D 08 E8 AE 62 03 98 B7 00 00 05 00 00 00 2A 00 00 00
2026-07-26T17:05:47.320684,12.556,can0  204  [16]  9C 09 B1 FF 0F 95 1A DF 28 23 30 75 30 75 00 00
2026-07-26T17:05:47.417657,12.653,can0  060  [32]  F8 C7 DC 02 44 28 4D 08 92 37 B8 10 00 00 10 0E FF 01 00 00 00 00 00 00 02 00 00 00 00 00 00 00
2026-07-26T17:05:47.417798,12.653,can0  060  [32]  00 00 00 00 C5 2C 4D 08 3D 04 B8 10 00 00 10 0E FF 01 00 00 00 00 00 01 02 00 00 00 00 00 00 00
2026-07-26T17:05:47.418202,12.654,can0  040  [04]  02 00 1C 00
2026-07-26T17:05:47.418406,12.654,can0  204  [16]  9C 09 B1 FF 0F 95 1A DF 28 23 30 75 30 75 00 00
2026-07-26T17:05:47.418598,12.654,can0  040  [04]  02 00 1C 00
2026-07-26T17:05:47.423648,12.659,can0  206  [24]  8E 0C C6 06 62 0C C3 CC E2 06 30 0C 71 0C 00 00 00 00 00 00 00 00 00 00
2026-07-26T17:05:47.517713,12.753,can0  204  [16]  9C 09 B1 FF 0F 95 1A DF 28 23 30 75 30 75 00 00
2026-07-26T17:05:47.517861,12.753,can0  041  [04]  0F 00 21 00
2026-07-26T17:05:47.518003,12.753,can0  204  [16]  9C 09 B1 FF 0F 95 1A DF 28 23 30 75 30 75 00 00
2026-07-26T17:05:47.617920,12.853,can0  204  [16]  9C 09 B1 FF 0F 95 1A DF 28 23 30 75 30 75 00 00
2026-07-26T17:05:47.619761,12.855,can0  206  [24]  89 0C C6 06 62 0C 99 C6 E0 06 35 0C 76 0C 00 00 00 00 00 00 00 00 00 00
2026-07-26T17:05:47.619918,12.855,can0  040  [04]  04 00 1F 00
2026-07-26T17:05:47.620088,12.856,can0  204  [16]  9C 09 B1 FF 0F 95 1A DF 28 23 30 75 30 75 00 00
2026-07-26T17:05:47.718451,12.954,can0  204  [16]  9C 09 B1 FF 0F 95 1A DF 28 23 30 75 30 75 00 00
2026-07-26T17:05:47.718583,12.954,can0  040  [04]  04 00 1F 00
2026-07-26T17:05:47.817996,13.053,can0  204  [16]  9C 09 B1 FF 0F 95 1A DF 28 23 30 75 30 75 00 00
2026-07-26T17:05:47.819852,13.055,can0  206  [24]  7F 0C C6 06 6B 0C 99 C6 E1 06 35 0C 76 0C 00 00 00 00 00 00 00 00 00 00
2026-07-26T17:05:47.820011,13.055,can0  041  [04]  18 00 20 00
2026-07-26T17:05:47.820166,13.056,can0  070  [20]  C5 2C 4D 08 E8 AE 62 03 98 B7 00 00 05 00 00 00 2A 00 00 00
2026-07-26T17:05:47.824186,13.060,can0  204  [16]  9C 09 B1 FF 0F 95 1A DF 28 23 30 75 30 75 00 00
2026-07-26T17:05:47.917591,13.153,can0  060  [32]  00 00 00 00 00 00 00 00 00 00 00 00 00 00 00 00 00 00 00 00 00 00 00 00 00 00 00 00 00 00 00 00
2026-07-26T17:05:47.917829,13.153,can0  204  [16]  9C 09 B1 FF 0F 95 1A DF 28 23 30 75 30 75 00 00
2026-07-26T17:05:47.918009,13.153,can0  040  [04]  01 00 1E 00
2026-07-26T17:05:47.918191,13.154,can0  070  [20]  C5 2C 4D 08 E8 AE 62 03 98 B7 00 00 05 00 00 00 2A 00 00 00
2026-07-26T17:05:47.918389,13.154,can0  204  [16]  9C 09 B1 FF 0F 95 1A DF 28 23 30 75 30 75 00 00
2026-07-26T17:05:47.920857,13.156,can0  206  [24]  7B 0C C8 06 6B 0C 99 C6 CD 06 3A 0C 7B 0C 00 00 00 00 00 00 00 00 00 00
2026-07-26T17:05:48.018564,13.254,can0  040  [04]  01 00 1E 00
2026-07-26T17:05:48.018779,13.254,can0  100  [03]  F0 71 04
2026-07-26T17:05:48.018965,13.254,can0  120  [04]  2A 19 00 00
2026-07-26T17:05:48.019231,13.255,can0  204  [16]  9C 09 B1 FF 0F 95 1A DF 28 23 30 75 30 75 00 00
2026-07-26T17:05:48.019452,13.255,can0  204  [16]  9C 09 B1 FF 0F 95 1A DF 28 23 30 75 30 75 00 00
2026-07-26T17:05:48.019666,13.255,can0  041  [04]  1B 00 1F 00
2026-07-26T17:05:48.119959,13.355,can0  206  [24]  7B 0C C6 06 6B 0C 99 C6 CD 06 3A 0C 7B 0C 00 00 00 00 00 00 00 00 00 00
2026-07-26T17:05:48.120243,13.356,can0  204  [16]  9C 09 B1 FF 0F 95 1A DF 28 23 30 75 30 75 00 00
2026-07-26T17:05:48.217902,13.453,can0  204  [16]  9C 09 B1 FF 0F 95 1A DF 28 23 30 75 30 75 00 00
2026-07-26T17:05:48.218364,13.454,can0  070  [20]  C5 2C 4D 08 EA AE 62 03 80 BB 00 00 05 00 00 00 0D 00 00 00
2026-07-26T17:05:48.218568,13.454,can0  040  [04]  65 01 1E 00
2026-07-26T17:05:48.218757,13.454,can0  070  [20]  C5 2C 4D 08 EA AE 62 03 80 BB 00 00 05 00 00 00 0D 00 00 00
2026-07-26T17:05:48.218965,13.454,can0  204  [16]  9C 09 B1 FF 0F 95 1A DF 28 23 30 75 30 75 00 00
2026-07-26T17:05:48.219135,13.455,can0  040  [04]  65 01 1E 00
2026-07-26T17:05:48.319793,13.555,can0  206  [24]  7B 0C C7 06 6B 0C 99 C6 CB 06 3A 0C 7B 0C 00 00 00 00 00 00 00 00 00 00
2026-07-26T17:05:48.320027,13.555,can0  204  [16]  9C 09 B1 FF 0F 95 1A DF 28 23 30 75 30 75 00 00
2026-07-26T17:05:48.320222,13.556,can0  070  [20]  C5 2C 4D 08 EA AE 62 03 80 BB 00 00 05 00 00 00 0D 00 00 00
2026-07-26T17:05:48.320393,13.556,can0  041  [04]  1A 00 1C 00
2026-07-26T17:05:48.320585,13.556,can0  204  [16]  9C 09 B1 FF 0F 95 1A DF 28 23 30 75 30 75 00 00
2026-07-26T17:05:48.418063,13.654,can0  060  [32]  00 00 00 00 00 00 00 00 00 00 00 00 00 00 00 00 00 00 00 00 00 00 00 00 00 00 00 00 00 00 00 00
2026-07-26T17:05:48.418210,13.654,can0  060  [32]  00 00 00 00 C5 2C 4D 08 3E 04 B8 10 00 00 10 0E FF 01 00 00 00 00 00 00 01 00 00 00 00 00 00 00
2026-07-26T17:05:48.418582,13.654,can0  204  [16]  9C 09 B1 FF 0F 95 1A DF 28 23 30 75 30 75 00 00
2026-07-26T17:05:48.420465,13.656,can0  206  [24]  66 0C C8 06 71 0C 99 C6 CC 06 35 0C 8A 0C 00 00 00 00 00 00 00 00 00 00
2026-07-26T17:05:48.420618,13.656,can0  040  [04]  65 01 1F 00
2026-07-26T17:05:48.517992,13.753,can0  204  [16]  9C 09 B1 FF 0F 95 1A DF 28 23 30 75 30 75 00 00
2026-07-26T17:05:48.518127,13.754,can0  040  [04]  65 01 1F 00
2026-07-26T17:05:48.518280,13.754,can0  204  [16]  9C 09 B1 FF 0F 95 1A DF 28 23 30 75 30 75 00 00
2026-07-26T17:05:48.618281,13.854,can0  204  [16]  9C 09 B1 FF 0F 95 1A DF 28 23 30 75 30 75 00 00
2026-07-26T17:05:48.618497,13.854,can0  041  [04]  1E 00 1D 00
2026-07-26T17:05:48.620203,13.856,can0  206  [24]  5C 0C C8 06 6B 0C 99 C6 CB 06 3A 0C 94 0C 00 00 00 00 00 00 00 00 00 00
2026-07-26T17:05:48.620485,13.856,can0  204  [16]  9C 09 B1 FF 0F 95 1A DF 28 23 30 75 30 75 00 00
2026-07-26T17:05:48.718466,13.954,can0  204  [16]  9C 09 B1 FF 0F 95 1A DF 28 23 30 75 30 75 00 00
2026-07-26T17:05:48.718719,13.954,can0  040  [04]  60 01 1F 00
2026-07-26T17:05:48.718901,13.954,can0  040  [04]  60 01 1F 00
2026-07-26T17:05:48.719117,13.955,can0  204  [16]  9C 09 B1 FF 0F 95 1A DF 28 23 30 75 30 75 00 00
2026-07-26T17:05:48.818422,14.054,can0  110  [02]  1B 1B
2026-07-26T17:05:48.820203,14.056,can0  206  [24]  61 0C C6 06 6B 0C 99 C6 CC 06 3A 0C 8F 0C 00 00 00 00 00 00 00 00 00 00
2026-07-26T17:05:48.820467,14.056,can0  070  [20]  C5 2C 4D 08 EA AE 62 03 80 BB 00 00 05 00 00 00 0D 00 00 00
2026-07-26T17:05:48.820671,14.056,can0  204  [16]  9C 09 B1 FF 0F 95 1A DF 28 23 30 75 30 75 00 00
2026-07-26T17:05:48.820847,14.056,can0  041  [04]  1D 00 1B 00
2026-07-26T17:05:48.917790,14.153,can0  204  [16]  9C 09 B1 FF 0F 95 1A DF 28 23 30 75 30 75 00 00
2026-07-26T17:05:48.917979,14.153,can0  070  [20]  C5 2C 4D 08 EA AE 62 03 80 BB 00 00 05 00 00 00 0D 00 00 00
2026-07-26T17:05:48.918413,14.154,can0  060  [32]  00 00 00 00 00 00 00 00 00 00 00 00 00 00 00 00 00 00 00 00 00 00 00 00 00 00 00 00 00 00 00 00
2026-07-26T17:05:48.918453,14.154,can0  204  [16]  9C 09 B1 FF 0F 95 1A DF 28 23 30 75 30 75 00 00
2026-07-26T17:05:48.920256,14.156,can0  206  [24]  61 0C C7 06 6B 0C 99 C6 CE 06 3A 0C 8F 0C 00 00 00 00 00 00 00 00 00 00
2026-07-26T17:05:49.017902,14.253,can0  040  [04]  5D 01 1E 00
2026-07-26T17:05:49.018147,14.254,can0  204  [16]  9C 09 B1 FF 0F 95 1A DF 28 23 30 75 30 75 00 00
2026-07-26T17:05:49.018473,14.254,can0  040  [04]  5D 01 1E 00
2026-07-26T17:05:49.018516,14.254,can0  204  [16]  9C 09 B1 FF 0F 95 1A DF 28 23 30 75 30 75 00 00
2026-07-26T17:05:49.117580,14.353,can0  204  [16]  9C 09 B1 FF 0F 95 1A DF 28 23 30 75 30 75 00 00
2026-07-26T17:05:49.119607,14.355,can0  206  [24]  61 0C CB 06 71 0C 99 C6 D1 06 35 0C 8F 0C 00 00 00 00 00 00 00 00 00 00
2026-07-26T17:05:49.119776,14.355,can0  041  [04]  1E 00 1A 00
2026-07-26T17:05:49.217929,14.453,can0  204  [16]  9C 09 B1 FF 0F 95 1A DF 28 23 30 75 30 75 00 00
2026-07-26T17:05:49.218071,14.454,can0  100  [03]  EE 71 04
2026-07-26T17:05:49.218189,14.454,can0  120  [04]  28 19 00 00
2026-07-26T17:05:49.218605,14.454,can0  070  [20]  C5 2C 4D 08 EA AE 62 03 68 BF 00 00 05 00 00 00 0F 00 00 00
2026-07-26T17:05:49.218780,14.454,can0  204  [16]  9C 09 B1 FF 0F 95 1A DF 28 23 30 75 30 75 00 00
2026-07-26T17:05:49.218911,14.454,can0  070  [20]  C5 2C 4D 08 EA AE 62 03 68 BF 00 00 05 00 00 00 0E 00 00 00
2026-07-26T17:05:49.219027,14.454,can0  040  [04]  5F 01 1E 00
2026-07-26T17:05:49.318666,14.554,can0  206  [24]  76 0C CB 06 6B 0C 99 C6 D0 06 35 0C 7F 0C 00 00 00 00 00 00 00 00 00 00
2026-07-26T17:05:49.320172,14.556,can0  204  [16]  9C 09 B1 FF 0F 95 1A DF 28 23 30 75 30 75 00 00
2026-07-26T17:05:49.320310,14.556,can0  040  [04]  5F 01 1E 00
2026-07-26T17:05:49.320442,14.556,can0  070  [20]  C5 2C 4D 08 EA AE 62 03 68 BF 00 00 05 00 00 00 0E 00 00 00
2026-07-26T17:05:49.320594,14.556,can0  204  [16]  9C 09 B1 FF 0F 95 1A DF 28 23 30 75 30 75 00 00
2026-07-26T17:05:49.418336,14.654,can0  041  [04]  18 00 1B 00
2026-07-26T17:05:49.418565,14.654,can0  204  [16]  9C 09 B1 FF 0F 95 1A DF 28 23 30 75 30 75 00 00
2026-07-26T17:05:49.418836,14.654,can0  060  [32]  00 00 00 00 C5 2C 4D 08 3E 04 B8 10 00 00 10 0E FF 01 00 00 00 00 00 00 01 00 00 00 00 00 00 00
2026-07-26T17:05:49.420703,14.656,can0  206  [24]  7B 0C C9 06 7B 0C 99 C6 D1 06 25 0C 7B 0C 00 00 00 00 00 00 00 00 00 00
2026-07-26T17:05:49.420925,14.656,can0  204  [16]  9C 09 B1 FF 0F 95 1A DF 28 23 30 75 30 75 00 00
2026-07-26T17:05:49.518385,14.754,can0  204  [16]  9C 09 B1 FF 0F 95 1A DF 28 23 30 75 30 75 00 00
2026-07-26T17:05:49.518611,14.754,can0  040  [04]  62 01 1C 00
2026-07-26T17:05:49.617565,14.853,can0  040  [04]  62 01 1C 00
2026-07-26T17:05:49.617839,14.853,can0  204  [16]  9C 09 B1 FF 0F 95 1A DF 28 23 30 75 30 75 00 00
2026-07-26T17:05:49.619648,14.855,can0  206  [24]  7B 0C C9 06 76 0C 99 C6 D0 06 26 0C 7B 0C 00 00 00 00 00 00 00 00 00 00
2026-07-26T17:05:49.619846,14.855,can0  204  [16]  9C 09 B1 FF 0F 95 1A DF 28 23 30 75 30 75 00 00
2026-07-26T17:05:49.620023,14.855,can0  041  [04]  17 00 1A 00
2026-07-26T17:05:49.718520,14.954,can0  204  [16]  9C 09 B1 FF 0F 95 1A DF 28 23 30 75 30 75 00 00
2026-07-26T17:05:49.718730,14.954,can0  204  [16]  9C 09 B1 FF 0F 95 1A DF 28 23 30 75 30 75 00 00
2026-07-26T17:05:49.819104,15.055,can0  206  [24]  76 0C C7 06 71 0C 99 C6 D1 06 2B 0C 7F 0C 00 00 00 00 00 00 00 00 00 00
2026-07-26T17:05:49.819599,15.055,can0  040  [04]  61 01 19 00
2026-07-26T17:05:49.819816,15.055,can0  204  [16]  9C 09 B1 FF 0F 95 1A DF 28 23 30 75 30 75 00 00
2026-07-26T17:05:49.819994,15.055,can0  070  [20]  C5 2C 4D 08 EA AE 62 03 68 BF 00 00 05 00 00 00 0E 00 00 00
2026-07-26T17:05:49.820161,15.056,can0  040  [04]  61 01 19 00
2026-07-26T17:05:49.918133,15.154,can0  204  [16]  9C 09 B1 FF 0F 95 1A DF 28 23 30 75 30 75 00 00
2026-07-26T17:05:49.918501,15.154,can0  060  [32]  00 00 00 00 00 00 00 00 00 00 00 00 00 00 00 00 00 00 00 00 00 00 00 00 00 00 00 00 00 00 00 00
2026-07-26T17:05:49.918547,15.154,can0  070  [20]  C5 2C 4D 08 EA AE 62 03 68 BF 00 00 05 00 00 00 0E 00 00 00
2026-07-26T17:05:49.921611,15.157,can0  041  [04]  16 00 16 00
2026-07-26T17:05:49.921668,15.157,can0  204  [16]  9C 09 B1 FF 0F 95 1A DF 28 23 30 75 30 75 00 00
2026-07-26T17:05:49.921708,15.157,can0  206  [24]  76 0C C3 06 6B 0C 99 C6 D1 06 30 0C 7F 0C 00 00 00 00 00 00 00 00 00 00
2026-07-26T17:05:50.017808,15.253,can0  204  [16]  9C 09 B1 FF 0F 95 1A DF 28 23 30 75 30 75 00 00
2026-07-26T17:05:50.018229,15.254,can0  040  [04]  5E 01 18 00
2026-07-26T17:05:50.018463,15.254,can0  204  [16]  9C 09 B1 FF 0F 95 1A DF 28 23 30 75 30 75 00 00
2026-07-26T17:05:50.117704,15.353,can0  040  [04]  5E 01 18 00
2026-07-26T17:05:50.117867,15.353,can0  204  [16]  9C 09 B1 FF 0F 95 1A DF 28 23 30 75 30 75 00 00
2026-07-26T17:05:50.119826,15.355,can0  206  [24]  76 0C C3 06 66 0C 99 C6 D1 06 35 0C 7F 0C 00 00 00 00 00 00 00 00 00 00
2026-07-26T17:05:50.120041,15.356,can0  204  [16]  9C 09 B1 FF 0F 95 1A DF 28 23 30 75 30 75 00 00
2026-07-26T17:05:50.217867,15.453,can0  070  [20]  C5 2C 4D 08 EB AE 62 03 50 C3 00 00 05 00 00 00 1C 00 00 00
2026-07-26T17:05:50.218079,15.454,can0  041  [04]  16 00 17 00
2026-07-26T17:05:50.218284,15.454,can0  070  [20]  C5 2C 4D 08 EB AE 62 03 50 C3 00 00 05 00 00 00 1C 00 00 00
2026-07-26T17:05:50.218485,15.454,can0  204  [16]  9C 09 B1 FF 0F 95 1A DF 28 23 30 75 30 75 00 00
2026-07-26T17:05:50.320783,15.556,can0  206  [24]  75 0C C3 06 62 0C 99 C6 D2 06 3F 0C 7B 0C 00 00 00 00 00 00 00 00 00 00
2026-07-26T17:05:50.321030,15.556,can0  204  [16]  9C 09 B1 FF 0F 95 1A DF 28 23 30 75 30 75 00 00
2026-07-26T17:05:50.321512,15.557,can0  070  [20]  C5 2C 4D 08 EB AE 62 03 50 C3 00 00 05 00 00 00 1C 00 00 00
2026-07-26T17:05:50.321725,15.557,can0  040  [04]  02 00 1E 00
2026-07-26T17:05:50.321864,15.557,can0  132  [00]
2026-07-26T17:05:50.322080,15.558,can0  204  [16]  9C 09 B1 FF 0F 95 1A DF 28 23 30 75 30 75 00 00
2026-07-26T17:05:50.322249,15.558,can0  040  [04]  02 00 1E 00
2026-07-26T17:05:50.417815,15.653,can0  100  [03]  EE 71 04
2026-07-26T17:05:50.418063,15.654,can0  110  [02]  1A 1B
2026-07-26T17:05:50.418619,15.654,can0  120  [04]  2C 19 00 00
2026-07-26T17:05:50.418649,15.654,can0  204  [16]  9C 09 B1 FF 0F 95 1A DF 28 23 30 75 30 75 00 00
2026-07-26T17:05:50.418875,15.654,can0  060  [32]  00 00 00 00 00 00 00 00 00 00 00 00 00 00 00 00 00 00 00 00 00 00 00 00 00 00 00 00 00 00 00 00
2026-07-26T17:05:50.419033,15.654,can0  060  [32]  00 00 00 00 C5 2C 4D 08 40 04 B8 10 00 00 10 0E FF 01 00 00 00 00 00 00 01 00 00 00 00 00 00 00
2026-07-26T17:05:50.421726,15.657,can0  206  [24]  75 0C C4 06 62 0C 99 C6 D1 06 43 0C 7B 0C 00 00 00 00 00 00 00 00 00 00
2026-07-26T17:05:50.422031,15.657,can0  204  [16]  9C 09 B1 FF 0F 95 1A DF 28 23 30 75 30 75 00 00
2026-07-26T17:05:50.424131,15.660,can0  041  [04]  1B 00 16 00
2026-07-26T17:05:50.517700,15.753,can0  204  [16]  9C 09 B1 FF 0F 95 1A DF 28 23 30 75 30 75 00 00
2026-07-26T17:05:50.618286,15.854,can0  040  [04]  67 01 1E 00
2026-07-26T17:05:50.618524,15.854,can0  204  [16]  9C 09 B1 FF 0F 95 1A DF 28 23 30 75 30 75 00 00
2026-07-26T17:05:50.621101,15.857,can0  206  [24]  76 0C C6 06 6B 0C 99 C6 D1 06 3F 0C 76 0C 00 00 00 00 00 00 00 00 00 00
2026-07-26T17:05:50.621340,15.857,can0  204  [16]  9C 09 B1 FF 0F 95 1A DF 28 23 30 75 30 75 00 00
2026-07-26T17:05:50.621501,15.857,can0  040  [04]  67 01 1E 00
2026-07-26T17:05:50.717956,15.953,can0  204  [16]  9C 09 B1 FF 0F 95 1A DF 28 23 30 75 30 75 00 00
2026-07-26T17:05:50.718150,15.954,can0  041  [04]  1B 00 18 00
2026-07-26T17:05:50.718328,15.954,can0  204  [16]  9C 09 B1 FF 0F 95 1A DF 28 23 30 75 30 75 00 00
2026-07-26T17:05:50.720234,15.956,can0  206  [24]  76 0C C6 06 70 0C 99 C6 CF 06 3A 0C 76 0C 00 00 00 00 00 00 00 00 00 00
2026-07-26T17:05:50.818044,16.054,can0  204  [16]  9C 09 B1 FF 0F 95 1A DF 28 23 30 75 30 75 00 00
2026-07-26T17:05:50.818259,16.054,can0  070  [20]  C5 2C 4D 08 EB AE 62 03 50 C3 00 00 05 00 00 00 1C 00 00 00
2026-07-26T17:05:50.818441,16.054,can0  040  [04]  61 01 1C 00
2026-07-26T17:05:50.822653,16.058,can0  204  [16]  9C 09 B1 FF 0F 95 1A DF 28 23 30 75 30 75 00 00
2026-07-26T17:05:50.918173,16.154,can0  070  [20]  C5 2C 4D 08 EB AE 62 03 50 C3 00 00 05 00 00 00 1C 00 00 00
2026-07-26T17:05:50.918301,16.154,can0  040  [04]  61 01 1C 00
2026-07-26T17:05:50.918474,16.154,can0  204  [16]  9C 09 B1 FF 0F 95 1A DF 28 23 30 75 30 75 00 00
2026-07-26T17:05:50.918616,16.154,can0  060  [32]  00 00 00 00 00 00 00 00 00 00 00 00 00 00 00 00 00 00 00 00 00 00 00 00 00 00 00 00 00 00 00 00
2026-07-26T17:05:50.920557,16.156,can0  206  [24]  76 0C C4 06 70 0C 99 C6 CF 06 3A 0C 76 0C 00 00 00 00 00 00 00 00 00 00
2026-07-26T17:05:51.018446,16.254,can0  204  [16]  9C 09 B1 FF 0F 95 1A DF 28 23 30 75 30 75 00 00
2026-07-26T17:05:51.018545,16.254,can0  041  [04]  1B 00 19 00
2026-07-26T17:05:51.018717,16.254,can0  204  [16]  9C 09 B1 FF 0F 95 1A DF 28 23 30 75 30 75 00 00
2026-07-26T17:05:51.118542,16.354,can0  204  [16]  9C 09 B1 FF 0F 95 1A DF 28 23 30 75 30 75 00 00
2026-07-26T17:05:51.121076,16.357,can0  206  [24]  71 0C C5 06 70 0C 99 C6 CE 06 35 0C 7B 0C 00 00 00 00 00 00 00 00 00 00
2026-07-26T17:05:51.121352,16.357,can0  040  [04]  5B 01 1A 00
2026-07-26T17:05:51.121674,16.357,can0  204  [16]  9C 09 B1 FF 0F 95 1A DF 28 23 30 75 30 75 00 00
2026-07-26T17:05:51.218383,16.454,can0  070  [20]  C5 2C 4D 08 EB AE 62 03 38 C7 00 00 05 00 00 00 1A 00 00 00
2026-07-26T17:05:51.218581,16.454,can0  040  [04]  5B 01 1A 00
2026-07-26T17:05:51.218764,16.454,can0  204  [16]  9C 09 B1 FF 0F 95 1A DF 28 23 30 75 30 75 00 00
2026-07-26T17:05:51.218948,16.454,can0  070  [20]  C5 2C 4D 08 EB AE 62 03 38 C7 00 00 05 00 00 00 1A 00 00 00
2026-07-26T17:05:51.221037,16.457,can0  041  [04]  0F 00 17 00
2026-07-26T17:05:51.221086,16.457,can0  206  [24]  7F 0C C5 06 6B 0C 99 C6 D0 06 35 0C 71 0C 00 00 00 00 00 00 00 00 00 00
2026-07-26T17:05:51.317541,16.553,can0  204  [16]  9C 09 B1 FF 0F 95 1A DF 28 23 30 75 30 75 00 00
2026-07-26T17:05:51.317675,16.553,can0  070  [20]  C5 2C 4D 08 EB AE 62 03 38 C7 00 00 05 00 00 00 1A 00 00 00
2026-07-26T17:05:51.317822,16.553,can0  204  [16]  9C 09 B1 FF 0F 95 1A DF 28 23 30 75 30 75 00 00
2026-07-26T17:05:51.418125,16.654,can0  040  [04]  5F 01 1C 00
2026-07-26T17:05:51.418377,16.654,can0  204  [16]  9C 09 B1 FF 0F 95 1A DF 28 23 30 75 30 75 00 00
2026-07-26T17:05:51.418528,16.654,can0  060  [32]  00 00 00 00 C5 2C 4D 08 40 04 B8 10 00 00 10 0E FF 01 00 00 00 00 00 00 01 00 00 00 00 00 00 00
2026-07-26T17:05:51.418917,16.654,can0  040  [04]  5F 01 1C 00
2026-07-26T17:05:51.427086,16.663,can0  206  [24]  7A 0C C6 06 71 0C 99 C6 CE 06 30 0C 76 0C 00 00 00 00 00 00 00 00 00 00
2026-07-26T17:05:51.427169,16.663,can0  204  [16]  9C 09 B1 FF 0F 95 1A DF 28 23 30 75 30 75 00 00
2026-07-26T17:05:51.517734,16.753,can0  204  [16]  9C 09 B1 FF 0F 95 1A DF 28 23 30 75 30 75 00 00
2026-07-26T17:05:51.517921,16.753,can0  041  [04]  15 00 14 00
2026-07-26T17:05:51.518127,16.754,can0  204  [16]  9C 09 B1 FF 0F 95 1A DF 28 23 30 75 30 75 00 00
2026-07-26T17:05:51.617515,16.853,can0  100  [03]  ED 71 04
2026-07-26T17:05:51.617812,16.853,can0  120  [04]  2D 19 00 00
2026-07-26T17:05:51.619942,16.855,can0  206  [24]  7A 0C C8 06 6B 0C 99 C6 CD 06 35 0C 76 0C 00 00 00 00 00 00 00 00 00 00
2026-07-26T17:05:51.620460,16.856,can0  204  [16]  9C 09 B1 FF 0F 95 1A DF 28 23 30 75 30 75 00 00
2026-07-26T17:05:51.620771,16.856,can0  040  [04]  5E 01 1A 00
2026-07-26T17:05:51.718090,16.954,can0  204  [16]  9C 09 B1 FF 0F 95 1A DF 28 23 30 75 30 75 00 00
2026-07-26T17:05:51.718281,16.954,can0  040  [04]  5E 01 1A 00
2026-07-26T17:05:51.718483,16.954,can0  204  [16]  9C 09 B1 FF 0F 95 1A DF 28 23 30 75 30 75 00 00
2026-07-26T17:05:51.720328,16.956,can0  206  [24]  7F 0C C8 06 6B 0C 99 C6 CE 06 30 0C 76 0C 00 00 00 00 00 00 00 00 00 00
2026-07-26T17:05:51.818046,17.054,can0  041  [04]  15 00 13 00
2026-07-26T17:05:51.818295,17.054,can0  204  [16]  9C 09 B1 FF 0F 95 1A DF 28 23 30 75 30 75 00 00
2026-07-26T17:05:51.818730,17.054,can0  070  [20]  C5 2C 4D 08 EB AE 62 03 38 C7 00 00 05 00 00 00 1A 00 00 00
2026-07-26T17:05:51.818956,17.054,can0  204  [16]  9C 09 B1 FF 0F 95 1A DF 28 23 30 75 30 75 00 00
2026-07-26T17:05:51.918249,17.154,can0  040  [04]  4F 01 11 00
2026-07-26T17:05:51.925668,17.161,can0  204  [16]  9C 09 B1 FF 0F 95 1A DF 28 23 30 75 30 75 00 00
2026-07-26T17:05:51.925904,17.161,can0  070  [20]  C5 2C 4D 08 EB AE 62 03 38 C7 00 00 05 00 00 00 1A 00 00 00
2026-07-26T17:05:51.926091,17.162,can0  060  [32]  00 00 00 00 00 00 00 00 00 00 00 00 00 00 00 00 00 00 00 00 00 00 00 00 00 00 00 00 00 00 00 00
2026-07-26T17:05:51.927950,17.163,can0  206  [24]  7F 0C C8 06 6B 0C 99 C6 CC 06 35 0C 76 0C 00 00 00 00 00 00 00 00 00 00
2026-07-26T17:05:51.928169,17.164,can0  040  [04]  4F 01 11 00
2026-07-26T17:05:52.018277,17.254,can0  204  [16]  9C 09 B1 FF 0F 95 1A DF 28 23 30 75 30 75 00 00
2026-07-26T17:05:52.018456,17.254,can0  110  [02]  1B 1B
2026-07-26T17:05:52.018656,17.254,can0  204  [16]  9C 09 B1 FF 0F 95 1A DF 28 23 30 75 30 75 00 00
2026-07-26T17:05:52.018846,17.254,can0  041  [04]  1B 00 13 00
2026-07-26T17:05:52.117603,17.353,can0  204  [16]  9C 09 B1 FF 0F 95 1A DF 28 23 30 75 30 75 00 00
2026-07-26T17:05:52.119500,17.355,can0  206  [24]  75 0C C7 06 71 0C 99 C6 CC 06 35 0C 7B 0C 00 00 00 00 00 00 00 00 00 00
2026-07-26T17:05:52.119717,17.355,can0  204  [16]  9C 09 B1 FF 0F 95 1A DF 28 23 30 75 30 75 00 00
2026-07-26T17:05:52.119899,17.355,can0  040  [04]  43 01 10 00
2026-07-26T17:05:52.217727,17.453,can0  070  [20]  C5 2C 4D 08 ED AE 62 03 20 CB 00 00 05 00 00 00 14 00 00 00
2026-07-26T17:05:52.217972,17.453,can0  204  [16]  9C 09 B1 FF 0F 95 1A DF 28 23 30 75 30 75 00 00
2026-07-26T17:05:52.218160,17.454,can0  070  [20]  C5 2C 4D 08 ED AE 62 03 20 CB 00 00 05 00 00 00 13 00 00 00
2026-07-26T17:05:52.218297,17.454,can0  040  [04]  43 01 10 00
2026-07-26T17:05:52.220111,17.456,can0  206  [24]  7B 0C C6 06 6B 0C 99 C6 CD 06 35 0C 7B 0C 00 00 00 00 00 00 00 00 00 00
2026-07-26T17:05:52.220355,17.456,can0  204  [16]  9C 09 B1 FF 0F 95 1A DF 28 23 30 75 30 75 00 00
2026-07-26T17:05:52.317593,17.553,can0  070  [20]  C5 2C 4D 08 ED AE 62 03 20 CB 00 00 05 00 00 00 13 00 00 00
2026-07-26T17:05:52.317816,17.553,can0  204  [16]  9C 09 B1 FF 0F 95 1A DF 28 23 30 75 30 75 00 00
2026-07-26T17:05:52.318016,17.553,can0  041  [04]  15 00 14 00
2026-07-26T17:05:52.419789,17.655,can0  204  [16]  9C 09 B1 FF 0F 95 1A DF 28 23 30 75 30 75 00 00
2026-07-26T17:05:52.419854,17.655,can0  206  [24]  75 0C C5 06 71 0C 99 C6 CF 06 35 0C 7B 0C 00 00 00 00 00 00 00 00 00 00
2026-07-26T17:05:52.419973,17.655,can0  204  [16]  9C 09 B1 FF 0F 95 1A DF 28 23 30 75 30 75 00 00
2026-07-26T17:05:52.420093,17.656,can0  060  [32]  00 00 00 00 C5 2C 4D 08 42 04 B8 10 00 00 10 0E FF 01 00 00 00 00 00 00 01 00 00 00 00 00 00 00
2026-07-26T17:05:52.424280,17.660,can0  040  [04]  4D 01 11 00
2026-07-26T17:05:52.518000,17.753,can0  040  [04]  4D 01 11 00
2026-07-26T17:05:52.518190,17.754,can0  204  [16]  9C 09 B1 FF 0F 95 1A DF 28 23 30 75 30 75 00 00
2026-07-26T17:05:52.518331,17.754,can0  204  [16]  9C 09 B1 FF 0F 95 1A DF 28 23 30 75 30 75 00 00
2026-07-26T17:05:52.618041,17.854,can0  041  [04]  16 00 17 00
2026-07-26T17:05:52.619964,17.855,can0  206  [24]  75 0C C6 06 71 0C 99 C6 D1 06 30 0C 7B 0C 00 00 00 00 00 00 00 00 00 00
2026-07-26T17:05:52.620161,17.856,can0  204  [16]  9C 09 B1 FF 0F 95 1A DF 28 23 30 75 30 75 00 00
2026-07-26T17:05:52.717987,17.953,can0  204  [16]  9C 09 B1 FF 0F 95 1A DF 28 23 30 75 30 75 00 00
2026-07-26T17:05:52.718089,17.954,can0  040  [04]  5D 01 16 00
2026-07-26T17:05:52.718239,17.954,can0  204  [16]  9C 09 B1 FF 0F 95 1A DF 28 23 30 75 30 75 00 00
2026-07-26T17:05:52.720154,17.956,can0  206  [24]  7F 0C C6 06 71 0C 99 C6 D2 06 30 0C 71 0C 00 00 00 00 00 00 00 00 00 00
2026-07-26T17:05:52.720350,17.956,can0  040  [04]  5D 01 16 00
2026-07-26T17:05:52.818164,18.054,can0  100  [03]  EB 71 04
2026-07-26T17:05:52.818363,18.054,can0  120  [04]  2B 19 00 00
2026-07-26T17:05:52.818595,18.054,can0  204  [16]  9C 09 B1 FF 0F 95 1A DF 28 23 30 75 30 75 00 00
2026-07-26T17:05:52.818772,18.054,can0  070  [20]  C5 2C 4D 08 ED AE 62 03 20 CB 00 00 05 00 00 00 13 00 00 00
2026-07-26T17:05:52.818967,18.054,can0  204  [16]  9C 09 B1 FF 0F 95 1A DF 28 23 30 75 30 75 00 00
2026-07-26T17:05:52.819145,18.055,can0  041  [04]  1B 00 15 00
2026-07-26T17:05:52.918630,18.154,can0  070  [20]  C5 2C 4D 08 ED AE 62 03 20 CB 00 00 05 00 00 00 13 00 00 00
2026-07-26T17:05:52.919004,18.154,can0  204  [16]  9C 09 B1 FF 0F 95 1A DF 28 23 30 75 30 75 00 00
2026-07-26T17:05:52.921511,18.157,can0  206  [24]  7A 0C C6 06 71 0C 99 C6 D1 06 30 0C 76 0C 00 00 00 00 00 00 00 00 00 00
2026-07-26T17:05:52.921745,18.157,can0  060  [32]  00 00 00 00 00 00 00 00 00 00 00 00 00 00 00 00 00 00 00 00 00 00 00 00 00 00 00 00 00 00 00 00
2026-07-26T17:05:52.921982,18.157,can0  204  [16]  9C 09 B1 FF 0F 95 1A DF 28 23 30 75 30 75 00 00
2026-07-26T17:05:53.064085,18.300,can0  040  [04]  58 01 1A 00
2026-07-26T17:05:53.064162,18.300,can0  040  [04]  58 01 1A 00
2026-07-26T17:05:53.064194,18.300,can0  204  [16]  9C 09 B1 FF 0F 95 1A DF 28 23 30 75 30 75 00 00
2026-07-26T17:05:53.137537,18.373,can0  204  [16]  9C 09 B1 FF 0F 95 1A DF 28 23 30 75 30 75 00 00
2026-07-26T17:05:53.139467,18.375,can0  206  [24]  7F 0C C6 06 71 0C 99 C6 D1 06 35 0C 71 0C 00 00 00 00 00 00 00 00 00 00
2026-07-26T17:05:53.139725,18.375,can0  041  [04]  1A 00 1E 00
2026-07-26T17:05:53.139933,18.375,can0  204  [16]  9C 09 B1 FF 0F 95 1A DF 28 23 30 75 30 75 00 00
2026-07-26T17:05:53.218022,18.453,can0  070  [20]  C5 2C 4D 08 ED AE 62 03 08 CF 00 00 05 00 00 00 29 00 00 00
2026-07-26T17:05:53.218271,18.454,can0  204  [16]  9C 09 B1 FF 0F 95 1A DF 28 23 30 75 30 75 00 00
2026-07-26T17:05:53.218440,18.454,can0  070  [20]  C5 2C 4D 08 ED AE 62 03 08 CF 00 00 05 00 00 00 29 00 00 00
2026-07-26T17:05:53.218569,18.454,can0  130  [00]
2026-07-26T17:05:53.218749,18.454,can0  040  [04]  55 01 19 00
2026-07-26T17:05:53.221436,18.457,can0  206  [24]  7A 0C C7 06 71 0C 99 C6 CC 06 35 0C 76 0C 00 00 00 00 00 00 00 00 00 00
2026-07-26T17:05:53.221676,18.457,can0  204  [16]  9C 09 B1 FF 0F 95 1A DF 28 23 30 75 30 75 00 00
2026-07-26T17:05:53.317493,18.553,can0  060  [32]  EA 63 11 00 86 63 4D 08 77 E3 62 03 00 00 8F 06 0F 00 80 00 00 00 00 00 01 00 00 00 00 00 00 00
2026-07-26T17:05:53.317888,18.553,can0  040  [04]  55 01 19 00
2026-07-26T17:05:53.318070,18.554,can0  070  [20]  C5 2C 4D 08 ED AE 62 03 08 CF 00 00 05 00 00 00 29 00 00 00
2026-07-26T17:05:53.318289,18.554,can0  204  [16]  9C 09 B1 FF 0F 95 1A DF 28 23 30 75 30 75 00 00
2026-07-26T17:05:53.318427,18.554,can0  131  [00]
2026-07-26T17:05:53.418333,18.654,can0  204  [16]  9C 09 B1 FF 0F 95 1A DF 28 23 30 75 30 75 00 00
2026-07-26T17:05:53.418599,18.654,can0  041  [04]  1F 00 23 00
2026-07-26T17:05:53.421124,18.657,can0  206  [24]  7F 0C C6 06 6B 0C 0D CB CB 06 35 0C 76 0C 00 00 00 00 00 00 00 00 00 00
2026-07-26T17:05:53.421438,18.657,can0  204  [16]  9C 09 B1 FF 0F 95 1A DF 28 23 30 75 30 75 00 00
2026-07-26T17:05:53.517884,18.753,can0  204  [16]  9C 09 B1 FF 0F 95 1A DF 28 23 30 75 30 75 00 00
2026-07-26T17:05:53.518034,18.754,can0  040  [04]  56 01 16 00
2026-07-26T17:05:53.518204,18.754,can0  040  [04]  56 01 16 00
2026-07-26T17:05:53.518384,18.754,can0  204  [16]  9C 09 B1 FF 0F 95 1A DF 28 23 30 75 30 75 00 00
2026-07-26T17:05:53.617979,18.853,can0  110  [02]  1C 1B
2026-07-26T17:05:53.619973,18.855,can0  206  [24]  7B 0C C6 06 71 0C 0D CB C9 06 30 0C 7B 0C 00 00 00 00 00 00 00 00 00 00
2026-07-26T17:05:53.620220,18.856,can0  204  [16]  9C 09 B1 FF 0F 95 1A DF 28 23 30 75 30 75 00 00
2026-07-26T17:05:53.620384,18.856,can0  041  [04]  1D 00 23 00
2026-07-26T17:05:53.620544,18.856,can0  204  [16]  9C 09 B1 FF 0F 95 1A DF 28 23 30 75 30 75 00 00
2026-07-26T17:05:53.718076,18.954,can0  204  [16]  9C 09 B1 FF 0F 95 1A DF 28 23 30 75 30 75 00 00
2026-07-26T17:05:53.720753,18.956,can0  206  [24]  75 0C C5 06 71 0C 0D CB C6 06 30 0C 7B 0C 00 00 00 00 00 00 00 00 00 00
2026-07-26T17:05:53.720953,18.956,can0  040  [04]  58 01 19 00
2026-07-26T17:05:53.818213,19.054,can0  204  [16]  9C 09 B1 FF 0F 95 1A DF 28 23 30 75 30 75 00 00
2026-07-26T17:05:53.818411,19.054,can0  070  [20]  C5 2C 4D 08 ED AE 62 03 08 CF 00 00 05 00 00 00 29 00 00 00
2026-07-26T17:05:53.818576,19.054,can0  040  [04]  58 01 19 00
2026-07-26T17:05:53.818771,19.054,can0  204  [16]  9C 09 B1 FF 0F 95 1A DF 28 23 30 75 30 75 00 00
2026-07-26T17:05:53.920880,19.156,can0  204  [16]  9C 09 B1 FF 0F 95 1A DF 28 23 30 75 30 75 00 00
2026-07-26T17:05:53.920942,19.156,can0  206  [24]  71 0C C5 06 71 0C 0D CB C8 06 30 0C 7F 0C 00 00 00 00 00 00 00 00 00 00
2026-07-26T17:05:53.921084,19.157,can0  041  [04]  1E 00 20 00
2026-07-26T17:05:53.921489,19.157,can0  070  [20]  C5 2C 4D 08 ED AE 62 03 08 CF 00 00 05 00 00 00 29 00 00 00
2026-07-26T17:05:53.921533,19.157,can0  204  [16]  9C 09 B1 FF 0F 95 1A DF 28 23 30 75 30 75 00 00
2026-07-26T17:05:54.018389,19.254,can0  100  [03]  EA 71 04
2026-07-26T17:05:54.018548,19.254,can0  120  [04]  26 19 00 00
2026-07-26T17:05:54.018776,19.254,can0  204  [16]  9C 09 B1 FF 0F 95 1A DF 28 23 30 75 30 75 00 00
2026-07-26T17:05:54.018943,19.254,can0  040  [04]  5E 01 19 00
2026-07-26T17:05:54.117585,19.353,can0  204  [16]  9C 09 B1 FF 0F 95 1A DF 28 23 30 75 30 75 00 00
2026-07-26T17:05:54.119629,19.355,can0  206  [24]  71 0C C4 06 71 0C 0D CB CC 06 30 0C 7F 0C 00 00 00 00 00 00 00 00 00 00
2026-07-26T17:05:54.119821,19.355,can0  040  [04]  5E 01 19 00
2026-07-26T17:05:54.119965,19.355,can0  133  [00]
2026-07-26T17:05:54.120173,19.356,can0  204  [16]  9C 09 B1 FF 0F 95 1A DF 28 23 30 75 30 75 00 00
2026-07-26T17:05:54.217577,19.453,can0  041  [04]  19 00 1C 00
2026-07-26T17:05:54.218073,19.454,can0  070  [20]  C7 2C 4D 08 ED AE 62 03 F0 D2 00 00 05 00 00 00 0D 00 00 00
2026-07-26T17:05:54.218315,19.454,can0  204  [16]  9C 09 B1 FF 0F 95 1A DF 28 23 30 75 30 75 00 00
2026-07-26T17:05:54.218491,19.454,can0  070  [20]  C7 2C 4D 08 ED AE 62 03 F0 D2 00 00 05 00 00 00 0E 00 00 00
2026-07-26T17:05:54.220302,19.456,can0  206  [24]  71 0C C7 06 75 0C 99 C6 CC 06 30 0C 7B 0C 00 00 00 00 00 00 00 00 00 00
2026-07-26T17:05:54.224013,19.459,can0  204  [16]  9C 09 B1 FF 0F 95 1A DF 28 23 30 75 30 75 00 00
2026-07-26T17:05:54.317878,19.553,can0  040  [04]  61 01 17 00
2026-07-26T17:05:54.318129,19.554,can0  204  [16]  9C 09 B1 FF 0F 95 1A DF 28 23 30 75 30 75 00 00
2026-07-26T17:05:54.318319,19.554,can0  070  [20]  C7 2C 4D 08 ED AE 62 03 F0 D2 00 00 05 00 00 00 0E 00 00 00
2026-07-26T17:05:54.318533,19.554,can0  040  [04]  61 01 17 00
2026-07-26T17:05:54.318669,19.554,can0  204  [16]  9C 09 B1 FF 0F 95 1A DF 28 23 30 75 30 75 00 00
2026-07-26T17:05:54.419628,19.655,can0  206  [24]  75 0C C9 06 6B 0C 99 C6 CD 06 3A 0C 7B 0C 00 00 00 00 00 00 00 00 00 00
2026-07-26T17:05:54.419840,19.655,can0  204  [16]  9C 09 B1 FF 0F 95 1A DF 28 23 30 75 30 75 00 00
2026-07-26T17:05:54.419983,19.655,can0  041  [04]  1A 00 1B 00
2026-07-26T17:05:54.420096,19.656,can0  060  [32]  00 00 00 00 C7 2C 4D 08 42 04 B8 10 00 00 10 0E FF 01 00 00 00 00 00 00 01 00 00 00 00 00 00 00
2026-07-26T17:05:54.517864,19.753,can0  204  [16]  9C 09 B1 FF 0F 95 1A DF 28 23 30 75 30 75 00 00
2026-07-26T17:05:54.518168,19.754,can0  204  [16]  9C 09 B1 FF 0F 95 1A DF 28 23 30 75 30 75 00 00
2026-07-26T17:05:54.518424,19.754,can0  040  [04]  67 01 19 00
2026-07-26T17:05:54.619830,19.855,can0  206  [24]  71 0C C9 06 6B 0C 99 C6 D0 06 3A 0C 7F 0C 00 00 00 00 00 00 00 00 00 00
2026-07-26T17:05:54.620074,19.856,can0  204  [16]  9C 09 B1 FF 0F 95 1A DF 28 23 30 75 30 75 00 00
2026-07-26T17:05:54.620247,19.856,can0  040  [04]  67 01 19 00
2026-07-26T17:05:54.624324,19.860,can0  204  [16]  9C 09 B1 FF 0F 95 1A DF 28 23 30 75 30 75 00 00
2026-07-26T17:05:54.718194,19.954,can0  204  [16]  9C 09 B1 FF 0F 95 1A DF 28 23 30 75 30 75 00 00
2026-07-26T17:05:54.718358,19.954,can0  041  [04]  0F 00 1C 00
2026-07-26T17:05:54.720364,19.956,can0  206  [24]  7A 0C CB 06 6B 0C 99 C6 CE 06 3A 0C 76 0C 00 00 00 00 00 00 00 00 00 00
2026-07-26T17:05:54.818324,20.054,can0  204  [16]  9C 09 B1 FF 0F 95 1A DF 28 23 30 75 30 75 00 00
2026-07-26T17:05:54.818490,20.054,can0  070  [20]  C7 2C 4D 08 ED AE 62 03 F0 D2 00 00 05 00 00 00 0E 00 00 00
2026-07-26T17:05:54.818632,20.054,can0  040  [04]  02 00 1B 00
2026-07-26T17:05:54.818787,20.054,can0  204  [16]  9C 09 B1 FF 0F 95 1A DF 28 23 30 75 30 75 00 00
2026-07-26T17:05:54.918114,20.154,can0  040  [04]  02 00 1B 00
2026-07-26T17:05:54.918552,20.154,can0  204  [16]  9C 09 B1 FF 0F 95 1A DF 28 23 30 75 30 75 00 00
2026-07-26T17:05:54.918853,20.154,can0  070  [20]  C7 2C 4D 08 ED AE 62 03 F0 D2 00 00 05 00 00 00 0E 00 00 00
2026-07-26T17:05:54.924143,20.160,can0  206  [24]  7F 0C CC 06 6B 0C 99 C6 CE 06 3A 0C 71 0C 00 00 00 00 00 00 00 00 00 00
2026-07-26T17:05:54.924534,20.160,can0  204  [16]  9C 09 B1 FF 0F 95 1A DF 28 23 30 75 30 75 00 00
2026-07-26T17:05:54.924791,20.160,can0  060  [32]  00 00 00 00 00 00 00 00 00 00 00 00 00 00 00 00 00 00 00 00 00 00 00 00 00 00 00 00 00 00 00 00
2026-07-26T17:05:55.017717,20.253,can0  041  [04]  15 00 20 00
2026-07-26T17:05:55.017999,20.253,can0  204  [16]  9C 09 B1 FF 0F 95 1A DF 28 23 30 75 30 75 00 00
2026-07-26T17:05:55.018284,20.254,can0  204  [16]  9C 09 B1 FF 0F 95 1A DF 28 23 30 75 30 75 00 00
2026-07-26T17:05:55.120065,20.356,can0  206  [24]  7F 0C CB 06 6B 0C 99 C6 CE 06 3A 0C 71 0C 00 00 00 00 00 00 00 00 00 00
2026-07-26T17:05:55.120233,20.356,can0  040  [04]  58 01 1F 00
2026-07-26T17:05:55.120401,20.356,can0  204  [16]  9C 09 B1 FF 0F 95 1A DF 28 23 30 75 30 75 00 00
2026-07-26T17:05:55.120520,20.356,can0  040  [04]  58 01 1F 00
2026-07-26T17:05:55.120637,20.356,can0  100  [03]  EA 71 04
2026-07-26T17:05:55.217478,20.453,can0  110  [02]  1B 1B
2026-07-26T17:05:55.217639,20.453,can0  120  [04]  0D 19 00 00
2026-07-26T17:05:55.220023,20.455,can0  204  [16]  9C 09 B1 FF 0F 95 1A DF 28 23 30 75 30 75 00 00
2026-07-26T17:05:55.220098,20.456,can0  070  [20]  C7 2C 4D 08 ED AE 62 03 D8 D6 00 00 05 00 00 00 1C 00 00 00
2026-07-26T17:05:55.220130,20.456,can0  070  [20]  C7 2C 4D 08 ED AE 62 03 D8 D6 00 00 05 00 00 00 1C 00 00 00
2026-07-26T17:05:55.220151,20.456,can0  206  [24]  7A 0C C7 06 6B 0C 99 C6 CD 06 3A 0C 76 0C 00 00 00 00 00 00 00 00 00 00
2026-07-26T17:05:55.220392,20.456,can0  204  [16]  9C 09 B1 FF 0F 95 1A DF 28 23 30 75 30 75 00 00
2026-07-26T17:05:55.220586,20.456,can0  041  [04]  1D 00 24 00
2026-07-26T17:05:55.318367,20.554,can0  204  [16]  9C 09 B1 FF 0F 95 1A DF 28 23 30 75 30 75 00 00
2026-07-26T17:05:55.318870,20.554,can0  070  [20]  C7 2C 4D 08 ED AE 62 03 D8 D6 00 00 05 00 00 00 1C 00 00 00
2026-07-26T17:05:55.323549,20.559,can0  040  [04]  55 01 1E 00
2026-07-26T17:05:55.323601,20.559,can0  204  [16]  9C 09 B1 FF 0F 95 1A DF 28 23 30 75 30 75 00 00
2026-07-26T17:05:55.419928,20.655,can0  206  [24]  7A 0C C7 06 6B 0C 99 C6 CE 06 3A 0C 76 0C 00 00 00 00 00 00 00 00 00 00
2026-07-26T17:05:55.420141,20.656,can0  204  [16]  9C 09 B1 FF 0F 95 1A DF 28 23 30 75 30 75 00 00
2026-07-26T17:05:55.420284,20.656,can0  040  [04]  55 01 1E 00
2026-07-26T17:05:55.517858,20.753,can0  060  [32]  00 00 00 00 00 00 00 00 00 00 00 00 00 00 00 00 00 00 00 00 00 00 00 00 00 00 00 00 00 00 00 00
2026-07-26T17:05:55.518085,20.754,can0  204  [16]  9C 09 B1 FF 0F 95 1A DF 28 23 30 75 30 75 00 00
2026-07-26T17:05:55.518212,20.754,can0  060  [32]  00 00 00 00 C7 2C 4D 08 42 04 B8 10 00 00 10 0E FF 01 00 00 00 00 00 00 01 00 00 00 00 00 00 00
2026-07-26T17:05:55.518583,20.754,can0  041  [04]  1E 00 25 00
2026-07-26T17:05:55.518807,20.754,can0  204  [16]  9C 09 B1 FF 0F 95 1A DF 28 23 30 75 30 75 00 00
2026-07-26T17:05:55.524511,20.760,can0  206  [24]  7A 0C C7 06 66 0C 99 C6 D0 06 3A 0C 76 0C 00 00 00 00 00 00 00 00 00 00
2026-07-26T17:05:55.618009,20.853,can0  204  [16]  9C 09 B1 FF 0F 95 1A DF 28 23 30 75 30 75 00 00
2026-07-26T17:05:55.618179,20.854,can0  040  [04]  67 01 19 00
2026-07-26T17:05:55.618355,20.854,can0  204  [16]  9C 09 B1 FF 0F 95 1A DF 28 23 30 75 30 75 00 00
2026-07-26T17:05:55.732449,20.968,can0  040  [04]  67 01 19 00
2026-07-26T17:05:55.732529,20.968,can0  204  [16]  9C 09 B1 FF 0F 95 1A DF 28 23 30 75 30 75 00 00
2026-07-26T17:05:55.732567,20.968,can0  206  [24]  7A 0C C7 06 66 0C 99 C6 D0 06 3F 0C 76 0C 00 00 00 00 00 00 00 00 00 00
2026-07-26T17:05:55.732602,20.968,can0  204  [16]  9C 09 B1 FF 0F 95 1A DF 28 23 30 75 30 75 00 00
2026-07-26T17:05:55.845856,21.081,can0  041  [04]  20 00 26 00
2026-07-26T17:05:55.846040,21.082,can0  070  [20]  C7 2C 4D 08 ED AE 62 03 D8 D6 00 00 05 00 00 00 1C 00 00 00
2026-07-26T17:05:55.846280,21.082,can0  204  [16]  9C 09 B1 FF 0F 95 1A DF 28 23 30 75 30 75 00 00
2026-07-26T17:05:55.944953,21.180,can0  204  [16]  9C 09 B1 FF 0F 95 1A DF 28 23 30 75 30 75 00 00
2026-07-26T17:05:55.945118,21.181,can0  040  [04]  02 00 18 00
2026-07-26T17:05:55.947043,21.183,can0  206  [24]  75 0C C7 06 66 0C 99 C6 D2 06 44 0C 7B 0C 00 00 00 00 00 00 00 00 00 00
2026-07-26T17:05:55.947240,21.183,can0  070  [20]  C7 2C 4D 08 ED AE 62 03 D8 D6 00 00 05 00 00 00 1C 00 00 00
2026-07-26T17:05:55.947370,21.183,can0  204  [16]  9C 09 B1 FF 0F 95 1A DF 28 23 30 75 30 75 00 00
2026-07-26T17:05:55.947484,21.183,can0  040  [04]  02 00 18 00
2026-07-26T17:05:56.019972,21.255,can0  060  [32]  00 00 00 00 00 00 00 00 00 00 00 00 00 00 00 00 00 00 00 00 00 00 00 00 00 00 00 00 00 00 00 00
2026-07-26T17:05:56.020167,21.256,can0  204  [16]  9C 09 B1 FF 0F 95 1A DF 28 23 30 75 30 75 00 00
2026-07-26T17:05:56.020580,21.256,can0  041  [04]  22 00 28 00
2026-07-26T17:05:56.020899,21.256,can0  204  [16]  9C 09 B1 FF 0F 95 1A DF 28 23 30 75 30 75 00 00
2026-07-26T17:05:56.022678,21.258,can0  206  [24]  7A 0C C7 06 66 0C 99 C6 D2 06 44 0C 76 0C 00 00 00 00 00 00 00 00 00 00
2026-07-26T17:05:56.168341,21.404,can0  204  [16]  9C 09 B1 FF 0F 95 1A DF 28 23 30 75 30 75 00 00
2026-07-26T17:05:56.168564,21.404,can0  040  [04]  02 00 1C 00
2026-07-26T17:05:56.168779,21.404,can0  204  [16]  9C 09 B1 FF 0F 95 1A DF 28 23 30 75 30 75 00 00
2026-07-26T17:05:56.268318,21.504,can0  070  [20]  C7 2C 4D 08 EF AE 62 03 C0 DA 00 00 05 00 00 00 23 00 00 00
2026-07-26T17:05:56.268561,21.504,can0  070  [20]  C7 2C 4D 08 EF AE 62 03 C0 DA 00 00 05 00 00 00 23 00 00 00
2026-07-26T17:05:56.268739,21.504,can0  040  [04]  02 00 1C 00
2026-07-26T17:05:56.275531,21.511,can0  206  [24]  7F 0C C1 06 66 0C 99 C6 D2 06 49 0C 71 0C 00 00 00 00 00 00 00 00 00 00
2026-07-26T17:05:56.275593,21.511,can0  204  [16]  9C 09 B1 FF 0F 95 1A DF 28 23 30 75 30 75 00 00
2026-07-26T17:05:56.367886,21.603,can0  204  [16]  9C 09 B1 FF 0F 95 1A DF 28 23 30 75 30 75 00 00
2026-07-26T17:05:56.368320,21.604,can0  070  [20]  C7 2C 4D 08 EF AE 62 03 C0 DA 00 00 05 00 00 00 23 00 00 00
2026-07-26T17:05:56.368529,21.604,can0  041  [04]  19 00 26 00
2026-07-26T17:05:56.368743,21.604,can0  204  [16]  9C 09 B1 FF 0F 95 1A DF 28 23 30 75 30 75 00 00
2026-07-26T17:05:56.374368,21.610,can0  100  [03]  E7 71 04
2026-07-26T17:05:56.374441,21.610,can0  120  [04]  19 19 00 00
2026-07-26T17:05:56.471717,21.707,can0  206  [24]  84 0C C1 06 61 0C 99 C6 D1 06 49 0C 71 0C 00 00 00 00 00 00 00 00 00 00
2026-07-26T17:05:56.471993,21.707,can0  204  [16]  9C 09 B1 FF 0F 95 1A DF 28 23 30 75 30 75 00 00
2026-07-26T17:05:56.472440,21.708,can0  040  [04]  0C 00 20 00
2026-07-26T17:05:56.472643,21.708,can0  204  [16]  9C 09 B1 FF 0F 95 1A DF 28 23 30 75 30 75 00 00
2026-07-26T17:05:56.568474,21.804,can0  060  [32]  00 00 00 00 C7 2C 4D 08 43 04 B8 10 00 00 10 0E FF 01 00 00 00 00 00 00 01 00 00 00 00 00 00 00
2026-07-26T17:05:56.568817,21.804,can0  040  [04]  0C 00 20 00
2026-07-26T17:05:56.569176,21.805,can0  204  [16]  9C 09 B1 FF 0F 95 1A DF 28 23 30 75 30 75 00 00
2026-07-26T17:05:56.573788,21.809,can0  206  [24]  7F 0C C0 06 5D 0C 99 C6 D2 06 4D 0C 76 0C 00 00 00 00 00 00 00 00 00 00
2026-07-26T17:05:56.623258,21.859,can0  041  [04]  1A 00 2B 00
2026-07-26T17:05:56.623545,21.859,can0  204  [16]  9C 09 B1 FF 0F 95 1A DF 28 23 30 75 30 75 00 00
2026-07-26T17:05:56.623769,21.859,can0  204  [16]  9C 09 B1 FF 0F 95 1A DF 28 23 30 75 30 75 00 00
2026-07-26T17:05:56.768404,22.004,can0  040  [04]  0B 00 29 00
2026-07-26T17:05:56.768640,22.004,can0  204  [16]  9C 09 B1 FF 0F 95 1A DF 28 23 30 75 30 75 00 00
2026-07-26T17:05:56.770585,22.006,can0  206  [24]  84 0C C0 06 5D 0C 99 C6 D1 06 48 0C 71 0C 00 00 00 00 00 00 00 00 00 00
2026-07-26T17:05:56.770834,22.006,can0  040  [04]  0B 00 29 00
2026-07-26T17:05:56.771086,22.007,can0  204  [16]  9C 09 B1 FF 0F 95 1A DF 28 23 30 75 30 75 00 00
2026-07-26T17:05:56.771317,22.007,can0  110  [02]  1A 1B
2026-07-26T17:05:56.868120,22.104,can0  070  [20]  C7 2C 4D 08 EF AE 62 03 C0 DA 00 00 05 00 00 00 23 00 00 00
2026-07-26T17:05:56.868300,22.104,can0  204  [16]  9C 09 B1 FF 0F 95 1A DF 28 23 30 75 30 75 00 00
2026-07-26T17:05:56.868484,22.104,can0  041  [04]  1C 00 2D 00
2026-07-26T17:05:56.868640,22.104,can0  204  [16]  9C 09 B1 FF 0F 95 1A DF 28 23 30 75 30 75 00 00
2026-07-26T17:05:56.969304,22.205,can0  206  [24]  7A 0C C0 06 5D 0C 99 C6 D1 06 52 0C 76 0C 00 00 00 00 00 00 00 00 00 00
2026-07-26T17:05:56.976850,22.212,can0  070  [20]  C7 2C 4D 08 EF AE 62 03 C0 DA 00 00 05 00 00 00 23 00 00 00
2026-07-26T17:05:56.977231,22.213,can0  204  [16]  9C 09 B1 FF 0F 95 1A DF 28 23 30 75 30 75 00 00
2026-07-26T17:05:56.981374,22.217,can0  040  [04]  08 00 27 00
2026-07-26T17:05:57.068776,22.304,can0  060  [32]  00 00 00 00 00 00 00 00 00 00 00 00 00 00 00 00 00 00 00 00 00 00 00 00 00 00 00 00 00 00 00 00
2026-07-26T17:05:57.068852,22.304,can0  204  [16]  9C 09 B1 FF 0F 95 1A DF 28 23 30 75 30 75 00 00
2026-07-26T17:05:57.071957,22.307,can0  040  [04]  08 00 27 00
2026-07-26T17:05:57.072048,22.308,can0  204  [16]  9C 09 B1 FF 0F 95 1A DF 28 23 30 75 30 75 00 00
2026-07-26T17:05:57.072094,22.308,can0  206  [24]  7F 0C C4 06 58 0C 99 C6 D4 06 4D 0C 76 0C 00 00 00 00 00 00 00 00 00 00
2026-07-26T17:05:57.167862,22.403,can0  204  [16]  9C 09 B1 FF 0F 95 1A DF 28 23 30 75 30 75 00 00
2026-07-26T17:05:57.168064,22.404,can0  041  [04]  1B 00 2B 00
2026-07-26T17:05:57.168253,22.404,can0  070  [20]  C9 2C 4D 08 EF AE 62 03 A8 DE 00 00 05 00 00 00 1F 00 00 00
2026-07-26T17:05:57.168459,22.404,can0  204  [16]  9C 09 B1 FF 0F 95 1A DF 28 23 30 75 30 75 00 00
2026-07-26T17:05:57.267497,22.503,can0  070  [20]  C9 2C 4D 08 EF AE 62 03 A8 DE 00 00 05 00 00 00 20 00 00 00
2026-07-26T17:05:57.267696,22.503,can0  204  [16]  9C 09 B1 FF 0F 95 1A DF 28 23 30 75 30 75 00 00
2026-07-26T17:05:57.270605,22.506,can0  206  [24]  7A 0C B9 06 5D 0C 99 C6 D5 06 57 0C 76 0C 00 00 00 00 00 00 00 00 00 00
2026-07-26T17:05:57.270760,22.506,can0  040  [04]  63 01 2A 00
2026-07-26T17:05:57.368167,22.604,can0  040  [04]  63 01 2A 00
2026-07-26T17:05:57.368356,22.604,can0  204  [16]  9C 09 B1 FF 0F 95 1A DF 28 23 30 75 30 75 00 00
2026-07-26T17:05:57.368767,22.604,can0  070  [20]  C9 2C 4D 08 EF AE 62 03 A8 DE 00 00 05 00 00 00 20 00 00 00
2026-07-26T17:05:57.368965,22.604,can0  204  [16]  9C 09 B1 FF 0F 95 1A DF 28 23 30 75 30 75 00 00
2026-07-26T17:05:57.467916,22.703,can0  041  [04]  1A 00 28 00
2026-07-26T17:05:57.469941,22.705,can0  206  [24]  7A 0C B9 06 66 0C 99 C6 D5 06 49 0C 76 0C 00 00 00 00 00 00 00 00 00 00
2026-07-26T17:05:57.470145,22.706,can0  204  [16]  9C 09 B1 FF 0F 95 1A DF 28 23 30 75 30 75 00 00
2026-07-26T17:05:57.470298,22.706,can0  204  [16]  9C 09 B1 FF 0F 95 1A DF 28 23 30 75 30 75 00 00
2026-07-26T17:05:57.567718,22.803,can0  060  [32]  00 00 00 00 00 00 00 00 00 00 00 00 00 00 00 00 00 00 00 00 00 00 00 00 00 00 00 00 00 00 00 00
2026-07-26T17:05:57.567870,22.803,can0  040  [04]  5F 01 26 00
2026-07-26T17:05:57.568023,22.803,can0  204  [16]  9C 09 B1 FF 0F 95 1A DF 28 23 30 75 30 75 00 00
2026-07-26T17:05:57.568130,22.804,can0  060  [32]  00 00 00 00 C9 2C 4D 08 43 04 B8 10 00 00 10 0E FF 01 00 00 00 00 00 00 01 00 00 00 00 00 00 00
2026-07-26T17:05:57.568415,22.804,can0  040  [04]  5F 01 26 00
2026-07-26T17:05:57.570363,22.806,can0  206  [24]  75 0C BB 06 6B 0C 99 C6 D4 06 44 0C 7B 0C 00 00 00 00 00 00 00 00 00 00
2026-07-26T17:05:57.570507,22.806,can0  100  [03]  E2 71 04
2026-07-26T17:05:57.570619,22.806,can0  120  [04]  20 19 00 00
2026-07-26T17:05:57.667550,22.903,can0  204  [16]  9C 09 B1 FF 0F 95 1A DF 28 23 30 75 30 75 00 00
2026-07-26T17:05:57.667696,22.903,can0  204  [16]  9C 09 B1 FF 0F 95 1A DF 28 23 30 75 30 75 00 00
2026-07-26T17:05:57.667833,22.903,can0  041  [04]  14 00 25 00
2026-07-26T17:05:57.772911,23.008,can0  204  [16]  9C 09 B1 FF 0F 95 1A DF 28 23 30 75 30 75 00 00
2026-07-26T17:05:57.775753,23.011,can0  206  [24]  75 0C B7 06 71 0C 99 C6 D4 06 3A 0C 7B 0C 00 00 00 00 00 00 00 00 00 00
2026-07-26T17:05:57.775997,23.011,can0  204  [16]  9C 09 B1 FF 0F 95 1A DF 28 23 30 75 30 75 00 00
2026-07-26T17:05:57.776189,23.012,can0  040  [04]  59 01 20 00
2026-07-26T17:05:57.830158,23.066,can0  070  [20]  C9 2C 4D 08 EF AE 62 03 A8 DE 00 00 05 00 00 00 20 00 00 00
2026-07-26T17:05:57.830287,23.066,can0  040  [04]  59 01 20 00
2026-07-26T17:05:57.830446,23.066,can0  204  [16]  9C 09 B1 FF 0F 95 1A DF 28 23 30 75 30 75 00 00
2026-07-26T17:05:57.830579,23.066,can0  204  [16]  9C 09 B1 FF 0F 95 1A DF 28 23 30 75 30 75 00 00
2026-07-26T17:05:57.970040,23.206,can0  206  [24]  75 0C B7 06 6B 0C 99 C6 D2 06 44 0C 7B 0C 00 00 00 00 00 00 00 00 00 00
2026-07-26T17:05:57.970206,23.206,can0  041  [04]  18 00 27 00
2026-07-26T17:05:57.970396,23.206,can0  070  [20]  C9 2C 4D 08 EF AE 62 03 A8 DE 00 00 05 00 00 00 20 00 00 00
2026-07-26T17:05:57.970543,23.206,can0  204  [16]  9C 09 B1 FF 0F 95 1A DF 28 23 30 75 30 75 00 00
2026-07-26T17:05:58.068094,23.304,can0  204  [16]  9C 09 B1 FF 0F 95 1A DF 28 23 30 75 30 75 00 00
2026-07-26T17:05:58.068298,23.304,can0  060  [32]  00 00 00 00 00 00 00 00 00 00 00 00 00 00 00 00 00 00 00 00 00 00 00 00 00 00 00 00 00 00 00 00
2026-07-26T17:05:58.068509,23.304,can0  040  [04]  59 01 1A 00
2026-07-26T17:05:58.068712,23.304,can0  204  [16]  9C 09 B1 FF 0F 95 1A DF 28 23 30 75 30 75 00 00
2026-07-26T17:05:58.070533,23.306,can0  206  [24]  7A 0C C0 06 6B 0C 99 C6 D1 06 3A 0C 76 0C 00 00 00 00 00 00 00 00 00 00
2026-07-26T17:05:58.168311,23.404,can0  040  [04]  59 01 1A 00
2026-07-26T17:05:58.168534,23.404,can0  204  [16]  9C 09 B1 FF 0F 95 1A DF 28 23 30 75 30 75 00 00
2026-07-26T17:05:58.168743,23.404,can0  204  [16]  9C 09 B1 FF 0F 95 1A DF 28 23 30 75 30 75 00 00
2026-07-26T17:05:58.168937,23.404,can0  041  [04]  18 00 2C 00
2026-07-26T17:05:58.268233,23.504,can0  070  [20]  C9 2C 4D 08 EF AE 62 03 90 E2 00 00 05 00 00 00 0B 00 00 00
2026-07-26T17:05:58.268684,23.504,can0  070  [20]  C9 2C 4D 08 EF AE 62 03 90 E2 00 00 05 00 00 00 0B 00 00 00
2026-07-26T17:05:58.268715,23.504,can0  204  [16]  9C 09 B1 FF 0F 95 1A DF 28 23 30 75 30 75 00 00
2026-07-26T17:05:58.270593,23.506,can0  206  [24]  7A 0C C1 06 6B 0C 99 C6 CF 06 3A 0C 76 0C 00 00 00 00 00 00 00 00 00 00
2026-07-26T17:05:58.270818,23.506,can0  204  [16]  9C 09 B1 FF 0F 95 1A DF 28 23 30 75 30 75 00 00
2026-07-26T17:05:58.368115,23.604,can0  070  [20]  C9 2C 4D 08 EF AE 62 03 90 E2 00 00 05 00 00 00 0B 00 00 00
2026-07-26T17:05:58.368312,23.604,can0  040  [04]  5A 01 18 00
2026-07-26T17:05:58.368521,23.604,can0  204  [16]  9C 09 B1 FF 0F 95 1A DF 28 23 30 75 30 75 00 00
2026-07-26T17:05:58.368683,23.604,can0  040  [04]  5A 01 18 00
2026-07-26T17:05:58.368837,23.604,can0  110  [02]  1C 1B
2026-07-26T17:05:58.469329,23.705,can0  206  [24]  75 0C C0 06 6B 0C 99 C6 D0 06 3A 0C 7B 0C 00 00 00 00 00 00 00 00 00 00
2026-07-26T17:05:58.469569,23.705,can0  204  [16]  9C 09 B1 FF 0F 95 1A DF 28 23 30 75 30 75 00 00
2026-07-26T17:05:58.469749,23.705,can0  041  [04]  19 00 2F 00
2026-07-26T17:05:58.469947,23.705,can0  204  [16]  9C 09 B1 FF 0F 95 1A DF 28 23 30 75 30 75 00 00
2026-07-26T17:05:58.568555,23.804,can0  204  [16]  9C 09 B1 FF 0F 95 1A DF 28 23 30 75 30 75 00 00
2026-07-26T17:05:58.568701,23.804,can0  060  [32]  00 00 00 00 C9 2C 4D 08 43 04 B8 10 00 00 10 0E FF 01 00 00 00 00 00 00 01 00 00 00 00 00 00 00
2026-07-26T17:05:58.570809,23.806,can0  206  [24]  71 0C C6 06 6B 0C 99 C6 D0 06 3A 0C 7F 0C 00 00 00 00 00 00 00 00 00 00
2026-07-26T17:05:58.571031,23.806,can0  040  [04]  5D 01 18 00
2026-07-26T17:05:58.571260,23.807,can0  204  [16]  9C 09 B1 FF 0F 95 1A DF 28 23 30 75 30 75 00 00
2026-07-26T17:05:58.668328,23.904,can0  040  [04]  5D 01 18 00
2026-07-26T17:05:58.668613,23.904,can0  204  [16]  9C 09 B1 FF 0F 95 1A DF 28 23 30 75 30 75 00 00
2026-07-26T17:05:58.767772,24.003,can0  204  [16]  9C 09 B1 FF 0F 95 1A DF 28 23 30 75 30 75 00 00
2026-07-26T17:05:58.767920,24.003,can0  041  [04]  16 00 2F 00
2026-07-26T17:05:58.769960,24.005,can0  206  [24]  71 0C C5 06 71 0C 99 C6 CF 06 35 0C 7F 0C 00 00 00 00 00 00 00 00 00 00
2026-07-26T17:05:58.770215,24.006,can0  204  [16]  9C 09 B1 FF 0F 95 1A DF 28 23 30 75 30 75 00 00
2026-07-26T17:05:58.770346,24.006,can0  100  [03]  DA 71 04
2026-07-26T17:05:58.774612,24.010,can0  120  [04]  21 19 00 00
2026-07-26T17:05:58.868420,24.104,can0  070  [20]  C9 2C 4D 08 EF AE 62 03 90 E2 00 00 05 00 00 00 0B 00 00 00
2026-07-26T17:05:58.868637,24.104,can0  204  [16]  9C 09 B1 FF 0F 95 1A DF 28 23 30 75 30 75 00 00
2026-07-26T17:05:58.868994,24.104,can0  040  [04]  67 01 15 00
2026-07-26T17:05:58.869268,24.105,can0  204  [16]  9C 09 B1 FF 0F 95 1A DF 28 23 30 75 30 75 00 00
2026-07-26T17:05:58.869475,24.105,can0  040  [04]  67 01 15 00
2026-07-26T17:05:58.969515,24.205,can0  206  [24]  71 0C C6 06 76 0C 99 C6 D0 06 30 0C 7F 0C 00 00 00 00 00 00 00 00 00 00
2026-07-26T17:05:58.969748,24.205,can0  070  [20]  C9 2C 4D 08 EF AE 62 03 90 E2 00 00 05 00 00 00 0B 00 00 00
2026-07-26T17:05:58.969938,24.205,can0  204  [16]  9C 09 B1 FF 0F 95 1A DF 28 23 30 75 30 75 00 00
2026-07-26T17:05:58.970115,24.206,can0  041  [04]  17 00 26 00
2026-07-26T17:05:58.970303,24.206,can0  204  [16]  9C 09 B1 FF 0F 95 1A DF 28 23 30 75 30 75 00 00
2026-07-26T17:05:59.067674,24.303,can0  060  [32]  00 00 00 00 00 00 00 00 00 00 00 00 00 00 00 00 00 00 00 00 00 00 00 00 00 00 00 00 00 00 00 00
2026-07-26T17:05:59.067893,24.303,can0  204  [16]  9C 09 B1 FF 0F 95 1A DF 28 23 30 75 30 75 00 00
2026-07-26T17:05:59.069781,24.305,can0  206  [24]  6C 0C C7 06 7A 0C 99 C6 CF 06 30 0C 7F 0C 00 00 00 00 00 00 00 00 00 00
2026-07-26T17:05:59.167975,24.403,can0  040  [04]  64 01 1A 00
2026-07-26T17:05:59.168214,24.404,can0  204  [16]  9C 09 B1 FF 0F 95 1A DF 28 23 30 75 30 75 00 00
2026-07-26T17:05:59.168541,24.404,can0  040  [04]  64 01 1A 00
2026-07-26T17:05:59.168570,24.404,can0  204  [16]  9C 09 B1 FF 0F 95 1A DF 28 23 30 75 30 75 00 00
2026-07-26T17:05:59.168741,24.404,can0  070  [20]  C9 2C 4D 08 EF AE 62 03 78 E6 00 00 05 00 00 00 06 00 00 00
2026-07-26T17:05:59.268183,24.504,can0  070  [20]  C9 2C 4D 08 EF AE 62 03 78 E6 00 00 05 00 00 00 05 00 00 00
2026-07-26T17:05:59.268475,24.504,can0  204  [16]  9C 09 B1 FF 0F 95 1A DF 28 23 30 75 30 75 00 00
2026-07-26T17:05:59.271229,24.507,can0  206  [24]  71 0C C7 06 7A 0C 99 C6 CE 06 30 0C 7B 0C 00 00 00 00 00 00 00 00 00 00
2026-07-26T17:05:59.271422,24.507,can0  041  [04]  1A 00 21 00
2026-07-26T17:05:59.277219,24.513,can0  204  [16]  9C 09 B1 FF 0F 95 1A DF 28 23 30 75 30 75 00 00
2026-07-26T17:05:59.368043,24.604,can0  204  [16]  9C 09 B1 FF 0F 95 1A DF 28 23 30 75 30 75 00 00
2026-07-26T17:05:59.368202,24.604,can0  070  [20]  C9 2C 4D 08 EF AE 62 03 78 E6 00 00 05 00 00 00 05 00 00 00
2026-07-26T17:05:59.368352,24.604,can0  040  [04]  65 01 1F 00
2026-07-26T17:05:59.469158,24.705,can0  206  [24]  76 0C C7 06 7A 0C 99 C6 D0 06 2B 0C 76 0C 00 00 00 00 00 00 00 00 00 00
2026-07-26T17:05:59.469410,24.705,can0  204  [16]  9C 09 B1 FF 0F 95 1A DF 28 23 30 75 30 75 00 00
2026-07-26T17:05:59.469588,24.705,can0  040  [04]  65 01 1F 00
2026-07-26T17:05:59.470604,24.706,can0  204  [16]  9C 09 B1 FF 0F 95 1A DF 28 23 30 75 30 75 00 00
2026-07-26T17:05:59.567746,24.803,can0  204  [16]  9C 09 B1 FF 0F 95 1A DF 28 23 30 75 30 75 00 00
2026-07-26T17:05:59.567935,24.803,can0  041  [04]  1E 00 1D 00
2026-07-26T17:05:59.568227,24.804,can0  060  [32]  00 00 00 00 00 00 00 00 00 00 00 00 00 00 00 00 00 00 00 00 00 00 00 00 00 00 00 00 00 00 00 00
2026-07-26T17:05:59.568258,24.804,can0  060  [32]  00 00 00 00 C9 2C 4D 08 43 04 B8 10 00 00 10 0E FF 01 00 00 00 00 00 00 01 00 00 00 00 00 00 00
2026-07-26T17:05:59.570340,24.806,can0  206  [24]  75 0C C6 06 7A 0C 99 C6 C1 06 30 0C 71 0C 00 00 00 00 00 00 00 00 00 00
2026-07-26T17:05:59.571380,24.807,can0  204  [16]  9C 09 B1 FF 0F 95 1A DF 28 23 30 75 30 75 00 00
2026-07-26T17:05:59.667474,24.903,can0  040  [04]  67 01 23 00
2026-07-26T17:05:59.667681,24.903,can0  204  [16]  9C 09 B1 FF 0F 95 1A DF 28 23 30 75 30 75 00 00
2026-07-26T17:05:59.667865,24.903,can0  204  [16]  9C 09 B1 FF 0F 95 1A DF 28 23 30 75 30 75 00 00
2026-07-26T17:05:59.767411,25.003,can0  040  [04]  67 01 23 00
2026-07-26T17:05:59.769354,25.005,can0  206  [24]  71 0C C5 06 7F 0C 99 C6 C0 06 30 0C 71 0C 00 00 00 00 00 00 00 00 00 00
2026-07-26T17:05:59.769585,25.005,can0  204  [16]  9C 09 B1 FF 0F 95 1A DF 28 23 30 75 30 75 00 00
2026-07-26T17:05:59.769776,25.005,can0  041  [04]  1E 00 1D 00
2026-07-26T17:05:59.868367,25.104,can0  204  [16]  9C 09 B1 FF 0F 95 1A DF 28 23 30 75 30 75 00 00
2026-07-26T17:05:59.868882,25.104,can0  070  [20]  C9 2C 4D 08 EF AE 62 03 78 E6 00 00 05 00 00 00 05 00 00 00
2026-07-26T17:05:59.869139,25.105,can0  204  [16]  9C 09 B1 FF 0F 95 1A DF 28 23 30 75 30 75 00 00
2026-07-26T17:05:59.871001,25.106,can0  206  [24]  7B 0C C3 06 75 0C 99 C6 C0 06 30 0C 71 0C 00 00 00 00 00 00 00 00 00 00
2026-07-26T17:05:59.967614,25.203,can0  040  [04]  67 01 1F 00
2026-07-26T17:05:59.967829,25.203,can0  204  [16]  9C 09 B1 FF 0F 95 1A DF 28 23 30 75 30 75 00 00
2026-07-26T17:05:59.968009,25.203,can0  070  [20]  C9 2C 4D 08 EF AE 62 03 78 E6 00 00 05 00 00 00 05 00 00 00
2026-07-26T17:05:59.968309,25.204,can0  040  [04]  67 01 1F 00
2026-07-26T17:05:59.968348,25.204,can0  100  [03]  D4 71 04
2026-07-26T17:05:59.968435,25.204,can0  110  [02]  1C 1B
2026-07-26T17:05:59.968598,25.204,can0  204  [16]  9C 09 B1 FF 0F 95 1A DF 28 23 30 75 30 75 00 00
2026-07-26T17:05:59.968694,25.204,can0  120  [04]  1C 19 00 00
2026-07-26T17:06:00.067755,25.303,can0  204  [16]  9C 09 B1 FF 0F 95 1A DF 28 23 30 75 30 75 00 00
2026-07-26T17:06:00.067974,25.303,can0  041  [04]  20 00 1D 00
2026-07-26T17:06:00.068170,25.304,can0  060  [32]  00 00 00 00 00 00 00 00 00 00 00 00 00 00 00 00 00 00 00 00 00 00 00 00 00 00 00 00 00 00 00 00
2026-07-26T17:06:00.071150,25.307,can0  206  [24]  7B 0C C1 06 75 0C 99 C6 C0 06 30 0C 71 0C 00 00 00 00 00 00 00 00 00 00
2026-07-26T17:06:00.168160,25.404,can0  204  [16]  9C 09 B1 FF 0F 95 1A DF 28 23 30 75 30 75 00 00
2026-07-26T17:06:00.168214,25.404,can0  204  [16]  9C 09 B1 FF 0F 95 1A DF 28 23 30 75 30 75 00 00
2026-07-26T17:06:00.168581,25.404,can0  040  [04]  04 00 1E 00
2026-07-26T17:06:00.268480,25.504,can0  070  [20]  C9 2C 4D 08 EF AE 62 03 00 00 00 00 06 00 00 00 36 00 00 00
2026-07-26T17:06:00.268762,25.504,can0  204  [16]  9C 09 B1 FF 0F 95 1A DF 28 23 30 75 30 75 00 00
2026-07-26T17:06:00.268938,25.504,can0  040  [04]  04 00 1E 00
2026-07-26T17:06:00.270935,25.506,can0  206  [24]  7B 0C C3 06 70 0C 99 C6 BD 06 35 0C 71 0C 00 00 00 00 00 00 00 00 00 00
2026-07-26T17:06:00.275541,25.511,can0  132  [00]
2026-07-26T17:06:00.275586,25.511,can0  070  [20]  C9 2C 4D 08 EF AE 62 03 00 00 00 00 06 00 00 00 35 00 00 00
2026-07-26T17:06:00.275623,25.511,can0  204  [16]  9C 09 B1 FF 0F 95 1A DF 28 23 30 75 30 75 00 00
2026-07-26T17:06:00.275656,25.511,can0  070  [20]  C9 2C 4D 08 EF AE 62 03 00 00 00 00 06 00 00 00 35 00 00 00
2026-07-26T17:06:00.368861,25.604,can0  041  [04]  1E 00 20 00
2026-07-26T17:06:00.368946,25.604,can0  204  [16]  9C 09 B1 FF 0F 95 1A DF 28 23 30 75 30 75 00 00
2026-07-26T17:06:00.370966,25.606,can0  206  [24]  76 0C C5 06 70 0C 99 C6 CF 06 35 0C 76 0C 00 00 00 00 00 00 00 00 00 00
2026-07-26T17:06:00.371160,25.607,can0  204  [16]  9C 09 B1 FF 0F 95 1A DF 28 23 30 75 30 75 00 00
2026-07-26T17:06:00.467925,25.703,can0  040  [04]  01 00 27 00
2026-07-26T17:06:00.468158,25.704,can0  204  [16]  9C 09 B1 FF 0F 95 1A DF 28 23 30 75 30 75 00 00
2026-07-26T17:06:00.468353,25.704,can0  040  [04]  01 00 27 00
2026-07-26T17:06:00.573016,25.808,can0  204  [16]  9C 09 B1 FF 0F 95 1A DF 28 23 30 75 30 75 00 00
2026-07-26T17:06:00.575477,25.811,can0  206  [24]  7F 0C C6 06 66 0C 99 C6 CF 06 35 0C 76 0C 00 00 00 00 00 00 00 00 00 00
2026-07-26T17:06:00.575638,25.811,can0  060  [32]  00 00 00 00 C9 2C 4D 08 43 04 B8 10 00 00 10 0E FF 01 00 00 00 00 00 00 01 00 00 00 00 00 00 00
2026-07-26T17:06:00.576021,25.811,can0  204  [16]  9C 09 B1 FF 0F 95 1A DF 28 23 30 75 30 75 00 00
2026-07-26T17:06:00.576215,25.812,can0  041  [04]  20 00 22 00
2026-07-26T17:06:00.668135,25.904,can0  204  [16]  9C 09 B1 FF 0F 95 1A DF 28 23 30 75 30 75 00 00
2026-07-26T17:06:00.668377,25.904,can0  204  [16]  9C 09 B1 FF 0F 95 1A DF 28 23 30 75 30 75 00 00
2026-07-26T17:06:00.768309,26.004,can0  040  [04]  09 00 2E 00
2026-07-26T17:06:00.771424,26.007,can0  206  [24]  8A 0C C6 06 6B 0C 99 C6 CF 06 26 0C 6B 0C 00 00 00 00 00 00 00 00 00 00
2026-07-26T17:06:00.771467,26.007,can0  204  [16]  9C 09 B1 FF 0F 95 1A DF 28 23 30 75 30 75 00 00
2026-07-26T17:06:00.771584,26.007,can0  040  [04]  09 00 2E 00
2026-07-26T17:06:00.771776,26.007,can0  070  [20]  C9 2C 4D 08 EF AE 62 03 00 00 00 00 06 00 00 00 35 00 00 00
2026-07-26T17:06:00.868025,26.103,can0  204  [16]  9C 09 B1 FF 0F 95 1A DF 28 23 30 75 30 75 00 00
2026-07-26T17:06:00.868307,26.104,can0  041  [04]  21 00 1F 00
2026-07-26T17:06:00.868621,26.104,can0  204  [16]  9C 09 B1 FF 0F 95 1A DF 28 23 30 75 30 75 00 00
2026-07-26T17:06:00.870629,26.106,can0  206  [24]  84 0C C9 06 6B 0C 99 C6 CF 06 26 0C 71 0C 00 00 00 00 00 00 00 00 00 00
2026-07-26T17:06:00.927590,26.163,can0  070  [20]  C9 2C 4D 08 EF AE 62 03 00 00 00 00 06 00 00 00 35 00 00 00
2026-07-26T17:06:00.927928,26.163,can0  204  [16]  9C 09 B1 FF 0F 95 1A DF 28 23 30 75 30 75 00 00
2026-07-26T17:06:00.928228,26.164,can0  040  [04]  0A 00 32 00
2026-07-26T17:06:00.928530,26.164,can0  204  [16]  9C 09 B1 FF 0F 95 1A DF 28 23 30 75 30 75 00 00
2026-07-26T17:06:01.068010,26.303,can0  040  [04]  0A 00 32 00
2026-07-26T17:06:01.068225,26.304,can0  204  [16]  9C 09 B1 FF 0F 95 1A DF 28 23 30 75 30 75 00 00
2026-07-26T17:06:01.070162,26.306,can0  206  [24]  8A 0C C9 06 6B 0C 99 C6 D0 06 26 0C 6B 0C 00 00 00 00 00 00 00 00 00 00
2026-07-26T17:06:01.070373,26.306,can0  060  [32]  00 00 00 00 00 00 00 00 00 00 00 00 00 00 00 00 00 00 00 00 00 00 00 00 00 00 00 00 00 00 00 00
2026-07-26T17:06:01.070575,26.306,can0  204  [16]  9C 09 B1 FF 0F 95 1A DF 28 23 30 75 30 75 00 00
2026-07-26T17:06:01.167934,26.403,can0  041  [04]  23 00 1D 00
2026-07-26T17:06:01.168201,26.404,can0  204  [16]  9C 09 B1 FF 0F 95 1A DF 28 23 30 75 30 75 00 00
2026-07-26T17:06:01.168381,26.404,can0  100  [03]  CD 71 04
2026-07-26T17:06:01.168534,26.404,can0  120  [04]  26 19 00 00
2026-07-26T17:06:01.267984,26.503,can0  070  [20]  C9 2C 4D 08 EF AE 62 03 E8 03 00 00 06 00 00 00 34 00 00 00
2026-07-26T17:06:01.268212,26.504,can0  204  [16]  9C 09 B1 FF 0F 95 1A DF 28 23 30 75 30 75 00 00
2026-07-26T17:06:01.270257,26.506,can0  206  [24]  84 0C C8 06 6B 0C 99 C6 CB 06 2A 0C 71 0C 00 00 00 00 00 00 00 00 00 00
2026-07-26T17:06:01.270488,26.506,can0  070  [20]  C9 2C 4D 08 EF AE 62 03 E8 03 00 00 06 00 00 00 34 00 00 00
2026-07-26T17:06:01.270658,26.506,can0  040  [04]  0C 00 2C 00
2026-07-26T17:06:01.270850,26.506,can0  204  [16]  9C 09 B1 FF 0F 95 1A DF 28 23 30 75 30 75 00 00
2026-07-26T17:06:01.274632,26.510,can0  040  [04]  0C 00 2C 00
2026-07-26T17:06:01.367834,26.603,can0  070  [20]  C9 2C 4D 08 EF AE 62 03 E8 03 00 00 06 00 00 00 34 00 00 00
2026-07-26T17:06:01.368162,26.604,can0  204  [16]  9C 09 B1 FF 0F 95 1A DF 28 23 30 75 30 75 00 00
2026-07-26T17:06:01.370890,26.606,can0  206  [24]  85 0C C8 06 71 0C 99 C6 CB 06 2A 0C 6B 0C 00 00 00 00 00 00 00 00 00 00
2026-07-26T17:06:01.371251,26.607,can0  041  [04]  1A 00 1C 00
2026-07-26T17:06:01.371605,26.607,can0  204  [16]  9C 09 B1 FF 0F 95 1A DF 28 23 30 75 30 75 00 00
2026-07-26T17:06:01.468084,26.704,can0  204  [16]  9C 09 B1 FF 0F 95 1A DF 28 23 30 75 30 75 00 00
2026-07-26T17:06:01.568435,26.804,can0  204  [16]  9C 09 B1 FF 0F 95 1A DF 28 23 30 75 30 75 00 00
2026-07-26T17:06:01.568645,26.804,can0  040  [04]  0A 00 27 00
2026-07-26T17:06:01.571171,26.807,can0  206  [24]  7A 0C C9 06 6B 0C 99 C6 CB 06 3A 0C 76 0C 00 00 00 00 00 00 00 00 00 00
2026-07-26T17:06:01.571215,26.807,can0  060  [32]  00 00 00 00 00 00 00 00 00 00 00 00 00 00 00 00 00 00 00 00 00 00 00 00 00 00 00 00 00 00 00 00
2026-07-26T17:06:01.571251,26.807,can0  040  [04]  0A 00 27 00
2026-07-26T17:06:01.571284,26.807,can0  204  [16]  9C 09 B1 FF 0F 95 1A DF 28 23 30 75 30 75 00 00
2026-07-26T17:06:01.571328,26.807,can0  060  [32]  00 00 00 00 C9 2C 4D 08 43 04 B8 10 00 00 10 0E FF 01 00 00 00 00 00 00 01 00 00 00 00 00 00 00
2026-07-26T17:06:01.575709,26.811,can0  110  [02]  1C 1B
2026-07-26T17:06:01.667790,26.903,can0  204  [16]  9C 09 B1 FF 0F 95 1A DF 28 23 30 75 30 75 00 00
2026-07-26T17:06:01.667986,26.903,can0  041  [04]  13 00 1E 00
2026-07-26T17:06:01.668306,26.904,can0  204  [16]  9C 09 B1 FF 0F 95 1A DF 28 23 30 75 30 75 00 00
2026-07-26T17:06:01.769191,27.005,can0  206  [24]  7A 0C C5 06 6B 0C 99 C6 CB 06 3A 0C 76 0C 00 00 00 00 00 00 00 00 00 00
2026-07-26T17:06:01.769441,27.005,can0  204  [16]  9C 09 B1 FF 0F 95 1A DF 28 23 30 75 30 75 00 00
2026-07-26T17:06:01.769615,27.005,can0  040  [04]  08 00 23 00
2026-07-26T17:06:01.773804,27.009,can0  204  [16]  9C 09 B1 FF 0F 95 1A DF 28 23 30 75 30 75 00 00
2026-07-26T17:06:01.868067,27.104,can0  070  [20]  C9 2C 4D 08 EF AE 62 03 E8 03 00 00 06 00 00 00 34 00 00 00
2026-07-26T17:06:01.868259,27.104,can0  040  [04]  08 00 23 00
2026-07-26T17:06:01.868483,27.104,can0  204  [16]  9C 09 B1 FF 0F 95 1A DF 28 23 30 75 30 75 00 00
2026-07-26T17:06:01.877574,27.113,can0  206  [24]  76 0C C7 06 70 0C 99 C6 C9 06 3A 0C 76 0C 00 00 00 00 00 00 00 00 00 00
2026-07-26T17:06:01.967984,27.203,can0  204  [16]  9C 09 B1 FF 0F 95 1A DF 28 23 30 75 30 75 00 00
2026-07-26T17:06:01.968588,27.204,can0  070  [20]  C9 2C 4D 08 EF AE 62 03 E8 03 00 00 06 00 00 00 34 00 00 00
2026-07-26T17:06:01.968850,27.204,can0  041  [04]  15 00 20 00
2026-07-26T17:06:01.969116,27.205,can0  204  [16]  9C 09 B1 FF 0F 95 1A DF 28 23 30 75 30 75 00 00
2026-07-26T17:06:02.067676,27.303,can0  204  [16]  9C 09 B1 FF 0F 95 1A DF 28 23 30 75 30 75 00 00
2026-07-26T17:06:02.067824,27.303,can0  040  [04]  03 00 20 00
2026-07-26T17:06:02.069910,27.305,can0  206  [24]  71 0C C8 06 70 0C 99 C6 CB 06 3A 0C 7B 0C 00 00 00 00 00 00 00 00 00 00
2026-07-26T17:06:02.070068,27.306,can0  060  [32]  00 00 00 00 00 00 00 00 00 00 00 00 00 00 00 00 00 00 00 00 00 00 00 00 00 00 00 00 00 00 00 00
2026-07-26T17:06:02.070203,27.306,can0  040  [04]  03 00 20 00
2026-07-26T17:06:02.070358,27.306,can0  204  [16]  9C 09 B1 FF 0F 95 1A DF 28 23 30 75 30 75 00 00
2026-07-26T17:06:02.167904,27.403,can0  204  [16]  9C 09 B1 FF 0F 95 1A DF 28 23 30 75 30 75 00 00
2026-07-26T17:06:02.168060,27.404,can0  041  [04]  15 00 1F 00
2026-07-26T17:06:02.267526,27.503,can0  070  [20]  C7 2C 4D 08 EF AE 62 03 D0 07 00 00 06 00 00 00 3B 00 00 00
2026-07-26T17:06:02.267714,27.503,can0  204  [16]  9C 09 B1 FF 0F 95 1A DF 28 23 30 75 30 75 00 00
2026-07-26T17:06:02.269851,27.505,can0  206  [24]  75 0C C8 06 71 0C 99 C6 CC 06 3A 0C 7B 0C 00 00 00 00 00 00 00 00 00 00
2026-07-26T17:06:02.270035,27.506,can0  070  [20]  C7 2C 4D 08 EF AE 62 03 D0 07 00 00 06 00 00 00 3C 00 00 00
2026-07-26T17:06:02.270243,27.506,can0  204  [16]  9C 09 B1 FF 0F 95 1A DF 28 23 30 75 30 75 00 00
2026-07-26T17:06:02.270430,27.506,can0  070  [20]  C7 2C 4D 08 EF AE 62 03 D0 07 00 00 06 00 00 00 3C 00 00 00
2026-07-26T17:06:02.270598,27.506,can0  040  [04]  01 00 1F 00
2026-07-26T17:06:02.368116,27.604,can0  204  [16]  9C 09 B1 FF 0F 95 1A DF 28 23 30 75 30 75 00 00
2026-07-26T17:06:02.368252,27.604,can0  040  [04]  01 00 1F 00
2026-07-26T17:06:02.370449,27.606,can0  206  [24]  75 0C C8 06 6B 0C 99 C6 CE 06 3F 0C 7B 0C 00 00 00 00 00 00 00 00 00 00
2026-07-26T17:06:02.370635,27.606,can0  204  [16]  9C 09 B1 FF 0F 95 1A DF 28 23 30 75 30 75 00 00
2026-07-26T17:06:02.370766,27.606,can0  100  [03]  C9 71 04
2026-07-26T17:06:02.370882,27.606,can0  120  [04]  21 19 00 00
2026-07-26T17:06:02.468037,27.704,can0  204  [16]  9C 09 B1 FF 0F 95 1A DF 28 23 30 75 30 75 00 00
2026-07-26T17:06:02.468192,27.704,can0  041  [04]  17 00 1F 00
2026-07-26T17:06:02.472836,27.708,can0  204  [16]  9C 09 B1 FF 0F 95 1A DF 28 23 30 75 30 75 00 00
2026-07-26T17:06:02.570694,27.806,can0  206  [24]  75 0C C8 06 6B 0C 99 C6 CD 06 44 0C 7B 0C 00 00 00 00 00 00 00 00 00 00
2026-07-26T17:06:02.570867,27.806,can0  040  [04]  67 01 23 00
2026-07-26T17:06:02.571072,27.807,can0  204  [16]  9C 09 B1 FF 0F 95 1A DF 28 23 30 75 30 75 00 00
2026-07-26T17:06:02.668464,27.904,can0  060  [32]  00 00 00 00 C7 2C 4D 08 43 04 B8 10 00 00 10 0E FF 01 00 00 00 00 00 00 01 00 00 00 00 00 00 00
2026-07-26T17:06:02.669671,27.905,can0  204  [16]  9C 09 B1 FF 0F 95 1A DF 28 23 30 75 30 75 00 00
2026-07-26T17:06:02.669844,27.905,can0  040  [04]  67 01 23 00
2026-07-26T17:06:02.674341,27.910,can0  204  [16]  9C 09 B1 FF 0F 95 1A DF 28 23 30 75 30 75 00 00
2026-07-26T17:06:02.770809,28.006,can0  206  [24]  71 0C C6 06 6B 0C 99 C6 D0 06 3F 0C 7F 0C 00 00 00 00 00 00 00 00 00 00
2026-07-26T17:06:02.771066,28.007,can0  041  [04]  0E 00 1F 00
2026-07-26T17:06:02.771315,28.007,can0  204  [16]  9C 09 B1 FF 0F 95 1A DF 28 23 30 75 30 75 00 00
2026-07-26T17:06:02.771534,28.007,can0  204  [16]  9C 09 B1 FF 0F 95 1A DF 28 23 30 75 30 75 00 00
2026-07-26T17:06:02.775399,28.011,can0  070  [20]  C7 2C 4D 08 EF AE 62 03 D0 07 00 00 06 00 00 00 3C 00 00 00
2026-07-26T17:06:02.868343,28.104,can0  040  [04]  67 01 26 00
2026-07-26T17:06:02.868607,28.104,can0  204  [16]  9C 09 B1 FF 0F 95 1A DF 28 23 30 75 30 75 00 00
2026-07-26T17:06:02.871491,28.107,can0  206  [24]  7A 0C C6 06 6B 0C 99 C6 CF 06 3F 0C 76 0C 00 00 00 00 00 00 00 00 00 00
2026-07-26T17:06:02.871752,28.107,can0  040  [04]  67 01 26 00
2026-07-26T17:06:02.968401,28.204,can0  204  [16]  9C 09 B1 FF 0F 95 1A DF 28 23 30 75 30 75 00 00
2026-07-26T17:06:02.968821,28.204,can0  070  [20]  C7 2C 4D 08 EF AE 62 03 D0 07 00 00 06 00 00 00 3C 00 00 00
2026-07-26T17:06:02.969017,28.204,can0  204  [16]  9C 09 B1 FF 0F 95 1A DF 28 23 30 75 30 75 00 00
2026-07-26T17:06:02.969179,28.205,can0  041  [04]  02 00 1F 00
2026-07-26T17:06:03.067610,28.303,can0  204  [16]  9C 09 B1 FF 0F 95 1A DF 28 23 30 75 30 75 00 00
2026-07-26T17:06:03.069765,28.305,can0  206  [24]  85 0C C7 06 6B 0C 99 C6 CF 06 3A 0C 6B 0C 00 00 00 00 00 00 00 00 00 00
2026-07-26T17:06:03.069941,28.305,can0  204  [16]  9C 09 B1 FF 0F 95 1A DF 28 23 30 75 30 75 00 00
2026-07-26T17:06:03.167594,28.403,can0  060  [32]  00 00 00 00 00 00 00 00 00 00 00 00 00 00 00 00 00 00 00 00 00 00 00 00 00 00 00 00 00 00 00 00
2026-07-26T17:06:03.167758,28.403,can0  040  [04]  01 00 23 00
2026-07-26T17:06:03.167918,28.403,can0  204  [16]  9C 09 B1 FF 0F 95 1A DF 28 23 30 75 30 75 00 00
2026-07-26T17:06:03.168019,28.403,can0  130  [00]
2026-07-26T17:06:03.168162,28.404,can0  040  [04]  01 00 23 00
2026-07-26T17:06:03.168279,28.404,can0  070  [20]  C7 2C 4D 08 ED AE 62 03 B8 0B 00 00 06 00 00 00 16 00 00 00
2026-07-26T17:06:03.168389,28.404,can0  110  [02]  1A 1B
2026-07-26T17:06:03.168531,28.404,can0  204  [16]  9C 09 B1 FF 0F 95 1A DF 28 23 30 75 30 75 00 00
2026-07-26T17:06:03.270010,28.505,can0  206  [24]  85 0C C7 06 6B 0C 99 C6 CD 06 3A 0C 6B 0C 00 00 00 00 00 00 00 00 00 00
2026-07-26T17:06:03.270197,28.506,can0  070  [20]  C7 2C 4D 08 ED AE 62 03 B8 0B 00 00 06 00 00 00 16 00 00 00
2026-07-26T17:06:03.270334,28.506,can0  041  [04]  62 01 19 00
2026-07-26T17:06:03.270492,28.506,can0  204  [16]  9C 09 B1 FF 0F 95 1A DF 28 23 30 75 30 75 00 00
2026-07-26T17:06:03.270597,28.506,can0  131  [00]
2026-07-26T17:06:03.270701,28.506,can0  060  [32]  C0 8C B3 0E 36 E2 4D 08 71 FF 62 03 AF 00 D8 0A 16 01 80 00 00 00 00 00 01 00 00 00 00 00 00 00
2026-07-26T17:06:03.367907,28.603,can0  204  [16]  9C 09 B1 FF 0F 95 1A DF 28 23 30 75 30 75 00 00
2026-07-26T17:06:03.368139,28.604,can0  070  [20]  C7 2C 4D 08 ED AE 62 03 B8 0B 00 00 06 00 00 00 16 00 00 00
2026-07-26T17:06:03.368334,28.604,can0  040  [04]  65 01 1F 00
2026-07-26T17:06:03.370371,28.606,can0  206  [24]  85 0C C8 06 6B 0C 99 C6 CE 06 3A 0C 6B 0C 00 00 00 00 00 00 00 00 00 00
2026-07-26T17:06:03.370547,28.606,can0  204  [16]  9C 09 B1 FF 0F 95 1A DF 28 23 30 75 30 75 00 00
2026-07-26T17:06:03.475109,28.711,can0  040  [04]  65 01 1F 00
2026-07-26T17:06:03.475371,28.711,can0  204  [16]  9C 09 B1 FF 0F 95 1A DF 28 23 30 75 30 75 00 00
2026-07-26T17:06:03.475568,28.711,can0  204  [16]  9C 09 B1 FF 0F 95 1A DF 28 23 30 75 30 75 00 00
2026-07-26T17:06:03.568166,28.804,can0  041  [04]  0A 00 1F 00
2026-07-26T17:06:03.570741,28.806,can0  206  [24]  85 0C C8 06 6B 0C 99 C6 CD 06 3A 0C 6B 0C 00 00 00 00 00 00 00 00 00 00
2026-07-26T17:06:03.570987,28.806,can0  204  [16]  9C 09 B1 FF 0F 95 1A DF 28 23 30 75 30 75 00 00
2026-07-26T17:06:03.571179,28.807,can0  100  [03]  C2 71 04
2026-07-26T17:06:03.571338,28.807,can0  120  [04]  10 19 00 00
2026-07-26T17:06:03.668408,28.904,can0  204  [16]  9C 09 B1 FF 0F 95 1A DF 28 23 30 75 30 75 00 00
2026-07-26T17:06:03.668575,28.904,can0  040  [04]  65 01 1C 00
2026-07-26T17:06:03.668751,28.904,can0  204  [16]  9C 09 B1 FF 0F 95 1A DF 28 23 30 75 30 75 00 00
2026-07-26T17:06:03.668881,28.904,can0  040  [04]  65 01 1C 00
2026-07-26T17:06:03.770324,29.006,can0  206  [24]  85 0C C8 06 6B 0C 99 C6 CD 06 3A 0C 6B 0C 00 00 00 00 00 00 00 00 00 00
2026-07-26T17:06:03.770517,29.006,can0  204  [16]  9C 09 B1 FF 0F 95 1A DF 28 23 30 75 30 75 00 00
2026-07-26T17:06:03.770661,29.006,can0  041  [04]  15 00 24 00
2026-07-26T17:06:03.770820,29.006,can0  204  [16]  9C 09 B1 FF 0F 95 1A DF 28 23 30 75 30 75 00 00
2026-07-26T17:06:03.868271,29.104,can0  070  [20]  C7 2C 4D 08 ED AE 62 03 B8 0B 00 00 06 00 00 00 16 00 00 00
2026-07-26T17:06:03.869405,29.105,can0  204  [16]  9C 09 B1 FF 0F 95 1A DF 28 23 30 75 30 75 00 00
2026-07-26T17:06:03.871628,29.107,can0  206  [24]  7A 0C C5 06 71 0C 99 C6 CD 06 30 0C 76 0C 00 00 00 00 00 00 00 00 00 00
2026-07-26T17:06:03.871816,29.107,can0  060  [32]  00 00 00 00 C7 2C 4D 08 42 04 B8 10 00 00 10 0E FF 01 00 00 00 00 00 00 02 00 00 00 00 00 00 00
2026-07-26T17:06:03.871894,29.107,can0  060  [32]  21 53 11 00 4F 5C 4D 08 25 AC 62 03 02 00 3B 05 23 00 7C 00 00 00 00 01 02 00 00 00 00 00 00 00
2026-07-26T17:06:03.872207,29.108,can0  040  [04]  67 01 1B 00
2026-07-26T17:06:03.872334,29.108,can0  204  [16]  9C 09 B1 FF 0F 95 1A DF 28 23 30 75 30 75 00 00
2026-07-26T17:06:03.967750,29.203,can0  070  [20]  C7 2C 4D 08 ED AE 62 03 B8 0B 00 00 06 00 00 00 16 00 00 00
2026-07-26T17:06:03.968348,29.204,can0  204  [16]  9C 09 B1 FF 0F 95 1A DF 28 23 30 75 30 75 00 00
2026-07-26T17:06:03.968413,29.204,can0  040  [04]  67 01 1B 00
2026-07-26T17:06:04.068784,29.304,can0  204  [16]  9C 09 B1 FF 0F 95 1A DF 28 23 30 75 30 75 00 00
2026-07-26T17:06:04.070655,29.306,can0  206  [24]  7A 0C C5 06 71 0C C3 CC CF 06 35 0C 76 0C 00 00 00 00 00 00 00 00 00 00
2026-07-26T17:06:04.071146,29.307,can0  133  [00]
2026-07-26T17:06:04.071184,29.307,can0  041  [04]  20 00 28 00
2026-07-26T17:06:04.071218,29.307,can0  204  [16]  9C 09 B1 FF 0F 95 1A DF 28 23 30 75 30 75 00 00
2026-07-26T17:06:04.168121,29.404,can0  204  [16]  9C 09 B1 FF 0F 95 1A DF 28 23 30 75 30 75 00 00
2026-07-26T17:06:04.178065,29.414,can0  040  [04]  5A 01 16 00
2026-07-26T17:06:04.178186,29.414,can0  204  [16]  9C 09 B1 FF 0F 95 1A DF 28 23 30 75 30 75 00 00
2026-07-26T17:06:04.178255,29.414,can0  070  [20]  C7 2C 4D 08 ED AE 62 03 A0 0F 00 00 06 00 00 00 41 00 00 00
2026-07-26T17:06:04.270635,29.506,can0  206  [24]  7B 0C C4 06 6B 0C C3 CC D4 06 35 0C 7B 0C 00 00 00 00 00 00 00 00 00 00
2026-07-26T17:06:04.270991,29.506,can0  070  [20]  C7 2C 4D 08 ED AE 62 03 A0 0F 00 00 06 00 00 00 41 00 00 00
2026-07-26T17:06:04.271222,29.507,can0  040  [04]  5A 01 16 00
2026-07-26T17:06:04.271481,29.507,can0  204  [16]  9C 09 B1 FF 0F 95 1A DF 28 23 30 75 30 75 00 00
2026-07-26T17:06:04.277850,29.513,can0  070  [20]  C7 2C 4D 08 ED AE 62 03 A0 0F 00 00 06 00 00 00 41 00 00 00
2026-07-26T17:06:04.371435,29.607,can0  204  [16]  9C 09 B1 FF 0F 95 1A DF 28 23 30 75 30 75 00 00
2026-07-26T17:06:04.371684,29.607,can0  041  [04]  23 00 2C 00
2026-07-26T17:06:04.371893,29.607,can0  204  [16]  9C 09 B1 FF 0F 95 1A DF 28 23 30 75 30 75 00 00
2026-07-26T17:06:04.374740,29.610,can0  206  [24]  7F 0C C4 06 6B 0C C3 CC D5 06 30 0C 76 0C 00 00 00 00 00 00 00 00 00 00
2026-07-26T17:06:04.375049,29.611,can0  060  [32]  00 00 00 00 00 00 00 00 00 00 00 00 00 00 00 00 00 00 00 00 00 00 00 00 00 00 00 00 00 00 00 00
2026-07-26T17:06:04.475322,29.711,can0  204  [16]  9C 09 B1 FF 0F 95 1A DF 28 23 30 75 30 75 00 00
2026-07-26T17:06:04.475520,29.711,can0  040  [04]  5B 01 13 00
2026-07-26T17:06:04.475711,29.711,can0  204  [16]  9C 09 B1 FF 0F 95 1A DF 28 23 30 75 30 75 00 00
2026-07-26T17:06:04.482050,29.718,can0  040  [04]  5B 01 13 00
2026-07-26T17:06:04.569516,29.805,can0  206  [24]  7F 0C C3 06 71 0C C3 CC D4 06 2B 0C 76 0C 00 00 00 00 00 00 00 00 00 00
2026-07-26T17:06:04.569766,29.805,can0  204  [16]  9C 09 B1 FF 0F 95 1A DF 28 23 30 75 30 75 00 00
2026-07-26T17:06:04.569953,29.805,can0  041  [04]  23 00 29 00
2026-07-26T17:06:04.570172,29.806,can0  204  [16]  9C 09 B1 FF 0F 95 1A DF 28 23 30 75 30 75 00 00
2026-07-26T17:06:04.668208,29.904,can0  060  [32]  00 00 00 00 C7 2C 4D 08 42 04 B8 10 00 00 10 0E FF 01 00 00 00 00 00 00 01 00 00 00 00 00 00 00
2026-07-26T17:06:04.668695,29.904,can0  204  [16]  9C 09 B1 FF 0F 95 1A DF 28 23 30 75 30 75 00 00
2026-07-26T17:06:04.668855,29.904,can0  040  [04]  59 01 10 00
2026-07-26T17:06:04.670948,29.906,can0  206  [24]  7B 0C C6 06 71 0C C3 CC D4 06 2B 0C 7B 0C 00 00 00 00 00 00 00 00 00 00
2026-07-26T17:06:04.768548,30.004,can0  204  [16]  9C 09 B1 FF 0F 95 1A DF 28 23 30 75 30 75 00 00
2026-07-26T17:06:04.768709,30.004,can0  040  [04]  59 01 10 00
2026-07-26T17:06:04.768887,30.004,can0  204  [16]  9C 09 B1 FF 0F 95 1A DF 28 23 30 75 30 75 00 00
2026-07-26T17:06:04.769238,30.005,can0  100  [03]  BC 71 04
2026-07-26T17:06:04.769280,30.005,can0  110  [02]  1A 1B
2026-07-26T17:06:04.769343,30.005,can0  120  [04]  23 19 00 00
2026-07-26T17:06:04.769483,30.005,can0  070  [20]  C7 2C 4D 08 ED AE 62 03 A0 0F 00 00 06 00 00 00 41 00 00 00
2026-07-26T17:06:04.868508,30.104,can0  204  [16]  9C 09 B1 FF 0F 95 1A DF 28 23 30 75 30 75 00 00
2026-07-26T17:06:04.868727,30.104,can0  041  [04]  1F 00 26 00
2026-07-26T17:06:04.870778,30.106,can0  206  [24]  7B 0C C6 06 71 0C 99 C6 D1 06 30 0C 7B 0C 00 00 00 00 00 00 00 00 00 00
2026-07-26T17:06:04.871076,30.107,can0  204  [16]  9C 09 B1 FF 0F 95 1A DF 28 23 30 75 30 75 00 00
2026-07-26T17:06:04.977818,30.213,can0  070  [20]  C7 2C 4D 08 ED AE 62 03 A0 0F 00 00 06 00 00 00 41 00 00 00
2026-07-26T17:06:04.978181,30.214,can0  204  [16]  9C 09 B1 FF 0F 95 1A DF 28 23 30 75 30 75 00 00
2026-07-26T17:06:04.978213,30.214,can0  040  [04]  5F 01 11 00
2026-07-26T17:06:05.068134,30.304,can0  040  [04]  5F 01 11 00
2026-07-26T17:06:05.068424,30.304,can0  204  [16]  9C 09 B1 FF 0F 95 1A DF 28 23 30 75 30 75 00 00
2026-07-26T17:06:05.070557,30.306,can0  206  [24]  75 0C C7 06 76 0C 51 CD CD 06 35 0C 7B 0C 00 00 00 00 00 00 00 00 00 00
2026-07-26T17:06:05.070773,30.306,can0  204  [16]  9C 09 B1 FF 0F 95 1A DF 28 23 30 75 30 75 00 00
2026-07-26T17:06:05.168047,30.404,can0  041  [04]  20 00 28 00
2026-07-26T17:06:05.168258,30.404,can0  060  [32]  00 00 00 00 00 00 00 00 00 00 00 00 00 00 00 00 00 00 00 00 00 00 00 00 00 00 00 00 00 00 00 00
2026-07-26T17:06:05.168476,30.404,can0  204  [16]  9C 09 B1 FF 0F 95 1A DF 28 23 30 75 30 75 00 00
2026-07-26T17:06:05.169484,30.405,can0  204  [16]  9C 09 B1 FF 0F 95 1A DF 28 23 30 75 30 75 00 00
2026-07-26T17:06:05.171583,30.407,can0  206  [24]  7A 0C C7 06 76 0C 51 CD CE 06 35 0C 76 0C 00 00 00 00 00 00 00 00 00 00
2026-07-26T17:06:05.171977,30.407,can0  070  [20]  C7 2C 4D 08 ED AE 62 03 88 13 00 00 06 00 00 00 14 00 00 00
2026-07-26T17:06:05.268194,30.504,can0  040  [04]  67 01 17 00
2026-07-26T17:06:05.268511,30.504,can0  204  [16]  9C 09 B1 FF 0F 95 1A DF 28 23 30 75 30 75 00 00
2026-07-26T17:06:05.268714,30.504,can0  070  [20]  C7 2C 4D 08 ED AE 62 03 88 13 00 00 06 00 00 00 14 00 00 00
2026-07-26T17:06:05.268879,30.504,can0  040  [04]  67 01 17 00
2026-07-26T17:06:05.269078,30.505,can0  204  [16]  9C 09 B1 FF 0F 95 1A DF 28 23 30 75 30 75 00 00
2026-07-26T17:06:05.368213,30.604,can0  070  [20]  C7 2C 4D 08 ED AE 62 03 88 13 00 00 06 00 00 00 14 00 00 00
2026-07-26T17:06:05.368386,30.604,can0  204  [16]  9C 09 B1 FF 0F 95 1A DF 28 23 30 75 30 75 00 00
2026-07-26T17:06:05.370727,30.606,can0  206  [24]  71 0C C7 06 7A 0C 51 CD CE 06 3A 0C 76 0C 00 00 00 00 00 00 00 00 00 00
2026-07-26T17:06:05.370928,30.606,can0  041  [04]  1D 00 29 00
2026-07-26T17:06:05.468965,30.704,can0  204  [16]  9C 09 B1 FF 0F 95 1A DF 28 23 30 75 30 75 00 00
2026-07-26T17:06:05.469169,30.705,can0  204  [16]  9C 09 B1 FF 0F 95 1A DF 28 23 30 75 30 75 00 00
2026-07-26T17:06:05.469352,30.705,can0  040  [04]  67 01 1B 00
2026-07-26T17:06:05.569429,30.805,can0  206  [24]  76 0C C7 06 70 0C 51 CD CD 06 44 0C 76 0C 00 00 00 00 00 00 00 00 00 00
2026-07-26T17:06:05.569705,30.805,can0  204  [16]  9C 09 B1 FF 0F 95 1A DF 28 23 30 75 30 75 00 00
2026-07-26T17:06:05.569941,30.805,can0  040  [04]  67 01 1B 00
2026-07-26T17:06:05.570213,30.806,can0  204  [16]  9C 09 B1 FF 0F 95 1A DF 28 23 30 75 30 75 00 00
2026-07-26T17:06:05.668365,30.904,can0  060  [32]  00 00 00 00 C7 2C 4D 08 42 04 B8 10 00 00 10 0E FF 01 00 00 00 00 00 00 01 00 00 00 00 00 00 00
2026-07-26T17:06:05.668768,30.904,can0  041  [04]  25 00 2A 00
2026-07-26T17:06:05.669027,30.904,can0  204  [16]  9C 09 B1 FF 0F 95 1A DF 28 23 30 75 30 75 00 00
2026-07-26T17:06:05.672862,30.908,can0  206  [24]  76 0C C7 06 70 0C 51 CD CE 06 3F 0C 76 0C 00 00 00 00 00 00 00 00 00 00
2026-07-26T17:06:05.788677,31.024,can0  204  [16]  9C 09 B1 FF 0F 95 1A DF 28 23 30 75 30 75 00 00
2026-07-26T17:06:05.788750,31.024,can0  040  [04]  63 01 22 00
2026-07-26T17:06:05.788788,31.024,can0  204  [16]  9C 09 B1 FF 0F 95 1A DF 28 23 30 75 30 75 00 00
2026-07-26T17:06:05.853328,31.089,can0  040  [04]  63 01 22 00
2026-07-26T17:06:05.853499,31.089,can0  204  [16]  9C 09 B1 FF 0F 95 1A DF 28 23 30 75 30 75 00 00
2026-07-26T17:06:05.855652,31.091,can0  070  [20]  C7 2C 4D 08 ED AE 62 03 88 13 00 00 06 00 00 00 14 00 00 00
2026-07-26T17:06:05.855695,31.091,can0  206  [24]  71 0C C6 06 7A 0C 99 C6 CE 06 3A 0C 76 0C 00 00 00 00 00 00 00 00 00 00
2026-07-26T17:06:05.855854,31.091,can0  204  [16]  9C 09 B1 FF 0F 95 1A DF 28 23 30 75 30 75 00 00
2026-07-26T17:06:05.949514,31.185,can0  041  [04]  25 00 25 00
2026-07-26T17:06:05.949676,31.185,can0  204  [16]  9C 09 B1 FF 0F 95 1A DF 28 23 30 75 30 75 00 00
2026-07-26T17:06:05.949815,31.185,can0  070  [20]  C7 2C 4D 08 ED AE 62 03 88 13 00 00 06 00 00 00 14 00 00 00
2026-07-26T17:06:05.949945,31.185,can0  100  [03]  B5 71 04
2026-07-26T17:06:05.950112,31.186,can0  120  [04]  26 19 00 00
2026-07-26T17:06:05.953720,31.189,can0  204  [16]  9C 09 B1 FF 0F 95 1A DF 28 23 30 75 30 75 00 00
2026-07-26T17:06:06.076595,31.312,can0  206  [24]  71 0C C6 06 7A 0C 99 C6 CD 06 3A 0C 76 0C 00 00 00 00 00 00 00 00 00 00
2026-07-26T17:06:06.076794,31.312,can0  040  [04]  04 00 2B 00
2026-07-26T17:06:06.076991,31.312,can0  204  [16]  9C 09 B1 FF 0F 95 1A DF 28 23 30 75 30 75 00 00
2026-07-26T17:06:06.077186,31.313,can0  040  [04]  04 00 2B 00
2026-07-26T17:06:06.168979,31.404,can0  204  [16]  9C 09 B1 FF 0F 95 1A DF 28 23 30 75 30 75 00 00
2026-07-26T17:06:06.169040,31.405,can0  060  [32]  00 00 00 00 00 00 00 00 00 00 00 00 00 00 00 00 00 00 00 00 00 00 00 00 00 00 00 00 00 00 00 00
2026-07-26T17:06:06.169191,31.405,can0  041  [04]  1F 00 23 00
2026-07-26T17:06:06.169419,31.405,can0  204  [16]  9C 09 B1 FF 0F 95 1A DF 28 23 30 75 30 75 00 00
2026-07-26T17:06:06.171631,31.407,can0  206  [24]  6C 0C C7 06 7A 0C 99 C6 CE 06 3A 0C 7B 0C 00 00 00 00 00 00 00 00 00 00
2026-07-26T17:06:06.268723,31.504,can0  070  [20]  C7 2C 4D 08 ED AE 62 03 70 17 00 00 06 00 00 00 1F 00 00 00
2026-07-26T17:06:06.270326,31.506,can0  204  [16]  9C 09 B1 FF 0F 95 1A DF 28 23 30 75 30 75 00 00
2026-07-26T17:06:06.270687,31.506,can0  070  [20]  C7 2C 4D 08 ED AE 62 03 70 17 00 00 06 00 00 00 1F 00 00 00
2026-07-26T17:06:06.270727,31.506,can0  070  [20]  C7 2C 4D 08 ED AE 62 03 70 17 00 00 06 00 00 00 1F 00 00 00
2026-07-26T17:06:06.276476,31.512,can0  040  [04]  06 00 31 00
2026-07-26T17:06:06.276535,31.512,can0  204  [16]  9C 09 B1 FF 0F 95 1A DF 28 23 30 75 30 75 00 00
2026-07-26T17:06:06.367514,31.603,can0  040  [04]  06 00 31 00
2026-07-26T17:06:06.367726,31.603,can0  204  [16]  9C 09 B1 FF 0F 95 1A DF 28 23 30 75 30 75 00 00
2026-07-26T17:06:06.370812,31.606,can0  206  [24]  6C 0C C7 06 7A 0C 99 C6 D0 06 3A 0C 76 0C 00 00 00 00 00 00 00 00 00 00
2026-07-26T17:06:06.371081,31.607,can0  110  [02]  1B 1B
2026-07-26T17:06:06.469001,31.704,can0  204  [16]  9C 09 B1 FF 0F 95 1A DF 28 23 30 75 30 75 00 00
2026-07-26T17:06:06.469292,31.705,can0  041  [04]  1E 00 24 00
2026-07-26T17:06:06.469565,31.705,can0  204  [16]  9C 09 B1 FF 0F 95 1A DF 28 23 30 75 30 75 00 00
2026-07-26T17:06:06.591241,31.827,can0  206  [24]  6C 0C C6 06 7A 0C 99 C6 D0 06 35 0C 76 0C 00 00 00 00 00 00 00 00 00 00
2026-07-26T17:06:06.591539,31.827,can0  204  [16]  9C 09 B1 FF 0F 95 1A DF 28 23 30 75 30 75 00 00
2026-07-26T17:06:06.592709,31.828,can0  040  [04]  04 00 32 00
2026-07-26T17:06:06.593044,31.829,can0  204  [16]  9C 09 B1 FF 0F 95 1A DF 28 23 30 75 30 75 00 00
2026-07-26T17:06:06.594070,31.830,can0  040  [04]  04 00 32 00
2026-07-26T17:06:06.644541,31.880,can0  204  [16]  9C 09 B1 FF 0F 95 1A DF 28 23 30 75 30 75 00 00
2026-07-26T17:06:06.644695,31.880,can0  060  [32]  00 00 00 00 C7 2C 4D 08 42 04 B8 10 00 00 10 0E FF 01 00 00 00 00 00 00 01 00 00 00 00 00 00 00
2026-07-26T17:06:06.647126,31.883,can0  206  [24]  71 0C C6 06 75 0C 99 C6 D1 06 35 0C 76 0C 00 00 00 00 00 00 00 00 00 00
2026-07-26T17:06:06.648528,31.884,can0  204  [16]  9C 09 B1 FF 0F 95 1A DF 28 23 30 75 30 75 00 00
2026-07-26T17:06:06.790927,32.026,can0  041  [04]  17 00 27 00
2026-07-26T17:06:06.791148,32.027,can0  204  [16]  9C 09 B1 FF 0F 95 1A DF 28 23 30 75 30 75 00 00
2026-07-26T17:06:06.791292,32.027,can0  070  [20]  C7 2C 4D 08 ED AE 62 03 70 17 00 00 06 00 00 00 1F 00 00 00
2026-07-26T17:06:06.877349,32.113,can0  040  [04]  05 00 2B 00
2026-07-26T17:06:06.877517,32.113,can0  204  [16]  9C 09 B1 FF 0F 95 1A DF 28 23 30 75 30 75 00 00
2026-07-26T17:06:06.879565,32.115,can0  206  [24]  71 0C C6 06 75 0C 99 C6 D0 06 35 0C 76 0C 00 00 00 00 00 00 00 00 00 00
2026-07-26T17:06:06.879749,32.115,can0  204  [16]  9C 09 B1 FF 0F 95 1A DF 28 23 30 75 30 75 00 00
2026-07-26T17:06:06.879872,32.115,can0  040  [04]  05 00 2B 00
2026-07-26T17:06:06.967783,32.203,can0  070  [20]  C7 2C 4D 08 ED AE 62 03 70 17 00 00 06 00 00 00 1F 00 00 00
2026-07-26T17:06:06.967939,32.203,can0  204  [16]  9C 09 B1 FF 0F 95 1A DF 28 23 30 75 30 75 00 00
2026-07-26T17:06:06.968072,32.204,can0  041  [04]  17 00 27 00
2026-07-26T17:06:06.969063,32.205,can0  204  [16]  9C 09 B1 FF 0F 95 1A DF 28 23 30 75 30 75 00 00
2026-07-26T17:06:07.072090,32.308,can0  206  [24]  7A 0C C6 06 6B 0C 99 C6 D1 06 30 0C 76 0C 00 00 00 00 00 00 00 00 00 00
2026-07-26T17:06:07.072321,32.308,can0  204  [16]  9C 09 B1 FF 0F 95 1A DF 28 23 30 75 30 75 00 00
2026-07-26T17:06:07.072439,32.308,can0  040  [04]  04 00 29 00
2026-07-26T17:06:07.167931,32.403,can0  204  [16]  9C 09 B1 FF 0F 95 1A DF 28 23 30 75 30 75 00 00
2026-07-26T17:06:07.168086,32.404,can0  060  [32]  00 00 00 00 00 00 00 00 00 00 00 00 00 00 00 00 00 00 00 00 00 00 00 00 00 00 00 00 00 00 00 00
2026-07-26T17:06:07.168257,32.404,can0  040  [04]  04 00 29 00
2026-07-26T17:06:07.168430,32.404,can0  204  [16]  9C 09 B1 FF 0F 95 1A DF 28 23 30 75 30 75 00 00
2026-07-26T17:06:07.168569,32.404,can0  100  [03]  B3 71 04
2026-07-26T17:06:07.168685,32.404,can0  120  [04]  24 19 00 00
2026-07-26T17:06:07.171772,32.407,can0  206  [24]  7F 0C C6 06 6B 0C 99 C6 D1 06 35 0C 71 0C 00 00 00 00 00 00 00 00 00 00
2026-07-26T17:06:07.171967,32.407,can0  070  [20]  C7 2C 4D 08 ED AE 62 03 58 1B 00 00 06 00 00 00 30 00 00 00
2026-07-26T17:06:07.270348,32.506,can0  070  [20]  C7 2C 4D 08 ED AE 62 03 58 1B 00 00 06 00 00 00 2F 00 00 00
2026-07-26T17:06:07.270548,32.506,can0  204  [16]  9C 09 B1 FF 0F 95 1A DF 28 23 30 75 30 75 00 00
2026-07-26T17:06:07.270698,32.506,can0  041  [04]  18 00 25 00
2026-07-26T17:06:07.271643,32.507,can0  204  [16]  9C 09 B1 FF 0F 95 1A DF 28 23 30 75 30 75 00 00
2026-07-26T17:06:07.368390,32.604,can0  070  [20]  C7 2C 4D 08 ED AE 62 03 58 1B 00 00 06 00 00 00 2F 00 00 00
2026-07-26T17:06:07.368608,32.604,can0  204  [16]  9C 09 B1 FF 0F 95 1A DF 28 23 30 75 30 75 00 00
2026-07-26T17:06:07.370730,32.606,can0  206  [24]  7A 0C C7 06 6B 0C 99 C6 D1 06 35 0C 76 0C 00 00 00 00 00 00 00 00 00 00
2026-07-26T17:06:07.370923,32.606,can0  040  [04]  04 00 26 00
2026-07-26T17:06:07.371132,32.607,can0  204  [16]  9C 09 B1 FF 0F 95 1A DF 28 23 30 75 30 75 00 00
2026-07-26T17:06:07.467516,32.703,can0  040  [04]  04 00 26 00
2026-07-26T17:06:07.467703,32.703,can0  204  [16]  9C 09 B1 FF 0F 95 1A DF 28 23 30 75 30 75 00 00
2026-07-26T17:06:07.467854,32.703,can0  041  [04]  16 00 22 00
2026-07-26T17:06:07.570005,32.805,can0  206  [24]  75 0C C8 06 71 0C 99 C6 D1 06 35 0C 7B 0C 00 00 00 00 00 00 00 00 00 00
2026-07-26T17:06:07.570204,32.806,can0  204  [16]  9C 09 B1 FF 0F 95 1A DF 28 23 30 75 30 75 00 00
2026-07-26T17:06:07.570354,32.806,can0  204  [16]  9C 09 B1 FF 0F 95 1A DF 28 23 30 75 30 75 00 00
2026-07-26T17:06:07.667771,32.903,can0  040  [04]  67 01 23 00
2026-07-26T17:06:07.668789,32.904,can0  204  [16]  9C 09 B1 FF 0F 95 1A DF 28 23 30 75 30 75 00 00
2026-07-26T17:06:07.668933,32.904,can0  060  [32]  00 00 00 00 C7 2C 4D 08 42 04 B8 10 00 00 10 0E FF 01 00 00 00 00 00 00 01 00 00 00 00 00 00 00
2026-07-26T17:06:07.671414,32.907,can0  040  [04]  67 01 23 00
2026-07-26T17:06:07.671459,32.907,can0  206  [24]  7A 0C C9 06 71 0C 99 C6 D1 06 30 0C 76 0C 00 00 00 00 00 00 00 00 00 00
2026-07-26T17:06:07.671599,32.907,can0  204  [16]  9C 09 B1 FF 0F 95 1A DF 28 23 30 75 30 75 00 00
2026-07-26T17:06:07.771402,33.007,can0  204  [16]  9C 09 B1 FF 0F 95 1A DF 28 23 30 75 30 75 00 00
2026-07-26T17:06:07.771549,33.007,can0  041  [04]  17 00 20 00
2026-07-26T17:06:07.879563,33.115,can0  204  [16]  9C 09 B1 FF 0F 95 1A DF 28 23 30 75 30 75 00 00
2026-07-26T17:06:07.879634,33.115,can0  070  [20]  C7 2C 4D 08 ED AE 62 03 58 1B 00 00 06 00 00 00 2F 00 00 00
2026-07-26T17:06:07.879673,33.115,can0  206  [24]  7A 0C C8 06 71 0C 99 C6 D0 06 3A 0C 76 0C 00 00 00 00 00 00 00 00 00 00
2026-07-26T17:06:07.879750,33.115,can0  204  [16]  9C 09 B1 FF 0F 95 1A DF 28 23 30 75 30 75 00 00
2026-07-26T17:06:07.889711,33.125,can0  040  [04]  62 01 1F 00
2026-07-26T17:06:07.997030,33.233,can0  070  [20]  C7 2C 4D 08 ED AE 62 03 58 1B 00 00 06 00 00 00 2F 00 00 00
2026-07-26T17:06:07.997274,33.233,can0  204  [16]  9C 09 B1 FF 0F 95 1A DF 28 23 30 75 30 75 00 00
2026-07-26T17:06:07.997432,33.233,can0  040  [04]  62 01 1F 00
2026-07-26T17:06:07.997585,33.233,can0  110  [02]  19 1B
2026-07-26T17:06:07.997784,33.233,can0  204  [16]  9C 09 B1 FF 0F 95 1A DF 28 23 30 75 30 75 00 00
2026-07-26T17:06:08.083127,33.319,can0  206  [24]  75 0C C8 06 71 0C 99 C6 CE 06 3A 0C 7B 0C 00 00 00 00 00 00 00 00 00 00
2026-07-26T17:06:08.083299,33.319,can0  041  [04]  15 00 1F 00
2026-07-26T17:06:08.083339,33.319,can0  204  [16]  9C 09 B1 FF 0F 95 1A DF 28 23 30 75 30 75 00 00
2026-07-26T17:06:08.083371,33.319,can0  204  [16]  9C 09 B1 FF 0F 95 1A DF 28 23 30 75 30 75 00 00
2026-07-26T17:06:08.167815,33.403,can0  060  [32]  00 00 00 00 00 00 00 00 00 00 00 00 00 00 00 00 00 00 00 00 00 00 00 00 00 00 00 00 00 00 00 00
2026-07-26T17:06:08.168042,33.404,can0  040  [04]  5E 01 19 00
2026-07-26T17:06:08.168274,33.404,can0  204  [16]  9C 09 B1 FF 0F 95 1A DF 28 23 30 75 30 75 00 00
2026-07-26T17:06:08.170415,33.406,can0  206  [24]  7F 0C C9 06 6B 0C 99 C6 CE 06 3F 0C 76 0C 00 00 00 00 00 00 00 00 00 00
2026-07-26T17:06:08.170635,33.406,can0  070  [20]  C9 2C 4D 08 ED AE 62 03 40 1F 00 00 06 00 00 00 14 00 00 00
2026-07-26T17:06:08.170803,33.406,can0  040  [04]  5E 01 19 00
2026-07-26T17:06:08.268145,33.504,can0  070  [20]  C9 2C 4D 08 ED AE 62 03 40 1F 00 00 06 00 00 00 14 00 00 00
2026-07-26T17:06:08.268463,33.504,can0  204  [16]  9C 09 B1 FF 0F 95 1A DF 28 23 30 75 30 75 00 00
2026-07-26T17:06:08.268691,33.504,can0  204  [16]  9C 09 B1 FF 0F 95 1A DF 28 23 30 75 30 75 00 00
2026-07-26T17:06:08.268830,33.504,can0  070  [20]  C9 2C 4D 08 ED AE 62 03 40 1F 00 00 06 00 00 00 14 00 00 00
2026-07-26T17:06:08.268964,33.504,can0  041  [04]  12 00 21 00
2026-07-26T17:06:08.369089,33.605,can0  204  [16]  9C 09 B1 FF 0F 95 1A DF 28 23 30 75 30 75 00 00
2026-07-26T17:06:08.371159,33.607,can0  206  [24]  7F 0C C8 06 66 0C 99 C6 CE 06 3F 0C 76 0C 00 00 00 00 00 00 00 00 00 00
2026-07-26T17:06:08.371382,33.607,can0  100  [03]  B0 71 04
2026-07-26T17:06:08.371583,33.607,can0  120  [04]  1F 19 00 00
2026-07-26T17:06:08.371729,33.607,can0  204  [16]  9C 09 B1 FF 0F 95 1A DF 28 23 30 75 30 75 00 00
2026-07-26T17:06:08.371846,33.607,can0  040  [04]  5E 01 19 00
2026-07-26T17:06:08.468304,33.704,can0  204  [16]  9C 09 B1 FF 0F 95 1A DF 28 23 30 75 30 75 00 00
2026-07-26T17:06:08.468576,33.704,can0  040  [04]  5E 01 19 00
2026-07-26T17:06:08.471505,33.707,can0  206  [24]  75 0C C6 06 66 0C 99 C6 CF 06 44 0C 7B 0C 00 00 00 00 00 00 00 00 00 00
2026-07-26T17:06:08.567649,33.803,can0  204  [16]  9C 09 B1 FF 0F 95 1A DF 28 23 30 75 30 75 00 00
2026-07-26T17:06:08.568090,33.804,can0  204  [16]  9C 09 B1 FF 0F 95 1A DF 28 23 30 75 30 75 00 00
2026-07-26T17:06:08.568310,33.804,can0  041  [04]  15 00 23 00
2026-07-26T17:06:08.668614,33.904,can0  204  [16]  9C 09 B1 FF 0F 95 1A DF 28 23 30 75 30 75 00 00
2026-07-26T17:06:08.671308,33.907,can0  060  [32]  00 00 00 00 00 00 00 00 00 00 00 00 00 00 00 00 00 00 00 00 00 00 00 00 00 00 00 00 00 00 00 00
2026-07-26T17:06:08.671347,33.907,can0  060  [32]  00 00 00 00 C9 2C 4D 08 42 04 B8 10 00 00 10 0E FF 01 00 00 00 00 00 00 01 00 00 00 00 00 00 00
2026-07-26T17:06:08.671370,33.907,can0  206  [24]  75 0C C7 06 6B 0C 99 C6 CE 06 3F 0C 7B 0C 00 00 00 00 00 00 00 00 00 00
2026-07-26T17:06:08.671582,33.907,can0  204  [16]  9C 09 B1 FF 0F 95 1A DF 28 23 30 75 30 75 00 00
2026-07-26T17:06:08.671759,33.907,can0  040  [04]  06 00 19 00
2026-07-26T17:06:08.767766,34.003,can0  040  [04]  06 00 19 00
2026-07-26T17:06:08.768015,34.003,can0  204  [16]  9C 09 B1 FF 0F 95 1A DF 28 23 30 75 30 75 00 00
2026-07-26T17:06:08.768526,34.004,can0  070  [20]  C9 2C 4D 08 ED AE 62 03 40 1F 00 00 06 00 00 00 14 00 00 00
2026-07-26T17:06:08.768713,34.004,can0  204  [16]  9C 09 B1 FF 0F 95 1A DF 28 23 30 75 30 75 00 00
2026-07-26T17:06:08.867841,34.103,can0  041  [04]  15 00 24 00
2026-07-26T17:06:08.870327,34.106,can0  206  [24]  75 0C C7 06 66 0C 99 C6 D1 06 3F 0C 7B 0C 00 00 00 00 00 00 00 00 00 00
2026-07-26T17:06:08.870515,34.106,can0  204  [16]  9C 09 B1 FF 0F 95 1A DF 28 23 30 75 30 75 00 00
2026-07-26T17:06:08.870651,34.106,can0  070  [20]  C9 2C 4D 08 ED AE 62 03 40 1F 00 00 06 00 00 00 14 00 00 00
2026-07-26T17:06:08.968270,34.204,can0  204  [16]  9C 09 B1 FF 0F 95 1A DF 28 23 30 75 30 75 00 00
2026-07-26T17:06:08.968504,34.204,can0  040  [04]  0C 00 18 00
2026-07-26T17:06:08.968699,34.204,can0  204  [16]  9C 09 B1 FF 0F 95 1A DF 28 23 30 75 30 75 00 00
2026-07-26T17:06:08.968843,34.204,can0  040  [04]  0C 00 18 00
2026-07-26T17:06:08.971081,34.207,can0  206  [24]  75 0C C7 06 6B 0C 99 C6 D1 06 35 0C 7B 0C 00 00 00 00 00 00 00 00 00 00
2026-07-26T17:06:09.068208,34.304,can0  204  [16]  9C 09 B1 FF 0F 95 1A DF 28 23 30 75 30 75 00 00
2026-07-26T17:06:09.068606,34.304,can0  204  [16]  9C 09 B1 FF 0F 95 1A DF 28 23 30 75 30 75 00 00
2026-07-26T17:06:09.068652,34.304,can0  041  [04]  19 00 26 00
2026-07-26T17:06:09.168168,34.404,can0  204  [16]  9C 09 B1 FF 0F 95 1A DF 28 23 30 75 30 75 00 00
2026-07-26T17:06:09.171153,34.407,can0  206  [24]  75 0C C9 06 71 0C 09 CC D5 06 30 0C 7B 0C 00 00 00 00 00 00 00 00 00 00
2026-07-26T17:06:09.171361,34.407,can0  070  [20]  C9 2C 4D 08 ED AE 62 03 28 23 00 00 06 00 00 00 13 00 00 00
2026-07-26T17:06:09.268479,34.504,can0  204  [16]  9C 09 B1 FF 0F 95 1A DF 28 23 30 75 30 75 00 00
2026-07-26T17:06:09.268792,34.504,can0  070  [20]  C9 2C 4D 08 ED AE 62 03 28 23 00 00 06 00 00 00 12 00 00 00
2026-07-26T17:06:09.269025,34.504,can0  040  [04]  06 00 1C 00
2026-07-26T17:06:09.274337,34.510,can0  040  [04]  06 00 1C 00
2026-07-26T17:06:09.274382,34.510,can0  204  [16]  9C 09 B1 FF 0F 95 1A DF 28 23 30 75 30 75 00 00
2026-07-26T17:06:09.368227,34.604,can0  070  [20]  C9 2C 4D 08 ED AE 62 03 28 23 00 00 06 00 00 00 12 00 00 00
2026-07-26T17:06:09.368464,34.604,can0  204  [16]  9C 09 B1 FF 0F 95 1A DF 28 23 30 75 30 75 00 00
2026-07-26T17:06:09.370622,34.606,can0  206  [24]  7A 0C CC 06 71 0C 09 CC D4 06 35 0C 76 0C 00 00 00 00 00 00 00 00 00 00
2026-07-26T17:06:09.370826,34.606,can0  041  [04]  1B 00 26 00
2026-07-26T17:06:09.371024,34.606,can0  204  [16]  9C 09 B1 FF 0F 95 1A DF 28 23 30 75 30 75 00 00
2026-07-26T17:06:09.467702,34.703,can0  204  [16]  9C 09 B1 FF 0F 95 1A DF 28 23 30 75 30 75 00 00
2026-07-26T17:06:09.467929,34.703,can0  040  [04]  04 00 1B 00
2026-07-26T17:06:09.470406,34.706,can0  206  [24]  7A 0C CB 06 71 0C 09 CC D2 06 35 0C 76 0C 00 00 00 00 00 00 00 00 00 00
2026-07-26T17:06:09.470572,34.706,can0  204  [16]  9C 09 B1 FF 0F 95 1A DF 28 23 30 75 30 75 00 00
2026-07-26T17:06:09.567606,34.803,can0  040  [04]  04 00 1B 00
2026-07-26T17:06:09.567772,34.803,can0  204  [16]  9C 09 B1 FF 0F 95 1A DF 28 23 30 75 30 75 00 00
2026-07-26T17:06:09.567936,34.803,can0  100  [03]  AD 71 04
2026-07-26T17:06:09.568046,34.804,can0  110  [02]  1A 1B
2026-07-26T17:06:09.568146,34.804,can0  120  [04]  22 19 00 00
2026-07-26T17:06:09.667763,34.903,can0  204  [16]  9C 09 B1 FF 0F 95 1A DF 28 23 30 75 30 75 00 00
2026-07-26T17:06:09.667919,34.903,can0  041  [04]  1C 00 24 00
2026-07-26T17:06:09.670192,34.906,can0  206  [24]  7A 0C CB 06 71 0C 09 CC D1 06 2A 0C 76 0C 00 00 00 00 00 00 00 00 00 00
2026-07-26T17:06:09.670371,34.906,can0  060  [32]  C0 8C B3 0E 73 E2 4D 08 8E FC 62 03 AF 00 D5 0A 16 01 80 00 00 00 00 00 02 00 00 00 00 00 00 00
2026-07-26T17:06:09.670473,34.906,can0  060  [32]  00 00 00 00 C9 2C 4D 08 42 04 B8 10 00 00 10 0E FF 01 00 00 00 00 00 01 02 00 00 00 00 00 00 00
2026-07-26T17:06:09.675768,34.911,can0  204  [16]  9C 09 B1 FF 0F 95 1A DF 28 23 30 75 30 75 00 00
2026-07-26T17:06:09.768739,35.004,can0  204  [16]  9C 09 B1 FF 0F 95 1A DF 28 23 30 75 30 75 00 00
2026-07-26T17:06:09.768811,35.004,can0  040  [04]  02 00 1E 00
2026-07-26T17:06:09.768925,35.004,can0  204  [16]  9C 09 B1 FF 0F 95 1A DF 28 23 30 75 30 75 00 00
2026-07-26T17:06:09.910006,35.145,can0  070  [20]  C9 2C 4D 08 ED AE 62 03 28 23 00 00 06 00 00 00 12 00 00 00
2026-07-26T17:06:09.910084,35.146,can0  040  [04]  02 00 1E 00
2026-07-26T17:06:09.910126,35.146,can0  206  [24]  7A 0C C9 06 6B 0C 09 CC D1 06 35 0C 76 0C 00 00 00 00 00 00 00 00 00 00
2026-07-26T17:06:09.910362,35.146,can0  204  [16]  9C 09 B1 FF 0F 95 1A DF 28 23 30 75 30 75 00 00
2026-07-26T17:06:09.910596,35.146,can0  041  [04]  19 00 22 00
2026-07-26T17:06:09.959505,35.195,can0  204  [16]  9C 09 B1 FF 0F 95 1A DF 28 23 30 75 30 75 00 00
2026-07-26T17:06:09.961691,35.197,can0  070  [20]  C9 2C 4D 08 ED AE 62 03 28 23 00 00 06 00 00 00 12 00 00 00
2026-07-26T17:06:09.961740,35.197,can0  204  [16]  9C 09 B1 FF 0F 95 1A DF 28 23 30 75 30 75 00 00
2026-07-26T17:06:09.961777,35.197,can0  206  [24]  75 0C D9 06 6B 0C 99 C6 D1 06 30 0C 7B 0C 00 00 00 00 00 00 00 00 00 00
2026-07-26T17:06:09.965973,35.201,can0  040  [04]  01 00 23 00
2026-07-26T17:06:10.067575,35.303,can0  204  [16]  9C 09 B1 FF 0F 95 1A DF 28 23 30 75 30 75 00 00
2026-07-26T17:06:10.067776,35.303,can0  040  [04]  01 00 23 00
2026-07-26T17:06:10.068002,35.303,can0  204  [16]  9C 09 B1 FF 0F 95 1A DF 28 23 30 75 30 75 00 00
2026-07-26T17:06:10.167651,35.403,can0  132  [00]
2026-07-26T17:06:10.167868,35.403,can0  204  [16]  9C 09 B1 FF 0F 95 1A DF 28 23 30 75 30 75 00 00
2026-07-26T17:06:10.170161,35.406,can0  206  [24]  76 0C D9 06 66 0C 99 C6 D1 06 30 0C 7F 0C 00 00 00 00 00 00 00 00 00 00
2026-07-26T17:06:10.177581,35.413,can0  041  [04]  15 00 24 00
2026-07-26T17:06:10.177681,35.413,can0  060  [32]  00 00 00 00 00 00 00 00 00 00 00 00 00 00 00 00 00 00 00 00 00 00 00 00 00 00 00 00 00 00 00 00
2026-07-26T17:06:10.177723,35.413,can0  070  [20]  C9 2C 4D 08 ED AE 62 03 10 27 00 00 06 00 00 00 32 00 00 00
2026-07-26T17:06:10.177759,35.413,can0  204  [16]  9C 09 B1 FF 0F 95 1A DF 28 23 30 75 30 75 00 00
2026-07-26T17:06:10.268211,35.504,can0  070  [20]  C9 2C 4D 08 ED AE 62 03 10 27 00 00 06 00 00 00 33 00 00 00
2026-07-26T17:06:10.268457,35.504,can0  204  [16]  9C 09 B1 FF 0F 95 1A DF 28 23 30 75 30 75 00 00
2026-07-26T17:06:10.268658,35.504,can0  070  [20]  C9 2C 4D 08 ED AE 62 03 10 27 00 00 06 00 00 00 33 00 00 00
2026-07-26T17:06:10.268843,35.504,can0  040  [04]  03 00 21 00
2026-07-26T17:06:10.367753,35.603,can0  204  [16]  9C 09 B1 FF 0F 95 1A DF 28 23 30 75 30 75 00 00
2026-07-26T17:06:10.369979,35.605,can0  206  [24]  7B 0C DA 06 61 0C 99 C6 D1 06 35 0C 7B 0C 00 00 00 00 00 00 00 00 00 00
2026-07-26T17:06:10.370381,35.606,can0  040  [04]  03 00 21 00
2026-07-26T17:06:10.370656,35.606,can0  204  [16]  9C 09 B1 FF 0F 95 1A DF 28 23 30 75 30 75 00 00
2026-07-26T17:06:10.467864,35.703,can0  041  [04]  15 00 2A 00
2026-07-26T17:06:10.468090,35.704,can0  204  [16]  9C 09 B1 FF 0F 95 1A DF 28 23 30 75 30 75 00 00
2026-07-26T17:06:10.470108,35.706,can0  206  [24]  75 0C D9 06 62 0C 99 C6 D1 06 52 0C 7B 0C 00 00 00 00 00 00 00 00 00 00
2026-07-26T17:06:10.470332,35.706,can0  204  [16]  9C 09 B1 FF 0F 95 1A DF 28 23 30 75 30 75 00 00
2026-07-26T17:06:10.568083,35.804,can0  040  [04]  01 00 26 00
2026-07-26T17:06:10.568302,35.804,can0  204  [16]  9C 09 B1 FF 0F 95 1A DF 28 23 30 75 30 75 00 00
2026-07-26T17:06:10.568474,35.804,can0  040  [04]  01 00 26 00
2026-07-26T17:06:10.668189,35.904,can0  204  [16]  9C 09 B1 FF 0F 95 1A DF 28 23 30 75 30 75 00 00
2026-07-26T17:06:10.670320,35.906,can0  206  [24]  75 0C D9 06 66 0C 99 C6 D1 06 4E 0C 7B 0C 00 00 00 00 00 00 00 00 00 00
2026-07-26T17:06:10.670515,35.906,can0  060  [32]  00 00 00 00 00 00 00 00 00 00 00 00 00 00 00 00 00 00 00 00 00 00 00 00 00 00 00 00 00 00 00 00
2026-07-26T17:06:10.670710,35.906,can0  204  [16]  9C 09 B1 FF 0F 95 1A DF 28 23 30 75 30 75 00 00
2026-07-26T17:06:10.670832,35.906,can0  060  [32]  00 00 00 00 C9 2C 4D 08 42 04 B8 10 00 00 10 0E FF 01 00 00 00 00 00 00 01 00 00 00 00 00 00 00
2026-07-26T17:06:10.671269,35.907,can0  041  [04]  18 00 2E 00
2026-07-26T17:06:10.767725,36.003,can0  204  [16]  9C 09 B1 FF 0F 95 1A DF 28 23 30 75 30 75 00 00
2026-07-26T17:06:10.767917,36.003,can0  100  [03]  A9 71 04
2026-07-26T17:06:10.768079,36.004,can0  120  [04]  2A 19 00 00
2026-07-26T17:06:10.768268,36.004,can0  204  [16]  9C 09 B1 FF 0F 95 1A DF 28 23 30 75 30 75 00 00
2026-07-26T17:06:10.768446,36.004,can0  070  [20]  C9 2C 4D 08 ED AE 62 03 10 27 00 00 06 00 00 00 33 00 00 00
2026-07-26T17:06:10.868361,36.104,can0  040  [04]  67 01 28 00
2026-07-26T17:06:10.870465,36.106,can0  206  [24]  7F 0C C7 06 66 0C 99 C6 CF 06 49 0C 76 0C 00 00 00 00 00 00 00 00 00 00
2026-07-26T17:06:10.870691,36.106,can0  204  [16]  9C 09 B1 FF 0F 95 1A DF 28 23 30 75 30 75 00 00
2026-07-26T17:06:10.870888,36.106,can0  040  [04]  67 01 28 00
2026-07-26T17:06:10.871082,36.107,can0  204  [16]  9C 09 B1 FF 0F 95 1A DF 28 23 30 75 30 75 00 00
2026-07-26T17:06:10.871215,36.107,can0  070  [20]  C9 2C 4D 08 ED AE 62 03 10 27 00 00 06 00 00 00 33 00 00 00
2026-07-26T17:06:10.967760,36.203,can0  204  [16]  9C 09 B1 FF 0F 95 1A DF 28 23 30 75 30 75 00 00
2026-07-26T17:06:10.967951,36.203,can0  041  [04]  16 00 31 00
2026-07-26T17:06:10.970203,36.206,can0  206  [24]  7F 0C C7 06 6B 0C 99 C6 D0 06 49 0C 71 0C 00 00 00 00 00 00 00 00 00 00
2026-07-26T17:06:11.067797,36.303,can0  204  [16]  9C 09 B1 FF 0F 95 1A DF 28 23 30 75 30 75 00 00
2026-07-26T17:06:11.067994,36.303,can0  040  [04]  67 01 22 00
2026-07-26T17:06:11.068191,36.304,can0  204  [16]  9C 09 B1 FF 0F 95 1A DF 28 23 30 75 30 75 00 00
2026-07-26T17:06:11.167848,36.403,can0  040  [04]  67 01 22 00
2026-07-26T17:06:11.168053,36.404,can0  204  [16]  9C 09 B1 FF 0F 95 1A DF 28 23 30 75 30 75 00 00
2026-07-26T17:06:11.170162,36.406,can0  206  [24]  7F 0C C7 06 76 0C 99 C6 D1 06 44 0C 71 0C 00 00 00 00 00 00 00 00 00 00
2026-07-26T17:06:11.170355,36.406,can0  110  [02]  1B 1B
2026-07-26T17:06:11.170553,36.406,can0  204  [16]  9C 09 B1 FF 0F 95 1A DF 28 23 30 75 30 75 00 00
2026-07-26T17:06:11.170911,36.406,can0  070  [20]  C9 2C 4D 08 ED AE 62 03 F8 2A 00 00 06 00 00 00 2C 00 00 00
2026-07-26T17:06:11.171103,36.407,can0  060  [32]  00 00 00 00 00 00 00 00 00 00 00 00 00 00 00 00 00 00 00 00 00 00 00 00 00 00 00 00 00 00 00 00
2026-07-26T17:06:11.268016,36.503,can0  070  [20]  C9 2C 4D 08 ED AE 62 03 F8 2A 00 00 06 00 00 00 2D 00 00 00
2026-07-26T17:06:11.268226,36.504,can0  041  [04]  17 00 32 00
2026-07-26T17:06:11.268463,36.504,can0  204  [16]  9C 09 B1 FF 0F 95 1A DF 28 23 30 75 30 75 00 00
2026-07-26T17:06:11.368120,36.604,can0  204  [16]  9C 09 B1 FF 0F 95 1A DF 28 23 30 75 30 75 00 00
2026-07-26T17:06:11.368319,36.604,can0  070  [20]  C9 2C 4D 08 ED AE 62 03 F8 2A 00 00 06 00 00 00 2D 00 00 00
2026-07-26T17:06:11.370451,36.606,can0  206  [24]  7F 0C C8 06 71 0C 99 C6 D2 06 30 0C 76 0C 00 00 00 00 00 00 00 00 00 00
2026-07-26T17:06:11.370654,36.606,can0  040  [04]  5F 01 1B 00
2026-07-26T17:06:11.370849,36.606,can0  204  [16]  9C 09 B1 FF 0F 95 1A DF 28 23 30 75 30 75 00 00
2026-07-26T17:06:11.371011,36.606,can0  040  [04]  5F 01 1B 00
2026-07-26T17:06:11.468347,36.704,can0  204  [16]  9C 09 B1 FF 0F 95 1A DF 28 23 30 75 30 75 00 00
2026-07-26T17:06:11.470472,36.706,can0  206  [24]  84 0C C8 06 6B 0C 99 C6 D1 06 3A 0C 71 0C 00 00 00 00 00 00 00 00 00 00
2026-07-26T17:06:11.470694,36.706,can0  204  [16]  9C 09 B1 FF 0F 95 1A DF 28 23 30 75 30 75 00 00
2026-07-26T17:06:11.470866,36.706,can0  041  [04]  16 00 37 00
2026-07-26T17:06:11.568436,36.804,can0  204  [16]  9C 09 B1 FF 0F 95 1A DF 28 23 30 75 30 75 00 00
2026-07-26T17:06:11.568641,36.804,can0  040  [04]  53 01 19 00
2026-07-26T17:06:11.568854,36.804,can0  204  [16]  9C 09 B1 FF 0F 95 1A DF 28 23 30 75 30 75 00 00
2026-07-26T17:06:11.670370,36.906,can0  206  [24]  84 0C C7 06 66 0C 99 C6 D2 06 3F 0C 71 0C 00 00 00 00 00 00 00 00 00 00
2026-07-26T17:06:11.670604,36.906,can0  204  [16]  9C 09 B1 FF 0F 95 1A DF 28 23 30 75 30 75 00 00
2026-07-26T17:06:11.670775,36.906,can0  040  [04]  53 01 19 00
2026-07-26T17:06:11.670911,36.906,can0  060  [32]  00 00 00 00 C9 2C 4D 08 42 04 B8 10 00 00 10 0E FF 01 00 00 00 00 00 00 01 00 00 00 00 00 00 00
2026-07-26T17:06:11.776162,37.012,can0  204  [16]  9C 09 B1 FF 0F 95 1A DF 28 23 30 75 30 75 00 00
2026-07-26T17:06:11.776231,37.012,can0  041  [04]  17 00 37 00
2026-07-26T17:06:11.776255,37.012,can0  204  [16]  9C 09 B1 FF 0F 95 1A DF 28 23 30 75 30 75 00 00
2026-07-26T17:06:11.868098,37.104,can0  070  [20]  C9 2C 4D 08 ED AE 62 03 F8 2A 00 00 06 00 00 00 2D 00 00 00
2026-07-26T17:06:11.870367,37.106,can0  206  [24]  8A 0C C6 06 66 0C 99 C6 D1 06 3A 0C 6B 0C 00 00 00 00 00 00 00 00 00 00
2026-07-26T17:06:11.870598,37.106,can0  204  [16]  9C 09 B1 FF 0F 95 1A DF 28 23 30 75 30 75 00 00
2026-07-26T17:06:11.870747,37.106,can0  040  [04]  67 01 1B 00
2026-07-26T17:06:11.875291,37.111,can0  204  [16]  9C 09 B1 FF 0F 95 1A DF 28 23 30 75 30 75 00 00
2026-07-26T17:06:11.967728,37.203,can0  070  [20]  C9 2C 4D 08 ED AE 62 03 F8 2A 00 00 06 00 00 00 2D 00 00 00
2026-07-26T17:06:11.967906,37.203,can0  040  [04]  67 01 1B 00
2026-07-26T17:06:11.968239,37.204,can0  204  [16]  9C 09 B1 FF 0F 95 1A DF 28 23 30 75 30 75 00 00
2026-07-26T17:06:11.968264,37.204,can0  100  [03]  A3 71 04
2026-07-26T17:06:11.968403,37.204,can0  120  [04]  28 19 00 00
2026-07-26T17:06:11.970492,37.206,can0  206  [24]  8A 0C C5 06 66 0C 99 C6 D1 06 3A 0C 6B 0C 00 00 00 00 00 00 00 00 00 00
2026-07-26T17:06:12.068466,37.304,can0  204  [16]  9C 09 B1 FF 0F 95 1A DF 28 23 30 75 30 75 00 00
2026-07-26T17:06:12.068702,37.304,can0  041  [04]  17 00 3A 00
2026-07-26T17:06:12.068911,37.304,can0  204  [16]  9C 09 B1 FF 0F 95 1A DF 28 23 30 75 30 75 00 00
2026-07-26T17:06:12.168446,37.404,can0  204  [16]  9C 09 B1 FF 0F 95 1A DF 28 23 30 75 30 75 00 00
2026-07-26T17:06:12.176041,37.412,can0  040  [04]  03 00 23 00
2026-07-26T17:06:12.179343,37.415,can0  206  [24]  8A 0C C5 06 A3 0C 99 C6 D1 06 FD 0B 6B 0C 00 00 00 00 00 00 00 00 00 00
2026-07-26T17:06:12.179593,37.415,can0  204  [16]  9C 09 B1 FF 0F 95 1A DF 28 23 30 75 30 75 00 00
2026-07-26T17:06:12.180087,37.416,can0  070  [20]  C9 2C 4D 08 EF AE 62 03 E0 2E 00 00 06 00 00 00 16 00 00 00
2026-07-26T17:06:12.180335,37.416,can0  060  [32]  00 00 00 00 00 00 00 00 00 00 00 00 00 00 00 00 00 00 00 00 00 00 00 00 00 00 00 00 00 00 00 00
2026-07-26T17:06:12.186841,37.422,can0  040  [04]  03 00 23 00
2026-07-26T17:06:12.267892,37.503,can0  070  [20]  C9 2C 4D 08 EF AE 62 03 E0 2E 00 00 06 00 00 00 16 00 00 00
2026-07-26T17:06:12.268058,37.504,can0  204  [16]  9C 09 B1 FF 0F 95 1A DF 28 23 30 75 30 75 00 00
2026-07-26T17:06:12.268188,37.504,can0  070  [20]  C9 2C 4D 08 EF AE 62 03 E0 2E 00 00 06 00 00 00 16 00 00 00
2026-07-26T17:06:12.268343,37.504,can0  041  [04]  1D 00 37 00
2026-07-26T17:06:12.268477,37.504,can0  204  [16]  9C 09 B1 FF 0F 95 1A DF 28 23 30 75 30 75 00 00
2026-07-26T17:06:12.370209,37.606,can0  206  [24]  85 0C C5 06 A8 0C 99 C6 D2 06 FD 0B 6B 0C 00 00 00 00 00 00 00 00 00 00
2026-07-26T17:06:12.370404,37.606,can0  204  [16]  9C 09 B1 FF 0F 95 1A DF 28 23 30 75 30 75 00 00
2026-07-26T17:06:12.370545,37.606,can0  040  [04]  03 00 26 00
2026-07-26T17:06:12.468231,37.704,can0  204  [16]  9C 09 B1 FF 0F 95 1A DF 28 23 30 75 30 75 00 00
2026-07-26T17:06:12.468386,37.704,can0  040  [04]  03 00 26 00
2026-07-26T17:06:12.468562,37.704,can0  204  [16]  9C 09 B1 FF 0F 95 1A DF 28 23 30 75 30 75 00 00
2026-07-26T17:06:12.470790,37.706,can0  206  [24]  85 0C C6 06 A8 0C 99 C6 D1 06 FD 0B 6B 0C 00 00 00 00 00 00 00 00 00 00
2026-07-26T17:06:12.568251,37.804,can0  204  [16]  9C 09 B1 FF 0F 95 1A DF 28 23 30 75 30 75 00 00
2026-07-26T17:06:12.568396,37.804,can0  041  [04]  1D 00 36 00
2026-07-26T17:06:12.568545,37.804,can0  204  [16]  9C 09 B1 FF 0F 95 1A DF 28 23 30 75 30 75 00 00
2026-07-26T17:06:12.670497,37.906,can0  206  [24]  7A 0C C6 06 A8 0C 99 C6 D1 06 02 0C 76 0C 00 00 00 00 00 00 00 00 00 00
2026-07-26T17:06:12.670681,37.906,can0  204  [16]  9C 09 B1 FF 0F 95 1A DF 28 23 30 75 30 75 00 00
2026-07-26T17:06:12.670812,37.906,can0  040  [04]  08 00 2A 00
2026-07-26T17:06:12.670937,37.906,can0  060  [32]  00 00 00 00 00 00 00 00 00 00 00 00 00 00 00 00 00 00 00 00 00 00 00 00 00 00 00 00 00 00 00 00
2026-07-26T17:06:12.767592,38.003,can0  204  [16]  9C 09 B1 FF 0F 95 1A DF 28 23 30 75 30 75 00 00
2026-07-26T17:06:12.767717,38.003,can0  060  [32]  00 00 00 00 C9 2C 4D 08 43 04 B8 10 00 00 10 0E FF 01 00 00 00 00 00 00 01 00 00 00 00 00 00 00
2026-07-26T17:06:12.768042,38.004,can0  040  [04]  08 00 2A 00
2026-07-26T17:06:12.768192,38.004,can0  204  [16]  9C 09 B1 FF 0F 95 1A DF 28 23 30 75 30 75 00 00
2026-07-26T17:06:12.768321,38.004,can0  110  [02]  1B 1B
2026-07-26T17:06:12.768451,38.004,can0  070  [20]  C9 2C 4D 08 EF AE 62 03 E0 2E 00 00 06 00 00 00 16 00 00 00
2026-07-26T17:06:12.869708,38.105,can0  206  [24]  7F 0C C7 06 A3 0C 99 C6 D0 06 02 0C 76 0C 00 00 00 00 00 00 00 00 00 00
2026-07-26T17:06:12.869867,38.105,can0  041  [04]  20 00 32 00
2026-07-26T17:06:12.870067,38.106,can0  204  [16]  9C 09 B1 FF 0F 95 1A DF 28 23 30 75 30 75 00 00
2026-07-26T17:06:12.870261,38.106,can0  204  [16]  9C 09 B1 FF 0F 95 1A DF 28 23 30 75 30 75 00 00
2026-07-26T17:06:12.870449,38.106,can0  070  [20]  C9 2C 4D 08 EF AE 62 03 E0 2E 00 00 06 00 00 00 16 00 00 00
2026-07-26T17:06:12.968295,38.204,can0  040  [04]  11 00 2E 00
2026-07-26T17:06:12.968526,38.204,can0  204  [16]  9C 09 B1 FF 0F 95 1A DF 28 23 30 75 30 75 00 00
2026-07-26T17:06:12.970776,38.206,can0  206  [24]  7F 0C C6 06 6B 0C 99 C6 D0 06 3F 0C 71 0C 00 00 00 00 00 00 00 00 00 00
2026-07-26T17:06:12.970928,38.206,can0  040  [04]  11 00 2E 00
2026-07-26T17:06:12.971084,38.207,can0  204  [16]  9C 09 B1 FF 0F 95 1A DF 28 23 30 75 30 75 00 00
2026-07-26T17:06:13.068333,38.304,can0  204  [16]  9C 09 B1 FF 0F 95 1A DF 28 23 30 75 30 75 00 00
2026-07-26T17:06:13.073796,38.309,can0  130  [00]
2026-07-26T17:06:13.073841,38.309,can0  041  [04]  15 00 2F 00
2026-07-26T17:06:13.168160,38.404,can0  204  [16]  9C 09 B1 FF 0F 95 1A DF 28 23 30 75 30 75 00 00
2026-07-26T17:06:13.170442,38.406,can0  206  [24]  7A 0C C5 06 6B 0C 99 C6 CF 06 3A 0C 76 0C 00 00 00 00 00 00 00 00 00 00
2026-07-26T17:06:13.170565,38.406,can0  131  [00]
2026-07-26T17:06:13.170707,38.406,can0  070  [20]  C9 2C 4D 08 EF AE 62 03 C8 32 00 00 06 00 00 00 2B 00 00 00
2026-07-26T17:06:13.170828,38.406,can0  100  [03]  A0 71 04
2026-07-26T17:06:13.171061,38.407,can0  120  [04]  1E 19 00 00
2026-07-26T17:06:13.171097,38.407,can0  204  [16]  9C 09 B1 FF 0F 95 1A DF 28 23 30 75 30 75 00 00
2026-07-26T17:06:13.171202,38.407,can0  040  [04]  18 00 2E 00
2026-07-26T17:06:13.268090,38.504,can0  070  [20]  C9 2C 4D 08 EF AE 62 03 C8 32 00 00 06 00 00 00 2A 00 00 00
2026-07-26T17:06:13.268502,38.504,can0  060  [32]  00 00 00 00 00 00 00 00 00 00 00 00 00 00 00 00 00 00 00 00 00 00 00 00 00 00 00 00 00 00 00 00
2026-07-26T17:06:13.268546,38.504,can0  204  [16]  9C 09 B1 FF 0F 95 1A DF 28 23 30 75 30 75 00 00
2026-07-26T17:06:13.268574,38.504,can0  040  [04]  18 00 2E 00
2026-07-26T17:06:13.268774,38.504,can0  204  [16]  9C 09 B1 FF 0F 95 1A DF 28 23 30 75 30 75 00 00
2026-07-26T17:06:13.270837,38.506,can0  206  [24]  7B 0C C5 06 66 0C 99 C6 CE 06 35 0C 7B 0C 00 00 00 00 00 00 00 00 00 00
2026-07-26T17:06:13.367545,38.603,can0  070  [20]  C9 2C 4D 08 EF AE 62 03 C8 32 00 00 06 00 00 00 2A 00 00 00
2026-07-26T17:06:13.367712,38.603,can0  204  [16]  9C 09 B1 FF 0F 95 1A DF 28 23 30 75 30 75 00 00
2026-07-26T17:06:13.368698,38.604,can0  041  [04]  16 00 2F 00
2026-07-26T17:06:13.471815,38.707,can0  204  [16]  9C 09 B1 FF 0F 95 1A DF 28 23 30 75 30 75 00 00
2026-07-26T17:06:13.471883,38.707,can0  204  [16]  9C 09 B1 FF 0F 95 1A DF 28 23 30 75 30 75 00 00
2026-07-26T17:06:13.471919,38.707,can0  206  [24]  75 0C C5 06 6B 0C 99 C6 CF 06 3A 0C 7B 0C 00 00 00 00 00 00 00 00 00 00
2026-07-26T17:06:13.472000,38.707,can0  040  [04]  14 00 30 00
2026-07-26T17:06:13.568390,38.804,can0  040  [04]  14 00 30 00
2026-07-26T17:06:13.568606,38.804,can0  204  [16]  9C 09 B1 FF 0F 95 1A DF 28 23 30 75 30 75 00 00
2026-07-26T17:06:13.568786,38.804,can0  204  [16]  9C 09 B1 FF 0F 95 1A DF 28 23 30 75 30 75 00 00
2026-07-26T17:06:13.668469,38.904,can0  041  [04]  17 00 34 00
2026-07-26T17:06:13.671685,38.907,can0  206  [24]  7B 0C C5 06 66 0C 99 C6 CF 06 3A 0C 7B 0C 00 00 00 00 00 00 00 00 00 00
2026-07-26T17:06:13.671871,38.907,can0  204  [16]  9C 09 B1 FF 0F 95 1A DF 28 23 30 75 30 75 00 00
2026-07-26T17:06:13.672012,38.907,can0  204  [16]  9C 09 B1 FF 0F 95 1A DF 28 23 30 75 30 75 00 00
2026-07-26T17:06:13.767533,39.003,can0  060  [32]  00 00 00 00 00 00 00 00 00 00 00 00 00 00 00 00 00 00 00 00 00 00 00 00 00 00 00 00 00 00 00 00
2026-07-26T17:06:13.767647,39.003,can0  060  [32]  00 00 00 00 C9 2C 4D 08 43 04 B8 10 00 00 10 0E FF 01 00 00 00 00 00 00 01 00 00 00 00 00 00 00
2026-07-26T17:06:13.768000,39.003,can0  040  [04]  0C 00 2D 00
2026-07-26T17:06:13.768306,39.004,can0  204  [16]  9C 09 B1 FF 0F 95 1A DF 28 23 30 75 30 75 00 00
2026-07-26T17:06:13.768442,39.004,can0  040  [04]  0C 00 2D 00
2026-07-26T17:06:13.776488,39.012,can0  206  [24]  7B 0C C6 06 58 0C 99 C6 CB 06 48 0C 7B 0C 00 00 00 00 00 00 00 00 00 00
2026-07-26T17:06:13.776547,39.012,can0  070  [20]  C9 2C 4D 08 EF AE 62 03 C8 32 00 00 06 00 00 00 2A 00 00 00
2026-07-26T17:06:13.868093,39.104,can0  204  [16]  9C 09 B1 FF 0F 95 1A DF 28 23 30 75 30 75 00 00
2026-07-26T17:06:13.868340,39.104,can0  204  [16]  9C 09 B1 FF 0F 95 1A DF 28 23 30 75 30 75 00 00
2026-07-26T17:06:13.868588,39.104,can0  041  [04]  19 00 39 00
2026-07-26T17:06:13.967717,39.203,can0  204  [16]  9C 09 B1 FF 0F 95 1A DF 28 23 30 75 30 75 00 00
2026-07-26T17:06:13.967823,39.203,can0  133  [00]
2026-07-26T17:06:13.970116,39.206,can0  206  [24]  7B 0C C7 06 58 0C 99 C6 CC 06 48 0C 7B 0C 00 00 00 00 00 00 00 00 00 00
2026-07-26T17:06:13.970415,39.206,can0  204  [16]  9C 09 B1 FF 0F 95 1A DF 28 23 30 75 30 75 00 00
2026-07-26T17:06:13.970442,39.206,can0  070  [20]  C9 2C 4D 08 EF AE 62 03 C8 32 00 00 06 00 00 00 2A 00 00 00
2026-07-26T17:06:13.970612,39.206,can0  040  [04]  02 00 31 00
2026-07-26T17:06:14.067846,39.303,can0  040  [04]  02 00 31 00
2026-07-26T17:06:14.067922,39.303,can0  204  [16]  9C 09 B1 FF 0F 95 1A DF 28 23 30 75 30 75 00 00
2026-07-26T17:06:14.167622,39.403,can0  204  [16]  9C 09 B1 FF 0F 95 1A DF 28 23 30 75 30 75 00 00
2026-07-26T17:06:14.169967,39.405,can0  206  [24]  7F 0C C7 06 4E 0C 99 C6 CC 06 52 0C 76 0C 00 00 00 00 00 00 00 00 00 00
2026-07-26T17:06:14.170234,39.406,can0  041  [04]  1C 00 38 00
2026-07-26T17:06:14.170422,39.406,can0  204  [16]  9C 09 B1 FF 0F 95 1A DF 28 23 30 75 30 75 00 00
2026-07-26T17:06:14.170607,39.406,can0  070  [20]  C9 2C 4D 08 F0 AE 62 03 B0 36 00 00 06 00 00 00 04 00 00 00
2026-07-26T17:06:14.268516,39.504,can0  070  [20]  C9 2C 4D 08 F0 AE 62 03 B0 36 00 00 06 00 00 00 04 00 00 00
2026-07-26T17:06:14.271452,39.507,can0  204  [16]  9C 09 B1 FF 0F 95 1A DF 28 23 30 75 30 75 00 00
2026-07-26T17:06:14.271497,39.507,can0  060  [32]  00 00 00 00 00 00 00 00 00 00 00 00 00 00 00 00 00 00 00 00 00 00 00 00 00 00 00 00 00 00 00 00
2026-07-26T17:06:14.271521,39.507,can0  040  [04]  03 00 31 00
2026-07-26T17:06:14.271540,39.507,can0  070  [20]  C9 2C 4D 08 F0 AE 62 03 B0 36 00 00 06 00 00 00 04 00 00 00
2026-07-26T17:06:14.271558,39.507,can0  204  [16]  9C 09 B1 FF 0F 95 1A DF 28 23 30 75 30 75 00 00
2026-07-26T17:06:14.271576,39.507,can0  206  [24]  7B 0C C6 06 4E 0C 99 C6 CD 06 4E 0C 7B 0C 00 00 00 00 00 00 00 00 00 00
2026-07-26T17:06:14.367975,39.603,can0  040  [04]  03 00 31 00
2026-07-26T17:06:14.368198,39.604,can0  204  [16]  9C 09 B1 FF 0F 95 1A DF 28 23 30 75 30 75 00 00
2026-07-26T17:06:14.368371,39.604,can0  100  [03]  9C 71 04
2026-07-26T17:06:14.372108,39.608,can0  110  [02]  1A 1B
2026-07-26T17:06:14.372143,39.608,can0  120  [04]  23 19 00 00
2026-07-26T17:06:14.372163,39.608,can0  204  [16]  9C 09 B1 FF 0F 95 1A DF 28 23 30 75 30 75 00 00
2026-07-26T17:06:14.468057,39.704,can0  041  [04]  20 00 32 00
2026-07-26T17:06:14.468276,39.704,can0  204  [16]  9C 09 B1 FF 0F 95 1A DF 28 23 30 75 30 75 00 00
2026-07-26T17:06:14.469106,39.705,can0  206  [24]  75 0C C6 06 53 0C 99 C6 CE 06 4E 0C 7B 0C 00 00 00 00 00 00 00 00 00 00
2026-07-26T17:06:14.568084,39.804,can0  204  [16]  9C 09 B1 FF 0F 95 1A DF 28 23 30 75 30 75 00 00
2026-07-26T17:06:14.568287,39.804,can0  040  [04]  05 00 2D 00
2026-07-26T17:06:14.568480,39.804,can0  204  [16]  9C 09 B1 FF 0F 95 1A DF 28 23 30 75 30 75 00 00
2026-07-26T17:06:14.573836,39.809,can0  040  [04]  05 00 2D 00
2026-07-26T17:06:14.670350,39.906,can0  206  [24]  75 0C C5 06 5D 0C 99 C6 D0 06 48 0C 7B 0C 00 00 00 00 00 00 00 00 00 00
2026-07-26T17:06:14.670548,39.906,can0  204  [16]  9C 09 B1 FF 0F 95 1A DF 28 23 30 75 30 75 00 00
2026-07-26T17:06:14.670685,39.906,can0  041  [04]  20 00 2D 00
2026-07-26T17:06:14.670837,39.906,can0  204  [16]  9C 09 B1 FF 0F 95 1A DF 28 23 30 75 30 75 00 00
2026-07-26T17:06:14.768299,40.004,can0  060  [32]  00 00 00 00 C9 2C 4D 08 45 04 B8 10 00 00 10 0E FF 01 00 00 00 00 00 00 01 00 00 00 00 00 00 00
2026-07-26T17:06:14.768671,40.004,can0  204  [16]  9C 09 B1 FF 0F 95 1A DF 28 23 30 75 30 75 00 00
2026-07-26T17:06:14.768853,40.004,can0  070  [20]  C9 2C 4D 08 F0 AE 62 03 B0 36 00 00 06 00 00 00 04 00 00 00
2026-07-26T17:06:14.771898,40.007,can0  206  [24]  75 0C C3 06 5D 0C 99 C6 D0 06 48 0C 7B 0C 00 00 00 00 00 00 00 00 00 00
2026-07-26T17:06:14.772098,40.008,can0  040  [04]  67 01 26 00
2026-07-26T17:06:14.875792,40.111,can0  204  [16]  9C 09 B1 FF 0F 95 1A DF 28 23 30 75 30 75 00 00
2026-07-26T17:06:14.876339,40.112,can0  040  [04]  67 01 26 00
2026-07-26T17:06:14.876410,40.112,can0  204  [16]  9C 09 B1 FF 0F 95 1A DF 28 23 30 75 30 75 00 00
2026-07-26T17:06:14.882645,40.118,can0  070  [20]  C9 2C 4D 08 F0 AE 62 03 B0 36 00 00 06 00 00 00 04 00 00 00
2026-07-26T17:06:14.967700,40.203,can0  204  [16]  9C 09 B1 FF 0F 95 1A DF 28 23 30 75 30 75 00 00
2026-07-26T17:06:14.967843,40.203,can0  041  [04]  22 00 2A 00
2026-07-26T17:06:14.971020,40.206,can0  206  [24]  75 0C C1 06 71 0C 99 C6 D0 06 35 0C 7B 0C 00 00 00 00 00 00 00 00 00 00
2026-07-26T17:06:14.971220,40.207,can0  204  [16]  9C 09 B1 FF 0F 95 1A DF 28 23 30 75 30 75 00 00
2026-07-26T17:06:15.068096,40.304,can0  204  [16]  9C 09 B1 FF 0F 95 1A DF 28 23 30 75 30 75 00 00
2026-07-26T17:06:15.068399,40.304,can0  040  [04]  05 00 23 00
2026-07-26T17:06:15.068682,40.304,can0  204  [16]  9C 09 B1 FF 0F 95 1A DF 28 23 30 75 30 75 00 00
2026-07-26T17:06:15.167503,40.403,can0  040  [04]  05 00 23 00
2026-07-26T17:06:15.170738,40.406,can0  206  [24]  75 0C C4 06 71 0C 99 C6 CF 06 35 0C 7B 0C 00 00 00 00 00 00 00 00 00 00
2026-07-26T17:06:15.170808,40.406,can0  204  [16]  9C 09 B1 FF 0F 95 1A DF 28 23 30 75 30 75 00 00
2026-07-26T17:06:15.170829,40.406,can0  070  [20]  C9 2C 4D 08 F2 AE 62 03 98 3A 00 00 06 00 00 00 11 00 00 00
2026-07-26T17:06:15.267881,40.503,can0  070  [20]  C9 2C 4D 08 F2 AE 62 03 98 3A 00 00 06 00 00 00 11 00 00 00
2026-07-26T17:06:15.268103,40.504,can0  041  [04]  1E 00 27 00
2026-07-26T17:06:15.268356,40.504,can0  204  [16]  9C 09 B1 FF 0F 95 1A DF 28 23 30 75 30 75 00 00
2026-07-26T17:06:15.275292,40.511,can0  060  [32]  00 00 00 00 00 00 00 00 00 00 00 00 00 00 00 00 00 00 00 00 00 00 00 00 00 00 00 00 00 00 00 00
2026-07-26T17:06:15.275336,40.511,can0  204  [16]  9C 09 B1 FF 0F 95 1A DF 28 23 30 75 30 75 00 00
2026-07-26T17:06:15.275357,40.511,can0  206  [24]  7A 0C C5 06 76 0C 99 C6 D0 06 30 0C 76 0C 00 00 00 00 00 00 00 00 00 00
2026-07-26T17:06:15.275376,40.511,can0  070  [20]  C9 2C 4D 08 F2 AE 62 03 98 3A 00 00 06 00 00 00 11 00 00 00
2026-07-26T17:06:15.367994,40.603,can0  060  [32]  C0 8C B3 0E B3 E2 4D 08 A9 F9 62 03 AF 00 D5 0A 16 01 80 00 00 00 00 00 01 00 00 00 00 00 00 00
2026-07-26T17:06:15.368417,40.604,can0  040  [04]  0A 00 27 00
2026-07-26T17:06:15.368616,40.604,can0  204  [16]  9C 09 B1 FF 0F 95 1A DF 28 23 30 75 30 75 00 00
2026-07-26T17:06:15.368812,40.604,can0  040  [04]  0A 00 27 00
2026-07-26T17:06:15.368979,40.604,can0  204  [16]  9C 09 B1 FF 0F 95 1A DF 28 23 30 75 30 75 00 00
2026-07-26T17:06:15.468390,40.704,can0  204  [16]  9C 09 B1 FF 0F 95 1A DF 28 23 30 75 30 75 00 00
2026-07-26T17:06:15.470961,40.706,can0  206  [24]  7A 0C C7 06 76 0C 99 C6 D0 06 30 0C 76 0C 00 00 00 00 00 00 00 00 00 00
2026-07-26T17:06:15.471245,40.707,can0  041  [04]  17 00 21 00
2026-07-26T17:06:15.471453,40.707,can0  204  [16]  9C 09 B1 FF 0F 95 1A DF 28 23 30 75 30 75 00 00
2026-07-26T17:06:15.568209,40.804,can0  100  [03]  96 71 04
2026-07-26T17:06:15.568390,40.804,can0  120  [04]  24 19 00 00
2026-07-26T17:06:15.568747,40.804,can0  204  [16]  9C 09 B1 FF 0F 95 1A DF 28 23 30 75 30 75 00 00
2026-07-26T17:06:15.568780,40.804,can0  040  [04]  10 00 2C 00
2026-07-26T17:06:15.670404,40.906,can0  206  [24]  85 0C C8 06 6B 0C 99 C6 CF 06 30 0C 76 0C 00 00 00 00 00 00 00 00 00 00
2026-07-26T17:06:15.670637,40.906,can0  204  [16]  9C 09 B1 FF 0F 95 1A DF 28 23 30 75 30 75 00 00
2026-07-26T17:06:15.670804,40.906,can0  040  [04]  10 00 2C 00
2026-07-26T17:06:15.670995,40.906,can0  204  [16]  9C 09 B1 FF 0F 95 1A DF 28 23 30 75 30 75 00 00
2026-07-26T17:06:15.768351,41.004,can0  204  [16]  9C 09 B1 FF 0F 95 1A DF 28 23 30 75 30 75 00 00
2026-07-26T17:06:15.768937,41.004,can0  041  [04]  0D 00 1F 00
2026-07-26T17:06:15.771042,41.007,can0  206  [24]  8A 0C C8 06 61 0C 99 C6 CF 06 3F 0C 71 0C 00 00 00 00 00 00 00 00 00 00
2026-07-26T17:06:15.771294,41.007,can0  204  [16]  9C 09 B1 FF 0F 95 1A DF 28 23 30 75 30 75 00 00
2026-07-26T17:06:15.771685,41.007,can0  070  [20]  C9 2C 4D 08 F2 AE 62 03 98 3A 00 00 06 00 00 00 11 00 00 00
2026-07-26T17:06:15.867771,41.103,can0  040  [04]  09 00 2E 00
2026-07-26T17:06:15.868035,41.104,can0  204  [16]  9C 09 B1 FF 0F 95 1A DF 28 23 30 75 30 75 00 00
2026-07-26T17:06:15.868233,41.104,can0  070  [20]  C9 2C 4D 08 F2 AE 62 03 98 3A 00 00 06 00 00 00 11 00 00 00
2026-07-26T17:06:15.968148,41.204,can0  204  [16]  9C 09 B1 FF 0F 95 1A DF 28 23 30 75 30 75 00 00
2026-07-26T17:06:15.968302,41.204,can0  040  [04]  09 00 2E 00
2026-07-26T17:06:15.970982,41.206,can0  206  [24]  85 0C C6 06 61 0C 99 C6 CF 06 3F 0C 76 0C 00 00 00 00 00 00 00 00 00 00
2026-07-26T17:06:15.971035,41.207,can0  110  [02]  1B 1B
2026-07-26T17:06:15.975511,41.211,can0  204  [16]  9C 09 B1 FF 0F 95 1A DF 28 23 30 75 30 75 00 00
2026-07-26T17:06:16.068107,41.304,can0  041  [04]  0B 00 23 00
2026-07-26T17:06:16.068449,41.304,can0  204  [16]  9C 09 B1 FF 0F 95 1A DF 28 23 30 75 30 75 00 00
2026-07-26T17:06:16.068657,41.304,can0  204  [16]  9C 09 B1 FF 0F 95 1A DF 28 23 30 75 30 75 00 00
2026-07-26T17:06:16.170632,41.406,can0  206  [24]  85 0C C6 06 66 0C 99 C6 CE 06 3A 0C 76 0C 00 00 00 00 00 00 00 00 00 00
2026-07-26T17:06:16.170788,41.406,can0  040  [04]  02 00 2A 00
2026-07-26T17:06:16.170948,41.406,can0  204  [16]  9C 09 B1 FF 0F 95 1A DF 28 23 30 75 30 75 00 00
2026-07-26T17:06:16.171097,41.407,can0  070  [20]  C9 2C 4D 08 F2 AE 62 03 80 3E 00 00 06 00 00 00 0D 00 00 00
2026-07-26T17:06:16.171213,41.407,can0  040  [04]  02 00 2A 00
2026-07-26T17:06:16.171337,41.407,can0  070  [20]  C9 2C 4D 08 F2 AE 62 03 80 3E 00 00 06 00 00 00 0E 00 00 00
2026-07-26T17:06:16.176327,41.412,can0  204  [16]  9C 09 B1 FF 0F 95 1A DF 28 23 30 75 30 75 00 00
2026-07-26T17:06:16.268409,41.504,can0  204  [16]  9C 09 B1 FF 0F 95 1A DF 28 23 30 75 30 75 00 00
2026-07-26T17:06:16.268623,41.504,can0  041  [04]  13 00 28 00
2026-07-26T17:06:16.268829,41.504,can0  070  [20]  C9 2C 4D 08 F2 AE 62 03 80 3E 00 00 06 00 00 00 0E 00 00 00
2026-07-26T17:06:16.270928,41.506,can0  206  [24]  85 0C C4 06 66 0C 99 C6 CE 06 3A 0C 76 0C 00 00 00 00 00 00 00 00 00 00
2026-07-26T17:06:16.368298,41.604,can0  204  [16]  9C 09 B1 FF 0F 95 1A DF 28 23 30 75 30 75 00 00
2026-07-26T17:06:16.368545,41.604,can0  204  [16]  9C 09 B1 FF 0F 95 1A DF 28 23 30 75 30 75 00 00
2026-07-26T17:06:16.368698,41.604,can0  040  [04]  65 01 21 00
2026-07-26T17:06:16.467841,41.703,can0  204  [16]  9C 09 B1 FF 0F 95 1A DF 28 23 30 75 30 75 00 00
2026-07-26T17:06:16.468023,41.703,can0  040  [04]  65 01 21 00
2026-07-26T17:06:16.470526,41.706,can0  206  [24]  7F 0C C4 06 6B 0C 99 C6 CE 06 35 0C 76 0C 00 00 00 00 00 00 00 00 00 00
2026-07-26T17:06:16.470710,41.706,can0  204  [16]  9C 09 B1 FF 0F 95 1A DF 28 23 30 75 30 75 00 00
2026-07-26T17:06:16.567921,41.803,can0  041  [04]  19 00 2A 00
2026-07-26T17:06:16.568144,41.804,can0  204  [16]  9C 09 B1 FF 0F 95 1A DF 28 23 30 75 30 75 00 00
2026-07-26T17:06:16.670565,41.906,can0  206  [24]  7F 0C C1 06 6B 0C 99 C6 CD 06 35 0C 76 0C 00 00 00 00 00 00 00 00 00 00
2026-07-26T17:06:16.670634,41.906,can0  204  [16]  9C 09 B1 FF 0F 95 1A DF 28 23 30 75 30 75 00 00
2026-07-26T17:06:16.670658,41.906,can0  040  [04]  5C 01 1C 00
2026-07-26T17:06:16.670769,41.906,can0  204  [16]  9C 09 B1 FF 0F 95 1A DF 28 23 30 75 30 75 00 00
2026-07-26T17:06:16.670954,41.906,can0  040  [04]  5C 01 1C 00
2026-07-26T17:06:16.768003,42.003,can0  204  [16]  9C 09 B1 FF 0F 95 1A DF 28 23 30 75 30 75 00 00
2026-07-26T17:06:16.768153,42.004,can0  060  [32]  00 00 00 00 C9 2C 4D 08 47 04 B8 10 00 00 10 0E FF 01 00 00 00 00 00 00 01 00 00 00 00 00 00 00
2026-07-26T17:06:16.768577,42.004,can0  100  [03]  91 71 04
2026-07-26T17:06:16.768884,42.004,can0  120  [04]  27 19 00 00
2026-07-26T17:06:16.768911,42.004,can0  070  [20]  C9 2C 4D 08 F2 AE 62 03 80 3E 00 00 06 00 00 00 0E 00 00 00
2026-07-26T17:06:16.775739,42.011,can0  206  [24]  7F 0C C4 06 6B 0C 99 C6 CF 06 35 0C 76 0C 00 00 00 00 00 00 00 00 00 00
2026-07-26T17:06:16.775771,42.011,can0  204  [16]  9C 09 B1 FF 0F 95 1A DF 28 23 30 75 30 75 00 00
2026-07-26T17:06:16.868286,42.104,can0  041  [04]  1E 00 2C 00
2026-07-26T17:06:16.868531,42.104,can0  204  [16]  9C 09 B1 FF 0F 95 1A DF 28 23 30 75 30 75 00 00
2026-07-26T17:06:16.868955,42.104,can0  070  [20]  C9 2C 4D 08 F2 AE 62 03 80 3E 00 00 06 00 00 00 0E 00 00 00
2026-07-26T17:06:16.969144,42.205,can0  204  [16]  9C 09 B1 FF 0F 95 1A DF 28 23 30 75 30 75 00 00
2026-07-26T17:06:16.969541,42.205,can0  040  [04]  65 01 1E 00
2026-07-26T17:06:16.971721,42.207,can0  206  [24]  7F 0C C4 06 6B 0C 99 C6 CF 06 35 0C 76 0C 00 00 00 00 00 00 00 00 00 00
2026-07-26T17:06:16.971906,42.207,can0  040  [04]  65 01 1E 00
2026-07-26T17:06:16.972097,42.208,can0  204  [16]  9C 09 B1 FF 0F 95 1A DF 28 23 30 75 30 75 00 00
2026-07-26T17:06:17.067668,42.303,can0  204  [16]  9C 09 B1 FF 0F 95 1A DF 28 23 30 75 30 75 00 00
2026-07-26T17:06:17.067858,42.303,can0  041  [04]  20 00 2D 00
2026-07-26T17:06:17.068146,42.304,can0  204  [16]  9C 09 B1 FF 0F 95 1A DF 28 23 30 75 30 75 00 00
2026-07-26T17:06:17.170833,42.406,can0  206  [24]  8A 0C C5 06 57 0C 99 C6 D0 06 3A 0C 7B 0C 00 00 00 00 00 00 00 00 00 00
2026-07-26T17:06:17.178316,42.414,can0  204  [16]  9C 09 B1 FF 0F 95 1A DF 28 23 30 75 30 75 00 00
2026-07-26T17:06:17.178619,42.414,can0  070  [20]  C9 2C 4D 08 F2 AE 62 03 68 42 00 00 06 00 00 00 25 00 00 00
2026-07-26T17:06:17.178862,42.414,can0  040  [04]  03 00 22 00
2026-07-26T17:06:17.179080,42.415,can0  204  [16]  9C 09 B1 FF 0F 95 1A DF 28 23 30 75 30 75 00 00
2026-07-26T17:06:17.185739,42.421,can0  070  [20]  C9 2C 4D 08 F2 AE 62 03 68 42 00 00 06 00 00 00 24 00 00 00
2026-07-26T17:06:17.267408,42.503,can0  040  [04]  03 00 22 00
2026-07-26T17:06:17.267619,42.503,can0  060  [32]  00 00 00 00 00 00 00 00 00 00 00 00 00 00 00 00 00 00 00 00 00 00 00 00 00 00 00 00 00 00 00 00
2026-07-26T17:06:17.267838,42.503,can0  204  [16]  9C 09 B1 FF 0F 95 1A DF 28 23 30 75 30 75 00 00
2026-07-26T17:06:17.271135,42.507,can0  206  [24]  7F 0C C8 06 5D 0C 99 C6 D1 06 3A 0C 7F 0C 00 00 00 00 00 00 00 00 00 00
2026-07-26T17:06:17.276682,42.512,can0  070  [20]  C9 2C 4D 08 F2 AE 62 03 68 42 00 00 06 00 00 00 24 00 00 00
2026-07-26T17:06:17.368194,42.604,can0  204  [16]  9C 09 B1 FF 0F 95 1A DF 28 23 30 75 30 75 00 00
2026-07-26T17:06:17.368377,42.604,can0  041  [04]  1F 00 29 00
2026-07-26T17:06:17.368536,42.604,can0  204  [16]  9C 09 B1 FF 0F 95 1A DF 28 23 30 75 30 75 00 00
2026-07-26T17:06:17.468303,42.704,can0  204  [16]  9C 09 B1 FF 0F 95 1A DF 28 23 30 75 30 75 00 00
2026-07-26T17:06:17.471401,42.707,can0  206  [24]  84 0C C9 06 5D 0C 99 C6 D1 06 3A 0C 7B 0C 00 00 00 00 00 00 00 00 00 00
2026-07-26T17:06:17.471642,42.707,can0  040  [04]  0B 00 26 00
2026-07-26T17:06:17.471747,42.707,can0  204  [16]  9C 09 B1 FF 0F 95 1A DF 28 23 30 75 30 75 00 00
2026-07-26T17:06:17.567525,42.803,can0  040  [04]  0B 00 26 00
2026-07-26T17:06:17.567720,42.803,can0  204  [16]  9C 09 B1 FF 0F 95 1A DF 28 23 30 75 30 75 00 00
2026-07-26T17:06:17.567847,42.803,can0  110  [02]  1C 1B
2026-07-26T17:06:17.568002,42.803,can0  041  [04]  1B 00 23 00
2026-07-26T17:06:17.570325,42.806,can0  206  [24]  7F 0C C9 06 5D 0C 99 C6 D1 06 3F 0C 7F 0C 00 00 00 00 00 00 00 00 00 00
2026-07-26T17:06:17.667852,42.903,can0  204  [16]  9C 09 B1 FF 0F 95 1A DF 28 23 30 75 30 75 00 00
2026-07-26T17:06:17.668011,42.903,can0  204  [16]  9C 09 B1 FF 0F 95 1A DF 28 23 30 75 30 75 00 00
2026-07-26T17:06:17.767831,43.003,can0  204  [16]  9C 09 B1 FF 0F 95 1A DF 28 23 30 75 30 75 00 00
2026-07-26T17:06:17.767983,43.003,can0  040  [04]  19 00 27 00
2026-07-26T17:06:17.768130,43.004,can0  060  [32]  00 00 00 00 00 00 00 00 00 00 00 00 00 00 00 00 00 00 00 00 00 00 00 00 00 00 00 00 00 00 00 00
2026-07-26T17:06:17.770465,43.006,can0  206  [24]  7B 0C C9 06 61 0C 99 C6 D0 06 3F 0C 7F 0C 00 00 00 00 00 00 00 00 00 00
2026-07-26T17:06:17.770582,43.006,can0  060  [32]  00 00 00 00 C9 2C 4D 08 47 04 B8 10 00 00 10 0E FF 01 00 00 00 00 00 00 01 00 00 00 00 00 00 00
2026-07-26T17:06:17.770868,43.006,can0  040  [04]  19 00 27 00
2026-07-26T17:06:17.771000,43.006,can0  204  [16]  9C 09 B1 FF 0F 95 1A DF 28 23 30 75 30 75 00 00
2026-07-26T17:06:17.771247,43.007,can0  070  [20]  C9 2C 4D 08 F2 AE 62 03 68 42 00 00 06 00 00 00 24 00 00 00
2026-07-26T17:06:17.868052,43.104,can0  204  [16]  9C 09 B1 FF 0F 95 1A DF 28 23 30 75 30 75 00 00
2026-07-26T17:06:17.868222,43.104,can0  041  [04]  10 00 1D 00
2026-07-26T17:06:17.868399,43.104,can0  070  [20]  C9 2C 4D 08 F2 AE 62 03 68 42 00 00 06 00 00 00 24 00 00 00
2026-07-26T17:06:17.868604,43.104,can0  204  [16]  9C 09 B1 FF 0F 95 1A DF 28 23 30 75 30 75 00 00
2026-07-26T17:06:17.970007,43.205,can0  206  [24]  75 0C C9 06 66 0C 99 C6 CF 06 44 0C 7B 0C 00 00 00 00 00 00 00 00 00 00
2026-07-26T17:06:17.970266,43.206,can0  204  [16]  9C 09 B1 FF 0F 95 1A DF 28 23 30 75 30 75 00 00
2026-07-26T17:06:17.970403,43.206,can0  100  [03]  8B 71 04
2026-07-26T17:06:17.970549,43.206,can0  120  [04]  26 19 00 00
2026-07-26T17:06:17.975576,43.211,can0  040  [04]  0D 00 1D 00
2026-07-26T17:06:18.067720,43.303,can0  204  [16]  9C 09 B1 FF 0F 95 1A DF 28 23 30 75 30 75 00 00
2026-07-26T17:06:18.067865,43.303,can0  040  [04]  0D 00 1D 00
2026-07-26T17:06:18.068017,43.303,can0  204  [16]  9C 09 B1 FF 0F 95 1A DF 28 23 30 75 30 75 00 00
2026-07-26T17:06:18.070354,43.306,can0  206  [24]  7F 0C C7 06 66 0C 99 C6 CF 06 44 0C 71 0C 00 00 00 00 00 00 00 00 00 00
2026-07-26T17:06:18.167898,43.403,can0  204  [16]  9C 09 B1 FF 0F 95 1A DF 28 23 30 75 30 75 00 00
2026-07-26T17:06:18.168047,43.404,can0  041  [04]  0B 00 1D 00
2026-07-26T17:06:18.168479,43.404,can0  070  [20]  C9 2C 4D 08 F4 AE 62 03 50 46 00 00 06 00 00 00 1E 00 00 00
2026-07-26T17:06:18.168661,43.404,can0  204  [16]  9C 09 B1 FF 0F 95 1A DF 28 23 30 75 30 75 00 00
2026-07-26T17:06:18.168798,43.404,can0  070  [20]  C9 2C 4D 08 F4 AE 62 03 50 46 00 00 06 00 00 00 1D 00 00 00
2026-07-26T17:06:18.267869,43.503,can0  204  [16]  9C 09 B1 FF 0F 95 1A DF 28 23 30 75 30 75 00 00
2026-07-26T17:06:18.268019,43.503,can0  040  [04]  0F 00 1E 00
2026-07-26T17:06:18.270442,43.506,can0  206  [24]  7F 0C C7 06 66 0C 99 C6 D1 06 44 0C 71 0C 00 00 00 00 00 00 00 00 00 00
2026-07-26T17:06:18.270619,43.506,can0  070  [20]  C9 2C 4D 08 F4 AE 62 03 50 46 00 00 06 00 00 00 1D 00 00 00
2026-07-26T17:06:18.270748,43.506,can0  060  [32]  00 00 00 00 00 00 00 00 00 00 00 00 00 00 00 00 00 00 00 00 00 00 00 00 00 00 00 00 00 00 00 00
2026-07-26T17:06:18.270862,43.506,can0  040  [04]  0F 00 1E 00
2026-07-26T17:06:18.368173,43.604,can0  204  [16]  9C 09 B1 FF 0F 95 1A DF 28 23 30 75 30 75 00 00
2026-07-26T17:06:18.368310,43.604,can0  204  [16]  9C 09 B1 FF 0F 95 1A DF 28 23 30 75 30 75 00 00
2026-07-26T17:06:18.368450,43.604,can0  041  [04]  0D 00 1E 00
2026-07-26T17:06:18.469990,43.705,can0  204  [16]  9C 09 B1 FF 0F 95 1A DF 28 23 30 75 30 75 00 00
2026-07-26T17:06:18.473137,43.709,can0  206  [24]  7F 0C C7 06 66 0C 99 C6 D1 06 3A 0C 71 0C 00 00 00 00 00 00 00 00 00 00
2026-07-26T17:06:18.473377,43.709,can0  204  [16]  9C 09 B1 FF 0F 95 1A DF 28 23 30 75 30 75 00 00
2026-07-26T17:06:18.575664,43.811,can0  040  [04]  0D 00 1E 00
2026-07-26T17:06:18.575832,43.811,can0  204  [16]  9C 09 B1 FF 0F 95 1A DF 28 23 30 75 30 75 00 00
2026-07-26T17:06:18.575970,43.811,can0  040  [04]  0D 00 1E 00
2026-07-26T17:06:18.578252,43.814,can0  206  [24]  85 0C C7 06 66 0C 99 C6 D1 06 3F 0C 6B 0C 00 00 00 00 00 00 00 00 00 00
2026-07-26T17:06:18.578484,43.814,can0  204  [16]  9C 09 B1 FF 0F 95 1A DF 28 23 30 75 30 75 00 00
2026-07-26T17:06:18.668415,43.904,can0  204  [16]  9C 09 B1 FF 0F 95 1A DF 28 23 30 75 30 75 00 00
2026-07-26T17:06:18.668626,43.904,can0  041  [04]  0F 00 21 00
2026-07-26T17:06:18.768450,44.004,can0  204  [16]  9C 09 B1 FF 0F 95 1A DF 28 23 30 75 30 75 00 00
2026-07-26T17:06:18.770856,44.006,can0  206  [24]  7F 0C C6 06 66 0C 99 C6 D0 06 3F 0C 71 0C 00 00 00 00 00 00 00 00 00 00
2026-07-26T17:06:18.771027,44.006,can0  060  [32]  00 00 00 00 C9 2C 4D 08 48 04 B8 10 00 00 10 0E FF 01 00 00 00 00 00 00 01 00 00 00 00 00 00 00
2026-07-26T17:06:18.776953,44.012,can0  070  [20]  C9 2C 4D 08 F4 AE 62 03 50 46 00 00 06 00 00 00 1D 00 00 00
2026-07-26T17:06:18.777009,44.012,can0  040  [04]  12 00 20 00
2026-07-26T17:06:18.777041,44.013,can0  204  [16]  9C 09 B1 FF 0F 95 1A DF 28 23 30 75 30 75 00 00
2026-07-26T17:06:18.867619,44.103,can0  204  [16]  9C 09 B1 FF 0F 95 1A DF 28 23 30 75 30 75 00 00
2026-07-26T17:06:18.867790,44.103,can0  040  [04]  12 00 20 00
2026-07-26T17:06:18.867977,44.103,can0  204  [16]  9C 09 B1 FF 0F 95 1A DF 28 23 30 75 30 75 00 00
2026-07-26T17:06:18.868196,44.104,can0  070  [20]  C9 2C 4D 08 F4 AE 62 03 50 46 00 00 06 00 00 00 1D 00 00 00
2026-07-26T17:06:18.970069,44.206,can0  206  [24]  7A 0C C6 06 6B 0C 99 C6 D0 06 3A 0C 76 0C 00 00 00 00 00 00 00 00 00 00
2026-07-26T17:06:18.970357,44.206,can0  041  [04]  0C 00 21 00
2026-07-26T17:06:18.970574,44.206,can0  204  [16]  9C 09 B1 FF 0F 95 1A DF 28 23 30 75 30 75 00 00
2026-07-26T17:06:19.067822,44.303,can0  204  [16]  9C 09 B1 FF 0F 95 1A DF 28 23 30 75 30 75 00 00
2026-07-26T17:06:19.068010,44.303,can0  040  [04]  1C 00 21 00
2026-07-26T17:06:19.068231,44.304,can0  204  [16]  9C 09 B1 FF 0F 95 1A DF 28 23 30 75 30 75 00 00
2026-07-26T17:06:19.071374,44.307,can0  206  [24]  7F 0C C5 06 6B 0C 99 C6 CE 06 3A 0C 71 0C 00 00 00 00 00 00 00 00 00 00
2026-07-26T17:06:19.071554,44.307,can0  040  [04]  1C 00 21 00
2026-07-26T17:06:19.179541,44.415,can0  204  [16]  9C 09 B1 FF 0F 95 1A DF 28 23 30 75 30 75 00 00
2026-07-26T17:06:19.179668,44.415,can0  100  [03]  84 71 04
2026-07-26T17:06:19.179783,44.415,can0  110  [02]  1C 1B
2026-07-26T17:06:19.179910,44.415,can0  120  [04]  17 19 00 00
2026-07-26T17:06:19.180409,44.416,can0  070  [20]  C9 2C 4D 08 F5 AE 62 03 38 4A 00 00 06 00 00 00 07 00 00 00
2026-07-26T17:06:19.180949,44.416,can0  204  [16]  9C 09 B1 FF 0F 95 1A DF 28 23 30 75 30 75 00 00
2026-07-26T17:06:19.181291,44.417,can0  041  [04]  12 00 22 00
2026-07-26T17:06:19.186902,44.422,can0  070  [20]  C9 2C 4D 08 F5 AE 62 03 38 4A 00 00 06 00 00 00 08 00 00 00
2026-07-26T17:06:19.267824,44.503,can0  204  [16]  9C 09 B1 FF 0F 95 1A DF 28 23 30 75 30 75 00 00
2026-07-26T17:06:19.270320,44.506,can0  206  [24]  85 0C C6 06 6B 0C 99 C6 CD 06 3A 0C 6B 0C 00 00 00 00 00 00 00 00 00 00
2026-07-26T17:06:19.270481,44.506,can0  060  [32]  00 00 00 00 00 00 00 00 00 00 00 00 00 00 00 00 00 00 00 00 00 00 00 00 00 00 00 00 00 00 00 00
2026-07-26T17:06:19.270623,44.506,can0  070  [20]  C9 2C 4D 08 F5 AE 62 03 38 4A 00 00 06 00 00 00 08 00 00 00
2026-07-26T17:06:19.270768,44.506,can0  204  [16]  9C 09 B1 FF 0F 95 1A DF 28 23 30 75 30 75 00 00
2026-07-26T17:06:19.368407,44.604,can0  040  [04]  12 00 20 00
2026-07-26T17:06:19.368500,44.604,can0  204  [16]  9C 09 B1 FF 0F 95 1A DF 28 23 30 75 30 75 00 00
2026-07-26T17:06:19.368535,44.604,can0  040  [04]  12 00 20 00
2026-07-26T17:06:19.468219,44.704,can0  204  [16]  9C 09 B1 FF 0F 95 1A DF 28 23 30 75 30 75 00 00
2026-07-26T17:06:19.470748,44.706,can0  206  [24]  7B 0C C5 06 67 0C 99 C6 CF 06 3F 0C 71 0C 00 00 00 00 00 00 00 00 00 00
2026-07-26T17:06:19.470894,44.706,can0  041  [04]  18 00 27 00
2026-07-26T17:06:19.471083,44.707,can0  204  [16]  9C 09 B1 FF 0F 95 1A DF 28 23 30 75 30 75 00 00
2026-07-26T17:06:19.568301,44.804,can0  204  [16]  9C 09 B1 FF 0F 95 1A DF 28 23 30 75 30 75 00 00
2026-07-26T17:06:19.568533,44.804,can0  040  [04]  0B 00 1C 00
2026-07-26T17:06:19.568716,44.804,can0  204  [16]  9C 09 B1 FF 0F 95 1A DF 28 23 30 75 30 75 00 00
2026-07-26T17:06:19.571075,44.807,can0  206  [24]  7F 0C C5 06 66 0C 99 C6 D1 06 3A 0C 71 0C 00 00 00 00 00 00 00 00 00 00
2026-07-26T17:06:19.668261,44.904,can0  040  [04]  0B 00 1C 00
2026-07-26T17:06:19.668533,44.904,can0  204  [16]  9C 09 B1 FF 0F 95 1A DF 28 23 30 75 30 75 00 00
2026-07-26T17:06:19.768465,45.004,can0  204  [16]  9C 09 B1 FF 0F 95 1A DF 28 23 30 75 30 75 00 00
2026-07-26T17:06:19.768654,45.004,can0  041  [04]  18 00 31 00
2026-07-26T17:06:19.771912,45.007,can0  206  [24]  7F 0C C9 06 66 0C 99 C6 D0 06 3A 0C 71 0C 00 00 00 00 00 00 00 00 00 00
2026-07-26T17:06:19.772155,45.008,can0  204  [16]  9C 09 B1 FF 0F 95 1A DF 28 23 30 75 30 75 00 00
2026-07-26T17:06:19.772371,45.008,can0  060  [32]  00 00 00 00 00 00 00 00 00 00 00 00 00 00 00 00 00 00 00 00 00 00 00 00 00 00 00 00 00 00 00 00
2026-07-26T17:06:19.772537,45.008,can0  060  [32]  00 00 00 00 C9 2C 4D 08 4A 04 B8 10 00 00 10 0E FF 01 00 00 00 00 00 00 01 00 00 00 00 00 00 00
2026-07-26T17:06:19.772927,45.008,can0  070  [20]  C9 2C 4D 08 F5 AE 62 03 38 4A 00 00 06 00 00 00 08 00 00 00
2026-07-26T17:06:19.883601,45.119,can0  204  [16]  9C 09 B1 FF 0F 95 1A DF 28 23 30 75 30 75 00 00
2026-07-26T17:06:19.883783,45.119,can0  040  [04]  0F 00 1C 00
2026-07-26T17:06:19.884004,45.119,can0  204  [16]  9C 09 B1 FF 0F 95 1A DF 28 23 30 75 30 75 00 00
2026-07-26T17:06:19.884204,45.120,can0  070  [20]  C9 2C 4D 08 F5 AE 62 03 38 4A 00 00 06 00 00 00 08 00 00 00
2026-07-26T17:06:19.884394,45.120,can0  040  [04]  0F 00 1C 00
2026-07-26T17:06:19.990048,45.226,can0  206  [24]  75 0C CB 06 6B 0C 59 CC D0 06 35 0C 7B 0C 00 00 00 00 00 00 00 00 00 00
2026-07-26T17:06:19.990260,45.226,can0  204  [16]  9C 09 B1 FF 0F 95 1A DF 28 23 30 75 30 75 00 00
2026-07-26T17:06:19.990399,45.226,can0  041  [04]  1B 00 34 00
2026-07-26T17:06:19.990559,45.226,can0  204  [16]  9C 09 B1 FF 0F 95 1A DF 28 23 30 75 30 75 00 00
2026-07-26T17:06:20.067589,45.303,can0  132  [00]
2026-07-26T17:06:20.067760,45.303,can0  204  [16]  9C 09 B1 FF 0F 95 1A DF 28 23 30 75 30 75 00 00
2026-07-26T17:06:20.070201,45.306,can0  206  [24]  71 0C CB 06 6B 0C 59 CC D2 06 35 0C 7F 0C 00 00 00 00 00 00 00 00 00 00
2026-07-26T17:06:20.167712,45.403,can0  040  [04]  0A 00 1D 00
2026-07-26T17:06:20.167938,45.403,can0  204  [16]  9C 09 B1 FF 0F 95 1A DF 28 23 30 75 30 75 00 00
2026-07-26T17:06:20.170147,45.406,can0  040  [04]  0A 00 1D 00
2026-07-26T17:06:20.170204,45.406,can0  204  [16]  9C 09 B1 FF 0F 95 1A DF 28 23 30 75 30 75 00 00
2026-07-26T17:06:20.170242,45.406,can0  070  [20]  C9 2C 4D 08 F5 AE 62 03 20 4E 00 00 06 00 00 00 1C 00 00 00
2026-07-26T17:06:20.170279,45.406,can0  070  [20]  C9 2C 4D 08 F5 AE 62 03 20 4E 00 00 06 00 00 00 1B 00 00 00
2026-07-26T17:06:20.268019,45.503,can0  204  [16]  9C 09 B1 FF 0F 95 1A DF 28 23 30 75 30 75 00 00
2026-07-26T17:06:20.270370,45.506,can0  206  [24]  76 0C CB 06 6B 0C 59 CC D1 06 30 0C 7F 0C 00 00 00 00 00 00 00 00 00 00
2026-07-26T17:06:20.270557,45.506,can0  041  [04]  1A 00 32 00
2026-07-26T17:06:20.270931,45.506,can0  070  [20]  C9 2C 4D 08 F5 AE 62 03 20 4E 00 00 06 00 00 00 1B 00 00 00
2026-07-26T17:06:20.271200,45.507,can0  204  [16]  9C 09 B1 FF 0F 95 1A DF 28 23 30 75 30 75 00 00
2026-07-26T17:06:20.271340,45.507,can0  060  [32]  00 00 00 00 00 00 00 00 00 00 00 00 00 00 00 00 00 00 00 00 00 00 00 00 00 00 00 00 00 00 00 00
2026-07-26T17:06:20.368343,45.604,can0  204  [16]  9C 09 B1 FF 0F 95 1A DF 28 23 30 75 30 75 00 00
2026-07-26T17:06:20.368494,45.604,can0  100  [03]  7F 71 04
2026-07-26T17:06:20.368616,45.604,can0  120  [04]  27 19 00 00
2026-07-26T17:06:20.368755,45.604,can0  040  [04]  03 00 1F 00
2026-07-26T17:06:20.467809,45.703,can0  204  [16]  9C 09 B1 FF 0F 95 1A DF 28 23 30 75 30 75 00 00
2026-07-26T17:06:20.470376,45.706,can0  206  [24]  75 0C C9 06 71 0C 59 CC D0 06 30 0C 7B 0C 00 00 00 00 00 00 00 00 00 00
2026-07-26T17:06:20.470573,45.706,can0  040  [04]  03 00 1F 00
2026-07-26T17:06:20.470772,45.706,can0  204  [16]  9C 09 B1 FF 0F 95 1A DF 28 23 30 75 30 75 00 00
2026-07-26T17:06:20.567667,45.803,can0  060  [32]  C0 8C B3 0E F2 E2 4D 08 C3 F6 62 03 B0 00 D6 0A 16 01 80 00 00 00 00 00 01 00 00 00 00 00 00 00
2026-07-26T17:06:20.568168,45.804,can0  204  [16]  9C 09 B1 FF 0F 95 1A DF 28 23 30 75 30 75 00 00
2026-07-26T17:06:20.568361,45.804,can0  041  [04]  1A 00 2E 00
2026-07-26T17:06:20.568560,45.804,can0  204  [16]  9C 09 B1 FF 0F 95 1A DF 28 23 30 75 30 75 00 00
2026-07-26T17:06:20.571855,45.807,can0  206  [24]  71 0C C5 06 76 0C 59 CC D0 06 2B 0C 7F 0C 00 00 00 00 00 00 00 00 00 00
2026-07-26T17:06:20.670501,45.906,can0  204  [16]  9C 09 B1 FF 0F 95 1A DF 28 23 30 75 30 75 00 00
2026-07-26T17:06:20.675987,45.911,can0  040  [04]  02 00 1E 00
2026-07-26T17:06:20.676035,45.912,can0  204  [16]  9C 09 B1 FF 0F 95 1A DF 28 23 30 75 30 75 00 00
2026-07-26T17:06:20.676079,45.912,can0  040  [04]  02 00 1E 00
2026-07-26T17:06:20.770094,46.006,can0  206  [24]  71 0C C6 06 71 0C 99 C6 CE 06 2A 0C 7F 0C 00 00 00 00 00 00 00 00 00 00
2026-07-26T17:06:20.770579,46.006,can0  110  [02]  1C 1B
2026-07-26T17:06:20.770621,46.006,can0  204  [16]  9C 09 B1 FF 0F 95 1A DF 28 23 30 75 30 75 00 00
2026-07-26T17:06:20.770657,46.006,can0  070  [20]  C9 2C 4D 08 F5 AE 62 03 20 4E 00 00 06 00 00 00 1B 00 00 00
2026-07-26T17:06:20.770732,46.006,can0  041  [04]  1B 00 28 00
2026-07-26T17:06:20.867940,46.103,can0  204  [16]  9C 09 B1 FF 0F 95 1A DF 28 23 30 75 30 75 00 00
2026-07-26T17:06:20.868165,46.104,can0  204  [16]  9C 09 B1 FF 0F 95 1A DF 28 23 30 75 30 75 00 00
2026-07-26T17:06:20.868406,46.104,can0  070  [20]  C9 2C 4D 08 F5 AE 62 03 20 4E 00 00 06 00 00 00 1B 00 00 00
2026-07-26T17:06:20.968479,46.204,can0  040  [04]  67 01 1E 00
2026-07-26T17:06:20.971747,46.207,can0  206  [24]  71 0C C5 06 70 0C 99 C6 CD 06 30 0C 7B 0C 00 00 00 00 00 00 00 00 00 00
2026-07-26T17:06:20.971981,46.207,can0  204  [16]  9C 09 B1 FF 0F 95 1A DF 28 23 30 75 30 75 00 00
2026-07-26T17:06:20.972156,46.208,can0  040  [04]  67 01 1E 00
2026-07-26T17:06:20.972408,46.208,can0  204  [16]  9C 09 B1 FF 0F 95 1A DF 28 23 30 75 30 75 00 00
2026-07-26T17:06:21.067815,46.303,can0  204  [16]  9C 09 B1 FF 0F 95 1A DF 28 23 30 75 30 75 00 00
2026-07-26T17:06:21.068004,46.303,can0  041  [04]  1B 00 26 00
2026-07-26T17:06:21.071350,46.307,can0  206  [24]  76 0C C6 06 6B 0C 99 C6 CC 06 35 0C 76 0C 00 00 00 00 00 00 00 00 00 00
2026-07-26T17:06:21.167899,46.403,can0  204  [16]  9C 09 B1 FF 0F 95 1A DF 28 23 30 75 30 75 00 00
2026-07-26T17:06:21.168320,46.404,can0  070  [20]  C7 2C 4D 08 F5 AE 62 03 08 52 00 00 06 00 00 00 1C 00 00 00
2026-07-26T17:06:21.168365,46.404,can0  204  [16]  9C 09 B1 FF 0F 95 1A DF 28 23 30 75 30 75 00 00
2026-07-26T17:06:21.168538,46.404,can0  040  [04]  64 01 1E 00
2026-07-26T17:06:21.168687,46.404,can0  070  [20]  C7 2C 4D 08 F5 AE 62 03 08 52 00 00 06 00 00 00 1C 00 00 00
2026-07-26T17:06:21.268173,46.504,can0  204  [16]  9C 09 B1 FF 0F 95 1A DF 28 23 30 75 30 75 00 00
2026-07-26T17:06:21.268326,46.504,can0  040  [04]  64 01 1E 00
2026-07-26T17:06:21.270726,46.506,can0  206  [24]  7A 0C C7 06 66 0C 99 C6 CC 06 3F 0C 76 0C 00 00 00 00 00 00 00 00 00 00
2026-07-26T17:06:21.271336,46.507,can0  204  [16]  9C 09 B1 FF 0F 95 1A DF 28 23 30 75 30 75 00 00
2026-07-26T17:06:21.271381,46.507,can0  070  [20]  C7 2C 4D 08 F5 AE 62 03 08 52 00 00 06 00 00 00 1C 00 00 00
2026-07-26T17:06:21.368204,46.604,can0  041  [04]  0E 00 22 00
2026-07-26T17:06:21.368389,46.604,can0  204  [16]  9C 09 B1 FF 0F 95 1A DF 28 23 30 75 30 75 00 00
2026-07-26T17:06:21.368540,46.604,can0  204  [16]  9C 09 B1 FF 0F 95 1A DF 28 23 30 75 30 75 00 00
2026-07-26T17:06:21.468988,46.704,can0  206  [24]  7A 0C C7 06 66 0C 99 C6 CC 06 3F 0C 76 0C 00 00 00 00 00 00 00 00 00 00
2026-07-26T17:06:21.471868,46.707,can0  040  [04]  61 01 1C 00
2026-07-26T17:06:21.472106,46.708,can0  204  [16]  9C 09 B1 FF 0F 95 1A DF 28 23 30 75 30 75 00 00
2026-07-26T17:06:21.472286,46.708,can0  040  [04]  61 01 1C 00
2026-07-26T17:06:21.568472,46.804,can0  204  [16]  9C 09 B1 FF 0F 95 1A DF 28 23 30 75 30 75 00 00
2026-07-26T17:06:21.568633,46.804,can0  100  [03]  79 71 04
2026-07-26T17:06:21.568761,46.804,can0  120  [04]  24 19 00 00
2026-07-26T17:06:21.568912,46.804,can0  204  [16]  9C 09 B1 FF 0F 95 1A DF 28 23 30 75 30 75 00 00
2026-07-26T17:06:21.569788,46.805,can0  206  [24]  7A 0C C5 06 6B 0C 99 C6 CC 06 3A 0C 76 0C 00 00 00 00 00 00 00 00 00 00
2026-07-26T17:06:21.571492,46.807,can0  041  [04]  0D 00 25 00
2026-07-26T17:06:21.667572,46.903,can0  204  [16]  9C 09 B1 FF 0F 95 1A DF 28 23 30 75 30 75 00 00
2026-07-26T17:06:21.667741,46.903,can0  204  [16]  9C 09 B1 FF 0F 95 1A DF 28 23 30 75 30 75 00 00
2026-07-26T17:06:21.667903,46.903,can0  040  [04]  64 01 1C 00
2026-07-26T17:06:21.770937,47.006,can0  206  [24]  B7 0C C3 06 66 0C 99 C6 CB 06 3A 0C 3E 0C 00 00 00 00 00 00 00 00 00 00
2026-07-26T17:06:21.771243,47.007,can0  204  [16]  9C 09 B1 FF 0F 95 1A DF 28 23 30 75 30 75 00 00
2026-07-26T17:06:21.771285,47.007,can0  040  [04]  64 01 1C 00
2026-07-26T17:06:21.776197,47.012,can0  070  [20]  C7 2C 4D 08 F5 AE 62 03 08 52 00 00 06 00 00 00 1C 00 00 00
2026-07-26T17:06:21.868529,47.104,can0  204  [16]  9C 09 B1 FF 0F 95 1A DF 28 23 30 75 30 75 00 00
2026-07-26T17:06:21.868666,47.104,can0  060  [32]  00 00 00 00 C7 2C 4D 08 4A 04 B8 10 00 00 10 0E FF 01 00 00 00 00 00 00 01 00 00 00 00 00 00 00
2026-07-26T17:06:21.869500,47.105,can0  041  [04]  11 00 26 00
2026-07-26T17:06:21.869700,47.105,can0  204  [16]  9C 09 B1 FF 0F 95 1A DF 28 23 30 75 30 75 00 00
2026-07-26T17:06:21.869878,47.105,can0  070  [20]  C7 2C 4D 08 F5 AE 62 03 08 52 00 00 06 00 00 00 1C 00 00 00
2026-07-26T17:06:21.969694,47.205,can0  206  [24]  AC 0C C3 06 71 0C D1 CB CD 06 35 0C 44 0C 00 00 00 00 00 00 00 00 00 00
2026-07-26T17:06:21.975353,47.211,can0  204  [16]  9C 09 B1 FF 0F 95 1A DF 28 23 30 75 30 75 00 00
2026-07-26T17:06:21.975397,47.211,can0  040  [04]  67 01 21 00
2026-07-26T17:06:21.975417,47.211,can0  204  [16]  9C 09 B1 FF 0F 95 1A DF 28 23 30 75 30 75 00 00
2026-07-26T17:06:22.068437,47.304,can0  040  [04]  67 01 21 00
2026-07-26T17:06:22.068768,47.304,can0  204  [16]  9C 09 B1 FF 0F 95 1A DF 28 23 30 75 30 75 00 00
2026-07-26T17:06:22.075897,47.311,can0  206  [24]  B2 0C C4 06 71 0C D1 CB CE 06 35 0C 3E 0C 00 00 00 00 00 00 00 00 00 00
2026-07-26T17:06:22.075940,47.311,can0  204  [16]  9C 09 B1 FF 0F 95 1A DF 28 23 30 75 30 75 00 00
2026-07-26T17:06:22.167601,47.403,can0  041  [04]  02 00 26 00
2026-07-26T17:06:22.167829,47.403,can0  204  [16]  9C 09 B1 FF 0F 95 1A DF 28 23 30 75 30 75 00 00
2026-07-26T17:06:22.168028,47.403,can0  070  [20]  C9 2C 4D 08 F5 AE 62 03 F0 55 00 00 06 00 00 00 2B 00 00 00
2026-07-26T17:06:22.168198,47.404,can0  070  [20]  C9 2C 4D 08 F5 AE 62 03 F0 55 00 00 06 00 00 00 2A 00 00 00
2026-07-26T17:06:22.268426,47.504,can0  204  [16]  9C 09 B1 FF 0F 95 1A DF 28 23 30 75 30 75 00 00
2026-07-26T17:06:22.275858,47.511,can0  206  [24]  B2 0C C5 06 6B 0C D1 CB CE 06 3F 0C 3E 0C 00 00 00 00 00 00 00 00 00 00
2026-07-26T17:06:22.276148,47.512,can0  040  [04]  67 01 22 00
2026-07-26T17:06:22.276616,47.512,can0  070  [20]  C9 2C 4D 08 F5 AE 62 03 F0 55 00 00 06 00 00 00 2A 00 00 00
2026-07-26T17:06:22.276812,47.512,can0  204  [16]  9C 09 B1 FF 0F 95 1A DF 28 23 30 75 30 75 00 00
2026-07-26T17:06:22.276929,47.512,can0  040  [04]  67 01 22 00
2026-07-26T17:06:22.367693,47.603,can0  060  [32]  00 00 00 00 00 00 00 00 00 00 00 00 00 00 00 00 00 00 00 00 00 00 00 00 00 00 00 00 00 00 00 00
2026-07-26T17:06:22.367940,47.603,can0  204  [16]  9C 09 B1 FF 0F 95 1A DF 28 23 30 75 30 75 00 00
2026-07-26T17:06:22.368120,47.604,can0  110  [02]  1B 1B
2026-07-26T17:06:22.368307,47.604,can0  041  [04]  0B 00 23 00
2026-07-26T17:06:22.368515,47.604,can0  204  [16]  9C 09 B1 FF 0F 95 1A DF 28 23 30 75 30 75 00 00
2026-07-26T17:06:22.371832,47.607,can0  206  [24]  B6 0C C6 06 6B 0C D1 CB CE 06 3F 0C 39 0C 00 00 00 00 00 00 00 00 00 00
2026-07-26T17:06:22.467653,47.703,can0  204  [16]  9C 09 B1 FF 0F 95 1A DF 28 23 30 75 30 75 00 00
2026-07-26T17:06:22.567563,47.803,can0  204  [16]  9C 09 B1 FF 0F 95 1A DF 28 23 30 75 30 75 00 00
2026-07-26T17:06:22.567775,47.803,can0  040  [04]  67 01 21 00
2026-07-26T17:06:22.567956,47.803,can0  040  [04]  67 01 21 00
2026-07-26T17:06:22.568177,47.804,can0  204  [16]  9C 09 B1 FF 0F 95 1A DF 28 23 30 75 30 75 00 00
2026-07-26T17:06:22.571204,47.807,can0  206  [24]  7F 0C C9 06 66 0C D1 CB CF 06 44 0C 71 0C 00 00 00 00 00 00 00 00 00 00
2026-07-26T17:06:22.668010,47.903,can0  204  [16]  9C 09 B1 FF 0F 95 1A DF 28 23 30 75 30 75 00 00
2026-07-26T17:06:22.677184,47.913,can0  041  [04]  09 00 23 00
2026-07-26T17:06:22.677267,47.913,can0  204  [16]  9C 09 B1 FF 0F 95 1A DF 28 23 30 75 30 75 00 00
2026-07-26T17:06:22.768322,48.004,can0  206  [24]  7F 0C C6 06 6B 0C 99 C6 CE 06 3F 0C 71 0C 00 00 00 00 00 00 00 00 00 00
2026-07-26T17:06:22.772337,48.008,can0  204  [16]  9C 09 B1 FF 0F 95 1A DF 28 23 30 75 30 75 00 00
2026-07-26T17:06:22.772636,48.008,can0  100  [03]  74 71 04
2026-07-26T17:06:22.772803,48.008,can0  120  [04]  27 19 00 00
2026-07-26T17:06:22.772986,48.008,can0  070  [20]  C9 2C 4D 08 F5 AE 62 03 F0 55 00 00 06 00 00 00 2A 00 00 00
2026-07-26T17:06:22.773167,48.009,can0  040  [04]  64 01 1E 00
2026-07-26T17:06:22.773379,48.009,can0  204  [16]  9C 09 B1 FF 0F 95 1A DF 28 23 30 75 30 75 00 00
2026-07-26T17:06:22.868006,48.103,can0  060  [32]  00 00 00 00 00 00 00 00 00 00 00 00 00 00 00 00 00 00 00 00 00 00 00 00 00 00 00 00 00 00 00 00
2026-07-26T17:06:22.868541,48.104,can0  040  [04]  64 01 1E 00
2026-07-26T17:06:22.868615,48.104,can0  060  [32]  00 00 00 00 C9 2C 4D 08 4A 04 B8 10 00 00 10 0E FF 01 00 00 00 00 00 00 01 00 00 00 00 00 00 00
2026-07-26T17:06:22.869005,48.104,can0  204  [16]  9C 09 B1 FF 0F 95 1A DF 28 23 30 75 30 75 00 00
2026-07-26T17:06:22.869163,48.105,can0  070  [20]  C9 2C 4D 08 F5 AE 62 03 F0 55 00 00 06 00 00 00 2A 00 00 00
2026-07-26T17:06:22.872453,48.108,can0  206  [24]  7F 0C C6 06 6B 0C 99 C6 CE 06 3A 0C 71 0C 00 00 00 00 00 00 00 00 00 00
2026-07-26T17:06:22.967529,48.203,can0  204  [16]  9C 09 B1 FF 0F 95 1A DF 28 23 30 75 30 75 00 00
2026-07-26T17:06:22.967881,48.203,can0  041  [04]  11 00 1E 00
2026-07-26T17:06:22.967926,48.203,can0  130  [00]
2026-07-26T17:06:22.968590,48.204,can0  204  [16]  9C 09 B1 FF 0F 95 1A DF 28 23 30 75 30 75 00 00
2026-07-26T17:06:23.068500,48.304,can0  040  [04]  64 01 1C 00
2026-07-26T17:06:23.069116,48.305,can0  204  [16]  9C 09 B1 FF 0F 95 1A DF 28 23 30 75 30 75 00 00
2026-07-26T17:06:23.069312,48.305,can0  131  [00]
2026-07-26T17:06:23.071711,48.307,can0  206  [24]  7A 0C C5 06 6B 0C 99 C6 CF 06 35 0C 76 0C 00 00 00 00 00 00 00 00 00 00
2026-07-26T17:06:23.071944,48.307,can0  204  [16]  9C 09 B1 FF 0F 95 1A DF 28 23 30 75 30 75 00 00
2026-07-26T17:06:23.072118,48.308,can0  040  [04]  64 01 1C 00
2026-07-26T17:06:23.168424,48.404,can0  204  [16]  9C 09 B1 FF 0F 95 1A DF 28 23 30 75 30 75 00 00
2026-07-26T17:06:23.168707,48.404,can0  070  [20]  C9 2C 4D 08 F5 AE 62 03 D8 59 00 00 06 00 00 00 29 00 00 00
2026-07-26T17:06:23.170091,48.406,can0  041  [04]  12 00 1D 00
2026-07-26T17:06:23.170150,48.406,can0  070  [20]  C9 2C 4D 08 F5 AE 62 03 D8 59 00 00 06 00 00 00 28 00 00 00
2026-07-26T17:06:23.267959,48.503,can0  204  [16]  9C 09 B1 FF 0F 95 1A DF 28 23 30 75 30 75 00 00
2026-07-26T17:06:23.271412,48.507,can0  206  [24]  75 0C C5 06 6B 0C 99 C6 CE 06 3A 0C 7B 0C 00 00 00 00 00 00 00 00 00 00
2026-07-26T17:06:23.271678,48.507,can0  204  [16]  9C 09 B1 FF 0F 95 1A DF 28 23 30 75 30 75 00 00
2026-07-26T17:06:23.271889,48.507,can0  070  [20]  C9 2C 4D 08 F5 AE 62 03 D8 59 00 00 06 00 00 00 28 00 00 00
2026-07-26T17:06:23.272089,48.508,can0  040  [04]  64 01 17 00
2026-07-26T17:06:23.368372,48.604,can0  204  [16]  9C 09 B1 FF 0F 95 1A DF 28 23 30 75 30 75 00 00
2026-07-26T17:06:23.368724,48.604,can0  060  [32]  00 00 00 00 00 00 00 00 00 00 00 00 00 00 00 00 00 00 00 00 00 00 00 00 00 00 00 00 00 00 00 00
2026-07-26T17:06:23.368751,48.604,can0  040  [04]  64 01 17 00
2026-07-26T17:06:23.369159,48.605,can0  204  [16]  9C 09 B1 FF 0F 95 1A DF 28 23 30 75 30 75 00 00
2026-07-26T17:06:23.373666,48.609,can0  206  [24]  75 0C C7 06 66 0C 99 C6 CD 06 3F 0C 7B 0C 00 00 00 00 00 00 00 00 00 00
2026-07-26T17:06:23.472126,48.708,can0  204  [16]  9C 09 B1 FF 0F 95 1A DF 28 23 30 75 30 75 00 00
2026-07-26T17:06:23.477658,48.713,can0  041  [04]  12 00 1D 00
2026-07-26T17:06:23.477714,48.713,can0  204  [16]  9C 09 B1 FF 0F 95 1A DF 28 23 30 75 30 75 00 00
2026-07-26T17:06:23.567744,48.803,can0  204  [16]  9C 09 B1 FF 0F 95 1A DF 28 23 30 75 30 75 00 00
2026-07-26T17:06:23.570433,48.806,can0  206  [24]  7F 0C C9 06 61 0C 99 C6 CD 06 3F 0C 76 0C 00 00 00 00 00 00 00 00 00 00
2026-07-26T17:06:23.570602,48.806,can0  040  [04]  63 01 15 00
2026-07-26T17:06:23.668576,48.904,can0  204  [16]  9C 09 B1 FF 0F 95 1A DF 28 23 30 75 30 75 00 00
2026-07-26T17:06:23.669406,48.905,can0  040  [04]  63 01 15 00
2026-07-26T17:06:23.669612,48.905,can0  204  [16]  9C 09 B1 FF 0F 95 1A DF 28 23 30 75 30 75 00 00
2026-07-26T17:06:23.774543,49.010,can0  041  [04]  15 00 1F 00
2026-07-26T17:06:23.779138,49.015,can0  206  [24]  7F 0C C8 06 61 0C 99 C6 CD 06 3F 0C 76 0C 00 00 00 00 00 00 00 00 00 00
2026-07-26T17:06:23.779396,49.015,can0  204  [16]  9C 09 B1 FF 0F 95 1A DF 28 23 30 75 30 75 00 00
2026-07-26T17:06:23.779607,49.015,can0  204  [16]  9C 09 B1 FF 0F 95 1A DF 28 23 30 75 30 75 00 00
2026-07-26T17:06:23.780064,49.016,can0  070  [20]  C9 2C 4D 08 F5 AE 62 03 D8 59 00 00 06 00 00 00 28 00 00 00
2026-07-26T17:06:23.885606,49.121,can0  060  [32]  00 00 00 00 C9 2C 4D 08 4A 04 B8 10 00 00 10 0E FF 01 00 00 00 00 00 00 01 00 00 00 00 00 00 00
2026-07-26T17:06:23.885729,49.121,can0  040  [04]  63 01 15 00
2026-07-26T17:06:23.885869,49.121,can0  204  [16]  9C 09 B1 FF 0F 95 1A DF 28 23 30 75 30 75 00 00
2026-07-26T17:06:23.886078,49.122,can0  133  [00]
2026-07-26T17:06:23.886285,49.122,can0  070  [20]  C9 2C 4D 08 F5 AE 62 03 D8 59 00 00 06 00 00 00 28 00 00 00
2026-07-26T17:06:23.886484,49.122,can0  040  [04]  63 01 15 00
2026-07-26T17:06:23.890334,49.126,can0  206  [24]  7F 0C C9 06 66 0C 99 C6 CD 06 3F 0C 76 0C 00 00 00 00 00 00 00 00 00 00
2026-07-26T17:06:23.977577,49.213,can0  204  [16]  9C 09 B1 FF 0F 95 1A DF 28 23 30 75 30 75 00 00
2026-07-26T17:06:23.977718,49.213,can0  100  [03]  70 71 04
2026-07-26T17:06:23.977911,49.213,can0  110  [02]  1C 1B
2026-07-26T17:06:23.978025,49.213,can0  120  [04]  1A 19 00 00
2026-07-26T17:06:23.978175,49.214,can0  204  [16]  9C 09 B1 FF 0F 95 1A DF 28 23 30 75 30 75 00 00
2026-07-26T17:06:23.984147,49.220,can0  041  [04]  13 00 24 00
2026-07-26T17:06:24.067966,49.303,can0  204  [16]  9C 09 B1 FF 0F 95 1A DF 28 23 30 75 30 75 00 00
2026-07-26T17:06:24.070510,49.306,can0  206  [24]  7F 0C C7 06 66 0C 99 C6 CE 06 3A 0C 76 0C 00 00 00 00 00 00 00 00 00 00
2026-07-26T17:06:24.070710,49.306,can0  204  [16]  9C 09 B1 FF 0F 95 1A DF 28 23 30 75 30 75 00 00
2026-07-26T17:06:24.070839,49.306,can0  040  [04]  63 01 15 00
2026-07-26T17:06:24.168019,49.403,can0  204  [16]  9C 09 B1 FF 0F 95 1A DF 28 23 30 75 30 75 00 00
2026-07-26T17:06:24.168302,49.404,can0  040  [04]  63 01 15 00
2026-07-26T17:06:24.168625,49.404,can0  070  [20]  C9 2C 4D 08 F7 AE 62 03 C0 5D 00 00 06 00 00 00 1C 00 00 00
2026-07-26T17:06:24.168768,49.404,can0  070  [20]  C9 2C 4D 08 F7 AE 62 03 C0 5D 00 00 06 00 00 00 1D 00 00 00
2026-07-26T17:06:24.168926,49.404,can0  204  [16]  9C 09 B1 FF 0F 95 1A DF 28 23 30 75 30 75 00 00
2026-07-26T17:06:24.320739,49.556,can0  206  [24]  7F 0C C5 06 71 0C 99 C6 CE 06 35 0C 76 0C 00 00 00 00 00 00 00 00 00 00
2026-07-26T17:06:24.320945,49.556,can0  041  [04]  16 00 27 00
2026-07-26T17:06:24.321183,49.557,can0  204  [16]  9C 09 B1 FF 0F 95 1A DF 28 23 30 75 30 75 00 00
2026-07-26T17:06:24.321375,49.557,can0  070  [20]  C9 2C 4D 08 F7 AE 62 03 C0 5D 00 00 06 00 00 00 1D 00 00 00
2026-07-26T17:06:24.370921,49.606,can0  204  [16]  9C 09 B1 FF 0F 95 1A DF 28 23 30 75 30 75 00 00
2026-07-26T17:06:24.371050,49.607,can0  060  [32]  00 00 00 00 00 00 00 00 00 00 00 00 00 00 00 00 00 00 00 00 00 00 00 00 00 00 00 00 00 00 00 00
2026-07-26T17:06:24.371198,49.607,can0  040  [04]  63 01 16 00
2026-07-26T17:06:24.371341,49.607,can0  204  [16]  9C 09 B1 FF 0F 95 1A DF 28 23 30 75 30 75 00 00
2026-07-26T17:06:24.373840,49.609,can0  206  [24]  75 0C C5 06 71 0C 99 C6 CF 06 3A 0C 7B 0C 00 00 00 00 00 00 00 00 00 00
2026-07-26T17:06:24.468711,49.704,can0  040  [04]  63 01 16 00
2026-07-26T17:06:24.469267,49.705,can0  204  [16]  9C 09 B1 FF 0F 95 1A DF 28 23 30 75 30 75 00 00
2026-07-26T17:06:24.469313,49.705,can0  204  [16]  9C 09 B1 FF 0F 95 1A DF 28 23 30 75 30 75 00 00
2026-07-26T17:06:24.618616,49.854,can0  041  [04]  17 00 20 00
2026-07-26T17:06:24.618688,49.854,can0  204  [16]  9C 09 B1 FF 0F 95 1A DF 28 23 30 75 30 75 00 00
2026-07-26T17:06:24.620828,49.856,can0  206  [24]  75 0C C7 06 71 0C 99 C6 CE 06 3A 0C 7B 0C 00 00 00 00 00 00 00 00 00 00
2026-07-26T17:06:24.718357,49.954,can0  204  [16]  9C 09 B1 FF 0F 95 1A DF 28 23 30 75 30 75 00 00
2026-07-26T17:06:24.719312,49.955,can0  040  [04]  67 01 18 00
2026-07-26T17:06:24.719365,49.955,can0  204  [16]  9C 09 B1 FF 0F 95 1A DF 28 23 30 75 30 75 00 00
2026-07-26T17:06:24.719402,49.955,can0  060  [32]  BE FD D5 02 6C C3 4D 08 F1 A2 63 03 4D 00 36 05 8F 00 89 00 00 00 00 00 01 00 00 00 00 00 00 00
2026-07-26T17:06:24.724818,49.960,can0  040  [04]  67 01 18 00
2026-07-26T17:06:24.826565,50.062,can0  206  [24]  75 0C C5 06 6B 0C 99 C6 D0 06 3A 0C 7B 0C 00 00 00 00 00 00 00 00 00 00
2026-07-26T17:06:24.832122,50.068,can0  204  [16]  9C 09 B1 FF 0F 95 1A DF 28 23 30 75 30 75 00 00
2026-07-26T17:06:24.832179,50.068,can0  070  [20]  C9 2C 4D 08 F7 AE 62 03 C0 5D 00 00 06 00 00 00 1D 00 00 00
2026-07-26T17:06:24.832207,50.068,can0  204  [16]  9C 09 B1 FF 0F 95 1A DF 28 23 30 75 30 75 00 00
2026-07-26T17:06:24.832231,50.068,can0  041  [04]  15 00 1F 00
2026-07-26T17:06:24.869242,50.105,can0  204  [16]  9C 09 B1 FF 0F 95 1A DF 28 23 30 75 30 75 00 00
2026-07-26T17:06:24.869446,50.105,can0  070  [20]  C9 2C 4D 08 F7 AE 62 03 C0 5D 00 00 06 00 00 00 1D 00 00 00
2026-07-26T17:06:24.871980,50.107,can0  206  [24]  66 0C C6 06 6B 0C 99 C6 D1 06 3A 0C 8A 0C 00 00 00 00 00 00 00 00 00 00
2026-07-26T17:06:24.872172,50.108,can0  204  [16]  9C 09 B1 FF 0F 95 1A DF 28 23 30 75 30 75 00 00
2026-07-26T17:06:25.018325,50.254,can0  040  [04]  64 01 1B 00
2026-07-26T17:06:25.018552,50.254,can0  040  [04]  64 01 1B 00
2026-07-26T17:06:25.018767,50.254,can0  204  [16]  9C 09 B1 FF 0F 95 1A DF 28 23 30 75 30 75 00 00
2026-07-26T17:06:25.118426,50.354,can0  204  [16]  9C 09 B1 FF 0F 95 1A DF 28 23 30 75 30 75 00 00
2026-07-26T17:06:25.118626,50.354,can0  041  [04]  11 00 21 00
2026-07-26T17:06:25.121439,50.357,can0  206  [24]  6B 0C C9 06 66 0C 99 C6 D4 06 44 0C 85 0C 00 00 00 00 00 00 00 00 00 00
2026-07-26T17:06:25.121632,50.357,can0  204  [16]  9C 09 B1 FF 0F 95 1A DF 28 23 30 75 30 75 00 00
2026-07-26T17:06:25.218339,50.454,can0  204  [16]  9C 09 B1 FF 0F 95 1A DF 28 23 30 75 30 75 00 00
2026-07-26T17:06:25.218480,50.454,can0  100  [03]  6D 71 04
2026-07-26T17:06:25.218621,50.454,can0  070  [20]  C9 2C 4D 08 F7 AE 62 03 A8 61 00 00 06 00 00 00 0D 00 00 00
2026-07-26T17:06:25.218734,50.454,can0  120  [04]  22 19 00 00
2026-07-26T17:06:25.225352,50.461,can0  040  [04]  67 01 20 00
2026-07-26T17:06:25.225430,50.461,can0  204  [16]  9C 09 B1 FF 0F 95 1A DF 28 23 30 75 30 75 00 00
2026-07-26T17:06:25.225468,50.461,can0  070  [20]  C9 2C 4D 08 F7 AE 62 03 A8 61 00 00 06 00 00 00 0D 00 00 00
2026-07-26T17:06:25.320611,50.556,can0  206  [24]  6B 0C C9 06 66 0C 99 C6 D1 06 3F 0C 85 0C 00 00 00 00 00 00 00 00 00 00
2026-07-26T17:06:25.320909,50.556,can0  040  [04]  67 01 20 00
2026-07-26T17:06:25.321261,50.557,can0  204  [16]  9C 09 B1 FF 0F 95 1A DF 28 23 30 75 30 75 00 00
2026-07-26T17:06:25.321552,50.557,can0  070  [20]  C9 2C 4D 08 F7 AE 62 03 A8 61 00 00 06 00 00 00 0D 00 00 00
2026-07-26T17:06:25.417862,50.653,can0  204  [16]  9C 09 B1 FF 0F 95 1A DF 28 23 30 75 30 75 00 00
2026-07-26T17:06:25.418106,50.654,can0  041  [04]  12 00 28 00
2026-07-26T17:06:25.418331,50.654,can0  204  [16]  9C 09 B1 FF 0F 95 1A DF 28 23 30 75 30 75 00 00
2026-07-26T17:06:25.421486,50.657,can0  206  [24]  66 0C C8 06 66 0C 99 C6 D1 06 5D 0C 8A 0C 00 00 00 00 00 00 00 00 00 00
2026-07-26T17:06:25.518632,50.754,can0  204  [16]  9C 09 B1 FF 0F 95 1A DF 28 23 30 75 30 75 00 00
2026-07-26T17:06:25.518826,50.754,can0  040  [04]  65 01 1E 00
2026-07-26T17:06:25.519017,50.754,can0  040  [04]  65 01 1E 00
2026-07-26T17:06:25.519242,50.755,can0  204  [16]  9C 09 B1 FF 0F 95 1A DF 28 23 30 75 30 75 00 00
2026-07-26T17:06:25.628224,50.864,can0  204  [16]  9C 09 B1 FF 0F 95 1A DF 28 23 30 75 30 75 00 00
2026-07-26T17:06:25.628617,50.864,can0  110  [02]  1A 1B
2026-07-26T17:06:25.633144,50.869,can0  206  [24]  71 0C C1 06 66 0C 99 C6 D0 06 5D 0C 7F 0C 00 00 00 00 00 00 00 00 00 00
2026-07-26T17:06:25.633383,50.869,can0  041  [04]  14 00 2E 00
2026-07-26T17:06:25.633972,50.869,can0  204  [16]  9C 09 B1 FF 0F 95 1A DF 28 23 30 75 30 75 00 00
2026-07-26T17:06:25.696202,50.932,can0  204  [16]  9C 09 B1 FF 0F 95 1A DF 28 23 30 75 30 75 00 00
2026-07-26T17:06:25.696355,50.932,can0  040  [04]  63 01 15 00
2026-07-26T17:06:25.808499,51.044,can0  206  [24]  7B 0C C1 06 67 0C 99 C6 CE 06 62 0C 71 0C 00 00 00 00 00 00 00 00 00 00
2026-07-26T17:06:25.808754,51.044,can0  204  [16]  9C 09 B1 FF 0F 95 1A DF 28 23 30 75 30 75 00 00
2026-07-26T17:06:25.808917,51.044,can0  040  [04]  63 01 15 00
2026-07-26T17:06:25.809127,51.045,can0  204  [16]  9C 09 B1 FF 0F 95 1A DF 28 23 30 75 30 75 00 00
2026-07-26T17:06:25.809592,51.045,can0  070  [20]  C9 2C 4D 08 F7 AE 62 03 A8 61 00 00 06 00 00 00 0D 00 00 00
2026-07-26T17:06:25.895357,51.131,can0  204  [16]  9C 09 B1 FF 0F 95 1A DF 28 23 30 75 30 75 00 00
2026-07-26T17:06:25.895563,51.131,can0  041  [04]  17 00 2E 00
2026-07-26T17:06:25.895710,51.131,can0  060  [32]  00 00 00 00 C9 2C 4D 08 4C 04 B8 10 00 00 10 0E FF 01 00 00 00 00 00 00 01 00 00 00 00 00 00 00
2026-07-26T17:06:25.898162,51.134,can0  206  [24]  76 0C BF 06 67 0C 99 C6 CD 06 62 0C 76 0C 00 00 00 00 00 00 00 00 00 00
2026-07-26T17:06:25.898547,51.134,can0  070  [20]  C9 2C 4D 08 F7 AE 62 03 A8 61 00 00 06 00 00 00 0D 00 00 00
2026-07-26T17:06:25.898761,51.134,can0  204  [16]  9C 09 B1 FF 0F 95 1A DF 28 23 30 75 30 75 00 00
2026-07-26T17:06:25.989679,51.225,can0  204  [16]  9C 09 B1 FF 0F 95 1A DF 28 23 30 75 30 75 00 00
2026-07-26T17:06:25.989866,51.225,can0  040  [04]  61 01 0D 00
2026-07-26T17:06:26.087836,51.323,can0  040  [04]  61 01 0D 00
2026-07-26T17:06:26.087901,51.323,can0  204  [16]  9C 09 B1 FF 0F 95 1A DF 28 23 30 75 30 75 00 00
2026-07-26T17:06:26.087934,51.323,can0  206  [24]  71 0C BF 06 70 0C 99 C6 D0 06 5D 0C 76 0C 00 00 00 00 00 00 00 00 00 00
2026-07-26T17:06:26.094409,51.330,can0  204  [16]  9C 09 B1 FF 0F 95 1A DF 28 23 30 75 30 75 00 00
2026-07-26T17:06:26.189166,51.425,can0  041  [04]  0D 00 29 00
2026-07-26T17:06:26.189461,51.425,can0  204  [16]  9C 09 B1 FF 0F 95 1A DF 28 23 30 75 30 75 00 00
2026-07-26T17:06:26.189648,51.425,can0  070  [20]  C9 2C 4D 08 F7 AE 62 03 90 65 00 00 06 00 00 00 0F 00 00 00
2026-07-26T17:06:26.196920,51.432,can0  204  [16]  9C 09 B1 FF 0F 95 1A DF 28 23 30 75 30 75 00 00
2026-07-26T17:06:26.196959,51.432,can0  070  [20]  C9 2C 4D 08 F7 AE 62 03 90 65 00 00 06 00 00 00 0F 00 00 00
2026-07-26T17:06:26.291167,51.527,can0  206  [24]  71 0C BF 06 70 0C 99 C6 D0 06 3F 0C 76 0C 00 00 00 00 00 00 00 00 00 00
2026-07-26T17:06:26.291379,51.527,can0  040  [04]  61 01 0D 00
2026-07-26T17:06:26.291682,51.527,can0  204  [16]  9C 09 B1 FF 0F 95 1A DF 28 23 30 75 30 75 00 00
2026-07-26T17:06:26.291861,51.527,can0  070  [20]  C9 2C 4D 08 F7 AE 62 03 90 65 00 00 06 00 00 00 0F 00 00 00
2026-07-26T17:06:26.292031,51.527,can0  040  [04]  61 01 0D 00
2026-07-26T17:06:26.292272,51.528,can0  204  [16]  9C 09 B1 FF 0F 95 1A DF 28 23 30 75 30 75 00 00
2026-07-26T17:06:26.392819,51.628,can0  100  [03]  68 71 04
2026-07-26T17:06:26.393062,51.629,can0  120  [04]  24 19 00 00
2026-07-26T17:06:26.393530,51.629,can0  204  [16]  9C 09 B1 FF 0F 95 1A DF 28 23 30 75 30 75 00 00
2026-07-26T17:06:26.393711,51.629,can0  060  [32]  00 00 00 00 00 00 00 00 00 00 00 00 00 00 00 00 00 00 00 00 00 00 00 00 00 00 00 00 00 00 00 00
2026-07-26T17:06:26.397028,51.632,can0  206  [24]  71 0C C5 06 6B 0C 99 C6 CF 06 3F 0C 7B 0C 00 00 00 00 00 00 00 00 00 00
2026-07-26T17:06:26.397217,51.633,can0  041  [04]  67 01 28 00
2026-07-26T17:06:26.514853,51.750,can0  204  [16]  9C 09 B1 FF 0F 95 1A DF 28 23 30 75 30 75 00 00
2026-07-26T17:06:26.515000,51.750,can0  204  [16]  9C 09 B1 FF 0F 95 1A DF 28 23 30 75 30 75 00 00
2026-07-26T17:06:26.515148,51.751,can0  040  [04]  4D 01 0C 00
2026-07-26T17:06:26.626458,51.862,can0  204  [16]  9C 09 B1 FF 0F 95 1A DF 28 23 30 75 30 75 00 00
2026-07-26T17:06:26.633562,51.869,can0  206  [24]  75 0C C4 06 6B 0C 99 C6 CE 06 3A 0C 7B 0C 00 00 00 00 00 00 00 00 00 00
2026-07-26T17:06:26.633644,51.869,can0  040  [04]  4D 01 0C 00
2026-07-26T17:06:26.633687,51.869,can0  204  [16]  9C 09 B1 FF 0F 95 1A DF 28 23 30 75 30 75 00 00
2026-07-26T17:06:26.679164,51.915,can0  041  [04]  5F 01 24 00
2026-07-26T17:06:26.679326,51.915,can0  204  [16]  9C 09 B1 FF 0F 95 1A DF 28 23 30 75 30 75 00 00
2026-07-26T17:06:26.773594,52.009,can0  204  [16]  9C 09 B1 FF 0F 95 1A DF 28 23 30 75 30 75 00 00
2026-07-26T17:06:26.776107,52.012,can0  206  [24]  75 0C C4 06 66 0C 99 C6 CD 06 3A 0C 7B 0C 00 00 00 00 00 00 00 00 00 00
2026-07-26T17:06:26.776326,52.012,can0  070  [20]  C9 2C 4D 08 F7 AE 62 03 90 65 00 00 06 00 00 00 0F 00 00 00
2026-07-26T17:06:26.776510,52.012,can0  040  [04]  56 01 0E 00
2026-07-26T17:06:26.776721,52.012,can0  204  [16]  9C 09 B1 FF 0F 95 1A DF 28 23 30 75 30 75 00 00
2026-07-26T17:06:26.909151,52.145,can0  040  [04]  56 01 0E 00
2026-07-26T17:06:26.909210,52.145,can0  204  [16]  9C 09 B1 FF 0F 95 1A DF 28 23 30 75 30 75 00 00
2026-07-26T17:06:26.909248,52.145,can0  060  [32]  00 00 00 00 00 00 00 00 00 00 00 00 00 00 00 00 00 00 00 00 00 00 00 00 00 00 00 00 00 00 00 00
2026-07-26T17:06:26.909287,52.145,can0  206  [24]  7B 0C C4 06 61 0C 99 C6 C9 06 3F 0C 7B 0C 00 00 00 00 00 00 00 00 00 00
2026-07-26T17:06:26.921962,52.157,can0  060  [32]  00 00 00 00 C9 2C 4D 08 4C 04 B8 10 00 00 10 0E FF 01 00 00 00 00 00 00 01 00 00 00 00 00 00 00
2026-07-26T17:06:26.922052,52.158,can0  204  [16]  9C 09 B1 FF 0F 95 1A DF 28 23 30 75 30 75 00 00
2026-07-26T17:06:26.922109,52.158,can0  070  [20]  C9 2C 4D 08 F7 AE 62 03 90 65 00 00 06 00 00 00 0F 00 00 00
2026-07-26T17:06:27.025901,52.261,can0  041  [04]  02 00 24 00
2026-07-26T17:06:27.026337,52.262,can0  204  [16]  9C 09 B1 FF 0F 95 1A DF 28 23 30 75 30 75 00 00
2026-07-26T17:06:27.026705,52.262,can0  204  [16]  9C 09 B1 FF 0F 95 1A DF 28 23 30 75 30 75 00 00
2026-07-26T17:06:27.080654,52.316,can0  040  [04]  56 01 0D 00
2026-07-26T17:06:27.084106,52.320,can0  206  [24]  80 0C C4 06 5C 0C 99 C6 CC 06 3F 0C 7B 0C 00 00 00 00 00 00 00 00 00 00
2026-07-26T17:06:27.084307,52.320,can0  204  [16]  9C 09 B1 FF 0F 95 1A DF 28 23 30 75 30 75 00 00
2026-07-26T17:06:27.084504,52.320,can0  040  [04]  56 01 0D 00
2026-07-26T17:06:27.178503,52.414,can0  204  [16]  9C 09 B1 FF 0F 95 1A DF 28 23 30 75 30 75 00 00
2026-07-26T17:06:27.178670,52.414,can0  110  [02]  1C 1B
2026-07-26T17:06:27.178848,52.414,can0  070  [20]  C9 2C 4D 08 F7 AE 62 03 78 69 00 00 06 00 00 00 11 00 00 00
2026-07-26T17:06:27.179071,52.415,can0  204  [16]  9C 09 B1 FF 0F 95 1A DF 28 23 30 75 30 75 00 00
2026-07-26T17:06:27.179225,52.415,can0  041  [04]  04 00 24 00
2026-07-26T17:06:27.181798,52.417,can0  070  [20]  C9 2C 4D 08 F7 AE 62 03 78 69 00 00 06 00 00 00 10 00 00 00
2026-07-26T17:06:27.181837,52.417,can0  206  [24]  76 0C C5 06 61 0C 99 C6 CD 06 44 0C 7F 0C 00 00 00 00 00 00 00 00 00 00
2026-07-26T17:06:27.317923,52.553,can0  204  [16]  9C 09 B1 FF 0F 95 1A DF 28 23 30 75 30 75 00 00
2026-07-26T17:06:27.325346,52.561,can0  070  [20]  C9 2C 4D 08 F7 AE 62 03 78 69 00 00 06 00 00 00 10 00 00 00
2026-07-26T17:06:27.325639,52.561,can0  040  [04]  53 01 0F 00
2026-07-26T17:06:27.325871,52.561,can0  204  [16]  9C 09 B1 FF 0F 95 1A DF 28 23 30 75 30 75 00 00
2026-07-26T17:06:27.418474,52.654,can0  040  [04]  53 01 0F 00
2026-07-26T17:06:27.418531,52.654,can0  204  [16]  9C 09 B1 FF 0F 95 1A DF 28 23 30 75 30 75 00 00
2026-07-26T17:06:27.422326,52.658,can0  206  [24]  76 0C C5 06 61 0C 99 C6 CE 06 3F 0C 7F 0C 00 00 00 00 00 00 00 00 00 00
2026-07-26T17:06:27.422544,52.658,can0  060  [32]  00 00 00 00 00 00 00 00 00 00 00 00 00 00 00 00 00 00 00 00 00 00 00 00 00 00 00 00 00 00 00 00
2026-07-26T17:06:27.422781,52.658,can0  204  [16]  9C 09 B1 FF 0F 95 1A DF 28 23 30 75 30 75 00 00
2026-07-26T17:06:27.517544,52.753,can0  041  [04]  0F 00 1E 00
2026-07-26T17:06:27.517803,52.753,can0  204  [16]  9C 09 B1 FF 0F 95 1A DF 28 23 30 75 30 75 00 00
2026-07-26T17:06:27.617592,52.853,can0  204  [16]  9C 09 B1 FF 0F 95 1A DF 28 23 30 75 30 75 00 00
2026-07-26T17:06:27.621612,52.857,can0  206  [24]  76 0C C6 06 61 0C 99 C6 CE 06 3F 0C 7F 0C 00 00 00 00 00 00 00 00 00 00
2026-07-26T17:06:27.621972,52.857,can0  100  [03]  65 71 04
2026-07-26T17:06:27.622206,52.858,can0  120  [04]  17 19 00 00
2026-07-26T17:06:27.622355,52.858,can0  040  [04]  4A 01 0F 00
2026-07-26T17:06:27.622521,52.858,can0  204  [16]  9C 09 B1 FF 0F 95 1A DF 28 23 30 75 30 75 00 00
2026-07-26T17:06:27.675110,52.911,can0  040  [04]  4A 01 0F 00
2026-07-26T17:06:27.675315,52.911,can0  204  [16]  9C 09 B1 FF 0F 95 1A DF 28 23 30 75 30 75 00 00
2026-07-26T17:06:27.675458,52.911,can0  204  [16]  9C 09 B1 FF 0F 95 1A DF 28 23 30 75 30 75 00 00
2026-07-26T17:06:27.679482,52.915,can0  206  [24]  75 0C C6 06 66 0C 99 C6 CE 06 3F 0C 7B 0C 00 00 00 00 00 00 00 00 00 00
2026-07-26T17:06:27.679516,52.915,can0  041  [04]  12 00 1D 00
2026-07-26T17:06:27.818012,53.053,can0  204  [16]  9C 09 B1 FF 0F 95 1A DF 28 23 30 75 30 75 00 00
2026-07-26T17:06:27.818192,53.054,can0  070  [20]  C9 2C 4D 08 F7 AE 62 03 78 69 00 00 06 00 00 00 10 00 00 00
2026-07-26T17:06:27.918239,53.154,can0  040  [04]  40 01 0F 00
2026-07-26T17:06:27.918465,53.154,can0  204  [16]  9C 09 B1 FF 0F 95 1A DF 28 23 30 75 30 75 00 00
2026-07-26T17:06:27.921901,53.157,can0  206  [24]  7B 0C C6 06 61 0C 99 C6 CC 06 3F 0C 7B 0C 00 00 00 00 00 00 00 00 00 00
2026-07-26T17:06:27.922876,53.158,can0  204  [16]  9C 09 B1 FF 0F 95 1A DF 28 23 30 75 30 75 00 00
2026-07-26T17:06:27.922985,53.158,can0  060  [32]  00 00 00 00 C9 2C 4D 08 4C 04 B8 10 00 00 10 0E FF 01 00 00 00 00 00 00 01 00 00 00 00 00 00 00
2026-07-26T17:06:27.923029,53.158,can0  040  [04]  40 01 0F 00
2026-07-26T17:06:27.923530,53.159,can0  070  [20]  C9 2C 4D 08 F7 AE 62 03 78 69 00 00 06 00 00 00 10 00 00 00
2026-07-26T17:06:28.017626,53.253,can0  204  [16]  9C 09 B1 FF 0F 95 1A DF 28 23 30 75 30 75 00 00
2026-07-26T17:06:28.019562,53.255,can0  041  [04]  06 00 17 00
2026-07-26T17:06:28.019598,53.255,can0  204  [16]  9C 09 B1 FF 0F 95 1A DF 28 23 30 75 30 75 00 00
2026-07-26T17:06:28.120966,53.356,can0  206  [24]  7F 0C C6 06 61 0C 99 C6 CB 06 44 0C 76 0C 00 00 00 00 00 00 00 00 00 00
2026-07-26T17:06:28.121419,53.357,can0  204  [16]  9C 09 B1 FF 0F 95 1A DF 28 23 30 75 30 75 00 00
2026-07-26T17:06:28.121556,53.357,can0  040  [04]  41 01 0D 00
2026-07-26T17:06:28.217937,53.453,can0  204  [16]  9C 09 B1 FF 0F 95 1A DF 28 23 30 75 30 75 00 00
2026-07-26T17:06:28.218099,53.454,can0  040  [04]  41 01 0D 00
2026-07-26T17:06:28.222329,53.458,can0  204  [16]  9C 09 B1 FF 0F 95 1A DF 28 23 30 75 30 75 00 00
2026-07-26T17:06:28.222391,53.458,can0  070  [20]  C9 2C 4D 08 F7 AE 62 03 60 6D 00 00 06 00 00 00 29 00 00 00
2026-07-26T17:06:28.222427,53.458,can0  070  [20]  C9 2C 4D 08 F7 AE 62 03 60 6D 00 00 06 00 00 00 29 00 00 00
2026-07-26T17:06:28.222465,53.458,can0  206  [24]  7F 0C C6 06 66 0C 99 C6 CB 06 3F 0C 76 0C 00 00 00 00 00 00 00 00 00 00
2026-07-26T17:06:28.317501,53.553,can0  204  [16]  9C 09 B1 FF 0F 95 1A DF 28 23 30 75 30 75 00 00
2026-07-26T17:06:28.317694,53.553,can0  041  [04]  12 00 19 00
2026-07-26T17:06:28.317884,53.553,can0  070  [20]  C9 2C 4D 08 F7 AE 62 03 60 6D 00 00 06 00 00 00 29 00 00 00
2026-07-26T17:06:28.318088,53.554,can0  204  [16]  9C 09 B1 FF 0F 95 1A DF 28 23 30 75 30 75 00 00
2026-07-26T17:06:28.417710,53.653,can0  204  [16]  9C 09 B1 FF 0F 95 1A DF 28 23 30 75 30 75 00 00
2026-07-26T17:06:28.418008,53.653,can0  040  [04]  56 01 10 00
2026-07-26T17:06:28.420831,53.656,can0  206  [24]  7F 0C C7 06 66 0C 99 C6 CD 06 3F 0C 76 0C 00 00 00 00 00 00 00 00 00 00
2026-07-26T17:06:28.420865,53.656,can0  060  [32]  00 00 00 00 00 00 00 00 00 00 00 00 00 00 00 00 00 00 00 00 00 00 00 00 00 00 00 00 00 00 00 00
2026-07-26T17:06:28.420895,53.656,can0  204  [16]  9C 09 B1 FF 0F 95 1A DF 28 23 30 75 30 75 00 00
2026-07-26T17:06:28.421617,53.657,can0  040  [04]  56 01 10 00
2026-07-26T17:06:28.518118,53.754,can0  204  [16]  9C 09 B1 FF 0F 95 1A DF 28 23 30 75 30 75 00 00
2026-07-26T17:06:28.528590,53.764,can0  041  [04]  15 00 1D 00
2026-07-26T17:06:28.618095,53.854,can0  204  [16]  9C 09 B1 FF 0F 95 1A DF 28 23 30 75 30 75 00 00
2026-07-26T17:06:28.620550,53.856,can0  206  [24]  7B 0C C7 06 66 0C 99 C6 CF 06 3F 0C 7B 0C 00 00 00 00 00 00 00 00 00 00
2026-07-26T17:06:28.620741,53.856,can0  204  [16]  9C 09 B1 FF 0F 95 1A DF 28 23 30 75 30 75 00 00
2026-07-26T17:06:28.717981,53.953,can0  040  [04]  04 00 19 00
2026-07-26T17:06:28.718210,53.954,can0  204  [16]  9C 09 B1 FF 0F 95 1A DF 28 23 30 75 30 75 00 00
2026-07-26T17:06:28.718387,53.954,can0  040  [04]  04 00 19 00
2026-07-26T17:06:28.718583,53.954,can0  204  [16]  9C 09 B1 FF 0F 95 1A DF 28 23 30 75 30 75 00 00
2026-07-26T17:06:28.719155,53.955,can0  206  [24]  7B 0C BF 06 6B 0C 99 C6 CF 06 3A 0C 7B 0C 00 00 00 00 00 00 00 00 00 00
2026-07-26T17:06:28.783969,54.019,can0  100  [03]  62 71 04
2026-07-26T17:06:28.784019,54.019,can0  110  [02]  1C 1B
2026-07-26T17:06:28.784049,54.020,can0  120  [04]  19 19 00 00
2026-07-26T17:06:28.784303,54.020,can0  204  [16]  9C 09 B1 FF 0F 95 1A DF 28 23 30 75 30 75 00 00
2026-07-26T17:06:28.784327,54.020,can0  070  [20]  C9 2C 4D 08 F7 AE 62 03 60 6D 00 00 06 00 00 00 29 00 00 00
2026-07-26T17:06:28.784571,54.020,can0  041  [04]  12 00 1E 00
2026-07-26T17:06:28.784883,54.020,can0  204  [16]  9C 09 B1 FF 0F 95 1A DF 28 23 30 75 30 75 00 00
2026-07-26T17:06:28.881063,54.117,can0  206  [24]  75 0C C0 06 71 0C 99 C6 CF 06 3A 0C 7B 0C 00 00 00 00 00 00 00 00 00 00
2026-07-26T17:06:28.881245,54.117,can0  204  [16]  9C 09 B1 FF 0F 95 1A DF 28 23 30 75 30 75 00 00
2026-07-26T17:06:28.881395,54.117,can0  070  [20]  C9 2C 4D 08 F7 AE 62 03 60 6D 00 00 06 00 00 00 29 00 00 00
2026-07-26T17:06:28.881525,54.117,can0  060  [32]  00 00 00 00 00 00 00 00 00 00 00 00 00 00 00 00 00 00 00 00 00 00 00 00 00 00 00 00 00 00 00 00
2026-07-26T17:06:28.881650,54.117,can0  040  [04]  04 00 1B 00
2026-07-26T17:06:28.881751,54.117,can0  060  [32]  00 00 00 00 C9 2C 4D 08 4C 04 B8 10 00 00 10 0E FF 01 00 00 00 00 00 00 01 00 00 00 00 00 00 00
2026-07-26T17:06:29.018395,54.254,can0  204  [16]  9C 09 B1 FF 0F 95 1A DF 28 23 30 75 30 75 00 00
2026-07-26T17:06:29.018541,54.254,can0  040  [04]  04 00 1B 00
2026-07-26T17:06:29.018702,54.254,can0  204  [16]  9C 09 B1 FF 0F 95 1A DF 28 23 30 75 30 75 00 00
2026-07-26T17:06:29.120384,54.356,can0  206  [24]  7A 0C C0 06 6B 0C 99 C6 CC 06 3A 0C 76 0C 00 00 00 00 00 00 00 00 00 00
2026-07-26T17:06:29.120540,54.356,can0  041  [04]  14 00 1B 00
2026-07-26T17:06:29.120704,54.356,can0  204  [16]  9C 09 B1 FF 0F 95 1A DF 28 23 30 75 30 75 00 00
2026-07-26T17:06:29.120907,54.356,can0  204  [16]  9C 09 B1 FF 0F 95 1A DF 28 23 30 75 30 75 00 00
2026-07-26T17:06:29.218041,54.454,can0  070  [20]  C9 2C 4D 08 F7 AE 62 03 48 71 00 00 06 00 00 00 2E 00 00 00
2026-07-26T17:06:29.218224,54.454,can0  040  [04]  02 00 19 00
2026-07-26T17:06:29.218430,54.454,can0  204  [16]  9C 09 B1 FF 0F 95 1A DF 28 23 30 75 30 75 00 00
2026-07-26T17:06:29.218608,54.454,can0  070  [20]  C9 2C 4D 08 F7 AE 62 03 48 71 00 00 06 00 00 00 2F 00 00 00
2026-07-26T17:06:29.221133,54.457,can0  206  [24]  75 0C C0 06 6B 0C 99 C6 CB 06 3A 0C 7B 0C 00 00 00 00 00 00 00 00 00 00
2026-07-26T17:06:29.318107,54.554,can0  040  [04]  02 00 19 00
2026-07-26T17:06:29.318324,54.554,can0  204  [16]  9C 09 B1 FF 0F 95 1A DF 28 23 30 75 30 75 00 00
2026-07-26T17:06:29.318517,54.554,can0  204  [16]  9C 09 B1 FF 0F 95 1A DF 28 23 30 75 30 75 00 00
2026-07-26T17:06:29.318699,54.554,can0  070  [20]  C9 2C 4D 08 F7 AE 62 03 48 71 00 00 06 00 00 00 2F 00 00 00
2026-07-26T17:06:29.318875,54.554,can0  041  [04]  0F 00 1A 00
2026-07-26T17:06:29.418232,54.654,can0  204  [16]  9C 09 B1 FF 0F 95 1A DF 28 23 30 75 30 75 00 00
2026-07-26T17:06:29.420540,54.656,can0  206  [24]  7A 0C C0 06 6B 0C 99 C6 EA 06 3A 0C 76 0C 00 00 00 00 00 00 00 00 00 00
2026-07-26T17:06:29.420785,54.656,can0  204  [16]  9C 09 B1 FF 0F 95 1A DF 28 23 30 75 30 75 00 00
2026-07-26T17:06:29.420989,54.656,can0  060  [32]  00 00 00 00 00 00 00 00 00 00 00 00 00 00 00 00 00 00 00 00 00 00 00 00 00 00 00 00 00 00 00 00
2026-07-26T17:06:29.519639,54.755,can0  040  [04]  61 01 19 00
2026-07-26T17:06:29.519688,54.755,can0  204  [16]  9C 09 B1 FF 0F 95 1A DF 28 23 30 75 30 75 00 00
2026-07-26T17:06:29.519710,54.755,can0  040  [04]  61 01 19 00
2026-07-26T17:06:29.620420,54.856,can0  204  [16]  9C 09 B1 FF 0F 95 1A DF 28 23 30 75 30 75 00 00
2026-07-26T17:06:29.620526,54.856,can0  206  [24]  7A 0C C7 06 6B 0C 99 C6 EB 06 3A 0C 76 0C 00 00 00 00 00 00 00 00 00 00
2026-07-26T17:06:29.620678,54.856,can0  204  [16]  9C 09 B1 FF 0F 95 1A DF 28 23 30 75 30 75 00 00
2026-07-26T17:06:29.622250,54.858,can0  041  [04]  0B 00 1B 00
2026-07-26T17:06:29.718914,54.954,can0  204  [16]  9C 09 B1 FF 0F 95 1A DF 28 23 30 75 30 75 00 00
2026-07-26T17:06:29.718962,54.954,can0  204  [16]  9C 09 B1 FF 0F 95 1A DF 28 23 30 75 30 75 00 00
2026-07-26T17:06:29.721159,54.957,can0  206  [24]  75 0C C7 06 6B 0C 99 C6 EE 06 3F 0C 7B 0C 00 00 00 00 00 00 00 00 00 00
2026-07-26T17:06:29.721361,54.957,can0  040  [04]  60 01 14 00
2026-07-26T17:06:29.817978,55.053,can0  040  [04]  60 01 14 00
2026-07-26T17:06:29.818176,55.054,can0  204  [16]  9C 09 B1 FF 0F 95 1A DF 28 23 30 75 30 75 00 00
2026-07-26T17:06:29.818341,55.054,can0  070  [20]  C9 2C 4D 08 F7 AE 62 03 48 71 00 00 06 00 00 00 2F 00 00 00
2026-07-26T17:06:29.818513,55.054,can0  204  [16]  9C 09 B1 FF 0F 95 1A DF 28 23 30 75 30 75 00 00
2026-07-26T17:06:29.917601,55.153,can0  041  [04]  0F 00 1F 00
2026-07-26T17:06:29.920058,55.156,can0  206  [24]  75 0C C7 06 6B 0C B5 CD F2 06 3F 0C 7B 0C 00 00 00 00 00 00 00 00 00 00
2026-07-26T17:06:29.920905,55.156,can0  204  [16]  9C 09 B1 FF 0F 95 1A DF 28 23 30 75 30 75 00 00
2026-07-26T17:06:29.920928,55.156,can0  070  [20]  C9 2C 4D 08 F7 AE 62 03 48 71 00 00 06 00 00 00 2F 00 00 00
2026-07-26T17:06:29.920949,55.156,can0  132  [00]
2026-07-26T17:06:29.920968,55.156,can0  060  [32]  00 00 00 00 C9 2C 4D 08 4C 04 B8 10 00 00 10 0E FF 01 00 00 00 00 00 00 01 00 00 00 00 00 00 00
2026-07-26T17:06:30.018149,55.254,can0  204  [16]  9C 09 B1 FF 0F 95 1A DF 28 23 30 75 30 75 00 00
2026-07-26T17:06:30.018363,55.254,can0  100  [03]  5F 71 04
2026-07-26T17:06:30.018486,55.254,can0  120  [04]  20 19 00 00
2026-07-26T17:06:30.018610,55.254,can0  040  [04]  60 01 14 00
2026-07-26T17:06:30.018777,55.254,can0  204  [16]  9C 09 B1 FF 0F 95 1A DF 28 23 30 75 30 75 00 00
2026-07-26T17:06:30.018873,55.254,can0  040  [04]  60 01 14 00
2026-07-26T17:06:30.119928,55.355,can0  206  [24]  84 0C E8 06 66 0C B5 CD F1 06 3F 0C 71 0C 00 00 00 00 00 00 00 00 00 00
2026-07-26T17:06:30.120163,55.356,can0  204  [16]  9C 09 B1 FF 0F 95 1A DF 28 23 30 75 30 75 00 00
2026-07-26T17:06:30.120365,55.356,can0  204  [16]  9C 09 B1 FF 0F 95 1A DF 28 23 30 75 30 75 00 00
2026-07-26T17:06:30.120551,55.356,can0  041  [04]  11 00 21 00
2026-07-26T17:06:30.218274,55.454,can0  204  [16]  9C 09 B1 FF 0F 95 1A DF 28 23 30 75 30 75 00 00
2026-07-26T17:06:30.218720,55.454,can0  070  [20]  CA 2C 4D 08 F7 AE 62 03 30 75 00 00 06 00 00 00 0D 00 00 00
2026-07-26T17:06:30.221144,55.457,can0  206  [24]  93 0C E7 06 66 0C B5 CD D0 06 3A 0C 62 0C 00 00 00 00 00 00 00 00 00 00
2026-07-26T17:06:30.318283,55.554,can0  204  [16]  9C 09 B1 FF 0F 95 1A DF 28 23 30 75 30 75 00 00
2026-07-26T17:06:30.318492,55.554,can0  070  [20]  CA 2C 4D 08 F7 AE 62 03 30 75 00 00 06 00 00 00 0C 00 00 00
2026-07-26T17:06:30.318675,55.554,can0  040  [04]  67 01 13 00
2026-07-26T17:06:30.318861,55.554,can0  070  [20]  CA 2C 4D 08 F7 AE 62 03 30 75 00 00 06 00 00 00 0C 00 00 00
2026-07-26T17:06:30.319030,55.554,can0  040  [04]  67 01 13 00
2026-07-26T17:06:30.320733,55.556,can0  204  [16]  9C 09 B1 FF 0F 95 1A DF 28 23 30 75 30 75 00 00
2026-07-26T17:06:30.419025,55.654,can0  204  [16]  9C 09 B1 FF 0F 95 1A DF 28 23 30 75 30 75 00 00
2026-07-26T17:06:30.420094,55.656,can0  110  [02]  1C 1B
2026-07-26T17:06:30.420149,55.656,can0  206  [24]  99 0C E5 06 61 0C B5 CD D0 06 44 0C 5D 0C 00 00 00 00 00 00 00 00 00 00
2026-07-26T17:06:30.422893,55.658,can0  041  [04]  12 00 22 00
2026-07-26T17:06:30.423140,55.659,can0  204  [16]  9C 09 B1 FF 0F 95 1A DF 28 23 30 75 30 75 00 00
2026-07-26T17:06:30.423369,55.659,can0  060  [32]  00 00 00 00 00 00 00 00 00 00 00 00 00 00 00 00 00 00 00 00 00 00 00 00 00 00 00 00 00 00 00 00
2026-07-26T17:06:30.517765,55.753,can0  204  [16]  9C 09 B1 FF 0F 95 1A DF 28 23 30 75 30 75 00 00
2026-07-26T17:06:30.517919,55.753,can0  040  [04]  49 01 13 00
2026-07-26T17:06:30.518077,55.754,can0  204  [16]  9C 09 B1 FF 0F 95 1A DF 28 23 30 75 30 75 00 00
2026-07-26T17:06:30.622035,55.858,can0  206  [24]  99 0C E5 06 66 0C B5 CD CF 06 3A 0C 5D 0C 00 00 00 00 00 00 00 00 00 00
2026-07-26T17:06:30.622192,55.858,can0  040  [04]  49 01 13 00
2026-07-26T17:06:30.622378,55.858,can0  204  [16]  9C 09 B1 FF 0F 95 1A DF 28 23 30 75 30 75 00 00
2026-07-26T17:06:30.717594,55.953,can0  204  [16]  9C 09 B1 FF 0F 95 1A DF 28 23 30 75 30 75 00 00
2026-07-26T17:06:30.717756,55.953,can0  041  [04]  1A 00 22 00
2026-07-26T17:06:30.717946,55.953,can0  204  [16]  9C 09 B1 FF 0F 95 1A DF 28 23 30 75 30 75 00 00
2026-07-26T17:06:30.720313,55.956,can0  206  [24]  99 0C E7 06 66 0C 99 C6 D1 06 3F 0C 5D 0C 00 00 00 00 00 00 00 00 00 00
2026-07-26T17:06:30.818485,56.054,can0  204  [16]  9C 09 B1 FF 0F 95 1A DF 28 23 30 75 30 75 00 00
2026-07-26T17:06:30.818545,56.054,can0  040  [04]  40 01 18 00
2026-07-26T17:06:30.818586,56.054,can0  070  [20]  CA 2C 4D 08 F7 AE 62 03 30 75 00 00 06 00 00 00 0C 00 00 00
2026-07-26T17:06:30.821061,56.057,can0  204  [16]  9C 09 B1 FF 0F 95 1A DF 28 23 30 75 30 75 00 00
2026-07-26T17:06:30.919650,56.155,can0  040  [04]  40 01 18 00
2026-07-26T17:06:30.922047,56.158,can0  206  [24]  8E 0C C9 06 6B 0C 99 C6 D0 06 3F 0C 62 0C 00 00 00 00 00 00 00 00 00 00
2026-07-26T17:06:30.922904,56.158,can0  204  [16]  9C 09 B1 FF 0F 95 1A DF 28 23 30 75 30 75 00 00
2026-07-26T17:06:30.922938,56.158,can0  070  [20]  CA 2C 4D 08 F7 AE 62 03 30 75 00 00 06 00 00 00 0C 00 00 00
2026-07-26T17:06:30.922972,56.158,can0  041  [04]  15 00 23 00
2026-07-26T17:06:30.923977,56.159,can0  060  [32]  00 00 00 00 00 00 00 00 00 00 00 00 00 00 00 00 00 00 00 00 00 00 00 00 00 00 00 00 00 00 00 00
2026-07-26T17:06:31.017821,56.253,can0  204  [16]  9C 09 B1 FF 0F 95 1A DF 28 23 30 75 30 75 00 00
2026-07-26T17:06:31.017979,56.253,can0  060  [32]  00 00 00 00 CA 2C 4D 08 4C 04 B8 10 00 00 10 0E FF 01 00 00 00 00 00 00 01 00 00 00 00 00 00 00
2026-07-26T17:06:31.018364,56.254,can0  204  [16]  9C 09 B1 FF 0F 95 1A DF 28 23 30 75 30 75 00 00
2026-07-26T17:06:31.120377,56.356,can0  206  [24]  7A 0C C9 06 71 0C 99 C6 D1 06 35 0C 76 0C 00 00 00 00 00 00 00 00 00 00
2026-07-26T17:06:31.120530,56.356,can0  040  [04]  46 01 1D 00
2026-07-26T17:06:31.120695,56.356,can0  204  [16]  9C 09 B1 FF 0F 95 1A DF 28 23 30 75 30 75 00 00
2026-07-26T17:06:31.120812,56.356,can0  040  [04]  46 01 1D 00
2026-07-26T17:06:31.120974,56.356,can0  204  [16]  9C 09 B1 FF 0F 95 1A DF 28 23 30 75 30 75 00 00
2026-07-26T17:06:31.219149,56.455,can0  100  [03]  5C 71 04
2026-07-26T17:06:31.219324,56.455,can0  204  [16]  9C 09 B1 FF 0F 95 1A DF 28 23 30 75 30 75 00 00
2026-07-26T17:06:31.219646,56.455,can0  120  [04]  1C 19 00 00
2026-07-26T17:06:31.219692,56.455,can0  070  [20]  CA 2C 4D 08 F5 AE 62 03 18 79 00 00 06 00 00 00 13 00 00 00
2026-07-26T17:06:31.219818,56.455,can0  041  [04]  16 00 26 00
2026-07-26T17:06:31.223222,56.459,can0  206  [24]  71 0C CB 06 75 0C 99 C6 D1 06 35 0C 7B 0C 00 00 00 00 00 00 00 00 00 00
2026-07-26T17:06:31.223386,56.459,can0  070  [20]  CA 2C 4D 08 F5 AE 62 03 18 79 00 00 06 00 00 00 12 00 00 00
2026-07-26T17:06:31.223605,56.459,can0  204  [16]  9C 09 B1 FF 0F 95 1A DF 28 23 30 75 30 75 00 00
2026-07-26T17:06:31.283639,56.519,can0  204  [16]  9C 09 B1 FF 0F 95 1A DF 28 23 30 75 30 75 00 00
2026-07-26T17:06:31.284022,56.519,can0  070  [20]  CA 2C 4D 08 F5 AE 62 03 18 79 00 00 06 00 00 00 12 00 00 00
2026-07-26T17:06:31.284212,56.520,can0  040  [04]  4F 01 1B 00
2026-07-26T17:06:31.417676,56.653,can0  204  [16]  9C 09 B1 FF 0F 95 1A DF 28 23 30 75 30 75 00 00
2026-07-26T17:06:31.417808,56.653,can0  040  [04]  4F 01 1B 00
2026-07-26T17:06:31.420920,56.656,can0  206  [24]  71 0C CB 06 75 0C 99 C6 D1 06 35 0C 7B 0C 00 00 00 00 00 00 00 00 00 00
2026-07-26T17:06:31.421853,56.657,can0  204  [16]  9C 09 B1 FF 0F 95 1A DF 28 23 30 75 30 75 00 00
2026-07-26T17:06:31.518212,56.754,can0  060  [32]  00 00 00 00 00 00 00 00 00 00 00 00 00 00 00 00 00 00 00 00 00 00 00 00 00 00 00 00 00 00 00 00
2026-07-26T17:06:31.518417,56.754,can0  041  [04]  1A 00 2B 00
2026-07-26T17:06:31.518647,56.754,can0  204  [16]  9C 09 B1 FF 0F 95 1A DF 28 23 30 75 30 75 00 00
2026-07-26T17:06:31.518855,56.754,can0  204  [16]  9C 09 B1 FF 0F 95 1A DF 28 23 30 75 30 75 00 00
2026-07-26T17:06:31.522701,56.758,can0  206  [24]  75 0C C9 06 6B 0C 99 C6 CE 06 35 0C 7B 0C 00 00 00 00 00 00 00 00 00 00
2026-07-26T17:06:31.620314,56.856,can0  040  [04]  4F 01 16 00
2026-07-26T17:06:31.620365,56.856,can0  204  [16]  9C 09 B1 FF 0F 95 1A DF 28 23 30 75 30 75 00 00
2026-07-26T17:06:31.620386,56.856,can0  040  [04]  4F 01 16 00
2026-07-26T17:06:31.620405,56.856,can0  204  [16]  9C 09 B1 FF 0F 95 1A DF 28 23 30 75 30 75 00 00
2026-07-26T17:06:31.717949,56.953,can0  204  [16]  9C 09 B1 FF 0F 95 1A DF 28 23 30 75 30 75 00 00
2026-07-26T17:06:31.720439,56.956,can0  206  [24]  7A 0C C7 06 6B 0C 94 CC CF 06 35 0C 76 0C 00 00 00 00 00 00 00 00 00 00
2026-07-26T17:06:31.720649,56.956,can0  041  [04]  19 00 30 00
2026-07-26T17:06:31.818124,57.054,can0  204  [16]  9C 09 B1 FF 0F 95 1A DF 28 23 30 75 30 75 00 00
2026-07-26T17:06:31.818389,57.054,can0  204  [16]  9C 09 B1 FF 0F 95 1A DF 28 23 30 75 30 75 00 00
2026-07-26T17:06:31.818562,57.054,can0  070  [20]  CA 2C 4D 08 F5 AE 62 03 18 79 00 00 06 00 00 00 12 00 00 00
2026-07-26T17:06:31.918580,57.154,can0  040  [04]  4F 01 11 00
2026-07-26T17:06:31.921945,57.157,can0  206  [24]  7A 0C C8 06 6B 0C 94 CC CD 06 3A 0C 76 0C 00 00 00 00 00 00 00 00 00 00
2026-07-26T17:06:31.921999,57.157,can0  204  [16]  9C 09 B1 FF 0F 95 1A DF 28 23 30 75 30 75 00 00
2026-07-26T17:06:31.922036,57.158,can0  040  [04]  4F 01 11 00
2026-07-26T17:06:31.922077,57.158,can0  070  [20]  CA 2C 4D 08 F5 AE 62 03 18 79 00 00 06 00 00 00 12 00 00 00
2026-07-26T17:06:31.922130,57.158,can0  204  [16]  9C 09 B1 FF 0F 95 1A DF 28 23 30 75 30 75 00 00
2026-07-26T17:06:32.018065,57.254,can0  060  [32]  00 00 00 00 CA 2C 4D 08 4A 04 B8 10 00 00 10 0E FF 01 00 00 00 00 00 00 01 00 00 00 00 00 00 00
2026-07-26T17:06:32.018450,57.254,can0  110  [02]  1D 1B
2026-07-26T17:06:32.018610,57.254,can0  204  [16]  9C 09 B1 FF 0F 95 1A DF 28 23 30 75 30 75 00 00
2026-07-26T17:06:32.018761,57.254,can0  041  [04]  1A 00 32 00
2026-07-26T17:06:32.021436,57.257,can0  206  [24]  7F 0C C7 06 66 0C 94 CC CD 06 3A 0C 76 0C 00 00 00 00 00 00 00 00 00 00
2026-07-26T17:06:32.117869,57.353,can0  204  [16]  9C 09 B1 FF 0F 95 1A DF 28 23 30 75 30 75 00 00
2026-07-26T17:06:32.118010,57.353,can0  040  [04]  54 01 10 00
2026-07-26T17:06:32.118169,57.354,can0  204  [16]  9C 09 B1 FF 0F 95 1A DF 28 23 30 75 30 75 00 00
2026-07-26T17:06:32.218183,57.454,can0  204  [16]  9C 09 B1 FF 0F 95 1A DF 28 23 30 75 30 75 00 00
2026-07-26T17:06:32.218323,57.454,can0  040  [04]  54 01 10 00
2026-07-26T17:06:32.218486,57.454,can0  070  [20]  CC 2C 4D 08 F5 AE 62 03 00 7D 00 00 06 00 00 00 34 00 00 00
2026-07-26T17:06:32.221379,57.457,can0  206  [24]  7F 0C C8 06 6B 0C 94 CC CB 06 3A 0C 71 0C 00 00 00 00 00 00 00 00 00 00
2026-07-26T17:06:32.221420,57.457,can0  070  [20]  CC 2C 4D 08 F5 AE 62 03 00 7D 00 00 06 00 00 00 33 00 00 00
2026-07-26T17:06:32.222959,57.458,can0  204  [16]  9C 09 B1 FF 0F 95 1A DF 28 23 30 75 30 75 00 00
2026-07-26T17:06:32.317678,57.553,can0  041  [04]  17 00 31 00
2026-07-26T17:06:32.325065,57.561,can0  204  [16]  9C 09 B1 FF 0F 95 1A DF 28 23 30 75 30 75 00 00
2026-07-26T17:06:32.325461,57.561,can0  070  [20]  CC 2C 4D 08 F5 AE 62 03 00 7D 00 00 06 00 00 00 33 00 00 00
2026-07-26T17:06:32.325649,57.561,can0  204  [16]  9C 09 B1 FF 0F 95 1A DF 28 23 30 75 30 75 00 00
2026-07-26T17:06:32.420687,57.656,can0  206  [24]  7F 0C C7 06 66 0C 94 CC CC 06 3A 0C 76 0C 00 00 00 00 00 00 00 00 00 00
2026-07-26T17:06:32.420833,57.656,can0  100  [03]  5A 71 04
2026-07-26T17:06:32.420949,57.656,can0  120  [04]  1B 19 00 00
2026-07-26T17:06:32.421080,57.657,can0  040  [04]  5F 01 12 00
2026-07-26T17:06:32.421231,57.657,can0  204  [16]  9C 09 B1 FF 0F 95 1A DF 28 23 30 75 30 75 00 00
2026-07-26T17:06:32.423574,57.659,can0  040  [04]  5F 01 12 00
2026-07-26T17:06:32.518653,57.754,can0  060  [32]  00 00 00 00 00 00 00 00 00 00 00 00 00 00 00 00 00 00 00 00 00 00 00 00 00 00 00 00 00 00 00 00
2026-07-26T17:06:32.518867,57.754,can0  204  [16]  9C 09 B1 FF 0F 95 1A DF 28 23 30 75 30 75 00 00
2026-07-26T17:06:32.519006,57.754,can0  204  [16]  9C 09 B1 FF 0F 95 1A DF 28 23 30 75 30 75 00 00
2026-07-26T17:06:32.519198,57.755,can0  041  [04]  18 00 32 00
2026-07-26T17:06:32.521683,57.757,can0  206  [24]  7F 0C C8 06 66 0C 99 C6 CC 06 35 0C 76 0C 00 00 00 00 00 00 00 00 00 00
2026-07-26T17:06:32.619463,57.855,can0  204  [16]  9C 09 B1 FF 0F 95 1A DF 28 23 30 75 30 75 00 00
2026-07-26T17:06:32.619672,57.855,can0  204  [16]  9C 09 B1 FF 0F 95 1A DF 28 23 30 75 30 75 00 00
2026-07-26T17:06:32.717927,57.953,can0  040  [04]  5C 01 14 00
2026-07-26T17:06:32.718118,57.954,can0  204  [16]  9C 09 B1 FF 0F 95 1A DF 28 23 30 75 30 75 00 00
2026-07-26T17:06:32.718256,57.954,can0  040  [04]  5C 01 14 00
2026-07-26T17:06:32.721794,57.957,can0  206  [24]  7F 0C C7 06 66 0C 99 C6 CE 06 35 0C 76 0C 00 00 00 00 00 00 00 00 00 00
2026-07-26T17:06:32.817536,58.053,can0  204  [16]  9C 09 B1 FF 0F 95 1A DF 28 23 30 75 30 75 00 00
2026-07-26T17:06:32.817699,58.053,can0  070  [20]  CC 2C 4D 08 F5 AE 62 03 00 7D 00 00 06 00 00 00 33 00 00 00
2026-07-26T17:06:32.817980,58.053,can0  041  [04]  17 00 37 00
2026-07-26T17:06:32.818171,58.054,can0  204  [16]  9C 09 B1 FF 0F 95 1A DF 28 23 30 75 30 75 00 00
2026-07-26T17:06:32.925331,58.161,can0  206  [24]  7F 0C C7 06 61 0C 99 C6 CF 06 3A 0C 76 0C 00 00 00 00 00 00 00 00 00 00
2026-07-26T17:06:32.929983,58.165,can0  204  [16]  9C 09 B1 FF 0F 95 1A DF 28 23 30 75 30 75 00 00
2026-07-26T17:06:32.930190,58.166,can0  070  [20]  CC 2C 4D 08 F5 AE 62 03 00 7D 00 00 06 00 00 00 33 00 00 00
2026-07-26T17:06:32.932549,58.168,can0  040  [04]  67 01 19 00
2026-07-26T17:06:32.932724,58.168,can0  130  [00]
2026-07-26T17:06:32.932863,58.168,can0  204  [16]  9C 09 B1 FF 0F 95 1A DF 28 23 30 75 30 75 00 00
2026-07-26T17:06:33.002526,58.238,can0  060  [32]  00 00 00 00 00 00 00 00 00 00 00 00 00 00 00 00 00 00 00 00 00 00 00 00 00 00 00 00 00 00 00 00
2026-07-26T17:06:33.002866,58.238,can0  040  [04]  67 01 19 00
2026-07-26T17:06:33.002905,58.238,can0  131  [00]
2026-07-26T17:06:33.002936,58.238,can0  060  [32]  00 00 00 00 CC 2C 4D 08 4A 04 B8 10 00 00 10 0E FF 01 00 00 00 00 00 00 01 00 00 00 00 00 00 00
2026-07-26T17:06:33.003408,58.239,can0  204  [16]  9C 09 B1 FF 0F 95 1A DF 28 23 30 75 30 75 00 00
2026-07-26T17:06:33.003962,58.239,can0  206  [24]  7B 0C C5 06 61 0C 99 C6 D0 06 3A 0C 7B 0C 00 00 00 00 00 00 00 00 00 00
2026-07-26T17:06:33.008558,58.244,can0  204  [16]  9C 09 B1 FF 0F 95 1A DF 28 23 30 75 30 75 00 00
2026-07-26T17:06:33.149944,58.385,can0  041  [04]  17 00 37 00
2026-07-26T17:06:33.151562,58.387,can0  204  [16]  9C 09 B1 FF 0F 95 1A DF 28 23 30 75 30 75 00 00
2026-07-26T17:06:33.212649,58.448,can0  204  [16]  9C 09 B1 FF 0F 95 1A DF 28 23 30 75 30 75 00 00
2026-07-26T17:06:33.212799,58.448,can0  070  [20]  CC 2C 4D 08 F5 AE 62 03 E8 80 00 00 06 00 00 00 25 00 00 00
2026-07-26T17:06:33.212942,58.448,can0  040  [04]  0D 00 18 00
2026-07-26T17:06:33.215831,58.451,can0  206  [24]  7B 0C C5 06 61 0C 99 C6 D2 06 3A 0C 7B 0C 00 00 00 00 00 00 00 00 00 00
2026-07-26T17:06:33.215876,58.451,can0  204  [16]  9C 09 B1 FF 0F 95 1A DF 28 23 30 75 30 75 00 00
2026-07-26T17:06:33.215902,58.451,can0  070  [20]  CC 2C 4D 08 F5 AE 62 03 E8 80 00 00 06 00 00 00 24 00 00 00
2026-07-26T17:06:33.216033,58.451,can0  040  [04]  0D 00 18 00
2026-07-26T17:06:33.312622,58.548,can0  204  [16]  9C 09 B1 FF 0F 95 1A DF 28 23 30 75 30 75 00 00
2026-07-26T17:06:33.312815,58.548,can0  070  [20]  CC 2C 4D 08 F5 AE 62 03 E8 80 00 00 06 00 00 00 24 00 00 00
2026-07-26T17:06:33.312995,58.548,can0  041  [04]  18 00 33 00
2026-07-26T17:06:33.313199,58.549,can0  204  [16]  9C 09 B1 FF 0F 95 1A DF 28 23 30 75 30 75 00 00
2026-07-26T17:06:33.409456,58.645,can0  206  [24]  71 0C C4 06 6B 0C 99 C6 D5 06 3F 0C 7B 0C 00 00 00 00 00 00 00 00 00 00
2026-07-26T17:06:33.409501,58.645,can0  204  [16]  9C 09 B1 FF 0F 95 1A DF 28 23 30 75 30 75 00 00
2026-07-26T17:06:33.409522,58.645,can0  040  [04]  09 00 15 00
2026-07-26T17:06:33.500905,58.736,can0  204  [16]  9C 09 B1 FF 0F 95 1A DF 28 23 30 75 30 75 00 00
2026-07-26T17:06:33.503609,58.739,can0  040  [04]  09 00 15 00
2026-07-26T17:06:33.503653,58.739,can0  204  [16]  9C 09 B1 FF 0F 95 1A DF 28 23 30 75 30 75 00 00
2026-07-26T17:06:33.503674,58.739,can0  206  [24]  71 0C C5 06 6B 0C 99 C6 D2 06 3F 0C 7B 0C 00 00 00 00 00 00 00 00 00 00
2026-07-26T17:06:33.587467,58.823,can0  204  [16]  9C 09 B1 FF 0F 95 1A DF 28 23 30 75 30 75 00 00
2026-07-26T17:06:33.587776,58.823,can0  100  [03]  59 71 04
2026-07-26T17:06:33.587805,58.823,can0  110  [02]  1D 1B
2026-07-26T17:06:33.587931,58.823,can0  120  [04]  22 19 00 00
2026-07-26T17:06:33.588106,58.824,can0  041  [04]  19 00 2D 00
2026-07-26T17:06:33.588307,58.824,can0  204  [16]  9C 09 B1 FF 0F 95 1A DF 28 23 30 75 30 75 00 00
2026-07-26T17:06:33.717627,58.953,can0  204  [16]  9C 09 B1 FF 0F 95 1A DF 28 23 30 75 30 75 00 00
2026-07-26T17:06:33.720130,58.956,can0  206  [24]  71 0C C6 06 70 0C 99 C6 D4 06 3A 0C 7B 0C 00 00 00 00 00 00 00 00 00 00
2026-07-26T17:06:33.720332,58.956,can0  040  [04]  54 01 0E 00
2026-07-26T17:06:33.720531,58.956,can0  204  [16]  9C 09 B1 FF 0F 95 1A DF 28 23 30 75 30 75 00 00
2026-07-26T17:06:33.836231,59.072,can0  040  [04]  54 01 0E 00
2026-07-26T17:06:33.842119,59.078,can0  204  [16]  9C 09 B1 FF 0F 95 1A DF 28 23 30 75 30 75 00 00
2026-07-26T17:06:33.842204,59.078,can0  070  [20]  CC 2C 4D 08 F5 AE 62 03 E8 80 00 00 06 00 00 00 24 00 00 00
2026-07-26T17:06:33.842258,59.078,can0  133  [00]
2026-07-26T17:06:33.928784,59.164,can0  041  [04]  17 00 2A 00
2026-07-26T17:06:33.929193,59.165,can0  204  [16]  9C 09 B1 FF 0F 95 1A DF 28 23 30 75 30 75 00 00
2026-07-26T17:06:33.932209,59.168,can0  206  [24]  6C 0C C8 06 70 0C 99 C6 D1 06 3F 0C 7B 0C 00 00 00 00 00 00 00 00 00 00
2026-07-26T17:06:33.932408,59.168,can0  070  [20]  CC 2C 4D 08 F5 AE 62 03 E8 80 00 00 06 00 00 00 24 00 00 00
2026-07-26T17:06:33.933910,59.169,can0  204  [16]  9C 09 B1 FF 0F 95 1A DF 28 23 30 75 30 75 00 00
2026-07-26T17:06:34.018024,59.253,can0  204  [16]  9C 09 B1 FF 0F 95 1A DF 28 23 30 75 30 75 00 00
2026-07-26T17:06:34.018205,59.254,can0  040  [04]  4D 01 0E 00
2026-07-26T17:06:34.018410,59.254,can0  060  [32]  C0 8C B3 0E 71 E3 4D 08 F1 F0 62 03 B0 00 D5 0A 16 01 80 00 00 00 00 00 02 00 00 00 00 00 00 00
2026-07-26T17:06:34.018526,59.254,can0  060  [32]  00 00 00 00 CC 2C 4D 08 4A 04 B8 10 00 00 10 0E FF 01 00 00 00 00 00 01 02 00 00 00 00 00 00 00
2026-07-26T17:06:34.021251,59.257,can0  206  [24]  6C 0C C8 06 70 0C 99 C6 D0 06 3A 0C 7B 0C 00 00 00 00 00 00 00 00 00 00
2026-07-26T17:06:34.021435,59.257,can0  040  [04]  4D 01 0E 00
2026-07-26T17:06:34.021605,59.257,can0  204  [16]  9C 09 B1 FF 0F 95 1A DF 28 23 30 75 30 75 00 00
2026-07-26T17:06:34.117601,59.353,can0  204  [16]  9C 09 B1 FF 0F 95 1A DF 28 23 30 75 30 75 00 00
2026-07-26T17:06:34.117796,59.353,can0  041  [04]  16 00 2D 00
2026-07-26T17:06:34.217824,59.453,can0  204  [16]  9C 09 B1 FF 0F 95 1A DF 28 23 30 75 30 75 00 00
2026-07-26T17:06:34.220595,59.456,can0  206  [24]  7A 0C C8 06 66 0C 99 C6 CE 06 3A 0C 76 0C 00 00 00 00 00 00 00 00 00 00
2026-07-26T17:06:34.220811,59.456,can0  070  [20]  CE 2C 4D 08 F5 AE 62 03 D0 84 00 00 06 00 00 00 3B 00 00 00
2026-07-26T17:06:34.221007,59.456,can0  204  [16]  9C 09 B1 FF 0F 95 1A DF 28 23 30 75 30 75 00 00
2026-07-26T17:06:34.221191,59.457,can0  070  [20]  CE 2C 4D 08 F5 AE 62 03 D0 84 00 00 06 00 00 00 3B 00 00 00
2026-07-26T17:06:34.221359,59.457,can0  040  [04]  4F 01 12 00
2026-07-26T17:06:34.318250,59.554,can0  204  [16]  9C 09 B1 FF 0F 95 1A DF 28 23 30 75 30 75 00 00
2026-07-26T17:06:34.318460,59.554,can0  070  [20]  CE 2C 4D 08 F5 AE 62 03 D0 84 00 00 06 00 00 00 3B 00 00 00
2026-07-26T17:06:34.321172,59.557,can0  040  [04]  4F 01 12 00
2026-07-26T17:06:34.321201,59.557,can0  204  [16]  9C 09 B1 FF 0F 95 1A DF 28 23 30 75 30 75 00 00
2026-07-26T17:06:34.421639,59.657,can0  206  [24]  84 0C C7 06 66 0C 99 C6 CF 06 35 0C 71 0C 00 00 00 00 00 00 00 00 00 00
2026-07-26T17:06:34.421897,59.657,can0  204  [16]  9C 09 B1 FF 0F 95 1A DF 28 23 30 75 30 75 00 00
2026-07-26T17:06:34.422075,59.658,can0  041  [04]  19 00 2F 00
2026-07-26T17:06:34.422286,59.658,can0  204  [16]  9C 09 B1 FF 0F 95 1A DF 28 23 30 75 30 75 00 00
2026-07-26T17:06:34.517649,59.753,can0  204  [16]  9C 09 B1 FF 0F 95 1A DF 28 23 30 75 30 75 00 00
2026-07-26T17:06:34.520353,59.756,can0  060  [32]  00 00 00 00 00 00 00 00 00 00 00 00 00 00 00 00 00 00 00 00 00 00 00 00 00 00 00 00 00 00 00 00
2026-07-26T17:06:34.520396,59.756,can0  040  [04]  04 00 18 00
2026-07-26T17:06:34.520417,59.756,can0  206  [24]  84 0C C7 06 6B 0C 99 C6 CD 06 30 0C 71 0C 00 00 00 00 00 00 00 00 00 00
2026-07-26T17:06:34.617617,59.853,can0  040  [04]  04 00 18 00
2026-07-26T17:06:34.618115,59.854,can0  204  [16]  9C 09 B1 FF 0F 95 1A DF 28 23 30 75 30 75 00 00
2026-07-26T17:06:34.618318,59.854,can0  204  [16]  9C 09 B1 FF 0F 95 1A DF 28 23 30 75 30 75 00 00
2026-07-26T17:06:34.718261,59.954,can0  041  [04]  13 00 2E 00
2026-07-26T17:06:34.718463,59.954,can0  204  [16]  9C 09 B1 FF 0F 95 1A DF 28 23 30 75 30 75 00 00
2026-07-26T17:06:34.721048,59.957,can0  206  [24]  7F 0C C5 06 76 0C 99 C6 CF 06 26 0C 76 0C 00 00 00 00 00 00 00 00 00 00
2026-07-26T17:06:34.721285,59.957,can0  204  [16]  9C 09 B1 FF 0F 95 1A DF 28 23 30 75 30 75 00 00
2026-07-26T17:06:34.821858,60.057,can0  040  [04]  0A 00 23 00
2026-07-26T17:06:34.822043,60.058,can0  100  [03]  5A 71 04
2026-07-26T17:06:34.822182,60.058,can0  120  [04]  1D 19 00 00
2026-07-26T17:06:34.822318,60.058,can0  070  [20]  CE 2C 4D 08 F5 AE 62 03 D0 84 00 00 06 00 00 00 3B 00 00 00
2026-07-26T17:06:34.822474,60.058,can0  204  [16]  9C 09 B1 FF 0F 95 1A DF 28 23 30 75 30 75 00 00
2026-07-26T17:06:34.822584,60.058,can0  040  [04]  0A 00 23 00
2026-07-26T17:06:34.917752,60.153,can0  204  [16]  9C 09 B1 FF 0F 95 1A DF 28 23 30 75 30 75 00 00
2026-07-26T17:06:34.920793,60.156,can0  206  [24]  7F 0C C6 06 76 0C 99 C6 D0 06 2A 0C 76 0C 00 00 00 00 00 00 00 00 00 00
2026-07-26T17:06:34.921206,60.157,can0  070  [20]  CE 2C 4D 08 F5 AE 62 03 D0 84 00 00 06 00 00 00 3B 00 00 00
2026-07-26T17:06:34.921420,60.157,can0  204  [16]  9C 09 B1 FF 0F 95 1A DF 28 23 30 75 30 75 00 00
2026-07-26T17:06:34.923047,60.159,can0  041  [04]  06 00 26 00
2026-07-26T17:06:35.017854,60.253,can0  204  [16]  9C 09 B1 FF 0F 95 1A DF 28 23 30 75 30 75 00 00
2026-07-26T17:06:35.018075,60.254,can0  060  [32]  00 00 00 00 CE 2C 4D 08 4A 04 B8 10 00 00 10 0E FF 01 00 00 00 00 00 00 01 00 00 00 00 00 00 00
2026-07-26T17:06:35.021383,60.257,can0  206  [24]  7F 0C C6 06 76 0C 5D CD D0 06 2A 0C 76 0C 00 00 00 00 00 00 00 00 00 00
2026-07-26T17:06:35.021535,60.257,can0  040  [04]  07 00 28 00
2026-07-26T17:06:35.021699,60.257,can0  204  [16]  9C 09 B1 FF 0F 95 1A DF 28 23 30 75 30 75 00 00
2026-07-26T17:06:35.118232,60.354,can0  204  [16]  9C 09 B1 FF 0F 95 1A DF 28 23 30 75 30 75 00 00
2026-07-26T17:06:35.118357,60.354,can0  040  [04]  07 00 28 00
2026-07-26T17:06:35.118506,60.354,can0  204  [16]  9C 09 B1 FF 0F 95 1A DF 28 23 30 75 30 75 00 00
2026-07-26T17:06:35.218307,60.454,can0  110  [02]  1B 1B
2026-07-26T17:06:35.218446,60.454,can0  070  [20]  CE 2C 4D 08 F5 AE 62 03 B8 88 00 00 06 00 00 00 0D 00 00 00
2026-07-26T17:06:35.221155,60.457,can0  206  [24]  7B 0C C7 06 76 0C 5D CD D0 06 30 0C 7B 0C 00 00 00 00 00 00 00 00 00 00
2026-07-26T17:06:35.223364,60.459,can0  041  [04]  62 01 20 00
2026-07-26T17:06:35.223400,60.459,can0  204  [16]  9C 09 B1 FF 0F 95 1A DF 28 23 30 75 30 75 00 00
2026-07-26T17:06:35.223433,60.459,can0  070  [20]  CE 2C 4D 08 F5 AE 62 03 B8 88 00 00 06 00 00 00 0D 00 00 00
2026-07-26T17:06:35.318475,60.554,can0  204  [16]  9C 09 B1 FF 0F 95 1A DF 28 23 30 75 30 75 00 00
2026-07-26T17:06:35.318686,60.554,can0  040  [04]  04 00 2A 00
2026-07-26T17:06:35.318853,60.554,can0  070  [20]  CE 2C 4D 08 F5 AE 62 03 B8 88 00 00 06 00 00 00 0D 00 00 00
2026-07-26T17:06:35.319022,60.554,can0  204  [16]  9C 09 B1 FF 0F 95 1A DF 28 23 30 75 30 75 00 00
2026-07-26T17:06:35.420155,60.656,can0  206  [24]  7B 0C C7 06 71 0C 5D CD D0 06 35 0C 7B 0C 00 00 00 00 00 00 00 00 00 00
2026-07-26T17:06:35.420318,60.656,can0  040  [04]  04 00 2A 00
2026-07-26T17:06:35.420477,60.656,can0  204  [16]  9C 09 B1 FF 0F 95 1A DF 28 23 30 75 30 75 00 00
2026-07-26T17:06:35.422175,60.658,can0  204  [16]  9C 09 B1 FF 0F 95 1A DF 28 23 30 75 30 75 00 00
2026-07-26T17:06:35.517785,60.753,can0  041  [04]  02 00 1F 00
2026-07-26T17:06:35.520686,60.756,can0  204  [16]  9C 09 B1 FF 0F 95 1A DF 28 23 30 75 30 75 00 00
2026-07-26T17:06:35.520745,60.756,can0  060  [32]  00 00 00 00 00 00 00 00 00 00 00 00 00 00 00 00 00 00 00 00 00 00 00 00 00 00 00 00 00 00 00 00
2026-07-26T17:06:35.520784,60.756,can0  206  [24]  7A 0C C7 06 71 0C 5D CD D1 06 35 0C 76 0C 00 00 00 00 00 00 00 00 00 00
2026-07-26T17:06:35.618072,60.854,can0  204  [16]  9C 09 B1 FF 0F 95 1A DF 28 23 30 75 30 75 00 00
2026-07-26T17:06:35.618231,60.854,can0  040  [04]  04 00 28 00
2026-07-26T17:06:35.618394,60.854,can0  204  [16]  9C 09 B1 FF 0F 95 1A DF 28 23 30 75 30 75 00 00
2026-07-26T17:06:35.618515,60.854,can0  040  [04]  04 00 28 00
2026-07-26T17:06:35.718077,60.954,can0  204  [16]  9C 09 B1 FF 0F 95 1A DF 28 23 30 75 30 75 00 00
2026-07-26T17:06:35.720608,60.956,can0  206  [24]  75 0C C7 06 71 0C 5D CD D1 06 35 0C 7B 0C 00 00 00 00 00 00 00 00 00 00
2026-07-26T17:06:35.720812,60.956,can0  041  [04]  0E 00 21 00
2026-07-26T17:06:35.721013,60.956,can0  204  [16]  9C 09 B1 FF 0F 95 1A DF 28 23 30 75 30 75 00 00
2026-07-26T17:06:35.817731,61.053,can0  204  [16]  9C 09 B1 FF 0F 95 1A DF 28 23 30 75 30 75 00 00
2026-07-26T17:06:35.818192,61.054,can0  070  [20]  CE 2C 4D 08 F5 AE 62 03 B8 88 00 00 06 00 00 00 0D 00 00 00
2026-07-26T17:06:35.818224,61.054,can0  040  [04]  01 00 2D 00
2026-07-26T17:06:35.818430,61.054,can0  204  [16]  9C 09 B1 FF 0F 95 1A DF 28 23 30 75 30 75 00 00
2026-07-26T17:06:35.820998,61.056,can0  206  [24]  75 0C C7 06 71 0C 99 C6 D6 06 30 0C 7B 0C 00 00 00 00 00 00 00 00 00 00
2026-07-26T17:06:35.918439,61.154,can0  040  [04]  01 00 2D 00
2026-07-26T17:06:35.918640,61.154,can0  204  [16]  9C 09 B1 FF 0F 95 1A DF 28 23 30 75 30 75 00 00
2026-07-26T17:06:35.919061,61.155,can0  070  [20]  CE 2C 4D 08 F5 AE 62 03 B8 88 00 00 06 00 00 00 0D 00 00 00
2026-07-26T17:06:36.018270,61.254,can0  204  [16]  9C 09 B1 FF 0F 95 1A DF 28 23 30 75 30 75 00 00
2026-07-26T17:06:36.018434,61.254,can0  100  [03]  59 71 04
2026-07-26T17:06:36.018557,61.254,can0  120  [04]  1D 19 00 00
2026-07-26T17:06:36.018693,61.254,can0  041  [04]  15 00 27 00
2026-07-26T17:06:36.018822,61.254,can0  060  [32]  00 00 00 00 00 00 00 00 00 00 00 00 00 00 00 00 00 00 00 00 00 00 00 00 00 00 00 00 00 00 00 00
2026-07-26T17:06:36.021512,61.257,can0  206  [24]  75 0C C7 06 71 0C 99 C6 D7 06 30 0C 7B 0C 00 00 00 00 00 00 00 00 00 00
2026-07-26T17:06:36.021734,61.257,can0  204  [16]  9C 09 B1 FF 0F 95 1A DF 28 23 30 75 30 75 00 00
2026-07-26T17:06:36.021872,61.257,can0  060  [32]  00 00 00 00 CE 2C 4D 08 4A 04 B8 10 00 00 10 0E FF 01 00 00 00 00 00 00 01 00 00 00 00 00 00 00
2026-07-26T17:06:36.118375,61.354,can0  204  [16]  9C 09 B1 FF 0F 95 1A DF 28 23 30 75 30 75 00 00
2026-07-26T17:06:36.118578,61.354,can0  040  [04]  01 00 30 00
2026-07-26T17:06:36.118784,61.354,can0  204  [16]  9C 09 B1 FF 0F 95 1A DF 28 23 30 75 30 75 00 00
2026-07-26T17:06:36.118952,61.354,can0  040  [04]  01 00 30 00
2026-07-26T17:06:36.221664,61.457,can0  206  [24]  75 0C C8 06 71 0C 99 C6 D7 06 35 0C 7B 0C 00 00 00 00 00 00 00 00 00 00
2026-07-26T17:06:36.221901,61.457,can0  070  [20]  CF 2C 4D 08 F5 AE 62 03 A0 8C 00 00 06 00 00 00 11 00 00 00
2026-07-26T17:06:36.222149,61.458,can0  204  [16]  9C 09 B1 FF 0F 95 1A DF 28 23 30 75 30 75 00 00
2026-07-26T17:06:36.222322,61.458,can0  070  [20]  CF 2C 4D 08 F5 AE 62 03 A0 8C 00 00 06 00 00 00 11 00 00 00
2026-07-26T17:06:36.335948,61.571,can0  041  [04]  18 00 2C 00
2026-07-26T17:06:36.336169,61.572,can0  204  [16]  9C 09 B1 FF 0F 95 1A DF 28 23 30 75 30 75 00 00
2026-07-26T17:06:36.336352,61.572,can0  070  [20]  CF 2C 4D 08 F5 AE 62 03 A0 8C 00 00 06 00 00 00 11 00 00 00
2026-07-26T17:06:36.336544,61.572,can0  204  [16]  9C 09 B1 FF 0F 95 1A DF 28 23 30 75 30 75 00 00
2026-07-26T17:06:36.340010,61.575,can0  206  [24]  75 0C C8 06 76 0C 99 C6 D4 06 35 0C 7B 0C 00 00 00 00 00 00 00 00 00 00
2026-07-26T17:06:36.399292,61.635,can0  040  [04]  02 00 2B 00
2026-07-26T17:06:36.399590,61.635,can0  204  [16]  9C 09 B1 FF 0F 95 1A DF 28 23 30 75 30 75 00 00
2026-07-26T17:06:36.399793,61.635,can0  204  [16]  9C 09 B1 FF 0F 95 1A DF 28 23 30 75 30 75 00 00
2026-07-26T17:06:36.399947,61.635,can0  040  [04]  02 00 2B 00
2026-07-26T17:06:36.533319,61.769,can0  204  [16]  9C 09 B1 FF 0F 95 1A DF 28 23 30 75 30 75 00 00
2026-07-26T17:06:36.535803,61.771,can0  206  [24]  75 0C BD 06 76 0C 99 C6 D1 06 30 0C 7B 0C 00 00 00 00 00 00 00 00 00 00
2026-07-26T17:06:36.536048,61.772,can0  041  [04]  19 00 2B 00
2026-07-26T17:06:36.536254,61.772,can0  204  [16]  9C 09 B1 FF 0F 95 1A DF 28 23 30 75 30 75 00 00
2026-07-26T17:06:36.617499,61.853,can0  204  [16]  9C 09 B1 FF 0F 95 1A DF 28 23 30 75 30 75 00 00
2026-07-26T17:06:36.617700,61.853,can0  040  [04]  06 00 21 00
2026-07-26T17:06:36.717934,61.953,can0  204  [16]  9C 09 B1 FF 0F 95 1A DF 28 23 30 75 30 75 00 00
2026-07-26T17:06:36.720829,61.956,can0  206  [24]  75 0C BC 06 76 0C 99 C6 CF 06 30 0C 7B 0C 00 00 00 00 00 00 00 00 00 00
2026-07-26T17:06:36.720981,61.956,can0  040  [04]  06 00 21 00
2026-07-26T17:06:36.721154,61.957,can0  204  [16]  9C 09 B1 FF 0F 95 1A DF 28 23 30 75 30 75 00 00
2026-07-26T17:06:36.818374,62.054,can0  110  [02]  1C 1B
2026-07-26T17:06:36.818614,62.054,can0  204  [16]  9C 09 B1 FF 0F 95 1A DF 28 23 30 75 30 75 00 00
2026-07-26T17:06:36.818810,62.054,can0  041  [04]  15 00 2B 00
2026-07-26T17:06:36.819005,62.054,can0  070  [20]  CF 2C 4D 08 F5 AE 62 03 A0 8C 00 00 06 00 00 00 11 00 00 00
2026-07-26T17:06:36.819225,62.055,can0  204  [16]  9C 09 B1 FF 0F 95 1A DF 28 23 30 75 30 75 00 00
2026-07-26T17:06:36.821849,62.057,can0  206  [24]  75 0C BC 06 76 0C 99 C6 D0 06 35 0C 7B 0C 00 00 00 00 00 00 00 00 00 00
2026-07-26T17:06:36.918167,62.154,can0  204  [16]  9C 09 B1 FF 0F 95 1A DF 28 23 30 75 30 75 00 00
2026-07-26T17:06:36.918330,62.154,can0  070  [20]  CF 2C 4D 08 F5 AE 62 03 A0 8C 00 00 06 00 00 00 11 00 00 00
2026-07-26T17:06:36.918484,62.154,can0  040  [04]  07 00 1B 00
2026-07-26T17:06:37.018300,62.254,can0  040  [04]  07 00 1B 00
2026-07-26T17:06:37.018505,62.254,can0  204  [16]  9C 09 B1 FF 0F 95 1A DF 28 23 30 75 30 75 00 00
2026-07-26T17:06:37.021091,62.257,can0  206  [24]  71 0C BC 06 7A 0C 99 C6 D1 06 30 0C 7B 0C 00 00 00 00 00 00 00 00 00 00
2026-07-26T17:06:37.021317,62.257,can0  204  [16]  9C 09 B1 FF 0F 95 1A DF 28 23 30 75 30 75 00 00
2026-07-26T17:06:37.021505,62.257,can0  060  [32]  BE FD D5 02 22 C2 4D 08 94 A4 63 03 4B 00 84 05 94 00 69 00 00 00 00 00 02 00 00 00 00 00 00 00
2026-07-26T17:06:37.023438,62.259,can0  060  [32]  00 00 00 00 CF 2C 4D 08 4A 04 B8 10 00 00 10 0E FF 01 00 00 00 00 00 01 02 00 00 00 00 00 00 00
2026-07-26T17:06:37.023470,62.259,can0  041  [04]  16 00 2B 00
2026-07-26T17:06:37.118228,62.354,can0  204  [16]  9C 09 B1 FF 0F 95 1A DF 28 23 30 75 30 75 00 00
2026-07-26T17:06:37.118444,62.354,can0  204  [16]  9C 09 B1 FF 0F 95 1A DF 28 23 30 75 30 75 00 00
2026-07-26T17:06:37.218215,62.454,can0  100  [03]  5B 71 04
2026-07-26T17:06:37.218395,62.454,can0  120  [04]  1C 19 00 00
2026-07-26T17:06:37.218814,62.454,can0  070  [20]  CF 2C 4D 08 F5 AE 62 03 88 90 00 00 06 00 00 00 4C 00 00 00
2026-07-26T17:06:37.219010,62.454,can0  040  [04]  67 01 16 00
2026-07-26T17:06:37.221597,62.457,can0  206  [24]  4D 0C BC 06 80 0C 99 C6 D1 06 21 0C A3 0C 00 00 00 00 00 00 00 00 00 00
2026-07-26T17:06:37.221961,62.457,can0  204  [16]  9C 09 B1 FF 0F 95 1A DF 28 23 30 75 30 75 00 00
2026-07-26T17:06:37.222150,62.458,can0  070  [20]  CF 2C 4D 08 F5 AE 62 03 88 90 00 00 06 00 00 00 4D 00 00 00
2026-07-26T17:06:37.222325,62.458,can0  040  [04]  67 01 16 00
2026-07-26T17:06:37.222522,62.458,can0  204  [16]  9C 09 B1 FF 0F 95 1A DF 28 23 30 75 30 75 00 00
2026-07-26T17:06:37.317628,62.553,can0  204  [16]  9C 09 B1 FF 0F 95 1A DF 28 23 30 75 30 75 00 00
2026-07-26T17:06:37.325049,62.561,can0  070  [20]  CF 2C 4D 08 F5 AE 62 03 88 90 00 00 06 00 00 00 4D 00 00 00
2026-07-26T17:06:37.325231,62.561,can0  041  [04]  15 00 31 00
2026-07-26T17:06:37.327801,62.563,can0  206  [24]  52 0C C6 06 7B 0C 99 C6 D0 06 26 0C 9E 0C 00 00 00 00 00 00 00 00 00 00
2026-07-26T17:06:37.418449,62.654,can0  204  [16]  9C 09 B1 FF 0F 95 1A DF 28 23 30 75 30 75 00 00
2026-07-26T17:06:37.418663,62.654,can0  204  [16]  9C 09 B1 FF 0F 95 1A DF 28 23 30 75 30 75 00 00
2026-07-26T17:06:37.418841,62.654,can0  040  [04]  63 01 14 00
2026-07-26T17:06:37.538142,62.774,can0  204  [16]  9C 09 B1 FF 0F 95 1A DF 28 23 30 75 30 75 00 00
2026-07-26T17:06:37.538315,62.774,can0  040  [04]  63 01 14 00
2026-07-26T17:06:37.541822,62.777,can0  206  [24]  44 0C C7 06 84 0C 99 C6 CD 06 2B 0C 9E 0C 00 00 00 00 00 00 00 00 00 00
2026-07-26T17:06:37.542023,62.777,can0  060  [32]  00 00 00 00 00 00 00 00 00 00 00 00 00 00 00 00 00 00 00 00 00 00 00 00 00 00 00 00 00 00 00 00
2026-07-26T17:06:37.542258,62.778,can0  204  [16]  9C 09 B1 FF 0F 95 1A DF 28 23 30 75 30 75 00 00
2026-07-26T17:06:37.626935,62.862,can0  041  [04]  16 00 34 00
2026-07-26T17:06:37.628841,62.864,can0  204  [16]  9C 09 B1 FF 0F 95 1A DF 28 23 30 75 30 75 00 00
2026-07-26T17:06:37.717690,62.953,can0  204  [16]  9C 09 B1 FF 0F 95 1A DF 28 23 30 75 30 75 00 00
2026-07-26T17:06:37.720494,62.956,can0  206  [24]  49 0C C8 06 7F 0C 99 C6 CD 06 30 0C 9E 0C 00 00 00 00 00 00 00 00 00 00
2026-07-26T17:06:37.720672,62.956,can0  040  [04]  64 01 17 00
2026-07-26T17:06:37.720842,62.956,can0  204  [16]  9C 09 B1 FF 0F 95 1A DF 28 23 30 75 30 75 00 00
2026-07-26T17:06:37.720969,62.956,can0  040  [04]  64 01 17 00
2026-07-26T17:06:37.817895,63.053,can0  204  [16]  9C 09 B1 FF 0F 95 1A DF 28 23 30 75 30 75 00 00
2026-07-26T17:06:37.818156,63.054,can0  070  [20]  CF 2C 4D 08 F5 AE 62 03 88 90 00 00 06 00 00 00 4D 00 00 00
2026-07-26T17:06:37.818362,63.054,can0  204  [16]  9C 09 B1 FF 0F 95 1A DF 28 23 30 75 30 75 00 00
2026-07-26T17:06:37.820962,63.056,can0  206  [24]  4E 0C C7 06 7A 0C 99 C6 CD 06 35 0C 99 0C 00 00 00 00 00 00 00 00 00 00
2026-07-26T17:06:37.821151,63.057,can0  041  [04]  1A 00 35 00
2026-07-26T17:06:37.920702,63.156,can0  204  [16]  9C 09 B1 FF 0F 95 1A DF 28 23 30 75 30 75 00 00
2026-07-26T17:06:37.920775,63.156,can0  070  [20]  CF 2C 4D 08 F5 AE 62 03 88 90 00 00 06 00 00 00 4D 00 00 00
2026-07-26T17:06:37.920811,63.156,can0  204  [16]  9C 09 B1 FF 0F 95 1A DF 28 23 30 75 30 75 00 00
2026-07-26T17:06:38.017680,63.253,can0  040  [04]  02 00 1B 00
2026-07-26T17:06:38.021347,63.257,can0  206  [24]  71 0C C7 06 6C 0C 99 C6 CE 06 48 0C 76 0C 00 00 00 00 00 00 00 00 00 00
2026-07-26T17:06:38.021610,63.257,can0  204  [16]  9C 09 B1 FF 0F 95 1A DF 28 23 30 75 30 75 00 00
2026-07-26T17:06:38.021788,63.257,can0  060  [32]  00 00 00 00 00 00 00 00 00 00 00 00 00 00 00 00 00 00 00 00 00 00 00 00 00 00 00 00 00 00 00 00
2026-07-26T17:06:38.021952,63.257,can0  040  [04]  02 00 1B 00
2026-07-26T17:06:38.022060,63.258,can0  060  [32]  00 00 00 00 CF 2C 4D 08 4A 04 B8 10 00 00 10 0E FF 01 00 00 00 00 00 00 01 00 00 00 00 00 00 00
2026-07-26T17:06:38.118096,63.354,can0  204  [16]  9C 09 B1 FF 0F 95 1A DF 28 23 30 75 30 75 00 00
2026-07-26T17:06:38.118328,63.354,can0  041  [04]  17 00 34 00
2026-07-26T17:06:38.118523,63.354,can0  204  [16]  9C 09 B1 FF 0F 95 1A DF 28 23 30 75 30 75 00 00
2026-07-26T17:06:38.220805,63.456,can0  206  [24]  7B 0C C7 06 6B 0C 99 C6 D1 06 44 0C 71 0C 00 00 00 00 00 00 00 00 00 00
2026-07-26T17:06:38.221038,63.457,can0  204  [16]  9C 09 B1 FF 0F 95 1A DF 28 23 30 75 30 75 00 00
2026-07-26T17:06:38.223288,63.459,can0  070  [20]  D1 2C 4D 08 F5 AE 62 03 70 94 00 00 06 00 00 00 32 00 00 00
2026-07-26T17:06:38.223333,63.459,can0  070  [20]  D1 2C 4D 08 F5 AE 62 03 70 94 00 00 06 00 00 00 32 00 00 00
2026-07-26T17:06:38.223372,63.459,can0  204  [16]  9C 09 B1 FF 0F 95 1A DF 28 23 30 75 30 75 00 00
2026-07-26T17:06:38.223426,63.459,can0  040  [04]  67 01 1E 00
2026-07-26T17:06:38.318133,63.554,can0  070  [20]  D1 2C 4D 08 F5 AE 62 03 70 94 00 00 06 00 00 00 32 00 00 00
2026-07-26T17:06:38.318336,63.554,can0  040  [04]  67 01 1E 00
2026-07-26T17:06:38.318749,63.554,can0  204  [16]  9C 09 B1 FF 0F 95 1A DF 28 23 30 75 30 75 00 00
2026-07-26T17:06:38.321441,63.557,can0  206  [24]  8A 0C C5 06 5C 0C 99 C6 D1 06 49 0C 71 0C 00 00 00 00 00 00 00 00 00 00
2026-07-26T17:06:38.418390,63.654,can0  204  [16]  9C 09 B1 FF 0F 95 1A DF 28 23 30 75 30 75 00 00
2026-07-26T17:06:38.418854,63.654,can0  100  [03]  5C 71 04
2026-07-26T17:06:38.419046,63.655,can0  110  [02]  1D 1B
2026-07-26T17:06:38.419217,63.655,can0  120  [04]  16 19 00 00
2026-07-26T17:06:38.419399,63.655,can0  041  [04]  17 00 34 00
2026-07-26T17:06:38.420609,63.656,can0  204  [16]  9C 09 B1 FF 0F 95 1A DF 28 23 30 75 30 75 00 00
2026-07-26T17:06:38.517995,63.753,can0  204  [16]  9C 09 B1 FF 0F 95 1A DF 28 23 30 75 30 75 00 00
2026-07-26T17:06:38.521150,63.757,can0  206  [24]  84 0C C5 06 66 0C 99 C6 CF 06 3F 0C 71 0C 00 00 00 00 00 00 00 00 00 00
2026-07-26T17:06:38.521363,63.757,can0  040  [04]  67 01 25 00
2026-07-26T17:06:38.521547,63.757,can0  204  [16]  9C 09 B1 FF 0F 95 1A DF 28 23 30 75 30 75 00 00
2026-07-26T17:06:38.521691,63.757,can0  060  [32]  00 00 00 00 00 00 00 00 00 00 00 00 00 00 00 00 00 00 00 00 00 00 00 00 00 00 00 00 00 00 00 00
2026-07-26T17:06:38.521809,63.757,can0  040  [04]  67 01 25 00
2026-07-26T17:06:38.618345,63.854,can0  204  [16]  9C 09 B1 FF 0F 95 1A DF 28 23 30 75 30 75 00 00
2026-07-26T17:06:38.618591,63.854,can0  041  [04]  21 00 38 00
2026-07-26T17:06:38.620778,63.856,can0  204  [16]  9C 09 B1 FF 0F 95 1A DF 28 23 30 75 30 75 00 00
2026-07-26T17:06:38.718152,63.954,can0  206  [24]  84 0C C6 06 6B 0C 99 C6 CF 06 35 0C 71 0C 00 00 00 00 00 00 00 00 00 00
2026-07-26T17:06:38.720683,63.956,can0  204  [16]  9C 09 B1 FF 0F 95 1A DF 28 23 30 75 30 75 00 00
2026-07-26T17:06:38.818344,64.054,can0  040  [04]  67 01 28 00
2026-07-26T17:06:38.818587,64.054,can0  204  [16]  9C 09 B1 FF 0F 95 1A DF 28 23 30 75 30 75 00 00
2026-07-26T17:06:38.819157,64.055,can0  070  [20]  D1 2C 4D 08 F5 AE 62 03 70 94 00 00 06 00 00 00 32 00 00 00
2026-07-26T17:06:38.819398,64.055,can0  040  [04]  67 01 28 00
2026-07-26T17:06:38.819644,64.055,can0  204  [16]  9C 09 B1 FF 0F 95 1A DF 28 23 30 75 30 75 00 00
2026-07-26T17:06:38.822334,64.058,can0  206  [24]  85 0C C6 06 71 0C 99 C6 CD 06 35 0C 6B 0C 00 00 00 00 00 00 00 00 00 00
2026-07-26T17:06:38.918047,64.154,can0  204  [16]  9C 09 B1 FF 0F 95 1A DF 28 23 30 75 30 75 00 00
2026-07-26T17:06:38.921216,64.157,can0  070  [20]  D1 2C 4D 08 F5 AE 62 03 70 94 00 00 06 00 00 00 32 00 00 00
2026-07-26T17:06:38.921303,64.157,can0  041  [04]  22 00 3D 00
2026-07-26T17:06:38.921342,64.157,can0  204  [16]  9C 09 B1 FF 0F 95 1A DF 28 23 30 75 30 75 00 00
2026-07-26T17:06:39.020351,64.256,can0  206  [24]  8F 0C C6 06 6B 0C 99 C6 CE 06 35 0C 67 0C 00 00 00 00 00 00 00 00 00 00
2026-07-26T17:06:39.020618,64.256,can0  204  [16]  9C 09 B1 FF 0F 95 1A DF 28 23 30 75 30 75 00 00
2026-07-26T17:06:39.020832,64.256,can0  040  [04]  67 01 26 00
2026-07-26T17:06:39.020945,64.256,can0  060  [32]  00 00 00 00 D1 2C 4D 08 4A 04 B8 10 00 00 10 0E FF 01 00 00 00 00 00 00 01 00 00 00 00 00 00 00
2026-07-26T17:06:39.121237,64.357,can0  204  [16]  9C 09 B1 FF 0F 95 1A DF 28 23 30 75 30 75 00 00
2026-07-26T17:06:39.121406,64.357,can0  040  [04]  67 01 26 00
2026-07-26T17:06:39.121625,64.357,can0  204  [16]  9C 09 B1 FF 0F 95 1A DF 28 23 30 75 30 75 00 00
2026-07-26T17:06:39.220449,64.456,can0  206  [24]  80 0C C7 06 75 0C 99 C6 D0 06 35 0C 6B 0C 00 00 00 00 00 00 00 00 00 00
2026-07-26T17:06:39.220745,64.456,can0  070  [20]  D1 2C 4D 08 F5 AE 62 03 58 98 00 00 06 00 00 00 1A 00 00 00
2026-07-26T17:06:39.220957,64.456,can0  204  [16]  9C 09 B1 FF 0F 95 1A DF 28 23 30 75 30 75 00 00
2026-07-26T17:06:39.221141,64.457,can0  041  [04]  1D 00 3D 00
2026-07-26T17:06:39.221319,64.457,can0  070  [20]  D1 2C 4D 08 F5 AE 62 03 58 98 00 00 06 00 00 00 1A 00 00 00
2026-07-26T17:06:39.221515,64.457,can0  204  [16]  9C 09 B1 FF 0F 95 1A DF 28 23 30 75 30 75 00 00
2026-07-26T17:06:39.317816,64.553,can0  040  [04]  01 00 22 00
2026-07-26T17:06:39.318068,64.554,can0  204  [16]  9C 09 B1 FF 0F 95 1A DF 28 23 30 75 30 75 00 00
2026-07-26T17:06:39.318572,64.554,can0  070  [20]  D1 2C 4D 08 F5 AE 62 03 58 98 00 00 06 00 00 00 1A 00 00 00
2026-07-26T17:06:39.321470,64.557,can0  206  [24]  89 0C C7 06 6B 0C 99 C6 D0 06 3A 0C 67 0C 00 00 00 00 00 00 00 00 00 00
2026-07-26T17:06:39.321655,64.557,can0  204  [16]  9C 09 B1 FF 0F 95 1A DF 28 23 30 75 30 75 00 00
2026-07-26T17:06:39.417915,64.653,can0  040  [04]  01 00 22 00
2026-07-26T17:06:39.418126,64.654,can0  204  [16]  9C 09 B1 FF 0F 95 1A DF 28 23 30 75 30 75 00 00
2026-07-26T17:06:39.418300,64.654,can0  041  [04]  1B 00 3F 00
2026-07-26T17:06:39.518197,64.754,can0  204  [16]  9C 09 B1 FF 0F 95 1A DF 28 23 30 75 30 75 00 00
2026-07-26T17:06:39.521314,64.757,can0  206  [24]  85 0C C4 06 6B 0C 99 C6 D1 06 3A 0C 6B 0C 00 00 00 00 00 00 00 00 00 00
2026-07-26T17:06:39.521561,64.757,can0  204  [16]  9C 09 B1 FF 0F 95 1A DF 28 23 30 75 30 75 00 00
2026-07-26T17:06:39.618292,64.854,can0  060  [32]  00 00 00 00 00 00 00 00 00 00 00 00 00 00 00 00 00 00 00 00 00 00 00 00 00 00 00 00 00 00 00 00
2026-07-26T17:06:39.618493,64.854,can0  040  [04]  07 00 1F 00
2026-07-26T17:06:39.618668,64.854,can0  100  [03]  5F 71 04
2026-07-26T17:06:39.618819,64.854,can0  120  [04]  1A 19 00 00
2026-07-26T17:06:39.619030,64.854,can0  204  [16]  9C 09 B1 FF 0F 95 1A DF 28 23 30 75 30 75 00 00
2026-07-26T17:06:39.619226,64.855,can0  040  [04]  07 00 1F 00
2026-07-26T17:06:39.619425,64.855,can0  204  [16]  9C 09 B1 FF 0F 95 1A DF 28 23 30 75 30 75 00 00
2026-07-26T17:06:39.721060,64.957,can0  206  [24]  85 0C C4 06 6B 0C 99 C6 D4 06 35 0C 6B 0C 00 00 00 00 00 00 00 00 00 00
2026-07-26T17:06:39.721332,64.957,can0  204  [16]  9C 09 B1 FF 0F 95 1A DF 28 23 30 75 30 75 00 00
2026-07-26T17:06:39.721520,64.957,can0  041  [04]  18 00 40 00
2026-07-26T17:06:39.817583,65.053,can0  204  [16]  9C 09 B1 FF 0F 95 1A DF 28 23 30 75 30 75 00 00
2026-07-26T17:06:39.817771,65.053,can0  070  [20]  D1 2C 4D 08 F5 AE 62 03 58 98 00 00 06 00 00 00 1A 00 00 00
2026-07-26T17:06:39.820857,65.056,can0  204  [16]  9C 09 B1 FF 0F 95 1A DF 28 23 30 75 30 75 00 00
2026-07-26T17:06:39.820922,65.056,can0  206  [24]  7B 0C C5 06 70 0C 99 C6 D2 06 35 0C 71 0C 00 00 00 00 00 00 00 00 00 00
2026-07-26T17:06:39.821171,65.057,can0  132  [00]
2026-07-26T17:06:39.821210,65.057,can0  040  [04]  01 00 27 00
2026-07-26T17:06:39.918397,65.154,can0  204  [16]  9C 09 B1 FF 0F 95 1A DF 28 23 30 75 30 75 00 00
2026-07-26T17:06:39.918563,65.154,can0  040  [04]  01 00 27 00
2026-07-26T17:06:39.918749,65.154,can0  070  [20]  D1 2C 4D 08 F5 AE 62 03 58 98 00 00 06 00 00 00 1A 00 00 00
2026-07-26T17:06:39.918944,65.154,can0  204  [16]  9C 09 B1 FF 0F 95 1A DF 28 23 30 75 30 75 00 00
2026-07-26T17:06:40.018128,65.254,can0  110  [02]  1C 1B
2026-07-26T17:06:40.018449,65.254,can0  041  [04]  17 00 3E 00
2026-07-26T17:06:40.021554,65.257,can0  206  [24]  7F 0C C5 06 6B 0C 99 C6 D1 06 35 0C 71 0C 00 00 00 00 00 00 00 00 00 00
2026-07-26T17:06:40.021816,65.257,can0  204  [16]  9C 09 B1 FF 0F 95 1A DF 28 23 30 75 30 75 00 00
2026-07-26T17:06:40.022052,65.258,can0  204  [16]  9C 09 B1 FF 0F 95 1A DF 28 23 30 75 30 75 00 00
2026-07-26T17:06:40.117423,65.353,can0  060  [32]  00 00 00 00 00 00 00 00 00 00 00 00 00 00 00 00 00 00 00 00 00 00 00 00 00 00 00 00 00 00 00 00
2026-07-26T17:06:40.117530,65.353,can0  060  [32]  00 00 00 00 D1 2C 4D 08 4A 04 B8 10 00 00 10 0E FF 01 00 00 00 00 00 00 01 00 00 00 00 00 00 00
2026-07-26T17:06:40.117867,65.353,can0  040  [04]  02 00 2E 00
2026-07-26T17:06:40.118041,65.354,can0  204  [16]  9C 09 B1 FF 0F 95 1A DF 28 23 30 75 30 75 00 00
2026-07-26T17:06:40.118160,65.354,can0  040  [04]  02 00 2E 00
2026-07-26T17:06:40.220718,65.456,can0  206  [24]  7A 0C C5 06 6B 0C 99 C6 D1 06 35 0C 76 0C 00 00 00 00 00 00 00 00 00 00
2026-07-26T17:06:40.221211,65.457,can0  204  [16]  9C 09 B1 FF 0F 95 1A DF 28 23 30 75 30 75 00 00
2026-07-26T17:06:40.221442,65.457,can0  070  [20]  D1 2C 4D 08 F5 AE 62 03 40 9C 00 00 06 00 00 00 04 00 00 00
2026-07-26T17:06:40.221621,65.457,can0  070  [20]  D1 2C 4D 08 F5 AE 62 03 40 9C 00 00 06 00 00 00 04 00 00 00
2026-07-26T17:06:40.221818,65.457,can0  204  [16]  9C 09 B1 FF 0F 95 1A DF 28 23 30 75 30 75 00 00
2026-07-26T17:06:40.221978,65.457,can0  041  [04]  17 00 3E 00
2026-07-26T17:06:40.317495,65.553,can0  204  [16]  9C 09 B1 FF 0F 95 1A DF 28 23 30 75 30 75 00 00
2026-07-26T17:06:40.317699,65.553,can0  070  [20]  D1 2C 4D 08 F5 AE 62 03 40 9C 00 00 06 00 00 00 04 00 00 00
2026-07-26T17:06:40.320862,65.556,can0  206  [24]  7A 0C C8 06 6B 0C 99 C6 D1 06 30 0C 76 0C 00 00 00 00 00 00 00 00 00 00
2026-07-26T17:06:40.321134,65.557,can0  204  [16]  9C 09 B1 FF 0F 95 1A DF 28 23 30 75 30 75 00 00
2026-07-26T17:06:40.442234,65.678,can0  040  [04]  06 00 26 00
2026-07-26T17:06:40.442502,65.678,can0  204  [16]  9C 09 B1 FF 0F 95 1A DF 28 23 30 75 30 75 00 00
2026-07-26T17:06:40.442669,65.678,can0  040  [04]  06 00 26 00
2026-07-26T17:06:40.511334,65.747,can0  204  [16]  9C 09 B1 FF 0F 95 1A DF 28 23 30 75 30 75 00 00
2026-07-26T17:06:40.518182,65.754,can0  206  [24]  7A 0C C5 06 6B 0C 99 C6 D0 06 30 0C 76 0C 00 00 00 00 00 00 00 00 00 00
2026-07-26T17:06:40.518249,65.754,can0  041  [04]  18 00 3A 00
2026-07-26T17:06:40.518291,65.754,can0  204  [16]  9C 09 B1 FF 0F 95 1A DF 28 23 30 75 30 75 00 00
2026-07-26T17:06:40.633121,65.869,can0  060  [32]  00 00 00 00 00 00 00 00 00 00 00 00 00 00 00 00 00 00 00 00 00 00 00 00 00 00 00 00 00 00 00 00
2026-07-26T17:06:40.633334,65.869,can0  204  [16]  9C 09 B1 FF 0F 95 1A DF 28 23 30 75 30 75 00 00
2026-07-26T17:06:40.633503,65.869,can0  040  [04]  09 00 27 00
2026-07-26T17:06:40.633706,65.869,can0  204  [16]  9C 09 B1 FF 0F 95 1A DF 28 23 30 75 30 75 00 00
2026-07-26T17:06:40.731671,65.967,can0  206  [24]  7A 0C C4 06 6B 0C 99 C6 D1 06 30 0C 76 0C 00 00 00 00 00 00 00 00 00 00
2026-07-26T17:06:40.731836,65.967,can0  040  [04]  09 00 27 00
2026-07-26T17:06:40.732007,65.967,can0  204  [16]  9C 09 B1 FF 0F 95 1A DF 28 23 30 75 30 75 00 00
2026-07-26T17:06:40.732172,65.968,can0  204  [16]  9C 09 B1 FF 0F 95 1A DF 28 23 30 75 30 75 00 00
2026-07-26T17:06:40.824542,66.060,can0  100  [03]  60 71 04
2026-07-26T17:06:40.824684,66.060,can0  120  [04]  13 19 00 00
2026-07-26T17:06:40.824825,66.060,can0  041  [04]  17 00 38 00
2026-07-26T17:06:40.825245,66.061,can0  070  [20]  D1 2C 4D 08 F5 AE 62 03 40 9C 00 00 06 00 00 00 04 00 00 00
2026-07-26T17:06:40.825435,66.061,can0  204  [16]  9C 09 B1 FF 0F 95 1A DF 28 23 30 75 30 75 00 00
2026-07-26T17:06:40.826006,66.061,can0  206  [24]  A7 0C C4 06 66 0C 99 C6 D0 06 30 0C 4E 0C 00 00 00 00 00 00 00 00 00 00
2026-07-26T17:06:40.921001,66.156,can0  204  [16]  9C 09 B1 FF 0F 95 1A DF 28 23 30 75 30 75 00 00
2026-07-26T17:06:40.921529,66.157,can0  040  [04]  06 00 2C 00
2026-07-26T17:06:40.921988,66.157,can0  070  [20]  D1 2C 4D 08 F5 AE 62 03 40 9C 00 00 06 00 00 00 04 00 00 00
2026-07-26T17:06:40.922306,66.158,can0  204  [16]  9C 09 B1 FF 0F 95 1A DF 28 23 30 75 30 75 00 00
2026-07-26T17:06:40.922515,66.158,can0  040  [04]  06 00 2C 00
2026-07-26T17:06:41.021126,66.257,can0  204  [16]  9C 09 B1 FF 0F 95 1A DF 28 23 30 75 30 75 00 00
2026-07-26T17:06:41.021182,66.257,can0  206  [24]  A7 0C C7 06 66 0C 99 C6 D1 06 30 0C 4E 0C 00 00 00 00 00 00 00 00 00 00
2026-07-26T17:06:41.021810,66.257,can0  204  [16]  9C 09 B1 FF 0F 95 1A DF 28 23 30 75 30 75 00 00
2026-07-26T17:06:41.021859,66.257,can0  041  [04]  15 00 36 00
2026-07-26T17:06:41.118025,66.353,can0  060  [32]  00 00 00 00 00 00 00 00 00 00 00 00 00 00 00 00 00 00 00 00 00 00 00 00 00 00 00 00 00 00 00 00
2026-07-26T17:06:41.118135,66.354,can0  060  [32]  00 00 00 00 D1 2C 4D 08 4A 04 B8 10 00 00 10 0E FF 01 00 00 00 00 00 00 01 00 00 00 00 00 00 00
2026-07-26T17:06:41.118469,66.354,can0  204  [16]  9C 09 B1 FF 0F 95 1A DF 28 23 30 75 30 75 00 00
2026-07-26T17:06:41.118608,66.354,can0  040  [04]  09 00 2D 00
2026-07-26T17:06:41.121936,66.357,can0  206  [24]  A7 0C C6 06 61 0C 99 C6 D1 06 3A 0C 4E 0C 00 00 00 00 00 00 00 00 00 00
2026-07-26T17:06:41.218375,66.454,can0  204  [16]  9C 09 B1 FF 0F 95 1A DF 28 23 30 75 30 75 00 00
2026-07-26T17:06:41.218602,66.454,can0  070  [20]  D1 2C 4D 08 F5 AE 62 03 28 A0 00 00 06 00 00 00 0F 00 00 00
2026-07-26T17:06:41.218770,66.454,can0  204  [16]  9C 09 B1 FF 0F 95 1A DF 28 23 30 75 30 75 00 00
2026-07-26T17:06:41.218908,66.454,can0  070  [20]  D1 2C 4D 08 F5 AE 62 03 28 A0 00 00 06 00 00 00 0F 00 00 00
2026-07-26T17:06:41.219031,66.454,can0  040  [04]  09 00 2D 00
2026-07-26T17:06:41.317791,66.553,can0  204  [16]  9C 09 B1 FF 0F 95 1A DF 28 23 30 75 30 75 00 00
2026-07-26T17:06:41.317967,66.553,can0  041  [04]  15 00 33 00
2026-07-26T17:06:41.318115,66.554,can0  070  [20]  D1 2C 4D 08 F5 AE 62 03 28 A0 00 00 06 00 00 00 0F 00 00 00
2026-07-26T17:06:41.321017,66.557,can0  206  [24]  A7 0C C9 06 61 0C 99 C6 D1 06 3F 0C 4E 0C 00 00 00 00 00 00 00 00 00 00
2026-07-26T17:06:41.321430,66.557,can0  204  [16]  9C 09 B1 FF 0F 95 1A DF 28 23 30 75 30 75 00 00
