Timestamp,Elapsed_Time_s,CAN_Message
2026-07-26T15:56:49.468238,2.721,can0  204  [16]  28 58 B1 FF 0F 95 1A DF 28 23 30 75 30 75 00 00
2026-07-26T15:56:49.468612,2.721,can0  041  [04]  16 00 2D 00
2026-07-26T15:56:49.468666,2.721,can0  100  [03]  29 71 04
2026-07-26T15:56:49.468704,2.721,can0  120  [04]  57 19 00 00
2026-07-26T15:56:49.468831,2.721,can0  204  [16]  28 58 B1 FF 0F 95 1A DF 28 23 30 75 30 75 00 00
2026-07-26T15:56:49.567938,2.821,can0  204  [16]  28 58 B1 FF 0F 95 1A DF 28 23 30 75 30 75 00 00
2026-07-26T15:56:49.568097,2.821,can0  040  [04]  0B 00 25 00
2026-07-26T15:56:49.568254,2.821,can0  204  [16]  28 58 B1 FF 0F 95 1A DF 28 23 30 75 30 75 00 00
2026-07-26T15:56:49.568367,2.821,can0  040  [04]  0B 00 25 00
2026-07-26T15:56:49.668517,2.921,can0  204  [16]  28 58 B1 FF 0F 95 1A DF 28 23 30 75 30 75 00 00
2026-07-26T15:56:49.668659,2.921,can0  204  [16]  28 58 B1 FF 0F 95 1A DF 28 23 30 75 30 75 00 00
2026-07-26T15:56:49.767925,3.021,can0  060  [32]  00 00 00 00 00 00 00 00 00 00 00 00 00 00 00 00 00 00 00 00 00 00 00 00 00 00 00 00 00 00 00 00
2026-07-26T15:56:49.768075,3.021,can0  041  [04]  15 00 31 00
2026-07-26T15:56:49.768234,3.021,can0  204  [16]  28 58 B1 FF 0F 95 1A DF 28 23 30 75 30 75 00 00
2026-07-26T15:56:49.768367,3.021,can0  204  [16]  28 58 B1 FF 0F 95 1A DF 28 23 30 75 30 75 00 00
2026-07-26T15:56:49.867965,3.121,can0  040  [04]  01 00 21 00
2026-07-26T15:56:49.868424,3.121,can0  070  [20]  E2 2C 4D 08 D6 AE 62 03 68 BF 00 00 38 16 00 00 43 00 00 00
2026-07-26T15:56:49.868609,3.121,can0  204  [16]  28 58 B1 FF 0F 95 1A DF 28 23 30 75 30 75 00 00
2026-07-26T15:56:49.868717,3.121,can0  040  [04]  01 00 21 00
2026-07-26T15:56:49.969014,3.222,can0  204  [16]  28 58 B1 FF 0F 95 1A DF 28 23 30 75 30 75 00 00
2026-07-26T15:56:49.969082,3.222,can0  204  [16]  28 58 B1 FF 0F 95 1A DF 28 23 30 75 30 75 00 00
2026-07-26T15:56:49.969124,3.222,can0  070  [20]  E2 2C 4D 08 D6 AE 62 03 68 BF 00 00 38 16 00 00 43 00 00 00
2026-07-26T15:56:50.068381,3.321,can0  204  [16]  28 58 B1 FF 0F 95 1A DF 28 23 30 75 30 75 00 00
2026-07-26T15:56:50.068527,3.321,can0  041  [04]  0F 00 37 00
2026-07-26T15:56:50.068715,3.321,can0  204  [16]  28 58 B1 FF 0F 95 1A DF 28 23 30 75 30 75 00 00
2026-07-26T15:56:50.068856,3.321,can0  040  [04]  63 01 20 00
2026-07-26T15:56:50.167612,3.420,can0  204  [16]  28 58 B1 FF 0F 95 1A DF 28 23 30 75 30 75 00 00
2026-07-26T15:56:50.167726,3.420,can0  040  [04]  63 01 20 00
2026-07-26T15:56:50.167856,3.420,can0  204  [16]  28 58 B1 FF 0F 95 1A DF 28 23 30 75 30 75 00 00
2026-07-26T15:56:50.170358,3.423,can0  070  [20]  E2 2C 4D 08 D6 AE 62 03 50 C3 00 00 38 16 00 00 2B 00 00 00
2026-07-26T15:56:50.267523,3.520,can0  204  [16]  28 58 B1 FF 0F 95 1A DF 28 23 30 75 30 75 00 00
2026-07-26T15:56:50.267734,3.520,can0  070  [20]  E2 2C 4D 08 D6 AE 62 03 50 C3 00 00 38 16 00 00 2A 00 00 00
2026-07-26T15:56:50.267845,3.520,can0  060  [32]  00 00 00 00 E2 2C 4D 08 2A 04 B8 10 00 00 10 0E FF 01 00 00 00 00 00 00 01 00 00 00 00 00 00 00
2026-07-26T15:56:50.268230,3.521,can0  204  [16]  28 58 B1 FF 0F 95 1A DF 28 23 30 75 30 75 00 00
2026-07-26T15:56:50.268268,3.521,can0  041  [04]  11 00 3C 00
2026-07-26T15:56:50.367825,3.620,can0  204  [16]  28 58 B1 FF 0F 95 1A DF 28 23 30 75 30 75 00 00
2026-07-26T15:56:50.367939,3.621,can0  070  [20]  E2 2C 4D 08 D6 AE 62 03 50 C3 00 00 38 16 00 00 2A 00 00 00
2026-07-26T15:56:50.368066,3.621,can0  204  [16]  28 58 B1 FF 0F 95 1A DF 28 23 30 75 30 75 00 00
2026-07-26T15:56:50.370628,3.623,can0  040  [04]  57 01 1D 00
2026-07-26T15:56:50.467779,3.720,can0  204  [16]  28 58 B1 FF 0F 95 1A DF 28 23 30 75 30 75 00 00
2026-07-26T15:56:50.467888,3.721,can0  040  [04]  57 01 1D 00
2026-07-26T15:56:50.468019,3.721,can0  204  [16]  28 58 B1 FF 0F 95 1A DF 28 23 30 75 30 75 00 00
2026-07-26T15:56:50.567832,3.820,can0  204  [16]  28 58 B1 FF 0F 95 1A DF 28 23 30 75 30 75 00 00
2026-07-26T15:56:50.567989,3.821,can0  041  [04]  19 00 40 00
2026-07-26T15:56:50.568176,3.821,can0  204  [16]  28 58 B1 FF 0F 95 1A DF 28 23 30 75 30 75 00 00
2026-07-26T15:56:50.698392,3.951,can0  204  [16]  28 58 B1 FF 0F 95 1A DF 28 23 30 75 30 75 00 00
2026-07-26T15:56:50.698855,3.951,can0  040  [04]  62 01 1C 00
2026-07-26T15:56:50.699050,3.952,can0  204  [16]  28 58 B1 FF 0F 95 1A DF 28 23 30 75 30 75 00 00
2026-07-26T15:56:50.699324,3.952,can0  040  [04]  62 01 1C 00
2026-07-26T15:56:50.699546,3.952,can0  100  [03]  28 71 04
2026-07-26T15:56:50.701651,3.954,can0  110  [02]  15 1B
2026-07-26T15:56:50.701707,3.954,can0  120  [04]  6D 19 00 00
2026-07-26T15:56:50.743868,3.996,can0  204  [16]  28 58 B1 FF 0F 95 1A DF 28 23 30 75 30 75 00 00
2026-07-26T15:56:50.744004,3.997,can0  060  [32]  00 00 00 00 00 00 00 00 00 00 00 00 00 00 00 00 00 00 00 00 00 00 00 00 00 00 00 00 00 00 00 00
2026-07-26T15:56:50.744311,3.997,can0  204  [16]  28 58 B1 FF 0F 95 1A DF 28 23 30 75 30 75 00 00
2026-07-26T15:56:50.868185,4.121,can0  041  [04]  20 00 3D 00
2026-07-26T15:56:50.868417,4.121,can0  204  [16]  28 58 B1 FF 0F 95 1A DF 28 23 30 75 30 75 00 00
2026-07-26T15:56:50.869252,4.122,can0  070  [20]  E2 2C 4D 08 D6 AE 62 03 50 C3 00 00 38 16 00 00 2A 00 00 00
2026-07-26T15:56:50.869651,4.122,can0  204  [16]  28 58 B1 FF 0F 95 1A DF 28 23 30 75 30 75 00 00
2026-07-26T15:56:50.869938,4.123,can0  040  [04]  03 00 23 00
2026-07-26T15:56:50.968076,4.221,can0  204  [16]  28 58 B1 FF 0F 95 1A DF 28 23 30 75 30 75 00 00
2026-07-26T15:56:50.968325,4.221,can0  040  [04]  03 00 23 00
2026-07-26T15:56:50.968522,4.221,can0  204  [16]  28 58 B1 FF 0F 95 1A DF 28 23 30 75 30 75 00 00
2026-07-26T15:56:50.968697,4.221,can0  070  [20]  E2 2C 4D 08 D6 AE 62 03 50 C3 00 00 38 16 00 00 2A 00 00 00
2026-07-26T15:56:51.068158,4.321,can0  204  [16]  28 58 B1 FF 0F 95 1A DF 28 23 30 75 30 75 00 00
2026-07-26T15:56:51.068347,4.321,can0  132  [00]
2026-07-26T15:56:51.068562,4.321,can0  204  [16]  28 58 B1 FF 0F 95 1A DF 28 23 30 75 30 75 00 00
2026-07-26T15:56:51.071154,4.324,can0  041  [04]  15 00 35 00
2026-07-26T15:56:51.168506,4.421,can0  204  [16]  28 58 B1 FF 0F 95 1A DF 28 23 30 75 30 75 00 00
2026-07-26T15:56:51.168686,4.421,can0  040  [04]  09 00 28 00
2026-07-26T15:56:51.168885,4.422,can0  204  [16]  28 58 B1 FF 0F 95 1A DF 28 23 30 75 30 75 00 00
2026-07-26T15:56:51.169160,4.422,can0  070  [20]  E2 2C 4D 08 D7 AE 62 03 38 C7 00 00 38 16 00 00 23 00 00 00
2026-07-26T15:56:51.169267,4.422,can0  040  [04]  09 00 28 00
2026-07-26T15:56:51.268044,4.521,can0  204  [16]  28 58 B1 FF 0F 95 1A DF 28 23 30 75 30 75 00 00
2026-07-26T15:56:51.268200,4.521,can0  070  [20]  E2 2C 4D 08 D7 AE 62 03 38 C7 00 00 38 16 00 00 23 00 00 00
2026-07-26T15:56:51.268323,4.521,can0  060  [32]  00 00 00 00 E2 2C 4D 08 2C 04 B8 10 00 00 10 0E FF 01 00 00 00 00 00 00 01 00 00 00 00 00 00 00
2026-07-26T15:56:51.268581,4.521,can0  204  [16]  28 58 B1 FF 0F 95 1A DF 28 23 30 75 30 75 00 00
2026-07-26T15:56:51.368766,4.621,can0  070  [20]  E2 2C 4D 08 D7 AE 62 03 38 C7 00 00 38 16 00 00 23 00 00 00
2026-07-26T15:56:51.368825,4.621,can0  204  [16]  28 58 B1 FF 0F 95 1A DF 28 23 30 75 30 75 00 00
2026-07-26T15:56:51.369015,4.622,can0  041  [04]  12 00 33 00
2026-07-26T15:56:51.369182,4.622,can0  204  [16]  28 58 B1 FF 0F 95 1A DF 28 23 30 75 30 75 00 00
2026-07-26T15:56:51.467733,4.720,can0  040  [04]  04 00 29 00
2026-07-26T15:56:51.467881,4.720,can0  204  [16]  28 58 B1 FF 0F 95 1A DF 28 23 30 75 30 75 00 00
2026-07-26T15:56:51.468012,4.721,can0  204  [16]  28 58 B1 FF 0F 95 1A DF 28 23 30 75 30 75 00 00
2026-07-26T15:56:51.468246,4.721,can0  040  [04]  04 00 29 00
2026-07-26T15:56:51.568002,4.821,can0  204  [16]  28 58 B1 FF 0F 95 1A DF 28 23 30 75 30 75 00 00
2026-07-26T15:56:51.568208,4.821,can0  204  [16]  28 58 B1 FF 0F 95 1A DF 28 23 30 75 30 75 00 00
2026-07-26T15:56:51.667892,4.921,can0  041  [04]  15 00 35 00
2026-07-26T15:56:51.668203,4.921,can0  204  [16]  28 58 B1 FF 0F 95 1A DF 28 23 30 75 30 75 00 00
2026-07-26T15:56:51.668376,4.921,can0  204  [16]  28 58 B1 FF 0F 95 1A DF 28 23 30 75 30 75 00 00
2026-07-26T15:56:51.668525,4.921,can0  040  [04]  04 00 27 00
2026-07-26T15:56:51.768040,5.021,can0  204  [16]  28 58 B1 FF 0F 95 1A DF 28 23 30 75 30 75 00 00
2026-07-26T15:56:51.768207,5.021,can0  040  [04]  04 00 27 00
2026-07-26T15:56:51.768389,5.021,can0  060  [32]  00 00 00 00 00 00 00 00 00 00 00 00 00 00 00 00 00 00 00 00 00 00 00 00 00 00 00 00 00 00 00 00
2026-07-26T15:56:51.768594,5.021,can0  204  [16]  28 58 B1 FF 0F 95 1A DF 28 23 30 75 30 75 00 00
2026-07-26T15:56:51.868316,5.121,can0  070  [20]  E2 2C 4D 08 D7 AE 62 03 38 C7 00 00 38 16 00 00 23 00 00 00
2026-07-26T15:56:51.868533,5.121,can0  204  [16]  28 58 B1 FF 0F 95 1A DF 28 23 30 75 30 75 00 00
2026-07-26T15:56:51.868711,5.121,can0  041  [04]  1A 00 32 00
2026-07-26T15:56:51.868943,5.122,can0  204  [16]  28 58 B1 FF 0F 95 1A DF 28 23 30 75 30 75 00 00
2026-07-26T15:56:51.869040,5.122,can0  100  [03]  28 71 04
2026-07-26T15:56:51.871645,5.124,can0  120  [04]  67 19 00 00
2026-07-26T15:56:51.968342,5.221,can0  204  [16]  28 58 B1 FF 0F 95 1A DF 28 23 30 75 30 75 00 00
2026-07-26T15:56:51.968511,5.221,can0  070  [20]  E2 2C 4D 08 D7 AE 62 03 38 C7 00 00 38 16 00 00 23 00 00 00
2026-07-26T15:56:51.968671,5.221,can0  040  [04]  03 00 23 00
2026-07-26T15:56:51.968856,5.221,can0  204  [16]  28 58 B1 FF 0F 95 1A DF 28 23 30 75 30 75 00 00
2026-07-26T15:56:51.969047,5.222,can0  040  [04]  03 00 23 00
2026-07-26T15:56:52.067698,5.320,can0  204  [16]  28 58 B1 FF 0F 95 1A DF 28 23 30 75 30 75 00 00
2026-07-26T15:56:52.067892,5.321,can0  204  [16]  28 58 B1 FF 0F 95 1A DF 28 23 30 75 30 75 00 00
2026-07-26T15:56:52.167803,5.420,can0  204  [16]  28 58 B1 FF 0F 95 1A DF 28 23 30 75 30 75 00 00
2026-07-26T15:56:52.167992,5.421,can0  041  [04]  0C 00 2F 00
2026-07-26T15:56:52.168192,5.421,can0  204  [16]  28 58 B1 FF 0F 95 1A DF 28 23 30 75 30 75 00 00
2026-07-26T15:56:52.170879,5.423,can0  070  [20]  E2 2C 4D 08 D7 AE 62 03 20 CB 00 00 38 16 00 00 29 00 00 00
2026-07-26T15:56:52.267779,5.520,can0  070  [20]  E2 2C 4D 08 D7 AE 62 03 20 CB 00 00 38 16 00 00 28 00 00 00
2026-07-26T15:56:52.267944,5.521,can0  040  [04]  65 01 23 00
2026-07-26T15:56:52.268143,5.521,can0  204  [16]  28 58 B1 FF 0F 95 1A DF 28 23 30 75 30 75 00 00
2026-07-26T15:56:52.268267,5.521,can0  060  [32]  00 00 00 00 E2 2C 4D 08 2C 04 B8 10 00 00 10 0E FF 01 00 00 00 00 00 00 01 00 00 00 00 00 00 00
2026-07-26T15:56:52.268556,5.521,can0  040  [04]  65 01 23 00
2026-07-26T15:56:52.268733,5.521,can0  204  [16]  28 58 B1 FF 0F 95 1A DF 28 23 30 75 30 75 00 00
2026-07-26T15:56:52.268854,5.521,can0  110  [02]  14 1B
2026-07-26T15:56:52.368227,5.621,can0  070  [20]  E2 2C 4D 08 D7 AE 62 03 20 CB 00 00 38 16 00 00 28 00 00 00
2026-07-26T15:56:52.368493,5.621,can0  204  [16]  28 58 B1 FF 0F 95 1A DF 28 23 30 75 30 75 00 00
2026-07-26T15:56:52.368721,5.621,can0  204  [16]  28 58 B1 FF 0F 95 1A DF 28 23 30 75 30 75 00 00
2026-07-26T15:56:52.468414,5.721,can0  041  [04]  06 00 27 00
2026-07-26T15:56:52.468611,5.721,can0  204  [16]  28 58 B1 FF 0F 95 1A DF 28 23 30 75 30 75 00 00
2026-07-26T15:56:52.468773,5.721,can0  040  [04]  04 00 29 00
2026-07-26T15:56:52.468912,5.722,can0  204  [16]  28 58 B1 FF 0F 95 1A DF 28 23 30 75 30 75 00 00
2026-07-26T15:56:52.568390,5.821,can0  040  [04]  04 00 29 00
2026-07-26T15:56:52.568530,5.821,can0  204  [16]  28 58 B1 FF 0F 95 1A DF 28 23 30 75 30 75 00 00
2026-07-26T15:56:52.568669,5.821,can0  204  [16]  28 58 B1 FF 0F 95 1A DF 28 23 30 75 30 75 00 00
2026-07-26T15:56:52.667516,5.920,can0  204  [16]  28 58 B1 FF 0F 95 1A DF 28 23 30 75 30 75 00 00
2026-07-26T15:56:52.667653,5.920,can0  041  [04]  02 00 27 00
2026-07-26T15:56:52.667833,5.920,can0  204  [16]  28 58 B1 FF 0F 95 1A DF 28 23 30 75 30 75 00 00
2026-07-26T15:56:52.767752,6.020,can0  204  [16]  28 58 B1 FF 0F 95 1A DF 28 23 30 75 30 75 00 00
2026-07-26T15:56:52.767879,6.020,can0  040  [04]  03 00 27 00
2026-07-26T15:56:52.767989,6.021,can0  060  [32]  00 00 00 00 00 00 00 00 00 00 00 00 00 00 00 00 00 00 00 00 00 00 00 00 00 00 00 00 00 00 00 00
2026-07-26T15:56:52.768153,6.021,can0  204  [16]  28 58 B1 FF 0F 95 1A DF 28 23 30 75 30 75 00 00
2026-07-26T15:56:52.768244,6.021,can0  040  [04]  03 00 27 00
2026-07-26T15:56:52.868110,6.121,can0  070  [20]  E2 2C 4D 08 D7 AE 62 03 20 CB 00 00 38 16 00 00 28 00 00 00
2026-07-26T15:56:52.868338,6.121,can0  204  [16]  28 58 B1 FF 0F 95 1A DF 28 23 30 75 30 75 00 00
2026-07-26T15:56:52.868520,6.121,can0  204  [16]  28 58 B1 FF 0F 95 1A DF 28 23 30 75 30 75 00 00
2026-07-26T15:56:52.967970,6.221,can0  041  [04]  0A 00 2A 00
2026-07-26T15:56:52.968199,6.221,can0  204  [16]  28 58 B1 FF 0F 95 1A DF 28 23 30 75 30 75 00 00
2026-07-26T15:56:52.968712,6.221,can0  070  [20]  E2 2C 4D 08 D7 AE 62 03 20 CB 00 00 38 16 00 00 28 00 00 00
2026-07-26T15:56:52.968933,6.222,can0  204  [16]  28 58 B1 FF 0F 95 1A DF 28 23 30 75 30 75 00 00
2026-07-26T15:56:52.969163,6.222,can0  040  [04]  02 00 30 00
2026-07-26T15:56:53.068044,6.321,can0  204  [16]  28 58 B1 FF 0F 95 1A DF 28 23 30 75 30 75 00 00
2026-07-26T15:56:53.068211,6.321,can0  040  [04]  02 00 30 00
2026-07-26T15:56:53.068360,6.321,can0  100  [03]  28 71 04
2026-07-26T15:56:53.068496,6.321,can0  120  [04]  63 19 00 00
2026-07-26T15:56:53.068681,6.321,can0  204  [16]  28 58 B1 FF 0F 95 1A DF 28 23 30 75 30 75 00 00
2026-07-26T15:56:53.168602,6.421,can0  204  [16]  28 58 B1 FF 0F 95 1A DF 28 23 30 75 30 75 00 00
2026-07-26T15:56:53.168905,6.422,can0  204  [16]  28 58 B1 FF 0F 95 1A DF 28 23 30 75 30 75 00 00
2026-07-26T15:56:53.169260,6.422,can0  041  [04]  0C 00 28 00
2026-07-26T15:56:53.267957,6.521,can0  070  [20]  E2 2C 4D 08 D7 AE 62 03 08 CF 00 00 38 16 00 00 25 00 00 00
2026-07-26T15:56:53.268136,6.521,can0  070  [20]  E2 2C 4D 08 D7 AE 62 03 08 CF 00 00 38 16 00 00 26 00 00 00
2026-07-26T15:56:53.268350,6.521,can0  204  [16]  28 58 B1 FF 0F 95 1A DF 28 23 30 75 30 75 00 00
2026-07-26T15:56:53.268697,6.521,can0  060  [32]  00 00 00 00 00 00 00 00 00 00 00 00 00 00 00 00 00 00 00 00 00 00 00 00 00 00 00 00 00 00 00 00
2026-07-26T15:56:53.268737,6.521,can0  060  [32]  00 00 00 00 E2 2C 4D 08 2C 04 B8 10 00 00 10 0E FF 01 00 00 00 00 00 00 01 00 00 00 00 00 00 00
2026-07-26T15:56:53.268919,6.522,can0  040  [04]  64 01 2E 00
2026-07-26T15:56:53.269043,6.522,can0  204  [16]  28 58 B1 FF 0F 95 1A DF 28 23 30 75 30 75 00 00
2026-07-26T15:56:53.368085,6.621,can0  070  [20]  E2 2C 4D 08 D7 AE 62 03 08 CF 00 00 38 16 00 00 26 00 00 00
2026-07-26T15:56:53.368256,6.621,can0  040  [04]  64 01 2E 00
2026-07-26T15:56:53.368455,6.621,can0  204  [16]  28 58 B1 FF 0F 95 1A DF 28 23 30 75 30 75 00 00
2026-07-26T15:56:53.370934,6.624,can0  204  [16]  28 58 B1 FF 0F 95 1A DF 28 23 30 75 30 75 00 00
2026-07-26T15:56:53.468295,6.721,can0  204  [16]  28 58 B1 FF 0F 95 1A DF 28 23 30 75 30 75 00 00
2026-07-26T15:56:53.468430,6.721,can0  041  [04]  0F 00 26 00
2026-07-26T15:56:53.468565,6.721,can0  204  [16]  28 58 B1 FF 0F 95 1A DF 28 23 30 75 30 75 00 00
2026-07-26T15:56:53.568159,6.821,can0  204  [16]  28 58 B1 FF 0F 95 1A DF 28 23 30 75 30 75 00 00
2026-07-26T15:56:53.568224,6.821,can0  040  [04]  65 01 34 00
2026-07-26T15:56:53.568245,6.821,can0  204  [16]  28 58 B1 FF 0F 95 1A DF 28 23 30 75 30 75 00 00
2026-07-26T15:56:53.568265,6.821,can0  040  [04]  65 01 34 00
2026-07-26T15:56:53.667640,6.920,can0  204  [16]  28 58 B1 FF 0F 95 1A DF 28 23 30 75 30 75 00 00
2026-07-26T15:56:53.667875,6.920,can0  204  [16]  28 58 B1 FF 0F 95 1A DF 28 23 30 75 30 75 00 00
2026-07-26T15:56:53.768433,7.021,can0  041  [04]  15 00 24 00
2026-07-26T15:56:53.768617,7.021,can0  204  [16]  28 58 B1 FF 0F 95 1A DF 28 23 30 75 30 75 00 00
2026-07-26T15:56:53.768762,7.021,can0  060  [32]  00 00 00 00 00 00 00 00 00 00 00 00 00 00 00 00 00 00 00 00 00 00 00 00 00 00 00 00 00 00 00 00
2026-07-26T15:56:53.768910,7.022,can0  204  [16]  28 58 B1 FF 0F 95 1A DF 28 23 30 75 30 75 00 00
2026-07-26T15:56:53.867584,7.120,can0  070  [20]  E2 2C 4D 08 D7 AE 62 03 08 CF 00 00 38 16 00 00 26 00 00 00
2026-07-26T15:56:53.867934,7.121,can0  040  [04]  02 00 3A 00
2026-07-26T15:56:53.867975,7.121,can0  204  [16]  28 58 B1 FF 0F 95 1A DF 28 23 30 75 30 75 00 00
2026-07-26T15:56:53.868093,7.121,can0  040  [04]  02 00 3A 00
2026-07-26T15:56:53.868232,7.121,can0  110  [02]  16 1B
2026-07-26T15:56:53.868414,7.121,can0  204  [16]  28 58 B1 FF 0F 95 1A DF 28 23 30 75 30 75 00 00
2026-07-26T15:56:53.968146,7.221,can0  070  [20]  E2 2C 4D 08 D7 AE 62 03 08 CF 00 00 38 16 00 00 26 00 00 00
2026-07-26T15:56:53.968365,7.221,can0  204  [16]  28 58 B1 FF 0F 95 1A DF 28 23 30 75 30 75 00 00
2026-07-26T15:56:53.968567,7.221,can0  041  [04]  0A 00 21 00
2026-07-26T15:56:53.968728,7.221,can0  204  [16]  28 58 B1 FF 0F 95 1A DF 28 23 30 75 30 75 00 00
2026-07-26T15:56:54.067839,7.320,can0  204  [16]  28 58 B1 FF 0F 95 1A DF 28 23 30 75 30 75 00 00
2026-07-26T15:56:54.068178,7.321,can0  040  [04]  07 00 3B 00
2026-07-26T15:56:54.168248,7.421,can0  204  [16]  28 58 B1 FF 0F 95 1A DF 28 23 30 75 30 75 00 00
2026-07-26T15:56:54.168361,7.421,can0  040  [04]  07 00 3B 00
2026-07-26T15:56:54.168496,7.421,can0  204  [16]  28 58 B1 FF 0F 95 1A DF 28 23 30 75 30 75 00 00
2026-07-26T15:56:54.168635,7.421,can0  070  [20]  E2 2C 4D 08 D7 AE 62 03 F0 D2 00 00 38 16 00 00 25 00 00 00
2026-07-26T15:56:54.171436,7.424,can0  204  [16]  28 58 B1 FF 0F 95 1A DF 28 23 30 75 30 75 00 00
2026-07-26T15:56:54.268300,7.521,can0  070  [20]  E2 2C 4D 08 D7 AE 62 03 F0 D2 00 00 38 16 00 00 25 00 00 00
2026-07-26T15:56:54.268407,7.521,can0  060  [32]  EA 63 11 00 DF 64 4D 08 06 DF 62 03 00 00 8F 06 28 00 80 00 00 00 00 00 01 00 00 00 00 00 00 00
2026-07-26T15:56:54.268721,7.521,can0  204  [16]  28 58 B1 FF 0F 95 1A DF 28 23 30 75 30 75 00 00
2026-07-26T15:56:54.268836,7.521,can0  041  [04]  0D 00 24 00
2026-07-26T15:56:54.268955,7.522,can0  100  [03]  27 71 04
2026-07-26T15:56:54.269059,7.522,can0  120  [04]  61 19 00 00
2026-07-26T15:56:54.269199,7.522,can0  204  [16]  28 58 B1 FF 0F 95 1A DF 28 23 30 75 30 75 00 00
2026-07-26T15:56:54.367764,7.620,can0  070  [20]  E2 2C 4D 08 D7 AE 62 03 F0 D2 00 00 38 16 00 00 25 00 00 00
2026-07-26T15:56:54.367824,7.620,can0  040  [04]  0A 00 3C 00
2026-07-26T15:56:54.367963,7.621,can0  204  [16]  28 58 B1 FF 0F 95 1A DF 28 23 30 75 30 75 00 00
2026-07-26T15:56:54.468260,7.721,can0  204  [16]  28 58 B1 FF 0F 95 1A DF 28 23 30 75 30 75 00 00
2026-07-26T15:56:54.475858,7.728,can0  040  [04]  0A 00 3C 00
2026-07-26T15:56:54.476187,7.729,can0  204  [16]  28 58 B1 FF 0F 95 1A DF 28 23 30 75 30 75 00 00
2026-07-26T15:56:54.568433,7.821,can0  204  [16]  28 58 B1 FF 0F 95 1A DF 28 23 30 75 30 75 00 00
2026-07-26T15:56:54.568658,7.821,can0  041  [04]  0F 00 29 00
2026-07-26T15:56:54.568952,7.822,can0  204  [16]  28 58 B1 FF 0F 95 1A DF 28 23 30 75 30 75 00 00
2026-07-26T15:56:54.569289,7.822,can0  040  [04]  07 00 3B 00
2026-07-26T15:56:54.668463,7.921,can0  204  [16]  28 58 B1 FF 0F 95 1A DF 28 23 30 75 30 75 00 00
2026-07-26T15:56:54.668798,7.921,can0  204  [16]  28 58 B1 FF 0F 95 1A DF 28 23 30 75 30 75 00 00
2026-07-26T15:56:54.669044,7.922,can0  040  [04]  07 00 3B 00
2026-07-26T15:56:54.768087,8.021,can0  204  [16]  28 58 B1 FF 0F 95 1A DF 28 23 30 75 30 75 00 00
2026-07-26T15:56:54.768432,8.021,can0  204  [16]  28 58 B1 FF 0F 95 1A DF 28 23 30 75 30 75 00 00
2026-07-26T15:56:54.768478,8.021,can0  041  [04]  12 00 26 00
2026-07-26T15:56:54.868108,8.121,can0  070  [20]  E2 2C 4D 08 D7 AE 62 03 F0 D2 00 00 38 16 00 00 25 00 00 00
2026-07-26T15:56:54.868512,8.121,can0  204  [16]  28 58 B1 FF 0F 95 1A DF 28 23 30 75 30 75 00 00
2026-07-26T15:56:54.868560,8.121,can0  204  [16]  28 58 B1 FF 0F 95 1A DF 28 23 30 75 30 75 00 00
2026-07-26T15:56:54.868667,8.121,can0  040  [04]  06 00 34 00
2026-07-26T15:56:54.967721,8.220,can0  204  [16]  28 58 B1 FF 0F 95 1A DF 28 23 30 75 30 75 00 00
2026-07-26T15:56:54.967863,8.220,can0  040  [04]  06 00 34 00
2026-07-26T15:56:54.968038,8.221,can0  204  [16]  28 58 B1 FF 0F 95 1A DF 28 23 30 75 30 75 00 00
2026-07-26T15:56:54.968195,8.221,can0  070  [20]  E2 2C 4D 08 D7 AE 62 03 F0 D2 00 00 38 16 00 00 25 00 00 00
2026-07-26T15:56:55.068554,8.321,can0  204  [16]  28 58 B1 FF 0F 95 1A DF 28 23 30 75 30 75 00 00
2026-07-26T15:56:55.068652,8.321,can0  041  [04]  11 00 24 00
2026-07-26T15:56:55.068809,8.321,can0  204  [16]  28 58 B1 FF 0F 95 1A DF 28 23 30 75 30 75 00 00
2026-07-26T15:56:55.168403,8.421,can0  204  [16]  28 58 B1 FF 0F 95 1A DF 28 23 30 75 30 75 00 00
2026-07-26T15:56:55.168549,8.421,can0  040  [04]  09 00 2E 00
2026-07-26T15:56:55.168844,8.421,can0  204  [16]  28 58 B1 FF 0F 95 1A DF 28 23 30 75 30 75 00 00
2026-07-26T15:56:55.172084,8.425,can0  070  [20]  E2 2C 4D 08 D7 AE 62 03 D8 D6 00 00 38 16 00 00 45 00 00 00
2026-07-26T15:56:55.172122,8.425,can0  040  [04]  09 00 2E 00
2026-07-26T15:56:55.267541,8.520,can0  204  [16]  28 58 B1 FF 0F 95 1A DF 28 23 30 75 30 75 00 00
2026-07-26T15:56:55.267712,8.520,can0  070  [20]  E2 2C 4D 08 D7 AE 62 03 D8 D6 00 00 38 16 00 00 44 00 00 00
2026-07-26T15:56:55.270796,8.523,can0  204  [16]  28 58 B1 FF 0F 95 1A DF 28 23 30 75 30 75 00 00
2026-07-26T15:56:55.367732,8.620,can0  060  [32]  00 00 00 00 E2 2C 4D 08 2C 04 B8 10 00 00 10 0E FF 01 00 00 00 00 00 00 01 00 00 00 00 00 00 00
2026-07-26T15:56:55.368161,8.621,can0  204  [16]  28 58 B1 FF 0F 95 1A DF 28 23 30 75 30 75 00 00
2026-07-26T15:56:55.368322,8.621,can0  041  [04]  11 00 28 00
2026-07-26T15:56:55.368485,8.621,can0  070  [20]  E2 2C 4D 08 D7 AE 62 03 D8 D6 00 00 38 16 00 00 44 00 00 00
2026-07-26T15:56:55.368661,8.621,can0  204  [16]  28 58 B1 FF 0F 95 1A DF 28 23 30 75 30 75 00 00
2026-07-26T15:56:55.368826,8.621,can0  040  [04]  0A 00 1E 00
2026-07-26T15:56:55.468001,8.721,can0  204  [16]  28 58 B1 FF 0F 95 1A DF 28 23 30 75 30 75 00 00
2026-07-26T15:56:55.468173,8.721,can0  040  [04]  0A 00 1E 00
2026-07-26T15:56:55.468356,8.721,can0  204  [16]  28 58 B1 FF 0F 95 1A DF 28 23 30 75 30 75 00 00
2026-07-26T15:56:55.468495,8.721,can0  100  [03]  27 71 04
2026-07-26T15:56:55.468623,8.721,can0  110  [02]  15 1B
2026-07-26T15:56:55.470108,8.723,can0  120  [04]  60 19 00 00
2026-07-26T15:56:55.567936,8.821,can0  204  [16]  28 58 B1 FF 0F 95 1A DF 28 23 30 75 30 75 00 00
2026-07-26T15:56:55.568159,8.821,can0  204  [16]  28 58 B1 FF 0F 95 1A DF 28 23 30 75 30 75 00 00
2026-07-26T15:56:55.568301,8.821,can0  041  [04]  0C 00 28 00
2026-07-26T15:56:55.668135,8.921,can0  204  [16]  28 58 B1 FF 0F 95 1A DF 28 23 30 75 30 75 00 00
2026-07-26T15:56:55.671122,8.924,can0  040  [04]  11 00 1A 00
2026-07-26T15:56:55.671163,8.924,can0  204  [16]  28 58 B1 FF 0F 95 1A DF 28 23 30 75 30 75 00 00
2026-07-26T15:56:55.768098,9.021,can0  204  [16]  28 58 B1 FF 0F 95 1A DF 28 23 30 75 30 75 00 00
2026-07-26T15:56:55.768261,9.021,can0  040  [04]  11 00 1A 00
2026-07-26T15:56:55.768441,9.021,can0  204  [16]  28 58 B1 FF 0F 95 1A DF 28 23 30 75 30 75 00 00
2026-07-26T15:56:55.868277,9.121,can0  060  [32]  00 00 00 00 00 00 00 00 00 00 00 00 00 00 00 00 00 00 00 00 00 00 00 00 00 00 00 00 00 00 00 00
2026-07-26T15:56:55.868491,9.121,can0  204  [16]  28 58 B1 FF 0F 95 1A DF 28 23 30 75 30 75 00 00
2026-07-26T15:56:55.868616,9.121,can0  060  [32]  DA BE F1 05 98 C4 4D 08 23 9D 63 03 60 00 9C 04 78 00 8D 00 00 00 00 00 01 00 00 00 00 00 00 00
2026-07-26T15:56:55.868955,9.122,can0  070  [20]  E2 2C 4D 08 D7 AE 62 03 D8 D6 00 00 38 16 00 00 44 00 00 00
2026-07-26T15:56:55.869153,9.122,can0  041  [04]  08 00 2C 00
2026-07-26T15:56:55.872001,9.125,can0  204  [16]  28 58 B1 FF 0F 95 1A DF 28 23 30 75 30 75 00 00
2026-07-26T15:56:55.968023,9.221,can0  204  [16]  28 58 B1 FF 0F 95 1A DF 28 23 30 75 30 75 00 00
2026-07-26T15:56:55.968212,9.221,can0  040  [04]  02 00 14 00
2026-07-26T15:56:55.968370,9.221,can0  070  [20]  E2 2C 4D 08 D7 AE 62 03 D8 D6 00 00 38 16 00 00 44 00 00 00
2026-07-26T15:56:55.968552,9.221,can0  204  [16]  28 58 B1 FF 0F 95 1A DF 28 23 30 75 30 75 00 00
2026-07-26T15:56:55.968686,9.221,can0  040  [04]  02 00 14 00
2026-07-26T15:56:56.068097,9.321,can0  204  [16]  28 58 B1 FF 0F 95 1A DF 28 23 30 75 30 75 00 00
2026-07-26T15:56:56.071671,9.324,can0  204  [16]  28 58 B1 FF 0F 95 1A DF 28 23 30 75 30 75 00 00
2026-07-26T15:56:56.170659,9.423,can0  041  [04]  04 00 2B 00
2026-07-26T15:56:56.170730,9.423,can0  204  [16]  28 58 B1 FF 0F 95 1A DF 28 23 30 75 30 75 00 00
2026-07-26T15:56:56.170777,9.423,can0  204  [16]  28 58 B1 FF 0F 95 1A DF 28 23 30 75 30 75 00 00
2026-07-26T15:56:56.170810,9.423,can0  070  [20]  E2 2C 4D 08 D7 AE 62 03 C0 DA 00 00 38 16 00 00 32 00 00 00
2026-07-26T15:56:56.170844,9.423,can0  040  [04]  56 01 0D 00
2026-07-26T15:56:56.268227,9.521,can0  070  [20]  E2 2C 4D 08 D7 AE 62 03 C0 DA 00 00 38 16 00 00 31 00 00 00
2026-07-26T15:56:56.268438,9.521,can0  204  [16]  28 58 B1 FF 0F 95 1A DF 28 23 30 75 30 75 00 00
2026-07-26T15:56:56.268592,9.521,can0  040  [04]  56 01 0D 00
2026-07-26T15:56:56.268781,9.521,can0  204  [16]  28 58 B1 FF 0F 95 1A DF 28 23 30 75 30 75 00 00
2026-07-26T15:56:56.368083,9.621,can0  070  [20]  E2 2C 4D 08 D7 AE 62 03 C0 DA 00 00 38 16 00 00 31 00 00 00
2026-07-26T15:56:56.368408,9.621,can0  204  [16]  28 58 B1 FF 0F 95 1A DF 28 23 30 75 30 75 00 00
2026-07-26T15:56:56.368452,9.621,can0  060  [32]  00 00 00 00 E2 2C 4D 08 2C 04 B8 10 00 00 10 0E FF 01 00 00 00 00 00 00 01 00 00 00 00 00 00 00
2026-07-26T15:56:56.368796,9.621,can0  204  [16]  28 58 B1 FF 0F 95 1A DF 28 23 30 75 30 75 00 00
2026-07-26T15:56:56.368958,9.622,can0  041  [04]  0B 00 29 00
2026-07-26T15:56:56.467899,9.721,can0  204  [16]  28 58 B1 FF 0F 95 1A DF 28 23 30 75 30 75 00 00
2026-07-26T15:56:56.468044,9.721,can0  040  [04]  47 01 0B 00
2026-07-26T15:56:56.468197,9.721,can0  204  [16]  28 58 B1 FF 0F 95 1A DF 28 23 30 75 30 75 00 00
2026-07-26T15:56:56.568115,9.821,can0  040  [04]  47 01 0B 00
2026-07-26T15:56:56.568320,9.821,can0  204  [16]  28 58 B1 FF 0F 95 1A DF 28 23 30 75 30 75 00 00
2026-07-26T15:56:56.568512,9.821,can0  204  [16]  28 58 B1 FF 0F 95 1A DF 28 23 30 75 30 75 00 00
2026-07-26T15:56:56.667665,9.920,can0  204  [16]  28 58 B1 FF 0F 95 1A DF 28 23 30 75 30 75 00 00
2026-07-26T15:56:56.668044,9.921,can0  041  [04]  12 00 2C 00
2026-07-26T15:56:56.668082,9.921,can0  100  [03]  28 71 04
2026-07-26T15:56:56.668276,9.921,can0  204  [16]  28 58 B1 FF 0F 95 1A DF 28 23 30 75 30 75 00 00
2026-07-26T15:56:56.668406,9.921,can0  120  [04]  66 19 00 00
2026-07-26T15:56:56.767945,10.021,can0  204  [16]  28 58 B1 FF 0F 95 1A DF 28 23 30 75 30 75 00 00
2026-07-26T15:56:56.768137,10.021,can0  040  [04]  3D 01 0C 00
2026-07-26T15:56:56.768323,10.021,can0  204  [16]  28 58 B1 FF 0F 95 1A DF 28 23 30 75 30 75 00 00
2026-07-26T15:56:56.768455,10.021,can0  040  [04]  3D 01 0C 00
2026-07-26T15:56:56.868049,10.121,can0  070  [20]  E2 2C 4D 08 D7 AE 62 03 C0 DA 00 00 38 16 00 00 31 00 00 00
2026-07-26T15:56:56.868241,10.121,can0  060  [32]  00 00 00 00 00 00 00 00 00 00 00 00 00 00 00 00 00 00 00 00 00 00 00 00 00 00 00 00 00 00 00 00
2026-07-26T15:56:56.868433,10.121,can0  204  [16]  28 58 B1 FF 0F 95 1A DF 28 23 30 75 30 75 00 00
2026-07-26T15:56:56.871389,10.124,can0  204  [16]  28 58 B1 FF 0F 95 1A DF 28 23 30 75 30 75 00 00
2026-07-26T15:56:56.968072,10.221,can0  041  [04]  10 00 2D 00
2026-07-26T15:56:56.968292,10.221,can0  204  [16]  28 58 B1 FF 0F 95 1A DF 28 23 30 75 30 75 00 00
2026-07-26T15:56:56.968480,10.221,can0  070  [20]  E2 2C 4D 08 D7 AE 62 03 C0 DA 00 00 38 16 00 00 31 00 00 00
2026-07-26T15:56:56.968685,10.221,can0  204  [16]  28 58 B1 FF 0F 95 1A DF 28 23 30 75 30 75 00 00
2026-07-26T15:56:56.968814,10.221,can0  040  [04]  49 01 14 00
2026-07-26T15:56:57.068033,10.321,can0  204  [16]  28 58 B1 FF 0F 95 1A DF 28 23 30 75 30 75 00 00
2026-07-26T15:56:57.068272,10.321,can0  040  [04]  49 01 14 00
2026-07-26T15:56:57.068425,10.321,can0  110  [02]  15 1B
2026-07-26T15:56:57.068619,10.321,can0  204  [16]  28 58 B1 FF 0F 95 1A DF 28 23 30 75 30 75 00 00
2026-07-26T15:56:57.168012,10.421,can0  204  [16]  28 58 B1 FF 0F 95 1A DF 28 23 30 75 30 75 00 00
2026-07-26T15:56:57.168273,10.421,can0  204  [16]  28 58 B1 FF 0F 95 1A DF 28 23 30 75 30 75 00 00
2026-07-26T15:56:57.168396,10.421,can0  041  [04]  16 00 2B 00
2026-07-26T15:56:57.268350,10.521,can0  070  [20]  E2 2C 4D 08 D7 AE 62 03 A8 DE 00 00 38 16 00 00 1E 00 00 00
2026-07-26T15:56:57.268506,10.521,can0  070  [20]  E2 2C 4D 08 D7 AE 62 03 A8 DE 00 00 38 16 00 00 1E 00 00 00
2026-07-26T15:56:57.268667,10.521,can0  204  [16]  28 58 B1 FF 0F 95 1A DF 28 23 30 75 30 75 00 00
2026-07-26T15:56:57.268803,10.521,can0  040  [04]  4B 01 17 00
2026-07-26T15:56:57.268915,10.522,can0  133  [00]
2026-07-26T15:56:57.269048,10.522,can0  204  [16]  28 58 B1 FF 0F 95 1A DF 28 23 30 75 30 75 00 00
2026-07-26T15:56:57.368105,10.621,can0  070  [20]  E2 2C 4D 08 D7 AE 62 03 A8 DE 00 00 38 16 00 00 1E 00 00 00
2026-07-26T15:56:57.368216,10.621,can0  060  [32]  00 00 00 00 E2 2C 4D 08 2C 04 B8 10 00 00 10 0E FF 01 00 00 00 00 00 00 01 00 00 00 00 00 00 00
2026-07-26T15:56:57.368524,10.621,can0  040  [04]  4B 01 17 00
2026-07-26T15:56:57.368648,10.621,can0  204  [16]  28 58 B1 FF 0F 95 1A DF 28 23 30 75 30 75 00 00
2026-07-26T15:56:57.368778,10.621,can0  204  [16]  28 58 B1 FF 0F 95 1A DF 28 23 30 75 30 75 00 00
2026-07-26T15:56:57.468269,10.721,can0  204  [16]  28 58 B1 FF 0F 95 1A DF 28 23 30 75 30 75 00 00
2026-07-26T15:56:57.468487,10.721,can0  041  [04]  19 00 2C 00
2026-07-26T15:56:57.468614,10.721,can0  204  [16]  28 58 B1 FF 0F 95 1A DF 28 23 30 75 30 75 00 00
2026-07-26T15:56:57.568388,10.821,can0  204  [16]  28 58 B1 FF 0F 95 1A DF 28 23 30 75 30 75 00 00
2026-07-26T15:56:57.568534,10.821,can0  040  [04]  5F 01 1B 00
2026-07-26T15:56:57.568672,10.821,can0  040  [04]  5F 01 1B 00
2026-07-26T15:56:57.568853,10.821,can0  204  [16]  28 58 B1 FF 0F 95 1A DF 28 23 30 75 30 75 00 00
2026-07-26T15:56:57.668409,10.921,can0  204  [16]  28 58 B1 FF 0F 95 1A DF 28 23 30 75 30 75 00 00
2026-07-26T15:56:57.668630,10.921,can0  204  [16]  28 58 B1 FF 0F 95 1A DF 28 23 30 75 30 75 00 00
2026-07-26T15:56:57.767685,11.020,can0  041  [04]  1B 00 2F 00
2026-07-26T15:56:57.767890,11.021,can0  204  [16]  28 58 B1 FF 0F 95 1A DF 28 23 30 75 30 75 00 00
2026-07-26T15:56:57.768071,11.021,can0  204  [16]  28 58 B1 FF 0F 95 1A DF 28 23 30 75 30 75 00 00
2026-07-26T15:56:57.768352,11.021,can0  070  [20]  E2 2C 4D 08 D7 AE 62 03 A8 DE 00 00 38 16 00 00 1E 00 00 00
2026-07-26T15:56:57.768377,11.021,can0  040  [04]  62 01 20 00
2026-07-26T15:56:57.867567,11.120,can0  060  [32]  00 00 00 00 00 00 00 00 00 00 00 00 00 00 00 00 00 00 00 00 00 00 00 00 00 00 00 00 00 00 00 00
2026-07-26T15:56:57.867792,11.120,can0  204  [16]  28 58 B1 FF 0F 95 1A DF 28 23 30 75 30 75 00 00
2026-07-26T15:56:57.868001,11.121,can0  040  [04]  62 01 20 00
2026-07-26T15:56:57.868174,11.121,can0  100  [03]  29 71 04
2026-07-26T15:56:57.868447,11.121,can0  120  [04]  5E 19 00 00
2026-07-26T15:56:57.868486,11.121,can0  204  [16]  28 58 B1 FF 0F 95 1A DF 28 23 30 75 30 75 00 00
2026-07-26T15:56:57.968002,11.221,can0  204  [16]  28 58 B1 FF 0F 95 1A DF 28 23 30 75 30 75 00 00
2026-07-26T15:56:57.968143,11.221,can0  070  [20]  E2 2C 4D 08 D7 AE 62 03 A8 DE 00 00 38 16 00 00 1E 00 00 00
2026-07-26T15:56:57.968267,11.221,can0  041  [04]  1B 00 31 00
2026-07-26T15:56:57.968413,11.221,can0  204  [16]  28 58 B1 FF 0F 95 1A DF 28 23 30 75 30 75 00 00
2026-07-26T15:56:58.068069,11.321,can0  204  [16]  28 58 B1 FF 0F 95 1A DF 28 23 30 75 30 75 00 00
2026-07-26T15:56:58.068218,11.321,can0  040  [04]  60 01 2A 00
2026-07-26T15:56:58.068329,11.321,can0  131  [00]
2026-07-26T15:56:58.068457,11.321,can0  204  [16]  28 58 B1 FF 0F 95 1A DF 28 23 30 75 30 75 00 00
2026-07-26T15:56:58.167979,11.421,can0  040  [04]  60 01 2A 00
2026-07-26T15:56:58.168164,11.421,can0  204  [16]  28 58 B1 FF 0F 95 1A DF 28 23 30 75 30 75 00 00
2026-07-26T15:56:58.168357,11.421,can0  070  [20]  E2 2C 4D 08 D7 AE 62 03 90 E2 00 00 38 16 00 00 38 00 00 00
2026-07-26T15:56:58.168546,11.421,can0  204  [16]  28 58 B1 FF 0F 95 1A DF 28 23 30 75 30 75 00 00
2026-07-26T15:56:58.267541,11.520,can0  070  [20]  E2 2C 4D 08 D7 AE 62 03 90 E2 00 00 38 16 00 00 38 00 00 00
2026-07-26T15:56:58.267744,11.520,can0  204  [16]  28 58 B1 FF 0F 95 1A DF 28 23 30 75 30 75 00 00
2026-07-26T15:56:58.267913,11.521,can0  041  [04]  17 00 31 00
2026-07-26T15:56:58.271664,11.524,can0  204  [16]  28 58 B1 FF 0F 95 1A DF 28 23 30 75 30 75 00 00
2026-07-26T15:56:58.368596,11.621,can0  070  [20]  E2 2C 4D 08 D7 AE 62 03 90 E2 00 00 38 16 00 00 38 00 00 00
2026-07-26T15:56:58.368745,11.621,can0  060  [32]  00 00 00 00 00 00 00 00 00 00 00 00 00 00 00 00 00 00 00 00 00 00 00 00 00 00 00 00 00 00 00 00
2026-07-26T15:56:58.368888,11.622,can0  040  [04]  64 01 31 00
2026-07-26T15:56:58.369051,11.622,can0  204  [16]  28 58 B1 FF 0F 95 1A DF 28 23 30 75 30 75 00 00
2026-07-26T15:56:58.369178,11.622,can0  060  [32]  00 00 00 00 E2 2C 4D 08 2C 04 B8 10 00 00 10 0E FF 01 00 00 00 00 00 00 01 00 00 00 00 00 00 00
2026-07-26T15:56:58.372160,11.625,can0  040  [04]  64 01 31 00
2026-07-26T15:56:58.467479,11.720,can0  204  [16]  28 58 B1 FF 0F 95 1A DF 28 23 30 75 30 75 00 00
2026-07-26T15:56:58.467623,11.720,can0  204  [16]  28 58 B1 FF 0F 95 1A DF 28 23 30 75 30 75 00 00
2026-07-26T15:56:58.467759,11.720,can0  204  [16]  28 58 B1 FF 0F 95 1A DF 28 23 30 75 30 75 00 00
2026-07-26T15:56:58.567628,11.820,can0  041  [04]  11 00 30 00
2026-07-26T15:56:58.567769,11.820,can0  204  [16]  28 58 B1 FF 0F 95 1A DF 28 23 30 75 30 75 00 00
2026-07-26T15:56:58.567879,11.820,can0  040  [04]  66 01 38 00
2026-07-26T15:56:58.667796,11.920,can0  204  [16]  28 58 B1 FF 0F 95 1A DF 28 23 30 75 30 75 00 00
2026-07-26T15:56:58.667930,11.921,can0  040  [04]  66 01 38 00
2026-07-26T15:56:58.668096,11.921,can0  204  [16]  28 58 B1 FF 0F 95 1A DF 28 23 30 75 30 75 00 00
2026-07-26T15:56:58.670923,11.924,can0  110  [02]  14 1B
2026-07-26T15:56:58.769182,12.022,can0  204  [16]  28 58 B1 FF 0F 95 1A DF 28 23 30 75 30 75 00 00
2026-07-26T15:56:58.769525,12.022,can0  204  [16]  28 58 B1 FF 0F 95 1A DF 28 23 30 75 30 75 00 00
2026-07-26T15:56:58.769661,12.022,can0  041  [04]  10 00 32 00
2026-07-26T15:56:58.867848,12.120,can0  070  [20]  E2 2C 4D 08 D7 AE 62 03 90 E2 00 00 38 16 00 00 38 00 00 00
2026-07-26T15:56:58.868077,12.121,can0  204  [16]  28 58 B1 FF 0F 95 1A DF 28 23 30 75 30 75 00 00
2026-07-26T15:56:58.868240,12.121,can0  060  [32]  00 00 00 00 00 00 00 00 00 00 00 00 00 00 00 00 00 00 00 00 00 00 00 00 00 00 00 00 00 00 00 00
2026-07-26T15:56:58.868405,12.121,can0  040  [04]  03 00 3E 00
2026-07-26T15:56:58.868581,12.121,can0  204  [16]  28 58 B1 FF 0F 95 1A DF 28 23 30 75 30 75 00 00
2026-07-26T15:56:58.967600,12.220,can0  204  [16]  28 58 B1 FF 0F 95 1A DF 28 23 30 75 30 75 00 00
2026-07-26T15:56:58.967803,12.220,can0  040  [04]  03 00 3E 00
2026-07-26T15:56:58.968004,12.221,can0  070  [20]  E2 2C 4D 08 D7 AE 62 03 90 E2 00 00 38 16 00 00 38 00 00 00
2026-07-26T15:56:58.968263,12.221,can0  204  [16]  28 58 B1 FF 0F 95 1A DF 28 23 30 75 30 75 00 00
2026-07-26T15:56:59.068219,12.321,can0  204  [16]  28 58 B1 FF 0F 95 1A DF 28 23 30 75 30 75 00 00
2026-07-26T15:56:59.068414,12.321,can0  041  [04]  11 00 34 00
2026-07-26T15:56:59.068601,12.321,can0  204  [16]  28 58 B1 FF 0F 95 1A DF 28 23 30 75 30 75 00 00
2026-07-26T15:56:59.068738,12.321,can0  100  [03]  29 71 04
2026-07-26T15:56:59.068867,12.321,can0  120  [04]  60 19 00 00
2026-07-26T15:56:59.168220,12.421,can0  204  [16]  28 58 B1 FF 0F 95 1A DF 28 23 30 75 30 75 00 00
2026-07-26T15:56:59.168405,12.421,can0  040  [04]  09 00 35 00
2026-07-26T15:56:59.168552,12.421,can0  204  [16]  28 58 B1 FF 0F 95 1A DF 28 23 30 75 30 75 00 00
2026-07-26T15:56:59.168657,12.421,can0  040  [04]  09 00 35 00
2026-07-26T15:56:59.268096,12.521,can0  070  [20]  E2 2C 4D 08 D7 AE 62 03 78 E6 00 00 38 16 00 00 36 00 00 00
2026-07-26T15:56:59.268316,12.521,can0  204  [16]  28 58 B1 FF 0F 95 1A DF 28 23 30 75 30 75 00 00
2026-07-26T15:56:59.271652,12.524,can0  070  [20]  E2 2C 4D 08 D7 AE 62 03 78 E6 00 00 38 16 00 00 36 00 00 00
2026-07-26T15:56:59.271691,12.524,can0  204  [16]  28 58 B1 FF 0F 95 1A DF 28 23 30 75 30 75 00 00
2026-07-26T15:56:59.271711,12.524,can0  070  [20]  E2 2C 4D 08 D7 AE 62 03 78 E6 00 00 38 16 00 00 36 00 00 00
2026-07-26T15:56:59.367898,12.621,can0  204  [16]  28 58 B1 FF 0F 95 1A DF 28 23 30 75 30 75 00 00
2026-07-26T15:56:59.368082,12.621,can0  041  [04]  13 00 36 00
2026-07-26T15:56:59.368219,12.621,can0  060  [32]  00 00 00 00 E2 2C 4D 08 2C 04 B8 10 00 00 10 0E FF 01 00 00 00 00 00 00 01 00 00 00 00 00 00 00
2026-07-26T15:56:59.368591,12.621,can0  204  [16]  28 58 B1 FF 0F 95 1A DF 28 23 30 75 30 75 00 00
2026-07-26T15:56:59.368734,12.621,can0  040  [04]  67 01 2C 00
2026-07-26T15:56:59.467841,12.720,can0  204  [16]  28 58 B1 FF 0F 95 1A DF 28 23 30 75 30 75 00 00
2026-07-26T15:56:59.467957,12.721,can0  040  [04]  67 01 2C 00
2026-07-26T15:56:59.468213,12.721,can0  204  [16]  28 58 B1 FF 0F 95 1A DF 28 23 30 75 30 75 00 00
2026-07-26T15:56:59.568414,12.821,can0  204  [16]  28 58 B1 FF 0F 95 1A DF 28 23 30 75 30 75 00 00
2026-07-26T15:56:59.568643,12.821,can0  204  [16]  28 58 B1 FF 0F 95 1A DF 28 23 30 75 30 75 00 00
2026-07-26T15:56:59.568799,12.821,can0  041  [04]  19 00 37 00
2026-07-26T15:56:59.667609,12.920,can0  204  [16]  28 58 B1 FF 0F 95 1A DF 28 23 30 75 30 75 00 00
2026-07-26T15:56:59.667786,12.920,can0  040  [04]  60 01 20 00
2026-07-26T15:56:59.671110,12.924,can0  204  [16]  28 58 B1 FF 0F 95 1A DF 28 23 30 75 30 75 00 00
2026-07-26T15:56:59.767704,13.020,can0  040  [04]  60 01 20 00
2026-07-26T15:56:59.767903,13.021,can0  204  [16]  28 58 B1 FF 0F 95 1A DF 28 23 30 75 30 75 00 00
2026-07-26T15:56:59.768083,13.021,can0  204  [16]  28 58 B1 FF 0F 95 1A DF 28 23 30 75 30 75 00 00
2026-07-26T15:56:59.768467,13.021,can0  070  [20]  E2 2C 4D 08 D7 AE 62 03 78 E6 00 00 38 16 00 00 36 00 00 00
2026-07-26T15:56:59.867537,13.120,can0  204  [16]  28 58 B1 FF 0F 95 1A DF 28 23 30 75 30 75 00 00
2026-07-26T15:56:59.867857,13.120,can0  041  [04]  17 00 38 00
2026-07-26T15:56:59.867900,13.121,can0  060  [32]  00 00 00 00 00 00 00 00 00 00 00 00 00 00 00 00 00 00 00 00 00 00 00 00 00 00 00 00 00 00 00 00
2026-07-26T15:56:59.868504,13.121,can0  204  [16]  28 58 B1 FF 0F 95 1A DF 28 23 30 75 30 75 00 00
2026-07-26T15:56:59.967918,13.221,can0  204  [16]  28 58 B1 FF 0F 95 1A DF 28 23 30 75 30 75 00 00
2026-07-26T15:56:59.968121,13.221,can0  040  [04]  5D 01 1F 00
2026-07-26T15:56:59.968259,13.221,can0  070  [20]  E2 2C 4D 08 D7 AE 62 03 78 E6 00 00 38 16 00 00 36 00 00 00
2026-07-26T15:56:59.968355,13.221,can0  040  [04]  5D 01 1F 00
2026-07-26T15:56:59.971244,13.224,can0  204  [16]  28 58 B1 FF 0F 95 1A DF 28 23 30 75 30 75 00 00
2026-07-26T15:57:00.068238,13.321,can0  204  [16]  28 58 B1 FF 0F 95 1A DF 28 23 30 75 30 75 00 00
2026-07-26T15:57:00.068364,13.321,can0  060  [32]  48 BE 07 05 9F 7A 4D 08 B8 93 62 03 01 00 CF 03 65 01 FF 00 00 00 00 00 01 00 00 00 00 00 00 00
2026-07-26T15:57:00.068701,13.321,can0  204  [16]  28 58 B1 FF 0F 95 1A DF 28 23 30 75 30 75 00 00
2026-07-26T15:57:00.168111,13.421,can0  041  [04]  19 00 33 00
2026-07-26T15:57:00.168311,13.421,can0  204  [16]  28 58 B1 FF 0F 95 1A DF 28 23 30 75 30 75 00 00
2026-07-26T15:57:00.168480,13.421,can0  204  [16]  28 58 B1 FF 0F 95 1A DF 28 23 30 75 30 75 00 00
2026-07-26T15:57:00.168670,13.421,can0  070  [20]  E2 2C 4D 08 D7 AE 62 03 00 00 00 00 39 16 00 00 0F 00 00 00
2026-07-26T15:57:00.168801,13.421,can0  040  [04]  67 01 25 00
2026-07-26T15:57:00.268272,13.521,can0  070  [20]  E2 2C 4D 08 D7 AE 62 03 00 00 00 00 39 16 00 00 0E 00 00 00
2026-07-26T15:57:00.268479,13.521,can0  204  [16]  28 58 B1 FF 0F 95 1A DF 28 23 30 75 30 75 00 00
2026-07-26T15:57:00.268628,13.521,can0  040  [04]  67 01 25 00
2026-07-26T15:57:00.268764,13.521,can0  100  [03]  29 71 04
2026-07-26T15:57:00.268951,13.522,can0  204  [16]  28 58 B1 FF 0F 95 1A DF 28 23 30 75 30 75 00 00
2026-07-26T15:57:00.269086,13.522,can0  110  [02]  14 1B
2026-07-26T15:57:00.269222,13.522,can0  120  [04]  61 19 00 00
2026-07-26T15:57:00.269381,13.522,can0  070  [20]  E2 2C 4D 08 D7 AE 62 03 00 00 00 00 39 16 00 00 0E 00 00 00
2026-07-26T15:57:00.368616,13.621,can0  204  [16]  28 58 B1 FF 0F 95 1A DF 28 23 30 75 30 75 00 00
2026-07-26T15:57:00.368835,13.621,can0  204  [16]  28 58 B1 FF 0F 95 1A DF 28 23 30 75 30 75 00 00
2026-07-26T15:57:00.369013,13.622,can0  041  [04]  14 00 36 00
2026-07-26T15:57:00.467551,13.720,can0  204  [16]  28 58 B1 FF 0F 95 1A DF 28 23 30 75 30 75 00 00
2026-07-26T15:57:00.467760,13.720,can0  040  [04]  5A 01 28 00
2026-07-26T15:57:00.470984,13.724,can0  204  [16]  28 58 B1 FF 0F 95 1A DF 28 23 30 75 30 75 00 00
2026-07-26T15:57:00.567579,13.820,can0  040  [04]  5A 01 28 00
2026-07-26T15:57:00.567773,13.820,can0  204  [16]  28 58 B1 FF 0F 95 1A DF 28 23 30 75 30 75 00 00
2026-07-26T15:57:00.567945,13.821,can0  204  [16]  28 58 B1 FF 0F 95 1A DF 28 23 30 75 30 75 00 00
2026-07-26T15:57:00.667627,13.920,can0  204  [16]  28 58 B1 FF 0F 95 1A DF 28 23 30 75 30 75 00 00
2026-07-26T15:57:00.667844,13.920,can0  041  [04]  12 00 39 00
2026-07-26T15:57:00.668157,13.921,can0  204  [16]  28 58 B1 FF 0F 95 1A DF 28 23 30 75 30 75 00 00
2026-07-26T15:57:00.767935,14.021,can0  204  [16]  28 58 B1 FF 0F 95 1A DF 28 23 30 75 30 75 00 00
2026-07-26T15:57:00.768126,14.021,can0  040  [04]  5B 01 2B 00
2026-07-26T15:57:00.768242,14.021,can0  040  [04]  5B 01 2B 00
2026-07-26T15:57:00.768368,14.021,can0  204  [16]  28 58 B1 FF 0F 95 1A DF 28 23 30 75 30 75 00 00
2026-07-26T15:57:00.868477,14.121,can0  070  [20]  E2 2C 4D 08 D7 AE 62 03 00 00 00 00 39 16 00 00 0E 00 00 00
2026-07-26T15:57:00.872547,14.125,can0  204  [16]  28 58 B1 FF 0F 95 1A DF 28 23 30 75 30 75 00 00
2026-07-26T15:57:00.872618,14.125,can0  204  [16]  28 58 B1 FF 0F 95 1A DF 28 23 30 75 30 75 00 00
2026-07-26T15:57:00.967948,14.221,can0  041  [04]  1D 00 37 00
2026-07-26T15:57:00.968268,14.221,can0  204  [16]  28 58 B1 FF 0F 95 1A DF 28 23 30 75 30 75 00 00
2026-07-26T15:57:00.968904,14.222,can0  070  [20]  E2 2C 4D 08 D7 AE 62 03 00 00 00 00 39 16 00 00 0E 00 00 00
2026-07-26T15:57:00.969147,14.222,can0  132  [00]
2026-07-26T15:57:00.969454,14.222,can0  204  [16]  28 58 B1 FF 0F 95 1A DF 28 23 30 75 30 75 00 00
2026-07-26T15:57:00.969748,14.222,can0  040  [04]  67 01 34 00
2026-07-26T15:57:01.068356,14.321,can0  204  [16]  28 58 B1 FF 0F 95 1A DF 28 23 30 75 30 75 00 00
2026-07-26T15:57:01.068468,14.321,can0  040  [04]  67 01 34 00
2026-07-26T15:57:01.068600,14.321,can0  204  [16]  28 58 B1 FF 0F 95 1A DF 28 23 30 75 30 75 00 00
2026-07-26T15:57:01.168350,14.421,can0  204  [16]  28 58 B1 FF 0F 95 1A DF 28 23 30 75 30 75 00 00
2026-07-26T15:57:01.168528,14.421,can0  041  [04]  1F 00 38 00
2026-07-26T15:57:01.168713,14.421,can0  204  [16]  28 58 B1 FF 0F 95 1A DF 28 23 30 75 30 75 00 00
2026-07-26T15:57:01.268281,14.521,can0  070  [20]  E0 2C 4D 08 D7 AE 62 03 E8 03 00 00 39 16 00 00 0D 00 00 00
2026-07-26T15:57:01.268499,14.521,can0  070  [20]  E0 2C 4D 08 D7 AE 62 03 E8 03 00 00 39 16 00 00 0D 00 00 00
2026-07-26T15:57:01.268641,14.521,can0  204  [16]  28 58 B1 FF 0F 95 1A DF 28 23 30 75 30 75 00 00
2026-07-26T15:57:01.268768,14.521,can0  040  [04]  61 01 34 00
2026-07-26T15:57:01.268903,14.522,can0  204  [16]  28 58 B1 FF 0F 95 1A DF 28 23 30 75 30 75 00 00
2026-07-26T15:57:01.269046,14.522,can0  070  [20]  E0 2C 4D 08 D7 AE 62 03 E8 03 00 00 39 16 00 00 0D 00 00 00
2026-07-26T15:57:01.269254,14.522,can0  040  [04]  61 01 34 00
2026-07-26T15:57:01.368306,14.621,can0  204  [16]  28 58 B1 FF 0F 95 1A DF 28 23 30 75 30 75 00 00
2026-07-26T15:57:01.368447,14.621,can0  060  [32]  00 00 00 00 E0 2C 4D 08 2C 04 B8 10 00 00 10 0E FF 01 00 00 00 00 00 00 01 00 00 00 00 00 00 00
2026-07-26T15:57:01.368842,14.621,can0  204  [16]  28 58 B1 FF 0F 95 1A DF 28 23 30 75 30 75 00 00
2026-07-26T15:57:01.468446,14.721,can0  204  [16]  28 58 B1 FF 0F 95 1A DF 28 23 30 75 30 75 00 00
2026-07-26T15:57:01.468622,14.721,can0  041  [04]  1A 00 35 00
2026-07-26T15:57:01.468769,14.721,can0  100  [03]  29 71 04
2026-07-26T15:57:01.468898,14.722,can0  120  [04]  5A 19 00 00
2026-07-26T15:57:01.469090,14.722,can0  204  [16]  28 58 B1 FF 0F 95 1A DF 28 23 30 75 30 75 00 00
2026-07-26T15:57:01.567543,14.820,can0  040  [04]  65 01 30 00
2026-07-26T15:57:01.567768,14.820,can0  204  [16]  28 58 B1 FF 0F 95 1A DF 28 23 30 75 30 75 00 00
2026-07-26T15:57:01.567918,14.821,can0  040  [04]  65 01 30 00
2026-07-26T15:57:01.568119,14.821,can0  204  [16]  28 58 B1 FF 0F 95 1A DF 28 23 30 75 30 75 00 00
2026-07-26T15:57:01.668179,14.921,can0  204  [16]  28 58 B1 FF 0F 95 1A DF 28 23 30 75 30 75 00 00
2026-07-26T15:57:01.668371,14.921,can0  204  [16]  28 58 B1 FF 0F 95 1A DF 28 23 30 75 30 75 00 00
2026-07-26T15:57:01.767772,15.020,can0  041  [04]  1C 00 35 00
2026-07-26T15:57:01.767968,15.021,can0  204  [16]  28 58 B1 FF 0F 95 1A DF 28 23 30 75 30 75 00 00
2026-07-26T15:57:01.768144,15.021,can0  040  [04]  03 00 2D 00
2026-07-26T15:57:01.768396,15.021,can0  204  [16]  28 58 B1 FF 0F 95 1A DF 28 23 30 75 30 75 00 00
2026-07-26T15:57:01.768434,15.021,can0  070  [20]  E0 2C 4D 08 D7 AE 62 03 E8 03 00 00 39 16 00 00 0D 00 00 00
2026-07-26T15:57:01.867501,15.120,can0  204  [16]  28 58 B1 FF 0F 95 1A DF 28 23 30 75 30 75 00 00
2026-07-26T15:57:01.867631,15.120,can0  040  [04]  03 00 2D 00
2026-07-26T15:57:01.867778,15.120,can0  060  [32]  00 00 00 00 00 00 00 00 00 00 00 00 00 00 00 00 00 00 00 00 00 00 00 00 00 00 00 00 00 00 00 00
2026-07-26T15:57:01.867897,15.121,can0  110  [02]  15 1B
2026-07-26T15:57:01.868045,15.121,can0  204  [16]  28 58 B1 FF 0F 95 1A DF 28 23 30 75 30 75 00 00
2026-07-26T15:57:01.968062,15.221,can0  204  [16]  28 58 B1 FF 0F 95 1A DF 28 23 30 75 30 75 00 00
2026-07-26T15:57:01.968453,15.221,can0  070  [20]  E0 2C 4D 08 D7 AE 62 03 E8 03 00 00 39 16 00 00 0D 00 00 00
2026-07-26T15:57:01.968648,15.221,can0  041  [04]  15 00 33 00
2026-07-26T15:57:01.968845,15.221,can0  204  [16]  28 58 B1 FF 0F 95 1A DF 28 23 30 75 30 75 00 00
2026-07-26T15:57:02.067617,15.320,can0  040  [04]  03 00 27 00
2026-07-26T15:57:02.067834,15.320,can0  204  [16]  28 58 B1 FF 0F 95 1A DF 28 23 30 75 30 75 00 00
2026-07-26T15:57:02.070829,15.323,can0  204  [16]  28 58 B1 FF 0F 95 1A DF 28 23 30 75 30 75 00 00
2026-07-26T15:57:02.167556,15.420,can0  040  [04]  03 00 27 00
2026-07-26T15:57:02.167773,15.420,can0  204  [16]  28 58 B1 FF 0F 95 1A DF 28 23 30 75 30 75 00 00
2026-07-26T15:57:02.167951,15.421,can0  070  [20]  E0 2C 4D 08 D7 AE 62 03 D0 07 00 00 39 16 00 00 0D 00 00 00
2026-07-26T15:57:02.168149,15.421,can0  204  [16]  28 58 B1 FF 0F 95 1A DF 28 23 30 75 30 75 00 00
2026-07-26T15:57:02.267765,15.520,can0  070  [20]  E0 2C 4D 08 D7 AE 62 03 D0 07 00 00 39 16 00 00 0D 00 00 00
2026-07-26T15:57:02.268010,15.521,can0  041  [04]  0F 00 30 00
2026-07-26T15:57:02.268303,15.521,can0  204  [16]  28 58 B1 FF 0F 95 1A DF 28 23 30 75 30 75 00 00
2026-07-26T15:57:02.268570,15.521,can0  204  [16]  28 58 B1 FF 0F 95 1A DF 28 23 30 75 30 75 00 00
2026-07-26T15:57:02.367518,15.620,can0  070  [20]  E0 2C 4D 08 D7 AE 62 03 D0 07 00 00 39 16 00 00 0D 00 00 00
2026-07-26T15:57:02.367713,15.620,can0  040  [04]  06 00 23 00
2026-07-26T15:57:02.367914,15.621,can0  204  [16]  28 58 B1 FF 0F 95 1A DF 28 23 30 75 30 75 00 00
2026-07-26T15:57:02.368069,15.621,can0  040  [04]  06 00 23 00
2026-07-26T15:57:02.368203,15.621,can0  060  [32]  00 00 00 00 E0 2C 4D 08 2C 04 B8 10 00 00 10 0E FF 01 00 00 00 00 00 00 01 00 00 00 00 00 00 00
2026-07-26T15:57:02.371023,15.624,can0  204  [16]  28 58 B1 FF 0F 95 1A DF 28 23 30 75 30 75 00 00
2026-07-26T15:57:02.468015,15.721,can0  204  [16]  28 58 B1 FF 0F 95 1A DF 28 23 30 75 30 75 00 00
2026-07-26T15:57:02.468169,15.721,can0  204  [16]  28 58 B1 FF 0F 95 1A DF 28 23 30 75 30 75 00 00
2026-07-26T15:57:02.568147,15.821,can0  041  [04]  12 00 2F 00
2026-07-26T15:57:02.568297,15.821,can0  204  [16]  28 58 B1 FF 0F 95 1A DF 28 23 30 75 30 75 00 00
2026-07-26T15:57:02.568408,15.821,can0  040  [04]  08 00 1E 00
2026-07-26T15:57:02.571354,15.824,can0  204  [16]  28 58 B1 FF 0F 95 1A DF 28 23 30 75 30 75 00 00
2026-07-26T15:57:02.668308,15.921,can0  040  [04]  08 00 1E 00
2026-07-26T15:57:02.668454,15.921,can0  204  [16]  28 58 B1 FF 0F 95 1A DF 28 23 30 75 30 75 00 00
2026-07-26T15:57:02.668576,15.921,can0  100  [03]  28 71 04
2026-07-26T15:57:02.671502,15.924,can0  120  [04]  60 19 00 00
2026-07-26T15:57:02.767993,16.021,can0  204  [16]  28 58 B1 FF 0F 95 1A DF 28 23 30 75 30 75 00 00
2026-07-26T15:57:02.768199,16.021,can0  204  [16]  28 58 B1 FF 0F 95 1A DF 28 23 30 75 30 75 00 00
2026-07-26T15:57:02.768359,16.021,can0  041  [04]  1B 00 32 00
2026-07-26T15:57:02.867622,16.120,can0  204  [16]  28 58 B1 FF 0F 95 1A DF 28 23 30 75 30 75 00 00
2026-07-26T15:57:02.867796,16.120,can0  070  [20]  E0 2C 4D 08 D7 AE 62 03 D0 07 00 00 39 16 00 00 0D 00 00 00
2026-07-26T15:57:02.867964,16.121,can0  040  [04]  06 00 1F 00
2026-07-26T15:57:02.868198,16.121,can0  204  [16]  28 58 B1 FF 0F 95 1A DF 28 23 30 75 30 75 00 00
2026-07-26T15:57:02.868328,16.121,can0  060  [32]  00 00 00 00 00 00 00 00 00 00 00 00 00 00 00 00 00 00 00 00 00 00 00 00 00 00 00 00 00 00 00 00
2026-07-26T15:57:02.868469,16.121,can0  040  [04]  06 00 1F 00
2026-07-26T15:57:02.968244,16.221,can0  204  [16]  28 58 B1 FF 0F 95 1A DF 28 23 30 75 30 75 00 00
2026-07-26T15:57:02.968619,16.221,can0  070  [20]  E0 2C 4D 08 D7 AE 62 03 D0 07 00 00 39 16 00 00 0D 00 00 00
2026-07-26T15:57:02.971612,16.224,can0  204  [16]  28 58 B1 FF 0F 95 1A DF 28 23 30 75 30 75 00 00
2026-07-26T15:57:03.068453,16.321,can0  204  [16]  28 58 B1 FF 0F 95 1A DF 28 23 30 75 30 75 00 00
2026-07-26T15:57:03.068629,16.321,can0  041  [04]  13 00 2F 00
2026-07-26T15:57:03.068814,16.321,can0  204  [16]  28 58 B1 FF 0F 95 1A DF 28 23 30 75 30 75 00 00
2026-07-26T15:57:03.068950,16.322,can0  060  [32]  21 53 11 00 B8 68 4D 08 06 AD 62 03 01 00 84 0A 9C 00 7E 00 00 00 00 00 01 00 00 00 00 00 00 00
2026-07-26T15:57:03.167565,16.420,can0  204  [16]  28 58 B1 FF 0F 95 1A DF 28 23 30 75 30 75 00 00
2026-07-26T15:57:03.167754,16.420,can0  040  [04]  07 00 27 00
2026-07-26T15:57:03.167915,16.421,can0  040  [04]  07 00 27 00
2026-07-26T15:57:03.170822,16.423,can0  204  [16]  28 58 B1 FF 0F 95 1A DF 28 23 30 75 30 75 00 00
2026-07-26T15:57:03.170850,16.423,can0  070  [20]  E0 2C 4D 08 D9 AE 62 03 B8 0B 00 00 39 16 00 00 09 00 00 00
2026-07-26T15:57:03.267618,16.520,can0  070  [20]  E0 2C 4D 08 D9 AE 62 03 B8 0B 00 00 39 16 00 00 0A 00 00 00
2026-07-26T15:57:03.267774,16.520,can0  204  [16]  28 58 B1 FF 0F 95 1A DF 28 23 30 75 30 75 00 00
2026-07-26T15:57:03.267914,16.521,can0  204  [16]  28 58 B1 FF 0F 95 1A DF 28 23 30 75 30 75 00 00
2026-07-26T15:57:03.268036,16.521,can0  070  [20]  E0 2C 4D 08 D9 AE 62 03 B8 0B 00 00 39 16 00 00 0A 00 00 00
2026-07-26T15:57:03.368028,16.621,can0  041  [04]  15 00 2B 00
2026-07-26T15:57:03.368247,16.621,can0  204  [16]  28 58 B1 FF 0F 95 1A DF 28 23 30 75 30 75 00 00
2026-07-26T15:57:03.368424,16.621,can0  204  [16]  28 58 B1 FF 0F 95 1A DF 28 23 30 75 30 75 00 00
2026-07-26T15:57:03.371191,16.624,can0  040  [04]  09 00 26 00
2026-07-26T15:57:03.467737,16.720,can0  204  [16]  28 58 B1 FF 0F 95 1A DF 28 23 30 75 30 75 00 00
2026-07-26T15:57:03.467913,16.721,can0  040  [04]  09 00 26 00
2026-07-26T15:57:03.468148,16.721,can0  204  [16]  28 58 B1 FF 0F 95 1A DF 28 23 30 75 30 75 00 00
2026-07-26T15:57:03.468354,16.721,can0  110  [02]  15 1B
2026-07-26T15:57:03.567540,16.820,can0  204  [16]  28 58 B1 FF 0F 95 1A DF 28 23 30 75 30 75 00 00
2026-07-26T15:57:03.567732,16.820,can0  204  [16]  28 58 B1 FF 0F 95 1A DF 28 23 30 75 30 75 00 00
2026-07-26T15:57:03.567908,16.821,can0  041  [04]  16 00 2B 00
2026-07-26T15:57:03.667851,16.920,can0  204  [16]  28 58 B1 FF 0F 95 1A DF 28 23 30 75 30 75 00 00
2026-07-26T15:57:03.668329,16.921,can0  040  [04]  03 00 21 00
2026-07-26T15:57:03.668359,16.921,can0  204  [16]  28 58 B1 FF 0F 95 1A DF 28 23 30 75 30 75 00 00
2026-07-26T15:57:03.668519,16.921,can0  040  [04]  03 00 21 00
2026-07-26T15:57:03.768404,17.021,can0  204  [16]  28 58 B1 FF 0F 95 1A DF 28 23 30 75 30 75 00 00
2026-07-26T15:57:03.768591,17.021,can0  204  [16]  28 58 B1 FF 0F 95 1A DF 28 23 30 75 30 75 00 00
2026-07-26T15:57:03.768766,17.021,can0  070  [20]  E0 2C 4D 08 D9 AE 62 03 B8 0B 00 00 39 16 00 00 0A 00 00 00
2026-07-26T15:57:03.868433,17.121,can0  204  [16]  28 58 B1 FF 0F 95 1A DF 28 23 30 75 30 75 00 00
2026-07-26T15:57:03.868625,17.121,can0  041  [04]  19 00 2F 00
2026-07-26T15:57:03.868824,17.121,can0  204  [16]  28 58 B1 FF 0F 95 1A DF 28 23 30 75 30 75 00 00
2026-07-26T15:57:03.868972,17.122,can0  100  [03]  26 71 04
2026-07-26T15:57:03.869119,17.122,can0  120  [04]  5B 19 00 00
2026-07-26T15:57:03.967985,17.221,can0  204  [16]  28 58 B1 FF 0F 95 1A DF 28 23 30 75 30 75 00 00
2026-07-26T15:57:03.968139,17.221,can0  040  [04]  67 01 21 00
2026-07-26T15:57:03.968361,17.221,can0  070  [20]  E0 2C 4D 08 D9 AE 62 03 B8 0B 00 00 39 16 00 00 0A 00 00 00
2026-07-26T15:57:03.968416,17.221,can0  040  [04]  67 01 21 00
2026-07-26T15:57:03.968519,17.221,can0  204  [16]  28 58 B1 FF 0F 95 1A DF 28 23 30 75 30 75 00 00
2026-07-26T15:57:04.067585,17.320,can0  204  [16]  28 58 B1 FF 0F 95 1A DF 28 23 30 75 30 75 00 00
2026-07-26T15:57:04.067734,17.320,can0  204  [16]  28 58 B1 FF 0F 95 1A DF 28 23 30 75 30 75 00 00
2026-07-26T15:57:04.168292,17.421,can0  041  [04]  19 00 2F 00
2026-07-26T15:57:04.168438,17.421,can0  204  [16]  28 58 B1 FF 0F 95 1A DF 28 23 30 75 30 75 00 00
2026-07-26T15:57:04.168983,17.422,can0  204  [16]  28 58 B1 FF 0F 95 1A DF 28 23 30 75 30 75 00 00
2026-07-26T15:57:04.169025,17.422,can0  070  [20]  E0 2C 4D 08 D9 AE 62 03 A0 0F 00 00 39 16 00 00 13 00 00 00
2026-07-26T15:57:04.169157,17.422,can0  040  [04]  67 01 1F 00
2026-07-26T15:57:04.268325,17.521,can0  070  [20]  E0 2C 4D 08 D9 AE 62 03 A0 0F 00 00 39 16 00 00 12 00 00 00
2026-07-26T15:57:04.268478,17.521,can0  204  [16]  28 58 B1 FF 0F 95 1A DF 28 23 30 75 30 75 00 00
2026-07-26T15:57:04.268606,17.521,can0  040  [04]  67 01 1F 00
2026-07-26T15:57:04.268735,17.521,can0  204  [16]  28 58 B1 FF 0F 95 1A DF 28 23 30 75 30 75 00 00
2026-07-26T15:57:04.271769,17.524,can0  070  [20]  E0 2C 4D 08 D9 AE 62 03 A0 0F 00 00 39 16 00 00 12 00 00 00
2026-07-26T15:57:04.368458,17.621,can0  204  [16]  28 58 B1 FF 0F 95 1A DF 28 23 30 75 30 75 00 00
2026-07-26T15:57:04.368594,17.621,can0  041  [04]  18 00 2C 00
2026-07-26T15:57:04.368740,17.621,can0  204  [16]  28 58 B1 FF 0F 95 1A DF 28 23 30 75 30 75 00 00
2026-07-26T15:57:04.467910,17.721,can0  060  [32]  00 00 00 00 E0 2C 4D 08 2E 04 B8 10 00 00 10 0E FF 01 00 00 00 00 00 00 01 00 00 00 00 00 00 00
2026-07-26T15:57:04.468499,17.721,can0  204  [16]  28 58 B1 FF 0F 95 1A DF 28 23 30 75 30 75 00 00
2026-07-26T15:57:04.468634,17.721,can0  040  [04]  63 01 23 00
2026-07-26T15:57:04.468778,17.721,can0  204  [16]  28 58 B1 FF 0F 95 1A DF 28 23 30 75 30 75 00 00
2026-07-26T15:57:04.468895,17.722,can0  040  [04]  63 01 23 00
2026-07-26T15:57:04.567884,17.821,can0  204  [16]  28 58 B1 FF 0F 95 1A DF 28 23 30 75 30 75 00 00
2026-07-26T15:57:04.568065,17.821,can0  204  [16]  28 58 B1 FF 0F 95 1A DF 28 23 30 75 30 75 00 00
2026-07-26T15:57:04.699331,17.952,can0  204  [16]  28 58 B1 FF 0F 95 1A DF 28 23 30 75 30 75 00 00
2026-07-26T15:57:04.699491,17.952,can0  041  [04]  16 00 28 00
2026-07-26T15:57:04.699984,17.953,can0  204  [16]  28 58 B1 FF 0F 95 1A DF 28 23 30 75 30 75 00 00
2026-07-26T15:57:04.700260,17.953,can0  040  [04]  5E 01 22 00
2026-07-26T15:57:04.840082,18.093,can0  204  [16]  28 58 B1 FF 0F 95 1A DF 28 23 30 75 30 75 00 00
2026-07-26T15:57:04.840136,18.093,can0  040  [04]  5E 01 22 00
2026-07-26T15:57:04.840169,18.093,can0  204  [16]  28 58 B1 FF 0F 95 1A DF 28 23 30 75 30 75 00 00
2026-07-26T15:57:04.842014,18.095,can0  070  [20]  E0 2C 4D 08 D9 AE 62 03 A0 0F 00 00 39 16 00 00 12 00 00 00
2026-07-26T15:57:04.931515,18.184,can0  204  [16]  28 58 B1 FF 0F 95 1A DF 28 23 30 75 30 75 00 00
2026-07-26T15:57:04.931620,18.184,can0  204  [16]  28 58 B1 FF 0F 95 1A DF 28 23 30 75 30 75 00 00
2026-07-26T15:57:04.931662,18.184,can0  041  [04]  11 00 29 00
2026-07-26T15:57:04.997166,18.250,can0  060  [32]  00 00 00 00 00 00 00 00 00 00 00 00 00 00 00 00 00 00 00 00 00 00 00 00 00 00 00 00 00 00 00 00
2026-07-26T15:57:04.997266,18.250,can0  204  [16]  28 58 B1 FF 0F 95 1A DF 28 23 30 75 30 75 00 00
2026-07-26T15:57:04.997315,18.250,can0  070  [20]  E0 2C 4D 08 D9 AE 62 03 A0 0F 00 00 39 16 00 00 12 00 00 00
2026-07-26T15:57:04.997359,18.250,can0  040  [04]  67 01 29 00
2026-07-26T15:57:04.997401,18.250,can0  204  [16]  28 58 B1 FF 0F 95 1A DF 28 23 30 75 30 75 00 00
2026-07-26T15:57:05.117021,18.370,can0  204  [16]  28 58 B1 FF 0F 95 1A DF 28 23 30 75 30 75 00 00
2026-07-26T15:57:05.117106,18.370,can0  040  [04]  67 01 29 00
2026-07-26T15:57:05.117146,18.370,can0  100  [03]  23 71 04
2026-07-26T15:57:05.117178,18.370,can0  110  [02]  16 1B
2026-07-26T15:57:05.117208,18.370,can0  120  [04]  5C 19 00 00
2026-07-26T15:57:05.117240,18.370,can0  204  [16]  28 58 B1 FF 0F 95 1A DF 28 23 30 75 30 75 00 00
2026-07-26T15:57:05.200964,18.454,can0  204  [16]  28 58 B1 FF 0F 95 1A DF 28 23 30 75 30 75 00 00
2026-07-26T15:57:05.201222,18.454,can0  041  [04]  11 00 28 00
2026-07-26T15:57:05.201782,18.454,can0  070  [20]  E0 2C 4D 08 D9 AE 62 03 88 13 00 00 39 16 00 00 06 00 00 00
2026-07-26T15:57:05.201976,18.455,can0  204  [16]  28 58 B1 FF 0F 95 1A DF 28 23 30 75 30 75 00 00
2026-07-26T15:57:05.202130,18.455,can0  070  [20]  E0 2C 4D 08 D9 AE 62 03 88 13 00 00 39 16 00 00 05 00 00 00
2026-07-26T15:57:05.305040,18.558,can0  204  [16]  28 58 B1 FF 0F 95 1A DF 28 23 30 75 30 75 00 00
2026-07-26T15:57:05.305367,18.558,can0  040  [04]  08 00 2A 00
2026-07-26T15:57:05.305395,18.558,can0  204  [16]  28 58 B1 FF 0F 95 1A DF 28 23 30 75 30 75 00 00
2026-07-26T15:57:05.305532,18.558,can0  070  [20]  E0 2C 4D 08 D9 AE 62 03 88 13 00 00 39 16 00 00 05 00 00 00
2026-07-26T15:57:05.308335,18.561,can0  040  [04]  08 00 2A 00
2026-07-26T15:57:05.408929,18.662,can0  204  [16]  28 58 B1 FF 0F 95 1A DF 28 23 30 75 30 75 00 00
2026-07-26T15:57:05.409126,18.662,can0  204  [16]  28 58 B1 FF 0F 95 1A DF 28 23 30 75 30 75 00 00
2026-07-26T15:57:05.518643,18.771,can0  060  [32]  00 00 00 00 00 00 00 00 00 00 00 00 00 00 00 00 00 00 00 00 00 00 00 00 00 00 00 00 00 00 00 00
2026-07-26T15:57:05.518703,18.771,can0  041  [04]  0F 00 26 00
2026-07-26T15:57:05.518725,18.771,can0  204  [16]  28 58 B1 FF 0F 95 1A DF 28 23 30 75 30 75 00 00
2026-07-26T15:57:05.518745,18.771,can0  060  [32]  00 00 00 00 E0 2C 4D 08 2E 04 B8 10 00 00 10 0E FF 01 00 00 00 00 00 00 01 00 00 00 00 00 00 00
2026-07-26T15:57:05.518764,18.771,can0  204  [16]  28 58 B1 FF 0F 95 1A DF 28 23 30 75 30 75 00 00
2026-07-26T15:57:05.518783,18.771,can0  040  [04]  10 00 29 00
2026-07-26T15:57:05.617210,18.870,can0  204  [16]  28 58 B1 FF 0F 95 1A DF 28 23 30 75 30 75 00 00
2026-07-26T15:57:05.617377,18.870,can0  040  [04]  10 00 29 00
2026-07-26T15:57:05.617551,18.870,can0  204  [16]  28 58 B1 FF 0F 95 1A DF 28 23 30 75 30 75 00 00
2026-07-26T15:57:05.717972,18.971,can0  204  [16]  28 58 B1 FF 0F 95 1A DF 28 23 30 75 30 75 00 00
2026-07-26T15:57:05.718161,18.971,can0  204  [16]  28 58 B1 FF 0F 95 1A DF 28 23 30 75 30 75 00 00
2026-07-26T15:57:05.718322,18.971,can0  041  [04]  13 00 25 00
2026-07-26T15:57:05.817954,19.071,can0  204  [16]  28 58 B1 FF 0F 95 1A DF 28 23 30 75 30 75 00 00
2026-07-26T15:57:05.818016,19.071,can0  040  [04]  10 00 29 00
2026-07-26T15:57:05.818101,19.071,can0  204  [16]  28 58 B1 FF 0F 95 1A DF 28 23 30 75 30 75 00 00
2026-07-26T15:57:05.818254,19.071,can0  070  [20]  E0 2C 4D 08 D9 AE 62 03 88 13 00 00 39 16 00 00 05 00 00 00
2026-07-26T15:57:05.918344,19.171,can0  040  [04]  10 00 29 00
2026-07-26T15:57:05.918614,19.171,can0  204  [16]  28 58 B1 FF 0F 95 1A DF 28 23 30 75 30 75 00 00
2026-07-26T15:57:05.919301,19.172,can0  204  [16]  28 58 B1 FF 0F 95 1A DF 28 23 30 75 30 75 00 00
2026-07-26T15:57:06.017671,19.270,can0  070  [20]  E0 2C 4D 08 D9 AE 62 03 88 13 00 00 39 16 00 00 05 00 00 00
2026-07-26T15:57:06.017841,19.270,can0  060  [32]  00 00 00 00 00 00 00 00 00 00 00 00 00 00 00 00 00 00 00 00 00 00 00 00 00 00 00 00 00 00 00 00
2026-07-26T15:57:06.018059,19.271,can0  204  [16]  28 58 B1 FF 0F 95 1A DF 28 23 30 75 30 75 00 00
2026-07-26T15:57:06.018241,19.271,can0  041  [04]  11 00 25 00
2026-07-26T15:57:06.018443,19.271,can0  204  [16]  28 58 B1 FF 0F 95 1A DF 28 23 30 75 30 75 00 00
2026-07-26T15:57:06.118024,19.371,can0  040  [04]  0B 00 26 00
2026-07-26T15:57:06.118227,19.371,can0  204  [16]  28 58 B1 FF 0F 95 1A DF 28 23 30 75 30 75 00 00
2026-07-26T15:57:06.118377,19.371,can0  040  [04]  0B 00 26 00
2026-07-26T15:57:06.118547,19.371,can0  204  [16]  28 58 B1 FF 0F 95 1A DF 28 23 30 75 30 75 00 00
2026-07-26T15:57:06.217586,19.470,can0  204  [16]  28 58 B1 FF 0F 95 1A DF 28 23 30 75 30 75 00 00
2026-07-26T15:57:06.218011,19.471,can0  070  [20]  E0 2C 4D 08 DB AE 62 03 70 17 00 00 39 16 00 00 18 00 00 00
2026-07-26T15:57:06.218226,19.471,can0  204  [16]  28 58 B1 FF 0F 95 1A DF 28 23 30 75 30 75 00 00
2026-07-26T15:57:06.221140,19.474,can0  070  [20]  E0 2C 4D 08 DB AE 62 03 70 17 00 00 39 16 00 00 18 00 00 00
2026-07-26T15:57:06.318006,19.571,can0  041  [04]  10 00 26 00
2026-07-26T15:57:06.318168,19.571,can0  204  [16]  28 58 B1 FF 0F 95 1A DF 28 23 30 75 30 75 00 00
2026-07-26T15:57:06.318271,19.571,can0  100  [03]  1E 71 04
2026-07-26T15:57:06.318474,19.571,can0  120  [04]  5C 19 00 00
2026-07-26T15:57:06.318508,19.571,can0  204  [16]  28 58 B1 FF 0F 95 1A DF 28 23 30 75 30 75 00 00
2026-07-26T15:57:06.318599,19.571,can0  070  [20]  E0 2C 4D 08 DB AE 62 03 70 17 00 00 39 16 00 00 18 00 00 00
2026-07-26T15:57:06.318702,19.571,can0  040  [04]  05 00 22 00
2026-07-26T15:57:06.418415,19.671,can0  204  [16]  28 58 B1 FF 0F 95 1A DF 28 23 30 75 30 75 00 00
2026-07-26T15:57:06.418565,19.671,can0  040  [04]  05 00 22 00
2026-07-26T15:57:06.421878,19.674,can0  204  [16]  28 58 B1 FF 0F 95 1A DF 28 23 30 75 30 75 00 00
2026-07-26T15:57:06.518248,19.771,can0  060  [32]  00 00 00 00 E0 2C 4D 08 2F 04 B8 10 00 00 10 0E FF 01 00 00 00 00 00 00 01 00 00 00 00 00 00 00
2026-07-26T15:57:06.518673,19.771,can0  204  [16]  28 58 B1 FF 0F 95 1A DF 28 23 30 75 30 75 00 00
2026-07-26T15:57:06.518985,19.772,can0  041  [04]  15 00 29 00
2026-07-26T15:57:06.519017,19.772,can0  204  [16]  28 58 B1 FF 0F 95 1A DF 28 23 30 75 30 75 00 00
2026-07-26T15:57:06.618321,19.871,can0  204  [16]  28 58 B1 FF 0F 95 1A DF 28 23 30 75 30 75 00 00
2026-07-26T15:57:06.618494,19.871,can0  040  [04]  65 01 1E 00
2026-07-26T15:57:06.618669,19.871,can0  204  [16]  28 58 B1 FF 0F 95 1A DF 28 23 30 75 30 75 00 00
2026-07-26T15:57:06.717860,19.970,can0  040  [04]  65 01 1E 00
2026-07-26T15:57:06.718098,19.971,can0  204  [16]  28 58 B1 FF 0F 95 1A DF 28 23 30 75 30 75 00 00
2026-07-26T15:57:06.718257,19.971,can0  110  [02]  15 1B
2026-07-26T15:57:06.718466,19.971,can0  204  [16]  28 58 B1 FF 0F 95 1A DF 28 23 30 75 30 75 00 00
2026-07-26T15:57:06.818039,20.071,can0  204  [16]  28 58 B1 FF 0F 95 1A DF 28 23 30 75 30 75 00 00
2026-07-26T15:57:06.818237,20.071,can0  041  [04]  14 00 29 00
2026-07-26T15:57:06.818367,20.071,can0  070  [20]  E0 2C 4D 08 DB AE 62 03 70 17 00 00 39 16 00 00 18 00 00 00
2026-07-26T15:57:06.818487,20.071,can0  204  [16]  28 58 B1 FF 0F 95 1A DF 28 23 30 75 30 75 00 00
2026-07-26T15:57:06.918065,20.171,can0  040  [04]  67 01 1D 00
2026-07-26T15:57:06.921468,20.174,can0  204  [16]  28 58 B1 FF 0F 95 1A DF 28 23 30 75 30 75 00 00
2026-07-26T15:57:06.921508,20.174,can0  040  [04]  67 01 1D 00
2026-07-26T15:57:06.921542,20.174,can0  204  [16]  28 58 B1 FF 0F 95 1A DF 28 23 30 75 30 75 00 00
2026-07-26T15:57:07.018481,20.271,can0  070  [20]  E0 2C 4D 08 DB AE 62 03 70 17 00 00 39 16 00 00 18 00 00 00
2026-07-26T15:57:07.018878,20.271,can0  060  [32]  00 00 00 00 00 00 00 00 00 00 00 00 00 00 00 00 00 00 00 00 00 00 00 00 00 00 00 00 00 00 00 00
2026-07-26T15:57:07.018905,20.272,can0  204  [16]  28 58 B1 FF 0F 95 1A DF 28 23 30 75 30 75 00 00
2026-07-26T15:57:07.019372,20.272,can0  204  [16]  28 58 B1 FF 0F 95 1A DF 28 23 30 75 30 75 00 00
2026-07-26T15:57:07.124676,20.377,can0  041  [04]  09 00 26 00
2026-07-26T15:57:07.124931,20.378,can0  204  [16]  28 58 B1 FF 0F 95 1A DF 28 23 30 75 30 75 00 00
2026-07-26T15:57:07.125103,20.378,can0  040  [04]  63 01 17 00
2026-07-26T15:57:07.125296,20.378,can0  204  [16]  28 58 B1 FF 0F 95 1A DF 28 23 30 75 30 75 00 00
2026-07-26T15:57:07.217267,20.470,can0  040  [04]  63 01 17 00
2026-07-26T15:57:07.217343,20.470,can0  204  [16]  28 58 B1 FF 0F 95 1A DF 28 23 30 75 30 75 00 00
2026-07-26T15:57:07.217386,20.470,can0  070  [20]  DE 2C 4D 08 DB AE 62 03 58 1B 00 00 39 16 00 00 14 00 00 00
2026-07-26T15:57:07.218386,20.471,can0  133  [00]
2026-07-26T15:57:07.218441,20.471,can0  070  [20]  DE 2C 4D 08 DB AE 62 03 58 1B 00 00 39 16 00 00 14 00 00 00
2026-07-26T15:57:07.218481,20.471,can0  204  [16]  28 58 B1 FF 0F 95 1A DF 28 23 30 75 30 75 00 00
2026-07-26T15:57:07.320086,20.573,can0  204  [16]  28 58 B1 FF 0F 95 1A DF 28 23 30 75 30 75 00 00
2026-07-26T15:57:07.320525,20.573,can0  041  [04]  09 00 26 00
2026-07-26T15:57:07.322170,20.575,can0  070  [20]  DE 2C 4D 08 DB AE 62 03 58 1B 00 00 39 16 00 00 14 00 00 00
2026-07-26T15:57:07.322240,20.575,can0  204  [16]  28 58 B1 FF 0F 95 1A DF 28 23 30 75 30 75 00 00
2026-07-26T15:57:07.418703,20.671,can0  204  [16]  28 58 B1 FF 0F 95 1A DF 28 23 30 75 30 75 00 00
2026-07-26T15:57:07.420020,20.673,can0  040  [04]  67 01 1D 00
2026-07-26T15:57:07.420542,20.673,can0  204  [16]  28 58 B1 FF 0F 95 1A DF 28 23 30 75 30 75 00 00
2026-07-26T15:57:07.420893,20.674,can0  040  [04]  67 01 1D 00
2026-07-26T15:57:07.530395,20.783,can0  060  [32]  00 00 00 00 00 00 00 00 00 00 00 00 00 00 00 00 00 00 00 00 00 00 00 00 00 00 00 00 00 00 00 00
2026-07-26T15:57:07.530898,20.784,can0  204  [16]  28 58 B1 FF 0F 95 1A DF 28 23 30 75 30 75 00 00
2026-07-26T15:57:07.531231,20.784,can0  060  [32]  00 00 00 00 DE 2C 4D 08 2F 04 B8 10 00 00 10 0E FF 01 00 00 00 00 00 00 01 00 00 00 00 00 00 00
2026-07-26T15:57:07.531997,20.785,can0  100  [03]  1A 71 04
2026-07-26T15:57:07.532340,20.785,can0  120  [04]  66 19 00 00
2026-07-26T15:57:07.537384,20.790,can0  204  [16]  28 58 B1 FF 0F 95 1A DF 28 23 30 75 30 75 00 00
2026-07-26T15:57:07.617809,20.870,can0  041  [04]  0F 00 29 00
2026-07-26T15:57:07.617964,20.871,can0  204  [16]  28 58 B1 FF 0F 95 1A DF 28 23 30 75 30 75 00 00
2026-07-26T15:57:07.618124,20.871,can0  204  [16]  28 58 B1 FF 0F 95 1A DF 28 23 30 75 30 75 00 00
2026-07-26T15:57:07.717669,20.970,can0  040  [04]  08 00 1E 00
2026-07-26T15:57:07.717833,20.970,can0  204  [16]  28 58 B1 FF 0F 95 1A DF 28 23 30 75 30 75 00 00
2026-07-26T15:57:07.718133,20.971,can0  040  [04]  08 00 1E 00
2026-07-26T15:57:07.718359,20.971,can0  204  [16]  28 58 B1 FF 0F 95 1A DF 28 23 30 75 30 75 00 00
2026-07-26T15:57:07.818100,21.071,can0  204  [16]  28 58 B1 FF 0F 95 1A DF 28 23 30 75 30 75 00 00
2026-07-26T15:57:07.818244,21.071,can0  070  [20]  DE 2C 4D 08 DB AE 62 03 58 1B 00 00 39 16 00 00 14 00 00 00
2026-07-26T15:57:07.818385,21.071,can0  204  [16]  28 58 B1 FF 0F 95 1A DF 28 23 30 75 30 75 00 00
2026-07-26T15:57:07.918093,21.171,can0  041  [04]  16 00 2D 00
2026-07-26T15:57:07.919073,21.172,can0  204  [16]  28 58 B1 FF 0F 95 1A DF 28 23 30 75 30 75 00 00
2026-07-26T15:57:07.919295,21.172,can0  040  [04]  0E 00 1F 00
2026-07-26T15:57:07.919585,21.172,can0  204  [16]  28 58 B1 FF 0F 95 1A DF 28 23 30 75 30 75 00 00
2026-07-26T15:57:08.018335,21.271,can0  070  [20]  DE 2C 4D 08 DB AE 62 03 58 1B 00 00 39 16 00 00 14 00 00 00
2026-07-26T15:57:08.018545,21.271,can0  060  [32]  00 00 00 00 00 00 00 00 00 00 00 00 00 00 00 00 00 00 00 00 00 00 00 00 00 00 00 00 00 00 00 00
2026-07-26T15:57:08.018692,21.271,can0  040  [04]  0E 00 1F 00
2026-07-26T15:57:08.018831,21.271,can0  204  [16]  28 58 B1 FF 0F 95 1A DF 28 23 30 75 30 75 00 00
2026-07-26T15:57:08.022890,21.276,can0  131  [00]
2026-07-26T15:57:08.022931,21.276,can0  204  [16]  28 58 B1 FF 0F 95 1A DF 28 23 30 75 30 75 00 00
2026-07-26T15:57:08.117736,21.370,can0  204  [16]  28 58 B1 FF 0F 95 1A DF 28 23 30 75 30 75 00 00
2026-07-26T15:57:08.117775,21.370,can0  041  [04]  17 00 31 00
2026-07-26T15:57:08.118017,21.371,can0  204  [16]  28 58 B1 FF 0F 95 1A DF 28 23 30 75 30 75 00 00
2026-07-26T15:57:08.218022,21.471,can0  204  [16]  28 58 B1 FF 0F 95 1A DF 28 23 30 75 30 75 00 00
2026-07-26T15:57:08.218177,21.471,can0  070  [20]  DE 2C 4D 08 DC AE 62 03 40 1F 00 00 39 16 00 00 18 00 00 00
2026-07-26T15:57:08.218294,21.471,can0  040  [04]  0E 00 1E 00
2026-07-26T15:57:08.218510,21.471,can0  070  [20]  DE 2C 4D 08 DC AE 62 03 40 1F 00 00 39 16 00 00 18 00 00 00
2026-07-26T15:57:08.218560,21.471,can0  204  [16]  28 58 B1 FF 0F 95 1A DF 28 23 30 75 30 75 00 00
2026-07-26T15:57:08.317992,21.571,can0  040  [04]  0E 00 1E 00
2026-07-26T15:57:08.318151,21.571,can0  110  [02]  16 1B
2026-07-26T15:57:08.318349,21.571,can0  204  [16]  28 58 B1 FF 0F 95 1A DF 28 23 30 75 30 75 00 00
2026-07-26T15:57:08.318515,21.571,can0  070  [20]  DE 2C 4D 08 DC AE 62 03 40 1F 00 00 39 16 00 00 18 00 00 00
2026-07-26T15:57:08.318696,21.571,can0  204  [16]  28 58 B1 FF 0F 95 1A DF 28 23 30 75 30 75 00 00
2026-07-26T15:57:08.418220,21.671,can0  041  [04]  1A 00 38 00
2026-07-26T15:57:08.418369,21.671,can0  204  [16]  28 58 B1 FF 0F 95 1A DF 28 23 30 75 30 75 00 00
2026-07-26T15:57:08.418492,21.671,can0  204  [16]  28 58 B1 FF 0F 95 1A DF 28 23 30 75 30 75 00 00
2026-07-26T15:57:08.517970,21.771,can0  040  [04]  04 00 1E 00
2026-07-26T15:57:08.518081,21.771,can0  060  [32]  00 00 00 00 DE 2C 4D 08 31 04 B8 10 00 00 10 0E FF 01 00 00 00 00 00 00 01 00 00 00 00 00 00 00
2026-07-26T15:57:08.518381,21.771,can0  204  [16]  28 58 B1 FF 0F 95 1A DF 28 23 30 75 30 75 00 00
2026-07-26T15:57:08.518491,21.771,can0  040  [04]  04 00 1E 00
2026-07-26T15:57:08.617661,21.870,can0  204  [16]  28 58 B1 FF 0F 95 1A DF 28 23 30 75 30 75 00 00
2026-07-26T15:57:08.617916,21.871,can0  204  [16]  28 58 B1 FF 0F 95 1A DF 28 23 30 75 30 75 00 00
2026-07-26T15:57:08.618088,21.871,can0  041  [04]  21 00 3B 00
2026-07-26T15:57:08.717725,21.970,can0  204  [16]  28 58 B1 FF 0F 95 1A DF 28 23 30 75 30 75 00 00
2026-07-26T15:57:08.717914,21.971,can0  100  [03]  18 71 04
2026-07-26T15:57:08.718033,21.971,can0  120  [04]  68 19 00 00
2026-07-26T15:57:08.718185,21.971,can0  204  [16]  28 58 B1 FF 0F 95 1A DF 28 23 30 75 30 75 00 00
2026-07-26T15:57:08.721215,21.974,can0  040  [04]  06 00 1C 00
2026-07-26T15:57:08.817994,22.071,can0  204  [16]  28 58 B1 FF 0F 95 1A DF 28 23 30 75 30 75 00 00
2026-07-26T15:57:08.818152,22.071,can0  040  [04]  06 00 1C 00
2026-07-26T15:57:08.818334,22.071,can0  204  [16]  28 58 B1 FF 0F 95 1A DF 28 23 30 75 30 75 00 00
2026-07-26T15:57:08.818803,22.071,can0  070  [20]  DE 2C 4D 08 DC AE 62 03 40 1F 00 00 39 16 00 00 18 00 00 00
2026-07-26T15:57:08.918082,22.171,can0  204  [16]  28 58 B1 FF 0F 95 1A DF 28 23 30 75 30 75 00 00
2026-07-26T15:57:08.918247,22.171,can0  204  [16]  28 58 B1 FF 0F 95 1A DF 28 23 30 75 30 75 00 00
2026-07-26T15:57:08.918395,22.171,can0  041  [04]  1A 00 34 00
2026-07-26T15:57:09.018580,22.271,can0  204  [16]  28 58 B1 FF 0F 95 1A DF 28 23 30 75 30 75 00 00
2026-07-26T15:57:09.018842,22.271,can0  070  [20]  DE 2C 4D 08 DC AE 62 03 40 1F 00 00 39 16 00 00 18 00 00 00
2026-07-26T15:57:09.019122,22.272,can0  060  [32]  00 00 00 00 00 00 00 00 00 00 00 00 00 00 00 00 00 00 00 00 00 00 00 00 00 00 00 00 00 00 00 00
2026-07-26T15:57:09.019382,22.272,can0  040  [04]  02 00 1B 00
2026-07-26T15:57:09.019684,22.272,can0  204  [16]  28 58 B1 FF 0F 95 1A DF 28 23 30 75 30 75 00 00
2026-07-26T15:57:09.019888,22.273,can0  040  [04]  02 00 1B 00
2026-07-26T15:57:09.117720,22.370,can0  204  [16]  28 58 B1 FF 0F 95 1A DF 28 23 30 75 30 75 00 00
2026-07-26T15:57:09.121223,22.374,can0  204  [16]  28 58 B1 FF 0F 95 1A DF 28 23 30 75 30 75 00 00
2026-07-26T15:57:09.218437,22.471,can0  204  [16]  28 58 B1 FF 0F 95 1A DF 28 23 30 75 30 75 00 00
2026-07-26T15:57:09.218581,22.471,can0  041  [04]  18 00 36 00
2026-07-26T15:57:09.218716,22.471,can0  070  [20]  DE 2C 4D 08 DC AE 62 03 28 23 00 00 39 16 00 00 0B 00 00 00
2026-07-26T15:57:09.218859,22.471,can0  204  [16]  28 58 B1 FF 0F 95 1A DF 28 23 30 75 30 75 00 00
2026-07-26T15:57:09.221749,22.474,can0  070  [20]  DE 2C 4D 08 DC AE 62 03 28 23 00 00 39 16 00 00 0B 00 00 00
2026-07-26T15:57:09.317476,22.570,can0  040  [04]  06 00 1B 00
2026-07-26T15:57:09.317679,22.570,can0  204  [16]  28 58 B1 FF 0F 95 1A DF 28 23 30 75 30 75 00 00
2026-07-26T15:57:09.317859,22.570,can0  204  [16]  28 58 B1 FF 0F 95 1A DF 28 23 30 75 30 75 00 00
2026-07-26T15:57:09.318036,22.571,can0  070  [20]  DE 2C 4D 08 DC AE 62 03 28 23 00 00 39 16 00 00 0B 00 00 00
2026-07-26T15:57:09.320990,22.574,can0  040  [04]  06 00 1B 00
2026-07-26T15:57:09.417724,22.670,can0  204  [16]  28 58 B1 FF 0F 95 1A DF 28 23 30 75 30 75 00 00
2026-07-26T15:57:09.418060,22.671,can0  204  [16]  28 58 B1 FF 0F 95 1A DF 28 23 30 75 30 75 00 00
2026-07-26T15:57:09.517780,22.770,can0  041  [04]  1C 00 3B 00
2026-07-26T15:57:09.517996,22.771,can0  204  [16]  28 58 B1 FF 0F 95 1A DF 28 23 30 75 30 75 00 00
2026-07-26T15:57:09.518189,22.771,can0  060  [32]  00 00 00 00 00 00 00 00 00 00 00 00 00 00 00 00 00 00 00 00 00 00 00 00 00 00 00 00 00 00 00 00
2026-07-26T15:57:09.518383,22.771,can0  060  [32]  00 00 00 00 DE 2C 4D 08 31 04 B8 10 00 00 10 0E FF 01 00 00 00 00 00 00 01 00 00 00 00 00 00 00
2026-07-26T15:57:09.518829,22.771,can0  204  [16]  28 58 B1 FF 0F 95 1A DF 28 23 30 75 30 75 00 00
2026-07-26T15:57:09.522321,22.775,can0  040  [04]  09 00 1F 00
2026-07-26T15:57:09.618031,22.871,can0  204  [16]  28 58 B1 FF 0F 95 1A DF 28 23 30 75 30 75 00 00
2026-07-26T15:57:09.618191,22.871,can0  040  [04]  09 00 1F 00
2026-07-26T15:57:09.618359,22.871,can0  204  [16]  28 58 B1 FF 0F 95 1A DF 28 23 30 75 30 75 00 00
2026-07-26T15:57:09.717719,22.970,can0  204  [16]  28 58 B1 FF 0F 95 1A DF 28 23 30 75 30 75 00 00
2026-07-26T15:57:09.717906,22.971,can0  204  [16]  28 58 B1 FF 0F 95 1A DF 28 23 30 75 30 75 00 00
2026-07-26T15:57:09.718087,22.971,can0  041  [04]  1F 00 3D 00
2026-07-26T15:57:09.818233,23.071,can0  204  [16]  28 58 B1 FF 0F 95 1A DF 28 23 30 75 30 75 00 00
2026-07-26T15:57:09.818422,23.071,can0  040  [04]  09 00 26 00
2026-07-26T15:57:09.818612,23.071,can0  204  [16]  28 58 B1 FF 0F 95 1A DF 28 23 30 75 30 75 00 00
2026-07-26T15:57:09.819144,23.072,can0  070  [20]  DE 2C 4D 08 DC AE 62 03 28 23 00 00 39 16 00 00 0B 00 00 00
2026-07-26T15:57:09.819306,23.072,can0  040  [04]  09 00 26 00
2026-07-26T15:57:09.918102,23.171,can0  204  [16]  28 58 B1 FF 0F 95 1A DF 28 23 30 75 30 75 00 00
2026-07-26T15:57:09.918363,23.171,can0  100  [03]  15 71 04
2026-07-26T15:57:09.918474,23.171,can0  110  [02]  15 1B
2026-07-26T15:57:09.918595,23.171,can0  120  [04]  57 19 00 00
2026-07-26T15:57:09.918759,23.171,can0  204  [16]  28 58 B1 FF 0F 95 1A DF 28 23 30 75 30 75 00 00
2026-07-26T15:57:10.018207,23.271,can0  070  [20]  DE 2C 4D 08 DC AE 62 03 28 23 00 00 39 16 00 00 0B 00 00 00
2026-07-26T15:57:10.018361,23.271,can0  204  [16]  28 58 B1 FF 0F 95 1A DF 28 23 30 75 30 75 00 00
2026-07-26T15:57:10.018485,23.271,can0  041  [04]  1B 00 3B 00
2026-07-26T15:57:10.018598,23.271,can0  060  [32]  00 00 00 00 00 00 00 00 00 00 00 00 00 00 00 00 00 00 00 00 00 00 00 00 00 00 00 00 00 00 00 00
2026-07-26T15:57:10.021676,23.274,can0  204  [16]  28 58 B1 FF 0F 95 1A DF 28 23 30 75 30 75 00 00
2026-07-26T15:57:10.118359,23.371,can0  040  [04]  0C 00 28 00
2026-07-26T15:57:10.118547,23.371,can0  204  [16]  28 58 B1 FF 0F 95 1A DF 28 23 30 75 30 75 00 00
2026-07-26T15:57:10.118686,23.371,can0  040  [04]  0C 00 28 00
2026-07-26T15:57:10.121934,23.375,can0  204  [16]  28 58 B1 FF 0F 95 1A DF 28 23 30 75 30 75 00 00
2026-07-26T15:57:10.218404,23.471,can0  204  [16]  28 58 B1 FF 0F 95 1A DF 28 23 30 75 30 75 00 00
2026-07-26T15:57:10.218581,23.471,can0  070  [20]  DE 2C 4D 08 DC AE 62 03 10 27 00 00 39 16 00 00 0D 00 00 00
2026-07-26T15:57:10.218760,23.471,can0  204  [16]  28 58 B1 FF 0F 95 1A DF 28 23 30 75 30 75 00 00
2026-07-26T15:57:10.218921,23.472,can0  070  [20]  DE 2C 4D 08 DC AE 62 03 10 27 00 00 39 16 00 00 0C 00 00 00
2026-07-26T15:57:10.219085,23.472,can0  041  [04]  1A 00 3B 00
2026-07-26T15:57:10.317670,23.570,can0  204  [16]  28 58 B1 FF 0F 95 1A DF 28 23 30 75 30 75 00 00
2026-07-26T15:57:10.321377,23.574,can0  070  [20]  DE 2C 4D 08 DC AE 62 03 10 27 00 00 39 16 00 00 0C 00 00 00
2026-07-26T15:57:10.321422,23.574,can0  040  [04]  0C 00 2C 00
2026-07-26T15:57:10.321442,23.574,can0  204  [16]  28 58 B1 FF 0F 95 1A DF 28 23 30 75 30 75 00 00
2026-07-26T15:57:10.418217,23.671,can0  040  [04]  0C 00 2C 00
2026-07-26T15:57:10.418421,23.671,can0  204  [16]  28 58 B1 FF 0F 95 1A DF 28 23 30 75 30 75 00 00
2026-07-26T15:57:10.418593,23.671,can0  204  [16]  28 58 B1 FF 0F 95 1A DF 28 23 30 75 30 75 00 00
2026-07-26T15:57:10.517748,23.770,can0  204  [16]  28 58 B1 FF 0F 95 1A DF 28 23 30 75 30 75 00 00
2026-07-26T15:57:10.517880,23.770,can0  060  [32]  00 00 00 00 DE 2C 4D 08 31 04 B8 10 00 00 10 0E FF 01 00 00 00 00 00 00 01 00 00 00 00 00 00 00
2026-07-26T15:57:10.518272,23.771,can0  041  [04]  17 00 34 00
2026-07-26T15:57:10.518460,23.771,can0  204  [16]  28 58 B1 FF 0F 95 1A DF 28 23 30 75 30 75 00 00
2026-07-26T15:57:10.618395,23.871,can0  204  [16]  28 58 B1 FF 0F 95 1A DF 28 23 30 75 30 75 00 00
2026-07-26T15:57:10.618531,23.871,can0  040  [04]  08 00 34 00
2026-07-26T15:57:10.618660,23.871,can0  204  [16]  28 58 B1 FF 0F 95 1A DF 28 23 30 75 30 75 00 00
2026-07-26T15:57:10.718295,23.971,can0  040  [04]  08 00 34 00
2026-07-26T15:57:10.724494,23.977,can0  204  [16]  28 58 B1 FF 0F 95 1A DF 28 23 30 75 30 75 00 00
2026-07-26T15:57:10.724646,23.977,can0  204  [16]  28 58 B1 FF 0F 95 1A DF 28 23 30 75 30 75 00 00
2026-07-26T15:57:10.818194,24.071,can0  204  [16]  28 58 B1 FF 0F 95 1A DF 28 23 30 75 30 75 00 00
2026-07-26T15:57:10.818408,24.071,can0  041  [04]  17 00 30 00
2026-07-26T15:57:10.818650,24.071,can0  070  [20]  DE 2C 4D 08 DC AE 62 03 10 27 00 00 39 16 00 00 0C 00 00 00
2026-07-26T15:57:10.818790,24.071,can0  204  [16]  28 58 B1 FF 0F 95 1A DF 28 23 30 75 30 75 00 00
2026-07-26T15:57:10.818915,24.072,can0  040  [04]  03 00 37 00
2026-07-26T15:57:10.918564,24.171,can0  132  [00]
2026-07-26T15:57:10.918620,24.171,can0  204  [16]  28 58 B1 FF 0F 95 1A DF 28 23 30 75 30 75 00 00
2026-07-26T15:57:10.918703,24.171,can0  040  [04]  03 00 37 00
2026-07-26T15:57:10.918881,24.171,can0  204  [16]  28 58 B1 FF 0F 95 1A DF 28 23 30 75 30 75 00 00
2026-07-26T15:57:11.018578,24.271,can0  070  [20]  DE 2C 4D 08 DC AE 62 03 10 27 00 00 39 16 00 00 0C 00 00 00
2026-07-26T15:57:11.018878,24.271,can0  204  [16]  28 58 B1 FF 0F 95 1A DF 28 23 30 75 30 75 00 00
2026-07-26T15:57:11.019108,24.272,can0  060  [32]  00 00 00 00 00 00 00 00 00 00 00 00 00 00 00 00 00 00 00 00 00 00 00 00 00 00 00 00 00 00 00 00
2026-07-26T15:57:11.019342,24.272,can0  204  [16]  28 58 B1 FF 0F 95 1A DF 28 23 30 75 30 75 00 00
2026-07-26T15:57:11.019558,24.272,can0  041  [04]  1C 00 2B 00
2026-07-26T15:57:11.118408,24.371,can0  204  [16]  28 58 B1 FF 0F 95 1A DF 28 23 30 75 30 75 00 00
2026-07-26T15:57:11.118648,24.371,can0  100  [03]  13 71 04
2026-07-26T15:57:11.118838,24.371,can0  120  [04]  58 19 00 00
2026-07-26T15:57:11.119032,24.372,can0  040  [04]  67 01 35 00
2026-07-26T15:57:11.123848,24.376,can0  204  [16]  28 58 B1 FF 0F 95 1A DF 28 23 30 75 30 75 00 00
2026-07-26T15:57:11.218297,24.471,can0  070  [20]  DE 2C 4D 08 DC AE 62 03 F8 2A 00 00 39 16 00 00 21 00 00 00
2026-07-26T15:57:11.218484,24.471,can0  040  [04]  67 01 35 00
2026-07-26T15:57:11.218719,24.471,can0  204  [16]  28 58 B1 FF 0F 95 1A DF 28 23 30 75 30 75 00 00
2026-07-26T15:57:11.218949,24.472,can0  070  [20]  DE 2C 4D 08 DC AE 62 03 F8 2A 00 00 39 16 00 00 22 00 00 00
2026-07-26T15:57:11.219127,24.472,can0  204  [16]  28 58 B1 FF 0F 95 1A DF 28 23 30 75 30 75 00 00
2026-07-26T15:57:11.317690,24.570,can0  204  [16]  28 58 B1 FF 0F 95 1A DF 28 23 30 75 30 75 00 00
2026-07-26T15:57:11.317881,24.570,can0  041  [04]  1B 00 27 00
2026-07-26T15:57:11.318074,24.571,can0  070  [20]  DE 2C 4D 08 DC AE 62 03 F8 2A 00 00 39 16 00 00 22 00 00 00
2026-07-26T15:57:11.318271,24.571,can0  204  [16]  28 58 B1 FF 0F 95 1A DF 28 23 30 75 30 75 00 00
2026-07-26T15:57:11.418402,24.671,can0  204  [16]  28 58 B1 FF 0F 95 1A DF 28 23 30 75 30 75 00 00
2026-07-26T15:57:11.418711,24.671,can0  040  [04]  0C 00 24 00
2026-07-26T15:57:11.418739,24.671,can0  204  [16]  28 58 B1 FF 0F 95 1A DF 28 23 30 75 30 75 00 00
2026-07-26T15:57:11.418853,24.671,can0  040  [04]  0C 00 24 00
2026-07-26T15:57:11.517905,24.771,can0  204  [16]  28 58 B1 FF 0F 95 1A DF 28 23 30 75 30 75 00 00
2026-07-26T15:57:11.518049,24.771,can0  110  [02]  15 1B
2026-07-26T15:57:11.518224,24.771,can0  060  [32]  00 00 00 00 00 00 00 00 00 00 00 00 00 00 00 00 00 00 00 00 00 00 00 00 00 00 00 00 00 00 00 00
2026-07-26T15:57:11.518345,24.771,can0  060  [32]  00 00 00 00 DE 2C 4D 08 31 04 B8 10 00 00 10 0E FF 01 00 00 00 00 00 00 01 00 00 00 00 00 00 00
2026-07-26T15:57:11.518707,24.771,can0  204  [16]  28 58 B1 FF 0F 95 1A DF 28 23 30 75 30 75 00 00
2026-07-26T15:57:11.618336,24.871,can0  041  [04]  16 00 27 00
2026-07-26T15:57:11.618629,24.871,can0  204  [16]  28 58 B1 FF 0F 95 1A DF 28 23 30 75 30 75 00 00
2026-07-26T15:57:11.619592,24.872,can0  204  [16]  28 58 B1 FF 0F 95 1A DF 28 23 30 75 30 75 00 00
2026-07-26T15:57:11.717684,24.970,can0  040  [04]  2A 00 1E 00
2026-07-26T15:57:11.717884,24.971,can0  204  [16]  28 58 B1 FF 0F 95 1A DF 28 23 30 75 30 75 00 00
2026-07-26T15:57:11.718036,24.971,can0  040  [04]  2A 00 1E 00
2026-07-26T15:57:11.718230,24.971,can0  204  [16]  28 58 B1 FF 0F 95 1A DF 28 23 30 75 30 75 00 00
2026-07-26T15:57:11.818248,25.071,can0  204  [16]  28 58 B1 FF 0F 95 1A DF 28 23 30 75 30 75 00 00
2026-07-26T15:57:11.818445,25.071,can0  070  [20]  DE 2C 4D 08 DC AE 62 03 F8 2A 00 00 39 16 00 00 22 00 00 00
2026-07-26T15:57:11.818638,25.071,can0  204  [16]  28 58 B1 FF 0F 95 1A DF 28 23 30 75 30 75 00 00
2026-07-26T15:57:11.818810,25.071,can0  041  [04]  11 00 29 00
2026-07-26T15:57:11.917511,25.170,can0  204  [16]  28 58 B1 FF 0F 95 1A DF 28 23 30 75 30 75 00 00
2026-07-26T15:57:11.917640,25.170,can0  040  [04]  2C 00 17 00
2026-07-26T15:57:11.917768,25.170,can0  204  [16]  28 58 B1 FF 0F 95 1A DF 28 23 30 75 30 75 00 00
2026-07-26T15:57:12.017514,25.270,can0  070  [20]  DE 2C 4D 08 DC AE 62 03 F8 2A 00 00 39 16 00 00 22 00 00 00
2026-07-26T15:57:12.017678,25.270,can0  040  [04]  2C 00 17 00
2026-07-26T15:57:12.017913,25.271,can0  204  [16]  28 58 B1 FF 0F 95 1A DF 28 23 30 75 30 75 00 00
2026-07-26T15:57:12.018092,25.271,can0  060  [32]  00 00 00 00 00 00 00 00 00 00 00 00 00 00 00 00 00 00 00 00 00 00 00 00 00 00 00 00 00 00 00 00
2026-07-26T15:57:12.018277,25.271,can0  204  [16]  28 58 B1 FF 0F 95 1A DF 28 23 30 75 30 75 00 00
2026-07-26T15:57:12.117818,25.370,can0  204  [16]  28 58 B1 FF 0F 95 1A DF 28 23 30 75 30 75 00 00
2026-07-26T15:57:12.121232,25.374,can0  041  [04]  12 00 2B 00
2026-07-26T15:57:12.121260,25.374,can0  204  [16]  28 58 B1 FF 0F 95 1A DF 28 23 30 75 30 75 00 00
2026-07-26T15:57:12.217879,25.471,can0  040  [04]  18 00 17 00
2026-07-26T15:57:12.218137,25.471,can0  204  [16]  28 58 B1 FF 0F 95 1A DF 28 23 30 75 30 75 00 00
2026-07-26T15:57:12.218616,25.471,can0  070  [20]  DD 2C 4D 08 DC AE 62 03 E0 2E 00 00 39 16 00 00 0F 00 00 00
2026-07-26T15:57:12.218748,25.471,can0  040  [04]  18 00 17 00
2026-07-26T15:57:12.218925,25.472,can0  204  [16]  28 58 B1 FF 0F 95 1A DF 28 23 30 75 30 75 00 00
2026-07-26T15:57:12.317888,25.571,can0  070  [20]  DD 2C 4D 08 DC AE 62 03 E0 2E 00 00 39 16 00 00 0F 00 00 00
2026-07-26T15:57:12.318011,25.571,can0  100  [03]  12 71 04
2026-07-26T15:57:12.318156,25.571,can0  120  [04]  5A 19 00 00
2026-07-26T15:57:12.318298,25.571,can0  204  [16]  28 58 B1 FF 0F 95 1A DF 28 23 30 75 30 75 00 00
2026-07-26T15:57:12.318443,25.571,can0  070  [20]  DD 2C 4D 08 DC AE 62 03 E0 2E 00 00 39 16 00 00 0F 00 00 00
2026-07-26T15:57:12.318554,25.571,can0  204  [16]  28 58 B1 FF 0F 95 1A DF 28 23 30 75 30 75 00 00
2026-07-26T15:57:12.418134,25.671,can0  041  [04]  0F 00 32 00
2026-07-26T15:57:12.418328,25.671,can0  204  [16]  28 58 B1 FF 0F 95 1A DF 28 23 30 75 30 75 00 00
2026-07-26T15:57:12.418509,25.671,can0  040  [04]  07 00 1A 00
2026-07-26T15:57:12.418710,25.671,can0  204  [16]  28 58 B1 FF 0F 95 1A DF 28 23 30 75 30 75 00 00
2026-07-26T15:57:12.518226,25.771,can0  204  [16]  28 58 B1 FF 0F 95 1A DF 28 23 30 75 30 75 00 00
2026-07-26T15:57:12.518383,25.771,can0  040  [04]  07 00 1A 00
2026-07-26T15:57:12.518512,25.771,can0  060  [32]  00 00 00 00 DD 2C 4D 08 31 04 B8 10 00 00 10 0E FF 01 00 00 00 00 00 00 01 00 00 00 00 00 00 00
2026-07-26T15:57:12.518887,25.772,can0  204  [16]  28 58 B1 FF 0F 95 1A DF 28 23 30 75 30 75 00 00
2026-07-26T15:57:12.618288,25.871,can0  204  [16]  28 58 B1 FF 0F 95 1A DF 28 23 30 75 30 75 00 00
2026-07-26T15:57:12.618464,25.871,can0  041  [04]  16 00 2F 00
2026-07-26T15:57:12.618637,25.871,can0  204  [16]  28 58 B1 FF 0F 95 1A DF 28 23 30 75 30 75 00 00
2026-07-26T15:57:12.718232,25.971,can0  204  [16]  28 58 B1 FF 0F 95 1A DF 28 23 30 75 30 75 00 00
2026-07-26T15:57:12.721659,25.974,can0  040  [04]  5F 01 1C 00
2026-07-26T15:57:12.721692,25.974,can0  204  [16]  28 58 B1 FF 0F 95 1A DF 28 23 30 75 30 75 00 00
2026-07-26T15:57:12.817467,26.070,can0  040  [04]  5F 01 1C 00
2026-07-26T15:57:12.817665,26.070,can0  204  [16]  28 58 B1 FF 0F 95 1A DF 28 23 30 75 30 75 00 00
2026-07-26T15:57:12.817829,26.070,can0  070  [20]  DD 2C 4D 08 DC AE 62 03 E0 2E 00 00 39 16 00 00 0F 00 00 00
2026-07-26T15:57:12.818035,26.071,can0  204  [16]  28 58 B1 FF 0F 95 1A DF 28 23 30 75 30 75 00 00
2026-07-26T15:57:12.917829,26.170,can0  204  [16]  28 58 B1 FF 0F 95 1A DF 28 23 30 75 30 75 00 00
2026-07-26T15:57:12.918014,26.171,can0  041  [04]  15 00 33 00
2026-07-26T15:57:13.017868,26.270,can0  204  [16]  28 58 B1 FF 0F 95 1A DF 28 23 30 75 30 75 00 00
2026-07-26T15:57:13.018244,26.271,can0  070  [20]  DD 2C 4D 08 DC AE 62 03 E0 2E 00 00 39 16 00 00 0F 00 00 00
2026-07-26T15:57:13.018278,26.271,can0  040  [04]  53 01 1D 00
2026-07-26T15:57:13.018460,26.271,can0  204  [16]  28 58 B1 FF 0F 95 1A DF 28 23 30 75 30 75 00 00
2026-07-26T15:57:13.018624,26.271,can0  060  [32]  00 00 00 00 00 00 00 00 00 00 00 00 00 00 00 00 00 00 00 00 00 00 00 00 00 00 00 00 00 00 00 00
2026-07-26T15:57:13.018764,26.271,can0  040  [04]  53 01 1D 00
2026-07-26T15:57:13.117728,26.370,can0  204  [16]  28 58 B1 FF 0F 95 1A DF 28 23 30 75 30 75 00 00
2026-07-26T15:57:13.117864,26.370,can0  110  [02]  15 1B
2026-07-26T15:57:13.118043,26.371,can0  204  [16]  28 58 B1 FF 0F 95 1A DF 28 23 30 75 30 75 00 00
2026-07-26T15:57:13.218212,26.471,can0  204  [16]  28 58 B1 FF 0F 95 1A DF 28 23 30 75 30 75 00 00
2026-07-26T15:57:13.218345,26.471,can0  041  [04]  12 00 38 00
2026-07-26T15:57:13.218473,26.471,can0  204  [16]  28 58 B1 FF 0F 95 1A DF 28 23 30 75 30 75 00 00
2026-07-26T15:57:13.218833,26.471,can0  070  [20]  DD 2C 4D 08 DC AE 62 03 C8 32 00 00 39 16 00 00 14 00 00 00
2026-07-26T15:57:13.218961,26.472,can0  070  [20]  DD 2C 4D 08 DC AE 62 03 C8 32 00 00 39 16 00 00 14 00 00 00
2026-07-26T15:57:13.219075,26.472,can0  040  [04]  63 01 26 00
2026-07-26T15:57:13.318287,26.571,can0  204  [16]  28 58 B1 FF 0F 95 1A DF 28 23 30 75 30 75 00 00
2026-07-26T15:57:13.318414,26.571,can0  040  [04]  63 01 26 00
2026-07-26T15:57:13.318548,26.571,can0  204  [16]  28 58 B1 FF 0F 95 1A DF 28 23 30 75 30 75 00 00
2026-07-26T15:57:13.318681,26.571,can0  070  [20]  DD 2C 4D 08 DC AE 62 03 C8 32 00 00 39 16 00 00 14 00 00 00
2026-07-26T15:57:13.418401,26.671,can0  204  [16]  28 58 B1 FF 0F 95 1A DF 28 23 30 75 30 75 00 00
2026-07-26T15:57:13.418531,26.671,can0  204  [16]  28 58 B1 FF 0F 95 1A DF 28 23 30 75 30 75 00 00
2026-07-26T15:57:13.418654,26.671,can0  041  [04]  11 00 3A 00
2026-07-26T15:57:13.518451,26.771,can0  204  [16]  28 58 B1 FF 0F 95 1A DF 28 23 30 75 30 75 00 00
2026-07-26T15:57:13.518615,26.771,can0  100  [03]  11 71 04
2026-07-26T15:57:13.518746,26.771,can0  120  [04]  60 19 00 00
2026-07-26T15:57:13.518879,26.771,can0  040  [04]  67 01 2F 00
2026-07-26T15:57:13.519073,26.772,can0  204  [16]  28 58 B1 FF 0F 95 1A DF 28 23 30 75 30 75 00 00
2026-07-26T15:57:13.523424,26.776,can0  060  [32]  00 00 00 00 00 00 00 00 00 00 00 00 00 00 00 00 00 00 00 00 00 00 00 00 00 00 00 00 00 00 00 00
2026-07-26T15:57:13.617524,26.870,can0  060  [32]  00 00 00 00 DD 2C 4D 08 31 04 B8 10 00 00 10 0E FF 01 00 00 00 00 00 00 01 00 00 00 00 00 00 00
2026-07-26T15:57:13.617985,26.871,can0  204  [16]  28 58 B1 FF 0F 95 1A DF 28 23 30 75 30 75 00 00
2026-07-26T15:57:13.618135,26.871,can0  040  [04]  67 01 2F 00
2026-07-26T15:57:13.618321,26.871,can0  204  [16]  28 58 B1 FF 0F 95 1A DF 28 23 30 75 30 75 00 00
2026-07-26T15:57:13.717690,26.970,can0  204  [16]  28 58 B1 FF 0F 95 1A DF 28 23 30 75 30 75 00 00
2026-07-26T15:57:13.717859,26.970,can0  041  [04]  0C 00 37 00
2026-07-26T15:57:13.718040,26.971,can0  204  [16]  28 58 B1 FF 0F 95 1A DF 28 23 30 75 30 75 00 00
2026-07-26T15:57:13.818572,27.071,can0  204  [16]  28 58 B1 FF 0F 95 1A DF 28 23 30 75 30 75 00 00
2026-07-26T15:57:13.818630,27.071,can0  040  [04]  02 00 36 00
2026-07-26T15:57:13.818749,27.071,can0  204  [16]  28 58 B1 FF 0F 95 1A DF 28 23 30 75 30 75 00 00
2026-07-26T15:57:13.818899,27.072,can0  070  [20]  DD 2C 4D 08 DC AE 62 03 C8 32 00 00 39 16 00 00 14 00 00 00
2026-07-26T15:57:13.819022,27.072,can0  040  [04]  02 00 36 00
2026-07-26T15:57:13.918618,27.171,can0  204  [16]  28 58 B1 FF 0F 95 1A DF 28 23 30 75 30 75 00 00
2026-07-26T15:57:13.922751,27.175,can0  204  [16]  28 58 B1 FF 0F 95 1A DF 28 23 30 75 30 75 00 00
2026-07-26T15:57:14.018057,27.271,can0  070  [20]  DD 2C 4D 08 DC AE 62 03 C8 32 00 00 39 16 00 00 14 00 00 00
2026-07-26T15:57:14.018295,27.271,can0  204  [16]  28 58 B1 FF 0F 95 1A DF 28 23 30 75 30 75 00 00
2026-07-26T15:57:14.018489,27.271,can0  041  [04]  09 00 33 00
2026-07-26T15:57:14.018700,27.271,can0  204  [16]  28 58 B1 FF 0F 95 1A DF 28 23 30 75 30 75 00 00
2026-07-26T15:57:14.118186,27.371,can0  060  [32]  00 00 00 00 00 00 00 00 00 00 00 00 00 00 00 00 00 00 00 00 00 00 00 00 00 00 00 00 00 00 00 00
2026-07-26T15:57:14.122105,27.375,can0  040  [04]  07 00 39 00
2026-07-26T15:57:14.122153,27.375,can0  204  [16]  28 58 B1 FF 0F 95 1A DF 28 23 30 75 30 75 00 00
2026-07-26T15:57:14.122189,27.375,can0  040  [04]  07 00 39 00
2026-07-26T15:57:14.122221,27.375,can0  204  [16]  28 58 B1 FF 0F 95 1A DF 28 23 30 75 30 75 00 00
2026-07-26T15:57:14.218328,27.471,can0  204  [16]  28 58 B1 FF 0F 95 1A DF 28 23 30 75 30 75 00 00
2026-07-26T15:57:14.218744,27.471,can0  070  [20]  DD 2C 4D 08 DE AE 62 03 B0 36 00 00 39 16 00 00 0D 00 00 00
2026-07-26T15:57:14.218943,27.472,can0  204  [16]  28 58 B1 FF 0F 95 1A DF 28 23 30 75 30 75 00 00
2026-07-26T15:57:14.219117,27.472,can0  070  [20]  DD 2C 4D 08 DE AE 62 03 B0 36 00 00 39 16 00 00 0C 00 00 00
2026-07-26T15:57:14.222202,27.475,can0  041  [04]  0F 00 30 00
2026-07-26T15:57:14.317760,27.570,can0  204  [16]  28 58 B1 FF 0F 95 1A DF 28 23 30 75 30 75 00 00
2026-07-26T15:57:14.317968,27.571,can0  070  [20]  DD 2C 4D 08 DE AE 62 03 B0 36 00 00 39 16 00 00 0C 00 00 00
2026-07-26T15:57:14.318145,27.571,can0  040  [04]  0B 00 37 00
2026-07-26T15:57:14.318296,27.571,can0  204  [16]  28 58 B1 FF 0F 95 1A DF 28 23 30 75 30 75 00 00
2026-07-26T15:57:14.418074,27.671,can0  040  [04]  0B 00 37 00
2026-07-26T15:57:14.418263,27.671,can0  204  [16]  28 58 B1 FF 0F 95 1A DF 28 23 30 75 30 75 00 00
2026-07-26T15:57:14.418415,27.671,can0  204  [16]  28 58 B1 FF 0F 95 1A DF 28 23 30 75 30 75 00 00
2026-07-26T15:57:14.517940,27.771,can0  204  [16]  28 58 B1 FF 0F 95 1A DF 28 23 30 75 30 75 00 00
2026-07-26T15:57:14.518079,27.771,can0  041  [04]  18 00 2E 00
2026-07-26T15:57:14.518232,27.771,can0  204  [16]  28 58 B1 FF 0F 95 1A DF 28 23 30 75 30 75 00 00
2026-07-26T15:57:14.618171,27.871,can0  060  [32]  00 00 00 00 DD 2C 4D 08 33 04 B8 10 00 00 10 0E FF 01 00 00 00 00 00 00 01 00 00 00 00 00 00 00
2026-07-26T15:57:14.618566,27.871,can0  204  [16]  28 58 B1 FF 0F 95 1A DF 28 23 30 75 30 75 00 00
2026-07-26T15:57:14.618685,27.871,can0  040  [04]  07 00 31 00
2026-07-26T15:57:14.622204,27.875,can0  204  [16]  28 58 B1 FF 0F 95 1A DF 28 23 30 75 30 75 00 00
2026-07-26T15:57:14.622242,27.875,can0  040  [04]  07 00 31 00
2026-07-26T15:57:14.717562,27.970,can0  204  [16]  28 58 B1 FF 0F 95 1A DF 28 23 30 75 30 75 00 00
2026-07-26T15:57:14.717752,27.970,can0  100  [03]  0F 71 04
2026-07-26T15:57:14.718451,27.971,can0  110  [02]  14 1B
2026-07-26T15:57:14.718622,27.971,can0  120  [04]  5D 19 00 00
2026-07-26T15:57:14.719041,27.972,can0  204  [16]  28 58 B1 FF 0F 95 1A DF 28 23 30 75 30 75 00 00
2026-07-26T15:57:14.817834,28.070,can0  041  [04]  1C 00 2D 00
2026-07-26T15:57:14.818208,28.071,can0  204  [16]  28 58 B1 FF 0F 95 1A DF 28 23 30 75 30 75 00 00
2026-07-26T15:57:14.818250,28.071,can0  070  [20]  DD 2C 4D 08 DE AE 62 03 B0 36 00 00 39 16 00 00 0C 00 00 00
2026-07-26T15:57:14.818859,28.071,can0  204  [16]  28 58 B1 FF 0F 95 1A DF 28 23 30 75 30 75 00 00
2026-07-26T15:57:14.819150,28.072,can0  040  [04]  67 01 29 00
2026-07-26T15:57:14.918074,28.171,can0  204  [16]  28 58 B1 FF 0F 95 1A DF 28 23 30 75 30 75 00 00
2026-07-26T15:57:14.918229,28.171,can0  040  [04]  67 01 29 00
2026-07-26T15:57:14.918414,28.171,can0  204  [16]  28 58 B1 FF 0F 95 1A DF 28 23 30 75 30 75 00 00
2026-07-26T15:57:15.017607,28.270,can0  070  [20]  DD 2C 4D 08 DE AE 62 03 B0 36 00 00 39 16 00 00 0C 00 00 00
2026-07-26T15:57:15.017805,28.270,can0  204  [16]  28 58 B1 FF 0F 95 1A DF 28 23 30 75 30 75 00 00
2026-07-26T15:57:15.017980,28.271,can0  204  [16]  28 58 B1 FF 0F 95 1A DF 28 23 30 75 30 75 00 00
2026-07-26T15:57:15.018153,28.271,can0  041  [04]  1C 00 30 00
2026-07-26T15:57:15.118410,28.371,can0  060  [32]  00 00 00 00 00 00 00 00 00 00 00 00 00 00 00 00 00 00 00 00 00 00 00 00 00 00 00 00 00 00 00 00
2026-07-26T15:57:15.118632,28.371,can0  204  [16]  28 58 B1 FF 0F 95 1A DF 28 23 30 75 30 75 00 00
2026-07-26T15:57:15.118789,28.371,can0  040  [04]  59 01 21 00
2026-07-26T15:57:15.118995,28.372,can0  204  [16]  28 58 B1 FF 0F 95 1A DF 28 23 30 75 30 75 00 00
2026-07-26T15:57:15.218259,28.471,can0  040  [04]  59 01 21 00
2026-07-26T15:57:15.218471,28.471,can0  204  [16]  28 58 B1 FF 0F 95 1A DF 28 23 30 75 30 75 00 00
2026-07-26T15:57:15.218657,28.471,can0  070  [20]  DB 2C 4D 08 DE AE 62 03 98 3A 00 00 39 16 00 00 25 00 00 00
2026-07-26T15:57:15.218821,28.471,can0  204  [16]  28 58 B1 FF 0F 95 1A DF 28 23 30 75 30 75 00 00
2026-07-26T15:57:15.218966,28.472,can0  070  [20]  DB 2C 4D 08 DE AE 62 03 98 3A 00 00 39 16 00 00 26 00 00 00
2026-07-26T15:57:15.317782,28.570,can0  060  [32]  5A 47 D6 02 C9 A9 4D 08 37 40 61 03 E3 00 A6 0A FF 01 00 00 00 00 00 00 01 00 00 00 00 00 00 00
2026-07-26T15:57:15.325667,28.578,can0  204  [16]  28 58 B1 FF 0F 95 1A DF 28 23 30 75 30 75 00 00
2026-07-26T15:57:15.325843,28.578,can0  041  [04]  17 00 2D 00
2026-07-26T15:57:15.326320,28.579,can0  070  [20]  DB 2C 4D 08 DE AE 62 03 98 3A 00 00 39 16 00 00 26 00 00 00
2026-07-26T15:57:15.326516,28.579,can0  204  [16]  28 58 B1 FF 0F 95 1A DF 28 23 30 75 30 75 00 00
2026-07-26T15:57:15.417976,28.671,can0  040  [04]  58 01 1F 00
2026-07-26T15:57:15.418164,28.671,can0  204  [16]  28 58 B1 FF 0F 95 1A DF 28 23 30 75 30 75 00 00
2026-07-26T15:57:15.418487,28.671,can0  204  [16]  28 58 B1 FF 0F 95 1A DF 28 23 30 75 30 75 00 00
2026-07-26T15:57:15.418696,28.671,can0  040  [04]  58 01 1F 00
2026-07-26T15:57:15.518202,28.771,can0  204  [16]  28 58 B1 FF 0F 95 1A DF 28 23 30 75 30 75 00 00
2026-07-26T15:57:15.518390,28.771,can0  204  [16]  28 58 B1 FF 0F 95 1A DF 28 23 30 75 30 75 00 00
2026-07-26T15:57:15.618240,28.871,can0  041  [04]  11 00 2B 00
2026-07-26T15:57:15.618459,28.871,can0  204  [16]  28 58 B1 FF 0F 95 1A DF 28 23 30 75 30 75 00 00
2026-07-26T15:57:15.618663,28.871,can0  204  [16]  28 58 B1 FF 0F 95 1A DF 28 23 30 75 30 75 00 00
2026-07-26T15:57:15.618821,28.871,can0  040  [04]  56 01 23 00
2026-07-26T15:57:15.718584,28.971,can0  204  [16]  28 58 B1 FF 0F 95 1A DF 28 23 30 75 30 75 00 00
2026-07-26T15:57:15.718698,28.971,can0  040  [04]  56 01 23 00
2026-07-26T15:57:15.718879,28.971,can0  204  [16]  28 58 B1 FF 0F 95 1A DF 28 23 30 75 30 75 00 00
2026-07-26T15:57:15.818500,29.071,can0  204  [16]  28 58 B1 FF 0F 95 1A DF 28 23 30 75 30 75 00 00
2026-07-26T15:57:15.818787,29.071,can0  070  [20]  DB 2C 4D 08 DE AE 62 03 98 3A 00 00 39 16 00 00 26 00 00 00
2026-07-26T15:57:15.819045,29.072,can0  041  [04]  0F 00 29 00
2026-07-26T15:57:15.824630,29.077,can0  204  [16]  28 58 B1 FF 0F 95 1A DF 28 23 30 75 30 75 00 00
2026-07-26T15:57:15.917939,29.171,can0  100  [03]  11 71 04
2026-07-26T15:57:15.918096,29.171,can0  120  [04]  56 19 00 00
2026-07-26T15:57:15.918329,29.171,can0  204  [16]  28 58 B1 FF 0F 95 1A DF 28 23 30 75 30 75 00 00
2026-07-26T15:57:15.918492,29.171,can0  040  [04]  63 01 29 00
2026-07-26T15:57:15.918682,29.171,can0  204  [16]  28 58 B1 FF 0F 95 1A DF 28 23 30 75 30 75 00 00
2026-07-26T15:57:16.018412,29.271,can0  070  [20]  DB 2C 4D 08 DE AE 62 03 98 3A 00 00 39 16 00 00 26 00 00 00
2026-07-26T15:57:16.018470,29.271,can0  040  [04]  63 01 29 00
2026-07-26T15:57:16.018617,29.271,can0  204  [16]  28 58 B1 FF 0F 95 1A DF 28 23 30 75 30 75 00 00
2026-07-26T15:57:16.018800,29.271,can0  204  [16]  28 58 B1 FF 0F 95 1A DF 28 23 30 75 30 75 00 00
2026-07-26T15:57:16.117732,29.370,can0  204  [16]  28 58 B1 FF 0F 95 1A DF 28 23 30 75 30 75 00 00
2026-07-26T15:57:16.117895,29.371,can0  041  [04]  15 00 28 00
2026-07-26T15:57:16.118092,29.371,can0  204  [16]  28 58 B1 FF 0F 95 1A DF 28 23 30 75 30 75 00 00
2026-07-26T15:57:16.218071,29.471,can0  040  [04]  67 01 2F 00
2026-07-26T15:57:16.218271,29.471,can0  204  [16]  28 58 B1 FF 0F 95 1A DF 28 23 30 75 30 75 00 00
2026-07-26T15:57:16.218437,29.471,can0  070  [20]  DB 2C 4D 08 DE AE 62 03 80 3E 00 00 39 16 00 00 1E 00 00 00
2026-07-26T15:57:16.218574,29.471,can0  070  [20]  DB 2C 4D 08 DE AE 62 03 80 3E 00 00 39 16 00 00 1E 00 00 00
2026-07-26T15:57:16.218698,29.471,can0  040  [04]  67 01 2F 00
2026-07-26T15:57:16.218860,29.471,can0  204  [16]  28 58 B1 FF 0F 95 1A DF 28 23 30 75 30 75 00 00
2026-07-26T15:57:16.317490,29.570,can0  110  [02]  15 1B
2026-07-26T15:57:16.317714,29.570,can0  204  [16]  28 58 B1 FF 0F 95 1A DF 28 23 30 75 30 75 00 00
2026-07-26T15:57:16.317954,29.571,can0  070  [20]  DB 2C 4D 08 DE AE 62 03 80 3E 00 00 39 16 00 00 1E 00 00 00
2026-07-26T15:57:16.318174,29.571,can0  204  [16]  28 58 B1 FF 0F 95 1A DF 28 23 30 75 30 75 00 00
2026-07-26T15:57:16.423193,29.676,can0  041  [04]  10 00 29 00
2026-07-26T15:57:16.423250,29.676,can0  204  [16]  28 58 B1 FF 0F 95 1A DF 28 23 30 75 30 75 00 00
2026-07-26T15:57:16.423273,29.676,can0  040  [04]  02 00 36 00
2026-07-26T15:57:16.423292,29.676,can0  204  [16]  28 58 B1 FF 0F 95 1A DF 28 23 30 75 30 75 00 00
2026-07-26T15:57:16.518437,29.771,can0  040  [04]  02 00 36 00
2026-07-26T15:57:16.518635,29.771,can0  204  [16]  28 58 B1 FF 0F 95 1A DF 28 23 30 75 30 75 00 00
2026-07-26T15:57:16.518811,29.771,can0  204  [16]  28 58 B1 FF 0F 95 1A DF 28 23 30 75 30 75 00 00
2026-07-26T15:57:16.618134,29.871,can0  204  [16]  28 58 B1 FF 0F 95 1A DF 28 23 30 75 30 75 00 00
2026-07-26T15:57:16.618299,29.871,can0  060  [32]  00 00 00 00 DB 2C 4D 08 33 04 B8 10 00 00 10 0E FF 01 00 00 00 00 00 00 01 00 00 00 00 00 00 00
2026-07-26T15:57:16.618706,29.871,can0  041  [04]  13 00 2E 00
2026-07-26T15:57:16.618902,29.872,can0  204  [16]  28 58 B1 FF 0F 95 1A DF 28 23 30 75 30 75 00 00
2026-07-26T15:57:16.717463,29.970,can0  040  [04]  04 00 37 00
2026-07-26T15:57:16.717657,29.970,can0  204  [16]  28 58 B1 FF 0F 95 1A DF 28 23 30 75 30 75 00 00
2026-07-26T15:57:16.717829,29.970,can0  204  [16]  28 58 B1 FF 0F 95 1A DF 28 23 30 75 30 75 00 00
2026-07-26T15:57:16.818079,30.071,can0  040  [04]  04 00 37 00
2026-07-26T15:57:16.818298,30.071,can0  204  [16]  28 58 B1 FF 0F 95 1A DF 28 23 30 75 30 75 00 00
2026-07-26T15:57:16.818711,30.071,can0  070  [20]  DB 2C 4D 08 DE AE 62 03 80 3E 00 00 39 16 00 00 1E 00 00 00
2026-07-26T15:57:16.918352,30.171,can0  204  [16]  28 58 B1 FF 0F 95 1A DF 28 23 30 75 30 75 00 00
2026-07-26T15:57:16.918579,30.171,can0  041  [04]  11 00 34 00
2026-07-26T15:57:16.918746,30.171,can0  204  [16]  28 58 B1 FF 0F 95 1A DF 28 23 30 75 30 75 00 00
2026-07-26T15:57:16.918892,30.172,can0  204  [16]  28 58 B1 FF 0F 95 1A DF 28 23 30 75 30 75 00 00
2026-07-26T15:57:17.017941,30.271,can0  070  [20]  DB 2C 4D 08 DE AE 62 03 80 3E 00 00 39 16 00 00 1E 00 00 00
2026-07-26T15:57:17.018153,30.271,can0  040  [04]  06 00 38 00
2026-07-26T15:57:17.018362,30.271,can0  204  [16]  28 58 B1 FF 0F 95 1A DF 28 23 30 75 30 75 00 00
2026-07-26T15:57:17.018487,30.271,can0  040  [04]  06 00 38 00
2026-07-26T15:57:17.018650,30.271,can0  204  [16]  28 58 B1 FF 0F 95 1A DF 28 23 30 75 30 75 00 00
2026-07-26T15:57:17.118408,30.371,can0  100  [03]  0F 71 04
2026-07-26T15:57:17.118545,30.371,can0  120  [04]  59 19 00 00
2026-07-26T15:57:17.118716,30.371,can0  060  [32]  00 00 00 00 00 00 00 00 00 00 00 00 00 00 00 00 00 00 00 00 00 00 00 00 00 00 00 00 00 00 00 00
2026-07-26T15:57:17.118907,30.372,can0  204  [16]  28 58 B1 FF 0F 95 1A DF 28 23 30 75 30 75 00 00
2026-07-26T15:57:17.119010,30.372,can0  133  [00]
2026-07-26T15:57:17.218455,30.471,can0  204  [16]  28 58 B1 FF 0F 95 1A DF 28 23 30 75 30 75 00 00
2026-07-26T15:57:17.218655,30.471,can0  041  [04]  14 00 36 00
2026-07-26T15:57:17.219140,30.472,can0  204  [16]  28 58 B1 FF 0F 95 1A DF 28 23 30 75 30 75 00 00
2026-07-26T15:57:17.219435,30.472,can0  070  [20]  DB 2C 4D 08 E0 AE 62 03 68 42 00 00 39 16 00 00 11 00 00 00
2026-07-26T15:57:17.219601,30.472,can0  070  [20]  DB 2C 4D 08 E0 AE 62 03 68 42 00 00 39 16 00 00 10 00 00 00
2026-07-26T15:57:17.219736,30.472,can0  040  [04]  02 00 34 00
2026-07-26T15:57:17.317899,30.571,can0  204  [16]  28 58 B1 FF 0F 95 1A DF 28 23 30 75 30 75 00 00
2026-07-26T15:57:17.318013,30.571,can0  040  [04]  02 00 34 00
2026-07-26T15:57:17.318155,30.571,can0  204  [16]  28 58 B1 FF 0F 95 1A DF 28 23 30 75 30 75 00 00
2026-07-26T15:57:17.321607,30.574,can0  070  [20]  DB 2C 4D 08 E0 AE 62 03 68 42 00 00 39 16 00 00 10 00 00 00
2026-07-26T15:57:17.418424,30.671,can0  204  [16]  28 58 B1 FF 0F 95 1A DF 28 23 30 75 30 75 00 00
2026-07-26T15:57:17.418558,30.671,can0  204  [16]  28 58 B1 FF 0F 95 1A DF 28 23 30 75 30 75 00 00
2026-07-26T15:57:17.418694,30.671,can0  041  [04]  16 00 37 00
2026-07-26T15:57:17.518057,30.771,can0  204  [16]  28 58 B1 FF 0F 95 1A DF 28 23 30 75 30 75 00 00
2026-07-26T15:57:17.518157,30.771,can0  060  [32]  D0 56 D6 02 58 53 4D 08 F8 F8 B7 10 3E 00 A5 04 56 00 00 00 00 00 00 00 01 00 00 00 00 00 00 00
2026-07-26T15:57:17.518520,30.771,can0  040  [04]  65 01 25 00
2026-07-26T15:57:17.518700,30.771,can0  204  [16]  28 58 B1 FF 0F 95 1A DF 28 23 30 75 30 75 00 00
2026-07-26T15:57:17.518847,30.771,can0  040  [04]  65 01 25 00
2026-07-26T15:57:17.617616,30.870,can0  204  [16]  28 58 B1 FF 0F 95 1A DF 28 23 30 75 30 75 00 00
2026-07-26T15:57:17.617797,30.870,can0  204  [16]  28 58 B1 FF 0F 95 1A DF 28 23 30 75 30 75 00 00
2026-07-26T15:57:17.718247,30.971,can0  204  [16]  28 58 B1 FF 0F 95 1A DF 28 23 30 75 30 75 00 00
2026-07-26T15:57:17.718410,30.971,can0  041  [04]  15 00 36 00
2026-07-26T15:57:17.718554,30.971,can0  204  [16]  28 58 B1 FF 0F 95 1A DF 28 23 30 75 30 75 00 00
2026-07-26T15:57:17.819268,31.072,can0  204  [16]  28 58 B1 FF 0F 95 1A DF 28 23 30 75 30 75 00 00
2026-07-26T15:57:17.819446,31.072,can0  040  [04]  02 00 29 00
2026-07-26T15:57:17.819658,31.072,can0  204  [16]  28 58 B1 FF 0F 95 1A DF 28 23 30 75 30 75 00 00
2026-07-26T15:57:17.820001,31.073,can0  070  [20]  DB 2C 4D 08 E0 AE 62 03 68 42 00 00 39 16 00 00 10 00 00 00
2026-07-26T15:57:17.820135,31.073,can0  040  [04]  02 00 29 00
2026-07-26T15:57:17.918151,31.171,can0  204  [16]  28 58 B1 FF 0F 95 1A DF 28 23 30 75 30 75 00 00
2026-07-26T15:57:17.918281,31.171,can0  110  [02]  14 1B
2026-07-26T15:57:17.918429,31.171,can0  204  [16]  28 58 B1 FF 0F 95 1A DF 28 23 30 75 30 75 00 00
2026-07-26T15:57:17.918532,31.171,can0  131  [00]
2026-07-26T15:57:18.017600,31.270,can0  070  [20]  DB 2C 4D 08 E0 AE 62 03 68 42 00 00 39 16 00 00 10 00 00 00
2026-07-26T15:57:18.017764,31.270,can0  041  [04]  13 00 35 00
2026-07-26T15:57:18.017983,31.271,can0  204  [16]  28 58 B1 FF 0F 95 1A DF 28 23 30 75 30 75 00 00
2026-07-26T15:57:18.018159,31.271,can0  204  [16]  28 58 B1 FF 0F 95 1A DF 28 23 30 75 30 75 00 00
2026-07-26T15:57:18.018303,31.271,can0  040  [04]  07 00 32 00
2026-07-26T15:57:18.117756,31.370,can0  204  [16]  28 58 B1 FF 0F 95 1A DF 28 23 30 75 30 75 00 00
2026-07-26T15:57:18.117866,31.370,can0  040  [04]  07 00 32 00
2026-07-26T15:57:18.118000,31.371,can0  204  [16]  28 58 B1 FF 0F 95 1A DF 28 23 30 75 30 75 00 00
2026-07-26T15:57:18.218260,31.471,can0  204  [16]  28 58 B1 FF 0F 95 1A DF 28 23 30 75 30 75 00 00
2026-07-26T15:57:18.218334,31.471,can0  070  [20]  DB 2C 4D 08 E0 AE 62 03 50 46 00 00 39 16 00 00 0B 00 00 00
2026-07-26T15:57:18.218413,31.471,can0  204  [16]  28 58 B1 FF 0F 95 1A DF 28 23 30 75 30 75 00 00
2026-07-26T15:57:18.218560,31.471,can0  070  [20]  DB 2C 4D 08 E0 AE 62 03 50 46 00 00 39 16 00 00 0B 00 00 00
2026-07-26T15:57:18.218912,31.472,can0  041  [04]  12 00 33 00
2026-07-26T15:57:18.318464,31.571,can0  204  [16]  28 58 B1 FF 0F 95 1A DF 28 23 30 75 30 75 00 00
2026-07-26T15:57:18.318741,31.571,can0  100  [03]  10 71 04
2026-07-26T15:57:18.318972,31.572,can0  120  [04]  55 19 00 00
2026-07-26T15:57:18.319235,31.572,can0  040  [04]  0A 00 34 00
2026-07-26T15:57:18.319563,31.572,can0  070  [20]  DB 2C 4D 08 E0 AE 62 03 50 46 00 00 39 16 00 00 0B 00 00 00
2026-07-26T15:57:18.319895,31.573,can0  204  [16]  28 58 B1 FF 0F 95 1A DF 28 23 30 75 30 75 00 00
2026-07-26T15:57:18.418207,31.671,can0  040  [04]  0A 00 34 00
2026-07-26T15:57:18.418453,31.671,can0  204  [16]  28 58 B1 FF 0F 95 1A DF 28 23 30 75 30 75 00 00
2026-07-26T15:57:18.418666,31.671,can0  204  [16]  28 58 B1 FF 0F 95 1A DF 28 23 30 75 30 75 00 00
2026-07-26T15:57:18.518009,31.771,can0  204  [16]  28 58 B1 FF 0F 95 1A DF 28 23 30 75 30 75 00 00
2026-07-26T15:57:18.518201,31.771,can0  041  [04]  16 00 34 00
2026-07-26T15:57:18.518388,31.771,can0  204  [16]  28 58 B1 FF 0F 95 1A DF 28 23 30 75 30 75 00 00
2026-07-26T15:57:18.617456,31.870,can0  204  [16]  28 58 B1 FF 0F 95 1A DF 28 23 30 75 30 75 00 00
2026-07-26T15:57:18.617584,31.870,can0  040  [04]  13 00 32 00
2026-07-26T15:57:18.617703,31.870,can0  204  [16]  28 58 B1 FF 0F 95 1A DF 28 23 30 75 30 75 00 00
2026-07-26T15:57:18.617807,31.870,can0  060  [32]  00 00 00 00 DB 2C 4D 08 34 04 B8 10 00 00 10 0E FF 01 00 00 00 00 00 00 01 00 00 00 00 00 00 00
2026-07-26T15:57:18.622188,31.875,can0  040  [04]  13 00 32 00
2026-07-26T15:57:18.718087,31.971,can0  204  [16]  28 58 B1 FF 0F 95 1A DF 28 23 30 75 30 75 00 00
2026-07-26T15:57:18.718424,31.971,can0  204  [16]  28 58 B1 FF 0F 95 1A DF 28 23 30 75 30 75 00 00
2026-07-26T15:57:18.818664,32.071,can0  041  [04]  1A 00 35 00
2026-07-26T15:57:18.818718,32.071,can0  204  [16]  28 58 B1 FF 0F 95 1A DF 28 23 30 75 30 75 00 00
2026-07-26T15:57:18.818750,32.071,can0  070  [20]  DB 2C 4D 08 E0 AE 62 03 50 46 00 00 39 16 00 00 0B 00 00 00
2026-07-26T15:57:18.818784,32.071,can0  204  [16]  28 58 B1 FF 0F 95 1A DF 28 23 30 75 30 75 00 00
2026-07-26T15:57:18.819406,32.072,can0  040  [04]  12 00 2D 00
2026-07-26T15:57:18.922812,32.175,can0  204  [16]  28 58 B1 FF 0F 95 1A DF 28 23 30 75 30 75 00 00
2026-07-26T15:57:18.922881,32.175,can0  040  [04]  12 00 2D 00
2026-07-26T15:57:18.922916,32.176,can0  204  [16]  28 58 B1 FF 0F 95 1A DF 28 23 30 75 30 75 00 00
2026-07-26T15:57:19.018311,32.271,can0  070  [20]  DB 2C 4D 08 E0 AE 62 03 50 46 00 00 39 16 00 00 0B 00 00 00
2026-07-26T15:57:19.018575,32.271,can0  204  [16]  28 58 B1 FF 0F 95 1A DF 28 23 30 75 30 75 00 00
2026-07-26T15:57:19.018775,32.271,can0  041  [04]  1D 00 36 00
2026-07-26T15:57:19.018996,32.272,can0  204  [16]  28 58 B1 FF 0F 95 1A DF 28 23 30 75 30 75 00 00
2026-07-26T15:57:19.118408,32.371,can0  204  [16]  28 58 B1 FF 0F 95 1A DF 28 23 30 75 30 75 00 00
2026-07-26T15:57:19.118908,32.372,can0  040  [04]  0D 00 2F 00
2026-07-26T15:57:19.118960,32.372,can0  060  [32]  00 00 00 00 00 00 00 00 00 00 00 00 00 00 00 00 00 00 00 00 00 00 00 00 00 00 00 00 00 00 00 00
2026-07-26T15:57:19.119275,32.372,can0  204  [16]  28 58 B1 FF 0F 95 1A DF 28 23 30 75 30 75 00 00
2026-07-26T15:57:19.125822,32.378,can0  040  [04]  0D 00 2F 00
2026-07-26T15:57:19.218932,32.472,can0  070  [20]  D9 2C 4D 08 E1 AE 62 03 38 4A 00 00 39 16 00 00 1E 00 00 00
2026-07-26T15:57:19.219452,32.472,can0  204  [16]  28 58 B1 FF 0F 95 1A DF 28 23 30 75 30 75 00 00
2026-07-26T15:57:19.219534,32.472,can0  070  [20]  D9 2C 4D 08 E1 AE 62 03 38 4A 00 00 39 16 00 00 1F 00 00 00
2026-07-26T15:57:19.219573,32.472,can0  204  [16]  28 58 B1 FF 0F 95 1A DF 28 23 30 75 30 75 00 00
2026-07-26T15:57:19.318356,32.571,can0  204  [16]  28 58 B1 FF 0F 95 1A DF 28 23 30 75 30 75 00 00
2026-07-26T15:57:19.318574,32.571,can0  041  [04]  1F 00 35 00
2026-07-26T15:57:19.318728,32.571,can0  070  [20]  D9 2C 4D 08 E1 AE 62 03 38 4A 00 00 39 16 00 00 1F 00 00 00
2026-07-26T15:57:19.318887,32.572,can0  204  [16]  28 58 B1 FF 0F 95 1A DF 28 23 30 75 30 75 00 00
2026-07-26T15:57:19.418235,32.671,can0  040  [04]  15 00 2F 00
2026-07-26T15:57:19.418439,32.671,can0  204  [16]  28 58 B1 FF 0F 95 1A DF 28 23 30 75 30 75 00 00
2026-07-26T15:57:19.418576,32.671,can0  040  [04]  15 00 2F 00
2026-07-26T15:57:19.418752,32.671,can0  204  [16]  28 58 B1 FF 0F 95 1A DF 28 23 30 75 30 75 00 00
2026-07-26T15:57:19.518224,32.771,can0  100  [03]  0F 71 04
2026-07-26T15:57:19.518500,32.771,can0  204  [16]  28 58 B1 FF 0F 95 1A DF 28 23 30 75 30 75 00 00
2026-07-26T15:57:19.518682,32.771,can0  110  [02]  14 1B
2026-07-26T15:57:19.518848,32.771,can0  120  [04]  50 19 00 00
2026-07-26T15:57:19.519094,32.772,can0  204  [16]  28 58 B1 FF 0F 95 1A DF 28 23 30 75 30 75 00 00
2026-07-26T15:57:19.617843,32.870,can0  041  [04]  24 00 31 00
2026-07-26T15:57:19.618081,32.871,can0  204  [16]  28 58 B1 FF 0F 95 1A DF 28 23 30 75 30 75 00 00
2026-07-26T15:57:19.618296,32.871,can0  060  [32]  00 00 00 00 D9 2C 4D 08 36 04 B8 10 00 00 10 0E FF 01 00 00 00 00 00 00 01 00 00 00 00 00 00 00
2026-07-26T15:57:19.618746,32.871,can0  040  [04]  13 00 2A 00
2026-07-26T15:57:19.618933,32.872,can0  204  [16]  28 58 B1 FF 0F 95 1A DF 28 23 30 75 30 75 00 00
2026-07-26T15:57:19.717637,32.970,can0  204  [16]  28 58 B1 FF 0F 95 1A DF 28 23 30 75 30 75 00 00
2026-07-26T15:57:19.717794,32.970,can0  040  [04]  13 00 2A 00
2026-07-26T15:57:19.717965,32.971,can0  204  [16]  28 58 B1 FF 0F 95 1A DF 28 23 30 75 30 75 00 00
2026-07-26T15:57:19.817878,33.071,can0  204  [16]  28 58 B1 FF 0F 95 1A DF 28 23 30 75 30 75 00 00
2026-07-26T15:57:19.818314,33.071,can0  070  [20]  D9 2C 4D 08 E1 AE 62 03 38 4A 00 00 39 16 00 00 1F 00 00 00
2026-07-26T15:57:19.818356,33.071,can0  041  [04]  23 00 30 00
2026-07-26T15:57:19.818499,33.071,can0  204  [16]  28 58 B1 FF 0F 95 1A DF 28 23 30 75 30 75 00 00
2026-07-26T15:57:19.918863,33.171,can0  204  [16]  28 58 B1 FF 0F 95 1A DF 28 23 30 75 30 75 00 00
2026-07-26T15:57:19.919051,33.172,can0  040  [04]  15 00 28 00
2026-07-26T15:57:19.922630,33.175,can0  204  [16]  28 58 B1 FF 0F 95 1A DF 28 23 30 75 30 75 00 00
2026-07-26T15:57:20.018362,33.271,can0  070  [20]  D9 2C 4D 08 E1 AE 62 03 38 4A 00 00 39 16 00 00 1F 00 00 00
2026-07-26T15:57:20.018541,33.271,can0  040  [04]  15 00 28 00
2026-07-26T15:57:20.018746,33.271,can0  204  [16]  28 58 B1 FF 0F 95 1A DF 28 23 30 75 30 75 00 00
2026-07-26T15:57:20.018940,33.272,can0  204  [16]  28 58 B1 FF 0F 95 1A DF 28 23 30 75 30 75 00 00
2026-07-26T15:57:20.118298,33.371,can0  041  [04]  21 00 2D 00
2026-07-26T15:57:20.118510,33.371,can0  204  [16]  28 58 B1 FF 0F 95 1A DF 28 23 30 75 30 75 00 00
2026-07-26T15:57:20.118705,33.371,can0  204  [16]  28 58 B1 FF 0F 95 1A DF 28 23 30 75 30 75 00 00
2026-07-26T15:57:20.218274,33.471,can0  040  [04]  0A 00 23 00
2026-07-26T15:57:20.218489,33.471,can0  204  [16]  28 58 B1 FF 0F 95 1A DF 28 23 30 75 30 75 00 00
2026-07-26T15:57:20.218670,33.471,can0  070  [20]  D9 2C 4D 08 E3 AE 62 03 20 4E 00 00 39 16 00 00 27 00 00 00
2026-07-26T15:57:20.218827,33.471,can0  070  [20]  D9 2C 4D 08 E3 AE 62 03 20 4E 00 00 39 16 00 00 27 00 00 00
2026-07-26T15:57:20.218971,33.472,can0  040  [04]  0A 00 23 00
2026-07-26T15:57:20.219247,33.472,can0  204  [16]  28 58 B1 FF 0F 95 1A DF 28 23 30 75 30 75 00 00
2026-07-26T15:57:20.317480,33.570,can0  204  [16]  28 58 B1 FF 0F 95 1A DF 28 23 30 75 30 75 00 00
2026-07-26T15:57:20.325071,33.578,can0  070  [20]  D9 2C 4D 08 E3 AE 62 03 20 4E 00 00 39 16 00 00 27 00 00 00
2026-07-26T15:57:20.325359,33.578,can0  204  [16]  28 58 B1 FF 0F 95 1A DF 28 23 30 75 30 75 00 00
2026-07-26T15:57:20.325552,33.578,can0  041  [04]  19 00 24 00
2026-07-26T15:57:20.417586,33.670,can0  204  [16]  28 58 B1 FF 0F 95 1A DF 28 23 30 75 30 75 00 00
2026-07-26T15:57:20.417759,33.670,can0  040  [04]  04 00 24 00
2026-07-26T15:57:20.417916,33.671,can0  204  [16]  28 58 B1 FF 0F 95 1A DF 28 23 30 75 30 75 00 00
2026-07-26T15:57:20.517455,33.770,can0  040  [04]  04 00 24 00
2026-07-26T15:57:20.517628,33.770,can0  204  [16]  28 58 B1 FF 0F 95 1A DF 28 23 30 75 30 75 00 00
2026-07-26T15:57:20.517778,33.770,can0  204  [16]  28 58 B1 FF 0F 95 1A DF 28 23 30 75 30 75 00 00
2026-07-26T15:57:20.654665,33.907,can0  204  [16]  28 58 B1 FF 0F 95 1A DF 28 23 30 75 30 75 00 00
2026-07-26T15:57:20.654855,33.907,can0  041  [04]  16 00 23 00
2026-07-26T15:57:20.655007,33.908,can0  060  [32]  C9 5B D6 02 14 6A 4D 08 7D 27 66 03 07 00 85 02 33 01 FF 00 00 00 00 00 02 00 00 00 00 00 00 00
2026-07-26T15:57:20.655167,33.908,can0  060  [32]  00 00 00 00 D9 2C 4D 08 38 04 B8 10 00 00 10 0E FF 01 00 00 00 00 00 01 02 00 00 00 00 00 00 00
2026-07-26T15:57:20.655214,33.908,can0  204  [16]  28 58 B1 FF 0F 95 1A DF 28 23 30 75 30 75 00 00
2026-07-26T15:57:20.730090,33.983,can0  100  [03]  0F 71 04
2026-07-26T15:57:20.732790,33.985,can0  120  [04]  5F 19 00 00
2026-07-26T15:57:20.732825,33.985,can0  040  [04]  08 00 29 00
2026-07-26T15:57:20.732845,33.985,can0  204  [16]  28 58 B1 FF 0F 95 1A DF 28 23 30 75 30 75 00 00
2026-07-26T15:57:20.732864,33.985,can0  040  [04]  08 00 29 00
2026-07-26T15:57:20.732882,33.985,can0  204  [16]  28 58 B1 FF 0F 95 1A DF 28 23 30 75 30 75 00 00
2026-07-26T15:57:20.818902,34.072,can0  132  [00]
2026-07-26T15:57:20.822751,34.075,can0  204  [16]  28 58 B1 FF 0F 95 1A DF 28 23 30 75 30 75 00 00
2026-07-26T15:57:20.822783,34.075,can0  070  [20]  D9 2C 4D 08 E3 AE 62 03 20 4E 00 00 39 16 00 00 27 00 00 00
2026-07-26T15:57:20.822802,34.075,can0  204  [16]  28 58 B1 FF 0F 95 1A DF 28 23 30 75 30 75 00 00
2026-07-26T15:57:20.917631,34.170,can0  041  [04]  13 00 21 00
2026-07-26T15:57:20.917828,34.170,can0  204  [16]  28 58 B1 FF 0F 95 1A DF 28 23 30 75 30 75 00 00
2026-07-26T15:57:20.918012,34.171,can0  204  [16]  28 58 B1 FF 0F 95 1A DF 28 23 30 75 30 75 00 00
2026-07-26T15:57:21.023925,34.277,can0  070  [20]  D9 2C 4D 08 E3 AE 62 03 20 4E 00 00 39 16 00 00 27 00 00 00
2026-07-26T15:57:21.023992,34.277,can0  040  [04]  0D 00 2F 00
2026-07-26T15:57:21.024025,34.277,can0  204  [16]  28 58 B1 FF 0F 95 1A DF 28 23 30 75 30 75 00 00
2026-07-26T15:57:21.024064,34.277,can0  040  [04]  0D 00 2F 00
2026-07-26T15:57:21.024391,34.277,can0  204  [16]  28 58 B1 FF 0F 95 1A DF 28 23 30 75 30 75 00 00
2026-07-26T15:57:21.117595,34.370,can0  110  [02]  17 1B
2026-07-26T15:57:21.117748,34.370,can0  204  [16]  28 58 B1 FF 0F 95 1A DF 28 23 30 75 30 75 00 00
2026-07-26T15:57:21.117860,34.370,can0  060  [32]  00 00 00 00 00 00 00 00 00 00 00 00 00 00 00 00 00 00 00 00 00 00 00 00 00 00 00 00 00 00 00 00
2026-07-26T15:57:21.117984,34.371,can0  041  [04]  14 00 1E 00
2026-07-26T15:57:21.121834,34.374,can0  204  [16]  28 58 B1 FF 0F 95 1A DF 28 23 30 75 30 75 00 00
2026-07-26T15:57:21.217549,34.470,can0  070  [20]  D9 2C 4D 08 E3 AE 62 03 08 52 00 00 39 16 00 00 2B 00 00 00
2026-07-26T15:57:21.217702,34.470,can0  204  [16]  28 58 B1 FF 0F 95 1A DF 28 23 30 75 30 75 00 00
2026-07-26T15:57:21.217816,34.470,can0  070  [20]  D9 2C 4D 08 E3 AE 62 03 08 52 00 00 39 16 00 00 2C 00 00 00
2026-07-26T15:57:21.217947,34.471,can0  040  [04]  16 00 29 00
2026-07-26T15:57:21.218146,34.471,can0  204  [16]  28 58 B1 FF 0F 95 1A DF 28 23 30 75 30 75 00 00
2026-07-26T15:57:21.318088,34.571,can0  040  [04]  16 00 29 00
2026-07-26T15:57:21.318254,34.571,can0  204  [16]  28 58 B1 FF 0F 95 1A DF 28 23 30 75 30 75 00 00
2026-07-26T15:57:21.318390,34.571,can0  070  [20]  D9 2C 4D 08 E3 AE 62 03 08 52 00 00 39 16 00 00 2C 00 00 00
2026-07-26T15:57:21.318528,34.571,can0  204  [16]  28 58 B1 FF 0F 95 1A DF 28 23 30 75 30 75 00 00
2026-07-26T15:57:21.417831,34.670,can0  204  [16]  28 58 B1 FF 0F 95 1A DF 28 23 30 75 30 75 00 00
2026-07-26T15:57:21.417959,34.671,can0  041  [04]  11 00 1B 00
2026-07-26T15:57:21.517732,34.770,can0  204  [16]  28 58 B1 FF 0F 95 1A DF 28 23 30 75 30 75 00 00
2026-07-26T15:57:21.517873,34.770,can0  040  [04]  1A 00 23 00
2026-07-26T15:57:21.518005,34.771,can0  204  [16]  28 58 B1 FF 0F 95 1A DF 28 23 30 75 30 75 00 00
2026-07-26T15:57:21.518117,34.771,can0  040  [04]  1A 00 23 00
2026-07-26T15:57:21.618139,34.871,can0  204  [16]  28 58 B1 FF 0F 95 1A DF 28 23 30 75 30 75 00 00
2026-07-26T15:57:21.618357,34.871,can0  204  [16]  28 58 B1 FF 0F 95 1A DF 28 23 30 75 30 75 00 00
2026-07-26T15:57:21.618488,34.871,can0  060  [32]  00 00 00 00 D9 2C 4D 08 38 04 B8 10 00 00 10 0E FF 01 00 00 00 00 00 00 01 00 00 00 00 00 00 00
2026-07-26T15:57:21.718628,34.971,can0  204  [16]  28 58 B1 FF 0F 95 1A DF 28 23 30 75 30 75 00 00
2026-07-26T15:57:21.718867,34.971,can0  041  [04]  0A 00 1F 00
2026-07-26T15:57:21.719157,34.972,can0  204  [16]  28 58 B1 FF 0F 95 1A DF 28 23 30 75 30 75 00 00
2026-07-26T15:57:21.817626,35.070,can0  204  [16]  28 58 B1 FF 0F 95 1A DF 28 23 30 75 30 75 00 00
2026-07-26T15:57:21.817865,35.070,can0  040  [04]  23 00 17 00
2026-07-26T15:57:21.818016,35.071,can0  204  [16]  28 58 B1 FF 0F 95 1A DF 28 23 30 75 30 75 00 00
2026-07-26T15:57:21.818366,35.071,can0  070  [20]  D9 2C 4D 08 E3 AE 62 03 08 52 00 00 39 16 00 00 2C 00 00 00
2026-07-26T15:57:21.818424,35.071,can0  040  [04]  23 00 17 00
2026-07-26T15:57:21.918535,35.171,can0  204  [16]  28 58 B1 FF 0F 95 1A DF 28 23 30 75 30 75 00 00
2026-07-26T15:57:21.918744,35.171,can0  100  [03]  10 71 04
2026-07-26T15:57:21.923898,35.177,can0  120  [04]  6C 19 00 00
2026-07-26T15:57:21.923960,35.177,can0  204  [16]  28 58 B1 FF 0F 95 1A DF 28 23 30 75 30 75 00 00
2026-07-26T15:57:21.924989,35.178,can0  041  [04]  10 00 26 00
2026-07-26T15:57:21.925089,35.178,can0  070  [20]  D9 2C 4D 08 E3 AE 62 03 08 52 00 00 39 16 00 00 2C 00 00 00
2026-07-26T15:57:22.018366,35.271,can0  204  [16]  28 58 B1 FF 0F 95 1A DF 28 23 30 75 30 75 00 00
2026-07-26T15:57:22.019179,35.272,can0  204  [16]  28 58 B1 FF 0F 95 1A DF 28 23 30 75 30 75 00 00
2026-07-26T15:57:22.019331,35.272,can0  040  [04]  1E 00 13 00
2026-07-26T15:57:22.117743,35.370,can0  204  [16]  28 58 B1 FF 0F 95 1A DF 28 23 30 75 30 75 00 00
2026-07-26T15:57:22.117853,35.370,can0  040  [04]  1E 00 13 00
2026-07-26T15:57:22.117999,35.371,can0  204  [16]  28 58 B1 FF 0F 95 1A DF 28 23 30 75 30 75 00 00
2026-07-26T15:57:22.118106,35.371,can0  060  [32]  00 00 00 00 00 00 00 00 00 00 00 00 00 00 00 00 00 00 00 00 00 00 00 00 00 00 00 00 00 00 00 00
2026-07-26T15:57:22.218063,35.471,can0  204  [16]  28 58 B1 FF 0F 95 1A DF 28 23 30 75 30 75 00 00
2026-07-26T15:57:22.223360,35.476,can0  070  [20]  D8 2C 4D 08 E5 AE 62 03 F0 55 00 00 39 16 00 00 07 00 00 00
2026-07-26T15:57:22.223454,35.476,can0  204  [16]  28 58 B1 FF 0F 95 1A DF 28 23 30 75 30 75 00 00
2026-07-26T15:57:22.223493,35.476,can0  041  [04]  16 00 2D 00
2026-07-26T15:57:22.223528,35.476,can0  070  [20]  D8 2C 4D 08 E5 AE 62 03 F0 55 00 00 39 16 00 00 08 00 00 00
2026-07-26T15:57:22.317759,35.570,can0  204  [16]  28 58 B1 FF 0F 95 1A DF 28 23 30 75 30 75 00 00
2026-07-26T15:57:22.317921,35.571,can0  070  [20]  D8 2C 4D 08 E5 AE 62 03 F0 55 00 00 39 16 00 00 08 00 00 00
2026-07-26T15:57:22.318077,35.571,can0  040  [04]  06 00 1D 00
2026-07-26T15:57:22.318257,35.571,can0  204  [16]  28 58 B1 FF 0F 95 1A DF 28 23 30 75 30 75 00 00
2026-07-26T15:57:22.318386,35.571,can0  040  [04]  06 00 1D 00
2026-07-26T15:57:22.417984,35.671,can0  204  [16]  28 58 B1 FF 0F 95 1A DF 28 23 30 75 30 75 00 00
2026-07-26T15:57:22.422113,35.675,can0  204  [16]  28 58 B1 FF 0F 95 1A DF 28 23 30 75 30 75 00 00
2026-07-26T15:57:22.517543,35.770,can0  204  [16]  28 58 B1 FF 0F 95 1A DF 28 23 30 75 30 75 00 00
2026-07-26T15:57:22.517678,35.770,can0  041  [04]  19 00 2A 00
2026-07-26T15:57:22.517818,35.770,can0  204  [16]  28 58 B1 FF 0F 95 1A DF 28 23 30 75 30 75 00 00
2026-07-26T15:57:22.521417,35.774,can0  040  [04]  65 01 1E 00
2026-07-26T15:57:22.618097,35.871,can0  204  [16]  28 58 B1 FF 0F 95 1A DF 28 23 30 75 30 75 00 00
2026-07-26T15:57:22.618315,35.871,can0  204  [16]  28 58 B1 FF 0F 95 1A DF 28 23 30 75 30 75 00 00
2026-07-26T15:57:22.618465,35.871,can0  040  [04]  65 01 1E 00
2026-07-26T15:57:22.618633,35.871,can0  060  [32]  00 00 00 00 00 00 00 00 00 00 00 00 00 00 00 00 00 00 00 00 00 00 00 00 00 00 00 00 00 00 00 00
2026-07-26T15:57:22.718108,35.971,can0  060  [32]  00 00 00 00 D8 2C 4D 08 39 04 B8 10 00 00 10 0E FF 01 00 00 00 00 00 00 01 00 00 00 00 00 00 00
2026-07-26T15:57:22.718618,35.971,can0  204  [16]  28 58 B1 FF 0F 95 1A DF 28 23 30 75 30 75 00 00
2026-07-26T15:57:22.718769,35.971,can0  110  [02]  15 1B
2026-07-26T15:57:22.719004,35.972,can0  204  [16]  28 58 B1 FF 0F 95 1A DF 28 23 30 75 30 75 00 00
2026-07-26T15:57:22.719143,35.972,can0  041  [04]  16 00 28 00
2026-07-26T15:57:22.818309,36.071,can0  204  [16]  28 58 B1 FF 0F 95 1A DF 28 23 30 75 30 75 00 00
2026-07-26T15:57:22.818453,36.071,can0  070  [20]  D8 2C 4D 08 E5 AE 62 03 F0 55 00 00 39 16 00 00 08 00 00 00
2026-07-26T15:57:22.818599,36.071,can0  040  [04]  65 01 26 00
2026-07-26T15:57:22.818733,36.071,can0  204  [16]  28 58 B1 FF 0F 95 1A DF 28 23 30 75 30 75 00 00
2026-07-26T15:57:22.918204,36.171,can0  204  [16]  28 58 B1 FF 0F 95 1A DF 28 23 30 75 30 75 00 00
2026-07-26T15:57:22.918316,36.171,can0  040  [04]  65 01 26 00
2026-07-26T15:57:22.918447,36.171,can0  204  [16]  28 58 B1 FF 0F 95 1A DF 28 23 30 75 30 75 00 00
2026-07-26T15:57:23.017472,36.270,can0  070  [20]  D8 2C 4D 08 E5 AE 62 03 F0 55 00 00 39 16 00 00 08 00 00 00
2026-07-26T15:57:23.017688,36.270,can0  204  [16]  28 58 B1 FF 0F 95 1A DF 28 23 30 75 30 75 00 00
2026-07-26T15:57:23.017893,36.271,can0  041  [04]  14 00 29 00
2026-07-26T15:57:23.018064,36.271,can0  204  [16]  28 58 B1 FF 0F 95 1A DF 28 23 30 75 30 75 00 00
2026-07-26T15:57:23.117950,36.371,can0  204  [16]  28 58 B1 FF 0F 95 1A DF 28 23 30 75 30 75 00 00
2026-07-26T15:57:23.118098,36.371,can0  100  [03]  10 71 04
2026-07-26T15:57:23.118251,36.371,can0  120  [04]  63 19 00 00
2026-07-26T15:57:23.118402,36.371,can0  040  [04]  06 00 2D 00
2026-07-26T15:57:23.118597,36.371,can0  204  [16]  28 58 B1 FF 0F 95 1A DF 28 23 30 75 30 75 00 00
2026-07-26T15:57:23.118730,36.371,can0  040  [04]  06 00 2D 00
2026-07-26T15:57:23.217723,36.470,can0  070  [20]  D8 2C 4D 08 E5 AE 62 03 D8 59 00 00 39 16 00 00 11 00 00 00
2026-07-26T15:57:23.217883,36.471,can0  060  [32]  00 00 00 00 00 00 00 00 00 00 00 00 00 00 00 00 00 00 00 00 00 00 00 00 00 00 00 00 00 00 00 00
2026-07-26T15:57:23.218071,36.471,can0  204  [16]  28 58 B1 FF 0F 95 1A DF 28 23 30 75 30 75 00 00
2026-07-26T15:57:23.218254,36.471,can0  070  [20]  D8 2C 4D 08 E5 AE 62 03 D8 59 00 00 39 16 00 00 11 00 00 00
2026-07-26T15:57:23.218426,36.471,can0  204  [16]  28 58 B1 FF 0F 95 1A DF 28 23 30 75 30 75 00 00
2026-07-26T15:57:23.317835,36.570,can0  041  [04]  18 00 2E 00
2026-07-26T15:57:23.318026,36.571,can0  204  [16]  28 58 B1 FF 0F 95 1A DF 28 23 30 75 30 75 00 00
2026-07-26T15:57:23.318412,36.571,can0  070  [20]  D8 2C 4D 08 E5 AE 62 03 D8 59 00 00 39 16 00 00 11 00 00 00
2026-07-26T15:57:23.318612,36.571,can0  204  [16]  28 58 B1 FF 0F 95 1A DF 28 23 30 75 30 75 00 00
2026-07-26T15:57:23.418107,36.671,can0  040  [04]  04 00 37 00
2026-07-26T15:57:23.421587,36.674,can0  204  [16]  28 58 B1 FF 0F 95 1A DF 28 23 30 75 30 75 00 00
2026-07-26T15:57:23.421617,36.674,can0  040  [04]  04 00 37 00
2026-07-26T15:57:23.421636,36.674,can0  204  [16]  28 58 B1 FF 0F 95 1A DF 28 23 30 75 30 75 00 00
2026-07-26T15:57:23.521408,36.774,can0  204  [16]  28 58 B1 FF 0F 95 1A DF 28 23 30 75 30 75 00 00
2026-07-26T15:57:23.521461,36.774,can0  204  [16]  28 58 B1 FF 0F 95 1A DF 28 23 30 75 30 75 00 00
2026-07-26T15:57:23.521483,36.774,can0  041  [04]  15 00 38 00
2026-07-26T15:57:23.618292,36.871,can0  204  [16]  28 58 B1 FF 0F 95 1A DF 28 23 30 75 30 75 00 00
2026-07-26T15:57:23.618477,36.871,can0  040  [04]  06 00 3C 00
2026-07-26T15:57:23.618671,36.871,can0  204  [16]  28 58 B1 FF 0F 95 1A DF 28 23 30 75 30 75 00 00
2026-07-26T15:57:23.718275,36.971,can0  060  [32]  00 00 00 00 00 00 00 00 00 00 00 00 00 00 00 00 00 00 00 00 00 00 00 00 00 00 00 00 00 00 00 00
2026-07-26T15:57:23.718483,36.971,can0  040  [04]  06 00 3C 00
2026-07-26T15:57:23.718658,36.971,can0  204  [16]  28 58 B1 FF 0F 95 1A DF 28 23 30 75 30 75 00 00
2026-07-26T15:57:23.718787,36.971,can0  060  [32]  00 00 00 00 D8 2C 4D 08 39 04 B8 10 00 00 10 0E FF 01 00 00 00 00 00 00 01 00 00 00 00 00 00 00
2026-07-26T15:57:23.719195,36.972,can0  204  [16]  28 58 B1 FF 0F 95 1A DF 28 23 30 75 30 75 00 00
2026-07-26T15:57:23.818450,37.071,can0  204  [16]  28 58 B1 FF 0F 95 1A DF 28 23 30 75 30 75 00 00
2026-07-26T15:57:23.818593,37.071,can0  070  [20]  D8 2C 4D 08 E5 AE 62 03 D8 59 00 00 39 16 00 00 11 00 00 00
2026-07-26T15:57:23.818728,37.071,can0  041  [04]  12 00 39 00
2026-07-26T15:57:23.818865,37.071,can0  204  [16]  28 58 B1 FF 0F 95 1A DF 28 23 30 75 30 75 00 00
2026-07-26T15:57:23.918321,37.171,can0  040  [04]  08 00 37 00
2026-07-26T15:57:23.918401,37.171,can0  204  [16]  28 58 B1 FF 0F 95 1A DF 28 23 30 75 30 75 00 00
2026-07-26T15:57:23.918438,37.171,can0  204  [16]  28 58 B1 FF 0F 95 1A DF 28 23 30 75 30 75 00 00
2026-07-26T15:57:23.918468,37.171,can0  070  [20]  D8 2C 4D 08 E5 AE 62 03 D8 59 00 00 39 16 00 00 11 00 00 00
2026-07-26T15:57:23.918504,37.171,can0  040  [04]  08 00 37 00
2026-07-26T15:57:24.017801,37.270,can0  204  [16]  28 58 B1 FF 0F 95 1A DF 28 23 30 75 30 75 00 00
2026-07-26T15:57:24.017978,37.271,can0  204  [16]  28 58 B1 FF 0F 95 1A DF 28 23 30 75 30 75 00 00
2026-07-26T15:57:24.117748,37.370,can0  041  [04]  14 00 39 00
2026-07-26T15:57:24.117935,37.371,can0  204  [16]  28 58 B1 FF 0F 95 1A DF 28 23 30 75 30 75 00 00
2026-07-26T15:57:24.118242,37.371,can0  204  [16]  28 58 B1 FF 0F 95 1A DF 28 23 30 75 30 75 00 00
2026-07-26T15:57:24.118285,37.371,can0  040  [04]  02 00 2C 00
2026-07-26T15:57:24.218705,37.471,can0  204  [16]  28 58 B1 FF 0F 95 1A DF 28 23 30 75 30 75 00 00
2026-07-26T15:57:24.218790,37.471,can0  070  [20]  D8 2C 4D 08 E5 AE 62 03 C0 5D 00 00 39 16 00 00 36 00 00 00
2026-07-26T15:57:24.218968,37.472,can0  060  [32]  00 00 00 00 00 00 00 00 00 00 00 00 00 00 00 00 00 00 00 00 00 00 00 00 00 00 00 00 00 00 00 00
2026-07-26T15:57:24.219209,37.472,can0  070  [20]  D8 2C 4D 08 E5 AE 62 03 C0 5D 00 00 39 16 00 00 35 00 00 00
2026-07-26T15:57:24.219415,37.472,can0  040  [04]  02 00 2C 00
2026-07-26T15:57:24.219669,37.472,can0  204  [16]  28 58 B1 FF 0F 95 1A DF 28 23 30 75 30 75 00 00
2026-07-26T15:57:24.317784,37.570,can0  100  [03]  12 71 04
2026-07-26T15:57:24.317884,37.571,can0  110  [02]  15 1B
2026-07-26T15:57:24.317980,37.571,can0  120  [04]  65 19 00 00
2026-07-26T15:57:24.318207,37.571,can0  070  [20]  D8 2C 4D 08 E5 AE 62 03 C0 5D 00 00 39 16 00 00 35 00 00 00
2026-07-26T15:57:24.318255,37.571,can0  204  [16]  28 58 B1 FF 0F 95 1A DF 28 23 30 75 30 75 00 00
2026-07-26T15:57:24.322067,37.575,can0  041  [04]  17 00 38 00
2026-07-26T15:57:24.322164,37.575,can0  204  [16]  28 58 B1 FF 0F 95 1A DF 28 23 30 75 30 75 00 00
2026-07-26T15:57:24.418436,37.671,can0  204  [16]  28 58 B1 FF 0F 95 1A DF 28 23 30 75 30 75 00 00
2026-07-26T15:57:24.418629,37.671,can0  040  [04]  67 01 28 00
2026-07-26T15:57:24.418847,37.671,can0  204  [16]  28 58 B1 FF 0F 95 1A DF 28 23 30 75 30 75 00 00
2026-07-26T15:57:24.518308,37.771,can0  040  [04]  67 01 28 00
2026-07-26T15:57:24.518510,37.771,can0  204  [16]  28 58 B1 FF 0F 95 1A DF 28 23 30 75 30 75 00 00
2026-07-26T15:57:24.518698,37.771,can0  204  [16]  28 58 B1 FF 0F 95 1A DF 28 23 30 75 30 75 00 00
2026-07-26T15:57:24.617604,37.870,can0  204  [16]  28 58 B1 FF 0F 95 1A DF 28 23 30 75 30 75 00 00
2026-07-26T15:57:24.617803,37.870,can0  041  [04]  13 00 39 00
2026-07-26T15:57:24.617966,37.871,can0  204  [16]  28 58 B1 FF 0F 95 1A DF 28 23 30 75 30 75 00 00
2026-07-26T15:57:24.717519,37.970,can0  060  [32]  00 00 00 00 D8 2C 4D 08 39 04 B8 10 00 00 10 0E FF 01 00 00 00 00 00 00 01 00 00 00 00 00 00 00
2026-07-26T15:57:24.718860,37.971,can0  040  [04]  03 00 2D 00
2026-07-26T15:57:24.719211,37.972,can0  204  [16]  28 58 B1 FF 0F 95 1A DF 28 23 30 75 30 75 00 00
2026-07-26T15:57:24.719359,37.972,can0  040  [04]  03 00 2D 00
2026-07-26T15:57:24.719591,37.972,can0  204  [16]  28 58 B1 FF 0F 95 1A DF 28 23 30 75 30 75 00 00
2026-07-26T15:57:24.819808,38.072,can0  070  [20]  D8 2C 4D 08 E5 AE 62 03 C0 5D 00 00 39 16 00 00 35 00 00 00
2026-07-26T15:57:24.820093,38.073,can0  204  [16]  28 58 B1 FF 0F 95 1A DF 28 23 30 75 30 75 00 00
2026-07-26T15:57:24.820310,38.073,can0  204  [16]  28 58 B1 FF 0F 95 1A DF 28 23 30 75 30 75 00 00
2026-07-26T15:57:24.917579,38.170,can0  041  [04]  13 00 38 00
2026-07-26T15:57:24.917788,38.170,can0  204  [16]  28 58 B1 FF 0F 95 1A DF 28 23 30 75 30 75 00 00
2026-07-26T15:57:24.917970,38.171,can0  204  [16]  28 58 B1 FF 0F 95 1A DF 28 23 30 75 30 75 00 00
2026-07-26T15:57:24.918145,38.171,can0  070  [20]  D8 2C 4D 08 E5 AE 62 03 C0 5D 00 00 39 16 00 00 35 00 00 00
2026-07-26T15:57:24.918292,38.171,can0  040  [04]  06 00 35 00
2026-07-26T15:57:25.018200,38.271,can0  040  [04]  06 00 35 00
2026-07-26T15:57:25.018406,38.271,can0  204  [16]  28 58 B1 FF 0F 95 1A DF 28 23 30 75 30 75 00 00
2026-07-26T15:57:25.018590,38.271,can0  204  [16]  28 58 B1 FF 0F 95 1A DF 28 23 30 75 30 75 00 00
2026-07-26T15:57:25.118340,38.371,can0  204  [16]  28 58 B1 FF 0F 95 1A DF 28 23 30 75 30 75 00 00
2026-07-26T15:57:25.118508,38.371,can0  041  [04]  10 00 35 00
2026-07-26T15:57:25.118691,38.371,can0  204  [16]  28 58 B1 FF 0F 95 1A DF 28 23 30 75 30 75 00 00
2026-07-26T15:57:25.218578,38.471,can0  070  [20]  D6 2C 4D 08 E5 AE 62 03 A8 61 00 00 39 16 00 00 36 00 00 00
2026-07-26T15:57:25.218769,38.471,can0  060  [32]  00 00 00 00 00 00 00 00 00 00 00 00 00 00 00 00 00 00 00 00 00 00 00 00 00 00 00 00 00 00 00 00
2026-07-26T15:57:25.218995,38.472,can0  204  [16]  28 58 B1 FF 0F 95 1A DF 28 23 30 75 30 75 00 00
2026-07-26T15:57:25.219191,38.472,can0  070  [20]  D6 2C 4D 08 E5 AE 62 03 A8 61 00 00 39 16 00 00 35 00 00 00
2026-07-26T15:57:25.219368,38.472,can0  040  [04]  05 00 35 00
2026-07-26T15:57:25.219552,38.472,can0  204  [16]  28 58 B1 FF 0F 95 1A DF 28 23 30 75 30 75 00 00
2026-07-26T15:57:25.317845,38.570,can0  040  [04]  05 00 35 00
2026-07-26T15:57:25.325232,38.578,can0  204  [16]  28 58 B1 FF 0F 95 1A DF 28 23 30 75 30 75 00 00
2026-07-26T15:57:25.325476,38.578,can0  070  [20]  D6 2C 4D 08 E5 AE 62 03 A8 61 00 00 39 16 00 00 35 00 00 00
2026-07-26T15:57:25.325726,38.578,can0  204  [16]  28 58 B1 FF 0F 95 1A DF 28 23 30 75 30 75 00 00
2026-07-26T15:57:25.417952,38.671,can0  204  [16]  28 58 B1 FF 0F 95 1A DF 28 23 30 75 30 75 00 00
2026-07-26T15:57:25.418014,38.671,can0  041  [04]  0D 00 33 00
2026-07-26T15:57:25.418045,38.671,can0  204  [16]  28 58 B1 FF 0F 95 1A DF 28 23 30 75 30 75 00 00
2026-07-26T15:57:25.517640,38.770,can0  100  [03]  15 71 04
2026-07-26T15:57:25.518505,38.771,can0  040  [04]  07 00 37 00
2026-07-26T15:57:25.518547,38.771,can0  120  [04]  47 19 00 00
2026-07-26T15:57:25.518592,38.771,can0  204  [16]  28 58 B1 FF 0F 95 1A DF 28 23 30 75 30 75 00 00
2026-07-26T15:57:25.521821,38.774,can0  040  [04]  07 00 37 00
2026-07-26T15:57:25.617756,38.870,can0  204  [16]  28 58 B1 FF 0F 95 1A DF 28 23 30 75 30 75 00 00
2026-07-26T15:57:25.617943,38.871,can0  204  [16]  28 58 B1 FF 0F 95 1A DF 28 23 30 75 30 75 00 00
2026-07-26T15:57:25.717848,38.970,can0  204  [16]  28 58 B1 FF 0F 95 1A DF 28 23 30 75 30 75 00 00
2026-07-26T15:57:25.718019,38.971,can0  041  [04]  0F 00 32 00
2026-07-26T15:57:25.718356,38.971,can0  060  [32]  00 00 00 00 00 00 00 00 00 00 00 00 00 00 00 00 00 00 00 00 00 00 00 00 00 00 00 00 00 00 00 00
2026-07-26T15:57:25.718388,38.971,can0  204  [16]  28 58 B1 FF 0F 95 1A DF 28 23 30 75 30 75 00 00
2026-07-26T15:57:25.718409,38.971,can0  060  [32]  00 00 00 00 D6 2C 4D 08 39 04 B8 10 00 00 10 0E FF 01 00 00 00 00 00 00 01 00 00 00 00 00 00 00
2026-07-26T15:57:25.817587,39.070,can0  204  [16]  28 58 B1 FF 0F 95 1A DF 28 23 30 75 30 75 00 00
2026-07-26T15:57:25.817733,39.070,can0  040  [04]  05 00 39 00
2026-07-26T15:57:25.817867,39.070,can0  070  [20]  D6 2C 4D 08 E5 AE 62 03 A8 61 00 00 39 16 00 00 35 00 00 00
2026-07-26T15:57:25.817986,39.071,can0  040  [04]  05 00 39 00
2026-07-26T15:57:25.818141,39.071,can0  204  [16]  28 58 B1 FF 0F 95 1A DF 28 23 30 75 30 75 00 00
2026-07-26T15:57:25.917966,39.171,can0  204  [16]  28 58 B1 FF 0F 95 1A DF 28 23 30 75 30 75 00 00
2026-07-26T15:57:25.918073,39.171,can0  110  [02]  15 1B
2026-07-26T15:57:25.918223,39.171,can0  204  [16]  28 58 B1 FF 0F 95 1A DF 28 23 30 75 30 75 00 00
2026-07-26T15:57:25.918328,39.171,can0  041  [04]  12 00 30 00
2026-07-26T15:57:25.918708,39.171,can0  070  [20]  D6 2C 4D 08 E5 AE 62 03 A8 61 00 00 39 16 00 00 35 00 00 00
2026-07-26T15:57:26.017824,39.270,can0  204  [16]  28 58 B1 FF 0F 95 1A DF 28 23 30 75 30 75 00 00
2026-07-26T15:57:26.018160,39.271,can0  204  [16]  28 58 B1 FF 0F 95 1A DF 28 23 30 75 30 75 00 00
2026-07-26T15:57:26.018201,39.271,can0  040  [04]  01 00 31 00
2026-07-26T15:57:26.118158,39.371,can0  204  [16]  28 58 B1 FF 0F 95 1A DF 28 23 30 75 30 75 00 00
2026-07-26T15:57:26.118274,39.371,can0  040  [04]  01 00 31 00
2026-07-26T15:57:26.118402,39.371,can0  204  [16]  28 58 B1 FF 0F 95 1A DF 28 23 30 75 30 75 00 00
2026-07-26T15:57:26.218470,39.471,can0  204  [16]  28 58 B1 FF 0F 95 1A DF 28 23 30 75 30 75 00 00
2026-07-26T15:57:26.218633,39.471,can0  070  [20]  D6 2C 4D 08 E6 AE 62 03 90 65 00 00 39 16 00 00 21 00 00 00
2026-07-26T15:57:26.218756,39.471,can0  041  [04]  17 00 31 00
2026-07-26T15:57:26.218903,39.472,can0  204  [16]  28 58 B1 FF 0F 95 1A DF 28 23 30 75 30 75 00 00
2026-07-26T15:57:26.219022,39.472,can0  070  [20]  D6 2C 4D 08 E6 AE 62 03 90 65 00 00 39 16 00 00 22 00 00 00
2026-07-26T15:57:26.219169,39.472,can0  060  [32]  00 00 00 00 00 00 00 00 00 00 00 00 00 00 00 00 00 00 00 00 00 00 00 00 00 00 00 00 00 00 00 00
2026-07-26T15:57:26.318455,39.571,can0  204  [16]  28 58 B1 FF 0F 95 1A DF 28 23 30 75 30 75 00 00
2026-07-26T15:57:26.318689,39.571,can0  070  [20]  D6 2C 4D 08 E6 AE 62 03 90 65 00 00 39 16 00 00 22 00 00 00
2026-07-26T15:57:26.318820,39.571,can0  040  [04]  01 00 2F 00
2026-07-26T15:57:26.318966,39.572,can0  204  [16]  28 58 B1 FF 0F 95 1A DF 28 23 30 75 30 75 00 00
2026-07-26T15:57:26.319079,39.572,can0  040  [04]  01 00 2F 00
2026-07-26T15:57:26.417566,39.670,can0  204  [16]  28 58 B1 FF 0F 95 1A DF 28 23 30 75 30 75 00 00
2026-07-26T15:57:26.417761,39.670,can0  204  [16]  28 58 B1 FF 0F 95 1A DF 28 23 30 75 30 75 00 00
