Timestamp,Elapsed_Time_s,CAN_Message
2026-07-11T17:49:45.011168,3.406,can0  204  [16]  91 23 1C D3 24 99 E9 F1 28 23 30 75 30 75 00 00
2026-07-11T17:49:45.013352,3.408,can0  206  [24]  BB 0C 72 09 CB 0C 99 C6 89 0A C6 0C D0 0C 00 00 00 00 00 00 00 00 00 00
2026-07-11T17:49:45.129153,3.524,can0  060  [32]  00 00 00 00 00 00 00 00 00 00 00 00 00 00 00 00 00 00 00 00 00 00 00 00 00 00 00 00 00 00 00 00
2026-07-11T17:49:45.129235,3.524,can0  204  [16]  91 23 1C D3 24 99 E9 F1 28 23 30 75 30 75 00 00
2026-07-11T17:49:45.129283,3.524,can0  204  [16]  91 23 1C D3 24 99 E9 F1 28 23 30 75 30 75 00 00
2026-07-11T17:49:45.220090,3.615,can0  041  [04]  F0 00 1C 00
2026-07-11T17:49:45.220367,3.615,can0  204  [16]  91 23 1C D3 24 99 E9 F1 28 23 30 75 30 75 00 00
2026-07-11T17:49:45.223627,3.619,can0  206  [24]  BB 0C 71 09 CF 0C 99 C6 88 0A C1 0C D0 0C 00 00 00 00 00 00 00 00 00 00
2026-07-11T17:49:45.223696,3.619,can0  040  [04]  45 01 05 00
2026-07-11T17:49:45.223743,3.619,can0  204  [16]  91 23 1C D3 24 99 E9 F1 28 23 30 75 30 75 00 00
2026-07-11T17:49:45.223786,3.619,can0  070  [20]  92 2C 4D 08 83 B1 62 03 98 B7 00 00 31 00 00 00 5B 00 00 00
2026-07-11T17:49:45.315193,3.710,can0  204  [16]  91 23 1C D3 24 99 E9 F1 28 23 30 75 30 75 00 00
2026-07-11T17:49:45.315476,3.710,can0  070  [20]  92 2C 4D 08 83 B1 62 03 98 B7 00 00 31 00 00 00 5B 00 00 00
2026-07-11T17:49:45.315713,3.711,can0  040  [04]  45 01 05 00
2026-07-11T17:49:45.315995,3.711,can0  204  [16]  91 23 1C D3 24 99 E9 F1 28 23 30 75 30 75 00 00
2026-07-11T17:49:45.414265,3.809,can0  206  [24]  BB 0C 71 09 CF 0C 99 C6 85 0A C1 0C D0 0C 00 00 00 00 00 00 00 00 00 00
2026-07-11T17:49:45.414518,3.809,can0  204  [16]  91 23 1C D3 24 99 E9 F1 28 23 30 75 30 75 00 00
2026-07-11T17:49:45.414771,3.810,can0  070  [20]  92 2C 4D 08 83 B1 62 03 98 B7 00 00 31 00 00 00 5B 00 00 00
2026-07-11T17:49:45.420341,3.815,can0  204  [16]  91 23 1C D3 24 99 E9 F1 28 23 30 75 30 75 00 00
2026-07-11T17:49:45.420428,3.815,can0  041  [04]  F3 00 1D 00
2026-07-11T17:49:45.513554,3.909,can0  204  [16]  91 23 1C D3 24 99 E9 F1 28 23 30 75 30 75 00 00
2026-07-11T17:49:45.513619,3.909,can0  040  [04]  18 00 02 00
2026-07-11T17:49:45.513686,3.909,can0  204  [16]  6E 23 1C D3 24 99 E9 F1 28 23 30 75 30 75 00 00
2026-07-11T17:49:45.518438,3.913,can0  206  [24]  C6 0C 71 09 CA 0C 99 C6 83 0A C1 0C CA 0C 00 00 00 00 00 00 00 00 00 00
2026-07-11T17:49:45.518490,3.913,can0  040  [04]  18 00 02 00
2026-07-11T17:49:45.610990,4.006,can0  060  [32]  00 00 00 00 00 00 00 00 00 00 00 00 00 00 00 00 00 00 00 00 00 00 00 00 00 00 00 00 00 00 00 00
2026-07-11T17:49:45.611453,4.006,can0  204  [16]  91 23 1C D3 24 99 E9 F1 28 23 30 75 30 75 00 00
2026-07-11T17:49:45.611502,4.006,can0  060  [32]  00 00 00 00 92 2C 4D 08 D7 06 B8 10 00 00 10 0E FF 01 00 00 00 00 00 00 01 00 00 00 00 00 00 00
2026-07-11T17:49:45.612135,4.007,can0  204  [16]  91 23 1C D3 24 99 E9 F1 28 23 30 75 30 75 00 00
2026-07-11T17:49:45.710693,4.106,can0  204  [16]  91 23 1C D3 24 99 E9 F1 28 23 30 75 30 75 00 00
2026-07-11T17:49:45.711733,4.107,can0  041  [04]  EF 00 19 00
2026-07-11T17:49:45.711782,4.107,can0  206  [24]  C6 0C 71 09 CF 0C 99 C6 82 0A C1 0C CA 0C 00 00 00 00 00 00 00 00 00 00
2026-07-11T17:49:45.717894,4.113,can0  204  [16]  91 23 1C D3 24 99 E9 F1 28 23 30 75 30 75 00 00
2026-07-11T17:49:45.811413,4.206,can0  040  [04]  B3 00 02 00
2026-07-11T17:49:45.811477,4.206,can0  204  [16]  91 23 1C D3 24 99 E9 F1 28 23 30 75 30 75 00 00
2026-07-11T17:49:45.811524,4.206,can0  040  [04]  B3 00 02 00
2026-07-11T17:49:45.811774,4.207,can0  204  [16]  91 23 1C D3 24 99 E9 F1 28 23 30 75 30 75 00 00
2026-07-11T17:49:45.912661,4.308,can0  206  [24]  C6 0C 72 09 C6 0C 99 C6 82 0A C6 0C CA 0C 00 00 00 00 00 00 00 00 00 00
2026-07-11T17:49:45.913198,4.308,can0  070  [20]  92 2C 4D 08 83 B1 62 03 98 B7 00 00 31 00 00 00 5B 00 00 00
2026-07-11T17:49:45.913248,4.308,can0  204  [16]  6E 23 1C D3 24 99 E9 F1 28 23 30 75 30 75 00 00
2026-07-11T17:49:45.918226,4.313,can0  204  [16]  91 23 1C D3 24 99 E9 F1 28 23 30 75 30 75 00 00
2026-07-11T17:49:46.010549,4.406,can0  041  [04]  E4 00 17 00
2026-07-11T17:49:46.010616,4.406,can0  204  [16]  91 23 1C D3 24 99 E9 F1 28 23 30 75 30 75 00 00
2026-07-11T17:49:46.013539,4.408,can0  040  [04]  DA 00 0A 00
2026-07-11T17:49:46.013592,4.409,can0  206  [24]  C0 0C 72 09 C6 0C 99 C6 83 0A CA 0C D0 0C 00 00 00 00 00 00 00 00 00 00
2026-07-11T17:49:46.013639,4.409,can0  204  [16]  91 23 1C D3 24 99 E9 F1 28 23 30 75 30 75 00 00
2026-07-11T17:49:46.018648,4.414,can0  100  [03]  32 7E 04
2026-07-11T17:49:46.110746,4.506,can0  120  [04]  00 00 00 00
2026-07-11T17:49:46.111236,4.506,can0  040  [04]  DA 00 0A 00
2026-07-11T17:49:46.111283,4.506,can0  204  [16]  91 23 1C D3 24 99 E9 F1 28 23 30 75 30 75 00 00
2026-07-11T17:49:46.111505,4.506,can0  060  [32]  00 00 00 00 00 00 00 00 00 00 00 00 00 00 00 00 00 00 00 00 00 00 00 00 00 00 00 00 00 00 00 00
2026-07-11T17:49:46.112032,4.507,can0  204  [16]  91 23 1C D3 24 99 E9 F1 28 23 30 75 30 75 00 00
2026-07-11T17:49:46.210763,4.606,can0  204  [16]  6E 23 1C D3 24 99 E9 F1 28 23 30 75 30 75 00 00
2026-07-11T17:49:46.213043,4.608,can0  206  [24]  C0 0C 72 09 C6 0C 99 C6 83 0A CA 0C D0 0C 00 00 00 00 00 00 00 00 00 00
2026-07-11T17:49:46.213326,4.608,can0  041  [04]  D3 00 16 00
2026-07-11T17:49:46.213637,4.609,can0  204  [16]  91 23 1C D3 24 99 E9 F1 28 23 30 75 30 75 00 00
2026-07-11T17:49:46.213857,4.609,can0  070  [20]  92 2C 4D 08 83 B1 62 03 80 BB 00 00 31 00 00 00 3D 00 00 00
2026-07-11T17:49:46.311684,4.707,can0  070  [20]  92 2C 4D 08 83 B1 62 03 80 BB 00 00 31 00 00 00 3C 00 00 00
2026-07-11T17:49:46.311753,4.707,can0  040  [04]  A5 00 0B 00
2026-07-11T17:49:46.311796,4.707,can0  204  [16]  91 23 1C D3 24 99 E9 F1 28 23 30 75 30 75 00 00
2026-07-11T17:49:46.311844,4.707,can0  040  [04]  A5 00 0B 00
2026-07-11T17:49:46.311948,4.707,can0  204  [16]  91 23 1C D3 24 99 E9 F1 28 23 30 75 30 75 00 00
2026-07-11T17:49:46.312256,4.707,can0  070  [20]  92 2C 4D 08 83 B1 62 03 80 BB 00 00 31 00 00 00 3C 00 00 00
2026-07-11T17:49:46.412755,4.808,can0  206  [24]  C5 0C 72 09 C1 0C 99 C6 84 0A CA 0C D0 0C 00 00 00 00 00 00 00 00 00 00
2026-07-11T17:49:46.413270,4.808,can0  204  [16]  6E 23 1C D3 24 99 E9 F1 28 23 30 75 30 75 00 00
2026-07-11T17:49:46.413331,4.808,can0  204  [16]  91 23 1C D3 24 99 E9 F1 28 23 30 75 30 75 00 00
2026-07-11T17:49:46.560731,4.956,can0  110  [02]  30 1B
2026-07-11T17:49:46.563532,4.958,can0  204  [16]  91 23 1C D3 24 99 E9 F1 28 23 30 75 30 75 00 00
2026-07-11T17:49:46.563588,4.959,can0  041  [04]  C7 00 17 00
2026-07-11T17:49:46.563633,4.959,can0  206  [24]  C5 0C 72 09 C1 0C 99 C6 85 0A CA 0C D0 0C 00 00 00 00 00 00 00 00 00 00
2026-07-11T17:49:46.568366,4.963,can0  204  [16]  91 23 1C D3 24 99 E9 F1 28 23 30 75 30 75 00 00
2026-07-11T17:49:46.568420,4.963,can0  040  [04]  91 00 11 00
2026-07-11T17:49:46.660913,5.056,can0  204  [16]  91 23 1C D3 24 99 E9 F1 28 23 30 75 30 75 00 00
2026-07-11T17:49:46.661093,5.056,can0  060  [32]  00 00 00 00 92 2C 4D 08 D7 06 B8 10 00 00 10 0E FF 01 00 00 00 00 00 00 01 00 00 00 00 00 00 00
2026-07-11T17:49:46.661525,5.056,can0  040  [04]  91 00 11 00
2026-07-11T17:49:46.661791,5.057,can0  204  [16]  91 23 1C D3 24 99 E9 F1 28 23 30 75 30 75 00 00
2026-07-11T17:49:46.711120,5.106,can0  204  [16]  6E 23 1C D3 24 99 E9 F1 28 23 30 75 30 75 00 00
2026-07-11T17:49:46.713591,5.109,can0  206  [24]  C5 0C 71 09 C6 0C 99 C6 84 0A C6 0C D0 0C 00 00 00 00 00 00 00 00 00 00
2026-07-11T17:49:46.718730,5.114,can0  204  [16]  6E 23 1C D3 24 99 E9 F1 28 23 30 75 30 75 00 00
2026-07-11T17:49:46.860687,5.256,can0  041  [04]  C5 00 19 00
2026-07-11T17:49:46.861100,5.256,can0  204  [16]  91 23 1C D3 24 99 E9 F1 28 23 30 75 30 75 00 00
2026-07-11T17:49:46.861149,5.256,can0  040  [04]  91 00 13 00
2026-07-11T17:49:46.861433,5.256,can0  204  [16]  6E 23 1C D3 24 99 E9 F1 28 23 30 75 30 75 00 00
2026-07-11T17:49:46.861689,5.257,can0  070  [20]  92 2C 4D 08 83 B1 62 03 80 BB 00 00 31 00 00 00 3C 00 00 00
2026-07-11T17:49:46.962770,5.358,can0  206  [24]  C0 0C 70 09 CA 0C 99 C6 83 0A C6 0C D0 0C 00 00 00 00 00 00 00 00 00 00
2026-07-11T17:49:46.963014,5.358,can0  040  [04]  91 00 13 00
2026-07-11T17:49:46.963314,5.358,can0  204  [16]  91 23 1C D3 24 99 E9 F1 28 23 30 75 30 75 00 00
2026-07-11T17:49:46.967944,5.363,can0  204  [16]  91 23 1C D3 24 99 E9 F1 28 23 30 75 30 75 00 00
2026-07-11T17:49:47.061335,5.456,can0  204  [16]  6E 23 1C D3 24 99 E9 F1 28 23 30 75 30 75 00 00
2026-07-11T17:49:47.065669,5.461,can0  206  [24]  C0 0C 71 09 CA 0C 99 C6 83 0A C6 0C D0 0C 00 00 00 00 00 00 00 00 00 00
2026-07-11T17:49:47.065770,5.461,can0  041  [04]  D0 00 1B 00
2026-07-11T17:49:47.072425,5.467,can0  204  [16]  91 23 1C D3 24 99 E9 F1 28 23 30 75 30 75 00 00
2026-07-11T17:49:47.118600,5.514,can0  040  [04]  99 00 14 00
2026-07-11T17:49:47.118889,5.514,can0  204  [16]  91 23 1C D3 24 99 E9 F1 28 23 30 75 30 75 00 00
2026-07-11T17:49:47.119144,5.514,can0  040  [04]  99 00 14 00
2026-07-11T17:49:47.119439,5.514,can0  204  [16]  91 23 1C D3 24 99 E9 F1 28 23 30 75 30 75 00 00
2026-07-11T17:49:47.262729,5.658,can0  206  [24]  C0 0C 72 09 CF 0C 99 C6 84 0A C1 0C D0 0C 00 00 00 00 00 00 00 00 00 00
2026-07-11T17:49:47.263021,5.658,can0  204  [16]  91 23 1C D3 24 99 E9 F1 28 23 30 75 30 75 00 00
2026-07-11T17:49:47.263307,5.658,can0  204  [16]  91 23 1C D3 24 99 E9 F1 28 23 30 75 30 75 00 00
2026-07-11T17:49:47.361036,5.756,can0  100  [03]  31 7E 04
2026-07-11T17:49:47.361615,5.757,can0  070  [20]  92 2C 4D 08 83 B1 62 03 68 BF 00 00 31 00 00 00 43 00 00 00
2026-07-11T17:49:47.362442,5.757,can0  120  [04]  00 00 00 00
2026-07-11T17:49:47.362489,5.757,can0  070  [20]  92 2C 4D 08 83 B1 62 03 68 BF 00 00 31 00 00 00 43 00 00 00
2026-07-11T17:49:47.362536,5.757,can0  041  [04]  CC 00 1A 00
2026-07-11T17:49:47.362577,5.758,can0  204  [16]  91 23 1C D3 24 99 E9 F1 28 23 30 75 30 75 00 00
2026-07-11T17:49:47.362618,5.758,can0  204  [16]  6E 23 1C D3 24 99 E9 F1 28 23 30 75 30 75 00 00
2026-07-11T17:49:47.362796,5.758,can0  040  [04]  99 00 12 00
2026-07-11T17:49:47.462833,5.858,can0  206  [24]  C1 0C 71 09 D4 0C 99 C6 85 0A C1 0C CA 0C 00 00 00 00 00 00 00 00 00 00
2026-07-11T17:49:47.463126,5.858,can0  070  [20]  92 2C 4D 08 83 B1 62 03 68 BF 00 00 31 00 00 00 43 00 00 00
2026-07-11T17:49:47.463426,5.858,can0  204  [16]  91 23 1C D3 24 99 E9 F1 28 23 30 75 30 75 00 00
2026-07-11T17:49:47.463703,5.859,can0  040  [04]  99 00 12 00
2026-07-11T17:49:47.463932,5.859,can0  060  [32]  26 6B D6 02 1F BD 4D 08 AB 1E 64 03 00 00 B2 0C 07 00 80 00 00 00 00 00 02 00 00 00 00 00 00 00
2026-07-11T17:49:47.464171,5.859,can0  060  [32]  73 ED D5 02 BF B9 4D 08 38 1E 64 03 00 00 A5 07 FF 01 00 00 00 00 00 01 02 00 00 00 00 00 00 00
2026-07-11T17:49:47.464693,5.860,can0  204  [16]  91 23 1C D3 24 99 E9 F1 28 23 30 75 30 75 00 00
2026-07-11T17:49:47.513702,5.909,can0  204  [16]  6E 23 1C D3 24 99 E9 F1 28 23 30 75 30 75 00 00
2026-07-11T17:49:47.516294,5.911,can0  206  [24]  C0 0C 73 09 CF 0C 99 C6 85 0A C1 0C D0 0C 00 00 00 00 00 00 00 00 00 00
2026-07-11T17:49:47.516531,5.911,can0  204  [16]  91 23 1C D3 24 99 E9 F1 28 23 30 75 30 75 00 00
2026-07-11T17:49:47.661167,6.056,can0  041  [04]  CD 00 19 00
2026-07-11T17:49:47.661413,6.056,can0  204  [16]  91 23 1C D3 24 99 E9 F1 28 23 30 75 30 75 00 00
2026-07-11T17:49:47.661727,6.057,can0  040  [04]  89 00 0F 00
2026-07-11T17:49:47.662039,6.057,can0  204  [16]  91 23 1C D3 24 99 E9 F1 28 23 30 75 30 75 00 00
2026-07-11T17:49:47.766066,6.161,can0  040  [04]  89 00 0F 00
2026-07-11T17:49:47.769254,6.164,can0  206  [24]  BB 0C 74 09 D4 0C 99 C6 87 0A C1 0C D0 0C 00 00 00 00 00 00 00 00 00 00
2026-07-11T17:49:47.769668,6.165,can0  204  [16]  91 23 1C D3 24 99 E9 F1 28 23 30 75 30 75 00 00
2026-07-11T17:49:47.815438,6.210,can0  204  [16]  91 23 1C D3 24 99 E9 F1 28 23 30 75 30 75 00 00
2026-07-11T17:49:47.816173,6.211,can0  204  [16]  91 23 1C D3 24 99 E9 F1 28 23 30 75 30 75 00 00
2026-07-11T17:49:47.816262,6.211,can0  041  [04]  D8 00 1A 00
2026-07-11T17:49:47.818936,6.214,can0  204  [16]  91 23 1C D3 24 99 E9 F1 28 23 30 75 30 75 00 00
2026-07-11T17:49:47.819013,6.214,can0  206  [24]  C0 0C 73 09 CF 0C 99 C6 87 0A C1 0C D0 0C 00 00 00 00 00 00 00 00 00 00
2026-07-11T17:49:47.961152,6.356,can0  070  [20]  92 2C 4D 08 83 B1 62 03 68 BF 00 00 31 00 00 00 43 00 00 00
2026-07-11T17:49:47.961470,6.356,can0  040  [04]  8D 00 0D 00
2026-07-11T17:49:47.961789,6.357,can0  204  [16]  91 23 1C D3 24 99 E9 F1 28 23 30 75 30 75 00 00
2026-07-11T17:49:47.962142,6.357,can0  040  [04]  8D 00 0D 00
2026-07-11T17:49:47.962481,6.357,can0  204  [16]  91 23 1C D3 24 99 E9 F1 28 23 30 75 30 75 00 00
2026-07-11T17:49:48.061005,6.456,can0  204  [16]  6E 23 1C D3 24 99 E9 F1 28 23 30 75 30 75 00 00
2026-07-11T17:49:48.064125,6.459,can0  206  [24]  C6 0C 72 09 CA 0C 99 C6 86 0A C6 0C CA 0C 00 00 00 00 00 00 00 00 00 00
2026-07-11T17:49:48.064503,6.459,can0  204  [16]  91 23 1C D3 24 99 E9 F1 28 23 30 75 30 75 00 00
2026-07-11T17:49:48.064774,6.460,can0  110  [02]  31 1B
2026-07-11T17:49:48.161021,6.556,can0  041  [04]  DE 00 1A 00
2026-07-11T17:49:48.161301,6.556,can0  204  [16]  6E 23 1C D3 24 99 E9 F1 28 23 30 75 30 75 00 00
2026-07-11T17:49:48.168955,6.564,can0  204  [16]  6E 23 1C D3 24 99 E9 F1 28 23 30 75 30 75 00 00
2026-07-11T17:49:48.260697,6.656,can0  040  [04]  8D 00 0D 00
2026-07-11T17:49:48.263742,6.659,can0  206  [24]  C0 0C 72 09 CA 0C 99 C6 82 0A C6 0C D0 0C 00 00 00 00 00 00 00 00 00 00
2026-07-11T17:49:48.264057,6.659,can0  204  [16]  91 23 1C D3 24 99 E9 F1 28 23 30 75 30 75 00 00
2026-07-11T17:49:48.264318,6.659,can0  040  [04]  8D 00 0D 00
2026-07-11T17:49:48.264592,6.660,can0  070  [20]  93 2C 4D 08 81 B1 62 03 50 C3 00 00 31 00 00 00 45 00 00 00
2026-07-11T17:49:48.270788,6.666,can0  204  [16]  6E 23 1C D3 24 99 E9 F1 28 23 30 75 30 75 00 00
2026-07-11T17:49:48.313209,6.708,can0  070  [20]  93 2C 4D 08 81 B1 62 03 50 C3 00 00 31 00 00 00 45 00 00 00
2026-07-11T17:49:48.313754,6.709,can0  204  [16]  91 23 1C D3 24 99 E9 F1 28 23 30 75 30 75 00 00
2026-07-11T17:49:48.317335,6.712,can0  206  [24]  D0 0C 71 09 CF 0C 99 C6 82 0A C1 0C C0 0C 00 00 00 00 00 00 00 00 00 00
2026-07-11T17:49:48.317392,6.712,can0  070  [20]  93 2C 4D 08 81 B1 62 03 50 C3 00 00 31 00 00 00 45 00 00 00
2026-07-11T17:49:48.317531,6.712,can0  041  [04]  DD 00 1A 00
2026-07-11T17:49:48.317789,6.713,can0  204  [16]  91 23 1C D3 24 99 E9 F1 28 23 30 75 30 75 00 00
2026-07-11T17:49:48.460384,6.855,can0  204  [16]  91 23 1C D3 24 99 E9 F1 28 23 30 75 30 75 00 00
2026-07-11T17:49:48.461041,6.856,can0  040  [04]  7A 00 09 00
2026-07-11T17:49:48.461094,6.856,can0  100  [03]  2E 7E 04
2026-07-11T17:49:48.461320,6.856,can0  120  [04]  00 00 00 00
2026-07-11T17:49:48.464738,6.860,can0  204  [16]  91 23 1C D3 24 99 E9 F1 28 23 30 75 30 75 00 00
2026-07-11T17:49:48.521337,6.916,can0  040  [04]  7A 00 09 00
2026-07-11T17:49:48.521783,6.917,can0  204  [16]  91 23 1C D3 24 99 E9 F1 28 23 30 75 30 75 00 00
2026-07-11T17:49:48.524628,6.920,can0  206  [24]  D0 0C 71 09 CF 0C 99 C6 82 0A C1 0C C0 0C 00 00 00 00 00 00 00 00 00 00
2026-07-11T17:49:48.661268,7.056,can0  204  [16]  91 23 1C D3 24 99 E9 F1 28 23 30 75 30 75 00 00
2026-07-11T17:49:48.661334,7.056,can0  204  [16]  6E 23 1C D3 24 99 E9 F1 28 23 30 75 30 75 00 00
2026-07-11T17:49:48.661380,7.056,can0  060  [32]  00 00 00 00 93 2C 4D 08 D6 06 B8 10 00 00 10 0E FF 01 00 00 00 00 00 00 01 00 00 00 00 00 00 00
2026-07-11T17:49:48.661523,7.056,can0  041  [04]  DD 00 1D 00
2026-07-11T17:49:48.760885,7.156,can0  204  [16]  6E 23 1C D3 24 99 E9 F1 28 23 30 75 30 75 00 00
2026-07-11T17:49:48.763404,7.158,can0  206  [24]  CB 0C 71 09 D4 0C 99 C6 82 0A BC 0C C0 0C 00 00 00 00 00 00 00 00 00 00
2026-07-11T17:49:48.763666,7.159,can0  040  [04]  5F 00 0D 00
2026-07-11T17:49:48.763921,7.159,can0  204  [16]  91 23 1C D3 24 99 E9 F1 28 23 30 75 30 75 00 00
2026-07-11T17:49:48.764190,7.159,can0  040  [04]  5F 00 0D 00
2026-07-11T17:49:48.860986,7.256,can0  204  [16]  91 23 1C D3 24 99 E9 F1 28 23 30 75 30 75 00 00
2026-07-11T17:49:48.863717,7.259,can0  204  [16]  91 23 1C D3 24 99 E9 F1 28 23 30 75 30 75 00 00
2026-07-11T17:49:48.867914,7.263,can0  206  [24]  CB 0C 71 09 D4 0C 99 C6 83 0A BC 0C C0 0C 00 00 00 00 00 00 00 00 00 00
2026-07-11T17:49:48.867989,7.263,can0  070  [20]  93 2C 4D 08 81 B1 62 03 50 C3 00 00 31 00 00 00 45 00 00 00
2026-07-11T17:49:48.960703,7.356,can0  204  [16]  6E 23 1C D3 24 99 E9 F1 28 23 30 75 30 75 00 00
2026-07-11T17:49:48.960902,7.356,can0  041  [04]  D1 00 18 00
2026-07-11T17:49:48.961223,7.356,can0  204  [16]  91 23 1C D3 24 99 E9 F1 28 23 30 75 30 75 00 00
2026-07-11T17:49:48.966669,7.362,can0  040  [04]  53 00 11 00
2026-07-11T17:49:49.060532,7.455,can0  204  [16]  91 23 1C D3 24 99 E9 F1 28 23 30 75 30 75 00 00
2026-07-11T17:49:49.060827,7.456,can0  040  [04]  53 00 11 00
2026-07-11T17:49:49.063408,7.458,can0  206  [24]  D5 0C 71 09 CF 0C 99 C6 86 0A C1 0C BC 0C 00 00 00 00 00 00 00 00 00 00
2026-07-11T17:49:49.063709,7.459,can0  204  [16]  6E 23 1C D3 24 99 E9 F1 28 23 30 75 30 75 00 00
2026-07-11T17:49:49.160891,7.556,can0  204  [16]  6E 23 1C D3 24 99 E9 F1 28 23 30 75 30 75 00 00
2026-07-11T17:49:49.166836,7.562,can0  060  [32]  00 00 00 00 00 00 00 00 00 00 00 00 00 00 00 00 00 00 00 00 00 00 00 00 00 00 00 00 00 00 00 00
2026-07-11T17:49:49.166906,7.562,can0  204  [16]  91 23 1C D3 24 99 E9 F1 28 23 30 75 30 75 00 00
2026-07-11T17:49:49.166950,7.562,can0  041  [04]  D0 00 19 00
2026-07-11T17:49:49.260351,7.655,can0  204  [16]  91 23 1C D3 24 99 E9 F1 28 23 30 75 30 75 00 00
2026-07-11T17:49:49.262912,7.658,can0  206  [24]  C6 0C 72 09 CA 0C 99 C6 86 0A C6 0C CA 0C 00 00 00 00 00 00 00 00 00 00
2026-07-11T17:49:49.263178,7.658,can0  040  [04]  45 00 12 00
2026-07-11T17:49:49.263469,7.658,can0  204  [16]  91 23 1C D3 24 99 E9 F1 28 23 30 75 30 75 00 00
2026-07-11T17:49:49.263721,7.659,can0  070  [20]  93 2C 4D 08 81 B1 62 03 38 C7 00 00 31 00 00 00 21 00 00 00
2026-07-11T17:49:49.360714,7.756,can0  204  [16]  6E 23 1C D3 24 99 E9 F1 28 23 30 75 30 75 00 00
2026-07-11T17:49:49.361189,7.756,can0  070  [20]  93 2C 4D 08 81 B1 62 03 38 C7 00 00 31 00 00 00 21 00 00 00
2026-07-11T17:49:49.361237,7.756,can0  040  [04]  45 00 12 00
2026-07-11T17:49:49.368373,7.763,can0  204  [16]  91 23 1C D3 24 99 E9 F1 28 23 30 75 30 75 00 00
2026-07-11T17:49:49.368445,7.763,can0  206  [24]  C6 0C 71 09 CA 0C 99 C6 85 0A C6 0C CA 0C 00 00 00 00 00 00 00 00 00 00
2026-07-11T17:49:49.461010,7.856,can0  204  [16]  6E 23 1C D3 24 99 E9 F1 28 23 30 75 30 75 00 00
2026-07-11T17:49:49.461298,7.856,can0  070  [20]  93 2C 4D 08 81 B1 62 03 38 C7 00 00 31 00 00 00 21 00 00 00
2026-07-11T17:49:49.461585,7.857,can0  204  [16]  6E 23 1C D3 24 99 E9 F1 28 23 30 75 30 75 00 00
2026-07-11T17:49:49.461807,7.857,can0  041  [04]  C8 00 19 00
2026-07-11T17:49:49.560533,7.955,can0  040  [04]  47 00 0C 00
2026-07-11T17:49:49.560598,7.956,can0  204  [16]  91 23 1C D3 24 99 E9 F1 28 23 30 75 30 75 00 00
2026-07-11T17:49:49.563055,7.958,can0  206  [24]  CA 0C 72 09 CB 0C 99 C6 85 0A C1 0C CA 0C 00 00 00 00 00 00 00 00 00 00
2026-07-11T17:49:49.563479,7.958,can0  204  [16]  6E 23 1C D3 24 99 E9 F1 28 23 30 75 30 75 00 00
2026-07-11T17:49:49.563524,7.958,can0  040  [04]  47 00 0C 00
2026-07-11T17:49:49.660450,8.055,can0  204  [16]  6E 23 1C D3 24 99 E9 F1 28 23 30 75 30 75 00 00
2026-07-11T17:49:49.660694,8.056,can0  060  [32]  00 00 00 00 00 00 00 00 00 00 00 00 00 00 00 00 00 00 00 00 00 00 00 00 00 00 00 00 00 00 00 00
2026-07-11T17:49:49.661064,8.056,can0  204  [16]  6E 23 1C D3 24 99 E9 F1 28 23 30 75 30 75 00 00
2026-07-11T17:49:49.661108,8.056,can0  060  [32]  00 00 00 00 93 2C 4D 08 D6 06 B8 10 00 00 10 0E FF 01 00 00 00 00 00 00 01 00 00 00 00 00 00 00
2026-07-11T17:49:49.661511,8.056,can0  100  [03]  2E 7E 04
2026-07-11T17:49:49.661783,8.057,can0  110  [02]  2F 1B
2026-07-11T17:49:49.662021,8.057,can0  120  [04]  00 00 00 00
2026-07-11T17:49:49.738019,8.133,can0   002  [04]  0d 85 30 10 0
2026-07-11T17:49:49.760748,8.156,can0  204  [16]  6E 23 1C D3 24 99 E9 F1 28 23 30 75 30 75 00 00
2026-07-11T17:49:49.763236,8.158,can0  206  [24]  CF 0C 72 09 CB 0C 99 C6 86 0A C1 0C C6 0C 00 00 00 00 00 00 00 00 00 00
2026-07-11T17:49:49.763494,8.158,can0  041  [04]  B5 00 19 00
2026-07-11T17:49:49.763729,8.159,can0  204  [16]  6E 23 1C D3 24 99 E9 F1 28 23 30 75 30 75 00 00
2026-07-11T17:49:49.764015,8.159,can0  040  [04]  36 00 0C 00
2026-07-11T17:49:49.860826,8.256,can0  204  [16]  91 23 1C D3 24 99 E9 F1 28 23 30 75 30 75 00 00
2026-07-11T17:49:49.861035,8.256,can0  002  [04]  D8 53 01 00
2026-07-11T17:49:49.861309,8.256,can0  040  [04]  36 00 0C 00
2026-07-11T17:49:49.861719,8.257,can0  204  [16]  91 23 1C D3 24 99 E9 F1 28 23 30 75 30 75 00 00
2026-07-11T17:49:49.864951,8.260,can0  206  [24]  CB 0C 72 09 CA 0C 99 C6 86 0A C6 0C C6 0C 00 00 00 00 00 00 00 00 00 00
2026-07-11T17:49:49.949558,8.345,can0   002  [04]  02 04 80 10 0
2026-07-11T17:49:49.960842,8.356,can0  070  [20]  93 2C 4D 08 81 B1 62 03 38 C7 00 00 31 00 00 00 21 00 00 00
2026-07-11T17:49:49.961119,8.356,can0  204  [16]  91 23 1C D3 24 99 E9 F1 28 23 30 75 30 75 00 00
2026-07-11T17:49:49.961491,8.356,can0  204  [16]  91 23 1C D3 24 99 E9 F1 28 23 30 75 30 75 00 00
2026-07-11T17:49:49.961780,8.357,can0  041  [04]  AB 00 18 00
2026-07-11T17:49:50.060225,8.455,can0  204  [16]  91 23 1C D3 24 99 E9 F1 28 23 30 75 30 75 00 00
2026-07-11T17:49:50.060455,8.455,can0  002  [04]  20 48 01 00
2026-07-11T17:49:50.063157,8.458,can0  206  [24]  C6 0C 72 09 CF 0C 99 C6 86 0A C1 0C CA 0C 00 00 00 00 00 00 00 00 00 00
2026-07-11T17:49:50.063435,8.458,can0  040  [04]  27 00 0C 00
2026-07-11T17:49:50.068716,8.464,can0  204  [16]  91 23 1C D3 24 99 E9 F1 28 23 30 75 30 75 00 00
2026-07-11T17:49:50.077147,8.472,can0   002  [04]  06 83 c0 10 0
2026-07-11T17:49:50.166710,8.562,can0  040  [04]  27 00 0C 00
2026-07-11T17:49:50.166785,8.562,can0  204  [16]  6E 23 1C D3 24 99 E9 F1 28 23 30 75 30 75 00 00
2026-07-11T17:49:50.166832,8.562,can0  002  [04]  68 3C 01 00
2026-07-11T17:49:50.166876,8.562,can0  204  [16]  91 23 1C D3 24 99 E9 F1 28 23 30 75 30 75 00 00
2026-07-11T17:49:50.234789,8.630,can0   002  [04]  0b 03 00 10 0
2026-07-11T17:49:50.263413,8.658,can0  206  [24]  C6 0C 72 09 CA 0C 99 C6 86 0A C6 0C CA 0C 00 00 00 00 00 00 00 00 00 00
2026-07-11T17:49:50.263480,8.658,can0  204  [16]  91 23 1C D3 24 99 E9 F1 28 23 30 75 30 75 00 00
2026-07-11T17:49:50.263688,8.659,can0  041  [04]  A0 00 1A 00
2026-07-11T17:49:50.263919,8.659,can0  204  [16]  91 23 1C D3 24 99 E9 F1 28 23 30 75 30 75 00 00
2026-07-11T17:49:50.267179,8.662,can0  070  [20]  93 2C 4D 08 81 B1 62 03 20 CB 00 00 31 00 00 00 14 00 00 00
2026-07-11T17:49:50.360401,8.755,can0  204  [16]  91 23 1C D3 24 99 E9 F1 28 23 30 75 30 75 00 00
2026-07-11T17:49:50.360472,8.755,can0  070  [20]  93 2C 4D 08 81 B1 62 03 20 CB 00 00 31 00 00 00 14 00 00 00
2026-07-11T17:49:50.360748,8.756,can0  040  [04]  1E 00 0C 00
2026-07-11T17:49:50.360954,8.756,can0  002  [04]  B0 30 01 00
2026-07-11T17:49:50.361232,8.756,can0  040  [04]  1E 00 0C 00
2026-07-11T17:49:50.361587,8.757,can0  204  [16]  91 23 1C D3 24 99 E9 F1 28 23 30 75 30 75 00 00
2026-07-11T17:49:50.364699,8.760,can0  206  [24]  C6 0C 71 09 CA 0C 99 C6 86 0A C6 0C CA 0C 00 00 00 00 00 00 00 00 00 00
2026-07-11T17:49:50.364957,8.760,can0  070  [20]  93 2C 4D 08 81 B1 62 03 20 CB 00 00 31 00 00 00 14 00 00 00
2026-07-11T17:49:50.384647,8.780,can0   002  [04]  0b 03 00 10 0
2026-07-11T17:49:50.466255,8.861,can0  204  [16]  6E 23 1C D3 24 99 E9 F1 28 23 30 75 30 75 00 00
2026-07-11T17:49:50.466331,8.861,can0  002  [04]  B0 30 01 00
2026-07-11T17:49:50.466375,8.861,can0  204  [16]  91 23 1C D3 24 99 E9 F1 28 23 30 75 30 75 00 00
2026-07-11T17:49:50.560804,8.956,can0  204  [16]  6E 23 1C D3 24 99 E9 F1 28 23 30 75 30 75 00 00
2026-07-11T17:49:50.563895,8.959,can0  041  [04]  9C 00 18 00
2026-07-11T17:49:50.563954,8.959,can0  206  [24]  C0 0C 71 09 CA 0C 99 C6 84 0A C6 0C D0 0C 00 00 00 00 00 00 00 00 00 00
2026-07-11T17:49:50.569620,8.965,can0  204  [16]  6E 23 1C D3 24 99 E9 F1 28 23 30 75 30 75 00 00
2026-07-11T17:49:50.569682,8.965,can0  040  [04]  18 00 0B 00
2026-07-11T17:49:50.581889,8.977,can0   002  [04]  0b 03 00 10 0
2026-07-11T17:49:50.660716,9.056,can0  204  [16]  91 23 1C D3 24 99 E9 F1 28 23 30 75 30 75 00 00
2026-07-11T17:49:50.661042,9.056,can0  040  [04]  18 00 0B 00
2026-07-11T17:49:50.661541,9.056,can0  002  [04]  B0 30 01 00
2026-07-11T17:49:50.661585,9.057,can0  204  [16]  6E 23 1C D3 24 99 E9 F1 28 23 30 75 30 75 00 00
2026-07-11T17:49:50.661755,9.057,can0  060  [32]  00 00 00 00 93 2C 4D 08 D6 06 B8 10 00 00 10 0E FF 01 00 00 00 00 00 00 01 00 00 00 00 00 00 00
2026-07-11T17:49:50.731692,9.127,can0   002  [04]  09 05 f0 10 0
2026-07-11T17:49:50.763525,9.158,can0  206  [24]  C0 0C 71 09 CF 0C 99 C6 84 0A C5 0C D0 0C 00 00 00 00 00 00 00 00 00 00
2026-07-11T17:49:50.763852,9.159,can0  204  [16]  91 23 1C D3 24 99 E9 F1 28 23 30 75 30 75 00 00
2026-07-11T17:49:50.764213,9.159,can0  204  [16]  91 23 1C D3 24 99 E9 F1 28 23 30 75 30 75 00 00
2026-07-11T17:49:50.764517,9.159,can0  041  [04]  9B 00 1A 00
2026-07-11T17:49:50.832412,9.227,can0  002  [04]  90 5F 01 00
2026-07-11T17:49:50.832513,9.227,can0  204  [16]  91 23 1C D3 24 99 E9 F1 28 23 30 75 30 75 00 00
2026-07-11T17:49:50.837703,9.233,can0  040  [04]  3E 00 05 00
2026-07-11T17:49:50.837806,9.233,can0  204  [16]  91 23 1C D3 24 99 E9 F1 28 23 30 75 30 75 00 00
2026-07-11T17:49:50.837891,9.233,can0  206  [24]  C0 0C 70 09 CA 0C 99 C6 84 0A C6 0C D0 0C 00 00 00 00 00 00 00 00 00 00
2026-07-11T17:49:50.838169,9.233,can0  070  [20]  93 2C 4D 08 81 B1 62 03 20 CB 00 00 31 00 00 00 14 00 00 00
2026-07-11T17:49:50.838671,9.234,can0  100  [03]  2A 7E 04
2026-07-11T17:49:50.838760,9.234,can0  120  [04]  00 00 00 00
2026-07-11T17:49:50.948592,9.344,can0  040  [04]  3E 00 05 00
2026-07-11T17:49:50.948884,9.344,can0  204  [16]  91 23 1C D3 24 99 E9 F1 28 23 30 75 30 75 00 00
2026-07-11T17:49:50.949170,9.344,can0  204  [16]  6E 23 1C D3 24 99 E9 F1 28 23 30 75 30 75 00 00
2026-07-11T17:49:51.038021,9.433,can0  204  [16]  91 23 1C D3 24 99 E9 F1 28 23 30 75 30 75 00 00
2026-07-11T17:49:51.041300,9.436,can0  206  [24]  C0 0C 70 09 C6 0C 99 C6 85 0A C6 0C D0 0C 00 00 00 00 00 00 00 00 00 00
2026-07-11T17:49:51.041626,9.437,can0  041  [04]  9F 00 15 00
2026-07-11T17:49:51.048086,9.443,can0  204  [16]  91 23 1C D3 24 99 E9 F1 28 23 30 75 30 75 00 00
2026-07-11T17:49:51.129592,9.525,can0  204  [16]  6E 23 1C D3 24 99 E9 F1 28 23 30 75 30 75 00 00
2026-07-11T17:49:51.129669,9.525,can0  040  [04]  0C 01 00 00
2026-07-11T17:49:51.129721,9.525,can0  040  [04]  0C 01 00 00
2026-07-11T17:49:51.129765,9.525,can0  204  [16]  6E 23 1C D3 24 99 E9 F1 28 23 30 75 30 75 00 00
2026-07-11T17:49:51.135485,9.530,can0  060  [32]  00 00 00 00 00 00 00 00 00 00 00 00 00 00 00 00 00 00 00 00 00 00 00 00 00 00 00 00 00 00 00 00
2026-07-11T17:49:51.226434,9.621,can0  206  [24]  C6 0C 70 09 C6 0C 99 C6 86 0A C6 0C CA 0C 00 00 00 00 00 00 00 00 00 00
2026-07-11T17:49:51.226987,9.622,can0  204  [16]  91 23 1C D3 24 99 E9 F1 28 23 30 75 30 75 00 00
2026-07-11T17:49:51.227042,9.622,can0  204  [16]  91 23 1C D3 24 99 E9 F1 28 23 30 75 30 75 00 00
2026-07-11T17:49:51.227631,9.623,can0  110  [02]  2F 1B
2026-07-11T17:49:51.227717,9.623,can0  070  [20]  93 2C 4D 08 7F B1 62 03 08 CF 00 00 31 00 00 00 36 00 00 00
2026-07-11T17:49:51.268707,9.664,can0   002  [04]  04 86 b0 10 0
2026-07-11T17:49:51.318349,9.713,can0  070  [20]  93 2C 4D 08 7F B1 62 03 08 CF 00 00 31 00 00 00 35 00 00 00
2026-07-11T17:49:51.318624,9.714,can0  041  [04]  B5 00 10 00
2026-07-11T17:49:51.318906,9.714,can0  204  [16]  6E 23 1C D3 24 99 E9 F1 28 23 30 75 30 75 00 00
2026-07-11T17:49:51.319110,9.714,can0  002  [04]  48 6B 01 00
2026-07-11T17:49:51.322813,9.718,can0  206  [24]  C6 0C 70 09 C6 0C 99 C6 86 0A C6 0C CA 0C 00 00 00 00 00 00 00 00 00 00
2026-07-11T17:49:51.323200,9.718,can0  204  [16]  91 23 1C D3 24 99 E9 F1 28 23 30 75 30 75 00 00
2026-07-11T17:49:51.323476,9.718,can0  040  [04]  F2 00 02 00
2026-07-11T17:49:51.455458,9.850,can0   002  [04]  04 86 b0 10 0
2026-07-11T17:49:51.460804,9.856,can0  070  [20]  93 2C 4D 08 7F B1 62 03 08 CF 00 00 31 00 00 00 35 00 00 00
2026-07-11T17:49:51.461101,9.856,can0  204  [16]  6E 23 1C D3 24 99 E9 F1 28 23 30 75 30 75 00 00
2026-07-11T17:49:51.461388,9.856,can0  040  [04]  F2 00 02 00
2026-07-11T17:49:51.461755,9.857,can0  204  [16]  6E 23 1C D3 24 99 E9 F1 28 23 30 75 30 75 00 00
2026-07-11T17:49:51.560343,9.955,can0  204  [16]  91 23 1C D3 24 99 E9 F1 28 23 30 75 30 75 00 00
2026-07-11T17:49:51.560672,9.956,can0  002  [04]  48 6B 01 00
2026-07-11T17:49:51.563965,9.959,can0  206  [24]  C1 0C 70 09 CB 0C 99 C6 85 0A C0 0C CA 0C 00 00 00 00 00 00 00 00 00 00
2026-07-11T17:49:51.569349,9.964,can0  204  [16]  6E 23 1C D3 24 99 E9 F1 28 23 30 75 30 75 00 00
2026-07-11T17:49:51.661003,10.056,can0  041  [04]  BF 00 0F 00
2026-07-11T17:49:51.662874,10.058,can0   002  [04]  04 86 b0 10 0
2026-07-11T17:49:51.667784,10.063,can0  204  [16]  91 23 1C D3 24 99 E9 F1 28 23 30 75 30 75 00 00
2026-07-11T17:49:51.667847,10.063,can0  040  [04]  2C 00 00 00
2026-07-11T17:49:51.760559,10.156,can0  204  [16]  91 23 1C D3 24 99 E9 F1 28 23 30 75 30 75 00 00
2026-07-11T17:49:51.760756,10.156,can0  060  [32]  00 00 00 00 93 2C 4D 08 D4 06 B8 10 00 00 10 0E FF 01 00 00 00 00 00 00 01 00 00 00 00 00 00 00
2026-07-11T17:49:51.761169,10.156,can0  040  [04]  2C 00 00 00
2026-07-11T17:49:51.764358,10.159,can0  206  [24]  C1 0C 6F 09 CF 0C 99 C6 85 0A C1 0C CA 0C 00 00 00 00 00 00 00 00 00 00
2026-07-11T17:49:51.764725,10.160,can0  204  [16]  91 23 1C D3 24 99 E9 F1 28 23 30 75 30 75 00 00
2026-07-11T17:49:51.764929,10.160,can0  002  [04]  48 6B 01 00
2026-07-11T17:49:51.765278,10.160,can0  204  [16]  91 23 1C D3 24 99 E9 F1 28 23 30 75 30 75 00 00
2026-07-11T17:49:51.859379,10.254,can0   002  [04]  09 05 f0 10 0
2026-07-11T17:49:51.874858,10.270,can0  204  [16]  6E 23 1C D3 24 99 E9 F1 28 23 30 75 30 75 00 00
2026-07-11T17:49:51.874936,10.270,can0  041  [04]  D3 00 11 00
2026-07-11T17:49:51.874980,10.270,can0  206  [24]  C6 0C 6F 09 CF 0C 99 C6 83 0A C1 0C CA 0C 00 00 00 00 00 00 00 00 00 00
2026-07-11T17:49:51.875024,10.270,can0  204  [16]  91 23 1C D3 24 99 E9 F1 28 23 30 75 30 75 00 00
2026-07-11T17:49:51.918493,10.313,can0  070  [20]  93 2C 4D 08 7F B1 62 03 08 CF 00 00 31 00 00 00 35 00 00 00
2026-07-11T17:49:51.918790,10.314,can0  040  [04]  67 01 06 00
2026-07-11T17:49:51.919096,10.314,can0  204  [16]  91 23 1C D3 24 99 E9 F1 28 23 30 75 30 75 00 00
2026-07-11T17:49:51.919314,10.314,can0  002  [04]  90 5F 01 00
2026-07-11T17:49:51.919623,10.315,can0  040  [04]  67 01 06 00
2026-07-11T17:49:51.919947,10.315,can0  204  [16]  91 23 1C D3 24 99 E9 F1 28 23 30 75 30 75 00 00
2026-07-11T17:49:52.060953,10.456,can0  204  [16]  6E 23 1C D3 24 99 E9 F1 28 23 30 75 30 75 00 00
2026-07-11T17:49:52.064147,10.459,can0  206  [24]  C1 0C 6F 09 CF 0C 99 C6 83 0A C1 0C CA 0C 00 00 00 00 00 00 00 00 00 00
2026-07-11T17:49:52.064577,10.460,can0  204  [16]  91 23 1C D3 24 99 E9 F1 28 23 30 75 30 75 00 00
2026-07-11T17:49:52.064871,10.460,can0  100  [03]  27 7E 04
2026-07-11T17:49:52.065132,10.460,can0  120  [04]  00 00 00 00
2026-07-11T17:49:52.160704,10.556,can0  041  [04]  E0 00 15 00
2026-07-11T17:49:52.160979,10.556,can0  204  [16]  91 23 1C D3 24 99 E9 F1 28 23 30 75 30 75 00 00
2026-07-11T17:49:52.161218,10.556,can0  040  [04]  1D 00 0A 00
2026-07-11T17:49:52.161581,10.557,can0  204  [16]  6E 23 1C D3 24 99 E9 F1 28 23 30 75 30 75 00 00
2026-07-11T17:49:52.161902,10.557,can0  060  [32]  00 00 00 00 00 00 00 00 00 00 00 00 00 00 00 00 00 00 00 00 00 00 00 00 00 00 00 00 00 00 00 00
2026-07-11T17:49:52.262584,10.658,can0  206  [24]  C6 0C 6F 09 CA 0C 99 C6 84 0A C1 0C CA 0C 00 00 00 00 00 00 00 00 00 00
2026-07-11T17:49:52.262879,10.658,can0  040  [04]  1D 00 0A 00
2026-07-11T17:49:52.263200,10.658,can0  204  [16]  91 23 1C D3 24 99 E9 F1 28 23 30 75 30 75 00 00
2026-07-11T17:49:52.263671,10.659,can0  070  [20]  95 2C 4D 08 7F B1 62 03 F0 D2 00 00 31 00 00 00 41 00 00 00
2026-07-11T17:49:52.269214,10.664,can0  204  [16]  6E 23 1C D3 24 99 E9 F1 28 23 30 75 30 75 00 00
2026-07-11T17:49:52.360310,10.755,can0  070  [20]  95 2C 4D 08 7F B1 62 03 F0 D2 00 00 31 00 00 00 40 00 00 00
2026-07-11T17:49:52.360596,10.756,can0  204  [16]  6E 23 1C D3 24 99 E9 F1 28 23 30 75 30 75 00 00
2026-07-11T17:49:52.360767,10.756,can0  060  [32]  D7 93 D6 02 DB D6 4D 08 5D C2 61 03 47 01 25 0A 03 01 80 00 00 00 00 00 01 00 00 00 00 00 00 00
2026-07-11T17:49:52.363487,10.758,can0  206  [24]  C6 0C 6F 09 CA 0C 99 C6 84 0A C1 0C CA 0C 00 00 00 00 00 00 00 00 00 00
2026-07-11T17:49:52.364004,10.759,can0  041  [04]  ED 00 18 00
2026-07-11T17:49:52.364061,10.759,can0  070  [20]  95 2C 4D 08 7F B1 62 03 F0 D2 00 00 31 00 00 00 40 00 00 00
2026-07-11T17:49:52.364263,10.759,can0  204  [16]  91 23 1C D3 24 99 E9 F1 28 23 30 75 30 75 00 00
2026-07-11T17:49:52.467717,10.863,can0  040  [04]  0F 00 0C 00
2026-07-11T17:49:52.467795,10.863,can0  204  [16]  91 23 1C D3 24 99 E9 F1 28 23 30 75 30 75 00 00
2026-07-11T17:49:52.467842,10.863,can0  204  [16]  91 23 1C D3 24 99 E9 F1 28 23 30 75 30 75 00 00
2026-07-11T17:49:52.560905,10.956,can0  040  [04]  0F 00 0C 00
2026-07-11T17:49:52.564170,10.959,can0  206  [24]  C6 0C 71 09 CA 0C 99 C6 84 0A C1 0C CA 0C 00 00 00 00 00 00 00 00 00 00
2026-07-11T17:49:52.564238,10.959,can0  204  [16]  6E 23 1C D3 24 99 E9 F1 28 23 30 75 30 75 00 00
2026-07-11T17:49:52.564281,10.959,can0  204  [16]  6E 23 1C D3 24 99 E9 F1 28 23 30 75 30 75 00 00
2026-07-11T17:49:52.661220,11.056,can0  204  [16]  91 23 1C D3 24 99 E9 F1 28 23 30 75 30 75 00 00
2026-07-11T17:49:52.661479,11.056,can0  041  [04]  F0 00 1C 00
2026-07-11T17:49:52.661740,11.057,can0  204  [16]  91 23 1C D3 24 99 E9 F1 28 23 30 75 30 75 00 00
2026-07-11T17:49:52.670005,11.065,can0  206  [24]  C0 0C 72 09 C6 0C 99 C6 85 0A C6 0C D0 0C 00 00 00 00 00 00 00 00 00 00
2026-07-11T17:49:52.761587,11.157,can0  040  [04]  0B 00 0F 00
2026-07-11T17:49:52.767863,11.163,can0  204  [16]  91 23 1C D3 24 99 E9 F1 28 23 30 75 30 75 00 00
2026-07-11T17:49:52.767929,11.163,can0  040  [04]  0B 00 0F 00
2026-07-11T17:49:52.767971,11.163,can0  204  [16]  6E 23 1C D3 24 99 E9 F1 28 23 30 75 30 75 00 00
2026-07-11T17:49:52.863940,11.259,can0  204  [16]  91 23 1C D3 24 99 E9 F1 28 23 30 75 30 75 00 00
2026-07-11T17:49:52.864009,11.259,can0  206  [24]  C0 0C 72 09 CF 0C 99 C6 84 0A C1 0C D0 0C 00 00 00 00 00 00 00 00 00 00
2026-07-11T17:49:52.864203,11.259,can0  070  [20]  95 2C 4D 08 7F B1 62 03 F0 D2 00 00 31 00 00 00 40 00 00 00
2026-07-11T17:49:52.864460,11.259,can0  110  [02]  31 1B
2026-07-11T17:49:52.867877,11.263,can0  204  [16]  6E 23 1C D3 24 99 E9 F1 28 23 30 75 30 75 00 00
2026-07-11T17:49:52.952979,11.348,can0   001  [05]  04 86 b0 10 08 0
2026-07-11T17:49:52.963183,11.358,can0  070  [20]  95 2C 4D 08 7F B1 62 03 F0 D2 00 00 31 00 00 00 40 00 00 00
2026-07-11T17:49:52.963596,11.359,can0  041  [04]  EA 00 19 00
2026-07-11T17:49:52.963891,11.359,can0  204  [16]  6E 23 1C D3 24 99 E9 F1 28 23 30 75 30 75 00 00
2026-07-11T17:49:52.964136,11.359,can0  040  [04]  67 01 10 00
2026-07-11T17:49:52.964501,11.359,can0  204  [16]  6E 23 1C D3 24 99 E9 F1 28 23 30 75 30 75 00 00
2026-07-11T17:49:53.067297,11.462,can0  040  [04]  67 01 10 00
2026-07-11T17:49:53.067367,11.462,can0  206  [24]  C0 0C 71 09 CF 0C 99 C6 84 0A C1 0C D0 0C 00 00 00 00 00 00 00 00 00 00
2026-07-11T17:49:53.067600,11.463,can0  001  [05]  48 6B 01 00 80
2026-07-11T17:49:53.067884,11.463,can0  204  [16]  6E 23 1C D3 24 99 E9 F1 54 24 30 75 30 75 00 00
2026-07-11T17:49:53.068245,11.463,can0  204  [16]  91 23 1C D3 24 99 E9 F1 54 24 30 75 30 75 00 00
2026-07-11T17:49:53.110459,11.505,can0   001  [05]  00 07 70 10 08 0
2026-07-11T17:49:53.167181,11.562,can0  132  [00]
2026-07-11T17:49:53.167521,11.562,can0  204  [16]  6E 23 1C D3 24 99 E9 F1 54 24 30 75 30 75 00 00
2026-07-11T17:49:53.167800,11.563,can0  041  [04]  E4 00 16 00
2026-07-11T17:49:53.168029,11.563,can0  001  [05]  00 77 01 00 80
2026-07-11T17:49:53.171572,11.567,can0  206  [24]  C0 0C 71 09 CF 0C 99 C6 83 0A C1 0C D0 0C 00 00 00 00 00 00 00 00 00 00
2026-07-11T17:49:53.171881,11.567,can0  204  [16]  6E 23 1C D3 24 99 E9 F1 80 25 30 75 30 75 00 00
2026-07-11T17:49:53.221105,11.616,can0  131  [00]
2026-07-11T17:49:53.221449,11.616,can0  040  [04]  05 00 10 00
2026-07-11T17:49:53.221756,11.617,can0  204  [16]  91 23 1C D3 24 99 E9 F1 80 25 30 75 30 75 00 00
2026-07-11T17:49:53.222139,11.617,can0  070  [20]  95 2C 4D 08 7E B1 62 03 D8 D6 00 00 31 00 00 00 1E 00 00 00
2026-07-11T17:49:53.222431,11.617,can0  100  [03]  25 7E 04
2026-07-11T17:49:53.222716,11.618,can0  120  [04]  00 00 00 00
2026-07-11T17:49:53.222988,11.618,can0  040  [04]  05 00 10 00
2026-07-11T17:49:53.230242,11.625,can0  204  [16]  6E 23 1C D3 24 99 E9 F1 80 25 30 75 30 75 00 00
2026-07-11T17:49:53.264868,11.660,can0   001  [05]  0b 88 20 10 08 0
2026-07-11T17:49:53.325019,11.720,can0  130  [00]
2026-07-11T17:49:53.325573,11.721,can0  070  [20]  95 2C 4D 08 7E B1 62 03 D8 D6 00 00 31 00 00 00 1D 00 00 00
2026-07-11T17:49:53.326217,11.721,can0  133  [00]
2026-07-11T17:49:53.326429,11.721,can0  001  [05]  B8 82 01 00 80
2026-07-11T17:49:53.326783,11.722,can0  204  [16]  91 23 1C D3 24 99 E9 F1 AC 26 30 75 30 75 00 00
2026-07-11T17:49:53.329986,11.725,can0  206  [24]  C0 0C 70 09 C6 0C 99 C6 85 0A C6 0C D0 0C 00 00 00 00 00 00 00 00 00 00
2026-07-11T17:49:53.330274,11.725,can0  204  [16]  91 23 1C D3 24 99 E9 F1 AC 26 30 75 30 75 00 00
2026-07-11T17:49:53.420244,11.815,can0   001  [05]  07 08 e0 10 08 0
2026-07-11T17:49:53.427666,11.823,can0  070  [20]  95 2C 4D 08 7E B1 62 03 D8 D6 00 00 31 00 00 00 1D 00 00 00
2026-07-11T17:49:53.427957,11.823,can0  204  [16]  91 23 1C D3 24 99 E9 F1 AC 26 30 75 30 75 00 00
2026-07-11T17:49:53.428233,11.823,can0  041  [04]  DF 00 13 00
2026-07-11T17:49:53.534741,11.930,can0  204  [16]  91 23 1C D3 24 99 E9 F1 AC 26 30 75 30 75 00 00
2026-07-11T17:49:53.534986,11.930,can0  001  [05]  70 8E 01 00 80
2026-07-11T17:49:53.535339,11.930,can0  040  [04]  0D 00 0C 00
2026-07-11T17:49:53.538986,11.934,can0  206  [24]  C0 0C 6F 09 C6 0C 99 C6 87 0A C6 0C D0 0C 00 00 00 00 00 00 00 00 00 00
2026-07-11T17:49:53.539481,11.934,can0  204  [16]  6E 23 1C D3 24 99 E9 F1 D8 27 30 75 30 75 00 00
2026-07-11T17:49:53.539535,11.934,can0  040  [04]  0D 00 0C 00
2026-07-11T17:49:53.539832,11.935,can0  204  [16]  91 23 1C D3 24 99 E9 F1 D8 27 30 75 30 75 00 00
2026-07-11T17:49:53.579617,11.975,can0   001  [05]  02 89 a0 10 08 0
2026-07-11T17:49:53.645513,12.040,can0  204  [16]  6E 23 1C D3 24 99 E9 F1 D8 27 30 75 30 75 00 00
2026-07-11T17:49:53.645583,12.041,can0  001  [05]  28 9A 01 00 80
2026-07-11T17:49:53.645630,12.041,can0  206  [24]  C0 0C 6E 09 C6 0C 99 C6 87 0A C6 0C D0 0C 00 00 00 00 00 00 00 00 00 00
2026-07-11T17:49:53.746977,12.142,can0  204  [16]  6E 23 1C D3 24 99 E9 F1 04 29 30 75 30 75 00 00
2026-07-11T17:49:53.747358,12.142,can0  041  [04]  DC 00 14 00
2026-07-11T17:49:53.747593,12.143,can0  060  [32]  00 00 00 00 95 2C 4D 08 D2 06 B8 10 00 00 10 0E FF 01 00 00 00 00 00 00 01 00 00 00 00 00 00 00
2026-07-11T17:49:53.748467,12.143,can0  204  [16]  91 23 1C D3 24 99 E9 F1 04 29 30 75 30 75 00 00
2026-07-11T17:49:53.748793,12.144,can0  040  [04]  1D 00 0A 00
2026-07-11T17:49:53.848188,12.243,can0  204  [16]  91 23 1C D3 24 99 E9 F1 04 29 30 75 30 75 00 00
2026-07-11T17:49:53.848254,12.243,can0  040  [04]  1D 00 0A 00
2026-07-11T17:49:53.851677,12.247,can0  204  [16]  6E 23 1C D3 24 99 E9 F1 04 29 30 75 30 75 00 00
2026-07-11T17:49:53.851742,12.247,can0  206  [24]  C6 0C 6F 09 C6 0C 99 C6 87 0A C0 0C CA 0C 00 00 00 00 00 00 00 00 00 00
2026-07-11T17:49:53.949811,12.345,can0  204  [16]  6E 23 1C D3 24 99 E9 F1 04 29 30 75 30 75 00 00
2026-07-11T17:49:53.957708,12.353,can0  070  [20]  95 2C 4D 08 7E B1 62 03 D8 D6 00 00 31 00 00 00 1D 00 00 00
2026-07-11T17:49:53.957784,12.353,can0  204  [16]  6E 23 1C D3 24 99 E9 F1 04 29 30 75 30 75 00 00
2026-07-11T17:49:53.957827,12.353,can0  041  [04]  C0 00 16 00
2026-07-11T17:49:54.051261,12.446,can0  204  [16]  91 23 1C D3 24 99 E9 F1 04 29 30 75 30 75 00 00
2026-07-11T17:49:54.055032,12.450,can0  206  [24]  C0 0C 6F 09 C6 0C 99 C6 89 0A C6 0C D0 0C 00 00 00 00 00 00 00 00 00 00
2026-07-11T17:49:54.055277,12.450,can0  040  [04]  18 00 02 00
2026-07-11T17:49:54.055584,12.451,can0  204  [16]  6E 23 1C D3 24 99 E9 F1 04 29 30 75 30 75 00 00
2026-07-11T17:49:54.055755,12.451,can0  040  [04]  18 00 02 00
2026-07-11T17:49:54.156847,12.552,can0  204  [16]  91 23 1C D3 24 99 E9 F1 04 29 30 75 30 75 00 00
2026-07-11T17:49:54.156942,12.552,can0  204  [16]  91 23 1C D3 24 99 E9 F1 04 29 30 75 30 75 00 00
2026-07-11T17:49:54.160342,12.555,can0  206  [24]  C5 0C 6F 09 CB 0C 99 C6 86 0A BC 0C D0 0C 00 00 00 00 00 00 00 00 00 00
2026-07-11T17:49:54.258196,12.653,can0  204  [16]  91 23 1C D3 24 99 E9 F1 04 29 30 75 30 75 00 00
2026-07-11T17:49:54.258895,12.654,can0  041  [04]  C3 00 12 00
2026-07-11T17:49:54.258975,12.654,can0  204  [16]  91 23 1C D3 24 99 E9 F1 04 29 30 75 30 75 00 00
2026-07-11T17:49:54.265199,12.660,can0  070  [20]  97 2C 4D 08 7A B1 62 03 C0 DA 00 00 31 00 00 00 25 00 00 00
2026-07-11T17:49:54.299634,12.695,can0   001  [05]  0e 0a 50 10 08 0
2026-07-11T17:49:54.366065,12.761,can0  204  [16]  91 23 1C D3 24 99 E9 F1 04 29 30 75 30 75 00 00
2026-07-11T17:49:54.366192,12.761,can0  070  [20]  97 2C 4D 08 7A B1 62 03 C0 DA 00 00 31 00 00 00 26 00 00 00
2026-07-11T17:49:54.366355,12.761,can0  040  [04]  0C 01 02 00
2026-07-11T17:49:54.369524,12.764,can0  206  [24]  C0 0C 6F 09 C6 0C 99 C6 85 0A C0 0C D0 0C 00 00 00 00 00 00 00 00 00 00
2026-07-11T17:49:54.369635,12.765,can0  204  [16]  91 23 1C D3 24 99 E9 F1 04 29 30 75 30 75 00 00
2026-07-11T17:49:54.369861,12.765,can0  040  [04]  0C 01 02 00
2026-07-11T17:49:54.370130,12.765,can0  001  [05]  E0 A5 01 00 80
2026-07-11T17:49:54.376571,12.772,can0  070  [20]  97 2C 4D 08 7A B1 62 03 C0 DA 00 00 31 00 00 00 26 00 00 00
2026-07-11T17:49:54.457008,12.852,can0   001  [05]  09 8b 10 10 08 0
2026-07-11T17:49:54.468124,12.863,can0  204  [16]  D7 23 1C D3 24 99 E9 F1 30 2A 30 75 30 75 00 00
2026-07-11T17:49:54.468560,12.864,can0  204  [16]  1E 24 1C D3 24 99 E9 F1 30 2A 30 75 30 75 00 00
2026-07-11T17:49:54.468901,12.864,can0  060  [32]  59 84 D6 02 BA 95 4D 08 22 62 64 03 27 00 84 0B 2A 01 80 00 00 00 00 00 02 00 00 00 00 00 00 00
2026-07-11T17:49:54.469140,12.864,can0  060  [32]  D7 93 D6 02 A4 D6 4D 08 98 C0 61 03 46 01 24 0A 03 01 80 00 00 00 00 01 02 00 00 00 00 00 00 00
2026-07-11T17:49:54.469918,12.865,can0  100  [03]  21 7E 04
2026-07-11T17:49:54.470181,12.865,can0  110  [02]  31 1B
2026-07-11T17:49:54.470467,12.865,can0  120  [04]  00 00 00 00
2026-07-11T17:49:54.524746,12.920,can0  204  [16]  87 24 1C D3 24 99 E9 F1 30 2A 30 75 30 75 00 00
2026-07-11T17:49:54.525117,12.920,can0  041  [04]  D4 00 0E 00
2026-07-11T17:49:54.534146,12.929,can0  206  [24]  C6 0C 71 09 BC 0C 99 C6 85 0A C1 0C CA 0C 00 00 00 00 00 00 00 00 00 00
2026-07-11T17:49:54.534238,12.929,can0  001  [05]  98 B1 01 00 80
2026-07-11T17:49:54.534329,12.929,can0  204  [16]  CD 24 1C D3 24 99 E9 F1 5C 2B 30 75 30 75 00 00
2026-07-11T17:49:54.534409,12.929,can0  040  [04]  00 01 08 00
2026-07-11T17:49:54.618398,13.013,can0   001  [05]  05 0b d0 10 08 0
2026-07-11T17:49:54.628044,13.023,can0  204  [16]  14 25 1C D3 24 99 E9 F1 5C 2B 30 75 30 75 00 00
2026-07-11T17:49:54.628311,13.023,can0  040  [04]  00 01 08 00
2026-07-11T17:49:54.628624,13.024,can0  204  [16]  5A 25 1C D3 24 99 E9 F1 5C 2B 30 75 30 75 00 00
2026-07-11T17:49:54.637469,13.032,can0  206  [24]  C6 0C 71 09 B2 0C 99 C6 89 0A C5 0C C6 0C 00 00 00 00 00 00 00 00 00 00
2026-07-11T17:49:54.637569,13.033,can0  001  [05]  50 BD 01 00 80
2026-07-11T17:49:54.732586,13.128,can0  204  [16]  C3 25 1C D3 24 99 E9 F1 88 2C 30 75 30 75 00 00
2026-07-11T17:49:54.736375,13.131,can0  204  [16]  0A 26 1C D3 24 99 E9 F1 88 2C 30 75 30 75 00 00
2026-07-11T17:49:54.736482,13.131,can0  041  [04]  F0 00 0A 00
2026-07-11T17:49:54.817965,13.213,can0   001  [05]  00 8c 90 10 08 0
2026-07-11T17:49:54.828287,13.223,can0  204  [16]  96 26 1C D3 24 99 E9 F1 88 2C 30 75 30 75 00 00
2026-07-11T17:49:54.828515,13.223,can0  040  [04]  F5 00 0B 00
2026-07-11T17:49:54.831327,13.226,can0  206  [24]  C6 0C 72 09 AC 0C 99 C6 87 0A C1 0C C0 0C 00 00 00 00 00 00 00 00 00 00
2026-07-11T17:49:54.831625,13.227,can0  204  [16]  00 27 1C D3 24 99 E9 F1 88 2C 30 75 30 75 00 00
2026-07-11T17:49:54.831916,13.227,can0  070  [20]  97 2C 4D 08 7A B1 62 03 C0 DA 00 00 31 00 00 00 26 00 00 00
2026-07-11T17:49:54.832280,13.227,can0  040  [04]  F5 00 0B 00
2026-07-11T17:49:54.832365,13.227,can0  001  [05]  08 C9 01 00 80
2026-07-11T17:49:54.934894,13.330,can0  204  [16]  46 27 1C D3 24 99 E9 F1 B4 2D 30 75 30 75 00 00
2026-07-11T17:49:54.935158,13.330,can0  204  [16]  B0 27 1C D3 24 99 E9 F1 B4 2D 30 75 30 75 00 00
2026-07-11T17:49:54.974344,13.369,can0   001  [05]  0c 0d 40 10 08 0
2026-07-11T17:49:55.036555,13.432,can0  204  [16]  F6 27 1C D3 24 99 E9 F1 B4 2D 30 75 30 75 00 00
2026-07-11T17:49:55.039694,13.435,can0  206  [24]  C5 0C 71 09 A8 0C 99 C6 89 0A C1 0C BC 0C 00 00 00 00 00 00 00 00 00 00
2026-07-11T17:49:55.040295,13.435,can0  041  [04]  ED 00 0B 00
2026-07-11T17:49:55.040378,13.435,can0  001  [05]  C0 D4 01 00 80
2026-07-11T17:49:55.040458,13.435,can0  204  [16]  5F 28 1C D3 24 99 E9 F1 E0 2E 30 75 30 75 00 00
2026-07-11T17:49:55.046371,13.441,can0  040  [04]  F5 00 0C 00
2026-07-11T17:49:55.136532,13.531,can0  204  [16]  A6 28 1C D3 24 99 E9 F1 E0 2E 30 75 30 75 00 00
2026-07-11T17:49:55.145257,13.540,can0  204  [16]  32 29 1C D3 24 99 E9 F1 E0 2E 30 75 30 75 00 00
2026-07-11T17:49:55.145351,13.540,can0  040  [04]  F5 00 0C 00
2026-07-11T17:49:55.145442,13.540,can0  206  [24]  C5 0C 72 09 A7 0C 99 C6 88 0A BC 0C B7 0C 00 00 00 00 00 00 00 00 00 00
2026-07-11T17:49:55.234230,13.629,can0  204  [16]  79 29 1C D3 24 99 E9 F1 E0 2E 30 75 30 75 00 00
2026-07-11T17:49:55.234330,13.629,can0  070  [20]  97 2C 4D 08 79 B1 62 03 A8 DE 00 00 31 00 00 00 34 00 00 00
2026-07-11T17:49:55.234588,13.630,can0  204  [16]  E2 29 1C D3 24 99 E9 F1 E0 2E 30 75 30 75 00 00
2026-07-11T17:49:55.330298,13.725,can0  070  [20]  97 2C 4D 08 79 B1 62 03 A8 DE 00 00 31 00 00 00 33 00 00 00
2026-07-11T17:49:55.330557,13.726,can0  041  [04]  B5 00 0B 00
2026-07-11T17:49:55.330866,13.726,can0  204  [16]  28 2A 1C D3 24 99 E9 F1 E0 2E 30 75 30 75 00 00
2026-07-11T17:49:55.334426,13.729,can0  206  [24]  C5 0C 71 09 AD 0C 99 C6 87 0A BB 0C B7 0C 00 00 00 00 00 00 00 00 00 00
2026-07-11T17:49:55.334748,13.730,can0  040  [04]  B3 00 09 00
2026-07-11T17:49:55.335146,13.730,can0  204  [16]  6F 2A 1C D3 24 99 E9 F1 E0 2E 30 75 30 75 00 00
2026-07-11T17:49:55.431325,13.826,can0  070  [20]  97 2C 4D 08 79 B1 62 03 A8 DE 00 00 31 00 00 00 33 00 00 00
2026-07-11T17:49:55.431641,13.827,can0  204  [16]  B5 2A 1C D3 24 99 E9 F1 E0 2E 30 75 30 75 00 00
2026-07-11T17:49:55.431884,13.827,can0  040  [04]  B3 00 09 00
2026-07-11T17:49:55.432171,13.827,can0  204  [16]  FB 2A 1C D3 24 99 E9 F1 E0 2E 30 75 30 75 00 00
2026-07-11T17:49:55.531059,13.926,can0  060  [32]  C0 E0 E8 05 47 78 4D 08 A1 71 62 03 00 00 CA 0D EF 00 81 00 00 00 00 00 03 00 00 00 00 00 00 00
2026-07-11T17:49:55.531516,13.926,can0  060  [32]  00 00 00 00 97 2C 4D 08 CF 06 B8 10 00 00 10 0E FF 01 00 00 00 00 00 01 03 00 00 00 00 00 00 00
2026-07-11T17:49:55.531714,13.927,can0  060  [32]  81 F4 D5 02 D3 7F 4D 08 CE 5A 64 03 82 00 C6 01 27 00 80 00 00 00 00 02 03 00 00 00 00 00 00 00
2026-07-11T17:49:55.535418,13.930,can0  206  [24]  C0 0C 71 09 AD 0C 99 C6 83 0A BB 0C BC 0C 00 00 00 00 00 00 00 00 00 00
2026-07-11T17:49:55.535866,13.931,can0  204  [16]  42 2B 1C D3 24 99 E9 F1 E0 2E 30 75 30 75 00 00
2026-07-11T17:49:55.536209,13.931,can0  204  [16]  88 2B 1C D3 24 99 E9 F1 E0 2E 30 75 30 75 00 00
2026-07-11T17:49:55.536400,13.931,can0  041  [04]  B5 00 0C 00
2026-07-11T17:49:55.632583,14.028,can0  204  [16]  AB 2B 1C D3 24 99 E9 F1 E0 2E 30 75 30 75 00 00
2026-07-11T17:49:55.633120,14.028,can0  040  [04]  CB 00 08 00
2026-07-11T17:49:55.633206,14.028,can0  204  [16]  F2 2B 1C D3 24 99 E9 F1 E0 2E 30 75 30 75 00 00
2026-07-11T17:49:55.633433,14.028,can0  100  [03]  1C 7E 04
2026-07-11T17:49:55.637150,14.032,can0  206  [24]  C5 0C 72 09 AD 0C 99 C6 84 0A BC 0C BC 0C 00 00 00 00 00 00 00 00 00 00
2026-07-11T17:49:55.637387,14.032,can0  120  [04]  00 00 00 00
2026-07-11T17:49:55.733426,14.128,can0  040  [04]  CB 00 08 00
2026-07-11T17:49:55.733813,14.129,can0  204  [16]  38 2C 1C D3 24 99 E9 F1 E0 2E 30 75 30 75 00 00
2026-07-11T17:49:55.741704,14.137,can0  204  [16]  5B 2C 1C D3 24 99 E9 F1 E0 2E 30 75 30 75 00 00
2026-07-11T17:49:55.849580,14.245,can0  204  [16]  7E 2C 1C D3 24 99 E9 F1 E0 2E 30 75 30 75 00 00
2026-07-11T17:49:55.849803,14.245,can0  041  [04]  BC 00 0D 00
2026-07-11T17:49:55.852804,14.248,can0  206  [24]  C0 0C 71 09 B2 0C 99 C6 83 0A C1 0C C0 0C 00 00 00 00 00 00 00 00 00 00
2026-07-11T17:49:55.858584,14.254,can0  204  [16]  A1 2C 1C D3 24 99 E9 F1 E0 2E 30 75 30 75 00 00
2026-07-11T17:49:55.950626,14.346,can0  070  [20]  97 2C 4D 08 79 B1 62 03 A8 DE 00 00 31 00 00 00 33 00 00 00
2026-07-11T17:49:55.950741,14.346,can0  040  [04]  D2 00 0C 00
2026-07-11T17:49:55.950822,14.346,can0  204  [16]  C4 2C 1C D3 24 99 E9 F1 E0 2E 30 75 30 75 00 00
2026-07-11T17:49:55.950914,14.346,can0  040  [04]  D2 00 0C 00
2026-07-11T17:49:55.957857,14.353,can0  204  [16]  E8 2C 1C D3 24 99 E9 F1 E0 2E 30 75 30 75 00 00
2026-07-11T17:49:56.049941,14.445,can0  206  [24]  C6 0C 72 09 AC 0C 99 C6 83 0A CB 0C C0 0C 00 00 00 00 00 00 00 00 00 00
2026-07-11T17:49:56.052869,14.448,can0  204  [16]  0B 2D 1C D3 24 99 E9 F1 E0 2E 30 75 30 75 00 00
2026-07-11T17:49:56.053136,14.448,can0  204  [16]  2E 2D 1C D3 24 99 E9 F1 E0 2E 30 75 30 75 00 00
2026-07-11T17:49:56.059832,14.455,can0  110  [02]  2F 1B
2026-07-11T17:49:56.151971,14.547,can0  041  [04]  CC 00 0D 00
2026-07-11T17:49:56.152410,14.547,can0  204  [16]  51 2D 1C D3 24 99 E9 F1 E0 2E 30 75 30 75 00 00
2026-07-11T17:49:56.152712,14.548,can0  040  [04]  CF 00 0B 00
2026-07-11T17:49:56.153045,14.548,can0  204  [16]  74 2D 1C D3 24 99 E9 F1 E0 2E 30 75 30 75 00 00
2026-07-11T17:49:56.156124,14.551,can0  206  [24]  C1 0C 73 09 AC 0C 99 C6 84 0A CB 0C C6 0C 00 00 00 00 00 00 00 00 00 00
2026-07-11T17:49:56.255908,14.651,can0  040  [04]  CF 00 0B 00
2026-07-11T17:49:56.256240,14.651,can0  204  [16]  97 2D 1C D3 24 99 E9 F1 E0 2E 30 75 30 75 00 00
2026-07-11T17:49:56.256620,14.652,can0  070  [20]  97 2C 4D 08 77 B1 62 03 90 E2 00 00 31 00 00 00 11 00 00 00
2026-07-11T17:49:56.257047,14.652,can0  204  [16]  97 2D 1C D3 24 99 E9 F1 E0 2E 30 75 30 75 00 00
2026-07-11T17:49:56.356324,14.751,can0  070  [20]  97 2C 4D 08 77 B1 62 03 90 E2 00 00 31 00 00 00 11 00 00 00
2026-07-11T17:49:56.356699,14.752,can0  204  [16]  BB 2D 1C D3 24 99 E9 F1 E0 2E 30 75 30 75 00 00
2026-07-11T17:49:56.359488,14.754,can0  206  [24]  C1 0C 73 09 B1 0C 99 C6 83 0A CA 0C C6 0C 00 00 00 00 00 00 00 00 00 00
2026-07-11T17:49:56.359830,14.755,can0  041  [04]  D5 00 11 00
2026-07-11T17:49:56.360166,14.755,can0  204  [16]  DE 2D 1C D3 24 99 E9 F1 E0 2E 30 75 30 75 00 00
2026-07-11T17:49:56.360414,14.755,can0  070  [20]  97 2C 4D 08 77 B1 62 03 90 E2 00 00 31 00 00 00 11 00 00 00
2026-07-11T17:49:56.457697,14.853,can0  204  [16]  DE 2D 1C D3 24 99 E9 F1 E0 2E 30 75 30 75 00 00
2026-07-11T17:49:56.457962,14.853,can0  040  [04]  DF 00 0A 00
2026-07-11T17:49:56.458192,14.853,can0  040  [04]  DF 00 0A 00
2026-07-11T17:49:56.458556,14.854,can0  204  [16]  01 2E 1C D3 24 99 E9 F1 E0 2E 30 75 30 75 00 00
2026-07-11T17:49:56.561586,14.957,can0  206  [24]  BB 0C 72 09 B2 0C 99 C6 84 0A CB 0C C6 0C 00 00 00 00 00 00 00 00 00 00
2026-07-11T17:49:56.561907,14.957,can0  204  [16]  01 2E 1C D3 24 99 E9 F1 E0 2E 30 75 30 75 00 00
2026-07-11T17:49:56.562182,14.957,can0  204  [16]  24 2E 1C D3 24 99 E9 F1 E0 2E 30 75 30 75 00 00
2026-07-11T17:49:56.661729,15.057,can0  204  [16]  24 2E 1C D3 24 99 E9 F1 E0 2E 30 75 30 75 00 00
2026-07-11T17:49:56.662067,15.057,can0  041  [04]  DD 00 14 00
2026-07-11T17:49:56.664880,15.060,can0  206  [24]  B6 0C 76 09 B7 0C 99 C6 84 0A C6 0C CA 0C 00 00 00 00 00 00 00 00 00 00
2026-07-11T17:49:56.665242,15.060,can0  204  [16]  47 2E 1C D3 24 99 E9 F1 E0 2E 30 75 30 75 00 00
2026-07-11T17:49:56.671661,15.067,can0  040  [04]  DF 00 0A 00
2026-07-11T17:49:56.766622,15.162,can0  204  [16]  47 2E 1C D3 24 99 E9 F1 E0 2E 30 75 30 75 00 00
2026-07-11T17:49:56.766850,15.162,can0  060  [32]  00 00 00 00 97 2C 4D 08 CC 06 B8 10 00 00 10 0E FF 01 00 00 00 00 00 00 01 00 00 00 00 00 00 00
2026-07-11T17:49:56.767487,15.162,can0  040  [04]  DF 00 0A 00
2026-07-11T17:49:56.767863,15.163,can0  204  [16]  6A 2E 1C D3 24 99 E9 F1 E0 2E 30 75 30 75 00 00
2026-07-11T17:49:56.869492,15.264,can0  204  [16]  6A 2E 1C D3 24 99 E9 F1 E0 2E 30 75 30 75 00 00
2026-07-11T17:49:56.872425,15.267,can0  206  [24]  BC 0C 76 09 B1 0C 99 C6 83 0A CA 0C CA 0C 00 00 00 00 00 00 00 00 00 00
2026-07-11T17:49:56.872710,15.268,can0  100  [03]  1B 7E 04
2026-07-11T17:49:56.879602,15.275,can0  120  [04]  00 00 00 00
2026-07-11T17:49:56.879678,15.275,can0  070  [20]  97 2C 4D 08 77 B1 62 03 90 E2 00 00 31 00 00 00 11 00 00 00
2026-07-11T17:49:56.879729,15.275,can0  204  [16]  6A 2E 1C D3 24 99 E9 F1 E0 2E 30 75 30 75 00 00
2026-07-11T17:49:56.973982,15.369,can0  070  [20]  97 2C 4D 08 77 B1 62 03 90 E2 00 00 31 00 00 00 11 00 00 00
2026-07-11T17:49:56.974257,15.369,can0  041  [04]  DD 00 16 00
2026-07-11T17:49:56.974574,15.370,can0  204  [16]  8D 2E 1C D3 24 99 E9 F1 E0 2E 30 75 30 75 00 00
2026-07-11T17:49:56.974789,15.370,can0  040  [04]  EA 00 0A 00
2026-07-11T17:49:56.975027,15.370,can0  204  [16]  8D 2E 1C D3 24 99 E9 F1 E0 2E 30 75 30 75 00 00
2026-07-11T17:49:57.075253,15.470,can0  206  [24]  BC 0C 75 09 B6 0C 99 C6 83 0A CA 0C CA 0C 00 00 00 00 00 00 00 00 00 00
2026-07-11T17:49:57.075731,15.471,can0  040  [04]  EA 00 0A 00
2026-07-11T17:49:57.075782,15.471,can0  204  [16]  8D 2E 1C D3 24 99 E9 F1 E0 2E 30 75 30 75 00 00
2026-07-11T17:49:57.075989,15.471,can0  204  [16]  8D 2E 1C D3 24 99 E9 F1 E0 2E 30 75 30 75 00 00
2026-07-11T17:49:57.173929,15.569,can0  204  [16]  8D 2E 1C D3 24 99 E9 F1 E0 2E 30 75 30 75 00 00
2026-07-11T17:49:57.176679,15.572,can0  206  [24]  B7 0C 76 09 C0 0C 99 C6 83 0A C6 0C D0 0C 00 00 00 00 00 00 00 00 00 00
2026-07-11T17:49:57.182930,15.578,can0  041  [04]  DC 00 18 00
2026-07-11T17:49:57.183020,15.578,can0  204  [16]  8D 2E 1C D3 24 99 E9 F1 E0 2E 30 75 30 75 00 00
2026-07-11T17:49:57.214484,15.609,can0   001  [05]  09 05 f0 10 08 0
2026-07-11T17:49:57.226832,15.622,can0  040  [04]  E7 00 0B 00
2026-07-11T17:49:57.227104,15.622,can0  204  [16]  8D 2E 1C D3 24 99 E9 F1 E0 2E 30 75 30 75 00 00
2026-07-11T17:49:57.227342,15.622,can0  070  [20]  97 2C 4D 08 75 B1 62 03 78 E6 00 00 31 00 00 00 11 00 00 00
2026-07-11T17:49:57.227541,15.622,can0  060  [32]  00 00 00 00 00 00 00 00 00 00 00 00 00 00 00 00 00 00 00 00 00 00 00 00 00 00 00 00 00 00 00 00
2026-07-11T17:49:57.227781,15.623,can0  060  [32]  73 ED D5 02 C6 B9 4D 08 3D 1E 64 03 00 00 A5 07 FF 01 00 00 00 00 00 00 01 00 00 00 00 00 00 00
2026-07-11T17:49:57.228242,15.623,can0  040  [04]  E7 00 0B 00
2026-07-11T17:49:57.228492,15.623,can0  204  [16]  8D 2E 1C D3 24 99 E9 F1 E0 2E 30 75 30 75 00 00
2026-07-11T17:49:57.228687,15.624,can0  001  [05]  90 5F 01 00 80
2026-07-11T17:49:57.329969,15.725,can0  070  [20]  97 2C 4D 08 75 B1 62 03 78 E6 00 00 31 00 00 00 10 00 00 00
2026-07-11T17:49:57.330245,15.725,can0  204  [16]  8D 2E 1C D3 24 99 E9 F1 28 23 30 75 30 75 00 00
2026-07-11T17:49:57.330966,15.726,can0  206  [24]  B6 0C 76 09 C6 0C 99 C6 83 0A C5 0C D5 0C 00 00 00 00 00 00 00 00 00 00
2026-07-11T17:49:57.339645,15.735,can0  204  [16]  8D 2E 1C D3 24 99 E9 F1 28 23 30 75 30 75 00 00
2026-07-11T17:49:57.429448,15.824,can0  070  [20]  97 2C 4D 08 75 B1 62 03 78 E6 00 00 31 00 00 00 10 00 00 00
2026-07-11T17:49:57.429710,15.825,can0  204  [16]  8D 2E 1C D3 24 99 E9 F1 28 23 30 75 30 75 00 00
2026-07-11T17:49:57.429949,15.825,can0  041  [04]  DE 00 19 00
2026-07-11T17:49:57.430259,15.825,can0  204  [16]  8D 2E 1C D3 24 99 E9 F1 28 23 30 75 30 75 00 00
2026-07-11T17:49:57.430548,15.826,can0  040  [04]  E7 00 0A 00
2026-07-11T17:49:57.574415,15.969,can0  206  [24]  BC 0C 73 09 C6 0C 99 C6 85 0A CA 0C D5 0C 00 00 00 00 00 00 00 00 00 00
2026-07-11T17:49:57.574511,15.969,can0  204  [16]  8D 2E 1C D3 24 99 E9 F1 28 23 30 75 30 75 00 00
2026-07-11T17:49:57.574611,15.970,can0  040  [04]  E7 00 0A 00
2026-07-11T17:49:57.574710,15.970,can0  204  [16]  8D 2E 1C D3 24 99 E9 F1 28 23 30 75 30 75 00 00
2026-07-11T17:49:57.669289,16.064,can0  204  [16]  8D 2E 1C D3 24 99 E9 F1 28 23 30 75 30 75 00 00
2026-07-11T17:49:57.672381,16.067,can0  206  [24]  BB 0C 72 09 CB 0C 99 C6 86 0A CA 0C D0 0C 00 00 00 00 00 00 00 00 00 00
2026-07-11T17:49:57.672476,16.067,can0  110  [02]  30 1B
2026-07-11T17:49:57.672676,16.068,can0  204  [16]  8D 2E 1C D3 24 99 E9 F1 28 23 30 75 30 75 00 00
2026-07-11T17:49:57.767187,16.162,can0  041  [04]  E0 00 18 00
2026-07-11T17:49:57.767809,16.163,can0  204  [16]  8D 2E 1C D3 24 99 E9 F1 28 23 30 75 30 75 00 00
2026-07-11T17:49:57.767896,16.163,can0  040  [04]  DA 00 0D 00
2026-07-11T17:49:57.767980,16.163,can0  060  [32]  48 40 D6 02 FE 83 4D 08 6B 39 64 03 30 00 AF 03 78 00 FF 00 00 00 00 00 02 00 00 00 00 00 00 00
2026-07-11T17:49:57.768118,16.163,can0  060  [32]  00 00 00 00 97 2C 4D 08 CA 06 B8 10 00 00 10 0E FF 01 00 00 00 00 00 01 02 00 00 00 00 00 00 00
2026-07-11T17:49:57.769286,16.164,can0  204  [16]  6A 2E 1C D3 24 99 E9 F1 28 23 30 75 30 75 00 00
2026-07-11T17:49:57.864740,16.260,can0  040  [04]  DA 00 0D 00
2026-07-11T17:49:57.867703,16.263,can0  206  [24]  C1 0C 73 09 C1 0C 99 C6 86 0A CA 0C CA 0C 00 00 00 00 00 00 00 00 00 00
2026-07-11T17:49:57.875284,16.270,can0  204  [16]  6A 2E 1C D3 24 99 E9 F1 28 23 30 75 30 75 00 00
2026-07-11T17:49:57.875392,16.270,can0  204  [16]  6A 2E 1C D3 24 99 E9 F1 28 23 30 75 30 75 00 00
2026-07-11T17:49:57.875486,16.270,can0  070  [20]  97 2C 4D 08 75 B1 62 03 78 E6 00 00 31 00 00 00 10 00 00 00
2026-07-11T17:49:57.964169,16.359,can0  204  [16]  6A 2E 1C D3 24 99 E9 F1 28 23 30 75 30 75 00 00
2026-07-11T17:49:57.964473,16.359,can0  041  [04]  E2 00 16 00
2026-07-11T17:49:57.964799,16.360,can0  204  [16]  6A 2E 1C D3 24 99 E9 F1 28 23 30 75 30 75 00 00
2026-07-11T17:49:57.974052,16.369,can0  206  [24]  C6 0C 74 09 B7 0C 99 C6 87 0A CB 0C C6 0C 00 00 00 00 00 00 00 00 00 00
2026-07-11T17:49:58.064218,16.459,can0  040  [04]  C5 00 0D 00
2026-07-11T17:49:58.064473,16.459,can0  204  [16]  47 2E 1C D3 24 99 E9 F1 28 23 30 75 30 75 00 00
2026-07-11T17:49:58.065291,16.460,can0  100  [03]  1E 7E 04
2026-07-11T17:49:58.065344,16.460,can0  120  [04]  00 00 00 00
2026-07-11T17:49:58.065387,16.460,can0  040  [04]  C5 00 0D 00
2026-07-11T17:49:58.065598,16.461,can0  204  [16]  DE 2D 1C D3 24 99 E9 F1 28 23 30 75 30 75 00 00
2026-07-11T17:49:58.167093,16.562,can0  204  [16]  74 2D 1C D3 24 99 E9 F1 28 23 30 75 30 75 00 00
2026-07-11T17:49:58.167174,16.562,can0  206  [24]  CA 0C 74 09 B2 0C 99 C6 87 0A CB 0C B7 0C 00 00 00 00 00 00 00 00 00 00
2026-07-11T17:49:58.175706,16.571,can0  204  [16]  2E 2D 1C D3 24 99 E9 F1 28 23 30 75 30 75 00 00
2026-07-11T17:49:58.265207,16.660,can0  041  [04]  DF 00 13 00
2026-07-11T17:49:58.265474,16.660,can0  204  [16]  C4 2C 1C D3 24 99 E9 F1 28 23 30 75 30 75 00 00
2026-07-11T17:49:58.266078,16.661,can0  070  [20]  97 2C 4D 08 74 B1 62 03 00 00 00 00 32 00 00 00 34 00 00 00
2026-07-11T17:49:58.266325,16.661,can0  040  [04]  C5 00 0F 00
2026-07-11T17:49:58.266695,16.662,can0  204  [16]  7E 2C 1C D3 24 99 E9 F1 28 23 30 75 30 75 00 00
2026-07-11T17:49:58.363262,16.758,can0  070  [20]  97 2C 4D 08 74 B1 62 03 00 00 00 00 32 00 00 00 35 00 00 00
2026-07-11T17:49:58.363602,16.759,can0  060  [32]  EF 47 11 00 6E 94 4D 08 9C 6A 64 03 25 00 76 0B 28 01 86 00 00 00 00 00 02 00 00 00 00 00 00 00
2026-07-11T17:49:58.364120,16.759,can0  060  [32]  D7 93 D6 02 34 D6 4D 08 0A BD 61 03 47 01 23 0A 03 01 80 00 00 00 00 01 02 00 00 00 00 00 00 00
2026-07-11T17:49:58.366973,16.762,can0  206  [24]  C5 0C 71 09 AD 0C 99 C6 86 0A C1 0C B7 0C 00 00 00 00 00 00 00 00 00 00
2026-07-11T17:49:58.367270,16.762,can0  204  [16]  F2 2B 1C D3 24 99 E9 F1 28 23 30 75 30 75 00 00
2026-07-11T17:49:58.367547,16.763,can0  040  [04]  C5 00 0F 00
2026-07-11T17:49:58.374199,16.769,can0  204  [16]  88 2B 1C D3 24 99 E9 F1 28 23 30 75 30 75 00 00
2026-07-11T17:49:58.462161,16.857,can0  070  [20]  97 2C 4D 08 74 B1 62 03 00 00 00 00 32 00 00 00 35 00 00 00
2026-07-11T17:49:58.466126,16.861,can0  204  [16]  1F 2B 1C D3 24 99 E9 F1 28 23 30 75 30 75 00 00
2026-07-11T17:49:58.466235,16.861,can0  206  [24]  C5 0C 6E 09 AD 0C 99 C6 86 0A B2 0C B7 0C 00 00 00 00 00 00 00 00 00 00
2026-07-11T17:49:58.466464,16.861,can0  204  [16]  B5 2A 1C D3 24 99 E9 F1 28 23 30 75 30 75 00 00
2026-07-11T17:49:58.562316,16.957,can0  041  [04]  DF 00 13 00
2026-07-11T17:49:58.562619,16.958,can0  204  [16]  6F 2A 1C D3 24 99 E9 F1 28 23 30 75 30 75 00 00
2026-07-11T17:49:58.562886,16.958,can0  040  [04]  B8 00 0D 00
2026-07-11T17:49:58.563149,16.958,can0  204  [16]  05 2A 1C D3 24 99 E9 F1 28 23 30 75 30 75 00 00
2026-07-11T17:49:58.660431,17.055,can0  040  [04]  B8 00 0D 00
2026-07-11T17:49:58.660794,17.056,can0  204  [16]  9C 29 1C D3 24 99 E9 F1 28 23 30 75 30 75 00 00
2026-07-11T17:49:58.664154,17.059,can0  206  [24]  C5 0C 6F 09 AD 0C 99 C6 85 0A B2 0C B7 0C 00 00 00 00 00 00 00 00 00 00
2026-07-11T17:49:58.760632,17.156,can0  204  [16]  32 29 1C D3 24 99 E9 F1 28 23 30 75 30 75 00 00
2026-07-11T17:49:58.761002,17.156,can0  204  [16]  C9 28 1C D3 24 99 E9 F1 28 23 30 75 30 75 00 00
2026-07-11T17:49:58.761297,17.156,can0  041  [04]  DE 00 11 00
2026-07-11T17:49:58.860925,17.256,can0  204  [16]  5F 28 1C D3 24 99 E9 F1 28 23 30 75 30 75 00 00
2026-07-11T17:49:58.864274,17.259,can0  206  [24]  C5 0C 6C 09 A8 0C 99 C6 84 0A B2 0C BC 0C 00 00 00 00 00 00 00 00 00 00
2026-07-11T17:49:58.864578,17.260,can0  040  [04]  B3 00 0F 00
2026-07-11T17:49:58.864955,17.260,can0  204  [16]  19 28 1C D3 24 99 E9 F1 28 23 30 75 30 75 00 00
2026-07-11T17:49:58.865253,17.260,can0  040  [04]  B3 00 0F 00
2026-07-11T17:49:58.865564,17.261,can0  070  [20]  97 2C 4D 08 74 B1 62 03 00 00 00 00 32 00 00 00 35 00 00 00
2026-07-11T17:49:58.962126,17.357,can0  204  [16]  B0 27 1C D3 24 99 E9 F1 28 23 30 75 30 75 00 00
2026-07-11T17:49:58.962392,17.357,can0  060  [32]  00 00 00 00 97 2C 4D 08 C8 06 B8 10 00 00 10 0E FF 01 00 00 00 00 00 00 02 00 00 00 00 00 00 00
2026-07-11T17:49:58.962636,17.358,can0  060  [32]  74 0C 7C 0C 9D 83 4D 08 66 41 64 03 06 00 17 0C 2C 01 8C 00 00 00 00 01 02 00 00 00 00 00 00 00
2026-07-11T17:49:58.963438,17.358,can0  204  [16]  46 27 1C D3 24 99 E9 F1 28 23 30 75 30 75 00 00
2026-07-11T17:49:58.966522,17.361,can0  206  [24]  BB 0C 6B 09 A8 0C 99 C6 84 0A B6 0C C6 0C 00 00 00 00 00 00 00 00 00 00
2026-07-11T17:49:59.066523,17.461,can0  204  [16]  00 27 1C D3 24 99 E9 F1 28 23 30 75 30 75 00 00
2026-07-11T17:49:59.066822,17.462,can0  041  [04]  EA 00 11 00
2026-07-11T17:49:59.067240,17.462,can0  204  [16]  BA 26 1C D3 24 99 E9 F1 28 23 30 75 30 75 00 00
2026-07-11T17:49:59.067551,17.463,can0  040  [04]  B3 00 0E 00
2026-07-11T17:49:59.160321,17.555,can0  204  [16]  73 26 1C D3 24 99 E9 F1 28 23 30 75 30 75 00 00
2026-07-11T17:49:59.160542,17.555,can0  040  [04]  B3 00 0E 00
2026-07-11T17:49:59.160919,17.556,can0  204  [16]  2D 26 1C D3 24 99 E9 F1 28 23 30 75 30 75 00 00
2026-07-11T17:49:59.164538,17.559,can0  206  [24]  C1 0C 6F 09 A8 0C 99 C6 83 0A BC 0C C6 0C 00 00 00 00 00 00 00 00 00 00
2026-07-11T17:49:59.260315,17.655,can0  204  [16]  E7 25 1C D3 24 99 E9 F1 28 23 30 75 30 75 00 00
2026-07-11T17:49:59.260574,17.656,can0  070  [20]  97 2C 4D 08 74 B1 62 03 E8 03 00 00 32 00 00 00 34 00 00 00
2026-07-11T17:49:59.260871,17.656,can0  204  [16]  C3 25 1C D3 24 99 E9 F1 28 23 30 75 30 75 00 00
2026-07-11T17:49:59.261106,17.656,can0  100  [03]  16 7E 04
2026-07-11T17:49:59.261366,17.656,can0  110  [02]  2F 1B
2026-07-11T17:49:59.261660,17.657,can0  120  [04]  00 00 00 00
2026-07-11T17:49:59.261927,17.657,can0  041  [04]  E7 00 10 00
2026-07-11T17:49:59.361450,17.756,can0  070  [20]  97 2C 4D 08 74 B1 62 03 E8 03 00 00 32 00 00 00 34 00 00 00
2026-07-11T17:49:59.361809,17.757,can0  204  [16]  7D 25 1C D3 24 99 E9 F1 28 23 30 75 30 75 00 00
2026-07-11T17:49:59.365514,17.760,can0  206  [24]  BC 0C 70 09 AC 0C 99 C6 84 0A C1 0C CA 0C 00 00 00 00 00 00 00 00 00 00
2026-07-11T17:49:59.365832,17.761,can0  040  [04]  B3 00 09 00
2026-07-11T17:49:59.366210,17.761,can0  204  [16]  5A 25 1C D3 24 99 E9 F1 28 23 30 75 30 75 00 00
2026-07-11T17:49:59.366560,17.762,can0  070  [20]  97 2C 4D 08 74 B1 62 03 E8 03 00 00 32 00 00 00 34 00 00 00
2026-07-11T17:49:59.464474,17.859,can0  204  [16]  37 25 1C D3 24 99 E9 F1 28 23 30 75 30 75 00 00
2026-07-11T17:49:59.464873,17.860,can0  060  [32]  00 00 00 00 00 00 00 00 00 00 00 00 00 00 00 00 00 00 00 00 00 00 00 00 00 00 00 00 00 00 00 00
2026-07-11T17:49:59.465251,17.860,can0  040  [04]  B3 00 09 00
2026-07-11T17:49:59.465719,17.861,can0  204  [16]  14 25 1C D3 24 99 E9 F1 28 23 30 75 30 75 00 00
2026-07-11T17:49:59.483536,17.878,can0  206  [24]  BC 0C 6F 09 B1 0C 99 C6 85 0A C0 0C CA 0C 00 00 00 00 00 00 00 00 00 00
2026-07-11T17:49:59.535940,17.931,can0  204  [16]  F1 24 1C D3 24 99 E9 F1 28 23 30 75 30 75 00 00
2026-07-11T17:49:59.536033,17.931,can0  204  [16]  CD 24 1C D3 24 99 E9 F1 28 23 30 75 30 75 00 00
2026-07-11T17:49:59.542770,17.938,can0  041  [04]  E4 00 11 00
2026-07-11T17:49:59.669878,18.065,can0  204  [16]  AA 24 1C D3 24 99 E9 F1 28 23 30 75 30 75 00 00
2026-07-11T17:49:59.670272,18.065,can0  040  [04]  B3 00 07 00
2026-07-11T17:49:59.673568,18.069,can0  206  [24]  B7 0C 71 09 B6 0C 99 C6 85 0A C5 0C D0 0C 00 00 00 00 00 00 00 00 00 00
2026-07-11T17:49:59.673886,18.069,can0  204  [16]  87 24 1C D3 24 99 E9 F1 28 23 30 75 30 75 00 00
2026-07-11T17:49:59.679659,18.075,can0  040  [04]  B3 00 07 00
2026-07-11T17:49:59.765377,18.160,can0  204  [16]  64 24 1C D3 24 99 E9 F1 28 23 30 75 30 75 00 00
2026-07-11T17:49:59.773100,18.168,can0  204  [16]  41 24 1C D3 24 99 E9 F1 28 23 30 75 30 75 00 00
2026-07-11T17:49:59.863717,18.259,can0  060  [32]  00 00 00 00 97 2C 4D 08 C8 06 B8 10 00 00 10 0E FF 01 00 00 00 00 00 00 01 00 00 00 00 00 00 00
2026-07-11T17:49:59.863785,18.259,can0  204  [16]  41 24 1C D3 24 99 E9 F1 28 23 30 75 30 75 00 00
2026-07-11T17:49:59.863830,18.259,can0  206  [24]  BB 0C 71 09 B7 0C 99 C6 84 0A C5 0C D0 0C 00 00 00 00 00 00 00 00 00 00
2026-07-11T17:49:59.864024,18.259,can0  041  [04]  DE 00 11 00
2026-07-11T17:49:59.864306,18.259,can0  204  [16]  1E 24 1C D3 24 99 E9 F1 28 23 30 75 30 75 00 00
2026-07-11T17:49:59.864575,18.260,can0  070  [20]  97 2C 4D 08 74 B1 62 03 E8 03 00 00 32 00 00 00 34 00 00 00
2026-07-11T17:49:59.864803,18.260,can0  040  [04]  0C 01 05 00
2026-07-11T17:49:59.960762,18.356,can0  204  [16]  FA 23 1C D3 24 99 E9 F1 28 23 30 75 30 75 00 00
2026-07-11T17:49:59.961074,18.356,can0  040  [04]  0C 01 05 00
2026-07-11T17:49:59.961351,18.356,can0  204  [16]  FA 23 1C D3 24 99 E9 F1 28 23 30 75 30 75 00 00
2026-07-11T17:49:59.964796,18.360,can0  206  [24]  C1 0C 70 09 BC 0C 99 C6 84 0A C6 0C CA 0C 00 00 00 00 00 00 00 00 00 00
2026-07-11T17:50:00.060685,18.456,can0  204  [16]  D7 23 1C D3 24 99 E9 F1 28 23 30 75 30 75 00 00
2026-07-11T17:50:00.060931,18.456,can0  204  [16]  D7 23 1C D3 24 99 E9 F1 28 23 30 75 30 75 00 00
2026-07-11T17:50:00.061209,18.456,can0  041  [04]  E4 00 13 00
2026-07-11T17:50:00.160498,18.555,can0  204  [16]  B4 23 1C D3 24 99 E9 F1 28 23 30 75 30 75 00 00
2026-07-11T17:50:00.163308,18.558,can0  206  [24]  C1 0C 70 09 BC 0C 99 C6 83 0A CA 0C CA 0C 00 00 00 00 00 00 00 00 00 00
2026-07-11T17:50:00.163582,18.559,can0  040  [04]  4D 01 00 00
2026-07-11T17:50:00.163919,18.559,can0  204  [16]  B4 23 1C D3 24 99 E9 F1 28 23 30 75 30 75 00 00
2026-07-11T17:50:00.260250,18.655,can0  040  [04]  4D 01 00 00
2026-07-11T17:50:00.260590,18.656,can0  204  [16]  91 23 1C D3 24 99 E9 F1 28 23 30 75 30 75 00 00
2026-07-11T17:50:00.260866,18.656,can0  204  [16]  91 23 1C D3 24 99 E9 F1 28 23 30 75 30 75 00 00
2026-07-11T17:50:00.261133,18.656,can0  070  [20]  98 2C 4D 08 70 B1 62 03 D0 07 00 00 32 00 00 00 45 00 00 00
2026-07-11T17:50:00.360836,18.756,can0  060  [32]  72 32 D6 02 87 2B 4D 08 2F 38 B8 10 00 00 8A 06 FF 01 00 00 00 00 00 00 01 00 00 00 00 00 00 00
2026-07-11T17:50:00.361560,18.757,can0  204  [16]  6E 23 1C D3 24 99 E9 F1 28 23 30 75 30 75 00 00
2026-07-11T17:50:00.364403,18.759,can0  206  [24]  C1 0C 70 09 C1 0C 99 C6 81 0A CA 0C CA 0C 00 00 00 00 00 00 00 00 00 00
2026-07-11T17:50:00.364702,18.760,can0  070  [20]  98 2C 4D 08 70 B1 62 03 D0 07 00 00 32 00 00 00 44 00 00 00
2026-07-11T17:50:00.364927,18.760,can0  041  [04]  E2 00 12 00
2026-07-11T17:50:00.365227,18.760,can0  204  [16]  6E 23 1C D3 24 99 E9 F1 28 23 30 75 30 75 00 00
2026-07-11T17:50:00.365449,18.760,can0  070  [20]  98 2C 4D 08 70 B1 62 03 D0 07 00 00 32 00 00 00 44 00 00 00
2026-07-11T17:50:00.460516,18.855,can0  204  [16]  6E 23 1C D3 24 99 E9 F1 28 23 30 75 30 75 00 00
2026-07-11T17:50:00.460824,18.856,can0  040  [04]  3A 01 05 00
2026-07-11T17:50:00.461127,18.856,can0  204  [16]  6E 23 1C D3 24 99 E9 F1 28 23 30 75 30 75 00 00
2026-07-11T17:50:00.461398,18.856,can0  100  [03]  15 7E 04
2026-07-11T17:50:00.461676,18.857,can0  040  [04]  3A 01 05 00
2026-07-11T17:50:00.461912,18.857,can0  120  [04]  00 00 00 00
2026-07-11T17:50:00.464694,18.860,can0  206  [24]  C6 0C 6F 09 C6 0C 99 C6 82 0A C6 0C CA 0C 00 00 00 00 00 00 00 00 00 00
2026-07-11T17:50:00.560560,18.956,can0  204  [16]  6E 23 1C D3 24 99 E9 F1 28 23 30 75 30 75 00 00
2026-07-11T17:50:00.567303,18.962,can0  204  [16]  6E 23 1C D3 24 99 E9 F1 28 23 30 75 30 75 00 00
2026-07-11T17:50:00.633743,19.029,can0   001  [05]  0d 85 30 10 08 0
2026-07-11T17:50:00.660471,19.055,can0  204  [16]  6E 23 1C D3 24 99 E9 F1 28 23 30 75 30 75 00 00
2026-07-11T17:50:00.660707,19.056,can0  041  [04]  DC 00 12 00
2026-07-11T17:50:00.669719,19.065,can0  206  [24]  C6 0C 73 09 C6 0C 99 C6 83 0A C6 0C CA 0C 00 00 00 00 00 00 00 00 00 00
2026-07-11T17:50:00.669792,19.065,can0  204  [16]  6E 23 1C D3 24 99 E9 F1 28 23 30 75 30 75 00 00
2026-07-11T17:50:00.669836,19.065,can0  040  [04]  2B 01 07 00
2026-07-11T17:50:00.760400,19.155,can0  001  [05]  D8 53 01 00 80
2026-07-11T17:50:00.760503,19.155,can0  204  [16]  6E 23 1C D3 24 99 E9 F1 FC 21 30 75 30 75 00 00
2026-07-11T17:50:00.760665,19.156,can0  040  [04]  2B 01 07 00
2026-07-11T17:50:00.767865,19.163,can0  204  [16]  6E 23 1C D3 24 99 E9 F1 FC 21 30 75 30 75 00 00
2026-07-11T17:50:00.801840,19.197,can0   001  [05]  02 04 80 10 08 0
2026-07-11T17:50:00.864794,19.260,can0  060  [32]  30 7B D6 02 18 B5 4D 08 13 1E 64 03 00 00 57 04 58 00 80 00 00 00 00 00 02 00 00 00 00 00 00 00
2026-07-11T17:50:00.864996,19.260,can0  060  [32]  00 00 00 00 98 2C 4D 08 C5 06 B8 10 00 00 10 0E FF 01 00 00 00 00 00 01 02 00 00 00 00 00 00 00
2026-07-11T17:50:00.868755,19.264,can0  206  [24]  C6 0C 74 09 C6 0C 99 C6 85 0A CA 0C CA 0C 00 00 00 00 00 00 00 00 00 00
2026-07-11T17:50:00.869109,19.264,can0  204  [16]  6E 23 1C D3 24 99 E9 F1 FC 21 30 75 30 75 00 00
2026-07-11T17:50:00.869362,19.264,can0  110  [02]  2F 1B
2026-07-11T17:50:00.869677,19.265,can0  204  [16]  6E 23 1C D3 24 99 E9 F1 FC 21 30 75 30 75 00 00
2026-07-11T17:50:00.869878,19.265,can0  001  [05]  20 48 01 00 80
2026-07-11T17:50:00.870119,19.265,can0  041  [04]  E2 00 12 00
2026-07-11T17:50:00.870616,19.266,can0  070  [20]  98 2C 4D 08 70 B1 62 03 D0 07 00 00 32 00 00 00 44 00 00 00
2026-07-11T17:50:00.957938,19.353,can0   001  [05]  06 83 c0 10 08 0
2026-07-11T17:50:00.963590,19.359,can0  070  [20]  98 2C 4D 08 70 B1 62 03 D0 07 00 00 32 00 00 00 44 00 00 00
2026-07-11T17:50:00.964007,19.359,can0  204  [16]  6E 23 1C D3 24 99 E9 F1 D0 20 30 75 30 75 00 00
2026-07-11T17:50:00.964317,19.359,can0  040  [04]  2B 01 08 00
2026-07-11T17:50:00.964718,19.360,can0  204  [16]  6E 23 1C D3 24 99 E9 F1 D0 20 30 75 30 75 00 00
2026-07-11T17:50:00.968320,19.363,can0  206  [24]  C6 0C 73 09 CA 0C 99 C6 85 0A C6 0C CA 0C 00 00 00 00 00 00 00 00 00 00
2026-07-11T17:50:01.063245,19.458,can0  040  [04]  2B 01 08 00
2026-07-11T17:50:01.063601,19.459,can0  204  [16]  4B 23 1C D3 24 99 E9 F1 D0 20 30 75 30 75 00 00
2026-07-11T17:50:01.063782,19.459,can0  001  [05]  68 3C 01 00 80
2026-07-11T17:50:01.064097,19.459,can0  204  [16]  28 23 1C D3 24 99 E9 F1 A4 1F 30 75 30 75 00 00
2026-07-11T17:50:01.105067,19.500,can0   001  [05]  0b 03 00 10 08 0
2026-07-11T17:50:01.160724,19.556,can0  204  [16]  04 23 1C D3 24 99 E9 F1 A4 1F 30 75 30 75 00 00
2026-07-11T17:50:01.163591,19.559,can0  206  [24]  C1 0C 74 09 CB 0C 99 C6 84 0A C6 0C CA 0C 00 00 00 00 00 00 00 00 00 00
2026-07-11T17:50:01.163847,19.559,can0  041  [04]  DB 00 10 00
2026-07-11T17:50:01.164078,19.559,can0  001  [05]  B0 30 01 00 80
2026-07-11T17:50:01.164397,19.559,can0  204  [16]  E1 22 1C D3 24 99 E9 F1 78 1E 30 75 30 75 00 00
2026-07-11T17:50:01.260627,19.656,can0  204  [16]  BE 22 1C D3 24 99 E9 F1 78 1E 30 75 30 75 00 00
2026-07-11T17:50:01.260889,19.656,can0  040  [04]  34 01 09 00
2026-07-11T17:50:01.261157,19.656,can0  070  [20]  9C 2C 4D 08 6F B1 62 03 B8 0B 00 00 32 00 00 00 41 00 00 00
2026-07-11T17:50:01.261424,19.656,can0  040  [04]  34 01 09 00
2026-07-11T17:50:01.261672,19.657,can0  204  [16]  78 22 1C D3 24 99 E9 F1 78 1E 30 75 30 75 00 00
2026-07-11T17:50:01.261885,19.657,can0  070  [20]  9C 2C 4D 08 6F B1 62 03 B8 0B 00 00 32 00 00 00 41 00 00 00
2026-07-11T17:50:01.283000,19.678,can0   001  [05]  0f 82 40 10 08 0
2026-07-11T17:50:01.363584,19.759,can0  206  [24]  BC 0C 6D 09 C6 0C 99 C6 82 0A C1 0C CA 0C 00 00 00 00 00 00 00 00 00 00
2026-07-11T17:50:01.363971,19.759,can0  204  [16]  55 22 1C D3 24 99 E9 F1 78 1E 30 75 30 75 00 00
2026-07-11T17:50:01.364228,19.759,can0  001  [05]  F8 24 01 00 80
2026-07-11T17:50:01.364536,19.759,can0  204  [16]  0E 22 1C D3 24 99 E9 F1 4C 1D 30 75 30 75 00 00
2026-07-11T17:50:01.364800,19.760,can0  070  [20]  9C 2C 4D 08 6F B1 62 03 B8 0B 00 00 32 00 00 00 41 00 00 00
2026-07-11T17:50:01.451144,19.846,can0   001  [05]  04 01 90 10 08 0
2026-07-11T17:50:01.460635,19.856,can0  041  [04]  E4 00 0F 00
2026-07-11T17:50:01.460742,19.856,can0  204  [16]  C8 21 1C D3 24 99 E9 F1 4C 1D 30 75 30 75 00 00
2026-07-11T17:50:01.460934,19.856,can0  204  [16]  82 21 1C D3 24 99 E9 F1 4C 1D 30 75 30 75 00 00
2026-07-11T17:50:01.463834,19.859,can0  206  [24]  BC 0C 66 09 C0 0C 99 C6 82 0A C0 0C CA 0C 00 00 00 00 00 00 00 00 00 00
2026-07-11T17:50:01.464069,19.859,can0  040  [04]  26 01 07 00
2026-07-11T17:50:01.561994,19.957,can0  001  [05]  40 19 01 00 80
2026-07-11T17:50:01.562356,19.957,can0  204  [16]  5E 21 1C D3 24 99 E9 F1 20 1C 30 75 30 75 00 00
2026-07-11T17:50:01.562624,19.958,can0  040  [04]  26 01 07 00
2026-07-11T17:50:01.565808,19.961,can0  204  [16]  18 21 1C D3 24 99 E9 F1 20 1C 30 75 30 75 00 00
2026-07-11T17:50:01.600807,19.996,can0   001  [05]  08 80 d0 10 08 0
2026-07-11T17:50:01.663793,20.059,can0  204  [16]  F5 20 1C D3 24 99 E9 F1 20 1C 30 75 30 75 00 00
2026-07-11T17:50:01.663893,20.059,can0  206  [24]  BC 0C 66 09 B6 0C 99 C6 83 0A C1 0C CA 0C 00 00 00 00 00 00 00 00 00 00
2026-07-11T17:50:01.664862,20.060,can0  100  [03]  12 7E 04
2026-07-11T17:50:01.665194,20.060,can0  001  [05]  88 0D 01 00 80
2026-07-11T17:50:01.665474,20.060,can0  120  [04]  00 00 00 00
2026-07-11T17:50:01.665996,20.061,can0  204  [16]  8C 20 1C D3 24 99 E9 F1 F4 1A 30 75 30 75 00 00
2026-07-11T17:50:01.666297,20.061,can0  041  [04]  E4 00 0F 00
2026-07-11T17:50:01.754622,20.150,can0   001  [05]  0d 00 10 10 08 0
2026-07-11T17:50:01.762016,20.157,can0  204  [16]  68 20 1C D3 24 99 E9 F1 F4 1A 30 75 30 75 00 00
2026-07-11T17:50:01.762296,20.157,can0  040  [04]  16 01 07 00
2026-07-11T17:50:01.762581,20.158,can0  204  [16]  FF 1F 1C D3 24 99 E9 F1 F4 1A 30 75 30 75 00 00
2026-07-11T17:50:01.764018,20.159,can0  040  [04]  16 01 07 00
2026-07-11T17:50:01.863019,20.258,can0  206  [24]  BB 0C 67 09 B2 0C 99 C6 84 0A C1 0C C6 0C 00 00 00 00 00 00 00 00 00 00
2026-07-11T17:50:01.863318,20.258,can0  060  [32]  48 40 D6 02 D4 83 4D 08 2E 3A 64 03 3A 00 05 04 81 00 FF 00 00 00 00 00 03 00 00 00 00 00 00 00
2026-07-11T17:50:01.863589,20.259,can0  060  [32]  6E DE D5 02 E1 6A 4D 08 1D DC 64 03 00 00 95 0C 39 00 80 00 00 00 00 01 03 00 00 00 00 00 00 00
2026-07-11T17:50:01.863789,20.259,can0  060  [32]  00 00 00 00 9C 2C 4D 08 C3 06 B8 10 00 00 10 0E FF 01 00 00 00 00 00 02 03 00 00 00 00 00 00 00
2026-07-11T17:50:01.864303,20.259,can0  001  [05]  D0 01 01 00 80
2026-07-11T17:50:01.864618,20.260,can0  204  [16]  B9 1F 1C D3 24 99 E9 F1 C8 19 30 75 30 75 00 00
2026-07-11T17:50:01.864897,20.260,can0  204  [16]  72 1F 1C D3 24 99 E9 F1 C8 19 30 75 30 75 00 00
2026-07-11T17:50:01.865199,20.260,can0  070  [20]  9C 2C 4D 08 6F B1 62 03 B8 0B 00 00 32 00 00 00 41 00 00 00
2026-07-11T17:50:01.956197,20.351,can0   001  [05]  01 8f 60 00 08 0
2026-07-11T17:50:01.960321,20.355,can0  204  [16]  2C 1F 1C D3 24 99 E9 F1 C8 19 30 75 30 75 00 00
2026-07-11T17:50:01.960683,20.356,can0  041  [04]  E4 00 0F 00
2026-07-11T17:50:01.963796,20.359,can0  206  [24]  BB 0C 66 09 AD 0C 99 C6 85 0A BC 0C C6 0C 00 00 00 00 00 00 00 00 00 00
2026-07-11T17:50:01.964194,20.359,can0  204  [16]  C3 1E 1C D3 24 99 E9 F1 C8 19 30 75 30 75 00 00
2026-07-11T17:50:02.060995,20.456,can0  040  [04]  0C 01 09 00
2026-07-11T17:50:02.061322,20.456,can0  001  [05]  18 F6 00 00 80
2026-07-11T17:50:02.068796,20.464,can0  204  [16]  59 1E 1C D3 24 99 E9 F1 9C 18 30 75 30 75 00 00
2026-07-11T17:50:02.068899,20.464,can0  040  [04]  0C 01 09 00
2026-07-11T17:50:02.068992,20.464,can0  204  [16]  36 1E 1C D3 24 99 E9 F1 9C 18 30 75 30 75 00 00
2026-07-11T17:50:02.160985,20.556,can0  204  [16]  CC 1D 1C D3 24 99 E9 F1 9C 18 30 75 30 75 00 00
2026-07-11T17:50:02.164131,20.559,can0  206  [24]  C0 0C 6E 09 AD 0C 99 C6 86 0A C0 0C C0 0C 00 00 00 00 00 00 00 00 00 00
2026-07-11T17:50:02.164474,20.559,can0  204  [16]  86 1D 1C D3 24 99 E9 F1 9C 18 30 75 30 75 00 00
2026-07-11T17:50:02.261002,20.656,can0  041  [04]  F0 00 0D 00
2026-07-11T17:50:02.261094,20.656,can0  204  [16]  1D 1D 1C D3 24 99 E9 F1 9C 18 30 75 30 75 00 00
2026-07-11T17:50:02.261177,20.656,can0  070  [20]  9D 2C 4D 08 6F B1 62 03 A0 0F 00 00 32 00 00 00 25 00 00 00
2026-07-11T17:50:02.264647,20.660,can0  040  [04]  0C 01 0B 00
2026-07-11T17:50:02.264754,20.660,can0  204  [16]  F9 1C 1C D3 24 99 E9 F1 9C 18 30 75 30 75 00 00
2026-07-11T17:50:02.360700,20.756,can0  070  [20]  9D 2C 4D 08 6F B1 62 03 A0 0F 00 00 32 00 00 00 26 00 00 00
2026-07-11T17:50:02.363601,20.759,can0  206  [24]  B6 0C 6E 09 AD 0C 99 C6 85 0A C1 0C C6 0C 00 00 00 00 00 00 00 00 00 00
2026-07-11T17:50:02.363980,20.759,can0  204  [16]  B3 1C 1C D3 24 99 E9 F1 9C 18 30 75 30 75 00 00
2026-07-11T17:50:02.364281,20.759,can0  060  [32]  84 18 D6 02 72 B6 4D 08 4B 1F 64 03 00 00 F9 04 65 01 80 00 00 00 00 00 02 00 00 00 00 00 00 00
2026-07-11T17:50:02.364453,20.759,can0  060  [32]  D7 93 D6 02 C8 D5 4D 08 7C B9 61 03 47 01 24 0A 03 01 80 00 00 00 00 01 02 00 00 00 00 00 00 00
2026-07-11T17:50:02.365235,20.760,can0  040  [04]  0C 01 0B 00
2026-07-11T17:50:02.365324,20.760,can0  204  [16]  6D 1C 1C D3 24 99 E9 F1 9C 18 30 75 30 75 00 00
2026-07-11T17:50:02.372107,20.767,can0  070  [20]  9D 2C 4D 08 6F B1 62 03 A0 0F 00 00 32 00 00 00 26 00 00 00
2026-07-11T17:50:02.460392,20.855,can0  204  [16]  27 1C 1C D3 24 99 E9 F1 9C 18 30 75 30 75 00 00
2026-07-11T17:50:02.460681,20.856,can0  110  [02]  31 1B
2026-07-11T17:50:02.463680,20.859,can0  206  [24]  B6 0C 6E 09 AD 0C 99 C6 84 0A C1 0C C6 0C 00 00 00 00 00 00 00 00 00 00
2026-07-11T17:50:02.464014,20.859,can0  204  [16]  03 1C 1C D3 24 99 E9 F1 9C 18 30 75 30 75 00 00
2026-07-11T17:50:02.464281,20.859,can0  041  [04]  ED 00 0E 00
2026-07-11T17:50:02.562115,20.957,can0  204  [16]  BD 1B 1C D3 24 99 E9 F1 9C 18 30 75 30 75 00 00
2026-07-11T17:50:02.562387,20.957,can0  040  [04]  0C 01 0C 00
2026-07-11T17:50:02.562819,20.958,can0  204  [16]  9A 1B 1C D3 24 99 E9 F1 9C 18 30 75 30 75 00 00
2026-07-11T17:50:02.660618,21.056,can0  040  [04]  0C 01 0C 00
2026-07-11T17:50:02.663844,21.059,can0  206  [24]  BB 0C 6E 09 B2 0C 99 C6 83 0A C1 0C C6 0C 00 00 00 00 00 00 00 00 00 00
2026-07-11T17:50:02.663934,21.059,can0  204  [16]  54 1B 1C D3 24 99 E9 F1 9C 18 30 75 30 75 00 00
2026-07-11T17:50:02.671386,21.066,can0  204  [16]  30 1B 1C D3 24 99 E9 F1 9C 18 30 75 30 75 00 00
2026-07-11T17:50:02.760379,21.155,can0  204  [16]  EA 1A 1C D3 24 99 E9 F1 9C 18 30 75 30 75 00 00
2026-07-11T17:50:02.760724,21.156,can0  041  [04]  FE 00 0C 00
2026-07-11T17:50:02.761154,21.156,can0  204  [16]  EA 1A 1C D3 24 99 E9 F1 9C 18 30 75 30 75 00 00
2026-07-11T17:50:02.863744,21.259,can0  206  [24]  BB 0C 6E 09 B2 0C 99 C6 85 0A C5 0C C6 0C 00 00 00 00 00 00 00 00 00 00
2026-07-11T17:50:02.863840,21.259,can0  040  [04]  0C 01 0C 00
2026-07-11T17:50:02.864103,21.259,can0  204  [16]  A4 1A 1C D3 24 99 E9 F1 9C 18 30 75 30 75 00 00
2026-07-11T17:50:02.864421,21.259,can0  100  [03]  0E 7E 04
2026-07-11T17:50:02.864730,21.260,can0  120  [04]  00 00 00 00
2026-07-11T17:50:02.865036,21.260,can0  040  [04]  0C 01 0C 00
2026-07-11T17:50:02.865733,21.261,can0  204  [16]  81 1A 1C D3 24 99 E9 F1 9C 18 30 75 30 75 00 00
2026-07-11T17:50:02.865791,21.261,can0  070  [20]  9D 2C 4D 08 6F B1 62 03 A0 0F 00 00 32 00 00 00 26 00 00 00
2026-07-11T17:50:02.961880,21.357,can0  204  [16]  81 1A 1C D3 24 99 E9 F1 9C 18 30 75 30 75 00 00
2026-07-11T17:50:02.965099,21.360,can0  206  [24]  B6 0C 6E 09 B7 0C 99 C6 84 0A C0 0C CA 0C 00 00 00 00 00 00 00 00 00 00
2026-07-11T17:50:02.965409,21.360,can0  132  [00]
2026-07-11T17:50:02.965822,21.361,can0  204  [16]  3A 1A 1C D3 24 99 E9 F1 9C 18 30 75 30 75 00 00
2026-07-11T17:50:03.062464,21.457,can0  041  [04]  0A 01 0C 00
2026-07-11T17:50:03.062925,21.458,can0  204  [16]  3A 1A 1C D3 24 99 E9 F1 9C 18 30 75 30 75 00 00
2026-07-11T17:50:03.063201,21.458,can0  040  [04]  0C 01 0C 00
2026-07-11T17:50:03.063601,21.459,can0  204  [16]  17 1A 1C D3 24 99 E9 F1 9C 18 30 75 30 75 00 00
2026-07-11T17:50:03.063810,21.459,can0  131  [00]
2026-07-11T17:50:03.110723,21.506,can0   001  [05]  09 05 f0 10 08 0
2026-07-11T17:50:03.166431,21.561,can0  040  [04]  0C 01 0C 00
2026-07-11T17:50:03.171102,21.566,can0  206  [24]  C1 0C 71 09 B1 0C 99 C6 84 0A C6 0C C6 0C 00 00 00 00 00 00 00 00 00 00
2026-07-11T17:50:03.171172,21.566,can0  204  [16]  F4 19 1C D3 24 99 E9 F1 9C 18 30 75 30 75 00 00
2026-07-11T17:50:03.171323,21.566,can0  001  [05]  90 5F 01 00 80
2026-07-11T17:50:03.171752,21.567,can0  204  [16]  D1 19 1C D3 24 99 E9 F1 28 23 30 75 30 75 00 00
2026-07-11T17:50:03.275007,21.670,can0  130  [00]
2026-07-11T17:50:03.275104,21.670,can0  204  [16]  D1 19 1C D3 24 99 E9 F1 28 23 30 75 30 75 00 00
2026-07-11T17:50:03.276109,21.671,can0  133  [00]
2026-07-11T17:50:03.276193,21.671,can0  070  [20]  9F 2C 4D 08 6D B1 62 03 88 13 00 00 32 00 00 00 11 00 00 00
2026-07-11T17:50:03.276411,21.671,can0  041  [04]  21 01 09 00
2026-07-11T17:50:03.276689,21.672,can0  204  [16]  D1 19 1C D3 24 99 E9 F1 28 23 30 75 30 75 00 00
2026-07-11T17:50:03.276912,21.672,can0  070  [20]  9F 2C 4D 08 6D B1 62 03 88 13 00 00 32 00 00 00 11 00 00 00
2026-07-11T17:50:03.279763,21.675,can0  206  [24]  C1 0C 72 09 AD 0C 99 C6 85 0A CA 0C CA 0C 00 00 00 00 00 00 00 00 00 00
2026-07-11T17:50:03.380359,21.775,can0  040  [04]  F9 00 09 00
2026-07-11T17:50:03.380892,21.776,can0  204  [16]  D1 19 1C D3 24 99 E9 F1 28 23 30 75 30 75 00 00
2026-07-11T17:50:03.381398,21.776,can0  070  [20]  9F 2C 4D 08 6D B1 62 03 88 13 00 00 32 00 00 00 11 00 00 00
2026-07-11T17:50:03.388221,21.783,can0  040  [04]  F9 00 09 00
2026-07-11T17:50:03.388292,21.783,can0  204  [16]  D1 19 1C D3 24 99 E9 F1 28 23 30 75 30 75 00 00
2026-07-11T17:50:03.478331,21.873,can0  060  [32]  00 00 00 00 9D 2C 4D 08 C3 06 B8 10 00 00 10 0E FF 01 00 00 00 00 00 00 02 00 00 00 00 00 00 00
2026-07-11T17:50:03.498972,21.894,can0  060  [32]  10 D1 70 0C 19 99 4D 08 16 8B 62 03 01 00 3E 02 F7 00 80 00 00 00 00 01 02 00 00 00 00 00 00 00
2026-07-11T17:50:03.499051,21.894,can0  204  [16]  D1 19 1C D3 24 99 E9 F1 28 23 30 75 30 75 00 00
2026-07-11T17:50:03.499095,21.894,can0  206  [24]  C1 0C 72 09 AD 0C 99 C6 86 0A CA 0C CA 0C 00 00 00 00 00 00 00 00 00 00
2026-07-11T17:50:03.499136,21.894,can0  204  [16]  D1 19 1C D3 24 99 E9 F1 28 23 30 75 30 75 00 00
2026-07-11T17:50:03.541683,21.937,can0  204  [16]  D1 19 1C D3 24 99 E9 F1 28 23 30 75 30 75 00 00
2026-07-11T17:50:03.541921,21.937,can0  041  [04]  2E 01 0A 00
2026-07-11T17:50:03.547901,21.943,can0  204  [16]  D1 19 1C D3 24 99 E9 F1 28 23 30 75 30 75 00 00
2026-07-11T17:50:03.634734,22.030,can0  040  [04]  F6 00 07 00
2026-07-11T17:50:03.637639,22.033,can0  206  [24]  C1 0C 72 09 AD 0C 99 C6 86 0A C6 0C CA 0C 00 00 00 00 00 00 00 00 00 00
2026-07-11T17:50:03.645288,22.040,can0  204  [16]  D1 19 1C D3 24 99 E9 F1 28 23 30 75 30 75 00 00
2026-07-11T17:50:03.645379,22.040,can0  040  [04]  F6 00 07 00
2026-07-11T17:50:03.645476,22.040,can0  204  [16]  F4 19 1C D3 24 99 E9 F1 28 23 30 75 30 75 00 00
2026-07-11T17:50:03.740429,22.135,can0  204  [16]  F4 19 1C D3 24 99 E9 F1 28 23 30 75 30 75 00 00
2026-07-11T17:50:03.747149,22.142,can0  206  [24]  C1 0C 71 09 AC 0C 99 C6 86 0A C1 0C C6 0C 00 00 00 00 00 00 00 00 00 00
2026-07-11T17:50:03.848881,22.244,can0  204  [16]  F4 19 1C D3 24 99 E9 F1 28 23 30 75 30 75 00 00
2026-07-11T17:50:03.848949,22.244,can0  041  [04]  25 01 0C 00
2026-07-11T17:50:03.850742,22.246,can0  204  [16]  F4 19 1C D3 24 99 E9 F1 28 23 30 75 30 75 00 00
2026-07-11T17:50:03.850804,22.246,can0  040  [04]  F9 00 06 00
2026-07-11T17:50:03.850846,22.246,can0  070  [20]  9F 2C 4D 08 6D B1 62 03 88 13 00 00 32 00 00 00 11 00 00 00
2026-07-11T17:50:03.950627,22.346,can0  204  [16]  F4 19 1C D3 24 99 E9 F1 28 23 30 75 30 75 00 00
2026-07-11T17:50:03.950719,22.346,can0  040  [04]  F9 00 06 00
2026-07-11T17:50:03.960603,22.356,can0  204  [16]  17 1A 1C D3 24 99 E9 F1 28 23 30 75 30 75 00 00
2026-07-11T17:50:03.960682,22.356,can0  206  [24]  C0 0C 72 09 AD 0C 99 C6 88 0A C0 0C C0 0C 00 00 00 00 00 00 00 00 00 00
2026-07-11T17:50:04.052904,22.448,can0  204  [16]  5E 1A 1C D3 24 99 E9 F1 28 23 30 75 30 75 00 00
2026-07-11T17:50:04.052971,22.448,can0  204  [16]  C7 1A 1C D3 24 99 E9 F1 28 23 30 75 30 75 00 00
2026-07-11T17:50:04.053020,22.448,can0  100  [03]  0E 7E 04
2026-07-11T17:50:04.053226,22.448,can0  110  [02]  2F 1B
2026-07-11T17:50:04.053543,22.449,can0  120  [04]  00 00 00 00
2026-07-11T17:50:04.053863,22.449,can0  041  [04]  1D 01 0C 00
2026-07-11T17:50:04.156603,22.552,can0  204  [16]  0D 1B 1C D3 24 99 E9 F1 28 23 30 75 30 75 00 00
2026-07-11T17:50:04.156692,22.552,can0  206  [24]  BB 0C 70 09 AD 0C 99 C6 87 0A BB 0C C0 0C 00 00 00 00 00 00 00 00 00 00
2026-07-11T17:50:04.156758,22.552,can0  040  [04]  0C 01 08 00
2026-07-11T17:50:04.156824,22.552,can0  204  [16]  77 1B 1C D3 24 99 E9 F1 28 23 30 75 30 75 00 00
2026-07-11T17:50:04.255748,22.651,can0  040  [04]  0C 01 08 00
2026-07-11T17:50:04.256066,22.651,can0  204  [16]  E0 1B 1C D3 24 99 E9 F1 28 23 30 75 30 75 00 00
2026-07-11T17:50:04.256390,22.651,can0  070  [20]  A1 2C 4D 08 6D B1 62 03 70 17 00 00 32 00 00 00 13 00 00 00
2026-07-11T17:50:04.260554,22.656,can0  204  [16]  4A 1C 1C D3 24 99 E9 F1 28 23 30 75 30 75 00 00
2026-07-11T17:50:04.260634,22.656,can0  206  [24]  C0 0C 71 09 A7 0C 99 C6 85 0A BC 0C BC 0C 00 00 00 00 00 00 00 00 00 00
2026-07-11T17:50:04.260855,22.656,can0  070  [20]  A1 2C 4D 08 6D B1 62 03 70 17 00 00 32 00 00 00 13 00 00 00
2026-07-11T17:50:04.362537,22.757,can0  204  [16]  B3 1C 1C D3 24 99 E9 F1 28 23 30 75 30 75 00 00
2026-07-11T17:50:04.362835,22.758,can0  060  [32]  00 00 00 00 9F 2C 4D 08 C2 06 B8 10 00 00 10 0E FF 01 00 00 00 00 00 00 02 00 00 00 00 00 00 00
2026-07-11T17:50:04.363033,22.758,can0  060  [32]  D7 93 D6 02 91 D5 4D 08 B5 B7 61 03 47 01 23 0A 03 01 80 00 00 00 00 01 02 00 00 00 00 00 00 00
2026-07-11T17:50:04.363921,22.759,can0  041  [04]  10 01 0F 00
2026-07-11T17:50:04.364353,22.759,can0  204  [16]  1D 1D 1C D3 24 99 E9 F1 28 23 30 75 30 75 00 00
2026-07-11T17:50:04.365121,22.760,can0  070  [20]  A1 2C 4D 08 6D B1 62 03 70 17 00 00 32 00 00 00 13 00 00 00
2026-07-11T17:50:04.467372,22.862,can0  204  [16]  63 1D 1C D3 24 99 E9 F1 28 23 30 75 30 75 00 00
2026-07-11T17:50:04.467682,22.863,can0  040  [04]  0C 01 09 00
2026-07-11T17:50:04.468039,22.863,can0  204  [16]  CC 1D 1C D3 24 99 E9 F1 28 23 30 75 30 75 00 00
2026-07-11T17:50:04.472190,22.867,can0  206  [24]  BC 0C 71 09 A8 0C 99 C6 85 0A C0 0C BC 0C 00 00 00 00 00 00 00 00 00 00
2026-07-11T17:50:04.472508,22.867,can0  040  [04]  0C 01 09 00
2026-07-11T17:50:04.571986,22.967,can0  204  [16]  13 1E 1C D3 24 99 E9 F1 28 23 30 75 30 75 00 00
2026-07-11T17:50:04.576222,22.971,can0  204  [16]  9F 1E 1C D3 24 99 E9 F1 28 23 30 75 30 75 00 00
2026-07-11T17:50:04.677473,23.072,can0  204  [16]  E6 1E 1C D3 24 99 E9 F1 28 23 30 75 30 75 00 00
2026-07-11T17:50:04.677540,23.072,can0  041  [04]  10 01 0F 00
2026-07-11T17:50:04.677617,23.073,can0  206  [24]  BB 0C 72 09 A7 0C 99 C6 84 0A C1 0C C0 0C 00 00 00 00 00 00 00 00 00 00
2026-07-11T17:50:04.677692,23.073,can0  204  [16]  4F 1F 1C D3 24 99 E9 F1 28 23 30 75 30 75 00 00
2026-07-11T17:50:04.677761,23.073,can0  040  [04]  DF 00 0A 00
2026-07-11T17:50:04.773714,23.169,can0  204  [16]  95 1F 1C D3 24 99 E9 F1 28 23 30 75 30 75 00 00
2026-07-11T17:50:04.773781,23.169,can0  040  [04]  DF 00 0A 00
2026-07-11T17:50:04.774153,23.169,can0  204  [16]  DC 1F 1C D3 24 99 E9 F1 28 23 30 75 30 75 00 00
2026-07-11T17:50:04.777987,23.173,can0  206  [24]  B6 0C 71 09 A7 0C 99 C6 82 0A CB 0C C6 0C 00 00 00 00 00 00 00 00 00 00
2026-07-11T17:50:04.876306,23.271,can0  204  [16]  22 20 1C D3 24 99 E9 F1 28 23 30 75 30 75 00 00
2026-07-11T17:50:04.876376,23.271,can0  204  [16]  45 20 1C D3 24 99 E9 F1 28 23 30 75 30 75 00 00
2026-07-11T17:50:04.876612,23.272,can0  060  [32]  90 B4 54 06 71 8E 4D 08 6A 2B 62 03 02 00 E0 0D FA 00 80 00 00 00 00 00 02 00 00 00 00 00 00 00
2026-07-11T17:50:04.886362,23.281,can0  060  [32]  00 00 00 00 A1 2C 4D 08 C2 06 B8 10 00 00 10 0E FF 01 00 00 00 00 00 01 02 00 00 00 00 00 00 00
2026-07-11T17:50:04.886438,23.281,can0  041  [04]  10 01 0F 00
2026-07-11T17:50:04.886483,23.281,can0  070  [20]  A1 2C 4D 08 6D B1 62 03 70 17 00 00 32 00 00 00 13 00 00 00
2026-07-11T17:50:04.977484,23.372,can0  204  [16]  8C 20 1C D3 24 99 E9 F1 28 23 30 75 30 75 00 00
2026-07-11T17:50:04.977887,23.373,can0  040  [04]  DF 00 09 00
2026-07-11T17:50:04.980883,23.376,can0  206  [24]  B6 0C 72 09 AD 0C 99 C6 84 0A CA 0C C6 0C 00 00 00 00 00 00 00 00 00 00
2026-07-11T17:50:04.981320,23.376,can0  204  [16]  AF 20 1C D3 24 99 E9 F1 28 23 30 75 30 75 00 00
2026-07-11T17:50:04.988203,23.383,can0  040  [04]  DF 00 09 00
2026-07-11T17:50:05.080088,23.475,can0  204  [16]  F5 20 1C D3 24 99 E9 F1 28 23 30 75 30 75 00 00
2026-07-11T17:50:05.087715,23.483,can0  204  [16]  18 21 1C D3 24 99 E9 F1 28 23 30 75 30 75 00 00
2026-07-11T17:50:05.183105,23.578,can0  204  [16]  3B 21 1C D3 24 99 E9 F1 28 23 30 75 30 75 00 00
2026-07-11T17:50:05.183181,23.578,can0  206  [24]  B6 0C 71 09 AD 0C 99 C6 85 0A CA 0C CA 0C 00 00 00 00 00 00 00 00 00 00
2026-07-11T17:50:05.183433,23.578,can0  041  [04]  10 01 0F 00
2026-07-11T17:50:05.183736,23.579,can0  204  [16]  5E 21 1C D3 24 99 E9 F1 28 23 30 75 30 75 00 00
2026-07-11T17:50:05.184002,23.579,can0  040  [04]  D3 00 09 00
2026-07-11T17:50:05.282729,23.678,can0  204  [16]  82 21 1C D3 24 99 E9 F1 28 23 30 75 30 75 00 00
2026-07-11T17:50:05.286583,23.682,can0  100  [03]  11 7E 04
2026-07-11T17:50:05.286680,23.682,can0  120  [04]  00 00 00 00
2026-07-11T17:50:05.286734,23.682,can0  204  [16]  A5 21 1C D3 24 99 E9 F1 28 23 30 75 30 75 00 00
2026-07-11T17:50:05.286775,23.682,can0  070  [20]  A2 2C 4D 08 6B B1 62 03 58 1B 00 00 32 00 00 00 66 00 00 00
2026-07-11T17:50:05.286848,23.682,can0  040  [04]  D3 00 09 00
2026-07-11T17:50:05.286895,23.682,can0  206  [24]  BC 0C 71 09 B1 0C 99 C6 84 0A CF 0C CA 0C 00 00 00 00 00 00 00 00 00 00
2026-07-11T17:50:05.286936,23.682,can0  070  [20]  A2 2C 4D 08 6B B1 62 03 58 1B 00 00 32 00 00 00 65 00 00 00
2026-07-11T17:50:05.338327,23.733,can0  204  [16]  C8 21 1C D3 24 99 E9 F1 28 23 30 75 30 75 00 00
2026-07-11T17:50:05.338709,23.734,can0  204  [16]  EB 21 1C D3 24 99 E9 F1 28 23 30 75 30 75 00 00
2026-07-11T17:50:05.338767,23.734,can0  070  [20]  A2 2C 4D 08 6B B1 62 03 58 1B 00 00 32 00 00 00 65 00 00 00
2026-07-11T17:50:05.437503,23.832,can0  041  [04]  17 01 0B 00
2026-07-11T17:50:05.437981,23.833,can0  204  [16]  0E 22 1C D3 24 99 E9 F1 28 23 30 75 30 75 00 00
2026-07-11T17:50:05.447733,23.843,can0  206  [24]  BC 0C 72 09 BB 0C 99 C6 84 0A CB 0C CA 0C 00 00 00 00 00 00 00 00 00 00
2026-07-11T17:50:05.447852,23.843,can0  204  [16]  0E 22 1C D3 24 99 E9 F1 28 23 30 75 30 75 00 00
2026-07-11T17:50:05.447901,23.843,can0  040  [04]  CB 00 0B 00
2026-07-11T17:50:05.546468,23.941,can0  204  [16]  31 22 1C D3 24 99 E9 F1 28 23 30 75 30 75 00 00
2026-07-11T17:50:05.546538,23.941,can0  040  [04]  CB 00 0B 00
2026-07-11T17:50:05.554026,23.949,can0  204  [16]  55 22 1C D3 24 99 E9 F1 28 23 30 75 30 75 00 00
2026-07-11T17:50:05.647330,24.042,can0  204  [16]  55 22 1C D3 24 99 E9 F1 28 23 30 75 30 75 00 00
2026-07-11T17:50:05.647413,24.042,can0  206  [24]  BC 0C 72 09 BB 0C 99 C6 85 0A CB 0C CA 0C 00 00 00 00 00 00 00 00 00 00
2026-07-11T17:50:05.647701,24.043,can0  110  [02]  31 1B
2026-07-11T17:50:05.647997,24.043,can0  204  [16]  78 22 1C D3 24 99 E9 F1 28 23 30 75 30 75 00 00
2026-07-11T17:50:05.648235,24.043,can0  041  [04]  17 01 0C 00
2026-07-11T17:50:05.745117,24.140,can0  204  [16]  78 22 1C D3 24 99 E9 F1 28 23 30 75 30 75 00 00
2026-07-11T17:50:05.745392,24.140,can0  040  [04]  D1 00 0A 00
2026-07-11T17:50:05.745716,24.141,can0  204  [16]  9B 22 1C D3 24 99 E9 F1 28 23 30 75 30 75 00 00
2026-07-11T17:50:05.749451,24.144,can0  206  [24]  BB 0C 72 09 BC 0C 99 C6 83 0A CA 0C D0 0C 00 00 00 00 00 00 00 00 00 00
2026-07-11T17:50:05.749769,24.145,can0  040  [04]  D1 00 0A 00
2026-07-11T17:50:05.851239,24.246,can0  204  [16]  9B 22 1C D3 24 99 E9 F1 28 23 30 75 30 75 00 00
2026-07-11T17:50:05.851309,24.246,can0  060  [32]  68 34 D6 02 98 80 4D 08 4E F6 64 03 C2 00 EB 0A FF 01 00 00 00 00 00 00 02 00 00 00 00 00 00 00
2026-07-11T17:50:05.851664,24.247,can0  060  [32]  00 00 00 00 A2 2C 4D 08 C0 06 B8 10 00 00 10 0E FF 01 00 00 00 00 00 01 02 00 00 00 00 00 00 00
2026-07-11T17:50:05.851981,24.247,can0  204  [16]  9B 22 1C D3 24 99 E9 F1 28 23 30 75 30 75 00 00
2026-07-11T17:50:05.852627,24.248,can0  070  [20]  A2 2C 4D 08 6B B1 62 03 58 1B 00 00 32 00 00 00 65 00 00 00
2026-07-11T17:50:05.950555,24.346,can0  204  [16]  BE 22 1C D3 24 99 E9 F1 28 23 30 75 30 75 00 00
2026-07-11T17:50:05.960498,24.355,can0  041  [04]  10 01 0C 00
2026-07-11T17:50:05.960565,24.356,can0  206  [24]  BC 0C 71 09 C0 0C 99 C6 84 0A CA 0C CA 0C 00 00 00 00 00 00 00 00 00 00
2026-07-11T17:50:05.960608,24.356,can0  204  [16]  BE 22 1C D3 24 99 E9 F1 28 23 30 75 30 75 00 00
2026-07-11T17:50:06.051739,24.447,can0  040  [04]  D1 00 0B 00
2026-07-11T17:50:06.059109,24.454,can0  204  [16]  BE 22 1C D3 24 99 E9 F1 28 23 30 75 30 75 00 00
2026-07-11T17:50:06.059203,24.454,can0  040  [04]  D1 00 0B 00
2026-07-11T17:50:06.059293,24.454,can0  204  [16]  E1 22 1C D3 24 99 E9 F1 28 23 30 75 30 75 00 00
2026-07-11T17:50:06.148310,24.543,can0  206  [24]  BC 0C 72 09 C0 0C 99 C6 85 0A C6 0C CA 0C 00 00 00 00 00 00 00 00 00 00
2026-07-11T17:50:06.148739,24.544,can0  204  [16]  E1 22 1C D3 24 99 E9 F1 28 23 30 75 30 75 00 00
2026-07-11T17:50:06.153746,24.549,can0  204  [16]  E1 22 1C D3 24 99 E9 F1 28 23 30 75 30 75 00 00
2026-07-11T17:50:06.280182,24.675,can0  041  [04]  17 01 0C 00
2026-07-11T17:50:06.280639,24.676,can0  204  [16]  E1 22 1C D3 24 99 E9 F1 28 23 30 75 30 75 00 00
2026-07-11T17:50:06.281005,24.676,can0  070  [20]  A4 2C 4D 08 6A B1 62 03 40 1F 00 00 32 00 00 00 4E 00 00 00
2026-07-11T17:50:06.281414,24.676,can0  040  [04]  D5 00 0C 00
2026-07-11T17:50:06.281923,24.677,can0  204  [16]  E1 22 1C D3 24 99 E9 F1 28 23 30 75 30 75 00 00
2026-07-11T17:50:06.285248,24.680,can0  206  [24]  BC 0C 71 09 B6 0C 99 C6 85 0A D0 0C CA 0C 00 00 00 00 00 00 00 00 00 00
2026-07-11T17:50:06.285596,24.681,can0  070  [20]  A4 2C 4D 08 6A B1 62 03 40 1F 00 00 32 00 00 00 4E 00 00 00
2026-07-11T17:50:06.375597,24.771,can0  040  [04]  D5 00 0C 00
2026-07-11T17:50:06.375934,24.771,can0  204  [16]  E1 22 1C D3 24 99 E9 F1 28 23 30 75 30 75 00 00
2026-07-11T17:50:06.376194,24.771,can0  060  [32]  00 00 00 00 00 00 00 00 00 00 00 00 00 00 00 00 00 00 00 00 00 00 00 00 00 00 00 00 00 00 00 00
2026-07-11T17:50:06.376570,24.772,can0  204  [16]  E1 22 1C D3 24 99 E9 F1 28 23 30 75 30 75 00 00
2026-07-11T17:50:06.384086,24.779,can0  070  [20]  A4 2C 4D 08 6A B1 62 03 40 1F 00 00 32 00 00 00 4E 00 00 00
2026-07-11T17:50:06.465603,24.861,can0  204  [16]  E1 22 1C D3 24 99 E9 F1 28 23 30 75 30 75 00 00
2026-07-11T17:50:06.476234,24.871,can0  206  [24]  BB 0C 73 09 B7 0C 99 C6 85 0A CF 0C D0 0C 00 00 00 00 00 00 00 00 00 00
2026-07-11T17:50:06.476355,24.871,can0  100  [03]  15 7E 04
2026-07-11T17:50:06.476481,24.871,can0  120  [04]  00 00 00 00
2026-07-11T17:50:06.476571,24.872,can0  204  [16]  E1 22 1C D3 24 99 E9 F1 28 23 30 75 30 75 00 00
2026-07-11T17:50:06.476674,24.872,can0  041  [04]  17 01 0C 00
2026-07-11T17:50:06.560726,24.956,can0  060  [32]  73 ED D5 02 D0 B9 4D 08 38 1E 64 03 00 00 A5 07 FF 01 00 00 00 00 00 00 01 00 00 00 00 00 00 00
2026-07-11T17:50:06.566877,24.962,can0  204  [16]  E1 22 1C D3 24 99 E9 F1 28 23 30 75 30 75 00 00
2026-07-11T17:50:06.566953,24.962,can0  040  [04]  DF 00 0F 00
2026-07-11T17:50:06.566996,24.962,can0  204  [16]  E1 22 1C D3 24 99 E9 F1 28 23 30 75 30 75 00 00
2026-07-11T17:50:06.663577,25.059,can0  040  [04]  DF 00 0F 00
2026-07-11T17:50:06.663644,25.059,can0  206  [24]  BB 0C 73 09 B7 0C 99 C6 86 0A CF 0C D0 0C 00 00 00 00 00 00 00 00 00 00
2026-07-11T17:50:06.670977,25.066,can0  204  [16]  E1 22 1C D3 24 99 E9 F1 28 23 30 75 30 75 00 00
2026-07-11T17:50:06.671049,25.066,can0  204  [16]  E1 22 1C D3 24 99 E9 F1 28 23 30 75 30 75 00 00
2026-07-11T17:50:06.764331,25.159,can0  204  [16]  E1 22 1C D3 24 99 E9 F1 28 23 30 75 30 75 00 00
2026-07-11T17:50:06.764435,25.159,can0  041  [04]  0B 01 0F 00
2026-07-11T17:50:06.764516,25.159,can0  206  [24]  C0 0C 73 09 B7 0C 99 C6 85 0A CA 0C D0 0C 00 00 00 00 00 00 00 00 00 00
2026-07-11T17:50:06.764889,25.160,can0  204  [16]  E1 22 1C D3 24 99 E9 F1 28 23 30 75 30 75 00 00
2026-07-11T17:50:06.776621,25.172,can0  040  [04]  E4 00 12 00
2026-07-11T17:50:06.868940,25.264,can0  204  [16]  E1 22 1C D3 24 99 E9 F1 28 23 30 75 30 75 00 00
2026-07-11T17:50:06.869240,25.264,can0  040  [04]  E4 00 12 00
2026-07-11T17:50:06.869531,25.264,can0  204  [16]  E1 22 1C D3 24 99 E9 F1 28 23 30 75 30 75 00 00
2026-07-11T17:50:06.870038,25.265,can0  070  [20]  A4 2C 4D 08 6A B1 62 03 40 1F 00 00 32 00 00 00 4E 00 00 00
2026-07-11T17:50:06.961880,25.357,can0  070  [20]  A4 2C 4D 08 6A B1 62 03 40 1F 00 00 32 00 00 00 4E 00 00 00
2026-07-11T17:50:06.961950,25.357,can0  204  [16]  E1 22 1C D3 24 99 E9 F1 28 23 30 75 30 75 00 00
2026-07-11T17:50:06.965871,25.361,can0  206  [24]  C0 0C 73 09 BC 0C 99 C6 86 0A CA 0C D0 0C 00 00 00 00 00 00 00 00 00 00
2026-07-11T17:50:06.967252,25.362,can0  204  [16]  E1 22 1C D3 24 99 E9 F1 28 23 30 75 30 75 00 00
2026-07-11T17:50:07.060597,25.456,can0  041  [04]  FC 00 10 00
2026-07-11T17:50:07.067904,25.463,can0  204  [16]  E1 22 1C D3 24 99 E9 F1 28 23 30 75 30 75 00 00
2026-07-11T17:50:07.068003,25.463,can0  040  [04]  E1 00 12 00
2026-07-11T17:50:07.068097,25.463,can0  204  [16]  E1 22 1C D3 24 99 E9 F1 28 23 30 75 30 75 00 00
2026-07-11T17:50:07.163964,25.559,can0  206  [24]  C5 0C 73 09 C1 0C 99 C6 86 0A C0 0C D0 0C 00 00 00 00 00 00 00 00 00 00
2026-07-11T17:50:07.164034,25.559,can0  040  [04]  E1 00 12 00
2026-07-11T17:50:07.164293,25.559,can0  204  [16]  E1 22 1C D3 24 99 E9 F1 28 23 30 75 30 75 00 00
2026-07-11T17:50:07.164661,25.560,can0  204  [16]  E1 22 1C D3 24 99 E9 F1 28 23 30 75 30 75 00 00
2026-07-11T17:50:07.260791,25.656,can0  204  [16]  E1 22 1C D3 24 99 E9 F1 28 23 30 75 30 75 00 00
2026-07-11T17:50:07.264372,25.659,can0  110  [02]  30 1B
2026-07-11T17:50:07.264464,25.659,can0  070  [20]  A4 2C 4D 08 6A B1 62 03 28 23 00 00 32 00 00 00 41 00 00 00
2026-07-11T17:50:07.264560,25.660,can0  041  [04]  F0 00 11 00
2026-07-11T17:50:07.264643,25.660,can0  206  [24]  C5 0C 73 09 BC 0C 99 C6 86 0A CB 0C D0 0C 00 00 00 00 00 00 00 00 00 00
2026-07-11T17:50:07.264747,25.660,can0  204  [16]  E1 22 1C D3 24 99 E9 F1 28 23 30 75 30 75 00 00
2026-07-11T17:50:07.264960,25.660,can0  070  [20]  A4 2C 4D 08 6A B1 62 03 28 23 00 00 32 00 00 00 41 00 00 00
2026-07-11T17:50:07.368406,25.763,can0  204  [16]  E1 22 1C D3 24 99 E9 F1 28 23 30 75 30 75 00 00
2026-07-11T17:50:07.368504,25.763,can0  040  [04]  E5 00 18 00
2026-07-11T17:50:07.368597,25.764,can0  070  [20]  A4 2C 4D 08 6A B1 62 03 28 23 00 00 32 00 00 00 41 00 00 00
2026-07-11T17:50:07.368694,25.764,can0  040  [04]  E5 00 18 00
2026-07-11T17:50:07.368776,25.764,can0  204  [16]  E1 22 1C D3 24 99 E9 F1 28 23 30 75 30 75 00 00
2026-07-11T17:50:07.464394,25.859,can0  204  [16]  E1 22 1C D3 24 99 E9 F1 28 23 30 75 30 75 00 00
2026-07-11T17:50:07.464490,25.859,can0  206  [24]  C5 0C 73 09 C1 0C 99 C6 85 0A C6 0C D0 0C 00 00 00 00 00 00 00 00 00 00
2026-07-11T17:50:07.465015,25.860,can0  204  [16]  E1 22 1C D3 24 99 E9 F1 28 23 30 75 30 75 00 00
2026-07-11T17:50:07.561083,25.956,can0  204  [16]  E1 22 1C D3 24 99 E9 F1 28 23 30 75 30 75 00 00
2026-07-11T17:50:07.561907,25.957,can0  041  [04]  EA 00 11 00
2026-07-11T17:50:07.561996,25.957,can0  204  [16]  E1 22 1C D3 24 99 E9 F1 28 23 30 75 30 75 00 00
2026-07-11T17:50:07.664997,26.060,can0  040  [04]  E7 00 17 00
2026-07-11T17:50:07.665091,26.060,can0  206  [24]  C5 0C 72 09 C6 0C 99 C6 86 0A C6 0C D0 0C 00 00 00 00 00 00 00 00 00 00
2026-07-11T17:50:07.665175,26.060,can0  204  [16]  E1 22 1C D3 24 99 E9 F1 28 23 30 75 30 75 00 00
2026-07-11T17:50:07.665265,26.060,can0  040  [04]  E7 00 17 00
2026-07-11T17:50:07.665347,26.060,can0  100  [03]  14 7E 04
2026-07-11T17:50:07.665507,26.060,can0  120  [04]  00 00 00 00
2026-07-11T17:50:07.665829,26.061,can0  204  [16]  E1 22 1C D3 24 99 E9 F1 28 23 30 75 30 75 00 00
2026-07-11T17:50:07.748592,26.144,can0  204  [16]  E1 22 1C D3 24 99 E9 F1 28 23 30 75 30 75 00 00
2026-07-11T17:50:07.748743,26.144,can0  206  [24]  C5 0C 73 09 C6 0C 99 C6 84 0A C6 0C D0 0C 00 00 00 00 00 00 00 00 00 00
2026-07-11T17:50:07.754649,26.150,can0  204  [16]  E1 22 1C D3 24 99 E9 F1 28 23 30 75 30 75 00 00
2026-07-11T17:50:07.865553,26.261,can0  041  [04]  E2 00 14 00
2026-07-11T17:50:07.865934,26.261,can0  204  [16]  E1 22 1C D3 24 99 E9 F1 28 23 30 75 30 75 00 00
2026-07-11T17:50:07.866484,26.261,can0  040  [04]  E3 00 17 00
2026-07-11T17:50:07.866566,26.262,can0  060  [32]  00 00 00 00 A4 2C 4D 08 BE 06 B8 10 00 00 10 0E FF 01 00 00 00 00 00 00 01 00 00 00 00 00 00 00
2026-07-11T17:50:07.873774,26.269,can0  070  [20]  A4 2C 4D 08 6A B1 62 03 28 23 00 00 32 00 00 00 41 00 00 00
2026-07-11T17:50:07.873838,26.269,can0  204  [16]  E1 22 1C D3 24 99 E9 F1 28 23 30 75 30 75 00 00
2026-07-11T17:50:07.962460,26.357,can0  070  [20]  A4 2C 4D 08 6A B1 62 03 28 23 00 00 32 00 00 00 41 00 00 00
2026-07-11T17:50:07.962771,26.358,can0  040  [04]  E3 00 17 00
2026-07-11T17:50:07.965756,26.361,can0  206  [24]  C0 0C 74 09 CA 0C 99 C6 83 0A C6 0C D0 0C 00 00 00 00 00 00 00 00 00 00
2026-07-11T17:50:07.972743,26.368,can0  204  [16]  E1 22 1C D3 24 99 E9 F1 28 23 30 75 30 75 00 00
2026-07-11T17:50:07.972804,26.368,can0  204  [16]  E1 22 1C D3 24 99 E9 F1 28 23 30 75 30 75 00 00
2026-07-11T17:50:08.061358,26.456,can0  204  [16]  E1 22 1C D3 24 99 E9 F1 28 23 30 75 30 75 00 00
2026-07-11T17:50:08.061428,26.456,can0  041  [04]  E2 00 16 00
2026-07-11T17:50:08.068427,26.463,can0  204  [16]  E1 22 1C D3 24 99 E9 F1 28 23 30 75 30 75 00 00
2026-07-11T17:50:08.163643,26.559,can0  206  [24]  C6 0C 72 09 CF 0C 99 C6 83 0A C1 0C CA 0C 00 00 00 00 00 00 00 00 00 00
2026-07-11T17:50:08.163725,26.559,can0  040  [04]  DB 00 1B 00
2026-07-11T17:50:08.163868,26.559,can0  204  [16]  E1 22 1C D3 24 99 E9 F1 28 23 30 75 30 75 00 00
2026-07-11T17:50:08.164076,26.559,can0  204  [16]  E1 22 1C D3 24 99 E9 F1 28 23 30 75 30 75 00 00
2026-07-11T17:50:08.170992,26.566,can0  040  [04]  DB 00 1B 00
2026-07-11T17:50:08.260522,26.655,can0  070  [20]  A4 2C 4D 08 68 B1 62 03 10 27 00 00 32 00 00 00 16 00 00 00
2026-07-11T17:50:08.260917,26.656,can0  204  [16]  E1 22 1C D3 24 99 E9 F1 28 23 30 75 30 75 00 00
2026-07-11T17:50:08.268615,26.664,can0  206  [24]  C6 0C 71 09 CF 0C 99 C6 83 0A C1 0C CA 0C 00 00 00 00 00 00 00 00 00 00
2026-07-11T17:50:08.268702,26.664,can0  070  [20]  A4 2C 4D 08 68 B1 62 03 10 27 00 00 32 00 00 00 16 00 00 00
2026-07-11T17:50:08.268750,26.664,can0  204  [16]  E1 22 1C D3 24 99 E9 F1 28 23 30 75 30 75 00 00
2026-07-11T17:50:08.360701,26.756,can0  041  [04]  DD 00 16 00
2026-07-11T17:50:08.360771,26.756,can0  204  [16]  E1 22 1C D3 24 99 E9 F1 28 23 30 75 30 75 00 00
2026-07-11T17:50:08.361294,26.756,can0  070  [20]  A4 2C 4D 08 68 B1 62 03 10 27 00 00 32 00 00 00 16 00 00 00
2026-07-11T17:50:08.361354,26.756,can0  060  [32]  00 00 00 00 00 00 00 00 00 00 00 00 00 00 00 00 00 00 00 00 00 00 00 00 00 00 00 00 00 00 00 00
2026-07-11T17:50:08.368738,26.764,can0  204  [16]  E1 22 1C D3 24 99 E9 F1 28 23 30 75 30 75 00 00
2026-07-11T17:50:08.461237,26.856,can0  040  [04]  DA 00 1C 00
2026-07-11T17:50:08.462792,26.858,can0  206  [24]  C6 0C 72 09 C6 0C 99 C6 83 0A CA 0C CA 0C 00 00 00 00 00 00 00 00 00 00
2026-07-11T17:50:08.472218,26.867,can0  204  [16]  E1 22 1C D3 24 99 E9 F1 28 23 30 75 30 75 00 00
2026-07-11T17:50:08.472328,26.867,can0  040  [04]  DA 00 1C 00
2026-07-11T17:50:08.472422,26.867,can0  204  [16]  E1 22 1C D3 24 99 E9 F1 28 23 30 75 30 75 00 00
2026-07-11T17:50:08.560662,26.956,can0  204  [16]  E1 22 1C D3 24 99 E9 F1 28 23 30 75 30 75 00 00
2026-07-11T17:50:08.561034,26.956,can0  204  [16]  E1 22 1C D3 24 99 E9 F1 28 23 30 75 30 75 00 00
2026-07-11T17:50:08.664117,27.059,can0  206  [24]  C6 0C 71 09 C6 0C 99 C6 84 0A CA 0C CA 0C 00 00 00 00 00 00 00 00 00 00
2026-07-11T17:50:08.664479,27.059,can0  041  [04]  D8 00 16 00
2026-07-11T17:50:08.666608,27.062,can0  204  [16]  E1 22 1C D3 24 99 E9 F1 28 23 30 75 30 75 00 00
2026-07-11T17:50:08.666670,27.062,can0  040  [04]  D3 00 1C 00
2026-07-11T17:50:08.760750,27.156,can0  204  [16]  E1 22 1C D3 24 99 E9 F1 28 23 30 75 30 75 00 00
2026-07-11T17:50:08.764537,27.159,can0  040  [04]  D3 00 1C 00
2026-07-11T17:50:08.764620,27.160,can0  204  [16]  E1 22 1C D3 24 99 E9 F1 28 23 30 75 30 75 00 00
2026-07-11T17:50:08.764684,27.160,can0  206  [24]  C6 0C 70 09 C1 0C 99 C6 84 0A CF 0C CA 0C 00 00 00 00 00 00 00 00 00 00
2026-07-11T17:50:08.860604,27.256,can0  204  [16]  E1 22 1C D3 24 99 E9 F1 28 23 30 75 30 75 00 00
2026-07-11T17:50:08.860842,27.256,can0  100  [03]  15 7E 04
2026-07-11T17:50:08.861210,27.256,can0  204  [16]  E1 22 1C D3 24 99 E9 F1 28 23 30 75 30 75 00 00
2026-07-11T17:50:08.868741,27.264,can0  110  [02]  30 1B
2026-07-11T17:50:08.868831,27.264,can0  120  [04]  00 00 00 00
2026-07-11T17:50:08.868923,27.264,can0  041  [04]  D4 00 16 00
2026-07-11T17:50:08.869005,27.264,can0  070  [20]  A4 2C 4D 08 68 B1 62 03 10 27 00 00 32 00 00 00 16 00 00 00
2026-07-11T17:50:08.869086,27.264,can0  060  [32]  00 00 00 00 00 00 00 00 00 00 00 00 00 00 00 00 00 00 00 00 00 00 00 00 00 00 00 00 00 00 00 00
2026-07-11T17:50:08.961748,27.357,can0  204  [16]  E1 22 1C D3 24 99 E9 F1 28 23 30 75 30 75 00 00
2026-07-11T17:50:08.961844,27.357,can0  060  [32]  00 00 00 00 A4 2C 4D 08 BD 06 B8 10 00 00 10 0E FF 01 00 00 00 00 00 00 01 00 00 00 00 00 00 00
2026-07-11T17:50:08.961941,27.357,can0  040  [04]  DB 00 1B 00
2026-07-11T17:50:08.964981,27.360,can0  206  [24]  C6 0C 71 09 C1 0C 99 C6 84 0A CF 0C CA 0C 00 00 00 00 00 00 00 00 00 00
2026-07-11T17:50:08.965290,27.360,can0  204  [16]  E1 22 1C D3 24 99 E9 F1 28 23 30 75 30 75 00 00
2026-07-11T17:50:08.965482,27.360,can0  040  [04]  DB 00 1B 00
2026-07-11T17:50:09.060955,27.456,can0  204  [16]  E1 22 1C D3 24 99 E9 F1 28 23 30 75 30 75 00 00
2026-07-11T17:50:09.061237,27.456,can0  204  [16]  E1 22 1C D3 24 99 E9 F1 28 23 30 75 30 75 00 00
2026-07-11T17:50:09.064400,27.459,can0  206  [24]  C6 0C 71 09 C1 0C 99 C6 84 0A CF 0C CA 0C 00 00 00 00 00 00 00 00 00 00
2026-07-11T17:50:09.160961,27.556,can0  204  [16]  E1 22 1C D3 24 99 E9 F1 28 23 30 75 30 75 00 00
2026-07-11T17:50:09.161776,27.557,can0  041  [04]  D4 00 16 00
2026-07-11T17:50:09.161845,27.557,can0  204  [16]  E1 22 1C D3 24 99 E9 F1 28 23 30 75 30 75 00 00
2026-07-11T17:50:09.161933,27.557,can0  040  [04]  D8 00 16 00
2026-07-11T17:50:09.260643,27.656,can0  204  [16]  E1 22 1C D3 24 99 E9 F1 28 23 30 75 30 75 00 00
2026-07-11T17:50:09.260892,27.656,can0  040  [04]  D8 00 16 00
2026-07-11T17:50:09.261707,27.657,can0  204  [16]  E1 22 1C D3 24 99 E9 F1 28 23 30 75 30 75 00 00
2026-07-11T17:50:09.261795,27.657,can0  070  [20]  A4 2C 4D 08 68 B1 62 03 F8 2A 00 00 32 00 00 00 36 00 00 00
2026-07-11T17:50:09.271136,27.666,can0  206  [24]  C6 0C 72 09 C6 0C 99 C6 83 0A CA 0C CA 0C 00 00 00 00 00 00 00 00 00 00
2026-07-11T17:50:09.271224,27.666,can0  070  [20]  A4 2C 4D 08 68 B1 62 03 F8 2A 00 00 32 00 00 00 35 00 00 00
2026-07-11T17:50:09.361067,27.756,can0  204  [16]  E1 22 1C D3 24 99 E9 F1 28 23 30 75 30 75 00 00
2026-07-11T17:50:09.361478,27.756,can0  204  [16]  E1 22 1C D3 24 99 E9 F1 28 23 30 75 30 75 00 00
2026-07-11T17:50:09.361787,27.757,can0  070  [20]  A4 2C 4D 08 68 B1 62 03 F8 2A 00 00 32 00 00 00 35 00 00 00
2026-07-11T17:50:09.464611,27.860,can0  041  [04]  DA 00 15 00
2026-07-11T17:50:09.464718,27.860,can0  204  [16]  E1 22 1C D3 24 99 E9 F1 28 23 30 75 30 75 00 00
2026-07-11T17:50:09.464803,27.860,can0  206  [24]  C6 0C 72 09 CA 0C 99 C6 83 0A C6 0C CA 0C 00 00 00 00 00 00 00 00 00 00
2026-07-11T17:50:09.464923,27.860,can0  040  [04]  DC 00 11 00
2026-07-11T17:50:09.465234,27.860,can0  204  [16]  E1 22 1C D3 24 99 E9 F1 28 23 30 75 30 75 00 00
2026-07-11T17:50:09.561169,27.956,can0  204  [16]  E1 22 1C D3 24 99 E9 F1 28 23 30 75 30 75 00 00
2026-07-11T17:50:09.561263,27.956,can0  040  [04]  DC 00 11 00
2026-07-11T17:50:09.564940,27.960,can0  204  [16]  E1 22 1C D3 24 99 E9 F1 28 23 30 75 30 75 00 00
2026-07-11T17:50:09.565007,27.960,can0  206  [24]  C6 0C 73 09 CF 0C 99 C6 83 0A C1 0C CA 0C 00 00 00 00 00 00 00 00 00 00
2026-07-11T17:50:09.660996,28.056,can0  204  [16]  E1 22 1C D3 24 99 E9 F1 28 23 30 75 30 75 00 00
2026-07-11T17:50:09.665181,28.060,can0  204  [16]  E1 22 1C D3 24 99 E9 F1 28 23 30 75 30 75 00 00
2026-07-11T17:50:09.672689,28.068,can0  041  [04]  D7 00 14 00
2026-07-11T17:50:09.760987,28.156,can0  204  [16]  E1 22 1C D3 24 99 E9 F1 28 23 30 75 30 75 00 00
2026-07-11T17:50:09.769788,28.165,can0  040  [04]  EC 00 0D 00
2026-07-11T17:50:09.769877,28.165,can0  204  [16]  E1 22 1C D3 24 99 E9 F1 28 23 30 75 30 75 00 00
2026-07-11T17:50:09.769968,28.165,can0  206  [24]  CA 0C 73 09 C6 0C 99 C6 84 0A C1 0C CA 0C 00 00 00 00 00 00 00 00 00 00
2026-07-11T17:50:09.770049,28.165,can0  040  [04]  EC 00 0D 00
2026-07-11T17:50:09.868596,28.264,can0  204  [16]  E1 22 1C D3 24 99 E9 F1 28 23 30 75 30 75 00 00
2026-07-11T17:50:09.868704,28.264,can0  204  [16]  E1 22 1C D3 24 99 E9 F1 28 23 30 75 30 75 00 00
2026-07-11T17:50:09.868802,28.264,can0  070  [20]  A4 2C 4D 08 68 B1 62 03 F8 2A 00 00 32 00 00 00 35 00 00 00
2026-07-11T17:50:09.961922,28.357,can0  060  [32]  A8 A7 D6 02 59 29 4D 08 D5 3E B8 10 00 00 DC 0D FF 01 00 00 00 00 00 00 02 00 00 00 00 00 00 00
2026-07-11T17:50:09.962018,28.357,can0  060  [32]  00 00 00 00 A4 2C 4D 08 BD 06 B8 10 00 00 10 0E FF 01 00 00 00 00 00 01 02 00 00 00 00 00 00 00
2026-07-11T17:50:09.962348,28.357,can0  204  [16]  E1 22 1C D3 24 99 E9 F1 28 23 30 75 30 75 00 00
2026-07-11T17:50:09.967444,28.362,can0  206  [24]  C6 0C 73 09 CF 0C 99 C6 83 0A C1 0C CA 0C 00 00 00 00 00 00 00 00 00 00
2026-07-11T17:50:09.967552,28.363,can0  041  [04]  DD 00 16 00
2026-07-11T17:50:09.967638,28.363,can0  204  [16]  E1 22 1C D3 24 99 E9 F1 28 23 30 75 30 75 00 00
2026-07-11T17:50:09.967736,28.363,can0  040  [04]  F9 00 0C 00
2026-07-11T17:50:10.061173,28.456,can0  204  [16]  E1 22 1C D3 24 99 E9 F1 28 23 30 75 30 75 00 00
2026-07-11T17:50:10.061508,28.456,can0  040  [04]  F9 00 0C 00
2026-07-11T17:50:10.063794,28.459,can0  100  [03]  1D 7E 04
2026-07-11T17:50:10.063855,28.459,can0  120  [04]  00 00 00 00
2026-07-11T17:50:10.063897,28.459,can0  204  [16]  E1 22 1C D3 24 99 E9 F1 28 23 30 75 30 75 00 00
2026-07-11T17:50:10.063944,28.459,can0  206  [24]  CA 0C 72 09 CB 0C 99 C6 84 0A BC 0C CA 0C 00 00 00 00 00 00 00 00 00 00
2026-07-11T17:50:10.161923,28.557,can0  204  [16]  E1 22 1C D3 24 99 E9 F1 28 23 30 75 30 75 00 00
2026-07-11T17:50:10.162053,28.557,can0  204  [16]  E1 22 1C D3 24 99 E9 F1 28 23 30 75 30 75 00 00
2026-07-11T17:50:10.260491,28.655,can0  041  [04]  D6 00 15 00
2026-07-11T17:50:10.260590,28.656,can0  204  [16]  E1 22 1C D3 24 99 E9 F1 28 23 30 75 30 75 00 00
2026-07-11T17:50:10.264420,28.659,can0  070  [20]  A4 2C 4D 08 68 B1 62 03 E0 2E 00 00 32 00 00 00 46 00 00 00
2026-07-11T17:50:10.264481,28.659,can0  206  [24]  C6 0C 73 09 CF 0C 99 C6 84 0A BC 0C CA 0C 00 00 00 00 00 00 00 00 00 00
2026-07-11T17:50:10.264529,28.659,can0  040  [04]  02 01 10 00
2026-07-11T17:50:10.264789,28.660,can0  204  [16]  E1 22 1C D3 24 99 E9 F1 28 23 30 75 30 75 00 00
2026-07-11T17:50:10.265015,28.660,can0  070  [20]  A4 2C 4D 08 68 B1 62 03 E0 2E 00 00 32 00 00 00 46 00 00 00
2026-07-11T17:50:10.360528,28.755,can0  040  [04]  02 01 10 00
2026-07-11T17:50:10.360843,28.756,can0  204  [16]  E1 22 1C D3 24 99 E9 F1 28 23 30 75 30 75 00 00
2026-07-11T17:50:10.361121,28.756,can0  204  [16]  E1 22 1C D3 24 99 E9 F1 28 23 30 75 30 75 00 00
2026-07-11T17:50:10.361785,28.757,can0  070  [20]  A4 2C 4D 08 68 B1 62 03 E0 2E 00 00 32 00 00 00 46 00 00 00
2026-07-11T17:50:10.461337,28.856,can0  060  [32]  00 00 00 00 00 00 00 00 00 00 00 00 00 00 00 00 00 00 00 00 00 00 00 00 00 00 00 00 00 00 00 00
2026-07-11T17:50:10.461440,28.856,can0  204  [16]  E1 22 1C D3 24 99 E9 F1 28 23 30 75 30 75 00 00
2026-07-11T17:50:10.472318,28.867,can0  206  [24]  C6 0C 71 09 CA 0C 99 C6 86 0A C1 0C CA 0C 00 00 00 00 00 00 00 00 00 00
2026-07-11T17:50:10.472445,28.867,can0  110  [02]  30 1B
2026-07-11T17:50:10.472539,28.867,can0  041  [04]  D3 00 14 00
2026-07-11T17:50:10.472633,28.868,can0  204  [16]  E1 22 1C D3 24 99 E9 F1 28 23 30 75 30 75 00 00
2026-07-11T17:50:10.561093,28.956,can0  204  [16]  E1 22 1C D3 24 99 E9 F1 28 23 30 75 30 75 00 00
2026-07-11T17:50:10.561400,28.956,can0  040  [04]  0C 01 12 00
2026-07-11T17:50:10.561878,28.957,can0  204  [16]  E1 22 1C D3 24 99 E9 F1 28 23 30 75 30 75 00 00
2026-07-11T17:50:10.562179,28.957,can0  040  [04]  0C 01 12 00
2026-07-11T17:50:10.572300,28.967,can0  206  [24]  C6 0C 72 09 CA 0C 99 C6 85 0A C6 0C CA 0C 00 00 00 00 00 00 00 00 00 00
2026-07-11T17:50:10.660365,29.055,can0  204  [16]  E1 22 1C D3 24 99 E9 F1 28 23 30 75 30 75 00 00
2026-07-11T17:50:10.660638,29.056,can0  204  [16]  E1 22 1C D3 24 99 E9 F1 28 23 30 75 30 75 00 00
2026-07-11T17:50:10.760326,29.155,can0  204  [16]  E1 22 1C D3 24 99 E9 F1 28 23 30 75 30 75 00 00
2026-07-11T17:50:10.763828,29.159,can0  041  [04]  D1 00 11 00
2026-07-11T17:50:10.763889,29.159,can0  206  [24]  C6 0C 72 09 CA 0C 99 C6 86 0A C1 0C CA 0C 00 00 00 00 00 00 00 00 00 00
2026-07-11T17:50:10.764182,29.159,can0  204  [16]  E1 22 1C D3 24 99 E9 F1 28 23 30 75 30 75 00 00
2026-07-11T17:50:10.764429,29.159,can0  040  [04]  10 01 10 00
2026-07-11T17:50:10.860283,29.255,can0  204  [16]  E1 22 1C D3 24 99 E9 F1 28 23 30 75 30 75 00 00
2026-07-11T17:50:10.860555,29.256,can0  040  [04]  10 01 10 00
2026-07-11T17:50:10.860956,29.256,can0  204  [16]  E1 22 1C D3 24 99 E9 F1 28 23 30 75 30 75 00 00
2026-07-11T17:50:10.861220,29.256,can0  070  [20]  A4 2C 4D 08 68 B1 62 03 E0 2E 00 00 32 00 00 00 46 00 00 00
2026-07-11T17:50:10.963750,29.359,can0  206  [24]  C6 0C 72 09 CA 0C 99 C6 85 0A C6 0C CA 0C 00 00 00 00 00 00 00 00 00 00
2026-07-11T17:50:10.964573,29.360,can0  204  [16]  E1 22 1C D3 24 99 E9 F1 28 23 30 75 30 75 00 00
2026-07-11T17:50:10.964622,29.360,can0  060  [32]  00 00 00 00 A4 2C 4D 08 BD 06 B8 10 00 00 10 0E FF 01 00 00 00 00 00 00 01 00 00 00 00 00 00 00
2026-07-11T17:50:10.964897,29.360,can0  204  [16]  E1 22 1C D3 24 99 E9 F1 28 23 30 75 30 75 00 00
2026-07-11T17:50:11.060934,29.456,can0  041  [04]  BB 00 0E 00
2026-07-11T17:50:11.061208,29.456,can0  204  [16]  E1 22 1C D3 24 99 E9 F1 28 23 30 75 30 75 00 00
2026-07-11T17:50:11.061623,29.457,can0  040  [04]  14 01 11 00
2026-07-11T17:50:11.061987,29.457,can0  204  [16]  E1 22 1C D3 24 99 E9 F1 28 23 30 75 30 75 00 00
2026-07-11T17:50:11.063474,29.458,can0  206  [24]  C6 0C 70 09 CA 0C 99 C6 86 0A C6 0C CA 0C 00 00 00 00 00 00 00 00 00 00
2026-07-11T17:50:11.160961,29.556,can0  040  [04]  14 01 11 00
2026-07-11T17:50:11.168731,29.564,can0  204  [16]  E1 22 1C D3 24 99 E9 F1 28 23 30 75 30 75 00 00
2026-07-11T17:50:11.168805,29.564,can0  204  [16]  E1 22 1C D3 24 99 E9 F1 28 23 30 75 30 75 00 00
2026-07-11T17:50:11.260561,29.656,can0  204  [16]  E1 22 1C D3 24 99 E9 F1 28 23 30 75 30 75 00 00
2026-07-11T17:50:11.260632,29.656,can0  100  [03]  1F 7E 04
2026-07-11T17:50:11.260826,29.656,can0  120  [04]  00 00 00 00
2026-07-11T17:50:11.264613,29.660,can0  206  [24]  C6 0C 71 09 CA 0C 99 C6 84 0A C6 0C CA 0C 00 00 00 00 00 00 00 00 00 00
2026-07-11T17:50:11.264681,29.660,can0  041  [04]  C0 00 0F 00
2026-07-11T17:50:11.269024,29.664,can0  204  [16]  E1 22 1C D3 24 99 E9 F1 28 23 30 75 30 75 00 00
2026-07-11T17:50:11.269079,29.664,can0  070  [20]  A4 2C 4D 08 66 B1 62 03 C8 32 00 00 32 00 00 00 1F 00 00 00
2026-07-11T17:50:11.362301,29.757,can0  070  [20]  A4 2C 4D 08 66 B1 62 03 C8 32 00 00 32 00 00 00 20 00 00 00
2026-07-11T17:50:11.362859,29.758,can0  204  [16]  E1 22 1C D3 24 99 E9 F1 28 23 30 75 30 75 00 00
2026-07-11T17:50:11.371012,29.766,can0  040  [04]  10 01 13 00
2026-07-11T17:50:11.371101,29.766,can0  204  [16]  E1 22 1C D3 24 99 E9 F1 28 23 30 75 30 75 00 00
2026-07-11T17:50:11.371192,29.766,can0  070  [20]  A4 2C 4D 08 66 B1 62 03 C8 32 00 00 32 00 00 00 20 00 00 00
2026-07-11T17:50:11.371273,29.766,can0  040  [04]  10 01 13 00
2026-07-11T17:50:11.470883,29.866,can0  206  [24]  C6 0C 70 09 CA 0C 99 C6 85 0A C6 0C CA 0C 00 00 00 00 00 00 00 00 00 00
2026-07-11T17:50:11.471006,29.866,can0  060  [32]  00 00 00 00 00 00 00 00 00 00 00 00 00 00 00 00 00 00 00 00 00 00 00 00 00 00 00 00 00 00 00 00
2026-07-11T17:50:11.471107,29.866,can0  204  [16]  E1 22 1C D3 24 99 E9 F1 28 23 30 75 30 75 00 00
2026-07-11T17:50:11.471201,29.866,can0  204  [16]  E1 22 1C D3 24 99 E9 F1 28 23 30 75 30 75 00 00
2026-07-11T17:50:11.561124,29.956,can0  204  [16]  E1 22 1C D3 24 99 E9 F1 28 23 30 75 30 75 00 00
2026-07-11T17:50:11.562021,29.957,can0  041  [04]  CB 00 12 00
2026-07-11T17:50:11.562116,29.957,can0  204  [16]  E1 22 1C D3 24 99 E9 F1 28 23 30 75 30 75 00 00
2026-07-11T17:50:11.565734,29.961,can0  206  [24]  C6 0C 71 09 CA 0C 99 C6 85 0A C6 0C CA 0C 00 00 00 00 00 00 00 00 00 00
2026-07-11T17:50:11.565823,29.961,can0  040  [04]  07 01 12 00
2026-07-11T17:50:11.662493,30.057,can0  204  [16]  E1 22 1C D3 24 99 E9 F1 28 23 30 75 30 75 00 00
2026-07-11T17:50:11.662787,30.058,can0  040  [04]  07 01 12 00
2026-07-11T17:50:11.663105,30.058,can0  204  [16]  E1 22 1C D3 24 99 E9 F1 28 23 30 75 30 75 00 00
2026-07-11T17:50:11.760399,30.155,can0  204  [16]  E1 22 1C D3 24 99 E9 F1 28 23 30 75 30 75 00 00
2026-07-11T17:50:11.763977,30.159,can0  206  [24]  C6 0C 71 09 CA 0C 99 C6 84 0A C6 0C CA 0C 00 00 00 00 00 00 00 00 00 00
2026-07-11T17:50:11.764074,30.159,can0  204  [16]  E1 22 1C D3 24 99 E9 F1 28 23 30 75 30 75 00 00
2026-07-11T17:50:11.764158,30.159,can0  041  [04]  CC 00 14 00
2026-07-11T17:50:11.860188,30.255,can0  204  [16]  E1 22 1C D3 24 99 E9 F1 28 23 30 75 30 75 00 00
2026-07-11T17:50:11.860525,30.255,can0  040  [04]  F8 00 11 00
2026-07-11T17:50:11.861242,30.256,can0  070  [20]  A4 2C 4D 08 66 B1 62 03 C8 32 00 00 32 00 00 00 20 00 00 00
2026-07-11T17:50:11.861328,30.256,can0  204  [16]  E1 22 1C D3 24 99 E9 F1 28 23 30 75 30 75 00 00
2026-07-11T17:50:11.861499,30.256,can0  060  [32]  6E DE D5 02 D6 6A 4D 08 15 DC 64 03 00 00 95 0C 39 00 80 00 00 00 00 00 01 00 00 00 00 00 00 00
2026-07-11T17:50:11.862245,30.257,can0  040  [04]  F8 00 11 00
2026-07-11T17:50:11.964347,30.359,can0  206  [24]  C0 0C 72 09 C6 0C 99 C6 84 0A CA 0C D0 0C 00 00 00 00 00 00 00 00 00 00
2026-07-11T17:50:11.964769,30.360,can0  204  [16]  E1 22 1C D3 24 99 E9 F1 28 23 30 75 30 75 00 00
2026-07-11T17:50:11.965146,30.360,can0  204  [16]  E1 22 1C D3 24 99 E9 F1 28 23 30 75 30 75 00 00
2026-07-11T17:50:12.062344,30.457,can0  204  [16]  E1 22 1C D3 24 99 E9 F1 28 23 30 75 30 75 00 00
2026-07-11T17:50:12.062685,30.458,can0  110  [02]  31 1B
2026-07-11T17:50:12.072675,30.468,can0  041  [04]  CC 00 14 00
2026-07-11T17:50:12.072765,30.468,can0  206  [24]  C5 0C 72 09 C1 0C 99 C6 84 0A CA 0C D0 0C 00 00 00 00 00 00 00 00 00 00
2026-07-11T17:50:12.072858,30.468,can0  204  [16]  E1 22 1C D3 24 99 E9 F1 28 23 30 75 30 75 00 00
2026-07-11T17:50:12.161641,30.557,can0  040  [04]  F5 00 11 00
2026-07-11T17:50:12.161742,30.557,can0  204  [16]  E1 22 1C D3 24 99 E9 F1 28 23 30 75 30 75 00 00
2026-07-11T17:50:12.162035,30.557,can0  204  [16]  E1 22 1C D3 24 99 E9 F1 28 23 30 75 30 75 00 00
2026-07-11T17:50:12.169673,30.565,can0  040  [04]  F5 00 11 00
2026-07-11T17:50:12.260600,30.656,can0  204  [16]  E1 22 1C D3 24 99 E9 F1 28 23 30 75 30 75 00 00
2026-07-11T17:50:12.264562,30.660,can0  070  [20]  A2 2C 4D 08 66 B1 62 03 B0 36 00 00 32 00 00 00 30 00 00 00
2026-07-11T17:50:12.264625,30.660,can0  206  [24]  CA 0C 72 09 C6 0C 99 C6 85 0A C1 0C CA 0C 00 00 00 00 00 00 00 00 00 00
2026-07-11T17:50:12.264710,30.660,can0  070  [20]  A2 2C 4D 08 66 B1 62 03 B0 36 00 00 32 00 00 00 30 00 00 00
2026-07-11T17:50:12.264761,30.660,can0  204  [16]  E1 22 1C D3 24 99 E9 F1 28 23 30 75 30 75 00 00
2026-07-11T17:50:12.360178,30.755,can0  041  [04]  C6 00 16 00
2026-07-11T17:50:12.360440,30.755,can0  204  [16]  E1 22 1C D3 24 99 E9 F1 28 23 30 75 30 75 00 00
2026-07-11T17:50:12.360758,30.756,can0  070  [20]  A2 2C 4D 08 66 B1 62 03 B0 36 00 00 32 00 00 00 30 00 00 00
2026-07-11T17:50:12.361067,30.756,can0  040  [04]  FA 00 12 00
2026-07-11T17:50:12.368564,30.764,can0  204  [16]  E1 22 1C D3 24 99 E9 F1 28 23 30 75 30 75 00 00
2026-07-11T17:50:12.463317,30.858,can0  206  [24]  CA 0C 71 09 C6 0C 99 C6 84 0A C1 0C CA 0C 00 00 00 00 00 00 00 00 00 00
2026-07-11T17:50:12.463739,30.859,can0  204  [16]  E1 22 1C D3 24 99 E9 F1 28 23 30 75 30 75 00 00
2026-07-11T17:50:12.464036,30.859,can0  100  [03]  2A 7E 04
2026-07-11T17:50:12.464310,30.859,can0  120  [04]  00 00 00 00
2026-07-11T17:50:12.464597,30.860,can0  040  [04]  FA 00 12 00
2026-07-11T17:50:12.464883,30.860,can0  204  [16]  E1 22 1C D3 24 99 E9 F1 28 23 30 75 30 75 00 00
2026-07-11T17:50:12.465144,30.860,can0  060  [32]  00 00 00 00 A4 2C 4D 08 BB 06 B8 10 00 00 10 0E FF 01 00 00 00 00 00 00 02 00 00 00 00 00 00 00
2026-07-11T17:50:12.465338,30.860,can0  060  [32]  D7 93 D6 02 B7 D4 4D 08 9E B0 61 03 46 01 23 0A 03 01 80 00 00 00 00 01 02 00 00 00 00 00 00 00
2026-07-11T17:50:12.561459,30.956,can0  204  [16]  E1 22 1C D3 24 99 E9 F1 28 23 30 75 30 75 00 00
2026-07-11T17:50:12.565820,30.961,can0  206  [24]  CA 0C 71 09 C6 0C 99 C6 86 0A C1 0C CA 0C 00 00 00 00 00 00 00 00 00 00
2026-07-11T17:50:12.566116,30.961,can0  204  [16]  E1 22 1C D3 24 99 E9 F1 28 23 30 75 30 75 00 00
2026-07-11T17:50:12.566425,30.961,can0  041  [04]  C8 00 17 00
2026-07-11T17:50:12.661824,31.057,can0  204  [16]  E1 22 1C D3 24 99 E9 F1 28 23 30 75 30 75 00 00
2026-07-11T17:50:12.661896,31.057,can0  040  [04]  F6 00 10 00
2026-07-11T17:50:12.661944,31.057,can0  204  [16]  E1 22 1C D3 24 99 E9 F1 28 23 30 75 30 75 00 00
2026-07-11T17:50:12.760203,31.155,can0  040  [04]  F6 00 10 00
2026-07-11T17:50:12.770620,31.166,can0  204  [16]  E1 22 1C D3 24 99 E9 F1 28 23 30 75 30 75 00 00
2026-07-11T17:50:12.770699,31.166,can0  206  [24]  CA 0C 71 09 C6 0C 99 C6 86 0A C1 0C CA 0C 00 00 00 00 00 00 00 00 00 00
2026-07-11T17:50:12.770775,31.166,can0  204  [16]  E1 22 1C D3 24 99 E9 F1 28 23 30 75 30 75 00 00
2026-07-11T17:50:12.861280,31.256,can0  204  [16]  E1 22 1C D3 24 99 E9 F1 28 23 30 75 30 75 00 00
2026-07-11T17:50:12.861828,31.257,can0  041  [04]  CA 00 19 00
2026-07-11T17:50:12.861910,31.257,can0  132  [00]
2026-07-11T17:50:12.869506,31.264,can0  070  [20]  A2 2C 4D 08 66 B1 62 03 B0 36 00 00 32 00 00 00 30 00 00 00
2026-07-11T17:50:12.869569,31.265,can0  204  [16]  E1 22 1C D3 24 99 E9 F1 28 23 30 75 30 75 00 00
2026-07-11T17:50:12.963832,31.359,can0  206  [24]  C6 0C 70 09 CA 0C 99 C6 86 0A C6 0C CA 0C 00 00 00 00 00 00 00 00 00 00
2026-07-11T17:50:12.964122,31.359,can0  040  [04]  FF 00 0F 00
2026-07-11T17:50:12.964417,31.359,can0  204  [16]  E1 22 1C D3 24 99 E9 F1 28 23 30 75 30 75 00 00
2026-07-11T17:50:12.964704,31.360,can0  040  [04]  FF 00 0F 00
2026-07-11T17:50:12.971633,31.367,can0  204  [16]  E1 22 1C D3 24 99 E9 F1 28 23 30 75 30 75 00 00
2026-07-11T17:50:13.063323,31.458,can0  131  [00]
2026-07-11T17:50:13.063718,31.459,can0  204  [16]  E1 22 1C D3 24 99 E9 F1 28 23 30 75 30 75 00 00
2026-07-11T17:50:13.067052,31.462,can0  206  [24]  C6 0C 71 09 CA 0C 99 C6 85 0A C6 0C CA 0C 00 00 00 00 00 00 00 00 00 00
2026-07-11T17:50:13.074737,31.470,can0  204  [16]  E1 22 1C D3 24 99 E9 F1 28 23 30 75 30 75 00 00
2026-07-11T17:50:13.164666,31.560,can0  041  [04]  CD 00 19 00
2026-07-11T17:50:13.165095,31.560,can0  204  [16]  E1 22 1C D3 24 99 E9 F1 28 23 30 75 30 75 00 00
2026-07-11T17:50:13.165299,31.560,can0  130  [00]
2026-07-11T17:50:13.165538,31.560,can0  133  [00]
2026-07-11T17:50:13.165863,31.561,can0  040  [04]  07 01 12 00
2026-07-11T17:50:13.173506,31.568,can0  204  [16]  E1 22 1C D3 24 99 E9 F1 28 23 30 75 30 75 00 00
2026-07-11T17:50:13.260494,31.655,can0  040  [04]  07 01 12 00
2026-07-11T17:50:13.264541,31.660,can0  206  [24]  C0 0C 70 09 CF 0C 99 C6 84 0A C1 0C D0 0C 00 00 00 00 00 00 00 00 00 00
2026-07-11T17:50:13.264629,31.660,can0  204  [16]  E1 22 1C D3 24 99 E9 F1 28 23 30 75 30 75 00 00
2026-07-11T17:50:13.264717,31.660,can0  070  [20]  A2 2C 4D 08 66 B1 62 03 98 3A 00 00 32 00 00 00 36 00 00 00
2026-07-11T17:50:13.264896,31.660,can0  204  [16]  E1 22 1C D3 24 99 E9 F1 28 23 30 75 30 75 00 00
2026-07-11T17:50:13.360511,31.755,can0  070  [20]  A2 2C 4D 08 66 B1 62 03 98 3A 00 00 32 00 00 00 35 00 00 00
2026-07-11T17:50:13.360923,31.756,can0  204  [16]  E1 22 1C D3 24 99 E9 F1 28 23 30 75 30 75 00 00
2026-07-11T17:50:13.361228,31.756,can0  041  [04]  C8 00 19 00
2026-07-11T17:50:13.361588,31.757,can0  204  [16]  E1 22 1C D3 24 99 E9 F1 28 23 30 75 30 75 00 00
2026-07-11T17:50:13.460414,31.855,can0  070  [20]  A2 2C 4D 08 66 B1 62 03 98 3A 00 00 32 00 00 00 35 00 00 00
2026-07-11T17:50:13.463921,31.859,can0  206  [24]  C6 0C 71 09 CA 0C 99 C6 85 0A C6 0C CA 0C 00 00 00 00 00 00 00 00 00 00
2026-07-11T17:50:13.464416,31.859,can0  204  [16]  E1 22 1C D3 24 99 E9 F1 28 23 30 75 30 75 00 00
2026-07-11T17:50:13.464687,31.860,can0  040  [04]  0C 01 14 00
2026-07-11T17:50:13.465094,31.860,can0  040  [04]  0C 01 14 00
2026-07-11T17:50:13.465166,31.860,can0  204  [16]  E1 22 1C D3 24 99 E9 F1 28 23 30 75 30 75 00 00
2026-07-11T17:50:13.567880,31.963,can0  204  [16]  E1 22 1C D3 24 99 E9 F1 28 23 30 75 30 75 00 00
2026-07-11T17:50:13.567948,31.963,can0  206  [24]  C1 0C 72 09 CF 0C 99 C6 84 0A C6 0C CA 0C 00 00 00 00 00 00 00 00 00 00
2026-07-11T17:50:13.575527,31.970,can0  204  [16]  E1 22 1C D3 24 99 E9 F1 28 23 30 75 30 75 00 00
2026-07-11T17:50:13.663871,32.059,can0  100  [03]  31 7E 04
2026-07-11T17:50:13.663938,32.059,can0  110  [02]  31 1B
2026-07-11T17:50:13.664215,32.059,can0  120  [04]  00 00 00 00
2026-07-11T17:50:13.664517,32.059,can0  204  [16]  E1 22 1C D3 24 99 E9 F1 28 23 30 75 30 75 00 00
2026-07-11T17:50:13.672754,32.068,can0  041  [04]  CC 00 16 00
2026-07-11T17:50:13.672819,32.068,can0  204  [16]  E1 22 1C D3 24 99 E9 F1 28 23 30 75 30 75 00 00
2026-07-11T17:50:13.762482,32.157,can0  060  [32]  00 00 00 00 A2 2C 4D 08 BB 06 B8 10 00 00 10 0E FF 01 00 00 00 00 00 00 02 00 00 00 00 00 00 00
2026-07-11T17:50:13.762721,32.158,can0  060  [32]  59 84 D6 02 51 96 4D 08 33 60 64 03 25 00 8E 0B 2A 01 80 00 00 00 00 01 02 00 00 00 00 00 00 00
2026-07-11T17:50:13.763375,32.158,can0  040  [04]  08 01 14 00
2026-07-11T17:50:13.766696,32.162,can0  206  [24]  BB 0C 72 09 CF 0C 99 C6 83 0A C6 0C D0 0C 00 00 00 00 00 00 00 00 00 00
2026-07-11T17:50:13.767034,32.162,can0  204  [16]  E1 22 1C D3 24 99 E9 F1 28 23 30 75 30 75 00 00
2026-07-11T17:50:13.773746,32.169,can0  040  [04]  08 01 14 00
2026-07-11T17:50:13.866721,32.262,can0  204  [16]  E1 22 1C D3 24 99 E9 F1 28 23 30 75 30 75 00 00
2026-07-11T17:50:13.866963,32.262,can0  204  [16]  E1 22 1C D3 24 99 E9 F1 28 23 30 75 30 75 00 00
2026-07-11T17:50:13.867502,32.262,can0  070  [20]  A2 2C 4D 08 66 B1 62 03 98 3A 00 00 32 00 00 00 35 00 00 00
2026-07-11T17:50:13.963301,32.358,can0  204  [16]  E1 22 1C D3 24 99 E9 F1 28 23 30 75 30 75 00 00
2026-07-11T17:50:13.964406,32.359,can0  206  [24]  C0 0C 72 09 CA 0C 99 C6 84 0A C1 0C D0 0C 00 00 00 00 00 00 00 00 00 00
2026-07-11T17:50:13.966738,32.362,can0  041  [04]  D4 00 16 00
2026-07-11T17:50:13.973982,32.369,can0  204  [16]  E1 22 1C D3 24 99 E9 F1 28 23 30 75 30 75 00 00
2026-07-11T17:50:13.974043,32.369,can0  040  [04]  12 01 0E 00
2026-07-11T17:50:14.064644,32.460,can0  204  [16]  E1 22 1C D3 24 99 E9 F1 28 23 30 75 30 75 00 00
2026-07-11T17:50:14.064915,32.460,can0  040  [04]  12 01 0E 00
2026-07-11T17:50:14.074682,32.470,can0  204  [16]  E1 22 1C D3 24 99 E9 F1 28 23 30 75 30 75 00 00
2026-07-11T17:50:14.074751,32.470,can0  206  [24]  C6 0C 72 09 CA 0C 99 C6 86 0A C1 0C CA 0C 00 00 00 00 00 00 00 00 00 00
2026-07-11T17:50:14.168737,32.564,can0  204  [16]  E1 22 1C D3 24 99 E9 F1 28 23 30 75 30 75 00 00
2026-07-11T17:50:14.168806,32.564,can0  204  [16]  E1 22 1C D3 24 99 E9 F1 28 23 30 75 30 75 00 00
2026-07-11T17:50:14.168850,32.564,can0  041  [04]  E2 00 12 00
2026-07-11T17:50:14.266780,32.662,can0  204  [16]  E1 22 1C D3 24 99 E9 F1 28 23 30 75 30 75 00 00
2026-07-11T17:50:14.270827,32.666,can0  206  [24]  C0 0C 71 09 CA 0C 99 C6 85 0A C6 0C D0 0C 00 00 00 00 00 00 00 00 00 00
2026-07-11T17:50:14.270886,32.666,can0  070  [20]  A2 2C 4D 08 66 B1 62 03 80 3E 00 00 32 00 00 00 14 00 00 00
2026-07-11T17:50:14.270936,32.666,can0  204  [16]  E1 22 1C D3 24 99 E9 F1 28 23 30 75 30 75 00 00
2026-07-11T17:50:14.270980,32.666,can0  040  [04]  21 01 07 00
2026-07-11T17:50:14.276788,32.672,can0  070  [20]  A2 2C 4D 08 66 B1 62 03 80 3E 00 00 32 00 00 00 15 00 00 00
2026-07-11T17:50:14.369515,32.764,can0  204  [16]  E1 22 1C D3 24 99 E9 F1 28 23 30 75 30 75 00 00
2026-07-11T17:50:14.369606,32.765,can0  040  [04]  21 01 07 00
2026-07-11T17:50:14.369828,32.765,can0  060  [32]  00 00 00 00 A2 2C 4D 08 BB 06 B8 10 00 00 10 0E FF 01 00 00 00 00 00 00 02 00 00 00 00 00 00 00
2026-07-11T17:50:14.370048,32.765,can0  060  [32]  D7 93 D6 02 80 D4 4D 08 D7 AE 61 03 46 01 23 0A 03 01 80 00 00 00 00 01 02 00 00 00 00 00 00 00
2026-07-11T17:50:14.382095,32.777,can0  204  [16]  E1 22 1C D3 24 99 E9 F1 28 23 30 75 30 75 00 00
2026-07-11T17:50:14.382168,32.777,can0  070  [20]  A2 2C 4D 08 66 B1 62 03 80 3E 00 00 32 00 00 00 15 00 00 00
2026-07-11T17:50:14.382212,32.777,can0  206  [24]  C0 0C 71 09 CA 0C 99 C6 86 0A C6 0C D0 0C 00 00 00 00 00 00 00 00 00 00
2026-07-11T17:50:14.471802,32.867,can0  204  [16]  E1 22 1C D3 24 99 E9 F1 28 23 30 75 30 75 00 00
2026-07-11T17:50:14.471900,32.867,can0  041  [04]  EC 00 0F 00
2026-07-11T17:50:14.481928,32.877,can0  204  [16]  E1 22 1C D3 24 99 E9 F1 28 23 30 75 30 75 00 00
2026-07-11T17:50:14.572270,32.967,can0  204  [16]  E1 22 1C D3 24 99 E9 F1 28 23 30 75 30 75 00 00
2026-07-11T17:50:14.572367,32.967,can0  040  [04]  32 01 05 00
2026-07-11T17:50:14.572455,32.967,can0  204  [16]  E1 22 1C D3 24 99 E9 F1 28 23 30 75 30 75 00 00
2026-07-11T17:50:14.572544,32.968,can0  206  [24]  BC 0C 71 09 CA 0C 99 C6 87 0A C6 0C D5 0C 00 00 00 00 00 00 00 00 00 00
2026-07-11T17:50:14.578263,32.973,can0  040  [04]  32 01 05 00
2026-07-11T17:50:14.668383,33.063,can0  204  [16]  E1 22 1C D3 24 99 E9 F1 28 23 30 75 30 75 00 00
2026-07-11T17:50:14.672374,33.067,can0  204  [16]  E1 22 1C D3 24 99 E9 F1 28 23 30 75 30 75 00 00
2026-07-11T17:50:14.776945,33.172,can0  204  [16]  E1 22 1C D3 24 99 E9 F1 28 23 30 75 30 75 00 00
2026-07-11T17:50:14.777054,33.172,can0  041  [04]  F5 00 0F 00
2026-07-11T17:50:14.777177,33.172,can0  206  [24]  BC 0C 71 09 CA 0C 99 C6 87 0A C6 0C D5 0C 00 00 00 00 00 00 00 00 00 00
2026-07-11T17:50:14.777262,33.172,can0  204  [16]  E1 22 1C D3 24 99 E9 F1 28 23 30 75 30 75 00 00
2026-07-11T17:50:14.777351,33.172,can0  040  [04]  42 01 05 00
2026-07-11T17:50:14.865787,33.261,can0  204  [16]  E1 22 1C D3 24 99 E9 F1 28 23 30 75 30 75 00 00
2026-07-11T17:50:14.866027,33.261,can0  060  [32]  00 00 00 00 00 00 00 00 00 00 00 00 00 00 00 00 00 00 00 00 00 00 00 00 00 00 00 00 00 00 00 00
2026-07-11T17:50:14.866512,33.261,can0  040  [04]  42 01 05 00
2026-07-11T17:50:14.866600,33.262,can0  100  [03]  3A 7E 04
2026-07-11T17:50:14.866845,33.262,can0  120  [04]  00 00 00 00
2026-07-11T17:50:14.867138,33.262,can0  204  [16]  E1 22 1C D3 24 99 E9 F1 28 23 30 75 30 75 00 00
2026-07-11T17:50:14.870518,33.265,can0  070  [20]  A2 2C 4D 08 66 B1 62 03 80 3E 00 00 32 00 00 00 15 00 00 00
2026-07-11T17:50:14.870572,33.266,can0  206  [24]  C0 0C 71 09 CA 0C 99 C6 86 0A C6 0C D0 0C 00 00 00 00 00 00 00 00 00 00
2026-07-11T17:50:14.964879,33.360,can0  204  [16]  E1 22 1C D3 24 99 E9 F1 28 23 30 75 30 75 00 00
2026-07-11T17:50:14.964950,33.360,can0  204  [16]  E1 22 1C D3 24 99 E9 F1 28 23 30 75 30 75 00 00
2026-07-11T17:50:14.965386,33.360,can0  060  [32]  00 00 00 00 A2 2C 4D 08 BB 06 B8 10 00 00 10 0E FF 01 00 00 00 00 00 00 01 00 00 00 00 00 00 00
2026-07-11T17:50:14.972629,33.368,can0  041  [04]  F4 00 14 00
2026-07-11T17:50:15.062700,33.458,can0  204  [16]  E1 22 1C D3 24 99 E9 F1 28 23 30 75 30 75 00 00
2026-07-11T17:50:15.063216,33.458,can0  040  [04]  4D 01 05 00
2026-07-11T17:50:15.063266,33.458,can0  204  [16]  E1 22 1C D3 24 99 E9 F1 28 23 30 75 30 75 00 00
2026-07-11T17:50:15.073684,33.469,can0  206  [24]  C0 0C 71 09 CA 0C 99 C6 85 0A C6 0C D0 0C 00 00 00 00 00 00 00 00 00 00
2026-07-11T17:50:15.073747,33.469,can0  040  [04]  4D 01 05 00
2026-07-11T17:50:15.170425,33.565,can0  204  [16]  E1 22 1C D3 24 99 E9 F1 28 23 30 75 30 75 00 00
2026-07-11T17:50:15.170531,33.565,can0  204  [16]  E1 22 1C D3 24 99 E9 F1 28 23 30 75 30 75 00 00
2026-07-11T17:50:15.260330,33.655,can0  204  [16]  E1 22 1C D3 24 99 E9 F1 28 23 30 75 30 75 00 00
2026-07-11T17:50:15.261777,33.657,can0  206  [24]  C0 0C 71 09 CA 0C 99 C6 85 0A C6 0C D0 0C 00 00 00 00 00 00 00 00 00 00
2026-07-11T17:50:15.264226,33.659,can0  110  [02]  30 1B
2026-07-11T17:50:15.264316,33.659,can0  041  [04]  EF 00 19 00
2026-07-11T17:50:15.264895,33.660,can0  070  [20]  A2 2C 4D 08 66 B1 62 03 68 42 00 00 32 00 00 00 13 00 00 00
2026-07-11T17:50:15.265196,33.660,can0  204  [16]  E1 22 1C D3 24 99 E9 F1 28 23 30 75 30 75 00 00
2026-07-11T17:50:15.368034,33.763,can0  070  [20]  A2 2C 4D 08 66 B1 62 03 68 42 00 00 32 00 00 00 13 00 00 00
2026-07-11T17:50:15.368131,33.763,can0  040  [04]  59 01 05 00
2026-07-11T17:50:15.368221,33.763,can0  204  [16]  E1 22 1C D3 24 99 E9 F1 28 23 30 75 30 75 00 00
2026-07-11T17:50:15.368696,33.764,can0  204  [16]  E1 22 1C D3 24 99 E9 F1 28 23 30 75 30 75 00 00
2026-07-11T17:50:15.368779,33.764,can0  070  [20]  A2 2C 4D 08 66 B1 62 03 68 42 00 00 32 00 00 00 13 00 00 00
2026-07-11T17:50:15.379337,33.774,can0  040  [04]  59 01 05 00
2026-07-11T17:50:15.379432,33.774,can0  206  [24]  C6 0C 71 09 CF 0C 99 C6 86 0A BC 0C CA 0C 00 00 00 00 00 00 00 00 00 00
2026-07-11T17:50:15.495790,33.891,can0  204  [16]  E1 22 1C D3 24 99 E9 F1 28 23 30 75 30 75 00 00
2026-07-11T17:50:15.495891,33.891,can0  204  [16]  E1 22 1C D3 24 99 E9 F1 28 23 30 75 30 75 00 00
2026-07-11T17:50:15.582699,33.978,can0  204  [16]  E1 22 1C D3 24 99 E9 F1 28 23 30 75 30 75 00 00
2026-07-11T17:50:15.582798,33.978,can0  041  [04]  ED 00 17 00
2026-07-11T17:50:15.592845,33.988,can0  206  [24]  C0 0C 72 09 CF 0C 99 C6 86 0A BC 0C D0 0C 00 00 00 00 00 00 00 00 00 00
2026-07-11T17:50:15.592939,33.988,can0  204  [16]  E1 22 1C D3 24 99 E9 F1 28 23 30 75 30 75 00 00
2026-07-11T17:50:15.593033,33.988,can0  040  [04]  67 01 05 00
2026-07-11T17:50:15.681566,34.077,can0  204  [16]  E1 22 1C D3 24 99 E9 F1 28 23 30 75 30 75 00 00
2026-07-11T17:50:15.689292,34.084,can0  040  [04]  67 01 05 00
2026-07-11T17:50:15.689384,34.084,can0  204  [16]  E1 22 1C D3 24 99 E9 F1 28 23 30 75 30 75 00 00
2026-07-11T17:50:15.780734,34.176,can0  204  [16]  E1 22 1C D3 24 99 E9 F1 28 23 30 75 30 75 00 00
2026-07-11T17:50:15.780804,34.176,can0  206  [24]  C0 0C 72 09 CF 0C 99 C6 83 0A BC 0C D0 0C 00 00 00 00 00 00 00 00 00 00
2026-07-11T17:50:15.786264,34.181,can0  204  [16]  E1 22 1C D3 24 99 E9 F1 28 23 30 75 30 75 00 00
2026-07-11T17:50:15.786322,34.181,can0  041  [04]  F1 00 15 00
2026-07-11T17:50:15.880148,34.275,can0  204  [16]  E1 22 1C D3 24 99 E9 F1 28 23 30 75 30 75 00 00
2026-07-11T17:50:15.880244,34.275,can0  040  [04]  DF 00 00 00
2026-07-11T17:50:15.880332,34.275,can0  204  [16]  E1 22 1C D3 24 99 E9 F1 28 23 30 75 30 75 00 00
2026-07-11T17:50:15.880426,34.275,can0  070  [20]  A2 2C 4D 08 66 B1 62 03 68 42 00 00 32 00 00 00 13 00 00 00
2026-07-11T17:50:15.883697,34.279,can0  206  [24]  BC 0C 72 09 C6 0C 99 C6 83 0A C6 0C D5 0C 00 00 00 00 00 00 00 00 00 00
2026-07-11T17:50:15.890998,34.286,can0  040  [04]  DF 00 00 00
2026-07-11T17:50:15.981095,34.376,can0  204  [16]  E1 22 1C D3 24 99 E9 F1 28 23 30 75 30 75 00 00
2026-07-11T17:50:15.981435,34.376,can0  204  [16]  E1 22 1C D3 24 99 E9 F1 28 23 30 75 30 75 00 00
2026-07-11T17:50:15.981699,34.377,can0  060  [32]  81 F4 D5 02 32 83 4D 08 B8 5F 64 03 81 00 B4 01 25 00 01 00 00 00 00 00 02 00 00 00 00 00 00 00
2026-07-11T17:50:15.981857,34.377,can0  060  [32]  00 00 00 00 A2 2C 4D 08 BB 06 B8 10 00 00 10 0E FF 01 00 00 00 00 00 01 02 00 00 00 00 00 00 00
2026-07-11T17:50:16.079432,34.474,can0  204  [16]  E1 22 1C D3 24 99 E9 F1 28 23 30 75 30 75 00 00
2026-07-11T17:50:16.079684,34.475,can0  100  [03]  3D 7E 04
2026-07-11T17:50:16.079985,34.475,can0  120  [04]  00 00 00 00
2026-07-11T17:50:16.080243,34.475,can0  041  [04]  E9 00 14 00
2026-07-11T17:50:16.083579,34.479,can0  206  [24]  BC 0C 72 09 C6 0C 99 C6 82 0A C6 0C D5 0C 00 00 00 00 00 00 00 00 00 00
2026-07-11T17:50:16.090497,34.485,can0  204  [16]  E1 22 1C D3 24 99 E9 F1 28 23 30 75 30 75 00 00
2026-07-11T17:50:16.180953,34.576,can0  040  [04]  B3 00 05 00
2026-07-11T17:50:16.181259,34.576,can0  204  [16]  E1 22 1C D3 24 99 E9 F1 28 23 30 75 30 75 00 00
2026-07-11T17:50:16.181506,34.576,can0  040  [04]  B3 00 05 00
2026-07-11T17:50:16.188727,34.584,can0  204  [16]  E1 22 1C D3 24 99 E9 F1 28 23 30 75 30 75 00 00
2026-07-11T17:50:16.283528,34.678,can0  206  [24]  C0 0C 73 09 C6 0C 99 C6 81 0A CA 0C D0 0C 00 00 00 00 00 00 00 00 00 00
2026-07-11T17:50:16.283596,34.679,can0  204  [16]  E1 22 1C D3 24 99 E9 F1 28 23 30 75 30 75 00 00
2026-07-11T17:50:16.283644,34.679,can0  070  [20]  A2 2C 4D 08 66 B1 62 03 50 46 00 00 32 00 00 00 18 00 00 00
2026-07-11T17:50:16.283864,34.679,can0  204  [16]  E1 22 1C D3 24 99 E9 F1 28 23 30 75 30 75 00 00
2026-07-11T17:50:16.284127,34.679,can0  070  [20]  A2 2C 4D 08 66 B1 62 03 50 46 00 00 32 00 00 00 18 00 00 00
2026-07-11T17:50:16.380363,34.775,can0  041  [04]  EC 00 15 00
2026-07-11T17:50:16.380640,34.776,can0  204  [16]  E1 22 1C D3 24 99 E9 F1 28 23 30 75 30 75 00 00
2026-07-11T17:50:16.380937,34.776,can0  070  [20]  A2 2C 4D 08 66 B1 62 03 50 46 00 00 32 00 00 00 18 00 00 00
2026-07-11T17:50:16.381174,34.776,can0  040  [04]  B3 00 08 00
2026-07-11T17:50:16.381463,34.776,can0  204  [16]  E1 22 1C D3 24 99 E9 F1 28 23 30 75 30 75 00 00
2026-07-11T17:50:16.384834,34.780,can0  206  [24]  C5 0C 71 09 C1 0C 99 C6 80 0A CA 0C D0 0C 00 00 00 00 00 00 00 00 00 00
2026-07-11T17:50:16.481339,34.876,can0  040  [04]  B3 00 08 00
2026-07-11T17:50:16.481744,34.877,can0  204  [16]  E1 22 1C D3 24 99 E9 F1 28 23 30 75 30 75 00 00
2026-07-11T17:50:16.482043,34.877,can0  204  [16]  E1 22 1C D3 24 99 E9 F1 28 23 30 75 30 75 00 00
2026-07-11T17:50:16.575284,34.970,can0  204  [16]  E1 22 1C D3 24 99 E9 F1 28 23 30 75 30 75 00 00
2026-07-11T17:50:16.578863,34.974,can0  206  [24]  C5 0C 75 09 C1 0C 99 C6 83 0A CA 0C D0 0C 00 00 00 00 00 00 00 00 00 00
2026-07-11T17:50:16.586046,34.981,can0  204  [16]  E1 22 1C D3 24 99 E9 F1 28 23 30 75 30 75 00 00
2026-07-11T17:50:16.586115,34.981,can0  041  [04]  E8 00 17 00
2026-07-11T17:50:16.672610,35.068,can0  204  [16]  E1 22 1C D3 24 99 E9 F1 28 23 30 75 30 75 00 00
2026-07-11T17:50:16.672899,35.068,can0  040  [04]  BF 00 06 00
2026-07-11T17:50:16.680962,35.076,can0  204  [16]  E1 22 1C D3 24 99 E9 F1 28 23 30 75 30 75 00 00
2026-07-11T17:50:16.768572,35.164,can0  040  [04]  BF 00 06 00
2026-07-11T17:50:16.768638,35.164,can0  206  [24]  C5 0C 76 09 CB 0C 99 C6 84 0A BC 0C D0 0C 00 00 00 00 00 00 00 00 00 00
2026-07-11T17:50:16.776688,35.172,can0  204  [16]  E1 22 1C D3 24 99 E9 F1 28 23 30 75 30 75 00 00
2026-07-11T17:50:16.776799,35.172,can0  204  [16]  E1 22 1C D3 24 99 E9 F1 28 23 30 75 30 75 00 00
2026-07-11T17:50:16.861668,35.257,can0  204  [16]  E1 22 1C D3 24 99 E9 F1 28 23 30 75 30 75 00 00
2026-07-11T17:50:16.861864,35.257,can0  110  [02]  30 1B
2026-07-11T17:50:16.862057,35.257,can0  041  [04]  E8 00 1A 00
2026-07-11T17:50:16.862449,35.257,can0  070  [20]  A2 2C 4D 08 66 B1 62 03 50 46 00 00 32 00 00 00 18 00 00 00
2026-07-11T17:50:16.862495,35.257,can0  204  [16]  E1 22 1C D3 24 99 E9 F1 28 23 30 75 30 75 00 00
2026-07-11T17:50:16.865832,35.261,can0  206  [24]  C5 0C 75 09 CB 0C 99 C6 85 0A C1 0C D0 0C 00 00 00 00 00 00 00 00 00 00
2026-07-11T17:50:16.873266,35.268,can0  040  [04]  C3 00 05 00
2026-07-11T17:50:16.961027,35.356,can0  204  [16]  E1 22 1C D3 24 99 E9 F1 28 23 30 75 30 75 00 00
2026-07-11T17:50:16.961328,35.356,can0  040  [04]  C3 00 05 00
2026-07-11T17:50:16.961701,35.357,can0  204  [16]  E1 22 1C D3 24 99 E9 F1 28 23 30 75 30 75 00 00
2026-07-11T17:50:16.962293,35.357,can0  060  [32]  26 6B D6 02 27 BD 4D 08 AB 1E 64 03 00 00 73 0D 07 00 80 00 00 00 00 00 03 00 00 00 00 00 00 00
2026-07-11T17:50:16.962339,35.357,can0  060  [32]  D7 93 D6 02 49 D4 4D 08 0E AD 61 03 47 01 23 0A 03 01 80 00 00 00 00 01 03 00 00 00 00 00 00 00
2026-07-11T17:50:16.962468,35.357,can0  060  [32]  00 00 00 00 A2 2C 4D 08 BB 06 B8 10 00 00 10 0E FF 01 00 00 00 00 00 02 03 00 00 00 00 00 00 00
2026-07-11T17:50:17.061019,35.456,can0  204  [16]  E1 22 1C D3 24 99 E9 F1 28 23 30 75 30 75 00 00
2026-07-11T17:50:17.064438,35.459,can0  206  [24]  C0 0C 76 09 CF 0C 99 C6 84 0A C1 0C D0 0C 00 00 00 00 00 00 00 00 00 00
2026-07-11T17:50:17.064708,35.460,can0  204  [16]  E1 22 1C D3 24 99 E9 F1 28 23 30 75 30 75 00 00
2026-07-11T17:50:17.161259,35.556,can0  041  [04]  E6 00 16 00
2026-07-11T17:50:17.161323,35.556,can0  204  [16]  E1 22 1C D3 24 99 E9 F1 28 23 30 75 30 75 00 00
2026-07-11T17:50:17.161367,35.556,can0  040  [04]  B3 00 02 00
2026-07-11T17:50:17.161531,35.556,can0  204  [16]  E1 22 1C D3 24 99 E9 F1 28 23 30 75 30 75 00 00
2026-07-11T17:50:17.263664,35.659,can0  206  [24]  C0 0C 77 09 CA 0C 99 C6 85 0A C6 0C D0 0C 00 00 00 00 00 00 00 00 00 00
2026-07-11T17:50:17.264060,35.659,can0  040  [04]  B3 00 02 00
2026-07-11T17:50:17.264308,35.659,can0  100  [03]  44 7E 04
2026-07-11T17:50:17.264569,35.660,can0  204  [16]  E1 22 1C D3 24 99 E9 F1 28 23 30 75 30 75 00 00
2026-07-11T17:50:17.264954,35.660,can0  120  [04]  00 00 00 00
2026-07-11T17:50:17.265004,35.660,can0  070  [20]  A2 2C 4D 08 66 B1 62 03 38 4A 00 00 32 00 00 00 1A 00 00 00
2026-07-11T17:50:17.265233,35.660,can0  204  [16]  E1 22 1C D3 24 99 E9 F1 28 23 30 75 30 75 00 00
2026-07-11T17:50:17.273144,35.668,can0  070  [20]  A2 2C 4D 08 66 B1 62 03 38 4A 00 00 32 00 00 00 1A 00 00 00
2026-07-11T17:50:17.360939,35.756,can0  204  [16]  E1 22 1C D3 24 99 E9 F1 28 23 30 75 30 75 00 00
2026-07-11T17:50:17.361006,35.756,can0  070  [20]  A2 2C 4D 08 66 B1 62 03 38 4A 00 00 32 00 00 00 1A 00 00 00
2026-07-11T17:50:17.364314,35.759,can0  041  [04]  E6 00 16 00
2026-07-11T17:50:17.364371,35.759,can0  206  [24]  C0 0C 74 09 CA 0C 99 C6 86 0A C6 0C D0 0C 00 00 00 00 00 00 00 00 00 00
2026-07-11T17:50:17.372206,35.767,can0  204  [16]  E1 22 1C D3 24 99 E9 F1 28 23 30 75 30 75 00 00
2026-07-11T17:50:17.460432,35.855,can0  204  [16]  E1 22 1C D3 24 99 E9 F1 28 23 30 75 30 75 00 00
2026-07-11T17:50:17.460724,35.856,can0  040  [04]  3A 01 00 00
2026-07-11T17:50:17.461277,35.856,can0  204  [16]  E1 22 1C D3 24 99 E9 F1 28 23 30 75 30 75 00 00
2026-07-11T17:50:17.461366,35.856,can0  060  [32]  00 00 00 00 00 00 00 00 00 00 00 00 00 00 00 00 00 00 00 00 00 00 00 00 00 00 00 00 00 00 00 00
2026-07-11T17:50:17.461470,35.856,can0  040  [04]  3A 01 00 00
2026-07-11T17:50:17.561073,35.956,can0  204  [16]  E1 22 1C D3 24 99 E9 F1 28 23 30 75 30 75 00 00
2026-07-11T17:50:17.571925,35.967,can0  206  [24]  C0 0C 73 09 CA 0C 99 C6 85 0A C6 0C D0 0C 00 00 00 00 00 00 00 00 00 00
2026-07-11T17:50:17.572018,35.967,can0  204  [16]  E1 22 1C D3 24 99 E9 F1 28 23 30 75 30 75 00 00
2026-07-11T17:50:17.660336,36.055,can0  204  [16]  E1 22 1C D3 24 99 E9 F1 28 23 30 75 30 75 00 00
2026-07-11T17:50:17.660602,36.056,can0  041  [04]  E0 00 17 00
2026-07-11T17:50:17.668472,36.063,can0  204  [16]  E1 22 1C D3 24 99 E9 F1 28 23 30 75 30 75 00 00
2026-07-11T17:50:17.760430,36.155,can0  040  [04]  2C 00 00 00
2026-07-11T17:50:17.761733,36.157,can0  206  [24]  C0 0C 74 09 C6 0C 99 C6 84 0A CA 0C D0 0C 00 00 00 00 00 00 00 00 00 00
2026-07-11T17:50:17.771616,36.167,can0  204  [16]  E1 22 1C D3 24 99 E9 F1 28 23 30 75 30 75 00 00
2026-07-11T17:50:17.771717,36.167,can0  040  [04]  2C 00 00 00
2026-07-11T17:50:17.771806,36.167,can0  204  [16]  E1 22 1C D3 24 99 E9 F1 28 23 30 75 30 75 00 00
2026-07-11T17:50:17.860974,36.256,can0  204  [16]  E1 22 1C D3 24 99 E9 F1 28 23 30 75 30 75 00 00
2026-07-11T17:50:17.864578,36.260,can0  070  [20]  A2 2C 4D 08 66 B1 62 03 38 4A 00 00 32 00 00 00 1A 00 00 00
2026-07-11T17:50:17.864683,36.260,can0  206  [24]  C0 0C 73 09 CA 0C 99 C6 84 0A C6 0C D0 0C 00 00 00 00 00 00 00 00 00 00
2026-07-11T17:50:17.864879,36.260,can0  204  [16]  E1 22 1C D3 24 99 E9 F1 28 23 30 75 30 75 00 00
2026-07-11T17:50:17.960482,36.355,can0  041  [04]  D8 00 16 00
2026-07-11T17:50:17.960762,36.356,can0  204  [16]  E1 22 1C D3 24 99 E9 F1 28 23 30 75 30 75 00 00
2026-07-11T17:50:17.962869,36.358,can0  040  [04]  2C 00 00 00
2026-07-11T17:50:17.962997,36.358,can0  060  [32]  00 00 00 00 00 00 00 00 00 00 00 00 00 00 00 00 00 00 00 00 00 00 00 00 00 00 00 00 00 00 00 00
2026-07-11T17:50:17.963130,36.358,can0  204  [16]  E1 22 1C D3 24 99 E9 F1 28 23 30 75 30 75 00 00
2026-07-11T17:50:18.061626,36.457,can0  060  [32]  00 00 00 00 A2 2C 4D 08 BB 06 B8 10 00 00 10 0E FF 01 00 00 00 00 00 00 01 00 00 00 00 00 00 00
2026-07-11T17:50:18.061703,36.457,can0  040  [04]  2C 00 00 00
2026-07-11T17:50:18.065112,36.460,can0  204  [16]  E1 22 1C D3 24 99 E9 F1 28 23 30 75 30 75 00 00
2026-07-11T17:50:18.065169,36.460,can0  206  [24]  BC 0C 73 09 CA 0C 99 C6 82 0A C6 0C D5 0C 00 00 00 00 00 00 00 00 00 00
2026-07-11T17:50:18.065403,36.460,can0  204  [16]  E1 22 1C D3 24 99 E9 F1 28 23 30 75 30 75 00 00
2026-07-11T17:50:18.168534,36.563,can0  204  [16]  E1 22 1C D3 24 99 E9 F1 28 23 30 75 30 75 00 00
2026-07-11T17:50:18.168609,36.564,can0  041  [04]  DB 00 16 00
2026-07-11T17:50:18.168662,36.564,can0  204  [16]  E1 22 1C D3 24 99 E9 F1 28 23 30 75 30 75 00 00
2026-07-11T17:50:18.264537,36.659,can0  206  [24]  BC 0C 72 09 CA 0C 99 C6 82 0A C6 0C D5 0C 00 00 00 00 00 00 00 00 00 00
2026-07-11T17:50:18.264601,36.660,can0  070  [20]  A2 2C 4D 08 66 B1 62 03 20 4E 00 00 32 00 00 00 1A 00 00 00
2026-07-11T17:50:18.264646,36.660,can0  040  [04]  2C 00 00 00
2026-07-11T17:50:18.264842,36.660,can0  204  [16]  E1 22 1C D3 24 99 E9 F1 28 23 30 75 30 75 00 00
2026-07-11T17:50:18.265077,36.660,can0  070  [20]  A2 2C 4D 08 66 B1 62 03 20 4E 00 00 32 00 00 00 1A 00 00 00
2026-07-11T17:50:18.265303,36.660,can0  204  [16]  E1 22 1C D3 24 99 E9 F1 28 23 30 75 30 75 00 00
2026-07-11T17:50:18.265474,36.660,can0  040  [04]  2C 00 00 00
2026-07-11T17:50:18.360404,36.755,can0  204  [16]  E1 22 1C D3 24 99 E9 F1 28 23 30 75 30 75 00 00
2026-07-11T17:50:18.360821,36.756,can0  070  [20]  A2 2C 4D 08 66 B1 62 03 20 4E 00 00 32 00 00 00 1A 00 00 00
2026-07-11T17:50:18.364581,36.760,can0  206  [24]  C0 0C 71 09 CA 0C 99 C6 81 0A CA 0C D0 0C 00 00 00 00 00 00 00 00 00 00
2026-07-11T17:50:18.364835,36.760,can0  204  [16]  E1 22 1C D3 24 99 E9 F1 28 23 30 75 30 75 00 00
2026-07-11T17:50:18.461647,36.857,can0  100  [03]  48 7E 04
2026-07-11T17:50:18.461877,36.857,can0  110  [02]  30 1B
2026-07-11T17:50:18.462234,36.857,can0  120  [04]  00 00 00 00
2026-07-11T17:50:18.462515,36.857,can0  041  [04]  D9 00 17 00
2026-07-11T17:50:18.462837,36.858,can0  204  [16]  E1 22 1C D3 24 99 E9 F1 28 23 30 75 30 75 00 00
2026-07-11T17:50:18.463384,36.858,can0  204  [16]  E1 22 1C D3 24 99 E9 F1 28 23 30 75 30 75 00 00
2026-07-11T17:50:18.576708,36.972,can0  040  [04]  58 00 02 00
2026-07-11T17:50:18.580050,36.975,can0  206  [24]  C0 0C 73 09 CF 0C 99 C6 81 0A C1 0C D0 0C 00 00 00 00 00 00 00 00 00 00
2026-07-11T17:50:18.580788,36.976,can0  204  [16]  E1 22 1C D3 24 99 E9 F1 28 23 30 75 30 75 00 00
2026-07-11T17:50:18.580841,36.976,can0  040  [04]  58 00 02 00
2026-07-11T17:50:18.580886,36.976,can0  204  [16]  E1 22 1C D3 24 99 E9 F1 28 23 30 75 30 75 00 00
2026-07-11T17:50:18.684233,37.079,can0  204  [16]  E1 22 1C D3 24 99 E9 F1 28 23 30 75 30 75 00 00
2026-07-11T17:50:18.684313,37.079,can0  204  [16]  E1 22 1C D3 24 99 E9 F1 28 23 30 75 30 75 00 00
2026-07-11T17:50:18.772155,37.167,can0  206  [24]  C0 0C 72 09 CA 0C 99 C6 82 0A C6 0C D0 0C 00 00 00 00 00 00 00 00 00 00
2026-07-11T17:50:18.772223,37.167,can0  041  [04]  DB 00 16 00
2026-07-11T17:50:18.772431,37.167,can0  204  [16]  E1 22 1C D3 24 99 E9 F1 28 23 30 75 30 75 00 00
2026-07-11T17:50:18.773466,37.168,can0  040  [04]  58 00 02 00
2026-07-11T17:50:18.773547,37.169,can0  204  [16]  E1 22 1C D3 24 99 E9 F1 28 23 30 75 30 75 00 00
2026-07-11T17:50:18.869045,37.264,can0  040  [04]  58 00 02 00
2026-07-11T17:50:18.869556,37.265,can0  204  [16]  E1 22 1C D3 24 99 E9 F1 28 23 30 75 30 75 00 00
2026-07-11T17:50:18.873590,37.269,can0  070  [20]  A2 2C 4D 08 66 B1 62 03 20 4E 00 00 32 00 00 00 1A 00 00 00
2026-07-11T17:50:18.873685,37.269,can0  206  [24]  C6 0C 72 09 CA 0C 99 C6 83 0A C1 0C CA 0C 00 00 00 00 00 00 00 00 00 00
2026-07-11T17:50:18.881858,37.277,can0  204  [16]  E1 22 1C D3 24 99 E9 F1 28 23 30 75 30 75 00 00
2026-07-11T17:50:18.972867,37.368,can0  204  [16]  E1 22 1C D3 24 99 E9 F1 28 23 30 75 30 75 00 00
2026-07-11T17:50:18.973297,37.368,can0  041  [04]  D6 00 15 00
2026-07-11T17:50:18.981559,37.377,can0  204  [16]  E1 22 1C D3 24 99 E9 F1 28 23 30 75 30 75 00 00
2026-07-11T17:50:19.069602,37.465,can0  060  [32]  73 ED D5 02 DC B9 4D 08 36 1E 64 03 00 00 A5 07 FF 01 00 00 00 00 00 00 03 00 00 00 00 00 00 00
2026-07-11T17:50:19.069734,37.465,can0  060  [32]  74 0C 7C 0C CA 83 4D 08 16 41 64 03 08 00 1B 0C 2E 01 8B 00 00 00 00 01 03 00 00 00 00 00 00 00
2026-07-11T17:50:19.069839,37.465,can0  060  [32]  00 00 00 00 A2 2C 4D 08 BB 06 B8 10 00 00 10 0E FF 01 00 00 00 00 00 02 03 00 00 00 00 00 00 00
2026-07-11T17:50:19.073137,37.468,can0  206  [24]  C6 0C 72 09 D4 0C 99 C6 84 0A BC 0C C6 0C 00 00 00 00 00 00 00 00 00 00
2026-07-11T17:50:19.073199,37.468,can0  204  [16]  E1 22 1C D3 24 99 E9 F1 28 23 30 75 30 75 00 00
2026-07-11T17:50:19.073306,37.468,can0  040  [04]  DF 00 00 00
2026-07-11T17:50:19.170972,37.566,can0  204  [16]  E1 22 1C D3 24 99 E9 F1 28 23 30 75 30 75 00 00
2026-07-11T17:50:19.171046,37.566,can0  204  [16]  E1 22 1C D3 24 99 E9 F1 28 23 30 75 30 75 00 00
2026-07-11T17:50:19.264447,37.659,can0  204  [16]  E1 22 1C D3 24 99 E9 F1 28 23 30 75 30 75 00 00
2026-07-11T17:50:19.268433,37.663,can0  206  [24]  C1 0C 72 09 D4 0C 99 C6 84 0A B7 0C CA 0C 00 00 00 00 00 00 00 00 00 00
2026-07-11T17:50:19.268493,37.663,can0  041  [04]  D3 00 14 00
2026-07-11T17:50:19.268628,37.664,can0  070  [20]  A2 2C 4D 08 66 B1 62 03 08 52 00 00 32 00 00 00 1F 00 00 00
2026-07-11T17:50:19.268939,37.664,can0  204  [16]  E1 22 1C D3 24 99 E9 F1 28 23 30 75 30 75 00 00
2026-07-11T17:50:19.269084,37.664,can0  070  [20]  A2 2C 4D 08 66 B1 62 03 08 52 00 00 32 00 00 00 20 00 00 00
2026-07-11T17:50:19.269260,37.664,can0  040  [04]  DF 00 00 00
2026-07-11T17:50:19.376738,37.772,can0  204  [16]  E1 22 1C D3 24 99 E9 F1 28 23 30 75 30 75 00 00
2026-07-11T17:50:19.376817,37.772,can0  040  [04]  DF 00 00 00
2026-07-11T17:50:19.376861,37.772,can0  204  [16]  E1 22 1C D3 24 99 E9 F1 28 23 30 75 30 75 00 00
2026-07-11T17:50:19.376905,37.772,can0  070  [20]  A2 2C 4D 08 66 B1 62 03 08 52 00 00 32 00 00 00 20 00 00 00
2026-07-11T17:50:19.376961,37.772,can0  206  [24]  C6 0C 71 09 CA 0C 99 C6 85 0A C1 0C CA 0C 00 00 00 00 00 00 00 00 00 00
2026-07-11T17:50:19.462032,37.857,can0  204  [16]  E1 22 1C D3 24 99 E9 F1 28 23 30 75 30 75 00 00
2026-07-11T17:50:19.462319,37.857,can0  204  [16]  E1 22 1C D3 24 99 E9 F1 28 23 30 75 30 75 00 00
2026-07-11T17:50:19.563010,37.958,can0  204  [16]  E1 22 1C D3 24 99 E9 F1 28 23 30 75 30 75 00 00
2026-07-11T17:50:19.563082,37.958,can0  041  [04]  CF 00 14 00
2026-07-11T17:50:19.572011,37.967,can0  206  [24]  C6 0C 71 09 CA 0C 99 C6 85 0A C1 0C CA 0C 00 00 00 00 00 00 00 00 00 00
2026-07-11T17:50:19.572076,37.967,can0  040  [04]  DF 00 02 00
2026-07-11T17:50:19.572118,37.967,can0  204  [16]  E1 22 1C D3 24 99 E9 F1 28 23 30 75 30 75 00 00
2026-07-11T17:50:19.660271,38.055,can0  204  [16]  E1 22 1C D3 24 99 E9 F1 28 23 30 75 30 75 00 00
2026-07-11T17:50:19.660630,38.056,can0  100  [03]  4C 7E 04
2026-07-11T17:50:19.661292,38.056,can0  040  [04]  DF 00 02 00
2026-07-11T17:50:19.661382,38.056,can0  120  [04]  00 00 00 00
2026-07-11T17:50:19.661461,38.056,can0  204  [16]  E1 22 1C D3 24 99 E9 F1 28 23 30 75 30 75 00 00
2026-07-11T17:50:19.672332,38.067,can0  206  [24]  C6 0C 6F 09 CA 0C 99 C6 85 0A C1 0C CA 0C 00 00 00 00 00 00 00 00 00 00
2026-07-11T17:50:19.760423,38.155,can0  204  [16]  E1 22 1C D3 24 99 E9 F1 28 23 30 75 30 75 00 00
2026-07-11T17:50:19.760724,38.156,can0  204  [16]  E1 22 1C D3 24 99 E9 F1 28 23 30 75 30 75 00 00
2026-07-11T17:50:19.768785,38.164,can0  041  [04]  CD 00 12 00
2026-07-11T17:50:19.860534,38.255,can0  204  [16]  E1 22 1C D3 24 99 E9 F1 28 23 30 75 30 75 00 00
2026-07-11T17:50:19.860853,38.256,can0  040  [04]  B3 00 02 00
2026-07-11T17:50:19.861398,38.256,can0  204  [16]  E1 22 1C D3 24 99 E9 F1 28 23 30 75 30 75 00 00
2026-07-11T17:50:19.861487,38.256,can0  070  [20]  A2 2C 4D 08 66 B1 62 03 08 52 00 00 32 00 00 00 20 00 00 00
2026-07-11T17:50:19.864875,38.260,can0  206  [24]  CA 0C 6F 09 C6 0C 99 C6 85 0A C1 0C CA 0C 00 00 00 00 00 00 00 00 00 00
2026-07-11T17:50:19.872950,38.268,can0  040  [04]  B3 00 02 00
2026-07-11T17:50:19.972570,38.368,can0  204  [16]  E1 22 1C D3 24 99 E9 F1 28 23 30 75 30 75 00 00
2026-07-11T17:50:19.972649,38.368,can0  204  [16]  E1 22 1C D3 24 99 E9 F1 28 23 30 75 30 75 00 00
2026-07-11T17:50:20.060876,38.456,can0  204  [16]  E1 22 1C D3 24 99 E9 F1 28 23 30 75 30 75 00 00
2026-07-11T17:50:20.061174,38.456,can0  110  [02]  31 1B
2026-07-11T17:50:20.061493,38.456,can0  060  [32]  30 7B D6 02 18 B5 4D 08 13 1E 64 03 00 00 5C 04 58 00 80 00 00 00 00 00 02 00 00 00 00 00 00 00
2026-07-11T17:50:20.061731,38.457,can0  060  [32]  00 00 00 00 A2 2C 4D 08 BB 06 B8 10 00 00 10 0E FF 01 00 00 00 00 00 01 02 00 00 00 00 00 00 00
2026-07-11T17:50:20.064452,38.459,can0  206  [24]  CA 0C 6F 09 C6 0C 99 C6 85 0A C6 0C CA 0C 00 00 00 00 00 00 00 00 00 00
2026-07-11T17:50:20.073669,38.469,can0  041  [04]  C6 00 13 00
2026-07-11T17:50:20.073737,38.469,can0  204  [16]  E1 22 1C D3 24 99 E9 F1 28 23 30 75 30 75 00 00
2026-07-11T17:50:20.164837,38.560,can0  040  [04]  B3 00 05 00
2026-07-11T17:50:20.165172,38.560,can0  204  [16]  E1 22 1C D3 24 99 E9 F1 28 23 30 75 30 75 00 00
2026-07-11T17:50:20.177744,38.573,can0  040  [04]  B3 00 05 00
2026-07-11T17:50:20.177823,38.573,can0  204  [16]  E1 22 1C D3 24 99 E9 F1 28 23 30 75 30 75 00 00
2026-07-11T17:50:20.177869,38.573,can0  206  [24]  C5 0C 70 09 C6 0C 99 C6 85 0A C1 0C D0 0C 00 00 00 00 00 00 00 00 00 00
2026-07-11T17:50:20.268443,38.663,can0  204  [16]  E1 22 1C D3 24 99 E9 F1 28 23 30 75 30 75 00 00
2026-07-11T17:50:20.268562,38.664,can0  070  [20]  A2 2C 4D 08 66 B1 62 03 F0 55 00 00 32 00 00 00 25 00 00 00
2026-07-11T17:50:20.268696,38.664,can0  204  [16]  E1 22 1C D3 24 99 E9 F1 28 23 30 75 30 75 00 00
2026-07-11T17:50:20.277206,38.672,can0  070  [20]  A2 2C 4D 08 66 B1 62 03 F0 55 00 00 32 00 00 00 24 00 00 00
2026-07-11T17:50:20.361788,38.757,can0  041  [04]  C6 00 12 00
2026-07-11T17:50:20.362105,38.757,can0  204  [16]  E1 22 1C D3 24 99 E9 F1 28 23 30 75 30 75 00 00
2026-07-11T17:50:20.366913,38.762,can0  206  [24]  C0 0C 70 09 CA 0C 99 C6 84 0A C6 0C D0 0C 00 00 00 00 00 00 00 00 00 00
2026-07-11T17:50:20.367362,38.762,can0  204  [16]  E1 22 1C D3 24 99 E9 F1 28 23 30 75 30 75 00 00
2026-07-11T17:50:20.376012,38.771,can0  070  [20]  A2 2C 4D 08 66 B1 62 03 F0 55 00 00 32 00 00 00 24 00 00 00
2026-07-11T17:50:20.376093,38.771,can0  040  [04]  B3 00 05 00
2026-07-11T17:50:20.464917,38.860,can0  040  [04]  B3 00 05 00
2026-07-11T17:50:20.465262,38.860,can0  204  [16]  E1 22 1C D3 24 99 E9 F1 28 23 30 75 30 75 00 00
2026-07-11T17:50:20.465550,38.861,can0  204  [16]  E1 22 1C D3 24 99 E9 F1 28 23 30 75 30 75 00 00
2026-07-11T17:50:20.564443,38.959,can0  204  [16]  E1 22 1C D3 24 99 E9 F1 28 23 30 75 30 75 00 00
2026-07-11T17:50:20.567765,38.963,can0  206  [24]  C0 0C 71 09 C6 0C 99 C6 85 0A C6 0C D0 0C 00 00 00 00 00 00 00 00 00 00
2026-07-11T17:50:20.568334,38.963,can0  060  [32]  00 00 00 00 00 00 00 00 00 00 00 00 00 00 00 00 00 00 00 00 00 00 00 00 00 00 00 00 00 00 00 00
2026-07-11T17:50:20.568411,38.963,can0  204  [16]  E1 22 1C D3 24 99 E9 F1 28 23 30 75 30 75 00 00
2026-07-11T17:50:20.568573,38.964,can0  041  [04]  C3 00 11 00
2026-07-11T17:50:20.668121,39.063,can0  204  [16]  E1 22 1C D3 24 99 E9 F1 28 23 30 75 30 75 00 00
2026-07-11T17:50:20.668532,39.063,can0  040  [04]  B3 00 00 00
2026-07-11T17:50:20.669037,39.064,can0  204  [16]  E1 22 1C D3 24 99 E9 F1 28 23 30 75 30 75 00 00
2026-07-11T17:50:20.672667,39.068,can0  040  [04]  B3 00 00 00
2026-07-11T17:50:20.672725,39.068,can0  206  [24]  C0 0C 72 09 C1 0C 99 C6 86 0A CF 0C D0 0C 00 00 00 00 00 00 00 00 00 00
2026-07-11T17:50:20.772341,39.167,can0  204  [16]  E1 22 1C D3 24 99 E9 F1 28 23 30 75 30 75 00 00
2026-07-11T17:50:20.782934,39.178,can0  204  [16]  E1 22 1C D3 24 99 E9 F1 28 23 30 75 30 75 00 00
2026-07-11T17:50:20.872904,39.268,can0  204  [16]  E1 22 1C D3 24 99 E9 F1 28 23 30 75 30 75 00 00
2026-07-11T17:50:20.872969,39.268,can0  100  [03]  4C 7E 04
2026-07-11T17:50:20.873014,39.268,can0  120  [04]  00 00 00 00
2026-07-11T17:50:20.873341,39.268,can0  041  [04]  C5 00 0E 00
2026-07-11T17:50:20.877244,39.272,can0  206  [24]  C6 0C 73 09 C1 0C 99 C6 85 0A CF 0C CA 0C 00 00 00 00 00 00 00 00 00 00
2026-07-11T17:50:20.877614,39.273,can0  070  [20]  A2 2C 4D 08 66 B1 62 03 F0 55 00 00 32 00 00 00 24 00 00 00
2026-07-11T17:50:20.877988,39.273,can0  204  [16]  E1 22 1C D3 24 99 E9 F1 28 23 30 75 30 75 00 00
2026-07-11T17:50:20.878263,39.273,can0  040  [04]  67 01 00 00
2026-07-11T17:50:20.980884,39.376,can0  204  [16]  E1 22 1C D3 24 99 E9 F1 28 23 30 75 30 75 00 00
2026-07-11T17:50:20.981279,39.376,can0  040  [04]  67 01 00 00
2026-07-11T17:50:20.982404,39.377,can0  204  [16]  E1 22 1C D3 24 99 E9 F1 28 23 30 75 30 75 00 00
2026-07-11T17:50:21.082024,39.477,can0  204  [16]  E1 22 1C D3 24 99 E9 F1 28 23 30 75 30 75 00 00
2026-07-11T17:50:21.085971,39.481,can0  206  [24]  C6 0C 72 09 C1 0C 99 C6 85 0A CF 0C CA 0C 00 00 00 00 00 00 00 00 00 00
2026-07-11T17:50:21.086238,39.481,can0  060  [32]  00 00 00 00 00 00 00 00 00 00 00 00 00 00 00 00 00 00 00 00 00 00 00 00 00 00 00 00 00 00 00 00
2026-07-11T17:50:21.086413,39.481,can0  060  [32]  00 00 00 00 A2 2C 4D 08 BB 06 B8 10 00 00 10 0E FF 01 00 00 00 00 00 00 01 00 00 00 00 00 00 00
2026-07-11T17:50:21.087242,39.482,can0  204  [16]  E1 22 1C D3 24 99 E9 F1 28 23 30 75 30 75 00 00
2026-07-11T17:50:21.188581,39.584,can0  041  [04]  C4 00 0A 00
2026-07-11T17:50:21.188648,39.584,can0  204  [16]  E1 22 1C D3 24 99 E9 F1 28 23 30 75 30 75 00 00
2026-07-11T17:50:21.189057,39.584,can0  204  [16]  E1 22 1C D3 24 99 E9 F1 28 23 30 75 30 75 00 00
2026-07-11T17:50:21.189332,39.584,can0  040  [04]  67 01 02 00
2026-07-11T17:50:21.192805,39.588,can0  206  [24]  C6 0C 72 09 C1 0C 99 C6 86 0A CF 0C CA 0C 00 00 00 00 00 00 00 00 00 00
2026-07-11T17:50:21.289380,39.684,can0  040  [04]  67 01 02 00
2026-07-11T17:50:21.289673,39.685,can0  204  [16]  E1 22 1C D3 24 99 E9 F1 28 23 30 75 30 75 00 00
2026-07-11T17:50:21.290286,39.685,can0  070  [20]  A2 2C 4D 08 68 B1 62 03 D8 59 00 00 32 00 00 00 11 00 00 00
2026-07-11T17:50:21.290605,39.686,can0  070  [20]  A2 2C 4D 08 68 B1 62 03 D8 59 00 00 32 00 00 00 10 00 00 00
2026-07-11T17:50:21.291130,39.686,can0  204  [16]  E1 22 1C D3 24 99 E9 F1 28 23 30 75 30 75 00 00
2026-07-11T17:50:21.387174,39.782,can0  204  [16]  E1 22 1C D3 24 99 E9 F1 28 23 30 75 30 75 00 00
2026-07-11T17:50:21.387432,39.782,can0  070  [20]  A2 2C 4D 08 68 B1 62 03 D8 59 00 00 32 00 00 00 10 00 00 00
2026-07-11T17:50:21.390882,39.786,can0  206  [24]  C6 0C 73 09 C1 0C 99 C6 86 0A CF 0C CA 0C 00 00 00 00 00 00 00 00 00 00
2026-07-11T17:50:21.403298,39.798,can0  041  [04]  B5 00 06 00
2026-07-11T17:50:21.403372,39.798,can0  204  [16]  E1 22 1C D3 24 99 E9 F1 28 23 30 75 30 75 00 00
2026-07-11T17:50:21.511831,39.907,can0  204  [16]  E1 22 1C D3 24 99 E9 F1 28 23 30 75 30 75 00 00
2026-07-11T17:50:21.512051,39.907,can0  040  [04]  67 01 02 00
2026-07-11T17:50:21.512345,39.907,can0  204  [16]  E1 22 1C D3 24 99 E9 F1 28 23 30 75 30 75 00 00
2026-07-11T17:50:21.512628,39.908,can0  040  [04]  67 01 02 00
2026-07-11T17:50:21.564761,39.960,can0  206  [24]  CA 0C 72 09 C6 0C 99 C6 86 0A C6 0C CA 0C 00 00 00 00 00 00 00 00 00 00
2026-07-11T17:50:21.565055,39.960,can0  204  [16]  E1 22 1C D3 24 99 E9 F1 28 23 30 75 30 75 00 00
2026-07-11T17:50:21.565327,39.960,can0  204  [16]  E1 22 1C D3 24 99 E9 F1 28 23 30 75 30 75 00 00
2026-07-11T17:50:21.711079,40.106,can0  110  [02]  30 1B
2026-07-11T17:50:21.711357,40.106,can0  204  [16]  E1 22 1C D3 24 99 E9 F1 28 23 30 75 30 75 00 00
2026-07-11T17:50:21.711674,40.107,can0  041  [04]  B5 00 06 00
2026-07-11T17:50:21.712077,40.107,can0  204  [16]  E1 22 1C D3 24 99 E9 F1 28 23 30 75 30 75 00 00
2026-07-11T17:50:21.716641,40.112,can0  206  [24]  C6 0C 71 09 CA 0C 99 C6 87 0A C6 0C CA 0C 00 00 00 00 00 00 00 00 00 00
2026-07-11T17:50:21.716906,40.112,can0  040  [04]  54 01 02 00
2026-07-11T17:50:21.764346,40.159,can0  204  [16]  E1 22 1C D3 24 99 E9 F1 28 23 30 75 30 75 00 00
2026-07-11T17:50:21.764648,40.160,can0  040  [04]  54 01 02 00
2026-07-11T17:50:21.764978,40.160,can0  204  [16]  E1 22 1C D3 24 99 E9 F1 28 23 30 75 30 75 00 00
2026-07-11T17:50:21.765194,40.160,can0  060  [32]  67 99 D6 02 AB 81 4D 08 A3 45 64 03 06 00 2E 09 43 01 FF 00 00 00 00 00 02 00 00 00 00 00 00 00
2026-07-11T17:50:21.765416,40.160,can0  060  [32]  6E DE D5 02 DC 6A 4D 08 07 DC 64 03 00 00 95 0C 39 00 80 00 00 00 00 01 02 00 00 00 00 00 00 00
2026-07-11T17:50:21.910984,40.306,can0  204  [16]  E1 22 1C D3 24 99 E9 F1 28 23 30 75 30 75 00 00
2026-07-11T17:50:21.914643,40.310,can0  070  [20]  A2 2C 4D 08 68 B1 62 03 D8 59 00 00 32 00 00 00 10 00 00 00
2026-07-11T17:50:21.914714,40.310,can0  206  [24]  C6 0C 71 09 CA 0C 99 C6 86 0A C6 0C CA 0C 00 00 00 00 00 00 00 00 00 00
2026-07-11T17:50:21.914982,40.310,can0  204  [16]  E1 22 1C D3 24 99 E9 F1 28 23 30 75 30 75 00 00
2026-07-11T17:50:21.922894,40.318,can0  070  [20]  A2 2C 4D 08 68 B1 62 03 D8 59 00 00 32 00 00 00 10 00 00 00
2026-07-11T17:50:21.963762,40.359,can0  041  [04]  B5 00 06 00
2026-07-11T17:50:21.963882,40.359,can0  204  [16]  E1 22 1C D3 24 99 E9 F1 28 23 30 75 30 75 00 00
2026-07-11T17:50:21.964082,40.359,can0  040  [04]  32 01 06 00
2026-07-11T17:50:21.972342,40.367,can0  204  [16]  E1 22 1C D3 24 99 E9 F1 28 23 30 75 30 75 00 00
2026-07-11T17:50:22.110210,40.505,can0  040  [04]  32 01 06 00
2026-07-11T17:50:22.113503,40.508,can0  206  [24]  CA 0C 71 09 C6 0C 99 C6 87 0A C6 0C CA 0C 00 00 00 00 00 00 00 00 00 00
2026-07-11T17:50:22.113812,40.509,can0  100  [03]  4E 7E 04
2026-07-11T17:50:22.114057,40.509,can0  120  [04]  00 00 00 00
2026-07-11T17:50:22.114410,40.509,can0  204  [16]  E1 22 1C D3 24 99 E9 F1 28 23 30 75 30 75 00 00
2026-07-11T17:50:22.121638,40.517,can0  204  [16]  E1 22 1C D3 24 99 E9 F1 28 23 30 75 30 75 00 00
2026-07-11T17:50:22.162599,40.558,can0  204  [16]  E1 22 1C D3 24 99 E9 F1 28 23 30 75 30 75 00 00
2026-07-11T17:50:22.162694,40.558,can0  041  [04]  C1 00 06 00
2026-07-11T17:50:22.162772,40.558,can0  204  [16]  E1 22 1C D3 24 99 E9 F1 28 23 30 75 30 75 00 00
2026-07-11T17:50:22.173225,40.568,can0  206  [24]  CA 0C 71 09 C6 0C 99 C6 87 0A C6 0C CA 0C 00 00 00 00 00 00 00 00 00 00
2026-07-11T17:50:22.311242,40.706,can0  070  [20]  A2 2C 4D 08 68 B1 62 03 C0 5D 00 00 32 00 00 00 38 00 00 00
2026-07-11T17:50:22.311309,40.706,can0  040  [04]  2E 01 05 00
2026-07-11T17:50:22.311388,40.706,can0  204  [16]  E1 22 1C D3 24 99 E9 F1 28 23 30 75 30 75 00 00
2026-07-11T17:50:22.311641,40.707,can0  070  [20]  A2 2C 4D 08 68 B1 62 03 C0 5D 00 00 32 00 00 00 37 00 00 00
2026-07-11T17:50:22.311917,40.707,can0  040  [04]  2E 01 05 00
2026-07-11T17:50:22.319876,40.715,can0  204  [16]  E1 22 1C D3 24 99 E9 F1 28 23 30 75 30 75 00 00
2026-07-11T17:50:22.411069,40.806,can0  204  [16]  E1 22 1C D3 24 99 E9 F1 28 23 30 75 30 75 00 00
2026-07-11T17:50:22.422669,40.818,can0  206  [24]  CA 0C 71 09 CB 0C 99 C6 86 0A C1 0C CA 0C 00 00 00 00 00 00 00 00 00 00
2026-07-11T17:50:22.422738,40.818,can0  070  [20]  A2 2C 4D 08 68 B1 62 03 C0 5D 00 00 32 00 00 00 37 00 00 00
2026-07-11T17:50:22.422782,40.818,can0  204  [16]  E1 22 1C D3 24 99 E9 F1 28 23 30 75 30 75 00 00
2026-07-11T17:50:22.463697,40.859,can0  041  [04]  C4 00 05 00
2026-07-11T17:50:22.464018,40.859,can0  204  [16]  E1 22 1C D3 24 99 E9 F1 28 23 30 75 30 75 00 00
2026-07-11T17:50:22.464254,40.859,can0  040  [04]  1E 01 06 00
2026-07-11T17:50:22.464614,40.860,can0  204  [16]  E1 22 1C D3 24 99 E9 F1 28 23 30 75 30 75 00 00
2026-07-11T17:50:22.614503,41.009,can0  206  [24]  CA 0C 71 09 CB 0C 99 C6 84 0A C1 0C CA 0C 00 00 00 00 00 00 00 00 00 00
2026-07-11T17:50:22.614837,41.010,can0  204  [16]  E1 22 1C D3 24 99 E9 F1 28 23 30 75 30 75 00 00
2026-07-11T17:50:22.615123,41.010,can0  040  [04]  1E 01 06 00
2026-07-11T17:50:22.615481,41.010,can0  204  [16]  E1 22 1C D3 24 99 E9 F1 28 23 30 75 30 75 00 00
2026-07-11T17:50:22.710829,41.106,can0  204  [16]  E1 22 1C D3 24 99 E9 F1 28 23 30 75 30 75 00 00
2026-07-11T17:50:22.714560,41.110,can0  206  [24]  CF 0C 71 09 CB 0C 99 C6 84 0A C1 0C C6 0C 00 00 00 00 00 00 00 00 00 00
2026-07-11T17:50:22.714870,41.110,can0  204  [16]  E1 22 1C D3 24 99 E9 F1 28 23 30 75 30 75 00 00
2026-07-11T17:50:22.715108,41.110,can0  041  [04]  CC 00 07 00
2026-07-11T17:50:22.762370,41.157,can0  204  [16]  E1 22 1C D3 24 99 E9 F1 28 23 30 75 30 75 00 00
2026-07-11T17:50:22.762598,41.158,can0  132  [00]
2026-07-11T17:50:22.762900,41.158,can0  040  [04]  0C 01 08 00
2026-07-11T17:50:22.763250,41.158,can0  204  [16]  E1 22 1C D3 24 99 E9 F1 28 23 30 75 30 75 00 00
2026-07-11T17:50:22.872997,41.268,can0  040  [04]  0C 01 08 00
2026-07-11T17:50:22.873302,41.268,can0  204  [16]  E1 22 1C D3 24 99 E9 F1 28 23 30 75 30 75 00 00
2026-07-11T17:50:22.877360,41.272,can0  206  [24]  CA 0C 72 09 C6 0C 99 C6 85 0A BC 0C CA 0C 00 00 00 00 00 00 00 00 00 00
2026-07-11T17:50:22.877642,41.273,can0  070  [20]  A2 2C 4D 08 68 B1 62 03 C0 5D 00 00 32 00 00 00 37 00 00 00
2026-07-11T17:50:22.877933,41.273,can0  204  [16]  E1 22 1C D3 24 99 E9 F1 28 23 30 75 30 75 00 00
2026-07-11T17:50:22.971316,41.366,can0  131  [00]
2026-07-11T17:50:22.971623,41.367,can0  204  [16]  E1 22 1C D3 24 99 E9 F1 28 23 30 75 30 75 00 00
2026-07-11T17:50:22.971892,41.367,can0  041  [04]  D4 00 09 00
2026-07-11T17:50:22.972153,41.367,can0  204  [16]  E1 22 1C D3 24 99 E9 F1 28 23 30 75 30 75 00 00
2026-07-11T17:50:23.070178,41.465,can0  206  [24]  CA 0C 71 09 C6 0C 99 C6 85 0A BC 0C CA 0C 00 00 00 00 00 00 00 00 00 00
2026-07-11T17:50:23.070503,41.465,can0  040  [04]  0C 01 0B 00
2026-07-11T17:50:23.070835,41.466,can0  204  [16]  E1 22 1C D3 24 99 E9 F1 28 23 30 75 30 75 00 00
2026-07-11T17:50:23.071094,41.466,can0  133  [00]
2026-07-11T17:50:23.071348,41.466,can0  130  [00]
2026-07-11T17:50:23.071566,41.467,can0  060  [32]  00 00 00 00 A2 2C 4D 08 BD 06 B8 10 00 00 10 0E FF 01 00 00 00 00 00 00 01 00 00 00 00 00 00 00
2026-07-11T17:50:23.072479,41.467,can0  040  [04]  0C 01 0B 00
2026-07-11T17:50:23.072809,41.468,can0  204  [16]  E1 22 1C D3 24 99 E9 F1 28 23 30 75 30 75 00 00
2026-07-11T17:50:23.167383,41.562,can0  204  [16]  E1 22 1C D3 24 99 E9 F1 28 23 30 75 30 75 00 00
2026-07-11T17:50:23.172137,41.567,can0  206  [24]  C5 0C 70 09 C1 0C 99 C6 86 0A C0 0C D0 0C 00 00 00 00 00 00 00 00 00 00
2026-07-11T17:50:23.172530,41.567,can0  204  [16]  E1 22 1C D3 24 99 E9 F1 28 23 30 75 30 75 00 00
2026-07-11T17:50:23.267355,41.662,can0  100  [03]  56 7E 04
2026-07-11T17:50:23.267636,41.663,can0  110  [02]  31 1B
2026-07-11T17:50:23.267872,41.663,can0  120  [04]  00 00 00 00
2026-07-11T17:50:23.268180,41.663,can0  041  [04]  D8 00 09 00
2026-07-11T17:50:23.268493,41.663,can0  070  [20]  A2 2C 4D 08 68 B1 62 03 A8 61 00 00 32 00 00 00 11 00 00 00
2026-07-11T17:50:23.268885,41.664,can0  204  [16]  E1 22 1C D3 24 99 E9 F1 28 23 30 75 30 75 00 00
2026-07-11T17:50:23.269166,41.664,can0  070  [20]  A2 2C 4D 08 68 B1 62 03 A8 61 00 00 32 00 00 00 11 00 00 00
2026-07-11T17:50:23.269451,41.664,can0  040  [04]  FE 00 0A 00
2026-07-11T17:50:23.269792,41.665,can0  204  [16]  E1 22 1C D3 24 99 E9 F1 28 23 30 75 30 75 00 00
2026-07-11T17:50:23.364220,41.759,can0  070  [20]  A2 2C 4D 08 68 B1 62 03 A8 61 00 00 32 00 00 00 11 00 00 00
2026-07-11T17:50:23.364467,41.759,can0  040  [04]  FE 00 0A 00
2026-07-11T17:50:23.364809,41.760,can0  204  [16]  E1 22 1C D3 24 99 E9 F1 28 23 30 75 30 75 00 00
2026-07-11T17:50:23.368627,41.764,can0  206  [24]  C5 0C 72 09 C1 0C 99 C6 87 0A C0 0C D0 0C 00 00 00 00 00 00 00 00 00 00
2026-07-11T17:50:23.368922,41.764,can0  204  [16]  E1 22 1C D3 24 99 E9 F1 28 23 30 75 30 75 00 00
2026-07-11T17:50:23.521852,41.917,can0  204  [16]  E1 22 1C D3 24 99 E9 F1 28 23 30 75 30 75 00 00
2026-07-11T17:50:23.522223,41.917,can0  204  [16]  E1 22 1C D3 24 99 E9 F1 28 23 30 75 30 75 00 00
2026-07-11T17:50:23.522483,41.917,can0  041  [04]  DF 00 09 00
2026-07-11T17:50:23.574170,41.969,can0  206  [24]  C0 0C 71 09 C6 0C 99 C6 87 0A C0 0C D0 0C 00 00 00 00 00 00 00 00 00 00
2026-07-11T17:50:23.574568,41.970,can0  204  [16]  E1 22 1C D3 24 99 E9 F1 28 23 30 75 30 75 00 00
2026-07-11T17:50:23.574856,41.970,can0  040  [04]  E7 00 0C 00
2026-07-11T17:50:23.575146,41.970,can0  060  [32]  00 00 00 00 00 00 00 00 00 00 00 00 00 00 00 00 00 00 00 00 00 00 00 00 00 00 00 00 00 00 00 00
2026-07-11T17:50:23.575520,41.970,can0  204  [16]  E1 22 1C D3 24 99 E9 F1 28 23 30 75 30 75 00 00
2026-07-11T17:50:23.575833,41.971,can0  040  [04]  E7 00 0C 00
2026-07-11T17:50:23.670413,42.065,can0  204  [16]  E1 22 1C D3 24 99 E9 F1 28 23 30 75 30 75 00 00
2026-07-11T17:50:23.674813,42.070,can0  206  [24]  C0 0C 70 09 CA 0C 86 CB 85 0A C6 0C D0 0C 00 00 00 00 00 00 00 00 00 00
2026-07-11T17:50:23.675109,42.070,can0  204  [16]  E1 22 1C D3 24 99 E9 F1 28 23 30 75 30 75 00 00
2026-07-11T17:50:23.772882,42.168,can0  204  [16]  E1 22 1C D3 24 99 E9 F1 28 23 30 75 30 75 00 00
2026-07-11T17:50:23.773128,42.168,can0  041  [04]  DF 00 09 00
2026-07-11T17:50:23.781835,42.177,can0  204  [16]  E1 22 1C D3 24 99 E9 F1 28 23 30 75 30 75 00 00
2026-07-11T17:50:23.868401,42.263,can0  040  [04]  E7 00 0C 00
2026-07-11T17:50:23.872172,42.267,can0  070  [20]  A2 2C 4D 08 68 B1 62 03 A8 61 00 00 32 00 00 00 11 00 00 00
2026-07-11T17:50:23.872269,42.267,can0  206  [24]  C6 0C 71 09 CA 0C 86 CB 85 0A CA 0C CA 0C 00 00 00 00 00 00 00 00 00 00
2026-07-11T17:50:23.872354,42.267,can0  204  [16]  E1 22 1C D3 24 99 E9 F1 28 23 30 75 30 75 00 00
2026-07-11T17:50:23.872446,42.267,can0  040  [04]  E7 00 0C 00
2026-07-11T17:50:23.967636,42.363,can0  204  [16]  E1 22 1C D3 24 99 E9 F1 28 23 30 75 30 75 00 00
2026-07-11T17:50:23.967932,42.363,can0  204  [16]  E1 22 1C D3 24 99 E9 F1 28 23 30 75 30 75 00 00
2026-07-11T17:50:23.968199,42.363,can0  204  [16]  E1 22 1C D3 24 99 E9 F1 28 23 30 75 30 75 00 00
2026-07-11T17:50:24.068594,42.464,can0  206  [24]  C6 0C 72 09 CA 0C 86 CB 84 0A CA 0C CA 0C 00 00 00 00 00 00 00 00 00 00
2026-07-11T17:50:24.068868,42.464,can0  041  [04]  DF 00 09 00
2026-07-11T17:50:24.069528,42.464,can0  204  [16]  E1 22 1C D3 24 99 E9 F1 28 23 30 75 30 75 00 00
2026-07-11T17:50:24.069624,42.465,can0  060  [32]  00 00 00 00 A2 2C 4D 08 BD 06 B8 10 00 00 10 0E FF 01 00 00 00 00 00 00 01 00 00 00 00 00 00 00
2026-07-11T17:50:24.080971,42.476,can0  040  [04]  DF 00 0B 00
2026-07-11T17:50:24.169758,42.565,can0  204  [16]  E1 22 1C D3 24 99 E9 F1 28 23 30 75 30 75 00 00
2026-07-11T17:50:24.170013,42.565,can0  040  [04]  DF 00 0B 00
2026-07-11T17:50:24.170297,42.565,can0  204  [16]  E1 22 1C D3 24 99 E9 F1 28 23 30 75 30 75 00 00
2026-07-11T17:50:24.174423,42.569,can0  206  [24]  C6 0C 71 09 CA 0C 86 CB 84 0A C6 0C CA 0C 00 00 00 00 00 00 00 00 00 00
2026-07-11T17:50:24.268276,42.663,can0  204  [16]  E1 22 1C D3 24 99 E9 F1 28 23 30 75 30 75 00 00
2026-07-11T17:50:24.268573,42.664,can0  070  [20]  A2 2C 4D 08 6A B1 62 03 90 65 00 00 32 00 00 00 2C 00 00 00
2026-07-11T17:50:24.268864,42.664,can0  204  [16]  E1 22 1C D3 24 99 E9 F1 28 23 30 75 30 75 00 00
2026-07-11T17:50:24.269198,42.664,can0  070  [20]  A2 2C 4D 08 6A B1 62 03 90 65 00 00 32 00 00 00 2D 00 00 00
2026-07-11T17:50:24.269510,42.664,can0  041  [04]  E4 00 0A 00
2026-07-11T17:50:24.411684,42.807,can0  204  [16]  E1 22 1C D3 24 99 E9 F1 28 23 30 75 30 75 00 00
2026-07-11T17:50:24.415629,42.811,can0  206  [24]  BB 0C 73 09 D4 0C 86 CB 84 0A C1 0C D0 0C 00 00 00 00 00 00 00 00 00 00
2026-07-11T17:50:24.416023,42.811,can0  204  [16]  E1 22 1C D3 24 99 E9 F1 28 23 30 75 30 75 00 00
2026-07-11T17:50:24.416714,42.812,can0  070  [20]  A2 2C 4D 08 6A B1 62 03 90 65 00 00 32 00 00 00 2D 00 00 00
2026-07-11T17:50:24.416984,42.812,can0  040  [04]  DF 00 0A 00
2026-07-11T17:50:24.466827,42.862,can0  204  [16]  E1 22 1C D3 24 99 E9 F1 28 23 30 75 30 75 00 00
2026-07-11T17:50:24.467757,42.863,can0  040  [04]  DF 00 0A 00
2026-07-11T17:50:24.467843,42.863,can0  100  [03]  59 7E 04
2026-07-11T17:50:24.467923,42.863,can0  120  [04]  00 00 00 00
2026-07-11T17:50:24.480959,42.876,can0  204  [16]  E1 22 1C D3 24 99 E9 F1 28 23 30 75 30 75 00 00
2026-07-11T17:50:24.579122,42.974,can0  206  [24]  C1 0C 73 09 D4 0C 99 C6 85 0A C1 0C CA 0C 00 00 00 00 00 00 00 00 00 00
2026-07-11T17:50:24.579223,42.974,can0  204  [16]  E1 22 1C D3 24 99 E9 F1 28 23 30 75 30 75 00 00
2026-07-11T17:50:24.579320,42.974,can0  204  [16]  E1 22 1C D3 24 99 E9 F1 28 23 30 75 30 75 00 00
2026-07-11T17:50:24.579406,42.974,can0  041  [04]  E4 00 0A 00
2026-07-11T17:50:24.666876,43.062,can0  204  [16]  E1 22 1C D3 24 99 E9 F1 28 23 30 75 30 75 00 00
2026-07-11T17:50:24.667129,43.062,can0  040  [04]  ED 00 08 00
2026-07-11T17:50:24.667413,43.062,can0  204  [16]  E1 22 1C D3 24 99 E9 F1 28 23 30 75 30 75 00 00
2026-07-11T17:50:24.667708,43.063,can0  040  [04]  ED 00 08 00
2026-07-11T17:50:24.671738,43.067,can0  206  [24]  C1 0C 73 09 D4 0C 99 C6 84 0A C1 0C CA 0C 00 00 00 00 00 00 00 00 00 00
2026-07-11T17:50:24.766539,43.162,can0  204  [16]  E1 22 1C D3 24 99 E9 F1 28 23 30 75 30 75 00 00
2026-07-11T17:50:24.770764,43.166,can0  204  [16]  E1 22 1C D3 24 99 E9 F1 28 23 30 75 30 75 00 00
2026-07-11T17:50:24.865969,43.261,can0  204  [16]  E1 22 1C D3 24 99 E9 F1 28 23 30 75 30 75 00 00
2026-07-11T17:50:24.866201,43.261,can0  110  [02]  2F 1B
2026-07-11T17:50:24.866468,43.261,can0  041  [04]  F2 00 0B 00
2026-07-11T17:50:24.870486,43.265,can0  206  [24]  BB 0C 71 09 D4 0C 99 C6 84 0A C1 0C D0 0C 00 00 00 00 00 00 00 00 00 00
2026-07-11T17:50:24.870837,43.266,can0  204  [16]  E1 22 1C D3 24 99 E9 F1 28 23 30 75 30 75 00 00
2026-07-11T17:50:24.871146,43.266,can0  070  [20]  A2 2C 4D 08 6A B1 62 03 90 65 00 00 32 00 00 00 2D 00 00 00
2026-07-11T17:50:24.871442,43.266,can0  040  [04]  ED 00 0A 00
2026-07-11T17:50:24.968038,43.363,can0  204  [16]  E1 22 1C D3 24 99 E9 F1 28 23 30 75 30 75 00 00
2026-07-11T17:50:24.968282,43.363,can0  040  [04]  ED 00 0A 00
2026-07-11T17:50:24.968556,43.364,can0  204  [16]  E1 22 1C D3 24 99 E9 F1 28 23 30 75 30 75 00 00
2026-07-11T17:50:25.114940,43.510,can0  206  [24]  BB 0C 71 09 D4 0C 99 C6 84 0A C1 0C D0 0C 00 00 00 00 00 00 00 00 00 00
2026-07-11T17:50:25.115372,43.510,can0  204  [16]  E1 22 1C D3 24 99 E9 F1 28 23 30 75 30 75 00 00
2026-07-11T17:50:25.115721,43.511,can0  204  [16]  E1 22 1C D3 24 99 E9 F1 28 23 30 75 30 75 00 00
2026-07-11T17:50:25.116031,43.511,can0  041  [04]  FD 00 0E 00
2026-07-11T17:50:25.116297,43.511,can0  060  [32]  D7 93 D6 02 6D D3 4D 08 F4 A5 61 03 47 01 23 0A 03 01 80 00 00 00 00 00 02 00 00 00 00 00 00 00
2026-07-11T17:50:25.116480,43.511,can0  060  [32]  00 00 00 00 A2 2C 4D 08 BE 06 B8 10 00 00 10 0E FF 01 00 00 00 00 00 01 02 00 00 00 00 00 00 00
2026-07-11T17:50:25.211708,43.607,can0  204  [16]  E1 22 1C D3 24 99 E9 F1 28 23 30 75 30 75 00 00
2026-07-11T17:50:25.211954,43.607,can0  040  [04]  F6 00 0A 00
2026-07-11T17:50:25.212227,43.607,can0  204  [16]  E1 22 1C D3 24 99 E9 F1 28 23 30 75 30 75 00 00
2026-07-11T17:50:25.216231,43.611,can0  206  [24]  C0 0C 6F 09 CF 0C 99 C6 85 0A C1 0C D0 0C 00 00 00 00 00 00 00 00 00 00
2026-07-11T17:50:25.312045,43.707,can0  204  [16]  E1 22 1C D3 24 99 E9 F1 28 23 30 75 30 75 00 00
2026-07-11T17:50:25.312288,43.707,can0  040  [04]  F6 00 0A 00
2026-07-11T17:50:25.312571,43.708,can0  070  [20]  A2 2C 4D 08 6B B1 62 03 78 69 00 00 32 00 00 00 48 00 00 00
2026-07-11T17:50:25.312918,43.708,can0  070  [20]  A2 2C 4D 08 6B B1 62 03 78 69 00 00 32 00 00 00 48 00 00 00
2026-07-11T17:50:25.313250,43.708,can0  204  [16]  E1 22 1C D3 24 99 E9 F1 28 23 30 75 30 75 00 00
2026-07-11T17:50:25.410561,43.806,can0  204  [16]  E1 22 1C D3 24 99 E9 F1 28 23 30 75 30 75 00 00
2026-07-11T17:50:25.414375,43.809,can0  206  [24]  C0 0C 6D 09 CA 0C 99 C6 86 0A CA 0C D0 0C 00 00 00 00 00 00 00 00 00 00
2026-07-11T17:50:25.414739,43.810,can0  070  [20]  A2 2C 4D 08 6B B1 62 03 78 69 00 00 32 00 00 00 48 00 00 00
2026-07-11T17:50:25.414988,43.810,can0  041  [04]  03 01 0F 00
2026-07-11T17:50:25.415243,43.810,can0  204  [16]  E1 22 1C D3 24 99 E9 F1 28 23 30 75 30 75 00 00
2026-07-11T17:50:25.523435,43.918,can0  040  [04]  FE 00 0A 00
2026-07-11T17:50:25.523819,43.919,can0  204  [16]  E1 22 1C D3 24 99 E9 F1 28 23 30 75 30 75 00 00
2026-07-11T17:50:25.524083,43.919,can0  204  [16]  E1 22 1C D3 24 99 E9 F1 28 23 30 75 30 75 00 00
2026-07-11T17:50:25.524325,43.919,can0  040  [04]  FE 00 0A 00
2026-07-11T17:50:25.528639,43.924,can0  206  [24]  C5 0C 6D 09 C6 0C 99 C6 86 0A C6 0C D0 0C 00 00 00 00 00 00 00 00 00 00
2026-07-11T17:50:25.577896,43.973,can0  204  [16]  E1 22 1C D3 24 99 E9 F1 28 23 30 75 30 75 00 00
2026-07-11T17:50:25.578181,43.973,can0  204  [16]  E1 22 1C D3 24 99 E9 F1 28 23 30 75 30 75 00 00
2026-07-11T17:50:25.674854,44.070,can0  100  [03]  5E 7E 04
2026-07-11T17:50:25.675083,44.070,can0  120  [04]  00 00 00 00
2026-07-11T17:50:25.675379,44.070,can0  204  [16]  E1 22 1C D3 24 99 E9 F1 28 23 30 75 30 75 00 00
2026-07-11T17:50:25.675726,44.071,can0  041  [04]  F8 00 10 00
2026-07-11T17:50:25.679559,44.075,can0  206  [24]  C5 0C 6B 09 C6 0C 99 C6 87 0A C6 0C D0 0C 00 00 00 00 00 00 00 00 00 00
2026-07-11T17:50:25.679615,44.075,can0  204  [16]  E1 22 1C D3 24 99 E9 F1 28 23 30 75 30 75 00 00
2026-07-11T17:50:25.688161,44.083,can0  040  [04]  0C 01 0A 00
2026-07-11T17:50:25.777298,44.172,can0  204  [16]  E1 22 1C D3 24 99 E9 F1 28 23 30 75 30 75 00 00
2026-07-11T17:50:25.777575,44.173,can0  040  [04]  0C 01 0A 00
2026-07-11T17:50:25.777894,44.173,can0  204  [16]  E1 22 1C D3 24 99 E9 F1 28 23 30 75 30 75 00 00
2026-07-11T17:50:25.874133,44.269,can0  204  [16]  E1 22 1C D3 24 99 E9 F1 28 23 30 75 30 75 00 00
2026-07-11T17:50:25.878076,44.273,can0  206  [24]  C5 0C 6B 09 CB 0C 99 C6 87 0A C1 0C D0 0C 00 00 00 00 00 00 00 00 00 00
2026-07-11T17:50:25.878671,44.274,can0  070  [20]  A2 2C 4D 08 6B B1 62 03 78 69 00 00 32 00 00 00 48 00 00 00
2026-07-11T17:50:25.878962,44.274,can0  204  [16]  E1 22 1C D3 24 99 E9 F1 28 23 30 75 30 75 00 00
2026-07-11T17:50:25.879189,44.274,can0  070  [20]  A2 2C 4D 08 6B B1 62 03 78 69 00 00 32 00 00 00 48 00 00 00
2026-07-11T17:50:25.879384,44.274,can0  041  [04]  FA 00 0F 00
2026-07-11T17:50:25.975459,44.370,can0  204  [16]  E1 22 1C D3 24 99 E9 F1 28 23 30 75 30 75 00 00
2026-07-11T17:50:25.975749,44.371,can0  040  [04]  15 01 0A 00
2026-07-11T17:50:25.976054,44.371,can0  204  [16]  E1 22 1C D3 24 99 E9 F1 28 23 30 75 30 75 00 00
2026-07-11T17:50:25.977779,44.373,can0  206  [24]  C5 0C 6C 09 CB 0C 99 C6 87 0A C1 0C D0 0C 00 00 00 00 00 00 00 00 00 00
2026-07-11T17:50:25.979691,44.375,can0  040  [04]  15 01 0A 00
2026-07-11T17:50:26.075898,44.471,can0  204  [16]  E1 22 1C D3 24 99 E9 F1 28 23 30 75 30 75 00 00
2026-07-11T17:50:26.076203,44.471,can0  204  [16]  E1 22 1C D3 24 99 E9 F1 28 23 30 75 30 75 00 00
2026-07-11T17:50:26.173424,44.568,can0  060  [32]  74 ED D5 02 D3 69 4D 08 10 24 66 03 01 00 AC 0D FF 01 00 00 00 00 00 00 02 00 00 00 00 00 00 00
2026-07-11T17:50:26.173639,44.569,can0  060  [32]  00 00 00 00 A2 2C 4D 08 C0 06 B8 10 00 00 10 0E FF 01 00 00 00 00 00 01 02 00 00 00 00 00 00 00
2026-07-11T17:50:26.174417,44.569,can0  204  [16]  E1 22 1C D3 24 99 E9 F1 28 23 30 75 30 75 00 00
2026-07-11T17:50:26.174727,44.570,can0  041  [04]  F5 00 0F 00
2026-07-11T17:50:26.178833,44.574,can0  206  [24]  C0 0C 6F 09 CF 0C 99 C6 87 0A C1 0C D0 0C 00 00 00 00 00 00 00 00 00 00
2026-07-11T17:50:26.179218,44.574,can0  204  [16]  E1 22 1C D3 24 99 E9 F1 28 23 30 75 30 75 00 00
2026-07-11T17:50:26.276808,44.672,can0  070  [20]  A2 2C 4D 08 6B B1 62 03 60 6D 00 00 32 00 00 00 0F 00 00 00
2026-07-11T17:50:26.277083,44.672,can0  040  [04]  1D 01 07 00
2026-07-11T17:50:26.277366,44.672,can0  204  [16]  E1 22 1C D3 24 99 E9 F1 28 23 30 75 30 75 00 00
2026-07-11T17:50:26.277616,44.673,can0  070  [20]  A2 2C 4D 08 6B B1 62 03 60 6D 00 00 32 00 00 00 0F 00 00 00
2026-07-11T17:50:26.277915,44.673,can0  040  [04]  1D 01 07 00
2026-07-11T17:50:26.278257,44.673,can0  204  [16]  E1 22 1C D3 24 99 E9 F1 28 23 30 75 30 75 00 00
2026-07-11T17:50:26.376546,44.772,can0  204  [16]  E1 22 1C D3 24 99 E9 F1 28 23 30 75 30 75 00 00
2026-07-11T17:50:26.380362,44.775,can0  206  [24]  C0 0C 70 09 CF 0C 99 C6 87 0A C1 0C D0 0C 00 00 00 00 00 00 00 00 00 00
2026-07-11T17:50:26.380713,44.776,can0  070  [20]  A2 2C 4D 08 6B B1 62 03 60 6D 00 00 32 00 00 00 0F 00 00 00
2026-07-11T17:50:26.380990,44.776,can0  204  [16]  E1 22 1C D3 24 99 E9 F1 28 23 30 75 30 75 00 00
2026-07-11T17:50:26.476708,44.872,can0  110  [02]  30 1B
2026-07-11T17:50:26.476949,44.872,can0  041  [04]  FA 00 0F 00
2026-07-11T17:50:26.477243,44.872,can0  204  [16]  E1 22 1C D3 24 99 E9 F1 28 23 30 75 30 75 00 00
2026-07-11T17:50:26.477515,44.872,can0  204  [16]  E1 22 1C D3 24 99 E9 F1 28 23 30 75 30 75 00 00
2026-07-11T17:50:26.477817,44.873,can0  040  [04]  1D 01 08 00
2026-07-11T17:50:26.481745,44.877,can0  206  [24]  C0 0C 72 09 CA 0C 99 C6 87 0A C6 0C D0 0C 00 00 00 00 00 00 00 00 00 00
2026-07-11T17:50:26.580546,44.976,can0  040  [04]  1D 01 08 00
2026-07-11T17:50:26.580906,44.976,can0  204  [16]  E1 22 1C D3 24 99 E9 F1 28 23 30 75 30 75 00 00
2026-07-11T17:50:26.581162,44.976,can0  204  [16]  E1 22 1C D3 24 99 E9 F1 28 23 30 75 30 75 00 00
2026-07-11T17:50:26.677864,45.073,can0  204  [16]  E1 22 1C D3 24 99 E9 F1 28 23 30 75 30 75 00 00
2026-07-11T17:50:26.681740,45.077,can0  206  [24]  C1 0C 72 09 CF 0C 99 C6 86 0A C6 0C CA 0C 00 00 00 00 00 00 00 00 00 00
2026-07-11T17:50:26.682024,45.077,can0  204  [16]  E1 22 1C D3 24 99 E9 F1 28 23 30 75 30 75 00 00
2026-07-11T17:50:26.682265,45.077,can0  041  [04]  F8 00 0F 00
2026-07-11T17:50:26.782693,45.178,can0  204  [16]  E1 22 1C D3 24 99 E9 F1 28 23 30 75 30 75 00 00
2026-07-11T17:50:26.782948,45.178,can0  040  [04]  21 01 08 00
2026-07-11T17:50:26.783230,45.178,can0  204  [16]  E1 22 1C D3 24 99 E9 F1 28 23 30 75 30 75 00 00
2026-07-11T17:50:26.882738,45.278,can0  040  [04]  21 01 08 00
2026-07-11T17:50:26.882994,45.278,can0  100  [03]  62 7E 04
2026-07-11T17:50:26.883232,45.278,can0  120  [04]  00 00 00 00
2026-07-11T17:50:26.887376,45.282,can0  206  [24]  C1 0C 72 09 CF 0C 99 C6 87 0A C6 0C CA 0C 00 00 00 00 00 00 00 00 00 00
2026-07-11T17:50:26.887787,45.283,can0  204  [16]  E1 22 1C D3 24 99 E9 F1 28 23 30 75 30 75 00 00
2026-07-11T17:50:26.888318,45.283,can0  070  [20]  A2 2C 4D 08 6B B1 62 03 60 6D 00 00 32 00 00 00 0F 00 00 00
2026-07-11T17:50:26.888597,45.284,can0  070  [20]  A2 2C 4D 08 6B B1 62 03 60 6D 00 00 32 00 00 00 0F 00 00 00
2026-07-11T17:50:26.888943,45.284,can0  204  [16]  E1 22 1C D3 24 99 E9 F1 28 23 30 75 30 75 00 00
2026-07-11T17:50:26.986359,45.381,can0  204  [16]  E1 22 1C D3 24 99 E9 F1 28 23 30 75 30 75 00 00
2026-07-11T17:50:26.986622,45.382,can0  041  [04]  F0 00 0F 00
2026-07-11T17:50:26.986916,45.382,can0  204  [16]  E1 22 1C D3 24 99 E9 F1 28 23 30 75 30 75 00 00
2026-07-11T17:50:26.991081,45.386,can0  206  [24]  C6 0C 71 09 CA 0C 99 C6 86 0A C6 0C CA 0C 00 00 00 00 00 00 00 00 00 00
2026-07-11T17:50:27.088736,45.484,can0  040  [04]  1E 01 07 00
2026-07-11T17:50:27.089127,45.484,can0  204  [16]  E1 22 1C D3 24 99 E9 F1 28 23 30 75 30 75 00 00
2026-07-11T17:50:27.089425,45.484,can0  040  [04]  1E 01 07 00
2026-07-11T17:50:27.089895,45.485,can0  204  [16]  E1 22 1C D3 24 99 E9 F1 28 23 30 75 30 75 00 00
2026-07-11T17:50:27.192454,45.587,can0  060  [32]  D7 93 D6 02 36 D3 4D 08 2E A4 61 03 47 01 23 0A 03 01 80 00 00 00 00 00 02 00 00 00 00 00 00 00
2026-07-11T17:50:27.192523,45.587,can0  060  [32]  00 00 00 00 A2 2C 4D 08 C0 06 B8 10 00 00 10 0E FF 01 00 00 00 00 00 01 02 00 00 00 00 00 00 00
2026-07-11T17:50:27.203699,45.599,can0  204  [16]  E1 22 1C D3 24 99 E9 F1 28 23 30 75 30 75 00 00
2026-07-11T17:50:27.203761,45.599,can0  206  [24]  C6 0C 71 09 CA 0C 99 C6 86 0A C6 0C CA 0C 00 00 00 00 00 00 00 00 00 00
2026-07-11T17:50:27.297486,45.692,can0  204  [16]  E1 22 1C D3 24 99 E9 F1 28 23 30 75 30 75 00 00
2026-07-11T17:50:27.297815,45.693,can0  041  [04]  EF 00 10 00
2026-07-11T17:50:27.298139,45.693,can0  204  [16]  E1 22 1C D3 24 99 E9 F1 28 23 30 75 30 75 00 00
2026-07-11T17:50:27.298396,45.693,can0  070  [20]  A2 2C 4D 08 6D B1 62 03 48 71 00 00 32 00 00 00 43 00 00 00
2026-07-11T17:50:27.298713,45.694,can0  070  [20]  A2 2C 4D 08 6D B1 62 03 48 71 00 00 32 00 00 00 43 00 00 00
2026-07-11T17:50:27.299051,45.694,can0  204  [16]  E1 22 1C D3 24 99 E9 F1 28 23 30 75 30 75 00 00
2026-07-11T17:50:27.299308,45.694,can0  040  [04]  26 01 06 00
2026-07-11T17:50:27.401911,45.797,can0  206  [24]  C0 0C 71 09 CF 0C 99 C6 87 0A BC 0C D0 0C 00 00 00 00 00 00 00 00 00 00
2026-07-11T17:50:27.401979,45.797,can0  070  [20]  A2 2C 4D 08 6D B1 62 03 48 71 00 00 32 00 00 00 43 00 00 00
2026-07-11T17:50:27.402192,45.797,can0  040  [04]  26 01 06 00
2026-07-11T17:50:27.402561,45.798,can0  204  [16]  E1 22 1C D3 24 99 E9 F1 28 23 30 75 30 75 00 00
2026-07-11T17:50:27.412451,45.807,can0  204  [16]  E1 22 1C D3 24 99 E9 F1 28 23 30 75 30 75 00 00
2026-07-11T17:50:27.504101,45.899,can0  204  [16]  E1 22 1C D3 24 99 E9 F1 28 23 30 75 30 75 00 00
2026-07-11T17:50:27.504458,45.899,can0  204  [16]  E1 22 1C D3 24 99 E9 F1 28 23 30 75 30 75 00 00
2026-07-11T17:50:27.504755,45.900,can0  041  [04]  F2 00 0F 00
2026-07-11T17:50:27.509058,45.904,can0  206  [24]  C5 0C 71 09 C6 0C 99 C6 86 0A C1 0C D0 0C 00 00 00 00 00 00 00 00 00 00
2026-07-11T17:50:27.608933,46.004,can0  204  [16]  E1 22 1C D3 24 99 E9 F1 28 23 30 75 30 75 00 00
2026-07-11T17:50:27.609000,46.004,can0  040  [04]  40 01 08 00
2026-07-11T17:50:27.609293,46.004,can0  204  [16]  E1 22 1C D3 24 99 E9 F1 28 23 30 75 30 75 00 00
2026-07-11T17:50:27.609338,46.004,can0  040  [04]  40 01 08 00
2026-07-11T17:50:27.708475,46.103,can0  060  [32]  00 00 00 00 00 00 00 00 00 00 00 00 00 00 00 00 00 00 00 00 00 00 00 00 00 00 00 00 00 00 00 00
2026-07-11T17:50:27.708833,46.104,can0  204  [16]  E1 22 1C D3 24 99 E9 F1 28 23 30 75 30 75 00 00
2026-07-11T17:50:27.709018,46.104,can0  060  [32]  73 ED D5 02 CE B9 4D 08 5B 1E 64 03 00 00 A5 07 FF 01 00 00 00 00 00 00 01 00 00 00 00 00 00 00
2026-07-11T17:50:27.713012,46.108,can0  206  [24]  CA 0C 70 09 C1 0C 99 C6 85 0A C6 0C CA 0C 00 00 00 00 00 00 00 00 00 00
2026-07-11T17:50:27.721186,46.116,can0  204  [16]  E1 22 1C D3 24 99 E9 F1 28 23 30 75 30 75 00 00
2026-07-11T17:50:27.813840,46.209,can0  204  [16]  E1 22 1C D3 24 99 E9 F1 28 23 30 75 30 75 00 00
2026-07-11T17:50:27.814383,46.209,can0  041  [04]  E8 00 0D 00
2026-07-11T17:50:27.814460,46.209,can0  204  [16]  E1 22 1C D3 24 99 E9 F1 28 23 30 75 30 75 00 00
2026-07-11T17:50:27.918601,46.314,can0  040  [04]  50 01 09 00
2026-07-11T17:50:27.922999,46.318,can0  206  [24]  C5 0C 70 09 C1 0C 99 C6 85 0A CA 0C D0 0C 00 00 00 00 00 00 00 00 00 00
2026-07-11T17:50:27.923672,46.319,can0  070  [20]  A2 2C 4D 08 6D B1 62 03 48 71 00 00 32 00 00 00 43 00 00 00
2026-07-11T17:50:27.924063,46.319,can0  204  [16]  E1 22 1C D3 24 99 E9 F1 28 23 30 75 30 75 00 00
2026-07-11T17:50:27.932674,46.328,can0  040  [04]  50 01 09 00
2026-07-11T17:50:27.932740,46.328,can0  204  [16]  E1 22 1C D3 24 99 E9 F1 28 23 30 75 30 75 00 00
2026-07-11T17:50:27.977753,46.373,can0  204  [16]  E1 22 1C D3 24 99 E9 F1 28 23 30 75 30 75 00 00
2026-07-11T17:50:27.990321,46.385,can0  206  [24]  C0 0C 70 09 C6 0C 99 C6 85 0A C6 0C D0 0C 00 00 00 00 00 00 00 00 00 00
2026-07-11T17:50:27.990420,46.385,can0  204  [16]  E1 22 1C D3 24 99 E9 F1 28 23 30 75 30 75 00 00
2026-07-11T17:50:28.085868,46.481,can0  100  [03]  65 7E 04
2026-07-11T17:50:28.085985,46.481,can0  110  [02]  30 1B
2026-07-11T17:50:28.086059,46.481,can0  120  [04]  00 00 00 00
2026-07-11T17:50:28.086177,46.481,can0  041  [04]  E4 00 09 00
2026-07-11T17:50:28.086644,46.482,can0  204  [16]  E1 22 1C D3 24 99 E9 F1 28 23 30 75 30 75 00 00
2026-07-11T17:50:28.086862,46.482,can0  040  [04]  50 01 0A 00
2026-07-11T17:50:28.087202,46.482,can0  204  [16]  E1 22 1C D3 24 99 E9 F1 28 23 30 75 30 75 00 00
2026-07-11T17:50:28.193962,46.589,can0  060  [32]  00 00 00 00 A2 2C 4D 08 C2 06 B8 10 00 00 10 0E FF 01 00 00 00 00 00 00 01 00 00 00 00 00 00 00
2026-07-11T17:50:28.194696,46.590,can0  040  [04]  50 01 0A 00
2026-07-11T17:50:28.194750,46.590,can0  204  [16]  E1 22 1C D3 24 99 E9 F1 28 23 30 75 30 75 00 00
2026-07-11T17:50:28.198184,46.593,can0  206  [24]  C6 0C 71 09 C6 0C 99 C6 83 0A CA 0C CA 0C 00 00 00 00 00 00 00 00 00 00
2026-07-11T17:50:28.206746,46.602,can0  204  [16]  E1 22 1C D3 24 99 E9 F1 28 23 30 75 30 75 00 00
2026-07-11T17:50:28.304157,46.699,can0  070  [20]  A2 2C 4D 08 70 B1 62 03 30 75 00 00 32 00 00 00 18 00 00 00
2026-07-11T17:50:28.304227,46.699,can0  204  [16]  E1 22 1C D3 24 99 E9 F1 28 23 30 75 30 75 00 00
2026-07-11T17:50:28.305169,46.700,can0  070  [20]  A2 2C 4D 08 70 B1 62 03 30 75 00 00 32 00 00 00 19 00 00 00
2026-07-11T17:50:28.305242,46.700,can0  041  [04]  DA 00 0A 00
2026-07-11T17:50:28.305648,46.701,can0  204  [16]  E1 22 1C D3 24 99 E9 F1 28 23 30 75 30 75 00 00
2026-07-11T17:50:28.414703,46.810,can0  206  [24]  C6 0C 72 09 C6 0C 99 C6 85 0A CA 0C CA 0C 00 00 00 00 00 00 00 00 00 00
2026-07-11T17:50:28.423680,46.819,can0  040  [04]  4D 01 09 00
2026-07-11T17:50:28.423753,46.819,can0  204  [16]  E1 22 1C D3 24 99 E9 F1 28 23 30 75 30 75 00 00
2026-07-11T17:50:28.423797,46.819,can0  070  [20]  A2 2C 4D 08 70 B1 62 03 30 75 00 00 32 00 00 00 19 00 00 00
2026-07-11T17:50:28.423837,46.819,can0  204  [16]  E1 22 1C D3 24 99 E9 F1 28 23 30 75 30 75 00 00
2026-07-11T17:50:28.473817,46.869,can0  040  [04]  4D 01 09 00
2026-07-11T17:50:28.481282,46.876,can0  204  [16]  E1 22 1C D3 24 99 E9 F1 28 23 30 75 30 75 00 00
2026-07-11T17:50:28.481343,46.876,can0  206  [24]  C6 0C 72 09 CA 0C 99 C6 84 0A C6 0C CA 0C 00 00 00 00 00 00 00 00 00 00
2026-07-11T17:50:28.491990,46.887,can0  204  [16]  E1 22 1C D3 24 99 E9 F1 28 23 30 75 30 75 00 00
2026-07-11T17:50:28.588130,46.983,can0  204  [16]  E1 22 1C D3 24 99 E9 F1 28 23 30 75 30 75 00 00
2026-07-11T17:50:28.588201,46.983,can0  041  [04]  E4 00 0A 00
2026-07-11T17:50:28.597587,46.993,can0  204  [16]  E1 22 1C D3 24 99 E9 F1 28 23 30 75 30 75 00 00
2026-07-11T17:50:28.694398,47.089,can0  040  [04]  4D 01 0A 00
2026-07-11T17:50:28.694488,47.089,can0  060  [32]  00 00 00 00 00 00 00 00 00 00 00 00 00 00 00 00 00 00 00 00 00 00 00 00 00 00 00 00 00 00 00 00
2026-07-11T17:50:28.698619,47.094,can0  204  [16]  E1 22 1C D3 24 99 E9 F1 28 23 30 75 30 75 00 00
2026-07-11T17:50:28.698724,47.094,can0  206  [24]  C0 0C 74 09 CA 0C 99 C6 83 0A C6 0C D0 0C 00 00 00 00 00 00 00 00 00 00
2026-07-11T17:50:28.698821,47.094,can0  040  [04]  4D 01 0A 00
2026-07-11T17:50:28.707058,47.102,can0  204  [16]  E1 22 1C D3 24 99 E9 F1 28 23 30 75 30 75 00 00
2026-07-11T17:50:28.804975,47.200,can0  204  [16]  E1 22 1C D3 24 99 E9 F1 28 23 30 75 30 75 00 00
2026-07-11T17:50:28.805044,47.200,can0  204  [16]  E1 22 1C D3 24 99 E9 F1 28 23 30 75 30 75 00 00
2026-07-11T17:50:28.920534,47.315,can0  206  [24]  C0 0C 74 09 CA 0C 99 C6 83 0A C6 0C D0 0C 00 00 00 00 00 00 00 00 00 00
2026-07-11T17:50:28.920617,47.316,can0  041  [04]  E4 00 0B 00
2026-07-11T17:50:28.920682,47.316,can0  204  [16]  E1 22 1C D3 24 99 E9 F1 28 23 30 75 30 75 00 00
2026-07-11T17:50:28.920765,47.316,can0  070  [20]  A2 2C 4D 08 70 B1 62 03 30 75 00 00 32 00 00 00 19 00 00 00
2026-07-11T17:50:28.920816,47.316,can0  040  [04]  67 01 0D 00
2026-07-11T17:50:28.922367,47.317,can0  204  [16]  E1 22 1C D3 24 99 E9 F1 28 23 30 75 30 75 00 00
2026-07-11T17:50:29.026668,47.422,can0  040  [04]  67 01 0D 00
2026-07-11T17:50:29.026747,47.422,can0  204  [16]  E1 22 1C D3 24 99 E9 F1 28 23 30 75 30 75 00 00
2026-07-11T17:50:29.026792,47.422,can0  206  [24]  C0 0C 73 09 CA 0C 99 C6 84 0A C1 0C D0 0C 00 00 00 00 00 00 00 00 00 00
2026-07-11T17:50:29.026832,47.422,can0  204  [16]  E1 22 1C D3 24 99 E9 F1 28 23 30 75 30 75 00 00
2026-07-11T17:50:29.120235,47.515,can0  204  [16]  E1 22 1C D3 24 99 E9 F1 28 23 30 75 30 75 00 00
2026-07-11T17:50:29.120610,47.516,can0  041  [04]  E4 00 0A 00
2026-07-11T17:50:29.121219,47.516,can0  204  [16]  E1 22 1C D3 24 99 E9 F1 28 23 30 75 30 75 00 00
2026-07-11T17:50:29.173308,47.568,can0  060  [32]  00 00 00 00 A2 2C 4D 08 C5 06 B8 10 00 00 10 0E FF 01 00 00 00 00 00 00 01 00 00 00 00 00 00 00
2026-07-11T17:50:29.174043,47.569,can0  040  [04]  67 01 0B 00
2026-07-11T17:50:29.177537,47.572,can0  206  [24]  C0 0C 73 09 CA 0C 99 C6 83 0A C1 0C D0 0C 00 00 00 00 00 00 00 00 00 00
2026-07-11T17:50:29.177891,47.573,can0  204  [16]  E1 22 1C D3 24 99 E9 F1 28 23 30 75 30 75 00 00
2026-07-11T17:50:29.185676,47.581,can0  040  [04]  67 01 0B 00
2026-07-11T17:50:29.278276,47.673,can0  204  [16]  E1 22 1C D3 24 99 E9 F1 28 23 30 75 30 75 00 00
2026-07-11T17:50:29.278528,47.673,can0  100  [03]  68 7E 04
2026-07-11T17:50:29.278728,47.674,can0  120  [04]  00 00 00 00
2026-07-11T17:50:29.279498,47.674,can0  070  [20]  A2 2C 4D 08 70 B1 62 03 18 79 00 00 32 00 00 00 36 00 00 00
2026-07-11T17:50:29.279575,47.675,can0  204  [16]  E1 22 1C D3 24 99 E9 F1 28 23 30 75 30 75 00 00
2026-07-11T17:50:29.288041,47.683,can0  070  [20]  A2 2C 4D 08 70 B1 62 03 18 79 00 00 32 00 00 00 35 00 00 00
2026-07-11T17:50:29.381065,47.776,can0  204  [16]  E1 22 1C D3 24 99 E9 F1 28 23 30 75 30 75 00 00
2026-07-11T17:50:29.384711,47.780,can0  206  [24]  C5 0C 74 09 C6 0C 99 C6 85 0A C1 0C D0 0C 00 00 00 00 00 00 00 00 00 00
2026-07-11T17:50:29.384775,47.780,can0  070  [20]  A2 2C 4D 08 70 B1 62 03 18 79 00 00 32 00 00 00 35 00 00 00
2026-07-11T17:50:29.384919,47.780,can0  041  [04]  E4 00 0A 00
2026-07-11T17:50:29.385196,47.780,can0  204  [16]  E1 22 1C D3 24 99 E9 F1 28 23 30 75 30 75 00 00
2026-07-11T17:50:29.385415,47.780,can0  040  [04]  5C 01 08 00
2026-07-11T17:50:29.496153,47.891,can0  204  [16]  E1 22 1C D3 24 99 E9 F1 28 23 30 75 30 75 00 00
2026-07-11T17:50:29.496458,47.891,can0  204  [16]  E1 22 1C D3 24 99 E9 F1 28 23 30 75 30 75 00 00
2026-07-11T17:50:29.496763,47.892,can0  040  [04]  5C 01 08 00
2026-07-11T17:50:29.500398,47.895,can0  206  [24]  C6 0C 72 09 C6 0C 99 C6 85 0A C6 0C CA 0C 00 00 00 00 00 00 00 00 00 00
2026-07-11T17:50:29.598676,47.994,can0  204  [16]  E1 22 1C D3 24 99 E9 F1 28 23 30 75 30 75 00 00
2026-07-11T17:50:29.598984,47.994,can0  204  [16]  E1 22 1C D3 24 99 E9 F1 28 23 30 75 30 75 00 00
2026-07-11T17:50:29.702817,48.098,can0  204  [16]  E1 22 1C D3 24 99 E9 F1 28 23 30 75 30 75 00 00
2026-07-11T17:50:29.703247,48.098,can0  110  [02]  31 1B
2026-07-11T17:50:29.703639,48.099,can0  041  [04]  E4 00 0C 00
2026-07-11T17:50:29.704091,48.099,can0  060  [32]  00 00 00 00 00 00 00 00 00 00 00 00 00 00 00 00 00 00 00 00 00 00 00 00 00 00 00 00 00 00 00 00
2026-07-11T17:50:29.707909,48.103,can0  206  [24]  CB 0C 72 09 C6 0C 99 C6 86 0A C6 0C C6 0C 00 00 00 00 00 00 00 00 00 00
2026-07-11T17:50:29.708231,48.103,can0  204  [16]  E1 22 1C D3 24 99 E9 F1 28 23 30 75 30 75 00 00
2026-07-11T17:50:29.716528,48.111,can0  040  [04]  4D 01 05 00
2026-07-11T17:50:29.808410,48.203,can0  204  [16]  E1 22 1C D3 24 99 E9 F1 28 23 30 75 30 75 00 00
2026-07-11T17:50:29.812582,48.208,can0  040  [04]  4D 01 05 00
2026-07-11T17:50:29.821590,48.217,can0  204  [16]  E1 22 1C D3 24 99 E9 F1 28 23 30 75 30 75 00 00
2026-07-11T17:50:29.914515,48.309,can0  206  [24]  CB 0C 72 09 CF 0C 99 C6 87 0A BC 0C C6 0C 00 00 00 00 00 00 00 00 00 00
2026-07-11T17:50:29.914875,48.310,can0  204  [16]  E1 22 1C D3 24 99 E9 F1 28 23 30 75 30 75 00 00
2026-07-11T17:50:29.915196,48.310,can0  070  [20]  A2 2C 4D 08 70 B1 62 03 18 79 00 00 32 00 00 00 35 00 00 00
2026-07-11T17:50:29.915472,48.310,can0  204  [16]  E1 22 1C D3 24 99 E9 F1 28 23 30 75 30 75 00 00
2026-07-11T17:50:29.915845,48.311,can0  070  [20]  A2 2C 4D 08 70 B1 62 03 18 79 00 00 32 00 00 00 35 00 00 00
2026-07-11T17:50:29.916113,48.311,can0  041  [04]  E0 00 0C 00
2026-07-11T17:50:30.016262,48.411,can0  204  [16]  E1 22 1C D3 24 99 E9 F1 28 23 30 75 30 75 00 00
2026-07-11T17:50:30.016534,48.411,can0  040  [04]  59 01 05 00
2026-07-11T17:50:30.016800,48.412,can0  204  [16]  E1 22 1C D3 24 99 E9 F1 28 23 30 75 30 75 00 00
2026-07-11T17:50:30.021066,48.416,can0  206  [24]  C6 0C 72 09 DA 0C 99 C6 87 0A B7 0C C6 0C 00 00 00 00 00 00 00 00 00 00
2026-07-11T17:50:30.029715,48.425,can0  040  [04]  59 01 05 00
2026-07-11T17:50:30.076145,48.471,can0  204  [16]  E1 22 1C D3 24 99 E9 F1 28 23 30 75 30 75 00 00
2026-07-11T17:50:30.076646,48.472,can0  204  [16]  E1 22 1C D3 24 99 E9 F1 28 23 30 75 30 75 00 00
2026-07-11T17:50:30.183883,48.579,can0  204  [16]  E1 22 1C D3 24 99 E9 F1 28 23 30 75 30 75 00 00
2026-07-11T17:50:30.188458,48.583,can0  206  [24]  C6 0C 71 09 DA 0C 99 C6 88 0A B7 0C C6 0C 00 00 00 00 00 00 00 00 00 00
2026-07-11T17:50:30.188741,48.584,can0  041  [04]  DD 00 0D 00
2026-07-11T17:50:30.189473,48.584,can0  204  [16]  E1 22 1C D3 24 99 E9 F1 28 23 30 75 30 75 00 00
2026-07-11T17:50:30.189524,48.584,can0  060  [32]  00 00 00 00 A2 2C 4D 08 C5 06 B8 10 00 00 10 0E FF 01 00 00 00 00 00 00 01 00 00 00 00 00 00 00
2026-07-11T17:50:30.298597,48.694,can0  070  [20]  A2 2C 4D 08 72 B1 62 03 00 7D 00 00 32 00 00 00 46 00 00 00
2026-07-11T17:50:30.299689,48.695,can0  040  [04]  45 01 04 00
2026-07-11T17:50:30.299765,48.695,can0  204  [16]  E1 22 1C D3 24 99 E9 F1 28 23 30 75 30 75 00 00
2026-07-11T17:50:30.299830,48.695,can0  070  [20]  A2 2C 4D 08 72 B1 62 03 00 7D 00 00 32 00 00 00 46 00 00 00
2026-07-11T17:50:30.300088,48.695,can0  040  [04]  45 01 04 00
2026-07-11T17:50:30.309142,48.704,can0  204  [16]  E1 22 1C D3 24 99 E9 F1 28 23 30 75 30 75 00 00
2026-07-11T17:50:30.404524,48.799,can0  206  [24]  C6 0C 71 09 DA 0C 99 C6 88 0A B7 0C C6 0C 00 00 00 00 00 00 00 00 00 00
2026-07-11T17:50:30.404865,48.800,can0  204  [16]  E1 22 1C D3 24 99 E9 F1 28 23 30 75 30 75 00 00
2026-07-11T17:50:30.405132,48.800,can0  070  [20]  A2 2C 4D 08 72 B1 62 03 00 7D 00 00 32 00 00 00 46 00 00 00
2026-07-11T17:50:30.405491,48.800,can0  204  [16]  E1 22 1C D3 24 99 E9 F1 28 23 30 75 30 75 00 00
2026-07-11T17:50:30.507003,48.902,can0  100  [03]  69 7E 04
2026-07-11T17:50:30.507273,48.902,can0  120  [04]  00 00 00 00
2026-07-11T17:50:30.507528,48.902,can0  041  [04]  D6 00 0E 00
2026-07-11T17:50:30.507922,48.903,can0  204  [16]  E1 22 1C D3 24 99 E9 F1 28 23 30 75 30 75 00 00
2026-07-11T17:50:30.508305,48.903,can0  204  [16]  E1 22 1C D3 24 99 E9 F1 28 23 30 75 30 75 00 00
2026-07-11T17:50:30.512249,48.907,can0  206  [24]  BB 0C 71 09 DA 0C 99 C6 86 0A B7 0C D0 0C 00 00 00 00 00 00 00 00 00 00
2026-07-11T17:50:30.512503,48.907,can0  040  [04]  3A 01 06 00
2026-07-11T17:50:30.613168,49.008,can0  204  [16]  E1 22 1C D3 24 99 E9 F1 28 23 30 75 30 75 00 00
2026-07-11T17:50:30.613411,49.008,can0  040  [04]  3A 01 06 00
2026-07-11T17:50:30.613790,49.009,can0  204  [16]  E1 22 1C D3 24 99 E9 F1 28 23 30 75 30 75 00 00
2026-07-11T17:50:30.712890,49.108,can0  204  [16]  E1 22 1C D3 24 99 E9 F1 28 23 30 75 30 75 00 00
2026-07-11T17:50:30.717317,49.112,can0  206  [24]  BB 0C 71 09 CF 0C 99 C6 85 0A C6 0C D0 0C 00 00 00 00 00 00 00 00 00 00
2026-07-11T17:50:30.717589,49.113,can0  060  [32]  00 00 00 00 00 00 00 00 00 00 00 00 00 00 00 00 00 00 00 00 00 00 00 00 00 00 00 00 00 00 00 00
2026-07-11T17:50:30.717902,49.113,can0  204  [16]  E1 22 1C D3 24 99 E9 F1 28 23 30 75 30 75 00 00
2026-07-11T17:50:30.718182,49.113,can0  041  [04]  D8 00 0D 00
2026-07-11T17:50:30.818522,49.213,can0  204  [16]  E1 22 1C D3 24 99 E9 F1 28 23 30 75 30 75 00 00
2026-07-11T17:50:30.818830,49.214,can0  040  [04]  45 01 04 00
2026-07-11T17:50:30.819110,49.214,can0  204  [16]  E1 22 1C D3 24 99 E9 F1 28 23 30 75 30 75 00 00
2026-07-11T17:50:30.819389,49.214,can0  040  [04]  45 01 04 00
2026-07-11T17:50:30.832102,49.227,can0  206  [24]  C5 0C 71 09 C6 0C 99 C6 84 0A C6 0C D0 0C 00 00 00 00 00 00 00 00 00 00
2026-07-11T17:50:30.875946,49.271,can0  204  [16]  E1 22 1C D3 24 99 E9 F1 28 23 30 75 30 75 00 00
2026-07-11T17:50:30.876164,49.271,can0  070  [20]  A2 2C 4D 08 72 B1 62 03 00 7D 00 00 32 00 00 00 46 00 00 00
2026-07-11T17:50:30.876442,49.271,can0  204  [16]  E1 22 1C D3 24 99 E9 F1 28 23 30 75 30 75 00 00
2026-07-11T17:50:30.974379,49.369,can0  204  [16]  E1 22 1C D3 24 99 E9 F1 28 23 30 75 30 75 00 00
2026-07-11T17:50:30.974695,49.370,can0  041  [04]  DC 00 0C 00
2026-07-11T17:50:30.978125,49.373,can0  206  [24]  C5 0C 71 09 C6 0C 99 C6 84 0A C6 0C D0 0C 00 00 00 00 00 00 00 00 00 00
2026-07-11T17:50:30.978395,49.373,can0  204  [16]  E1 22 1C D3 24 99 E9 F1 28 23 30 75 30 75 00 00
2026-07-11T17:50:30.978616,49.374,can0  040  [04]  3A 01 02 00
2026-07-11T17:50:31.077616,49.473,can0  204  [16]  E1 22 1C D3 24 99 E9 F1 28 23 30 75 30 75 00 00
2026-07-11T17:50:31.077845,49.473,can0  040  [04]  3A 01 02 00
2026-07-11T17:50:31.078086,49.473,can0  204  [16]  E1 22 1C D3 24 99 E9 F1 28 23 30 75 30 75 00 00
2026-07-11T17:50:31.177922,49.573,can0  204  [16]  E1 22 1C D3 24 99 E9 F1 28 23 30 75 30 75 00 00
2026-07-11T17:50:31.181779,49.577,can0  206  [24]  C5 0C 71 09 C6 0C 99 C6 84 0A C6 0C D0 0C 00 00 00 00 00 00 00 00 00 00
2026-07-11T17:50:31.181988,49.577,can0  060  [32]  00 00 00 00 A2 2C 4D 08 C7 06 B8 10 00 00 10 0E FF 01 00 00 00 00 00 00 01 00 00 00 00 00 00 00
2026-07-11T17:50:31.182857,49.578,can0  204  [16]  E1 22 1C D3 24 99 E9 F1 28 23 30 75 30 75 00 00
2026-07-11T17:50:31.193400,49.588,can0  110  [02]  30 1B
2026-07-11T17:50:31.285720,49.681,can0  041  [04]  E8 00 0B 00
2026-07-11T17:50:31.286058,49.681,can0  204  [16]  E1 22 1C D3 24 99 E9 F1 28 23 30 75 30 75 00 00
2026-07-11T17:50:31.286401,49.681,can0  070  [20]  A2 2C 4D 08 74 B1 62 03 E8 80 00 00 32 00 00 00 46 00 00 00
2026-07-11T17:50:31.290686,49.686,can0  070  [20]  A2 2C 4D 08 74 B1 62 03 E8 80 00 00 32 00 00 00 47 00 00 00
2026-07-11T17:50:31.290756,49.686,can0  204  [16]  E1 22 1C D3 24 99 E9 F1 28 23 30 75 30 75 00 00
2026-07-11T17:50:31.290803,49.686,can0  040  [04]  DF 00 06 00
2026-07-11T17:50:31.290847,49.686,can0  206  [24]  C0 0C 72 09 CA 0C 99 C6 85 0A C6 0C D0 0C 00 00 00 00 00 00 00 00 00 00
2026-07-11T17:50:31.392484,49.787,can0  204  [16]  E1 22 1C D3 24 99 E9 F1 28 23 30 75 30 75 00 00
2026-07-11T17:50:31.392603,49.788,can0  070  [20]  A2 2C 4D 08 74 B1 62 03 E8 80 00 00 32 00 00 00 47 00 00 00
2026-07-11T17:50:31.392718,49.788,can0  040  [04]  DF 00 06 00
2026-07-11T17:50:31.396797,49.792,can0  204  [16]  E1 22 1C D3 24 99 E9 F1 28 23 30 75 30 75 00 00
2026-07-11T17:50:31.494508,49.889,can0  204  [16]  E1 22 1C D3 24 99 E9 F1 28 23 30 75 30 75 00 00
2026-07-11T17:50:31.498249,49.893,can0  206  [24]  C0 0C 73 09 CA 0C 99 C6 85 0A C6 0C D0 0C 00 00 00 00 00 00 00 00 00 00
2026-07-11T17:50:31.498314,49.893,can0  041  [04]  E4 00 09 00
2026-07-11T17:50:31.500692,49.896,can0  204  [16]  E1 22 1C D3 24 99 E9 F1 28 23 30 75 30 75 00 00
2026-07-11T17:50:31.599450,49.994,can0  204  [16]  E1 22 1C D3 24 99 E9 F1 28 23 30 75 30 75 00 00
2026-07-11T17:50:31.599741,49.995,can0  040  [04]  DF 00 08 00
2026-07-11T17:50:31.600142,49.995,can0  204  [16]  E1 22 1C D3 24 99 E9 F1 28 23 30 75 30 75 00 00
2026-07-11T17:50:31.600193,49.995,can0  040  [04]  DF 00 08 00
2026-07-11T17:50:31.702762,50.098,can0  100  [03]  6B 7E 04
2026-07-11T17:50:31.702862,50.098,can0  120  [04]  00 00 00 00
2026-07-11T17:50:31.702968,50.098,can0  204  [16]  E1 22 1C D3 24 99 E9 F1 28 23 30 75 30 75 00 00
2026-07-11T17:50:31.707109,50.102,can0  206  [24]  C0 0C 73 09 C6 0C 99 C6 86 0A CA 0C D0 0C 00 00 00 00 00 00 00 00 00 00
2026-07-11T17:50:31.707417,50.102,can0  060  [32]  00 00 00 00 00 00 00 00 00 00 00 00 00 00 00 00 00 00 00 00 00 00 00 00 00 00 00 00 00 00 00 00
2026-07-11T17:50:31.707711,50.103,can0  204  [16]  E1 22 1C D3 24 99 E9 F1 28 23 30 75 30 75 00 00
2026-07-11T17:50:31.812530,50.207,can0  204  [16]  E1 22 1C D3 24 99 E9 F1 28 23 30 75 30 75 00 00
2026-07-11T17:50:31.813100,50.208,can0  041  [04]  EB 00 07 00
2026-07-11T17:50:31.813156,50.208,can0  204  [16]  E1 22 1C D3 24 99 E9 F1 28 23 30 75 30 75 00 00
2026-07-11T17:50:31.816695,50.212,can0  206  [24]  C0 0C 74 09 C1 0C 99 C6 84 0A CF 0C D0 0C 00 00 00 00 00 00 00 00 00 00
2026-07-11T17:50:31.826006,50.221,can0  040  [04]  D1 00 0B 00
2026-07-11T17:50:31.924437,50.319,can0  070  [20]  A2 2C 4D 08 74 B1 62 03 E8 80 00 00 32 00 00 00 47 00 00 00
2026-07-11T17:50:31.924506,50.319,can0  204  [16]  E1 22 1C D3 24 99 E9 F1 28 23 30 75 30 75 00 00
2026-07-11T17:50:31.924553,50.320,can0  070  [20]  A2 2C 4D 08 74 B1 62 03 E8 80 00 00 32 00 00 00 47 00 00 00
2026-07-11T17:50:31.924597,50.320,can0  040  [04]  D1 00 0B 00
2026-07-11T17:50:31.924641,50.320,can0  204  [16]  E1 22 1C D3 24 99 E9 F1 28 23 30 75 30 75 00 00
2026-07-11T17:50:31.979720,50.375,can0  204  [16]  E1 22 1C D3 24 99 E9 F1 28 23 30 75 30 75 00 00
2026-07-11T17:50:31.979787,50.375,can0  206  [24]  C0 0C 74 09 BC 0C 99 C6 83 0A D4 0C D0 0C 00 00 00 00 00 00 00 00 00 00
2026-07-11T17:50:31.988921,50.384,can0  204  [16]  E1 22 1C D3 24 99 E9 F1 28 23 30 75 30 75 00 00
2026-07-11T17:50:32.082120,50.477,can0  041  [04]  E4 00 09 00
2026-07-11T17:50:32.082403,50.477,can0  204  [16]  E1 22 1C D3 24 99 E9 F1 28 23 30 75 30 75 00 00
2026-07-11T17:50:32.082715,50.478,can0  040  [04]  C8 00 0E 00
2026-07-11T17:50:32.093211,50.488,can0  204  [16]  E1 22 1C D3 24 99 E9 F1 28 23 30 75 30 75 00 00
2026-07-11T17:50:32.185860,50.581,can0  040  [04]  C8 00 0E 00
2026-07-11T17:50:32.190095,50.585,can0  206  [24]  C6 0C 72 09 BC 0C 99 C6 83 0A D4 0C CA 0C 00 00 00 00 00 00 00 00 00 00
2026-07-11T17:50:32.190400,50.585,can0  204  [16]  E1 22 1C D3 24 99 E9 F1 28 23 30 75 30 75 00 00
2026-07-11T17:50:32.190726,50.586,can0  060  [32]  00 00 00 00 00 00 00 00 00 00 00 00 00 00 00 00 00 00 00 00 00 00 00 00 00 00 00 00 00 00 00 00
2026-07-11T17:50:32.191088,50.586,can0  204  [16]  E1 22 1C D3 24 99 E9 F1 28 23 30 75 30 75 00 00
2026-07-11T17:50:32.191277,50.586,can0  060  [32]  00 00 00 00 A2 2C 4D 08 C8 06 B8 10 00 00 10 0E FF 01 00 00 00 00 00 00 01 00 00 00 00 00 00 00
2026-07-11T17:50:32.297722,50.693,can0  070  [20]  A2 2C 4D 08 75 B1 62 03 D0 84 00 00 32 00 00 00 48 00 00 00
2026-07-11T17:50:32.297982,50.693,can0  070  [20]  A2 2C 4D 08 75 B1 62 03 D0 84 00 00 32 00 00 00 47 00 00 00
2026-07-11T17:50:32.298260,50.693,can0  204  [16]  E1 22 1C D3 24 99 E9 F1 28 23 30 75 30 75 00 00
2026-07-11T17:50:32.298566,50.694,can0  041  [04]  EB 00 0A 00
2026-07-11T17:50:32.298945,50.694,can0  204  [16]  E1 22 1C D3 24 99 E9 F1 28 23 30 75 30 75 00 00
2026-07-11T17:50:32.304043,50.699,can0  206  [24]  C0 0C 71 09 BC 0C 99 C6 83 0A D4 0C D0 0C 00 00 00 00 00 00 00 00 00 00
2026-07-11T17:50:32.413067,50.808,can0  040  [04]  D5 00 0F 00
2026-07-11T17:50:32.413136,50.808,can0  204  [16]  E1 22 1C D3 24 99 E9 F1 28 23 30 75 30 75 00 00
2026-07-11T17:50:32.414219,50.809,can0  070  [20]  A2 2C 4D 08 75 B1 62 03 D0 84 00 00 32 00 00 00 47 00 00 00
2026-07-11T17:50:32.414292,50.809,can0  204  [16]  E1 22 1C D3 24 99 E9 F1 28 23 30 75 30 75 00 00
2026-07-11T17:50:32.414572,50.810,can0  040  [04]  D5 00 0F 00
2026-07-11T17:50:32.527260,50.922,can0  204  [16]  E1 22 1C D3 24 99 E9 F1 28 23 30 75 30 75 00 00
2026-07-11T17:50:32.530766,50.926,can0  206  [24]  C0 0C 71 09 C1 0C 99 C6 83 0A CF 0C D0 0C 00 00 00 00 00 00 00 00 00 00
2026-07-11T17:50:32.539714,50.935,can0  204  [16]  E1 22 1C D3 24 99 E9 F1 28 23 30 75 30 75 00 00
2026-07-11T17:50:32.581999,50.977,can0  204  [16]  E1 22 1C D3 24 99 E9 F1 28 23 30 75 30 75 00 00
2026-07-11T17:50:32.582284,50.977,can0  041  [04]  ED 00 0D 00
2026-07-11T17:50:32.682819,51.078,can0  040  [04]  CE 00 13 00
2026-07-11T17:50:32.683132,51.078,can0  204  [16]  E1 22 1C D3 24 99 E9 F1 28 23 30 75 30 75 00 00
2026-07-11T17:50:32.686974,51.082,can0  206  [24]  C5 0C 70 09 CB 0C 99 C6 7B 0A C1 0C D0 0C 00 00 00 00 00 00 00 00 00 00
2026-07-11T17:50:32.687256,51.082,can0  204  [16]  E1 22 1C D3 24 99 E9 F1 28 23 30 75 30 75 00 00
2026-07-11T17:50:32.687469,51.082,can0  132  [00]
2026-07-11T17:50:32.687739,51.083,can0  040  [04]  CE 00 13 00
2026-07-11T17:50:32.687923,51.083,can0  060  [32]  00 00 00 00 00 00 00 00 00 00 00 00 00 00 00 00 00 00 00 00 00 00 00 00 00 00 00 00 00 00 00 00
2026-07-11T17:50:32.696181,51.091,can0  204  [16]  E1 22 1C D3 24 99 E9 F1 28 23 30 75 30 75 00 00
2026-07-11T17:50:32.790332,51.185,can0  204  [16]  E1 22 1C D3 24 99 E9 F1 28 23 30 75 30 75 00 00
2026-07-11T17:50:32.790752,51.186,can0  204  [16]  E1 22 1C D3 24 99 E9 F1 28 23 30 75 30 75 00 00
2026-07-11T17:50:32.794738,51.190,can0  206  [24]  C5 0C 71 09 CB 0C 99 C6 7B 0A C1 0C D0 0C 00 00 00 00 00 00 00 00 00 00
2026-07-11T17:50:32.795034,51.190,can0  100  [03]  6D 7E 04
2026-07-11T17:50:32.795312,51.190,can0  110  [02]  30 1B
2026-07-11T17:50:32.805769,51.201,can0  120  [04]  00 00 00 00
2026-07-11T17:50:32.898422,51.293,can0  041  [04]  EC 00 0F 00
2026-07-11T17:50:32.898748,51.294,can0  131  [00]
2026-07-11T17:50:32.899043,51.294,can0  204  [16]  E1 22 1C D3 24 99 E9 F1 28 23 30 75 30 75 00 00
2026-07-11T17:50:32.899324,51.294,can0  070  [20]  A2 2C 4D 08 75 B1 62 03 D0 84 00 00 32 00 00 00 47 00 00 00
2026-07-11T17:50:32.899648,51.295,can0  040  [04]  D2 00 14 00
2026-07-11T17:50:32.899930,51.295,can0  204  [16]  E1 22 1C D3 24 99 E9 F1 28 23 30 75 30 75 00 00
2026-07-11T17:50:33.001393,51.396,can0  040  [04]  D2 00 14 00
2026-07-11T17:50:33.002252,51.397,can0  204  [16]  E1 22 1C D3 24 99 E9 F1 28 23 30 75 30 75 00 00
2026-07-11T17:50:33.013513,51.408,can0  206  [24]  C5 0C 71 09 CB 0C 99 C6 7C 0A C5 0C D0 0C 00 00 00 00 00 00 00 00 00 00
2026-07-11T17:50:33.013613,51.409,can0  133  [00]
2026-07-11T17:50:33.025347,51.420,can0  130  [00]
2026-07-11T17:50:33.025465,51.420,can0  204  [16]  E1 22 1C D3 24 99 E9 F1 28 23 30 75 30 75 00 00
2026-07-11T17:50:33.122171,51.517,can0  204  [16]  E1 22 1C D3 24 99 E9 F1 28 23 30 75 30 75 00 00
2026-07-11T17:50:33.122555,51.518,can0  041  [04]  F8 00 0F 00
2026-07-11T17:50:33.122862,51.518,can0  204  [16]  E1 22 1C D3 24 99 E9 F1 28 23 30 75 30 75 00 00
2026-07-11T17:50:33.229089,51.624,can0  206  [24]  C5 0C 71 09 CB 0C 99 C6 7B 0A C5 0C D0 0C 00 00 00 00 00 00 00 00 00 00
2026-07-11T17:50:33.229354,51.624,can0  040  [04]  BA 00 19 00
2026-07-11T17:50:33.229636,51.625,can0  204  [16]  E1 22 1C D3 24 99 E9 F1 28 23 30 75 30 75 00 00
2026-07-11T17:50:33.229897,51.625,can0  060  [32]  00 00 00 00 A2 2C 4D 08 CA 06 B8 10 00 00 10 0E FF 01 00 00 00 00 00 00 01 00 00 00 00 00 00 00
2026-07-11T17:50:33.230775,51.626,can0  040  [04]  BA 00 19 00
2026-07-11T17:50:33.231046,51.626,can0  204  [16]  E1 22 1C D3 24 99 E9 F1 28 23 30 75 30 75 00 00
2026-07-11T17:50:33.282186,51.677,can0  070  [20]  A2 2C 4D 08 77 B1 62 03 B8 88 00 00 32 00 00 00 3F 00 00 00
2026-07-11T17:50:33.282477,51.677,can0  204  [16]  E1 22 1C D3 24 99 E9 F1 28 23 30 75 30 75 00 00
2026-07-11T17:50:33.282803,51.678,can0  070  [20]  A2 2C 4D 08 77 B1 62 03 B8 88 00 00 32 00 00 00 3F 00 00 00
2026-07-11T17:50:33.286989,51.682,can0  206  [24]  C5 0C 6F 09 D0 0C 99 C6 7B 0A C0 0C D0 0C 00 00 00 00 00 00 00 00 00 00
2026-07-11T17:50:33.287380,51.682,can0  204  [16]  E1 22 1C D3 24 99 E9 F1 28 23 30 75 30 75 00 00
2026-07-11T17:50:33.390063,51.785,can0  070  [20]  A2 2C 4D 08 77 B1 62 03 B8 88 00 00 32 00 00 00 3F 00 00 00
2026-07-11T17:50:33.390330,51.785,can0  041  [04]  F5 00 0F 00
2026-07-11T17:50:33.390621,51.786,can0  204  [16]  E1 22 1C D3 24 99 E9 F1 28 23 30 75 30 75 00 00
2026-07-11T17:50:33.390908,51.786,can0  204  [16]  E1 22 1C D3 24 99 E9 F1 28 23 30 75 30 75 00 00
2026-07-11T17:50:33.391207,51.786,can0  040  [04]  BE 00 19 00
2026-07-11T17:50:33.493066,51.888,can0  040  [04]  BE 00 19 00
2026-07-11T17:50:33.493375,51.888,can0  204  [16]  E1 22 1C D3 24 99 E9 F1 28 23 30 75 30 75 00 00
2026-07-11T17:50:33.498090,51.893,can0  206  [24]  C5 0C 70 09 CB 0C 99 C6 83 0A C5 0C D0 0C 00 00 00 00 00 00 00 00 00 00
2026-07-11T17:50:33.601015,51.996,can0  204  [16]  E1 22 1C D3 24 99 E9 F1 28 23 30 75 30 75 00 00
2026-07-11T17:50:33.601364,51.996,can0  204  [16]  E1 22 1C D3 24 99 E9 F1 28 23 30 75 30 75 00 00
2026-07-11T17:50:33.601791,51.997,can0  204  [16]  E1 22 1C D3 24 99 E9 F1 28 23 30 75 30 75 00 00
2026-07-11T17:50:33.704215,52.099,can0  041  [04]  F4 00 11 00
2026-07-11T17:50:33.707905,52.103,can0  206  [24]  C5 0C 70 09 C6 0C 99 C6 84 0A CA 0C D0 0C 00 00 00 00 00 00 00 00 00 00
2026-07-11T17:50:33.708287,52.103,can0  204  [16]  E1 22 1C D3 24 99 E9 F1 28 23 30 75 30 75 00 00
2026-07-11T17:50:33.708541,52.103,can0  040  [04]  BF 00 17 00
2026-07-11T17:50:33.711562,52.107,can0  204  [16]  E1 22 1C D3 24 99 E9 F1 28 23 30 75 30 75 00 00
2026-07-11T17:50:33.811170,52.206,can0  040  [04]  BF 00 17 00
2026-07-11T17:50:33.811487,52.206,can0  204  [16]  E1 22 1C D3 24 99 E9 F1 28 23 30 75 30 75 00 00
2026-07-11T17:50:33.815126,52.210,can0  206  [24]  C5 0C 6F 09 CB 0C 99 C6 83 0A C5 0C D0 0C 00 00 00 00 00 00 00 00 00 00
2026-07-11T17:50:33.815436,52.210,can0  204  [16]  E1 22 1C D3 24 99 E9 F1 28 23 30 75 30 75 00 00
2026-07-11T17:50:33.918913,52.314,can0  070  [20]  A2 2C 4D 08 77 B1 62 03 B8 88 00 00 32 00 00 00 3F 00 00 00
2026-07-11T17:50:33.928674,52.324,can0  204  [16]  E1 22 1C D3 24 99 E9 F1 28 23 30 75 30 75 00 00
2026-07-11T17:50:33.928750,52.324,can0  041  [04]  EB 00 0F 00
2026-07-11T17:50:33.928792,52.324,can0  204  [16]  E1 22 1C D3 24 99 E9 F1 28 23 30 75 30 75 00 00
2026-07-11T17:50:34.026645,52.422,can0  040  [04]  C0 00 16 00
2026-07-11T17:50:34.026733,52.422,can0  206  [24]  C0 0C 75 09 CF 0C 99 C6 83 0A C5 0C D0 0C 00 00 00 00 00 00 00 00 00 00
2026-07-11T17:50:34.027557,52.423,can0  204  [16]  E1 22 1C D3 24 99 E9 F1 28 23 30 75 30 75 00 00
2026-07-11T17:50:34.027634,52.423,can0  040  [04]  C0 00 16 00
2026-07-11T17:50:34.027723,52.423,can0  100  [03]  76 7E 04
2026-07-11T17:50:34.027806,52.423,can0  120  [04]  00 00 00 00
2026-07-11T17:50:34.027955,52.423,can0  204  [16]  E1 22 1C D3 24 99 E9 F1 28 23 30 75 30 75 00 00
2026-07-11T17:50:34.090515,52.485,can0  204  [16]  E1 22 1C D3 24 99 E9 F1 28 23 30 75 30 75 00 00
2026-07-11T17:50:34.090592,52.486,can0  204  [16]  E1 22 1C D3 24 99 E9 F1 28 23 30 75 30 75 00 00
2026-07-11T17:50:34.188314,52.583,can0  206  [24]  C0 0C 77 09 CF 0C 99 C6 82 0A C1 0C D0 0C 00 00 00 00 00 00 00 00 00 00
2026-07-11T17:50:34.188624,52.584,can0  041  [04]  E1 00 0F 00
2026-07-11T17:50:34.188902,52.584,can0  204  [16]  E1 22 1C D3 24 99 E9 F1 28 23 30 75 30 75 00 00
2026-07-11T17:50:34.189157,52.584,can0  040  [04]  C5 00 15 00
2026-07-11T17:50:34.189504,52.584,can0  204  [16]  E1 22 1C D3 24 99 E9 F1 28 23 30 75 30 75 00 00
2026-07-11T17:50:34.292920,52.688,can0  060  [32]  C8 95 D6 02 C9 28 4D 08 48 36 B8 10 00 00 10 0E FF 01 00 00 00 00 00 00 02 00 00 00 00 00 00 00
2026-07-11T17:50:34.293014,52.688,can0  060  [32]  00 00 00 00 A2 2C 4D 08 CC 06 B8 10 00 00 10 0E FF 01 00 00 00 00 00 01 02 00 00 00 00 00 00 00
2026-07-11T17:50:34.293815,52.689,can0  070  [20]  A2 2C 4D 08 77 B1 62 03 A0 8C 00 00 32 00 00 00 92 00 00 00
2026-07-11T17:50:34.294069,52.689,can0  070  [20]  A2 2C 4D 08 77 B1 62 03 A0 8C 00 00 32 00 00 00 93 00 00 00
2026-07-11T17:50:34.294350,52.689,can0  040  [04]  C5 00 15 00
2026-07-11T17:50:34.294719,52.690,can0  204  [16]  E1 22 1C D3 24 99 E9 F1 28 23 30 75 30 75 00 00
2026-07-11T17:50:34.306552,52.702,can0  206  [24]  BB 0C 76 09 D4 0C 99 C6 81 0A C1 0C D0 0C 00 00 00 00 00 00 00 00 00 00
2026-07-11T17:50:34.400833,52.796,can0  204  [16]  E1 22 1C D3 24 99 E9 F1 28 23 30 75 30 75 00 00
2026-07-11T17:50:34.400899,52.796,can0  070  [20]  A2 2C 4D 08 77 B1 62 03 A0 8C 00 00 32 00 00 00 93 00 00 00
2026-07-11T17:50:34.400984,52.796,can0  204  [16]  E1 22 1C D3 24 99 E9 F1 28 23 30 75 30 75 00 00
2026-07-11T17:50:34.401056,52.796,can0  110  [02]  30 1B
2026-07-11T17:50:34.401127,52.796,can0  041  [04]  D3 00 0F 00
2026-07-11T17:50:34.505021,52.900,can0  204  [16]  E1 22 1C D3 24 99 E9 F1 28 23 30 75 30 75 00 00
2026-07-11T17:50:34.508690,52.904,can0  206  [24]  C0 0C 76 09 CF 0C 99 C6 81 0A C1 0C D0 0C 00 00 00 00 00 00 00 00 00 00
2026-07-11T17:50:34.509055,52.904,can0  204  [16]  E1 22 1C D3 24 99 E9 F1 28 23 30 75 30 75 00 00
2026-07-11T17:50:34.511678,52.907,can0  040  [04]  C9 00 14 00
2026-07-11T17:50:34.612001,53.007,can0  204  [16]  E1 22 1C D3 24 99 E9 F1 28 23 30 75 30 75 00 00
2026-07-11T17:50:34.612070,53.007,can0  040  [04]  C9 00 14 00
2026-07-11T17:50:34.621420,53.016,can0  204  [16]  E1 22 1C D3 24 99 E9 F1 28 23 30 75 30 75 00 00
2026-07-11T17:50:34.716300,53.111,can0  204  [16]  E1 22 1C D3 24 99 E9 F1 28 23 30 75 30 75 00 00
2026-07-11T17:50:34.716379,53.111,can0  206  [24]  C0 0C 74 09 CF 0C 99 C6 82 0A C5 0C D0 0C 00 00 00 00 00 00 00 00 00 00
2026-07-11T17:50:34.720742,53.116,can0  204  [16]  E1 22 1C D3 24 99 E9 F1 28 23 30 75 30 75 00 00
2026-07-11T17:50:34.720802,53.116,can0  041  [04]  CC 00 14 00
2026-07-11T17:50:34.821072,53.216,can0  060  [32]  00 00 00 00 00 00 00 00 00 00 00 00 00 00 00 00 00 00 00 00 00 00 00 00 00 00 00 00 00 00 00 00
2026-07-11T17:50:34.825144,53.220,can0  204  [16]  E1 22 1C D3 24 99 E9 F1 28 23 30 75 30 75 00 00
2026-07-11T17:50:34.825433,53.220,can0  040  [04]  D3 00 11 00
2026-07-11T17:50:34.825828,53.221,can0  204  [16]  E1 22 1C D3 24 99 E9 F1 28 23 30 75 30 75 00 00
2026-07-11T17:50:34.826102,53.221,can0  040  [04]  D3 00 11 00
2026-07-11T17:50:34.829503,53.224,can0  206  [24]  C0 0C 6F 09 CF 0C 99 C6 82 0A C1 0C D0 0C 00 00 00 00 00 00 00 00 00 00
2026-07-11T17:50:34.881456,53.276,can0  204  [16]  E1 22 1C D3 24 99 E9 F1 28 23 30 75 30 75 00 00
2026-07-11T17:50:34.881752,53.277,can0  070  [20]  A2 2C 4D 08 77 B1 62 03 A0 8C 00 00 32 00 00 00 93 00 00 00
2026-07-11T17:50:34.882044,53.277,can0  204  [16]  E1 22 1C D3 24 99 E9 F1 28 23 30 75 30 75 00 00
2026-07-11T17:50:34.985193,53.380,can0  204  [16]  E1 22 1C D3 24 99 E9 F1 28 23 30 75 30 75 00 00
2026-07-11T17:50:34.985485,53.380,can0  041  [04]  C9 00 16 00
2026-07-11T17:50:34.989138,53.384,can0  206  [24]  C0 0C 6F 09 CF 0C 99 C6 84 0A C1 0C D0 0C 00 00 00 00 00 00 00 00 00 00
2026-07-11T17:50:34.989419,53.384,can0  204  [16]  E1 22 1C D3 24 99 E9 F1 28 23 30 75 30 75 00 00
2026-07-11T17:50:34.989630,53.385,can0  040  [04]  D9 00 10 00
2026-07-11T17:50:35.091355,53.486,can0  204  [16]  E1 22 1C D3 24 99 E9 F1 28 23 30 75 30 75 00 00
2026-07-11T17:50:35.091574,53.487,can0  040  [04]  D9 00 10 00
2026-07-11T17:50:35.094007,53.489,can0  204  [16]  E1 22 1C D3 24 99 E9 F1 28 23 30 75 30 75 00 00
2026-07-11T17:50:35.196678,53.592,can0  206  [24]  C6 0C 70 09 CF 0C 99 C6 84 0A C1 0C CA 0C 00 00 00 00 00 00 00 00 00 00
2026-07-11T17:50:35.196962,53.592,can0  204  [16]  E1 22 1C D3 24 99 E9 F1 28 23 30 75 30 75 00 00
2026-07-11T17:50:35.197212,53.592,can0  204  [16]  E1 22 1C D3 24 99 E9 F1 28 23 30 75 30 75 00 00
2026-07-11T17:50:35.197409,53.592,can0  100  [03]  7A 7E 04
2026-07-11T17:50:35.197592,53.593,can0  120  [04]  00 00 00 00
2026-07-11T17:50:35.197788,53.593,can0  041  [04]  C9 00 16 00
2026-07-11T17:50:35.197993,53.593,can0  060  [32]  00 00 00 00 00 00 00 00 00 00 00 00 00 00 00 00 00 00 00 00 00 00 00 00 00 00 00 00 00 00 00 00
2026-07-11T17:50:35.303867,53.699,can0  204  [16]  E1 22 1C D3 24 99 E9 F1 28 23 30 75 30 75 00 00
2026-07-11T17:50:35.304187,53.699,can0  060  [32]  00 00 00 00 A2 2C 4D 08 CC 06 B8 10 00 00 10 0E FF 01 00 00 00 00 00 00 01 00 00 00 00 00 00 00
2026-07-11T17:50:35.305838,53.701,can0  070  [20]  A2 2C 4D 08 77 B1 62 03 88 90 00 00 32 00 00 00 73 00 00 00
2026-07-11T17:50:35.306148,53.701,can0  040  [04]  CB 00 11 00
2026-07-11T17:50:35.306442,53.701,can0  204  [16]  E1 22 1C D3 24 99 E9 F1 28 23 30 75 30 75 00 00
2026-07-11T17:50:35.306745,53.702,can0  070  [20]  A2 2C 4D 08 77 B1 62 03 88 90 00 00 32 00 00 00 72 00 00 00
2026-07-11T17:50:35.319172,53.714,can0  206  [24]  C1 0C 6F 09 CF 0C 99 C6 85 0A C6 0C CA 0C 00 00 00 00 00 00 00 00 00 00
2026-07-11T17:50:35.423457,53.818,can0  204  [16]  E1 22 1C D3 24 99 E9 F1 28 23 30 75 30 75 00 00
2026-07-11T17:50:35.423898,53.819,can0  070  [20]  A2 2C 4D 08 77 B1 62 03 88 90 00 00 32 00 00 00 72 00 00 00
2026-07-11T17:50:35.424282,53.819,can0  040  [04]  CB 00 11 00
2026-07-11T17:50:35.424678,53.820,can0  204  [16]  E1 22 1C D3 24 99 E9 F1 28 23 30 75 30 75 00 00
2026-07-11T17:50:35.482014,53.877,can0  204  [16]  E1 22 1C D3 24 99 E9 F1 28 23 30 75 30 75 00 00
2026-07-11T17:50:35.486816,53.882,can0  206  [24]  C6 0C 71 09 CA 0C 99 C6 85 0A C1 0C CA 0C 00 00 00 00 00 00 00 00 00 00
2026-07-11T17:50:35.490437,53.885,can0  041  [04]  D4 00 16 00
2026-07-11T17:50:35.490505,53.885,can0  204  [16]  E1 22 1C D3 24 99 E9 F1 28 23 30 75 30 75 00 00
2026-07-11T17:50:35.600566,53.996,can0  040  [04]  C8 00 11 00
2026-07-11T17:50:35.601118,53.996,can0  204  [16]  E1 22 1C D3 24 99 E9 F1 28 23 30 75 30 75 00 00
2026-07-11T17:50:35.601574,53.997,can0  204  [16]  E1 22 1C D3 24 99 E9 F1 28 23 30 75 30 75 00 00
2026-07-11T17:50:35.610609,54.006,can0  040  [04]  C8 00 11 00
2026-07-11T17:50:35.719201,54.114,can0  206  [24]  C6 0C 71 09 CA 0C 99 C6 84 0A C6 0C CA 0C 00 00 00 00 00 00 00 00 00 00
2026-07-11T17:50:35.719268,54.114,can0  204  [16]  E1 22 1C D3 24 99 E9 F1 28 23 30 75 30 75 00 00
2026-07-11T17:50:35.719777,54.115,can0  204  [16]  E1 22 1C D3 24 99 E9 F1 28 23 30 75 30 75 00 00
2026-07-11T17:50:35.824298,54.219,can0  204  [16]  E1 22 1C D3 24 99 E9 F1 28 23 30 75 30 75 00 00
2026-07-11T17:50:35.824704,54.220,can0  060  [32]  00 00 00 00 00 00 00 00 00 00 00 00 00 00 00 00 00 00 00 00 00 00 00 00 00 00 00 00 00 00 00 00
2026-07-11T17:50:35.824795,54.220,can0  041  [04]  D8 00 18 00
2026-07-11T17:50:35.824960,54.220,can0  204  [16]  E1 22 1C D3 24 99 E9 F1 28 23 30 75 30 75 00 00
2026-07-11T17:50:35.828705,54.224,can0  206  [24]  C6 0C 71 09 CA 0C 99 C6 83 0A C6 0C CA 0C 00 00 00 00 00 00 00 00 00 00
2026-07-11T17:50:35.831374,54.226,can0  040  [04]  BF 00 12 00
2026-07-11T17:50:35.883542,54.279,can0  204  [16]  E1 22 1C D3 24 99 E9 F1 28 23 30 75 30 75 00 00
2026-07-11T17:50:35.883954,54.279,can0  070  [20]  A2 2C 4D 08 77 B1 62 03 88 90 00 00 32 00 00 00 72 00 00 00
2026-07-11T17:50:35.884491,54.279,can0  040  [04]  BF 00 12 00
2026-07-11T17:50:35.884872,54.280,can0  070  [20]  A2 2C 4D 08 77 B1 62 03 88 90 00 00 32 00 00 00 72 00 00 00
2026-07-11T17:50:35.888810,54.284,can0  204  [16]  E1 22 1C D3 24 99 E9 F1 28 23 30 75 30 75 00 00
2026-07-11T17:50:35.990542,54.386,can0  204  [16]  E1 22 1C D3 24 99 E9 F1 28 23 30 75 30 75 00 00
2026-07-11T17:50:35.991560,54.387,can0  206  [24]  C0 0C 71 09 CA 0C 99 C6 84 0A C6 0C D0 0C 00 00 00 00 00 00 00 00 00 00
2026-07-11T17:50:35.994633,54.390,can0  204  [16]  E1 22 1C D3 24 99 E9 F1 28 23 30 75 30 75 00 00
2026-07-11T17:50:35.997282,54.392,can0  110  [02]  31 1B
2026-07-11T17:50:35.997338,54.392,can0  041  [04]  D5 00 18 00
2026-07-11T17:50:36.099645,54.495,can0  204  [16]  E1 22 1C D3 24 99 E9 F1 28 23 30 75 30 75 00 00
2026-07-11T17:50:36.099937,54.495,can0  040  [04]  BA 00 10 00
2026-07-11T17:50:36.100338,54.495,can0  204  [16]  E1 22 1C D3 24 99 E9 F1 28 23 30 75 30 75 00 00
2026-07-11T17:50:36.208840,54.604,can0  206  [24]  C0 0C 71 09 C6 0C 99 C6 83 0A C6 0C D5 0C 00 00 00 00 00 00 00 00 00 00
2026-07-11T17:50:36.209096,54.604,can0  040  [04]  BA 00 10 00
2026-07-11T17:50:36.209484,54.604,can0  204  [16]  E1 22 1C D3 24 99 E9 F1 28 23 30 75 30 75 00 00
2026-07-11T17:50:36.209832,54.605,can0  204  [16]  E1 22 1C D3 24 99 E9 F1 28 23 30 75 30 75 00 00
2026-07-11T17:50:36.210118,54.605,can0  070  [20]  A2 2C 4D 08 77 B1 62 03 70 94 00 00 32 00 00 00 32 00 00 00
2026-07-11T17:50:36.313539,54.708,can0  204  [16]  E1 22 1C D3 24 99 E9 F1 28 23 30 75 30 75 00 00
2026-07-11T17:50:36.313783,54.709,can0  060  [32]  00 00 00 00 A2 2C 4D 08 CC 06 B8 10 00 00 10 0E FF 01 00 00 00 00 00 00 01 00 00 00 00 00 00 00
2026-07-11T17:50:36.314860,54.710,can0  070  [20]  A2 2C 4D 08 77 B1 62 03 70 94 00 00 32 00 00 00 32 00 00 00
2026-07-11T17:50:36.315110,54.710,can0  041  [04]  D0 00 16 00
2026-07-11T17:50:36.319881,54.715,can0  206  [24]  C0 0C 72 09 C6 0C 99 C6 83 0A C6 0C D5 0C 00 00 00 00 00 00 00 00 00 00
2026-07-11T17:50:36.320174,54.715,can0  204  [16]  E1 22 1C D3 24 99 E9 F1 28 23 30 75 30 75 00 00
2026-07-11T17:50:36.423406,54.818,can0  040  [04]  DF 00 0C 00
2026-07-11T17:50:36.423844,54.819,can0  204  [16]  E1 22 1C D3 24 99 E9 F1 28 23 30 75 30 75 00 00
2026-07-11T17:50:36.424081,54.819,can0  070  [20]  A2 2C 4D 08 77 B1 62 03 70 94 00 00 32 00 00 00 32 00 00 00
2026-07-11T17:50:36.424307,54.819,can0  040  [04]  DF 00 0C 00
2026-07-11T17:50:36.424699,54.820,can0  204  [16]  E1 22 1C D3 24 99 E9 F1 28 23 30 75 30 75 00 00
2026-07-11T17:50:36.424994,54.820,can0  100  [03]  7B 7E 04
2026-07-11T17:50:36.425267,54.820,can0  120  [04]  00 00 00 00
2026-07-11T17:50:36.480840,54.876,can0  204  [16]  E1 22 1C D3 24 99 E9 F1 28 23 30 75 30 75 00 00
2026-07-11T17:50:36.485738,54.881,can0  206  [24]  C0 0C 71 09 C6 0C 99 C6 85 0A C6 0C D5 0C 00 00 00 00 00 00 00 00 00 00
2026-07-11T17:50:36.486040,54.881,can0  204  [16]  E1 22 1C D3 24 99 E9 F1 28 23 30 75 30 75 00 00
2026-07-11T17:50:36.593479,54.988,can0  204  [16]  E1 22 1C D3 24 99 E9 F1 28 23 30 75 30 75 00 00
2026-07-11T17:50:36.593840,54.989,can0  041  [04]  D3 00 14 00
2026-07-11T17:50:36.594118,54.989,can0  204  [16]  E1 22 1C D3 24 99 E9 F1 28 23 30 75 30 75 00 00
2026-07-11T17:50:36.594422,54.989,can0  040  [04]  0C 01 06 00
2026-07-11T17:50:36.600830,54.996,can0  206  [24]  C5 0C 72 09 C6 0C 99 C6 85 0A C6 0C D0 0C 00 00 00 00 00 00 00 00 00 00
2026-07-11T17:50:36.704414,55.099,can0  204  [16]  E1 22 1C D3 24 99 E9 F1 28 23 30 75 30 75 00 00
2026-07-11T17:50:36.704725,55.100,can0  040  [04]  0C 01 06 00
2026-07-11T17:50:36.705028,55.100,can0  204  [16]  E1 22 1C D3 24 99 E9 F1 28 23 30 75 30 75 00 00
2026-07-11T17:50:36.808433,55.203,can0  204  [16]  E1 22 1C D3 24 99 E9 F1 28 23 30 75 30 75 00 00
2026-07-11T17:50:36.812448,55.207,can0  206  [24]  C5 0C 71 09 C6 0C 99 C6 84 0A CA 0C D0 0C 00 00 00 00 00 00 00 00 00 00
2026-07-11T17:50:36.812803,55.208,can0  204  [16]  E1 22 1C D3 24 99 E9 F1 28 23 30 75 30 75 00 00
2026-07-11T17:50:36.813105,55.208,can0  041  [04]  DB 00 10 00
2026-07-11T17:50:36.918122,55.313,can0  204  [16]  E1 22 1C D3 24 99 E9 F1 28 23 30 75 30 75 00 00
2026-07-11T17:50:36.918390,55.313,can0  070  [20]  A2 2C 4D 08 77 B1 62 03 70 94 00 00 32 00 00 00 32 00 00 00
2026-07-11T17:50:36.918717,55.314,can0  040  [04]  16 01 06 00
2026-07-11T17:50:36.919017,55.314,can0  204  [16]  E1 22 1C D3 24 99 E9 F1 28 23 30 75 30 75 00 00
2026-07-11T17:50:37.023197,55.418,can0  040  [04]  16 01 06 00
2026-07-11T17:50:37.023496,55.418,can0  204  [16]  E1 22 1C D3 24 99 E9 F1 28 23 30 75 30 75 00 00
2026-07-11T17:50:37.031098,55.426,can0  206  [24]  C5 0C 71 09 C6 0C 99 C6 85 0A C6 0C D0 0C 00 00 00 00 00 00 00 00 00 00
2026-07-11T17:50:37.031158,55.426,can0  204  [16]  E1 22 1C D3 24 99 E9 F1 28 23 30 75 30 75 00 00
2026-07-11T17:50:37.132093,55.527,can0  204  [16]  E1 22 1C D3 24 99 E9 F1 28 23 30 75 30 75 00 00
2026-07-11T17:50:37.132393,55.527,can0  041  [04]  E2 00 12 00
2026-07-11T17:50:37.132662,55.528,can0  204  [16]  E1 22 1C D3 24 99 E9 F1 28 23 30 75 30 75 00 00
2026-07-11T17:50:37.137132,55.532,can0  206  [24]  B6 0C 71 09 CB 0C 99 C6 86 0A C5 0C DE 0C 00 00 00 00 00 00 00 00 00 00
2026-07-11T17:50:37.191316,55.586,can0  040  [04]  19 01 06 00
2026-07-11T17:50:37.191737,55.587,can0  204  [16]  E1 22 1C D3 24 99 E9 F1 28 23 30 75 30 75 00 00
2026-07-11T17:50:37.191972,55.587,can0  040  [04]  19 01 06 00
2026-07-11T17:50:37.192323,55.587,can0  204  [16]  E1 22 1C D3 24 99 E9 F1 28 23 30 75 30 75 00 00
2026-07-11T17:50:37.297172,55.692,can0  070  [20]  A1 2C 4D 08 79 B1 62 03 58 98 00 00 32 00 00 00 4C 00 00 00
2026-07-11T17:50:37.297559,55.693,can0  204  [16]  E1 22 1C D3 24 99 E9 F1 28 23 30 75 30 75 00 00
2026-07-11T17:50:37.297893,55.693,can0  060  [32]  ED F2 D5 02 FB 57 4D 08 14 43 64 03 00 00 98 03 66 01 80 00 00 00 00 00 02 00 00 00 00 00 00 00
2026-07-11T17:50:37.298129,55.693,can0  060  [32]  00 00 00 00 A1 2C 4D 08 CD 06 B8 10 00 00 10 0E FF 01 00 00 00 00 00 01 02 00 00 00 00 00 00 00
2026-07-11T17:50:37.303372,55.698,can0  206  [24]  BB 0C 72 09 C6 0C 99 C6 86 0A CA 0C DA 0C 00 00 00 00 00 00 00 00 00 00
2026-07-11T17:50:37.303741,55.699,can0  070  [20]  A1 2C 4D 08 79 B1 62 03 58 98 00 00 32 00 00 00 4C 00 00 00
2026-07-11T17:50:37.304106,55.699,can0  204  [16]  E1 22 1C D3 24 99 E9 F1 28 23 30 75 30 75 00 00
2026-07-11T17:50:37.408115,55.803,can0  070  [20]  A1 2C 4D 08 79 B1 62 03 58 98 00 00 32 00 00 00 4C 00 00 00
2026-07-11T17:50:37.408420,55.803,can0  041  [04]  DB 00 11 00
2026-07-11T17:50:37.408748,55.804,can0  204  [16]  E1 22 1C D3 24 99 E9 F1 28 23 30 75 30 75 00 00
2026-07-11T17:50:37.411810,55.807,can0  204  [16]  E1 22 1C D3 24 99 E9 F1 28 23 30 75 30 75 00 00
2026-07-11T17:50:37.411869,55.807,can0  040  [04]  21 01 08 00
2026-07-11T17:50:37.519204,55.914,can0  206  [24]  BB 0C 72 09 C6 0C 99 C6 86 0A CA 0C DA 0C 00 00 00 00 00 00 00 00 00 00
2026-07-11T17:50:37.525093,55.920,can0  204  [16]  E1 22 1C D3 24 99 E9 F1 28 23 30 75 30 75 00 00
2026-07-11T17:50:37.525154,55.920,can0  040  [04]  21 01 08 00
2026-07-11T17:50:37.525196,55.920,can0  204  [16]  E1 22 1C D3 24 99 E9 F1 28 23 30 75 30 75 00 00
2026-07-11T17:50:37.629459,56.024,can0  204  [16]  E1 22 1C D3 24 99 E9 F1 28 23 30 75 30 75 00 00
2026-07-11T17:50:37.629810,56.025,can0  204  [16]  E1 22 1C D3 24 99 E9 F1 28 23 30 75 30 75 00 00
2026-07-11T17:50:37.630055,56.025,can0  100  [03]  83 7E 04
2026-07-11T17:50:37.630290,56.025,can0  110  [02]  31 1B
2026-07-11T17:50:37.630560,56.026,can0  120  [04]  00 00 00 00
2026-07-11T17:50:37.635160,56.030,can0  206  [24]  B7 0C 72 09 CA 0C 99 C6 86 0A CA 0C DA 0C 00 00 00 00 00 00 00 00 00 00
2026-07-11T17:50:37.635492,56.030,can0  041  [04]  D3 00 12 00
2026-07-11T17:50:37.691036,56.086,can0  204  [16]  E1 22 1C D3 24 99 E9 F1 28 23 30 75 30 75 00 00
2026-07-11T17:50:37.691296,56.086,can0  040  [04]  22 01 0A 00
2026-07-11T17:50:37.691663,56.087,can0  204  [16]  E1 22 1C D3 24 99 E9 F1 28 23 30 75 30 75 00 00
2026-07-11T17:50:37.691945,56.087,can0  040  [04]  22 01 0A 00
2026-07-11T17:50:37.797788,56.193,can0  204  [16]  E1 22 1C D3 24 99 E9 F1 28 23 30 75 30 75 00 00
2026-07-11T17:50:37.798038,56.193,can0  060  [32]  00 00 00 00 00 00 00 00 00 00 00 00 00 00 00 00 00 00 00 00 00 00 00 00 00 00 00 00 00 00 00 00
2026-07-11T17:50:37.802796,56.198,can0  206  [24]  B7 0C 73 09 CA 0C 99 C6 87 0A CA 0C DA 0C 00 00 00 00 00 00 00 00 00 00
2026-07-11T17:50:37.803181,56.198,can0  204  [16]  E1 22 1C D3 24 99 E9 F1 28 23 30 75 30 75 00 00
2026-07-11T17:50:37.911069,56.306,can0  070  [20]  A1 2C 4D 08 79 B1 62 03 58 98 00 00 32 00 00 00 4C 00 00 00
2026-07-11T17:50:37.911406,56.306,can0  204  [16]  E1 22 1C D3 24 99 E9 F1 28 23 30 75 30 75 00 00
2026-07-11T17:50:37.911640,56.307,can0  060  [32]  73 ED D5 02 C1 B9 4D 08 72 1E 64 03 00 00 A5 07 FF 01 00 00 00 00 00 00 01 00 00 00 00 00 00 00
2026-07-11T17:50:37.912351,56.307,can0  041  [04]  CF 00 14 00
2026-07-11T17:50:37.912610,56.308,can0  070  [20]  A1 2C 4D 08 79 B1 62 03 58 98 00 00 32 00 00 00 4C 00 00 00
2026-07-11T17:50:37.912868,56.308,can0  204  [16]  E1 22 1C D3 24 99 E9 F1 28 23 30 75 30 75 00 00
2026-07-11T17:50:38.023587,56.419,can0  040  [04]  26 01 0C 00
2026-07-11T17:50:38.027312,56.422,can0  206  [24]  C6 0C 76 09 C6 0C 99 C6 85 0A CA 0C CA 0C 00 00 00 00 00 00 00 00 00 00
2026-07-11T17:50:38.027629,56.423,can0  204  [16]  E1 22 1C D3 24 99 E9 F1 28 23 30 75 30 75 00 00
2026-07-11T17:50:38.031743,56.427,can0  040  [04]  26 01 0C 00
2026-07-11T17:50:38.031801,56.427,can0  204  [16]  E1 22 1C D3 24 99 E9 F1 28 23 30 75 30 75 00 00
2026-07-11T17:50:38.134456,56.529,can0  204  [16]  E1 22 1C D3 24 99 E9 F1 28 23 30 75 30 75 00 00
2026-07-11T17:50:38.138401,56.533,can0  206  [24]  CA 0C 74 09 C6 0C 99 C6 84 0A C6 0C CA 0C 00 00 00 00 00 00 00 00 00 00
2026-07-11T17:50:38.138737,56.534,can0  204  [16]  E1 22 1C D3 24 99 E9 F1 28 23 30 75 30 75 00 00
2026-07-11T17:50:38.192986,56.588,can0  041  [04]  CE 00 16 00
2026-07-11T17:50:38.193302,56.588,can0  204  [16]  E1 22 1C D3 24 99 E9 F1 28 23 30 75 30 75 00 00
2026-07-11T17:50:38.193543,56.589,can0  040  [04]  26 01 0F 00
2026-07-11T17:50:38.193905,56.589,can0  204  [16]  E1 22 1C D3 24 99 E9 F1 28 23 30 75 30 75 00 00
2026-07-11T17:50:38.194204,56.589,can0  070  [20]  A1 2C 4D 08 77 B1 62 03 40 9C 00 00 32 00 00 00 18 00 00 00
2026-07-11T17:50:38.308234,56.703,can0  070  [20]  A1 2C 4D 08 77 B1 62 03 40 9C 00 00 32 00 00 00 18 00 00 00
2026-07-11T17:50:38.308302,56.703,can0  204  [16]  E1 22 1C D3 24 99 E9 F1 28 23 30 75 30 75 00 00
2026-07-11T17:50:38.308351,56.703,can0  040  [04]  26 01 0F 00
2026-07-11T17:50:38.312191,56.707,can0  206  [24]  CA 0C 74 09 C6 0C 99 C6 83 0A C6 0C CA 0C 00 00 00 00 00 00 00 00 00 00
2026-07-11T17:50:38.312535,56.707,can0  204  [16]  E1 22 1C D3 24 99 E9 F1 28 23 30 75 30 75 00 00
2026-07-11T17:50:38.425922,56.821,can0  070  [20]  A1 2C 4D 08 77 B1 62 03 40 9C 00 00 32 00 00 00 18 00 00 00
2026-07-11T17:50:38.425988,56.821,can0  204  [16]  E1 22 1C D3 24 99 E9 F1 28 23 30 75 30 75 00 00
2026-07-11T17:50:38.426230,56.821,can0  060  [32]  78 E4 90 01 0C B3 4D 08 D9 EC 63 03 00 00 29 0D 78 00 80 00 00 00 00 00 03 00 00 00 00 00 00 00
2026-07-11T17:50:38.426281,56.821,can0  060  [32]  00 00 00 00 A1 2C 4D 08 CC 06 B8 10 00 00 10 0E FF 01 00 00 00 00 00 01 03 00 00 00 00 00 00 00
2026-07-11T17:50:38.426826,56.822,can0  060  [32]  D7 93 D6 02 EA D1 4D 08 84 99 61 03 47 01 22 0A 03 01 01 00 00 00 00 02 03 00 00 00 00 00 00 00
2026-07-11T17:50:38.427202,56.822,can0  041  [04]  D1 00 16 00
2026-07-11T17:50:38.427502,56.822,can0  204  [16]  E1 22 1C D3 24 99 E9 F1 28 23 30 75 30 75 00 00
2026-07-11T17:50:38.489204,56.884,can0  206  [24]  CA 0C 74 09 C1 0C 99 C6 83 0A CA 0C CA 0C 00 00 00 00 00 00 00 00 00 00
2026-07-11T17:50:38.491402,56.886,can0  040  [04]  26 01 0E 00
2026-07-11T17:50:38.491689,56.887,can0  204  [16]  E1 22 1C D3 24 99 E9 F1 28 23 30 75 30 75 00 00
2026-07-11T17:50:38.491931,56.887,can0  204  [16]  E1 22 1C D3 24 99 E9 F1 28 23 30 75 30 75 00 00
2026-07-11T17:50:38.609627,57.005,can0  040  [04]  26 01 0E 00
2026-07-11T17:50:38.609717,57.005,can0  204  [16]  E1 22 1C D3 24 99 E9 F1 28 23 30 75 30 75 00 00
2026-07-11T17:50:38.609816,57.005,can0  206  [24]  CA 0C 74 09 C1 0C 99 C6 83 0A CA 0C CA 0C 00 00 00 00 00 00 00 00 00 00
2026-07-11T17:50:38.609923,57.005,can0  204  [16]  E1 22 1C D3 24 99 E9 F1 28 23 30 75 30 75 00 00
2026-07-11T17:50:38.725121,57.120,can0  204  [16]  E1 22 1C D3 24 99 E9 F1 28 23 30 75 30 75 00 00
2026-07-11T17:50:38.725194,57.120,can0  041  [04]  CB 00 15 00
2026-07-11T17:50:38.725238,57.120,can0  204  [16]  E1 22 1C D3 24 99 E9 F1 28 23 30 75 30 75 00 00
2026-07-11T17:50:38.840331,57.235,can0  040  [04]  18 01 0D 00
2026-07-11T17:50:38.840397,57.235,can0  204  [16]  E1 22 1C D3 24 99 E9 F1 28 23 30 75 30 75 00 00
2026-07-11T17:50:38.840444,57.235,can0  206  [24]  C6 0C 71 09 CA 0C 99 C6 83 0A C6 0C CA 0C 00 00 00 00 00 00 00 00 00 00
2026-07-11T17:50:38.840489,57.235,can0  040  [04]  18 01 0D 00
2026-07-11T17:50:38.840544,57.235,can0  100  [03]  8D 7E 04
2026-07-11T17:50:38.840613,57.236,can0  120  [04]  00 00 00 00
2026-07-11T17:50:38.840890,57.236,can0  204  [16]  E1 22 1C D3 24 99 E9 F1 28 23 30 75 30 75 00 00
2026-07-11T17:50:38.897225,57.292,can0  070  [20]  A1 2C 4D 08 77 B1 62 03 40 9C 00 00 32 00 00 00 18 00 00 00
2026-07-11T17:50:38.897797,57.293,can0  204  [16]  E1 22 1C D3 24 99 E9 F1 28 23 30 75 30 75 00 00
2026-07-11T17:50:38.898062,57.293,can0  060  [32]  00 00 00 00 00 00 00 00 00 00 00 00 00 00 00 00 00 00 00 00 00 00 00 00 00 00 00 00 00 00 00 00
2026-07-11T17:50:38.898445,57.293,can0  204  [16]  E1 22 1C D3 24 99 E9 F1 28 23 30 75 30 75 00 00
2026-07-11T17:50:39.016027,57.411,can0  206  [24]  C6 0C 73 09 C6 0C 99 C6 84 0A CA 0C CA 0C 00 00 00 00 00 00 00 00 00 00
2026-07-11T17:50:39.016296,57.411,can0  041  [04]  CD 00 12 00
2026-07-11T17:50:39.016510,57.411,can0  204  [16]  E1 22 1C D3 24 99 E9 F1 28 23 30 75 30 75 00 00
2026-07-11T17:50:39.016796,57.412,can0  040  [04]  0C 01 0B 00
2026-07-11T17:50:39.017032,57.412,can0  204  [16]  E1 22 1C D3 24 99 E9 F1 28 23 30 75 30 75 00 00
2026-07-11T17:50:39.129038,57.524,can0  040  [04]  0C 01 0B 00
2026-07-11T17:50:39.129539,57.524,can0  204  [16]  E1 22 1C D3 24 99 E9 F1 28 23 30 75 30 75 00 00
2026-07-11T17:50:39.137894,57.533,can0  206  [24]  C6 0C 72 09 C1 0C 99 C6 86 0A CF 0C CA 0C 00 00 00 00 00 00 00 00 00 00
2026-07-11T17:50:39.191093,57.586,can0  204  [16]  E1 22 1C D3 24 99 E9 F1 28 23 30 75 30 75 00 00
2026-07-11T17:50:39.191177,57.586,can0  204  [16]  E1 22 1C D3 24 99 E9 F1 28 23 30 75 30 75 00 00
2026-07-11T17:50:39.191261,57.586,can0  110  [02]  31 1B
2026-07-11T17:50:39.191415,57.586,can0  041  [04]  DE 00 11 00
2026-07-11T17:50:39.303738,57.699,can0  204  [16]  E1 22 1C D3 24 99 E9 F1 28 23 30 75 30 75 00 00
2026-07-11T17:50:39.304059,57.699,can0  070  [20]  9F 2C 4D 08 77 B1 62 03 28 A0 00 00 32 00 00 00 51 00 00 00
2026-07-11T17:50:39.304341,57.699,can0  070  [20]  9F 2C 4D 08 77 B1 62 03 28 A0 00 00 32 00 00 00 51 00 00 00
2026-07-11T17:50:39.304584,57.700,can0  040  [04]  0C 01 0A 00
2026-07-11T17:50:39.308235,57.703,can0  206  [24]  C0 0C 72 09 C6 0C 99 C6 86 0A CA 0C D0 0C 00 00 00 00 00 00 00 00 00 00
2026-07-11T17:50:39.308562,57.704,can0  204  [16]  E1 22 1C D3 24 99 E9 F1 28 23 30 75 30 75 00 00
2026-07-11T17:50:39.309081,57.704,can0  060  [32]  00 00 00 00 9F 2C 4D 08 CC 06 B8 10 00 00 10 0E FF 01 00 00 00 00 00 00 01 00 00 00 00 00 00 00
2026-07-11T17:50:39.309407,57.704,can0  040  [04]  0C 01 0A 00
2026-07-11T17:50:39.421260,57.816,can0  204  [16]  E1 22 1C D3 24 99 E9 F1 28 23 30 75 30 75 00 00
2026-07-11T17:50:39.431591,57.827,can0  070  [20]  9F 2C 4D 08 77 B1 62 03 28 A0 00 00 32 00 00 00 51 00 00 00
2026-07-11T17:50:39.431674,57.827,can0  204  [16]  E1 22 1C D3 24 99 E9 F1 28 23 30 75 30 75 00 00
2026-07-11T17:50:39.543632,57.939,can0  204  [16]  E1 22 1C D3 24 99 E9 F1 28 23 30 75 30 75 00 00
2026-07-11T17:50:39.543710,57.939,can0  206  [24]  C0 0C 73 09 C6 0C 99 C6 89 0A CA 0C D0 0C 00 00 00 00 00 00 00 00 00 00
2026-07-11T17:50:39.543758,57.939,can0  041  [04]  F2 00 12 00
2026-07-11T17:50:39.543801,57.939,can0  204  [16]  E1 22 1C D3 24 99 E9 F1 28 23 30 75 30 75 00 00
2026-07-11T17:50:39.597515,57.992,can0  040  [04]  0C 01 0B 00
2026-07-11T17:50:39.598506,57.993,can0  204  [16]  E1 22 1C D3 24 99 E9 F1 28 23 30 75 30 75 00 00
2026-07-11T17:50:39.598587,57.994,can0  204  [16]  E1 22 1C D3 24 99 E9 F1 28 23 30 75 30 75 00 00
2026-07-11T17:50:39.598844,57.994,can0  040  [04]  0C 01 0B 00
2026-07-11T17:50:39.602994,57.998,can0  206  [24]  C0 0C 72 09 C6 0C 99 C6 89 0A CA 0C D0 0C 00 00 00 00 00 00 00 00 00 00
2026-07-11T17:50:39.715442,58.110,can0  204  [16]  E1 22 1C D3 24 99 E9 F1 28 23 30 75 30 75 00 00
2026-07-11T17:50:39.715533,58.110,can0  204  [16]  E1 22 1C D3 24 99 E9 F1 28 23 30 75 30 75 00 00
2026-07-11T17:50:39.824384,58.219,can0  204  [16]  E1 22 1C D3 24 99 E9 F1 28 23 30 75 30 75 00 00
2026-07-11T17:50:39.828090,58.223,can0  041  [04]  F4 00 14 00
2026-07-11T17:50:39.831696,58.227,can0  206  [24]  C0 0C 72 09 C6 0C 99 C6 89 0A CA 0C D0 0C 00 00 00 00 00 00 00 00 00 00
2026-07-11T17:50:39.832003,58.227,can0  204  [16]  E1 22 1C D3 24 99 E9 F1 28 23 30 75 30 75 00 00
2026-07-11T17:50:39.840694,58.236,can0  040  [04]  15 01 08 00
2026-07-11T17:50:39.887952,58.283,can0  204  [16]  E1 22 1C D3 24 99 E9 F1 28 23 30 75 30 75 00 00
2026-07-11T17:50:39.888049,58.283,can0  070  [20]  9F 2C 4D 08 77 B1 62 03 28 A0 00 00 32 00 00 00 51 00 00 00
2026-07-11T17:50:39.892221,58.287,can0  040  [04]  15 01 08 00
2026-07-11T17:50:39.892283,58.287,can0  204  [16]  E1 22 1C D3 24 99 E9 F1 28 23 30 75 30 75 00 00
2026-07-11T17:50:39.892326,58.287,can0  070  [20]  9F 2C 4D 08 77 B1 62 03 28 A0 00 00 32 00 00 00 51 00 00 00
2026-07-11T17:50:40.000702,58.396,can0  204  [16]  E1 22 1C D3 24 99 E9 F1 28 23 30 75 30 75 00 00
2026-07-11T17:50:40.000785,58.396,can0  206  [24]  C6 0C 71 09 CF 0C 99 C6 89 0A C1 0C CA 0C 00 00 00 00 00 00 00 00 00 00
2026-07-11T17:50:40.000871,58.396,can0  204  [16]  E1 22 1C D3 24 99 E9 F1 28 23 30 75 30 75 00 00
2026-07-11T17:50:40.003356,58.398,can0  100  [03]  97 7E 04
2026-07-11T17:50:40.003413,58.398,can0  120  [04]  00 00 00 00
2026-07-11T17:50:40.003493,58.398,can0  041  [04]  F6 00 15 00
2026-07-11T17:50:40.106741,58.502,can0  204  [16]  E1 22 1C D3 24 99 E9 F1 28 23 30 75 30 75 00 00
2026-07-11T17:50:40.107013,58.502,can0  040  [04]  0C 01 09 00
2026-07-11T17:50:40.107324,58.502,can0  204  [16]  E1 22 1C D3 24 99 E9 F1 28 23 30 75 30 75 00 00
2026-07-11T17:50:40.115380,58.510,can0  206  [24]  C6 0C 72 09 CF 0C 99 C6 89 0A BC 0C CA 0C 00 00 00 00 00 00 00 00 00 00
2026-07-11T17:50:40.115445,58.510,can0  040  [04]  0C 01 09 00
2026-07-11T17:50:40.220203,58.615,can0  204  [16]  E1 22 1C D3 24 99 E9 F1 28 23 30 75 30 75 00 00
2026-07-11T17:50:40.220540,58.616,can0  204  [16]  E1 22 1C D3 24 99 E9 F1 28 23 30 75 30 75 00 00
2026-07-11T17:50:40.220879,58.616,can0  070  [20]  A1 2C 4D 08 79 B1 62 03 10 A4 00 00 32 00 00 00 30 00 00 00
2026-07-11T17:50:40.324528,58.719,can0  204  [16]  E1 22 1C D3 24 99 E9 F1 28 23 30 75 30 75 00 00
2026-07-11T17:50:40.324932,58.720,can0  070  [20]  A1 2C 4D 08 79 B1 62 03 10 A4 00 00 32 00 00 00 2F 00 00 00
2026-07-11T17:50:40.328662,58.724,can0  206  [24]  C6 0C 72 09 CA 0C 99 C6 85 0A C6 0C CA 0C 00 00 00 00 00 00 00 00 00 00
2026-07-11T17:50:40.328936,58.724,can0  041  [04]  F9 00 14 00
2026-07-11T17:50:40.329439,58.724,can0  204  [16]  E1 22 1C D3 24 99 E9 F1 28 23 30 75 30 75 00 00
2026-07-11T17:50:40.329524,58.724,can0  060  [32]  EF 47 11 00 5C 95 4D 08 03 67 64 03 1F 00 6E 0B 29 01 87 00 00 00 00 00 03 00 00 00 00 00 00 00
2026-07-11T17:50:40.332921,58.728,can0  060  [32]  30 7B D6 02 18 B5 4D 08 13 1E 64 03 00 00 3C 00 58 00 80 00 00 00 00 01 03 00 00 00 00 00 00 00
2026-07-11T17:50:40.333025,58.728,can0  060  [32]  00 00 00 00 A1 2C 4D 08 CD 06 B8 10 00 00 10 0E FF 01 00 00 00 00 00 02 03 00 00 00 00 00 00 00
2026-07-11T17:50:40.386381,58.781,can0  204  [16]  E1 22 1C D3 24 99 E9 F1 28 23 30 75 30 75 00 00
2026-07-11T17:50:40.386684,58.782,can0  040  [04]  F9 00 07 00
2026-07-11T17:50:40.386933,58.782,can0  070  [20]  A1 2C 4D 08 79 B1 62 03 10 A4 00 00 32 00 00 00 2F 00 00 00
2026-07-11T17:50:40.387156,58.782,can0  040  [04]  F9 00 07 00
2026-07-11T17:50:40.387504,58.782,can0  204  [16]  E1 22 1C D3 24 99 E9 F1 28 23 30 75 30 75 00 00
2026-07-11T17:50:40.498995,58.894,can0  206  [24]  C6 0C 72 09 CA 0C 99 C6 85 0A C1 0C CA 0C 00 00 00 00 00 00 00 00 00 00
2026-07-11T17:50:40.499348,58.894,can0  204  [16]  E1 22 1C D3 24 99 E9 F1 28 23 30 75 30 75 00 00
2026-07-11T17:50:40.502025,58.897,can0  204  [16]  E1 22 1C D3 24 99 E9 F1 28 23 30 75 30 75 00 00
2026-07-11T17:50:40.602540,58.998,can0  041  [04]  F6 00 13 00
2026-07-11T17:50:40.602881,58.998,can0  204  [16]  E1 22 1C D3 24 99 E9 F1 28 23 30 75 30 75 00 00
2026-07-11T17:50:40.603215,58.998,can0  204  [16]  E1 22 1C D3 24 99 E9 F1 28 23 30 75 30 75 00 00
2026-07-11T17:50:40.603526,58.998,can0  040  [04]  DF 00 06 00
2026-07-11T17:50:40.610090,59.005,can0  206  [24]  C6 0C 72 09 CA 0C 99 C6 86 0A C1 0C CA 0C 00 00 00 00 00 00 00 00 00 00
2026-07-11T17:50:40.711670,59.107,can0  204  [16]  E1 22 1C D3 24 99 E9 F1 28 23 30 75 30 75 00 00
2026-07-11T17:50:40.711992,59.107,can0  040  [04]  DF 00 06 00
2026-07-11T17:50:40.712213,59.107,can0  204  [16]  E1 22 1C D3 24 99 E9 F1 28 23 30 75 30 75 00 00
2026-07-11T17:50:40.820558,59.216,can0  204  [16]  E1 22 1C D3 24 99 E9 F1 28 23 30 75 30 75 00 00
2026-07-11T17:50:40.824828,59.220,can0  206  [24]  CA 0C 74 09 C6 0C 99 C6 85 0A C1 0C CA 0C 00 00 00 00 00 00 00 00 00 00
2026-07-11T17:50:40.824923,59.220,can0  204  [16]  E1 22 1C D3 24 99 E9 F1 28 23 30 75 30 75 00 00
2026-07-11T17:50:40.824979,59.220,can0  110  [02]  30 1B
2026-07-11T17:50:40.835073,59.230,can0  041  [04]  FD 00 12 00
2026-07-11T17:50:40.939818,59.335,can0  204  [16]  E1 22 1C D3 24 99 E9 F1 28 23 30 75 30 75 00 00
2026-07-11T17:50:40.939945,59.335,can0  070  [20]  A1 2C 4D 08 79 B1 62 03 10 A4 00 00 32 00 00 00 2F 00 00 00
2026-07-11T17:50:40.940161,59.335,can0  040  [04]  B3 00 05 00
2026-07-11T17:50:40.940749,59.336,can0  204  [16]  E1 22 1C D3 24 99 E9 F1 28 23 30 75 30 75 00 00
2026-07-11T17:50:40.940808,59.336,can0  040  [04]  B3 00 05 00
2026-07-11T17:50:41.001581,59.397,can0  206  [24]  C6 0C 72 09 CA 0C 99 C6 85 0A C6 0C CA 0C 00 00 00 00 00 00 00 00 00 00
2026-07-11T17:50:41.001874,59.397,can0  204  [16]  E1 22 1C D3 24 99 E9 F1 28 23 30 75 30 75 00 00
2026-07-11T17:50:41.004886,59.400,can0  204  [16]  E1 22 1C D3 24 99 E9 F1 28 23 30 75 30 75 00 00
2026-07-11T17:50:41.141850,59.537,can0  204  [16]  E1 22 1C D3 24 99 E9 F1 28 23 30 75 30 75 00 00
2026-07-11T17:50:41.142364,59.537,can0  041  [04]  FE 00 13 00
2026-07-11T17:50:41.142884,59.538,can0  204  [16]  E1 22 1C D3 24 99 E9 F1 28 23 30 75 30 75 00 00
2026-07-11T17:50:41.151542,59.547,can0  206  [24]  C6 0C 72 09 CA 0C 99 C6 85 0A C6 0C CA 0C 00 00 00 00 00 00 00 00 00 00
2026-07-11T17:50:41.151671,59.547,can0  040  [04]  B3 00 0A 00
2026-07-11T17:50:41.213697,59.609,can0  204  [16]  E1 22 1C D3 24 99 E9 F1 28 23 30 75 30 75 00 00
2026-07-11T17:50:41.213767,59.609,can0  040  [04]  B3 00 0A 00
2026-07-11T17:50:41.213815,59.609,can0  204  [16]  E1 22 1C D3 24 99 E9 F1 28 23 30 75 30 75 00 00
2026-07-11T17:50:41.218295,59.613,can0  100  [03]  A2 7E 04
2026-07-11T17:50:41.218365,59.613,can0  120  [04]  00 00 00 00
2026-07-11T17:50:41.322062,59.717,can0  070  [20]  A1 2C 4D 08 7A B1 62 03 F8 A7 00 00 32 00 00 00 38 00 00 00
2026-07-11T17:50:41.322376,59.717,can0  204  [16]  E1 22 1C D3 24 99 E9 F1 28 23 30 75 30 75 00 00
2026-07-11T17:50:41.326119,59.721,can0  206  [24]  C6 0C 73 09 CA 0C 99 C6 87 0A C6 0C CA 0C 00 00 00 00 00 00 00 00 00 00
2026-07-11T17:50:41.326377,59.721,can0  070  [20]  A1 2C 4D 08 7A B1 62 03 F8 A7 00 00 32 00 00 00 37 00 00 00
2026-07-11T17:50:41.326695,59.722,can0  204  [16]  E1 22 1C D3 24 99 E9 F1 28 23 30 75 30 75 00 00
2026-07-11T17:50:41.326933,59.722,can0  060  [32]  6E DE D5 02 F4 6A 4D 08 51 DC 64 03 00 00 95 0C 39 00 80 00 00 00 00 00 02 00 00 00 00 00 00 00
2026-07-11T17:50:41.327069,59.722,can0  060  [32]  00 00 00 00 A1 2C 4D 08 CF 06 B8 10 00 00 10 0E FF 01 00 00 00 00 00 01 02 00 00 00 00 00 00 00
2026-07-11T17:50:41.433743,59.829,can0  041  [04]  FE 00 13 00
2026-07-11T17:50:41.434134,59.829,can0  204  [16]  E1 22 1C D3 24 99 E9 F1 28 23 30 75 30 75 00 00
2026-07-11T17:50:41.434439,59.829,can0  070  [20]  A1 2C 4D 08 7A B1 62 03 F8 A7 00 00 32 00 00 00 37 00 00 00
2026-07-11T17:50:41.434737,59.830,can0  204  [16]  E1 22 1C D3 24 99 E9 F1 28 23 30 75 30 75 00 00
2026-07-11T17:50:41.435031,59.830,can0  040  [04]  D1 00 0B 00
2026-07-11T17:50:41.492613,59.888,can0  206  [24]  C6 0C 72 09 CA 0C 99 C6 86 0A C6 0C CA 0C 00 00 00 00 00 00 00 00 00 00
2026-07-11T17:50:41.492739,59.888,can0  204  [16]  E1 22 1C D3 24 99 E9 F1 28 23 30 75 30 75 00 00
2026-07-11T17:50:41.495611,59.891,can0  040  [04]  D1 00 0B 00
2026-07-11T17:50:41.495721,59.891,can0  204  [16]  E1 22 1C D3 24 99 E9 F1 28 23 30 75 30 75 00 00
2026-07-11T17:50:41.596939,59.992,can0  204  [16]  E1 22 1C D3 24 99 E9 F1 28 23 30 75 30 75 00 00
2026-07-11T17:50:41.601153,59.996,can0  206  [24]  C6 0C 71 09 C6 0C 99 C6 86 0A CA 0C CA 0C 00 00 00 00 00 00 00 00 00 00
2026-07-11T17:50:41.601493,59.996,can0  204  [16]  E1 22 1C D3 24 99 E9 F1 28 23 30 75 30 75 00 00
2026-07-11T17:50:41.601776,59.997,can0  041  [04]  F8 00 13 00
2026-07-11T17:50:41.705574,60.101,can0  204  [16]  E1 22 1C D3 24 99 E9 F1 28 23 30 75 30 75 00 00
2026-07-11T17:50:41.705845,60.101,can0  040  [04]  DF 00 0B 00
2026-07-11T17:50:41.706139,60.101,can0  204  [16]  E1 22 1C D3 24 99 E9 F1 28 23 30 75 30 75 00 00
2026-07-11T17:50:41.706339,60.101,can0  040  [04]  DF 00 0B 00
2026-07-11T17:50:41.813338,60.208,can0  204  [16]  E1 22 1C D3 24 99 E9 F1 28 23 30 75 30 75 00 00
2026-07-11T17:50:41.817922,60.213,can0  206  [24]  C6 0C 71 09 BC 0C 99 C6 86 0A D4 0C CA 0C 00 00 00 00 00 00 00 00 00 00
2026-07-11T17:50:41.818214,60.213,can0  204  [16]  E1 22 1C D3 24 99 E9 F1 28 23 30 75 30 75 00 00
2026-07-11T17:50:41.818466,60.213,can0  060  [32]  00 00 00 00 00 00 00 00 00 00 00 00 00 00 00 00 00 00 00 00 00 00 00 00 00 00 00 00 00 00 00 00
2026-07-11T17:50:41.924459,60.319,can0  204  [16]  E1 22 1C D3 24 99 E9 F1 28 23 30 75 30 75 00 00
2026-07-11T17:50:41.925090,60.320,can0  070  [20]  A1 2C 4D 08 7A B1 62 03 F8 A7 00 00 32 00 00 00 37 00 00 00
2026-07-11T17:50:41.925404,60.320,can0  041  [04]  F8 00 13 00
2026-07-11T17:50:41.925747,60.321,can0  070  [20]  A1 2C 4D 08 7A B1 62 03 F8 A7 00 00 32 00 00 00 37 00 00 00
2026-07-11T17:50:41.926022,60.321,can0  204  [16]  E1 22 1C D3 24 99 E9 F1 28 23 30 75 30 75 00 00
2026-07-11T17:50:41.930596,60.326,can0  206  [24]  C6 0C 71 09 BC 0C 99 C6 86 0A D0 0C CA 0C 00 00 00 00 00 00 00 00 00 00
2026-07-11T17:50:42.031201,60.426,can0  040  [04]  FC 00 0C 00
2026-07-11T17:50:42.031614,60.427,can0  204  [16]  E1 22 1C D3 24 99 E9 F1 28 23 30 75 30 75 00 00
2026-07-11T17:50:42.031912,60.427,can0  040  [04]  FC 00 0C 00
2026-07-11T17:50:42.032128,60.427,can0  204  [16]  E1 22 1C D3 24 99 E9 F1 28 23 30 75 30 75 00 00
2026-07-11T17:50:42.135846,60.531,can0  204  [16]  E1 22 1C D3 24 99 E9 F1 28 23 30 75 30 75 00 00
2026-07-11T17:50:42.139563,60.535,can0  206  [24]  C6 0C 71 09 BC 0C 99 C6 84 0A D0 0C CA 0C 00 00 00 00 00 00 00 00 00 00
2026-07-11T17:50:42.139872,60.535,can0  204  [16]  E1 22 1C D3 24 99 E9 F1 28 23 30 75 30 75 00 00
2026-07-11T17:50:42.192105,60.587,can0  041  [04]  ED 00 12 00
2026-07-11T17:50:42.192392,60.587,can0  204  [16]  E1 22 1C D3 24 99 E9 F1 28 23 30 75 30 75 00 00
2026-07-11T17:50:42.192639,60.588,can0  040  [04]  FE 00 06 00
2026-07-11T17:50:42.192889,60.588,can0  204  [16]  E1 22 1C D3 24 99 E9 F1 28 23 30 75 30 75 00 00
2026-07-11T17:50:42.193392,60.588,can0  070  [20]  A1 2C 4D 08 7A B1 62 03 E0 AB 00 00 32 00 00 00 2C 00 00 00
2026-07-11T17:50:42.296306,60.691,can0  070  [20]  A1 2C 4D 08 7A B1 62 03 E0 AB 00 00 32 00 00 00 2C 00 00 00
2026-07-11T17:50:42.296582,60.692,can0  040  [04]  FE 00 06 00
2026-07-11T17:50:42.300804,60.696,can0  206  [24]  C0 0C 73 09 C6 0C 99 C6 84 0A C6 0C D0 0C 00 00 00 00 00 00 00 00 00 00
2026-07-11T17:50:42.301192,60.696,can0  204  [16]  E1 22 1C D3 24 99 E9 F1 28 23 30 75 30 75 00 00
2026-07-11T17:50:42.305201,60.700,can0  204  [16]  E1 22 1C D3 24 99 E9 F1 28 23 30 75 30 75 00 00
2026-07-11T17:50:42.305264,60.700,can0  060  [32]  00 00 00 00 00 00 00 00 00 00 00 00 00 00 00 00 00 00 00 00 00 00 00 00 00 00 00 00 00 00 00 00
2026-07-11T17:50:42.404982,60.800,can0  060  [32]  00 00 00 00 A1 2C 4D 08 CF 06 B8 10 00 00 10 0E FF 01 00 00 00 00 00 00 01 00 00 00 00 00 00 00
2026-07-11T17:50:42.405888,60.801,can0  204  [16]  E1 22 1C D3 24 99 E9 F1 28 23 30 75 30 75 00 00
2026-07-11T17:50:42.406137,60.801,can0  070  [20]  A1 2C 4D 08 7A B1 62 03 E0 AB 00 00 32 00 00 00 2C 00 00 00
2026-07-11T17:50:42.406382,60.801,can0  100  [03]  A9 7E 04
2026-07-11T17:50:42.406646,60.802,can0  110  [02]  31 1B
2026-07-11T17:50:42.406842,60.802,can0  120  [04]  00 00 00 00
2026-07-11T17:50:42.407118,60.802,can0  204  [16]  E1 22 1C D3 24 99 E9 F1 28 23 30 75 30 75 00 00
2026-07-11T17:50:42.407302,60.802,can0  041  [04]  E4 00 12 00
2026-07-11T17:50:42.410915,60.806,can0  206  [24]  C0 0C 73 09 CA 0C 99 C6 84 0A C1 0C D0 0C 00 00 00 00 00 00 00 00 00 00
2026-07-11T17:50:42.514569,60.910,can0  040  [04]  B3 00 00 00
2026-07-11T17:50:42.514923,60.910,can0  204  [16]  E1 22 1C D3 24 99 E9 F1 28 23 30 75 30 75 00 00
2026-07-11T17:50:42.515181,60.910,can0  204  [16]  E1 22 1C D3 24 99 E9 F1 28 23 30 75 30 75 00 00
2026-07-11T17:50:42.515371,60.910,can0  040  [04]  B3 00 00 00
2026-07-11T17:50:42.619370,61.014,can0  132  [00]
2026-07-11T17:50:42.619667,61.015,can0  204  [16]  E1 22 1C D3 24 99 E9 F1 28 23 30 75 30 75 00 00
2026-07-11T17:50:42.623403,61.018,can0  206  [24]  C0 0C 72 09 CF 0C 99 C6 84 0A BC 0C D0 0C 00 00 00 00 00 00 00 00 00 00
2026-07-11T17:50:42.623798,61.019,can0  204  [16]  E1 22 1C D3 24 99 E9 F1 28 23 30 75 30 75 00 00
2026-07-11T17:50:42.725584,61.121,can0  204  [16]  E1 22 1C D3 24 99 E9 F1 28 23 30 75 30 75 00 00
2026-07-11T17:50:42.726090,61.121,can0  041  [04]  DE 00 10 00
2026-07-11T17:50:42.726146,61.121,can0  204  [16]  E1 22 1C D3 24 99 E9 F1 28 23 30 75 30 75 00 00
2026-07-11T17:50:42.726369,61.121,can0  040  [04]  A5 00 05 00
2026-07-11T17:50:42.830022,61.225,can0  131  [00]
2026-07-11T17:50:42.837453,61.232,can0  206  [24]  C0 0C 71 09 CF 0C 99 C6 84 0A BC 0C D0 0C 00 00 00 00 00 00 00 00 00 00
2026-07-11T17:50:42.837550,61.233,can0  204  [16]  E1 22 1C D3 24 99 E9 F1 28 23 30 75 30 75 00 00
2026-07-11T17:50:42.837726,61.233,can0  040  [04]  A5 00 05 00
2026-07-11T17:50:42.838082,61.233,can0  204  [16]  E1 22 1C D3 24 99 E9 F1 28 23 30 75 30 75 00 00
2026-07-11T17:50:42.899867,61.295,can0  070  [20]  A1 2C 4D 08 7A B1 62 03 E0 AB 00 00 32 00 00 00 2C 00 00 00
2026-07-11T17:50:42.900151,61.295,can0  204  [16]  E1 22 1C D3 24 99 E9 F1 28 23 30 75 30 75 00 00
2026-07-11T17:50:42.900358,61.295,can0  133  [00]
2026-07-11T17:50:42.900935,61.296,can0  204  [16]  E1 22 1C D3 24 99 E9 F1 28 23 30 75 30 75 00 00
2026-07-11T17:50:42.904736,61.300,can0  206  [24]  C0 0C 71 09 CF 0C 99 C6 84 0A BC 0C D0 0C 00 00 00 00 00 00 00 00 00 00
2026-07-11T17:50:43.014129,61.409,can0  130  [00]
2026-07-11T17:50:43.014468,61.409,can0  041  [04]  E7 00 0F 00
2026-07-11T17:50:43.014838,61.410,can0  204  [16]  E1 22 1C D3 24 99 E9 F1 28 23 30 75 30 75 00 00
2026-07-11T17:50:43.015136,61.410,can0  040  [04]  A0 00 07 00
2026-07-11T17:50:43.015412,61.410,can0  204  [16]  E1 22 1C D3 24 99 E9 F1 28 23 30 75 30 75 00 00
2026-07-11T17:50:43.126760,61.522,can0  040  [04]  A0 00 07 00
2026-07-11T17:50:43.127082,61.522,can0  204  [16]  E1 22 1C D3 24 99 E9 F1 28 23 30 75 30 75 00 00
2026-07-11T17:50:43.135063,61.530,can0  206  [24]  C0 0C 70 09 CA 0C 99 C6 84 0A C1 0C D0 0C 00 00 00 00 00 00 00 00 00 00
2026-07-11T17:50:43.135129,61.530,can0  204  [16]  E1 22 1C D3 24 99 E9 F1 28 23 30 75 30 75 00 00
2026-07-11T17:50:43.243213,61.638,can0  204  [16]  E1 22 1C D3 24 99 E9 F1 28 23 30 75 30 75 00 00
2026-07-11T17:50:43.243282,61.638,can0  041  [04]  E4 00 0F 00
2026-07-11T17:50:43.246644,61.642,can0  204  [16]  E1 22 1C D3 24 99 E9 F1 28 23 30 75 30 75 00 00
2026-07-11T17:50:43.301083,61.696,can0  070  [20]  A1 2C 4D 08 7C B1 62 03 C8 AF 00 00 32 00 00 00 3D 00 00 00
2026-07-11T17:50:43.305054,61.700,can0  206  [24]  CA 0C 70 09 C6 0C 99 C6 84 0A C1 0C CA 0C 00 00 00 00 00 00 00 00 00 00
2026-07-11T17:50:43.305377,61.700,can0  070  [20]  A1 2C 4D 08 7C B1 62 03 C8 AF 00 00 32 00 00 00 3C 00 00 00
2026-07-11T17:50:43.305561,61.701,can0  040  [04]  AC 00 0A 00
2026-07-11T17:50:43.305843,61.701,can0  204  [16]  E1 22 1C D3 24 99 E9 F1 28 23 30 75 30 75 00 00
2026-07-11T17:50:43.306040,61.701,can0  040  [04]  AC 00 0A 00
2026-07-11T17:50:43.306296,61.701,can0  204  [16]  E1 22 1C D3 24 99 E9 F1 28 23 30 75 30 75 00 00
2026-07-11T17:50:43.415797,61.811,can0  060  [32]  59 84 D6 02 11 97 4D 08 E0 5D 64 03 25 00 D1 0B 30 01 FF 00 00 00 00 00 02 00 00 00 00 00 00 00
2026-07-11T17:50:43.416074,61.811,can0  060  [32]  00 00 00 00 A1 2C 4D 08 D1 06 B8 10 00 00 10 0E FF 01 00 00 00 00 00 01 02 00 00 00 00 00 00 00
2026-07-11T17:50:43.420693,61.816,can0  070  [20]  A1 2C 4D 08 7C B1 62 03 C8 AF 00 00 32 00 00 00 3C 00 00 00
2026-07-11T17:50:43.420757,61.816,can0  204  [16]  E1 22 1C D3 24 99 E9 F1 28 23 30 75 30 75 00 00
2026-07-11T17:50:43.420801,61.816,can0  206  [24]  CA 0C 70 09 CB 0C 99 C6 85 0A BC 0C CA 0C 00 00 00 00 00 00 00 00 00 00
2026-07-11T17:50:43.423292,61.818,can0  204  [16]  E1 22 1C D3 24 99 E9 F1 28 23 30 75 30 75 00 00
2026-07-11T17:50:43.527002,61.922,can0  041  [04]  E1 00 0F 00
2026-07-11T17:50:43.527119,61.922,can0  204  [16]  E1 22 1C D3 24 99 E9 F1 28 23 30 75 30 75 00 00
2026-07-11T17:50:43.527418,61.922,can0  204  [16]  E1 22 1C D3 24 99 E9 F1 28 23 30 75 30 75 00 00
2026-07-11T17:50:43.527517,61.922,can0  040  [04]  B3 00 0B 00
2026-07-11T17:50:43.637674,62.033,can0  204  [16]  E1 22 1C D3 24 99 E9 F1 28 23 30 75 30 75 00 00
2026-07-11T17:50:43.637778,62.033,can0  040  [04]  B3 00 0B 00
2026-07-11T17:50:43.637881,62.033,can0  206  [24]  C6 0C 70 09 D4 0C 99 C6 85 0A BC 0C CA 0C 00 00 00 00 00 00 00 00 00 00
2026-07-11T17:50:43.637941,62.033,can0  100  [03]  B0 7E 04
2026-07-11T17:50:43.638021,62.033,can0  120  [04]  00 00 00 00
2026-07-11T17:50:43.638096,62.033,can0  204  [16]  E1 22 1C D3 24 99 E9 F1 28 23 30 75 30 75 00 00
2026-07-11T17:50:43.691781,62.087,can0  204  [16]  E1 22 1C D3 24 99 E9 F1 28 23 30 75 30 75 00 00
2026-07-11T17:50:43.691905,62.087,can0  204  [16]  E1 22 1C D3 24 99 E9 F1 28 23 30 75 30 75 00 00
2026-07-11T17:50:43.801064,62.196,can0  041  [04]  D8 00 0D 00
2026-07-11T17:50:43.801165,62.196,can0  206  [24]  C5 0C 72 09 D0 0C 99 C6 85 0A BC 0C D0 0C 00 00 00 00 00 00 00 00 00 00
2026-07-11T17:50:43.803699,62.199,can0  204  [16]  E1 22 1C D3 24 99 E9 F1 28 23 30 75 30 75 00 00
2026-07-11T17:50:43.803754,62.199,can0  040  [04]  B3 00 07 00
2026-07-11T17:50:43.807504,62.202,can0  204  [16]  E1 22 1C D3 24 99 E9 F1 28 23 30 75 30 75 00 00
2026-07-11T17:50:43.916305,62.311,can0  060  [32]  00 00 00 00 00 00 00 00 00 00 00 00 00 00 00 00 00 00 00 00 00 00 00 00 00 00 00 00 00 00 00 00
2026-07-11T17:50:43.917069,62.312,can0  070  [20]  A1 2C 4D 08 7C B1 62 03 C8 AF 00 00 32 00 00 00 3C 00 00 00
2026-07-11T17:50:43.917127,62.312,can0  040  [04]  B3 00 07 00
2026-07-11T17:50:43.917173,62.312,can0  204  [16]  E1 22 1C D3 24 99 E9 F1 28 23 30 75 30 75 00 00
2026-07-11T17:50:43.917418,62.312,can0  070  [20]  A1 2C 4D 08 7C B1 62 03 C8 AF 00 00 32 00 00 00 3C 00 00 00
2026-07-11T17:50:43.921595,62.317,can0  206  [24]  C5 0C 72 09 D0 0C 99 C6 84 0A BC 0C D0 0C 00 00 00 00 00 00 00 00 00 00
2026-07-11T17:50:43.925778,62.321,can0  204  [16]  E1 22 1C D3 24 99 E9 F1 28 23 30 75 30 75 00 00
2026-07-11T17:50:44.040153,62.435,can0  204  [16]  E1 22 1C D3 24 99 E9 F1 28 23 30 75 30 75 00 00
2026-07-11T17:50:44.040250,62.435,can0  041  [04]  C8 00 0C 00
2026-07-11T17:50:44.040318,62.435,can0  110  [02]  30 1B
2026-07-11T17:50:44.040387,62.435,can0  204  [16]  E1 22 1C D3 24 99 E9 F1 28 23 30 75 30 75 00 00
2026-07-11T17:50:44.099045,62.494,can0  040  [04]  B3 00 08 00
2026-07-11T17:50:44.099134,62.494,can0  204  [16]  E1 22 1C D3 24 99 E9 F1 28 23 30 75 30 75 00 00
2026-07-11T17:50:44.099204,62.494,can0  206  [24]  C5 0C 72 09 D0 0C 99 C6 85 0A BC 0C D0 0C 00 00 00 00 00 00 00 00 00 00
2026-07-11T17:50:44.099330,62.494,can0  040  [04]  B3 00 08 00
2026-07-11T17:50:44.099632,62.495,can0  204  [16]  E1 22 1C D3 24 99 E9 F1 28 23 30 75 30 75 00 00
2026-07-11T17:50:44.222103,62.617,can0  204  [16]  E1 22 1C D3 24 99 E9 F1 28 23 30 75 30 75 00 00
2026-07-11T17:50:44.222619,62.618,can0  070  [20]  9F 2C 4D 08 7C B1 62 03 B0 B3 00 00 32 00 00 00 23 00 00 00
2026-07-11T17:50:44.346300,62.741,can0  204  [16]  E1 22 1C D3 24 99 E9 F1 28 23 30 75 30 75 00 00
2026-07-11T17:50:44.347501,62.742,can0  070  [20]  9F 2C 4D 08 7C B1 62 03 B0 B3 00 00 32 00 00 00 23 00 00 00
2026-07-11T17:50:44.352816,62.748,can0  206  [24]  BC 0C 72 09 CA 0C 99 C6 84 0A C6 0C D5 0C 00 00 00 00 00 00 00 00 00 00
2026-07-11T17:50:44.353168,62.748,can0  041  [04]  D4 00 0A 00
2026-07-11T17:50:44.353508,62.748,can0  204  [16]  E1 22 1C D3 24 99 E9 F1 28 23 30 75 30 75 00 00
2026-07-11T17:50:44.363706,62.759,can0  040  [04]  B3 00 09 00
2026-07-11T17:50:44.418351,62.813,can0  204  [16]  E1 22 1C D3 24 99 E9 F1 28 23 30 75 30 75 00 00
2026-07-11T17:50:44.418450,62.813,can0  070  [20]  9F 2C 4D 08 7C B1 62 03 B0 B3 00 00 32 00 00 00 23 00 00 00
2026-07-11T17:50:44.418549,62.814,can0  060  [32]  00 00 00 00 00 00 00 00 00 00 00 00 00 00 00 00 00 00 00 00 00 00 00 00 00 00 00 00 00 00 00 00
2026-07-11T17:50:44.418632,62.814,can0  060  [32]  00 00 00 00 9F 2C 4D 08 D1 06 B8 10 00 00 10 0E FF 01 00 00 00 00 00 00 01 00 00 00 00 00 00 00
2026-07-11T17:50:44.420073,62.815,can0  204  [16]  E1 22 1C D3 24 99 E9 F1 28 23 30 75 30 75 00 00
2026-07-11T17:50:44.420583,62.816,can0  040  [04]  B3 00 09 00
2026-07-11T17:50:44.430679,62.826,can0  206  [24]  C0 0C 72 09 CB 0C 99 C6 84 0A C1 0C D5 0C 00 00 00 00 00 00 00 00 00 00
2026-07-11T17:50:44.548023,62.943,can0  204  [16]  E1 22 1C D3 24 99 E9 F1 28 23 30 75 30 75 00 00
2026-07-11T17:50:44.554476,62.949,can0  204  [16]  E1 22 1C D3 24 99 E9 F1 28 23 30 75 30 75 00 00
2026-07-11T17:50:44.607417,63.002,can0  041  [04]  DF 00 09 00
2026-07-11T17:50:44.607728,63.003,can0  204  [16]  E1 22 1C D3 24 99 E9 F1 28 23 30 75 30 75 00 00
2026-07-11T17:50:44.612292,63.007,can0  206  [24]  BC 0C 71 09 CA 0C 99 C6 84 0A C6 0C D5 0C 00 00 00 00 00 00 00 00 00 00
2026-07-11T17:50:44.612727,63.008,can0  204  [16]  E1 22 1C D3 24 99 E9 F1 28 23 30 75 30 75 00 00
2026-07-11T17:50:44.613236,63.008,can0  040  [04]  C3 00 0A 00
2026-07-11T17:50:44.733527,63.128,can0  204  [16]  E1 22 1C D3 24 99 E9 F1 28 23 30 75 30 75 00 00
2026-07-11T17:50:44.733606,63.129,can0  040  [04]  C3 00 0A 00
2026-07-11T17:50:44.733662,63.129,can0  204  [16]  E1 22 1C D3 24 99 E9 F1 28 23 30 75 30 75 00 00
2026-07-11T17:50:44.849467,63.244,can0  204  [16]  E1 22 1C D3 24 99 E9 F1 28 23 30 75 30 75 00 00
2026-07-11T17:50:44.854145,63.249,can0  206  [24]  BB 0C 71 09 CF 0C 99 C6 84 0A C6 0C D0 0C 00 00 00 00 00 00 00 00 00 00
2026-07-11T17:50:44.854487,63.249,can0  204  [16]  E1 22 1C D3 24 99 E9 F1 28 23 30 75 30 75 00 00
2026-07-11T17:50:44.854815,63.250,can0  041  [04]  DA 00 0A 00
2026-07-11T17:50:44.855099,63.250,can0  100  [03]  BA 7E 04
2026-07-11T17:50:44.855293,63.250,can0  120  [04]  00 00 00 00
2026-07-11T17:50:44.912179,63.307,can0  070  [20]  9F 2C 4D 08 7C B1 62 03 B0 B3 00 00 32 00 00 00 23 00 00 00
2026-07-11T17:50:44.912477,63.307,can0  204  [16]  E1 22 1C D3 24 99 E9 F1 28 23 30 75 30 75 00 00
2026-07-11T17:50:44.912734,63.308,can0  070  [20]  9F 2C 4D 08 7C B1 62 03 B0 B3 00 00 32 00 00 00 23 00 00 00
2026-07-11T17:50:44.913003,63.308,can0  060  [32]  00 00 00 00 00 00 00 00 00 00 00 00 00 00 00 00 00 00 00 00 00 00 00 00 00 00 00 00 00 00 00 00
2026-07-11T17:50:44.913339,63.308,can0  040  [04]  DF 00 09 00
2026-07-11T17:50:44.913641,63.309,can0  204  [16]  E1 22 1C D3 24 99 E9 F1 28 23 30 75 30 75 00 00
2026-07-11T17:50:44.913930,63.309,can0  040  [04]  DF 00 09 00
2026-07-11T17:50:44.918909,63.314,can0  206  [24]  C0 0C 70 09 CA 0C 99 C6 83 0A C6 0C D0 0C 00 00 00 00 00 00 00 00 00 00
2026-07-11T17:50:45.035135,63.430,can0  204  [16]  E1 22 1C D3 24 99 E9 F1 28 23 30 75 30 75 00 00
2026-07-11T17:50:45.035216,63.430,can0  204  [16]  E1 22 1C D3 24 99 E9 F1 28 23 30 75 30 75 00 00
2026-07-11T17:50:45.142982,63.538,can0  204  [16]  E1 22 1C D3 24 99 E9 F1 28 23 30 75 30 75 00 00
2026-07-11T17:50:45.147430,63.542,can0  041  [04]  E0 00 0B 00
2026-07-11T17:50:45.147524,63.542,can0  206  [24]  C0 0C 71 09 CA 0C 99 C6 85 0A C6 0C D0 0C 00 00 00 00 00 00 00 00 00 00
2026-07-11T17:50:45.147907,63.543,can0  204  [16]  E1 22 1C D3 24 99 E9 F1 28 23 30 75 30 75 00 00
2026-07-11T17:50:45.148227,63.543,can0  040  [04]  B3 00 08 00
2026-07-11T17:50:45.203583,63.599,can0  204  [16]  E1 22 1C D3 24 99 E9 F1 28 23 30 75 30 75 00 00
2026-07-11T17:50:45.203914,63.599,can0  040  [04]  B3 00 08 00
2026-07-11T17:50:45.213703,63.609,can0  204  [16]  E1 22 1C D3 24 99 E9 F1 28 23 30 75 30 75 00 00
2026-07-11T17:50:45.310057,63.705,can0  070  [20]  9F 2C 4D 08 7E B1 62 03 98 B7 00 00 32 00 00 00 3B 00 00 00
2026-07-11T17:50:45.310382,63.705,can0  204  [16]  E1 22 1C D3 24 99 E9 F1 28 23 30 75 30 75 00 00
2026-07-11T17:50:45.312506,63.707,can0  206  [24]  C0 0C 72 09 CA 0C 99 C6 85 0A C6 0C D0 0C 00 00 00 00 00 00 00 00 00 00
2026-07-11T17:50:45.317704,63.713,can0  070  [20]  9F 2C 4D 08 7E B1 62 03 98 B7 00 00 32 00 00 00 3B 00 00 00
2026-07-11T17:50:45.317766,63.713,can0  204  [16]  E1 22 1C D3 24 99 E9 F1 28 23 30 75 30 75 00 00
2026-07-11T17:50:45.317808,63.713,can0  041  [04]  E4 00 0B 00
2026-07-11T17:50:45.422368,63.817,can0  204  [16]  E1 22 1C D3 24 99 E9 F1 28 23 30 75 30 75 00 00
2026-07-11T17:50:45.422438,63.817,can0  070  [20]  9F 2C 4D 08 7E B1 62 03 98 B7 00 00 32 00 00 00 3B 00 00 00
2026-07-11T17:50:45.422519,63.817,can0  060  [32]  00 00 00 00 00 00 00 00 00 00 00 00 00 00 00 00 00 00 00 00 00 00 00 00 00 00 00 00 00 00 00 00
2026-07-11T17:50:45.422598,63.818,can0  060  [32]  00 00 00 00 9F 2C 4D 08 D2 06 B8 10 00 00 10 0E FF 01 00 00 00 00 00 00 01 00 00 00 00 00 00 00
2026-07-11T17:50:45.423398,63.818,can0  040  [04]  A0 00 05 00
2026-07-11T17:50:45.423479,63.818,can0  204  [16]  E1 22 1C D3 24 99 E9 F1 28 23 30 75 30 75 00 00
2026-07-11T17:50:45.429030,63.824,can0  206  [24]  C5 0C 72 09 C6 0C 99 C6 87 0A C6 0C D0 0C 00 00 00 00 00 00 00 00 00 00
2026-07-11T17:50:45.548860,63.944,can0  204  [16]  E1 22 1C D3 24 99 E9 F1 28 23 30 75 30 75 00 00
2026-07-11T17:50:45.548941,63.944,can0  040  [04]  A0 00 05 00
2026-07-11T17:50:45.549004,63.944,can0  204  [16]  E1 22 1C D3 24 99 E9 F1 28 23 30 75 30 75 00 00
2026-07-11T17:50:45.603445,63.998,can0  204  [16]  E1 22 1C D3 24 99 E9 F1 28 23 30 75 30 75 00 00
2026-07-11T17:50:45.607710,64.003,can0  206  [24]  C5 0C 72 09 C6 0C 99 C6 87 0A C6 0C D0 0C 00 00 00 00 00 00 00 00 00 00
2026-07-11T17:50:45.607800,64.003,can0  204  [16]  E1 22 1C D3 24 99 E9 F1 28 23 30 75 30 75 00 00
2026-07-11T17:50:45.610918,64.006,can0  041  [04]  DF 00 0A 00
2026-07-11T17:50:45.610999,64.006,can0  110  [02]  30 1B
2026-07-11T17:50:45.719087,64.114,can0  204  [16]  E1 22 1C D3 24 99 E9 F1 28 23 30 75 30 75 00 00
2026-07-11T17:50:45.719343,64.114,can0  040  [04]  A0 00 05 00
2026-07-11T17:50:45.719710,64.115,can0  204  [16]  E1 22 1C D3 24 99 E9 F1 28 23 30 75 30 75 00 00
2026-07-11T17:50:45.720053,64.115,can0  040  [04]  A0 00 05 00
2026-07-11T17:50:45.835198,64.230,can0  206  [24]  C0 0C 72 09 CA 0C 99 C6 87 0A C6 0C D0 0C 00 00 00 00 00 00 00 00 00 00
2026-07-11T17:50:45.835295,64.230,can0  204  [16]  E1 22 1C D3 24 99 E9 F1 28 23 30 75 30 75 00 00
2026-07-11T17:50:45.840089,64.235,can0  204  [16]  E1 22 1C D3 24 99 E9 F1 28 23 30 75 30 75 00 00
2026-07-11T17:50:45.950401,64.345,can0  204  [16]  E1 22 1C D3 24 99 E9 F1 28 23 30 75 30 75 00 00
2026-07-11T17:50:45.950523,64.345,can0  070  [20]  9F 2C 4D 08 7E B1 62 03 98 B7 00 00 32 00 00 00 3B 00 00 00
2026-07-11T17:50:45.950625,64.346,can0  041  [04]  E9 00 0A 00
2026-07-11T17:50:45.950737,64.346,can0  070  [20]  9F 2C 4D 08 7E B1 62 03 98 B7 00 00 32 00 00 00 3B 00 00 00
2026-07-11T17:50:45.950985,64.346,can0  204  [16]  E1 22 1C D3 24 99 E9 F1 28 23 30 75 30 75 00 00
2026-07-11T17:50:45.960051,64.355,can0  206  [24]  C0 0C 72 09 CA 0C 99 C6 86 0A C6 0C D0 0C 00 00 00 00 00 00 00 00 00 00
2026-07-11T17:50:45.960125,64.355,can0  040  [04]  B3 00 07 00
2026-07-11T17:50:46.013625,64.409,can0  204  [16]  E1 22 1C D3 24 99 E9 F1 28 23 30 75 30 75 00 00
2026-07-11T17:50:46.013762,64.409,can0  040  [04]  B3 00 07 00
2026-07-11T17:50:46.013941,64.409,can0  204  [16]  E1 22 1C D3 24 99 E9 F1 28 23 30 75 30 75 00 00
2026-07-11T17:50:46.016826,64.412,can0  100  [03]  C5 7E 04
2026-07-11T17:50:46.016928,64.412,can0  120  [04]  00 00 00 00
2026-07-11T17:50:46.123042,64.518,can0  204  [16]  E1 22 1C D3 24 99 E9 F1 28 23 30 75 30 75 00 00
2026-07-11T17:50:46.124947,64.520,can0  206  [24]  C0 0C 71 09 CF 0C 99 C6 85 0A C1 0C D0 0C 00 00 00 00 00 00 00 00 00 00
2026-07-11T17:50:46.130075,64.525,can0  204  [16]  E1 22 1C D3 24 99 E9 F1 28 23 30 75 30 75 00 00
2026-07-11T17:50:46.238450,64.633,can0  041  [04]  E4 00 0B 00
2026-07-11T17:50:46.238733,64.634,can0  204  [16]  E1 22 1C D3 24 99 E9 F1 28 23 30 75 30 75 00 00
2026-07-11T17:50:46.239354,64.634,can0  040  [04]  B3 00 07 00
2026-07-11T17:50:46.239430,64.634,can0  204  [16]  E1 22 1C D3 24 99 E9 F1 28 23 30 75 30 75 00 00
2026-07-11T17:50:46.239513,64.634,can0  070  [20]  9F 2C 4D 08 7E B1 62 03 80 BB 00 00 32 00 00 00 09 00 00 00
2026-07-11T17:50:46.300052,64.695,can0  206  [24]  C6 0C 71 09 CF 0C 99 C6 83 0A C1 0C CA 0C 00 00 00 00 00 00 00 00 00 00
2026-07-11T17:50:46.300350,64.695,can0  070  [20]  9F 2C 4D 08 7E B1 62 03 80 BB 00 00 32 00 00 00 09 00 00 00
2026-07-11T17:50:46.300538,64.695,can0  040  [04]  B3 00 07 00
2026-07-11T17:50:46.300804,64.696,can0  204  [16]  E1 22 1C D3 24 99 E9 F1 28 23 30 75 30 75 00 00
2026-07-11T17:50:46.304578,64.700,can0  204  [16]  E1 22 1C D3 24 99 E9 F1 28 23 30 75 30 75 00 00
2026-07-11T17:50:46.410670,64.806,can0  204  [16]  E1 22 1C D3 24 99 E9 F1 28 23 30 75 30 75 00 00
2026-07-11T17:50:46.410896,64.806,can0  070  [20]  9F 2C 4D 08 7E B1 62 03 80 BB 00 00 32 00 00 00 09 00 00 00
2026-07-11T17:50:46.411165,64.806,can0  060  [32]  74 ED D5 02 DD 69 4D 08 06 24 66 03 01 00 51 00 FF 01 00 00 00 00 00 00 02 00 00 00 00 00 00 00
2026-07-11T17:50:46.411363,64.806,can0  060  [32]  00 00 00 00 9F 2C 4D 08 D2 06 B8 10 00 00 10 0E FF 01 00 00 00 00 00 01 02 00 00 00 00 00 00 00
2026-07-11T17:50:46.412408,64.807,can0  041  [04]  E4 00 0B 00
2026-07-11T17:50:46.416804,64.812,can0  206  [24]  C6 0C 71 09 CA 0C 99 C6 85 0A C6 0C CA 0C 00 00 00 00 00 00 00 00 00 00
2026-07-11T17:50:46.419778,64.815,can0  204  [16]  E1 22 1C D3 24 99 E9 F1 28 23 30 75 30 75 00 00
