Timestamp,Elapsed_Time_s,gps_lat,gps_lon,pH,Water_Temp,Salinity,Data_Wind_spd,Data_Wind_dir,Sail_Wind_spd,Sail_Wind_dir,Actual_rdr_deg,Set_rdr_deg,Speed_over_gnd,IMU_roll,IMU_pitch,IMU_heading,IMU_integral,IMU_derivative,Desired_heading,Temp1,Temp2,Temp3,Volt1,Volt2,Volt3,Volt4,MPPT_curr_hull_port,MPPT_curr_sail_port,MPPT_curr_hull_star,MPPT_curr_sail_star
2026-07-11T17:46:35.960690,3.086,None,None,None,None,None,None,None,None,None,0.7,0.0,0.0,357.88,212.04,619.29,0.0,0.0,None,None,None,None,None,None,None,None,None,None,None,None
2026-07-11T17:46:36.060326,3.186,49.275421,-123.200381,None,None,None,None,None,None,None,0.7,0.0,0.0,357.88,212.04,619.29,0.0,0.0,None,None,None,None,None,None,None,None,None,None,None,None
2026-07-11T17:46:36.060647,3.186,49.275421,-123.200381,None,None,None,None,None,2.6,4.0,0.7,0.0,0.0,357.88,212.04,619.29,0.0,0.0,None,None,None,None,None,None,None,None,None,None,None,None
2026-07-11T17:46:36.060846,3.186,49.275421,-123.200381,None,None,None,None,None,2.6,4.0,0.7,0.0,0.0,357.88,212.04,619.29,0.0,0.0,None,None,None,None,None,None,None,None,None,None,None,None
2026-07-11T17:46:36.061118,3.187,49.275421,-123.200381,None,None,None,1.9,346.0,2.6,4.0,0.7,0.0,0.0,357.88,212.04,619.29,0.0,0.0,None,None,None,None,None,None,None,None,None,None,None,None
2026-07-11T17:46:36.061378,3.187,49.275421,-123.200381,None,None,None,1.9,346.0,2.6,4.0,0.7,0.0,0.0,357.88,212.04,619.29,0.0,0.0,None,None,None,None,None,None,None,None,None,None,None,None
2026-07-11T17:46:36.061554,3.187,49.275421,-123.200381,None,None,None,1.9,346.0,2.6,4.0,0.7,0.0,0.0,357.88,212.04,619.29,0.0,0.0,None,None,None,None,None,None,None,None,None,None,None,None
2026-07-11T17:46:36.160921,3.286,49.275421,-123.200381,None,None,None,1.9,346.0,2.6,4.0,0.7,0.0,0.0,357.88,212.04,619.29,0.0,0.0,None,None,None,None,None,None,None,None,None,None,None,None
2026-07-11T17:46:36.161236,3.287,49.275421,-123.200381,None,None,None,1.9,346.0,2.6,4.0,0.7,0.0,0.0,357.88,212.04,619.29,0.0,0.0,None,None,None,None,None,None,None,None,None,None,None,None
2026-07-11T17:46:36.161748,3.287,49.275421,-123.200381,None,None,None,1.9,346.0,2.6,4.0,0.7,0.0,0.0,357.88,212.04,619.29,0.0,0.0,None,None,None,None,None,None,None,None,None,None,None,None
2026-07-11T17:46:36.161952,3.287,49.275421,-123.200381,None,None,None,1.9,346.0,2.6,4.0,0.7,0.0,0.0,357.88,212.04,619.29,0.0,0.0,None,None,None,None,None,None,None,None,None,None,None,None
2026-07-11T17:46:36.260602,3.386,49.275421,-123.200381,None,None,None,1.9,346.0,2.6,4.0,0.7,0.0,0.0,357.88,212.04,619.29,0.0,0.0,None,None,None,None,None,None,None,None,None,None,None,None
2026-07-11T17:46:36.260838,3.386,49.275421,-123.200383,None,None,None,1.9,346.0,2.6,4.0,0.7,0.0,0.0,357.88,212.04,619.29,0.0,0.0,None,None,None,None,None,None,None,None,None,None,None,None
2026-07-11T17:46:36.260977,3.386,49.275421,-123.200383,None,None,None,1.9,346.0,2.6,4.0,0.7,0.0,0.0,357.88,212.04,619.29,0.0,0.0,None,None,None,None,None,None,None,None,None,None,None,None
2026-07-11T17:46:36.261114,3.387,49.275421,-123.200383,None,None,None,1.9,346.0,2.6,4.0,0.7,0.0,0.0,357.88,212.04,619.29,0.0,0.0,None,None,None,None,None,None,None,None,None,None,None,None
2026-07-11T17:46:36.261299,3.387,49.275421,-123.200383,None,None,None,1.9,346.0,2.6,4.0,0.7,0.0,0.0,357.88,212.04,619.29,0.0,0.0,None,None,None,None,None,None,None,None,None,None,None,None
2026-07-11T17:46:36.360824,3.486,49.275421,-123.200383,None,None,None,2.0,339.0,2.6,4.0,0.7,0.0,0.0,357.88,212.04,619.29,0.0,0.0,None,None,None,None,None,None,None,None,None,None,None,None
2026-07-11T17:46:36.360978,3.486,49.275421,-123.200383,None,None,None,2.0,339.0,2.6,4.0,0.7,0.0,0.0,357.88,212.04,619.29,0.0,0.0,None,None,None,None,None,None,None,None,None,None,None,None
2026-07-11T17:46:36.361278,3.487,49.275421,-123.200383,None,None,None,2.0,339.0,2.6,4.0,0.7,0.0,0.0,357.88,212.04,619.29,0.0,0.0,None,None,None,None,None,None,None,None,None,None,None,None
2026-07-11T17:46:36.361485,3.487,49.275421,-123.200383,None,None,None,2.0,339.0,2.6,4.0,0.7,0.0,0.0,357.88,212.04,619.29,0.0,0.0,None,None,None,None,None,None,None,None,None,None,None,None
2026-07-11T17:46:36.361866,3.487,49.275421,-123.200383,None,None,None,2.0,339.0,2.6,4.0,0.7,0.0,0.0,357.88,212.04,619.29,0.0,0.0,None,None,None,None,None,None,None,None,None,None,None,None
2026-07-11T17:46:36.460181,3.586,49.275421,-123.200383,None,None,None,2.0,339.0,2.6,4.0,0.7,0.0,0.0,357.88,212.04,619.29,0.0,0.0,None,None,None,None,None,None,None,None,None,None,None,None
2026-07-11T17:46:36.460388,3.586,49.275421,-123.200383,None,None,None,2.0,339.0,2.6,4.0,0.7,0.0,0.0,357.88,212.04,619.29,0.0,0.0,None,None,None,None,None,None,None,None,None,None,None,None
2026-07-11T17:46:36.560052,3.685,49.275421,-123.200383,None,None,None,2.0,339.0,2.6,4.0,0.7,0.0,0.0,357.88,212.04,619.29,0.0,0.0,None,None,None,None,None,None,None,None,None,None,None,None
2026-07-11T17:46:36.560238,3.686,49.275421,-123.200383,None,None,None,2.0,339.0,2.4,2.0,0.7,0.0,0.0,357.88,212.04,619.29,0.0,0.0,None,None,None,None,None,None,None,None,None,None,None,None
2026-07-11T17:46:36.560363,3.686,49.275421,-123.200383,None,None,None,2.2,338.0,2.4,2.0,0.7,0.0,0.0,357.88,212.04,619.29,0.0,0.0,None,None,None,None,None,None,None,None,None,None,None,None
2026-07-11T17:46:36.560503,3.686,49.275421,-123.200383,7.0,None,None,2.2,338.0,2.4,2.0,0.7,0.0,0.0,357.88,212.04,619.29,0.0,0.0,None,None,None,None,None,None,None,None,None,None,None,None
2026-07-11T17:46:36.560806,3.686,49.275421,-123.200383,7.0,None,None,2.2,338.0,2.4,2.0,0.7,0.0,0.0,357.88,212.04,619.29,0.0,0.0,None,None,None,None,None,None,None,None,None,None,None,None
2026-07-11T17:46:36.560936,3.686,49.275421,-123.200383,7.0,None,None,2.2,338.0,2.4,2.0,0.7,0.0,0.0,357.88,212.04,619.29,0.0,0.0,None,None,None,None,None,None,None,None,None,None,None,None
2026-07-11T17:46:36.660103,3.785,49.275421,-123.200383,7.0,None,None,2.2,338.0,2.4,2.0,0.7,0.0,0.0,357.88,212.04,619.29,0.0,0.0,None,None,None,None,None,None,None,None,None,None,None,None
2026-07-11T17:46:36.660721,3.786,49.275421,-123.200383,7.0,None,None,2.2,338.0,2.4,2.0,0.7,0.0,0.0,357.88,212.04,619.29,0.0,0.0,None,None,None,None,None,None,None,None,None,None,None,None
2026-07-11T17:46:36.660936,3.786,49.275421,-123.200383,7.0,None,None,2.2,338.0,2.4,2.0,0.7,0.0,0.0,357.88,212.04,619.29,0.0,0.0,None,None,None,None,None,None,None,None,None,None,None,None
2026-07-11T17:46:36.760762,3.886,49.275421,-123.200383,7.0,None,None,2.2,338.0,2.4,2.0,0.7,0.0,0.0,357.88,212.04,619.29,0.0,0.0,None,None,None,None,None,None,None,None,None,None,None,None
2026-07-11T17:46:36.860562,3.986,49.275421,-123.200383,7.0,None,None,2.2,338.0,2.4,2.0,0.7,0.0,0.0,357.88,212.04,619.29,0.0,0.0,None,None,None,None,None,None,None,None,None,None,None,None
2026-07-11T17:46:36.860876,3.986,49.275421,-123.200383,7.0,None,None,2.2,338.0,2.3,356.0,0.7,0.0,0.0,357.88,212.04,619.29,0.0,0.0,None,None,None,None,None,None,None,None,None,None,None,None
2026-07-11T17:46:36.861017,3.986,49.275421,-123.200383,7.0,None,None,2.1,347.0,2.3,356.0,0.7,0.0,0.0,357.88,212.04,619.29,0.0,0.0,None,None,None,None,None,None,None,None,None,None,None,None
2026-07-11T17:46:36.861293,3.987,49.275421,-123.200383,7.0,None,None,2.1,347.0,2.3,356.0,0.7,0.0,0.0,357.88,212.04,619.29,0.0,0.0,None,None,None,None,None,None,None,None,None,None,None,None
2026-07-11T17:46:36.861449,3.987,49.275421,-123.200383,7.0,None,None,2.1,347.0,2.3,356.0,0.7,0.0,0.0,357.88,212.04,619.29,0.0,0.0,None,None,None,None,None,None,None,None,None,None,None,None
2026-07-11T17:46:36.861620,3.987,49.275421,-123.200383,7.0,None,None,2.1,347.0,2.3,356.0,0.7,0.0,0.0,357.88,212.04,619.29,0.0,0.0,None,None,None,None,None,None,None,None,None,None,None,None
2026-07-11T17:46:36.861841,3.987,49.275421,-123.200383,7.0,None,None,2.1,347.0,2.3,356.0,0.7,0.0,0.0,357.88,212.04,619.29,0.0,0.0,None,None,None,None,None,None,None,None,None,None,None,None
2026-07-11T17:46:36.960395,4.086,49.275421,-123.200383,7.0,None,None,2.1,347.0,2.3,356.0,0.7,0.0,0.0,357.88,212.04,619.29,0.0,0.0,None,None,None,None,None,None,None,None,None,None,None,None
2026-07-11T17:46:36.960666,4.086,49.275421,-123.200383,7.0,None,None,2.1,347.0,2.3,356.0,0.7,0.0,0.0,357.88,212.04,619.29,0.0,0.0,None,None,None,None,None,None,None,None,None,None,None,None
2026-07-11T17:46:36.960914,4.086,49.275421,-123.200383,7.0,21.554,None,2.1,347.0,2.3,356.0,0.7,0.0,0.0,357.88,212.04,619.29,0.0,0.0,None,None,None,None,None,None,None,None,None,None,None,None
2026-07-11T17:46:36.961081,4.086,49.275421,-123.200383,7.0,21.554,0,2.1,347.0,2.3,356.0,0.7,0.0,0.0,357.88,212.04,619.29,0.0,0.0,None,None,None,None,None,None,None,None,None,None,None,None
2026-07-11T17:46:36.961385,4.087,49.275421,-123.200383,7.0,21.554,0,2.1,347.0,2.3,356.0,0.7,0.0,0.0,357.88,212.04,619.29,0.0,0.0,None,None,None,None,None,None,None,None,None,None,None,None
2026-07-11T17:46:37.060830,4.186,49.275421,-123.200383,7.0,21.554,0,2.1,347.0,2.3,356.0,0.7,0.0,0.0,357.88,212.04,619.29,0.0,0.0,None,None,None,None,None,None,None,None,None,None,None,None
2026-07-11T17:46:37.061140,4.187,49.275421,-123.200383,7.0,21.554,0,2.1,347.0,2.4,353.0,0.7,0.0,0.0,357.88,212.04,619.29,0.0,0.0,None,None,None,None,None,None,None,None,None,None,None,None
2026-07-11T17:46:37.061470,4.187,49.275421,-123.200383,7.0,21.554,0,2.1,347.0,2.4,353.0,0.7,0.0,0.0,357.88,212.04,619.29,0.0,0.0,None,None,None,None,None,None,None,None,None,None,None,None
2026-07-11T17:46:37.160421,4.286,49.275421,-123.200383,7.0,21.554,0,2.1,347.0,2.4,353.0,0.7,0.0,0.0,357.88,212.04,619.29,0.0,0.0,None,None,None,None,None,None,None,None,None,None,None,None
2026-07-11T17:46:37.160703,4.286,49.275421,-123.200383,7.0,21.554,0,2.1,347.0,2.4,353.0,0.7,0.0,0.0,357.88,212.04,619.29,0.0,0.0,None,None,None,None,None,None,None,None,None,None,None,None
2026-07-11T17:46:37.160929,4.286,49.275421,-123.200383,7.0,21.554,0,2.1,347.0,2.4,353.0,0.7,0.0,0.0,357.88,212.04,619.29,0.0,0.0,None,None,None,None,None,None,None,None,None,None,None,None
2026-07-11T17:46:37.161227,4.287,49.275421,-123.200383,7.0,21.554,0,2.1,347.0,2.4,353.0,0.7,0.0,0.0,357.88,212.04,619.29,0.0,0.0,None,None,None,None,None,None,None,None,None,None,None,None
2026-07-11T17:46:37.161695,4.287,49.275421,-123.200383,7.0,21.554,0,2.1,347.0,2.4,353.0,0.7,0.0,0.0,357.88,212.04,619.29,0.0,0.0,None,None,None,None,None,None,None,None,None,None,None,None
2026-07-11T17:46:37.259964,4.385,49.275421,-123.200383,7.0,21.554,0,2.1,347.0,2.4,353.0,0.7,0.0,0.0,357.88,212.04,619.29,0.0,0.0,None,None,None,None,None,None,None,None,None,None,None,None
2026-07-11T17:46:37.260289,4.386,49.275421,-123.200383,7.0,21.554,0,2.1,347.0,2.4,353.0,0.7,0.0,0.0,357.88,212.04,619.29,0.0,0.0,None,None,None,None,None,None,None,None,None,None,None,None
2026-07-11T17:46:37.260801,4.386,49.275421,-123.200383,7.0,21.554,0,2.1,347.0,2.4,353.0,0.7,0.0,0.0,357.88,212.04,619.29,0.0,0.0,None,None,None,None,None,None,None,None,None,None,None,None
2026-07-11T17:46:37.261096,4.386,49.275421,-123.200383,7.0,21.554,0,2.1,347.0,2.4,353.0,0.7,0.0,0.0,357.88,212.04,619.29,0.0,0.0,None,None,None,None,None,None,None,None,None,None,None,None
2026-07-11T17:46:37.360363,4.486,49.275421,-123.200383,7.0,21.554,0,2.1,347.0,2.4,353.0,0.7,0.0,0.0,357.88,212.04,619.29,0.0,0.0,None,None,None,None,None,None,None,None,None,None,None,None
2026-07-11T17:46:37.360703,4.486,49.275421,-123.200383,7.0,21.554,0,2.1,347.0,2.4,353.0,0.7,0.0,0.0,357.88,212.04,619.29,0.0,0.0,None,None,None,None,None,None,None,None,None,None,None,None
2026-07-11T17:46:37.361044,4.486,49.275421,-123.200383,7.0,21.554,0,2.1,347.0,2.4,346.0,0.7,0.0,0.0,357.88,212.04,619.29,0.0,0.0,None,None,None,None,None,None,None,None,None,None,None,None
2026-07-11T17:46:37.361203,4.487,49.275421,-123.200383,7.0,21.554,0,2.1,350.0,2.4,346.0,0.7,0.0,0.0,357.88,212.04,619.29,0.0,0.0,None,None,None,None,None,None,None,None,None,None,None,None
2026-07-11T17:46:37.361342,4.487,49.275421,-123.200383,7.0,21.554,0,2.1,350.0,2.4,346.0,0.7,0.0,0.0,357.88,212.04,619.29,0.0,0.0,None,None,None,None,None,None,None,None,None,None,None,None
2026-07-11T17:46:37.460709,4.586,49.275421,-123.200383,7.0,21.554,0,2.1,350.0,2.4,346.0,0.7,0.0,0.0,357.88,212.04,619.29,0.0,0.0,None,None,None,None,None,None,None,None,None,None,None,None
2026-07-11T17:46:37.460999,4.586,49.275421,-123.200383,7.0,21.554,0,2.1,350.0,2.4,346.0,0.7,0.0,0.0,357.88,212.04,619.29,0.0,0.0,None,None,None,None,None,None,None,None,None,None,None,None
2026-07-11T17:46:37.461323,4.587,49.275421,-123.200383,7.0,21.554,0,2.1,350.0,2.4,346.0,0.7,0.0,0.0,357.88,212.04,619.29,0.0,0.0,None,None,None,None,None,None,None,None,None,None,None,None
2026-07-11T17:46:37.559984,4.685,49.275421,-123.200383,7.0,21.554,0,2.1,350.0,2.4,346.0,0.7,0.0,0.0,357.88,212.04,619.29,0.0,0.0,None,None,None,None,None,None,None,None,None,None,None,None
2026-07-11T17:46:37.560198,4.686,49.275421,-123.200383,7.0,21.554,0,2.1,350.0,2.4,346.0,0.7,0.0,0.0,357.88,212.04,619.29,0.0,0.0,None,None,None,None,None,None,None,None,None,None,None,None
2026-07-11T17:46:37.659993,4.785,49.275421,-123.200383,7.0,21.554,0,2.1,350.0,2.4,346.0,0.7,0.0,0.0,357.88,212.04,619.29,0.0,0.0,None,None,None,None,None,None,None,None,None,None,None,None
2026-07-11T17:46:37.660297,4.786,49.275421,-123.200383,7.0,21.554,0,2.1,350.0,2.0,344.0,0.7,0.0,0.0,357.88,212.04,619.29,0.0,0.0,None,None,None,None,None,None,None,None,None,None,None,None
2026-07-11T17:46:37.660445,4.786,49.275421,-123.200383,7.0,21.554,0,1.8,352.0,2.0,344.0,0.7,0.0,0.0,357.88,212.04,619.29,0.0,0.0,None,None,None,None,None,None,None,None,None,None,None,None
2026-07-11T17:46:37.660602,4.786,49.275421,-123.200383,7.0,21.554,0,1.8,352.0,2.0,344.0,0.7,0.0,0.0,357.88,212.04,619.29,0.0,0.0,None,None,None,None,None,None,None,None,None,None,None,None
2026-07-11T17:46:37.660869,4.786,49.275421,-123.200383,7.0,21.554,0,1.8,352.0,2.0,344.0,0.7,0.0,0.0,357.88,212.04,619.29,0.0,0.0,None,None,None,None,None,None,None,None,None,None,None,None
2026-07-11T17:46:37.661113,4.787,49.275421,-123.200383,7.0,21.554,0,1.8,352.0,2.0,344.0,0.7,0.0,0.0,357.88,212.04,619.29,0.0,0.0,None,None,None,None,None,None,None,None,None,None,None,None
2026-07-11T17:46:37.760322,4.886,49.275421,-123.200383,7.0,21.554,0,1.8,352.0,2.0,344.0,0.7,0.0,0.0,357.88,212.04,619.29,0.0,0.0,None,None,None,None,None,None,None,None,None,None,None,None
2026-07-11T17:46:37.760646,4.886,49.275421,-123.200383,7.0,21.554,0,1.8,352.0,2.0,344.0,0.7,0.0,0.0,357.88,212.04,619.29,0.0,0.0,None,None,None,None,None,None,None,None,None,None,None,None
2026-07-11T17:46:37.860249,4.986,49.275421,-123.200383,7.0,21.554,0,1.8,352.0,2.0,344.0,0.7,0.0,0.0,357.88,212.04,619.29,0.0,0.0,None,None,None,None,None,None,None,None,None,None,None,None
2026-07-11T17:46:37.860569,4.986,49.275421,-123.200383,7.0,21.554,0,1.8,352.0,2.0,344.0,0.7,0.0,0.0,357.88,212.04,619.29,0.0,0.0,None,None,None,None,None,None,None,None,None,None,None,None
2026-07-11T17:46:37.860855,4.986,49.275421,-123.200383,7.0,21.554,0,1.8,352.0,2.0,344.0,0.7,0.0,0.0,357.88,212.04,619.29,0.0,0.0,None,None,None,None,None,None,None,None,None,None,None,None
2026-07-11T17:46:37.861015,4.986,49.275421,-123.200383,7.0,21.554,0,1.8,352.0,1.5,335.0,0.7,0.0,0.0,357.88,212.04,619.29,0.0,0.0,None,None,None,None,None,None,None,None,None,None,None,None
2026-07-11T17:46:37.960967,5.086,49.275421,-123.200383,7.0,21.554,0,1.8,352.0,1.5,335.0,0.7,0.0,0.0,357.88,212.04,619.29,0.0,0.0,None,None,None,None,None,None,None,None,None,None,None,None
2026-07-11T17:46:37.961271,5.087,49.275421,-123.200383,7.0,21.554,0,1.5,342.0,1.5,335.0,0.7,0.0,0.0,357.88,212.04,619.29,0.0,0.0,None,None,None,None,None,None,None,None,None,None,None,None
2026-07-11T17:46:37.961522,5.087,49.275421,-123.200383,7.0,21.554,0,1.5,342.0,1.5,335.0,0.7,0.0,0.0,357.88,212.04,619.29,0.0,0.0,None,None,None,None,None,None,None,None,None,None,None,None
2026-07-11T17:46:37.961752,5.087,49.275421,-123.200383,7.0,21.554,0,1.5,342.0,1.5,335.0,0.7,0.0,0.0,357.88,212.04,619.29,0.0,0.0,None,None,None,None,None,None,None,None,None,None,None,None
2026-07-11T17:46:38.060634,5.186,49.275421,-123.200383,7.0,21.554,0,1.5,342.0,1.5,335.0,0.7,0.0,0.0,357.88,212.04,619.29,0.0,0.0,None,None,None,None,None,None,None,None,None,None,None,None
2026-07-11T17:46:38.060868,5.186,49.275421,-123.200383,7.0,21.554,0,1.5,342.0,1.5,335.0,0.7,0.0,0.0,357.88,212.04,619.29,0.0,0.0,None,None,None,None,None,None,None,None,None,None,None,None
2026-07-11T17:46:38.061159,5.187,49.275421,-123.200383,7.0,21.554,0,1.5,342.0,1.5,335.0,0.7,0.0,0.0,357.88,212.04,619.29,0.0,0.0,None,None,None,None,None,None,None,None,None,None,None,None
2026-07-11T17:46:38.160547,5.286,49.275421,-123.200383,7.0,21.554,0,1.5,342.0,1.5,335.0,0.7,0.0,0.0,357.88,212.04,619.29,0.0,0.0,None,None,None,None,None,None,None,None,None,None,None,None
2026-07-11T17:46:38.160863,5.286,49.275421,-123.200383,7.0,21.554,0,1.5,342.0,1.2,340.0,0.7,0.0,0.0,357.88,212.04,619.29,0.0,0.0,None,None,None,None,None,None,None,None,None,None,None,None
2026-07-11T17:46:38.161110,5.286,49.275421,-123.200383,7.0,21.554,0,1.5,342.0,1.2,340.0,0.7,0.0,0.0,357.88,212.04,619.29,0.0,0.0,None,None,None,None,None,None,None,None,None,None,None,None
2026-07-11T17:46:38.161394,5.287,49.275421,-123.200383,7.0,21.554,0,1.5,342.0,1.2,340.0,0.7,0.0,0.0,357.88,212.04,619.29,0.0,0.0,None,None,None,None,None,None,None,None,None,None,None,None
2026-07-11T17:46:38.161533,5.287,49.275421,-123.200383,7.0,21.554,0,1.5,325.0,1.2,340.0,0.7,0.0,0.0,357.88,212.04,619.29,0.0,0.0,None,None,None,None,None,None,None,None,None,None,None,None
2026-07-11T17:46:38.161820,5.287,49.275421,-123.200383,7.0,21.558,0,1.5,325.0,1.2,340.0,0.7,0.0,0.0,357.88,212.04,619.29,0.0,0.0,None,None,None,None,None,None,None,None,None,None,None,None
2026-07-11T17:46:38.162057,5.287,49.275421,-123.200383,7.0,21.558,0,1.5,325.0,1.2,340.0,0.7,0.0,0.0,357.88,212.04,619.29,0.0,0.0,None,None,None,None,None,None,None,None,None,None,None,None
2026-07-11T17:46:38.162186,5.288,49.275421,-123.200383,7.0,21.558,0,1.5,325.0,1.2,340.0,0.7,0.0,0.0,357.88,212.04,619.29,0.0,0.0,None,None,None,None,None,None,None,None,None,None,None,None
2026-07-11T17:46:38.162304,5.288,49.275421,-123.200383,7.0,21.558,0,1.5,325.0,1.2,340.0,0.7,0.0,0.0,357.88,212.04,619.29,0.0,0.0,None,None,None,None,None,None,None,None,None,None,None,None
2026-07-11T17:46:38.260898,5.386,49.275421,-123.200383,7.0,21.558,0,1.5,325.0,1.2,340.0,0.7,0.0,0.0,357.88,212.04,619.29,0.0,0.0,None,None,None,None,None,None,None,None,None,None,None,None
2026-07-11T17:46:38.261192,5.387,49.275421,-123.200383,7.0,21.558,0,1.5,325.0,1.2,340.0,0.7,0.0,0.0,357.88,212.04,619.29,0.0,0.0,None,None,None,None,None,None,None,None,None,None,None,None
2026-07-11T17:46:38.261723,5.387,49.275421,-123.200383,7.0,21.558,0,1.5,325.0,1.2,340.0,0.7,0.0,0.0,357.88,212.04,619.29,0.0,0.0,None,None,None,None,None,None,None,None,None,None,None,None
2026-07-11T17:46:38.261971,5.387,49.275421,-123.200383,7.0,21.558,0,1.5,325.0,1.2,340.0,0.7,0.0,0.0,357.88,212.04,619.29,0.0,0.0,None,None,None,None,None,None,None,None,None,None,None,None
2026-07-11T17:46:38.360405,5.486,49.275421,-123.200383,7.0,21.558,0,1.5,325.0,1.2,340.0,0.7,0.0,0.0,357.88,212.04,619.29,0.0,0.0,None,None,None,None,None,None,None,None,None,None,None,None
2026-07-11T17:46:38.360725,5.486,49.275421,-123.200383,7.0,21.558,0,1.5,325.0,1.2,340.0,0.7,0.0,0.0,357.88,212.04,619.29,0.0,0.0,None,None,None,None,None,None,None,None,None,None,None,None
2026-07-11T17:46:38.360957,5.486,49.275421,-123.200383,7.0,21.558,0,1.5,325.0,1.2,340.0,0.7,0.0,0.0,357.88,212.04,619.29,0.0,0.0,None,None,None,None,None,None,None,None,None,None,None,None
2026-07-11T17:46:38.460213,5.586,49.275421,-123.200383,7.0,21.558,0,1.5,325.0,1.2,338.0,0.7,0.0,0.0,357.88,212.04,619.29,0.0,0.0,None,None,None,None,None,None,None,None,None,None,None,None
2026-07-11T17:46:38.460516,5.586,49.275421,-123.200383,7.0,21.558,0,1.5,325.0,1.2,338.0,0.7,0.0,0.0,357.88,212.04,619.29,0.0,0.0,None,None,None,None,None,None,None,None,None,None,None,None
2026-07-11T17:46:38.460752,5.586,49.275421,-123.200383,7.0,21.558,0,1.4,304.0,1.2,338.0,0.7,0.0,0.0,357.88,212.04,619.29,0.0,0.0,None,None,None,None,None,None,None,None,None,None,None,None
2026-07-11T17:46:38.460971,5.586,49.275421,-123.200383,7.0,21.558,0,1.4,304.0,1.2,338.0,0.7,0.0,0.0,357.88,212.04,619.29,0.0,0.0,None,None,None,None,None,None,None,None,None,None,None,None
2026-07-11T17:46:38.461299,5.587,49.275421,-123.200383,7.0,21.558,0,1.4,304.0,1.2,338.0,0.7,0.0,0.0,357.88,212.04,619.29,0.0,0.0,None,None,None,None,None,None,None,None,None,None,None,None
2026-07-11T17:46:38.561008,5.686,49.275421,-123.200383,7.0,21.558,0,1.4,304.0,1.2,338.0,0.7,0.0,0.0,357.88,212.04,619.29,0.0,0.0,None,None,None,None,None,None,None,None,None,None,None,None
2026-07-11T17:46:38.561347,5.687,49.275421,-123.200383,7.0,21.558,0,1.4,304.0,1.2,338.0,0.7,0.0,0.0,357.88,212.04,619.29,0.0,0.0,None,None,None,None,None,None,None,None,None,None,None,None
2026-07-11T17:46:38.660019,5.785,49.275421,-123.200383,7.0,21.558,0,1.4,304.0,1.2,338.0,0.7,0.0,0.0,357.88,212.04,619.29,0.0,0.0,None,None,None,None,None,None,None,None,None,None,None,None
2026-07-11T17:46:38.660343,5.786,49.275421,-123.200383,7.0,21.558,0,1.4,304.0,1.2,338.0,0.7,0.0,0.0,357.88,212.04,619.29,0.0,0.0,None,None,None,None,None,None,None,None,None,None,None,None
2026-07-11T17:46:38.660541,5.786,49.275421,-123.200383,7.0,21.558,0,1.4,304.0,1.4,339.0,0.7,0.0,0.0,357.88,212.04,619.29,0.0,0.0,None,None,None,None,None,None,None,None,None,None,None,None
2026-07-11T17:46:38.760328,5.886,49.275421,-123.200383,7.0,21.558,0,1.4,301.0,1.4,339.0,0.7,0.0,0.0,357.88,212.04,619.29,0.0,0.0,None,None,None,None,None,None,None,None,None,None,None,None
2026-07-11T17:46:38.760695,5.886,49.275421,-123.200383,7.0,21.558,0,1.4,301.0,1.4,339.0,0.7,0.0,0.0,357.88,212.04,619.29,0.0,0.0,None,None,None,None,None,None,None,None,None,None,None,None
2026-07-11T17:46:38.760988,5.886,49.275421,-123.200383,7.0,21.558,0,1.4,301.0,1.4,339.0,0.7,0.0,0.0,357.88,212.04,619.29,0.0,0.0,None,None,None,None,None,None,None,None,None,None,None,None
2026-07-11T17:46:38.761202,5.887,49.275421,-123.200383,7.0,21.558,0,1.4,301.0,1.4,339.0,0.7,0.0,0.0,357.88,212.04,619.29,0.0,0.0,None,None,None,None,None,None,None,None,None,None,None,None
2026-07-11T17:46:38.860152,5.986,49.275421,-123.200383,7.0,21.558,0,1.4,301.0,1.4,339.0,0.7,0.0,0.0,357.88,212.04,619.29,0.0,0.0,None,None,None,None,None,None,None,None,None,None,None,None
2026-07-11T17:46:38.860481,5.986,49.275421,-123.200383,7.0,21.558,0,1.4,301.0,1.4,339.0,0.7,0.0,0.0,357.88,212.04,619.29,0.0,0.0,None,None,None,None,None,None,None,None,None,None,None,None
2026-07-11T17:46:38.860733,5.986,49.275421,-123.200383,7.0,21.558,0,1.4,301.0,1.4,339.0,0.7,0.0,0.0,357.88,212.04,619.29,0.0,0.0,None,None,None,None,None,None,None,None,None,None,None,None
2026-07-11T17:46:38.960134,6.086,49.275421,-123.200383,7.0,21.558,0,1.4,301.0,1.4,339.0,0.7,0.0,0.0,357.88,212.04,619.29,0.0,0.0,None,None,None,None,None,None,None,None,None,None,None,None
2026-07-11T17:46:38.960311,6.086,49.275421,-123.200383,7.0,21.558,0,1.4,301.0,1.8,342.0,0.7,0.0,0.0,357.88,212.04,619.29,0.0,0.0,None,None,None,None,None,None,None,None,None,None,None,None
2026-07-11T17:46:38.960516,6.086,49.275421,-123.200383,7.0,21.558,0,1.4,301.0,1.8,342.0,0.7,0.0,0.0,357.88,212.04,619.29,0.0,0.0,None,None,None,None,None,None,None,None,None,None,None,None
2026-07-11T17:46:38.960872,6.086,49.275421,-123.200383,7.0,21.558,0,1.3,311.0,1.8,342.0,0.7,0.0,0.0,357.88,212.04,619.29,0.0,0.0,None,None,None,None,None,None,None,None,None,None,None,None
2026-07-11T17:46:38.961156,6.087,49.275421,-123.200383,7.0,21.558,0,1.3,311.0,1.8,342.0,0.7,0.0,0.0,357.88,212.04,619.29,0.0,0.0,None,None,None,None,None,None,None,None,None,None,None,None
2026-07-11T17:46:39.060121,6.186,49.275421,-123.200383,7.0,21.558,0,1.3,311.0,1.8,342.0,0.7,0.0,0.0,357.88,212.04,619.29,0.0,0.0,None,None,None,None,None,None,None,None,None,None,None,None
2026-07-11T17:46:39.060489,6.186,49.275421,-123.200383,7.0,21.558,0,1.3,311.0,1.8,342.0,0.7,0.0,0.0,357.88,212.04,619.29,0.0,0.0,None,None,None,None,None,None,None,None,None,None,None,None
2026-07-11T17:46:39.060745,6.186,49.275421,-123.200383,7.0,21.558,0,1.3,311.0,1.8,342.0,0.7,0.0,0.0,357.88,212.04,619.29,0.0,0.0,None,None,None,None,None,None,None,None,None,None,None,None
2026-07-11T17:46:39.159999,6.285,49.275421,-123.200383,7.0,21.558,0,1.3,311.0,1.8,342.0,0.7,0.0,0.0,357.88,212.04,619.29,0.0,0.0,None,None,None,None,None,None,None,None,None,None,None,None
2026-07-11T17:46:39.160345,6.286,49.275421,-123.200383,7.0,21.558,0,1.3,311.0,1.8,342.0,0.7,0.0,0.0,357.88,212.04,619.29,0.0,0.0,None,None,None,None,None,None,None,None,None,None,None,None
2026-07-11T17:46:39.160511,6.286,49.275421,-123.200383,7.0,21.558,0,1.3,311.0,1.8,342.0,0.7,0.0,0.0,357.88,212.04,619.29,0.0,0.0,None,None,None,None,None,None,None,None,None,None,None,None
2026-07-11T17:46:39.161037,6.286,49.275421,-123.200383,7.0,21.558,0,1.3,311.0,1.8,342.0,0.7,0.0,0.0,357.88,212.04,619.29,0.0,0.0,None,None,None,None,None,None,None,None,None,None,None,None
2026-07-11T17:46:39.260093,6.385,49.275421,-123.200383,7.0,21.558,0,1.3,311.0,1.9,347.0,0.7,0.0,0.0,357.88,212.04,619.29,0.0,0.0,None,None,None,None,None,None,None,None,None,None,None,None
2026-07-11T17:46:39.260418,6.386,49.275421,-123.200383,7.0,21.558,0,1.3,311.0,1.9,347.0,0.7,0.0,0.0,357.88,212.04,619.29,0.0,0.0,None,None,None,None,None,None,None,None,None,None,None,None
2026-07-11T17:46:39.260632,6.386,49.275421,-123.200383,7.0,21.558,0,1.3,319.0,1.9,347.0,0.7,0.0,0.0,357.88,212.04,619.29,0.0,0.0,None,None,None,None,None,None,None,None,None,None,None,None
2026-07-11T17:46:39.260791,6.386,49.275421,-123.200381,7.0,21.558,0,1.3,319.0,1.9,347.0,0.7,0.0,0.0,357.88,212.04,619.29,0.0,0.0,None,None,None,None,None,None,None,None,None,None,None,None
2026-07-11T17:46:39.260909,6.386,49.275421,-123.200381,7.0,21.558,0,1.3,319.0,1.9,347.0,0.7,0.0,0.0,357.88,212.04,619.29,0.0,0.0,None,None,None,None,None,None,None,None,None,None,None,None
2026-07-11T17:46:39.261054,6.386,49.275421,-123.200381,7.0,21.558,0,1.3,319.0,1.9,347.0,0.7,0.0,0.0,357.88,212.04,619.29,0.0,0.0,None,None,None,None,None,None,None,None,None,None,None,None
2026-07-11T17:46:39.360210,6.486,49.275421,-123.200381,7.0,21.558,0,1.3,319.0,1.9,347.0,0.7,0.0,0.0,357.88,212.04,619.29,0.0,0.0,None,None,None,None,None,None,None,None,None,None,None,None
2026-07-11T17:46:39.360550,6.486,49.275421,-123.200381,7.0,21.558,0,1.3,319.0,1.9,347.0,0.7,0.0,0.0,357.88,212.04,619.29,0.0,0.0,None,None,None,None,None,None,None,None,None,None,None,None
2026-07-11T17:46:39.360798,6.486,49.275421,-123.200381,7.0,21.558,0,1.3,319.0,1.9,347.0,0.7,0.0,0.0,357.88,212.04,619.29,0.0,0.0,None,None,None,None,None,None,None,None,None,None,None,None
2026-07-11T17:46:39.360938,6.486,49.275421,-123.200381,7.0,21.563,0,1.3,319.0,1.9,347.0,0.7,0.0,0.0,357.88,212.04,619.29,0.0,0.0,None,None,None,None,None,None,None,None,None,None,None,None
2026-07-11T17:46:39.361193,6.487,49.275421,-123.200381,7.0,21.563,0,1.3,319.0,1.9,347.0,0.7,0.0,0.0,357.88,212.04,619.29,0.0,0.0,None,None,None,None,None,None,None,None,None,None,None,None
2026-07-11T17:46:39.361422,6.487,49.275421,-123.200381,7.0,21.563,0,1.3,319.0,1.9,347.0,0.7,0.0,0.0,357.88,212.04,619.29,0.0,0.0,None,None,None,None,None,None,None,None,None,None,None,None
2026-07-11T17:46:39.460892,6.586,49.275421,-123.200381,7.0,21.563,0,1.3,319.0,1.9,347.0,0.7,0.0,0.0,357.88,212.04,619.29,0.0,0.0,None,None,None,None,None,None,None,None,None,None,None,None
2026-07-11T17:46:39.461135,6.587,49.275421,-123.200381,7.0,21.563,0,1.3,319.0,1.9,351.0,0.7,0.0,0.0,357.88,212.04,619.29,0.0,0.0,None,None,None,None,None,None,None,None,None,None,None,None
2026-07-11T17:46:39.461303,6.587,49.275421,-123.200381,7.0,21.563,0,1.3,319.0,1.9,351.0,0.7,0.0,0.0,357.88,212.04,619.29,0.0,0.0,None,None,None,None,None,None,None,None,None,None,None,None
2026-07-11T17:46:39.560911,6.686,49.275421,-123.200381,7.0,21.563,0,1.4,329.0,1.9,351.0,0.7,0.0,0.0,357.88,212.04,619.29,0.0,0.0,None,None,None,None,None,None,None,None,None,None,None,None
2026-07-11T17:46:39.561216,6.687,49.275421,-123.200381,7.0,21.563,0,1.4,329.0,1.9,351.0,0.7,0.0,0.0,357.88,212.04,619.29,0.0,0.0,None,None,None,None,None,None,None,None,None,None,None,None
2026-07-11T17:46:39.561441,6.687,49.275421,-123.200381,7.0,21.563,0,1.4,329.0,1.9,351.0,0.7,0.0,0.0,357.88,212.04,619.29,0.0,0.0,None,None,None,None,None,None,None,None,None,None,None,None
2026-07-11T17:46:39.561751,6.687,49.275421,-123.200381,7.0,21.563,0,1.4,329.0,1.9,351.0,0.7,0.0,0.0,357.88,212.04,619.29,0.0,0.0,None,None,None,None,None,None,None,None,None,None,None,None
2026-07-11T17:46:39.660600,6.786,49.275421,-123.200381,7.0,21.563,0,1.4,329.0,1.9,351.0,0.7,0.0,0.0,357.88,212.04,619.29,0.0,0.0,None,None,None,None,None,None,None,None,None,None,None,None
2026-07-11T17:46:39.660821,6.786,49.275421,-123.200381,7.0,21.563,0,1.4,329.0,1.9,351.0,0.7,0.0,0.0,357.88,212.04,619.29,0.0,0.0,None,None,None,None,None,None,None,None,None,None,None,None
2026-07-11T17:46:39.660959,6.786,49.275421,-123.200381,7.0,21.563,0,1.4,329.0,1.9,351.0,0.7,0.0,0.0,357.88,212.04,619.29,0.0,0.0,None,None,None,None,None,None,None,None,None,None,None,None
2026-07-11T17:46:39.760918,6.886,49.275421,-123.200381,7.0,21.563,0,1.4,329.0,1.9,351.0,0.7,0.0,0.0,357.88,212.04,619.29,0.0,0.0,None,None,None,None,None,None,None,None,None,None,None,None
2026-07-11T17:46:39.761138,6.887,49.275421,-123.200381,7.0,21.563,0,1.4,329.0,2.0,355.0,0.7,0.0,0.0,357.88,212.04,619.29,0.0,0.0,None,None,None,None,None,None,None,None,None,None,None,None
2026-07-11T17:46:39.761306,6.887,49.275421,-123.200381,7.0,21.563,0,1.5,342.0,2.0,355.0,0.7,0.0,0.0,357.88,212.04,619.29,0.0,0.0,None,None,None,None,None,None,None,None,None,None,None,None
2026-07-11T17:46:39.761487,6.887,49.275421,-123.200381,7.0,21.563,0,1.5,342.0,2.0,355.0,0.7,0.0,0.0,357.88,212.04,619.29,0.0,0.0,None,None,None,None,None,None,None,None,None,None,None,None
2026-07-11T17:46:39.761733,6.887,49.275421,-123.200381,7.0,21.563,0,1.5,342.0,2.0,355.0,0.7,0.0,0.0,357.88,212.04,619.29,0.0,0.0,None,None,None,None,None,None,None,None,None,None,None,None
2026-07-11T17:46:39.860864,6.986,49.275421,-123.200381,7.0,21.563,0,1.5,342.0,2.0,355.0,0.7,0.0,0.0,357.88,212.04,619.29,0.0,0.0,None,None,None,None,None,None,None,None,None,None,None,None
2026-07-11T17:46:39.861213,6.987,49.275421,-123.200381,7.0,21.563,0,1.5,342.0,2.0,355.0,0.7,0.0,0.0,357.88,212.04,619.29,0.0,0.0,None,None,None,None,None,None,None,None,None,None,None,None
2026-07-11T17:46:39.861375,6.987,49.275421,-123.200381,7.0,21.563,0,1.5,342.0,2.0,355.0,0.7,0.0,0.0,357.88,212.04,619.29,0.0,0.0,None,None,None,None,None,None,None,None,None,None,None,None
2026-07-11T17:46:39.861571,6.987,49.275421,-123.200381,7.0,21.563,0,1.5,342.0,2.0,355.0,0.7,0.0,0.0,357.88,212.04,619.29,0.0,0.0,None,None,None,None,None,None,None,None,None,None,None,None
2026-07-11T17:46:39.960368,7.086,49.275421,-123.200381,7.0,21.563,0,1.5,342.0,2.0,355.0,0.7,0.0,0.0,357.88,212.04,619.29,0.0,0.0,None,None,None,None,None,None,None,None,None,None,None,None
2026-07-11T17:46:39.960871,7.086,49.275421,-123.200381,7.0,21.563,0,1.5,342.0,2.0,355.0,0.7,0.0,0.0,357.88,212.04,619.29,0.0,0.0,None,None,None,None,None,None,None,None,None,None,None,None
2026-07-11T17:46:39.961191,7.087,49.275421,-123.200381,7.0,21.563,0,1.5,342.0,2.0,355.0,0.7,0.0,0.0,357.88,212.04,619.29,0.0,0.0,None,None,None,None,None,None,None,None,None,None,None,None
2026-07-11T17:46:39.961440,7.087,49.275421,-123.200381,7.0,21.563,0,1.5,342.0,2.0,355.0,0.7,0.0,0.0,357.88,212.04,619.29,0.0,0.0,None,None,None,None,None,None,None,None,None,None,None,None
2026-07-11T17:46:39.961669,7.087,49.275421,-123.200381,7.0,21.563,0,1.5,342.0,2.2,356.0,0.7,0.0,0.0,357.88,212.04,619.29,0.0,0.0,None,None,None,None,None,None,None,None,None,None,None,None
2026-07-11T17:46:40.060564,7.186,49.275421,-123.200381,7.0,21.563,0,1.5,342.0,2.2,356.0,0.7,0.0,0.0,357.88,212.04,619.29,0.0,0.0,None,None,None,None,None,None,None,None,None,None,None,None
2026-07-11T17:46:40.060859,7.186,49.275421,-123.200381,7.0,21.563,0,1.7,340.0,2.2,356.0,0.7,0.0,0.0,357.88,212.04,619.29,0.0,0.0,None,None,None,None,None,None,None,None,None,None,None,None
2026-07-11T17:46:40.061067,7.186,49.275421,-123.200381,7.0,21.563,0,1.7,340.0,2.2,356.0,0.7,0.0,0.0,357.88,212.04,619.29,0.0,0.0,None,None,None,None,None,None,None,None,None,None,None,None
2026-07-11T17:46:40.061368,7.187,49.275421,-123.200381,7.0,21.563,0,1.7,340.0,2.2,356.0,0.7,0.0,0.0,357.88,212.04,619.29,0.0,0.0,None,None,None,None,None,None,None,None,None,None,None,None
2026-07-11T17:46:40.160040,7.285,49.275421,-123.200381,7.0,21.563,0,1.7,340.0,2.2,356.0,0.7,0.0,0.0,357.88,212.04,619.29,0.0,0.0,None,None,None,None,None,None,None,None,None,None,None,None
2026-07-11T17:46:40.160353,7.286,49.275421,-123.200381,7.0,21.563,0,1.7,340.0,2.2,356.0,0.7,0.0,0.0,357.88,212.04,619.29,0.0,0.0,None,None,None,None,None,None,None,None,None,None,None,None
2026-07-11T17:46:40.260168,7.386,49.275421,-123.200381,7.0,21.563,0,1.7,340.0,2.2,356.0,0.7,0.0,0.0,357.88,212.04,619.29,0.0,0.0,None,None,None,None,None,None,None,None,None,None,None,None
2026-07-11T17:46:40.260381,7.386,49.275421,-123.200381,7.0,21.563,0,1.7,340.0,2.2,356.0,0.7,0.0,0.0,357.88,212.04,619.29,0.0,0.0,None,None,None,None,None,None,None,None,None,None,None,None
2026-07-11T17:46:40.260682,7.386,49.275421,-123.200381,7.0,21.563,0,1.7,340.0,1.9,355.0,0.7,0.0,0.0,357.88,212.04,619.29,0.0,0.0,None,None,None,None,None,None,None,None,None,None,None,None
2026-07-11T17:46:40.260897,7.386,49.275421,-123.200381,7.0,21.563,0,1.7,340.0,1.9,355.0,0.7,0.0,0.0,357.88,212.04,619.29,0.0,0.0,None,None,None,None,None,None,None,None,None,None,None,None
2026-07-11T17:46:40.261063,7.386,49.275421,-123.200381,7.0,21.563,0,1.7,340.0,1.9,355.0,0.7,0.0,0.0,357.88,212.04,619.29,0.0,0.0,None,None,None,None,None,None,None,None,None,None,None,None
2026-07-11T17:46:40.261327,7.387,49.275421,-123.200381,7.0,21.563,0,1.4,340.0,1.9,355.0,0.7,0.0,0.0,357.88,212.04,619.29,0.0,0.0,None,None,None,None,None,None,None,None,None,None,None,None
2026-07-11T17:46:40.360756,7.486,49.275421,-123.200381,7.0,21.563,0,1.4,340.0,1.9,355.0,0.7,0.0,0.0,357.88,212.04,619.29,0.0,0.0,None,None,None,None,None,None,None,None,None,None,None,None
2026-07-11T17:46:40.361082,7.486,49.275421,-123.200381,7.0,21.563,0,1.4,340.0,1.9,355.0,0.7,0.0,0.0,357.88,212.04,619.29,0.0,0.0,None,None,None,None,None,None,None,None,None,None,None,None
2026-07-11T17:46:40.361614,7.487,49.275421,-123.200381,7.0,21.563,0,1.4,340.0,1.9,355.0,0.7,0.0,0.0,357.88,212.04,619.29,0.0,0.0,None,None,None,None,None,None,None,None,None,None,None,None
2026-07-11T17:46:40.361835,7.487,49.275421,-123.200381,7.0,21.563,0,1.4,340.0,1.9,355.0,0.7,0.0,0.0,357.88,212.04,619.29,0.0,0.0,None,None,None,None,None,None,None,None,None,None,None,None
2026-07-11T17:46:40.460099,7.585,49.275421,-123.200381,7.0,21.563,0,1.4,340.0,1.9,355.0,0.7,0.0,0.0,357.88,212.04,619.29,0.0,0.0,None,None,None,None,None,None,None,None,None,None,None,None
2026-07-11T17:46:40.460297,7.586,49.275421,-123.200381,7.0,21.563,0,1.4,340.0,1.9,355.0,0.7,0.0,0.0,357.88,212.04,619.29,0.0,0.0,None,None,None,None,None,None,None,None,None,None,None,None
2026-07-11T17:46:40.460687,7.586,49.275421,-123.200381,7.0,21.563,0,1.4,340.0,1.9,355.0,0.7,0.0,0.0,357.88,212.04,619.29,0.0,0.0,None,None,None,None,None,None,None,None,None,None,None,None
2026-07-11T17:46:40.560032,7.685,49.275421,-123.200381,7.0,21.563,0,1.4,340.0,1.9,355.0,0.7,0.0,0.0,357.88,212.04,619.29,0.0,0.0,None,None,None,None,None,None,None,None,None,None,None,None
2026-07-11T17:46:40.560193,7.686,49.275421,-123.200381,7.0,21.563,0,1.4,340.0,1.9,355.0,0.7,0.0,0.0,357.88,212.04,619.29,0.0,0.0,None,None,None,None,None,None,None,None,None,None,None,None
2026-07-11T17:46:40.560462,7.686,49.275421,-123.200381,7.0,21.563,0,1.2,340.0,1.9,355.0,0.7,0.0,0.0,357.88,212.04,619.29,0.0,0.0,None,None,None,None,None,None,None,None,None,None,None,None
2026-07-11T17:46:40.560685,7.686,49.275421,-123.200381,7.0,21.571,0,1.2,340.0,1.9,355.0,0.7,0.0,0.0,357.88,212.04,619.29,0.0,0.0,None,None,None,None,None,None,None,None,None,None,None,None
2026-07-11T17:46:40.560803,7.686,49.275421,-123.200381,7.0,21.571,0,1.2,340.0,1.9,355.0,0.7,0.0,0.0,357.88,212.04,619.29,0.0,0.0,None,None,None,None,None,None,None,None,None,None,None,None
2026-07-11T17:46:40.561043,7.686,49.275421,-123.200381,7.0,21.571,0,1.2,340.0,1.9,355.0,0.7,0.0,0.0,357.88,212.04,619.29,0.0,0.0,None,None,None,None,None,None,None,None,None,None,None,None
2026-07-11T17:46:40.561306,7.687,49.275421,-123.200381,7.0,21.571,0,1.2,340.0,1.9,355.0,0.7,0.0,0.0,357.88,212.04,619.29,0.0,0.0,None,None,None,None,None,None,None,None,None,None,None,None
2026-07-11T17:46:40.660904,7.786,49.275421,-123.200381,7.0,21.571,0,1.2,340.0,1.9,355.0,0.7,0.0,0.0,357.88,212.04,619.29,0.0,0.0,None,None,None,None,None,None,None,None,None,None,None,None
2026-07-11T17:46:40.661178,7.787,49.275421,-123.200381,7.0,21.571,0,1.2,340.0,1.9,355.0,0.7,0.0,0.0,357.88,212.04,619.29,0.0,0.0,None,None,None,None,None,None,None,None,None,None,None,None
2026-07-11T17:46:40.661403,7.787,49.275421,-123.200381,7.0,21.571,0,1.2,340.0,1.9,355.0,0.7,0.0,0.0,357.88,212.04,619.29,0.0,0.0,None,None,None,None,None,None,None,None,None,None,None,None
2026-07-11T17:46:40.661969,7.787,49.275421,-123.200381,7.0,21.571,0,1.2,340.0,1.9,355.0,0.7,0.0,0.0,357.88,212.04,619.29,0.0,0.0,None,None,None,None,None,None,None,None,None,None,None,None
2026-07-11T17:46:40.662241,7.788,49.275421,-123.200381,7.0,21.571,0,1.2,340.0,1.9,355.0,0.7,0.0,0.0,357.88,212.04,619.29,0.0,0.0,None,None,None,None,None,None,None,None,None,None,None,None
2026-07-11T17:46:40.760001,7.885,49.275421,-123.200381,7.0,21.571,0,1.2,340.0,1.9,355.0,0.7,0.0,0.0,357.88,212.04,619.29,0.0,0.0,None,None,None,None,None,None,None,None,None,None,None,None
2026-07-11T17:46:40.760294,7.886,49.275421,-123.200381,7.0,21.571,0,1.2,340.0,1.9,355.0,0.7,0.0,0.0,357.88,212.04,619.29,0.0,0.0,None,None,None,None,None,None,None,None,None,None,None,None
2026-07-11T17:46:40.860562,7.986,49.275421,-123.200381,7.0,21.571,0,1.2,340.0,2.0,355.0,0.7,0.0,0.0,357.88,212.04,619.29,0.0,0.0,None,None,None,None,None,None,None,None,None,None,None,None
2026-07-11T17:46:40.860866,7.986,49.275421,-123.200381,7.0,21.571,0,0.8,330.0,2.0,355.0,0.7,0.0,0.0,357.88,212.04,619.29,0.0,0.0,None,None,None,None,None,None,None,None,None,None,None,None
2026-07-11T17:46:40.861125,7.987,49.275421,-123.200381,7.0,21.571,0,0.8,330.0,2.0,355.0,0.7,0.0,0.0,357.88,212.04,619.29,0.0,0.0,None,None,None,None,None,None,None,None,None,None,None,None
2026-07-11T17:46:40.861344,7.987,49.275421,-123.200381,7.0,21.571,0,0.8,330.0,2.0,355.0,0.7,0.0,0.0,357.88,212.04,619.29,0.0,0.0,None,None,None,None,None,None,None,None,None,None,None,None
2026-07-11T17:46:40.861616,7.987,49.275421,-123.200381,7.0,21.571,0,0.8,330.0,2.0,355.0,0.7,0.0,0.0,357.88,212.04,619.29,0.0,0.0,None,None,None,None,None,None,None,None,None,None,None,None
2026-07-11T17:46:40.861938,7.987,49.275421,-123.200381,7.0,21.571,0,0.8,330.0,2.0,355.0,0.7,0.0,0.0,357.88,212.04,619.29,0.0,0.0,None,None,None,None,None,None,None,None,None,None,None,None
2026-07-11T17:46:40.960198,8.086,49.275421,-123.200381,7.0,21.571,0,0.8,330.0,2.0,355.0,0.7,0.0,0.0,357.88,212.04,619.29,0.0,0.0,None,None,None,None,None,None,None,None,None,None,None,None
2026-07-11T17:46:40.960466,8.086,49.275421,-123.200381,7.0,21.571,0,0.8,330.0,2.0,355.0,0.7,0.0,0.0,357.88,212.04,619.29,0.0,0.0,None,None,None,None,None,None,None,None,None,None,None,None
2026-07-11T17:46:40.960733,8.086,49.275421,-123.200381,7.0,21.571,0,0.8,330.0,2.0,355.0,0.7,0.0,0.0,357.88,212.04,619.29,0.0,0.0,None,None,None,None,None,None,None,None,None,None,None,None
2026-07-11T17:46:41.060261,8.186,49.275421,-123.200381,7.0,21.571,0,0.8,330.0,2.0,355.0,0.7,0.0,0.0,357.88,212.04,619.29,0.0,0.0,None,None,None,None,None,None,None,None,None,None,None,None
2026-07-11T17:46:41.060539,8.186,49.275421,-123.200381,7.0,21.571,0,0.8,330.0,2.1,349.0,0.7,0.0,0.0,357.88,212.04,619.29,0.0,0.0,None,None,None,None,None,None,None,None,None,None,None,None
2026-07-11T17:46:41.060837,8.186,49.275421,-123.200381,7.0,21.571,0,0.8,330.0,2.1,349.0,0.7,0.0,0.0,357.88,212.04,619.29,0.0,0.0,None,None,None,None,None,None,None,None,None,None,None,None
2026-07-11T17:46:41.061054,8.186,49.275421,-123.200381,7.0,21.571,0,0.6,327.0,2.1,349.0,0.7,0.0,0.0,357.88,212.04,619.29,0.0,0.0,None,None,None,None,None,None,None,None,None,None,None,None
2026-07-11T17:46:41.160472,8.286,49.275421,-123.200381,7.0,21.571,0,0.6,327.0,2.1,349.0,0.7,0.0,0.0,357.88,212.04,619.29,0.0,0.0,None,None,None,None,None,None,None,None,None,None,None,None
2026-07-11T17:46:41.160782,8.286,49.275421,-123.200381,7.0,21.571,0,0.6,327.0,2.1,349.0,0.7,0.0,0.0,357.88,212.04,619.29,0.0,0.0,None,None,None,None,None,None,None,None,None,None,None,None
2026-07-11T17:46:41.161034,8.286,49.275421,-123.200381,7.0,21.571,0,0.6,327.0,2.1,349.0,0.7,0.0,0.0,357.88,212.04,619.29,0.0,0.0,None,None,None,None,None,None,None,None,None,None,None,None
2026-07-11T17:46:41.260256,8.386,49.275421,-123.200381,7.0,21.571,0,0.6,327.0,2.1,349.0,0.7,0.0,0.0,357.88,212.04,619.29,0.0,0.0,None,None,None,None,None,None,None,None,None,None,None,None
2026-07-11T17:46:41.260801,8.386,49.275421,-123.200381,7.0,21.571,0,0.6,327.0,2.1,349.0,0.7,0.0,0.0,357.88,212.04,619.29,0.0,0.0,None,None,None,None,None,None,None,None,None,None,None,None
2026-07-11T17:46:41.261009,8.386,49.275421,-123.200381,7.0,21.571,0,0.6,327.0,2.1,349.0,0.7,0.0,0.0,357.88,212.04,619.29,0.0,0.0,None,None,None,None,None,None,None,None,None,None,None,None
2026-07-11T17:46:41.261265,8.387,49.27542,-123.200381,7.0,21.571,0,0.6,327.0,2.1,349.0,0.7,0.0,0.0,357.88,212.04,619.29,0.0,0.0,None,None,None,None,None,None,None,None,None,None,None,None
2026-07-11T17:46:41.261507,8.387,49.27542,-123.200381,7.0,21.571,0,0.6,327.0,2.1,349.0,0.7,0.0,0.0,357.88,212.04,619.29,0.0,0.0,None,None,None,None,None,None,None,None,None,None,None,None
2026-07-11T17:46:41.261831,8.387,49.27542,-123.200381,7.0,21.571,0,0.6,327.0,2.1,349.0,0.7,0.0,0.0,357.88,212.04,619.29,0.0,0.0,None,None,None,None,None,None,None,None,None,None,None,None
2026-07-11T17:46:41.360078,8.485,49.27542,-123.200381,7.0,21.571,0,0.6,327.0,2.4,353.0,0.7,0.0,0.0,357.88,212.04,619.29,0.0,0.0,None,None,None,None,None,None,None,None,None,None,None,None
2026-07-11T17:46:41.360383,8.486,49.27542,-123.200381,7.0,21.571,0,0.6,327.0,2.4,353.0,0.7,0.0,0.0,357.88,212.04,619.29,0.0,0.0,None,None,None,None,None,None,None,None,None,None,None,None
2026-07-11T17:46:41.360622,8.486,49.27542,-123.200381,7.0,21.571,0,0.7,292.0,2.4,353.0,0.7,0.0,0.0,357.88,212.04,619.29,0.0,0.0,None,None,None,None,None,None,None,None,None,None,None,None
2026-07-11T17:46:41.360839,8.486,49.27542,-123.200381,7.0,21.571,0,0.7,292.0,2.4,353.0,0.7,0.0,0.0,357.88,212.04,619.29,0.0,0.0,None,None,None,None,None,None,None,None,None,None,None,None
2026-07-11T17:46:41.361079,8.486,49.27542,-123.200381,7.0,21.571,0,0.7,292.0,2.4,353.0,0.7,0.0,0.0,357.88,212.04,619.29,0.0,0.0,None,None,None,None,None,None,None,None,None,None,None,None
2026-07-11T17:46:41.361418,8.487,49.27542,-123.200381,7.0,21.571,0,0.7,292.0,2.4,353.0,0.7,0.0,0.0,357.88,212.04,619.29,0.0,0.0,None,None,None,None,None,None,None,None,None,None,None,None
2026-07-11T17:46:41.460262,8.586,49.27542,-123.200381,7.0,21.571,0,0.7,292.0,2.4,353.0,0.7,0.0,0.0,357.88,212.04,619.29,0.0,0.0,None,None,None,None,None,None,None,None,None,None,None,None
2026-07-11T17:46:41.460586,8.586,49.27542,-123.200381,7.0,21.571,0,0.7,292.0,2.4,353.0,0.7,0.0,0.0,357.88,212.04,619.29,0.0,0.0,None,None,None,None,None,None,None,None,None,None,None,None
2026-07-11T17:46:41.460875,8.586,49.27542,-123.200381,7.0,21.571,0,0.7,292.0,2.4,353.0,0.7,0.0,0.0,357.88,212.04,619.29,0.0,0.0,None,None,None,None,None,None,None,None,None,None,None,None
2026-07-11T17:46:41.560886,8.686,49.27542,-123.200381,7.0,21.571,0,0.7,292.0,2.4,353.0,0.7,0.0,0.0,357.88,212.04,619.29,0.0,0.0,None,None,None,None,None,None,None,None,None,None,None,None
2026-07-11T17:46:41.561227,8.687,49.27542,-123.200381,7.0,21.571,0,0.7,292.0,2.4,356.0,0.7,0.0,0.0,357.88,212.04,619.29,0.0,0.0,None,None,None,None,None,None,None,None,None,None,None,None
2026-07-11T17:46:41.561517,8.687,49.27542,-123.200381,7.0,21.571,0,0.7,292.0,2.4,356.0,0.7,0.0,0.0,357.88,212.04,619.29,0.0,0.0,None,None,None,None,None,None,None,None,None,None,None,None
2026-07-11T17:46:41.659976,8.785,49.27542,-123.200381,7.0,21.571,0,0.4,306.0,2.4,356.0,0.7,0.0,0.0,357.88,212.04,619.29,0.0,0.0,None,None,None,None,None,None,None,None,None,None,None,None
2026-07-11T17:46:41.660333,8.786,49.27542,-123.200381,7.0,21.571,0,0.4,306.0,2.4,356.0,0.7,0.0,0.0,357.88,212.04,619.29,0.0,0.0,None,None,None,None,None,None,None,None,None,None,None,None
2026-07-11T17:46:41.660570,8.786,49.27542,-123.200381,7.0,21.571,0,0.4,306.0,2.4,356.0,0.7,0.0,0.0,357.88,212.04,619.29,0.0,0.0,None,None,None,None,None,None,None,None,None,None,None,None
2026-07-11T17:46:41.660856,8.786,49.27542,-123.200381,7.0,21.571,0,0.4,306.0,2.4,356.0,0.7,0.0,0.0,357.88,212.04,619.29,0.0,0.0,None,None,None,None,None,None,None,None,None,None,None,None
2026-07-11T17:46:41.760862,8.886,49.27542,-123.200381,7.0,21.571,0,0.4,306.0,2.4,356.0,0.7,0.0,0.0,357.88,212.04,619.29,0.0,0.0,None,None,None,None,None,None,None,None,None,None,None,None
2026-07-11T17:46:41.761290,8.887,49.27542,-123.200381,7.0,21.571,0,0.4,306.0,2.4,356.0,0.7,0.0,0.0,357.88,212.04,619.29,0.0,0.0,None,None,None,None,None,None,None,None,None,None,None,None
2026-07-11T17:46:41.761602,8.887,49.27542,-123.200381,7.0,21.579,0,0.4,306.0,2.4,356.0,0.7,0.0,0.0,357.88,212.04,619.29,0.0,0.0,None,None,None,None,None,None,None,None,None,None,None,None
2026-07-11T17:46:41.761847,8.887,49.27542,-123.200381,7.0,21.579,0,0.4,306.0,2.4,356.0,0.7,0.0,0.0,357.88,212.04,619.29,0.0,0.0,None,None,None,None,None,None,None,None,None,None,None,None
2026-07-11T17:46:41.762153,8.888,49.27542,-123.200381,7.0,21.579,0,0.4,306.0,2.4,356.0,0.7,0.0,0.0,357.88,212.04,619.29,0.0,0.0,None,None,None,None,None,None,None,None,None,None,None,None
2026-07-11T17:46:41.860661,8.986,49.27542,-123.200381,7.0,21.579,0,0.4,306.0,2.4,356.0,0.7,0.0,0.0,357.88,212.04,619.29,0.0,0.0,None,None,None,None,None,None,None,None,None,None,None,None
2026-07-11T17:46:41.861124,8.987,49.27542,-123.200381,7.0,21.579,0,0.4,306.0,2.4,356.0,0.7,0.0,0.0,357.88,212.04,619.29,0.0,0.0,None,None,None,None,None,None,None,None,None,None,None,None
2026-07-11T17:46:41.861416,8.987,49.27542,-123.200381,7.0,21.579,0,0.4,306.0,2.2,359.0,0.7,0.0,0.0,357.88,212.04,619.29,0.0,0.0,None,None,None,None,None,None,None,None,None,None,None,None
2026-07-11T17:46:41.861615,8.987,49.27542,-123.200381,7.0,21.579,0,0.7,333.0,2.2,359.0,0.7,0.0,0.0,357.88,212.04,619.29,0.0,0.0,None,None,None,None,None,None,None,None,None,None,None,None
2026-07-11T17:46:41.861831,8.987,49.27542,-123.200381,7.0,21.579,0,0.7,333.0,2.2,359.0,0.7,0.0,0.0,357.88,212.04,619.29,0.0,0.0,None,None,None,None,None,None,None,None,None,None,None,None
2026-07-11T17:46:41.960899,9.086,49.27542,-123.200381,7.0,21.579,0,0.7,333.0,2.2,359.0,0.7,0.0,0.0,357.88,212.04,619.29,0.0,0.0,None,None,None,None,None,None,None,None,None,None,None,None
2026-07-11T17:46:41.961248,9.087,49.27542,-123.200381,7.0,21.579,0,0.7,333.0,2.2,359.0,0.7,0.0,0.0,357.88,212.04,619.29,0.0,0.0,None,None,None,None,None,None,None,None,None,None,None,None
2026-07-11T17:46:41.961576,9.087,49.27542,-123.200381,7.0,21.579,0,0.7,333.0,2.2,359.0,0.7,0.0,0.0,357.88,212.04,619.29,0.0,0.0,None,None,None,None,None,None,None,None,None,None,None,None
2026-07-11T17:46:41.961819,9.087,49.27542,-123.200381,7.0,21.579,0,0.7,333.0,2.2,359.0,0.7,0.0,0.0,357.88,212.04,619.29,0.0,0.0,None,None,None,None,None,None,None,None,None,None,None,None
2026-07-11T17:46:42.060704,9.186,49.27542,-123.200381,7.0,21.579,0,0.7,333.0,2.2,359.0,0.7,0.0,0.0,357.88,212.04,619.29,0.0,0.0,None,None,None,None,None,None,None,None,None,None,None,None
2026-07-11T17:46:42.060928,9.186,49.27542,-123.200381,7.0,21.579,0,0.7,333.0,2.2,359.0,0.7,0.0,0.0,357.88,212.04,619.29,0.0,0.0,None,None,None,None,None,None,None,None,None,None,None,None
2026-07-11T17:46:42.160772,9.286,49.27542,-123.200381,7.0,21.579,0,0.7,333.0,1.9,359.0,0.7,0.0,0.0,357.88,212.04,619.29,0.0,0.0,None,None,None,None,None,None,None,None,None,None,None,None
2026-07-11T17:46:42.160999,9.286,49.27542,-123.200381,7.0,21.579,0,0.7,333.0,1.9,359.0,0.7,0.0,0.0,357.88,212.04,619.29,0.0,0.0,None,None,None,None,None,None,None,None,None,None,None,None
2026-07-11T17:46:42.161143,9.287,49.27542,-123.200381,7.0,21.579,0,0.8,2.0,1.9,359.0,0.7,0.0,0.0,357.88,212.04,619.29,0.0,0.0,None,None,None,None,None,None,None,None,None,None,None,None
2026-07-11T17:46:42.161271,9.287,49.27542,-123.200381,7.0,21.579,0,0.8,2.0,1.9,359.0,0.7,0.0,0.0,357.88,212.04,619.29,0.0,0.0,None,None,None,None,None,None,None,None,None,None,None,None
2026-07-11T17:46:42.161647,9.287,49.27542,-123.200381,7.0,21.579,0,0.8,2.0,1.9,359.0,0.7,0.0,0.0,357.88,212.04,619.29,0.0,0.0,None,None,None,None,None,None,None,None,None,None,None,None
2026-07-11T17:46:42.260169,9.386,49.27542,-123.200381,7.0,21.579,0,0.8,2.0,1.9,359.0,0.7,0.0,0.0,357.88,212.04,619.29,0.0,0.0,None,None,None,None,None,None,None,None,None,None,None,None
2026-07-11T17:46:42.260719,9.386,49.27542,-123.200381,7.0,21.579,0,0.8,2.0,1.9,359.0,0.7,0.0,0.0,357.88,212.04,619.29,0.0,0.0,None,None,None,None,None,None,None,None,None,None,None,None
2026-07-11T17:46:42.260916,9.386,49.27542,-123.200381,7.0,21.579,0,0.8,2.0,1.9,359.0,0.7,0.0,0.0,357.88,212.04,619.29,0.0,0.0,None,None,None,None,None,None,None,None,None,None,None,None
2026-07-11T17:46:42.261077,9.386,49.27542,-123.20038,7.0,21.579,0,0.8,2.0,1.9,359.0,0.7,0.0,0.0,357.88,212.04,619.29,0.0,0.0,None,None,None,None,None,None,None,None,None,None,None,None
2026-07-11T17:46:42.261204,9.387,49.27542,-123.20038,7.0,21.579,0,0.8,2.0,1.9,359.0,0.7,0.0,0.0,357.88,212.04,619.29,0.0,0.0,None,None,None,None,None,None,None,None,None,None,None,None
2026-07-11T17:46:42.360430,9.486,49.27542,-123.20038,7.0,21.579,0,0.8,2.0,1.9,359.0,0.7,0.0,0.0,357.88,212.04,619.29,0.0,0.0,None,None,None,None,None,None,None,None,None,None,None,None
2026-07-11T17:46:42.360712,9.486,49.27542,-123.20038,7.0,21.579,0,0.8,2.0,1.9,359.0,0.7,0.0,0.0,357.88,212.04,619.29,0.0,0.0,None,None,None,None,None,None,None,None,None,None,None,None
2026-07-11T17:46:42.360856,9.486,49.27542,-123.20038,7.0,21.579,0,0.8,2.0,1.9,359.0,0.7,0.0,0.0,357.88,212.04,619.29,0.0,0.0,None,None,None,None,None,None,None,None,None,None,None,None
2026-07-11T17:46:42.361122,9.487,49.27542,-123.20038,7.0,21.579,0,0.8,2.0,1.8,3.0,0.7,0.0,0.0,357.88,212.04,619.29,0.0,0.0,None,None,None,None,None,None,None,None,None,None,None,None
2026-07-11T17:46:42.460686,9.586,49.27542,-123.20038,7.0,21.579,0,0.8,2.0,1.8,3.0,0.7,0.0,0.0,357.88,212.04,619.29,0.0,0.0,None,None,None,None,None,None,None,None,None,None,None,None
2026-07-11T17:46:42.460977,9.586,49.27542,-123.20038,7.0,21.579,0,1.2,9.0,1.8,3.0,0.7,0.0,0.0,357.88,212.04,619.29,0.0,0.0,None,None,None,None,None,None,None,None,None,None,None,None
2026-07-11T17:46:42.461247,9.587,49.27542,-123.20038,7.0,21.579,0,1.2,9.0,1.8,3.0,0.7,0.0,0.0,357.88,212.04,619.29,0.0,0.0,None,None,None,None,None,None,None,None,None,None,None,None
2026-07-11T17:46:42.461430,9.587,49.27542,-123.20038,7.0,21.579,0,1.2,9.0,1.8,3.0,0.7,0.0,0.0,357.88,212.04,619.29,0.0,0.0,None,None,None,None,None,None,None,None,None,None,None,None
2026-07-11T17:46:42.560433,9.686,49.27542,-123.20038,7.0,21.579,0,1.2,9.0,1.8,3.0,0.7,0.0,0.0,357.88,212.04,619.29,0.0,0.0,None,None,None,None,None,None,None,None,None,None,None,None
2026-07-11T17:46:42.560626,9.686,49.27542,-123.20038,7.0,21.579,0,1.2,9.0,1.8,3.0,0.7,0.0,0.0,357.88,212.04,619.29,0.0,0.0,None,None,None,None,None,None,None,None,None,None,None,None
2026-07-11T17:46:42.660209,9.786,49.27542,-123.20038,7.0,21.579,0,1.2,9.0,1.8,3.0,0.7,0.0,0.0,357.88,212.04,619.29,0.0,0.0,None,None,None,None,None,None,None,None,None,None,None,None
2026-07-11T17:46:42.660401,9.786,49.27542,-123.20038,7.0,21.579,0,1.2,9.0,1.8,3.0,0.7,0.0,0.0,357.88,212.04,619.29,0.0,0.0,None,None,None,None,None,None,None,None,None,None,None,None
2026-07-11T17:46:42.660542,9.786,49.27542,-123.20038,7.0,21.579,0,1.2,9.0,1.8,8.0,0.7,0.0,0.0,357.88,212.04,619.29,0.0,0.0,None,None,None,None,None,None,None,None,None,None,None,None
2026-07-11T17:46:42.660829,9.786,49.27542,-123.20038,7.0,21.579,0,1.2,2.0,1.8,8.0,0.7,0.0,0.0,357.88,212.04,619.29,0.0,0.0,None,None,None,None,None,None,None,None,None,None,None,None
2026-07-11T17:46:42.760571,9.886,49.27542,-123.20038,7.0,21.579,0,1.2,2.0,1.8,8.0,0.7,0.0,0.0,357.88,212.04,619.29,0.0,0.0,None,None,None,None,None,None,None,None,None,None,None,None
2026-07-11T17:46:42.760848,9.886,49.27542,-123.20038,7.0,21.579,0,1.2,2.0,1.8,8.0,0.7,0.0,0.0,357.88,212.04,619.29,0.0,0.0,None,None,None,None,None,None,None,None,None,None,None,None
2026-07-11T17:46:42.761113,9.887,49.27542,-123.20038,7.0,21.579,0,1.2,2.0,1.8,8.0,0.7,0.0,0.0,357.88,212.04,619.29,0.0,0.0,None,None,None,None,None,None,None,None,None,None,None,None
2026-07-11T17:46:42.761359,9.887,49.27542,-123.20038,7.0,21.579,0,1.2,2.0,1.8,8.0,0.7,0.0,0.0,357.88,212.04,619.29,0.0,0.0,None,None,None,None,None,None,None,None,None,None,None,None
2026-07-11T17:46:42.761821,9.887,49.27542,-123.20038,7.0,21.579,0,1.2,2.0,1.8,8.0,0.7,0.0,0.0,357.88,212.04,619.29,0.0,0.0,None,None,None,None,None,None,None,None,None,None,None,None
2026-07-11T17:46:42.860826,9.986,49.27542,-123.20038,7.0,21.579,0,1.2,2.0,1.8,8.0,0.7,0.0,0.0,357.88,212.04,619.29,0.0,0.0,None,None,None,None,None,None,None,None,None,None,None,None
2026-07-11T17:46:42.861134,9.987,49.27542,-123.20038,7.0,21.579,0,1.2,2.0,1.8,8.0,0.7,0.0,0.0,357.88,212.04,619.29,0.0,0.0,None,None,None,None,None,None,None,None,None,None,None,None
2026-07-11T17:46:42.861683,9.987,49.27542,-123.20038,7.0,21.579,0,1.2,2.0,1.8,8.0,0.7,0.0,0.0,357.88,212.04,619.29,0.0,0.0,None,None,None,None,None,None,None,None,None,None,None,None
2026-07-11T17:46:42.960602,10.086,49.27542,-123.20038,7.0,21.579,0,1.2,2.0,1.8,8.0,0.7,0.0,0.0,357.88,212.04,619.29,0.0,0.0,None,None,None,None,None,None,None,None,None,None,None,None
2026-07-11T17:46:42.960796,10.086,49.27542,-123.20038,7.0,21.579,0,1.2,2.0,1.8,13.0,0.7,0.0,0.0,357.88,212.04,619.29,0.0,0.0,None,None,None,None,None,None,None,None,None,None,None,None
2026-07-11T17:46:42.960955,10.086,49.27542,-123.20038,7.0,21.579,0,1.2,2.0,1.8,13.0,0.7,0.0,0.0,357.88,212.04,619.29,0.0,0.0,None,None,None,None,None,None,None,None,None,None,None,None
2026-07-11T17:46:42.961218,10.087,49.27542,-123.20038,7.0,21.579,0,1.3,9.0,1.8,13.0,0.7,0.0,0.0,357.88,212.04,619.29,0.0,0.0,None,None,None,None,None,None,None,None,None,None,None,None
2026-07-11T17:46:42.961476,10.087,49.27542,-123.20038,7.0,21.588,0,1.3,9.0,1.8,13.0,0.7,0.0,0.0,357.88,212.04,619.29,0.0,0.0,None,None,None,None,None,None,None,None,None,None,None,None
2026-07-11T17:46:42.961666,10.087,49.27542,-123.20038,7.0,21.588,0,1.3,9.0,1.8,13.0,0.7,0.0,0.0,357.88,212.04,619.29,0.0,0.0,None,None,None,None,None,None,None,None,None,None,None,None
2026-07-11T17:46:42.961807,10.087,49.27542,-123.20038,7.0,21.588,0,1.3,9.0,1.8,13.0,0.7,0.0,0.0,357.88,212.04,619.29,0.0,0.0,None,None,None,None,None,None,None,None,None,None,None,None
2026-07-11T17:46:42.961919,10.087,49.27542,-123.20038,7.0,21.588,0,1.3,9.0,1.8,13.0,0.7,0.0,0.0,357.88,212.04,619.29,0.0,0.0,None,None,None,None,None,None,None,None,None,None,None,None
2026-07-11T17:46:42.962030,10.087,49.27542,-123.20038,7.0,21.588,0,1.3,9.0,1.8,13.0,0.7,0.0,0.0,357.88,212.04,619.29,0.0,0.0,None,None,None,None,None,None,None,None,None,None,None,None
2026-07-11T17:46:43.060232,10.186,49.27542,-123.20038,7.0,21.588,0,1.3,9.0,1.8,13.0,0.7,0.0,0.0,357.88,212.04,619.29,0.0,0.0,None,None,None,None,None,None,None,None,None,None,None,None
2026-07-11T17:46:43.060543,10.186,49.27542,-123.20038,7.0,21.588,0,1.3,9.0,1.8,13.0,0.7,0.0,0.0,357.88,212.04,619.29,0.0,0.0,None,None,None,None,None,None,None,None,None,None,None,None
2026-07-11T17:46:43.160624,10.286,49.27542,-123.20038,7.0,21.588,0,1.3,9.0,1.8,13.0,0.7,0.0,0.0,357.88,212.04,619.29,0.0,0.0,None,None,None,None,None,None,None,None,None,None,None,None
2026-07-11T17:46:43.160978,10.286,49.27542,-123.20038,7.0,21.588,0,1.3,9.0,1.8,13.0,0.7,0.0,0.0,357.88,212.04,619.29,0.0,0.0,None,None,None,None,None,None,None,None,None,None,None,None
2026-07-11T17:46:43.260282,10.386,49.27542,-123.20038,7.0,21.588,0,1.3,9.0,1.7,8.0,0.7,0.0,0.0,357.88,212.04,619.29,0.0,0.0,None,None,None,None,None,None,None,None,None,None,None,None
2026-07-11T17:46:43.260605,10.386,49.27542,-123.20038,7.0,21.588,0,1.3,9.0,1.7,8.0,0.7,0.0,0.0,357.88,212.04,619.29,0.0,0.0,None,None,None,None,None,None,None,None,None,None,None,None
2026-07-11T17:46:43.260889,10.386,49.27542,-123.20038,7.0,21.588,0,1.3,2.0,1.7,8.0,0.7,0.0,0.0,357.88,212.04,619.29,0.0,0.0,None,None,None,None,None,None,None,None,None,None,None,None
2026-07-11T17:46:43.261156,10.387,49.27542,-123.20038,7.0,21.588,0,1.3,2.0,1.7,8.0,0.7,0.0,0.0,357.88,212.04,619.29,0.0,0.0,None,None,None,None,None,None,None,None,None,None,None,None
2026-07-11T17:46:43.261321,10.387,49.27542,-123.20038,7.0,21.588,0,1.3,2.0,1.7,8.0,0.7,0.0,0.0,357.88,212.04,619.29,0.0,0.0,None,None,None,None,None,None,None,None,None,None,None,None
2026-07-11T17:46:43.261593,10.387,49.27542,-123.20038,7.0,21.588,0,1.3,2.0,1.7,8.0,0.7,0.0,0.0,357.88,212.04,619.29,0.0,0.0,None,None,None,None,None,None,None,None,None,None,None,None
2026-07-11T17:46:43.360148,10.486,49.27542,-123.20038,7.0,21.588,0,1.3,2.0,1.7,8.0,0.7,0.0,0.0,357.88,212.04,619.29,0.0,0.0,None,None,None,None,None,None,None,None,None,None,None,None
2026-07-11T17:46:43.360471,10.486,49.27542,-123.20038,7.0,21.588,0,1.3,2.0,1.7,8.0,0.7,0.0,0.0,357.88,212.04,619.29,0.0,0.0,None,None,None,None,None,None,None,None,None,None,None,None
2026-07-11T17:46:43.360668,10.486,49.27542,-123.20038,7.0,21.588,0,1.3,2.0,1.7,8.0,0.7,0.0,0.0,357.88,212.04,619.29,0.0,0.0,None,None,None,None,None,None,None,None,None,None,None,None
2026-07-11T17:46:43.360818,10.486,49.27542,-123.20038,7.0,21.588,0,1.3,2.0,1.7,8.0,0.7,0.0,0.0,357.88,212.04,619.29,0.0,0.0,None,None,None,None,None,None,None,None,None,None,None,None
2026-07-11T17:46:43.460896,10.586,49.27542,-123.20038,7.0,21.588,0,1.3,2.0,1.7,8.0,0.7,0.0,0.0,357.88,212.04,619.29,0.0,0.0,None,None,None,None,None,None,None,None,None,None,None,None
2026-07-11T17:46:43.461184,10.587,49.27542,-123.20038,7.0,21.588,0,1.3,2.0,1.7,8.0,0.7,0.0,0.0,357.88,212.04,619.29,0.0,0.0,None,None,None,None,None,None,None,None,None,None,None,None
2026-07-11T17:46:43.461423,10.587,49.27542,-123.20038,7.0,21.588,0,1.3,2.0,1.8,359.0,0.7,0.0,0.0,357.88,212.04,619.29,0.0,0.0,None,None,None,None,None,None,None,None,None,None,None,None
2026-07-11T17:46:43.461666,10.587,49.27542,-123.20038,7.0,21.588,0,1.4,2.0,1.8,359.0,0.7,0.0,0.0,357.88,212.04,619.29,0.0,0.0,None,None,None,None,None,None,None,None,None,None,None,None
2026-07-11T17:46:43.559999,10.685,49.27542,-123.20038,7.0,21.588,0,1.4,2.0,1.8,359.0,0.7,0.0,0.0,357.88,212.04,619.29,0.0,0.0,None,None,None,None,None,None,None,None,None,None,None,None
2026-07-11T17:46:43.560249,10.686,49.27542,-123.20038,7.0,21.588,0,1.4,2.0,1.8,359.0,0.7,0.0,0.0,357.88,212.04,619.29,0.0,0.0,None,None,None,None,None,None,None,None,None,None,None,None
2026-07-11T17:46:43.560500,10.686,49.27542,-123.20038,7.0,21.588,0,1.4,2.0,1.8,359.0,0.7,0.0,0.0,357.88,212.04,619.29,0.0,0.0,None,None,None,None,None,None,None,None,None,None,None,None
2026-07-11T17:46:43.660622,10.786,49.27542,-123.20038,7.0,21.588,0,1.4,2.0,1.8,359.0,0.7,0.0,0.0,357.88,212.04,619.29,0.0,0.0,None,None,None,None,None,None,None,None,None,None,None,None
2026-07-11T17:46:43.660937,10.786,49.27542,-123.20038,7.0,21.588,0,1.4,2.0,1.8,359.0,0.7,0.0,0.0,357.88,212.04,619.29,0.0,0.0,None,None,None,None,None,None,None,None,None,None,None,None
2026-07-11T17:46:43.760888,10.886,49.27542,-123.20038,7.0,21.588,0,1.4,2.0,1.8,359.0,0.7,0.0,0.0,357.88,212.04,619.29,0.0,0.0,None,None,None,None,None,None,None,None,None,None,None,None
2026-07-11T17:46:43.761161,10.887,49.27542,-123.20038,7.0,21.588,0,1.4,2.0,1.9,6.0,0.7,0.0,0.0,357.88,212.04,619.29,0.0,0.0,None,None,None,None,None,None,None,None,None,None,None,None
2026-07-11T17:46:43.761383,10.887,49.27542,-123.20038,7.0,21.588,0,1.0,356.0,1.9,6.0,0.7,0.0,0.0,357.88,212.04,619.29,0.0,0.0,None,None,None,None,None,None,None,None,None,None,None,None
2026-07-11T17:46:43.761687,10.887,49.27542,-123.20038,7.0,21.588,0,1.0,356.0,1.9,6.0,0.7,0.0,0.0,357.88,212.04,619.29,0.0,0.0,None,None,None,None,None,None,None,None,None,None,None,None
2026-07-11T17:46:43.761914,10.887,49.27542,-123.20038,7.0,21.588,0,1.0,356.0,1.9,6.0,0.7,0.0,0.0,357.88,212.04,619.29,0.0,0.0,None,None,None,None,None,None,None,None,None,None,None,None
2026-07-11T17:46:43.860090,10.985,49.27542,-123.20038,7.0,21.588,0,1.0,356.0,1.9,6.0,0.7,0.0,0.0,357.88,212.04,619.29,0.0,0.0,None,None,None,None,None,None,None,None,None,None,None,None
2026-07-11T17:46:43.860386,10.986,49.27542,-123.20038,7.0,21.588,0,1.0,356.0,1.9,6.0,0.7,0.0,0.0,357.88,212.04,619.29,0.0,0.0,None,None,None,None,None,None,None,None,None,None,None,None
2026-07-11T17:46:43.860650,10.986,49.27542,-123.20038,7.0,21.588,0,1.0,356.0,1.9,6.0,0.7,0.0,0.0,357.88,212.04,619.29,0.0,0.0,None,None,None,None,None,None,None,None,None,None,None,None
2026-07-11T17:46:43.960064,11.085,49.27542,-123.20038,7.0,21.588,0,1.0,356.0,1.9,6.0,0.7,0.0,0.0,357.88,212.04,619.29,0.0,0.0,None,None,None,None,None,None,None,None,None,None,None,None
2026-07-11T17:46:43.960347,11.086,49.27542,-123.20038,7.0,21.588,0,1.0,356.0,1.9,6.0,0.7,0.0,0.0,357.88,212.04,619.29,0.0,0.0,None,None,None,None,None,None,None,None,None,None,None,None
2026-07-11T17:46:43.960894,11.086,49.27542,-123.20038,7.0,21.588,0,1.0,356.0,1.9,6.0,0.7,0.0,0.0,357.88,212.04,619.29,0.0,0.0,None,None,None,None,None,None,None,None,None,None,None,None
2026-07-11T17:46:43.961160,11.087,49.27542,-123.20038,7.0,21.588,0,1.0,356.0,2.0,3.0,0.7,0.0,0.0,357.88,212.04,619.29,0.0,0.0,None,None,None,None,None,None,None,None,None,None,None,None
2026-07-11T17:46:44.060094,11.185,49.27542,-123.20038,7.0,21.588,0,1.0,356.0,2.0,3.0,0.7,0.0,0.0,357.88,212.04,619.29,0.0,0.0,None,None,None,None,None,None,None,None,None,None,None,None
2026-07-11T17:46:44.060348,11.186,49.27542,-123.20038,7.0,21.588,0,1.0,356.0,2.0,3.0,0.7,0.0,0.0,357.88,212.04,619.29,0.0,0.0,None,None,None,None,None,None,None,None,None,None,None,None
2026-07-11T17:46:44.060574,11.186,49.27542,-123.20038,7.0,21.588,0,1.0,356.0,2.0,3.0,0.7,0.0,0.0,357.88,212.04,619.29,0.0,0.0,None,None,None,None,None,None,None,None,None,None,None,None
2026-07-11T17:46:44.060868,11.186,49.27542,-123.20038,7.0,21.588,0,1.0,356.0,2.0,3.0,0.7,0.0,0.0,357.88,212.04,619.29,0.0,0.0,None,None,None,None,None,None,None,None,None,None,None,None
2026-07-11T17:46:44.160895,11.286,49.27542,-123.20038,7.0,21.588,0,1.0,356.0,2.0,3.0,0.7,0.0,0.0,357.88,212.04,619.29,0.0,0.0,None,None,None,None,None,None,None,None,None,None,None,None
2026-07-11T17:46:44.161170,11.287,49.27542,-123.20038,7.0,21.593,0,1.0,356.0,2.0,3.0,0.7,0.0,0.0,357.88,212.04,619.29,0.0,0.0,None,None,None,None,None,None,None,None,None,None,None,None
2026-07-11T17:46:44.161388,11.287,49.27542,-123.20038,7.0,21.593,0,1.0,356.0,2.0,3.0,0.7,0.0,0.0,357.88,212.04,619.29,0.0,0.0,None,None,None,None,None,None,None,None,None,None,None,None
2026-07-11T17:46:44.161730,11.287,49.27542,-123.20038,7.0,21.593,0,1.0,356.0,2.0,3.0,0.7,0.0,0.0,357.88,212.04,619.29,0.0,0.0,None,None,None,None,None,None,None,None,None,None,None,None
2026-07-11T17:46:44.260320,11.386,49.27542,-123.20038,7.0,21.593,0,1.0,356.0,2.0,3.0,0.7,0.0,0.0,357.88,212.04,619.29,0.0,0.0,None,None,None,None,None,None,None,None,None,None,None,None
2026-07-11T17:46:44.260884,11.386,49.27542,-123.20038,7.0,21.593,0,1.0,356.0,2.0,3.0,0.7,0.0,0.0,357.88,212.04,619.29,0.0,0.0,None,None,None,None,None,None,None,None,None,None,None,None
2026-07-11T17:46:44.261061,11.386,49.27542,-123.20038,7.0,21.593,0,1.0,356.0,2.5,359.0,0.7,0.0,0.0,357.88,212.04,619.29,0.0,0.0,None,None,None,None,None,None,None,None,None,None,None,None
2026-07-11T17:46:44.261353,11.387,49.27542,-123.20038,7.0,21.593,0,1.0,356.0,2.5,359.0,0.7,0.0,0.0,357.88,212.04,619.29,0.0,0.0,None,None,None,None,None,None,None,None,None,None,None,None
2026-07-11T17:46:44.261642,11.387,49.27542,-123.200378,7.0,21.593,0,1.0,356.0,2.5,359.0,0.7,0.0,0.0,357.88,212.04,619.29,0.0,0.0,None,None,None,None,None,None,None,None,None,None,None,None
2026-07-11T17:46:44.261923,11.387,49.27542,-123.200378,7.0,21.593,0,1.1,351.0,2.5,359.0,0.7,0.0,0.0,357.88,212.04,619.29,0.0,0.0,None,None,None,None,None,None,None,None,None,None,None,None
2026-07-11T17:46:44.359984,11.485,49.27542,-123.200378,7.0,21.593,0,1.1,351.0,2.5,359.0,0.7,0.0,0.0,357.88,212.04,619.29,0.0,0.0,None,None,None,None,None,None,None,None,None,None,None,None
2026-07-11T17:46:44.360287,11.486,49.27542,-123.200378,7.0,21.593,0,1.1,351.0,2.5,359.0,0.7,0.0,0.0,357.88,212.04,619.29,0.0,0.0,None,None,None,None,None,None,None,None,None,None,None,None
2026-07-11T17:46:44.360524,11.486,49.27542,-123.200378,7.0,21.593,0,1.1,351.0,2.5,359.0,0.7,0.0,0.0,357.88,212.04,619.29,0.0,0.0,None,None,None,None,None,None,None,None,None,None,None,None
2026-07-11T17:46:44.360812,11.486,49.27542,-123.200378,7.0,21.593,0,1.1,351.0,2.5,359.0,0.7,0.0,0.0,357.88,212.04,619.29,0.0,0.0,None,None,None,None,None,None,None,None,None,None,None,None
2026-07-11T17:46:44.361058,11.486,49.27542,-123.200378,7.0,21.593,0,1.1,351.0,2.5,359.0,0.7,0.0,0.0,357.88,212.04,619.29,0.0,0.0,None,None,None,None,None,None,None,None,None,None,None,None
2026-07-11T17:46:44.460509,11.586,49.27542,-123.200378,7.0,21.593,0,1.1,351.0,2.5,359.0,0.7,0.0,0.0,357.88,212.04,619.29,0.0,0.0,None,None,None,None,None,None,None,None,None,None,None,None
2026-07-11T17:46:44.460843,11.586,49.27542,-123.200378,7.0,21.593,0,1.1,351.0,2.5,359.0,0.7,0.0,0.0,357.88,212.04,619.29,0.0,0.0,None,None,None,None,None,None,None,None,None,None,None,None
2026-07-11T17:46:44.560152,11.686,49.27542,-123.200378,7.0,21.593,0,1.1,351.0,2.9,2.0,0.7,0.0,0.0,357.88,212.04,619.29,0.0,0.0,None,None,None,None,None,None,None,None,None,None,None,None
2026-07-11T17:46:44.560511,11.686,49.27542,-123.200378,7.0,21.593,0,1.1,351.0,2.9,2.0,0.7,0.0,0.0,357.88,212.04,619.29,0.0,0.0,None,None,None,None,None,None,None,None,None,None,None,None
2026-07-11T17:46:44.560785,11.686,49.27542,-123.200378,7.0,21.593,0,0.8,341.0,2.9,2.0,0.7,0.0,0.0,357.88,212.04,619.29,0.0,0.0,None,None,None,None,None,None,None,None,None,None,None,None
2026-07-11T17:46:44.560992,11.686,49.27542,-123.200378,7.0,21.593,0,0.8,341.0,2.9,2.0,0.7,0.0,0.0,357.88,212.04,619.29,0.0,0.0,None,None,None,None,None,None,None,None,None,None,None,None
2026-07-11T17:46:44.561284,11.687,49.27542,-123.200378,7.0,21.593,0,0.8,341.0,2.9,2.0,0.7,0.0,0.0,357.88,212.04,619.29,0.0,0.0,None,None,None,None,None,None,None,None,None,None,None,None
2026-07-11T17:46:44.561529,11.687,49.27542,-123.200378,7.0,21.593,0,0.8,341.0,2.9,2.0,0.7,0.0,0.0,357.88,212.04,619.29,0.0,0.0,None,None,None,None,None,None,None,None,None,None,None,None
2026-07-11T17:46:44.660334,11.786,49.27542,-123.200378,7.0,21.593,0,0.8,341.0,2.9,2.0,0.7,0.0,0.0,357.88,212.04,619.29,0.0,0.0,None,None,None,None,None,None,None,None,None,None,None,None
2026-07-11T17:46:44.660600,11.786,49.27542,-123.200378,7.0,21.593,0,0.8,341.0,2.9,2.0,0.7,0.0,0.0,357.88,212.04,619.29,0.0,0.0,None,None,None,None,None,None,None,None,None,None,None,None
2026-07-11T17:46:44.660902,11.786,49.27542,-123.200378,7.0,21.593,0,0.8,341.0,2.9,2.0,0.7,0.0,0.0,357.88,212.04,619.29,0.0,0.0,None,None,None,None,None,None,None,None,None,None,None,None
2026-07-11T17:46:44.760252,11.886,49.27542,-123.200378,7.0,21.593,0,0.8,341.0,2.9,2.0,0.7,0.0,0.0,357.88,212.04,619.29,0.0,0.0,None,None,None,None,None,None,None,None,None,None,None,None
2026-07-11T17:46:44.760530,11.886,49.27542,-123.200378,7.0,21.593,0,0.8,341.0,2.9,2.0,0.7,0.0,0.0,357.88,212.04,619.29,0.0,0.0,None,None,None,None,None,None,None,None,None,None,None,None
2026-07-11T17:46:44.760848,11.886,49.27542,-123.200378,7.0,21.593,0,0.8,341.0,2.9,2.0,0.7,0.0,0.0,357.88,212.04,619.29,0.0,0.0,None,None,None,None,None,None,None,None,None,None,None,None
2026-07-11T17:46:44.761088,11.886,49.27542,-123.200378,7.0,21.593,0,0.8,341.0,3.1,3.0,0.7,0.0,0.0,357.88,212.04,619.29,0.0,0.0,None,None,None,None,None,None,None,None,None,None,None,None
2026-07-11T17:46:44.761290,11.887,49.27542,-123.200378,7.0,21.593,0,0.8,341.0,3.1,3.0,0.7,0.0,0.0,357.88,212.04,619.29,0.0,0.0,None,None,None,None,None,None,None,None,None,None,None,None
2026-07-11T17:46:44.860717,11.986,49.27542,-123.200378,7.0,21.593,0,0.8,341.0,3.1,3.0,0.7,0.0,0.0,357.88,212.04,619.29,0.0,0.0,None,None,None,None,None,None,None,None,None,None,None,None
2026-07-11T17:46:44.861022,11.986,49.27542,-123.200378,7.0,21.593,0,0.8,341.0,3.1,3.0,0.7,0.0,0.0,357.88,212.04,619.29,0.0,0.0,None,None,None,None,None,None,None,None,None,None,None,None
2026-07-11T17:46:44.861244,11.987,49.27542,-123.200378,7.0,21.593,0,0.8,341.0,3.1,3.0,0.7,0.0,0.0,357.88,212.04,619.29,0.0,0.0,None,None,None,None,None,None,None,None,None,None,None,None
2026-07-11T17:46:44.861485,11.987,49.27542,-123.200378,7.0,21.593,0,0.8,341.0,3.1,3.0,0.7,0.0,0.0,357.88,212.04,619.29,0.0,0.0,None,None,None,None,None,None,None,None,None,None,None,None
2026-07-11T17:46:44.861822,11.987,49.27542,-123.200378,7.0,21.593,0,0.8,341.0,3.1,3.0,0.7,0.0,0.0,357.88,212.04,619.29,0.0,0.0,None,None,None,None,None,None,None,None,None,None,None,None
2026-07-11T17:46:44.960919,12.086,49.27542,-123.200378,7.0,21.593,0,0.8,341.0,3.1,3.0,0.7,0.0,0.0,357.88,212.04,619.29,0.0,0.0,None,None,None,None,None,None,None,None,None,None,None,None
2026-07-11T17:46:44.961523,12.087,49.27542,-123.200378,7.0,21.593,0,0.8,341.0,3.1,3.0,0.7,0.0,0.0,357.88,212.04,619.29,0.0,0.0,None,None,None,None,None,None,None,None,None,None,None,None
2026-07-11T17:46:44.961861,12.087,49.27542,-123.200378,7.0,21.593,0,0.8,341.0,3.1,3.0,0.7,0.0,0.0,357.88,212.04,619.29,0.0,0.0,None,None,None,None,None,None,None,None,None,None,None,None
2026-07-11T17:46:45.060173,12.186,49.27542,-123.200378,7.0,21.593,0,0.8,341.0,3.1,3.0,0.7,0.0,0.0,357.88,212.04,619.29,0.0,0.0,None,None,None,None,None,None,None,None,None,None,None,None
2026-07-11T17:46:45.060432,12.186,49.27542,-123.200378,7.0,21.593,0,0.8,341.0,3.1,3.0,0.7,0.0,0.0,357.88,212.04,619.29,0.0,0.0,None,None,None,None,None,None,None,None,None,None,None,None
2026-07-11T17:46:45.060714,12.186,49.27542,-123.200378,7.0,21.593,0,0.8,341.0,3.1,3.0,0.7,0.0,0.0,357.88,212.04,619.29,0.0,0.0,None,None,None,None,None,None,None,None,None,None,None,None
2026-07-11T17:46:45.060936,12.186,49.27542,-123.200378,7.0,21.593,0,0.8,341.0,3.1,3.0,0.7,0.0,0.0,357.88,212.04,619.29,0.0,0.0,None,None,None,None,None,None,None,None,None,None,None,None
2026-07-11T17:46:45.160323,12.286,49.27542,-123.200378,7.0,21.593,0,0.8,341.0,3.1,3.0,0.7,0.0,0.0,357.88,212.04,619.29,0.0,0.0,None,None,None,None,None,None,None,None,None,None,None,None
2026-07-11T17:46:45.160678,12.286,49.27542,-123.200378,7.0,21.593,0,0.8,341.0,3.1,3.0,0.7,0.0,0.0,357.88,212.04,619.29,0.0,0.0,None,None,None,None,None,None,None,None,None,None,None,None
2026-07-11T17:46:45.160933,12.286,49.27542,-123.200378,7.0,21.593,0,0.8,341.0,3.1,3.0,0.7,0.0,0.0,357.88,212.04,619.29,0.0,0.0,None,None,None,None,None,None,None,None,None,None,None,None
2026-07-11T17:46:45.260312,12.386,49.27542,-123.200378,7.0,21.593,0,0.8,341.0,3.1,3.0,0.7,0.0,0.0,357.88,212.04,619.29,0.0,0.0,None,None,None,None,None,None,None,None,None,None,None,None
2026-07-11T17:46:45.260599,12.386,49.27542,-123.200378,7.0,21.593,0,0.8,341.0,3.1,3.0,0.7,0.0,0.0,357.88,212.04,619.29,0.0,0.0,None,None,None,None,None,None,None,None,None,None,None,None
2026-07-11T17:46:45.260867,12.386,49.27542,-123.200378,7.0,21.593,0,0.8,341.0,3.1,3.0,0.7,0.0,0.0,357.88,212.04,619.29,0.0,0.0,None,None,None,None,None,None,None,None,None,None,None,None
2026-07-11T17:46:45.261430,12.387,49.27542,-123.200378,7.0,21.593,0,0.8,341.0,3.1,3.0,0.7,0.0,0.0,357.88,212.04,619.29,0.0,0.0,None,None,None,None,None,None,None,None,None,None,None,None
2026-07-11T17:46:45.261693,12.387,49.27542,-123.200378,7.0,21.593,0,0.8,341.0,3.1,3.0,0.7,0.0,0.0,357.88,212.04,619.29,0.0,0.0,None,None,None,None,None,None,None,None,None,None,None,None
2026-07-11T17:46:45.261941,12.387,49.27542,-123.200378,7.0,21.593,0,0.8,341.0,3.1,3.0,0.7,0.0,0.0,357.88,212.04,619.29,0.0,0.0,None,None,None,None,None,None,None,None,None,None,None,None
2026-07-11T17:46:45.360358,12.486,49.27542,-123.200378,7.0,21.593,0,0.8,341.0,3.0,1.0,0.7,0.0,0.0,357.88,212.04,619.29,0.0,0.0,None,None,None,None,None,None,None,None,None,None,None,None
2026-07-11T17:46:45.360567,12.486,49.27542,-123.200378,7.0,21.593,0,0.8,341.0,3.0,1.0,0.7,0.0,0.0,357.88,212.04,619.29,0.0,0.0,None,None,None,None,None,None,None,None,None,None,None,None
2026-07-11T17:46:45.360841,12.486,49.27542,-123.200378,7.0,21.593,0,0.9,324.0,3.0,1.0,0.7,0.0,0.0,357.88,212.04,619.29,0.0,0.0,None,None,None,None,None,None,None,None,None,None,None,None
2026-07-11T17:46:45.360993,12.486,49.27542,-123.200378,7.0,21.596,0,0.9,324.0,3.0,1.0,0.7,0.0,0.0,357.88,212.04,619.29,0.0,0.0,None,None,None,None,None,None,None,None,None,None,None,None
2026-07-11T17:46:45.361228,12.487,49.27542,-123.200378,7.0,21.596,0,0.9,324.0,3.0,1.0,0.7,0.0,0.0,357.88,212.04,619.29,0.0,0.0,None,None,None,None,None,None,None,None,None,None,None,None
2026-07-11T17:46:45.361416,12.487,49.27542,-123.200378,7.0,21.596,0,0.9,324.0,3.0,1.0,0.7,0.0,0.0,357.88,212.04,619.29,0.0,0.0,None,None,None,None,None,None,None,None,None,None,None,None
2026-07-11T17:46:45.361592,12.487,49.27542,-123.200378,7.0,21.596,0,0.9,324.0,3.0,1.0,0.7,0.0,0.0,357.88,212.04,619.29,0.0,0.0,None,None,None,None,None,None,None,None,None,None,None,None
2026-07-11T17:46:45.361828,12.487,49.27542,-123.200378,7.0,21.596,0,0.9,324.0,3.0,1.0,0.7,0.0,0.0,357.88,212.04,619.29,0.0,0.0,None,None,None,None,None,None,None,None,None,None,None,None
2026-07-11T17:46:45.460891,12.586,49.27542,-123.200378,7.0,21.596,0,0.9,324.0,3.0,1.0,0.7,0.0,0.0,357.88,212.04,619.29,0.0,0.0,None,None,None,None,None,None,None,None,None,None,None,None
2026-07-11T17:46:45.461251,12.587,49.27542,-123.200378,7.0,21.596,0,0.9,324.0,3.0,1.0,0.7,0.0,0.0,357.88,212.04,619.29,0.0,0.0,None,None,None,None,None,None,None,None,None,None,None,None
2026-07-11T17:46:45.560531,12.686,49.27542,-123.200378,7.0,21.596,0,0.9,324.0,3.0,1.0,0.7,0.0,0.0,357.88,212.04,619.29,0.0,0.0,None,None,None,None,None,None,None,None,None,None,None,None
2026-07-11T17:46:45.560837,12.686,49.27542,-123.200378,7.0,21.596,0,0.9,324.0,2.6,356.0,0.7,0.0,0.0,357.88,212.04,619.29,0.0,0.0,None,None,None,None,None,None,None,None,None,None,None,None
2026-07-11T17:46:45.561017,12.686,49.27542,-123.200378,7.0,21.596,0,0.9,324.0,2.6,356.0,0.7,0.0,0.0,357.88,212.04,619.29,0.0,0.0,None,None,None,None,None,None,None,None,None,None,None,None
2026-07-11T17:46:45.660718,12.786,49.27542,-123.200378,7.0,21.596,0,0.9,324.0,2.6,356.0,0.7,0.0,0.0,357.88,212.04,619.29,0.0,0.0,None,None,None,None,None,None,None,None,None,None,None,None
2026-07-11T17:46:45.660937,12.786,49.27542,-123.200378,7.0,21.596,0,0.9,324.0,2.6,356.0,0.7,0.0,0.0,357.88,212.04,619.29,0.0,0.0,None,None,None,None,None,None,None,None,None,None,None,None
2026-07-11T17:46:45.661058,12.786,49.27542,-123.200378,7.0,21.596,0,0.9,324.0,2.6,356.0,0.7,0.0,0.0,357.88,212.04,619.29,0.0,0.0,None,None,None,None,None,None,None,None,None,None,None,None
2026-07-11T17:46:45.661203,12.787,49.27542,-123.200378,7.0,21.596,0,0.9,324.0,2.6,356.0,0.7,0.0,0.0,357.88,212.04,619.29,0.0,0.0,None,None,None,None,None,None,None,None,None,None,None,None
2026-07-11T17:46:45.760237,12.886,49.27542,-123.200378,7.0,21.596,0,0.9,324.0,2.6,356.0,0.7,0.0,0.0,357.88,212.04,619.29,0.0,0.0,None,None,None,None,None,None,None,None,None,None,None,None
2026-07-11T17:46:45.760547,12.886,49.27542,-123.200378,7.0,21.596,0,0.9,324.0,2.6,356.0,0.7,0.0,0.0,357.88,212.04,619.29,0.0,0.0,None,None,None,None,None,None,None,None,None,None,None,None
2026-07-11T17:46:45.860892,12.986,49.27542,-123.200378,7.0,21.596,0,0.9,324.0,2.6,356.0,0.7,0.0,0.0,357.88,212.04,619.29,0.0,0.0,None,None,None,None,None,None,None,None,None,None,None,None
2026-07-11T17:46:45.861071,12.986,49.27542,-123.200378,7.0,21.596,0,0.9,324.0,2.6,356.0,0.7,0.0,0.0,357.88,212.04,619.29,0.0,0.0,None,None,None,None,None,None,None,None,None,None,None,None
2026-07-11T17:46:45.861217,12.987,49.27542,-123.200378,7.0,21.596,0,0.9,324.0,2.5,347.0,0.7,0.0,0.0,357.88,212.04,619.29,0.0,0.0,None,None,None,None,None,None,None,None,None,None,None,None
2026-07-11T17:46:45.861341,12.987,49.27542,-123.200378,7.0,21.596,0,0.6,2.0,2.5,347.0,0.7,0.0,0.0,357.88,212.04,619.29,0.0,0.0,None,None,None,None,None,None,None,None,None,None,None,None
2026-07-11T17:46:45.861665,12.987,49.27542,-123.200378,7.0,21.596,0,0.6,2.0,2.5,347.0,0.7,0.0,0.0,357.88,212.04,619.29,0.0,0.0,None,None,None,None,None,None,None,None,None,None,None,None
2026-07-11T17:46:45.960032,13.085,49.27542,-123.200378,7.0,21.596,0,0.6,2.0,2.5,347.0,0.7,0.0,0.0,357.88,212.04,619.29,0.0,0.0,None,None,None,None,None,None,None,None,None,None,None,None
2026-07-11T17:46:45.960368,13.086,49.27542,-123.200378,7.0,21.596,0,0.6,2.0,2.5,347.0,0.7,0.0,0.0,357.88,212.04,619.29,0.0,0.0,None,None,None,None,None,None,None,None,None,None,None,None
2026-07-11T17:46:45.960523,13.086,49.27542,-123.200378,7.0,21.596,0,0.6,2.0,2.5,347.0,0.7,0.0,0.0,357.88,212.04,619.29,0.0,0.0,None,None,None,None,None,None,None,None,None,None,None,None
2026-07-11T17:46:45.960787,13.086,49.27542,-123.200378,7.0,21.596,0,0.6,2.0,2.5,347.0,0.7,0.0,0.0,357.88,212.04,619.29,0.0,0.0,None,None,None,None,None,None,None,None,None,None,None,None
2026-07-11T17:46:46.060530,13.186,49.27542,-123.200378,7.0,21.596,0,0.6,2.0,2.5,347.0,0.7,0.0,0.0,357.88,212.04,619.29,0.0,0.0,None,None,None,None,None,None,None,None,None,None,None,None
2026-07-11T17:46:46.060794,13.186,49.27542,-123.200378,7.0,21.596,0,0.6,2.0,2.5,347.0,0.7,0.0,0.0,357.88,212.04,619.29,0.0,0.0,None,None,None,None,None,None,None,None,None,None,None,None
2026-07-11T17:46:46.061368,13.187,49.27542,-123.200378,7.0,21.596,0,0.6,2.0,2.5,347.0,0.7,0.0,0.0,357.88,212.04,619.29,0.0,0.0,None,None,None,None,None,None,None,None,None,None,None,None
2026-07-11T17:46:46.061564,13.187,49.27542,-123.200378,7.0,21.596,0,0.6,2.0,2.5,347.0,0.7,0.0,0.0,357.88,212.04,619.29,0.0,0.0,None,None,None,None,None,None,None,None,None,None,None,None
2026-07-11T17:46:46.160217,13.286,49.27542,-123.200378,7.0,21.596,0,0.6,2.0,2.1,341.0,0.7,0.0,0.0,357.88,212.04,619.29,0.0,0.0,None,None,None,None,None,None,None,None,None,None,None,None
2026-07-11T17:46:46.160428,13.286,49.27542,-123.200378,7.0,21.596,0,0.6,2.0,2.1,341.0,0.7,0.0,0.0,357.88,212.04,619.29,0.0,0.0,None,None,None,None,None,None,None,None,None,None,None,None
2026-07-11T17:46:46.160550,13.286,49.27542,-123.200378,7.0,21.596,0,0.6,2.0,2.1,341.0,0.7,0.0,0.0,357.88,212.04,619.29,0.0,0.0,None,None,None,None,None,None,None,None,None,None,None,None
2026-07-11T17:46:46.160775,13.286,49.27542,-123.200378,7.0,21.596,0,0.6,2.0,2.1,341.0,0.7,0.0,0.0,357.88,212.04,619.29,0.0,0.0,None,None,None,None,None,None,None,None,None,None,None,None
2026-07-11T17:46:46.160889,13.286,49.27542,-123.200378,7.0,21.596,0,0.6,2.0,2.1,341.0,0.7,0.0,0.0,357.88,212.04,619.29,0.0,0.0,None,None,None,None,None,None,None,None,None,None,None,None
2026-07-11T17:46:46.161032,13.286,49.27542,-123.200378,7.0,21.596,0,0.6,2.0,2.1,341.0,0.7,0.0,0.0,357.88,212.04,619.29,0.0,0.0,None,None,None,None,None,None,None,None,None,None,None,None
2026-07-11T17:46:46.260621,13.386,49.27542,-123.200378,7.0,21.596,0,0.6,2.0,2.1,341.0,0.7,0.0,0.0,357.88,212.04,619.29,0.0,0.0,None,None,None,None,None,None,None,None,None,None,None,None
2026-07-11T17:46:46.260956,13.386,49.27542,-123.200378,7.0,21.596,0,0.6,2.0,2.1,341.0,0.7,0.0,0.0,357.88,212.04,619.29,0.0,0.0,None,None,None,None,None,None,None,None,None,None,None,None
2026-07-11T17:46:46.261513,13.387,49.27542,-123.200376,7.0,21.596,0,0.6,2.0,2.1,341.0,0.7,0.0,0.0,357.88,212.04,619.29,0.0,0.0,None,None,None,None,None,None,None,None,None,None,None,None
2026-07-11T17:46:46.360533,13.486,49.27542,-123.200376,7.0,21.596,0,0.6,2.0,2.1,341.0,0.7,0.0,0.0,357.88,212.04,619.29,0.0,0.0,None,None,None,None,None,None,None,None,None,None,None,None
2026-07-11T17:46:46.360812,13.486,49.27542,-123.200376,7.0,21.596,0,0.6,2.0,2.1,341.0,0.7,0.0,0.0,357.88,212.04,619.29,0.0,0.0,None,None,None,None,None,None,None,None,None,None,None,None
2026-07-11T17:46:46.360967,13.486,49.27542,-123.200376,7.0,21.596,0,0.6,2.0,2.1,341.0,0.7,0.0,0.0,357.88,212.04,619.29,0.0,0.0,None,None,None,None,None,None,None,None,None,None,None,None
2026-07-11T17:46:46.361218,13.487,49.27542,-123.200376,7.0,21.596,0,0.6,2.0,2.1,341.0,0.7,0.0,0.0,357.88,212.04,619.29,0.0,0.0,None,None,None,None,None,None,None,None,None,None,None,None
2026-07-11T17:46:46.361488,13.487,49.27542,-123.200376,7.0,21.596,0,0.6,2.0,1.7,346.0,0.7,0.0,0.0,357.88,212.04,619.29,0.0,0.0,None,None,None,None,None,None,None,None,None,None,None,None
2026-07-11T17:46:46.460682,13.586,49.27542,-123.200376,7.0,21.596,0,0.0,2.0,1.7,346.0,0.7,0.0,0.0,357.88,212.04,619.29,0.0,0.0,None,None,None,None,None,None,None,None,None,None,None,None
2026-07-11T17:46:46.460982,13.586,49.27542,-123.200376,7.0,21.596,0,0.0,2.0,1.7,346.0,0.7,0.0,0.0,357.88,212.04,619.29,0.0,0.0,None,None,None,None,None,None,None,None,None,None,None,None
2026-07-11T17:46:46.461288,13.587,49.27542,-123.200376,7.0,21.596,0,0.0,2.0,1.7,346.0,0.7,0.0,0.0,357.88,212.04,619.29,0.0,0.0,None,None,None,None,None,None,None,None,None,None,None,None
2026-07-11T17:46:46.461573,13.587,49.27542,-123.200376,7.0,21.596,0,0.0,2.0,1.7,346.0,0.7,0.0,0.0,357.88,212.04,619.29,0.0,0.0,None,None,None,None,None,None,None,None,None,None,None,None
2026-07-11T17:46:46.560789,13.686,49.27542,-123.200376,7.0,21.596,0,0.0,2.0,1.7,346.0,0.7,0.0,0.0,357.88,212.04,619.29,0.0,0.0,None,None,None,None,None,None,None,None,None,None,None,None
2026-07-11T17:46:46.561093,13.686,49.27542,-123.200376,7.0,21.601,0,0.0,2.0,1.7,346.0,0.7,0.0,0.0,357.88,212.04,619.29,0.0,0.0,None,None,None,None,None,None,None,None,None,None,None,None
2026-07-11T17:46:46.561325,13.687,49.27542,-123.200376,7.0,21.601,0,0.0,2.0,1.7,346.0,0.7,0.0,0.0,357.88,212.04,619.29,0.0,0.0,None,None,None,None,None,None,None,None,None,None,None,None
2026-07-11T17:46:46.561541,13.687,49.27542,-123.200376,7.0,21.601,0,0.0,2.0,1.7,346.0,0.7,0.0,0.0,357.88,212.04,619.29,0.0,0.0,None,None,None,None,None,None,None,None,None,None,None,None
2026-07-11T17:46:46.660134,13.786,49.27542,-123.200376,7.0,21.601,0,0.0,2.0,1.7,346.0,0.7,0.0,0.0,357.88,212.04,619.29,0.0,0.0,None,None,None,None,None,None,None,None,None,None,None,None
2026-07-11T17:46:46.660779,13.786,49.27542,-123.200376,7.0,21.601,0,0.0,2.0,1.7,346.0,0.7,0.0,0.0,357.88,212.04,619.29,0.0,0.0,None,None,None,None,None,None,None,None,None,None,None,None
2026-07-11T17:46:46.660994,13.786,49.27542,-123.200376,7.0,21.601,0,0.0,2.0,1.7,346.0,0.7,0.0,0.0,357.88,212.04,619.29,0.0,0.0,None,None,None,None,None,None,None,None,None,None,None,None
2026-07-11T17:46:46.661181,13.787,49.27542,-123.200376,7.0,21.601,0,0.0,2.0,1.9,342.0,0.7,0.0,0.0,357.88,212.04,619.29,0.0,0.0,None,None,None,None,None,None,None,None,None,None,None,None
2026-07-11T17:46:46.661307,13.787,49.27542,-123.200376,7.0,21.601,0,0.6,272.0,1.9,342.0,0.7,0.0,0.0,357.88,212.04,619.29,0.0,0.0,None,None,None,None,None,None,None,None,None,None,None,None
2026-07-11T17:46:46.661456,13.787,49.27542,-123.200376,7.0,21.601,0,0.6,272.0,1.9,342.0,0.7,0.0,0.0,357.88,212.04,619.29,0.0,0.0,None,None,None,None,None,None,None,None,None,None,None,None
2026-07-11T17:46:46.661571,13.787,49.27542,-123.200376,7.0,21.601,0,0.6,272.0,1.9,342.0,0.7,0.0,0.0,357.88,212.04,619.29,0.0,0.0,None,None,None,None,None,None,None,None,None,None,None,None
2026-07-11T17:46:46.760580,13.886,49.27542,-123.200376,7.0,21.601,0,0.6,272.0,1.9,342.0,0.7,0.0,0.0,357.88,212.04,619.29,0.0,0.0,None,None,None,None,None,None,None,None,None,None,None,None
2026-07-11T17:46:46.760902,13.886,49.27542,-123.200376,7.0,21.601,0,0.6,272.0,1.9,342.0,0.7,0.0,0.0,357.88,212.04,619.29,0.0,0.0,None,None,None,None,None,None,None,None,None,None,None,None
2026-07-11T17:46:46.860887,13.986,49.27542,-123.200376,7.0,21.601,0,0.6,272.0,1.9,342.0,0.7,0.0,0.0,357.88,212.04,619.29,0.0,0.0,None,None,None,None,None,None,None,None,None,None,None,None
2026-07-11T17:46:46.861067,13.986,49.27542,-123.200376,7.0,21.601,0,0.6,272.0,1.9,342.0,0.7,0.0,0.0,357.88,212.04,619.29,0.0,0.0,None,None,None,None,None,None,None,None,None,None,None,None
2026-07-11T17:46:46.861230,13.987,49.27542,-123.200376,7.0,21.601,0,0.6,272.0,1.9,342.0,0.7,0.0,0.0,357.88,212.04,619.29,0.0,0.0,None,None,None,None,None,None,None,None,None,None,None,None
2026-07-11T17:46:46.960166,14.086,49.27542,-123.200376,7.0,21.601,0,0.6,272.0,2.1,348.0,0.7,0.0,0.0,357.88,212.04,619.29,0.0,0.0,None,None,None,None,None,None,None,None,None,None,None,None
2026-07-11T17:46:46.960492,14.086,49.27542,-123.200376,7.0,21.601,0,0.6,272.0,2.1,348.0,0.7,0.0,0.0,357.88,212.04,619.29,0.0,0.0,None,None,None,None,None,None,None,None,None,None,None,None
2026-07-11T17:46:46.960715,14.086,49.27542,-123.200376,7.0,21.601,0,1.1,272.0,2.1,348.0,0.7,0.0,0.0,357.88,212.04,619.29,0.0,0.0,None,None,None,None,None,None,None,None,None,None,None,None
2026-07-11T17:46:46.960836,14.086,49.27542,-123.200376,7.0,21.601,0,1.1,272.0,2.1,348.0,0.7,0.0,0.0,357.88,212.04,619.29,0.0,0.0,None,None,None,None,None,None,None,None,None,None,None,None
2026-07-11T17:46:46.960990,14.086,49.27542,-123.200376,7.0,21.601,0,1.1,272.0,2.1,348.0,0.7,0.0,0.0,357.88,212.04,619.29,0.0,0.0,None,None,None,None,None,None,None,None,None,None,None,None
2026-07-11T17:46:46.961265,14.087,49.27542,-123.200376,7.0,21.601,0,1.1,272.0,2.1,348.0,0.7,0.0,0.0,357.88,212.04,619.29,0.0,0.0,None,None,None,None,None,None,None,None,None,None,None,None
2026-07-11T17:46:47.060451,14.186,49.27542,-123.200376,7.0,21.601,0,1.1,272.0,2.1,348.0,0.7,0.0,0.0,357.88,212.04,619.29,0.0,0.0,None,None,None,None,None,None,None,None,None,None,None,None
2026-07-11T17:46:47.060772,14.186,49.27542,-123.200376,7.0,21.601,0,1.1,272.0,2.1,348.0,0.7,0.0,0.0,357.88,212.04,619.29,0.0,0.0,None,None,None,None,None,None,None,None,None,None,None,None
2026-07-11T17:46:47.160255,14.286,49.27542,-123.200376,7.0,21.601,0,1.1,272.0,2.1,348.0,0.7,0.0,0.0,357.88,212.04,619.29,0.0,0.0,None,None,None,None,None,None,None,None,None,None,None,None
2026-07-11T17:46:47.160482,14.286,49.27542,-123.200376,7.0,21.601,0,1.1,272.0,2.1,348.0,0.7,0.0,0.0,357.88,212.04,619.29,0.0,0.0,None,None,None,None,None,None,None,None,None,None,None,None
2026-07-11T17:46:47.160751,14.286,49.27542,-123.200376,7.0,21.601,0,1.1,272.0,2.2,352.0,0.7,0.0,0.0,357.88,212.04,619.29,0.0,0.0,None,None,None,None,None,None,None,None,None,None,None,None
2026-07-11T17:46:47.161029,14.286,49.27542,-123.200376,7.0,21.601,0,1.1,272.0,2.2,352.0,0.7,0.0,0.0,357.88,212.04,619.29,0.0,0.0,None,None,None,None,None,None,None,None,None,None,None,None
2026-07-11T17:46:47.260917,14.386,49.27542,-123.200376,7.0,21.601,0,1.0,281.0,2.2,352.0,0.7,0.0,0.0,357.88,212.04,619.29,0.0,0.0,None,None,None,None,None,None,None,None,None,None,None,None
2026-07-11T17:46:47.261483,14.387,49.27542,-123.200375,7.0,21.601,0,1.0,281.0,2.2,352.0,0.7,0.0,0.0,357.88,212.04,619.29,0.0,0.0,None,None,None,None,None,None,None,None,None,None,None,None
2026-07-11T17:46:47.261710,14.387,49.27542,-123.200375,7.0,21.601,0,1.0,281.0,2.2,352.0,0.7,0.0,0.0,357.88,212.04,619.29,0.0,0.0,None,None,None,None,None,None,None,None,None,None,None,None
2026-07-11T17:46:47.261877,14.387,49.27542,-123.200375,7.0,21.601,0,1.0,281.0,2.2,352.0,0.7,0.0,0.0,357.88,212.04,619.29,0.0,0.0,None,None,None,None,None,None,None,None,None,None,None,None
2026-07-11T17:46:47.262430,14.388,49.27542,-123.200375,7.0,21.601,0,1.0,281.0,2.2,352.0,0.7,0.0,0.0,357.88,212.04,619.29,0.0,0.0,None,None,None,None,None,None,None,None,None,None,None,None
2026-07-11T17:46:47.360755,14.486,49.27542,-123.200375,7.0,21.601,0,1.0,281.0,2.2,352.0,0.7,0.0,0.0,357.88,212.04,619.29,0.0,0.0,None,None,None,None,None,None,None,None,None,None,None,None
2026-07-11T17:46:47.360934,14.486,49.27542,-123.200375,7.0,21.601,0,1.0,281.0,2.2,352.0,0.7,0.0,0.0,357.88,212.04,619.29,0.0,0.0,None,None,None,None,None,None,None,None,None,None,None,None
2026-07-11T17:46:47.361094,14.486,49.27542,-123.200375,7.0,21.601,0,1.0,281.0,2.2,352.0,0.7,0.0,0.0,357.88,212.04,619.29,0.0,0.0,None,None,None,None,None,None,None,None,None,None,None,None
2026-07-11T17:46:47.361353,14.487,49.27542,-123.200375,7.0,21.601,0,1.0,281.0,2.2,352.0,0.7,0.0,0.0,357.88,212.04,619.29,0.0,0.0,None,None,None,None,None,None,None,None,None,None,None,None
2026-07-11T17:46:47.460679,14.586,49.27542,-123.200375,7.0,21.601,0,1.0,281.0,2.2,352.0,0.7,0.0,0.0,357.88,212.04,619.29,0.0,0.0,None,None,None,None,None,None,None,None,None,None,None,None
2026-07-11T17:46:47.461013,14.586,49.27542,-123.200375,7.0,21.601,0,1.0,281.0,2.2,352.0,0.7,0.0,0.0,357.88,212.04,619.29,0.0,0.0,None,None,None,None,None,None,None,None,None,None,None,None
2026-07-11T17:46:47.461296,14.587,49.27542,-123.200375,7.0,21.601,0,1.0,281.0,2.1,349.0,0.7,0.0,0.0,357.88,212.04,619.29,0.0,0.0,None,None,None,None,None,None,None,None,None,None,None,None
2026-07-11T17:46:47.461563,14.587,49.27542,-123.200375,7.0,21.601,0,0.8,296.0,2.1,349.0,0.7,0.0,0.0,357.88,212.04,619.29,0.0,0.0,None,None,None,None,None,None,None,None,None,None,None,None
2026-07-11T17:46:47.560930,14.686,49.27542,-123.200375,7.0,21.601,0,0.8,296.0,2.1,349.0,0.7,0.0,0.0,357.88,212.04,619.29,0.0,0.0,None,None,None,None,None,None,None,None,None,None,None,None
2026-07-11T17:46:47.561223,14.687,49.27542,-123.200375,7.0,21.601,0,0.8,296.0,2.1,349.0,0.7,0.0,0.0,357.88,212.04,619.29,0.0,0.0,None,None,None,None,None,None,None,None,None,None,None,None
2026-07-11T17:46:47.561525,14.687,49.27542,-123.200375,7.0,21.601,0,0.8,296.0,2.1,349.0,0.7,0.0,0.0,357.88,212.04,619.29,0.0,0.0,None,None,None,None,None,None,None,None,None,None,None,None
2026-07-11T17:46:47.660071,14.785,49.27542,-123.200375,7.0,21.601,0,0.8,296.0,2.1,349.0,0.7,0.0,0.0,357.88,212.04,619.29,0.0,0.0,None,None,None,None,None,None,None,None,None,None,None,None
2026-07-11T17:46:47.660423,14.786,49.27542,-123.200375,7.0,21.601,0,0.8,296.0,2.1,349.0,0.7,0.0,0.0,357.88,212.04,619.29,0.0,0.0,None,None,None,None,None,None,None,None,None,None,None,None
2026-07-11T17:46:47.759998,14.885,49.27542,-123.200375,7.0,21.601,0,0.8,296.0,2.1,349.0,0.7,0.0,0.0,357.88,212.04,619.29,0.0,0.0,None,None,None,None,None,None,None,None,None,None,None,None
2026-07-11T17:46:47.760294,14.886,49.27542,-123.200375,7.0,21.601,0,0.8,296.0,2.1,341.0,0.7,0.0,0.0,357.88,212.04,619.29,0.0,0.0,None,None,None,None,None,None,None,None,None,None,None,None
2026-07-11T17:46:47.760561,14.886,49.27542,-123.200375,7.0,21.601,0,0.6,319.0,2.1,341.0,0.7,0.0,0.0,357.88,212.04,619.29,0.0,0.0,None,None,None,None,None,None,None,None,None,None,None,None
2026-07-11T17:46:47.760764,14.886,49.27542,-123.200375,7.0,21.606,0,0.6,319.0,2.1,341.0,0.7,0.0,0.0,357.88,212.04,619.29,0.0,0.0,None,None,None,None,None,None,None,None,None,None,None,None
2026-07-11T17:46:47.760986,14.886,49.27542,-123.200375,7.0,21.606,0,0.6,319.0,2.1,341.0,0.7,0.0,0.0,357.88,212.04,619.29,0.0,0.0,None,None,None,None,None,None,None,None,None,None,None,None
2026-07-11T17:46:47.761130,14.887,49.27542,-123.200375,7.0,21.606,0,0.6,319.0,2.1,341.0,0.7,0.0,0.0,357.88,212.04,619.29,0.0,0.0,None,None,None,None,None,None,None,None,None,None,None,None
2026-07-11T17:46:47.761262,14.887,49.27542,-123.200375,7.0,21.606,0,0.6,319.0,2.1,341.0,0.7,0.0,0.0,357.88,212.04,619.29,0.0,0.0,None,None,None,None,None,None,None,None,None,None,None,None
2026-07-11T17:46:47.761400,14.887,49.27542,-123.200375,7.0,21.606,0,0.6,319.0,2.1,341.0,0.7,0.0,0.0,357.88,212.04,619.29,0.0,0.0,None,None,None,None,None,None,None,None,None,None,None,None
2026-07-11T17:46:47.761552,14.887,49.27542,-123.200375,7.0,21.606,0,0.6,319.0,2.1,341.0,0.7,0.0,0.0,357.88,212.04,619.29,0.0,0.0,None,None,None,None,None,None,None,None,None,None,None,None
2026-07-11T17:46:47.860561,14.986,49.27542,-123.200375,7.0,21.606,0,0.6,319.0,2.1,341.0,0.7,0.0,0.0,357.88,212.04,619.29,0.0,0.0,None,None,None,None,None,None,None,None,None,None,None,None
2026-07-11T17:46:47.860880,14.986,49.27542,-123.200375,7.0,21.606,0,0.6,319.0,2.1,341.0,0.7,0.0,0.0,357.88,212.04,619.29,0.0,0.0,None,None,None,None,None,None,None,None,None,None,None,None
2026-07-11T17:46:47.861033,14.986,49.27542,-123.200375,7.0,21.606,0,0.6,319.0,2.1,341.0,0.7,0.0,0.0,357.88,212.04,619.29,0.0,0.0,None,None,None,None,None,None,None,None,None,None,None,None
2026-07-11T17:46:47.960938,15.086,49.27542,-123.200375,7.0,21.606,0,0.6,319.0,2.1,341.0,0.7,0.0,0.0,357.88,212.04,619.29,0.0,0.0,None,None,None,None,None,None,None,None,None,None,None,None
2026-07-11T17:46:47.961251,15.087,49.27542,-123.200375,7.0,21.606,0,0.6,319.0,2.1,341.0,0.7,0.0,0.0,357.88,212.04,619.29,0.0,0.0,None,None,None,None,None,None,None,None,None,None,None,None
2026-07-11T17:46:47.961519,15.087,49.27542,-123.200375,7.0,21.606,0,0.6,319.0,2.1,341.0,0.7,0.0,0.0,357.88,212.04,619.29,0.0,0.0,None,None,None,None,None,None,None,None,None,None,None,None
2026-07-11T17:46:47.961753,15.087,49.27542,-123.200375,7.0,21.606,0,0.6,319.0,2.3,338.0,0.7,0.0,0.0,357.88,212.04,619.29,0.0,0.0,None,None,None,None,None,None,None,None,None,None,None,None
2026-07-11T17:46:48.060012,15.185,49.27542,-123.200375,7.0,21.606,0,0.6,319.0,2.3,338.0,0.7,0.0,0.0,357.88,212.04,619.29,0.0,0.0,None,None,None,None,None,None,None,None,None,None,None,None
2026-07-11T17:46:48.060312,15.186,49.27542,-123.200375,7.0,21.606,0,0.7,333.0,2.3,338.0,0.7,0.0,0.0,357.88,212.04,619.29,0.0,0.0,None,None,None,None,None,None,None,None,None,None,None,None
2026-07-11T17:46:48.060578,15.186,49.27542,-123.200375,7.0,21.606,0,0.7,333.0,2.3,338.0,0.7,0.0,0.0,357.88,212.04,619.29,0.0,0.0,None,None,None,None,None,None,None,None,None,None,None,None
2026-07-11T17:46:48.060878,15.186,49.27542,-123.200375,7.0,21.606,0,0.7,333.0,2.3,338.0,0.7,0.0,0.0,357.88,212.04,619.29,0.0,0.0,None,None,None,None,None,None,None,None,None,None,None,None
2026-07-11T17:46:48.160735,15.286,49.27542,-123.200375,7.0,21.606,0,0.7,333.0,2.3,338.0,0.7,0.0,0.0,357.88,212.04,619.29,0.0,0.0,None,None,None,None,None,None,None,None,None,None,None,None
2026-07-11T17:46:48.161057,15.286,49.27542,-123.200375,7.0,21.606,0,0.7,333.0,2.3,338.0,0.7,0.0,0.0,357.88,212.04,619.29,0.0,0.0,None,None,None,None,None,None,None,None,None,None,None,None
2026-07-11T17:46:48.260931,15.386,49.27542,-123.200375,7.0,21.606,0,0.7,333.0,2.3,338.0,0.7,0.0,0.0,357.88,212.04,619.29,0.0,0.0,None,None,None,None,None,None,None,None,None,None,None,None
2026-07-11T17:46:48.261254,15.387,49.27542,-123.200373,7.0,21.606,0,0.7,333.0,2.3,338.0,0.7,0.0,0.0,357.88,212.04,619.29,0.0,0.0,None,None,None,None,None,None,None,None,None,None,None,None
2026-07-11T17:46:48.261515,15.387,49.27542,-123.200373,7.0,21.606,0,0.7,333.0,2.5,341.0,0.7,0.0,0.0,357.88,212.04,619.29,0.0,0.0,None,None,None,None,None,None,None,None,None,None,None,None
2026-07-11T17:46:48.261759,15.387,49.27542,-123.200373,7.0,21.606,0,0.7,333.0,2.5,341.0,0.7,0.0,0.0,357.88,212.04,619.29,0.0,0.0,None,None,None,None,None,None,None,None,None,None,None,None
2026-07-11T17:46:48.261955,15.387,49.27542,-123.200373,7.0,21.606,0,0.7,333.0,2.5,341.0,0.7,0.0,0.0,357.88,212.04,619.29,0.0,0.0,None,None,None,None,None,None,None,None,None,None,None,None
2026-07-11T17:46:48.262132,15.388,49.27542,-123.200373,7.0,21.606,0,0.6,343.0,2.5,341.0,0.7,0.0,0.0,357.88,212.04,619.29,0.0,0.0,None,None,None,None,None,None,None,None,None,None,None,None
2026-07-11T17:46:48.262585,15.388,49.27542,-123.200373,7.0,21.606,0,0.6,343.0,2.5,341.0,0.7,0.0,0.0,357.88,212.04,619.29,0.0,0.0,None,None,None,None,None,None,None,None,None,None,None,None
2026-07-11T17:46:48.262725,15.388,49.27542,-123.200373,7.0,21.606,0,0.6,343.0,2.5,341.0,0.7,0.0,0.0,357.88,212.04,619.29,0.0,0.0,None,None,None,None,None,None,None,None,None,None,None,None
2026-07-11T17:46:48.360505,15.486,49.27542,-123.200373,7.0,21.606,0,0.6,343.0,2.5,341.0,0.7,0.0,0.0,357.88,212.04,619.29,0.0,0.0,None,None,None,None,None,None,None,None,None,None,None,None
2026-07-11T17:46:48.360789,15.486,49.27542,-123.200373,7.0,21.606,0,0.6,343.0,2.5,341.0,0.7,0.0,0.0,357.88,212.04,619.29,0.0,0.0,None,None,None,None,None,None,None,None,None,None,None,None
2026-07-11T17:46:48.361319,15.487,49.27542,-123.200373,7.0,21.606,0,0.6,343.0,2.5,341.0,0.7,0.0,0.0,357.88,212.04,619.29,0.0,0.0,None,None,None,None,None,None,None,None,None,None,None,None
2026-07-11T17:46:48.460600,15.586,49.27542,-123.200373,7.0,21.606,0,0.6,343.0,2.5,341.0,0.7,0.0,0.0,357.88,212.04,619.29,0.0,0.0,None,None,None,None,None,None,None,None,None,None,None,None
2026-07-11T17:46:48.460953,15.586,49.27542,-123.200373,7.0,21.606,0,0.6,343.0,2.5,341.0,0.7,0.0,0.0,357.88,212.04,619.29,0.0,0.0,None,None,None,None,None,None,None,None,None,None,None,None
2026-07-11T17:46:48.560277,15.686,49.27542,-123.200373,7.0,21.606,0,0.6,343.0,2.4,343.0,0.7,0.0,0.0,357.88,212.04,619.29,0.0,0.0,None,None,None,None,None,None,None,None,None,None,None,None
2026-07-11T17:46:48.560613,15.686,49.27542,-123.200373,7.0,21.606,0,0.6,343.0,2.4,343.0,0.7,0.0,0.0,357.88,212.04,619.29,0.0,0.0,None,None,None,None,None,None,None,None,None,None,None,None
2026-07-11T17:46:48.560885,15.686,49.27542,-123.200373,7.0,21.606,0,0.6,343.0,2.4,343.0,0.7,0.0,0.0,357.88,212.04,619.29,0.0,0.0,None,None,None,None,None,None,None,None,None,None,None,None
2026-07-11T17:46:48.561179,15.687,49.27542,-123.200373,7.0,21.606,0,0.6,343.0,2.4,343.0,0.7,0.0,0.0,357.88,212.04,619.29,0.0,0.0,None,None,None,None,None,None,None,None,None,None,None,None
2026-07-11T17:46:48.561422,15.687,49.27542,-123.200373,7.0,21.606,0,0.6,343.0,2.4,343.0,0.7,0.0,0.0,357.88,212.04,619.29,0.0,0.0,None,None,None,None,None,None,None,None,None,None,None,None
2026-07-11T17:46:48.660433,15.786,49.27542,-123.200373,7.0,21.606,0,0.6,343.0,2.4,343.0,0.7,0.0,0.0,357.88,212.04,619.29,0.0,0.0,None,None,None,None,None,None,None,None,None,None,None,None
2026-07-11T17:46:48.660735,15.786,49.27542,-123.200373,7.0,21.606,0,0.6,343.0,2.4,343.0,0.7,0.0,0.0,357.88,212.04,619.29,0.0,0.0,None,None,None,None,None,None,None,None,None,None,None,None
2026-07-11T17:46:48.760571,15.886,49.27542,-123.200373,7.0,21.606,0,0.6,343.0,2.4,343.0,0.7,0.0,0.0,357.88,212.04,619.29,0.0,0.0,None,None,None,None,None,None,None,None,None,None,None,None
2026-07-11T17:46:48.760887,15.886,49.27542,-123.200373,7.0,21.606,0,0.6,343.0,2.4,343.0,0.7,0.0,0.0,357.88,212.04,619.29,0.0,0.0,None,None,None,None,None,None,None,None,None,None,None,None
2026-07-11T17:46:48.761168,15.887,49.27542,-123.200373,7.0,21.606,0,0.6,343.0,2.2,348.0,0.7,0.0,0.0,357.88,212.04,619.29,0.0,0.0,None,None,None,None,None,None,None,None,None,None,None,None
2026-07-11T17:46:48.859988,15.985,49.27542,-123.200373,7.0,21.606,0,0.4,319.0,2.2,348.0,0.7,0.0,0.0,357.88,212.04,619.29,0.0,0.0,None,None,None,None,None,None,None,None,None,None,None,None
2026-07-11T17:46:48.860318,15.986,49.27542,-123.200373,7.0,21.606,0,0.4,319.0,2.2,348.0,0.7,0.0,0.0,357.88,212.04,619.29,0.0,0.0,None,None,None,None,None,None,None,None,None,None,None,None
2026-07-11T17:46:48.860609,15.986,49.27542,-123.200373,7.0,21.606,0,0.4,319.0,2.2,348.0,0.7,0.0,0.0,357.88,212.04,619.29,0.0,0.0,None,None,None,None,None,None,None,None,None,None,None,None
2026-07-11T17:46:48.860796,15.986,49.27542,-123.200373,7.0,21.606,0,0.4,319.0,2.2,348.0,0.7,0.0,0.0,357.88,212.04,619.29,0.0,0.0,None,None,None,None,None,None,None,None,None,None,None,None
2026-07-11T17:46:48.860956,15.986,49.27542,-123.200373,7.0,21.606,0,0.4,319.0,2.2,348.0,0.7,0.0,0.0,357.88,212.04,619.29,0.0,0.0,None,None,None,None,None,None,None,None,None,None,None,None
2026-07-11T17:46:48.960006,16.085,49.27542,-123.200373,7.0,21.606,0,0.4,319.0,2.2,348.0,0.7,0.0,0.0,357.88,212.04,619.29,0.0,0.0,None,None,None,None,None,None,None,None,None,None,None,None
2026-07-11T17:46:48.960298,16.086,49.27542,-123.200373,7.0,21.616,0,0.4,319.0,2.2,348.0,0.7,0.0,0.0,357.88,212.04,619.29,0.0,0.0,None,None,None,None,None,None,None,None,None,None,None,None
2026-07-11T17:46:48.960443,16.086,49.27542,-123.200373,7.0,21.616,0,0.4,319.0,2.2,348.0,0.7,0.0,0.0,357.88,212.04,619.29,0.0,0.0,None,None,None,None,None,None,None,None,None,None,None,None
2026-07-11T17:46:48.960589,16.086,49.27542,-123.200373,7.0,21.616,0,0.4,319.0,2.2,348.0,0.7,0.0,0.0,357.88,212.04,619.29,0.0,0.0,None,None,None,None,None,None,None,None,None,None,None,None
2026-07-11T17:46:48.960845,16.086,49.27542,-123.200373,7.0,21.616,0,0.4,319.0,2.2,348.0,0.7,0.0,0.0,357.88,212.04,619.29,0.0,0.0,None,None,None,None,None,None,None,None,None,None,None,None
2026-07-11T17:46:49.060206,16.186,49.27542,-123.200373,7.0,21.616,0,0.4,319.0,2.2,348.0,0.7,0.0,0.0,357.88,212.04,619.29,0.0,0.0,None,None,None,None,None,None,None,None,None,None,None,None
2026-07-11T17:46:49.060395,16.186,49.27542,-123.200373,7.0,21.616,0,0.4,319.0,2.3,356.0,0.7,0.0,0.0,357.88,212.04,619.29,0.0,0.0,None,None,None,None,None,None,None,None,None,None,None,None
2026-07-11T17:46:49.060698,16.186,49.27542,-123.200373,7.0,21.616,0,0.4,319.0,2.3,356.0,0.7,0.0,0.0,357.88,212.04,619.29,0.0,0.0,None,None,None,None,None,None,None,None,None,None,None,None
2026-07-11T17:46:49.060831,16.186,49.27542,-123.200373,7.0,21.616,0,0.6,272.0,2.3,356.0,0.7,0.0,0.0,357.88,212.04,619.29,0.0,0.0,None,None,None,None,None,None,None,None,None,None,None,None
2026-07-11T17:46:49.160873,16.286,49.27542,-123.200373,7.0,21.616,0,0.6,272.0,2.3,356.0,0.7,0.0,0.0,357.88,212.04,619.29,0.0,0.0,None,None,None,None,None,None,None,None,None,None,None,None
2026-07-11T17:46:49.161203,16.287,49.27542,-123.200373,7.0,21.616,0,0.6,272.0,2.3,356.0,0.7,0.0,0.0,357.88,212.04,619.29,0.0,0.0,None,None,None,None,None,None,None,None,None,None,None,None
2026-07-11T17:46:49.161490,16.287,49.27542,-123.200373,7.0,21.616,0,0.6,272.0,2.3,356.0,0.7,0.0,0.0,357.88,212.04,619.29,0.0,0.0,None,None,None,None,None,None,None,None,None,None,None,None
2026-07-11T17:46:49.260374,16.386,49.27542,-123.200373,7.0,21.616,0,0.6,272.0,2.3,356.0,0.7,0.0,0.0,357.88,212.04,619.29,0.0,0.0,None,None,None,None,None,None,None,None,None,None,None,None
2026-07-11T17:46:49.260607,16.386,49.275421,-123.200371,7.0,21.616,0,0.6,272.0,2.3,356.0,0.7,0.0,0.0,357.88,212.04,619.29,0.0,0.0,None,None,None,None,None,None,None,None,None,None,None,None
2026-07-11T17:46:49.260803,16.386,49.275421,-123.200371,7.0,21.616,0,0.6,272.0,2.3,356.0,0.7,0.0,0.0,357.88,212.04,619.29,0.0,0.0,None,None,None,None,None,None,None,None,None,None,None,None
2026-07-11T17:46:49.260933,16.386,49.275421,-123.200371,7.0,21.616,0,0.6,272.0,2.3,356.0,0.7,0.0,0.0,357.88,212.04,619.29,0.0,0.0,None,None,None,None,None,None,None,None,None,None,None,None
2026-07-11T17:46:49.360708,16.486,49.275421,-123.200371,7.0,21.616,0,0.6,272.0,2.3,356.0,0.7,0.0,0.0,357.88,212.04,619.29,0.0,0.0,None,None,None,None,None,None,None,None,None,None,None,None
2026-07-11T17:46:49.361223,16.487,49.275421,-123.200371,7.0,21.616,0,0.6,272.0,2.3,356.0,0.7,0.0,0.0,357.88,212.04,619.29,0.0,0.0,None,None,None,None,None,None,None,None,None,None,None,None
2026-07-11T17:46:49.361516,16.487,49.275421,-123.200371,7.0,21.616,0,0.6,272.0,2.5,359.0,0.7,0.0,0.0,357.88,212.04,619.29,0.0,0.0,None,None,None,None,None,None,None,None,None,None,None,None
2026-07-11T17:46:49.361809,16.487,49.275421,-123.200371,7.0,21.616,0,0.6,272.0,2.5,359.0,0.7,0.0,0.0,357.88,212.04,619.29,0.0,0.0,None,None,None,None,None,None,None,None,None,None,None,None
2026-07-11T17:46:49.361987,16.487,49.275421,-123.200371,7.0,21.616,0,0.9,272.0,2.5,359.0,0.7,0.0,0.0,357.88,212.04,619.29,0.0,0.0,None,None,None,None,None,None,None,None,None,None,None,None
2026-07-11T17:46:49.362228,16.488,49.275421,-123.200371,7.0,21.616,0,0.9,272.0,2.5,359.0,0.7,0.0,0.0,357.88,212.04,619.29,0.0,0.0,None,None,None,None,None,None,None,None,None,None,None,None
2026-07-11T17:46:49.362365,16.488,49.275421,-123.200371,7.0,21.616,0,0.9,272.0,2.5,359.0,0.7,0.0,0.0,357.88,212.04,619.29,0.0,0.0,None,None,None,None,None,None,None,None,None,None,None,None
2026-07-11T17:46:49.362522,16.488,49.275421,-123.200371,7.0,21.616,0,0.9,272.0,2.5,359.0,0.7,0.0,0.0,357.88,212.04,619.29,0.0,0.0,None,None,None,None,None,None,None,None,None,None,None,None
2026-07-11T17:46:49.363055,16.488,49.275421,-123.200371,7.0,21.616,0,0.9,272.0,2.5,359.0,0.7,0.0,0.0,357.88,212.04,619.29,0.0,0.0,None,None,None,None,None,None,None,None,None,None,None,None
2026-07-11T17:46:49.460639,16.586,49.275421,-123.200371,7.0,21.616,0,0.9,272.0,2.5,359.0,0.7,0.0,0.0,357.88,212.04,619.29,0.0,0.0,None,None,None,None,None,None,None,None,None,None,None,None
2026-07-11T17:46:49.460984,16.586,49.275421,-123.200371,7.0,21.616,0,0.9,272.0,2.5,359.0,0.7,0.0,0.0,357.88,212.04,619.29,0.0,0.0,None,None,None,None,None,None,None,None,None,None,None,None
2026-07-11T17:46:49.560569,16.686,49.275421,-123.200371,7.0,21.616,0,0.9,272.0,2.5,359.0,0.7,0.0,0.0,357.88,212.04,619.29,0.0,0.0,None,None,None,None,None,None,None,None,None,None,None,None
2026-07-11T17:46:49.560952,16.686,49.275421,-123.200371,7.0,21.616,0,0.9,272.0,2.5,359.0,0.7,0.0,0.0,357.88,212.04,619.29,0.0,0.0,None,None,None,None,None,None,None,None,None,None,None,None
2026-07-11T17:46:49.561241,16.687,49.275421,-123.200371,7.0,21.616,0,0.9,272.0,2.3,359.0,0.7,0.0,0.0,357.88,212.04,619.29,0.0,0.0,None,None,None,None,None,None,None,None,None,None,None,None
2026-07-11T17:46:49.660891,16.786,49.275421,-123.200371,7.0,21.616,0,0.8,289.0,2.3,359.0,0.7,0.0,0.0,357.88,212.04,619.29,0.0,0.0,None,None,None,None,None,None,None,None,None,None,None,None
2026-07-11T17:46:49.661188,16.787,49.275421,-123.200371,7.0,21.616,0,0.8,289.0,2.3,359.0,0.7,0.0,0.0,357.88,212.04,619.29,0.0,0.0,None,None,None,None,None,None,None,None,None,None,None,None
2026-07-11T17:46:49.661555,16.787,49.275421,-123.200371,7.0,21.616,0,0.8,289.0,2.3,359.0,0.7,0.0,0.0,357.88,212.04,619.29,0.0,0.0,None,None,None,None,None,None,None,None,None,None,None,None
2026-07-11T17:46:49.662010,16.787,49.275421,-123.200371,7.0,21.616,0,0.8,289.0,2.3,359.0,0.7,0.0,0.0,357.88,212.04,619.29,0.0,0.0,None,None,None,None,None,None,None,None,None,None,None,None
2026-07-11T17:46:49.760758,16.886,49.275421,-123.200371,7.0,21.616,0,0.8,289.0,2.3,359.0,0.7,0.0,0.0,357.88,212.04,619.29,0.0,0.0,None,None,None,None,None,None,None,None,None,None,None,None
2026-07-11T17:46:49.761105,16.886,49.275421,-123.200371,7.0,21.616,0,0.8,289.0,2.3,359.0,0.7,0.0,0.0,357.88,212.04,619.29,0.0,0.0,None,None,None,None,None,None,None,None,None,None,None,None
2026-07-11T17:46:49.859913,16.985,49.275421,-123.200371,7.0,21.616,0,0.8,289.0,2.3,359.0,0.7,0.0,0.0,357.88,212.04,619.29,0.0,0.0,None,None,None,None,None,None,None,None,None,None,None,None
2026-07-11T17:46:49.860283,16.986,49.275421,-123.200371,7.0,21.616,0,0.8,289.0,2.3,359.0,0.7,0.0,0.0,357.88,212.04,619.29,0.0,0.0,None,None,None,None,None,None,None,None,None,None,None,None
2026-07-11T17:46:49.860580,16.986,49.275421,-123.200371,7.0,21.616,0,0.8,289.0,2.0,359.0,0.7,0.0,0.0,357.88,212.04,619.29,0.0,0.0,None,None,None,None,None,None,None,None,None,None,None,None
2026-07-11T17:46:49.860898,16.986,49.275421,-123.200371,7.0,21.616,0,1.0,293.0,2.0,359.0,0.7,0.0,0.0,357.88,212.04,619.29,0.0,0.0,None,None,None,None,None,None,None,None,None,None,None,None
2026-07-11T17:46:49.861192,16.987,49.275421,-123.200371,7.0,21.616,0,1.0,293.0,2.0,359.0,0.7,0.0,0.0,357.88,212.04,619.29,0.0,0.0,None,None,None,None,None,None,None,None,None,None,None,None
2026-07-11T17:46:49.861489,16.987,49.275421,-123.200371,7.0,21.616,0,1.0,293.0,2.0,359.0,0.7,0.0,0.0,357.88,212.04,619.29,0.0,0.0,None,None,None,None,None,None,None,None,None,None,None,None
2026-07-11T17:46:49.960883,17.086,49.275421,-123.200371,7.0,21.616,0,1.0,293.0,2.0,359.0,0.7,0.0,0.0,357.88,212.04,619.29,0.0,0.0,None,None,None,None,None,None,None,None,None,None,None,None
2026-07-11T17:46:49.961237,17.087,49.275421,-123.200371,7.0,21.616,0,1.0,293.0,2.0,359.0,0.7,0.0,0.0,357.88,212.04,619.29,0.0,0.0,None,None,None,None,None,None,None,None,None,None,None,None
2026-07-11T17:46:49.961569,17.087,49.275421,-123.200371,7.0,21.616,0,1.0,293.0,2.0,359.0,0.7,0.0,0.0,357.88,212.04,619.29,0.0,0.0,None,None,None,None,None,None,None,None,None,None,None,None
2026-07-11T17:46:49.961925,17.087,49.275421,-123.200371,7.0,21.616,0,1.0,293.0,2.0,359.0,0.7,0.0,0.0,357.88,212.04,619.29,0.0,0.0,None,None,None,None,None,None,None,None,None,None,None,None
2026-07-11T17:46:50.059978,17.185,49.275421,-123.200371,7.0,21.616,0,1.0,293.0,2.0,359.0,0.7,0.0,0.0,357.88,212.04,619.29,0.0,0.0,None,None,None,None,None,None,None,None,None,None,None,None
2026-07-11T17:46:50.060330,17.186,49.275421,-123.200371,7.0,21.616,0,1.0,293.0,2.0,359.0,0.7,0.0,0.0,357.88,212.04,619.29,0.0,0.0,None,None,None,None,None,None,None,None,None,None,None,None
2026-07-11T17:46:50.160066,17.285,49.275421,-123.200371,7.0,21.616,0,1.0,293.0,2.1,352.0,0.7,0.0,0.0,357.88,212.04,619.29,0.0,0.0,None,None,None,None,None,None,None,None,None,None,None,None
2026-07-11T17:46:50.160394,17.286,49.275421,-123.200371,7.0,21.616,0,1.0,293.0,2.1,352.0,0.7,0.0,0.0,357.88,212.04,619.29,0.0,0.0,None,None,None,None,None,None,None,None,None,None,None,None
2026-07-11T17:46:50.160623,17.286,49.275421,-123.200371,7.0,21.616,0,1.2,297.0,2.1,352.0,0.7,0.0,0.0,357.88,212.04,619.29,0.0,0.0,None,None,None,None,None,None,None,None,None,None,None,None
2026-07-11T17:46:50.160888,17.286,49.275421,-123.200371,7.0,21.62,0,1.2,297.0,2.1,352.0,0.7,0.0,0.0,357.88,212.04,619.29,0.0,0.0,None,None,None,None,None,None,None,None,None,None,None,None
2026-07-11T17:46:50.161104,17.286,49.275421,-123.200371,7.0,21.62,0,1.2,297.0,2.1,352.0,0.7,0.0,0.0,357.88,212.04,619.29,0.0,0.0,None,None,None,None,None,None,None,None,None,None,None,None
2026-07-11T17:46:50.161278,17.287,49.275421,-123.200371,7.0,21.62,0,1.2,297.0,2.1,352.0,0.7,0.0,0.0,357.88,212.04,619.29,0.0,0.0,None,None,None,None,None,None,None,None,None,None,None,None
2026-07-11T17:46:50.161482,17.287,49.275421,-123.200371,7.0,21.62,0,1.2,297.0,2.1,352.0,0.7,0.0,0.0,357.88,212.04,619.29,0.0,0.0,None,None,None,None,None,None,None,None,None,None,None,None
2026-07-11T17:46:50.260046,17.385,49.275421,-123.200371,7.0,21.62,0,1.2,297.0,2.1,352.0,0.7,0.0,0.0,357.88,212.04,619.29,0.0,0.0,None,None,None,None,None,None,None,None,None,None,None,None
2026-07-11T17:46:50.260351,17.386,49.275421,-123.200371,7.0,21.62,0,1.2,297.0,2.1,352.0,0.7,0.0,0.0,357.88,212.04,619.29,0.0,0.0,None,None,None,None,None,None,None,None,None,None,None,None
2026-07-11T17:46:50.260628,17.386,49.275421,-123.200371,7.0,21.62,0,1.2,297.0,2.1,352.0,0.7,0.0,0.0,357.88,212.04,619.29,0.0,0.0,None,None,None,None,None,None,None,None,None,None,None,None
2026-07-11T17:46:50.260968,17.386,49.275421,-123.200371,7.0,21.62,0,1.2,297.0,2.1,352.0,0.7,0.0,0.0,357.88,212.04,619.29,0.0,0.0,None,None,None,None,None,None,None,None,None,None,None,None
2026-07-11T17:46:50.361303,17.487,49.275421,-123.200371,7.0,21.62,0,1.2,297.0,2.1,352.0,0.7,0.0,0.0,357.88,212.04,619.29,0.0,0.0,None,None,None,None,None,None,None,None,None,None,None,None
2026-07-11T17:46:50.361444,17.487,49.275421,-123.200371,7.0,21.62,0,1.2,297.0,2.1,352.0,0.7,0.0,0.0,357.88,212.04,619.29,0.0,0.0,None,None,None,None,None,None,None,None,None,None,None,None
2026-07-11T17:46:50.361702,17.487,49.275421,-123.200371,7.0,21.62,0,1.2,297.0,2.1,352.0,0.7,0.0,0.0,357.88,212.04,619.29,0.0,0.0,None,None,None,None,None,None,None,None,None,None,None,None
2026-07-11T17:46:50.362262,17.488,49.275421,-123.200371,7.0,21.62,0,1.2,297.0,2.1,352.0,0.7,0.0,0.0,357.88,212.04,619.29,0.0,0.0,None,None,None,None,None,None,None,None,None,None,None,None
2026-07-11T17:46:50.362580,17.488,49.275421,-123.200371,7.0,21.62,0,1.2,297.0,2.1,352.0,0.7,0.0,0.0,357.88,212.04,619.29,0.0,0.0,None,None,None,None,None,None,None,None,None,None,None,None
2026-07-11T17:46:50.362890,17.488,49.275421,-123.200371,7.0,21.62,0,1.2,297.0,2.4,356.0,0.7,0.0,0.0,357.88,212.04,619.29,0.0,0.0,None,None,None,None,None,None,None,None,None,None,None,None
2026-07-11T17:46:50.460951,17.586,49.275421,-123.200371,7.0,21.62,0,1.2,297.0,2.4,356.0,0.7,0.0,0.0,357.88,212.04,619.29,0.0,0.0,None,None,None,None,None,None,None,None,None,None,None,None
2026-07-11T17:46:50.461296,17.587,49.275421,-123.200371,7.0,21.62,0,1.2,297.0,2.4,356.0,0.7,0.0,0.0,357.88,212.04,619.29,0.0,0.0,None,None,None,None,None,None,None,None,None,None,None,None
2026-07-11T17:46:50.461562,17.587,49.275421,-123.200371,7.0,21.62,0,1.2,297.0,2.4,356.0,0.7,0.0,0.0,357.88,212.04,619.29,0.0,0.0,None,None,None,None,None,None,None,None,None,None,None,None
2026-07-11T17:46:50.461863,17.587,49.275421,-123.200371,7.0,21.62,0,1.2,297.0,2.4,356.0,0.7,0.0,0.0,357.88,212.04,619.29,0.0,0.0,None,None,None,None,None,None,None,None,None,None,None,None
2026-07-11T17:46:50.559984,17.685,49.275421,-123.200371,7.0,21.62,0,1.2,297.0,2.4,356.0,0.7,0.0,0.0,357.88,212.04,619.29,0.0,0.0,None,None,None,None,None,None,None,None,None,None,None,None
2026-07-11T17:46:50.560303,17.686,49.275421,-123.200371,7.0,21.62,0,1.2,297.0,2.4,356.0,0.7,0.0,0.0,357.88,212.04,619.29,0.0,0.0,None,None,None,None,None,None,None,None,None,None,None,None
2026-07-11T17:46:50.660850,17.786,49.275421,-123.200371,7.0,21.62,0,1.2,297.0,2.4,356.0,0.7,0.0,0.0,357.88,212.04,619.29,0.0,0.0,None,None,None,None,None,None,None,None,None,None,None,None
2026-07-11T17:46:50.661140,17.787,49.275421,-123.200371,7.0,21.62,0,1.2,297.0,2.4,356.0,0.7,0.0,0.0,357.88,212.04,619.29,0.0,0.0,None,None,None,None,None,None,None,None,None,None,None,None
2026-07-11T17:46:50.661435,17.787,49.275421,-123.200371,7.0,21.62,0,1.0,299.0,2.4,356.0,0.7,0.0,0.0,357.88,212.04,619.29,0.0,0.0,None,None,None,None,None,None,None,None,None,None,None,None
2026-07-11T17:46:50.661692,17.787,49.275421,-123.200371,7.0,21.62,0,1.0,299.0,2.4,356.0,0.7,0.0,0.0,357.88,212.04,619.29,0.0,0.0,None,None,None,None,None,None,None,None,None,None,None,None
2026-07-11T17:46:50.661936,17.787,49.275421,-123.200371,7.0,21.62,0,1.0,299.0,2.4,356.0,0.7,0.0,0.0,357.88,212.04,619.29,0.0,0.0,None,None,None,None,None,None,None,None,None,None,None,None
2026-07-11T17:46:50.760259,17.886,49.275421,-123.200371,7.0,21.62,0,1.0,299.0,2.4,356.0,0.7,0.0,0.0,357.88,212.04,619.29,0.0,0.0,None,None,None,None,None,None,None,None,None,None,None,None
2026-07-11T17:46:50.760584,17.886,49.275421,-123.200371,7.0,21.62,0,1.0,299.0,2.4,356.0,0.7,0.0,0.0,357.88,212.04,619.29,0.0,0.0,None,None,None,None,None,None,None,None,None,None,None,None
2026-07-11T17:46:50.860000,17.985,49.275421,-123.200371,7.0,21.62,0,1.0,299.0,2.4,356.0,0.7,0.0,0.0,357.88,212.04,619.29,0.0,0.0,None,None,None,None,None,None,None,None,None,None,None,None
2026-07-11T17:46:50.860301,17.986,49.275421,-123.200371,7.0,21.62,0,1.0,299.0,2.4,356.0,0.7,0.0,0.0,357.88,212.04,619.29,0.0,0.0,None,None,None,None,None,None,None,None,None,None,None,None
2026-07-11T17:46:50.860590,17.986,49.275421,-123.200371,7.0,21.62,0,1.0,299.0,2.4,356.0,0.7,0.0,0.0,357.88,212.04,619.29,0.0,0.0,None,None,None,None,None,None,None,None,None,None,None,None
2026-07-11T17:46:50.960460,18.086,49.275421,-123.200371,7.0,21.62,0,1.0,299.0,2.3,356.0,0.7,0.0,0.0,357.88,212.04,619.29,0.0,0.0,None,None,None,None,None,None,None,None,None,None,None,None
2026-07-11T17:46:50.960763,18.086,49.275421,-123.200371,7.0,21.62,0,1.0,299.0,2.3,356.0,0.7,0.0,0.0,357.88,212.04,619.29,0.0,0.0,None,None,None,None,None,None,None,None,None,None,None,None
2026-07-11T17:46:50.965093,18.090,49.275421,-123.200371,7.0,21.62,0,0.9,302.0,2.3,356.0,0.7,0.0,0.0,357.88,212.04,619.29,0.0,0.0,None,None,None,None,None,None,None,None,None,None,None,None
2026-07-11T17:46:50.965510,18.091,49.275421,-123.200371,7.0,21.62,0,0.9,302.0,2.3,356.0,0.7,0.0,0.0,357.88,212.04,619.29,0.0,0.0,None,None,None,None,None,None,None,None,None,None,None,None
2026-07-11T17:46:50.965947,18.091,49.275421,-123.200371,7.0,21.62,0,0.9,302.0,2.3,356.0,0.7,0.0,0.0,357.88,212.04,619.29,0.0,0.0,None,None,None,None,None,None,None,None,None,None,None,None
2026-07-11T17:46:50.966249,18.092,49.275421,-123.200371,7.0,21.62,0,0.9,302.0,2.3,356.0,0.7,0.0,0.0,357.88,212.04,619.29,0.0,0.0,None,None,None,None,None,None,None,None,None,None,None,None
2026-07-11T17:46:50.966565,18.092,49.275421,-123.200371,7.0,21.62,0,0.9,302.0,2.3,356.0,0.7,0.0,0.0,357.88,212.04,619.29,0.0,0.0,None,None,None,None,None,None,None,None,None,None,None,None
2026-07-11T17:46:51.060809,18.186,49.275421,-123.200371,7.0,21.62,0,0.9,302.0,2.3,356.0,0.7,0.0,0.0,357.88,212.04,619.29,0.0,0.0,None,None,None,None,None,None,None,None,None,None,None,None
2026-07-11T17:46:51.061171,18.187,49.275421,-123.200371,7.0,21.62,0,0.9,302.0,2.3,356.0,0.7,0.0,0.0,357.88,212.04,619.29,0.0,0.0,None,None,None,None,None,None,None,None,None,None,None,None
2026-07-11T17:46:51.160489,18.286,49.275421,-123.200371,7.0,21.62,0,0.9,302.0,2.3,356.0,0.7,0.0,0.0,357.88,212.04,619.29,0.0,0.0,None,None,None,None,None,None,None,None,None,None,None,None
2026-07-11T17:46:51.160767,18.286,49.275421,-123.200371,7.0,21.62,0,0.9,302.0,2.2,356.0,0.7,0.0,0.0,357.88,212.04,619.29,0.0,0.0,None,None,None,None,None,None,None,None,None,None,None,None
2026-07-11T17:46:51.160927,18.286,49.275421,-123.200371,7.0,21.62,0,0.9,302.0,2.2,356.0,0.7,0.0,0.0,357.88,212.04,619.29,0.0,0.0,None,None,None,None,None,None,None,None,None,None,None,None
2026-07-11T17:46:51.260360,18.386,49.275421,-123.200371,7.0,21.62,0,1.0,281.0,2.2,356.0,0.7,0.0,0.0,357.88,212.04,619.29,0.0,0.0,None,None,None,None,None,None,None,None,None,None,None,None
2026-07-11T17:46:51.260611,18.386,49.275421,-123.200371,7.0,21.62,0,1.0,281.0,2.2,356.0,0.7,0.0,0.0,357.88,212.04,619.29,0.0,0.0,None,None,None,None,None,None,None,None,None,None,None,None
2026-07-11T17:46:51.260893,18.386,49.275421,-123.200371,7.0,21.62,0,1.0,281.0,2.2,356.0,0.7,0.0,0.0,357.88,212.04,619.29,0.0,0.0,None,None,None,None,None,None,None,None,None,None,None,None
2026-07-11T17:46:51.261147,18.387,49.275421,-123.20037,7.0,21.62,0,1.0,281.0,2.2,356.0,0.7,0.0,0.0,357.88,212.04,619.29,0.0,0.0,None,None,None,None,None,None,None,None,None,None,None,None
2026-07-11T17:46:51.261397,18.387,49.275421,-123.20037,7.0,21.62,0,1.0,281.0,2.2,356.0,0.7,0.0,0.0,357.88,212.04,619.29,0.0,0.0,None,None,None,None,None,None,None,None,None,None,None,None
2026-07-11T17:46:51.261741,18.387,49.275421,-123.20037,7.0,21.62,0,1.0,281.0,2.2,356.0,0.7,0.0,0.0,357.88,212.04,619.29,0.0,0.0,None,None,None,None,None,None,None,None,None,None,None,None
2026-07-11T17:46:51.360951,18.486,49.275421,-123.20037,7.0,21.62,0,1.0,281.0,2.2,356.0,0.7,0.0,0.0,357.88,212.04,619.29,0.0,0.0,None,None,None,None,None,None,None,None,None,None,None,None
2026-07-11T17:46:51.361613,18.487,49.275421,-123.20037,7.0,21.62,0,1.0,281.0,2.2,356.0,0.7,0.0,0.0,357.88,212.04,619.29,0.0,0.0,None,None,None,None,None,None,None,None,None,None,None,None
2026-07-11T17:46:51.361851,18.487,49.275421,-123.20037,7.0,21.62,0,1.0,281.0,2.2,356.0,0.7,0.0,0.0,357.88,212.04,619.29,0.0,0.0,None,None,None,None,None,None,None,None,None,None,None,None
2026-07-11T17:46:51.362090,18.487,49.275421,-123.20037,7.0,21.624,0,1.0,281.0,2.2,356.0,0.7,0.0,0.0,357.88,212.04,619.29,0.0,0.0,None,None,None,None,None,None,None,None,None,None,None,None
2026-07-11T17:46:51.362325,18.488,49.275421,-123.20037,7.0,21.624,0,1.0,281.0,2.2,356.0,0.7,0.0,0.0,357.88,212.04,619.29,0.0,0.0,None,None,None,None,None,None,None,None,None,None,None,None
2026-07-11T17:46:51.362978,18.488,49.275421,-123.20037,7.0,21.624,0,1.0,281.0,2.2,356.0,0.7,0.0,0.0,357.88,212.04,619.29,0.0,0.0,None,None,None,None,None,None,None,None,None,None,None,None
2026-07-11T17:46:51.363320,18.489,49.275421,-123.20037,7.0,21.624,0,1.0,281.0,2.2,356.0,0.7,0.0,0.0,357.88,212.04,619.29,0.0,0.0,None,None,None,None,None,None,None,None,None,None,None,None
2026-07-11T17:46:51.460453,18.586,49.275421,-123.20037,7.0,21.624,0,1.0,281.0,2.3,359.0,0.7,0.0,0.0,357.88,212.04,619.29,0.0,0.0,None,None,None,None,None,None,None,None,None,None,None,None
2026-07-11T17:46:51.460854,18.586,49.275421,-123.20037,7.0,21.624,0,1.0,281.0,2.3,359.0,0.7,0.0,0.0,357.88,212.04,619.29,0.0,0.0,None,None,None,None,None,None,None,None,None,None,None,None
2026-07-11T17:46:51.461136,18.587,49.275421,-123.20037,7.0,21.624,0,0.9,272.0,2.3,359.0,0.7,0.0,0.0,357.88,212.04,619.29,0.0,0.0,None,None,None,None,None,None,None,None,None,None,None,None
2026-07-11T17:46:51.461392,18.587,49.275421,-123.20037,7.0,21.624,0,0.9,272.0,2.3,359.0,0.7,0.0,0.0,357.88,212.04,619.29,0.0,0.0,None,None,None,None,None,None,None,None,None,None,None,None
2026-07-11T17:46:51.560313,18.686,49.275421,-123.20037,7.0,21.624,0,0.9,272.0,2.3,359.0,0.7,0.0,0.0,357.88,212.04,619.29,0.0,0.0,None,None,None,None,None,None,None,None,None,None,None,None
2026-07-11T17:46:51.560686,18.686,49.275421,-123.20037,7.0,21.624,0,0.9,272.0,2.3,359.0,0.7,0.0,0.0,357.88,212.04,619.29,0.0,0.0,None,None,None,None,None,None,None,None,None,None,None,None
2026-07-11T17:46:51.560961,18.686,49.275421,-123.20037,7.0,21.624,0,0.9,272.0,2.3,359.0,0.7,0.0,0.0,357.88,212.04,619.29,0.0,0.0,None,None,None,None,None,None,None,None,None,None,None,None
2026-07-11T17:46:51.660512,18.786,49.275421,-123.20037,7.0,21.624,0,0.9,272.0,2.3,359.0,0.7,0.0,0.0,357.88,212.04,619.29,0.0,0.0,None,None,None,None,None,None,None,None,None,None,None,None
2026-07-11T17:46:51.660833,18.786,49.275421,-123.20037,7.0,21.624,0,0.9,272.0,2.3,359.0,0.7,0.0,0.0,357.88,212.04,619.29,0.0,0.0,None,None,None,None,None,None,None,None,None,None,None,None
2026-07-11T17:46:51.760413,18.886,49.275421,-123.20037,7.0,21.624,0,0.9,272.0,2.0,359.0,0.7,0.0,0.0,357.88,212.04,619.29,0.0,0.0,None,None,None,None,None,None,None,None,None,None,None,None
2026-07-11T17:46:51.760643,18.886,49.275421,-123.20037,7.0,21.624,0,1.0,280.0,2.0,359.0,0.7,0.0,0.0,357.88,212.04,619.29,0.0,0.0,None,None,None,None,None,None,None,None,None,None,None,None
2026-07-11T17:46:51.761040,18.886,49.275421,-123.20037,7.0,21.624,0,1.0,280.0,2.0,359.0,0.7,0.0,0.0,357.88,212.04,619.29,0.0,0.0,None,None,None,None,None,None,None,None,None,None,None,None
2026-07-11T17:46:51.761253,18.887,49.275421,-123.20037,7.0,21.624,0,1.0,280.0,2.0,359.0,0.7,0.0,0.0,357.88,212.04,619.29,0.0,0.0,None,None,None,None,None,None,None,None,None,None,None,None
2026-07-11T17:46:51.761529,18.887,49.275421,-123.20037,7.0,21.624,0,1.0,280.0,2.0,359.0,0.7,0.0,0.0,357.88,212.04,619.29,0.0,0.0,None,None,None,None,None,None,None,None,None,None,None,None
2026-07-11T17:46:51.859938,18.985,49.275421,-123.20037,7.0,21.624,0,1.0,280.0,2.0,359.0,0.7,0.0,0.0,357.88,212.04,619.29,0.0,0.0,None,None,None,None,None,None,None,None,None,None,None,None
2026-07-11T17:46:51.860325,18.986,49.275421,-123.20037,7.0,21.624,0,1.0,280.0,2.0,359.0,0.7,0.0,0.0,357.88,212.04,619.29,0.0,0.0,None,None,None,None,None,None,None,None,None,None,None,None
2026-07-11T17:46:51.860618,18.986,49.275421,-123.20037,7.0,21.624,0,1.0,280.0,2.0,359.0,0.7,0.0,0.0,357.88,212.04,619.29,0.0,0.0,None,None,None,None,None,None,None,None,None,None,None,None
2026-07-11T17:46:51.860987,18.986,49.275421,-123.20037,7.0,21.624,0,1.0,280.0,2.0,359.0,0.7,0.0,0.0,357.88,212.04,619.29,0.0,0.0,None,None,None,None,None,None,None,None,None,None,None,None
2026-07-11T17:46:51.960620,19.086,49.275421,-123.20037,7.0,21.624,0,1.0,280.0,2.0,359.0,0.7,0.0,0.0,357.88,212.04,619.29,0.0,0.0,None,None,None,None,None,None,None,None,None,None,None,None
2026-07-11T17:46:51.960991,19.086,49.275421,-123.20037,7.0,21.624,0,1.0,280.0,2.0,359.0,0.7,0.0,0.0,357.88,212.04,619.29,0.0,0.0,None,None,None,None,None,None,None,None,None,None,None,None
2026-07-11T17:46:51.961166,19.087,49.275421,-123.20037,7.0,21.624,0,1.0,280.0,2.0,355.0,0.7,0.0,0.0,357.88,212.04,619.29,0.0,0.0,None,None,None,None,None,None,None,None,None,None,None,None
2026-07-11T17:46:51.961351,19.087,49.275421,-123.20037,7.0,21.624,0,1.0,280.0,2.0,355.0,0.7,0.0,0.0,357.88,212.04,619.29,0.0,0.0,None,None,None,None,None,None,None,None,None,None,None,None
2026-07-11T17:46:51.961537,19.087,49.275421,-123.20037,7.0,21.624,0,1.1,285.0,2.0,355.0,0.7,0.0,0.0,357.88,212.04,619.29,0.0,0.0,None,None,None,None,None,None,None,None,None,None,None,None
2026-07-11T17:46:52.060579,19.186,49.275421,-123.20037,7.0,21.624,0,1.1,285.0,2.0,355.0,0.7,0.0,0.0,357.88,212.04,619.29,0.0,0.0,None,None,None,None,None,None,None,None,None,None,None,None
2026-07-11T17:46:52.060978,19.186,49.275421,-123.20037,7.0,21.624,0,1.1,285.0,2.0,355.0,0.7,0.0,0.0,357.88,212.04,619.29,0.0,0.0,None,None,None,None,None,None,None,None,None,None,None,None
2026-07-11T17:46:52.061149,19.187,49.275421,-123.20037,7.0,21.624,0,1.1,285.0,2.0,355.0,0.7,0.0,0.0,357.88,212.04,619.29,0.0,0.0,None,None,None,None,None,None,None,None,None,None,None,None
2026-07-11T17:46:52.160356,19.286,49.275421,-123.20037,7.0,21.624,0,1.1,285.0,2.0,355.0,0.7,0.0,0.0,357.88,212.04,619.29,0.0,0.0,None,None,None,None,None,None,None,None,None,None,None,None
2026-07-11T17:46:52.160551,19.286,49.275421,-123.20037,7.0,21.624,0,1.1,285.0,2.0,355.0,0.7,0.0,0.0,357.88,212.04,619.29,0.0,0.0,None,None,None,None,None,None,None,None,None,None,None,None
2026-07-11T17:46:52.260025,19.385,49.275421,-123.200368,7.0,21.624,0,1.1,285.0,2.0,355.0,0.7,0.0,0.0,357.88,212.04,619.29,0.0,0.0,None,None,None,None,None,None,None,None,None,None,None,None
2026-07-11T17:46:52.260328,19.386,49.275421,-123.200368,7.0,21.624,0,1.1,285.0,2.0,352.0,0.7,0.0,0.0,357.88,212.04,619.29,0.0,0.0,None,None,None,None,None,None,None,None,None,None,None,None
2026-07-11T17:46:52.260524,19.386,49.275421,-123.200368,7.0,21.624,0,1.1,285.0,2.0,352.0,0.7,0.0,0.0,357.88,212.04,619.29,0.0,0.0,None,None,None,None,None,None,None,None,None,None,None,None
2026-07-11T17:46:52.260778,19.386,49.275421,-123.200368,7.0,21.624,0,1.1,285.0,2.0,352.0,0.7,0.0,0.0,357.88,212.04,619.29,0.0,0.0,None,None,None,None,None,None,None,None,None,None,None,None
2026-07-11T17:46:52.261053,19.386,49.275421,-123.200368,7.0,21.624,0,1.3,295.0,2.0,352.0,0.7,0.0,0.0,357.88,212.04,619.29,0.0,0.0,None,None,None,None,None,None,None,None,None,None,None,None
2026-07-11T17:46:52.261250,19.387,49.275421,-123.200368,7.0,21.624,0,1.3,295.0,2.0,352.0,0.7,0.0,0.0,357.88,212.04,619.29,0.0,0.0,None,None,None,None,None,None,None,None,None,None,None,None
2026-07-11T17:46:52.261474,19.387,49.275421,-123.200368,7.0,21.624,0,1.3,295.0,2.0,352.0,0.7,0.0,0.0,357.88,212.04,619.29,0.0,0.0,None,None,None,None,None,None,None,None,None,None,None,None
2026-07-11T17:46:52.360300,19.486,49.275421,-123.200368,7.0,21.624,0,1.3,295.0,2.0,352.0,0.7,0.0,0.0,357.88,212.04,619.29,0.0,0.0,None,None,None,None,None,None,None,None,None,None,None,None
2026-07-11T17:46:52.360677,19.486,49.275421,-123.200368,7.0,21.624,0,1.3,295.0,2.0,352.0,0.7,0.0,0.0,357.88,212.04,619.29,0.0,0.0,None,None,None,None,None,None,None,None,None,None,None,None
2026-07-11T17:46:52.361264,19.487,49.275421,-123.200368,7.0,21.624,0,1.3,295.0,2.0,352.0,0.7,0.0,0.0,357.88,212.04,619.29,0.0,0.0,None,None,None,None,None,None,None,None,None,None,None,None
2026-07-11T17:46:52.361465,19.487,49.275421,-123.200368,7.0,21.624,0,1.3,295.0,2.0,352.0,0.7,0.0,0.0,357.88,212.04,619.29,0.0,0.0,None,None,None,None,None,None,None,None,None,None,None,None
2026-07-11T17:46:52.361713,19.487,49.275421,-123.200368,7.0,21.624,0,1.3,295.0,2.0,352.0,0.7,0.0,0.0,357.88,212.04,619.29,0.0,0.0,None,None,None,None,None,None,None,None,None,None,None,None
2026-07-11T17:46:52.460431,19.586,49.275421,-123.200368,7.0,21.624,0,1.3,295.0,2.0,352.0,0.7,0.0,0.0,357.88,212.04,619.29,0.0,0.0,None,None,None,None,None,None,None,None,None,None,None,None
2026-07-11T17:46:52.460765,19.586,49.275421,-123.200368,7.0,21.624,0,1.3,295.0,2.0,352.0,0.7,0.0,0.0,357.88,212.04,619.29,0.0,0.0,None,None,None,None,None,None,None,None,None,None,None,None
2026-07-11T17:46:52.560481,19.686,49.275421,-123.200368,7.0,21.624,0,1.3,295.0,1.9,347.0,0.7,0.0,0.0,357.88,212.04,619.29,0.0,0.0,None,None,None,None,None,None,None,None,None,None,None,None
2026-07-11T17:46:52.560820,19.686,49.275421,-123.200368,7.0,21.624,0,1.4,301.0,1.9,347.0,0.7,0.0,0.0,357.88,212.04,619.29,0.0,0.0,None,None,None,None,None,None,None,None,None,None,None,None
2026-07-11T17:46:52.560962,19.686,49.275421,-123.200368,7.0,21.623,0,1.4,301.0,1.9,347.0,0.7,0.0,0.0,357.88,212.04,619.29,0.0,0.0,None,None,None,None,None,None,None,None,None,None,None,None
2026-07-11T17:46:52.561079,19.686,49.275421,-123.200368,7.0,21.623,0,1.4,301.0,1.9,347.0,0.7,0.0,0.0,357.88,212.04,619.29,0.0,0.0,None,None,None,None,None,None,None,None,None,None,None,None
2026-07-11T17:46:52.561184,19.687,49.275421,-123.200368,7.0,21.623,0,1.4,301.0,1.9,347.0,0.7,0.0,0.0,357.88,212.04,619.29,0.0,0.0,None,None,None,None,None,None,None,None,None,None,None,None
2026-07-11T17:46:52.561431,19.687,49.275421,-123.200368,7.0,21.623,0,1.4,301.0,1.9,347.0,0.7,0.0,0.0,357.88,212.04,619.29,0.0,0.0,None,None,None,None,None,None,None,None,None,None,None,None
2026-07-11T17:46:52.561647,19.687,49.275421,-123.200368,7.0,21.623,0,1.4,301.0,1.9,347.0,0.7,0.0,0.0,357.88,212.04,619.29,0.0,0.0,None,None,None,None,None,None,None,None,None,None,None,None
2026-07-11T17:46:52.660342,19.786,49.275421,-123.200368,7.0,21.623,0,1.4,301.0,1.9,347.0,0.7,0.0,0.0,357.88,212.04,619.29,0.0,0.0,None,None,None,None,None,None,None,None,None,None,None,None
2026-07-11T17:46:52.660637,19.786,49.275421,-123.200368,7.0,21.623,0,1.4,301.0,1.9,347.0,0.7,0.0,0.0,357.88,212.04,619.29,0.0,0.0,None,None,None,None,None,None,None,None,None,None,None,None
2026-07-11T17:46:52.760059,19.885,49.275421,-123.200368,7.0,21.623,0,1.4,301.0,1.9,347.0,0.7,0.0,0.0,357.88,212.04,619.29,0.0,0.0,None,None,None,None,None,None,None,None,None,None,None,None
2026-07-11T17:46:52.760383,19.886,49.275421,-123.200368,7.0,21.623,0,1.4,301.0,1.9,347.0,0.7,0.0,0.0,357.88,212.04,619.29,0.0,0.0,None,None,None,None,None,None,None,None,None,None,None,None
2026-07-11T17:46:52.760632,19.886,49.275421,-123.200368,7.0,21.623,0,1.4,301.0,1.6,345.0,0.7,0.0,0.0,357.88,212.04,619.29,0.0,0.0,None,None,None,None,None,None,None,None,None,None,None,None
2026-07-11T17:46:52.760786,19.886,49.275421,-123.200368,7.0,21.623,0,1.4,304.0,1.6,345.0,0.7,0.0,0.0,357.88,212.04,619.29,0.0,0.0,None,None,None,None,None,None,None,None,None,None,None,None
2026-07-11T17:46:52.860202,19.986,49.275421,-123.200368,7.0,21.623,0,1.4,304.0,1.6,345.0,0.7,0.0,0.0,357.88,212.04,619.29,0.0,0.0,None,None,None,None,None,None,None,None,None,None,None,None
2026-07-11T17:46:52.860459,19.986,49.275421,-123.200368,7.0,21.623,0,1.4,304.0,1.6,345.0,0.7,0.0,0.0,357.88,212.04,619.29,0.0,0.0,None,None,None,None,None,None,None,None,None,None,None,None
2026-07-11T17:46:52.860763,19.986,49.275421,-123.200368,7.0,21.623,0,1.4,304.0,1.6,345.0,0.7,0.0,0.0,357.88,212.04,619.29,0.0,0.0,None,None,None,None,None,None,None,None,None,None,None,None
2026-07-11T17:46:52.861212,19.987,49.275421,-123.200368,7.0,21.623,0,1.4,304.0,1.6,345.0,0.7,0.0,0.0,357.88,212.04,619.29,0.0,0.0,None,None,None,None,None,None,None,None,None,None,None,None
2026-07-11T17:46:52.960590,20.086,49.275421,-123.200368,7.0,21.623,0,1.4,304.0,1.6,345.0,0.7,0.0,0.0,357.88,212.04,619.29,0.0,0.0,None,None,None,None,None,None,None,None,None,None,None,None
2026-07-11T17:46:52.960817,20.086,49.275421,-123.200368,7.0,21.623,0,1.4,304.0,1.6,345.0,0.7,0.0,0.0,357.88,212.04,619.29,0.0,0.0,None,None,None,None,None,None,None,None,None,None,None,None
2026-07-11T17:46:52.961016,20.086,49.275421,-123.200368,7.0,21.623,0,1.4,304.0,1.6,345.0,0.7,0.0,0.0,357.88,212.04,619.29,0.0,0.0,None,None,None,None,None,None,None,None,None,None,None,None
2026-07-11T17:46:53.060752,20.186,49.275421,-123.200368,7.0,21.623,0,1.4,304.0,1.6,345.0,0.7,0.0,0.0,357.88,212.04,619.29,0.0,0.0,None,None,None,None,None,None,None,None,None,None,None,None
2026-07-11T17:46:53.060963,20.186,49.275421,-123.200368,7.0,21.623,0,1.4,304.0,1.6,339.0,0.7,0.0,0.0,357.88,212.04,619.29,0.0,0.0,None,None,None,None,None,None,None,None,None,None,None,None
2026-07-11T17:46:53.061334,20.187,49.275421,-123.200368,7.0,21.623,0,1.4,304.0,1.6,339.0,0.7,0.0,0.0,357.88,212.04,619.29,0.0,0.0,None,None,None,None,None,None,None,None,None,None,None,None
2026-07-11T17:46:53.061625,20.187,49.275421,-123.200368,7.0,21.623,0,1.4,297.0,1.6,339.0,0.7,0.0,0.0,357.88,212.04,619.29,0.0,0.0,None,None,None,None,None,None,None,None,None,None,None,None
2026-07-11T17:46:53.061827,20.187,49.275421,-123.200368,7.0,21.623,0,1.4,297.0,1.6,339.0,0.7,0.0,0.0,357.88,212.04,619.29,0.0,0.0,None,None,None,None,None,None,None,None,None,None,None,None
2026-07-11T17:46:53.160842,20.286,49.275421,-123.200368,7.0,21.623,0,1.4,297.0,1.6,339.0,0.7,0.0,0.0,357.88,212.04,619.29,0.0,0.0,None,None,None,None,None,None,None,None,None,None,None,None
2026-07-11T17:46:53.161168,20.287,49.275421,-123.200368,7.0,21.623,0,1.4,297.0,1.6,339.0,0.7,0.0,0.0,357.88,212.04,619.29,0.0,0.0,None,None,None,None,None,None,None,None,None,None,None,None
2026-07-11T17:46:53.260295,20.386,49.275421,-123.200368,7.0,21.623,0,1.4,297.0,1.6,339.0,0.7,0.0,0.0,357.88,212.04,619.29,0.0,0.0,None,None,None,None,None,None,None,None,None,None,None,None
2026-07-11T17:46:53.260536,20.386,49.275421,-123.200366,7.0,21.623,0,1.4,297.0,1.6,339.0,0.7,0.0,0.0,357.88,212.04,619.29,0.0,0.0,None,None,None,None,None,None,None,None,None,None,None,None
2026-07-11T17:46:53.260746,20.386,49.275421,-123.200366,7.0,21.623,0,1.4,297.0,1.6,339.0,0.7,0.0,0.0,357.88,212.04,619.29,0.0,0.0,None,None,None,None,None,None,None,None,None,None,None,None
2026-07-11T17:46:53.261084,20.386,49.275421,-123.200366,7.0,21.623,0,1.4,297.0,1.6,339.0,0.7,0.0,0.0,357.88,212.04,619.29,0.0,0.0,None,None,None,None,None,None,None,None,None,None,None,None
2026-07-11T17:46:53.360684,20.486,49.275421,-123.200366,7.0,21.623,0,1.4,297.0,1.6,340.0,0.7,0.0,0.0,357.88,212.04,619.29,0.0,0.0,None,None,None,None,None,None,None,None,None,None,None,None
2026-07-11T17:46:53.361025,20.486,49.275421,-123.200366,7.0,21.623,0,1.4,297.0,1.6,340.0,0.7,0.0,0.0,357.88,212.04,619.29,0.0,0.0,None,None,None,None,None,None,None,None,None,None,None,None
2026-07-11T17:46:53.361264,20.487,49.275421,-123.200366,7.0,21.623,0,1.4,301.0,1.6,340.0,0.7,0.0,0.0,357.88,212.04,619.29,0.0,0.0,None,None,None,None,None,None,None,None,None,None,None,None
2026-07-11T17:46:53.361519,20.487,49.275421,-123.200366,7.0,21.623,0,1.4,301.0,1.6,340.0,0.7,0.0,0.0,357.88,212.04,619.29,0.0,0.0,None,None,None,None,None,None,None,None,None,None,None,None
2026-07-11T17:46:53.361781,20.487,49.275421,-123.200366,7.0,21.623,0,1.4,301.0,1.6,340.0,0.7,0.0,0.0,357.88,212.04,619.29,0.0,0.0,None,None,None,None,None,None,None,None,None,None,None,None
2026-07-11T17:46:53.362337,20.488,49.275421,-123.200366,7.0,21.623,0,1.4,301.0,1.6,340.0,0.7,0.0,0.0,357.88,212.04,619.29,0.0,0.0,None,None,None,None,None,None,None,None,None,None,None,None
2026-07-11T17:46:53.362601,20.488,49.275421,-123.200366,7.0,21.623,0,1.4,301.0,1.6,340.0,0.7,0.0,0.0,357.88,212.04,619.29,0.0,0.0,None,None,None,None,None,None,None,None,None,None,None,None
2026-07-11T17:46:53.362808,20.488,49.275421,-123.200366,7.0,21.623,0,1.4,301.0,1.6,340.0,0.7,0.0,0.0,357.88,212.04,619.29,0.0,0.0,None,None,None,None,None,None,None,None,None,None,None,None
2026-07-11T17:46:53.460879,20.586,49.275421,-123.200366,7.0,21.623,0,1.4,301.0,1.6,340.0,0.7,0.0,0.0,357.88,212.04,619.29,0.0,0.0,None,None,None,None,None,None,None,None,None,None,None,None
2026-07-11T17:46:53.461206,20.587,49.275421,-123.200366,7.0,21.623,0,1.4,301.0,1.6,340.0,0.7,0.0,0.0,357.88,212.04,619.29,0.0,0.0,None,None,None,None,None,None,None,None,None,None,None,None
2026-07-11T17:46:53.560823,20.686,49.275421,-123.200366,7.0,21.623,0,1.4,301.0,1.6,340.0,0.7,0.0,0.0,357.88,212.04,619.29,0.0,0.0,None,None,None,None,None,None,None,None,None,None,None,None
2026-07-11T17:46:53.561151,20.687,49.275421,-123.200366,7.0,21.623,0,1.4,301.0,1.6,340.0,0.7,0.0,0.0,357.88,212.04,619.29,0.0,0.0,None,None,None,None,None,None,None,None,None,None,None,None
2026-07-11T17:46:53.561469,20.687,49.275421,-123.200366,7.0,21.623,0,1.4,301.0,1.7,355.0,0.7,0.0,0.0,357.88,212.04,619.29,0.0,0.0,None,None,None,None,None,None,None,None,None,None,None,None
2026-07-11T17:46:53.561704,20.687,49.275421,-123.200366,7.0,21.623,0,1.5,316.0,1.7,355.0,0.7,0.0,0.0,357.88,212.04,619.29,0.0,0.0,None,None,None,None,None,None,None,None,None,None,None,None
2026-07-11T17:46:53.660497,20.786,49.275421,-123.200366,7.0,21.623,0,1.5,316.0,1.7,355.0,0.7,0.0,0.0,357.88,212.04,619.29,0.0,0.0,None,None,None,None,None,None,None,None,None,None,None,None
2026-07-11T17:46:53.660779,20.786,49.275421,-123.200366,7.0,21.623,0,1.5,316.0,1.7,355.0,0.7,0.0,0.0,357.88,212.04,619.29,0.0,0.0,None,None,None,None,None,None,None,None,None,None,None,None
2026-07-11T17:46:53.661125,20.787,49.275421,-123.200366,7.0,21.623,0,1.5,316.0,1.7,355.0,0.7,0.0,0.0,357.88,212.04,619.29,0.0,0.0,None,None,None,None,None,None,None,None,None,None,None,None
2026-07-11T17:46:53.760594,20.886,49.275421,-123.200366,7.0,21.623,0,1.5,316.0,1.7,355.0,0.7,0.0,0.0,357.88,212.04,619.29,0.0,0.0,None,None,None,None,None,None,None,None,None,None,None,None
2026-07-11T17:46:53.760898,20.886,49.275421,-123.200366,7.0,21.62,0,1.5,316.0,1.7,355.0,0.7,0.0,0.0,357.88,212.04,619.29,0.0,0.0,None,None,None,None,None,None,None,None,None,None,None,None
2026-07-11T17:46:53.761144,20.887,49.275421,-123.200366,7.0,21.62,0,1.5,316.0,1.7,355.0,0.7,0.0,0.0,357.88,212.04,619.29,0.0,0.0,None,None,None,None,None,None,None,None,None,None,None,None
2026-07-11T17:46:53.761449,20.887,49.275421,-123.200366,7.0,21.62,0,1.5,316.0,1.7,355.0,0.7,0.0,0.0,357.88,212.04,619.29,0.0,0.0,None,None,None,None,None,None,None,None,None,None,None,None
2026-07-11T17:46:53.859988,20.985,49.275421,-123.200366,7.0,21.62,0,1.5,316.0,1.7,355.0,0.7,0.0,0.0,357.88,212.04,619.29,0.0,0.0,None,None,None,None,None,None,None,None,None,None,None,None
2026-07-11T17:46:53.860290,20.986,49.275421,-123.200366,7.0,21.62,0,1.5,316.0,1.7,351.0,0.7,0.0,0.0,357.88,212.04,619.29,0.0,0.0,None,None,None,None,None,None,None,None,None,None,None,None
2026-07-11T17:46:53.860523,20.986,49.275421,-123.200366,7.0,21.62,0,1.5,316.0,1.7,351.0,0.7,0.0,0.0,357.88,212.04,619.29,0.0,0.0,None,None,None,None,None,None,None,None,None,None,None,None
2026-07-11T17:46:53.860737,20.986,49.275421,-123.200366,7.0,21.62,0,1.5,319.0,1.7,351.0,0.7,0.0,0.0,357.88,212.04,619.29,0.0,0.0,None,None,None,None,None,None,None,None,None,None,None,None
2026-07-11T17:46:53.861022,20.986,49.275421,-123.200366,7.0,21.62,0,1.5,319.0,1.7,351.0,0.7,0.0,0.0,357.88,212.04,619.29,0.0,0.0,None,None,None,None,None,None,None,None,None,None,None,None
2026-07-11T17:46:53.861266,20.987,49.275421,-123.200366,7.0,21.62,0,1.5,319.0,1.7,351.0,0.7,0.0,0.0,357.88,212.04,619.29,0.0,0.0,None,None,None,None,None,None,None,None,None,None,None,None
2026-07-11T17:46:53.861465,20.987,49.275421,-123.200366,7.0,21.62,0,1.5,319.0,1.7,351.0,0.7,0.0,0.0,357.88,212.04,619.29,0.0,0.0,None,None,None,None,None,None,None,None,None,None,None,None
2026-07-11T17:46:53.960749,21.086,49.275421,-123.200366,7.0,21.62,0,1.5,319.0,1.7,351.0,0.7,0.0,0.0,357.88,212.04,619.29,0.0,0.0,None,None,None,None,None,None,None,None,None,None,None,None
2026-07-11T17:46:53.961254,21.087,49.275421,-123.200366,7.0,21.62,0,1.5,319.0,1.7,351.0,0.7,0.0,0.0,357.88,212.04,619.29,0.0,0.0,None,None,None,None,None,None,None,None,None,None,None,None
2026-07-11T17:46:53.961474,21.087,49.275421,-123.200366,7.0,21.62,0,1.5,319.0,1.7,351.0,0.7,0.0,0.0,357.88,212.04,619.29,0.0,0.0,None,None,None,None,None,None,None,None,None,None,None,None
2026-07-11T17:46:54.060789,21.186,49.275421,-123.200366,7.0,21.62,0,1.5,319.0,1.7,351.0,0.7,0.0,0.0,357.88,212.04,619.29,0.0,0.0,None,None,None,None,None,None,None,None,None,None,None,None
2026-07-11T17:46:54.061215,21.187,49.275421,-123.200366,7.0,21.62,0,1.5,319.0,1.7,351.0,0.7,0.0,0.0,357.88,212.04,619.29,0.0,0.0,None,None,None,None,None,None,None,None,None,None,None,None
2026-07-11T17:46:54.061499,21.187,49.275421,-123.200366,7.0,21.62,0,1.5,319.0,1.7,350.0,0.7,0.0,0.0,357.88,212.04,619.29,0.0,0.0,None,None,None,None,None,None,None,None,None,None,None,None
2026-07-11T17:46:54.160257,21.286,49.275421,-123.200366,7.0,21.62,0,1.5,319.0,1.7,350.0,0.7,0.0,0.0,357.88,212.04,619.29,0.0,0.0,None,None,None,None,None,None,None,None,None,None,None,None
2026-07-11T17:46:54.160449,21.286,49.275421,-123.200366,7.0,21.62,0,1.3,319.0,1.7,350.0,0.7,0.0,0.0,357.88,212.04,619.29,0.0,0.0,None,None,None,None,None,None,None,None,None,None,None,None
2026-07-11T17:46:54.160570,21.286,49.275421,-123.200366,7.0,21.62,0,1.3,319.0,1.7,350.0,0.7,0.0,0.0,357.88,212.04,619.29,0.0,0.0,None,None,None,None,None,None,None,None,None,None,None,None
2026-07-11T17:46:54.160840,21.286,49.275421,-123.200366,7.0,21.62,0,1.3,319.0,1.7,350.0,0.7,0.0,0.0,357.88,212.04,619.29,0.0,0.0,None,None,None,None,None,None,None,None,None,None,None,None
2026-07-11T17:46:54.161014,21.286,49.275421,-123.200366,7.0,21.62,0,1.3,319.0,1.7,350.0,0.7,0.0,0.0,357.88,212.04,619.29,0.0,0.0,None,None,None,None,None,None,None,None,None,None,None,None
2026-07-11T17:46:54.260842,21.386,49.275421,-123.200366,7.0,21.62,0,1.3,319.0,1.7,350.0,0.7,0.0,0.0,357.88,212.04,619.29,0.0,0.0,None,None,None,None,None,None,None,None,None,None,None,None
2026-07-11T17:46:54.261028,21.386,49.275421,-123.200366,7.0,21.62,0,1.3,319.0,1.7,350.0,0.7,0.0,0.0,357.88,212.04,619.29,0.0,0.0,None,None,None,None,None,None,None,None,None,None,None,None
2026-07-11T17:46:54.261165,21.387,49.275421,-123.200366,7.0,21.62,0,1.3,319.0,1.7,350.0,0.7,0.0,0.0,357.88,212.04,619.29,0.0,0.0,None,None,None,None,None,None,None,None,None,None,None,None
2026-07-11T17:46:54.261321,21.387,49.275421,-123.200366,7.0,21.62,0,1.3,319.0,1.7,350.0,0.7,0.0,0.0,357.88,212.04,619.29,0.0,0.0,None,None,None,None,None,None,None,None,None,None,None,None
2026-07-11T17:46:54.360522,21.486,49.275421,-123.200366,7.0,21.62,0,1.3,319.0,1.7,350.0,0.7,0.0,0.0,357.88,212.04,619.29,0.0,0.0,None,None,None,None,None,None,None,None,None,None,None,None
2026-07-11T17:46:54.360753,21.486,49.275421,-123.200366,7.0,21.62,0,1.3,319.0,1.7,350.0,0.7,0.0,0.0,357.88,212.04,619.29,0.0,0.0,None,None,None,None,None,None,None,None,None,None,None,None
2026-07-11T17:46:54.361069,21.486,49.275421,-123.200366,7.0,21.62,0,1.3,319.0,1.7,350.0,0.7,0.0,0.0,357.88,212.04,619.29,0.0,0.0,None,None,None,None,None,None,None,None,None,None,None,None
2026-07-11T17:46:54.361424,21.487,49.275421,-123.200366,7.0,21.62,0,1.3,319.0,1.3,337.0,0.7,0.0,0.0,357.88,212.04,619.29,0.0,0.0,None,None,None,None,None,None,None,None,None,None,None,None
2026-07-11T17:46:54.361688,21.487,49.275421,-123.200366,7.0,21.62,0,1.3,319.0,1.3,337.0,0.7,0.0,0.0,357.88,212.04,619.29,0.0,0.0,None,None,None,None,None,None,None,None,None,None,None,None
2026-07-11T17:46:54.362354,21.488,49.275421,-123.200366,7.0,21.62,0,1.3,319.0,1.3,337.0,0.7,0.0,0.0,357.88,212.04,619.29,0.0,0.0,None,None,None,None,None,None,None,None,None,None,None,None
2026-07-11T17:46:54.362554,21.488,49.275421,-123.200366,7.0,21.62,0,1.3,326.0,1.3,337.0,0.7,0.0,0.0,357.88,212.04,619.29,0.0,0.0,None,None,None,None,None,None,None,None,None,None,None,None
2026-07-11T17:46:54.460013,21.585,49.275421,-123.200366,7.0,21.62,0,1.3,326.0,1.3,337.0,0.7,0.0,0.0,357.88,212.04,619.29,0.0,0.0,None,None,None,None,None,None,None,None,None,None,None,None
2026-07-11T17:46:54.460320,21.586,49.275421,-123.200366,7.0,21.62,0,1.3,326.0,1.3,337.0,0.7,0.0,0.0,357.88,212.04,619.29,0.0,0.0,None,None,None,None,None,None,None,None,None,None,None,None
2026-07-11T17:46:54.460663,21.586,49.275421,-123.200366,7.0,21.62,0,1.3,326.0,1.3,337.0,0.7,0.0,0.0,357.88,212.04,619.29,0.0,0.0,None,None,None,None,None,None,None,None,None,None,None,None
2026-07-11T17:46:54.560415,21.686,49.275421,-123.200366,7.0,21.62,0,1.3,326.0,1.3,337.0,0.7,0.0,0.0,357.88,212.04,619.29,0.0,0.0,None,None,None,None,None,None,None,None,None,None,None,None
2026-07-11T17:46:54.560684,21.686,49.275421,-123.200366,7.0,21.62,0,1.3,326.0,1.3,337.0,0.7,0.0,0.0,357.88,212.04,619.29,0.0,0.0,None,None,None,None,None,None,None,None,None,None,None,None
2026-07-11T17:46:54.560925,21.686,49.275421,-123.200366,7.0,21.62,0,1.3,326.0,1.3,337.0,0.7,0.0,0.0,357.88,212.04,619.29,0.0,0.0,None,None,None,None,None,None,None,None,None,None,None,None
2026-07-11T17:46:54.660963,21.786,49.275421,-123.200366,7.0,21.62,0,1.3,326.0,1.3,337.0,0.7,0.0,0.0,357.88,212.04,619.29,0.0,0.0,None,None,None,None,None,None,None,None,None,None,None,None
2026-07-11T17:46:54.661284,21.787,49.275421,-123.200366,7.0,21.62,0,1.3,326.0,1.4,330.0,0.7,0.0,0.0,357.88,212.04,619.29,0.0,0.0,None,None,None,None,None,None,None,None,None,None,None,None
2026-07-11T17:46:54.661427,21.787,49.275421,-123.200366,7.0,21.62,0,1.2,346.0,1.4,330.0,0.7,0.0,0.0,357.88,212.04,619.29,0.0,0.0,None,None,None,None,None,None,None,None,None,None,None,None
2026-07-11T17:46:54.661586,21.787,49.275421,-123.200366,7.0,21.62,0,1.2,346.0,1.4,330.0,0.7,0.0,0.0,357.88,212.04,619.29,0.0,0.0,None,None,None,None,None,None,None,None,None,None,None,None
2026-07-11T17:46:54.760123,21.886,49.275421,-123.200366,7.0,21.62,0,1.2,346.0,1.4,330.0,0.7,0.0,0.0,357.88,212.04,619.29,0.0,0.0,None,None,None,None,None,None,None,None,None,None,None,None
2026-07-11T17:46:54.760383,21.886,49.275421,-123.200366,7.0,21.62,0,1.2,346.0,1.4,330.0,0.7,0.0,0.0,357.88,212.04,619.29,0.0,0.0,None,None,None,None,None,None,None,None,None,None,None,None
2026-07-11T17:46:54.760695,21.886,49.275421,-123.200366,7.0,21.62,0,1.2,346.0,1.4,330.0,0.7,0.0,0.0,357.88,212.04,619.29,0.0,0.0,None,None,None,None,None,None,None,None,None,None,None,None
2026-07-11T17:46:54.761025,21.886,49.275421,-123.200366,7.0,21.62,0,1.2,346.0,1.4,330.0,0.7,0.0,0.0,357.88,212.04,619.29,0.0,0.0,None,None,None,None,None,None,None,None,None,None,None,None
2026-07-11T17:46:54.860885,21.986,49.275421,-123.200366,7.0,21.62,0,1.2,346.0,1.4,330.0,0.7,0.0,0.0,357.88,212.04,619.29,0.0,0.0,None,None,None,None,None,None,None,None,None,None,None,None
2026-07-11T17:46:54.861242,21.987,49.275421,-123.200366,7.0,21.62,0,1.2,346.0,1.4,330.0,0.7,0.0,0.0,357.88,212.04,619.29,0.0,0.0,None,None,None,None,None,None,None,None,None,None,None,None
2026-07-11T17:46:54.861618,21.987,49.275421,-123.200366,7.0,21.62,0,1.2,346.0,1.4,330.0,0.7,0.0,0.0,357.88,212.04,619.29,0.0,0.0,None,None,None,None,None,None,None,None,None,None,None,None
2026-07-11T17:46:54.861958,21.987,49.275421,-123.200366,7.0,21.62,0,1.2,346.0,1.5,330.0,0.7,0.0,0.0,357.88,212.04,619.29,0.0,0.0,None,None,None,None,None,None,None,None,None,None,None,None
2026-07-11T17:46:54.960725,22.086,49.275421,-123.200366,7.0,21.62,0,1.2,346.0,1.5,330.0,0.7,0.0,0.0,357.88,212.04,619.29,0.0,0.0,None,None,None,None,None,None,None,None,None,None,None,None
2026-07-11T17:46:54.960940,22.086,49.275421,-123.200366,7.0,21.62,0,1.2,346.0,1.5,330.0,0.7,0.0,0.0,357.88,212.04,619.29,0.0,0.0,None,None,None,None,None,None,None,None,None,None,None,None
2026-07-11T17:46:54.961124,22.087,49.275421,-123.200366,7.0,21.62,0,1.1,351.0,1.5,330.0,0.7,0.0,0.0,357.88,212.04,619.29,0.0,0.0,None,None,None,None,None,None,None,None,None,None,None,None
2026-07-11T17:46:54.961277,22.087,49.275421,-123.200366,7.0,21.618,0,1.1,351.0,1.5,330.0,0.7,0.0,0.0,357.88,212.04,619.29,0.0,0.0,None,None,None,None,None,None,None,None,None,None,None,None
2026-07-11T17:46:54.961531,22.087,49.275421,-123.200366,7.0,21.618,0,1.1,351.0,1.5,330.0,0.7,0.0,0.0,357.88,212.04,619.29,0.0,0.0,None,None,None,None,None,None,None,None,None,None,None,None
2026-07-11T17:46:54.961799,22.087,49.275421,-123.200366,7.0,21.618,0,1.1,351.0,1.5,330.0,0.7,0.0,0.0,357.88,212.04,619.29,0.0,0.0,None,None,None,None,None,None,None,None,None,None,None,None
2026-07-11T17:46:54.962094,22.087,49.275421,-123.200366,7.0,21.618,0,1.1,351.0,1.5,330.0,0.7,0.0,0.0,357.88,212.04,619.29,0.0,0.0,None,None,None,None,None,None,None,None,None,None,None,None
2026-07-11T17:46:55.060044,22.185,49.275421,-123.200366,7.0,21.618,0,1.1,351.0,1.5,330.0,0.7,0.0,0.0,357.88,212.04,619.29,0.0,0.0,None,None,None,None,None,None,None,None,None,None,None,None
2026-07-11T17:46:55.060278,22.186,49.275421,-123.200366,7.0,21.618,0,1.1,351.0,1.5,330.0,0.7,0.0,0.0,357.88,212.04,619.29,0.0,0.0,None,None,None,None,None,None,None,None,None,None,None,None
2026-07-11T17:46:55.160545,22.286,49.275421,-123.200366,7.0,21.618,0,1.1,351.0,1.5,330.0,0.7,0.0,0.0,357.88,212.04,619.29,0.0,0.0,None,None,None,None,None,None,None,None,None,None,None,None
2026-07-11T17:46:55.160848,22.286,49.275421,-123.200366,7.0,21.618,0,1.1,351.0,1.7,336.0,0.7,0.0,0.0,357.88,212.04,619.29,0.0,0.0,None,None,None,None,None,None,None,None,None,None,None,None
2026-07-11T17:46:55.161046,22.286,49.275421,-123.200366,7.0,21.618,0,1.1,351.0,1.7,336.0,0.7,0.0,0.0,357.88,212.04,619.29,0.0,0.0,None,None,None,None,None,None,None,None,None,None,None,None
2026-07-11T17:46:55.161209,22.287,49.275421,-123.200366,7.0,21.618,0,1.0,2.0,1.7,336.0,0.7,0.0,0.0,357.88,212.04,619.29,0.0,0.0,None,None,None,None,None,None,None,None,None,None,None,None
2026-07-11T17:46:55.260451,22.386,49.275421,-123.200366,7.0,21.618,0,1.0,2.0,1.7,336.0,0.7,0.0,0.0,357.88,212.04,619.29,0.0,0.0,None,None,None,None,None,None,None,None,None,None,None,None
2026-07-11T17:46:55.260797,22.386,49.275421,-123.200366,7.0,21.618,0,1.0,2.0,1.7,336.0,0.7,0.0,0.0,357.88,212.04,619.29,0.0,0.0,None,None,None,None,None,None,None,None,None,None,None,None
2026-07-11T17:46:55.261330,22.387,49.275421,-123.200368,7.0,21.618,0,1.0,2.0,1.7,336.0,0.7,0.0,0.0,357.88,212.04,619.29,0.0,0.0,None,None,None,None,None,None,None,None,None,None,None,None
2026-07-11T17:46:55.261591,22.387,49.275421,-123.200368,7.0,21.618,0,1.0,2.0,1.7,336.0,0.7,0.0,0.0,357.88,212.04,619.29,0.0,0.0,None,None,None,None,None,None,None,None,None,None,None,None
2026-07-11T17:46:55.261907,22.387,49.275421,-123.200368,7.0,21.618,0,1.0,2.0,1.7,336.0,0.7,0.0,0.0,357.88,212.04,619.29,0.0,0.0,None,None,None,None,None,None,None,None,None,None,None,None
2026-07-11T17:46:55.360569,22.486,49.275421,-123.200368,7.0,21.618,0,1.0,2.0,1.7,336.0,0.7,0.0,0.0,357.88,212.04,619.29,0.0,0.0,None,None,None,None,None,None,None,None,None,None,None,None
2026-07-11T17:46:55.360861,22.486,49.275421,-123.200368,7.0,21.618,0,1.0,2.0,1.7,336.0,0.7,0.0,0.0,357.88,212.04,619.29,0.0,0.0,None,None,None,None,None,None,None,None,None,None,None,None
2026-07-11T17:46:55.361084,22.486,49.275421,-123.200368,7.0,21.618,0,1.0,2.0,1.7,336.0,0.7,0.0,0.0,357.88,212.04,619.29,0.0,0.0,None,None,None,None,None,None,None,None,None,None,None,None
2026-07-11T17:46:55.361396,22.487,49.275421,-123.200368,7.0,21.618,0,1.0,2.0,1.7,336.0,0.7,0.0,0.0,357.88,212.04,619.29,0.0,0.0,None,None,None,None,None,None,None,None,None,None,None,None
2026-07-11T17:46:55.361671,22.487,49.275421,-123.200368,7.0,21.618,0,1.0,2.0,1.7,336.0,0.7,0.0,0.0,357.88,212.04,619.29,0.0,0.0,None,None,None,None,None,None,None,None,None,None,None,None
2026-07-11T17:46:55.361958,22.487,49.275421,-123.200368,7.0,21.618,0,1.0,2.0,1.7,336.0,0.7,0.0,0.0,357.88,212.04,619.29,0.0,0.0,None,None,None,None,None,None,None,None,None,None,None,None
2026-07-11T17:46:55.460775,22.586,49.275421,-123.200368,7.0,21.618,0,1.0,2.0,1.7,336.0,0.7,0.0,0.0,357.88,212.04,619.29,0.0,0.0,None,None,None,None,None,None,None,None,None,None,None,None
2026-07-11T17:46:55.461003,22.586,49.275421,-123.200368,7.0,21.618,0,1.0,2.0,1.6,336.0,0.7,0.0,0.0,357.88,212.04,619.29,0.0,0.0,None,None,None,None,None,None,None,None,None,None,None,None
2026-07-11T17:46:55.461427,22.587,49.275421,-123.200368,7.0,21.618,0,1.0,2.0,1.6,336.0,0.7,0.0,0.0,357.88,212.04,619.29,0.0,0.0,None,None,None,None,None,None,None,None,None,None,None,None
2026-07-11T17:46:55.461648,22.587,49.275421,-123.200368,7.0,21.618,0,0.7,352.0,1.6,336.0,0.7,0.0,0.0,357.88,212.04,619.29,0.0,0.0,None,None,None,None,None,None,None,None,None,None,None,None
2026-07-11T17:46:55.461824,22.587,49.275421,-123.200368,7.0,21.618,0,0.7,352.0,1.6,336.0,0.7,0.0,0.0,357.88,212.04,619.29,0.0,0.0,None,None,None,None,None,None,None,None,None,None,None,None
2026-07-11T17:46:55.462192,22.588,49.275421,-123.200368,7.0,21.618,0,0.7,352.0,1.6,336.0,0.7,0.0,0.0,357.88,212.04,619.29,0.0,0.0,None,None,None,None,None,None,None,None,None,None,None,None
2026-07-11T17:46:55.560220,22.686,49.275421,-123.200368,7.0,21.618,0,0.7,352.0,1.6,336.0,0.7,0.0,0.0,357.88,212.04,619.29,0.0,0.0,None,None,None,None,None,None,None,None,None,None,None,None
2026-07-11T17:46:55.560559,22.686,49.275421,-123.200368,7.0,21.618,0,0.7,352.0,1.6,336.0,0.7,0.0,0.0,357.88,212.04,619.29,0.0,0.0,None,None,None,None,None,None,None,None,None,None,None,None
2026-07-11T17:46:55.660307,22.786,49.275421,-123.200368,7.0,21.618,0,0.7,352.0,1.6,336.0,0.7,0.0,0.0,357.88,212.04,619.29,0.0,0.0,None,None,None,None,None,None,None,None,None,None,None,None
2026-07-11T17:46:55.660584,22.786,49.275421,-123.200368,7.0,21.618,0,0.7,352.0,1.6,336.0,0.7,0.0,0.0,357.88,212.04,619.29,0.0,0.0,None,None,None,None,None,None,None,None,None,None,None,None
2026-07-11T17:46:55.660942,22.786,49.275421,-123.200368,7.0,21.618,0,0.7,352.0,1.5,328.0,0.7,0.0,0.0,357.88,212.04,619.29,0.0,0.0,None,None,None,None,None,None,None,None,None,None,None,None
2026-07-11T17:46:55.760914,22.886,49.275421,-123.200368,7.0,21.618,0,0.6,343.0,1.5,328.0,0.7,0.0,0.0,357.88,212.04,619.29,0.0,0.0,None,None,None,None,None,None,None,None,None,None,None,None
2026-07-11T17:46:55.761161,22.887,49.275421,-123.200368,7.0,21.618,0,0.6,343.0,1.5,328.0,0.7,0.0,0.0,357.88,212.04,619.29,0.0,0.0,None,None,None,None,None,None,None,None,None,None,None,None
2026-07-11T17:46:55.761351,22.887,49.275421,-123.200368,7.0,21.618,0,0.6,343.0,1.5,328.0,0.7,0.0,0.0,357.88,212.04,619.29,0.0,0.0,None,None,None,None,None,None,None,None,None,None,None,None
2026-07-11T17:46:55.761641,22.887,49.275421,-123.200368,7.0,21.618,0,0.6,343.0,1.5,328.0,0.7,0.0,0.0,357.88,212.04,619.29,0.0,0.0,None,None,None,None,None,None,None,None,None,None,None,None
2026-07-11T17:46:55.761958,22.887,49.275421,-123.200368,7.0,21.618,0,0.6,343.0,1.5,328.0,0.7,0.0,0.0,357.88,212.04,619.29,0.0,0.0,None,None,None,None,None,None,None,None,None,None,None,None
2026-07-11T17:46:55.860080,22.985,49.275421,-123.200368,7.0,21.618,0,0.6,343.0,1.5,328.0,0.7,0.0,0.0,357.88,212.04,619.29,0.0,0.0,None,None,None,None,None,None,None,None,None,None,None,None
2026-07-11T17:46:55.860318,22.986,49.275421,-123.200368,7.0,21.618,0,0.6,343.0,1.5,328.0,0.7,0.0,0.0,357.88,212.04,619.29,0.0,0.0,None,None,None,None,None,None,None,None,None,None,None,None
2026-07-11T17:46:55.860692,22.986,49.275421,-123.200368,7.0,21.618,0,0.6,343.0,1.5,328.0,0.7,0.0,0.0,357.88,212.04,619.29,0.0,0.0,None,None,None,None,None,None,None,None,None,None,None,None
2026-07-11T17:46:55.960419,23.086,49.275421,-123.200368,7.0,21.618,0,0.6,343.0,1.5,328.0,0.7,0.0,0.0,357.88,212.04,619.29,0.0,0.0,None,None,None,None,None,None,None,None,None,None,None,None
2026-07-11T17:46:55.960737,23.086,49.275421,-123.200368,7.0,21.618,0,0.6,343.0,1.5,328.0,0.7,0.0,0.0,357.88,212.04,619.29,0.0,0.0,None,None,None,None,None,None,None,None,None,None,None,None
2026-07-11T17:46:55.960978,23.086,49.275421,-123.200368,7.0,21.618,0,0.6,343.0,1.8,325.0,0.7,0.0,0.0,357.88,212.04,619.29,0.0,0.0,None,None,None,None,None,None,None,None,None,None,None,None
2026-07-11T17:46:55.965212,23.091,49.275421,-123.200368,7.0,21.618,0,0.6,343.0,1.8,325.0,0.7,0.0,0.0,357.88,212.04,619.29,0.0,0.0,None,None,None,None,None,None,None,None,None,None,None,None
2026-07-11T17:46:55.965491,23.091,49.275421,-123.200368,7.0,21.618,0,0.8,338.0,1.8,325.0,0.7,0.0,0.0,357.88,212.04,619.29,0.0,0.0,None,None,None,None,None,None,None,None,None,None,None,None
2026-07-11T17:46:56.059968,23.185,49.275421,-123.200368,7.0,21.618,0,0.8,338.0,1.8,325.0,0.7,0.0,0.0,357.88,212.04,619.29,0.0,0.0,None,None,None,None,None,None,None,None,None,None,None,None
2026-07-11T17:46:56.060272,23.186,49.275421,-123.200368,7.0,21.618,0,0.8,338.0,1.8,325.0,0.7,0.0,0.0,357.88,212.04,619.29,0.0,0.0,None,None,None,None,None,None,None,None,None,None,None,None
2026-07-11T17:46:56.060566,23.186,49.275421,-123.200368,7.0,21.618,0,0.8,338.0,1.8,325.0,0.7,0.0,0.0,357.88,212.04,619.29,0.0,0.0,None,None,None,None,None,None,None,None,None,None,None,None
2026-07-11T17:46:56.160343,23.286,49.275421,-123.200368,7.0,21.618,0,0.8,338.0,1.8,325.0,0.7,0.0,0.0,357.88,212.04,619.29,0.0,0.0,None,None,None,None,None,None,None,None,None,None,None,None
2026-07-11T17:46:56.160692,23.286,49.275421,-123.200368,7.0,21.618,0,0.8,338.0,1.8,325.0,0.7,0.0,0.0,357.88,212.04,619.29,0.0,0.0,None,None,None,None,None,None,None,None,None,None,None,None
2026-07-11T17:46:56.160905,23.286,49.275421,-123.200368,7.0,21.618,0,0.8,338.0,1.8,325.0,0.7,0.0,0.0,357.88,212.04,619.29,0.0,0.0,None,None,None,None,None,None,None,None,None,None,None,None
2026-07-11T17:46:56.161202,23.287,49.275421,-123.200368,7.0,21.618,0,0.8,338.0,1.8,325.0,0.7,0.0,0.0,357.88,212.04,619.29,0.0,0.0,None,None,None,None,None,None,None,None,None,None,None,None
2026-07-11T17:46:56.260343,23.386,49.275423,-123.200368,7.0,21.618,0,0.8,338.0,1.8,325.0,0.7,0.0,0.0,357.88,212.04,619.29,0.0,0.0,None,None,None,None,None,None,None,None,None,None,None,None
2026-07-11T17:46:56.260622,23.386,49.275423,-123.200368,7.0,21.618,0,0.8,338.0,2.1,331.0,0.7,0.0,0.0,357.88,212.04,619.29,0.0,0.0,None,None,None,None,None,None,None,None,None,None,None,None
2026-07-11T17:46:56.260906,23.386,49.275423,-123.200368,7.0,21.618,0,0.8,338.0,2.1,331.0,0.7,0.0,0.0,357.88,212.04,619.29,0.0,0.0,None,None,None,None,None,None,None,None,None,None,None,None
2026-07-11T17:46:56.261128,23.387,49.275423,-123.200368,7.0,21.618,0,0.8,338.0,2.1,331.0,0.7,0.0,0.0,357.88,212.04,619.29,0.0,0.0,None,None,None,None,None,None,None,None,None,None,None,None
2026-07-11T17:46:56.261409,23.387,49.275423,-123.200368,7.0,21.618,0,0.8,338.0,2.1,331.0,0.7,0.0,0.0,357.88,212.04,619.29,0.0,0.0,None,None,None,None,None,None,None,None,None,None,None,None
2026-07-11T17:46:56.261668,23.387,49.275423,-123.200368,7.0,21.618,0,0.8,338.0,2.1,331.0,0.7,0.0,0.0,357.88,212.04,619.29,0.0,0.0,None,None,None,None,None,None,None,None,None,None,None,None
2026-07-11T17:46:56.261976,23.387,49.275423,-123.200368,7.0,21.618,0,0.8,338.0,2.1,331.0,0.7,0.0,0.0,357.88,212.04,619.29,0.0,0.0,None,None,None,None,None,None,None,None,None,None,None,None
2026-07-11T17:46:56.360096,23.485,49.275423,-123.200368,7.0,21.618,0,0.8,338.0,2.1,331.0,0.7,0.0,0.0,357.88,212.04,619.29,0.0,0.0,None,None,None,None,None,None,None,None,None,None,None,None
2026-07-11T17:46:56.360705,23.486,49.275423,-123.200368,7.0,21.618,0,0.8,338.0,2.1,331.0,0.7,0.0,0.0,357.88,212.04,619.29,0.0,0.0,None,None,None,None,None,None,None,None,None,None,None,None
2026-07-11T17:46:56.360980,23.486,49.275423,-123.200368,7.0,21.618,0,0.8,338.0,2.1,331.0,0.7,0.0,0.0,357.88,212.04,619.29,0.0,0.0,None,None,None,None,None,None,None,None,None,None,None,None
2026-07-11T17:46:56.460136,23.586,49.275423,-123.200368,7.0,21.618,0,0.8,338.0,2.1,331.0,0.7,0.0,0.0,357.88,212.04,619.29,0.0,0.0,None,None,None,None,None,None,None,None,None,None,None,None
2026-07-11T17:46:56.460794,23.586,49.275423,-123.200368,7.0,21.618,0,0.8,338.0,2.1,331.0,0.7,0.0,0.0,357.88,212.04,619.29,0.0,0.0,None,None,None,None,None,None,None,None,None,None,None,None
2026-07-11T17:46:56.461028,23.586,49.275423,-123.200368,7.0,21.618,0,0.8,338.0,2.1,331.0,0.7,0.0,0.0,357.88,212.04,619.29,0.0,0.0,None,None,None,None,None,None,None,None,None,None,None,None
2026-07-11T17:46:56.461347,23.587,49.275423,-123.200368,7.0,21.618,0,0.8,338.0,2.1,331.0,0.7,0.0,0.0,357.88,212.04,619.29,0.0,0.0,None,None,None,None,None,None,None,None,None,None,None,None
2026-07-11T17:46:56.461647,23.587,49.275423,-123.200368,7.0,21.618,0,0.8,338.0,2.2,335.0,0.7,0.0,0.0,357.88,212.04,619.29,0.0,0.0,None,None,None,None,None,None,None,None,None,None,None,None
2026-07-11T17:46:56.560645,23.686,49.275423,-123.200368,7.0,21.618,0,0.7,333.0,2.2,335.0,0.7,0.0,0.0,357.88,212.04,619.29,0.0,0.0,None,None,None,None,None,None,None,None,None,None,None,None
2026-07-11T17:46:56.560963,23.686,49.275423,-123.200368,7.0,21.618,0,0.7,333.0,2.2,335.0,0.7,0.0,0.0,357.88,212.04,619.29,0.0,0.0,None,None,None,None,None,None,None,None,None,None,None,None
2026-07-11T17:46:56.561180,23.687,49.275423,-123.200368,7.0,21.618,0,0.7,333.0,2.2,335.0,0.7,0.0,0.0,357.88,212.04,619.29,0.0,0.0,None,None,None,None,None,None,None,None,None,None,None,None
2026-07-11T17:46:56.561472,23.687,49.275423,-123.200368,7.0,21.618,0,0.7,333.0,2.2,335.0,0.7,0.0,0.0,357.88,212.04,619.29,0.0,0.0,None,None,None,None,None,None,None,None,None,None,None,None
2026-07-11T17:46:56.660435,23.786,49.275423,-123.200368,7.0,21.618,0,0.7,333.0,2.2,335.0,0.7,0.0,0.0,357.88,212.04,619.29,0.0,0.0,None,None,None,None,None,None,None,None,None,None,None,None
2026-07-11T17:46:56.660738,23.786,49.275423,-123.200368,7.0,21.618,0,0.7,333.0,2.2,335.0,0.7,0.0,0.0,357.88,212.04,619.29,0.0,0.0,None,None,None,None,None,None,None,None,None,None,None,None
2026-07-11T17:46:56.760251,23.886,49.275423,-123.200368,7.0,21.618,0,0.7,333.0,2.2,335.0,0.7,0.0,0.0,357.88,212.04,619.29,0.0,0.0,None,None,None,None,None,None,None,None,None,None,None,None
2026-07-11T17:46:56.760541,23.886,49.275423,-123.200368,7.0,21.618,0,0.7,333.0,1.9,342.0,0.7,0.0,0.0,357.88,212.04,619.29,0.0,0.0,None,None,None,None,None,None,None,None,None,None,None,None
2026-07-11T17:46:56.760821,23.886,49.275423,-123.200368,7.0,21.618,0,0.7,319.0,1.9,342.0,0.7,0.0,0.0,357.88,212.04,619.29,0.0,0.0,None,None,None,None,None,None,None,None,None,None,None,None
2026-07-11T17:46:56.761071,23.886,49.275423,-123.200368,7.0,21.618,0,0.7,319.0,1.9,342.0,0.7,0.0,0.0,357.88,212.04,619.29,0.0,0.0,None,None,None,None,None,None,None,None,None,None,None,None
2026-07-11T17:46:56.860369,23.986,49.275423,-123.200368,7.0,21.618,0,0.7,319.0,1.9,342.0,0.7,0.0,0.0,357.88,212.04,619.29,0.0,0.0,None,None,None,None,None,None,None,None,None,None,None,None
2026-07-11T17:46:56.860708,23.986,49.275423,-123.200368,7.0,21.618,0,0.7,319.0,1.9,342.0,0.7,0.0,0.0,357.88,212.04,619.29,0.0,0.0,None,None,None,None,None,None,None,None,None,None,None,None
2026-07-11T17:46:56.860948,23.986,49.275423,-123.200368,7.0,21.618,0,0.7,319.0,1.9,342.0,0.7,0.0,0.0,357.88,212.04,619.29,0.0,0.0,None,None,None,None,None,None,None,None,None,None,None,None
2026-07-11T17:46:56.861246,23.987,49.275423,-123.200368,7.0,21.618,0,0.7,319.0,1.9,342.0,0.7,0.0,0.0,357.88,212.04,619.29,0.0,0.0,None,None,None,None,None,None,None,None,None,None,None,None
2026-07-11T17:46:56.861532,23.987,49.275423,-123.200368,7.0,21.618,0,0.7,319.0,1.9,342.0,0.7,0.0,0.0,357.88,212.04,619.29,0.0,0.0,None,None,None,None,None,None,None,None,None,None,None,None
2026-07-11T17:46:56.960497,24.086,49.275423,-123.200368,7.0,21.618,0,0.7,319.0,1.9,342.0,0.7,0.0,0.0,357.88,212.04,619.29,0.0,0.0,None,None,None,None,None,None,None,None,None,None,None,None
2026-07-11T17:46:56.960886,24.086,49.275423,-123.200368,7.0,21.618,0,0.7,319.0,1.9,342.0,0.7,0.0,0.0,357.88,212.04,619.29,0.0,0.0,None,None,None,None,None,None,None,None,None,None,None,None
2026-07-11T17:46:56.961675,24.087,49.275423,-123.200368,7.0,21.618,0,0.7,319.0,1.9,342.0,0.7,0.0,0.0,357.88,212.04,619.29,0.0,0.0,None,None,None,None,None,None,None,None,None,None,None,None
2026-07-11T17:46:56.961879,24.087,49.275423,-123.200368,7.0,21.618,0,0.7,319.0,1.9,342.0,0.7,0.0,0.0,357.88,212.04,619.29,0.0,0.0,None,None,None,None,None,None,None,None,None,None,None,None
2026-07-11T17:46:57.060524,24.186,49.275423,-123.200368,7.0,21.618,0,0.7,319.0,1.5,335.0,0.7,0.0,0.0,357.88,212.04,619.29,0.0,0.0,None,None,None,None,None,None,None,None,None,None,None,None
2026-07-11T17:46:57.060846,24.186,49.275423,-123.200368,7.0,21.618,0,0.7,319.0,1.5,335.0,0.7,0.0,0.0,357.88,212.04,619.29,0.0,0.0,None,None,None,None,None,None,None,None,None,None,None,None
2026-07-11T17:46:57.060985,24.186,49.275423,-123.200368,7.0,21.618,0,0.8,291.0,1.5,335.0,0.7,0.0,0.0,357.88,212.04,619.29,0.0,0.0,None,None,None,None,None,None,None,None,None,None,None,None
2026-07-11T17:46:57.061129,24.187,49.275423,-123.200368,7.0,21.618,0,0.8,291.0,1.5,335.0,0.7,0.0,0.0,357.88,212.04,619.29,0.0,0.0,None,None,None,None,None,None,None,None,None,None,None,None
2026-07-11T17:46:57.061333,24.187,49.275423,-123.200368,7.0,21.618,0,0.8,291.0,1.5,335.0,0.7,0.0,0.0,357.88,212.04,619.29,0.0,0.0,None,None,None,None,None,None,None,None,None,None,None,None
2026-07-11T17:46:57.160321,24.286,49.275423,-123.200368,7.0,21.618,0,0.8,291.0,1.5,335.0,0.7,0.0,0.0,357.88,212.04,619.29,0.0,0.0,None,None,None,None,None,None,None,None,None,None,None,None
2026-07-11T17:46:57.160688,24.286,49.275423,-123.200368,7.0,21.618,0,0.8,291.0,1.5,335.0,0.7,0.0,0.0,357.88,212.04,619.29,0.0,0.0,None,None,None,None,None,None,None,None,None,None,None,None
2026-07-11T17:46:57.259949,24.385,49.275423,-123.200368,7.0,21.618,0,0.8,291.0,1.5,335.0,0.7,0.0,0.0,357.88,212.04,619.29,0.0,0.0,None,None,None,None,None,None,None,None,None,None,None,None
2026-07-11T17:46:57.260283,24.386,49.275423,-123.200368,7.0,21.618,0,0.8,291.0,1.5,335.0,0.7,0.0,0.0,357.88,212.04,619.29,0.0,0.0,None,None,None,None,None,None,None,None,None,None,None,None
2026-07-11T17:46:57.260604,24.386,49.275423,-123.200368,7.0,21.618,0,0.8,291.0,1.5,335.0,0.7,0.0,0.0,357.88,212.04,619.29,0.0,0.0,None,None,None,None,None,None,None,None,None,None,None,None
2026-07-11T17:46:57.260818,24.386,49.275423,-123.200368,7.0,21.618,0,0.8,291.0,1.5,335.0,0.7,0.0,0.0,357.88,212.04,619.29,0.0,0.0,None,None,None,None,None,None,None,None,None,None,None,None
2026-07-11T17:46:57.261103,24.386,49.275423,-123.200368,7.0,21.618,0,0.8,291.0,1.6,333.0,0.7,0.0,0.0,357.88,212.04,619.29,0.0,0.0,None,None,None,None,None,None,None,None,None,None,None,None
2026-07-11T17:46:57.360267,24.486,49.275423,-123.200368,7.0,21.618,0,1.1,297.0,1.6,333.0,0.7,0.0,0.0,357.88,212.04,619.29,0.0,0.0,None,None,None,None,None,None,None,None,None,None,None,None
2026-07-11T17:46:57.360583,24.486,49.275423,-123.200368,7.0,21.617,0,1.1,297.0,1.6,333.0,0.7,0.0,0.0,357.88,212.04,619.29,0.0,0.0,None,None,None,None,None,None,None,None,None,None,None,None
2026-07-11T17:46:57.360778,24.486,49.275423,-123.200368,7.0,21.617,0,1.1,297.0,1.6,333.0,0.7,0.0,0.0,357.88,212.04,619.29,0.0,0.0,None,None,None,None,None,None,None,None,None,None,None,None
2026-07-11T17:46:57.361016,24.486,49.275423,-123.200368,7.0,21.617,0,1.1,297.0,1.6,333.0,0.7,0.0,0.0,357.88,212.04,619.29,0.0,0.0,None,None,None,None,None,None,None,None,None,None,None,None
2026-07-11T17:46:57.361313,24.487,49.275423,-123.200368,7.0,21.617,0,1.1,297.0,1.6,333.0,0.7,0.0,0.0,357.88,212.04,619.29,0.0,0.0,None,None,None,None,None,None,None,None,None,None,None,None
2026-07-11T17:46:57.361666,24.487,49.275423,-123.200368,7.0,21.617,0,1.1,297.0,1.6,333.0,0.7,0.0,0.0,357.88,212.04,619.29,0.0,0.0,None,None,None,None,None,None,None,None,None,None,None,None
2026-07-11T17:46:57.362100,24.487,49.275423,-123.200368,7.0,21.617,0,1.1,297.0,1.6,333.0,0.7,0.0,0.0,357.88,212.04,619.29,0.0,0.0,None,None,None,None,None,None,None,None,None,None,None,None
2026-07-11T17:46:57.362461,24.488,49.275423,-123.200368,7.0,21.617,0,1.1,297.0,1.6,333.0,0.7,0.0,0.0,357.88,212.04,619.29,0.0,0.0,None,None,None,None,None,None,None,None,None,None,None,None
2026-07-11T17:46:57.460092,24.585,49.275423,-123.200368,7.0,21.617,0,1.1,297.0,1.6,333.0,0.7,0.0,0.0,357.88,212.04,619.29,0.0,0.0,None,None,None,None,None,None,None,None,None,None,None,None
2026-07-11T17:46:57.460481,24.586,49.275423,-123.200368,7.0,21.617,0,1.1,297.0,1.6,333.0,0.7,0.0,0.0,357.88,212.04,619.29,0.0,0.0,None,None,None,None,None,None,None,None,None,None,None,None
2026-07-11T17:46:57.560432,24.686,49.275423,-123.200368,7.0,21.617,0,1.1,297.0,1.6,333.0,0.7,0.0,0.0,357.88,212.04,619.29,0.0,0.0,None,None,None,None,None,None,None,None,None,None,None,None
2026-07-11T17:46:57.560698,24.686,49.275423,-123.200368,7.0,21.617,0,1.1,297.0,1.6,333.0,0.7,0.0,0.0,357.88,212.04,619.29,0.0,0.0,None,None,None,None,None,None,None,None,None,None,None,None
2026-07-11T17:46:57.560863,24.686,49.275423,-123.200368,7.0,21.617,0,1.4,311.0,1.6,333.0,0.7,0.0,0.0,357.88,212.04,619.29,0.0,0.0,None,None,None,None,None,None,None,None,None,None,None,None
2026-07-11T17:46:57.660824,24.786,49.275423,-123.200368,7.0,21.617,0,1.4,311.0,1.6,333.0,0.7,0.0,0.0,357.88,212.04,619.29,0.0,0.0,None,None,None,None,None,None,None,None,None,None,None,None
2026-07-11T17:46:57.660986,24.786,49.275423,-123.200368,7.0,21.617,0,1.4,311.0,1.6,333.0,0.7,0.0,0.0,357.88,212.04,619.29,0.0,0.0,None,None,None,None,None,None,None,None,None,None,None,None
2026-07-11T17:46:57.661315,24.787,49.275423,-123.200368,7.0,21.617,0,1.4,311.0,1.6,333.0,0.7,0.0,0.0,357.88,212.04,619.29,0.0,0.0,None,None,None,None,None,None,None,None,None,None,None,None
2026-07-11T17:46:57.760365,24.886,49.275423,-123.200368,7.0,21.617,0,1.4,311.0,1.6,333.0,0.7,0.0,0.0,357.88,212.04,619.29,0.0,0.0,None,None,None,None,None,None,None,None,None,None,None,None
2026-07-11T17:46:57.760644,24.886,49.275423,-123.200368,7.0,21.617,0,1.4,311.0,1.6,333.0,0.7,0.0,0.0,357.88,212.04,619.29,0.0,0.0,None,None,None,None,None,None,None,None,None,None,None,None
2026-07-11T17:46:57.860039,24.985,49.275423,-123.200368,7.0,21.617,0,1.4,311.0,1.6,333.0,0.7,0.0,0.0,357.88,212.04,619.29,0.0,0.0,None,None,None,None,None,None,None,None,None,None,None,None
2026-07-11T17:46:57.860356,24.986,49.275423,-123.200368,7.0,21.617,0,1.4,311.0,1.6,314.0,0.7,0.0,0.0,357.88,212.04,619.29,0.0,0.0,None,None,None,None,None,None,None,None,None,None,None,None
2026-07-11T17:46:57.860507,24.986,49.275423,-123.200368,7.0,21.617,0,1.6,309.0,1.6,314.0,0.7,0.0,0.0,357.88,212.04,619.29,0.0,0.0,None,None,None,None,None,None,None,None,None,None,None,None
2026-07-11T17:46:57.860769,24.986,49.275423,-123.200368,7.0,21.617,0,1.6,309.0,1.6,314.0,0.7,0.0,0.0,357.88,212.04,619.29,0.0,0.0,None,None,None,None,None,None,None,None,None,None,None,None
2026-07-11T17:46:57.861044,24.986,49.275423,-123.200368,7.0,21.617,0,1.6,309.0,1.6,314.0,0.7,0.0,0.0,357.88,212.04,619.29,0.0,0.0,None,None,None,None,None,None,None,None,None,None,None,None
2026-07-11T17:46:57.861336,24.987,49.275423,-123.200368,7.0,21.617,0,1.6,309.0,1.6,314.0,0.7,0.0,0.0,357.88,212.04,619.29,0.0,0.0,None,None,None,None,None,None,None,None,None,None,None,None
2026-07-11T17:46:57.960234,25.086,49.275423,-123.200368,7.0,21.617,0,1.6,309.0,1.6,314.0,0.7,0.0,0.0,357.88,212.04,619.29,0.0,0.0,None,None,None,None,None,None,None,None,None,None,None,None
2026-07-11T17:46:57.960522,25.086,49.275423,-123.200368,7.0,21.617,0,1.6,309.0,1.6,314.0,0.7,0.0,0.0,357.88,212.04,619.29,0.0,0.0,None,None,None,None,None,None,None,None,None,None,None,None
2026-07-11T17:46:57.960825,25.086,49.275423,-123.200368,7.0,21.617,0,1.6,309.0,1.6,314.0,0.7,0.0,0.0,357.88,212.04,619.29,0.0,0.0,None,None,None,None,None,None,None,None,None,None,None,None
2026-07-11T17:46:57.961054,25.086,49.275423,-123.200368,7.0,21.617,0,1.6,309.0,1.6,314.0,0.7,0.0,0.0,357.88,212.04,619.29,0.0,0.0,None,None,None,None,None,None,None,None,None,None,None,None
2026-07-11T17:46:57.961296,25.087,49.275423,-123.200368,7.0,21.617,0,1.6,309.0,1.6,314.0,0.7,0.0,0.0,357.88,212.04,619.29,0.0,0.0,None,None,None,None,None,None,None,None,None,None,None,None
2026-07-11T17:46:57.961618,25.087,49.275423,-123.200368,7.0,21.617,0,1.6,309.0,1.6,314.0,0.7,0.0,0.0,357.88,212.04,619.29,0.0,0.0,None,None,None,None,None,None,None,None,None,None,None,None
2026-07-11T17:46:57.961888,25.087,49.275423,-123.200368,7.0,21.617,0,1.6,309.0,1.6,314.0,0.7,0.0,0.0,357.88,212.04,619.29,0.0,0.0,None,None,None,None,None,None,None,None,None,None,None,None
2026-07-11T17:46:58.060088,25.185,49.275423,-123.200368,7.0,21.617,0,1.6,309.0,1.6,314.0,0.7,0.0,0.0,357.88,212.04,619.29,0.0,0.0,None,None,None,None,None,None,None,None,None,None,None,None
2026-07-11T17:46:58.060382,25.186,49.275423,-123.200368,7.0,21.617,0,1.6,309.0,1.6,314.0,0.7,0.0,0.0,357.88,212.04,619.29,0.0,0.0,None,None,None,None,None,None,None,None,None,None,None,None
2026-07-11T17:46:58.060636,25.186,49.275423,-123.200368,7.0,21.617,0,1.6,309.0,1.7,304.0,0.7,0.0,0.0,357.88,212.04,619.29,0.0,0.0,None,None,None,None,None,None,None,None,None,None,None,None
2026-07-11T17:46:58.160915,25.286,49.275423,-123.200368,7.0,21.617,0,1.6,309.0,1.7,304.0,0.7,0.0,0.0,357.88,212.04,619.29,0.0,0.0,None,None,None,None,None,None,None,None,None,None,None,None
2026-07-11T17:46:58.161133,25.287,49.275423,-123.200368,7.0,21.617,0,1.5,295.0,1.7,304.0,0.7,0.0,0.0,357.88,212.04,619.29,0.0,0.0,None,None,None,None,None,None,None,None,None,None,None,None
2026-07-11T17:46:58.161297,25.287,49.275423,-123.200368,7.0,21.617,0,1.5,295.0,1.7,304.0,0.7,0.0,0.0,357.88,212.04,619.29,0.0,0.0,None,None,None,None,None,None,None,None,None,None,None,None
2026-07-11T17:46:58.161482,25.287,49.275423,-123.200368,7.0,21.617,0,1.5,295.0,1.7,304.0,0.7,0.0,0.0,357.88,212.04,619.29,0.0,0.0,None,None,None,None,None,None,None,None,None,None,None,None
2026-07-11T17:46:58.260390,25.386,49.275423,-123.200368,7.0,21.617,0,1.5,295.0,1.7,304.0,0.7,0.0,0.0,357.88,212.04,619.29,0.0,0.0,None,None,None,None,None,None,None,None,None,None,None,None
2026-07-11T17:46:58.260695,25.386,49.275423,-123.200368,7.0,21.617,0,1.5,295.0,1.7,304.0,0.7,0.0,0.0,357.88,212.04,619.29,0.0,0.0,None,None,None,None,None,None,None,None,None,None,None,None
2026-07-11T17:46:58.260884,25.386,49.275423,-123.200368,7.0,21.617,0,1.5,295.0,1.7,304.0,0.7,0.0,0.0,357.88,212.04,619.29,0.0,0.0,None,None,None,None,None,None,None,None,None,None,None,None
2026-07-11T17:46:58.261195,25.387,49.275423,-123.200368,7.0,21.617,0,1.5,295.0,1.7,304.0,0.7,0.0,0.0,357.88,212.04,619.29,0.0,0.0,None,None,None,None,None,None,None,None,None,None,None,None
2026-07-11T17:46:58.360386,25.486,49.275423,-123.200368,7.0,21.617,0,1.5,295.0,1.7,304.0,0.7,0.0,0.0,357.88,212.04,619.29,0.0,0.0,None,None,None,None,None,None,None,None,None,None,None,None
2026-07-11T17:46:58.360931,25.486,49.275423,-123.200368,7.0,21.617,0,1.5,295.0,1.7,304.0,0.7,0.0,0.0,357.88,212.04,619.29,0.0,0.0,None,None,None,None,None,None,None,None,None,None,None,None
2026-07-11T17:46:58.361168,25.487,49.275423,-123.200368,7.0,21.617,0,1.5,295.0,1.4,302.0,0.7,0.0,0.0,357.88,212.04,619.29,0.0,0.0,None,None,None,None,None,None,None,None,None,None,None,None
2026-07-11T17:46:58.361332,25.487,49.275423,-123.200368,7.0,21.617,0,1.5,295.0,1.4,302.0,0.7,0.0,0.0,357.88,212.04,619.29,0.0,0.0,None,None,None,None,None,None,None,None,None,None,None,None
2026-07-11T17:46:58.361457,25.487,49.275423,-123.200368,7.0,21.617,0,1.6,281.0,1.4,302.0,0.7,0.0,0.0,357.88,212.04,619.29,0.0,0.0,None,None,None,None,None,None,None,None,None,None,None,None
2026-07-11T17:46:58.361707,25.487,49.275423,-123.200368,7.0,21.617,0,1.6,281.0,1.4,302.0,0.7,0.0,0.0,357.88,212.04,619.29,0.0,0.0,None,None,None,None,None,None,None,None,None,None,None,None
2026-07-11T17:46:58.460729,25.586,49.275423,-123.200368,7.0,21.617,0,1.6,281.0,1.4,302.0,0.7,0.0,0.0,357.88,212.04,619.29,0.0,0.0,None,None,None,None,None,None,None,None,None,None,None,None
2026-07-11T17:46:58.461058,25.586,49.275423,-123.200368,7.0,21.617,0,1.6,281.0,1.4,302.0,0.7,0.0,0.0,357.88,212.04,619.29,0.0,0.0,None,None,None,None,None,None,None,None,None,None,None,None
2026-07-11T17:46:58.560716,25.686,49.275423,-123.200368,7.0,21.617,0,1.6,281.0,1.4,302.0,0.7,0.0,0.0,357.88,212.04,619.29,0.0,0.0,None,None,None,None,None,None,None,None,None,None,None,None
2026-07-11T17:46:58.561015,25.686,49.275423,-123.200368,7.0,21.616,0,1.6,281.0,1.4,302.0,0.7,0.0,0.0,357.88,212.04,619.29,0.0,0.0,None,None,None,None,None,None,None,None,None,None,None,None
2026-07-11T17:46:58.561271,25.687,49.275423,-123.200368,7.0,21.616,0,1.6,281.0,1.4,302.0,0.7,0.0,0.0,357.88,212.04,619.29,0.0,0.0,None,None,None,None,None,None,None,None,None,None,None,None
2026-07-11T17:46:58.561457,25.687,49.275423,-123.200368,7.0,21.616,0,1.6,281.0,1.4,302.0,0.7,0.0,0.0,357.88,212.04,619.29,0.0,0.0,None,None,None,None,None,None,None,None,None,None,None,None
2026-07-11T17:46:58.561694,25.687,49.275423,-123.200368,7.0,21.616,0,1.6,281.0,1.4,302.0,0.7,0.0,0.0,357.88,212.04,619.29,0.0,0.0,None,None,None,None,None,None,None,None,None,None,None,None
2026-07-11T17:46:58.562304,25.688,49.275423,-123.200368,7.0,21.616,0,1.6,281.0,1.4,302.0,0.7,0.0,0.0,357.88,212.04,619.29,0.0,0.0,None,None,None,None,None,None,None,None,None,None,None,None
2026-07-11T17:46:58.660600,25.786,49.275423,-123.200368,7.0,21.616,0,1.6,281.0,1.4,297.0,0.7,0.0,0.0,357.88,212.04,619.29,0.0,0.0,None,None,None,None,None,None,None,None,None,None,None,None
2026-07-11T17:46:58.660945,25.786,49.275423,-123.200368,7.0,21.616,0,1.6,281.0,1.4,297.0,0.7,0.0,0.0,357.88,212.04,619.29,0.0,0.0,None,None,None,None,None,None,None,None,None,None,None,None
2026-07-11T17:46:58.661257,25.787,49.275423,-123.200368,7.0,21.616,0,1.3,283.0,1.4,297.0,0.7,0.0,0.0,357.88,212.04,619.29,0.0,0.0,None,None,None,None,None,None,None,None,None,None,None,None
2026-07-11T17:46:58.661464,25.787,49.275423,-123.200368,7.0,21.616,0,1.3,283.0,1.4,297.0,0.7,0.0,0.0,357.88,212.04,619.29,0.0,0.0,None,None,None,None,None,None,None,None,None,None,None,None
2026-07-11T17:46:58.661700,25.787,49.275423,-123.200368,7.0,21.616,0,1.3,283.0,1.4,297.0,0.7,0.0,0.0,357.88,212.04,619.29,0.0,0.0,None,None,None,None,None,None,None,None,None,None,None,None
2026-07-11T17:46:58.760256,25.886,49.275423,-123.200368,7.0,21.616,0,1.3,283.0,1.4,297.0,0.7,0.0,0.0,357.88,212.04,619.29,0.0,0.0,None,None,None,None,None,None,None,None,None,None,None,None
2026-07-11T17:46:58.760586,25.886,49.275423,-123.200368,7.0,21.616,0,1.3,283.0,1.4,297.0,0.7,0.0,0.0,357.88,212.04,619.29,0.0,0.0,None,None,None,None,None,None,None,None,None,None,None,None
2026-07-11T17:46:58.860180,25.986,49.275423,-123.200368,7.0,21.616,0,1.3,283.0,1.4,297.0,0.7,0.0,0.0,357.88,212.04,619.29,0.0,0.0,None,None,None,None,None,None,None,None,None,None,None,None
2026-07-11T17:46:58.860368,25.986,49.275423,-123.200368,7.0,21.616,0,1.3,283.0,1.4,297.0,0.7,0.0,0.0,357.88,212.04,619.29,0.0,0.0,None,None,None,None,None,None,None,None,None,None,None,None
2026-07-11T17:46:58.860632,25.986,49.275423,-123.200368,7.0,21.616,0,1.3,283.0,1.4,297.0,0.7,0.0,0.0,357.88,212.04,619.29,0.0,0.0,None,None,None,None,None,None,None,None,None,None,None,None
2026-07-11T17:46:58.860801,25.986,49.275423,-123.200368,7.0,21.616,0,1.3,283.0,1.4,280.0,0.7,0.0,0.0,357.88,212.04,619.29,0.0,0.0,None,None,None,None,None,None,None,None,None,None,None,None
2026-07-11T17:46:58.960865,26.086,49.275423,-123.200368,7.0,21.616,0,1.3,283.0,1.4,280.0,0.7,0.0,0.0,357.88,212.04,619.29,0.0,0.0,None,None,None,None,None,None,None,None,None,None,None,None
2026-07-11T17:46:58.961166,26.087,49.275423,-123.200368,7.0,21.616,0,1.3,283.0,1.4,280.0,0.7,0.0,0.0,357.88,212.04,619.29,0.0,0.0,None,None,None,None,None,None,None,None,None,None,None,None
2026-07-11T17:46:58.961459,26.087,49.275423,-123.200368,7.0,21.616,0,1.3,283.0,1.4,280.0,0.7,0.0,0.0,357.88,212.04,619.29,0.0,0.0,None,None,None,None,None,None,None,None,None,None,None,None
2026-07-11T17:46:58.961594,26.087,49.275423,-123.200368,7.0,21.616,0,1.3,283.0,1.4,280.0,0.7,0.0,0.0,357.88,212.04,619.29,0.0,0.0,None,None,None,None,None,None,None,None,None,None,None,None
2026-07-11T17:46:58.961858,26.087,49.275423,-123.200368,7.0,21.616,0,1.3,283.0,1.4,280.0,0.7,0.0,0.0,357.88,212.04,619.29,0.0,0.0,None,None,None,None,None,None,None,None,None,None,None,None
2026-07-11T17:46:58.962151,26.088,49.275423,-123.200368,7.0,21.616,0,1.3,283.0,1.4,280.0,0.7,0.0,0.0,357.88,212.04,619.29,0.0,0.0,None,None,None,None,None,None,None,None,None,None,None,None
2026-07-11T17:46:59.059979,26.185,49.275423,-123.200368,7.0,21.616,0,1.3,283.0,1.4,280.0,0.7,0.0,0.0,357.88,212.04,619.29,0.0,0.0,None,None,None,None,None,None,None,None,None,None,None,None
2026-07-11T17:46:59.060312,26.186,49.275423,-123.200368,7.0,21.616,0,1.3,283.0,1.4,280.0,0.7,0.0,0.0,357.88,212.04,619.29,0.0,0.0,None,None,None,None,None,None,None,None,None,None,None,None
2026-07-11T17:46:59.160080,26.285,49.275423,-123.200368,7.0,21.616,0,1.3,283.0,1.4,280.0,0.7,0.0,0.0,357.88,212.04,619.29,0.0,0.0,None,None,None,None,None,None,None,None,None,None,None,None
2026-07-11T17:46:59.160315,26.286,49.275423,-123.200368,7.0,21.616,0,1.3,283.0,1.6,274.0,0.7,0.0,0.0,357.88,212.04,619.29,0.0,0.0,None,None,None,None,None,None,None,None,None,None,None,None
2026-07-11T17:46:59.160610,26.286,49.275423,-123.200368,7.0,21.616,0,1.3,283.0,1.6,274.0,0.7,0.0,0.0,357.88,212.04,619.29,0.0,0.0,None,None,None,None,None,None,None,None,None,None,None,None
2026-07-11T17:46:59.160776,26.286,49.275423,-123.200368,7.0,21.616,0,1.2,290.0,1.6,274.0,0.7,0.0,0.0,357.88,212.04,619.29,0.0,0.0,None,None,None,None,None,None,None,None,None,None,None,None
2026-07-11T17:46:59.160900,26.286,49.275423,-123.200368,7.0,21.616,0,1.2,290.0,1.6,274.0,0.7,0.0,0.0,357.88,212.04,619.29,0.0,0.0,None,None,None,None,None,None,None,None,None,None,None,None
2026-07-11T17:46:59.260794,26.386,49.275423,-123.200368,7.0,21.616,0,1.2,290.0,1.6,274.0,0.7,0.0,0.0,357.88,212.04,619.29,0.0,0.0,None,None,None,None,None,None,None,None,None,None,None,None
2026-07-11T17:46:59.261149,26.387,49.275423,-123.200366,7.0,21.616,0,1.2,290.0,1.6,274.0,0.7,0.0,0.0,357.88,212.04,619.29,0.0,0.0,None,None,None,None,None,None,None,None,None,None,None,None
2026-07-11T17:46:59.261489,26.387,49.275423,-123.200366,7.0,21.616,0,1.2,290.0,1.6,274.0,0.7,0.0,0.0,357.88,212.04,619.29,0.0,0.0,None,None,None,None,None,None,None,None,None,None,None,None
2026-07-11T17:46:59.261768,26.387,49.275423,-123.200366,7.0,21.616,0,1.2,290.0,1.6,274.0,0.7,0.0,0.0,357.88,212.04,619.29,0.0,0.0,None,None,None,None,None,None,None,None,None,None,None,None
2026-07-11T17:46:59.360456,26.486,49.275423,-123.200366,7.0,21.616,0,1.2,290.0,1.6,274.0,0.7,0.0,0.0,357.88,212.04,619.29,0.0,0.0,None,None,None,None,None,None,None,None,None,None,None,None
2026-07-11T17:46:59.360949,26.486,49.275423,-123.200366,7.0,21.616,0,1.2,290.0,1.6,274.0,0.7,0.0,0.0,357.88,212.04,619.29,0.0,0.0,None,None,None,None,None,None,None,None,None,None,None,None
2026-07-11T17:46:59.361372,26.487,49.275423,-123.200366,7.0,21.616,0,1.2,290.0,1.6,274.0,0.7,0.0,0.0,357.88,212.04,619.29,0.0,0.0,None,None,None,None,None,None,None,None,None,None,None,None
2026-07-11T17:46:59.361739,26.487,49.275423,-123.200366,7.0,21.616,0,1.2,290.0,1.6,274.0,0.7,0.0,0.0,357.88,212.04,619.29,0.0,0.0,None,None,None,None,None,None,None,None,None,None,None,None
2026-07-11T17:46:59.460268,26.586,49.275423,-123.200366,7.0,21.616,0,1.2,290.0,0.5,268.0,0.7,0.0,0.0,357.88,212.04,619.29,0.0,0.0,None,None,None,None,None,None,None,None,None,None,None,None
2026-07-11T17:46:59.460627,26.586,49.275423,-123.200366,7.0,21.616,0,1.2,290.0,0.5,268.0,0.7,0.0,0.0,357.88,212.04,619.29,0.0,0.0,None,None,None,None,None,None,None,None,None,None,None,None
2026-07-11T17:46:59.460923,26.586,49.275423,-123.200366,7.0,21.616,0,1.1,285.0,0.5,268.0,0.7,0.0,0.0,357.88,212.04,619.29,0.0,0.0,None,None,None,None,None,None,None,None,None,None,None,None
2026-07-11T17:46:59.461183,26.587,49.275423,-123.200366,7.0,21.616,0,1.1,285.0,0.5,268.0,0.7,0.0,0.0,357.88,212.04,619.29,0.0,0.0,None,None,None,None,None,None,None,None,None,None,None,None
2026-07-11T17:46:59.461407,26.587,49.275423,-123.200366,7.0,21.616,0,1.1,285.0,0.5,268.0,0.7,0.0,0.0,357.88,212.04,619.29,0.0,0.0,None,None,None,None,None,None,None,None,None,None,None,None
2026-07-11T17:46:59.560191,26.686,49.275423,-123.200366,7.0,21.616,0,1.1,285.0,0.5,268.0,0.7,0.0,0.0,357.88,212.04,619.29,0.0,0.0,None,None,None,None,None,None,None,None,None,None,None,None
2026-07-11T17:46:59.560514,26.686,49.275423,-123.200366,7.0,21.616,0,1.1,285.0,0.5,268.0,0.7,0.0,0.0,357.88,212.04,619.29,0.0,0.0,None,None,None,None,None,None,None,None,None,None,None,None
2026-07-11T17:46:59.660280,26.786,49.275423,-123.200366,7.0,21.616,0,1.1,285.0,0.5,268.0,0.7,0.0,0.0,357.88,212.04,619.29,0.0,0.0,None,None,None,None,None,None,None,None,None,None,None,None
2026-07-11T17:46:59.660616,26.786,49.275423,-123.200366,7.0,21.616,0,1.1,285.0,0.5,268.0,0.7,0.0,0.0,357.88,212.04,619.29,0.0,0.0,None,None,None,None,None,None,None,None,None,None,None,None
2026-07-11T17:46:59.660925,26.786,49.275423,-123.200366,7.0,21.616,0,1.1,285.0,0.0,294.0,0.7,0.0,0.0,357.88,212.04,619.29,0.0,0.0,None,None,None,None,None,None,None,None,None,None,None,None
2026-07-11T17:46:59.760737,26.886,49.275423,-123.200366,7.0,21.616,0,1.0,272.0,0.0,294.0,0.7,0.0,0.0,357.88,212.04,619.29,0.0,0.0,None,None,None,None,None,None,None,None,None,None,None,None
2026-07-11T17:46:59.761086,26.886,49.275423,-123.200366,7.0,21.616,0,1.0,272.0,0.0,294.0,0.7,0.0,0.0,357.88,212.04,619.29,0.0,0.0,None,None,None,None,None,None,None,None,None,None,None,None
2026-07-11T17:46:59.761339,26.887,49.275423,-123.200366,7.0,21.614,0,1.0,272.0,0.0,294.0,0.7,0.0,0.0,357.88,212.04,619.29,0.0,0.0,None,None,None,None,None,None,None,None,None,None,None,None
2026-07-11T17:46:59.761472,26.887,49.275423,-123.200366,7.0,21.614,0,1.0,272.0,0.0,294.0,0.7,0.0,0.0,357.88,212.04,619.29,0.0,0.0,None,None,None,None,None,None,None,None,None,None,None,None
2026-07-11T17:46:59.761682,26.887,49.275423,-123.200366,7.0,21.614,0,1.0,272.0,0.0,294.0,0.7,0.0,0.0,357.88,212.04,619.29,0.0,0.0,None,None,None,None,None,None,None,None,None,None,None,None
2026-07-11T17:46:59.761841,26.887,49.275423,-123.200366,7.0,21.614,0,1.0,272.0,0.0,294.0,0.7,0.0,0.0,357.88,212.04,619.29,0.0,0.0,None,None,None,None,None,None,None,None,None,None,None,None
2026-07-11T17:46:59.860260,26.986,49.275423,-123.200366,7.0,21.614,0,1.0,272.0,0.0,294.0,0.7,0.0,0.0,357.88,212.04,619.29,0.0,0.0,None,None,None,None,None,None,None,None,None,None,None,None
2026-07-11T17:46:59.860564,26.986,49.275423,-123.200366,7.0,21.614,0,1.0,272.0,0.0,294.0,0.7,0.0,0.0,357.88,212.04,619.29,0.0,0.0,None,None,None,None,None,None,None,None,None,None,None,None
2026-07-11T17:46:59.860817,26.986,49.275423,-123.200366,7.0,21.614,0,1.0,272.0,0.0,294.0,0.7,0.0,0.0,357.88,212.04,619.29,0.0,0.0,None,None,None,None,None,None,None,None,None,None,None,None
2026-07-11T17:46:59.960066,27.085,49.275423,-123.200366,7.0,21.614,0,1.0,272.0,0.0,294.0,0.7,0.0,0.0,357.88,212.04,619.29,0.0,0.0,None,None,None,None,None,None,None,None,None,None,None,None
2026-07-11T17:46:59.960427,27.086,49.275423,-123.200366,7.0,21.614,0,1.0,272.0,0.0,294.0,0.7,0.0,0.0,357.88,212.04,619.29,0.0,0.0,None,None,None,None,None,None,None,None,None,None,None,None
2026-07-11T17:46:59.960626,27.086,49.275423,-123.200366,7.0,21.614,0,1.0,272.0,0.5,281.0,0.7,0.0,0.0,357.88,212.04,619.29,0.0,0.0,None,None,None,None,None,None,None,None,None,None,None,None
2026-07-11T17:46:59.960834,27.086,49.275423,-123.200366,7.0,21.614,0,1.0,272.0,0.5,281.0,0.7,0.0,0.0,357.88,212.04,619.29,0.0,0.0,None,None,None,None,None,None,None,None,None,None,None,None
2026-07-11T17:46:59.960963,27.086,49.275423,-123.200366,7.0,21.614,0,0.8,281.0,0.5,281.0,0.7,0.0,0.0,357.88,212.04,619.29,0.0,0.0,None,None,None,None,None,None,None,None,None,None,None,None
2026-07-11T17:47:00.078057,27.203,49.275423,-123.200366,7.0,21.614,0,0.8,281.0,0.5,281.0,0.7,0.0,0.0,357.88,212.04,619.29,0.0,0.0,None,None,None,None,None,None,None,None,None,None,None,None
2026-07-11T17:47:00.078450,27.204,49.275423,-123.200366,7.0,21.614,0,0.8,281.0,0.5,281.0,0.7,0.0,0.0,357.88,212.04,619.29,0.0,0.0,None,None,None,None,None,None,None,None,None,None,None,None
2026-07-11T17:47:00.078928,27.204,49.275423,-123.200366,7.0,21.614,0,0.8,281.0,0.5,281.0,0.7,0.0,0.0,357.88,212.04,619.29,0.0,0.0,None,None,None,None,None,None,None,None,None,None,None,None
2026-07-11T17:47:00.161407,27.287,49.275423,-123.200366,7.0,21.614,0,0.8,281.0,0.5,281.0,0.7,0.0,0.0,357.88,212.04,619.29,0.0,0.0,None,None,None,None,None,None,None,None,None,None,None,None
2026-07-11T17:47:00.161698,27.287,49.275423,-123.200366,7.0,21.614,0,0.8,281.0,0.5,281.0,0.7,0.0,0.0,357.88,212.04,619.29,0.0,0.0,None,None,None,None,None,None,None,None,None,None,None,None
2026-07-11T17:47:00.260165,27.386,49.275423,-123.200366,7.0,21.614,0,0.8,281.0,0.5,281.0,0.7,0.0,0.0,357.88,212.04,619.29,0.0,0.0,None,None,None,None,None,None,None,None,None,None,None,None
2026-07-11T17:47:00.260598,27.386,49.275423,-123.200366,7.0,21.614,0,0.8,281.0,0.5,281.0,0.7,0.0,0.0,357.88,212.04,619.29,0.0,0.0,None,None,None,None,None,None,None,None,None,None,None,None
2026-07-11T17:47:00.260993,27.386,49.275423,-123.200366,7.0,21.614,0,0.8,281.0,0.5,281.0,0.7,0.0,0.0,357.88,212.04,619.29,0.0,0.0,None,None,None,None,None,None,None,None,None,None,None,None
2026-07-11T17:47:00.261292,27.387,49.275423,-123.200366,7.0,21.614,0,0.8,281.0,0.2,333.0,0.7,0.0,0.0,357.88,212.04,619.29,0.0,0.0,None,None,None,None,None,None,None,None,None,None,None,None
2026-07-11T17:47:00.261443,27.387,49.275423,-123.200366,7.0,21.614,0,0.8,306.0,0.2,333.0,0.7,0.0,0.0,357.88,212.04,619.29,0.0,0.0,None,None,None,None,None,None,None,None,None,None,None,None
2026-07-11T17:47:00.261788,27.387,49.275423,-123.200366,7.0,21.614,0,0.8,306.0,0.2,333.0,0.7,0.0,0.0,357.88,212.04,619.29,0.0,0.0,None,None,None,None,None,None,None,None,None,None,None,None
2026-07-11T17:47:00.261914,27.387,49.275423,-123.200366,7.0,21.614,0,0.8,306.0,0.2,333.0,0.7,0.0,0.0,357.88,212.04,619.29,0.0,0.0,None,None,None,None,None,None,None,None,None,None,None,None
2026-07-11T17:47:00.262069,27.387,49.275423,-123.200366,7.0,21.614,0,0.8,306.0,0.2,333.0,0.7,0.0,0.0,357.88,212.04,619.29,0.0,0.0,None,None,None,None,None,None,None,None,None,None,None,None
2026-07-11T17:47:00.360908,27.486,49.275423,-123.200366,7.0,21.614,0,0.8,306.0,0.2,333.0,0.7,0.0,0.0,357.88,212.04,619.29,0.0,0.0,None,None,None,None,None,None,None,None,None,None,None,None
2026-07-11T17:47:00.361535,27.487,49.275423,-123.200366,7.0,21.614,0,0.8,306.0,0.2,333.0,0.7,0.0,0.0,357.88,212.04,619.29,0.0,0.0,None,None,None,None,None,None,None,None,None,None,None,None
2026-07-11T17:47:00.361773,27.487,49.275423,-123.200366,7.0,21.614,0,0.8,306.0,0.2,333.0,0.7,0.0,0.0,357.88,212.04,619.29,0.0,0.0,None,None,None,None,None,None,None,None,None,None,None,None
2026-07-11T17:47:00.362221,27.488,49.275423,-123.200366,7.0,21.614,0,0.8,306.0,0.2,333.0,0.7,0.0,0.0,357.88,212.04,619.29,0.0,0.0,None,None,None,None,None,None,None,None,None,None,None,None
2026-07-11T17:47:00.362517,27.488,49.275423,-123.200366,7.0,21.614,0,0.8,306.0,0.2,333.0,0.7,0.0,0.0,357.88,212.04,619.29,0.0,0.0,None,None,None,None,None,None,None,None,None,None,None,None
2026-07-11T17:47:00.460793,27.586,49.275423,-123.200366,7.0,21.614,0,0.8,306.0,0.2,333.0,0.7,0.0,0.0,357.88,212.04,619.29,0.0,0.0,None,None,None,None,None,None,None,None,None,None,None,None
2026-07-11T17:47:00.461328,27.587,49.275423,-123.200366,7.0,21.614,0,0.8,306.0,0.2,333.0,0.7,0.0,0.0,357.88,212.04,619.29,0.0,0.0,None,None,None,None,None,None,None,None,None,None,None,None
2026-07-11T17:47:00.461757,27.587,49.275423,-123.200366,7.0,21.614,0,0.8,306.0,0.5,306.0,0.7,0.0,0.0,357.88,212.04,619.29,0.0,0.0,None,None,None,None,None,None,None,None,None,None,None,None
2026-07-11T17:47:00.560611,27.686,49.275423,-123.200366,7.0,21.614,0,0.9,302.0,0.5,306.0,0.7,0.0,0.0,357.88,212.04,619.29,0.0,0.0,None,None,None,None,None,None,None,None,None,None,None,None
2026-07-11T17:47:00.560800,27.686,49.275423,-123.200366,7.0,21.614,0,0.9,302.0,0.5,306.0,0.7,0.0,0.0,357.88,212.04,619.29,0.0,0.0,None,None,None,None,None,None,None,None,None,None,None,None
2026-07-11T17:47:00.561120,27.687,49.275423,-123.200366,7.0,21.614,0,0.9,302.0,0.5,306.0,0.7,0.0,0.0,357.88,212.04,619.29,0.0,0.0,None,None,None,None,None,None,None,None,None,None,None,None
2026-07-11T17:47:00.561385,27.687,49.275423,-123.200366,7.0,21.614,0,0.9,302.0,0.5,306.0,0.7,0.0,0.0,357.88,212.04,619.29,0.0,0.0,None,None,None,None,None,None,None,None,None,None,None,None
2026-07-11T17:47:00.561633,27.687,49.275423,-123.200366,7.0,21.614,0,0.9,302.0,0.5,306.0,0.7,0.0,0.0,357.88,212.04,619.29,0.0,0.0,None,None,None,None,None,None,None,None,None,None,None,None
2026-07-11T17:47:00.660549,27.786,49.275423,-123.200366,7.0,21.614,0,0.9,302.0,0.5,306.0,0.7,0.0,0.0,357.88,212.04,619.29,0.0,0.0,None,None,None,None,None,None,None,None,None,None,None,None
2026-07-11T17:47:00.660795,27.786,49.275423,-123.200366,7.0,21.614,0,0.9,302.0,0.5,306.0,0.7,0.0,0.0,357.88,212.04,619.29,0.0,0.0,None,None,None,None,None,None,None,None,None,None,None,None
2026-07-11T17:47:00.760349,27.886,49.275423,-123.200366,7.0,21.614,0,0.9,302.0,0.5,306.0,0.7,0.0,0.0,357.88,212.04,619.29,0.0,0.0,None,None,None,None,None,None,None,None,None,None,None,None
2026-07-11T17:47:00.760716,27.886,49.275423,-123.200366,7.0,21.614,0,0.9,302.0,0.2,314.0,0.7,0.0,0.0,357.88,212.04,619.29,0.0,0.0,None,None,None,None,None,None,None,None,None,None,None,None
2026-07-11T17:47:00.760950,27.886,49.275423,-123.200366,7.0,21.614,0,0.9,302.0,0.2,314.0,0.7,0.0,0.0,357.88,212.04,619.29,0.0,0.0,None,None,None,None,None,None,None,None,None,None,None,None
2026-07-11T17:47:00.761204,27.887,49.275423,-123.200366,7.0,21.614,0,0.9,302.0,0.2,314.0,0.7,0.0,0.0,357.88,212.04,619.29,0.0,0.0,None,None,None,None,None,None,None,None,None,None,None,None
2026-07-11T17:47:00.761427,27.887,49.275423,-123.200366,7.0,21.614,0,0.9,302.0,0.2,314.0,0.7,0.0,0.0,357.88,212.04,619.29,0.0,0.0,None,None,None,None,None,None,None,None,None,None,None,None
2026-07-11T17:47:00.860803,27.986,49.275423,-123.200366,7.0,21.614,0,0.9,302.0,0.2,314.0,0.7,0.0,0.0,357.88,212.04,619.29,0.0,0.0,None,None,None,None,None,None,None,None,None,None,None,None
2026-07-11T17:47:00.861117,27.987,49.275423,-123.200366,7.0,21.614,0,0.9,302.0,0.2,314.0,0.7,0.0,0.0,357.88,212.04,619.29,0.0,0.0,None,None,None,None,None,None,None,None,None,None,None,None
2026-07-11T17:47:00.861378,27.987,49.275423,-123.200366,7.0,21.614,0,0.9,302.0,0.2,314.0,0.7,0.0,0.0,357.88,212.04,619.29,0.0,0.0,None,None,None,None,None,None,None,None,None,None,None,None
2026-07-11T17:47:00.960388,28.086,49.275423,-123.200366,7.0,21.614,0,0.9,302.0,0.2,314.0,0.7,0.0,0.0,357.88,212.04,619.29,0.0,0.0,None,None,None,None,None,None,None,None,None,None,None,None
2026-07-11T17:47:00.960739,28.086,49.275423,-123.200366,7.0,21.61,0,0.9,302.0,0.2,314.0,0.7,0.0,0.0,357.88,212.04,619.29,0.0,0.0,None,None,None,None,None,None,None,None,None,None,None,None
2026-07-11T17:47:00.962095,28.087,49.275423,-123.200366,7.0,21.61,0,0.9,302.0,0.2,314.0,0.7,0.0,0.0,357.88,212.04,619.29,0.0,0.0,None,None,None,None,None,None,None,None,None,None,None,None
2026-07-11T17:47:00.962289,28.088,49.275423,-123.200366,7.0,21.61,0,0.9,302.0,0.2,314.0,0.7,0.0,0.0,357.88,212.04,619.29,0.0,0.0,None,None,None,None,None,None,None,None,None,None,None,None
2026-07-11T17:47:00.962443,28.088,49.275423,-123.200366,7.0,21.61,0,0.9,302.0,0.2,314.0,0.7,0.0,0.0,357.88,212.04,619.29,0.0,0.0,None,None,None,None,None,None,None,None,None,None,None,None
2026-07-11T17:47:01.060349,28.186,49.275423,-123.200366,7.0,21.61,0,0.9,302.0,0.2,286.0,0.7,0.0,0.0,357.88,212.04,619.29,0.0,0.0,None,None,None,None,None,None,None,None,None,None,None,None
2026-07-11T17:47:01.060707,28.186,49.275423,-123.200366,7.0,21.61,0,0.9,302.0,0.2,286.0,0.7,0.0,0.0,357.88,212.04,619.29,0.0,0.0,None,None,None,None,None,None,None,None,None,None,None,None
2026-07-11T17:47:01.060949,28.186,49.275423,-123.200366,7.0,21.61,0,1.0,281.0,0.2,286.0,0.7,0.0,0.0,357.88,212.04,619.29,0.0,0.0,None,None,None,None,None,None,None,None,None,None,None,None
2026-07-11T17:47:01.061159,28.187,49.275423,-123.200366,7.0,21.61,0,1.0,281.0,0.2,286.0,0.7,0.0,0.0,357.88,212.04,619.29,0.0,0.0,None,None,None,None,None,None,None,None,None,None,None,None
2026-07-11T17:47:01.061441,28.187,49.275423,-123.200366,7.0,21.61,0,1.0,281.0,0.2,286.0,0.7,0.0,0.0,357.88,212.04,619.29,0.0,0.0,None,None,None,None,None,None,None,None,None,None,None,None
2026-07-11T17:47:01.160945,28.286,49.275423,-123.200366,7.0,21.61,0,1.0,281.0,0.2,286.0,0.7,0.0,0.0,357.88,212.04,619.29,0.0,0.0,None,None,None,None,None,None,None,None,None,None,None,None
2026-07-11T17:47:01.161285,28.287,49.275423,-123.200366,7.0,21.61,0,1.0,281.0,0.2,286.0,0.7,0.0,0.0,357.88,212.04,619.29,0.0,0.0,None,None,None,None,None,None,None,None,None,None,None,None
2026-07-11T17:47:01.260326,28.386,49.275423,-123.200366,7.0,21.61,0,1.0,281.0,0.2,286.0,0.7,0.0,0.0,357.88,212.04,619.29,0.0,0.0,None,None,None,None,None,None,None,None,None,None,None,None
2026-07-11T17:47:01.260665,28.386,49.275423,-123.200366,7.0,21.61,0,1.0,281.0,0.2,286.0,0.7,0.0,0.0,357.88,212.04,619.29,0.0,0.0,None,None,None,None,None,None,None,None,None,None,None,None
2026-07-11T17:47:01.260813,28.386,49.275423,-123.200366,7.0,21.61,0,1.0,281.0,0.2,286.0,0.7,0.0,0.0,357.88,212.04,619.29,0.0,0.0,None,None,None,None,None,None,None,None,None,None,None,None
2026-07-11T17:47:01.260963,28.386,49.275423,-123.200366,7.0,21.61,0,1.0,281.0,0.7,285.0,0.7,0.0,0.0,357.88,212.04,619.29,0.0,0.0,None,None,None,None,None,None,None,None,None,None,None,None
2026-07-11T17:47:01.261281,28.387,49.275423,-123.200366,7.0,21.61,0,1.0,281.0,0.7,285.0,0.7,0.0,0.0,357.88,212.04,619.29,0.0,0.0,None,None,None,None,None,None,None,None,None,None,None,None
2026-07-11T17:47:01.359987,28.485,49.275423,-123.200366,7.0,21.61,0,1.2,272.0,0.7,285.0,0.7,0.0,0.0,357.88,212.04,619.29,0.0,0.0,None,None,None,None,None,None,None,None,None,None,None,None
2026-07-11T17:47:01.360351,28.486,49.275423,-123.200366,7.0,21.61,0,1.2,272.0,0.7,285.0,0.7,0.0,0.0,357.88,212.04,619.29,0.0,0.0,None,None,None,None,None,None,None,None,None,None,None,None
2026-07-11T17:47:01.360611,28.486,49.275423,-123.200366,7.0,21.61,0,1.2,272.0,0.7,285.0,0.7,0.0,0.0,357.88,212.04,619.29,0.0,0.0,None,None,None,None,None,None,None,None,None,None,None,None
2026-07-11T17:47:01.360957,28.486,49.275423,-123.200366,7.0,21.61,0,1.2,272.0,0.7,285.0,0.7,0.0,0.0,357.88,212.04,619.29,0.0,0.0,None,None,None,None,None,None,None,None,None,None,None,None
2026-07-11T17:47:01.361190,28.487,49.275423,-123.200366,7.0,21.61,0,1.2,272.0,0.7,285.0,0.7,0.0,0.0,357.88,212.04,619.29,0.0,0.0,None,None,None,None,None,None,None,None,None,None,None,None
2026-07-11T17:47:01.361376,28.487,49.275423,-123.200366,7.0,21.61,0,1.2,272.0,0.7,285.0,0.7,0.0,0.0,357.88,212.04,619.29,0.0,0.0,None,None,None,None,None,None,None,None,None,None,None,None
2026-07-11T17:47:01.362103,28.487,49.275423,-123.200366,7.0,21.61,0,1.2,272.0,0.7,285.0,0.7,0.0,0.0,357.88,212.04,619.29,0.0,0.0,None,None,None,None,None,None,None,None,None,None,None,None
2026-07-11T17:47:01.460317,28.586,49.275423,-123.200366,7.0,21.61,0,1.2,272.0,0.7,285.0,0.7,0.0,0.0,357.88,212.04,619.29,0.0,0.0,None,None,None,None,None,None,None,None,None,None,None,None
2026-07-11T17:47:01.460649,28.586,49.275423,-123.200366,7.0,21.61,0,1.2,272.0,0.7,285.0,0.7,0.0,0.0,357.88,212.04,619.29,0.0,0.0,None,None,None,None,None,None,None,None,None,None,None,None
2026-07-11T17:47:01.560775,28.686,49.275423,-123.200366,7.0,21.61,0,1.2,272.0,1.0,318.0,0.7,0.0,0.0,357.88,212.04,619.29,0.0,0.0,None,None,None,None,None,None,None,None,None,None,None,None
2026-07-11T17:47:01.561111,28.687,49.275423,-123.200366,7.0,21.61,0,1.2,272.0,1.0,318.0,0.7,0.0,0.0,357.88,212.04,619.29,0.0,0.0,None,None,None,None,None,None,None,None,None,None,None,None
2026-07-11T17:47:01.561295,28.687,49.275423,-123.200366,7.0,21.61,0,1.2,254.0,1.0,318.0,0.7,0.0,0.0,357.88,212.04,619.29,0.0,0.0,None,None,None,None,None,None,None,None,None,None,None,None
2026-07-11T17:47:01.561646,28.687,49.275423,-123.200366,7.0,21.61,0,1.2,254.0,1.0,318.0,0.7,0.0,0.0,357.88,212.04,619.29,0.0,0.0,None,None,None,None,None,None,None,None,None,None,None,None
2026-07-11T17:47:01.561877,28.687,49.275423,-123.200366,7.0,21.61,0,1.2,254.0,1.0,318.0,0.7,0.0,0.0,357.88,212.04,619.29,0.0,0.0,None,None,None,None,None,None,None,None,None,None,None,None
2026-07-11T17:47:01.660495,28.786,49.275423,-123.200366,7.0,21.61,0,1.2,254.0,1.0,318.0,0.7,0.0,0.0,357.88,212.04,619.29,0.0,0.0,None,None,None,None,None,None,None,None,None,None,None,None
2026-07-11T17:47:01.761018,28.886,49.275423,-123.200366,7.0,21.61,0,1.2,254.0,1.0,318.0,0.7,0.0,0.0,357.88,212.04,619.29,0.0,0.0,None,None,None,None,None,None,None,None,None,None,None,None
2026-07-11T17:47:01.761375,28.887,49.275423,-123.200366,7.0,21.61,0,1.2,254.0,1.0,318.0,0.7,0.0,0.0,357.88,212.04,619.29,0.0,0.0,None,None,None,None,None,None,None,None,None,None,None,None
2026-07-11T17:47:01.761576,28.887,49.275423,-123.200366,7.0,21.61,0,1.2,254.0,1.0,318.0,0.7,0.0,0.0,357.88,212.04,619.29,0.0,0.0,None,None,None,None,None,None,None,None,None,None,None,None
2026-07-11T17:47:01.860886,28.986,49.275423,-123.200366,7.0,21.61,0,1.2,254.0,1.2,318.0,0.7,0.0,0.0,357.88,212.04,619.29,0.0,0.0,None,None,None,None,None,None,None,None,None,None,None,None
2026-07-11T17:47:01.861256,28.987,49.275423,-123.200366,7.0,21.61,0,1.3,250.0,1.2,318.0,0.7,0.0,0.0,357.88,212.04,619.29,0.0,0.0,None,None,None,None,None,None,None,None,None,None,None,None
2026-07-11T17:47:01.861676,28.987,49.275423,-123.200366,7.0,21.61,0,1.3,250.0,1.2,318.0,0.7,0.0,0.0,357.88,212.04,619.29,0.0,0.0,None,None,None,None,None,None,None,None,None,None,None,None
2026-07-11T17:47:01.862244,28.988,49.275423,-123.200366,7.0,21.61,0,1.3,250.0,1.2,318.0,0.7,0.0,0.0,357.88,212.04,619.29,0.0,0.0,None,None,None,None,None,None,None,None,None,None,None,None
2026-07-11T17:47:01.862504,28.988,49.275423,-123.200366,7.0,21.61,0,1.3,250.0,1.2,318.0,0.7,0.0,0.0,357.88,212.04,619.29,0.0,0.0,None,None,None,None,None,None,None,None,None,None,None,None
2026-07-11T17:47:01.862751,28.988,49.275423,-123.200366,7.0,21.61,0,1.3,250.0,1.2,318.0,0.7,0.0,0.0,357.88,212.04,619.29,0.0,0.0,None,None,None,None,None,None,None,None,None,None,None,None
2026-07-11T17:47:01.960621,29.086,49.275423,-123.200366,7.0,21.61,0,1.3,250.0,1.2,318.0,0.7,0.0,0.0,357.88,212.04,619.29,0.0,0.0,None,None,None,None,None,None,None,None,None,None,None,None
2026-07-11T17:47:01.961069,29.086,49.275423,-123.200366,7.0,21.61,0,1.3,250.0,1.2,318.0,0.7,0.0,0.0,357.88,212.04,619.29,0.0,0.0,None,None,None,None,None,None,None,None,None,None,None,None
2026-07-11T17:47:01.961243,29.087,49.275423,-123.200366,7.0,21.61,0,1.3,250.0,1.2,318.0,0.7,0.0,0.0,357.88,212.04,619.29,0.0,0.0,None,None,None,None,None,None,None,None,None,None,None,None
2026-07-11T17:47:02.060718,29.186,49.275423,-123.200366,7.0,21.61,0,1.3,250.0,1.2,318.0,0.7,0.0,0.0,357.88,212.04,619.29,0.0,0.0,None,None,None,None,None,None,None,None,None,None,None,None
2026-07-11T17:47:02.061092,29.186,49.275423,-123.200366,7.0,21.61,0,1.3,250.0,1.2,323.0,0.7,0.0,0.0,357.88,212.04,619.29,0.0,0.0,None,None,None,None,None,None,None,None,None,None,None,None
2026-07-11T17:47:02.061279,29.187,49.275423,-123.200366,7.0,21.61,0,1.3,250.0,1.2,323.0,0.7,0.0,0.0,357.88,212.04,619.29,0.0,0.0,None,None,None,None,None,None,None,None,None,None,None,None
2026-07-11T17:47:02.159987,29.285,49.275423,-123.200366,7.0,21.61,0,1.5,254.0,1.2,323.0,0.7,0.0,0.0,357.88,212.04,619.29,0.0,0.0,None,None,None,None,None,None,None,None,None,None,None,None
2026-07-11T17:47:02.160276,29.286,49.275423,-123.200366,7.0,21.614,0,1.5,254.0,1.2,323.0,0.7,0.0,0.0,357.88,212.04,619.29,0.0,0.0,None,None,None,None,None,None,None,None,None,None,None,None
2026-07-11T17:47:02.160664,29.286,49.275423,-123.200366,7.0,21.614,0,1.5,254.0,1.2,323.0,0.7,0.0,0.0,357.88,212.04,619.29,0.0,0.0,None,None,None,None,None,None,None,None,None,None,None,None
2026-07-11T17:47:02.160808,29.286,49.275423,-123.200366,7.0,21.614,0,1.5,254.0,1.2,323.0,0.7,0.0,0.0,357.88,212.04,619.29,0.0,0.0,None,None,None,None,None,None,None,None,None,None,None,None
2026-07-11T17:47:02.160928,29.286,49.275423,-123.200366,7.0,21.614,0,1.5,254.0,1.2,323.0,0.7,0.0,0.0,357.88,212.04,619.29,0.0,0.0,None,None,None,None,None,None,None,None,None,None,None,None
2026-07-11T17:47:02.161086,29.286,49.275423,-123.200366,7.0,21.614,0,1.5,254.0,1.2,323.0,0.7,0.0,0.0,357.88,212.04,619.29,0.0,0.0,None,None,None,None,None,None,None,None,None,None,None,None
2026-07-11T17:47:02.161235,29.287,49.275423,-123.200366,7.0,21.614,0,1.5,254.0,1.2,323.0,0.7,0.0,0.0,357.88,212.04,619.29,0.0,0.0,None,None,None,None,None,None,None,None,None,None,None,None
2026-07-11T17:47:02.259994,29.385,49.275423,-123.200366,7.0,21.614,0,1.5,254.0,1.2,323.0,0.7,0.0,0.0,357.88,212.04,619.29,0.0,0.0,None,None,None,None,None,None,None,None,None,None,None,None
2026-07-11T17:47:02.260414,29.386,49.275423,-123.200366,7.0,21.614,0,1.5,254.0,1.2,323.0,0.7,0.0,0.0,357.88,212.04,619.29,0.0,0.0,None,None,None,None,None,None,None,None,None,None,None,None
2026-07-11T17:47:02.260785,29.386,49.275423,-123.200366,7.0,21.614,0,1.5,254.0,1.2,323.0,0.7,0.0,0.0,357.88,212.04,619.29,0.0,0.0,None,None,None,None,None,None,None,None,None,None,None,None
2026-07-11T17:47:02.260955,29.386,49.275423,-123.200366,7.0,21.614,0,1.5,254.0,1.2,323.0,0.7,0.0,0.0,357.88,212.04,619.29,0.0,0.0,None,None,None,None,None,None,None,None,None,None,None,None
2026-07-11T17:47:02.360763,29.486,49.275423,-123.200366,7.0,21.614,0,1.5,254.0,1.2,323.0,0.7,0.0,0.0,357.88,212.04,619.29,0.0,0.0,None,None,None,None,None,None,None,None,None,None,None,None
2026-07-11T17:47:02.361087,29.486,49.275423,-123.200366,7.0,21.614,0,1.5,254.0,1.4,329.0,0.7,0.0,0.0,357.88,212.04,619.29,0.0,0.0,None,None,None,None,None,None,None,None,None,None,None,None
2026-07-11T17:47:02.361373,29.487,49.275423,-123.200366,7.0,21.614,0,1.5,254.0,1.4,329.0,0.7,0.0,0.0,357.88,212.04,619.29,0.0,0.0,None,None,None,None,None,None,None,None,None,None,None,None
2026-07-11T17:47:02.361605,29.487,49.275423,-123.200366,7.0,21.614,0,1.5,250.0,1.4,329.0,0.7,0.0,0.0,357.88,212.04,619.29,0.0,0.0,None,None,None,None,None,None,None,None,None,None,None,None
2026-07-11T17:47:02.361878,29.487,49.275423,-123.200366,7.0,21.614,0,1.5,250.0,1.4,329.0,0.7,0.0,0.0,357.88,212.04,619.29,0.0,0.0,None,None,None,None,None,None,None,None,None,None,None,None
2026-07-11T17:47:02.362206,29.488,49.275423,-123.200366,7.0,21.614,0,1.5,250.0,1.4,329.0,0.7,0.0,0.0,357.88,212.04,619.29,0.0,0.0,None,None,None,None,None,None,None,None,None,None,None,None
2026-07-11T17:47:02.461108,29.587,49.275423,-123.200366,7.0,21.614,0,1.5,250.0,1.4,329.0,0.7,0.0,0.0,357.88,212.04,619.29,0.0,0.0,None,None,None,None,None,None,None,None,None,None,None,None
2026-07-11T17:47:02.462076,29.587,49.275423,-123.200366,7.0,21.614,0,1.5,250.0,1.4,329.0,0.7,0.0,0.0,357.88,212.04,619.29,0.0,0.0,None,None,None,None,None,None,None,None,None,None,None,None
2026-07-11T17:47:02.462434,29.588,49.275423,-123.200366,7.0,21.614,0,1.5,250.0,1.4,329.0,0.7,0.0,0.0,357.88,212.04,619.29,0.0,0.0,None,None,None,None,None,None,None,None,None,None,None,None
2026-07-11T17:47:02.560473,29.686,49.275423,-123.200366,7.0,21.614,0,1.5,250.0,1.4,329.0,0.7,0.0,0.0,357.88,212.04,619.29,0.0,0.0,None,None,None,None,None,None,None,None,None,None,None,None
2026-07-11T17:47:02.560923,29.686,49.275423,-123.200366,7.0,21.614,0,1.5,250.0,1.4,329.0,0.7,0.0,0.0,357.88,212.04,619.29,0.0,0.0,None,None,None,None,None,None,None,None,None,None,None,None
2026-07-11T17:47:02.660137,29.786,49.275423,-123.200366,7.0,21.614,0,1.5,250.0,1.4,342.0,0.7,0.0,0.0,357.88,212.04,619.29,0.0,0.0,None,None,None,None,None,None,None,None,None,None,None,None
2026-07-11T17:47:02.660411,29.786,49.275423,-123.200366,7.0,21.614,0,1.6,241.0,1.4,342.0,0.7,0.0,0.0,357.88,212.04,619.29,0.0,0.0,None,None,None,None,None,None,None,None,None,None,None,None
2026-07-11T17:47:02.660721,29.786,49.275423,-123.200366,7.0,21.614,0,1.6,241.0,1.4,342.0,0.7,0.0,0.0,357.88,212.04,619.29,0.0,0.0,None,None,None,None,None,None,None,None,None,None,None,None
2026-07-11T17:47:02.661007,29.786,49.275423,-123.200366,7.0,21.614,0,1.6,241.0,1.4,342.0,0.7,0.0,0.0,357.88,212.04,619.29,0.0,0.0,None,None,None,None,None,None,None,None,None,None,None,None
2026-07-11T17:47:02.760535,29.886,49.275423,-123.200366,7.0,21.614,0,1.6,241.0,1.4,342.0,0.7,0.0,0.0,357.88,212.04,619.29,0.0,0.0,None,None,None,None,None,None,None,None,None,None,None,None
2026-07-11T17:47:02.761009,29.886,49.275423,-123.200366,7.0,21.614,0,1.6,241.0,1.4,342.0,0.7,0.0,0.0,357.88,212.04,619.29,0.0,0.0,None,None,None,None,None,None,None,None,None,None,None,None
2026-07-11T17:47:02.761218,29.887,49.275423,-123.200366,7.0,21.614,0,1.6,241.0,1.4,342.0,0.7,0.0,0.0,357.88,212.04,619.29,0.0,0.0,None,None,None,None,None,None,None,None,None,None,None,None
2026-07-11T17:47:02.860368,29.986,49.275423,-123.200366,7.0,21.614,0,1.6,241.0,1.4,342.0,0.7,0.0,0.0,357.88,212.04,619.29,0.0,0.0,None,None,None,None,None,None,None,None,None,None,None,None
2026-07-11T17:47:02.860816,29.986,49.275423,-123.200366,7.0,21.614,0,1.6,241.0,1.4,342.0,0.7,0.0,0.0,357.88,212.04,619.29,0.0,0.0,None,None,None,None,None,None,None,None,None,None,None,None
2026-07-11T17:47:02.861036,29.986,49.275423,-123.200366,7.0,21.614,0,1.6,241.0,1.4,328.0,0.7,0.0,0.0,357.88,212.04,619.29,0.0,0.0,None,None,None,None,None,None,None,None,None,None,None,None
2026-07-11T17:47:02.861321,29.987,49.275423,-123.200366,7.0,21.614,0,1.5,245.0,1.4,328.0,0.7,0.0,0.0,357.88,212.04,619.29,0.0,0.0,None,None,None,None,None,None,None,None,None,None,None,None
2026-07-11T17:47:02.861640,29.987,49.275423,-123.200366,7.0,21.614,0,1.5,245.0,1.4,328.0,0.7,0.0,0.0,357.88,212.04,619.29,0.0,0.0,None,None,None,None,None,None,None,None,None,None,None,None
2026-07-11T17:47:02.960351,30.086,49.275423,-123.200366,7.0,21.614,0,1.5,245.0,1.4,328.0,0.7,0.0,0.0,357.88,212.04,619.29,0.0,0.0,None,None,None,None,None,None,None,None,None,None,None,None
2026-07-11T17:47:02.960756,30.086,49.275423,-123.200366,7.0,21.614,0,1.5,245.0,1.4,328.0,0.7,0.0,0.0,357.88,212.04,619.29,0.0,0.0,None,None,None,None,None,None,None,None,None,None,None,None
2026-07-11T17:47:02.960946,30.086,49.275423,-123.200366,7.0,21.614,0,1.5,245.0,1.4,328.0,0.7,0.0,0.0,357.88,212.04,619.29,0.0,0.0,None,None,None,None,None,None,None,None,None,None,None,None
2026-07-11T17:47:02.961202,30.087,49.275423,-123.200366,7.0,21.614,0,1.5,245.0,1.4,328.0,0.7,0.0,0.0,357.88,212.04,619.29,0.0,0.0,None,None,None,None,None,None,None,None,None,None,None,None
2026-07-11T17:47:03.060175,30.186,49.275423,-123.200366,7.0,21.614,0,1.5,245.0,1.4,328.0,0.7,0.0,0.0,357.88,212.04,619.29,0.0,0.0,None,None,None,None,None,None,None,None,None,None,None,None
2026-07-11T17:47:03.060372,30.186,49.275423,-123.200366,7.0,21.614,0,1.5,245.0,1.4,328.0,0.7,0.0,0.0,357.88,212.04,619.29,0.0,0.0,None,None,None,None,None,None,None,None,None,None,None,None
2026-07-11T17:47:03.160062,30.285,49.275423,-123.200366,7.0,21.614,0,1.5,245.0,1.4,328.0,0.7,0.0,0.0,357.88,212.04,619.29,0.0,0.0,None,None,None,None,None,None,None,None,None,None,None,None
2026-07-11T17:47:03.160462,30.286,49.275423,-123.200366,7.0,21.614,0,1.5,245.0,1.3,321.0,0.7,0.0,0.0,357.88,212.04,619.29,0.0,0.0,None,None,None,None,None,None,None,None,None,None,None,None
2026-07-11T17:47:03.160864,30.286,49.275423,-123.200366,7.0,21.614,0,1.5,245.0,1.3,321.0,0.7,0.0,0.0,357.88,212.04,619.29,0.0,0.0,None,None,None,None,None,None,None,None,None,None,None,None
2026-07-11T17:47:03.161107,30.286,49.275423,-123.200366,7.0,21.614,0,1.6,254.0,1.3,321.0,0.7,0.0,0.0,357.88,212.04,619.29,0.0,0.0,None,None,None,None,None,None,None,None,None,None,None,None
2026-07-11T17:47:03.161324,30.287,49.275423,-123.200366,7.0,21.614,0,1.6,254.0,1.3,321.0,0.7,0.0,0.0,357.88,212.04,619.29,0.0,0.0,None,None,None,None,None,None,None,None,None,None,None,None
2026-07-11T17:47:03.260246,30.386,49.275423,-123.200366,7.0,21.614,0,1.6,254.0,1.3,321.0,0.7,0.0,0.0,357.88,212.04,619.29,0.0,0.0,None,None,None,None,None,None,None,None,None,None,None,None
2026-07-11T17:47:03.260734,30.386,49.275425,-123.200366,7.0,21.614,0,1.6,254.0,1.3,321.0,0.7,0.0,0.0,357.88,212.04,619.29,0.0,0.0,None,None,None,None,None,None,None,None,None,None,None,None
2026-07-11T17:47:03.261052,30.386,49.275425,-123.200366,7.0,21.614,0,1.6,254.0,1.3,321.0,0.7,0.0,0.0,357.88,212.04,619.29,0.0,0.0,None,None,None,None,None,None,None,None,None,None,None,None
2026-07-11T17:47:03.261331,30.387,49.275425,-123.200366,7.0,21.614,0,1.6,254.0,1.3,321.0,0.7,0.0,0.0,357.88,212.04,619.29,0.0,0.0,None,None,None,None,None,None,None,None,None,None,None,None
2026-07-11T17:47:03.360000,30.485,49.275425,-123.200366,7.0,21.614,0,1.6,254.0,1.3,321.0,0.7,0.0,0.0,357.88,212.04,619.29,0.0,0.0,None,None,None,None,None,None,None,None,None,None,None,None
2026-07-11T17:47:03.360340,30.486,49.275425,-123.200366,7.0,21.613,0,1.6,254.0,1.3,321.0,0.7,0.0,0.0,357.88,212.04,619.29,0.0,0.0,None,None,None,None,None,None,None,None,None,None,None,None
2026-07-11T17:47:03.360720,30.486,49.275425,-123.200366,7.0,21.613,0,1.6,254.0,1.3,321.0,0.7,0.0,0.0,357.88,212.04,619.29,0.0,0.0,None,None,None,None,None,None,None,None,None,None,None,None
2026-07-11T17:47:03.361063,30.486,49.275425,-123.200366,7.0,21.613,0,1.6,254.0,1.3,321.0,0.7,0.0,0.0,357.88,212.04,619.29,0.0,0.0,None,None,None,None,None,None,None,None,None,None,None,None
2026-07-11T17:47:03.361359,30.487,49.275425,-123.200366,7.0,21.613,0,1.6,254.0,1.3,321.0,0.7,0.0,0.0,357.88,212.04,619.29,0.0,0.0,None,None,None,None,None,None,None,None,None,None,None,None
2026-07-11T17:47:03.362057,30.487,49.275425,-123.200366,7.0,21.613,0,1.6,254.0,1.3,321.0,0.7,0.0,0.0,357.88,212.04,619.29,0.0,0.0,None,None,None,None,None,None,None,None,None,None,None,None
2026-07-11T17:47:03.460975,30.586,49.275425,-123.200366,7.0,21.613,0,1.6,254.0,1.3,321.0,0.7,0.0,0.0,357.88,212.04,619.29,0.0,0.0,None,None,None,None,None,None,None,None,None,None,None,None
2026-07-11T17:47:03.461358,30.587,49.275425,-123.200366,7.0,21.613,0,1.6,254.0,1.5,320.0,0.7,0.0,0.0,357.88,212.04,619.29,0.0,0.0,None,None,None,None,None,None,None,None,None,None,None,None
2026-07-11T17:47:03.461673,30.587,49.275425,-123.200366,7.0,21.613,0,1.7,260.0,1.5,320.0,0.7,0.0,0.0,357.88,212.04,619.29,0.0,0.0,None,None,None,None,None,None,None,None,None,None,None,None
2026-07-11T17:47:03.461870,30.587,49.275425,-123.200366,7.0,21.613,0,1.7,260.0,1.5,320.0,0.7,0.0,0.0,357.88,212.04,619.29,0.0,0.0,None,None,None,None,None,None,None,None,None,None,None,None
2026-07-11T17:47:03.462231,30.588,49.275425,-123.200366,7.0,21.613,0,1.7,260.0,1.5,320.0,0.7,0.0,0.0,357.88,212.04,619.29,0.0,0.0,None,None,None,None,None,None,None,None,None,None,None,None
2026-07-11T17:47:03.560081,30.685,49.275425,-123.200366,7.0,21.613,0,1.7,260.0,1.5,320.0,0.7,0.0,0.0,357.88,212.04,619.29,0.0,0.0,None,None,None,None,None,None,None,None,None,None,None,None
2026-07-11T17:47:03.560701,30.686,49.275425,-123.200366,7.0,21.613,0,1.7,260.0,1.5,320.0,0.7,0.0,0.0,357.88,212.04,619.29,0.0,0.0,None,None,None,None,None,None,None,None,None,None,None,None
2026-07-11T17:47:03.660724,30.786,49.275425,-123.200366,7.0,21.613,0,1.7,260.0,1.5,320.0,0.7,0.0,0.0,357.88,212.04,619.29,0.0,0.0,None,None,None,None,None,None,None,None,None,None,None,None
2026-07-11T17:47:03.661041,30.786,49.275425,-123.200366,7.0,21.613,0,1.7,260.0,1.5,320.0,0.7,0.0,0.0,357.88,212.04,619.29,0.0,0.0,None,None,None,None,None,None,None,None,None,None,None,None
2026-07-11T17:47:03.661344,30.787,49.275425,-123.200366,7.0,21.613,0,1.7,260.0,1.7,319.0,0.7,0.0,0.0,357.88,212.04,619.29,0.0,0.0,None,None,None,None,None,None,None,None,None,None,None,None
2026-07-11T17:47:03.661616,30.787,49.275425,-123.200366,7.0,21.613,0,1.7,256.0,1.7,319.0,0.7,0.0,0.0,357.88,212.04,619.29,0.0,0.0,None,None,None,None,None,None,None,None,None,None,None,None
2026-07-11T17:47:03.760008,30.885,49.275425,-123.200366,7.0,21.613,0,1.7,256.0,1.7,319.0,0.7,0.0,0.0,357.88,212.04,619.29,0.0,0.0,None,None,None,None,None,None,None,None,None,None,None,None
2026-07-11T17:47:03.760680,30.886,49.275425,-123.200366,7.0,21.613,0,1.7,256.0,1.7,319.0,0.7,0.0,0.0,357.88,212.04,619.29,0.0,0.0,None,None,None,None,None,None,None,None,None,None,None,None
2026-07-11T17:47:03.760992,30.886,49.275425,-123.200366,7.0,21.613,0,1.7,256.0,1.7,319.0,0.7,0.0,0.0,357.88,212.04,619.29,0.0,0.0,None,None,None,None,None,None,None,None,None,None,None,None
2026-07-11T17:47:03.761311,30.887,49.275425,-123.200366,7.0,21.613,0,1.7,256.0,1.7,319.0,0.7,0.0,0.0,357.88,212.04,619.29,0.0,0.0,None,None,None,None,None,None,None,None,None,None,None,None
2026-07-11T17:47:03.859927,30.985,49.275425,-123.200366,7.0,21.613,0,1.7,256.0,1.7,319.0,0.7,0.0,0.0,357.88,212.04,619.29,0.0,0.0,None,None,None,None,None,None,None,None,None,None,None,None
2026-07-11T17:47:03.860279,30.986,49.275425,-123.200366,7.0,21.613,0,1.7,256.0,1.7,319.0,0.7,0.0,0.0,357.88,212.04,619.29,0.0,0.0,None,None,None,None,None,None,None,None,None,None,None,None
2026-07-11T17:47:03.860608,30.986,49.275425,-123.200366,7.0,21.613,0,1.7,256.0,1.7,319.0,0.7,0.0,0.0,357.88,212.04,619.29,0.0,0.0,None,None,None,None,None,None,None,None,None,None,None,None
2026-07-11T17:47:03.959901,31.085,49.275425,-123.200366,7.0,21.613,0,1.7,256.0,1.7,319.0,0.7,0.0,0.0,357.88,212.04,619.29,0.0,0.0,None,None,None,None,None,None,None,None,None,None,None,None
2026-07-11T17:47:03.960498,31.086,49.275425,-123.200366,7.0,21.613,0,1.7,256.0,1.7,319.0,0.7,0.0,0.0,357.88,212.04,619.29,0.0,0.0,None,None,None,None,None,None,None,None,None,None,None,None
2026-07-11T17:47:03.960762,31.086,49.275425,-123.200366,7.0,21.613,0,1.7,256.0,1.7,324.0,0.7,0.0,0.0,357.88,212.04,619.29,0.0,0.0,None,None,None,None,None,None,None,None,None,None,None,None
2026-07-11T17:47:03.960972,31.086,49.275425,-123.200366,7.0,21.613,0,1.7,256.0,1.7,324.0,0.7,0.0,0.0,357.88,212.04,619.29,0.0,0.0,None,None,None,None,None,None,None,None,None,None,None,None
2026-07-11T17:47:03.961099,31.086,49.275425,-123.200366,7.0,21.613,0,1.8,257.0,1.7,324.0,0.7,0.0,0.0,357.88,212.04,619.29,0.0,0.0,None,None,None,None,None,None,None,None,None,None,None,None
2026-07-11T17:47:03.961382,31.087,49.275425,-123.200366,7.0,21.613,0,1.8,257.0,1.7,324.0,0.7,0.0,0.0,357.88,212.04,619.29,0.0,0.0,None,None,None,None,None,None,None,None,None,None,None,None
2026-07-11T17:47:04.060425,31.186,49.275425,-123.200366,7.0,21.613,0,1.8,257.0,1.7,324.0,0.7,0.0,0.0,357.88,212.04,619.29,0.0,0.0,None,None,None,None,None,None,None,None,None,None,None,None
2026-07-11T17:47:04.060780,31.186,49.275425,-123.200366,7.0,21.613,0,1.8,257.0,1.7,324.0,0.7,0.0,0.0,357.88,212.04,619.29,0.0,0.0,None,None,None,None,None,None,None,None,None,None,None,None
2026-07-11T17:47:04.160265,31.286,49.275425,-123.200366,7.0,21.613,0,1.8,257.0,1.7,324.0,0.7,0.0,0.0,357.88,212.04,619.29,0.0,0.0,None,None,None,None,None,None,None,None,None,None,None,None
2026-07-11T17:47:04.160674,31.286,49.275425,-123.200366,7.0,21.613,0,1.8,257.0,1.7,324.0,0.7,0.0,0.0,357.88,212.04,619.29,0.0,0.0,None,None,None,None,None,None,None,None,None,None,None,None
2026-07-11T17:47:04.160849,31.286,49.275425,-123.200366,7.0,21.613,0,1.8,257.0,1.2,327.0,0.7,0.0,0.0,357.88,212.04,619.29,0.0,0.0,None,None,None,None,None,None,None,None,None,None,None,None
2026-07-11T17:47:04.260501,31.386,49.275425,-123.200366,7.0,21.613,0,1.8,257.0,1.2,327.0,0.7,0.0,0.0,357.88,212.04,619.29,0.0,0.0,None,None,None,None,None,None,None,None,None,None,None,None
2026-07-11T17:47:04.260792,31.386,49.275425,-123.200366,7.0,21.613,0,1.8,253.0,1.2,327.0,0.7,0.0,0.0,357.88,212.04,619.29,0.0,0.0,None,None,None,None,None,None,None,None,None,None,None,None
2026-07-11T17:47:04.261405,31.387,49.275425,-123.200366,7.0,21.613,0,1.8,253.0,1.2,327.0,0.7,0.0,0.0,357.88,212.04,619.29,0.0,0.0,None,None,None,None,None,None,None,None,None,None,None,None
2026-07-11T17:47:04.261741,31.387,49.275425,-123.200366,7.0,21.613,0,1.8,253.0,1.2,327.0,0.7,0.0,0.0,357.88,212.04,619.29,0.0,0.0,None,None,None,None,None,None,None,None,None,None,None,None
2026-07-11T17:47:04.262076,31.387,49.275425,-123.200366,7.0,21.613,0,1.8,253.0,1.2,327.0,0.7,0.0,0.0,357.88,212.04,619.29,0.0,0.0,None,None,None,None,None,None,None,None,None,None,None,None
2026-07-11T17:47:04.262365,31.388,49.275425,-123.200366,7.0,21.613,0,1.8,253.0,1.2,327.0,0.7,0.0,0.0,357.88,212.04,619.29,0.0,0.0,None,None,None,None,None,None,None,None,None,None,None,None
2026-07-11T17:47:04.360718,31.486,49.275425,-123.200366,7.0,21.613,0,1.8,253.0,1.2,327.0,0.7,0.0,0.0,357.88,212.04,619.29,0.0,0.0,None,None,None,None,None,None,None,None,None,None,None,None
2026-07-11T17:47:04.361082,31.486,49.275425,-123.200366,7.0,21.613,0,1.8,253.0,1.2,327.0,0.7,0.0,0.0,357.88,212.04,619.29,0.0,0.0,None,None,None,None,None,None,None,None,None,None,None,None
2026-07-11T17:47:04.361425,31.487,49.275425,-123.200366,7.0,21.613,0,1.8,253.0,1.2,327.0,0.7,0.0,0.0,357.88,212.04,619.29,0.0,0.0,None,None,None,None,None,None,None,None,None,None,None,None
2026-07-11T17:47:04.460123,31.586,49.275425,-123.200366,7.0,21.613,0,1.8,253.0,1.2,327.0,0.7,0.0,0.0,357.88,212.04,619.29,0.0,0.0,None,None,None,None,None,None,None,None,None,None,None,None
2026-07-11T17:47:04.460448,31.586,49.275425,-123.200366,7.0,21.613,0,1.8,253.0,1.2,327.0,0.7,0.0,0.0,357.88,212.04,619.29,0.0,0.0,None,None,None,None,None,None,None,None,None,None,None,None
2026-07-11T17:47:04.460840,31.586,49.275425,-123.200366,7.0,21.613,0,1.8,253.0,1.0,338.0,0.7,0.0,0.0,357.88,212.04,619.29,0.0,0.0,None,None,None,None,None,None,None,None,None,None,None,None
2026-07-11T17:47:04.461275,31.587,49.275425,-123.200366,7.0,21.613,0,1.8,253.0,1.0,338.0,0.7,0.0,0.0,357.88,212.04,619.29,0.0,0.0,None,None,None,None,None,None,None,None,None,None,None,None
2026-07-11T17:47:04.560068,31.685,49.275425,-123.200366,7.0,21.613,0,1.9,258.0,1.0,338.0,0.7,0.0,0.0,357.88,212.04,619.29,0.0,0.0,None,None,None,None,None,None,None,None,None,None,None,None
2026-07-11T17:47:04.560346,31.686,49.275425,-123.200366,7.0,21.613,0,1.9,258.0,1.0,338.0,0.7,0.0,0.0,357.88,212.04,619.29,0.0,0.0,None,None,None,None,None,None,None,None,None,None,None,None
2026-07-11T17:47:04.561092,31.686,49.275425,-123.200366,7.0,21.613,0,1.9,258.0,1.0,338.0,0.7,0.0,0.0,357.88,212.04,619.29,0.0,0.0,None,None,None,None,None,None,None,None,None,None,None,None
2026-07-11T17:47:04.561256,31.687,49.275425,-123.200366,7.0,21.613,0,1.9,258.0,1.0,338.0,0.7,0.0,0.0,357.88,212.04,619.29,0.0,0.0,None,None,None,None,None,None,None,None,None,None,None,None
2026-07-11T17:47:04.561470,31.687,49.275425,-123.200366,7.0,21.613,0,1.9,258.0,1.0,338.0,0.7,0.0,0.0,357.88,212.04,619.29,0.0,0.0,None,None,None,None,None,None,None,None,None,None,None,None
2026-07-11T17:47:04.561730,31.687,49.275425,-123.200366,7.0,21.613,0,1.9,258.0,1.0,338.0,0.7,0.0,0.0,357.88,212.04,619.29,0.0,0.0,None,None,None,None,None,None,None,None,None,None,None,None
2026-07-11T17:47:04.561976,31.687,49.275425,-123.200366,7.0,21.613,0,1.9,258.0,1.0,338.0,0.7,0.0,0.0,357.88,212.04,619.29,0.0,0.0,None,None,None,None,None,None,None,None,None,None,None,None
2026-07-11T17:47:04.562260,31.688,49.275425,-123.200366,7.0,21.613,0,1.9,258.0,1.0,338.0,0.7,0.0,0.0,357.88,212.04,619.29,0.0,0.0,None,None,None,None,None,None,None,None,None,None,None,None
2026-07-11T17:47:04.660207,31.786,49.275425,-123.200366,7.0,21.613,0,1.9,258.0,1.0,338.0,0.7,0.0,0.0,357.88,212.04,619.29,0.0,0.0,None,None,None,None,None,None,None,None,None,None,None,None
2026-07-11T17:47:04.660624,31.786,49.275425,-123.200366,7.0,21.613,0,1.9,258.0,1.0,338.0,0.7,0.0,0.0,357.88,212.04,619.29,0.0,0.0,None,None,None,None,None,None,None,None,None,None,None,None
2026-07-11T17:47:04.660915,31.786,49.275425,-123.200366,7.0,21.613,0,1.9,258.0,1.0,338.0,0.7,0.0,0.0,357.88,212.04,619.29,0.0,0.0,None,None,None,None,None,None,None,None,None,None,None,None
2026-07-11T17:47:04.760452,31.886,49.275425,-123.200366,7.0,21.613,0,1.9,258.0,1.0,338.0,0.7,0.0,0.0,357.88,212.04,619.29,0.0,0.0,None,None,None,None,None,None,None,None,None,None,None,None
2026-07-11T17:47:04.760820,31.886,49.275425,-123.200366,7.0,21.613,0,1.9,258.0,0.8,328.0,0.7,0.0,0.0,357.88,212.04,619.29,0.0,0.0,None,None,None,None,None,None,None,None,None,None,None,None
2026-07-11T17:47:04.760982,31.886,49.275425,-123.200366,7.0,21.613,0,1.8,268.0,0.8,328.0,0.7,0.0,0.0,357.88,212.04,619.29,0.0,0.0,None,None,None,None,None,None,None,None,None,None,None,None
2026-07-11T17:47:04.761141,31.887,49.275425,-123.200366,7.0,21.613,0,1.8,268.0,0.8,328.0,0.7,0.0,0.0,357.88,212.04,619.29,0.0,0.0,None,None,None,None,None,None,None,None,None,None,None,None
2026-07-11T17:47:04.761433,31.887,49.275425,-123.200366,7.0,21.613,0,1.8,268.0,0.8,328.0,0.7,0.0,0.0,357.88,212.04,619.29,0.0,0.0,None,None,None,None,None,None,None,None,None,None,None,None
2026-07-11T17:47:04.860349,31.986,49.275425,-123.200366,7.0,21.613,0,1.8,268.0,0.8,328.0,0.7,0.0,0.0,357.88,212.04,619.29,0.0,0.0,None,None,None,None,None,None,None,None,None,None,None,None
2026-07-11T17:47:04.860650,31.986,49.275425,-123.200366,7.0,21.613,0,1.8,268.0,0.8,328.0,0.7,0.0,0.0,357.88,212.04,619.29,0.0,0.0,None,None,None,None,None,None,None,None,None,None,None,None
2026-07-11T17:47:04.860934,31.986,49.275425,-123.200366,7.0,21.613,0,1.8,268.0,0.8,328.0,0.7,0.0,0.0,357.88,212.04,619.29,0.0,0.0,None,None,None,None,None,None,None,None,None,None,None,None
2026-07-11T17:47:04.960139,32.086,49.275425,-123.200366,7.0,21.613,0,1.8,268.0,0.8,328.0,0.7,0.0,0.0,357.88,212.04,619.29,0.0,0.0,None,None,None,None,None,None,None,None,None,None,None,None
2026-07-11T17:47:04.960487,32.086,49.275425,-123.200366,7.0,21.613,0,1.8,268.0,0.8,328.0,0.7,0.0,0.0,357.88,212.04,619.29,0.0,0.0,None,None,None,None,None,None,None,None,None,None,None,None
2026-07-11T17:47:04.960897,32.086,49.275425,-123.200366,7.0,21.613,0,1.8,268.0,0.8,328.0,0.7,0.0,0.0,357.88,212.04,619.29,0.0,0.0,None,None,None,None,None,None,None,None,None,None,None,None
2026-07-11T17:47:04.961221,32.087,49.275425,-123.200366,7.0,21.613,0,1.8,268.0,0.2,302.0,0.7,0.0,0.0,357.88,212.04,619.29,0.0,0.0,None,None,None,None,None,None,None,None,None,None,None,None
2026-07-11T17:47:05.060720,32.186,49.275425,-123.200366,7.0,21.613,0,1.8,268.0,0.2,302.0,0.7,0.0,0.0,357.88,212.04,619.29,0.0,0.0,None,None,None,None,None,None,None,None,None,None,None,None
2026-07-11T17:47:05.061109,32.186,49.275425,-123.200366,7.0,21.613,0,1.3,283.0,0.2,302.0,0.7,0.0,0.0,357.88,212.04,619.29,0.0,0.0,None,None,None,None,None,None,None,None,None,None,None,None
2026-07-11T17:47:05.061415,32.187,49.275425,-123.200366,7.0,21.613,0,1.3,283.0,0.2,302.0,0.7,0.0,0.0,357.88,212.04,619.29,0.0,0.0,None,None,None,None,None,None,None,None,None,None,None,None
2026-07-11T17:47:05.061723,32.187,49.275425,-123.200366,7.0,21.613,0,1.3,283.0,0.2,302.0,0.7,0.0,0.0,357.88,212.04,619.29,0.0,0.0,None,None,None,None,None,None,None,None,None,None,None,None
2026-07-11T17:47:05.160904,32.286,49.275425,-123.200366,7.0,21.613,0,1.3,283.0,0.2,302.0,0.7,0.0,0.0,357.88,212.04,619.29,0.0,0.0,None,None,None,None,None,None,None,None,None,None,None,None
2026-07-11T17:47:05.161305,32.287,49.275425,-123.200366,7.0,21.613,0,1.3,283.0,0.2,302.0,0.7,0.0,0.0,357.88,212.04,619.29,0.0,0.0,None,None,None,None,None,None,None,None,None,None,None,None
2026-07-11T17:47:05.260312,32.386,49.275423,-123.200366,7.0,21.613,0,1.3,283.0,0.2,302.0,0.7,0.0,0.0,357.88,212.04,619.29,0.0,0.0,None,None,None,None,None,None,None,None,None,None,None,None
2026-07-11T17:47:05.260730,32.386,49.275423,-123.200366,7.0,21.613,0,1.3,283.0,0.2,302.0,0.7,0.0,0.0,357.88,212.04,619.29,0.0,0.0,None,None,None,None,None,None,None,None,None,None,None,None
2026-07-11T17:47:05.260880,32.386,49.275423,-123.200366,7.0,21.613,0,1.3,283.0,0.2,302.0,0.7,0.0,0.0,357.88,212.04,619.29,0.0,0.0,None,None,None,None,None,None,None,None,None,None,None,None
2026-07-11T17:47:05.261044,32.386,49.275423,-123.200366,7.0,21.613,0,1.3,283.0,0.2,203.0,0.7,0.0,0.0,357.88,212.04,619.29,0.0,0.0,None,None,None,None,None,None,None,None,None,None,None,None
2026-07-11T17:47:05.261267,32.387,49.275423,-123.200366,7.0,21.613,0,1.3,283.0,0.2,203.0,0.7,0.0,0.0,357.88,212.04,619.29,0.0,0.0,None,None,None,None,None,None,None,None,None,None,None,None
2026-07-11T17:47:05.261560,32.387,49.275423,-123.200366,7.0,21.613,0,1.4,293.0,0.2,203.0,0.7,0.0,0.0,357.88,212.04,619.29,0.0,0.0,None,None,None,None,None,None,None,None,None,None,None,None
2026-07-11T17:47:05.360598,32.486,49.275423,-123.200366,7.0,21.613,0,1.4,293.0,0.2,203.0,0.7,0.0,0.0,357.88,212.04,619.29,0.0,0.0,None,None,None,None,None,None,None,None,None,None,None,None
2026-07-11T17:47:05.360999,32.486,49.275423,-123.200366,7.0,21.613,0,1.4,293.0,0.2,203.0,0.7,0.0,0.0,357.88,212.04,619.29,0.0,0.0,None,None,None,None,None,None,None,None,None,None,None,None
2026-07-11T17:47:05.361364,32.487,49.275423,-123.200366,7.0,21.613,0,1.4,293.0,0.2,203.0,0.7,0.0,0.0,357.88,212.04,619.29,0.0,0.0,None,None,None,None,None,None,None,None,None,None,None,None
2026-07-11T17:47:05.361960,32.487,49.275423,-123.200366,7.0,21.613,0,1.4,293.0,0.2,203.0,0.7,0.0,0.0,357.88,212.04,619.29,0.0,0.0,None,None,None,None,None,None,None,None,None,None,None,None
2026-07-11T17:47:05.362255,32.488,49.275423,-123.200366,7.0,21.613,0,1.4,293.0,0.2,203.0,0.7,0.0,0.0,357.88,212.04,619.29,0.0,0.0,None,None,None,None,None,None,None,None,None,None,None,None
2026-07-11T17:47:05.460800,32.586,49.275423,-123.200366,7.0,21.613,0,1.4,293.0,0.2,203.0,0.7,0.0,0.0,357.88,212.04,619.29,0.0,0.0,None,None,None,None,None,None,None,None,None,None,None,None
2026-07-11T17:47:05.461136,32.587,49.275423,-123.200366,7.0,21.613,0,1.4,293.0,0.2,203.0,0.7,0.0,0.0,357.88,212.04,619.29,0.0,0.0,None,None,None,None,None,None,None,None,None,None,None,None
2026-07-11T17:47:05.560560,32.686,49.275423,-123.200366,7.0,21.613,0,1.4,293.0,0.2,203.0,0.7,0.0,0.0,357.88,212.04,619.29,0.0,0.0,None,None,None,None,None,None,None,None,None,None,None,None
2026-07-11T17:47:05.560981,32.686,49.275423,-123.200366,7.0,21.613,0,1.4,293.0,0.2,203.0,0.7,0.0,0.0,357.88,212.04,619.29,0.0,0.0,None,None,None,None,None,None,None,None,None,None,None,None
2026-07-11T17:47:05.561565,32.687,49.275423,-123.200366,7.0,21.613,0,1.4,293.0,0.2,203.0,0.7,0.0,0.0,357.88,212.04,619.29,0.0,0.0,None,None,None,None,None,None,None,None,None,None,None,None
2026-07-11T17:47:05.561772,32.687,49.275423,-123.200366,7.0,21.613,0,1.4,293.0,0.5,234.0,0.7,0.0,0.0,357.88,212.04,619.29,0.0,0.0,None,None,None,None,None,None,None,None,None,None,None,None
2026-07-11T17:47:05.561948,32.687,49.275423,-123.200366,7.0,21.613,0,1.4,293.0,0.5,234.0,0.7,0.0,0.0,357.88,212.04,619.29,0.0,0.0,None,None,None,None,None,None,None,None,None,None,None,None
2026-07-11T17:47:05.562196,32.688,49.275423,-123.200366,7.0,21.613,0,1.2,272.0,0.5,234.0,0.7,0.0,0.0,357.88,212.04,619.29,0.0,0.0,None,None,None,None,None,None,None,None,None,None,None,None
2026-07-11T17:47:05.562526,32.688,49.275423,-123.200366,7.0,21.613,0,1.2,272.0,0.5,234.0,0.7,0.0,0.0,357.88,212.04,619.29,0.0,0.0,None,None,None,None,None,None,None,None,None,None,None,None
2026-07-11T17:47:05.562698,32.688,49.275423,-123.200366,7.0,21.613,0,1.2,272.0,0.5,234.0,0.7,0.0,0.0,357.88,212.04,619.29,0.0,0.0,None,None,None,None,None,None,None,None,None,None,None,None
2026-07-11T17:47:05.660504,32.786,49.275423,-123.200366,7.0,21.613,0,1.2,272.0,0.5,234.0,0.7,0.0,0.0,357.88,212.04,619.29,0.0,0.0,None,None,None,None,None,None,None,None,None,None,None,None
2026-07-11T17:47:05.660758,32.786,49.275423,-123.200366,7.0,21.613,0,1.2,272.0,0.5,234.0,0.7,0.0,0.0,357.88,212.04,619.29,0.0,0.0,None,None,None,None,None,None,None,None,None,None,None,None
2026-07-11T17:47:05.760077,32.885,49.275423,-123.200366,7.0,21.614,0,1.2,272.0,0.5,234.0,0.7,0.0,0.0,357.88,212.04,619.29,0.0,0.0,None,None,None,None,None,None,None,None,None,None,None,None
2026-07-11T17:47:05.760423,32.886,49.275423,-123.200366,7.0,21.614,0,1.2,272.0,0.5,234.0,0.7,0.0,0.0,357.88,212.04,619.29,0.0,0.0,None,None,None,None,None,None,None,None,None,None,None,None
2026-07-11T17:47:05.760768,32.886,49.275423,-123.200366,7.0,21.614,0,1.2,272.0,0.5,234.0,0.7,0.0,0.0,357.88,212.04,619.29,0.0,0.0,None,None,None,None,None,None,None,None,None,None,None,None
2026-07-11T17:47:05.760941,32.886,49.275423,-123.200366,7.0,21.614,0,1.2,272.0,0.5,234.0,0.7,0.0,0.0,357.88,212.04,619.29,0.0,0.0,None,None,None,None,None,None,None,None,None,None,None,None
2026-07-11T17:47:05.860134,32.986,49.275423,-123.200366,7.0,21.614,0,1.2,272.0,0.2,314.0,0.7,0.0,0.0,357.88,212.04,619.29,0.0,0.0,None,None,None,None,None,None,None,None,None,None,None,None
2026-07-11T17:47:05.860478,32.986,49.275423,-123.200366,7.0,21.614,0,0.5,201.0,0.2,314.0,0.7,0.0,0.0,357.88,212.04,619.29,0.0,0.0,None,None,None,None,None,None,None,None,None,None,None,None
2026-07-11T17:47:05.860776,32.986,49.275423,-123.200366,7.0,21.614,0,0.5,201.0,0.2,314.0,0.7,0.0,0.0,357.88,212.04,619.29,0.0,0.0,None,None,None,None,None,None,None,None,None,None,None,None
2026-07-11T17:47:05.860928,32.986,49.275423,-123.200366,7.0,21.614,0,0.5,201.0,0.2,314.0,0.7,0.0,0.0,357.88,212.04,619.29,0.0,0.0,None,None,None,None,None,None,None,None,None,None,None,None
2026-07-11T17:47:05.861138,32.987,49.275423,-123.200366,7.0,21.614,0,0.5,201.0,0.2,314.0,0.7,0.0,0.0,357.88,212.04,619.29,0.0,0.0,None,None,None,None,None,None,None,None,None,None,None,None
2026-07-11T17:47:05.861346,32.987,49.275423,-123.200366,7.0,21.614,0,0.5,201.0,0.2,314.0,0.7,0.0,0.0,357.88,212.04,619.29,0.0,0.0,None,None,None,None,None,None,None,None,None,None,None,None
2026-07-11T17:47:05.960215,33.086,49.275423,-123.200366,7.0,21.614,0,0.5,201.0,0.2,314.0,0.7,0.0,0.0,357.88,212.04,619.29,0.0,0.0,None,None,None,None,None,None,None,None,None,None,None,None
2026-07-11T17:47:05.960560,33.086,49.275423,-123.200366,7.0,21.614,0,0.5,201.0,0.2,314.0,0.7,0.0,0.0,357.88,212.04,619.29,0.0,0.0,None,None,None,None,None,None,None,None,None,None,None,None
2026-07-11T17:47:05.960881,33.086,49.275423,-123.200366,7.0,21.614,0,0.5,201.0,0.2,314.0,0.7,0.0,0.0,357.88,212.04,619.29,0.0,0.0,None,None,None,None,None,None,None,None,None,None,None,None
2026-07-11T17:47:06.060283,33.186,49.275423,-123.200366,7.0,21.614,0,0.5,201.0,0.2,314.0,0.7,0.0,0.0,357.88,212.04,619.29,0.0,0.0,None,None,None,None,None,None,None,None,None,None,None,None
2026-07-11T17:47:06.060562,33.186,49.275423,-123.200366,7.0,21.614,0,0.5,201.0,1.5,335.0,0.7,0.0,0.0,357.88,212.04,619.29,0.0,0.0,None,None,None,None,None,None,None,None,None,None,None,None
2026-07-11T17:47:06.061000,33.186,49.275423,-123.200366,7.0,21.614,0,0.5,201.0,1.5,335.0,0.7,0.0,0.0,357.88,212.04,619.29,0.0,0.0,None,None,None,None,None,None,None,None,None,None,None,None
2026-07-11T17:47:06.061179,33.187,49.275423,-123.200366,7.0,21.614,0,0.7,201.0,1.5,335.0,0.7,0.0,0.0,357.88,212.04,619.29,0.0,0.0,None,None,None,None,None,None,None,None,None,None,None,None
2026-07-11T17:47:06.160420,33.286,49.275423,-123.200366,7.0,21.614,0,0.7,201.0,1.5,335.0,0.7,0.0,0.0,357.88,212.04,619.29,0.0,0.0,None,None,None,None,None,None,None,None,None,None,None,None
2026-07-11T17:47:06.160717,33.286,49.275423,-123.200366,7.0,21.614,0,0.7,201.0,1.5,335.0,0.7,0.0,0.0,357.88,212.04,619.29,0.0,0.0,None,None,None,None,None,None,None,None,None,None,None,None
2026-07-11T17:47:06.160914,33.286,49.275423,-123.200366,7.0,21.614,0,0.7,201.0,1.5,335.0,0.7,0.0,0.0,357.88,212.04,619.29,0.0,0.0,None,None,None,None,None,None,None,None,None,None,None,None
2026-07-11T17:47:06.260116,33.386,49.275423,-123.200366,7.0,21.614,0,0.7,201.0,1.5,335.0,0.7,0.0,0.0,357.88,212.04,619.29,0.0,0.0,None,None,None,None,None,None,None,None,None,None,None,None
2026-07-11T17:47:06.260370,33.386,49.275423,-123.200366,7.0,21.614,0,0.7,201.0,1.5,335.0,0.7,0.0,0.0,357.88,212.04,619.29,0.0,0.0,None,None,None,None,None,None,None,None,None,None,None,None
2026-07-11T17:47:06.260564,33.386,49.275423,-123.200366,7.0,21.614,0,0.7,201.0,1.5,335.0,0.7,0.0,0.0,357.88,212.04,619.29,0.0,0.0,None,None,None,None,None,None,None,None,None,None,None,None
2026-07-11T17:47:06.260932,33.386,49.275423,-123.200366,7.0,21.614,0,0.7,201.0,1.5,335.0,0.7,0.0,0.0,357.88,212.04,619.29,0.0,0.0,None,None,None,None,None,None,None,None,None,None,None,None
2026-07-11T17:47:06.360434,33.486,49.275423,-123.200366,7.0,21.614,0,0.7,201.0,1.5,335.0,0.7,0.0,0.0,357.88,212.04,619.29,0.0,0.0,None,None,None,None,None,None,None,None,None,None,None,None
2026-07-11T17:47:06.360775,33.486,49.275423,-123.200366,7.0,21.614,0,0.7,201.0,2.4,350.0,0.7,0.0,0.0,357.88,212.04,619.29,0.0,0.0,None,None,None,None,None,None,None,None,None,None,None,None
2026-07-11T17:47:06.361072,33.486,49.275423,-123.200366,7.0,21.614,0,0.7,201.0,2.4,350.0,0.7,0.0,0.0,357.88,212.04,619.29,0.0,0.0,None,None,None,None,None,None,None,None,None,None,None,None
2026-07-11T17:47:06.361293,33.487,49.275423,-123.200366,7.0,21.614,0,1.0,228.0,2.4,350.0,0.7,0.0,0.0,357.88,212.04,619.29,0.0,0.0,None,None,None,None,None,None,None,None,None,None,None,None
2026-07-11T17:47:06.361580,33.487,49.275423,-123.200366,7.0,21.614,0,1.0,228.0,2.4,350.0,0.7,0.0,0.0,357.88,212.04,619.29,0.0,0.0,None,None,None,None,None,None,None,None,None,None,None,None
2026-07-11T17:47:06.362323,33.488,49.275423,-123.200366,7.0,21.614,0,1.0,228.0,2.4,350.0,0.7,0.0,0.0,357.88,212.04,619.29,0.0,0.0,None,None,None,None,None,None,None,None,None,None,None,None
2026-07-11T17:47:06.362505,33.488,49.275423,-123.200366,7.0,21.614,0,1.0,228.0,2.4,350.0,0.7,0.0,0.0,357.88,212.04,619.29,0.0,0.0,None,None,None,None,None,None,None,None,None,None,None,None
2026-07-11T17:47:06.362771,33.488,49.275423,-123.200366,7.0,21.614,0,1.0,228.0,2.4,350.0,0.7,0.0,0.0,357.88,212.04,619.29,0.0,0.0,None,None,None,None,None,None,None,None,None,None,None,None
2026-07-11T17:47:06.460948,33.586,49.275423,-123.200366,7.0,21.614,0,1.0,228.0,2.4,350.0,0.7,0.0,0.0,357.88,212.04,619.29,0.0,0.0,None,None,None,None,None,None,None,None,None,None,None,None
2026-07-11T17:47:06.461274,33.587,49.275423,-123.200366,7.0,21.614,0,1.0,228.0,2.4,350.0,0.7,0.0,0.0,357.88,212.04,619.29,0.0,0.0,None,None,None,None,None,None,None,None,None,None,None,None
2026-07-11T17:47:06.560739,33.686,49.275423,-123.200366,7.0,21.614,0,1.0,228.0,2.4,350.0,0.7,0.0,0.0,357.88,212.04,619.29,0.0,0.0,None,None,None,None,None,None,None,None,None,None,None,None
2026-07-11T17:47:06.561085,33.686,49.275423,-123.200366,7.0,21.614,0,1.0,228.0,2.4,350.0,0.7,0.0,0.0,357.88,212.04,619.29,0.0,0.0,None,None,None,None,None,None,None,None,None,None,None,None
2026-07-11T17:47:06.561339,33.687,49.275423,-123.200366,7.0,21.614,0,1.0,228.0,2.9,351.0,0.7,0.0,0.0,357.88,212.04,619.29,0.0,0.0,None,None,None,None,None,None,None,None,None,None,None,None
2026-07-11T17:47:06.660547,33.786,49.275423,-123.200366,7.0,21.614,0,1.2,248.0,2.9,351.0,0.7,0.0,0.0,357.88,212.04,619.29,0.0,0.0,None,None,None,None,None,None,None,None,None,None,None,None
2026-07-11T17:47:06.660903,33.786,49.275423,-123.200366,7.0,21.614,0,1.2,248.0,2.9,351.0,0.7,0.0,0.0,357.88,212.04,619.29,0.0,0.0,None,None,None,None,None,None,None,None,None,None,None,None
2026-07-11T17:47:06.661137,33.787,49.275423,-123.200366,7.0,21.614,0,1.2,248.0,2.9,351.0,0.7,0.0,0.0,357.88,212.04,619.29,0.0,0.0,None,None,None,None,None,None,None,None,None,None,None,None
2026-07-11T17:47:06.661390,33.787,49.275423,-123.200366,7.0,21.614,0,1.2,248.0,2.9,351.0,0.7,0.0,0.0,357.88,212.04,619.29,0.0,0.0,None,None,None,None,None,None,None,None,None,None,None,None
2026-07-11T17:47:06.760893,33.886,49.275423,-123.200366,7.0,21.614,0,1.2,248.0,2.9,351.0,0.7,0.0,0.0,357.88,212.04,619.29,0.0,0.0,None,None,None,None,None,None,None,None,None,None,None,None
2026-07-11T17:47:06.761213,33.887,49.275423,-123.200366,7.0,21.614,0,1.2,248.0,2.9,351.0,0.7,0.0,0.0,357.88,212.04,619.29,0.0,0.0,None,None,None,None,None,None,None,None,None,None,None,None
2026-07-11T17:47:06.861051,33.986,49.275423,-123.200366,7.0,21.614,0,1.2,248.0,2.9,351.0,0.7,0.0,0.0,357.88,212.04,619.29,0.0,0.0,None,None,None,None,None,None,None,None,None,None,None,None
2026-07-11T17:47:06.861391,33.987,49.275423,-123.200366,7.0,21.614,0,1.2,248.0,2.9,351.0,0.7,0.0,0.0,357.88,212.04,619.29,0.0,0.0,None,None,None,None,None,None,None,None,None,None,None,None
2026-07-11T17:47:06.861642,33.987,49.275423,-123.200366,7.0,21.614,0,1.2,248.0,2.7,351.0,0.7,0.0,0.0,357.88,212.04,619.29,0.0,0.0,None,None,None,None,None,None,None,None,None,None,None,None
2026-07-11T17:47:06.861870,33.987,49.275423,-123.200366,7.0,21.614,0,1.5,266.0,2.7,351.0,0.7,0.0,0.0,357.88,212.04,619.29,0.0,0.0,None,None,None,None,None,None,None,None,None,None,None,None
2026-07-11T17:47:06.862177,33.988,49.275423,-123.200366,7.0,21.614,0,1.5,266.0,2.7,351.0,0.7,0.0,0.0,357.88,212.04,619.29,0.0,0.0,None,None,None,None,None,None,None,None,None,None,None,None
2026-07-11T17:47:06.960924,34.086,49.275423,-123.200366,7.0,21.617,0,1.5,266.0,2.7,351.0,0.7,0.0,0.0,357.88,212.04,619.29,0.0,0.0,None,None,None,None,None,None,None,None,None,None,None,None
2026-07-11T17:47:06.961215,34.087,49.275423,-123.200366,7.0,21.617,0,1.5,266.0,2.7,351.0,0.7,0.0,0.0,357.88,212.04,619.29,0.0,0.0,None,None,None,None,None,None,None,None,None,None,None,None
2026-07-11T17:47:06.961463,34.087,49.275423,-123.200366,7.0,21.617,0,1.5,266.0,2.7,351.0,0.7,0.0,0.0,357.88,212.04,619.29,0.0,0.0,None,None,None,None,None,None,None,None,None,None,None,None
2026-07-11T17:47:06.961697,34.087,49.275423,-123.200366,7.0,21.617,0,1.5,266.0,2.7,351.0,0.7,0.0,0.0,357.88,212.04,619.29,0.0,0.0,None,None,None,None,None,None,None,None,None,None,None,None
2026-07-11T17:47:06.961881,34.087,49.275423,-123.200366,7.0,21.617,0,1.5,266.0,2.7,351.0,0.7,0.0,0.0,357.88,212.04,619.29,0.0,0.0,None,None,None,None,None,None,None,None,None,None,None,None
2026-07-11T17:47:06.962090,34.087,49.275423,-123.200366,7.0,21.617,0,1.5,266.0,2.7,351.0,0.7,0.0,0.0,357.88,212.04,619.29,0.0,0.0,None,None,None,None,None,None,None,None,None,None,None,None
2026-07-11T17:47:06.962289,34.088,49.275423,-123.200366,7.0,21.617,0,1.5,266.0,2.7,351.0,0.7,0.0,0.0,357.88,212.04,619.29,0.0,0.0,None,None,None,None,None,None,None,None,None,None,None,None
2026-07-11T17:47:07.060367,34.186,49.275423,-123.200366,7.0,21.617,0,1.5,266.0,2.7,351.0,0.7,0.0,0.0,357.88,212.04,619.29,0.0,0.0,None,None,None,None,None,None,None,None,None,None,None,None
2026-07-11T17:47:07.060675,34.186,49.275423,-123.200366,7.0,21.617,0,1.5,266.0,2.7,351.0,0.7,0.0,0.0,357.88,212.04,619.29,0.0,0.0,None,None,None,None,None,None,None,None,None,None,None,None
2026-07-11T17:47:07.160630,34.286,49.275423,-123.200366,7.0,21.617,0,1.5,266.0,2.8,345.0,0.7,0.0,0.0,357.88,212.04,619.29,0.0,0.0,None,None,None,None,None,None,None,None,None,None,None,None
2026-07-11T17:47:07.161031,34.286,49.275423,-123.200366,7.0,21.617,0,1.5,266.0,2.8,345.0,0.7,0.0,0.0,357.88,212.04,619.29,0.0,0.0,None,None,None,None,None,None,None,None,None,None,None,None
2026-07-11T17:47:07.161256,34.287,49.275423,-123.200366,7.0,21.617,0,2.0,268.0,2.8,345.0,0.7,0.0,0.0,357.88,212.04,619.29,0.0,0.0,None,None,None,None,None,None,None,None,None,None,None,None
2026-07-11T17:47:07.161478,34.287,49.275423,-123.200366,7.0,21.617,0,2.0,268.0,2.8,345.0,0.7,0.0,0.0,357.88,212.04,619.29,0.0,0.0,None,None,None,None,None,None,None,None,None,None,None,None
2026-07-11T17:47:07.161806,34.287,49.275423,-123.200366,7.0,21.617,0,2.0,268.0,2.8,345.0,0.7,0.0,0.0,357.88,212.04,619.29,0.0,0.0,None,None,None,None,None,None,None,None,None,None,None,None
2026-07-11T17:47:07.260463,34.386,49.275423,-123.200366,7.0,21.617,0,2.0,268.0,2.8,345.0,0.7,0.0,0.0,357.88,212.04,619.29,0.0,0.0,None,None,None,None,None,None,None,None,None,None,None,None
2026-07-11T17:47:07.260774,34.386,49.275423,-123.200366,7.0,21.617,0,2.0,268.0,2.8,345.0,0.7,0.0,0.0,357.88,212.04,619.29,0.0,0.0,None,None,None,None,None,None,None,None,None,None,None,None
2026-07-11T17:47:07.261007,34.386,49.275423,-123.200366,7.0,21.617,0,2.0,268.0,2.8,345.0,0.7,0.0,0.0,357.88,212.04,619.29,0.0,0.0,None,None,None,None,None,None,None,None,None,None,None,None
2026-07-11T17:47:07.261247,34.387,49.275423,-123.200366,7.0,21.617,0,2.0,268.0,2.8,345.0,0.7,0.0,0.0,357.88,212.04,619.29,0.0,0.0,None,None,None,None,None,None,None,None,None,None,None,None
2026-07-11T17:47:07.360711,34.486,49.275423,-123.200366,7.0,21.617,0,2.0,268.0,2.8,345.0,0.7,0.0,0.0,357.88,212.04,619.29,0.0,0.0,None,None,None,None,None,None,None,None,None,None,None,None
2026-07-11T17:47:07.361054,34.486,49.275423,-123.200366,7.0,21.617,0,2.0,268.0,2.8,345.0,0.7,0.0,0.0,357.88,212.04,619.29,0.0,0.0,None,None,None,None,None,None,None,None,None,None,None,None
2026-07-11T17:47:07.361372,34.487,49.275423,-123.200366,7.0,21.617,0,2.0,268.0,2.8,345.0,0.7,0.0,0.0,357.88,212.04,619.29,0.0,0.0,None,None,None,None,None,None,None,None,None,None,None,None
2026-07-11T17:47:07.361664,34.487,49.275423,-123.200366,7.0,21.617,0,2.0,268.0,2.8,342.0,0.7,0.0,0.0,357.88,212.04,619.29,0.0,0.0,None,None,None,None,None,None,None,None,None,None,None,None
2026-07-11T17:47:07.460872,34.586,49.275423,-123.200366,7.0,21.617,0,2.0,256.0,2.8,342.0,0.7,0.0,0.0,357.88,212.04,619.29,0.0,0.0,None,None,None,None,None,None,None,None,None,None,None,None
2026-07-11T17:47:07.461213,34.587,49.275423,-123.200366,7.0,21.617,0,2.0,256.0,2.8,342.0,0.7,0.0,0.0,357.88,212.04,619.29,0.0,0.0,None,None,None,None,None,None,None,None,None,None,None,None
2026-07-11T17:47:07.461466,34.587,49.275423,-123.200366,7.0,21.617,0,2.0,256.0,2.8,342.0,0.7,0.0,0.0,357.88,212.04,619.29,0.0,0.0,None,None,None,None,None,None,None,None,None,None,None,None
2026-07-11T17:47:07.461716,34.587,49.275423,-123.200366,7.0,21.617,0,2.0,256.0,2.8,342.0,0.7,0.0,0.0,357.88,212.04,619.29,0.0,0.0,None,None,None,None,None,None,None,None,None,None,None,None
2026-07-11T17:47:07.560008,34.685,49.275423,-123.200366,7.0,21.617,0,2.0,256.0,2.8,342.0,0.7,0.0,0.0,357.88,212.04,619.29,0.0,0.0,None,None,None,None,None,None,None,None,None,None,None,None
2026-07-11T17:47:07.560320,34.686,49.275423,-123.200366,7.0,21.617,0,2.0,256.0,2.8,342.0,0.7,0.0,0.0,357.88,212.04,619.29,0.0,0.0,None,None,None,None,None,None,None,None,None,None,None,None
2026-07-11T17:47:07.561062,34.686,49.275423,-123.200366,7.0,21.617,0,2.0,256.0,2.8,342.0,0.7,0.0,0.0,357.88,212.04,619.29,0.0,0.0,None,None,None,None,None,None,None,None,None,None,None,None
2026-07-11T17:47:07.561261,34.687,49.275423,-123.200366,7.0,21.617,0,2.0,256.0,2.8,342.0,0.7,0.0,0.0,357.88,212.04,619.29,0.0,0.0,None,None,None,None,None,None,None,None,None,None,None,None
2026-07-11T17:47:07.561548,34.687,49.275423,-123.200366,7.0,21.617,0,2.0,256.0,2.8,342.0,0.7,0.0,0.0,357.88,212.04,619.29,0.0,0.0,None,None,None,None,None,None,None,None,None,None,None,None
2026-07-11T17:47:07.660620,34.786,49.275423,-123.200366,7.0,21.617,0,2.0,256.0,2.8,342.0,0.7,0.0,0.0,357.88,212.04,619.29,0.0,0.0,None,None,None,None,None,None,None,None,None,None,None,None
2026-07-11T17:47:07.660952,34.786,49.275423,-123.200366,7.0,21.617,0,2.0,256.0,2.6,356.0,0.7,0.0,0.0,357.88,212.04,619.29,0.0,0.0,None,None,None,None,None,None,None,None,None,None,None,None
2026-07-11T17:47:07.661213,34.787,49.275423,-123.200366,7.0,21.617,0,2.1,246.0,2.6,356.0,0.7,0.0,0.0,357.88,212.04,619.29,0.0,0.0,None,None,None,None,None,None,None,None,None,None,None,None
2026-07-11T17:47:07.661504,34.787,49.275423,-123.200366,7.0,21.617,0,2.1,246.0,2.6,356.0,0.7,0.0,0.0,357.88,212.04,619.29,0.0,0.0,None,None,None,None,None,None,None,None,None,None,None,None
2026-07-11T17:47:07.760134,34.886,49.275423,-123.200366,7.0,21.617,0,2.1,246.0,2.6,356.0,0.7,0.0,0.0,357.88,212.04,619.29,0.0,0.0,None,None,None,None,None,None,None,None,None,None,None,None
2026-07-11T17:47:07.760479,34.886,49.275423,-123.200366,7.0,21.617,0,2.1,246.0,2.6,356.0,0.7,0.0,0.0,357.88,212.04,619.29,0.0,0.0,None,None,None,None,None,None,None,None,None,None,None,None
2026-07-11T17:47:07.860341,34.986,49.275423,-123.200366,7.0,21.617,0,2.1,246.0,2.6,356.0,0.7,0.0,0.0,357.88,212.04,619.29,0.0,0.0,None,None,None,None,None,None,None,None,None,None,None,None
2026-07-11T17:47:07.860697,34.986,49.275423,-123.200366,7.0,21.617,0,2.1,246.0,2.6,356.0,0.7,0.0,0.0,357.88,212.04,619.29,0.0,0.0,None,None,None,None,None,None,None,None,None,None,None,None
2026-07-11T17:47:07.860978,34.986,49.275423,-123.200366,7.0,21.617,0,2.1,246.0,2.6,356.0,0.7,0.0,0.0,357.88,212.04,619.29,0.0,0.0,None,None,None,None,None,None,None,None,None,None,None,None
2026-07-11T17:47:07.861258,34.987,49.275423,-123.200366,7.0,21.617,0,2.1,246.0,2.6,356.0,0.7,0.0,0.0,357.88,212.04,619.29,0.0,0.0,None,None,None,None,None,None,None,None,None,None,None,None
2026-07-11T17:47:07.861585,34.987,49.275423,-123.200366,7.0,21.617,0,2.1,246.0,2.6,356.0,0.7,0.0,0.0,357.88,212.04,619.29,0.0,0.0,None,None,None,None,None,None,None,None,None,None,None,None
2026-07-11T17:47:07.960550,35.086,49.275423,-123.200366,7.0,21.617,0,2.1,246.0,2.3,14.0,0.7,0.0,0.0,357.88,212.04,619.29,0.0,0.0,None,None,None,None,None,None,None,None,None,None,None,None
2026-07-11T17:47:07.960938,35.086,49.275423,-123.200366,7.0,21.617,0,2.1,246.0,2.3,14.0,0.7,0.0,0.0,357.88,212.04,619.29,0.0,0.0,None,None,None,None,None,None,None,None,None,None,None,None
2026-07-11T17:47:07.961209,35.087,49.275423,-123.200366,7.0,21.617,0,1.9,242.0,2.3,14.0,0.7,0.0,0.0,357.88,212.04,619.29,0.0,0.0,None,None,None,None,None,None,None,None,None,None,None,None
2026-07-11T17:47:07.961468,35.087,49.275423,-123.200366,7.0,21.617,0,1.9,242.0,2.3,14.0,0.7,0.0,0.0,357.88,212.04,619.29,0.0,0.0,None,None,None,None,None,None,None,None,None,None,None,None
2026-07-11T17:47:08.060557,35.186,49.275423,-123.200366,7.0,21.617,0,1.9,242.0,2.3,14.0,0.7,0.0,0.0,357.88,212.04,619.29,0.0,0.0,None,None,None,None,None,None,None,None,None,None,None,None
2026-07-11T17:47:08.060922,35.186,49.275423,-123.200366,7.0,21.617,0,1.9,242.0,2.3,14.0,0.7,0.0,0.0,357.88,212.04,619.29,0.0,0.0,None,None,None,None,None,None,None,None,None,None,None,None
2026-07-11T17:47:08.061227,35.187,49.275423,-123.200366,7.0,21.617,0,1.9,242.0,2.3,14.0,0.7,0.0,0.0,357.88,212.04,619.29,0.0,0.0,None,None,None,None,None,None,None,None,None,None,None,None
2026-07-11T17:47:08.159930,35.285,49.275423,-123.200366,7.0,21.615,0,1.9,242.0,2.3,14.0,0.7,0.0,0.0,357.88,212.04,619.29,0.0,0.0,None,None,None,None,None,None,None,None,None,None,None,None
2026-07-11T17:47:08.160271,35.286,49.275423,-123.200366,7.0,21.615,0,1.9,242.0,2.3,14.0,0.7,0.0,0.0,357.88,212.04,619.29,0.0,0.0,None,None,None,None,None,None,None,None,None,None,None,None
2026-07-11T17:47:08.160525,35.286,49.275423,-123.200366,7.0,21.615,0,1.9,242.0,2.3,14.0,0.7,0.0,0.0,357.88,212.04,619.29,0.0,0.0,None,None,None,None,None,None,None,None,None,None,None,None
2026-07-11T17:47:08.160838,35.286,49.275423,-123.200366,7.0,21.615,0,1.9,242.0,2.3,14.0,0.7,0.0,0.0,357.88,212.04,619.29,0.0,0.0,None,None,None,None,None,None,None,None,None,None,None,None
2026-07-11T17:47:08.161135,35.287,49.275423,-123.200366,7.0,21.615,0,1.9,242.0,2.0,24.0,0.7,0.0,0.0,357.88,212.04,619.29,0.0,0.0,None,None,None,None,None,None,None,None,None,None,None,None
2026-07-11T17:47:08.260815,35.386,49.275423,-123.200366,7.0,21.615,0,1.9,242.0,2.0,24.0,0.7,0.0,0.0,357.88,212.04,619.29,0.0,0.0,None,None,None,None,None,None,None,None,None,None,None,None
2026-07-11T17:47:08.261096,35.386,49.275423,-123.200366,7.0,21.615,0,1.8,257.0,2.0,24.0,0.7,0.0,0.0,357.88,212.04,619.29,0.0,0.0,None,None,None,None,None,None,None,None,None,None,None,None
2026-07-11T17:47:08.261687,35.387,49.275423,-123.200366,7.0,21.615,0,1.8,257.0,2.0,24.0,0.7,0.0,0.0,357.88,212.04,619.29,0.0,0.0,None,None,None,None,None,None,None,None,None,None,None,None
2026-07-11T17:47:08.261934,35.387,49.275423,-123.200366,7.0,21.615,0,1.8,257.0,2.0,24.0,0.7,0.0,0.0,357.88,212.04,619.29,0.0,0.0,None,None,None,None,None,None,None,None,None,None,None,None
2026-07-11T17:47:08.262298,35.388,49.275423,-123.200366,7.0,21.615,0,1.8,257.0,2.0,24.0,0.7,0.0,0.0,357.88,212.04,619.29,0.0,0.0,None,None,None,None,None,None,None,None,None,None,None,None
2026-07-11T17:47:08.262579,35.388,49.275423,-123.200366,7.0,21.615,0,1.8,257.0,2.0,24.0,0.7,0.0,0.0,357.88,212.04,619.29,0.0,0.0,None,None,None,None,None,None,None,None,None,None,None,None
2026-07-11T17:47:08.263213,35.389,49.275423,-123.200366,7.0,21.615,0,1.8,257.0,2.0,24.0,0.7,0.0,0.0,357.88,212.04,619.29,0.0,0.0,None,None,None,None,None,None,None,None,None,None,None,None
2026-07-11T17:47:08.360015,35.485,49.275423,-123.200366,7.0,21.615,0,1.8,257.0,2.0,24.0,0.7,0.0,0.0,357.88,212.04,619.29,0.0,0.0,None,None,None,None,None,None,None,None,None,None,None,None
2026-07-11T17:47:08.360324,35.486,49.275423,-123.200366,7.0,21.615,0,1.8,257.0,2.0,24.0,0.7,0.0,0.0,357.88,212.04,619.29,0.0,0.0,None,None,None,None,None,None,None,None,None,None,None,None
2026-07-11T17:47:08.360646,35.486,49.275423,-123.200366,7.0,21.615,0,1.8,257.0,2.0,24.0,0.7,0.0,0.0,357.88,212.04,619.29,0.0,0.0,None,None,None,None,None,None,None,None,None,None,None,None
2026-07-11T17:47:08.460814,35.586,49.275423,-123.200366,7.0,21.615,0,1.8,257.0,2.0,24.0,0.7,0.0,0.0,357.88,212.04,619.29,0.0,0.0,None,None,None,None,None,None,None,None,None,None,None,None
2026-07-11T17:47:08.461136,35.587,49.275423,-123.200366,7.0,21.615,0,1.8,257.0,1.1,11.0,0.7,0.0,0.0,357.88,212.04,619.29,0.0,0.0,None,None,None,None,None,None,None,None,None,None,None,None
2026-07-11T17:47:08.461433,35.587,49.275423,-123.200366,7.0,21.615,0,1.8,257.0,1.1,11.0,0.7,0.0,0.0,357.88,212.04,619.29,0.0,0.0,None,None,None,None,None,None,None,None,None,None,None,None
2026-07-11T17:47:08.461640,35.587,49.275423,-123.200366,7.0,21.615,0,1.9,262.0,1.1,11.0,0.7,0.0,0.0,357.88,212.04,619.29,0.0,0.0,None,None,None,None,None,None,None,None,None,None,None,None
2026-07-11T17:47:08.560713,35.686,49.275423,-123.200366,7.0,21.615,0,1.9,262.0,1.1,11.0,0.7,0.0,0.0,357.88,212.04,619.29,0.0,0.0,None,None,None,None,None,None,None,None,None,None,None,None
2026-07-11T17:47:08.561116,35.687,49.275423,-123.200366,7.0,21.615,0,1.9,262.0,1.1,11.0,0.7,0.0,0.0,357.88,212.04,619.29,0.0,0.0,None,None,None,None,None,None,None,None,None,None,None,None
2026-07-11T17:47:08.561382,35.687,49.275423,-123.200366,7.0,21.615,0,1.9,262.0,1.1,11.0,0.7,0.0,0.0,357.88,212.04,619.29,0.0,0.0,None,None,None,None,None,None,None,None,None,None,None,None
2026-07-11T17:47:08.561643,35.687,49.275423,-123.200366,7.0,21.615,0,1.9,262.0,1.1,11.0,0.7,0.0,0.0,357.88,212.04,619.29,0.0,0.0,None,None,None,None,None,None,None,None,None,None,None,None
2026-07-11T17:47:08.660907,35.786,49.275423,-123.200366,7.0,21.615,0,1.9,262.0,1.1,11.0,0.7,0.0,0.0,357.88,212.04,619.29,0.0,0.0,None,None,None,None,None,None,None,None,None,None,None,None
2026-07-11T17:47:08.661227,35.787,49.275423,-123.200366,7.0,21.615,0,1.9,262.0,1.1,11.0,0.7,0.0,0.0,357.88,212.04,619.29,0.0,0.0,None,None,None,None,None,None,None,None,None,None,None,None
2026-07-11T17:47:08.760300,35.886,49.275423,-123.200366,7.0,21.615,0,1.9,262.0,1.1,11.0,0.7,0.0,0.0,357.88,212.04,619.29,0.0,0.0,None,None,None,None,None,None,None,None,None,None,None,None
2026-07-11T17:47:08.760602,35.886,49.275423,-123.200366,7.0,21.615,0,1.9,262.0,0.0,359.0,0.7,0.0,0.0,357.88,212.04,619.29,0.0,0.0,None,None,None,None,None,None,None,None,None,None,None,None
2026-07-11T17:47:08.760874,35.886,49.275423,-123.200366,7.0,21.615,0,1.8,257.0,0.0,359.0,0.7,0.0,0.0,357.88,212.04,619.29,0.0,0.0,None,None,None,None,None,None,None,None,None,None,None,None
2026-07-11T17:47:08.761180,35.887,49.275423,-123.200366,7.0,21.615,0,1.8,257.0,0.0,359.0,0.7,0.0,0.0,357.88,212.04,619.29,0.0,0.0,None,None,None,None,None,None,None,None,None,None,None,None
2026-07-11T17:47:08.761421,35.887,49.275423,-123.200366,7.0,21.615,0,1.8,257.0,0.0,359.0,0.7,0.0,0.0,357.88,212.04,619.29,0.0,0.0,None,None,None,None,None,None,None,None,None,None,None,None
2026-07-11T17:47:08.860074,35.985,49.275423,-123.200366,7.0,21.615,0,1.8,257.0,0.0,359.0,0.7,0.0,0.0,357.88,212.04,619.29,0.0,0.0,None,None,None,None,None,None,None,None,None,None,None,None
2026-07-11T17:47:08.860377,35.986,49.275423,-123.200366,7.0,21.615,0,1.8,257.0,0.0,359.0,0.7,0.0,0.0,357.88,212.04,619.29,0.0,0.0,None,None,None,None,None,None,None,None,None,None,None,None
2026-07-11T17:47:08.860643,35.986,49.275423,-123.200366,7.0,21.615,0,1.8,257.0,0.0,359.0,0.7,0.0,0.0,357.88,212.04,619.29,0.0,0.0,None,None,None,None,None,None,None,None,None,None,None,None
2026-07-11T17:47:08.960792,36.086,49.275423,-123.200366,7.0,21.615,0,1.8,257.0,0.0,359.0,0.7,0.0,0.0,357.88,212.04,619.29,0.0,0.0,None,None,None,None,None,None,None,None,None,None,None,None
2026-07-11T17:47:08.961101,36.086,49.275423,-123.200366,7.0,21.615,0,1.8,257.0,0.0,359.0,0.7,0.0,0.0,357.88,212.04,619.29,0.0,0.0,None,None,None,None,None,None,None,None,None,None,None,None
2026-07-11T17:47:08.961387,36.087,49.275423,-123.200366,7.0,21.615,0,1.8,257.0,0.0,359.0,0.7,0.0,0.0,357.88,212.04,619.29,0.0,0.0,None,None,None,None,None,None,None,None,None,None,None,None
2026-07-11T17:47:08.961669,36.087,49.275423,-123.200366,7.0,21.615,0,1.8,257.0,0.0,179.0,0.7,0.0,0.0,357.88,212.04,619.29,0.0,0.0,None,None,None,None,None,None,None,None,None,None,None,None
2026-07-11T17:47:09.060837,36.186,49.275423,-123.200366,7.0,21.615,0,1.8,257.0,0.0,179.0,0.7,0.0,0.0,357.88,212.04,619.29,0.0,0.0,None,None,None,None,None,None,None,None,None,None,None,None
2026-07-11T17:47:09.061110,36.186,49.275423,-123.200366,7.0,21.615,0,1.4,272.0,0.0,179.0,0.7,0.0,0.0,357.88,212.04,619.29,0.0,0.0,None,None,None,None,None,None,None,None,None,None,None,None
2026-07-11T17:47:09.061333,36.187,49.275423,-123.200366,7.0,21.615,0,1.4,272.0,0.0,179.0,0.7,0.0,0.0,357.88,212.04,619.29,0.0,0.0,None,None,None,None,None,None,None,None,None,None,None,None
2026-07-11T17:47:09.061672,36.187,49.275423,-123.200366,7.0,21.615,0,1.4,272.0,0.0,179.0,0.7,0.0,0.0,357.88,212.04,619.29,0.0,0.0,None,None,None,None,None,None,None,None,None,None,None,None
2026-07-11T17:47:09.160819,36.286,49.275423,-123.200366,7.0,21.615,0,1.4,272.0,0.0,179.0,0.7,0.0,0.0,357.88,212.04,619.29,0.0,0.0,None,None,None,None,None,None,None,None,None,None,None,None
2026-07-11T17:47:09.161185,36.287,49.275423,-123.200366,7.0,21.615,0,1.4,272.0,0.0,179.0,0.7,0.0,0.0,357.88,212.04,619.29,0.0,0.0,None,None,None,None,None,None,None,None,None,None,None,None
2026-07-11T17:47:09.261171,36.387,49.275423,-123.200366,7.0,21.615,0,1.4,272.0,0.0,179.0,0.7,0.0,0.0,357.88,212.04,619.29,0.0,0.0,None,None,None,None,None,None,None,None,None,None,None,None
2026-07-11T17:47:09.261489,36.387,49.275423,-123.200366,7.0,21.615,0,1.4,272.0,0.0,179.0,0.7,0.0,0.0,357.88,212.04,619.29,0.0,0.0,None,None,None,None,None,None,None,None,None,None,None,None
2026-07-11T17:47:09.261751,36.387,49.275423,-123.200366,7.0,21.615,0,1.4,272.0,0.0,179.0,0.7,0.0,0.0,357.88,212.04,619.29,0.0,0.0,None,None,None,None,None,None,None,None,None,None,None,None
2026-07-11T17:47:09.262021,36.387,49.275423,-123.200366,7.0,21.615,0,1.4,272.0,0.0,44.0,0.7,0.0,0.0,357.88,212.04,619.29,0.0,0.0,None,None,None,None,None,None,None,None,None,None,None,None
2026-07-11T17:47:09.262373,36.388,49.275423,-123.200366,7.0,21.615,0,1.4,272.0,0.0,44.0,0.7,0.0,0.0,357.88,212.04,619.29,0.0,0.0,None,None,None,None,None,None,None,None,None,None,None,None
2026-07-11T17:47:09.262646,36.388,49.275423,-123.200366,7.0,21.615,0,0.8,296.0,0.0,44.0,0.7,0.0,0.0,357.88,212.04,619.29,0.0,0.0,None,None,None,None,None,None,None,None,None,None,None,None
2026-07-11T17:47:09.262847,36.388,49.275423,-123.200366,7.0,21.615,0,0.8,296.0,0.0,44.0,0.7,0.0,0.0,357.88,212.04,619.29,0.0,0.0,None,None,None,None,None,None,None,None,None,None,None,None
2026-07-11T17:47:09.263021,36.388,49.275423,-123.200366,7.0,21.615,0,0.8,296.0,0.0,44.0,0.7,0.0,0.0,357.88,212.04,619.29,0.0,0.0,None,None,None,None,None,None,None,None,None,None,None,None
2026-07-11T17:47:09.360683,36.486,49.275423,-123.200366,7.0,21.615,0,0.8,296.0,0.0,44.0,0.7,0.0,0.0,357.88,212.04,619.29,0.0,0.0,None,None,None,None,None,None,None,None,None,None,None,None
2026-07-11T17:47:09.361048,36.486,49.275423,-123.200366,7.0,21.615,0,0.8,296.0,0.0,44.0,0.7,0.0,0.0,357.88,212.04,619.29,0.0,0.0,None,None,None,None,None,None,None,None,None,None,None,None
2026-07-11T17:47:09.361313,36.487,49.275423,-123.200366,7.0,21.615,0,0.8,296.0,0.0,44.0,0.7,0.0,0.0,357.88,212.04,619.29,0.0,0.0,None,None,None,None,None,None,None,None,None,None,None,None
2026-07-11T17:47:09.361672,36.487,49.275423,-123.200366,7.0,21.615,0,0.8,296.0,0.0,44.0,0.7,0.0,0.0,357.88,212.04,619.29,0.0,0.0,None,None,None,None,None,None,None,None,None,None,None,None
2026-07-11T17:47:09.460917,36.586,49.275423,-123.200366,7.0,21.615,0,0.8,296.0,0.0,44.0,0.7,0.0,0.0,357.88,212.04,619.29,0.0,0.0,None,None,None,None,None,None,None,None,None,None,None,None
2026-07-11T17:47:09.461233,36.587,49.275423,-123.200366,7.0,21.615,0,0.8,296.0,0.0,44.0,0.7,0.0,0.0,357.88,212.04,619.29,0.0,0.0,None,None,None,None,None,None,None,None,None,None,None,None
2026-07-11T17:47:09.560202,36.686,49.275423,-123.200366,7.0,21.615,0,0.8,296.0,0.0,44.0,0.7,0.0,0.0,357.88,212.04,619.29,0.0,0.0,None,None,None,None,None,None,None,None,None,None,None,None
2026-07-11T17:47:09.560532,36.686,49.275423,-123.200366,7.0,21.615,0,0.8,296.0,0.0,44.0,0.7,0.0,0.0,357.88,212.04,619.29,0.0,0.0,None,None,None,None,None,None,None,None,None,None,None,None
2026-07-11T17:47:09.560758,36.686,49.275423,-123.200366,7.0,21.615,0,0.7,284.0,0.0,44.0,0.7,0.0,0.0,357.88,212.04,619.29,0.0,0.0,None,None,None,None,None,None,None,None,None,None,None,None
2026-07-11T17:47:09.561043,36.686,49.275423,-123.200366,7.0,21.615,0,0.7,284.0,0.0,44.0,0.7,0.0,0.0,357.88,212.04,619.29,0.0,0.0,None,None,None,None,None,None,None,None,None,None,None,None
2026-07-11T17:47:09.561758,36.687,49.275423,-123.200366,7.0,21.615,0,0.7,284.0,0.0,44.0,0.7,0.0,0.0,357.88,212.04,619.29,0.0,0.0,None,None,None,None,None,None,None,None,None,None,None,None
2026-07-11T17:47:09.561918,36.687,49.275423,-123.200366,7.0,21.615,0,0.7,284.0,0.0,44.0,0.7,0.0,0.0,357.88,212.04,619.29,0.0,0.0,None,None,None,None,None,None,None,None,None,None,None,None
2026-07-11T17:47:09.562079,36.687,49.275423,-123.200366,7.0,21.615,0,0.7,284.0,0.0,44.0,0.7,0.0,0.0,357.88,212.04,619.29,0.0,0.0,None,None,None,None,None,None,None,None,None,None,None,None
2026-07-11T17:47:09.660788,36.786,49.275423,-123.200366,7.0,21.615,0,0.7,284.0,0.0,44.0,0.7,0.0,0.0,357.88,212.04,619.29,0.0,0.0,None,None,None,None,None,None,None,None,None,None,None,None
2026-07-11T17:47:09.661103,36.786,49.275423,-123.200366,7.0,21.615,0,0.7,284.0,0.0,44.0,0.7,0.0,0.0,357.88,212.04,619.29,0.0,0.0,None,None,None,None,None,None,None,None,None,None,None,None
2026-07-11T17:47:09.760926,36.886,49.275423,-123.200366,7.0,21.615,0,0.7,284.0,0.0,44.0,0.7,0.0,0.0,357.88,212.04,619.29,0.0,0.0,None,None,None,None,None,None,None,None,None,None,None,None
2026-07-11T17:47:09.761299,36.887,49.275423,-123.200366,7.0,21.615,0,0.7,284.0,0.0,44.0,0.7,0.0,0.0,357.88,212.04,619.29,0.0,0.0,None,None,None,None,None,None,None,None,None,None,None,None
2026-07-11T17:47:09.761592,36.887,49.275423,-123.200366,7.0,21.615,0,0.7,284.0,0.0,44.0,0.7,0.0,0.0,357.88,212.04,619.29,0.0,0.0,None,None,None,None,None,None,None,None,None,None,None,None
2026-07-11T17:47:09.910349,37.036,49.275423,-123.200366,7.0,21.615,0,1.0,272.0,0.0,44.0,0.7,0.0,0.0,357.88,212.04,619.29,0.0,0.0,None,None,None,None,None,None,None,None,None,None,None,None
2026-07-11T17:47:09.910671,37.036,49.275423,-123.200366,7.0,21.615,0,1.0,272.0,0.0,44.0,0.7,0.0,0.0,357.88,212.04,619.29,0.0,0.0,None,None,None,None,None,None,None,None,None,None,None,None
2026-07-11T17:47:09.910939,37.036,49.275423,-123.200366,7.0,21.615,0,1.0,272.0,0.0,44.0,0.7,0.0,0.0,357.88,212.04,619.29,0.0,0.0,None,None,None,None,None,None,None,None,None,None,None,None
2026-07-11T17:47:09.911187,37.037,49.275423,-123.200366,7.0,21.615,0,1.0,272.0,0.0,44.0,0.7,0.0,0.0,357.88,212.04,619.29,0.0,0.0,None,None,None,None,None,None,None,None,None,None,None,None
2026-07-11T17:47:09.911509,37.037,49.275423,-123.200366,7.0,21.615,0,1.0,272.0,0.0,44.0,0.7,0.0,0.0,357.88,212.04,619.29,0.0,0.0,None,None,None,None,None,None,None,None,None,None,None,None
2026-07-11T17:47:09.911744,37.037,49.275423,-123.200366,7.0,21.615,0,1.0,272.0,0.0,44.0,0.7,0.0,0.0,357.88,212.04,619.29,0.0,0.0,None,None,None,None,None,None,None,None,None,None,None,None
2026-07-11T17:47:10.010106,37.135,49.275423,-123.200366,7.0,21.615,0,1.0,272.0,0.0,44.0,0.7,0.0,0.0,357.88,212.04,619.29,0.0,0.0,None,None,None,None,None,None,None,None,None,None,None,None
2026-07-11T17:47:10.010473,37.136,49.275423,-123.200366,7.0,21.615,0,1.0,272.0,0.0,44.0,0.7,0.0,0.0,357.88,212.04,619.29,0.0,0.0,None,None,None,None,None,None,None,None,None,None,None,None
2026-07-11T17:47:10.110418,37.236,49.275423,-123.200366,7.0,21.615,0,1.0,272.0,0.0,44.0,0.7,0.0,0.0,357.88,212.04,619.29,0.0,0.0,None,None,None,None,None,None,None,None,None,None,None,None
2026-07-11T17:47:10.110711,37.236,49.275423,-123.200366,7.0,21.615,0,1.0,272.0,0.0,359.0,0.7,0.0,0.0,357.88,212.04,619.29,0.0,0.0,None,None,None,None,None,None,None,None,None,None,None,None
2026-07-11T17:47:10.110999,37.236,49.275423,-123.200366,7.0,21.615,0,1.0,272.0,0.0,359.0,0.7,0.0,0.0,357.88,212.04,619.29,0.0,0.0,None,None,None,None,None,None,None,None,None,None,None,None
2026-07-11T17:47:10.111328,37.237,49.275423,-123.200366,7.0,21.615,0,1.0,272.0,0.0,359.0,0.7,0.0,0.0,357.88,212.04,619.29,0.0,0.0,None,None,None,None,None,None,None,None,None,None,None,None
2026-07-11T17:47:10.111608,37.237,49.275423,-123.200366,7.0,21.615,0,1.6,272.0,0.0,359.0,0.7,0.0,0.0,357.88,212.04,619.29,0.0,0.0,None,None,None,None,None,None,None,None,None,None,None,None
2026-07-11T17:47:10.111870,37.237,49.275423,-123.200366,7.0,21.615,0,1.6,272.0,0.0,359.0,0.7,0.0,0.0,357.88,212.04,619.29,0.0,0.0,None,None,None,None,None,None,None,None,None,None,None,None
2026-07-11T17:47:10.112099,37.237,49.275423,-123.200366,7.0,21.615,0,1.6,272.0,0.0,359.0,0.7,0.0,0.0,357.88,212.04,619.29,0.0,0.0,None,None,None,None,None,None,None,None,None,None,None,None
2026-07-11T17:47:10.160718,37.286,49.275423,-123.200366,7.0,21.615,0,1.6,272.0,0.0,359.0,0.7,0.0,0.0,357.88,212.04,619.29,0.0,0.0,None,None,None,None,None,None,None,None,None,None,None,None
2026-07-11T17:47:10.161104,37.286,49.275423,-123.200366,7.0,21.615,0,1.6,272.0,0.0,359.0,0.7,0.0,0.0,357.88,212.04,619.29,0.0,0.0,None,None,None,None,None,None,None,None,None,None,None,None
2026-07-11T17:47:10.161398,37.287,49.275423,-123.200366,7.0,21.615,0,1.6,272.0,0.0,359.0,0.7,0.0,0.0,357.88,212.04,619.29,0.0,0.0,None,None,None,None,None,None,None,None,None,None,None,None
2026-07-11T17:47:10.162046,37.287,49.275423,-123.200366,7.0,21.615,0,1.6,272.0,0.0,359.0,0.7,0.0,0.0,357.88,212.04,619.29,0.0,0.0,None,None,None,None,None,None,None,None,None,None,None,None
2026-07-11T17:47:10.310361,37.436,49.275423,-123.200366,7.0,21.615,0,1.6,272.0,0.0,359.0,0.7,0.0,0.0,357.88,212.04,619.29,0.0,0.0,None,None,None,None,None,None,None,None,None,None,None,None
2026-07-11T17:47:10.310934,37.436,49.275423,-123.200368,7.0,21.615,0,1.6,272.0,0.0,359.0,0.7,0.0,0.0,357.88,212.04,619.29,0.0,0.0,None,None,None,None,None,None,None,None,None,None,None,None
2026-07-11T17:47:10.311237,37.437,49.275423,-123.200368,7.0,21.615,0,1.6,272.0,0.0,359.0,0.7,0.0,0.0,357.88,212.04,619.29,0.0,0.0,None,None,None,None,None,None,None,None,None,None,None,None
2026-07-11T17:47:10.311535,37.437,49.275423,-123.200368,7.0,21.615,0,1.6,272.0,0.0,359.0,0.7,0.0,0.0,357.88,212.04,619.29,0.0,0.0,None,None,None,None,None,None,None,None,None,None,None,None
2026-07-11T17:47:10.410488,37.536,49.275423,-123.200368,7.0,21.615,0,1.6,272.0,0.0,359.0,0.7,0.0,0.0,357.88,212.04,619.29,0.0,0.0,None,None,None,None,None,None,None,None,None,None,None,None
2026-07-11T17:47:10.410851,37.536,49.275423,-123.200368,7.0,21.615,0,1.6,272.0,0.0,359.0,0.7,0.0,0.0,357.88,212.04,619.29,0.0,0.0,None,None,None,None,None,None,None,None,None,None,None,None
2026-07-11T17:47:10.411039,37.536,49.275423,-123.200368,7.0,21.615,0,1.6,272.0,0.7,299.0,0.7,0.0,0.0,357.88,212.04,619.29,0.0,0.0,None,None,None,None,None,None,None,None,None,None,None,None
2026-07-11T17:47:10.411171,37.537,49.275423,-123.200368,7.0,21.615,0,1.8,260.0,0.7,299.0,0.7,0.0,0.0,357.88,212.04,619.29,0.0,0.0,None,None,None,None,None,None,None,None,None,None,None,None
2026-07-11T17:47:10.411338,37.537,49.275423,-123.200368,7.0,21.615,0,1.8,260.0,0.7,299.0,0.7,0.0,0.0,357.88,212.04,619.29,0.0,0.0,None,None,None,None,None,None,None,None,None,None,None,None
2026-07-11T17:47:10.411639,37.537,49.275423,-123.200368,7.0,21.615,0,1.8,260.0,0.7,299.0,0.7,0.0,0.0,357.88,212.04,619.29,0.0,0.0,None,None,None,None,None,None,None,None,None,None,None,None
2026-07-11T17:47:10.510415,37.636,49.275423,-123.200368,7.0,21.615,0,1.8,260.0,0.7,299.0,0.7,0.0,0.0,357.88,212.04,619.29,0.0,0.0,None,None,None,None,None,None,None,None,None,None,None,None
2026-07-11T17:47:10.510851,37.636,49.275423,-123.200368,7.0,21.615,0,1.8,260.0,0.7,299.0,0.7,0.0,0.0,357.88,212.04,619.29,0.0,0.0,None,None,None,None,None,None,None,None,None,None,None,None
2026-07-11T17:47:10.511248,37.637,49.275423,-123.200368,7.0,21.615,0,1.8,260.0,0.7,299.0,0.7,0.0,0.0,357.88,212.04,619.29,0.0,0.0,None,None,None,None,None,None,None,None,None,None,None,None
2026-07-11T17:47:10.511494,37.637,49.275423,-123.200368,7.0,21.615,0,1.8,260.0,0.7,299.0,0.7,0.0,0.0,357.88,212.04,619.29,0.0,0.0,None,None,None,None,None,None,None,None,None,None,None,None
2026-07-11T17:47:10.562089,37.687,49.275423,-123.200368,7.0,21.615,0,1.8,260.0,0.7,299.0,0.7,0.0,0.0,357.88,212.04,619.29,0.0,0.0,None,None,None,None,None,None,None,None,None,None,None,None
2026-07-11T17:47:10.562418,37.688,49.275423,-123.200368,7.0,21.615,0,1.8,260.0,0.7,299.0,0.7,0.0,0.0,357.88,212.04,619.29,0.0,0.0,None,None,None,None,None,None,None,None,None,None,None,None
2026-07-11T17:47:10.562618,37.688,49.275423,-123.200368,7.0,21.615,0,1.8,260.0,0.9,302.0,0.7,0.0,0.0,357.88,212.04,619.29,0.0,0.0,None,None,None,None,None,None,None,None,None,None,None,None
2026-07-11T17:47:10.710089,37.835,49.275423,-123.200368,7.0,21.615,0,1.7,272.0,0.9,302.0,0.7,0.0,0.0,357.88,212.04,619.29,0.0,0.0,None,None,None,None,None,None,None,None,None,None,None,None
2026-07-11T17:47:10.710305,37.836,49.275423,-123.200368,7.0,21.615,0,1.7,272.0,0.9,302.0,0.7,0.0,0.0,357.88,212.04,619.29,0.0,0.0,None,None,None,None,None,None,None,None,None,None,None,None
2026-07-11T17:47:10.710605,37.836,49.275423,-123.200368,7.0,21.615,0,1.7,272.0,0.9,302.0,0.7,0.0,0.0,357.88,212.04,619.29,0.0,0.0,None,None,None,None,None,None,None,None,None,None,None,None
2026-07-11T17:47:10.710792,37.836,49.275423,-123.200368,7.0,21.615,0,1.7,272.0,0.9,302.0,0.7,0.0,0.0,357.88,212.04,619.29,0.0,0.0,None,None,None,None,None,None,None,None,None,None,None,None
2026-07-11T17:47:10.810341,37.936,49.275423,-123.200368,7.0,21.615,0,1.7,272.0,0.9,302.0,0.7,0.0,0.0,357.88,212.04,619.29,0.0,0.0,None,None,None,None,None,None,None,None,None,None,None,None
2026-07-11T17:47:10.810676,37.936,49.275423,-123.200368,7.0,21.615,0,1.7,272.0,0.9,302.0,0.7,0.0,0.0,357.88,212.04,619.29,0.0,0.0,None,None,None,None,None,None,None,None,None,None,None,None
2026-07-11T17:47:10.910892,38.036,49.275423,-123.200368,7.0,21.615,0,1.7,272.0,0.9,302.0,0.7,0.0,0.0,357.88,212.04,619.29,0.0,0.0,None,None,None,None,None,None,None,None,None,None,None,None
2026-07-11T17:47:10.911116,38.037,49.275423,-123.200368,7.0,21.615,0,1.7,272.0,0.9,302.0,0.7,0.0,0.0,357.88,212.04,619.29,0.0,0.0,None,None,None,None,None,None,None,None,None,None,None,None
2026-07-11T17:47:10.911273,38.037,49.275423,-123.200368,7.0,21.615,0,1.7,272.0,1.2,306.0,0.7,0.0,0.0,357.88,212.04,619.29,0.0,0.0,None,None,None,None,None,None,None,None,None,None,None,None
2026-07-11T17:47:10.911406,38.037,49.275423,-123.200368,7.0,21.615,0,1.3,279.0,1.2,306.0,0.7,0.0,0.0,357.88,212.04,619.29,0.0,0.0,None,None,None,None,None,None,None,None,None,None,None,None
2026-07-11T17:47:10.911591,38.037,49.275423,-123.200368,7.0,21.615,0,1.3,279.0,1.2,306.0,0.7,0.0,0.0,357.88,212.04,619.29,0.0,0.0,None,None,None,None,None,None,None,None,None,None,None,None
2026-07-11T17:47:10.911962,38.037,49.275423,-123.200368,7.0,21.615,0,1.3,279.0,1.2,306.0,0.7,0.0,0.0,357.88,212.04,619.29,0.0,0.0,None,None,None,None,None,None,None,None,None,None,None,None
2026-07-11T17:47:11.010777,38.136,49.275423,-123.200368,7.0,21.615,0,1.3,279.0,1.2,306.0,0.7,0.0,0.0,357.88,212.04,619.29,0.0,0.0,None,None,None,None,None,None,None,None,None,None,None,None
2026-07-11T17:47:11.011005,38.136,49.275423,-123.200368,7.0,21.615,0,1.3,279.0,1.2,306.0,0.7,0.0,0.0,357.88,212.04,619.29,0.0,0.0,None,None,None,None,None,None,None,None,None,None,None,None
2026-07-11T17:47:11.015397,38.141,49.275423,-123.200368,7.0,21.615,0,1.3,279.0,1.2,306.0,0.7,0.0,0.0,357.88,212.04,619.29,0.0,0.0,None,None,None,None,None,None,None,None,None,None,None,None
2026-07-11T17:47:11.110680,38.236,49.275423,-123.200368,7.0,21.615,0,1.3,279.0,1.2,306.0,0.7,0.0,0.0,357.88,212.04,619.29,0.0,0.0,None,None,None,None,None,None,None,None,None,None,None,None
2026-07-11T17:47:11.110881,38.236,49.275423,-123.200368,7.0,21.615,0,1.3,279.0,1.2,306.0,0.7,0.0,0.0,357.88,212.04,619.29,0.0,0.0,None,None,None,None,None,None,None,None,None,None,None,None
2026-07-11T17:47:11.210108,38.336,49.275423,-123.200368,7.0,21.615,0,1.3,279.0,1.2,306.0,0.7,0.0,0.0,357.88,212.04,619.29,0.0,0.0,None,None,None,None,None,None,None,None,None,None,None,None
2026-07-11T17:47:11.210464,38.336,49.275423,-123.200368,7.0,21.615,0,1.3,279.0,1.2,306.0,0.7,0.0,0.0,357.88,212.04,619.29,0.0,0.0,None,None,None,None,None,None,None,None,None,None,None,None
2026-07-11T17:47:11.210647,38.336,49.275423,-123.200368,7.0,21.615,0,0.9,272.0,1.2,306.0,0.7,0.0,0.0,357.88,212.04,619.29,0.0,0.0,None,None,None,None,None,None,None,None,None,None,None,None
2026-07-11T17:47:11.210783,38.336,49.275423,-123.200368,7.0,21.615,0,0.9,272.0,1.2,306.0,0.7,0.0,0.0,357.88,212.04,619.29,0.0,0.0,None,None,None,None,None,None,None,None,None,None,None,None
2026-07-11T17:47:11.210975,38.336,49.275423,-123.200368,7.0,21.615,0,0.9,272.0,1.2,306.0,0.7,0.0,0.0,357.88,212.04,619.29,0.0,0.0,None,None,None,None,None,None,None,None,None,None,None,None
2026-07-11T17:47:11.310257,38.436,49.275423,-123.200368,7.0,21.615,0,0.9,272.0,1.2,306.0,0.7,0.0,0.0,357.88,212.04,619.29,0.0,0.0,None,None,None,None,None,None,None,None,None,None,None,None
2026-07-11T17:47:11.310628,38.436,49.275423,-123.200368,7.0,21.615,0,0.9,272.0,1.2,306.0,0.7,0.0,0.0,357.88,212.04,619.29,0.0,0.0,None,None,None,None,None,None,None,None,None,None,None,None
2026-07-11T17:47:11.310810,38.436,49.275423,-123.200368,7.0,21.615,0,0.9,272.0,1.2,306.0,0.7,0.0,0.0,357.88,212.04,619.29,0.0,0.0,None,None,None,None,None,None,None,None,None,None,None,None
2026-07-11T17:47:11.310954,38.436,49.275423,-123.200368,7.0,21.615,0,0.9,272.0,1.2,306.0,0.7,0.0,0.0,357.88,212.04,619.29,0.0,0.0,None,None,None,None,None,None,None,None,None,None,None,None
2026-07-11T17:47:11.311638,38.437,49.275423,-123.200368,7.0,21.615,0,0.9,272.0,1.2,306.0,0.7,0.0,0.0,357.88,212.04,619.29,0.0,0.0,None,None,None,None,None,None,None,None,None,None,None,None
2026-07-11T17:47:11.311842,38.437,49.275423,-123.200368,7.0,21.615,0,0.9,272.0,1.2,306.0,0.7,0.0,0.0,357.88,212.04,619.29,0.0,0.0,None,None,None,None,None,None,None,None,None,None,None,None
2026-07-11T17:47:11.410076,38.535,49.275423,-123.200368,7.0,21.615,0,0.9,272.0,1.2,306.0,0.7,0.0,0.0,357.88,212.04,619.29,0.0,0.0,None,None,None,None,None,None,None,None,None,None,None,None
2026-07-11T17:47:11.410683,38.536,49.275423,-123.200368,7.0,21.615,0,0.9,272.0,1.2,306.0,0.7,0.0,0.0,357.88,212.04,619.29,0.0,0.0,None,None,None,None,None,None,None,None,None,None,None,None
2026-07-11T17:47:11.410991,38.536,49.275423,-123.200368,7.0,21.615,0,0.9,272.0,0.9,320.0,0.7,0.0,0.0,357.88,212.04,619.29,0.0,0.0,None,None,None,None,None,None,None,None,None,None,None,None
2026-07-11T17:47:11.411278,38.537,49.275423,-123.200368,7.0,21.615,0,0.9,272.0,0.9,320.0,0.7,0.0,0.0,357.88,212.04,619.29,0.0,0.0,None,None,None,None,None,None,None,None,None,None,None,None
2026-07-11T17:47:11.516747,38.642,49.275423,-123.200368,7.0,21.615,0,0.2,248.0,0.9,320.0,0.7,0.0,0.0,357.88,212.04,619.29,0.0,0.0,None,None,None,None,None,None,None,None,None,None,None,None
2026-07-11T17:47:11.517116,38.643,49.275423,-123.200368,7.0,21.615,0,0.2,248.0,0.9,320.0,0.7,0.0,0.0,357.88,212.04,619.29,0.0,0.0,None,None,None,None,None,None,None,None,None,None,None,None
2026-07-11T17:47:11.517401,38.643,49.275423,-123.200368,7.0,21.615,0,0.2,248.0,0.9,320.0,0.7,0.0,0.0,357.88,212.04,619.29,0.0,0.0,None,None,None,None,None,None,None,None,None,None,None,None
2026-07-11T17:47:11.517720,38.643,49.275423,-123.200368,7.0,21.615,0,0.2,248.0,0.9,320.0,0.7,0.0,0.0,357.88,212.04,619.29,0.0,0.0,None,None,None,None,None,None,None,None,None,None,None,None
2026-07-11T17:47:11.610449,38.736,49.275423,-123.200368,7.0,21.615,0,0.2,248.0,0.9,320.0,0.7,0.0,0.0,357.88,212.04,619.29,0.0,0.0,None,None,None,None,None,None,None,None,None,None,None,None
2026-07-11T17:47:11.610834,38.736,49.275423,-123.200368,7.0,21.615,0,0.2,248.0,0.9,320.0,0.7,0.0,0.0,357.88,212.04,619.29,0.0,0.0,None,None,None,None,None,None,None,None,None,None,None,None
2026-07-11T17:47:11.710031,38.835,49.275423,-123.200368,7.0,21.615,0,0.2,248.0,0.9,320.0,0.7,0.0,0.0,357.88,212.04,619.29,0.0,0.0,None,None,None,None,None,None,None,None,None,None,None,None
2026-07-11T17:47:11.710330,38.836,49.275423,-123.200368,7.0,21.615,0,0.2,248.0,1.3,337.0,0.7,0.0,0.0,357.88,212.04,619.29,0.0,0.0,None,None,None,None,None,None,None,None,None,None,None,None
2026-07-11T17:47:11.710664,38.836,49.275423,-123.200368,7.0,21.615,0,0.8,272.0,1.3,337.0,0.7,0.0,0.0,357.88,212.04,619.29,0.0,0.0,None,None,None,None,None,None,None,None,None,None,None,None
2026-07-11T17:47:11.710982,38.836,49.275423,-123.200368,7.0,21.615,0,0.8,272.0,1.3,337.0,0.7,0.0,0.0,357.88,212.04,619.29,0.0,0.0,None,None,None,None,None,None,None,None,None,None,None,None
2026-07-11T17:47:11.711196,38.837,49.275423,-123.200368,7.0,21.609,0,0.8,272.0,1.3,337.0,0.7,0.0,0.0,357.88,212.04,619.29,0.0,0.0,None,None,None,None,None,None,None,None,None,None,None,None
2026-07-11T17:47:11.711382,38.837,49.275423,-123.200368,7.0,21.609,0,0.8,272.0,1.3,337.0,0.7,0.0,0.0,357.88,212.04,619.29,0.0,0.0,None,None,None,None,None,None,None,None,None,None,None,None
2026-07-11T17:47:11.810550,38.936,49.275423,-123.200368,7.0,21.609,0,0.8,272.0,1.3,337.0,0.7,0.0,0.0,357.88,212.04,619.29,0.0,0.0,None,None,None,None,None,None,None,None,None,None,None,None
2026-07-11T17:47:11.810827,38.936,49.275423,-123.200368,7.0,21.609,0,0.8,272.0,1.3,337.0,0.7,0.0,0.0,357.88,212.04,619.29,0.0,0.0,None,None,None,None,None,None,None,None,None,None,None,None
2026-07-11T17:47:11.811035,38.936,49.275423,-123.200368,7.0,21.609,0,0.8,272.0,1.3,337.0,0.7,0.0,0.0,357.88,212.04,619.29,0.0,0.0,None,None,None,None,None,None,None,None,None,None,None,None
2026-07-11T17:47:11.811405,38.937,49.275423,-123.200368,7.0,21.609,0,0.8,272.0,1.3,337.0,0.7,0.0,0.0,357.88,212.04,619.29,0.0,0.0,None,None,None,None,None,None,None,None,None,None,None,None
2026-07-11T17:47:11.910181,39.036,49.275423,-123.200368,7.0,21.609,0,0.8,272.0,1.3,337.0,0.7,0.0,0.0,357.88,212.04,619.29,0.0,0.0,None,None,None,None,None,None,None,None,None,None,None,None
2026-07-11T17:47:11.910494,39.036,49.275423,-123.200368,7.0,21.609,0,0.8,272.0,1.3,337.0,0.7,0.0,0.0,357.88,212.04,619.29,0.0,0.0,None,None,None,None,None,None,None,None,None,None,None,None
2026-07-11T17:47:11.910792,39.036,49.275423,-123.200368,7.0,21.609,0,0.8,272.0,1.3,337.0,0.7,0.0,0.0,357.88,212.04,619.29,0.0,0.0,None,None,None,None,None,None,None,None,None,None,None,None
2026-07-11T17:47:11.911019,39.036,49.275423,-123.200368,7.0,21.609,0,0.8,272.0,1.3,337.0,0.7,0.0,0.0,357.88,212.04,619.29,0.0,0.0,None,None,None,None,None,None,None,None,None,None,None,None
2026-07-11T17:47:12.010181,39.136,49.275423,-123.200368,7.0,21.609,0,0.8,272.0,1.3,337.0,0.7,0.0,0.0,357.88,212.04,619.29,0.0,0.0,None,None,None,None,None,None,None,None,None,None,None,None
2026-07-11T17:47:12.010943,39.136,49.275423,-123.200368,7.0,21.609,0,0.8,272.0,1.3,337.0,0.7,0.0,0.0,357.88,212.04,619.29,0.0,0.0,None,None,None,None,None,None,None,None,None,None,None,None
2026-07-11T17:47:12.011168,39.137,49.275423,-123.200368,7.0,21.609,0,0.8,272.0,1.3,321.0,0.7,0.0,0.0,357.88,212.04,619.29,0.0,0.0,None,None,None,None,None,None,None,None,None,None,None,None
2026-07-11T17:47:12.011437,39.137,49.275423,-123.200368,7.0,21.609,0,0.8,272.0,1.3,321.0,0.7,0.0,0.0,357.88,212.04,619.29,0.0,0.0,None,None,None,None,None,None,None,None,None,None,None,None
2026-07-11T17:47:12.011688,39.137,49.275423,-123.200368,7.0,21.609,0,1.0,260.0,1.3,321.0,0.7,0.0,0.0,357.88,212.04,619.29,0.0,0.0,None,None,None,None,None,None,None,None,None,None,None,None
2026-07-11T17:47:12.011933,39.137,49.275423,-123.200368,7.0,21.609,0,1.0,260.0,1.3,321.0,0.7,0.0,0.0,357.88,212.04,619.29,0.0,0.0,None,None,None,None,None,None,None,None,None,None,None,None
2026-07-11T17:47:12.109980,39.235,49.275423,-123.200368,7.0,21.609,0,1.0,260.0,1.3,321.0,0.7,0.0,0.0,357.88,212.04,619.29,0.0,0.0,None,None,None,None,None,None,None,None,None,None,None,None
2026-07-11T17:47:12.110321,39.236,49.275423,-123.200368,7.0,21.609,0,1.0,260.0,1.3,321.0,0.7,0.0,0.0,357.88,212.04,619.29,0.0,0.0,None,None,None,None,None,None,None,None,None,None,None,None
2026-07-11T17:47:12.110675,39.236,49.275423,-123.200368,7.0,21.609,0,1.0,260.0,1.3,321.0,0.7,0.0,0.0,357.88,212.04,619.29,0.0,0.0,None,None,None,None,None,None,None,None,None,None,None,None
2026-07-11T17:47:12.210738,39.336,49.275423,-123.200368,7.0,21.609,0,1.0,260.0,1.3,321.0,0.7,0.0,0.0,357.88,212.04,619.29,0.0,0.0,None,None,None,None,None,None,None,None,None,None,None,None
2026-07-11T17:47:12.211035,39.336,49.275423,-123.200368,7.0,21.609,0,1.0,260.0,1.7,329.0,0.7,0.0,0.0,357.88,212.04,619.29,0.0,0.0,None,None,None,None,None,None,None,None,None,None,None,None
2026-07-11T17:47:12.211333,39.337,49.275423,-123.200368,7.0,21.609,0,1.0,260.0,1.7,329.0,0.7,0.0,0.0,357.88,212.04,619.29,0.0,0.0,None,None,None,None,None,None,None,None,None,None,None,None
2026-07-11T17:47:12.310672,39.436,49.275423,-123.200368,7.0,21.609,0,1.3,253.0,1.7,329.0,0.7,0.0,0.0,357.88,212.04,619.29,0.0,0.0,None,None,None,None,None,None,None,None,None,None,None,None
2026-07-11T17:47:12.310870,39.436,49.275425,-123.200368,7.0,21.609,0,1.3,253.0,1.7,329.0,0.7,0.0,0.0,357.88,212.04,619.29,0.0,0.0,None,None,None,None,None,None,None,None,None,None,None,None
2026-07-11T17:47:12.310998,39.436,49.275425,-123.200368,7.0,21.609,0,1.3,253.0,1.7,329.0,0.7,0.0,0.0,357.88,212.04,619.29,0.0,0.0,None,None,None,None,None,None,None,None,None,None,None,None
2026-07-11T17:47:12.311155,39.437,49.275425,-123.200368,7.0,21.609,0,1.3,253.0,1.7,329.0,0.7,0.0,0.0,357.88,212.04,619.29,0.0,0.0,None,None,None,None,None,None,None,None,None,None,None,None
2026-07-11T17:47:12.311441,39.437,49.275425,-123.200368,7.0,21.609,0,1.3,253.0,1.7,329.0,0.7,0.0,0.0,357.88,212.04,619.29,0.0,0.0,None,None,None,None,None,None,None,None,None,None,None,None
2026-07-11T17:47:12.311665,39.437,49.275425,-123.200368,7.0,21.609,0,1.3,253.0,1.7,329.0,0.7,0.0,0.0,357.88,212.04,619.29,0.0,0.0,None,None,None,None,None,None,None,None,None,None,None,None
2026-07-11T17:47:12.411131,39.537,49.275425,-123.200368,7.0,21.609,0,1.3,253.0,1.7,329.0,0.7,0.0,0.0,357.88,212.04,619.29,0.0,0.0,None,None,None,None,None,None,None,None,None,None,None,None
2026-07-11T17:47:12.411351,39.537,49.275425,-123.200368,7.0,21.609,0,1.3,253.0,1.7,329.0,0.7,0.0,0.0,357.88,212.04,619.29,0.0,0.0,None,None,None,None,None,None,None,None,None,None,None,None
2026-07-11T17:47:12.411507,39.537,49.275425,-123.200368,7.0,21.609,0,1.3,253.0,1.7,329.0,0.7,0.0,0.0,357.88,212.04,619.29,0.0,0.0,None,None,None,None,None,None,None,None,None,None,None,None
2026-07-11T17:47:12.510749,39.636,49.275425,-123.200368,7.0,21.609,0,1.3,253.0,1.7,329.0,0.7,0.0,0.0,357.88,212.04,619.29,0.0,0.0,None,None,None,None,None,None,None,None,None,None,None,None
2026-07-11T17:47:12.510963,39.636,49.275425,-123.200368,7.0,21.609,0,1.3,253.0,1.1,327.0,0.7,0.0,0.0,357.88,212.04,619.29,0.0,0.0,None,None,None,None,None,None,None,None,None,None,None,None
2026-07-11T17:47:12.511137,39.637,49.275425,-123.200368,7.0,21.609,0,1.3,253.0,1.1,327.0,0.7,0.0,0.0,357.88,212.04,619.29,0.0,0.0,None,None,None,None,None,None,None,None,None,None,None,None
2026-07-11T17:47:12.511263,39.637,49.275425,-123.200368,7.0,21.609,0,1.4,256.0,1.1,327.0,0.7,0.0,0.0,357.88,212.04,619.29,0.0,0.0,None,None,None,None,None,None,None,None,None,None,None,None
2026-07-11T17:47:12.511596,39.637,49.275425,-123.200368,7.0,21.609,0,1.4,256.0,1.1,327.0,0.7,0.0,0.0,357.88,212.04,619.29,0.0,0.0,None,None,None,None,None,None,None,None,None,None,None,None
2026-07-11T17:47:12.511884,39.637,49.275425,-123.200368,7.0,21.609,0,1.4,256.0,1.1,327.0,0.7,0.0,0.0,357.88,212.04,619.29,0.0,0.0,None,None,None,None,None,None,None,None,None,None,None,None
2026-07-11T17:47:12.610954,39.736,49.275425,-123.200368,7.0,21.609,0,1.4,256.0,1.1,327.0,0.7,0.0,0.0,357.88,212.04,619.29,0.0,0.0,None,None,None,None,None,None,None,None,None,None,None,None
2026-07-11T17:47:12.611607,39.737,49.275425,-123.200368,7.0,21.609,0,1.4,256.0,1.1,327.0,0.7,0.0,0.0,357.88,212.04,619.29,0.0,0.0,None,None,None,None,None,None,None,None,None,None,None,None
2026-07-11T17:47:12.611841,39.737,49.275425,-123.200368,7.0,21.609,0,1.4,256.0,1.1,327.0,0.7,0.0,0.0,357.88,212.04,619.29,0.0,0.0,None,None,None,None,None,None,None,None,None,None,None,None
2026-07-11T17:47:12.710769,39.836,49.275425,-123.200368,7.0,21.609,0,1.4,256.0,1.1,327.0,0.7,0.0,0.0,357.88,212.04,619.29,0.0,0.0,None,None,None,None,None,None,None,None,None,None,None,None
2026-07-11T17:47:12.711060,39.836,49.275425,-123.200368,7.0,21.609,0,1.4,256.0,1.1,327.0,0.7,0.0,0.0,357.88,212.04,619.29,0.0,0.0,None,None,None,None,None,None,None,None,None,None,None,None
2026-07-11T17:47:12.810738,39.936,49.275425,-123.200368,7.0,21.609,0,1.4,256.0,0.7,320.0,0.7,0.0,0.0,357.88,212.04,619.29,0.0,0.0,None,None,None,None,None,None,None,None,None,None,None,None
2026-07-11T17:47:12.811057,39.936,49.275425,-123.200368,7.0,21.609,0,1.5,260.0,0.7,320.0,0.7,0.0,0.0,357.88,212.04,619.29,0.0,0.0,None,None,None,None,None,None,None,None,None,None,None,None
2026-07-11T17:47:12.811380,39.937,49.275425,-123.200368,7.0,21.609,0,1.5,260.0,0.7,320.0,0.7,0.0,0.0,357.88,212.04,619.29,0.0,0.0,None,None,None,None,None,None,None,None,None,None,None,None
2026-07-11T17:47:12.811637,39.937,49.275425,-123.200368,7.0,21.609,0,1.5,260.0,0.7,320.0,0.7,0.0,0.0,357.88,212.04,619.29,0.0,0.0,None,None,None,None,None,None,None,None,None,None,None,None
2026-07-11T17:47:12.811994,39.937,49.275425,-123.200368,7.0,21.609,0,1.5,260.0,0.7,320.0,0.7,0.0,0.0,357.88,212.04,619.29,0.0,0.0,None,None,None,None,None,None,None,None,None,None,None,None
2026-07-11T17:47:12.910709,40.036,49.275425,-123.200368,7.0,21.609,0,1.5,260.0,0.7,320.0,0.7,0.0,0.0,357.88,212.04,619.29,0.0,0.0,None,None,None,None,None,None,None,None,None,None,None,None
2026-07-11T17:47:12.911009,40.036,49.275425,-123.200368,7.0,21.609,0,1.5,260.0,0.7,320.0,0.7,0.0,0.0,357.88,212.04,619.29,0.0,0.0,None,None,None,None,None,None,None,None,None,None,None,None
2026-07-11T17:47:12.911214,40.037,49.275425,-123.200368,7.0,21.609,0,1.5,260.0,0.7,320.0,0.7,0.0,0.0,357.88,212.04,619.29,0.0,0.0,None,None,None,None,None,None,None,None,None,None,None,None
2026-07-11T17:47:12.911417,40.037,49.275425,-123.200368,7.0,21.609,0,1.5,260.0,0.7,320.0,0.7,0.0,0.0,357.88,212.04,619.29,0.0,0.0,None,None,None,None,None,None,None,None,None,None,None,None
2026-07-11T17:47:12.911745,40.037,49.275425,-123.200368,7.0,21.609,0,1.5,260.0,0.7,320.0,0.7,0.0,0.0,357.88,212.04,619.29,0.0,0.0,None,None,None,None,None,None,None,None,None,None,None,None
2026-07-11T17:47:13.010443,40.136,49.275425,-123.200368,7.0,21.609,0,1.5,260.0,0.7,320.0,0.7,0.0,0.0,357.88,212.04,619.29,0.0,0.0,None,None,None,None,None,None,None,None,None,None,None,None
2026-07-11T17:47:13.010796,40.136,49.275425,-123.200368,7.0,21.609,0,1.5,260.0,0.7,320.0,0.7,0.0,0.0,357.88,212.04,619.29,0.0,0.0,None,None,None,None,None,None,None,None,None,None,None,None
2026-07-11T17:47:13.011064,40.136,49.275425,-123.200368,7.0,21.609,0,1.5,260.0,0.6,345.0,0.7,0.0,0.0,357.88,212.04,619.29,0.0,0.0,None,None,None,None,None,None,None,None,None,None,None,None
2026-07-11T17:47:13.011366,40.137,49.275425,-123.200368,7.0,21.609,0,1.5,260.0,0.6,345.0,0.7,0.0,0.0,357.88,212.04,619.29,0.0,0.0,None,None,None,None,None,None,None,None,None,None,None,None
2026-07-11T17:47:13.110556,40.236,49.275425,-123.200368,7.0,21.609,0,1.3,272.0,0.6,345.0,0.7,0.0,0.0,357.88,212.04,619.29,0.0,0.0,None,None,None,None,None,None,None,None,None,None,None,None
2026-07-11T17:47:13.110856,40.236,49.275425,-123.200368,7.0,21.609,0,1.3,272.0,0.6,345.0,0.7,0.0,0.0,357.88,212.04,619.29,0.0,0.0,None,None,None,None,None,None,None,None,None,None,None,None
2026-07-11T17:47:13.111115,40.237,49.275425,-123.200368,7.0,21.609,0,1.3,272.0,0.6,345.0,0.7,0.0,0.0,357.88,212.04,619.29,0.0,0.0,None,None,None,None,None,None,None,None,None,None,None,None
2026-07-11T17:47:13.111362,40.237,49.275425,-123.200368,7.0,21.609,0,1.3,272.0,0.6,345.0,0.7,0.0,0.0,357.88,212.04,619.29,0.0,0.0,None,None,None,None,None,None,None,None,None,None,None,None
2026-07-11T17:47:13.210217,40.336,49.275425,-123.200368,7.0,21.609,0,1.3,272.0,0.6,345.0,0.7,0.0,0.0,357.88,212.04,619.29,0.0,0.0,None,None,None,None,None,None,None,None,None,None,None,None
2026-07-11T17:47:13.210529,40.336,49.275425,-123.20037,7.0,21.609,0,1.3,272.0,0.6,345.0,0.7,0.0,0.0,357.88,212.04,619.29,0.0,0.0,None,None,None,None,None,None,None,None,None,None,None,None
2026-07-11T17:47:13.310580,40.436,49.275425,-123.20037,7.0,21.609,0,1.3,272.0,0.6,345.0,0.7,0.0,0.0,357.88,212.04,619.29,0.0,0.0,None,None,None,None,None,None,None,None,None,None,None,None
2026-07-11T17:47:13.310989,40.436,49.275425,-123.20037,7.0,21.609,0,1.3,272.0,0.6,345.0,0.7,0.0,0.0,357.88,212.04,619.29,0.0,0.0,None,None,None,None,None,None,None,None,None,None,None,None
2026-07-11T17:47:13.311313,40.437,49.275425,-123.20037,7.0,21.609,0,1.3,272.0,0.8,7.0,0.7,0.0,0.0,357.88,212.04,619.29,0.0,0.0,None,None,None,None,None,None,None,None,None,None,None,None
2026-07-11T17:47:13.311679,40.437,49.275425,-123.20037,7.0,21.609,0,1.3,272.0,0.8,7.0,0.7,0.0,0.0,357.88,212.04,619.29,0.0,0.0,None,None,None,None,None,None,None,None,None,None,None,None
2026-07-11T17:47:13.311903,40.437,49.275425,-123.20037,7.0,21.609,0,1.0,272.0,0.8,7.0,0.7,0.0,0.0,357.88,212.04,619.29,0.0,0.0,None,None,None,None,None,None,None,None,None,None,None,None
2026-07-11T17:47:13.312132,40.438,49.275425,-123.20037,7.0,21.609,0,1.0,272.0,0.8,7.0,0.7,0.0,0.0,357.88,212.04,619.29,0.0,0.0,None,None,None,None,None,None,None,None,None,None,None,None
2026-07-11T17:47:13.312412,40.438,49.275425,-123.20037,7.0,21.609,0,1.0,272.0,0.8,7.0,0.7,0.0,0.0,357.88,212.04,619.29,0.0,0.0,None,None,None,None,None,None,None,None,None,None,None,None
2026-07-11T17:47:13.410076,40.535,49.275425,-123.20037,7.0,21.609,0,1.0,272.0,0.8,7.0,0.7,0.0,0.0,357.88,212.04,619.29,0.0,0.0,None,None,None,None,None,None,None,None,None,None,None,None
2026-07-11T17:47:13.410424,40.536,49.275425,-123.20037,7.0,21.609,0,1.0,272.0,0.8,7.0,0.7,0.0,0.0,357.88,212.04,619.29,0.0,0.0,None,None,None,None,None,None,None,None,None,None,None,None
2026-07-11T17:47:13.410715,40.536,49.275425,-123.20037,7.0,21.609,0,1.0,272.0,0.8,7.0,0.7,0.0,0.0,357.88,212.04,619.29,0.0,0.0,None,None,None,None,None,None,None,None,None,None,None,None
2026-07-11T17:47:13.510869,40.636,49.275425,-123.20037,7.0,21.609,0,1.0,272.0,0.8,7.0,0.7,0.0,0.0,357.88,212.04,619.29,0.0,0.0,None,None,None,None,None,None,None,None,None,None,None,None
2026-07-11T17:47:13.511097,40.636,49.275425,-123.20037,7.0,21.609,0,1.0,272.0,0.8,7.0,0.7,0.0,0.0,357.88,212.04,619.29,0.0,0.0,None,None,None,None,None,None,None,None,None,None,None,None
2026-07-11T17:47:13.610512,40.736,49.275425,-123.20037,7.0,21.609,0,1.0,272.0,0.8,7.0,0.7,0.0,0.0,357.88,212.04,619.29,0.0,0.0,None,None,None,None,None,None,None,None,None,None,None,None
2026-07-11T17:47:13.610822,40.736,49.275425,-123.20037,7.0,21.609,0,1.0,272.0,1.2,15.0,0.7,0.0,0.0,357.88,212.04,619.29,0.0,0.0,None,None,None,None,None,None,None,None,None,None,None,None
2026-07-11T17:47:13.611073,40.736,49.275425,-123.20037,7.0,21.609,0,0.8,282.0,1.2,15.0,0.7,0.0,0.0,357.88,212.04,619.29,0.0,0.0,None,None,None,None,None,None,None,None,None,None,None,None
2026-07-11T17:47:13.611384,40.737,49.275425,-123.20037,7.0,21.609,0,0.8,282.0,1.2,15.0,0.7,0.0,0.0,357.88,212.04,619.29,0.0,0.0,None,None,None,None,None,None,None,None,None,None,None,None
2026-07-11T17:47:13.611623,40.737,49.275425,-123.20037,7.0,21.609,0,0.8,282.0,1.2,15.0,0.7,0.0,0.0,357.88,212.04,619.29,0.0,0.0,None,None,None,None,None,None,None,None,None,None,None,None
2026-07-11T17:47:13.710672,40.836,49.275425,-123.20037,7.0,21.609,0,0.8,282.0,1.2,15.0,0.7,0.0,0.0,357.88,212.04,619.29,0.0,0.0,None,None,None,None,None,None,None,None,None,None,None,None
2026-07-11T17:47:13.711256,40.837,49.275425,-123.20037,7.0,21.609,0,0.8,282.0,1.2,15.0,0.7,0.0,0.0,357.88,212.04,619.29,0.0,0.0,None,None,None,None,None,None,None,None,None,None,None,None
2026-07-11T17:47:13.711494,40.837,49.275425,-123.20037,7.0,21.609,0,0.8,282.0,1.2,15.0,0.7,0.0,0.0,357.88,212.04,619.29,0.0,0.0,None,None,None,None,None,None,None,None,None,None,None,None
2026-07-11T17:47:13.711849,40.837,49.275425,-123.20037,7.0,21.609,0,0.8,282.0,1.2,15.0,0.7,0.0,0.0,357.88,212.04,619.29,0.0,0.0,None,None,None,None,None,None,None,None,None,None,None,None
2026-07-11T17:47:13.810304,40.936,49.275425,-123.20037,7.0,21.609,0,0.8,282.0,1.2,15.0,0.7,0.0,0.0,357.88,212.04,619.29,0.0,0.0,None,None,None,None,None,None,None,None,None,None,None,None
2026-07-11T17:47:13.810670,40.936,49.275425,-123.20037,7.0,21.609,0,0.8,282.0,1.2,15.0,0.7,0.0,0.0,357.88,212.04,619.29,0.0,0.0,None,None,None,None,None,None,None,None,None,None,None,None
2026-07-11T17:47:13.810984,40.936,49.275425,-123.20037,7.0,21.609,0,0.8,282.0,1.4,36.0,0.7,0.0,0.0,357.88,212.04,619.29,0.0,0.0,None,None,None,None,None,None,None,None,None,None,None,None
2026-07-11T17:47:13.910181,41.036,49.275425,-123.20037,7.0,21.609,0,0.7,310.0,1.4,36.0,0.7,0.0,0.0,357.88,212.04,619.29,0.0,0.0,None,None,None,None,None,None,None,None,None,None,None,None
2026-07-11T17:47:13.910550,41.036,49.275425,-123.20037,7.0,21.609,0,0.7,310.0,1.4,36.0,0.7,0.0,0.0,357.88,212.04,619.29,0.0,0.0,None,None,None,None,None,None,None,None,None,None,None,None
2026-07-11T17:47:13.910783,41.036,49.275425,-123.20037,7.0,21.609,0,0.7,310.0,1.4,36.0,0.7,0.0,0.0,357.88,212.04,619.29,0.0,0.0,None,None,None,None,None,None,None,None,None,None,None,None
2026-07-11T17:47:13.911371,41.037,49.275425,-123.20037,7.0,21.609,0,0.7,310.0,1.4,36.0,0.7,0.0,0.0,357.88,212.04,619.29,0.0,0.0,None,None,None,None,None,None,None,None,None,None,None,None
2026-07-11T17:47:13.911689,41.037,49.275425,-123.20037,7.0,21.609,0,0.7,310.0,1.4,36.0,0.7,0.0,0.0,357.88,212.04,619.29,0.0,0.0,None,None,None,None,None,None,None,None,None,None,None,None
2026-07-11T17:47:13.911990,41.037,49.275425,-123.20037,7.0,21.609,0,0.7,310.0,1.4,36.0,0.7,0.0,0.0,357.88,212.04,619.29,0.0,0.0,None,None,None,None,None,None,None,None,None,None,None,None
2026-07-11T17:47:14.010842,41.136,49.275425,-123.20037,7.0,21.609,0,0.7,310.0,1.4,36.0,0.7,0.0,0.0,357.88,212.04,619.29,0.0,0.0,None,None,None,None,None,None,None,None,None,None,None,None
2026-07-11T17:47:14.011167,41.137,49.275425,-123.20037,7.0,21.609,0,0.7,310.0,1.4,36.0,0.7,0.0,0.0,357.88,212.04,619.29,0.0,0.0,None,None,None,None,None,None,None,None,None,None,None,None
2026-07-11T17:47:14.110499,41.236,49.275425,-123.20037,7.0,21.609,0,0.7,310.0,1.4,36.0,0.7,0.0,0.0,357.88,212.04,619.29,0.0,0.0,None,None,None,None,None,None,None,None,None,None,None,None
2026-07-11T17:47:14.110836,41.236,49.275425,-123.20037,7.0,21.609,0,0.7,310.0,1.6,46.0,0.7,0.0,0.0,357.88,212.04,619.29,0.0,0.0,None,None,None,None,None,None,None,None,None,None,None,None
2026-07-11T17:47:14.111055,41.236,49.275425,-123.20037,7.0,21.609,0,0.7,310.0,1.6,46.0,0.7,0.0,0.0,357.88,212.04,619.29,0.0,0.0,None,None,None,None,None,None,None,None,None,None,None,None
2026-07-11T17:47:14.111213,41.237,49.275425,-123.20037,7.0,21.609,0,0.8,334.0,1.6,46.0,0.7,0.0,0.0,357.88,212.04,619.29,0.0,0.0,None,None,None,None,None,None,None,None,None,None,None,None
2026-07-11T17:47:14.111497,41.237,49.275425,-123.20037,7.0,21.609,0,0.8,334.0,1.6,46.0,0.7,0.0,0.0,357.88,212.04,619.29,0.0,0.0,None,None,None,None,None,None,None,None,None,None,None,None
2026-07-11T17:47:14.111736,41.237,49.275425,-123.20037,7.0,21.607,0,0.8,334.0,1.6,46.0,0.7,0.0,0.0,357.88,212.04,619.29,0.0,0.0,None,None,None,None,None,None,None,None,None,None,None,None
2026-07-11T17:47:14.111926,41.237,49.275425,-123.20037,7.0,21.607,0,0.8,334.0,1.6,46.0,0.7,0.0,0.0,357.88,212.04,619.29,0.0,0.0,None,None,None,None,None,None,None,None,None,None,None,None
2026-07-11T17:47:14.210549,41.336,49.275425,-123.20037,7.0,21.607,0,0.8,334.0,1.6,46.0,0.7,0.0,0.0,357.88,212.04,619.29,0.0,0.0,None,None,None,None,None,None,None,None,None,None,None,None
2026-07-11T17:47:14.210862,41.336,49.275425,-123.20037,7.0,21.607,0,0.8,334.0,1.6,46.0,0.7,0.0,0.0,357.88,212.04,619.29,0.0,0.0,None,None,None,None,None,None,None,None,None,None,None,None
2026-07-11T17:47:14.310065,41.435,49.275425,-123.20037,7.0,21.607,0,0.8,334.0,1.6,46.0,0.7,0.0,0.0,357.88,212.04,619.29,0.0,0.0,None,None,None,None,None,None,None,None,None,None,None,None
2026-07-11T17:47:14.310319,41.436,49.275426,-123.20037,7.0,21.607,0,0.8,334.0,1.6,46.0,0.7,0.0,0.0,357.88,212.04,619.29,0.0,0.0,None,None,None,None,None,None,None,None,None,None,None,None
2026-07-11T17:47:14.310544,41.436,49.275426,-123.20037,7.0,21.607,0,0.8,334.0,1.6,46.0,0.7,0.0,0.0,357.88,212.04,619.29,0.0,0.0,None,None,None,None,None,None,None,None,None,None,None,None
2026-07-11T17:47:14.310903,41.436,49.275426,-123.20037,7.0,21.607,0,0.8,334.0,1.6,46.0,0.7,0.0,0.0,357.88,212.04,619.29,0.0,0.0,None,None,None,None,None,None,None,None,None,None,None,None
2026-07-11T17:47:14.311161,41.437,49.275426,-123.20037,7.0,21.607,0,0.8,334.0,1.7,52.0,0.7,0.0,0.0,357.88,212.04,619.29,0.0,0.0,None,None,None,None,None,None,None,None,None,None,None,None
2026-07-11T17:47:14.410567,41.536,49.275426,-123.20037,7.0,21.607,0,0.8,334.0,1.7,52.0,0.7,0.0,0.0,357.88,212.04,619.29,0.0,0.0,None,None,None,None,None,None,None,None,None,None,None,None
2026-07-11T17:47:14.410874,41.536,49.275426,-123.20037,7.0,21.607,0,0.8,334.0,1.7,52.0,0.7,0.0,0.0,357.88,212.04,619.29,0.0,0.0,None,None,None,None,None,None,None,None,None,None,None,None
2026-07-11T17:47:14.411149,41.537,49.275426,-123.20037,7.0,21.607,0,1.1,332.0,1.7,52.0,0.7,0.0,0.0,357.88,212.04,619.29,0.0,0.0,None,None,None,None,None,None,None,None,None,None,None,None
2026-07-11T17:47:14.411298,41.537,49.275426,-123.20037,7.0,21.607,0,1.1,332.0,1.7,52.0,0.7,0.0,0.0,357.88,212.04,619.29,0.0,0.0,None,None,None,None,None,None,None,None,None,None,None,None
2026-07-11T17:47:14.411491,41.537,49.275426,-123.20037,7.0,21.607,0,1.1,332.0,1.7,52.0,0.7,0.0,0.0,357.88,212.04,619.29,0.0,0.0,None,None,None,None,None,None,None,None,None,None,None,None
2026-07-11T17:47:14.411640,41.537,49.275426,-123.20037,7.0,21.607,0,1.1,332.0,1.7,52.0,0.7,0.0,0.0,357.88,212.04,619.29,0.0,0.0,None,None,None,None,None,None,None,None,None,None,None,None
2026-07-11T17:47:14.510494,41.636,49.275426,-123.20037,7.0,21.607,0,1.1,332.0,1.7,52.0,0.7,0.0,0.0,357.88,212.04,619.29,0.0,0.0,None,None,None,None,None,None,None,None,None,None,None,None
2026-07-11T17:47:14.510837,41.636,49.275426,-123.20037,7.0,21.607,0,1.1,332.0,1.7,52.0,0.7,0.0,0.0,357.88,212.04,619.29,0.0,0.0,None,None,None,None,None,None,None,None,None,None,None,None
2026-07-11T17:47:14.610323,41.736,49.275426,-123.20037,7.0,21.607,0,1.1,332.0,1.7,52.0,0.7,0.0,0.0,357.88,212.04,619.29,0.0,0.0,None,None,None,None,None,None,None,None,None,None,None,None
2026-07-11T17:47:14.610573,41.736,49.275426,-123.20037,7.0,21.607,0,1.1,332.0,1.7,52.0,0.7,0.0,0.0,357.88,212.04,619.29,0.0,0.0,None,None,None,None,None,None,None,None,None,None,None,None
2026-07-11T17:47:14.610905,41.736,49.275426,-123.20037,7.0,21.607,0,1.1,332.0,1.7,52.0,0.7,0.0,0.0,357.88,212.04,619.29,0.0,0.0,None,None,None,None,None,None,None,None,None,None,None,None
2026-07-11T17:47:14.611174,41.737,49.275426,-123.20037,7.0,21.607,0,1.1,332.0,1.7,58.0,0.7,0.0,0.0,357.88,212.04,619.29,0.0,0.0,None,None,None,None,None,None,None,None,None,None,None,None
2026-07-11T17:47:14.611435,41.737,49.275426,-123.20037,7.0,21.607,0,1.3,338.0,1.7,58.0,0.7,0.0,0.0,357.88,212.04,619.29,0.0,0.0,None,None,None,None,None,None,None,None,None,None,None,None
2026-07-11T17:47:14.710387,41.836,49.275426,-123.20037,7.0,21.607,0,1.3,338.0,1.7,58.0,0.7,0.0,0.0,357.88,212.04,619.29,0.0,0.0,None,None,None,None,None,None,None,None,None,None,None,None
2026-07-11T17:47:14.711056,41.836,49.275426,-123.20037,7.0,21.607,0,1.3,338.0,1.7,58.0,0.7,0.0,0.0,357.88,212.04,619.29,0.0,0.0,None,None,None,None,None,None,None,None,None,None,None,None
2026-07-11T17:47:14.711250,41.837,49.275426,-123.20037,7.0,21.607,0,1.3,338.0,1.7,58.0,0.7,0.0,0.0,357.88,212.04,619.29,0.0,0.0,None,None,None,None,None,None,None,None,None,None,None,None
2026-07-11T17:47:14.711378,41.837,49.275426,-123.20037,7.0,21.607,0,1.3,338.0,1.7,58.0,0.7,0.0,0.0,357.88,212.04,619.29,0.0,0.0,None,None,None,None,None,None,None,None,None,None,None,None
2026-07-11T17:47:14.711623,41.837,49.275426,-123.20037,7.0,21.607,0,1.3,338.0,1.7,58.0,0.7,0.0,0.0,357.88,212.04,619.29,0.0,0.0,None,None,None,None,None,None,None,None,None,None,None,None
2026-07-11T17:47:14.810261,41.936,49.275426,-123.20037,7.0,21.607,0,1.3,338.0,1.7,58.0,0.7,0.0,0.0,357.88,212.04,619.29,0.0,0.0,None,None,None,None,None,None,None,None,None,None,None,None
2026-07-11T17:47:14.810577,41.936,49.275426,-123.20037,7.0,21.607,0,1.3,338.0,1.7,58.0,0.7,0.0,0.0,357.88,212.04,619.29,0.0,0.0,None,None,None,None,None,None,None,None,None,None,None,None
2026-07-11T17:47:14.911078,42.036,49.275426,-123.20037,7.0,21.607,0,1.3,338.0,1.7,58.0,0.7,0.0,0.0,357.88,212.04,619.29,0.0,0.0,None,None,None,None,None,None,None,None,None,None,None,None
2026-07-11T17:47:14.911425,42.037,49.275426,-123.20037,7.0,21.607,0,1.3,338.0,1.7,58.0,0.7,0.0,0.0,357.88,212.04,619.29,0.0,0.0,None,None,None,None,None,None,None,None,None,None,None,None
2026-07-11T17:47:14.911646,42.037,49.275426,-123.20037,7.0,21.607,0,1.3,338.0,1.7,49.0,0.7,0.0,0.0,357.88,212.04,619.29,0.0,0.0,None,None,None,None,None,None,None,None,None,None,None,None
2026-07-11T17:47:14.911907,42.037,49.275426,-123.20037,7.0,21.607,0,1.3,348.0,1.7,49.0,0.7,0.0,0.0,357.88,212.04,619.29,0.0,0.0,None,None,None,None,None,None,None,None,None,None,None,None
2026-07-11T17:47:14.912196,42.038,49.275426,-123.20037,7.0,21.607,0,1.3,348.0,1.7,49.0,0.7,0.0,0.0,357.88,212.04,619.29,0.0,0.0,None,None,None,None,None,None,None,None,None,None,None,None
2026-07-11T17:47:14.912433,42.038,49.275426,-123.20037,7.0,21.607,0,1.3,348.0,1.7,49.0,0.7,0.0,0.0,357.88,212.04,619.29,0.0,0.0,None,None,None,None,None,None,None,None,None,None,None,None
2026-07-11T17:47:14.912624,42.038,49.275426,-123.20037,7.0,21.607,0,1.3,348.0,1.7,49.0,0.7,0.0,0.0,357.88,212.04,619.29,0.0,0.0,None,None,None,None,None,None,None,None,None,None,None,None
2026-07-11T17:47:15.010033,42.135,49.275426,-123.20037,7.0,21.607,0,1.3,348.0,1.7,49.0,0.7,0.0,0.0,357.88,212.04,619.29,0.0,0.0,None,None,None,None,None,None,None,None,None,None,None,None
2026-07-11T17:47:15.010396,42.136,49.275426,-123.20037,7.0,21.607,0,1.3,348.0,1.7,49.0,0.7,0.0,0.0,357.88,212.04,619.29,0.0,0.0,None,None,None,None,None,None,None,None,None,None,None,None
2026-07-11T17:47:15.010649,42.136,49.275426,-123.20037,7.0,21.607,0,1.3,348.0,1.7,49.0,0.7,0.0,0.0,357.88,212.04,619.29,0.0,0.0,None,None,None,None,None,None,None,None,None,None,None,None
2026-07-11T17:47:15.110441,42.236,49.275426,-123.20037,7.0,21.607,0,1.3,348.0,1.7,49.0,0.7,0.0,0.0,357.88,212.04,619.29,0.0,0.0,None,None,None,None,None,None,None,None,None,None,None,None
2026-07-11T17:47:15.110762,42.236,49.275426,-123.20037,7.0,21.607,0,1.3,348.0,1.7,49.0,0.7,0.0,0.0,357.88,212.04,619.29,0.0,0.0,None,None,None,None,None,None,None,None,None,None,None,None
2026-07-11T17:47:15.209939,42.335,49.275426,-123.20037,7.0,21.607,0,1.3,348.0,1.7,49.0,0.7,0.0,0.0,357.88,212.04,619.29,0.0,0.0,None,None,None,None,None,None,None,None,None,None,None,None
2026-07-11T17:47:15.210266,42.336,49.275426,-123.20037,7.0,21.607,0,1.3,348.0,2.0,46.0,0.7,0.0,0.0,357.88,212.04,619.29,0.0,0.0,None,None,None,None,None,None,None,None,None,None,None,None
2026-07-11T17:47:15.210455,42.336,49.275426,-123.20037,7.0,21.607,0,1.3,348.0,2.0,46.0,0.7,0.0,0.0,357.88,212.04,619.29,0.0,0.0,None,None,None,None,None,None,None,None,None,None,None,None
2026-07-11T17:47:15.210581,42.336,49.275426,-123.20037,7.0,21.607,0,0.5,2.0,2.0,46.0,0.7,0.0,0.0,357.88,212.04,619.29,0.0,0.0,None,None,None,None,None,None,None,None,None,None,None,None
2026-07-11T17:47:15.210851,42.336,49.275426,-123.20037,7.0,21.607,0,0.5,2.0,2.0,46.0,0.7,0.0,0.0,357.88,212.04,619.29,0.0,0.0,None,None,None,None,None,None,None,None,None,None,None,None
2026-07-11T17:47:15.211139,42.337,49.275426,-123.20037,7.0,21.607,0,0.5,2.0,2.0,46.0,0.7,0.0,0.0,357.88,212.04,619.29,0.0,0.0,None,None,None,None,None,None,None,None,None,None,None,None
2026-07-11T17:47:15.211407,42.337,49.275426,-123.20037,7.0,21.607,0,0.5,2.0,2.0,46.0,0.7,0.0,0.0,357.88,212.04,619.29,0.0,0.0,None,None,None,None,None,None,None,None,None,None,None,None
2026-07-11T17:47:15.310632,42.436,49.275426,-123.20037,7.0,21.607,0,0.5,2.0,2.0,46.0,0.7,0.0,0.0,357.88,212.04,619.29,0.0,0.0,None,None,None,None,None,None,None,None,None,None,None,None
2026-07-11T17:47:15.311021,42.436,49.275426,-123.20037,7.0,21.607,0,0.5,2.0,2.0,46.0,0.7,0.0,0.0,357.88,212.04,619.29,0.0,0.0,None,None,None,None,None,None,None,None,None,None,None,None
2026-07-11T17:47:15.311330,42.437,49.275426,-123.20037,7.0,21.607,0,0.5,2.0,2.0,46.0,0.7,0.0,0.0,357.88,212.04,619.29,0.0,0.0,None,None,None,None,None,None,None,None,None,None,None,None
2026-07-11T17:47:15.311506,42.437,49.275426,-123.20037,7.0,21.603,0,0.5,2.0,2.0,46.0,0.7,0.0,0.0,357.88,212.04,619.29,0.0,0.0,None,None,None,None,None,None,None,None,None,None,None,None
2026-07-11T17:47:15.311731,42.437,49.275426,-123.20037,7.0,21.603,0,0.5,2.0,2.0,46.0,0.7,0.0,0.0,357.88,212.04,619.29,0.0,0.0,None,None,None,None,None,None,None,None,None,None,None,None
2026-07-11T17:47:15.410902,42.536,49.275426,-123.20037,7.0,21.603,0,0.5,2.0,2.0,46.0,0.7,0.0,0.0,357.88,212.04,619.29,0.0,0.0,None,None,None,None,None,None,None,None,None,None,None,None
2026-07-11T17:47:15.411201,42.537,49.275426,-123.20037,7.0,21.603,0,0.5,2.0,2.0,46.0,0.7,0.0,0.0,357.88,212.04,619.29,0.0,0.0,None,None,None,None,None,None,None,None,None,None,None,None
2026-07-11T17:47:15.411366,42.537,49.275426,-123.20037,7.0,21.603,0,0.5,2.0,2.1,42.0,0.7,0.0,0.0,357.88,212.04,619.29,0.0,0.0,None,None,None,None,None,None,None,None,None,None,None,None
2026-07-11T17:47:15.411526,42.537,49.275426,-123.20037,7.0,21.603,0,0.5,2.0,2.1,42.0,0.7,0.0,0.0,357.88,212.04,619.29,0.0,0.0,None,None,None,None,None,None,None,None,None,None,None,None
2026-07-11T17:47:15.411805,42.537,49.275426,-123.20037,7.0,21.603,0,0.2,20.0,2.1,42.0,0.7,0.0,0.0,357.88,212.04,619.29,0.0,0.0,None,None,None,None,None,None,None,None,None,None,None,None
2026-07-11T17:47:15.510782,42.636,49.275426,-123.20037,7.0,21.603,0,0.2,20.0,2.1,42.0,0.7,0.0,0.0,357.88,212.04,619.29,0.0,0.0,None,None,None,None,None,None,None,None,None,None,None,None
2026-07-11T17:47:15.511087,42.636,49.275426,-123.20037,7.0,21.603,0,0.2,20.0,2.1,42.0,0.7,0.0,0.0,357.88,212.04,619.29,0.0,0.0,None,None,None,None,None,None,None,None,None,None,None,None
2026-07-11T17:47:15.511389,42.637,49.275426,-123.20037,7.0,21.603,0,0.2,20.0,2.1,42.0,0.7,0.0,0.0,357.88,212.04,619.29,0.0,0.0,None,None,None,None,None,None,None,None,None,None,None,None
2026-07-11T17:47:15.610698,42.736,49.275426,-123.20037,7.0,21.603,0,0.2,20.0,2.1,42.0,0.7,0.0,0.0,357.88,212.04,619.29,0.0,0.0,None,None,None,None,None,None,None,None,None,None,None,None
2026-07-11T17:47:15.611030,42.736,49.275426,-123.20037,7.0,21.603,0,0.2,20.0,2.1,42.0,0.7,0.0,0.0,357.88,212.04,619.29,0.0,0.0,None,None,None,None,None,None,None,None,None,None,None,None
2026-07-11T17:47:15.611207,42.737,49.275426,-123.20037,7.0,21.603,0,0.2,20.0,2.1,42.0,0.7,0.0,0.0,357.88,212.04,619.29,0.0,0.0,None,None,None,None,None,None,None,None,None,None,None,None
2026-07-11T17:47:15.710404,42.836,49.275426,-123.20037,7.0,21.603,0,0.2,20.0,2.1,42.0,0.7,0.0,0.0,357.88,212.04,619.29,0.0,0.0,None,None,None,None,None,None,None,None,None,None,None,None
2026-07-11T17:47:15.710635,42.836,49.275426,-123.20037,7.0,21.603,0,0.2,20.0,2.2,33.0,0.7,0.0,0.0,357.88,212.04,619.29,0.0,0.0,None,None,None,None,None,None,None,None,None,None,None,None
2026-07-11T17:47:15.710855,42.836,49.275426,-123.20037,7.0,21.603,0,0.2,20.0,2.2,33.0,0.7,0.0,0.0,357.88,212.04,619.29,0.0,0.0,None,None,None,None,None,None,None,None,None,None,None,None
2026-07-11T17:47:15.710987,42.836,49.275426,-123.20037,7.0,21.603,0,0.0,319.0,2.2,33.0,0.7,0.0,0.0,357.88,212.04,619.29,0.0,0.0,None,None,None,None,None,None,None,None,None,None,None,None
2026-07-11T17:47:15.711140,42.837,49.275426,-123.20037,7.0,21.603,0,0.0,319.0,2.2,33.0,0.7,0.0,0.0,357.88,212.04,619.29,0.0,0.0,None,None,None,None,None,None,None,None,None,None,None,None
2026-07-11T17:47:15.711251,42.837,49.275426,-123.20037,7.0,21.603,0,0.0,319.0,2.2,33.0,0.7,0.0,0.0,357.88,212.04,619.29,0.0,0.0,None,None,None,None,None,None,None,None,None,None,None,None
2026-07-11T17:47:15.810309,42.936,49.275426,-123.20037,7.0,21.603,0,0.0,319.0,2.2,33.0,0.7,0.0,0.0,357.88,212.04,619.29,0.0,0.0,None,None,None,None,None,None,None,None,None,None,None,None
2026-07-11T17:47:15.810632,42.936,49.275426,-123.20037,7.0,21.603,0,0.0,319.0,2.2,33.0,0.7,0.0,0.0,357.88,212.04,619.29,0.0,0.0,None,None,None,None,None,None,None,None,None,None,None,None
2026-07-11T17:47:15.910868,43.036,49.275426,-123.20037,7.0,21.603,0,0.0,319.0,2.2,33.0,0.7,0.0,0.0,357.88,212.04,619.29,0.0,0.0,None,None,None,None,None,None,None,None,None,None,None,None
2026-07-11T17:47:15.911319,43.037,49.275426,-123.20037,7.0,21.603,0,0.0,319.0,2.2,33.0,0.7,0.0,0.0,357.88,212.04,619.29,0.0,0.0,None,None,None,None,None,None,None,None,None,None,None,None
2026-07-11T17:47:15.911502,43.037,49.275426,-123.20037,7.0,21.603,0,0.0,319.0,2.2,33.0,0.7,0.0,0.0,357.88,212.04,619.29,0.0,0.0,None,None,None,None,None,None,None,None,None,None,None,None
2026-07-11T17:47:15.911869,43.037,49.275426,-123.20037,7.0,21.603,0,0.0,319.0,2.2,33.0,0.7,0.0,0.0,357.88,212.04,619.29,0.0,0.0,None,None,None,None,None,None,None,None,None,None,None,None
2026-07-11T17:47:16.010256,43.136,49.275426,-123.20037,7.0,21.603,0,0.0,319.0,2.1,23.0,0.7,0.0,0.0,357.88,212.04,619.29,0.0,0.0,None,None,None,None,None,None,None,None,None,None,None,None
2026-07-11T17:47:16.010587,43.136,49.275426,-123.20037,7.0,21.603,0,0.0,319.0,2.1,23.0,0.7,0.0,0.0,357.88,212.04,619.29,0.0,0.0,None,None,None,None,None,None,None,None,None,None,None,None
2026-07-11T17:47:16.010855,43.136,49.275426,-123.20037,7.0,21.603,0,0.2,299.0,2.1,23.0,0.7,0.0,0.0,357.88,212.04,619.29,0.0,0.0,None,None,None,None,None,None,None,None,None,None,None,None
2026-07-11T17:47:16.015101,43.140,49.275426,-123.20037,7.0,21.603,0,0.2,299.0,2.1,23.0,0.7,0.0,0.0,357.88,212.04,619.29,0.0,0.0,None,None,None,None,None,None,None,None,None,None,None,None
2026-07-11T17:47:16.015515,43.141,49.275426,-123.20037,7.0,21.603,0,0.2,299.0,2.1,23.0,0.7,0.0,0.0,357.88,212.04,619.29,0.0,0.0,None,None,None,None,None,None,None,None,None,None,None,None
2026-07-11T17:47:16.110999,43.236,49.275426,-123.20037,7.0,21.603,0,0.2,299.0,2.1,23.0,0.7,0.0,0.0,357.88,212.04,619.29,0.0,0.0,None,None,None,None,None,None,None,None,None,None,None,None
2026-07-11T17:47:16.111330,43.237,49.275426,-123.20037,7.0,21.603,0,0.2,299.0,2.1,23.0,0.7,0.0,0.0,357.88,212.04,619.29,0.0,0.0,None,None,None,None,None,None,None,None,None,None,None,None
2026-07-11T17:47:16.210742,43.336,49.275426,-123.20037,7.0,21.603,0,0.2,299.0,2.1,23.0,0.7,0.0,0.0,357.88,212.04,619.29,0.0,0.0,None,None,None,None,None,None,None,None,None,None,None,None
2026-07-11T17:47:16.211120,43.337,49.275426,-123.20037,7.0,21.603,0,0.2,299.0,2.1,23.0,0.7,0.0,0.0,357.88,212.04,619.29,0.0,0.0,None,None,None,None,None,None,None,None,None,None,None,None
2026-07-11T17:47:16.211404,43.337,49.275426,-123.20037,7.0,21.603,0,0.2,299.0,2.1,15.0,0.7,0.0,0.0,357.88,212.04,619.29,0.0,0.0,None,None,None,None,None,None,None,None,None,None,None,None
2026-07-11T17:47:16.211699,43.337,49.275426,-123.20037,7.0,21.603,0,0.2,299.0,2.1,15.0,0.7,0.0,0.0,357.88,212.04,619.29,0.0,0.0,None,None,None,None,None,None,None,None,None,None,None,None
2026-07-11T17:47:16.211962,43.337,49.275426,-123.20037,7.0,21.603,0,0.4,306.0,2.1,15.0,0.7,0.0,0.0,357.88,212.04,619.29,0.0,0.0,None,None,None,None,None,None,None,None,None,None,None,None
2026-07-11T17:47:16.310215,43.436,49.275428,-123.20037,7.0,21.603,0,0.4,306.0,2.1,15.0,0.7,0.0,0.0,357.88,212.04,619.29,0.0,0.0,None,None,None,None,None,None,None,None,None,None,None,None
2026-07-11T17:47:16.310381,43.436,49.275428,-123.20037,7.0,21.603,0,0.4,306.0,2.1,15.0,0.7,0.0,0.0,357.88,212.04,619.29,0.0,0.0,None,None,None,None,None,None,None,None,None,None,None,None
2026-07-11T17:47:16.310541,43.436,49.275428,-123.20037,7.0,21.603,0,0.4,306.0,2.1,15.0,0.7,0.0,0.0,357.88,212.04,619.29,0.0,0.0,None,None,None,None,None,None,None,None,None,None,None,None
2026-07-11T17:47:16.310884,43.436,49.275428,-123.20037,7.0,21.603,0,0.4,306.0,2.1,15.0,0.7,0.0,0.0,357.88,212.04,619.29,0.0,0.0,None,None,None,None,None,None,None,None,None,None,None,None
2026-07-11T17:47:16.311070,43.436,49.275428,-123.20037,7.0,21.603,0,0.4,306.0,2.1,15.0,0.7,0.0,0.0,357.88,212.04,619.29,0.0,0.0,None,None,None,None,None,None,None,None,None,None,None,None
2026-07-11T17:47:16.410913,43.536,49.275428,-123.20037,7.0,21.603,0,0.4,306.0,2.1,15.0,0.7,0.0,0.0,357.88,212.04,619.29,0.0,0.0,None,None,None,None,None,None,None,None,None,None,None,None
2026-07-11T17:47:16.411244,43.537,49.275428,-123.20037,7.0,21.603,0,0.4,306.0,2.1,15.0,0.7,0.0,0.0,357.88,212.04,619.29,0.0,0.0,None,None,None,None,None,None,None,None,None,None,None,None
2026-07-11T17:47:16.411422,43.537,49.275428,-123.20037,7.0,21.603,0,0.4,306.0,2.1,15.0,0.7,0.0,0.0,357.88,212.04,619.29,0.0,0.0,None,None,None,None,None,None,None,None,None,None,None,None
2026-07-11T17:47:16.512898,43.638,49.275428,-123.20037,7.0,21.603,0,0.4,306.0,2.1,15.0,0.7,0.0,0.0,357.88,212.04,619.29,0.0,0.0,None,None,None,None,None,None,None,None,None,None,None,None
2026-07-11T17:47:16.513219,43.639,49.275428,-123.20037,7.0,21.603,0,0.4,306.0,2.1,18.0,0.7,0.0,0.0,357.88,212.04,619.29,0.0,0.0,None,None,None,None,None,None,None,None,None,None,None,None
2026-07-11T17:47:16.513502,43.639,49.275428,-123.20037,7.0,21.603,0,0.6,327.0,2.1,18.0,0.7,0.0,0.0,357.88,212.04,619.29,0.0,0.0,None,None,None,None,None,None,None,None,None,None,None,None
2026-07-11T17:47:16.513746,43.639,49.275428,-123.20037,7.0,21.604,0,0.6,327.0,2.1,18.0,0.7,0.0,0.0,357.88,212.04,619.29,0.0,0.0,None,None,None,None,None,None,None,None,None,None,None,None
2026-07-11T17:47:16.513915,43.639,49.275428,-123.20037,7.0,21.604,0,0.6,327.0,2.1,18.0,0.7,0.0,0.0,357.88,212.04,619.29,0.0,0.0,None,None,None,None,None,None,None,None,None,None,None,None
2026-07-11T17:47:16.514063,43.639,49.275428,-123.20037,7.0,21.604,0,0.6,327.0,2.1,18.0,0.7,0.0,0.0,357.88,212.04,619.29,0.0,0.0,None,None,None,None,None,None,None,None,None,None,None,None
2026-07-11T17:47:16.514359,43.640,49.275428,-123.20037,7.0,21.604,0,0.6,327.0,2.1,18.0,0.7,0.0,0.0,357.88,212.04,619.29,0.0,0.0,None,None,None,None,None,None,None,None,None,None,None,None
2026-07-11T17:47:16.514545,43.640,49.275428,-123.20037,7.0,21.604,0,0.6,327.0,2.1,18.0,0.7,0.0,0.0,357.88,212.04,619.29,0.0,0.0,None,None,None,None,None,None,None,None,None,None,None,None
2026-07-11T17:47:16.610000,43.735,49.275428,-123.20037,7.0,21.604,0,0.6,327.0,2.1,18.0,0.7,0.0,0.0,357.88,212.04,619.29,0.0,0.0,None,None,None,None,None,None,None,None,None,None,None,None
2026-07-11T17:47:16.610514,43.736,49.275428,-123.20037,7.0,21.604,0,0.6,327.0,2.1,18.0,0.7,0.0,0.0,357.88,212.04,619.29,0.0,0.0,None,None,None,None,None,None,None,None,None,None,None,None
2026-07-11T17:47:16.610780,43.736,49.275428,-123.20037,7.0,21.604,0,0.6,327.0,2.1,18.0,0.7,0.0,0.0,357.88,212.04,619.29,0.0,0.0,None,None,None,None,None,None,None,None,None,None,None,None
2026-07-11T17:47:16.710101,43.835,49.275428,-123.20037,7.0,21.604,0,0.6,327.0,2.1,18.0,0.7,0.0,0.0,357.88,212.04,619.29,0.0,0.0,None,None,None,None,None,None,None,None,None,None,None,None
2026-07-11T17:47:16.710296,43.836,49.275428,-123.20037,7.0,21.604,0,0.6,327.0,2.1,18.0,0.7,0.0,0.0,357.88,212.04,619.29,0.0,0.0,None,None,None,None,None,None,None,None,None,None,None,None
2026-07-11T17:47:16.710439,43.836,49.275428,-123.20037,7.0,21.604,0,0.6,327.0,1.8,15.0,0.7,0.0,0.0,357.88,212.04,619.29,0.0,0.0,None,None,None,None,None,None,None,None,None,None,None,None
2026-07-11T17:47:16.810907,43.936,49.275428,-123.20037,7.0,21.604,0,0.4,319.0,1.8,15.0,0.7,0.0,0.0,357.88,212.04,619.29,0.0,0.0,None,None,None,None,None,None,None,None,None,None,None,None
2026-07-11T17:47:16.811236,43.937,49.275428,-123.20037,7.0,21.604,0,0.4,319.0,1.8,15.0,0.7,0.0,0.0,357.88,212.04,619.29,0.0,0.0,None,None,None,None,None,None,None,None,None,None,None,None
2026-07-11T17:47:16.811500,43.937,49.275428,-123.20037,7.0,21.604,0,0.4,319.0,1.8,15.0,0.7,0.0,0.0,357.88,212.04,619.29,0.0,0.0,None,None,None,None,None,None,None,None,None,None,None,None
2026-07-11T17:47:16.811758,43.937,49.275428,-123.20037,7.0,21.604,0,0.4,319.0,1.8,15.0,0.7,0.0,0.0,357.88,212.04,619.29,0.0,0.0,None,None,None,None,None,None,None,None,None,None,None,None
2026-07-11T17:47:16.909987,44.035,49.275428,-123.20037,7.0,21.604,0,0.4,319.0,1.8,15.0,0.7,0.0,0.0,357.88,212.04,619.29,0.0,0.0,None,None,None,None,None,None,None,None,None,None,None,None
2026-07-11T17:47:16.910314,44.036,49.275428,-123.20037,7.0,21.604,0,0.4,319.0,1.8,15.0,0.7,0.0,0.0,357.88,212.04,619.29,0.0,0.0,None,None,None,None,None,None,None,None,None,None,None,None
2026-07-11T17:47:16.910488,44.036,49.275428,-123.20037,7.0,21.604,0,0.4,319.0,1.8,15.0,0.7,0.0,0.0,357.88,212.04,619.29,0.0,0.0,None,None,None,None,None,None,None,None,None,None,None,None
2026-07-11T17:47:17.010925,44.136,49.275428,-123.20037,7.0,21.604,0,0.4,319.0,1.8,15.0,0.7,0.0,0.0,357.88,212.04,619.29,0.0,0.0,None,None,None,None,None,None,None,None,None,None,None,None
2026-07-11T17:47:17.011268,44.137,49.275428,-123.20037,7.0,21.604,0,0.4,319.0,1.8,15.0,0.7,0.0,0.0,357.88,212.04,619.29,0.0,0.0,None,None,None,None,None,None,None,None,None,None,None,None
2026-07-11T17:47:17.011547,44.137,49.275428,-123.20037,7.0,21.604,0,0.4,319.0,1.3,11.0,0.7,0.0,0.0,357.88,212.04,619.29,0.0,0.0,None,None,None,None,None,None,None,None,None,None,None,None
2026-07-11T17:47:17.011873,44.137,49.275428,-123.20037,7.0,21.604,0,0.4,319.0,1.3,11.0,0.7,0.0,0.0,357.88,212.04,619.29,0.0,0.0,None,None,None,None,None,None,None,None,None,None,None,None
2026-07-11T17:47:17.012132,44.138,49.275428,-123.20037,7.0,21.604,0,0.2,319.0,1.3,11.0,0.7,0.0,0.0,357.88,212.04,619.29,0.0,0.0,None,None,None,None,None,None,None,None,None,None,None,None
2026-07-11T17:47:17.110063,44.235,49.275428,-123.20037,7.0,21.604,0,0.2,319.0,1.3,11.0,0.7,0.0,0.0,357.88,212.04,619.29,0.0,0.0,None,None,None,None,None,None,None,None,None,None,None,None
2026-07-11T17:47:17.110396,44.236,49.275428,-123.20037,7.0,21.604,0,0.2,319.0,1.3,11.0,0.7,0.0,0.0,357.88,212.04,619.29,0.0,0.0,None,None,None,None,None,None,None,None,None,None,None,None
2026-07-11T17:47:17.110566,44.236,49.275428,-123.20037,7.0,21.604,0,0.2,319.0,1.3,11.0,0.7,0.0,0.0,357.88,212.04,619.29,0.0,0.0,None,None,None,None,None,None,None,None,None,None,None,None
2026-07-11T17:47:17.210596,44.336,49.275428,-123.20037,7.0,21.604,0,0.2,319.0,1.3,11.0,0.7,0.0,0.0,357.88,212.04,619.29,0.0,0.0,None,None,None,None,None,None,None,None,None,None,None,None
2026-07-11T17:47:17.210795,44.336,49.275428,-123.20037,7.0,21.604,0,0.2,319.0,1.3,11.0,0.7,0.0,0.0,357.88,212.04,619.29,0.0,0.0,None,None,None,None,None,None,None,None,None,None,None,None
2026-07-11T17:47:17.211099,44.336,49.275428,-123.200368,7.0,21.604,0,0.2,319.0,1.3,11.0,0.7,0.0,0.0,357.88,212.04,619.29,0.0,0.0,None,None,None,None,None,None,None,None,None,None,None,None
2026-07-11T17:47:17.310347,44.436,49.275428,-123.200368,7.0,21.604,0,0.2,319.0,1.3,11.0,0.7,0.0,0.0,357.88,212.04,619.29,0.0,0.0,None,None,None,None,None,None,None,None,None,None,None,None
2026-07-11T17:47:17.310631,44.436,49.275428,-123.200368,7.0,21.604,0,0.2,319.0,1.3,18.0,0.7,0.0,0.0,357.88,212.04,619.29,0.0,0.0,None,None,None,None,None,None,None,None,None,None,None,None
2026-07-11T17:47:17.310817,44.436,49.275428,-123.200368,7.0,21.604,0,0.2,319.0,1.3,18.0,0.7,0.0,0.0,357.88,212.04,619.29,0.0,0.0,None,None,None,None,None,None,None,None,None,None,None,None
2026-07-11T17:47:17.310966,44.436,49.275428,-123.200368,7.0,21.604,0,0.0,319.0,1.3,18.0,0.7,0.0,0.0,357.88,212.04,619.29,0.0,0.0,None,None,None,None,None,None,None,None,None,None,None,None
2026-07-11T17:47:17.311227,44.437,49.275428,-123.200368,7.0,21.604,0,0.0,319.0,1.3,18.0,0.7,0.0,0.0,357.88,212.04,619.29,0.0,0.0,None,None,None,None,None,None,None,None,None,None,None,None
2026-07-11T17:47:17.311524,44.437,49.275428,-123.200368,7.0,21.604,0,0.0,319.0,1.3,18.0,0.7,0.0,0.0,357.88,212.04,619.29,0.0,0.0,None,None,None,None,None,None,None,None,None,None,None,None
2026-07-11T17:47:17.410527,44.536,49.275428,-123.200368,7.0,21.604,0,0.0,319.0,1.3,18.0,0.7,0.0,0.0,357.88,212.04,619.29,0.0,0.0,None,None,None,None,None,None,None,None,None,None,None,None
2026-07-11T17:47:17.410847,44.536,49.275428,-123.200368,7.0,21.604,0,0.0,319.0,1.3,18.0,0.7,0.0,0.0,357.88,212.04,619.29,0.0,0.0,None,None,None,None,None,None,None,None,None,None,None,None
2026-07-11T17:47:17.411038,44.536,49.275428,-123.200368,7.0,21.604,0,0.0,319.0,1.3,18.0,0.7,0.0,0.0,357.88,212.04,619.29,0.0,0.0,None,None,None,None,None,None,None,None,None,None,None,None
2026-07-11T17:47:17.510182,44.636,49.275428,-123.200368,7.0,21.604,0,0.0,319.0,1.3,18.0,0.7,0.0,0.0,357.88,212.04,619.29,0.0,0.0,None,None,None,None,None,None,None,None,None,None,None,None
2026-07-11T17:47:17.510507,44.636,49.275428,-123.200368,7.0,21.604,0,0.0,319.0,1.3,18.0,0.7,0.0,0.0,357.88,212.04,619.29,0.0,0.0,None,None,None,None,None,None,None,None,None,None,None,None
2026-07-11T17:47:17.610038,44.735,49.275428,-123.200368,7.0,21.604,0,0.0,319.0,1.4,21.0,0.7,0.0,0.0,357.88,212.04,619.29,0.0,0.0,None,None,None,None,None,None,None,None,None,None,None,None
2026-07-11T17:47:17.610339,44.736,49.275428,-123.200368,7.0,21.604,0,0.0,2.0,1.4,21.0,0.7,0.0,0.0,357.88,212.04,619.29,0.0,0.0,None,None,None,None,None,None,None,None,None,None,None,None
2026-07-11T17:47:17.610527,44.736,49.275428,-123.200368,7.0,21.604,0,0.0,2.0,1.4,21.0,0.7,0.0,0.0,357.88,212.04,619.29,0.0,0.0,None,None,None,None,None,None,None,None,None,None,None,None
2026-07-11T17:47:17.610765,44.736,49.275428,-123.200368,7.0,21.604,0,0.0,2.0,1.4,21.0,0.7,0.0,0.0,357.88,212.04,619.29,0.0,0.0,None,None,None,None,None,None,None,None,None,None,None,None
2026-07-11T17:47:17.710004,44.835,49.275428,-123.200368,7.0,21.604,0,0.0,2.0,1.4,21.0,0.7,0.0,0.0,357.88,212.04,619.29,0.0,0.0,None,None,None,None,None,None,None,None,None,None,None,None
2026-07-11T17:47:17.710747,44.836,49.275428,-123.200368,7.0,21.604,0,0.0,2.0,1.4,21.0,0.7,0.0,0.0,357.88,212.04,619.29,0.0,0.0,None,None,None,None,None,None,None,None,None,None,None,None
2026-07-11T17:47:17.710981,44.836,49.275428,-123.200368,7.0,21.604,0,0.0,2.0,1.4,21.0,0.7,0.0,0.0,357.88,212.04,619.29,0.0,0.0,None,None,None,None,None,None,None,None,None,None,None,None
2026-07-11T17:47:17.711239,44.837,49.275428,-123.200368,7.0,21.604,0,0.0,2.0,1.4,21.0,0.7,0.0,0.0,357.88,212.04,619.29,0.0,0.0,None,None,None,None,None,None,None,None,None,None,None,None
2026-07-11T17:47:17.711492,44.837,49.275428,-123.200368,7.0,21.604,0,0.0,2.0,1.4,21.0,0.7,0.0,0.0,357.88,212.04,619.29,0.0,0.0,None,None,None,None,None,None,None,None,None,None,None,None
2026-07-11T17:47:17.711824,44.837,49.275428,-123.200368,7.0,21.604,0,0.0,2.0,1.4,21.0,0.7,0.0,0.0,357.88,212.04,619.29,0.0,0.0,None,None,None,None,None,None,None,None,None,None,None,None
2026-07-11T17:47:17.810884,44.936,49.275428,-123.200368,7.0,21.604,0,0.0,2.0,1.4,21.0,0.7,0.0,0.0,357.88,212.04,619.29,0.0,0.0,None,None,None,None,None,None,None,None,None,None,None,None
2026-07-11T17:47:17.811195,44.937,49.275428,-123.200368,7.0,21.604,0,0.0,2.0,1.5,30.0,0.7,0.0,0.0,357.88,212.04,619.29,0.0,0.0,None,None,None,None,None,None,None,None,None,None,None,None
2026-07-11T17:47:17.811474,44.937,49.275428,-123.200368,7.0,21.604,0,0.2,299.0,1.5,30.0,0.7,0.0,0.0,357.88,212.04,619.29,0.0,0.0,None,None,None,None,None,None,None,None,None,None,None,None
2026-07-11T17:47:17.811733,44.937,49.275428,-123.200368,7.0,21.604,0,0.2,299.0,1.5,30.0,0.7,0.0,0.0,357.88,212.04,619.29,0.0,0.0,None,None,None,None,None,None,None,None,None,None,None,None
2026-07-11T17:47:17.910492,45.036,49.275428,-123.200368,7.0,21.604,0,0.2,299.0,1.5,30.0,0.7,0.0,0.0,357.88,212.04,619.29,0.0,0.0,None,None,None,None,None,None,None,None,None,None,None,None
2026-07-11T17:47:17.910761,45.036,49.275428,-123.200368,7.0,21.604,0,0.2,299.0,1.5,30.0,0.7,0.0,0.0,357.88,212.04,619.29,0.0,0.0,None,None,None,None,None,None,None,None,None,None,None,None
2026-07-11T17:47:17.910971,45.036,49.275428,-123.200368,7.0,21.604,0,0.2,299.0,1.5,30.0,0.7,0.0,0.0,357.88,212.04,619.29,0.0,0.0,None,None,None,None,None,None,None,None,None,None,None,None
2026-07-11T17:47:17.911109,45.036,49.275428,-123.200368,7.0,21.604,0,0.2,299.0,1.5,30.0,0.7,0.0,0.0,357.88,212.04,619.29,0.0,0.0,None,None,None,None,None,None,None,None,None,None,None,None
2026-07-11T17:47:17.911416,45.037,49.275428,-123.200368,7.0,21.604,0,0.2,299.0,1.5,30.0,0.7,0.0,0.0,357.88,212.04,619.29,0.0,0.0,None,None,None,None,None,None,None,None,None,None,None,None
2026-07-11T17:47:18.010695,45.136,49.275428,-123.200368,7.0,21.604,0,0.2,299.0,1.5,30.0,0.7,0.0,0.0,357.88,212.04,619.29,0.0,0.0,None,None,None,None,None,None,None,None,None,None,None,None
2026-07-11T17:47:18.010986,45.136,49.275428,-123.200368,7.0,21.604,0,0.2,299.0,1.5,30.0,0.7,0.0,0.0,357.88,212.04,619.29,0.0,0.0,None,None,None,None,None,None,None,None,None,None,None,None
2026-07-11T17:47:18.110874,45.236,49.275428,-123.200368,7.0,21.604,0,0.2,299.0,1.2,33.0,0.7,0.0,0.0,357.88,212.04,619.29,0.0,0.0,None,None,None,None,None,None,None,None,None,None,None,None
2026-07-11T17:47:18.111085,45.236,49.275428,-123.200368,7.0,21.604,0,0.2,299.0,1.2,33.0,0.7,0.0,0.0,357.88,212.04,619.29,0.0,0.0,None,None,None,None,None,None,None,None,None,None,None,None
2026-07-11T17:47:18.111342,45.237,49.275428,-123.200368,7.0,21.604,0,0.6,272.0,1.2,33.0,0.7,0.0,0.0,357.88,212.04,619.29,0.0,0.0,None,None,None,None,None,None,None,None,None,None,None,None
2026-07-11T17:47:18.111569,45.237,49.275428,-123.200368,7.0,21.604,0,0.6,272.0,1.2,33.0,0.7,0.0,0.0,357.88,212.04,619.29,0.0,0.0,None,None,None,None,None,None,None,None,None,None,None,None
2026-07-11T17:47:18.111752,45.237,49.275428,-123.200368,7.0,21.604,0,0.6,272.0,1.2,33.0,0.7,0.0,0.0,357.88,212.04,619.29,0.0,0.0,None,None,None,None,None,None,None,None,None,None,None,None
2026-07-11T17:47:18.111947,45.237,49.275428,-123.200368,7.0,21.604,0,0.6,272.0,1.2,33.0,0.7,0.0,0.0,357.88,212.04,619.29,0.0,0.0,None,None,None,None,None,None,None,None,None,None,None,None
2026-07-11T17:47:18.210826,45.336,49.275428,-123.200368,7.0,21.604,0,0.6,272.0,1.2,33.0,0.7,0.0,0.0,357.88,212.04,619.29,0.0,0.0,None,None,None,None,None,None,None,None,None,None,None,None
2026-07-11T17:47:18.211168,45.337,49.275428,-123.200368,7.0,21.604,0,0.6,272.0,1.2,33.0,0.7,0.0,0.0,357.88,212.04,619.29,0.0,0.0,None,None,None,None,None,None,None,None,None,None,None,None
2026-07-11T17:47:18.211345,45.337,49.275428,-123.200368,7.0,21.604,0,0.6,272.0,1.2,33.0,0.7,0.0,0.0,357.88,212.04,619.29,0.0,0.0,None,None,None,None,None,None,None,None,None,None,None,None
2026-07-11T17:47:18.310224,45.436,49.27543,-123.200365,7.0,21.604,0,0.6,272.0,1.2,33.0,0.7,0.0,0.0,357.88,212.04,619.29,0.0,0.0,None,None,None,None,None,None,None,None,None,None,None,None
2026-07-11T17:47:18.310532,45.436,49.27543,-123.200365,7.0,21.604,0,0.6,272.0,1.2,33.0,0.7,0.0,0.0,357.88,212.04,619.29,0.0,0.0,None,None,None,None,None,None,None,None,None,None,None,None
2026-07-11T17:47:18.310791,45.436,49.27543,-123.200365,7.0,21.604,0,0.6,272.0,1.2,33.0,0.7,0.0,0.0,357.88,212.04,619.29,0.0,0.0,None,None,None,None,None,None,None,None,None,None,None,None
2026-07-11T17:47:18.310924,45.436,49.27543,-123.200365,7.0,21.604,0,0.6,272.0,1.4,39.0,0.7,0.0,0.0,357.88,212.04,619.29,0.0,0.0,None,None,None,None,None,None,None,None,None,None,None,None
2026-07-11T17:47:18.410415,45.536,49.27543,-123.200365,7.0,21.604,0,0.6,272.0,1.4,39.0,0.7,0.0,0.0,357.88,212.04,619.29,0.0,0.0,None,None,None,None,None,None,None,None,None,None,None,None
2026-07-11T17:47:18.410599,45.536,49.27543,-123.200365,7.0,21.604,0,0.6,272.0,1.4,39.0,0.7,0.0,0.0,357.88,212.04,619.29,0.0,0.0,None,None,None,None,None,None,None,None,None,None,None,None
2026-07-11T17:47:18.410880,45.536,49.27543,-123.200365,7.0,21.604,0,0.9,272.0,1.4,39.0,0.7,0.0,0.0,357.88,212.04,619.29,0.0,0.0,None,None,None,None,None,None,None,None,None,None,None,None
2026-07-11T17:47:18.411169,45.537,49.27543,-123.200365,7.0,21.604,0,0.9,272.0,1.4,39.0,0.7,0.0,0.0,357.88,212.04,619.29,0.0,0.0,None,None,None,None,None,None,None,None,None,None,None,None
2026-07-11T17:47:18.411856,45.537,49.27543,-123.200365,7.0,21.604,0,0.9,272.0,1.4,39.0,0.7,0.0,0.0,357.88,212.04,619.29,0.0,0.0,None,None,None,None,None,None,None,None,None,None,None,None
2026-07-11T17:47:18.412012,45.537,49.27543,-123.200365,7.0,21.604,0,0.9,272.0,1.4,39.0,0.7,0.0,0.0,357.88,212.04,619.29,0.0,0.0,None,None,None,None,None,None,None,None,None,None,None,None
2026-07-11T17:47:18.510814,45.636,49.27543,-123.200365,7.0,21.604,0,0.9,272.0,1.4,39.0,0.7,0.0,0.0,357.88,212.04,619.29,0.0,0.0,None,None,None,None,None,None,None,None,None,None,None,None
2026-07-11T17:47:18.511168,45.637,49.27543,-123.200365,7.0,21.604,0,0.9,272.0,1.4,39.0,0.7,0.0,0.0,357.88,212.04,619.29,0.0,0.0,None,None,None,None,None,None,None,None,None,None,None,None
2026-07-11T17:47:18.610896,45.736,49.27543,-123.200365,7.0,21.604,0,0.9,272.0,1.4,39.0,0.7,0.0,0.0,357.88,212.04,619.29,0.0,0.0,None,None,None,None,None,None,None,None,None,None,None,None
2026-07-11T17:47:18.611074,45.736,49.27543,-123.200365,7.0,21.604,0,0.9,272.0,1.3,30.0,0.7,0.0,0.0,357.88,212.04,619.29,0.0,0.0,None,None,None,None,None,None,None,None,None,None,None,None
2026-07-11T17:47:18.611233,45.737,49.27543,-123.200365,7.0,21.604,0,0.9,272.0,1.3,30.0,0.7,0.0,0.0,357.88,212.04,619.29,0.0,0.0,None,None,None,None,None,None,None,None,None,None,None,None
2026-07-11T17:47:18.611356,45.737,49.27543,-123.200365,7.0,21.604,0,1.0,272.0,1.3,30.0,0.7,0.0,0.0,357.88,212.04,619.29,0.0,0.0,None,None,None,None,None,None,None,None,None,None,None,None
2026-07-11T17:47:18.710254,45.836,49.27543,-123.200365,7.0,21.604,0,1.0,272.0,1.3,30.0,0.7,0.0,0.0,357.88,212.04,619.29,0.0,0.0,None,None,None,None,None,None,None,None,None,None,None,None
2026-07-11T17:47:18.710414,45.836,49.27543,-123.200365,7.0,21.604,0,1.0,272.0,1.3,30.0,0.7,0.0,0.0,357.88,212.04,619.29,0.0,0.0,None,None,None,None,None,None,None,None,None,None,None,None
2026-07-11T17:47:18.710569,45.836,49.27543,-123.200365,7.0,21.604,0,1.0,272.0,1.3,30.0,0.7,0.0,0.0,357.88,212.04,619.29,0.0,0.0,None,None,None,None,None,None,None,None,None,None,None,None
2026-07-11T17:47:18.809998,45.935,49.27543,-123.200365,7.0,21.604,0,1.0,272.0,1.3,30.0,0.7,0.0,0.0,357.88,212.04,619.29,0.0,0.0,None,None,None,None,None,None,None,None,None,None,None,None
2026-07-11T17:47:18.810319,45.936,49.27543,-123.200365,7.0,21.604,0,1.0,272.0,1.3,30.0,0.7,0.0,0.0,357.88,212.04,619.29,0.0,0.0,None,None,None,None,None,None,None,None,None,None,None,None
2026-07-11T17:47:18.910567,46.036,49.27543,-123.200365,7.0,21.604,0,1.0,272.0,1.3,30.0,0.7,0.0,0.0,357.88,212.04,619.29,0.0,0.0,None,None,None,None,None,None,None,None,None,None,None,None
2026-07-11T17:47:18.910878,46.036,49.27543,-123.200365,7.0,21.604,0,1.0,272.0,1.3,30.0,0.7,0.0,0.0,357.88,212.04,619.29,0.0,0.0,None,None,None,None,None,None,None,None,None,None,None,None
2026-07-11T17:47:18.911037,46.036,49.27543,-123.200365,7.0,21.604,0,1.0,272.0,1.3,15.0,0.7,0.0,0.0,357.88,212.04,619.29,0.0,0.0,None,None,None,None,None,None,None,None,None,None,None,None
2026-07-11T17:47:18.911169,46.037,49.27543,-123.200365,7.0,21.604,0,1.2,272.0,1.3,15.0,0.7,0.0,0.0,357.88,212.04,619.29,0.0,0.0,None,None,None,None,None,None,None,None,None,None,None,None
2026-07-11T17:47:18.911318,46.037,49.27543,-123.200365,7.0,21.604,0,1.2,272.0,1.3,15.0,0.7,0.0,0.0,357.88,212.04,619.29,0.0,0.0,None,None,None,None,None,None,None,None,None,None,None,None
2026-07-11T17:47:18.911427,46.037,49.27543,-123.200365,7.0,21.604,0,1.2,272.0,1.3,15.0,0.7,0.0,0.0,357.88,212.04,619.29,0.0,0.0,None,None,None,None,None,None,None,None,None,None,None,None
2026-07-11T17:47:18.911529,46.037,49.27543,-123.200365,7.0,21.604,0,1.2,272.0,1.3,15.0,0.7,0.0,0.0,357.88,212.04,619.29,0.0,0.0,None,None,None,None,None,None,None,None,None,None,None,None
2026-07-11T17:47:18.911837,46.037,49.27543,-123.200365,7.0,21.604,0,1.2,272.0,1.3,15.0,0.7,0.0,0.0,357.88,212.04,619.29,0.0,0.0,None,None,None,None,None,None,None,None,None,None,None,None
2026-07-11T17:47:19.010443,46.136,49.27543,-123.200365,7.0,21.604,0,1.2,272.0,1.3,15.0,0.7,0.0,0.0,357.88,212.04,619.29,0.0,0.0,None,None,None,None,None,None,None,None,None,None,None,None
2026-07-11T17:47:19.010725,46.136,49.27543,-123.200365,7.0,21.604,0,1.2,272.0,1.3,15.0,0.7,0.0,0.0,357.88,212.04,619.29,0.0,0.0,None,None,None,None,None,None,None,None,None,None,None,None
2026-07-11T17:47:19.011061,46.136,49.27543,-123.200365,7.0,21.604,0,1.2,272.0,1.3,15.0,0.7,0.0,0.0,357.88,212.04,619.29,0.0,0.0,None,None,None,None,None,None,None,None,None,None,None,None
2026-07-11T17:47:19.110740,46.236,49.27543,-123.200365,7.0,21.604,0,1.2,272.0,1.3,15.0,0.7,0.0,0.0,357.88,212.04,619.29,0.0,0.0,None,None,None,None,None,None,None,None,None,None,None,None
2026-07-11T17:47:19.111069,46.236,49.27543,-123.200365,7.0,21.604,0,1.2,272.0,1.3,15.0,0.7,0.0,0.0,357.88,212.04,619.29,0.0,0.0,None,None,None,None,None,None,None,None,None,None,None,None
2026-07-11T17:47:19.111262,46.237,49.27543,-123.200365,7.0,21.604,0,1.2,272.0,1.7,7.0,0.7,0.0,0.0,357.88,212.04,619.29,0.0,0.0,None,None,None,None,None,None,None,None,None,None,None,None
2026-07-11T17:47:19.210318,46.336,49.27543,-123.200365,7.0,21.604,0,1.2,272.0,1.7,7.0,0.7,0.0,0.0,357.88,212.04,619.29,0.0,0.0,None,None,None,None,None,None,None,None,None,None,None,None
2026-07-11T17:47:19.210616,46.336,49.27543,-123.200365,7.0,21.604,0,1.2,251.0,1.7,7.0,0.7,0.0,0.0,357.88,212.04,619.29,0.0,0.0,None,None,None,None,None,None,None,None,None,None,None,None
2026-07-11T17:47:19.210894,46.336,49.27543,-123.200365,7.0,21.604,0,1.2,251.0,1.7,7.0,0.7,0.0,0.0,357.88,212.04,619.29,0.0,0.0,None,None,None,None,None,None,None,None,None,None,None,None
2026-07-11T17:47:19.211188,46.337,49.27543,-123.200365,7.0,21.604,0,1.2,251.0,1.7,7.0,0.7,0.0,0.0,357.88,212.04,619.29,0.0,0.0,None,None,None,None,None,None,None,None,None,None,None,None
2026-07-11T17:47:19.211367,46.337,49.27543,-123.200363,7.0,21.604,0,1.2,251.0,1.7,7.0,0.7,0.0,0.0,357.88,212.04,619.29,0.0,0.0,None,None,None,None,None,None,None,None,None,None,None,None
2026-07-11T17:47:19.310534,46.436,49.27543,-123.200363,7.0,21.604,0,1.2,251.0,1.7,7.0,0.7,0.0,0.0,357.88,212.04,619.29,0.0,0.0,None,None,None,None,None,None,None,None,None,None,None,None
2026-07-11T17:47:19.311193,46.437,49.27543,-123.200363,7.0,21.604,0,1.2,251.0,1.7,7.0,0.7,0.0,0.0,357.88,212.04,619.29,0.0,0.0,None,None,None,None,None,None,None,None,None,None,None,None
2026-07-11T17:47:19.311546,46.437,49.27543,-123.200363,7.0,21.604,0,1.2,251.0,1.7,7.0,0.7,0.0,0.0,357.88,212.04,619.29,0.0,0.0,None,None,None,None,None,None,None,None,None,None,None,None
2026-07-11T17:47:19.410405,46.536,49.27543,-123.200363,7.0,21.604,0,1.2,251.0,1.7,7.0,0.7,0.0,0.0,357.88,212.04,619.29,0.0,0.0,None,None,None,None,None,None,None,None,None,None,None,None
2026-07-11T17:47:19.410701,46.536,49.27543,-123.200363,7.0,21.604,0,1.2,251.0,1.7,7.0,0.7,0.0,0.0,357.88,212.04,619.29,0.0,0.0,None,None,None,None,None,None,None,None,None,None,None,None
2026-07-11T17:47:19.410881,46.536,49.27543,-123.200363,7.0,21.604,0,1.2,251.0,1.8,3.0,0.7,0.0,0.0,357.88,212.04,619.29,0.0,0.0,None,None,None,None,None,None,None,None,None,None,None,None
2026-07-11T17:47:19.411055,46.536,49.27543,-123.200363,7.0,21.604,0,1.2,251.0,1.8,3.0,0.7,0.0,0.0,357.88,212.04,619.29,0.0,0.0,None,None,None,None,None,None,None,None,None,None,None,None
2026-07-11T17:47:19.411192,46.537,49.27543,-123.200363,7.0,21.604,0,1.3,242.0,1.8,3.0,0.7,0.0,0.0,357.88,212.04,619.29,0.0,0.0,None,None,None,None,None,None,None,None,None,None,None,None
2026-07-11T17:47:19.510564,46.636,49.27543,-123.200363,7.0,21.604,0,1.3,242.0,1.8,3.0,0.7,0.0,0.0,357.88,212.04,619.29,0.0,0.0,None,None,None,None,None,None,None,None,None,None,None,None
2026-07-11T17:47:19.510914,46.636,49.27543,-123.200363,7.0,21.604,0,1.3,242.0,1.8,3.0,0.7,0.0,0.0,357.88,212.04,619.29,0.0,0.0,None,None,None,None,None,None,None,None,None,None,None,None
2026-07-11T17:47:19.511234,46.637,49.27543,-123.200363,7.0,21.604,0,1.3,242.0,1.8,3.0,0.7,0.0,0.0,357.88,212.04,619.29,0.0,0.0,None,None,None,None,None,None,None,None,None,None,None,None
2026-07-11T17:47:19.610068,46.735,49.27543,-123.200363,7.0,21.604,0,1.3,242.0,1.8,3.0,0.7,0.0,0.0,357.88,212.04,619.29,0.0,0.0,None,None,None,None,None,None,None,None,None,None,None,None
2026-07-11T17:47:19.610387,46.736,49.27543,-123.200363,7.0,21.604,0,1.3,242.0,1.8,3.0,0.7,0.0,0.0,357.88,212.04,619.29,0.0,0.0,None,None,None,None,None,None,None,None,None,None,None,None
2026-07-11T17:47:19.710509,46.836,49.27543,-123.200363,7.0,21.604,0,1.3,242.0,1.8,3.0,0.7,0.0,0.0,357.88,212.04,619.29,0.0,0.0,None,None,None,None,None,None,None,None,None,None,None,None
2026-07-11T17:47:19.710832,46.836,49.27543,-123.200363,7.0,21.604,0,1.3,242.0,1.2,359.0,0.7,0.0,0.0,357.88,212.04,619.29,0.0,0.0,None,None,None,None,None,None,None,None,None,None,None,None
2026-07-11T17:47:19.711055,46.836,49.27543,-123.200363,7.0,21.604,0,1.3,240.0,1.2,359.0,0.7,0.0,0.0,357.88,212.04,619.29,0.0,0.0,None,None,None,None,None,None,None,None,None,None,None,None
2026-07-11T17:47:19.711279,46.837,49.27543,-123.200363,7.0,21.604,0,1.3,240.0,1.2,359.0,0.7,0.0,0.0,357.88,212.04,619.29,0.0,0.0,None,None,None,None,None,None,None,None,None,None,None,None
2026-07-11T17:47:19.711869,46.837,49.27543,-123.200363,7.0,21.604,0,1.3,240.0,1.2,359.0,0.7,0.0,0.0,357.88,212.04,619.29,0.0,0.0,None,None,None,None,None,None,None,None,None,None,None,None
2026-07-11T17:47:19.712046,46.837,49.27543,-123.200363,7.0,21.604,0,1.3,240.0,1.2,359.0,0.7,0.0,0.0,357.88,212.04,619.29,0.0,0.0,None,None,None,None,None,None,None,None,None,None,None,None
2026-07-11T17:47:19.712215,46.838,49.27543,-123.200363,7.0,21.604,0,1.3,240.0,1.2,359.0,0.7,0.0,0.0,357.88,212.04,619.29,0.0,0.0,None,None,None,None,None,None,None,None,None,None,None,None
2026-07-11T17:47:19.712402,46.838,49.27543,-123.200363,7.0,21.604,0,1.3,240.0,1.2,359.0,0.7,0.0,0.0,357.88,212.04,619.29,0.0,0.0,None,None,None,None,None,None,None,None,None,None,None,None
2026-07-11T17:47:19.810306,46.936,49.27543,-123.200363,7.0,21.604,0,1.3,240.0,1.2,359.0,0.7,0.0,0.0,357.88,212.04,619.29,0.0,0.0,None,None,None,None,None,None,None,None,None,None,None,None
2026-07-11T17:47:19.810498,46.936,49.27543,-123.200363,7.0,21.604,0,1.3,240.0,1.2,359.0,0.7,0.0,0.0,357.88,212.04,619.29,0.0,0.0,None,None,None,None,None,None,None,None,None,None,None,None
2026-07-11T17:47:19.910275,47.036,49.27543,-123.200363,7.0,21.604,0,1.3,240.0,1.2,359.0,0.7,0.0,0.0,357.88,212.04,619.29,0.0,0.0,None,None,None,None,None,None,None,None,None,None,None,None
2026-07-11T17:47:19.910571,47.036,49.27543,-123.200363,7.0,21.604,0,1.3,240.0,1.2,359.0,0.7,0.0,0.0,357.88,212.04,619.29,0.0,0.0,None,None,None,None,None,None,None,None,None,None,None,None
2026-07-11T17:47:19.910808,47.036,49.27543,-123.200363,7.0,21.604,0,1.3,240.0,1.2,359.0,0.7,0.0,0.0,357.88,212.04,619.29,0.0,0.0,None,None,None,None,None,None,None,None,None,None,None,None
2026-07-11T17:47:19.910949,47.036,49.27543,-123.200363,7.0,21.604,0,1.3,240.0,1.2,359.0,0.7,0.0,0.0,357.88,212.04,619.29,0.0,0.0,None,None,None,None,None,None,None,None,None,None,None,None
2026-07-11T17:47:19.911091,47.036,49.27543,-123.200363,7.0,21.604,0,1.3,240.0,0.8,348.0,0.7,0.0,0.0,357.88,212.04,619.29,0.0,0.0,None,None,None,None,None,None,None,None,None,None,None,None
2026-07-11T17:47:20.010582,47.136,49.27543,-123.200363,7.0,21.604,0,1.3,240.0,0.8,348.0,0.7,0.0,0.0,357.88,212.04,619.29,0.0,0.0,None,None,None,None,None,None,None,None,None,None,None,None
2026-07-11T17:47:20.010880,47.136,49.27543,-123.200363,7.0,21.604,0,1.2,232.0,0.8,348.0,0.7,0.0,0.0,357.88,212.04,619.29,0.0,0.0,None,None,None,None,None,None,None,None,None,None,None,None
2026-07-11T17:47:20.011020,47.136,49.27543,-123.200363,7.0,21.604,0,1.2,232.0,0.8,348.0,0.7,0.0,0.0,357.88,212.04,619.29,0.0,0.0,None,None,None,None,None,None,None,None,None,None,None,None
2026-07-11T17:47:20.011177,47.137,49.27543,-123.200363,7.0,21.604,0,1.2,232.0,0.8,348.0,0.7,0.0,0.0,357.88,212.04,619.29,0.0,0.0,None,None,None,None,None,None,None,None,None,None,None,None
2026-07-11T17:47:20.011273,47.137,49.27543,-123.200363,7.0,21.604,0,1.2,232.0,0.8,348.0,0.7,0.0,0.0,357.88,212.04,619.29,0.0,0.0,None,None,None,None,None,None,None,None,None,None,None,None
2026-07-11T17:47:20.110585,47.236,49.27543,-123.200363,7.0,21.604,0,1.2,232.0,0.8,348.0,0.7,0.0,0.0,357.88,212.04,619.29,0.0,0.0,None,None,None,None,None,None,None,None,None,None,None,None
2026-07-11T17:47:20.110913,47.236,49.27543,-123.200363,7.0,21.604,0,1.2,232.0,0.8,348.0,0.7,0.0,0.0,357.88,212.04,619.29,0.0,0.0,None,None,None,None,None,None,None,None,None,None,None,None
2026-07-11T17:47:20.111157,47.237,49.27543,-123.200363,7.0,21.608,0,1.2,232.0,0.8,348.0,0.7,0.0,0.0,357.88,212.04,619.29,0.0,0.0,None,None,None,None,None,None,None,None,None,None,None,None
2026-07-11T17:47:20.111443,47.237,49.27543,-123.200363,7.0,21.608,0,1.2,232.0,0.8,348.0,0.7,0.0,0.0,357.88,212.04,619.29,0.0,0.0,None,None,None,None,None,None,None,None,None,None,None,None
2026-07-11T17:47:20.210979,47.336,49.27543,-123.200363,7.0,21.608,0,1.2,232.0,0.8,348.0,0.7,0.0,0.0,357.88,212.04,619.29,0.0,0.0,None,None,None,None,None,None,None,None,None,None,None,None
2026-07-11T17:47:20.211329,47.337,49.27543,-123.200363,7.0,21.608,0,1.2,232.0,0.7,345.0,0.7,0.0,0.0,357.88,212.04,619.29,0.0,0.0,None,None,None,None,None,None,None,None,None,None,None,None
2026-07-11T17:47:20.211635,47.337,49.27543,-123.200363,7.0,21.608,0,1.2,232.0,0.7,345.0,0.7,0.0,0.0,357.88,212.04,619.29,0.0,0.0,None,None,None,None,None,None,None,None,None,None,None,None
2026-07-11T17:47:20.211922,47.337,49.27543,-123.200363,7.0,21.608,0,1.3,224.0,0.7,345.0,0.7,0.0,0.0,357.88,212.04,619.29,0.0,0.0,None,None,None,None,None,None,None,None,None,None,None,None
2026-07-11T17:47:20.311162,47.437,49.275431,-123.200363,7.0,21.608,0,1.3,224.0,0.7,345.0,0.7,0.0,0.0,357.88,212.04,619.29,0.0,0.0,None,None,None,None,None,None,None,None,None,None,None,None
2026-07-11T17:47:20.311481,47.437,49.275431,-123.200363,7.0,21.608,0,1.3,224.0,0.7,345.0,0.7,0.0,0.0,357.88,212.04,619.29,0.0,0.0,None,None,None,None,None,None,None,None,None,None,None,None
2026-07-11T17:47:20.311730,47.437,49.275431,-123.200363,7.0,21.608,0,1.3,224.0,0.7,345.0,0.7,0.0,0.0,357.88,212.04,619.29,0.0,0.0,None,None,None,None,None,None,None,None,None,None,None,None
2026-07-11T17:47:20.311871,47.437,49.275431,-123.200363,7.0,21.608,0,1.3,224.0,0.7,345.0,0.7,0.0,0.0,357.88,212.04,619.29,0.0,0.0,None,None,None,None,None,None,None,None,None,None,None,None
2026-07-11T17:47:20.312145,47.438,49.275431,-123.200363,7.0,21.608,0,1.3,224.0,0.7,345.0,0.7,0.0,0.0,357.88,212.04,619.29,0.0,0.0,None,None,None,None,None,None,None,None,None,None,None,None
2026-07-11T17:47:20.410443,47.536,49.275431,-123.200363,7.0,21.608,0,1.3,224.0,0.7,345.0,0.7,0.0,0.0,357.88,212.04,619.29,0.0,0.0,None,None,None,None,None,None,None,None,None,None,None,None
2026-07-11T17:47:20.410677,47.536,49.275431,-123.200363,7.0,21.608,0,1.3,224.0,0.7,345.0,0.7,0.0,0.0,357.88,212.04,619.29,0.0,0.0,None,None,None,None,None,None,None,None,None,None,None,None
2026-07-11T17:47:20.410839,47.536,49.275431,-123.200363,7.0,21.608,0,1.3,224.0,0.7,345.0,0.7,0.0,0.0,357.88,212.04,619.29,0.0,0.0,None,None,None,None,None,None,None,None,None,None,None,None
2026-07-11T17:47:20.510757,47.636,49.275431,-123.200363,7.0,21.608,0,1.3,224.0,0.7,345.0,0.7,0.0,0.0,357.88,212.04,619.29,0.0,0.0,None,None,None,None,None,None,None,None,None,None,None,None
2026-07-11T17:47:20.510937,47.636,49.275431,-123.200363,7.0,21.608,0,1.3,224.0,0.7,322.0,0.7,0.0,0.0,357.88,212.04,619.29,0.0,0.0,None,None,None,None,None,None,None,None,None,None,None,None
2026-07-11T17:47:20.511066,47.636,49.275431,-123.200363,7.0,21.608,0,1.3,237.0,0.7,322.0,0.7,0.0,0.0,357.88,212.04,619.29,0.0,0.0,None,None,None,None,None,None,None,None,None,None,None,None
2026-07-11T17:47:20.511254,47.637,49.275431,-123.200363,7.0,21.608,0,1.3,237.0,0.7,322.0,0.7,0.0,0.0,357.88,212.04,619.29,0.0,0.0,None,None,None,None,None,None,None,None,None,None,None,None
2026-07-11T17:47:20.511405,47.637,49.275431,-123.200363,7.0,21.608,0,1.3,237.0,0.7,322.0,0.7,0.0,0.0,357.88,212.04,619.29,0.0,0.0,None,None,None,None,None,None,None,None,None,None,None,None
2026-07-11T17:47:20.610349,47.736,49.275431,-123.200363,7.0,21.608,0,1.3,237.0,0.7,322.0,0.7,0.0,0.0,357.88,212.04,619.29,0.0,0.0,None,None,None,None,None,None,None,None,None,None,None,None
2026-07-11T17:47:20.610632,47.736,49.275431,-123.200363,7.0,21.608,0,1.3,237.0,0.7,322.0,0.7,0.0,0.0,357.88,212.04,619.29,0.0,0.0,None,None,None,None,None,None,None,None,None,None,None,None
2026-07-11T17:47:20.710127,47.836,49.275431,-123.200363,7.0,21.608,0,1.3,237.0,0.7,322.0,0.7,0.0,0.0,357.88,212.04,619.29,0.0,0.0,None,None,None,None,None,None,None,None,None,None,None,None
2026-07-11T17:47:20.710329,47.836,49.275431,-123.200363,7.0,21.608,0,1.3,237.0,0.7,322.0,0.7,0.0,0.0,357.88,212.04,619.29,0.0,0.0,None,None,None,None,None,None,None,None,None,None,None,None
2026-07-11T17:47:20.710479,47.836,49.275431,-123.200363,7.0,21.608,0,1.3,237.0,0.7,322.0,0.7,0.0,0.0,357.88,212.04,619.29,0.0,0.0,None,None,None,None,None,None,None,None,None,None,None,None
2026-07-11T17:47:20.711038,47.836,49.275431,-123.200363,7.0,21.608,0,1.3,237.0,0.7,322.0,0.7,0.0,0.0,357.88,212.04,619.29,0.0,0.0,None,None,None,None,None,None,None,None,None,None,None,None
2026-07-11T17:47:20.711237,47.837,49.275431,-123.200363,7.0,21.608,0,1.3,237.0,0.7,308.0,0.7,0.0,0.0,357.88,212.04,619.29,0.0,0.0,None,None,None,None,None,None,None,None,None,None,None,None
2026-07-11T17:47:20.810534,47.936,49.275431,-123.200363,7.0,21.608,0,1.2,248.0,0.7,308.0,0.7,0.0,0.0,357.88,212.04,619.29,0.0,0.0,None,None,None,None,None,None,None,None,None,None,None,None
2026-07-11T17:47:20.810879,47.936,49.275431,-123.200363,7.0,21.608,0,1.2,248.0,0.7,308.0,0.7,0.0,0.0,357.88,212.04,619.29,0.0,0.0,None,None,None,None,None,None,None,None,None,None,None,None
2026-07-11T17:47:20.811014,47.936,49.275431,-123.200363,7.0,21.608,0,1.2,248.0,0.7,308.0,0.7,0.0,0.0,357.88,212.04,619.29,0.0,0.0,None,None,None,None,None,None,None,None,None,None,None,None
2026-07-11T17:47:20.811164,47.937,49.275431,-123.200363,7.0,21.608,0,1.2,248.0,0.7,308.0,0.7,0.0,0.0,357.88,212.04,619.29,0.0,0.0,None,None,None,None,None,None,None,None,None,None,None,None
2026-07-11T17:47:20.910789,48.036,49.275431,-123.200363,7.0,21.608,0,1.2,248.0,0.7,308.0,0.7,0.0,0.0,357.88,212.04,619.29,0.0,0.0,None,None,None,None,None,None,None,None,None,None,None,None
2026-07-11T17:47:20.911013,48.036,49.275431,-123.200363,7.0,21.608,0,1.2,248.0,0.7,308.0,0.7,0.0,0.0,357.88,212.04,619.29,0.0,0.0,None,None,None,None,None,None,None,None,None,None,None,None
2026-07-11T17:47:20.911167,48.037,49.275431,-123.200363,7.0,21.608,0,1.2,248.0,0.7,308.0,0.7,0.0,0.0,357.88,212.04,619.29,0.0,0.0,None,None,None,None,None,None,None,None,None,None,None,None
2026-07-11T17:47:21.009943,48.135,49.275431,-123.200363,7.0,21.608,0,1.2,248.0,0.7,308.0,0.7,0.0,0.0,357.88,212.04,619.29,0.0,0.0,None,None,None,None,None,None,None,None,None,None,None,None
2026-07-11T17:47:21.010289,48.136,49.275431,-123.200363,7.0,21.608,0,1.2,248.0,0.7,308.0,0.7,0.0,0.0,357.88,212.04,619.29,0.0,0.0,None,None,None,None,None,None,None,None,None,None,None,None
2026-07-11T17:47:21.010567,48.136,49.275431,-123.200363,7.0,21.608,0,1.2,248.0,0.9,302.0,0.7,0.0,0.0,357.88,212.04,619.29,0.0,0.0,None,None,None,None,None,None,None,None,None,None,None,None
2026-07-11T17:47:21.010876,48.136,49.275431,-123.200363,7.0,21.608,0,1.2,248.0,0.9,302.0,0.7,0.0,0.0,357.88,212.04,619.29,0.0,0.0,None,None,None,None,None,None,None,None,None,None,None,None
2026-07-11T17:47:21.015212,48.141,49.275431,-123.200363,7.0,21.608,0,1.1,251.0,0.9,302.0,0.7,0.0,0.0,357.88,212.04,619.29,0.0,0.0,None,None,None,None,None,None,None,None,None,None,None,None
2026-07-11T17:47:21.015470,48.141,49.275431,-123.200363,7.0,21.608,0,1.1,251.0,0.9,302.0,0.7,0.0,0.0,357.88,212.04,619.29,0.0,0.0,None,None,None,None,None,None,None,None,None,None,None,None
2026-07-11T17:47:21.110440,48.236,49.275431,-123.200363,7.0,21.608,0,1.1,251.0,0.9,302.0,0.7,0.0,0.0,357.88,212.04,619.29,0.0,0.0,None,None,None,None,None,None,None,None,None,None,None,None
2026-07-11T17:47:21.110726,48.236,49.275431,-123.200363,7.0,21.608,0,1.1,251.0,0.9,302.0,0.7,0.0,0.0,357.88,212.04,619.29,0.0,0.0,None,None,None,None,None,None,None,None,None,None,None,None
2026-07-11T17:47:21.210932,48.336,49.275431,-123.200363,7.0,21.608,0,1.1,251.0,0.9,302.0,0.7,0.0,0.0,357.88,212.04,619.29,0.0,0.0,None,None,None,None,None,None,None,None,None,None,None,None
2026-07-11T17:47:21.211258,48.337,49.275431,-123.200363,7.0,21.608,0,1.1,251.0,0.9,302.0,0.7,0.0,0.0,357.88,212.04,619.29,0.0,0.0,None,None,None,None,None,None,None,None,None,None,None,None
2026-07-11T17:47:21.211435,48.337,49.275431,-123.200361,7.0,21.608,0,1.1,251.0,0.9,302.0,0.7,0.0,0.0,357.88,212.04,619.29,0.0,0.0,None,None,None,None,None,None,None,None,None,None,None,None
2026-07-11T17:47:21.211572,48.337,49.275431,-123.200361,7.0,21.608,0,1.1,251.0,0.9,302.0,0.7,0.0,0.0,357.88,212.04,619.29,0.0,0.0,None,None,None,None,None,None,None,None,None,None,None,None
2026-07-11T17:47:21.310373,48.436,49.275431,-123.200361,7.0,21.608,0,1.1,251.0,1.0,298.0,0.7,0.0,0.0,357.88,212.04,619.29,0.0,0.0,None,None,None,None,None,None,None,None,None,None,None,None
2026-07-11T17:47:21.310688,48.436,49.275431,-123.200361,7.0,21.608,0,1.1,251.0,1.0,298.0,0.7,0.0,0.0,357.88,212.04,619.29,0.0,0.0,None,None,None,None,None,None,None,None,None,None,None,None
2026-07-11T17:47:21.310965,48.436,49.275431,-123.200361,7.0,21.608,0,1.1,251.0,1.0,298.0,0.7,0.0,0.0,357.88,212.04,619.29,0.0,0.0,None,None,None,None,None,None,None,None,None,None,None,None
2026-07-11T17:47:21.311208,48.437,49.275431,-123.200361,7.0,21.608,0,0.9,262.0,1.0,298.0,0.7,0.0,0.0,357.88,212.04,619.29,0.0,0.0,None,None,None,None,None,None,None,None,None,None,None,None
2026-07-11T17:47:21.311511,48.437,49.275431,-123.200361,7.0,21.606,0,0.9,262.0,1.0,298.0,0.7,0.0,0.0,357.88,212.04,619.29,0.0,0.0,None,None,None,None,None,None,None,None,None,None,None,None
2026-07-11T17:47:21.311701,48.437,49.275431,-123.200361,7.0,21.606,0,0.9,262.0,1.0,298.0,0.7,0.0,0.0,357.88,212.04,619.29,0.0,0.0,None,None,None,None,None,None,None,None,None,None,None,None
2026-07-11T17:47:21.311878,48.437,49.275431,-123.200361,7.0,21.606,0,0.9,262.0,1.0,298.0,0.7,0.0,0.0,357.88,212.04,619.29,0.0,0.0,None,None,None,None,None,None,None,None,None,None,None,None
2026-07-11T17:47:21.312070,48.437,49.275431,-123.200361,7.0,21.606,0,0.9,262.0,1.0,298.0,0.7,0.0,0.0,357.88,212.04,619.29,0.0,0.0,None,None,None,None,None,None,None,None,None,None,None,None
2026-07-11T17:47:21.312211,48.438,49.275431,-123.200361,7.0,21.606,0,0.9,262.0,1.0,298.0,0.7,0.0,0.0,357.88,212.04,619.29,0.0,0.0,None,None,None,None,None,None,None,None,None,None,None,None
2026-07-11T17:47:21.410505,48.536,49.275431,-123.200361,7.0,21.606,0,0.9,262.0,1.0,298.0,0.7,0.0,0.0,357.88,212.04,619.29,0.0,0.0,None,None,None,None,None,None,None,None,None,None,None,None
2026-07-11T17:47:21.410797,48.536,49.275431,-123.200361,7.0,21.606,0,0.9,262.0,1.0,298.0,0.7,0.0,0.0,357.88,212.04,619.29,0.0,0.0,None,None,None,None,None,None,None,None,None,None,None,None
2026-07-11T17:47:21.410958,48.536,49.275431,-123.200361,7.0,21.606,0,0.9,262.0,1.0,298.0,0.7,0.0,0.0,357.88,212.04,619.29,0.0,0.0,None,None,None,None,None,None,None,None,None,None,None,None
2026-07-11T17:47:21.510935,48.636,49.275431,-123.200361,7.0,21.606,0,0.9,262.0,1.0,298.0,0.7,0.0,0.0,357.88,212.04,619.29,0.0,0.0,None,None,None,None,None,None,None,None,None,None,None,None
2026-07-11T17:47:21.511218,48.637,49.275431,-123.200361,7.0,21.606,0,0.9,262.0,1.0,298.0,0.7,0.0,0.0,357.88,212.04,619.29,0.0,0.0,None,None,None,None,None,None,None,None,None,None,None,None
2026-07-11T17:47:21.511547,48.637,49.275431,-123.200361,7.0,21.606,0,0.9,262.0,1.2,291.0,0.7,0.0,0.0,357.88,212.04,619.29,0.0,0.0,None,None,None,None,None,None,None,None,None,None,None,None
2026-07-11T17:47:21.610841,48.736,49.275431,-123.200361,7.0,21.606,0,0.8,272.0,1.2,291.0,0.7,0.0,0.0,357.88,212.04,619.29,0.0,0.0,None,None,None,None,None,None,None,None,None,None,None,None
2026-07-11T17:47:21.611175,48.737,49.275431,-123.200361,7.0,21.606,0,0.8,272.0,1.2,291.0,0.7,0.0,0.0,357.88,212.04,619.29,0.0,0.0,None,None,None,None,None,None,None,None,None,None,None,None
2026-07-11T17:47:21.611321,48.737,49.275431,-123.200361,7.0,21.606,0,0.8,272.0,1.2,291.0,0.7,0.0,0.0,357.88,212.04,619.29,0.0,0.0,None,None,None,None,None,None,None,None,None,None,None,None
2026-07-11T17:47:21.611474,48.737,49.275431,-123.200361,7.0,21.606,0,0.8,272.0,1.2,291.0,0.7,0.0,0.0,357.88,212.04,619.29,0.0,0.0,None,None,None,None,None,None,None,None,None,None,None,None
2026-07-11T17:47:21.710888,48.836,49.275431,-123.200361,7.0,21.606,0,0.8,272.0,1.2,291.0,0.7,0.0,0.0,357.88,212.04,619.29,0.0,0.0,None,None,None,None,None,None,None,None,None,None,None,None
2026-07-11T17:47:21.711198,48.837,49.275431,-123.200361,7.0,21.606,0,0.8,272.0,1.2,291.0,0.7,0.0,0.0,357.88,212.04,619.29,0.0,0.0,None,None,None,None,None,None,None,None,None,None,None,None
2026-07-11T17:47:21.711480,48.837,49.275431,-123.200361,7.0,21.606,0,0.8,272.0,1.2,291.0,0.7,0.0,0.0,357.88,212.04,619.29,0.0,0.0,None,None,None,None,None,None,None,None,None,None,None,None
2026-07-11T17:47:21.810850,48.936,49.275431,-123.200361,7.0,21.606,0,0.8,272.0,1.2,291.0,0.7,0.0,0.0,357.88,212.04,619.29,0.0,0.0,None,None,None,None,None,None,None,None,None,None,None,None
2026-07-11T17:47:21.811180,48.937,49.275431,-123.200361,7.0,21.606,0,0.8,272.0,1.2,291.0,0.7,0.0,0.0,357.88,212.04,619.29,0.0,0.0,None,None,None,None,None,None,None,None,None,None,None,None
2026-07-11T17:47:21.811445,48.937,49.275431,-123.200361,7.0,21.606,0,0.8,272.0,1.2,288.0,0.7,0.0,0.0,357.88,212.04,619.29,0.0,0.0,None,None,None,None,None,None,None,None,None,None,None,None
2026-07-11T17:47:21.811588,48.937,49.275431,-123.200361,7.0,21.606,0,0.7,312.0,1.2,288.0,0.7,0.0,0.0,357.88,212.04,619.29,0.0,0.0,None,None,None,None,None,None,None,None,None,None,None,None
2026-07-11T17:47:21.811872,48.937,49.275431,-123.200361,7.0,21.606,0,0.7,312.0,1.2,288.0,0.7,0.0,0.0,357.88,212.04,619.29,0.0,0.0,None,None,None,None,None,None,None,None,None,None,None,None
2026-07-11T17:47:21.909914,49.035,49.275431,-123.200361,7.0,21.606,0,0.7,312.0,1.2,288.0,0.7,0.0,0.0,357.88,212.04,619.29,0.0,0.0,None,None,None,None,None,None,None,None,None,None,None,None
2026-07-11T17:47:21.910222,49.036,49.275431,-123.200361,7.0,21.606,0,0.7,312.0,1.2,288.0,0.7,0.0,0.0,357.88,212.04,619.29,0.0,0.0,None,None,None,None,None,None,None,None,None,None,None,None
2026-07-11T17:47:21.910524,49.036,49.275431,-123.200361,7.0,21.606,0,0.7,312.0,1.2,288.0,0.7,0.0,0.0,357.88,212.04,619.29,0.0,0.0,None,None,None,None,None,None,None,None,None,None,None,None
2026-07-11T17:47:21.910749,49.036,49.275431,-123.200361,7.0,21.606,0,0.7,312.0,1.2,288.0,0.7,0.0,0.0,357.88,212.04,619.29,0.0,0.0,None,None,None,None,None,None,None,None,None,None,None,None
2026-07-11T17:47:21.911034,49.036,49.275431,-123.200361,7.0,21.606,0,0.7,312.0,1.2,288.0,0.7,0.0,0.0,357.88,212.04,619.29,0.0,0.0,None,None,None,None,None,None,None,None,None,None,None,None
2026-07-11T17:47:22.010683,49.136,49.275431,-123.200361,7.0,21.606,0,0.7,312.0,1.2,288.0,0.7,0.0,0.0,357.88,212.04,619.29,0.0,0.0,None,None,None,None,None,None,None,None,None,None,None,None
2026-07-11T17:47:22.011007,49.136,49.275431,-123.200361,7.0,21.606,0,0.7,312.0,1.2,288.0,0.7,0.0,0.0,357.88,212.04,619.29,0.0,0.0,None,None,None,None,None,None,None,None,None,None,None,None
2026-07-11T17:47:22.110487,49.236,49.275431,-123.200361,7.0,21.606,0,0.7,312.0,1.2,288.0,0.7,0.0,0.0,357.88,212.04,619.29,0.0,0.0,None,None,None,None,None,None,None,None,None,None,None,None
2026-07-11T17:47:22.110806,49.236,49.275431,-123.200361,7.0,21.606,0,0.7,312.0,1.2,288.0,0.7,0.0,0.0,357.88,212.04,619.29,0.0,0.0,None,None,None,None,None,None,None,None,None,None,None,None
2026-07-11T17:47:22.110956,49.236,49.275431,-123.200361,7.0,21.606,0,0.8,325.0,1.2,288.0,0.7,0.0,0.0,357.88,212.04,619.29,0.0,0.0,None,None,None,None,None,None,None,None,None,None,None,None
2026-07-11T17:47:22.111069,49.236,49.275431,-123.200361,7.0,21.606,0,0.8,325.0,1.2,288.0,0.7,0.0,0.0,357.88,212.04,619.29,0.0,0.0,None,None,None,None,None,None,None,None,None,None,None,None
2026-07-11T17:47:22.111211,49.237,49.275431,-123.200361,7.0,21.606,0,0.8,325.0,1.2,288.0,0.7,0.0,0.0,357.88,212.04,619.29,0.0,0.0,None,None,None,None,None,None,None,None,None,None,None,None
2026-07-11T17:47:22.210408,49.336,49.275431,-123.200361,7.0,21.606,0,0.8,325.0,1.2,288.0,0.7,0.0,0.0,357.88,212.04,619.29,0.0,0.0,None,None,None,None,None,None,None,None,None,None,None,None
2026-07-11T17:47:22.210635,49.336,49.275431,-123.200361,7.0,21.606,0,0.8,325.0,1.2,288.0,0.7,0.0,0.0,357.88,212.04,619.29,0.0,0.0,None,None,None,None,None,None,None,None,None,None,None,None
2026-07-11T17:47:22.310061,49.435,49.275431,-123.200361,7.0,21.606,0,0.8,325.0,1.2,288.0,0.7,0.0,0.0,357.88,212.04,619.29,0.0,0.0,None,None,None,None,None,None,None,None,None,None,None,None
2026-07-11T17:47:22.310252,49.436,49.275431,-123.200361,7.0,21.606,0,0.8,325.0,1.2,288.0,0.7,0.0,0.0,357.88,212.04,619.29,0.0,0.0,None,None,None,None,None,None,None,None,None,None,None,None
2026-07-11T17:47:22.310420,49.436,49.275431,-123.200361,7.0,21.606,0,0.8,325.0,1.2,288.0,0.7,0.0,0.0,357.88,212.04,619.29,0.0,0.0,None,None,None,None,None,None,None,None,None,None,None,None
2026-07-11T17:47:22.310558,49.436,49.275431,-123.200361,7.0,21.606,0,0.8,325.0,1.2,304.0,0.7,0.0,0.0,357.88,212.04,619.29,0.0,0.0,None,None,None,None,None,None,None,None,None,None,None,None
2026-07-11T17:47:22.310873,49.436,49.275431,-123.200361,7.0,21.606,0,0.8,325.0,1.2,304.0,0.7,0.0,0.0,357.88,212.04,619.29,0.0,0.0,None,None,None,None,None,None,None,None,None,None,None,None
2026-07-11T17:47:22.410180,49.536,49.275431,-123.200361,7.0,21.606,0,0.8,325.0,1.2,304.0,0.7,0.0,0.0,357.88,212.04,619.29,0.0,0.0,None,None,None,None,None,None,None,None,None,None,None,None
2026-07-11T17:47:22.410491,49.536,49.275431,-123.200361,7.0,21.606,0,0.9,319.0,1.2,304.0,0.7,0.0,0.0,357.88,212.04,619.29,0.0,0.0,None,None,None,None,None,None,None,None,None,None,None,None
2026-07-11T17:47:22.410729,49.536,49.275431,-123.200361,7.0,21.606,0,0.9,319.0,1.2,304.0,0.7,0.0,0.0,357.88,212.04,619.29,0.0,0.0,None,None,None,None,None,None,None,None,None,None,None,None
2026-07-11T17:47:22.410899,49.536,49.275431,-123.200361,7.0,21.606,0,0.9,319.0,1.2,304.0,0.7,0.0,0.0,357.88,212.04,619.29,0.0,0.0,None,None,None,None,None,None,None,None,None,None,None,None
2026-07-11T17:47:22.411146,49.537,49.275431,-123.200361,7.0,21.606,0,0.9,319.0,1.2,304.0,0.7,0.0,0.0,357.88,212.04,619.29,0.0,0.0,None,None,None,None,None,None,None,None,None,None,None,None
2026-07-11T17:47:22.510769,49.636,49.275431,-123.200361,7.0,21.606,0,0.9,319.0,1.2,304.0,0.7,0.0,0.0,357.88,212.04,619.29,0.0,0.0,None,None,None,None,None,None,None,None,None,None,None,None
2026-07-11T17:47:22.510944,49.636,49.275431,-123.200361,7.0,21.604,0,0.9,319.0,1.2,304.0,0.7,0.0,0.0,357.88,212.04,619.29,0.0,0.0,None,None,None,None,None,None,None,None,None,None,None,None
2026-07-11T17:47:22.511061,49.636,49.275431,-123.200361,7.0,21.604,0,0.9,319.0,1.2,304.0,0.7,0.0,0.0,357.88,212.04,619.29,0.0,0.0,None,None,None,None,None,None,None,None,None,None,None,None
2026-07-11T17:47:22.511210,49.637,49.275431,-123.200361,7.0,21.604,0,0.9,319.0,1.2,304.0,0.7,0.0,0.0,357.88,212.04,619.29,0.0,0.0,None,None,None,None,None,None,None,None,None,None,None,None
2026-07-11T17:47:22.511377,49.637,49.275431,-123.200361,7.0,21.604,0,0.9,319.0,1.2,304.0,0.7,0.0,0.0,357.88,212.04,619.29,0.0,0.0,None,None,None,None,None,None,None,None,None,None,None,None
2026-07-11T17:47:22.512056,49.637,49.275431,-123.200361,7.0,21.604,0,0.9,319.0,1.2,304.0,0.7,0.0,0.0,357.88,212.04,619.29,0.0,0.0,None,None,None,None,None,None,None,None,None,None,None,None
2026-07-11T17:47:22.610249,49.736,49.275431,-123.200361,7.0,21.604,0,0.9,319.0,1.2,304.0,0.7,0.0,0.0,357.88,212.04,619.29,0.0,0.0,None,None,None,None,None,None,None,None,None,None,None,None
2026-07-11T17:47:22.610438,49.736,49.275431,-123.200361,7.0,21.604,0,0.9,319.0,1.2,310.0,0.7,0.0,0.0,357.88,212.04,619.29,0.0,0.0,None,None,None,None,None,None,None,None,None,None,None,None
2026-07-11T17:47:22.610676,49.736,49.275431,-123.200361,7.0,21.604,0,0.9,324.0,1.2,310.0,0.7,0.0,0.0,357.88,212.04,619.29,0.0,0.0,None,None,None,None,None,None,None,None,None,None,None,None
2026-07-11T17:47:22.610797,49.736,49.275431,-123.200361,7.0,21.604,0,0.9,324.0,1.2,310.0,0.7,0.0,0.0,357.88,212.04,619.29,0.0,0.0,None,None,None,None,None,None,None,None,None,None,None,None
2026-07-11T17:47:22.610947,49.736,49.275431,-123.200361,7.0,21.604,0,0.9,324.0,1.2,310.0,0.7,0.0,0.0,357.88,212.04,619.29,0.0,0.0,None,None,None,None,None,None,None,None,None,None,None,None
2026-07-11T17:47:22.710200,49.836,49.275431,-123.200361,7.0,21.604,0,0.9,324.0,1.2,310.0,0.7,0.0,0.0,357.88,212.04,619.29,0.0,0.0,None,None,None,None,None,None,None,None,None,None,None,None
2026-07-11T17:47:22.710551,49.836,49.275431,-123.200361,7.0,21.604,0,0.9,324.0,1.2,310.0,0.7,0.0,0.0,357.88,212.04,619.29,0.0,0.0,None,None,None,None,None,None,None,None,None,None,None,None
2026-07-11T17:47:22.810932,49.936,49.275431,-123.200361,7.0,21.604,0,0.9,324.0,1.2,310.0,0.7,0.0,0.0,357.88,212.04,619.29,0.0,0.0,None,None,None,None,None,None,None,None,None,None,None,None
2026-07-11T17:47:22.811248,49.937,49.275431,-123.200361,7.0,21.604,0,0.9,324.0,1.2,310.0,0.7,0.0,0.0,357.88,212.04,619.29,0.0,0.0,None,None,None,None,None,None,None,None,None,None,None,None
2026-07-11T17:47:22.910450,50.036,49.275431,-123.200361,7.0,21.604,0,0.9,324.0,1.2,310.0,0.7,0.0,0.0,357.88,212.04,619.29,0.0,0.0,None,None,None,None,None,None,None,None,None,None,None,None
2026-07-11T17:47:22.910753,50.036,49.275431,-123.200361,7.0,21.604,0,0.9,324.0,1.1,319.0,0.7,0.0,0.0,357.88,212.04,619.29,0.0,0.0,None,None,None,None,None,None,None,None,None,None,None,None
2026-07-11T17:47:22.911014,50.036,49.275431,-123.200361,7.0,21.604,0,1.0,324.0,1.1,319.0,0.7,0.0,0.0,357.88,212.04,619.29,0.0,0.0,None,None,None,None,None,None,None,None,None,None,None,None
2026-07-11T17:47:22.911321,50.037,49.275431,-123.200361,7.0,21.604,0,1.0,324.0,1.1,319.0,0.7,0.0,0.0,357.88,212.04,619.29,0.0,0.0,None,None,None,None,None,None,None,None,None,None,None,None
2026-07-11T17:47:22.911594,50.037,49.275431,-123.200361,7.0,21.604,0,1.0,324.0,1.1,319.0,0.7,0.0,0.0,357.88,212.04,619.29,0.0,0.0,None,None,None,None,None,None,None,None,None,None,None,None
2026-07-11T17:47:22.911874,50.037,49.275431,-123.200361,7.0,21.604,0,1.0,324.0,1.1,319.0,0.7,0.0,0.0,357.88,212.04,619.29,0.0,0.0,None,None,None,None,None,None,None,None,None,None,None,None
2026-07-11T17:47:22.912086,50.037,49.275431,-123.200361,7.0,21.604,0,1.0,324.0,1.1,319.0,0.7,0.0,0.0,357.88,212.04,619.29,0.0,0.0,None,None,None,None,None,None,None,None,None,None,None,None
2026-07-11T17:47:22.912251,50.038,49.275431,-123.200361,7.0,21.604,0,1.0,324.0,1.1,319.0,0.7,0.0,0.0,357.88,212.04,619.29,0.0,0.0,None,None,None,None,None,None,None,None,None,None,None,None
2026-07-11T17:47:23.010903,50.136,49.275431,-123.200361,7.0,21.604,0,1.0,324.0,1.1,319.0,0.7,0.0,0.0,357.88,212.04,619.29,0.0,0.0,None,None,None,None,None,None,None,None,None,None,None,None
2026-07-11T17:47:23.011222,50.137,49.275431,-123.200361,7.0,21.604,0,1.0,324.0,1.1,319.0,0.7,0.0,0.0,357.88,212.04,619.29,0.0,0.0,None,None,None,None,None,None,None,None,None,None,None,None
2026-07-11T17:47:23.110485,50.236,49.275431,-123.200361,7.0,21.604,0,1.0,324.0,1.1,319.0,0.7,0.0,0.0,357.88,212.04,619.29,0.0,0.0,None,None,None,None,None,None,None,None,None,None,None,None
2026-07-11T17:47:23.110758,50.236,49.275431,-123.200361,7.0,21.604,0,1.0,324.0,1.1,329.0,0.7,0.0,0.0,357.88,212.04,619.29,0.0,0.0,None,None,None,None,None,None,None,None,None,None,None,None
2026-07-11T17:47:23.111047,50.236,49.275431,-123.200361,7.0,21.604,0,1.0,324.0,1.1,329.0,0.7,0.0,0.0,357.88,212.04,619.29,0.0,0.0,None,None,None,None,None,None,None,None,None,None,None,None
2026-07-11T17:47:23.210409,50.336,49.275431,-123.200361,7.0,21.604,0,0.9,324.0,1.1,329.0,0.7,0.0,0.0,357.88,212.04,619.29,0.0,0.0,None,None,None,None,None,None,None,None,None,None,None,None
2026-07-11T17:47:23.210719,50.336,49.275431,-123.200361,7.0,21.604,0,0.9,324.0,1.1,329.0,0.7,0.0,0.0,357.88,212.04,619.29,0.0,0.0,None,None,None,None,None,None,None,None,None,None,None,None
2026-07-11T17:47:23.210984,50.336,49.275431,-123.200361,7.0,21.604,0,0.9,324.0,1.1,329.0,0.7,0.0,0.0,357.88,212.04,619.29,0.0,0.0,None,None,None,None,None,None,None,None,None,None,None,None
2026-07-11T17:47:23.211247,50.337,49.275433,-123.200358,7.0,21.604,0,0.9,324.0,1.1,329.0,0.7,0.0,0.0,357.88,212.04,619.29,0.0,0.0,None,None,None,None,None,None,None,None,None,None,None,None
2026-07-11T17:47:23.211585,50.337,49.275433,-123.200358,7.0,21.604,0,0.9,324.0,1.1,329.0,0.7,0.0,0.0,357.88,212.04,619.29,0.0,0.0,None,None,None,None,None,None,None,None,None,None,None,None
2026-07-11T17:47:23.310583,50.436,49.275433,-123.200358,7.0,21.604,0,0.9,324.0,1.1,329.0,0.7,0.0,0.0,357.88,212.04,619.29,0.0,0.0,None,None,None,None,None,None,None,None,None,None,None,None
2026-07-11T17:47:23.310934,50.436,49.275433,-123.200358,7.0,21.604,0,0.9,324.0,1.1,329.0,0.7,0.0,0.0,357.88,212.04,619.29,0.0,0.0,None,None,None,None,None,None,None,None,None,None,None,None
2026-07-11T17:47:23.410587,50.536,49.275433,-123.200358,7.0,21.604,0,0.9,324.0,1.1,329.0,0.7,0.0,0.0,357.88,212.04,619.29,0.0,0.0,None,None,None,None,None,None,None,None,None,None,None,None
2026-07-11T17:47:23.410897,50.536,49.275433,-123.200358,7.0,21.604,0,0.9,324.0,1.1,329.0,0.7,0.0,0.0,357.88,212.04,619.29,0.0,0.0,None,None,None,None,None,None,None,None,None,None,None,None
2026-07-11T17:47:23.411144,50.537,49.275433,-123.200358,7.0,21.604,0,0.9,324.0,1.0,336.0,0.7,0.0,0.0,357.88,212.04,619.29,0.0,0.0,None,None,None,None,None,None,None,None,None,None,None,None
2026-07-11T17:47:23.411450,50.537,49.275433,-123.200358,7.0,21.604,0,0.9,324.0,1.0,336.0,0.7,0.0,0.0,357.88,212.04,619.29,0.0,0.0,None,None,None,None,None,None,None,None,None,None,None,None
2026-07-11T17:47:23.411726,50.537,49.275433,-123.200358,7.0,21.604,0,0.8,330.0,1.0,336.0,0.7,0.0,0.0,357.88,212.04,619.29,0.0,0.0,None,None,None,None,None,None,None,None,None,None,None,None
2026-07-11T17:47:23.510563,50.636,49.275433,-123.200358,7.0,21.604,0,0.8,330.0,1.0,336.0,0.7,0.0,0.0,357.88,212.04,619.29,0.0,0.0,None,None,None,None,None,None,None,None,None,None,None,None
2026-07-11T17:47:23.510915,50.636,49.275433,-123.200358,7.0,21.604,0,0.8,330.0,1.0,336.0,0.7,0.0,0.0,357.88,212.04,619.29,0.0,0.0,None,None,None,None,None,None,None,None,None,None,None,None
2026-07-11T17:47:23.511174,50.637,49.275433,-123.200358,7.0,21.604,0,0.8,330.0,1.0,336.0,0.7,0.0,0.0,357.88,212.04,619.29,0.0,0.0,None,None,None,None,None,None,None,None,None,None,None,None
2026-07-11T17:47:23.610249,50.736,49.275433,-123.200358,7.0,21.604,0,0.8,330.0,1.0,336.0,0.7,0.0,0.0,357.88,212.04,619.29,0.0,0.0,None,None,None,None,None,None,None,None,None,None,None,None
2026-07-11T17:47:23.610588,50.736,49.275433,-123.200358,7.0,21.604,0,0.8,330.0,1.0,336.0,0.7,0.0,0.0,357.88,212.04,619.29,0.0,0.0,None,None,None,None,None,None,None,None,None,None,None,None
2026-07-11T17:47:23.710897,50.836,49.275433,-123.200358,7.0,21.604,0,0.8,330.0,1.0,336.0,0.7,0.0,0.0,357.88,212.04,619.29,0.0,0.0,None,None,None,None,None,None,None,None,None,None,None,None
2026-07-11T17:47:23.711173,50.837,49.275433,-123.200358,7.0,21.604,0,0.8,330.0,1.1,345.0,0.7,0.0,0.0,357.88,212.04,619.29,0.0,0.0,None,None,None,None,None,None,None,None,None,None,None,None
2026-07-11T17:47:23.711400,50.837,49.275433,-123.200358,7.0,21.604,0,0.9,334.0,1.1,345.0,0.7,0.0,0.0,357.88,212.04,619.29,0.0,0.0,None,None,None,None,None,None,None,None,None,None,None,None
2026-07-11T17:47:23.711695,50.837,49.275433,-123.200358,7.0,21.604,0,0.9,334.0,1.1,345.0,0.7,0.0,0.0,357.88,212.04,619.29,0.0,0.0,None,None,None,None,None,None,None,None,None,None,None,None
2026-07-11T17:47:23.711922,50.837,49.275433,-123.200358,7.0,21.604,0,0.9,334.0,1.1,345.0,0.7,0.0,0.0,357.88,212.04,619.29,0.0,0.0,None,None,None,None,None,None,None,None,None,None,None,None
2026-07-11T17:47:23.712164,50.838,49.275433,-123.200358,7.0,21.602,0,0.9,334.0,1.1,345.0,0.7,0.0,0.0,357.88,212.04,619.29,0.0,0.0,None,None,None,None,None,None,None,None,None,None,None,None
2026-07-11T17:47:23.712357,50.838,49.275433,-123.200358,7.0,21.602,0,0.9,334.0,1.1,345.0,0.7,0.0,0.0,357.88,212.04,619.29,0.0,0.0,None,None,None,None,None,None,None,None,None,None,None,None
2026-07-11T17:47:23.810082,50.935,49.275433,-123.200358,7.0,21.602,0,0.9,334.0,1.1,345.0,0.7,0.0,0.0,357.88,212.04,619.29,0.0,0.0,None,None,None,None,None,None,None,None,None,None,None,None
2026-07-11T17:47:23.810851,50.936,49.275433,-123.200358,7.0,21.602,0,0.9,334.0,1.1,345.0,0.7,0.0,0.0,357.88,212.04,619.29,0.0,0.0,None,None,None,None,None,None,None,None,None,None,None,None
2026-07-11T17:47:23.811059,50.936,49.275433,-123.200358,7.0,21.602,0,0.9,334.0,1.1,345.0,0.7,0.0,0.0,357.88,212.04,619.29,0.0,0.0,None,None,None,None,None,None,None,None,None,None,None,None
2026-07-11T17:47:23.910067,51.035,49.275433,-123.200358,7.0,21.602,0,0.9,334.0,1.1,345.0,0.7,0.0,0.0,357.88,212.04,619.29,0.0,0.0,None,None,None,None,None,None,None,None,None,None,None,None
2026-07-11T17:47:23.910340,51.036,49.275433,-123.200358,7.0,21.602,0,0.9,334.0,1.1,345.0,0.7,0.0,0.0,357.88,212.04,619.29,0.0,0.0,None,None,None,None,None,None,None,None,None,None,None,None
2026-07-11T17:47:23.910633,51.036,49.275433,-123.200358,7.0,21.602,0,0.9,334.0,1.1,345.0,0.7,0.0,0.0,357.88,212.04,619.29,0.0,0.0,None,None,None,None,None,None,None,None,None,None,None,None
2026-07-11T17:47:23.910890,51.036,49.275433,-123.200358,7.0,21.602,0,0.9,334.0,1.1,345.0,0.7,0.0,0.0,357.88,212.04,619.29,0.0,0.0,None,None,None,None,None,None,None,None,None,None,None,None
2026-07-11T17:47:23.911142,51.037,49.275433,-123.200358,7.0,21.602,0,0.9,334.0,1.2,346.0,0.7,0.0,0.0,357.88,212.04,619.29,0.0,0.0,None,None,None,None,None,None,None,None,None,None,None,None
2026-07-11T17:47:24.010931,51.136,49.275433,-123.200358,7.0,21.602,0,0.9,334.0,1.2,346.0,0.7,0.0,0.0,357.88,212.04,619.29,0.0,0.0,None,None,None,None,None,None,None,None,None,None,None,None
2026-07-11T17:47:24.011208,51.137,49.275433,-123.200358,7.0,21.602,0,1.0,344.0,1.2,346.0,0.7,0.0,0.0,357.88,212.04,619.29,0.0,0.0,None,None,None,None,None,None,None,None,None,None,None,None
2026-07-11T17:47:24.011441,51.137,49.275433,-123.200358,7.0,21.602,0,1.0,344.0,1.2,346.0,0.7,0.0,0.0,357.88,212.04,619.29,0.0,0.0,None,None,None,None,None,None,None,None,None,None,None,None
2026-07-11T17:47:24.011782,51.137,49.275433,-123.200358,7.0,21.602,0,1.0,344.0,1.2,346.0,0.7,0.0,0.0,357.88,212.04,619.29,0.0,0.0,None,None,None,None,None,None,None,None,None,None,None,None
2026-07-11T17:47:24.109954,51.235,49.275433,-123.200358,7.0,21.602,0,1.0,344.0,1.2,346.0,0.7,0.0,0.0,357.88,212.04,619.29,0.0,0.0,None,None,None,None,None,None,None,None,None,None,None,None
2026-07-11T17:47:24.110248,51.236,49.275433,-123.200358,7.0,21.602,0,1.0,344.0,1.2,346.0,0.7,0.0,0.0,357.88,212.04,619.29,0.0,0.0,None,None,None,None,None,None,None,None,None,None,None,None
2026-07-11T17:47:24.210194,51.336,49.275433,-123.200358,7.0,21.602,0,1.0,344.0,1.2,346.0,0.7,0.0,0.0,357.88,212.04,619.29,0.0,0.0,None,None,None,None,None,None,None,None,None,None,None,None
2026-07-11T17:47:24.210472,51.336,49.275433,-123.200358,7.0,21.602,0,1.0,344.0,1.2,346.0,0.7,0.0,0.0,357.88,212.04,619.29,0.0,0.0,None,None,None,None,None,None,None,None,None,None,None,None
2026-07-11T17:47:24.210819,51.336,49.275433,-123.200358,7.0,21.602,0,1.0,344.0,1.2,346.0,0.7,0.0,0.0,357.88,212.04,619.29,0.0,0.0,None,None,None,None,None,None,None,None,None,None,None,None
2026-07-11T17:47:24.211085,51.336,49.275433,-123.200358,7.0,21.602,0,1.2,356.0,1.2,346.0,0.7,0.0,0.0,357.88,212.04,619.29,0.0,0.0,None,None,None,None,None,None,None,None,None,None,None,None
2026-07-11T17:47:24.310356,51.436,49.275433,-123.200358,7.0,21.602,0,1.2,356.0,1.2,346.0,0.7,0.0,0.0,357.88,212.04,619.29,0.0,0.0,None,None,None,None,None,None,None,None,None,None,None,None
2026-07-11T17:47:24.310636,51.436,49.275433,-123.200358,7.0,21.602,0,1.2,356.0,1.2,346.0,0.7,0.0,0.0,357.88,212.04,619.29,0.0,0.0,None,None,None,None,None,None,None,None,None,None,None,None
2026-07-11T17:47:24.310916,51.436,49.275433,-123.200358,7.0,21.602,0,1.2,356.0,1.2,346.0,0.7,0.0,0.0,357.88,212.04,619.29,0.0,0.0,None,None,None,None,None,None,None,None,None,None,None,None
2026-07-11T17:47:24.311163,51.437,49.275433,-123.200358,7.0,21.602,0,1.2,356.0,1.2,346.0,0.7,0.0,0.0,357.88,212.04,619.29,0.0,0.0,None,None,None,None,None,None,None,None,None,None,None,None
2026-07-11T17:47:24.311431,51.437,49.275433,-123.200358,7.0,21.602,0,1.2,356.0,1.2,346.0,0.7,0.0,0.0,357.88,212.04,619.29,0.0,0.0,None,None,None,None,None,None,None,None,None,None,None,None
2026-07-11T17:47:24.311647,51.437,49.275433,-123.200358,7.0,21.602,0,1.2,356.0,1.2,346.0,0.7,0.0,0.0,357.88,212.04,619.29,0.0,0.0,None,None,None,None,None,None,None,None,None,None,None,None
2026-07-11T17:47:24.311907,51.437,49.275433,-123.200358,7.0,21.602,0,1.2,356.0,1.2,346.0,0.7,0.0,0.0,357.88,212.04,619.29,0.0,0.0,None,None,None,None,None,None,None,None,None,None,None,None
2026-07-11T17:47:24.410731,51.536,49.275433,-123.200358,7.0,21.602,0,1.2,356.0,1.2,346.0,0.7,0.0,0.0,357.88,212.04,619.29,0.0,0.0,None,None,None,None,None,None,None,None,None,None,None,None
2026-07-11T17:47:24.411005,51.536,49.275433,-123.200358,7.0,21.602,0,1.2,356.0,1.2,346.0,0.7,0.0,0.0,357.88,212.04,619.29,0.0,0.0,None,None,None,None,None,None,None,None,None,None,None,None
2026-07-11T17:47:24.411785,51.537,49.275433,-123.200358,7.0,21.602,0,1.2,356.0,1.2,346.0,0.7,0.0,0.0,357.88,212.04,619.29,0.0,0.0,None,None,None,None,None,None,None,None,None,None,None,None
2026-07-11T17:47:24.411979,51.537,49.275433,-123.200358,7.0,21.602,0,1.2,356.0,1.2,346.0,0.7,0.0,0.0,357.88,212.04,619.29,0.0,0.0,None,None,None,None,None,None,None,None,None,None,None,None
2026-07-11T17:47:24.510699,51.636,49.275433,-123.200358,7.0,21.602,0,1.2,356.0,1.2,346.0,0.7,0.0,0.0,357.88,212.04,619.29,0.0,0.0,None,None,None,None,None,None,None,None,None,None,None,None
2026-07-11T17:47:24.510977,51.636,49.275433,-123.200358,7.0,21.602,0,1.2,356.0,1.0,345.0,0.7,0.0,0.0,357.88,212.04,619.29,0.0,0.0,None,None,None,None,None,None,None,None,None,None,None,None
2026-07-11T17:47:24.511163,51.637,49.275433,-123.200358,7.0,21.602,0,1.2,356.0,1.0,345.0,0.7,0.0,0.0,357.88,212.04,619.29,0.0,0.0,None,None,None,None,None,None,None,None,None,None,None,None
2026-07-11T17:47:24.511430,51.637,49.275433,-123.200358,7.0,21.602,0,1.0,355.0,1.0,345.0,0.7,0.0,0.0,357.88,212.04,619.29,0.0,0.0,None,None,None,None,None,None,None,None,None,None,None,None
2026-07-11T17:47:24.511763,51.637,49.275433,-123.200358,7.0,21.602,0,1.0,355.0,1.0,345.0,0.7,0.0,0.0,357.88,212.04,619.29,0.0,0.0,None,None,None,None,None,None,None,None,None,None,None,None
2026-07-11T17:47:24.511998,51.637,49.275433,-123.200358,7.0,21.602,0,1.0,355.0,1.0,345.0,0.7,0.0,0.0,357.88,212.04,619.29,0.0,0.0,None,None,None,None,None,None,None,None,None,None,None,None
2026-07-11T17:47:24.512227,51.638,49.275433,-123.200358,7.0,21.602,0,1.0,355.0,1.0,345.0,0.7,0.0,0.0,357.88,212.04,619.29,0.0,0.0,None,None,None,None,None,None,None,None,None,None,None,None
2026-07-11T17:47:24.610559,51.736,49.275433,-123.200358,7.0,21.602,0,1.0,355.0,1.0,345.0,0.7,0.0,0.0,357.88,212.04,619.29,0.0,0.0,None,None,None,None,None,None,None,None,None,None,None,None
2026-07-11T17:47:24.610894,51.736,49.275433,-123.200358,7.0,21.602,0,1.0,355.0,1.0,345.0,0.7,0.0,0.0,357.88,212.04,619.29,0.0,0.0,None,None,None,None,None,None,None,None,None,None,None,None
2026-07-11T17:47:24.710226,51.836,49.275433,-123.200358,7.0,21.602,0,1.0,355.0,1.0,345.0,0.7,0.0,0.0,357.88,212.04,619.29,0.0,0.0,None,None,None,None,None,None,None,None,None,None,None,None
2026-07-11T17:47:24.710556,51.836,49.275433,-123.200358,7.0,21.602,0,1.0,355.0,1.0,345.0,0.7,0.0,0.0,357.88,212.04,619.29,0.0,0.0,None,None,None,None,None,None,None,None,None,None,None,None
2026-07-11T17:47:24.710838,51.836,49.275433,-123.200358,7.0,21.602,0,1.0,355.0,1.0,351.0,0.7,0.0,0.0,357.88,212.04,619.29,0.0,0.0,None,None,None,None,None,None,None,None,None,None,None,None
2026-07-11T17:47:24.810298,51.936,49.275433,-123.200358,7.0,21.602,0,0.9,355.0,1.0,351.0,0.7,0.0,0.0,357.88,212.04,619.29,0.0,0.0,None,None,None,None,None,None,None,None,None,None,None,None
2026-07-11T17:47:24.810663,51.936,49.275433,-123.200358,7.0,21.602,0,0.9,355.0,1.0,351.0,0.7,0.0,0.0,357.88,212.04,619.29,0.0,0.0,None,None,None,None,None,None,None,None,None,None,None,None
2026-07-11T17:47:24.810893,51.936,49.275433,-123.200358,7.0,21.602,0,0.9,355.0,1.0,351.0,0.7,0.0,0.0,357.88,212.04,619.29,0.0,0.0,None,None,None,None,None,None,None,None,None,None,None,None
2026-07-11T17:47:24.811196,51.937,49.275433,-123.200358,7.0,21.602,0,0.9,355.0,1.0,351.0,0.7,0.0,0.0,357.88,212.04,619.29,0.0,0.0,None,None,None,None,None,None,None,None,None,None,None,None
2026-07-11T17:47:24.910713,52.036,49.275433,-123.200358,7.0,21.602,0,0.9,355.0,1.0,351.0,0.7,0.0,0.0,357.88,212.04,619.29,0.0,0.0,None,None,None,None,None,None,None,None,None,None,None,None
2026-07-11T17:47:24.910988,52.036,49.275433,-123.200358,7.0,21.602,0,0.9,355.0,1.0,351.0,0.7,0.0,0.0,357.88,212.04,619.29,0.0,0.0,None,None,None,None,None,None,None,None,None,None,None,None
2026-07-11T17:47:24.911220,52.037,49.275433,-123.200358,7.0,21.603,0,0.9,355.0,1.0,351.0,0.7,0.0,0.0,357.88,212.04,619.29,0.0,0.0,None,None,None,None,None,None,None,None,None,None,None,None
2026-07-11T17:47:24.911422,52.037,49.275433,-123.200358,7.0,21.603,0,0.9,355.0,1.0,351.0,0.7,0.0,0.0,357.88,212.04,619.29,0.0,0.0,None,None,None,None,None,None,None,None,None,None,None,None
2026-07-11T17:47:24.911759,52.037,49.275433,-123.200358,7.0,21.603,0,0.9,355.0,1.0,351.0,0.7,0.0,0.0,357.88,212.04,619.29,0.0,0.0,None,None,None,None,None,None,None,None,None,None,None,None
2026-07-11T17:47:24.912012,52.037,49.275433,-123.200358,7.0,21.603,0,0.9,355.0,1.0,351.0,0.7,0.0,0.0,357.88,212.04,619.29,0.0,0.0,None,None,None,None,None,None,None,None,None,None,None,None
2026-07-11T17:47:25.010340,52.136,49.275433,-123.200358,7.0,21.603,0,0.9,355.0,1.0,351.0,0.7,0.0,0.0,357.88,212.04,619.29,0.0,0.0,None,None,None,None,None,None,None,None,None,None,None,None
2026-07-11T17:47:25.010630,52.136,49.275433,-123.200358,7.0,21.603,0,0.9,355.0,1.2,5.0,0.7,0.0,0.0,357.88,212.04,619.29,0.0,0.0,None,None,None,None,None,None,None,None,None,None,None,None
2026-07-11T17:47:25.010919,52.136,49.275433,-123.200358,7.0,21.603,0,0.9,355.0,1.2,5.0,0.7,0.0,0.0,357.88,212.04,619.29,0.0,0.0,None,None,None,None,None,None,None,None,None,None,None,None
2026-07-11T17:47:25.011150,52.137,49.275433,-123.200358,7.0,21.603,0,0.8,338.0,1.2,5.0,0.7,0.0,0.0,357.88,212.04,619.29,0.0,0.0,None,None,None,None,None,None,None,None,None,None,None,None
2026-07-11T17:47:25.011406,52.137,49.275433,-123.200358,7.0,21.603,0,0.8,338.0,1.2,5.0,0.7,0.0,0.0,357.88,212.04,619.29,0.0,0.0,None,None,None,None,None,None,None,None,None,None,None,None
2026-07-11T17:47:25.110385,52.236,49.275433,-123.200358,7.0,21.603,0,0.8,338.0,1.2,5.0,0.7,0.0,0.0,357.88,212.04,619.29,0.0,0.0,None,None,None,None,None,None,None,None,None,None,None,None
2026-07-11T17:47:25.110711,52.236,49.275433,-123.200358,7.0,21.603,0,0.8,338.0,1.2,5.0,0.7,0.0,0.0,357.88,212.04,619.29,0.0,0.0,None,None,None,None,None,None,None,None,None,None,None,None
2026-07-11T17:47:25.210602,52.336,49.275433,-123.200358,7.0,21.603,0,0.8,338.0,1.2,5.0,0.7,0.0,0.0,357.88,212.04,619.29,0.0,0.0,None,None,None,None,None,None,None,None,None,None,None,None
2026-07-11T17:47:25.210926,52.336,49.275433,-123.200358,7.0,21.603,0,0.8,338.0,1.2,5.0,0.7,0.0,0.0,357.88,212.04,619.29,0.0,0.0,None,None,None,None,None,None,None,None,None,None,None,None
2026-07-11T17:47:25.211184,52.337,49.275435,-123.200356,7.0,21.603,0,0.8,338.0,1.2,5.0,0.7,0.0,0.0,357.88,212.04,619.29,0.0,0.0,None,None,None,None,None,None,None,None,None,None,None,None
2026-07-11T17:47:25.310397,52.436,49.275435,-123.200356,7.0,21.603,0,0.8,338.0,1.4,24.0,0.7,0.0,0.0,357.88,212.04,619.29,0.0,0.0,None,None,None,None,None,None,None,None,None,None,None,None
2026-07-11T17:47:25.310727,52.436,49.275435,-123.200356,7.0,21.603,0,0.8,338.0,1.4,24.0,0.7,0.0,0.0,357.88,212.04,619.29,0.0,0.0,None,None,None,None,None,None,None,None,None,None,None,None
2026-07-11T17:47:25.311241,52.437,49.275435,-123.200356,7.0,21.603,0,0.8,338.0,1.4,24.0,0.7,0.0,0.0,357.88,212.04,619.29,0.0,0.0,None,None,None,None,None,None,None,None,None,None,None,None
2026-07-11T17:47:25.311482,52.437,49.275435,-123.200356,7.0,21.603,0,0.7,319.0,1.4,24.0,0.7,0.0,0.0,357.88,212.04,619.29,0.0,0.0,None,None,None,None,None,None,None,None,None,None,None,None
2026-07-11T17:47:25.311709,52.437,49.275435,-123.200356,7.0,21.603,0,0.7,319.0,1.4,24.0,0.7,0.0,0.0,357.88,212.04,619.29,0.0,0.0,None,None,None,None,None,None,None,None,None,None,None,None
2026-07-11T17:47:25.312043,52.437,49.275435,-123.200356,7.0,21.603,0,0.7,319.0,1.4,24.0,0.7,0.0,0.0,357.88,212.04,619.29,0.0,0.0,None,None,None,None,None,None,None,None,None,None,None,None
2026-07-11T17:47:25.409935,52.535,49.275435,-123.200356,7.0,21.603,0,0.7,319.0,1.4,24.0,0.7,0.0,0.0,357.88,212.04,619.29,0.0,0.0,None,None,None,None,None,None,None,None,None,None,None,None
2026-07-11T17:47:25.410218,52.536,49.275435,-123.200356,7.0,21.603,0,0.7,319.0,1.4,24.0,0.7,0.0,0.0,357.88,212.04,619.29,0.0,0.0,None,None,None,None,None,None,None,None,None,None,None,None
2026-07-11T17:47:25.410575,52.536,49.275435,-123.200356,7.0,21.603,0,0.7,319.0,1.4,24.0,0.7,0.0,0.0,357.88,212.04,619.29,0.0,0.0,None,None,None,None,None,None,None,None,None,None,None,None
2026-07-11T17:47:25.518688,52.644,49.275435,-123.200356,7.0,21.603,0,0.7,319.0,1.4,24.0,0.7,0.0,0.0,357.88,212.04,619.29,0.0,0.0,None,None,None,None,None,None,None,None,None,None,None,None
2026-07-11T17:47:25.519055,52.644,49.275435,-123.200356,7.0,21.603,0,0.7,319.0,1.5,22.0,0.7,0.0,0.0,357.88,212.04,619.29,0.0,0.0,None,None,None,None,None,None,None,None,None,None,None,None
2026-07-11T17:47:25.519362,52.645,49.275435,-123.200356,7.0,21.603,0,0.7,319.0,1.5,22.0,0.7,0.0,0.0,357.88,212.04,619.29,0.0,0.0,None,None,None,None,None,None,None,None,None,None,None,None
2026-07-11T17:47:25.609990,52.735,49.275435,-123.200356,7.0,21.603,0,0.7,299.0,1.5,22.0,0.7,0.0,0.0,357.88,212.04,619.29,0.0,0.0,None,None,None,None,None,None,None,None,None,None,None,None
2026-07-11T17:47:25.610346,52.736,49.275435,-123.200356,7.0,21.603,0,0.7,299.0,1.5,22.0,0.7,0.0,0.0,357.88,212.04,619.29,0.0,0.0,None,None,None,None,None,None,None,None,None,None,None,None
2026-07-11T17:47:25.610503,52.736,49.275435,-123.200356,7.0,21.603,0,0.7,299.0,1.5,22.0,0.7,0.0,0.0,357.88,212.04,619.29,0.0,0.0,None,None,None,None,None,None,None,None,None,None,None,None
2026-07-11T17:47:25.610760,52.736,49.275435,-123.200356,7.0,21.603,0,0.7,299.0,1.5,22.0,0.7,0.0,0.0,357.88,212.04,619.29,0.0,0.0,None,None,None,None,None,None,None,None,None,None,None,None
2026-07-11T17:47:25.710731,52.836,49.275435,-123.200356,7.0,21.603,0,0.7,299.0,1.5,22.0,0.7,0.0,0.0,357.88,212.04,619.29,0.0,0.0,None,None,None,None,None,None,None,None,None,None,None,None
2026-07-11T17:47:25.711045,52.836,49.275435,-123.200356,7.0,21.603,0,0.7,299.0,1.5,22.0,0.7,0.0,0.0,357.88,212.04,619.29,0.0,0.0,None,None,None,None,None,None,None,None,None,None,None,None
2026-07-11T17:47:25.810642,52.936,49.275435,-123.200356,7.0,21.603,0,0.7,299.0,1.5,22.0,0.7,0.0,0.0,357.88,212.04,619.29,0.0,0.0,None,None,None,None,None,None,None,None,None,None,None,None
2026-07-11T17:47:25.811281,52.937,49.275435,-123.200356,7.0,21.603,0,0.7,299.0,1.5,22.0,0.7,0.0,0.0,357.88,212.04,619.29,0.0,0.0,None,None,None,None,None,None,None,None,None,None,None,None
2026-07-11T17:47:25.811569,52.937,49.275435,-123.200356,7.0,21.603,0,0.7,299.0,1.5,17.0,0.7,0.0,0.0,357.88,212.04,619.29,0.0,0.0,None,None,None,None,None,None,None,None,None,None,None,None
2026-07-11T17:47:25.811874,52.937,49.275435,-123.200356,7.0,21.603,0,0.8,262.0,1.5,17.0,0.7,0.0,0.0,357.88,212.04,619.29,0.0,0.0,None,None,None,None,None,None,None,None,None,None,None,None
2026-07-11T17:47:25.812049,52.937,49.275435,-123.200356,7.0,21.603,0,0.8,262.0,1.5,17.0,0.7,0.0,0.0,357.88,212.04,619.29,0.0,0.0,None,None,None,None,None,None,None,None,None,None,None,None
2026-07-11T17:47:25.812168,52.938,49.275435,-123.200356,7.0,21.603,0,0.8,262.0,1.5,17.0,0.7,0.0,0.0,357.88,212.04,619.29,0.0,0.0,None,None,None,None,None,None,None,None,None,None,None,None
2026-07-11T17:47:25.910662,53.036,49.275435,-123.200356,7.0,21.603,0,0.8,262.0,1.5,17.0,0.7,0.0,0.0,357.88,212.04,619.29,0.0,0.0,None,None,None,None,None,None,None,None,None,None,None,None
2026-07-11T17:47:25.910988,53.036,49.275435,-123.200356,7.0,21.603,0,0.8,262.0,1.5,17.0,0.7,0.0,0.0,357.88,212.04,619.29,0.0,0.0,None,None,None,None,None,None,None,None,None,None,None,None
2026-07-11T17:47:25.911248,53.037,49.275435,-123.200356,7.0,21.603,0,0.8,262.0,1.5,17.0,0.7,0.0,0.0,357.88,212.04,619.29,0.0,0.0,None,None,None,None,None,None,None,None,None,None,None,None
2026-07-11T17:47:25.911438,53.037,49.275435,-123.200356,7.0,21.603,0,0.8,262.0,1.5,17.0,0.7,0.0,0.0,357.88,212.04,619.29,0.0,0.0,None,None,None,None,None,None,None,None,None,None,None,None
2026-07-11T17:47:26.009964,53.135,49.275435,-123.200356,7.0,21.603,0,0.8,262.0,1.5,17.0,0.7,0.0,0.0,357.88,212.04,619.29,0.0,0.0,None,None,None,None,None,None,None,None,None,None,None,None
2026-07-11T17:47:26.010279,53.136,49.275435,-123.200356,7.0,21.603,0,0.8,262.0,1.5,17.0,0.7,0.0,0.0,357.88,212.04,619.29,0.0,0.0,None,None,None,None,None,None,None,None,None,None,None,None
2026-07-11T17:47:26.110568,53.236,49.275435,-123.200356,7.0,21.603,0,0.8,262.0,1.4,19.0,0.7,0.0,0.0,357.88,212.04,619.29,0.0,0.0,None,None,None,None,None,None,None,None,None,None,None,None
2026-07-11T17:47:26.110870,53.236,49.275435,-123.200356,7.0,21.603,0,0.8,262.0,1.4,19.0,0.7,0.0,0.0,357.88,212.04,619.29,0.0,0.0,None,None,None,None,None,None,None,None,None,None,None,None
2026-07-11T17:47:26.114911,53.240,49.275435,-123.200356,7.0,21.603,0,1.0,265.0,1.4,19.0,0.7,0.0,0.0,357.88,212.04,619.29,0.0,0.0,None,None,None,None,None,None,None,None,None,None,None,None
2026-07-11T17:47:26.115089,53.240,49.275435,-123.200356,7.0,21.6,0,1.0,265.0,1.4,19.0,0.7,0.0,0.0,357.88,212.04,619.29,0.0,0.0,None,None,None,None,None,None,None,None,None,None,None,None
2026-07-11T17:47:26.115368,53.241,49.275435,-123.200356,7.0,21.6,0,1.0,265.0,1.4,19.0,0.7,0.0,0.0,357.88,212.04,619.29,0.0,0.0,None,None,None,None,None,None,None,None,None,None,None,None
2026-07-11T17:47:26.115593,53.241,49.275435,-123.200356,7.0,21.6,0,1.0,265.0,1.4,19.0,0.7,0.0,0.0,357.88,212.04,619.29,0.0,0.0,None,None,None,None,None,None,None,None,None,None,None,None
2026-07-11T17:47:26.115839,53.241,49.275435,-123.200356,7.0,21.6,0,1.0,265.0,1.4,19.0,0.7,0.0,0.0,357.88,212.04,619.29,0.0,0.0,None,None,None,None,None,None,None,None,None,None,None,None
2026-07-11T17:47:26.116146,53.242,49.275435,-123.200356,7.0,21.6,0,1.0,265.0,1.4,19.0,0.7,0.0,0.0,357.88,212.04,619.29,0.0,0.0,None,None,None,None,None,None,None,None,None,None,None,None
2026-07-11T17:47:26.210138,53.336,49.275435,-123.200356,7.0,21.6,0,1.0,265.0,1.4,19.0,0.7,0.0,0.0,357.88,212.04,619.29,0.0,0.0,None,None,None,None,None,None,None,None,None,None,None,None
2026-07-11T17:47:26.210472,53.336,49.275435,-123.200356,7.0,21.6,0,1.0,265.0,1.4,19.0,0.7,0.0,0.0,357.88,212.04,619.29,0.0,0.0,None,None,None,None,None,None,None,None,None,None,None,None
2026-07-11T17:47:26.313929,53.439,49.275435,-123.200355,7.0,21.6,0,1.0,265.0,1.4,19.0,0.7,0.0,0.0,357.88,212.04,619.29,0.0,0.0,None,None,None,None,None,None,None,None,None,None,None,None
2026-07-11T17:47:26.314294,53.440,49.275435,-123.200355,7.0,21.6,0,1.0,265.0,1.4,19.0,0.7,0.0,0.0,357.88,212.04,619.29,0.0,0.0,None,None,None,None,None,None,None,None,None,None,None,None
2026-07-11T17:47:26.314674,53.440,49.275435,-123.200355,7.0,21.6,0,1.0,265.0,1.4,19.0,0.7,0.0,0.0,357.88,212.04,619.29,0.0,0.0,None,None,None,None,None,None,None,None,None,None,None,None
2026-07-11T17:47:26.314854,53.440,49.275435,-123.200355,7.0,21.6,0,1.0,265.0,1.4,19.0,0.7,0.0,0.0,357.88,212.04,619.29,0.0,0.0,None,None,None,None,None,None,None,None,None,None,None,None
2026-07-11T17:47:26.315187,53.441,49.275435,-123.200355,7.0,21.6,0,1.0,265.0,1.3,21.0,0.7,0.0,0.0,357.88,212.04,619.29,0.0,0.0,None,None,None,None,None,None,None,None,None,None,None,None
2026-07-11T17:47:26.315550,53.441,49.275435,-123.200355,7.0,21.6,0,1.0,265.0,1.3,21.0,0.7,0.0,0.0,357.88,212.04,619.29,0.0,0.0,None,None,None,None,None,None,None,None,None,None,None,None
2026-07-11T17:47:26.315819,53.441,49.275435,-123.200355,7.0,21.6,0,1.2,272.0,1.3,21.0,0.7,0.0,0.0,357.88,212.04,619.29,0.0,0.0,None,None,None,None,None,None,None,None,None,None,None,None
2026-07-11T17:47:26.409929,53.535,49.275435,-123.200355,7.0,21.6,0,1.2,272.0,1.3,21.0,0.7,0.0,0.0,357.88,212.04,619.29,0.0,0.0,None,None,None,None,None,None,None,None,None,None,None,None
2026-07-11T17:47:26.410145,53.536,49.275435,-123.200355,7.0,21.6,0,1.2,272.0,1.3,21.0,0.7,0.0,0.0,357.88,212.04,619.29,0.0,0.0,None,None,None,None,None,None,None,None,None,None,None,None
2026-07-11T17:47:26.410545,53.536,49.275435,-123.200355,7.0,21.6,0,1.2,272.0,1.3,21.0,0.7,0.0,0.0,357.88,212.04,619.29,0.0,0.0,None,None,None,None,None,None,None,None,None,None,None,None
2026-07-11T17:47:26.410786,53.536,49.275435,-123.200355,7.0,21.6,0,1.2,272.0,1.3,21.0,0.7,0.0,0.0,357.88,212.04,619.29,0.0,0.0,None,None,None,None,None,None,None,None,None,None,None,None
2026-07-11T17:47:26.510615,53.636,49.275435,-123.200355,7.0,21.6,0,1.2,272.0,1.3,21.0,0.7,0.0,0.0,357.88,212.04,619.29,0.0,0.0,None,None,None,None,None,None,None,None,None,None,None,None
2026-07-11T17:47:26.510980,53.636,49.275435,-123.200355,7.0,21.6,0,1.2,272.0,1.3,21.0,0.7,0.0,0.0,357.88,212.04,619.29,0.0,0.0,None,None,None,None,None,None,None,None,None,None,None,None
2026-07-11T17:47:26.610073,53.735,49.275435,-123.200355,7.0,21.6,0,1.2,272.0,1.3,21.0,0.7,0.0,0.0,357.88,212.04,619.29,0.0,0.0,None,None,None,None,None,None,None,None,None,None,None,None
2026-07-11T17:47:26.610255,53.736,49.275435,-123.200355,7.0,21.6,0,1.2,272.0,1.2,15.0,0.7,0.0,0.0,357.88,212.04,619.29,0.0,0.0,None,None,None,None,None,None,None,None,None,None,None,None
2026-07-11T17:47:26.610489,53.736,49.275435,-123.200355,7.0,21.6,0,1.0,287.0,1.2,15.0,0.7,0.0,0.0,357.88,212.04,619.29,0.0,0.0,None,None,None,None,None,None,None,None,None,None,None,None
2026-07-11T17:47:26.610866,53.736,49.275435,-123.200355,7.0,21.6,0,1.0,287.0,1.2,15.0,0.7,0.0,0.0,357.88,212.04,619.29,0.0,0.0,None,None,None,None,None,None,None,None,None,None,None,None
2026-07-11T17:47:26.611057,53.736,49.275435,-123.200355,7.0,21.6,0,1.0,287.0,1.2,15.0,0.7,0.0,0.0,357.88,212.04,619.29,0.0,0.0,None,None,None,None,None,None,None,None,None,None,None,None
2026-07-11T17:47:26.710095,53.835,49.275435,-123.200355,7.0,21.6,0,1.0,287.0,1.2,15.0,0.7,0.0,0.0,357.88,212.04,619.29,0.0,0.0,None,None,None,None,None,None,None,None,None,None,None,None
2026-07-11T17:47:26.710415,53.836,49.275435,-123.200355,7.0,21.6,0,1.0,287.0,1.2,15.0,0.7,0.0,0.0,357.88,212.04,619.29,0.0,0.0,None,None,None,None,None,None,None,None,None,None,None,None
2026-07-11T17:47:26.810228,53.936,49.275435,-123.200355,7.0,21.6,0,1.0,287.0,1.2,15.0,0.7,0.0,0.0,357.88,212.04,619.29,0.0,0.0,None,None,None,None,None,None,None,None,None,None,None,None
2026-07-11T17:47:26.810908,53.936,49.275435,-123.200355,7.0,21.6,0,1.0,287.0,1.2,15.0,0.7,0.0,0.0,357.88,212.04,619.29,0.0,0.0,None,None,None,None,None,None,None,None,None,None,None,None
2026-07-11T17:47:26.811088,53.936,49.275435,-123.200355,7.0,21.6,0,1.0,287.0,1.2,15.0,0.7,0.0,0.0,357.88,212.04,619.29,0.0,0.0,None,None,None,None,None,None,None,None,None,None,None,None
2026-07-11T17:47:26.811231,53.937,49.275435,-123.200355,7.0,21.6,0,1.0,287.0,1.3,10.0,0.7,0.0,0.0,357.88,212.04,619.29,0.0,0.0,None,None,None,None,None,None,None,None,None,None,None,None
2026-07-11T17:47:26.910334,54.036,49.275435,-123.200355,7.0,21.6,0,1.0,287.0,1.3,10.0,0.7,0.0,0.0,357.88,212.04,619.29,0.0,0.0,None,None,None,None,None,None,None,None,None,None,None,None
2026-07-11T17:47:26.910623,54.036,49.275435,-123.200355,7.0,21.6,0,1.1,285.0,1.3,10.0,0.7,0.0,0.0,357.88,212.04,619.29,0.0,0.0,None,None,None,None,None,None,None,None,None,None,None,None
2026-07-11T17:47:26.910806,54.036,49.275435,-123.200355,7.0,21.6,0,1.1,285.0,1.3,10.0,0.7,0.0,0.0,357.88,212.04,619.29,0.0,0.0,None,None,None,None,None,None,None,None,None,None,None,None
2026-07-11T17:47:26.911043,54.036,49.275435,-123.200355,7.0,21.6,0,1.1,285.0,1.3,10.0,0.7,0.0,0.0,357.88,212.04,619.29,0.0,0.0,None,None,None,None,None,None,None,None,None,None,None,None
2026-07-11T17:47:26.911332,54.037,49.275435,-123.200355,7.0,21.6,0,1.1,285.0,1.3,10.0,0.7,0.0,0.0,357.88,212.04,619.29,0.0,0.0,None,None,None,None,None,None,None,None,None,None,None,None
2026-07-11T17:47:26.911523,54.037,49.275435,-123.200355,7.0,21.6,0,1.1,285.0,1.3,10.0,0.7,0.0,0.0,357.88,212.04,619.29,0.0,0.0,None,None,None,None,None,None,None,None,None,None,None,None
2026-07-11T17:47:27.010764,54.136,49.275435,-123.200355,7.0,21.6,0,1.1,285.0,1.3,10.0,0.7,0.0,0.0,357.88,212.04,619.29,0.0,0.0,None,None,None,None,None,None,None,None,None,None,None,None
2026-07-11T17:47:27.011075,54.136,49.275435,-123.200355,7.0,21.6,0,1.1,285.0,1.3,10.0,0.7,0.0,0.0,357.88,212.04,619.29,0.0,0.0,None,None,None,None,None,None,None,None,None,None,None,None
2026-07-11T17:47:27.110077,54.235,49.275435,-123.200355,7.0,21.6,0,1.1,285.0,1.3,10.0,0.7,0.0,0.0,357.88,212.04,619.29,0.0,0.0,None,None,None,None,None,None,None,None,None,None,None,None
2026-07-11T17:47:27.110260,54.236,49.275435,-123.200355,7.0,21.6,0,1.1,285.0,1.5,359.0,0.7,0.0,0.0,357.88,212.04,619.29,0.0,0.0,None,None,None,None,None,None,None,None,None,None,None,None
2026-07-11T17:47:27.110415,54.236,49.275435,-123.200355,7.0,21.6,0,1.1,285.0,1.5,359.0,0.7,0.0,0.0,357.88,212.04,619.29,0.0,0.0,None,None,None,None,None,None,None,None,None,None,None,None
2026-07-11T17:47:27.110531,54.236,49.275435,-123.200355,7.0,21.6,0,1.1,281.0,1.5,359.0,0.7,0.0,0.0,357.88,212.04,619.29,0.0,0.0,None,None,None,None,None,None,None,None,None,None,None,None
2026-07-11T17:47:27.210301,54.336,49.275435,-123.200355,7.0,21.6,0,1.1,281.0,1.5,359.0,0.7,0.0,0.0,357.88,212.04,619.29,0.0,0.0,None,None,None,None,None,None,None,None,None,None,None,None
2026-07-11T17:47:27.210692,54.336,49.275435,-123.200355,7.0,21.6,0,1.1,281.0,1.5,359.0,0.7,0.0,0.0,357.88,212.04,619.29,0.0,0.0,None,None,None,None,None,None,None,None,None,None,None,None
2026-07-11T17:47:27.210991,54.336,49.275435,-123.200355,7.0,21.6,0,1.1,281.0,1.5,359.0,0.7,0.0,0.0,357.88,212.04,619.29,0.0,0.0,None,None,None,None,None,None,None,None,None,None,None,None
2026-07-11T17:47:27.310142,54.436,49.275436,-123.200355,7.0,21.6,0,1.1,281.0,1.5,359.0,0.7,0.0,0.0,357.88,212.04,619.29,0.0,0.0,None,None,None,None,None,None,None,None,None,None,None,None
2026-07-11T17:47:27.310438,54.436,49.275436,-123.200355,7.0,21.6,0,1.1,281.0,1.5,359.0,0.7,0.0,0.0,357.88,212.04,619.29,0.0,0.0,None,None,None,None,None,None,None,None,None,None,None,None
2026-07-11T17:47:27.310707,54.436,49.275436,-123.200355,7.0,21.6,0,1.1,281.0,1.5,359.0,0.7,0.0,0.0,357.88,212.04,619.29,0.0,0.0,None,None,None,None,None,None,None,None,None,None,None,None
2026-07-11T17:47:27.310848,54.436,49.275436,-123.200355,7.0,21.597,0,1.1,281.0,1.5,359.0,0.7,0.0,0.0,357.88,212.04,619.29,0.0,0.0,None,None,None,None,None,None,None,None,None,None,None,None
2026-07-11T17:47:27.310960,54.436,49.275436,-123.200355,7.0,21.597,0,1.1,281.0,1.5,359.0,0.7,0.0,0.0,357.88,212.04,619.29,0.0,0.0,None,None,None,None,None,None,None,None,None,None,None,None
2026-07-11T17:47:27.311108,54.436,49.275436,-123.200355,7.0,21.597,0,1.1,281.0,1.5,359.0,0.7,0.0,0.0,357.88,212.04,619.29,0.0,0.0,None,None,None,None,None,None,None,None,None,None,None,None
2026-07-11T17:47:27.410675,54.536,49.275436,-123.200355,7.0,21.597,0,1.1,281.0,1.5,359.0,0.7,0.0,0.0,357.88,212.04,619.29,0.0,0.0,None,None,None,None,None,None,None,None,None,None,None,None
2026-07-11T17:47:27.410902,54.536,49.275436,-123.200355,7.0,21.597,0,1.1,281.0,1.5,359.0,0.7,0.0,0.0,357.88,212.04,619.29,0.0,0.0,None,None,None,None,None,None,None,None,None,None,None,None
2026-07-11T17:47:27.411048,54.536,49.275436,-123.200355,7.0,21.597,0,1.1,281.0,1.4,346.0,0.7,0.0,0.0,357.88,212.04,619.29,0.0,0.0,None,None,None,None,None,None,None,None,None,None,None,None
2026-07-11T17:47:27.411168,54.537,49.275436,-123.200355,7.0,21.597,0,1.0,281.0,1.4,346.0,0.7,0.0,0.0,357.88,212.04,619.29,0.0,0.0,None,None,None,None,None,None,None,None,None,None,None,None
2026-07-11T17:47:27.411307,54.537,49.275436,-123.200355,7.0,21.597,0,1.0,281.0,1.4,346.0,0.7,0.0,0.0,357.88,212.04,619.29,0.0,0.0,None,None,None,None,None,None,None,None,None,None,None,None
2026-07-11T17:47:27.411921,54.537,49.275436,-123.200355,7.0,21.597,0,1.0,281.0,1.4,346.0,0.7,0.0,0.0,357.88,212.04,619.29,0.0,0.0,None,None,None,None,None,None,None,None,None,None,None,None
2026-07-11T17:47:27.412066,54.537,49.275436,-123.200355,7.0,21.597,0,1.0,281.0,1.4,346.0,0.7,0.0,0.0,357.88,212.04,619.29,0.0,0.0,None,None,None,None,None,None,None,None,None,None,None,None
2026-07-11T17:47:27.412257,54.538,49.275436,-123.200355,7.0,21.597,0,1.0,281.0,1.4,346.0,0.7,0.0,0.0,357.88,212.04,619.29,0.0,0.0,None,None,None,None,None,None,None,None,None,None,None,None
2026-07-11T17:47:27.510185,54.636,49.275436,-123.200355,7.0,21.597,0,1.0,281.0,1.4,346.0,0.7,0.0,0.0,357.88,212.04,619.29,0.0,0.0,None,None,None,None,None,None,None,None,None,None,None,None
2026-07-11T17:47:27.510498,54.636,49.275436,-123.200355,7.0,21.597,0,1.0,281.0,1.4,346.0,0.7,0.0,0.0,357.88,212.04,619.29,0.0,0.0,None,None,None,None,None,None,None,None,None,None,None,None
2026-07-11T17:47:27.610682,54.736,49.275436,-123.200355,7.0,21.597,0,1.0,281.0,1.4,346.0,0.7,0.0,0.0,357.88,212.04,619.29,0.0,0.0,None,None,None,None,None,None,None,None,None,None,None,None
2026-07-11T17:47:27.710211,54.836,49.275436,-123.200355,7.0,21.597,0,1.0,281.0,1.4,346.0,0.7,0.0,0.0,357.88,212.04,619.29,0.0,0.0,None,None,None,None,None,None,None,None,None,None,None,None
2026-07-11T17:47:27.710396,54.836,49.275436,-123.200355,7.0,21.597,0,1.0,281.0,1.6,342.0,0.7,0.0,0.0,357.88,212.04,619.29,0.0,0.0,None,None,None,None,None,None,None,None,None,None,None,None
2026-07-11T17:47:27.710527,54.836,49.275436,-123.200355,7.0,21.597,0,0.8,289.0,1.6,342.0,0.7,0.0,0.0,357.88,212.04,619.29,0.0,0.0,None,None,None,None,None,None,None,None,None,None,None,None
2026-07-11T17:47:27.710794,54.836,49.275436,-123.200355,7.0,21.597,0,0.8,289.0,1.6,342.0,0.7,0.0,0.0,357.88,212.04,619.29,0.0,0.0,None,None,None,None,None,None,None,None,None,None,None,None
2026-07-11T17:47:27.710911,54.836,49.275436,-123.200355,7.0,21.597,0,0.8,289.0,1.6,342.0,0.7,0.0,0.0,357.88,212.04,619.29,0.0,0.0,None,None,None,None,None,None,None,None,None,None,None,None
2026-07-11T17:47:27.711142,54.837,49.275436,-123.200355,7.0,21.597,0,0.8,289.0,1.6,342.0,0.7,0.0,0.0,357.88,212.04,619.29,0.0,0.0,None,None,None,None,None,None,None,None,None,None,None,None
2026-07-11T17:47:27.810554,54.936,49.275436,-123.200355,7.0,21.597,0,0.8,289.0,1.6,342.0,0.7,0.0,0.0,357.88,212.04,619.29,0.0,0.0,None,None,None,None,None,None,None,None,None,None,None,None
2026-07-11T17:47:27.810878,54.936,49.275436,-123.200355,7.0,21.597,0,0.8,289.0,1.6,342.0,0.7,0.0,0.0,357.88,212.04,619.29,0.0,0.0,None,None,None,None,None,None,None,None,None,None,None,None
2026-07-11T17:47:27.811170,54.937,49.275436,-123.200355,7.0,21.597,0,0.8,289.0,1.6,342.0,0.7,0.0,0.0,357.88,212.04,619.29,0.0,0.0,None,None,None,None,None,None,None,None,None,None,None,None
2026-07-11T17:47:27.910334,55.036,49.275436,-123.200355,7.0,21.597,0,0.8,289.0,1.6,342.0,0.7,0.0,0.0,357.88,212.04,619.29,0.0,0.0,None,None,None,None,None,None,None,None,None,None,None,None
2026-07-11T17:47:27.910666,55.036,49.275436,-123.200355,7.0,21.597,0,0.8,289.0,1.6,342.0,0.7,0.0,0.0,357.88,212.04,619.29,0.0,0.0,None,None,None,None,None,None,None,None,None,None,None,None
2026-07-11T17:47:27.910948,55.036,49.275436,-123.200355,7.0,21.597,0,0.8,289.0,1.3,335.0,0.7,0.0,0.0,357.88,212.04,619.29,0.0,0.0,None,None,None,None,None,None,None,None,None,None,None,None
2026-07-11T17:47:27.911243,55.037,49.275436,-123.200355,7.0,21.597,0,0.8,289.0,1.3,335.0,0.7,0.0,0.0,357.88,212.04,619.29,0.0,0.0,None,None,None,None,None,None,None,None,None,None,None,None
2026-07-11T17:47:27.911495,55.037,49.275436,-123.200355,7.0,21.597,0,0.9,306.0,1.3,335.0,0.7,0.0,0.0,357.88,212.04,619.29,0.0,0.0,None,None,None,None,None,None,None,None,None,None,None,None
2026-07-11T17:47:28.010349,55.136,49.275436,-123.200355,7.0,21.597,0,0.9,306.0,1.3,335.0,0.7,0.0,0.0,357.88,212.04,619.29,0.0,0.0,None,None,None,None,None,None,None,None,None,None,None,None
2026-07-11T17:47:28.010677,55.136,49.275436,-123.200355,7.0,21.597,0,0.9,306.0,1.3,335.0,0.7,0.0,0.0,357.88,212.04,619.29,0.0,0.0,None,None,None,None,None,None,None,None,None,None,None,None
2026-07-11T17:47:28.010854,55.136,49.275436,-123.200355,7.0,21.597,0,0.9,306.0,1.3,335.0,0.7,0.0,0.0,357.88,212.04,619.29,0.0,0.0,None,None,None,None,None,None,None,None,None,None,None,None
2026-07-11T17:47:28.011144,55.137,49.275436,-123.200355,7.0,21.597,0,0.9,306.0,1.3,335.0,0.7,0.0,0.0,357.88,212.04,619.29,0.0,0.0,None,None,None,None,None,None,None,None,None,None,None,None
2026-07-11T17:47:28.110871,55.236,49.275436,-123.200355,7.0,21.597,0,0.9,306.0,1.3,335.0,0.7,0.0,0.0,357.88,212.04,619.29,0.0,0.0,None,None,None,None,None,None,None,None,None,None,None,None
2026-07-11T17:47:28.111183,55.237,49.275436,-123.200355,7.0,21.597,0,0.9,306.0,1.3,335.0,0.7,0.0,0.0,357.88,212.04,619.29,0.0,0.0,None,None,None,None,None,None,None,None,None,None,None,None
2026-07-11T17:47:28.210736,55.336,49.275436,-123.200355,7.0,21.597,0,0.9,306.0,1.1,318.0,0.7,0.0,0.0,357.88,212.04,619.29,0.0,0.0,None,None,None,None,None,None,None,None,None,None,None,None
2026-07-11T17:47:28.210957,55.336,49.275436,-123.200355,7.0,21.597,0,0.9,306.0,1.1,318.0,0.7,0.0,0.0,357.88,212.04,619.29,0.0,0.0,None,None,None,None,None,None,None,None,None,None,None,None
2026-07-11T17:47:28.211089,55.336,49.275436,-123.200355,7.0,21.597,0,0.9,314.0,1.1,318.0,0.7,0.0,0.0,357.88,212.04,619.29,0.0,0.0,None,None,None,None,None,None,None,None,None,None,None,None
2026-07-11T17:47:28.211206,55.337,49.275436,-123.200355,7.0,21.597,0,0.9,314.0,1.1,318.0,0.7,0.0,0.0,357.88,212.04,619.29,0.0,0.0,None,None,None,None,None,None,None,None,None,None,None,None
2026-07-11T17:47:28.211353,55.337,49.275436,-123.200355,7.0,21.597,0,0.9,314.0,1.1,318.0,0.7,0.0,0.0,357.88,212.04,619.29,0.0,0.0,None,None,None,None,None,None,None,None,None,None,None,None
2026-07-11T17:47:28.211487,55.337,49.275436,-123.200353,7.0,21.597,0,0.9,314.0,1.1,318.0,0.7,0.0,0.0,357.88,212.04,619.29,0.0,0.0,None,None,None,None,None,None,None,None,None,None,None,None
2026-07-11T17:47:28.310680,55.436,49.275436,-123.200353,7.0,21.597,0,0.9,314.0,1.1,318.0,0.7,0.0,0.0,357.88,212.04,619.29,0.0,0.0,None,None,None,None,None,None,None,None,None,None,None,None
2026-07-11T17:47:28.311003,55.436,49.275436,-123.200353,7.0,21.597,0,0.9,314.0,1.1,318.0,0.7,0.0,0.0,357.88,212.04,619.29,0.0,0.0,None,None,None,None,None,None,None,None,None,None,None,None
2026-07-11T17:47:28.311303,55.437,49.275436,-123.200353,7.0,21.597,0,0.9,314.0,1.1,318.0,0.7,0.0,0.0,357.88,212.04,619.29,0.0,0.0,None,None,None,None,None,None,None,None,None,None,None,None
2026-07-11T17:47:28.410075,55.535,49.275436,-123.200353,7.0,21.597,0,0.9,314.0,1.1,318.0,0.7,0.0,0.0,357.88,212.04,619.29,0.0,0.0,None,None,None,None,None,None,None,None,None,None,None,None
2026-07-11T17:47:28.410420,55.536,49.275436,-123.200353,7.0,21.597,0,0.9,314.0,1.1,318.0,0.7,0.0,0.0,357.88,212.04,619.29,0.0,0.0,None,None,None,None,None,None,None,None,None,None,None,None
2026-07-11T17:47:28.410649,55.536,49.275436,-123.200353,7.0,21.597,0,0.9,314.0,0.9,309.0,0.7,0.0,0.0,357.88,212.04,619.29,0.0,0.0,None,None,None,None,None,None,None,None,None,None,None,None
2026-07-11T17:47:28.410971,55.536,49.275436,-123.200353,7.0,21.597,0,0.9,314.0,0.9,309.0,0.7,0.0,0.0,357.88,212.04,619.29,0.0,0.0,None,None,None,None,None,None,None,None,None,None,None,None
2026-07-11T17:47:28.510087,55.635,49.275436,-123.200353,7.0,21.597,0,0.9,324.0,0.9,309.0,0.7,0.0,0.0,357.88,212.04,619.29,0.0,0.0,None,None,None,None,None,None,None,None,None,None,None,None
2026-07-11T17:47:28.510400,55.636,49.275436,-123.200353,7.0,21.597,0,0.9,324.0,0.9,309.0,0.7,0.0,0.0,357.88,212.04,619.29,0.0,0.0,None,None,None,None,None,None,None,None,None,None,None,None
2026-07-11T17:47:28.510625,55.636,49.275436,-123.200353,7.0,21.594,0,0.9,324.0,0.9,309.0,0.7,0.0,0.0,357.88,212.04,619.29,0.0,0.0,None,None,None,None,None,None,None,None,None,None,None,None
2026-07-11T17:47:28.510875,55.636,49.275436,-123.200353,7.0,21.594,0,0.9,324.0,0.9,309.0,0.7,0.0,0.0,357.88,212.04,619.29,0.0,0.0,None,None,None,None,None,None,None,None,None,None,None,None
2026-07-11T17:47:28.511164,55.637,49.275436,-123.200353,7.0,21.594,0,0.9,324.0,0.9,309.0,0.7,0.0,0.0,357.88,212.04,619.29,0.0,0.0,None,None,None,None,None,None,None,None,None,None,None,None
2026-07-11T17:47:28.511439,55.637,49.275436,-123.200353,7.0,21.594,0,0.9,324.0,0.9,309.0,0.7,0.0,0.0,357.88,212.04,619.29,0.0,0.0,None,None,None,None,None,None,None,None,None,None,None,None
2026-07-11T17:47:28.512200,55.638,49.275436,-123.200353,7.0,21.594,0,0.9,324.0,0.9,309.0,0.7,0.0,0.0,357.88,212.04,619.29,0.0,0.0,None,None,None,None,None,None,None,None,None,None,None,None
2026-07-11T17:47:28.512438,55.638,49.275436,-123.200353,7.0,21.594,0,0.9,324.0,0.9,309.0,0.7,0.0,0.0,357.88,212.04,619.29,0.0,0.0,None,None,None,None,None,None,None,None,None,None,None,None
2026-07-11T17:47:28.610364,55.736,49.275436,-123.200353,7.0,21.594,0,0.9,324.0,0.9,309.0,0.7,0.0,0.0,357.88,212.04,619.29,0.0,0.0,None,None,None,None,None,None,None,None,None,None,None,None
2026-07-11T17:47:28.610694,55.736,49.275436,-123.200353,7.0,21.594,0,0.9,324.0,0.9,309.0,0.7,0.0,0.0,357.88,212.04,619.29,0.0,0.0,None,None,None,None,None,None,None,None,None,None,None,None
2026-07-11T17:47:28.710024,55.835,49.275436,-123.200353,7.0,21.594,0,0.9,324.0,0.9,309.0,0.7,0.0,0.0,357.88,212.04,619.29,0.0,0.0,None,None,None,None,None,None,None,None,None,None,None,None
2026-07-11T17:47:28.710302,55.836,49.275436,-123.200353,7.0,21.594,0,0.9,324.0,0.7,314.0,0.7,0.0,0.0,357.88,212.04,619.29,0.0,0.0,None,None,None,None,None,None,None,None,None,None,None,None
2026-07-11T17:47:28.710540,55.836,49.275436,-123.200353,7.0,21.594,0,0.8,319.0,0.7,314.0,0.7,0.0,0.0,357.88,212.04,619.29,0.0,0.0,None,None,None,None,None,None,None,None,None,None,None,None
2026-07-11T17:47:28.810367,55.936,49.275436,-123.200353,7.0,21.594,0,0.8,319.0,0.7,314.0,0.7,0.0,0.0,357.88,212.04,619.29,0.0,0.0,None,None,None,None,None,None,None,None,None,None,None,None
2026-07-11T17:47:28.810676,55.936,49.275436,-123.200353,7.0,21.594,0,0.8,319.0,0.7,314.0,0.7,0.0,0.0,357.88,212.04,619.29,0.0,0.0,None,None,None,None,None,None,None,None,None,None,None,None
2026-07-11T17:47:28.810938,55.936,49.275436,-123.200353,7.0,21.594,0,0.8,319.0,0.7,314.0,0.7,0.0,0.0,357.88,212.04,619.29,0.0,0.0,None,None,None,None,None,None,None,None,None,None,None,None
2026-07-11T17:47:28.910404,56.036,49.275436,-123.200353,7.0,21.594,0,0.8,319.0,0.7,314.0,0.7,0.0,0.0,357.88,212.04,619.29,0.0,0.0,None,None,None,None,None,None,None,None,None,None,None,None
2026-07-11T17:47:28.910976,56.036,49.275436,-123.200353,7.0,21.594,0,0.8,319.0,0.7,314.0,0.7,0.0,0.0,357.88,212.04,619.29,0.0,0.0,None,None,None,None,None,None,None,None,None,None,None,None
2026-07-11T17:47:28.911254,56.037,49.275436,-123.200353,7.0,21.594,0,0.8,319.0,0.7,314.0,0.7,0.0,0.0,357.88,212.04,619.29,0.0,0.0,None,None,None,None,None,None,None,None,None,None,None,None
2026-07-11T17:47:29.010432,56.136,49.275436,-123.200353,7.0,21.594,0,0.8,319.0,0.7,314.0,0.7,0.0,0.0,357.88,212.04,619.29,0.0,0.0,None,None,None,None,None,None,None,None,None,None,None,None
2026-07-11T17:47:29.010718,56.136,49.275436,-123.200353,7.0,21.594,0,0.8,319.0,0.7,314.0,0.7,0.0,0.0,357.88,212.04,619.29,0.0,0.0,None,None,None,None,None,None,None,None,None,None,None,None
2026-07-11T17:47:29.010940,56.136,49.275436,-123.200353,7.0,21.594,0,0.8,319.0,0.7,314.0,0.7,0.0,0.0,357.88,212.04,619.29,0.0,0.0,None,None,None,None,None,None,None,None,None,None,None,None
2026-07-11T17:47:29.011188,56.137,49.275436,-123.200353,7.0,21.594,0,0.8,319.0,0.7,314.0,0.7,0.0,0.0,357.88,212.04,619.29,0.0,0.0,None,None,None,None,None,None,None,None,None,None,None,None
2026-07-11T17:47:29.011434,56.137,49.275436,-123.200353,7.0,21.594,0,0.7,304.0,0.7,314.0,0.7,0.0,0.0,357.88,212.04,619.29,0.0,0.0,None,None,None,None,None,None,None,None,None,None,None,None
2026-07-11T17:47:29.011693,56.137,49.275436,-123.200353,7.0,21.594,0,0.7,304.0,0.7,314.0,0.7,0.0,0.0,357.88,212.04,619.29,0.0,0.0,None,None,None,None,None,None,None,None,None,None,None,None
2026-07-11T17:47:29.110176,56.236,49.275436,-123.200353,7.0,21.594,0,0.7,304.0,0.7,314.0,0.7,0.0,0.0,357.88,212.04,619.29,0.0,0.0,None,None,None,None,None,None,None,None,None,None,None,None
2026-07-11T17:47:29.110460,56.236,49.275436,-123.200353,7.0,21.594,0,0.7,304.0,0.7,314.0,0.7,0.0,0.0,357.88,212.04,619.29,0.0,0.0,None,None,None,None,None,None,None,None,None,None,None,None
2026-07-11T17:47:29.210672,56.336,49.275436,-123.200353,7.0,21.594,0,0.7,304.0,0.7,314.0,0.7,0.0,0.0,357.88,212.04,619.29,0.0,0.0,None,None,None,None,None,None,None,None,None,None,None,None
2026-07-11T17:47:29.210962,56.336,49.275436,-123.200353,7.0,21.594,0,0.7,304.0,0.7,314.0,0.7,0.0,0.0,357.88,212.04,619.29,0.0,0.0,None,None,None,None,None,None,None,None,None,None,None,None
2026-07-11T17:47:29.211221,56.337,49.275435,-123.200355,7.0,21.594,0,0.7,304.0,0.7,314.0,0.7,0.0,0.0,357.88,212.04,619.29,0.0,0.0,None,None,None,None,None,None,None,None,None,None,None,None
2026-07-11T17:47:29.211442,56.337,49.275435,-123.200355,7.0,21.594,0,0.7,304.0,0.7,314.0,0.7,0.0,0.0,357.88,212.04,619.29,0.0,0.0,None,None,None,None,None,None,None,None,None,None,None,None
2026-07-11T17:47:29.310310,56.436,49.275435,-123.200355,7.0,21.594,0,0.7,304.0,0.7,314.0,0.7,0.0,0.0,357.88,212.04,619.29,0.0,0.0,None,None,None,None,None,None,None,None,None,None,None,None
2026-07-11T17:47:29.310599,56.436,49.275435,-123.200355,7.0,21.594,0,0.7,304.0,0.7,314.0,0.7,0.0,0.0,357.88,212.04,619.29,0.0,0.0,None,None,None,None,None,None,None,None,None,None,None,None
2026-07-11T17:47:29.310885,56.436,49.275435,-123.200355,7.0,21.594,0,0.6,287.0,0.7,314.0,0.7,0.0,0.0,357.88,212.04,619.29,0.0,0.0,None,None,None,None,None,None,None,None,None,None,None,None
2026-07-11T17:47:29.311110,56.437,49.275435,-123.200355,7.0,21.594,0,0.6,287.0,0.7,314.0,0.7,0.0,0.0,357.88,212.04,619.29,0.0,0.0,None,None,None,None,None,None,None,None,None,None,None,None
2026-07-11T17:47:29.311395,56.437,49.275435,-123.200355,7.0,21.594,0,0.6,287.0,0.7,314.0,0.7,0.0,0.0,357.88,212.04,619.29,0.0,0.0,None,None,None,None,None,None,None,None,None,None,None,None
2026-07-11T17:47:29.311735,56.437,49.275435,-123.200355,7.0,21.594,0,0.6,287.0,0.7,314.0,0.7,0.0,0.0,357.88,212.04,619.29,0.0,0.0,None,None,None,None,None,None,None,None,None,None,None,None
2026-07-11T17:47:29.410343,56.536,49.275435,-123.200355,7.0,21.594,0,0.6,287.0,0.7,314.0,0.7,0.0,0.0,357.88,212.04,619.29,0.0,0.0,None,None,None,None,None,None,None,None,None,None,None,None
2026-07-11T17:47:29.410637,56.536,49.275435,-123.200355,7.0,21.594,0,0.6,287.0,0.7,314.0,0.7,0.0,0.0,357.88,212.04,619.29,0.0,0.0,None,None,None,None,None,None,None,None,None,None,None,None
2026-07-11T17:47:29.410910,56.536,49.275435,-123.200355,7.0,21.594,0,0.6,287.0,0.7,314.0,0.7,0.0,0.0,357.88,212.04,619.29,0.0,0.0,None,None,None,None,None,None,None,None,None,None,None,None
2026-07-11T17:47:29.510963,56.636,49.275435,-123.200355,7.0,21.594,0,0.6,287.0,0.7,314.0,0.7,0.0,0.0,357.88,212.04,619.29,0.0,0.0,None,None,None,None,None,None,None,None,None,None,None,None
2026-07-11T17:47:29.511240,56.637,49.275435,-123.200355,7.0,21.594,0,0.6,287.0,0.6,322.0,0.7,0.0,0.0,357.88,212.04,619.29,0.0,0.0,None,None,None,None,None,None,None,None,None,None,None,None
2026-07-11T17:47:29.511495,56.637,49.275435,-123.200355,7.0,21.594,0,0.6,287.0,0.6,322.0,0.7,0.0,0.0,357.88,212.04,619.29,0.0,0.0,None,None,None,None,None,None,None,None,None,None,None,None
2026-07-11T17:47:29.511731,56.637,49.275435,-123.200355,7.0,21.594,0,0.5,272.0,0.6,322.0,0.7,0.0,0.0,357.88,212.04,619.29,0.0,0.0,None,None,None,None,None,None,None,None,None,None,None,None
2026-07-11T17:47:29.610788,56.736,49.275435,-123.200355,7.0,21.594,0,0.5,272.0,0.6,322.0,0.7,0.0,0.0,357.88,212.04,619.29,0.0,0.0,None,None,None,None,None,None,None,None,None,None,None,None
2026-07-11T17:47:29.611045,56.736,49.275435,-123.200355,7.0,21.594,0,0.5,272.0,0.6,322.0,0.7,0.0,0.0,357.88,212.04,619.29,0.0,0.0,None,None,None,None,None,None,None,None,None,None,None,None
2026-07-11T17:47:29.611341,56.737,49.275435,-123.200355,7.0,21.594,0,0.5,272.0,0.6,322.0,0.7,0.0,0.0,357.88,212.04,619.29,0.0,0.0,None,None,None,None,None,None,None,None,None,None,None,None
2026-07-11T17:47:29.710781,56.836,49.275435,-123.200355,7.0,21.594,0,0.5,272.0,0.6,322.0,0.7,0.0,0.0,357.88,212.04,619.29,0.0,0.0,None,None,None,None,None,None,None,None,None,None,None,None
2026-07-11T17:47:29.711062,56.836,49.275435,-123.200355,7.0,21.596,0,0.5,272.0,0.6,322.0,0.7,0.0,0.0,357.88,212.04,619.29,0.0,0.0,None,None,None,None,None,None,None,None,None,None,None,None
2026-07-11T17:47:29.711313,56.837,49.275435,-123.200355,7.0,21.596,0,0.5,272.0,0.6,322.0,0.7,0.0,0.0,357.88,212.04,619.29,0.0,0.0,None,None,None,None,None,None,None,None,None,None,None,None
2026-07-11T17:47:29.711642,56.837,49.275435,-123.200355,7.0,21.596,0,0.5,272.0,0.6,322.0,0.7,0.0,0.0,357.88,212.04,619.29,0.0,0.0,None,None,None,None,None,None,None,None,None,None,None,None
2026-07-11T17:47:29.810045,56.935,49.275435,-123.200355,7.0,21.596,0,0.5,272.0,0.6,322.0,0.7,0.0,0.0,357.88,212.04,619.29,0.0,0.0,None,None,None,None,None,None,None,None,None,None,None,None
2026-07-11T17:47:29.810326,56.936,49.275435,-123.200355,7.0,21.596,0,0.5,272.0,0.5,345.0,0.7,0.0,0.0,357.88,212.04,619.29,0.0,0.0,None,None,None,None,None,None,None,None,None,None,None,None
2026-07-11T17:47:29.810549,56.936,49.275435,-123.200355,7.0,21.596,0,0.5,272.0,0.5,345.0,0.7,0.0,0.0,357.88,212.04,619.29,0.0,0.0,None,None,None,None,None,None,None,None,None,None,None,None
2026-07-11T17:47:29.810892,56.936,49.275435,-123.200355,7.0,21.596,0,0.5,272.0,0.5,345.0,0.7,0.0,0.0,357.88,212.04,619.29,0.0,0.0,None,None,None,None,None,None,None,None,None,None,None,None
2026-07-11T17:47:29.811799,56.937,49.275435,-123.200355,7.0,21.596,0,0.5,272.0,0.5,345.0,0.7,0.0,0.0,357.88,212.04,619.29,0.0,0.0,None,None,None,None,None,None,None,None,None,None,None,None
2026-07-11T17:47:29.811992,56.937,49.275435,-123.200355,7.0,21.596,0,0.5,272.0,0.5,345.0,0.7,0.0,0.0,357.88,212.04,619.29,0.0,0.0,None,None,None,None,None,None,None,None,None,None,None,None
2026-07-11T17:47:29.944810,57.070,49.275435,-123.200355,7.0,21.596,0,0.5,272.0,0.5,345.0,0.7,0.0,0.0,357.88,212.04,619.29,0.0,0.0,None,None,None,None,None,None,None,None,None,None,None,None
2026-07-11T17:47:29.945281,57.071,49.275435,-123.200355,7.0,21.596,0,0.5,272.0,0.5,345.0,0.7,0.0,0.0,357.88,212.04,619.29,0.0,0.0,None,None,None,None,None,None,None,None,None,None,None,None
2026-07-11T17:47:29.945538,57.071,49.275435,-123.200355,7.0,21.596,0,0.5,272.0,0.5,345.0,0.7,0.0,0.0,357.88,212.04,619.29,0.0,0.0,None,None,None,None,None,None,None,None,None,None,None,None
2026-07-11T17:47:29.945945,57.071,49.275435,-123.200355,7.0,21.596,0,0.5,272.0,0.5,345.0,0.7,0.0,0.0,357.88,212.04,619.29,0.0,0.0,None,None,None,None,None,None,None,None,None,None,None,None
2026-07-11T17:47:30.027508,57.153,49.275435,-123.200355,7.0,21.596,0,0.5,272.0,0.5,345.0,0.7,0.0,0.0,357.88,212.04,619.29,0.0,0.0,None,None,None,None,None,None,None,None,None,None,None,None
2026-07-11T17:47:30.027845,57.153,49.275435,-123.200355,7.0,21.596,0,0.5,272.0,0.5,345.0,0.7,0.0,0.0,357.88,212.04,619.29,0.0,0.0,None,None,None,None,None,None,None,None,None,None,None,None
2026-07-11T17:47:30.028062,57.153,49.275435,-123.200355,7.0,21.596,0,0.5,272.0,0.5,345.0,0.7,0.0,0.0,357.88,212.04,619.29,0.0,0.0,None,None,None,None,None,None,None,None,None,None,None,None
2026-07-11T17:47:30.028217,57.154,49.275435,-123.200355,7.0,21.596,0,0.5,272.0,0.5,359.0,0.7,0.0,0.0,357.88,212.04,619.29,0.0,0.0,None,None,None,None,None,None,None,None,None,None,None,None
2026-07-11T17:47:30.113992,57.239,49.275435,-123.200355,7.0,21.596,0,0.5,272.0,0.5,359.0,0.7,0.0,0.0,357.88,212.04,619.29,0.0,0.0,None,None,None,None,None,None,None,None,None,None,None,None
2026-07-11T17:47:30.114290,57.240,49.275435,-123.200355,7.0,21.596,0,0.6,272.0,0.5,359.0,0.7,0.0,0.0,357.88,212.04,619.29,0.0,0.0,None,None,None,None,None,None,None,None,None,None,None,None
2026-07-11T17:47:30.114688,57.240,49.275435,-123.200355,7.0,21.596,0,0.6,272.0,0.5,359.0,0.7,0.0,0.0,357.88,212.04,619.29,0.0,0.0,None,None,None,None,None,None,None,None,None,None,None,None
2026-07-11T17:47:30.115110,57.241,49.275435,-123.200355,7.0,21.596,0,0.6,272.0,0.5,359.0,0.7,0.0,0.0,357.88,212.04,619.29,0.0,0.0,None,None,None,None,None,None,None,None,None,None,None,None
2026-07-11T17:47:30.210473,57.336,49.275435,-123.200355,7.0,21.596,0,0.6,272.0,0.5,359.0,0.7,0.0,0.0,357.88,212.04,619.29,0.0,0.0,None,None,None,None,None,None,None,None,None,None,None,None
2026-07-11T17:47:30.210754,57.336,49.275435,-123.200355,7.0,21.596,0,0.6,272.0,0.5,359.0,0.7,0.0,0.0,357.88,212.04,619.29,0.0,0.0,None,None,None,None,None,None,None,None,None,None,None,None
2026-07-11T17:47:30.210935,57.336,49.275435,-123.200356,7.0,21.596,0,0.6,272.0,0.5,359.0,0.7,0.0,0.0,357.88,212.04,619.29,0.0,0.0,None,None,None,None,None,None,None,None,None,None,None,None
2026-07-11T17:47:30.310282,57.436,49.275435,-123.200356,7.0,21.596,0,0.6,272.0,0.5,359.0,0.7,0.0,0.0,357.88,212.04,619.29,0.0,0.0,None,None,None,None,None,None,None,None,None,None,None,None
2026-07-11T17:47:30.310593,57.436,49.275435,-123.200356,7.0,21.596,0,0.6,272.0,0.5,359.0,0.7,0.0,0.0,357.88,212.04,619.29,0.0,0.0,None,None,None,None,None,None,None,None,None,None,None,None
2026-07-11T17:47:30.310891,57.436,49.275435,-123.200356,7.0,21.596,0,0.6,272.0,0.5,359.0,0.7,0.0,0.0,357.88,212.04,619.29,0.0,0.0,None,None,None,None,None,None,None,None,None,None,None,None
2026-07-11T17:47:30.311049,57.436,49.275435,-123.200356,7.0,21.596,0,0.6,272.0,0.6,359.0,0.7,0.0,0.0,357.88,212.04,619.29,0.0,0.0,None,None,None,None,None,None,None,None,None,None,None,None
2026-07-11T17:47:30.311174,57.437,49.275435,-123.200356,7.0,21.596,0,0.5,272.0,0.6,359.0,0.7,0.0,0.0,357.88,212.04,619.29,0.0,0.0,None,None,None,None,None,None,None,None,None,None,None,None
2026-07-11T17:47:30.311304,57.437,49.275435,-123.200356,7.0,21.596,0,0.5,272.0,0.6,359.0,0.7,0.0,0.0,357.88,212.04,619.29,0.0,0.0,None,None,None,None,None,None,None,None,None,None,None,None
2026-07-11T17:47:30.410043,57.535,49.275435,-123.200356,7.0,21.596,0,0.5,272.0,0.6,359.0,0.7,0.0,0.0,357.88,212.04,619.29,0.0,0.0,None,None,None,None,None,None,None,None,None,None,None,None
2026-07-11T17:47:30.410214,57.536,49.275435,-123.200356,7.0,21.596,0,0.5,272.0,0.6,359.0,0.7,0.0,0.0,357.88,212.04,619.29,0.0,0.0,None,None,None,None,None,None,None,None,None,None,None,None
2026-07-11T17:47:30.410377,57.536,49.275435,-123.200356,7.0,21.596,0,0.5,272.0,0.6,359.0,0.7,0.0,0.0,357.88,212.04,619.29,0.0,0.0,None,None,None,None,None,None,None,None,None,None,None,None
2026-07-11T17:47:30.410662,57.536,49.275435,-123.200356,7.0,21.596,0,0.5,272.0,0.6,359.0,0.7,0.0,0.0,357.88,212.04,619.29,0.0,0.0,None,None,None,None,None,None,None,None,None,None,None,None
2026-07-11T17:47:30.509956,57.635,49.275435,-123.200356,7.0,21.596,0,0.5,272.0,0.6,359.0,0.7,0.0,0.0,357.88,212.04,619.29,0.0,0.0,None,None,None,None,None,None,None,None,None,None,None,None
2026-07-11T17:47:30.510267,57.636,49.275435,-123.200356,7.0,21.596,0,0.5,272.0,0.6,359.0,0.7,0.0,0.0,357.88,212.04,619.29,0.0,0.0,None,None,None,None,None,None,None,None,None,None,None,None
2026-07-11T17:47:30.610773,57.736,49.275435,-123.200356,7.0,21.596,0,0.5,272.0,0.6,359.0,0.7,0.0,0.0,357.88,212.04,619.29,0.0,0.0,None,None,None,None,None,None,None,None,None,None,None,None
2026-07-11T17:47:30.611043,57.736,49.275435,-123.200356,7.0,21.596,0,0.5,272.0,0.6,19.0,0.7,0.0,0.0,357.88,212.04,619.29,0.0,0.0,None,None,None,None,None,None,None,None,None,None,None,None
2026-07-11T17:47:30.611307,57.737,49.275435,-123.200356,7.0,21.596,0,0.9,272.0,0.6,19.0,0.7,0.0,0.0,357.88,212.04,619.29,0.0,0.0,None,None,None,None,None,None,None,None,None,None,None,None
2026-07-11T17:47:30.611630,57.737,49.275435,-123.200356,7.0,21.596,0,0.9,272.0,0.6,19.0,0.7,0.0,0.0,357.88,212.04,619.29,0.0,0.0,None,None,None,None,None,None,None,None,None,None,None,None
2026-07-11T17:47:30.611887,57.737,49.275435,-123.200356,7.0,21.596,0,0.9,272.0,0.6,19.0,0.7,0.0,0.0,357.88,212.04,619.29,0.0,0.0,None,None,None,None,None,None,None,None,None,None,None,None
2026-07-11T17:47:30.710516,57.836,49.275435,-123.200356,7.0,21.596,0,0.9,272.0,0.6,19.0,0.7,0.0,0.0,357.88,212.04,619.29,0.0,0.0,None,None,None,None,None,None,None,None,None,None,None,None
2026-07-11T17:47:30.710822,57.836,49.275435,-123.200356,7.0,21.596,0,0.9,272.0,0.6,19.0,0.7,0.0,0.0,357.88,212.04,619.29,0.0,0.0,None,None,None,None,None,None,None,None,None,None,None,None
2026-07-11T17:47:30.810355,57.936,49.275435,-123.200356,7.0,21.596,0,0.9,272.0,0.6,19.0,0.7,0.0,0.0,357.88,212.04,619.29,0.0,0.0,None,None,None,None,None,None,None,None,None,None,None,None
2026-07-11T17:47:30.810715,57.936,49.275435,-123.200356,7.0,21.596,0,0.9,272.0,0.6,19.0,0.7,0.0,0.0,357.88,212.04,619.29,0.0,0.0,None,None,None,None,None,None,None,None,None,None,None,None
2026-07-11T17:47:30.811008,57.936,49.275435,-123.200356,7.0,21.596,0,0.9,272.0,0.6,19.0,0.7,0.0,0.0,357.88,212.04,619.29,0.0,0.0,None,None,None,None,None,None,None,None,None,None,None,None
2026-07-11T17:47:30.811309,57.937,49.275435,-123.200356,7.0,21.596,0,0.9,272.0,0.7,29.0,0.7,0.0,0.0,357.88,212.04,619.29,0.0,0.0,None,None,None,None,None,None,None,None,None,None,None,None
2026-07-11T17:47:30.910468,58.036,49.275435,-123.200356,7.0,21.596,0,0.9,272.0,0.7,29.0,0.7,0.0,0.0,357.88,212.04,619.29,0.0,0.0,None,None,None,None,None,None,None,None,None,None,None,None
2026-07-11T17:47:30.910700,58.036,49.275435,-123.200356,7.0,21.596,0,0.9,272.0,0.7,29.0,0.7,0.0,0.0,357.88,212.04,619.29,0.0,0.0,None,None,None,None,None,None,None,None,None,None,None,None
2026-07-11T17:47:30.910950,58.036,49.275435,-123.200356,7.0,21.596,0,1.0,280.0,0.7,29.0,0.7,0.0,0.0,357.88,212.04,619.29,0.0,0.0,None,None,None,None,None,None,None,None,None,None,None,None
2026-07-11T17:47:30.911134,58.037,49.275435,-123.200356,7.0,21.596,0,1.0,280.0,0.7,29.0,0.7,0.0,0.0,357.88,212.04,619.29,0.0,0.0,None,None,None,None,None,None,None,None,None,None,None,None
2026-07-11T17:47:30.911290,58.037,49.275435,-123.200356,7.0,21.596,0,1.0,280.0,0.7,29.0,0.7,0.0,0.0,357.88,212.04,619.29,0.0,0.0,None,None,None,None,None,None,None,None,None,None,None,None
2026-07-11T17:47:30.911421,58.037,49.275435,-123.200356,7.0,21.596,0,1.0,280.0,0.7,29.0,0.7,0.0,0.0,357.88,212.04,619.29,0.0,0.0,None,None,None,None,None,None,None,None,None,None,None,None
2026-07-11T17:47:30.911565,58.037,49.275435,-123.200356,7.0,21.596,0,1.0,280.0,0.7,29.0,0.7,0.0,0.0,357.88,212.04,619.29,0.0,0.0,None,None,None,None,None,None,None,None,None,None,None,None
2026-07-11T17:47:30.911853,58.037,49.275435,-123.200356,7.0,21.596,0,1.0,280.0,0.7,29.0,0.7,0.0,0.0,357.88,212.04,619.29,0.0,0.0,None,None,None,None,None,None,None,None,None,None,None,None
2026-07-11T17:47:30.912149,58.038,49.275435,-123.200356,7.0,21.596,0,1.0,280.0,0.7,29.0,0.7,0.0,0.0,357.88,212.04,619.29,0.0,0.0,None,None,None,None,None,None,None,None,None,None,None,None
2026-07-11T17:47:31.010960,58.136,49.275435,-123.200356,7.0,21.596,0,1.0,280.0,0.7,29.0,0.7,0.0,0.0,357.88,212.04,619.29,0.0,0.0,None,None,None,None,None,None,None,None,None,None,None,None
2026-07-11T17:47:31.011323,58.137,49.275435,-123.200356,7.0,21.596,0,1.0,280.0,0.7,29.0,0.7,0.0,0.0,357.88,212.04,619.29,0.0,0.0,None,None,None,None,None,None,None,None,None,None,None,None
2026-07-11T17:47:31.011673,58.137,49.275435,-123.200356,7.0,21.596,0,1.0,280.0,0.7,29.0,0.7,0.0,0.0,357.88,212.04,619.29,0.0,0.0,None,None,None,None,None,None,None,None,None,None,None,None
2026-07-11T17:47:31.110463,58.236,49.275435,-123.200356,7.0,21.596,0,1.0,280.0,0.7,29.0,0.7,0.0,0.0,357.88,212.04,619.29,0.0,0.0,None,None,None,None,None,None,None,None,None,None,None,None
2026-07-11T17:47:31.110750,58.236,49.275435,-123.200356,7.0,21.596,0,1.0,280.0,0.8,32.0,0.7,0.0,0.0,357.88,212.04,619.29,0.0,0.0,None,None,None,None,None,None,None,None,None,None,None,None
2026-07-11T17:47:31.115036,58.240,49.275435,-123.200356,7.0,21.596,0,1.0,280.0,0.8,32.0,0.7,0.0,0.0,357.88,212.04,619.29,0.0,0.0,None,None,None,None,None,None,None,None,None,None,None,None
2026-07-11T17:47:31.115395,58.241,49.275435,-123.200356,7.0,21.596,0,1.2,272.0,0.8,32.0,0.7,0.0,0.0,357.88,212.04,619.29,0.0,0.0,None,None,None,None,None,None,None,None,None,None,None,None
2026-07-11T17:47:31.210876,58.336,49.275435,-123.200356,7.0,21.596,0,1.2,272.0,0.8,32.0,0.7,0.0,0.0,357.88,212.04,619.29,0.0,0.0,None,None,None,None,None,None,None,None,None,None,None,None
2026-07-11T17:47:31.211198,58.337,49.275435,-123.200356,7.0,21.596,0,1.2,272.0,0.8,32.0,0.7,0.0,0.0,357.88,212.04,619.29,0.0,0.0,None,None,None,None,None,None,None,None,None,None,None,None
2026-07-11T17:47:31.211509,58.337,49.275435,-123.200356,7.0,21.596,0,1.2,272.0,0.8,32.0,0.7,0.0,0.0,357.88,212.04,619.29,0.0,0.0,None,None,None,None,None,None,None,None,None,None,None,None
2026-07-11T17:47:31.211809,58.337,49.275435,-123.200358,7.0,21.596,0,1.2,272.0,0.8,32.0,0.7,0.0,0.0,357.88,212.04,619.29,0.0,0.0,None,None,None,None,None,None,None,None,None,None,None,None
2026-07-11T17:47:31.310035,58.435,49.275435,-123.200358,7.0,21.596,0,1.2,272.0,0.8,32.0,0.7,0.0,0.0,357.88,212.04,619.29,0.0,0.0,None,None,None,None,None,None,None,None,None,None,None,None
2026-07-11T17:47:31.310359,58.436,49.275435,-123.200358,7.0,21.596,0,1.2,272.0,0.8,32.0,0.7,0.0,0.0,357.88,212.04,619.29,0.0,0.0,None,None,None,None,None,None,None,None,None,None,None,None
2026-07-11T17:47:31.310690,58.436,49.275435,-123.200358,7.0,21.596,0,1.2,272.0,0.8,32.0,0.7,0.0,0.0,357.88,212.04,619.29,0.0,0.0,None,None,None,None,None,None,None,None,None,None,None,None
2026-07-11T17:47:31.410942,58.536,49.275435,-123.200358,7.0,21.596,0,1.2,272.0,0.8,32.0,0.7,0.0,0.0,357.88,212.04,619.29,0.0,0.0,None,None,None,None,None,None,None,None,None,None,None,None
2026-07-11T17:47:31.411255,58.537,49.275435,-123.200358,7.0,21.596,0,1.2,272.0,0.8,32.0,0.7,0.0,0.0,357.88,212.04,619.29,0.0,0.0,None,None,None,None,None,None,None,None,None,None,None,None
2026-07-11T17:47:31.411565,58.537,49.275435,-123.200358,7.0,21.596,0,1.2,272.0,0.9,21.0,0.7,0.0,0.0,357.88,212.04,619.29,0.0,0.0,None,None,None,None,None,None,None,None,None,None,None,None
2026-07-11T17:47:31.411914,58.537,49.275435,-123.200358,7.0,21.596,0,1.2,272.0,0.9,21.0,0.7,0.0,0.0,357.88,212.04,619.29,0.0,0.0,None,None,None,None,None,None,None,None,None,None,None,None
2026-07-11T17:47:31.412180,58.538,49.275435,-123.200358,7.0,21.596,0,1.3,272.0,0.9,21.0,0.7,0.0,0.0,357.88,212.04,619.29,0.0,0.0,None,None,None,None,None,None,None,None,None,None,None,None
2026-07-11T17:47:31.412481,58.538,49.275435,-123.200358,7.0,21.596,0,1.3,272.0,0.9,21.0,0.7,0.0,0.0,357.88,212.04,619.29,0.0,0.0,None,None,None,None,None,None,None,None,None,None,None,None
2026-07-11T17:47:31.412683,58.538,49.275435,-123.200358,7.0,21.596,0,1.3,272.0,0.9,21.0,0.7,0.0,0.0,357.88,212.04,619.29,0.0,0.0,None,None,None,None,None,None,None,None,None,None,None,None
2026-07-11T17:47:31.510644,58.636,49.275435,-123.200358,7.0,21.596,0,1.3,272.0,0.9,21.0,0.7,0.0,0.0,357.88,212.04,619.29,0.0,0.0,None,None,None,None,None,None,None,None,None,None,None,None
2026-07-11T17:47:31.510880,58.636,49.275435,-123.200358,7.0,21.596,0,1.3,272.0,0.9,21.0,0.7,0.0,0.0,357.88,212.04,619.29,0.0,0.0,None,None,None,None,None,None,None,None,None,None,None,None
2026-07-11T17:47:31.610714,58.736,49.275435,-123.200358,7.0,21.596,0,1.3,272.0,0.9,21.0,0.7,0.0,0.0,357.88,212.04,619.29,0.0,0.0,None,None,None,None,None,None,None,None,None,None,None,None
2026-07-11T17:47:31.611027,58.736,49.275435,-123.200358,7.0,21.596,0,1.3,272.0,0.9,21.0,0.7,0.0,0.0,357.88,212.04,619.29,0.0,0.0,None,None,None,None,None,None,None,None,None,None,None,None
2026-07-11T17:47:31.611191,58.737,49.275435,-123.200358,7.0,21.596,0,1.3,272.0,0.9,44.0,0.7,0.0,0.0,357.88,212.04,619.29,0.0,0.0,None,None,None,None,None,None,None,None,None,None,None,None
2026-07-11T17:47:31.710650,58.836,49.275435,-123.200358,7.0,21.596,0,1.3,272.0,0.9,44.0,0.7,0.0,0.0,357.88,212.04,619.29,0.0,0.0,None,None,None,None,None,None,None,None,None,None,None,None
2026-07-11T17:47:31.711015,58.836,49.275435,-123.200358,7.0,21.596,0,1.3,272.0,0.9,44.0,0.7,0.0,0.0,357.88,212.04,619.29,0.0,0.0,None,None,None,None,None,None,None,None,None,None,None,None
2026-07-11T17:47:31.711277,58.837,49.275435,-123.200358,7.0,21.596,0,1.3,272.0,0.9,44.0,0.7,0.0,0.0,357.88,212.04,619.29,0.0,0.0,None,None,None,None,None,None,None,None,None,None,None,None
2026-07-11T17:47:31.711627,58.837,49.275435,-123.200358,7.0,21.596,0,1.3,272.0,0.9,44.0,0.7,0.0,0.0,357.88,212.04,619.29,0.0,0.0,None,None,None,None,None,None,None,None,None,None,None,None
2026-07-11T17:47:31.810034,58.935,49.275435,-123.200358,7.0,21.596,0,1.3,272.0,0.9,44.0,0.7,0.0,0.0,357.88,212.04,619.29,0.0,0.0,None,None,None,None,None,None,None,None,None,None,None,None
2026-07-11T17:47:31.810346,58.936,49.275435,-123.200358,7.0,21.596,0,1.3,272.0,0.9,44.0,0.7,0.0,0.0,357.88,212.04,619.29,0.0,0.0,None,None,None,None,None,None,None,None,None,None,None,None
2026-07-11T17:47:31.910679,59.036,49.275435,-123.200358,7.0,21.596,0,1.3,272.0,0.9,44.0,0.7,0.0,0.0,357.88,212.04,619.29,0.0,0.0,None,None,None,None,None,None,None,None,None,None,None,None
2026-07-11T17:47:31.910861,59.036,49.275435,-123.200358,7.0,21.596,0,1.3,272.0,0.9,44.0,0.7,0.0,0.0,357.88,212.04,619.29,0.0,0.0,None,None,None,None,None,None,None,None,None,None,None,None
2026-07-11T17:47:31.911025,59.036,49.275435,-123.200358,7.0,21.596,0,1.3,272.0,0.9,44.0,0.7,0.0,0.0,357.88,212.04,619.29,0.0,0.0,None,None,None,None,None,None,None,None,None,None,None,None
2026-07-11T17:47:31.911162,59.037,49.275435,-123.200358,7.0,21.596,0,1.3,272.0,0.7,62.0,0.7,0.0,0.0,357.88,212.04,619.29,0.0,0.0,None,None,None,None,None,None,None,None,None,None,None,None
2026-07-11T17:47:31.911288,59.037,49.275435,-123.200358,7.0,21.596,0,1.3,272.0,0.7,62.0,0.7,0.0,0.0,357.88,212.04,619.29,0.0,0.0,None,None,None,None,None,None,None,None,None,None,None,None
2026-07-11T17:47:31.911407,59.037,49.275435,-123.200358,7.0,21.596,0,1.2,248.0,0.7,62.0,0.7,0.0,0.0,357.88,212.04,619.29,0.0,0.0,None,None,None,None,None,None,None,None,None,None,None,None
2026-07-11T17:47:31.911648,59.037,49.275435,-123.200358,7.0,21.596,0,1.2,248.0,0.7,62.0,0.7,0.0,0.0,357.88,212.04,619.29,0.0,0.0,None,None,None,None,None,None,None,None,None,None,None,None
2026-07-11T17:47:32.010846,59.136,49.275435,-123.200358,7.0,21.596,0,1.2,248.0,0.7,62.0,0.7,0.0,0.0,357.88,212.04,619.29,0.0,0.0,None,None,None,None,None,None,None,None,None,None,None,None
2026-07-11T17:47:32.011179,59.137,49.275435,-123.200358,7.0,21.596,0,1.2,248.0,0.7,62.0,0.7,0.0,0.0,357.88,212.04,619.29,0.0,0.0,None,None,None,None,None,None,None,None,None,None,None,None
2026-07-11T17:47:32.011469,59.137,49.275435,-123.200358,7.0,21.596,0,1.2,248.0,0.7,62.0,0.7,0.0,0.0,357.88,212.04,619.29,0.0,0.0,None,None,None,None,None,None,None,None,None,None,None,None
2026-07-11T17:47:32.110109,59.236,49.275435,-123.200358,7.0,21.596,0,1.2,248.0,0.7,62.0,0.7,0.0,0.0,357.88,212.04,619.29,0.0,0.0,None,None,None,None,None,None,None,None,None,None,None,None
2026-07-11T17:47:32.110406,59.236,49.275435,-123.200358,7.0,21.599,0,1.2,248.0,0.7,62.0,0.7,0.0,0.0,357.88,212.04,619.29,0.0,0.0,None,None,None,None,None,None,None,None,None,None,None,None
2026-07-11T17:47:32.110604,59.236,49.275435,-123.200358,7.0,21.599,0,1.2,248.0,0.7,62.0,0.7,0.0,0.0,357.88,212.04,619.29,0.0,0.0,None,None,None,None,None,None,None,None,None,None,None,None
2026-07-11T17:47:32.110848,59.236,49.275435,-123.200358,7.0,21.599,0,1.2,248.0,0.7,62.0,0.7,0.0,0.0,357.88,212.04,619.29,0.0,0.0,None,None,None,None,None,None,None,None,None,None,None,None
2026-07-11T17:47:32.210779,59.336,49.275435,-123.200358,7.0,21.599,0,1.2,248.0,0.7,62.0,0.7,0.0,0.0,357.88,212.04,619.29,0.0,0.0,None,None,None,None,None,None,None,None,None,None,None,None
2026-07-11T17:47:32.211183,59.337,49.275435,-123.200358,7.0,21.599,0,1.2,248.0,0.7,62.0,0.7,0.0,0.0,357.88,212.04,619.29,0.0,0.0,None,None,None,None,None,None,None,None,None,None,None,None
2026-07-11T17:47:32.211483,59.337,49.275435,-123.200358,7.0,21.599,0,1.2,232.0,0.7,62.0,0.7,0.0,0.0,357.88,212.04,619.29,0.0,0.0,None,None,None,None,None,None,None,None,None,None,None,None
2026-07-11T17:47:32.211729,59.337,49.275435,-123.200358,7.0,21.599,0,1.2,232.0,0.7,62.0,0.7,0.0,0.0,357.88,212.04,619.29,0.0,0.0,None,None,None,None,None,None,None,None,None,None,None,None
2026-07-11T17:47:32.212037,59.337,49.275435,-123.200358,7.0,21.599,0,1.2,232.0,0.7,62.0,0.7,0.0,0.0,357.88,212.04,619.29,0.0,0.0,None,None,None,None,None,None,None,None,None,None,None,None
2026-07-11T17:47:32.212683,59.338,49.275435,-123.20036,7.0,21.599,0,1.2,232.0,0.7,62.0,0.7,0.0,0.0,357.88,212.04,619.29,0.0,0.0,None,None,None,None,None,None,None,None,None,None,None,None
2026-07-11T17:47:32.310304,59.436,49.275435,-123.20036,7.0,21.599,0,1.2,232.0,0.7,62.0,0.7,0.0,0.0,357.88,212.04,619.29,0.0,0.0,None,None,None,None,None,None,None,None,None,None,None,None
2026-07-11T17:47:32.310697,59.436,49.275435,-123.20036,7.0,21.599,0,1.2,232.0,0.7,62.0,0.7,0.0,0.0,357.88,212.04,619.29,0.0,0.0,None,None,None,None,None,None,None,None,None,None,None,None
2026-07-11T17:47:32.311007,59.436,49.275435,-123.20036,7.0,21.599,0,1.2,232.0,0.7,62.0,0.7,0.0,0.0,357.88,212.04,619.29,0.0,0.0,None,None,None,None,None,None,None,None,None,None,None,None
2026-07-11T17:47:32.410862,59.536,49.275435,-123.20036,7.0,21.599,0,1.2,232.0,0.7,62.0,0.7,0.0,0.0,357.88,212.04,619.29,0.0,0.0,None,None,None,None,None,None,None,None,None,None,None,None
2026-07-11T17:47:32.411168,59.537,49.275435,-123.20036,7.0,21.599,0,1.2,232.0,0.7,62.0,0.7,0.0,0.0,357.88,212.04,619.29,0.0,0.0,None,None,None,None,None,None,None,None,None,None,None,None
2026-07-11T17:47:32.411538,59.537,49.275435,-123.20036,7.0,21.599,0,1.2,232.0,0.7,62.0,0.7,0.0,0.0,357.88,212.04,619.29,0.0,0.0,None,None,None,None,None,None,None,None,None,None,None,None
2026-07-11T17:47:32.411875,59.537,49.275435,-123.20036,7.0,21.599,0,1.2,232.0,0.0,359.0,0.7,0.0,0.0,357.88,212.04,619.29,0.0,0.0,None,None,None,None,None,None,None,None,None,None,None,None
2026-07-11T17:47:32.412223,59.538,49.275435,-123.20036,7.0,21.599,0,1.2,232.0,0.0,359.0,0.7,0.0,0.0,357.88,212.04,619.29,0.0,0.0,None,None,None,None,None,None,None,None,None,None,None,None
2026-07-11T17:47:32.510553,59.636,49.275435,-123.20036,7.0,21.599,0,1.2,224.0,0.0,359.0,0.7,0.0,0.0,357.88,212.04,619.29,0.0,0.0,None,None,None,None,None,None,None,None,None,None,None,None
2026-07-11T17:47:32.510857,59.636,49.275435,-123.20036,7.0,21.599,0,1.2,224.0,0.0,359.0,0.7,0.0,0.0,357.88,212.04,619.29,0.0,0.0,None,None,None,None,None,None,None,None,None,None,None,None
2026-07-11T17:47:32.511188,59.637,49.275435,-123.20036,7.0,21.599,0,1.2,224.0,0.0,359.0,0.7,0.0,0.0,357.88,212.04,619.29,0.0,0.0,None,None,None,None,None,None,None,None,None,None,None,None
2026-07-11T17:47:32.511448,59.637,49.275435,-123.20036,7.0,21.599,0,1.2,224.0,0.0,359.0,0.7,0.0,0.0,357.88,212.04,619.29,0.0,0.0,None,None,None,None,None,None,None,None,None,None,None,None
2026-07-11T17:47:32.511779,59.637,49.275435,-123.20036,7.0,21.599,0,1.2,224.0,0.0,359.0,0.7,0.0,0.0,357.88,212.04,619.29,0.0,0.0,None,None,None,None,None,None,None,None,None,None,None,None
2026-07-11T17:47:32.610497,59.736,49.275435,-123.20036,7.0,21.599,0,1.2,224.0,0.0,359.0,0.7,0.0,0.0,357.88,212.04,619.29,0.0,0.0,None,None,None,None,None,None,None,None,None,None,None,None
2026-07-11T17:47:32.610850,59.736,49.275435,-123.20036,7.0,21.599,0,1.2,224.0,0.0,359.0,0.7,0.0,0.0,357.88,212.04,619.29,0.0,0.0,None,None,None,None,None,None,None,None,None,None,None,None
2026-07-11T17:47:32.710822,59.836,49.275435,-123.20036,7.0,21.599,0,1.2,224.0,0.0,359.0,0.7,0.0,0.0,357.88,212.04,619.29,0.0,0.0,None,None,None,None,None,None,None,None,None,None,None,None
2026-07-11T17:47:32.711110,59.836,49.275435,-123.20036,7.0,21.599,0,1.2,224.0,0.0,359.0,0.7,0.0,0.0,357.88,212.04,619.29,0.0,0.0,None,None,None,None,None,None,None,None,None,None,None,None
2026-07-11T17:47:32.711382,59.837,49.275435,-123.20036,7.0,21.599,0,1.1,228.0,0.0,359.0,0.7,0.0,0.0,357.88,212.04,619.29,0.0,0.0,None,None,None,None,None,None,None,None,None,None,None,None
2026-07-11T17:47:32.711614,59.837,49.275435,-123.20036,7.0,21.599,0,1.1,228.0,0.0,359.0,0.7,0.0,0.0,357.88,212.04,619.29,0.0,0.0,None,None,None,None,None,None,None,None,None,None,None,None
2026-07-11T17:47:32.810315,59.936,49.275435,-123.20036,7.0,21.599,0,1.1,228.0,0.0,359.0,0.7,0.0,0.0,357.88,212.04,619.29,0.0,0.0,None,None,None,None,None,None,None,None,None,None,None,None
2026-07-11T17:47:32.810646,59.936,49.275435,-123.20036,7.0,21.599,0,1.1,228.0,0.0,359.0,0.7,0.0,0.0,357.88,212.04,619.29,0.0,0.0,None,None,None,None,None,None,None,None,None,None,None,None
2026-07-11T17:47:32.811006,59.936,49.275435,-123.20036,7.0,21.599,0,1.1,228.0,0.0,359.0,0.7,0.0,0.0,357.88,212.04,619.29,0.0,0.0,None,None,None,None,None,None,None,None,None,None,None,None
2026-07-11T17:47:32.910720,60.036,49.275435,-123.20036,7.0,21.599,0,1.1,228.0,0.0,359.0,0.7,0.0,0.0,357.88,212.04,619.29,0.0,0.0,None,None,None,None,None,None,None,None,None,None,None,None
2026-07-11T17:47:32.911013,60.036,49.275435,-123.20036,7.0,21.599,0,1.1,228.0,0.0,359.0,0.7,0.0,0.0,357.88,212.04,619.29,0.0,0.0,None,None,None,None,None,None,None,None,None,None,None,None
2026-07-11T17:47:32.911691,60.037,49.275435,-123.20036,7.0,21.599,0,1.1,228.0,0.0,359.0,0.7,0.0,0.0,357.88,212.04,619.29,0.0,0.0,None,None,None,None,None,None,None,None,None,None,None,None
2026-07-11T17:47:32.911887,60.037,49.275435,-123.20036,7.0,21.599,0,1.1,228.0,0.0,359.0,0.7,0.0,0.0,357.88,212.04,619.29,0.0,0.0,None,None,None,None,None,None,None,None,None,None,None,None
2026-07-11T17:47:32.912142,60.038,49.275435,-123.20036,7.0,21.599,0,1.1,228.0,0.0,359.0,0.7,0.0,0.0,357.88,212.04,619.29,0.0,0.0,None,None,None,None,None,None,None,None,None,None,None,None
2026-07-11T17:47:32.912415,60.038,49.275435,-123.20036,7.0,21.599,0,1.1,228.0,0.0,359.0,0.7,0.0,0.0,357.88,212.04,619.29,0.0,0.0,None,None,None,None,None,None,None,None,None,None,None,None
2026-07-11T17:47:33.010355,60.136,49.275435,-123.20036,7.0,21.599,0,1.1,228.0,0.6,314.0,0.7,0.0,0.0,357.88,212.04,619.29,0.0,0.0,None,None,None,None,None,None,None,None,None,None,None,None
2026-07-11T17:47:33.010746,60.136,49.275435,-123.20036,7.0,21.599,0,1.1,228.0,0.6,314.0,0.7,0.0,0.0,357.88,212.04,619.29,0.0,0.0,None,None,None,None,None,None,None,None,None,None,None,None
2026-07-11T17:47:33.010976,60.136,49.275435,-123.20036,7.0,21.599,0,1.2,228.0,0.6,314.0,0.7,0.0,0.0,357.88,212.04,619.29,0.0,0.0,None,None,None,None,None,None,None,None,None,None,None,None
2026-07-11T17:47:33.011228,60.137,49.275435,-123.20036,7.0,21.599,0,1.2,228.0,0.6,314.0,0.7,0.0,0.0,357.88,212.04,619.29,0.0,0.0,None,None,None,None,None,None,None,None,None,None,None,None
2026-07-11T17:47:33.011576,60.137,49.275435,-123.20036,7.0,21.599,0,1.2,228.0,0.6,314.0,0.7,0.0,0.0,357.88,212.04,619.29,0.0,0.0,None,None,None,None,None,None,None,None,None,None,None,None
2026-07-11T17:47:33.110684,60.236,49.275435,-123.20036,7.0,21.599,0,1.2,228.0,0.6,314.0,0.7,0.0,0.0,357.88,212.04,619.29,0.0,0.0,None,None,None,None,None,None,None,None,None,None,None,None
2026-07-11T17:47:33.111033,60.236,49.275435,-123.20036,7.0,21.599,0,1.2,228.0,0.6,314.0,0.7,0.0,0.0,357.88,212.04,619.29,0.0,0.0,None,None,None,None,None,None,None,None,None,None,None,None
2026-07-11T17:47:33.210879,60.336,49.275435,-123.20036,7.0,21.599,0,1.2,228.0,0.6,314.0,0.7,0.0,0.0,357.88,212.04,619.29,0.0,0.0,None,None,None,None,None,None,None,None,None,None,None,None
2026-07-11T17:47:33.211526,60.337,49.275435,-123.200361,7.0,21.599,0,1.2,228.0,0.6,314.0,0.7,0.0,0.0,357.88,212.04,619.29,0.0,0.0,None,None,None,None,None,None,None,None,None,None,None,None
2026-07-11T17:47:33.211776,60.337,49.275435,-123.200361,7.0,21.599,0,1.2,228.0,0.5,333.0,0.7,0.0,0.0,357.88,212.04,619.29,0.0,0.0,None,None,None,None,None,None,None,None,None,None,None,None
2026-07-11T17:47:33.212089,60.337,49.275435,-123.200361,7.0,21.599,0,1.2,228.0,0.5,333.0,0.7,0.0,0.0,357.88,212.04,619.29,0.0,0.0,None,None,None,None,None,None,None,None,None,None,None,None
2026-07-11T17:47:33.310340,60.436,49.275435,-123.200361,7.0,21.599,0,1.2,228.0,0.5,333.0,0.7,0.0,0.0,357.88,212.04,619.29,0.0,0.0,None,None,None,None,None,None,None,None,None,None,None,None
2026-07-11T17:47:33.310683,60.436,49.275435,-123.200361,7.0,21.599,0,1.0,228.0,0.5,333.0,0.7,0.0,0.0,357.88,212.04,619.29,0.0,0.0,None,None,None,None,None,None,None,None,None,None,None,None
2026-07-11T17:47:33.310958,60.436,49.275435,-123.200361,7.0,21.599,0,1.0,228.0,0.5,333.0,0.7,0.0,0.0,357.88,212.04,619.29,0.0,0.0,None,None,None,None,None,None,None,None,None,None,None,None
2026-07-11T17:47:33.311247,60.437,49.275435,-123.200361,7.0,21.601,0,1.0,228.0,0.5,333.0,0.7,0.0,0.0,357.88,212.04,619.29,0.0,0.0,None,None,None,None,None,None,None,None,None,None,None,None
2026-07-11T17:47:33.311497,60.437,49.275435,-123.200361,7.0,21.601,0,1.0,228.0,0.5,333.0,0.7,0.0,0.0,357.88,212.04,619.29,0.0,0.0,None,None,None,None,None,None,None,None,None,None,None,None
2026-07-11T17:47:33.311751,60.437,49.275435,-123.200361,7.0,21.601,0,1.0,228.0,0.5,333.0,0.7,0.0,0.0,357.88,212.04,619.29,0.0,0.0,None,None,None,None,None,None,None,None,None,None,None,None
2026-07-11T17:47:33.311915,60.437,49.275435,-123.200361,7.0,21.601,0,1.0,228.0,0.5,333.0,0.7,0.0,0.0,357.88,212.04,619.29,0.0,0.0,None,None,None,None,None,None,None,None,None,None,None,None
2026-07-11T17:47:33.410779,60.536,49.275435,-123.200361,7.0,21.601,0,1.0,228.0,0.5,333.0,0.7,0.0,0.0,357.88,212.04,619.29,0.0,0.0,None,None,None,None,None,None,None,None,None,None,None,None
2026-07-11T17:47:33.411132,60.537,49.275435,-123.200361,7.0,21.601,0,1.0,228.0,0.5,333.0,0.7,0.0,0.0,357.88,212.04,619.29,0.0,0.0,None,None,None,None,None,None,None,None,None,None,None,None
2026-07-11T17:47:33.411440,60.537,49.275435,-123.200361,7.0,21.601,0,1.0,228.0,0.5,333.0,0.7,0.0,0.0,357.88,212.04,619.29,0.0,0.0,None,None,None,None,None,None,None,None,None,None,None,None
2026-07-11T17:47:33.411686,60.537,49.275435,-123.200361,7.0,21.601,0,1.0,228.0,0.5,333.0,0.7,0.0,0.0,357.88,212.04,619.29,0.0,0.0,None,None,None,None,None,None,None,None,None,None,None,None
2026-07-11T17:47:33.510725,60.636,49.275435,-123.200361,7.0,21.601,0,1.0,228.0,0.5,333.0,0.7,0.0,0.0,357.88,212.04,619.29,0.0,0.0,None,None,None,None,None,None,None,None,None,None,None,None
2026-07-11T17:47:33.511026,60.636,49.275435,-123.200361,7.0,21.601,0,1.0,228.0,0.9,340.0,0.7,0.0,0.0,357.88,212.04,619.29,0.0,0.0,None,None,None,None,None,None,None,None,None,None,None,None
2026-07-11T17:47:33.511244,60.637,49.275435,-123.200361,7.0,21.601,0,1.0,218.0,0.9,340.0,0.7,0.0,0.0,357.88,212.04,619.29,0.0,0.0,None,None,None,None,None,None,None,None,None,None,None,None
2026-07-11T17:47:33.511519,60.637,49.275435,-123.200361,7.0,21.601,0,1.0,218.0,0.9,340.0,0.7,0.0,0.0,357.88,212.04,619.29,0.0,0.0,None,None,None,None,None,None,None,None,None,None,None,None
2026-07-11T17:47:33.511875,60.637,49.275435,-123.200361,7.0,21.601,0,1.0,218.0,0.9,340.0,0.7,0.0,0.0,357.88,212.04,619.29,0.0,0.0,None,None,None,None,None,None,None,None,None,None,None,None
2026-07-11T17:47:33.610925,60.736,49.275435,-123.200361,7.0,21.601,0,1.0,218.0,0.9,340.0,0.7,0.0,0.0,357.88,212.04,619.29,0.0,0.0,None,None,None,None,None,None,None,None,None,None,None,None
2026-07-11T17:47:33.611276,60.737,49.275435,-123.200361,7.0,21.601,0,1.0,218.0,0.9,340.0,0.7,0.0,0.0,357.88,212.04,619.29,0.0,0.0,None,None,None,None,None,None,None,None,None,None,None,None
2026-07-11T17:47:33.710900,60.836,49.275435,-123.200361,7.0,21.601,0,1.0,218.0,0.9,340.0,0.7,0.0,0.0,357.88,212.04,619.29,0.0,0.0,None,None,None,None,None,None,None,None,None,None,None,None
2026-07-11T17:47:33.711216,60.837,49.275435,-123.200361,7.0,21.601,0,1.0,218.0,0.9,340.0,0.7,0.0,0.0,357.88,212.04,619.29,0.0,0.0,None,None,None,None,None,None,None,None,None,None,None,None
2026-07-11T17:47:33.810866,60.936,49.275435,-123.200361,7.0,21.601,0,1.0,218.0,1.0,345.0,0.7,0.0,0.0,357.88,212.04,619.29,0.0,0.0,None,None,None,None,None,None,None,None,None,None,None,None
2026-07-11T17:47:33.811183,60.937,49.275435,-123.200361,7.0,21.601,0,0.9,216.0,1.0,345.0,0.7,0.0,0.0,357.88,212.04,619.29,0.0,0.0,None,None,None,None,None,None,None,None,None,None,None,None
2026-07-11T17:47:33.811542,60.937,49.275435,-123.200361,7.0,21.601,0,0.9,216.0,1.0,345.0,0.7,0.0,0.0,357.88,212.04,619.29,0.0,0.0,None,None,None,None,None,None,None,None,None,None,None,None
2026-07-11T17:47:33.811871,60.937,49.275435,-123.200361,7.0,21.601,0,0.9,216.0,1.0,345.0,0.7,0.0,0.0,357.88,212.04,619.29,0.0,0.0,None,None,None,None,None,None,None,None,None,None,None,None
2026-07-11T17:47:33.812200,60.938,49.275435,-123.200361,7.0,21.601,0,0.9,216.0,1.0,345.0,0.7,0.0,0.0,357.88,212.04,619.29,0.0,0.0,None,None,None,None,None,None,None,None,None,None,None,None
2026-07-11T17:47:33.910566,61.036,49.275435,-123.200361,7.0,21.601,0,0.9,216.0,1.0,345.0,0.7,0.0,0.0,357.88,212.04,619.29,0.0,0.0,None,None,None,None,None,None,None,None,None,None,None,None
2026-07-11T17:47:33.911334,61.037,49.275435,-123.200361,7.0,21.601,0,0.9,216.0,1.0,345.0,0.7,0.0,0.0,357.88,212.04,619.29,0.0,0.0,None,None,None,None,None,None,None,None,None,None,None,None
2026-07-11T17:47:33.911589,61.037,49.275435,-123.200361,7.0,21.601,0,0.9,216.0,1.0,345.0,0.7,0.0,0.0,357.88,212.04,619.29,0.0,0.0,None,None,None,None,None,None,None,None,None,None,None,None
2026-07-11T17:47:33.911801,61.037,49.275435,-123.200361,7.0,21.601,0,0.9,216.0,1.0,345.0,0.7,0.0,0.0,357.88,212.04,619.29,0.0,0.0,None,None,None,None,None,None,None,None,None,None,None,None
2026-07-11T17:47:34.010371,61.136,49.275435,-123.200361,7.0,21.601,0,0.9,216.0,1.0,345.0,0.7,0.0,0.0,357.88,212.04,619.29,0.0,0.0,None,None,None,None,None,None,None,None,None,None,None,None
2026-07-11T17:47:34.010720,61.136,49.275435,-123.200361,7.0,21.601,0,0.9,216.0,1.0,345.0,0.7,0.0,0.0,357.88,212.04,619.29,0.0,0.0,None,None,None,None,None,None,None,None,None,None,None,None
2026-07-11T17:47:34.011009,61.136,49.275435,-123.200361,7.0,21.601,0,0.9,216.0,1.3,359.0,0.7,0.0,0.0,357.88,212.04,619.29,0.0,0.0,None,None,None,None,None,None,None,None,None,None,None,None
2026-07-11T17:47:34.110501,61.236,49.275435,-123.200361,7.0,21.601,0,0.9,216.0,1.3,359.0,0.7,0.0,0.0,357.88,212.04,619.29,0.0,0.0,None,None,None,None,None,None,None,None,None,None,None,None
2026-07-11T17:47:34.110722,61.236,49.275435,-123.200361,7.0,21.601,0,0.7,228.0,1.3,359.0,0.7,0.0,0.0,357.88,212.04,619.29,0.0,0.0,None,None,None,None,None,None,None,None,None,None,None,None
2026-07-11T17:47:34.110853,61.236,49.275435,-123.200361,7.0,21.601,0,0.7,228.0,1.3,359.0,0.7,0.0,0.0,357.88,212.04,619.29,0.0,0.0,None,None,None,None,None,None,None,None,None,None,None,None
2026-07-11T17:47:34.110989,61.236,49.275435,-123.200361,7.0,21.601,0,0.7,228.0,1.3,359.0,0.7,0.0,0.0,357.88,212.04,619.29,0.0,0.0,None,None,None,None,None,None,None,None,None,None,None,None
2026-07-11T17:47:34.111154,61.237,49.275435,-123.200361,7.0,21.601,0,0.7,228.0,1.3,359.0,0.7,0.0,0.0,357.88,212.04,619.29,0.0,0.0,None,None,None,None,None,None,None,None,None,None,None,None
2026-07-11T17:47:34.210433,61.336,49.275435,-123.200361,7.0,21.601,0,0.7,228.0,1.3,359.0,0.7,0.0,0.0,357.88,212.04,619.29,0.0,0.0,None,None,None,None,None,None,None,None,None,None,None,None
2026-07-11T17:47:34.210666,61.336,49.275435,-123.200361,7.0,21.601,0,0.7,228.0,1.3,359.0,0.7,0.0,0.0,357.88,212.04,619.29,0.0,0.0,None,None,None,None,None,None,None,None,None,None,None,None
2026-07-11T17:47:34.210890,61.336,49.275435,-123.200361,7.0,21.601,0,0.7,228.0,1.3,359.0,0.7,0.0,0.0,357.88,212.04,619.29,0.0,0.0,None,None,None,None,None,None,None,None,None,None,None,None
2026-07-11T17:47:34.211136,61.337,49.275436,-123.200361,7.0,21.601,0,0.7,228.0,1.3,359.0,0.7,0.0,0.0,357.88,212.04,619.29,0.0,0.0,None,None,None,None,None,None,None,None,None,None,None,None
2026-07-11T17:47:34.310717,61.436,49.275436,-123.200361,7.0,21.601,0,0.7,228.0,1.3,359.0,0.7,0.0,0.0,357.88,212.04,619.29,0.0,0.0,None,None,None,None,None,None,None,None,None,None,None,None
2026-07-11T17:47:34.311292,61.437,49.275436,-123.200361,7.0,21.601,0,0.7,228.0,1.3,359.0,0.7,0.0,0.0,357.88,212.04,619.29,0.0,0.0,None,None,None,None,None,None,None,None,None,None,None,None
2026-07-11T17:47:34.311599,61.437,49.275436,-123.200361,7.0,21.601,0,0.7,228.0,1.3,352.0,0.7,0.0,0.0,357.88,212.04,619.29,0.0,0.0,None,None,None,None,None,None,None,None,None,None,None,None
2026-07-11T17:47:34.311960,61.437,49.275436,-123.200361,7.0,21.601,0,0.7,228.0,1.3,352.0,0.7,0.0,0.0,357.88,212.04,619.29,0.0,0.0,None,None,None,None,None,None,None,None,None,None,None,None
2026-07-11T17:47:34.312208,61.438,49.275436,-123.200361,7.0,21.601,0,0.7,243.0,1.3,352.0,0.7,0.0,0.0,357.88,212.04,619.29,0.0,0.0,None,None,None,None,None,None,None,None,None,None,None,None
2026-07-11T17:47:34.410250,61.536,49.275436,-123.200361,7.0,21.601,0,0.7,243.0,1.3,352.0,0.7,0.0,0.0,357.88,212.04,619.29,0.0,0.0,None,None,None,None,None,None,None,None,None,None,None,None
2026-07-11T17:47:34.410560,61.536,49.275436,-123.200361,7.0,21.601,0,0.7,243.0,1.3,352.0,0.7,0.0,0.0,357.88,212.04,619.29,0.0,0.0,None,None,None,None,None,None,None,None,None,None,None,None
2026-07-11T17:47:34.410854,61.536,49.275436,-123.200361,7.0,21.601,0,0.7,243.0,1.3,352.0,0.7,0.0,0.0,357.88,212.04,619.29,0.0,0.0,None,None,None,None,None,None,None,None,None,None,None,None
2026-07-11T17:47:34.411127,61.537,49.275436,-123.200361,7.0,21.601,0,0.7,243.0,1.3,352.0,0.7,0.0,0.0,357.88,212.04,619.29,0.0,0.0,None,None,None,None,None,None,None,None,None,None,None,None
2026-07-11T17:47:34.411358,61.537,49.275436,-123.200361,7.0,21.601,0,0.7,243.0,1.3,352.0,0.7,0.0,0.0,357.88,212.04,619.29,0.0,0.0,None,None,None,None,None,None,None,None,None,None,None,None
2026-07-11T17:47:34.412151,61.538,49.275436,-123.200361,7.0,21.601,0,0.7,243.0,1.3,352.0,0.7,0.0,0.0,357.88,212.04,619.29,0.0,0.0,None,None,None,None,None,None,None,None,None,None,None,None
2026-07-11T17:47:34.412435,61.538,49.275436,-123.200361,7.0,21.601,0,0.7,243.0,1.3,352.0,0.7,0.0,0.0,357.88,212.04,619.29,0.0,0.0,None,None,None,None,None,None,None,None,None,None,None,None
2026-07-11T17:47:34.510575,61.636,49.275436,-123.200361,7.0,21.601,0,0.7,243.0,1.3,352.0,0.7,0.0,0.0,357.88,212.04,619.29,0.0,0.0,None,None,None,None,None,None,None,None,None,None,None,None
2026-07-11T17:47:34.510878,61.636,49.275436,-123.200361,7.0,21.607,0,0.7,243.0,1.3,352.0,0.7,0.0,0.0,357.88,212.04,619.29,0.0,0.0,None,None,None,None,None,None,None,None,None,None,None,None
2026-07-11T17:47:34.511123,61.637,49.275436,-123.200361,7.0,21.607,0,0.7,243.0,1.3,352.0,0.7,0.0,0.0,357.88,212.04,619.29,0.0,0.0,None,None,None,None,None,None,None,None,None,None,None,None
2026-07-11T17:47:34.511421,61.637,49.275436,-123.200361,7.0,21.607,0,0.7,243.0,1.3,352.0,0.7,0.0,0.0,357.88,212.04,619.29,0.0,0.0,None,None,None,None,None,None,None,None,None,None,None,None
2026-07-11T17:47:34.610724,61.736,49.275436,-123.200361,7.0,21.607,0,0.7,243.0,1.3,352.0,0.7,0.0,0.0,357.88,212.04,619.29,0.0,0.0,None,None,None,None,None,None,None,None,None,None,None,None
2026-07-11T17:47:34.611052,61.736,49.275436,-123.200361,7.0,21.607,0,0.7,243.0,1.2,342.0,0.7,0.0,0.0,357.88,212.04,619.29,0.0,0.0,None,None,None,None,None,None,None,None,None,None,None,None
2026-07-11T17:47:34.611328,61.737,49.275436,-123.200361,7.0,21.607,0,0.7,253.0,1.2,342.0,0.7,0.0,0.0,357.88,212.04,619.29,0.0,0.0,None,None,None,None,None,None,None,None,None,None,None,None
2026-07-11T17:47:34.611612,61.737,49.275436,-123.200361,7.0,21.607,0,0.7,253.0,1.2,342.0,0.7,0.0,0.0,357.88,212.04,619.29,0.0,0.0,None,None,None,None,None,None,None,None,None,None,None,None
2026-07-11T17:47:34.611859,61.737,49.275436,-123.200361,7.0,21.607,0,0.7,253.0,1.2,342.0,0.7,0.0,0.0,357.88,212.04,619.29,0.0,0.0,None,None,None,None,None,None,None,None,None,None,None,None
2026-07-11T17:47:34.710248,61.836,49.275436,-123.200361,7.0,21.607,0,0.7,253.0,1.2,342.0,0.7,0.0,0.0,357.88,212.04,619.29,0.0,0.0,None,None,None,None,None,None,None,None,None,None,None,None
2026-07-11T17:47:34.710573,61.836,49.275436,-123.200361,7.0,21.607,0,0.7,253.0,1.2,342.0,0.7,0.0,0.0,357.88,212.04,619.29,0.0,0.0,None,None,None,None,None,None,None,None,None,None,None,None
2026-07-11T17:47:34.810665,61.936,49.275436,-123.200361,7.0,21.607,0,0.7,253.0,1.2,342.0,0.7,0.0,0.0,357.88,212.04,619.29,0.0,0.0,None,None,None,None,None,None,None,None,None,None,None,None
2026-07-11T17:47:34.811000,61.936,49.275436,-123.200361,7.0,21.607,0,0.7,253.0,1.2,342.0,0.7,0.0,0.0,357.88,212.04,619.29,0.0,0.0,None,None,None,None,None,None,None,None,None,None,None,None
2026-07-11T17:47:34.811339,61.937,49.275436,-123.200361,7.0,21.607,0,0.7,253.0,1.0,325.0,0.7,0.0,0.0,357.88,212.04,619.29,0.0,0.0,None,None,None,None,None,None,None,None,None,None,None,None
2026-07-11T17:47:34.910064,62.035,49.275436,-123.200361,7.0,21.607,0,0.7,253.0,1.0,325.0,0.7,0.0,0.0,357.88,212.04,619.29,0.0,0.0,None,None,None,None,None,None,None,None,None,None,None,None
2026-07-11T17:47:34.910372,62.036,49.275436,-123.200361,7.0,21.607,0,0.8,260.0,1.0,325.0,0.7,0.0,0.0,357.88,212.04,619.29,0.0,0.0,None,None,None,None,None,None,None,None,None,None,None,None
2026-07-11T17:47:34.910721,62.036,49.275436,-123.200361,7.0,21.607,0,0.8,260.0,1.0,325.0,0.7,0.0,0.0,357.88,212.04,619.29,0.0,0.0,None,None,None,None,None,None,None,None,None,None,None,None
2026-07-11T17:47:34.910971,62.036,49.275436,-123.200361,7.0,21.607,0,0.8,260.0,1.0,325.0,0.7,0.0,0.0,357.88,212.04,619.29,0.0,0.0,None,None,None,None,None,None,None,None,None,None,None,None
2026-07-11T17:47:34.911559,62.037,49.275436,-123.200361,7.0,21.607,0,0.8,260.0,1.0,325.0,0.7,0.0,0.0,357.88,212.04,619.29,0.0,0.0,None,None,None,None,None,None,None,None,None,None,None,None
2026-07-11T17:47:34.911750,62.037,49.275436,-123.200361,7.0,21.607,0,0.8,260.0,1.0,325.0,0.7,0.0,0.0,357.88,212.04,619.29,0.0,0.0,None,None,None,None,None,None,None,None,None,None,None,None
2026-07-11T17:47:34.911954,62.037,49.275436,-123.200361,7.0,21.607,0,0.8,260.0,1.0,325.0,0.7,0.0,0.0,357.88,212.04,619.29,0.0,0.0,None,None,None,None,None,None,None,None,None,None,None,None
2026-07-11T17:47:35.010226,62.136,49.275436,-123.200361,7.0,21.607,0,0.8,260.0,1.0,325.0,0.7,0.0,0.0,357.88,212.04,619.29,0.0,0.0,None,None,None,None,None,None,None,None,None,None,None,None
2026-07-11T17:47:35.010551,62.136,49.275436,-123.200361,7.0,21.607,0,0.8,260.0,1.0,325.0,0.7,0.0,0.0,357.88,212.04,619.29,0.0,0.0,None,None,None,None,None,None,None,None,None,None,None,None
2026-07-11T17:47:35.109990,62.235,49.275436,-123.200361,7.0,21.607,0,0.8,260.0,1.0,325.0,0.7,0.0,0.0,357.88,212.04,619.29,0.0,0.0,None,None,None,None,None,None,None,None,None,None,None,None
2026-07-11T17:47:35.110323,62.236,49.275436,-123.200361,7.0,21.607,0,0.8,260.0,0.9,320.0,0.7,0.0,0.0,357.88,212.04,619.29,0.0,0.0,None,None,None,None,None,None,None,None,None,None,None,None
2026-07-11T17:47:35.110617,62.236,49.275436,-123.200361,7.0,21.607,0,0.8,260.0,0.9,320.0,0.7,0.0,0.0,357.88,212.04,619.29,0.0,0.0,None,None,None,None,None,None,None,None,None,None,None,None
2026-07-11T17:47:35.110888,62.236,49.275436,-123.200361,7.0,21.607,0,0.9,272.0,0.9,320.0,0.7,0.0,0.0,357.88,212.04,619.29,0.0,0.0,None,None,None,None,None,None,None,None,None,None,None,None
2026-07-11T17:47:35.111135,62.237,49.275436,-123.200361,7.0,21.607,0,0.9,272.0,0.9,320.0,0.7,0.0,0.0,357.88,212.04,619.29,0.0,0.0,None,None,None,None,None,None,None,None,None,None,None,None
2026-07-11T17:47:35.210916,62.336,49.275436,-123.200361,7.0,21.607,0,0.9,272.0,0.9,320.0,0.7,0.0,0.0,357.88,212.04,619.29,0.0,0.0,None,None,None,None,None,None,None,None,None,None,None,None
2026-07-11T17:47:35.211247,62.337,49.275436,-123.200361,7.0,21.607,0,0.9,272.0,0.9,320.0,0.7,0.0,0.0,357.88,212.04,619.29,0.0,0.0,None,None,None,None,None,None,None,None,None,None,None,None
2026-07-11T17:47:35.211538,62.337,49.275436,-123.200361,7.0,21.607,0,0.9,272.0,0.9,320.0,0.7,0.0,0.0,357.88,212.04,619.29,0.0,0.0,None,None,None,None,None,None,None,None,None,None,None,None
2026-07-11T17:47:35.310792,62.436,49.275436,-123.200361,7.0,21.607,0,0.9,272.0,0.9,320.0,0.7,0.0,0.0,357.88,212.04,619.29,0.0,0.0,None,None,None,None,None,None,None,None,None,None,None,None
2026-07-11T17:47:35.311364,62.437,49.275436,-123.200361,7.0,21.607,0,0.9,272.0,0.9,320.0,0.7,0.0,0.0,357.88,212.04,619.29,0.0,0.0,None,None,None,None,None,None,None,None,None,None,None,None
2026-07-11T17:47:35.311696,62.437,49.275436,-123.200361,7.0,21.607,0,0.9,272.0,0.9,320.0,0.7,0.0,0.0,357.88,212.04,619.29,0.0,0.0,None,None,None,None,None,None,None,None,None,None,None,None
2026-07-11T17:47:35.410227,62.536,49.275436,-123.200361,7.0,21.607,0,0.9,272.0,0.9,320.0,0.7,0.0,0.0,357.88,212.04,619.29,0.0,0.0,None,None,None,None,None,None,None,None,None,None,None,None
2026-07-11T17:47:35.410537,62.536,49.275436,-123.200361,7.0,21.607,0,0.9,272.0,0.6,322.0,0.7,0.0,0.0,357.88,212.04,619.29,0.0,0.0,None,None,None,None,None,None,None,None,None,None,None,None
2026-07-11T17:47:35.410786,62.536,49.275436,-123.200361,7.0,21.607,0,0.9,272.0,0.6,322.0,0.7,0.0,0.0,357.88,212.04,619.29,0.0,0.0,None,None,None,None,None,None,None,None,None,None,None,None
2026-07-11T17:47:35.411039,62.536,49.275436,-123.200361,7.0,21.607,0,0.9,272.0,0.6,322.0,0.7,0.0,0.0,357.88,212.04,619.29,0.0,0.0,None,None,None,None,None,None,None,None,None,None,None,None
2026-07-11T17:47:35.411360,62.537,49.275436,-123.200361,7.0,21.607,0,0.9,272.0,0.6,322.0,0.7,0.0,0.0,357.88,212.04,619.29,0.0,0.0,None,None,None,None,None,None,None,None,None,None,None,None
2026-07-11T17:47:35.411602,62.537,49.275436,-123.200361,7.0,21.607,0,0.9,272.0,0.6,322.0,0.7,0.0,0.0,357.88,212.04,619.29,0.0,0.0,None,None,None,None,None,None,None,None,None,None,None,None
2026-07-11T17:47:35.510615,62.636,49.275436,-123.200361,7.0,21.607,0,0.9,272.0,0.6,322.0,0.7,0.0,0.0,357.88,212.04,619.29,0.0,0.0,None,None,None,None,None,None,None,None,None,None,None,None
2026-07-11T17:47:35.510951,62.636,49.275436,-123.200361,7.0,21.607,0,0.9,272.0,0.6,322.0,0.7,0.0,0.0,357.88,212.04,619.29,0.0,0.0,None,None,None,None,None,None,None,None,None,None,None,None
2026-07-11T17:47:35.610526,62.736,49.275436,-123.200361,7.0,21.607,0,0.9,272.0,0.6,322.0,0.7,0.0,0.0,357.88,212.04,619.29,0.0,0.0,None,None,None,None,None,None,None,None,None,None,None,None
2026-07-11T17:47:35.610817,62.736,49.275436,-123.200361,7.0,21.607,0,0.9,272.0,0.6,322.0,0.7,0.0,0.0,357.88,212.04,619.29,0.0,0.0,None,None,None,None,None,None,None,None,None,None,None,None
2026-07-11T17:47:35.611088,62.736,49.275436,-123.200361,7.0,21.607,0,0.9,272.0,0.2,314.0,0.7,0.0,0.0,357.88,212.04,619.29,0.0,0.0,None,None,None,None,None,None,None,None,None,None,None,None
2026-07-11T17:47:35.710541,62.836,49.275436,-123.200361,7.0,21.607,0,0.7,284.0,0.2,314.0,0.7,0.0,0.0,357.88,212.04,619.29,0.0,0.0,None,None,None,None,None,None,None,None,None,None,None,None
2026-07-11T17:47:35.710891,62.836,49.275436,-123.200361,7.0,21.607,0,0.7,284.0,0.2,314.0,0.7,0.0,0.0,357.88,212.04,619.29,0.0,0.0,None,None,None,None,None,None,None,None,None,None,None,None
2026-07-11T17:47:35.711141,62.837,49.275436,-123.200361,7.0,21.612,0,0.7,284.0,0.2,314.0,0.7,0.0,0.0,357.88,212.04,619.29,0.0,0.0,None,None,None,None,None,None,None,None,None,None,None,None
2026-07-11T17:47:35.711386,62.837,49.275436,-123.200361,7.0,21.612,0,0.7,284.0,0.2,314.0,0.7,0.0,0.0,357.88,212.04,619.29,0.0,0.0,None,None,None,None,None,None,None,None,None,None,None,None
2026-07-11T17:47:35.711606,62.837,49.275436,-123.200361,7.0,21.612,0,0.7,284.0,0.2,314.0,0.7,0.0,0.0,357.88,212.04,619.29,0.0,0.0,None,None,None,None,None,None,None,None,None,None,None,None
2026-07-11T17:47:35.711850,62.837,49.275436,-123.200361,7.0,21.612,0,0.7,284.0,0.2,314.0,0.7,0.0,0.0,357.88,212.04,619.29,0.0,0.0,None,None,None,None,None,None,None,None,None,None,None,None
2026-07-11T17:47:35.712144,62.838,49.275436,-123.200361,7.0,21.612,0,0.7,284.0,0.2,314.0,0.7,0.0,0.0,357.88,212.04,619.29,0.0,0.0,None,None,None,None,None,None,None,None,None,None,None,None
2026-07-11T17:47:35.810790,62.936,49.275436,-123.200361,7.0,21.612,0,0.7,284.0,0.2,314.0,0.7,0.0,0.0,357.88,212.04,619.29,0.0,0.0,None,None,None,None,None,None,None,None,None,None,None,None
2026-07-11T17:47:35.811125,62.937,49.275436,-123.200361,7.0,21.612,0,0.7,284.0,0.2,314.0,0.7,0.0,0.0,357.88,212.04,619.29,0.0,0.0,None,None,None,None,None,None,None,None,None,None,None,None
2026-07-11T17:47:35.811322,62.937,49.275436,-123.200361,7.0,21.612,0,0.7,284.0,0.2,314.0,0.7,0.0,0.0,357.88,212.04,619.29,0.0,0.0,None,None,None,None,None,None,None,None,None,None,None,None
2026-07-11T17:47:35.910782,63.036,49.275436,-123.200361,7.0,21.612,0,0.7,284.0,0.2,314.0,0.7,0.0,0.0,357.88,212.04,619.29,0.0,0.0,None,None,None,None,None,None,None,None,None,None,None,None
2026-07-11T17:47:35.911102,63.036,49.275436,-123.200361,7.0,21.612,0,0.7,284.0,0.2,345.0,0.7,0.0,0.0,357.88,212.04,619.29,0.0,0.0,None,None,None,None,None,None,None,None,None,None,None,None
2026-07-11T17:47:35.911412,63.037,49.275436,-123.200361,7.0,21.612,0,0.7,284.0,0.2,345.0,0.7,0.0,0.0,357.88,212.04,619.29,0.0,0.0,None,None,None,None,None,None,None,None,None,None,None,None
2026-07-11T17:47:35.911615,63.037,49.275436,-123.200361,7.0,21.612,0,0.4,306.0,0.2,345.0,0.7,0.0,0.0,357.88,212.04,619.29,0.0,0.0,None,None,None,None,None,None,None,None,None,None,None,None
2026-07-11T17:47:35.911899,63.037,49.275436,-123.200361,7.0,21.612,0,0.4,306.0,0.2,345.0,0.7,0.0,0.0,357.88,212.04,619.29,0.0,0.0,None,None,None,None,None,None,None,None,None,None,None,None
2026-07-11T17:47:35.912732,63.038,49.275436,-123.200361,7.0,21.612,0,0.4,306.0,0.2,345.0,0.7,0.0,0.0,357.88,212.04,619.29,0.0,0.0,None,None,None,None,None,None,None,None,None,None,None,None
2026-07-11T17:47:35.913025,63.038,49.275436,-123.200361,7.0,21.612,0,0.4,306.0,0.2,345.0,0.7,0.0,0.0,357.88,212.04,619.29,0.0,0.0,None,None,None,None,None,None,None,None,None,None,None,None
2026-07-11T17:47:35.913275,63.039,49.275436,-123.200361,7.0,21.612,0,0.4,306.0,0.2,345.0,0.7,0.0,0.0,357.88,212.04,619.29,0.0,0.0,None,None,None,None,None,None,None,None,None,None,None,None
2026-07-11T17:47:36.010043,63.135,49.275436,-123.200361,7.0,21.612,0,0.4,306.0,0.2,345.0,0.7,0.0,0.0,357.88,212.04,619.29,0.0,0.0,None,None,None,None,None,None,None,None,None,None,None,None
2026-07-11T17:47:36.010364,63.136,49.275436,-123.200361,7.0,21.612,0,0.4,306.0,0.2,345.0,0.7,0.0,0.0,357.88,212.04,619.29,0.0,0.0,None,None,None,None,None,None,None,None,None,None,None,None
2026-07-11T17:47:36.110225,63.236,49.275436,-123.200361,7.0,21.612,0,0.4,306.0,0.2,345.0,0.7,0.0,0.0,357.88,212.04,619.29,0.0,0.0,None,None,None,None,None,None,None,None,None,None,None,None
2026-07-11T17:47:36.110544,63.236,49.275436,-123.200361,7.0,21.612,0,0.4,306.0,0.2,345.0,0.7,0.0,0.0,357.88,212.04,619.29,0.0,0.0,None,None,None,None,None,None,None,None,None,None,None,None
2026-07-11T17:47:36.210925,63.336,49.275436,-123.200361,7.0,21.612,0,0.4,306.0,0.5,333.0,0.7,0.0,0.0,357.88,212.04,619.29,0.0,0.0,None,None,None,None,None,None,None,None,None,None,None,None
2026-07-11T17:47:36.211248,63.337,49.275436,-123.200361,7.0,21.612,0,0.4,306.0,0.5,333.0,0.7,0.0,0.0,357.88,212.04,619.29,0.0,0.0,None,None,None,None,None,None,None,None,None,None,None,None
2026-07-11T17:47:36.211529,63.337,49.275436,-123.200361,7.0,21.612,0,0.2,306.0,0.5,333.0,0.7,0.0,0.0,357.88,212.04,619.29,0.0,0.0,None,None,None,None,None,None,None,None,None,None,None,None
2026-07-11T17:47:36.211737,63.337,49.275436,-123.200361,7.0,21.612,0,0.2,306.0,0.5,333.0,0.7,0.0,0.0,357.88,212.04,619.29,0.0,0.0,None,None,None,None,None,None,None,None,None,None,None,None
2026-07-11T17:47:36.212023,63.337,49.275436,-123.200361,7.0,21.612,0,0.2,306.0,0.5,333.0,0.7,0.0,0.0,357.88,212.04,619.29,0.0,0.0,None,None,None,None,None,None,None,None,None,None,None,None
2026-07-11T17:47:36.212233,63.338,49.275436,-123.200361,7.0,21.612,0,0.2,306.0,0.5,333.0,0.7,0.0,0.0,357.88,212.04,619.29,0.0,0.0,None,None,None,None,None,None,None,None,None,None,None,None
2026-07-11T17:47:36.311182,63.437,49.275436,-123.200361,7.0,21.612,0,0.2,306.0,0.5,333.0,0.7,0.0,0.0,357.88,212.04,619.29,0.0,0.0,None,None,None,None,None,None,None,None,None,None,None,None
2026-07-11T17:47:36.311512,63.437,49.275436,-123.200361,7.0,21.612,0,0.2,306.0,0.5,333.0,0.7,0.0,0.0,357.88,212.04,619.29,0.0,0.0,None,None,None,None,None,None,None,None,None,None,None,None
2026-07-11T17:47:36.311791,63.437,49.275436,-123.200361,7.0,21.612,0,0.2,306.0,0.5,333.0,0.7,0.0,0.0,357.88,212.04,619.29,0.0,0.0,None,None,None,None,None,None,None,None,None,None,None,None
2026-07-11T17:47:36.410922,63.536,49.275436,-123.200361,7.0,21.612,0,0.2,306.0,0.5,333.0,0.7,0.0,0.0,357.88,212.04,619.29,0.0,0.0,None,None,None,None,None,None,None,None,None,None,None,None
2026-07-11T17:47:36.411245,63.537,49.275436,-123.200361,7.0,21.612,0,0.2,306.0,0.5,333.0,0.7,0.0,0.0,357.88,212.04,619.29,0.0,0.0,None,None,None,None,None,None,None,None,None,None,None,None
2026-07-11T17:47:36.411409,63.537,49.275436,-123.200361,7.0,21.612,0,0.2,306.0,0.5,333.0,0.7,0.0,0.0,357.88,212.04,619.29,0.0,0.0,None,None,None,None,None,None,None,None,None,None,None,None
2026-07-11T17:47:36.411559,63.537,49.275436,-123.200361,7.0,21.612,0,0.2,306.0,0.8,350.0,0.7,0.0,0.0,357.88,212.04,619.29,0.0,0.0,None,None,None,None,None,None,None,None,None,None,None,None
2026-07-11T17:47:36.411879,63.537,49.275436,-123.200361,7.0,21.612,0,0.2,306.0,0.8,350.0,0.7,0.0,0.0,357.88,212.04,619.29,0.0,0.0,None,None,None,None,None,None,None,None,None,None,None,None
2026-07-11T17:47:36.412025,63.537,49.275436,-123.200361,7.0,21.612,0,0.4,299.0,0.8,350.0,0.7,0.0,0.0,357.88,212.04,619.29,0.0,0.0,None,None,None,None,None,None,None,None,None,None,None,None
2026-07-11T17:47:36.510715,63.636,49.275436,-123.200361,7.0,21.612,0,0.4,299.0,0.8,350.0,0.7,0.0,0.0,357.88,212.04,619.29,0.0,0.0,None,None,None,None,None,None,None,None,None,None,None,None
2026-07-11T17:47:36.511050,63.636,49.275436,-123.200361,7.0,21.612,0,0.4,299.0,0.8,350.0,0.7,0.0,0.0,357.88,212.04,619.29,0.0,0.0,None,None,None,None,None,None,None,None,None,None,None,None
2026-07-11T17:47:36.511337,63.637,49.275436,-123.200361,7.0,21.612,0,0.4,299.0,0.8,350.0,0.7,0.0,0.0,357.88,212.04,619.29,0.0,0.0,None,None,None,None,None,None,None,None,None,None,None,None
2026-07-11T17:47:36.610275,63.736,49.275436,-123.200361,7.0,21.612,0,0.4,299.0,0.8,350.0,0.7,0.0,0.0,357.88,212.04,619.29,0.0,0.0,None,None,None,None,None,None,None,None,None,None,None,None
2026-07-11T17:47:36.610588,63.736,49.275436,-123.200361,7.0,21.612,0,0.4,299.0,0.8,350.0,0.7,0.0,0.0,357.88,212.04,619.29,0.0,0.0,None,None,None,None,None,None,None,None,None,None,None,None
2026-07-11T17:47:36.611286,63.737,49.275436,-123.200361,7.0,21.612,0,0.4,299.0,0.8,350.0,0.7,0.0,0.0,357.88,212.04,619.29,0.0,0.0,None,None,None,None,None,None,None,None,None,None,None,None
2026-07-11T17:47:36.710316,63.836,49.275436,-123.200361,7.0,21.612,0,0.4,299.0,0.8,350.0,0.7,0.0,0.0,357.88,212.04,619.29,0.0,0.0,None,None,None,None,None,None,None,None,None,None,None,None
2026-07-11T17:47:36.710625,63.836,49.275436,-123.200361,7.0,21.612,0,0.4,299.0,0.5,359.0,0.7,0.0,0.0,357.88,212.04,619.29,0.0,0.0,None,None,None,None,None,None,None,None,None,None,None,None
2026-07-11T17:47:36.710912,63.836,49.275436,-123.200361,7.0,21.612,0,0.8,306.0,0.5,359.0,0.7,0.0,0.0,357.88,212.04,619.29,0.0,0.0,None,None,None,None,None,None,None,None,None,None,None,None
2026-07-11T17:47:36.711213,63.837,49.275436,-123.200361,7.0,21.612,0,0.8,306.0,0.5,359.0,0.7,0.0,0.0,357.88,212.04,619.29,0.0,0.0,None,None,None,None,None,None,None,None,None,None,None,None
2026-07-11T17:47:36.711460,63.837,49.275436,-123.200361,7.0,21.612,0,0.8,306.0,0.5,359.0,0.7,0.0,0.0,357.88,212.04,619.29,0.0,0.0,None,None,None,None,None,None,None,None,None,None,None,None
2026-07-11T17:47:36.810525,63.936,49.275436,-123.200361,7.0,21.612,0,0.8,306.0,0.5,359.0,0.7,0.0,0.0,357.88,212.04,619.29,0.0,0.0,None,None,None,None,None,None,None,None,None,None,None,None
2026-07-11T17:47:36.810817,63.936,49.275436,-123.200361,7.0,21.612,0,0.8,306.0,0.5,359.0,0.7,0.0,0.0,357.88,212.04,619.29,0.0,0.0,None,None,None,None,None,None,None,None,None,None,None,None
2026-07-11T17:47:36.811095,63.936,49.275436,-123.200361,7.0,21.612,0,0.8,306.0,0.5,359.0,0.7,0.0,0.0,357.88,212.04,619.29,0.0,0.0,None,None,None,None,None,None,None,None,None,None,None,None
2026-07-11T17:47:36.910610,64.036,49.275436,-123.200361,7.0,21.618,0,0.8,306.0,0.5,359.0,0.7,0.0,0.0,357.88,212.04,619.29,0.0,0.0,None,None,None,None,None,None,None,None,None,None,None,None
2026-07-11T17:47:36.910974,64.036,49.275436,-123.200361,7.0,21.618,0,0.8,306.0,0.5,359.0,0.7,0.0,0.0,357.88,212.04,619.29,0.0,0.0,None,None,None,None,None,None,None,None,None,None,None,None
2026-07-11T17:47:36.911223,64.037,49.275436,-123.200361,7.0,21.618,0,0.8,306.0,0.5,359.0,0.7,0.0,0.0,357.88,212.04,619.29,0.0,0.0,None,None,None,None,None,None,None,None,None,None,None,None
2026-07-11T17:47:36.911542,64.037,49.275436,-123.200361,7.0,21.618,0,0.8,306.0,0.5,359.0,0.7,0.0,0.0,357.88,212.04,619.29,0.0,0.0,None,None,None,None,None,None,None,None,None,None,None,None
2026-07-11T17:47:36.911838,64.037,49.275436,-123.200361,7.0,21.618,0,0.8,306.0,0.5,359.0,0.7,0.0,0.0,357.88,212.04,619.29,0.0,0.0,None,None,None,None,None,None,None,None,None,None,None,None
2026-07-11T17:47:36.912100,64.037,49.275436,-123.200361,7.0,21.618,0,0.8,306.0,0.8,350.0,0.7,0.0,0.0,357.88,212.04,619.29,0.0,0.0,None,None,None,None,None,None,None,None,None,None,None,None
2026-07-11T17:47:37.010049,64.135,49.275436,-123.200361,7.0,21.618,0,0.8,306.0,0.8,350.0,0.7,0.0,0.0,357.88,212.04,619.29,0.0,0.0,None,None,None,None,None,None,None,None,None,None,None,None
2026-07-11T17:47:37.010344,64.136,49.275436,-123.200361,7.0,21.618,0,1.0,319.0,0.8,350.0,0.7,0.0,0.0,357.88,212.04,619.29,0.0,0.0,None,None,None,None,None,None,None,None,None,None,None,None
2026-07-11T17:47:37.010602,64.136,49.275436,-123.200361,7.0,21.618,0,1.0,319.0,0.8,350.0,0.7,0.0,0.0,357.88,212.04,619.29,0.0,0.0,None,None,None,None,None,None,None,None,None,None,None,None
2026-07-11T17:47:37.010909,64.136,49.275436,-123.200361,7.0,21.618,0,1.0,319.0,0.8,350.0,0.7,0.0,0.0,357.88,212.04,619.29,0.0,0.0,None,None,None,None,None,None,None,None,None,None,None,None
2026-07-11T17:47:37.110454,64.236,49.275436,-123.200361,7.0,21.618,0,1.0,319.0,0.8,350.0,0.7,0.0,0.0,357.88,212.04,619.29,0.0,0.0,None,None,None,None,None,None,None,None,None,None,None,None
2026-07-11T17:47:37.110731,64.236,49.275436,-123.200361,7.0,21.618,0,1.0,319.0,0.8,350.0,0.7,0.0,0.0,357.88,212.04,619.29,0.0,0.0,None,None,None,None,None,None,None,None,None,None,None,None
2026-07-11T17:47:37.210226,64.336,49.275436,-123.200361,7.0,21.618,0,1.0,319.0,0.8,350.0,0.7,0.0,0.0,357.88,212.04,619.29,0.0,0.0,None,None,None,None,None,None,None,None,None,None,None,None
2026-07-11T17:47:37.210541,64.336,49.275436,-123.200361,7.0,21.618,0,1.0,319.0,0.8,350.0,0.7,0.0,0.0,357.88,212.04,619.29,0.0,0.0,None,None,None,None,None,None,None,None,None,None,None,None
2026-07-11T17:47:37.210772,64.336,49.275436,-123.200361,7.0,21.618,0,1.0,319.0,1.0,336.0,0.7,0.0,0.0,357.88,212.04,619.29,0.0,0.0,None,None,None,None,None,None,None,None,None,None,None,None
2026-07-11T17:47:37.210932,64.336,49.275436,-123.200361,7.0,21.618,0,1.0,319.0,1.0,336.0,0.7,0.0,0.0,357.88,212.04,619.29,0.0,0.0,None,None,None,None,None,None,None,None,None,None,None,None
2026-07-11T17:47:37.310703,64.436,49.275436,-123.200361,7.0,21.618,0,1.1,332.0,1.0,336.0,0.7,0.0,0.0,357.88,212.04,619.29,0.0,0.0,None,None,None,None,None,None,None,None,None,None,None,None
2026-07-11T17:47:37.311011,64.436,49.275436,-123.200361,7.0,21.618,0,1.1,332.0,1.0,336.0,0.7,0.0,0.0,357.88,212.04,619.29,0.0,0.0,None,None,None,None,None,None,None,None,None,None,None,None
2026-07-11T17:47:37.311269,64.437,49.275436,-123.200361,7.0,21.618,0,1.1,332.0,1.0,336.0,0.7,0.0,0.0,357.88,212.04,619.29,0.0,0.0,None,None,None,None,None,None,None,None,None,None,None,None
2026-07-11T17:47:37.311517,64.437,49.275436,-123.200361,7.0,21.618,0,1.1,332.0,1.0,336.0,0.7,0.0,0.0,357.88,212.04,619.29,0.0,0.0,None,None,None,None,None,None,None,None,None,None,None,None
2026-07-11T17:47:37.311771,64.437,49.275436,-123.200361,7.0,21.618,0,1.1,332.0,1.0,336.0,0.7,0.0,0.0,357.88,212.04,619.29,0.0,0.0,None,None,None,None,None,None,None,None,None,None,None,None
2026-07-11T17:47:37.312051,64.437,49.275436,-123.200361,7.0,21.618,0,1.1,332.0,1.0,336.0,0.7,0.0,0.0,357.88,212.04,619.29,0.0,0.0,None,None,None,None,None,None,None,None,None,None,None,None
2026-07-11T17:47:37.312251,64.438,49.275436,-123.200361,7.0,21.618,0,1.1,332.0,1.0,336.0,0.7,0.0,0.0,357.88,212.04,619.29,0.0,0.0,None,None,None,None,None,None,None,None,None,None,None,None
2026-07-11T17:47:37.410157,64.536,49.275436,-123.200361,7.0,21.618,0,1.1,332.0,1.0,336.0,0.7,0.0,0.0,357.88,212.04,619.29,0.0,0.0,None,None,None,None,None,None,None,None,None,None,None,None
2026-07-11T17:47:37.410467,64.536,49.275436,-123.200361,7.0,21.618,0,1.1,332.0,1.0,336.0,0.7,0.0,0.0,357.88,212.04,619.29,0.0,0.0,None,None,None,None,None,None,None,None,None,None,None,None
2026-07-11T17:47:37.510569,64.636,49.275436,-123.200361,7.0,21.618,0,1.1,332.0,1.0,336.0,0.7,0.0,0.0,357.88,212.04,619.29,0.0,0.0,None,None,None,None,None,None,None,None,None,None,None,None
2026-07-11T17:47:37.510885,64.636,49.275436,-123.200361,7.0,21.618,0,1.1,332.0,1.2,329.0,0.7,0.0,0.0,357.88,212.04,619.29,0.0,0.0,None,None,None,None,None,None,None,None,None,None,None,None
2026-07-11T17:47:37.511159,64.637,49.275436,-123.200361,7.0,21.618,0,1.2,327.0,1.2,329.0,0.7,0.0,0.0,357.88,212.04,619.29,0.0,0.0,None,None,None,None,None,None,None,None,None,None,None,None
2026-07-11T17:47:37.511449,64.637,49.275436,-123.200361,7.0,21.618,0,1.2,327.0,1.2,329.0,0.7,0.0,0.0,357.88,212.04,619.29,0.0,0.0,None,None,None,None,None,None,None,None,None,None,None,None
2026-07-11T17:47:37.511646,64.637,49.275436,-123.200361,7.0,21.618,0,1.2,327.0,1.2,329.0,0.7,0.0,0.0,357.88,212.04,619.29,0.0,0.0,None,None,None,None,None,None,None,None,None,None,None,None
2026-07-11T17:47:37.610394,64.736,49.275436,-123.200361,7.0,21.618,0,1.2,327.0,1.2,329.0,0.7,0.0,0.0,357.88,212.04,619.29,0.0,0.0,None,None,None,None,None,None,None,None,None,None,None,None
2026-07-11T17:47:37.610676,64.736,49.275436,-123.200361,7.0,21.618,0,1.2,327.0,1.2,329.0,0.7,0.0,0.0,357.88,212.04,619.29,0.0,0.0,None,None,None,None,None,None,None,None,None,None,None,None
2026-07-11T17:47:37.710515,64.836,49.275436,-123.200361,7.0,21.618,0,1.2,327.0,1.2,329.0,0.7,0.0,0.0,357.88,212.04,619.29,0.0,0.0,None,None,None,None,None,None,None,None,None,None,None,None
2026-07-11T17:47:37.710732,64.836,49.275436,-123.200361,7.0,21.618,0,1.2,327.0,1.2,329.0,0.7,0.0,0.0,357.88,212.04,619.29,0.0,0.0,None,None,None,None,None,None,None,None,None,None,None,None
2026-07-11T17:47:37.810102,64.935,49.275436,-123.200361,7.0,21.618,0,1.2,327.0,1.2,318.0,0.7,0.0,0.0,357.88,212.04,619.29,0.0,0.0,None,None,None,None,None,None,None,None,None,None,None,None
2026-07-11T17:47:37.810406,64.936,49.275436,-123.200361,7.0,21.618,0,1.2,327.0,1.2,318.0,0.7,0.0,0.0,357.88,212.04,619.29,0.0,0.0,None,None,None,None,None,None,None,None,None,None,None,None
2026-07-11T17:47:37.810688,64.936,49.275436,-123.200361,7.0,21.618,0,1.2,327.0,1.2,318.0,0.7,0.0,0.0,357.88,212.04,619.29,0.0,0.0,None,None,None,None,None,None,None,None,None,None,None,None
2026-07-11T17:47:37.810817,64.936,49.275436,-123.200361,7.0,21.618,0,1.2,327.0,1.2,318.0,0.7,0.0,0.0,357.88,212.04,619.29,0.0,0.0,None,None,None,None,None,None,None,None,None,None,None,None
2026-07-11T17:47:37.810966,64.936,49.275436,-123.200361,7.0,21.618,0,1.2,327.0,1.2,318.0,0.7,0.0,0.0,357.88,212.04,619.29,0.0,0.0,None,None,None,None,None,None,None,None,None,None,None,None
2026-07-11T17:47:37.811586,64.937,49.275436,-123.200361,7.0,21.618,0,1.2,327.0,1.2,318.0,0.7,0.0,0.0,357.88,212.04,619.29,0.0,0.0,None,None,None,None,None,None,None,None,None,None,None,None
2026-07-11T17:47:37.910417,65.036,49.275436,-123.200361,7.0,21.618,0,1.2,327.0,1.2,318.0,0.7,0.0,0.0,357.88,212.04,619.29,0.0,0.0,None,None,None,None,None,None,None,None,None,None,None,None
2026-07-11T17:47:37.910616,65.036,49.275436,-123.200361,7.0,21.618,0,1.2,327.0,1.2,318.0,0.7,0.0,0.0,357.88,212.04,619.29,0.0,0.0,None,None,None,None,None,None,None,None,None,None,None,None
2026-07-11T17:47:37.910788,65.036,49.275436,-123.200361,7.0,21.618,0,1.2,327.0,1.2,318.0,0.7,0.0,0.0,357.88,212.04,619.29,0.0,0.0,None,None,None,None,None,None,None,None,None,None,None,None
2026-07-11T17:47:37.911263,65.037,49.275436,-123.200361,7.0,21.618,0,1.2,327.0,1.2,318.0,0.7,0.0,0.0,357.88,212.04,619.29,0.0,0.0,None,None,None,None,None,None,None,None,None,None,None,None
2026-07-11T17:47:38.010018,65.135,49.275436,-123.200361,7.0,21.618,0,1.2,327.0,1.2,318.0,0.7,0.0,0.0,357.88,212.04,619.29,0.0,0.0,None,None,None,None,None,None,None,None,None,None,None,None
2026-07-11T17:47:38.010203,65.136,49.275436,-123.200361,7.0,21.618,0,1.2,327.0,1.3,314.0,0.7,0.0,0.0,357.88,212.04,619.29,0.0,0.0,None,None,None,None,None,None,None,None,None,None,None,None
2026-07-11T17:47:38.010369,65.136,49.275436,-123.200361,7.0,21.618,0,1.2,327.0,1.3,314.0,0.7,0.0,0.0,357.88,212.04,619.29,0.0,0.0,None,None,None,None,None,None,None,None,None,None,None,None
2026-07-11T17:47:38.010489,65.136,49.275436,-123.200361,7.0,21.618,0,0.9,324.0,1.3,314.0,0.7,0.0,0.0,357.88,212.04,619.29,0.0,0.0,None,None,None,None,None,None,None,None,None,None,None,None
2026-07-11T17:47:38.110803,65.236,49.275436,-123.200361,7.0,21.618,0,0.9,324.0,1.3,314.0,0.7,0.0,0.0,357.88,212.04,619.29,0.0,0.0,None,None,None,None,None,None,None,None,None,None,None,None
2026-07-11T17:47:38.111108,65.236,49.275436,-123.200361,7.0,21.621,0,0.9,324.0,1.3,314.0,0.7,0.0,0.0,357.88,212.04,619.29,0.0,0.0,None,None,None,None,None,None,None,None,None,None,None,None
2026-07-11T17:47:38.111248,65.237,49.275436,-123.200361,7.0,21.621,0,0.9,324.0,1.3,314.0,0.7,0.0,0.0,357.88,212.04,619.29,0.0,0.0,None,None,None,None,None,None,None,None,None,None,None,None
2026-07-11T17:47:38.111549,65.237,49.275436,-123.200361,7.0,21.621,0,0.9,324.0,1.3,314.0,0.7,0.0,0.0,357.88,212.04,619.29,0.0,0.0,None,None,None,None,None,None,None,None,None,None,None,None
2026-07-11T17:47:38.111816,65.237,49.275436,-123.200361,7.0,21.621,0,0.9,324.0,1.3,314.0,0.7,0.0,0.0,357.88,212.04,619.29,0.0,0.0,None,None,None,None,None,None,None,None,None,None,None,None
2026-07-11T17:47:38.210909,65.336,49.275436,-123.200361,7.0,21.621,0,0.9,324.0,1.3,314.0,0.7,0.0,0.0,357.88,212.04,619.29,0.0,0.0,None,None,None,None,None,None,None,None,None,None,None,None
2026-07-11T17:47:38.211086,65.336,49.275436,-123.200361,7.0,21.621,0,0.9,324.0,1.3,314.0,0.7,0.0,0.0,357.88,212.04,619.29,0.0,0.0,None,None,None,None,None,None,None,None,None,None,None,None
2026-07-11T17:47:38.211443,65.337,49.275436,-123.200361,7.0,21.621,0,0.9,324.0,1.3,314.0,0.7,0.0,0.0,357.88,212.04,619.29,0.0,0.0,None,None,None,None,None,None,None,None,None,None,None,None
2026-07-11T17:47:38.310424,65.436,49.275436,-123.200361,7.0,21.621,0,0.9,324.0,1.3,314.0,0.7,0.0,0.0,357.88,212.04,619.29,0.0,0.0,None,None,None,None,None,None,None,None,None,None,None,None
2026-07-11T17:47:38.310712,65.436,49.275436,-123.200361,7.0,21.621,0,0.9,324.0,1.5,317.0,0.7,0.0,0.0,357.88,212.04,619.29,0.0,0.0,None,None,None,None,None,None,None,None,None,None,None,None
2026-07-11T17:47:38.311043,65.436,49.275436,-123.200361,7.0,21.621,0,0.9,324.0,1.5,317.0,0.7,0.0,0.0,357.88,212.04,619.29,0.0,0.0,None,None,None,None,None,None,None,None,None,None,None,None
2026-07-11T17:47:38.311207,65.437,49.275436,-123.200361,7.0,21.621,0,0.8,330.0,1.5,317.0,0.7,0.0,0.0,357.88,212.04,619.29,0.0,0.0,None,None,None,None,None,None,None,None,None,None,None,None
2026-07-11T17:47:38.311401,65.437,49.275436,-123.200361,7.0,21.621,0,0.8,330.0,1.5,317.0,0.7,0.0,0.0,357.88,212.04,619.29,0.0,0.0,None,None,None,None,None,None,None,None,None,None,None,None
2026-07-11T17:47:38.311553,65.437,49.275436,-123.200361,7.0,21.621,0,0.8,330.0,1.5,317.0,0.7,0.0,0.0,357.88,212.04,619.29,0.0,0.0,None,None,None,None,None,None,None,None,None,None,None,None
2026-07-11T17:47:38.311906,65.437,49.275436,-123.200361,7.0,21.621,0,0.8,330.0,1.5,317.0,0.7,0.0,0.0,357.88,212.04,619.29,0.0,0.0,None,None,None,None,None,None,None,None,None,None,None,None
2026-07-11T17:47:38.410410,65.536,49.275436,-123.200361,7.0,21.621,0,0.8,330.0,1.5,317.0,0.7,0.0,0.0,357.88,212.04,619.29,0.0,0.0,None,None,None,None,None,None,None,None,None,None,None,None
2026-07-11T17:47:38.410720,65.536,49.275436,-123.200361,7.0,21.621,0,0.8,330.0,1.5,317.0,0.7,0.0,0.0,357.88,212.04,619.29,0.0,0.0,None,None,None,None,None,None,None,None,None,None,None,None
2026-07-11T17:47:38.510181,65.636,49.275436,-123.200361,7.0,21.621,0,0.8,330.0,1.5,317.0,0.7,0.0,0.0,357.88,212.04,619.29,0.0,0.0,None,None,None,None,None,None,None,None,None,None,None,None
2026-07-11T17:47:38.510405,65.636,49.275436,-123.200361,7.0,21.621,0,0.8,330.0,1.5,317.0,0.7,0.0,0.0,357.88,212.04,619.29,0.0,0.0,None,None,None,None,None,None,None,None,None,None,None,None
2026-07-11T17:47:38.609949,65.735,49.275436,-123.200361,7.0,21.621,0,0.8,330.0,1.5,320.0,0.7,0.0,0.0,357.88,212.04,619.29,0.0,0.0,None,None,None,None,None,None,None,None,None,None,None,None
2026-07-11T17:47:38.610251,65.736,49.275436,-123.200361,7.0,21.621,0,0.7,325.0,1.5,320.0,0.7,0.0,0.0,357.88,212.04,619.29,0.0,0.0,None,None,None,None,None,None,None,None,None,None,None,None
2026-07-11T17:47:38.610630,65.736,49.275436,-123.200361,7.0,21.621,0,0.7,325.0,1.5,320.0,0.7,0.0,0.0,357.88,212.04,619.29,0.0,0.0,None,None,None,None,None,None,None,None,None,None,None,None
2026-07-11T17:47:38.610910,65.736,49.275436,-123.200361,7.0,21.621,0,0.7,325.0,1.5,320.0,0.7,0.0,0.0,357.88,212.04,619.29,0.0,0.0,None,None,None,None,None,None,None,None,None,None,None,None
2026-07-11T17:47:38.611196,65.737,49.275436,-123.200361,7.0,21.621,0,0.7,325.0,1.5,320.0,0.7,0.0,0.0,357.88,212.04,619.29,0.0,0.0,None,None,None,None,None,None,None,None,None,None,None,None
2026-07-11T17:47:38.710559,65.836,49.275436,-123.200361,7.0,21.621,0,0.7,325.0,1.5,320.0,0.7,0.0,0.0,357.88,212.04,619.29,0.0,0.0,None,None,None,None,None,None,None,None,None,None,None,None
2026-07-11T17:47:38.710887,65.836,49.275436,-123.200361,7.0,21.621,0,0.7,325.0,1.5,320.0,0.7,0.0,0.0,357.88,212.04,619.29,0.0,0.0,None,None,None,None,None,None,None,None,None,None,None,None
2026-07-11T17:47:38.810453,65.936,49.275436,-123.200361,7.0,21.621,0,0.7,325.0,1.5,320.0,0.7,0.0,0.0,357.88,212.04,619.29,0.0,0.0,None,None,None,None,None,None,None,None,None,None,None,None
2026-07-11T17:47:38.810696,65.936,49.275436,-123.200361,7.0,21.621,0,0.7,325.0,1.5,320.0,0.7,0.0,0.0,357.88,212.04,619.29,0.0,0.0,None,None,None,None,None,None,None,None,None,None,None,None
2026-07-11T17:47:38.810847,65.936,49.275436,-123.200361,7.0,21.621,0,0.6,327.0,1.5,320.0,0.7,0.0,0.0,357.88,212.04,619.29,0.0,0.0,None,None,None,None,None,None,None,None,None,None,None,None
2026-07-11T17:47:38.811276,65.937,49.275436,-123.200361,7.0,21.621,0,0.6,327.0,1.5,320.0,0.7,0.0,0.0,357.88,212.04,619.29,0.0,0.0,None,None,None,None,None,None,None,None,None,None,None,None
2026-07-11T17:47:38.811493,65.937,49.275436,-123.200361,7.0,21.621,0,0.6,327.0,1.5,320.0,0.7,0.0,0.0,357.88,212.04,619.29,0.0,0.0,None,None,None,None,None,None,None,None,None,None,None,None
2026-07-11T17:47:38.910082,66.035,49.275436,-123.200361,7.0,21.621,0,0.6,327.0,1.5,320.0,0.7,0.0,0.0,357.88,212.04,619.29,0.0,0.0,None,None,None,None,None,None,None,None,None,None,None,None
2026-07-11T17:47:38.910269,66.036,49.275436,-123.200361,7.0,21.621,0,0.6,327.0,1.5,320.0,0.7,0.0,0.0,357.88,212.04,619.29,0.0,0.0,None,None,None,None,None,None,None,None,None,None,None,None
2026-07-11T17:47:38.910439,66.036,49.275436,-123.200361,7.0,21.621,0,0.6,327.0,1.5,320.0,0.7,0.0,0.0,357.88,212.04,619.29,0.0,0.0,None,None,None,None,None,None,None,None,None,None,None,None
2026-07-11T17:47:38.910575,66.036,49.275436,-123.200361,7.0,21.621,0,0.6,327.0,1.5,320.0,0.7,0.0,0.0,357.88,212.04,619.29,0.0,0.0,None,None,None,None,None,None,None,None,None,None,None,None
2026-07-11T17:47:38.910858,66.036,49.275436,-123.200361,7.0,21.621,0,0.6,327.0,1.5,320.0,0.7,0.0,0.0,357.88,212.04,619.29,0.0,0.0,None,None,None,None,None,None,None,None,None,None,None,None
2026-07-11T17:47:38.911803,66.037,49.275436,-123.200361,7.0,21.621,0,0.6,327.0,1.5,320.0,0.7,0.0,0.0,357.88,212.04,619.29,0.0,0.0,None,None,None,None,None,None,None,None,None,None,None,None
2026-07-11T17:47:38.912088,66.037,49.275436,-123.200361,7.0,21.621,0,0.6,327.0,1.5,320.0,0.7,0.0,0.0,357.88,212.04,619.29,0.0,0.0,None,None,None,None,None,None,None,None,None,None,None,None
2026-07-11T17:47:39.010871,66.136,49.275436,-123.200361,7.0,21.621,0,0.6,327.0,1.5,320.0,0.7,0.0,0.0,357.88,212.04,619.29,0.0,0.0,None,None,None,None,None,None,None,None,None,None,None,None
2026-07-11T17:47:39.011254,66.137,49.275436,-123.200361,7.0,21.621,0,0.6,327.0,1.5,320.0,0.7,0.0,0.0,357.88,212.04,619.29,0.0,0.0,None,None,None,None,None,None,None,None,None,None,None,None
2026-07-11T17:47:39.110283,66.236,49.275436,-123.200361,7.0,21.621,0,0.6,327.0,1.4,325.0,0.7,0.0,0.0,357.88,212.04,619.29,0.0,0.0,None,None,None,None,None,None,None,None,None,None,None,None
2026-07-11T17:47:39.110627,66.236,49.275436,-123.200361,7.0,21.621,0,0.6,327.0,1.4,325.0,0.7,0.0,0.0,357.88,212.04,619.29,0.0,0.0,None,None,None,None,None,None,None,None,None,None,None,None
2026-07-11T17:47:39.110923,66.236,49.275436,-123.200361,7.0,21.621,0,0.4,330.0,1.4,325.0,0.7,0.0,0.0,357.88,212.04,619.29,0.0,0.0,None,None,None,None,None,None,None,None,None,None,None,None
2026-07-11T17:47:39.111184,66.237,49.275436,-123.200361,7.0,21.621,0,0.4,330.0,1.4,325.0,0.7,0.0,0.0,357.88,212.04,619.29,0.0,0.0,None,None,None,None,None,None,None,None,None,None,None,None
2026-07-11T17:47:39.111401,66.237,49.275436,-123.200361,7.0,21.621,0,0.4,330.0,1.4,325.0,0.7,0.0,0.0,357.88,212.04,619.29,0.0,0.0,None,None,None,None,None,None,None,None,None,None,None,None
2026-07-11T17:47:39.210605,66.336,49.275436,-123.200361,7.0,21.621,0,0.4,330.0,1.4,325.0,0.7,0.0,0.0,357.88,212.04,619.29,0.0,0.0,None,None,None,None,None,None,None,None,None,None,None,None
2026-07-11T17:47:39.210892,66.336,49.275436,-123.200363,7.0,21.621,0,0.4,330.0,1.4,325.0,0.7,0.0,0.0,357.88,212.04,619.29,0.0,0.0,None,None,None,None,None,None,None,None,None,None,None,None
2026-07-11T17:47:39.310394,66.436,49.275436,-123.200363,7.0,21.621,0,0.4,330.0,1.4,325.0,0.7,0.0,0.0,357.88,212.04,619.29,0.0,0.0,None,None,None,None,None,None,None,None,None,None,None,None
2026-07-11T17:47:39.310691,66.436,49.275436,-123.200363,7.0,21.621,0,0.4,330.0,1.4,325.0,0.7,0.0,0.0,357.88,212.04,619.29,0.0,0.0,None,None,None,None,None,None,None,None,None,None,None,None
2026-07-11T17:47:39.310967,66.436,49.275436,-123.200363,7.0,21.629,0,0.4,330.0,1.4,325.0,0.7,0.0,0.0,357.88,212.04,619.29,0.0,0.0,None,None,None,None,None,None,None,None,None,None,None,None
2026-07-11T17:47:39.311222,66.437,49.275436,-123.200363,7.0,21.629,0,0.4,330.0,1.4,325.0,0.7,0.0,0.0,357.88,212.04,619.29,0.0,0.0,None,None,None,None,None,None,None,None,None,None,None,None
2026-07-11T17:47:39.311630,66.437,49.275436,-123.200363,7.0,21.629,0,0.4,330.0,1.4,325.0,0.7,0.0,0.0,357.88,212.04,619.29,0.0,0.0,None,None,None,None,None,None,None,None,None,None,None,None
2026-07-11T17:47:39.311896,66.437,49.275436,-123.200363,7.0,21.629,0,0.4,330.0,1.4,325.0,0.7,0.0,0.0,357.88,212.04,619.29,0.0,0.0,None,None,None,None,None,None,None,None,None,None,None,None
2026-07-11T17:47:39.312252,66.438,49.275436,-123.200363,7.0,21.629,0,0.4,330.0,1.2,322.0,0.7,0.0,0.0,357.88,212.04,619.29,0.0,0.0,None,None,None,None,None,None,None,None,None,None,None,None
2026-07-11T17:47:39.410147,66.536,49.275436,-123.200363,7.0,21.629,0,0.4,330.0,1.2,322.0,0.7,0.0,0.0,357.88,212.04,619.29,0.0,0.0,None,None,None,None,None,None,None,None,None,None,None,None
2026-07-11T17:47:39.410445,66.536,49.275436,-123.200363,7.0,21.629,0,0.4,319.0,1.2,322.0,0.7,0.0,0.0,357.88,212.04,619.29,0.0,0.0,None,None,None,None,None,None,None,None,None,None,None,None
2026-07-11T17:47:39.410725,66.536,49.275436,-123.200363,7.0,21.629,0,0.4,319.0,1.2,322.0,0.7,0.0,0.0,357.88,212.04,619.29,0.0,0.0,None,None,None,None,None,None,None,None,None,None,None,None
2026-07-11T17:47:39.411015,66.536,49.275436,-123.200363,7.0,21.629,0,0.4,319.0,1.2,322.0,0.7,0.0,0.0,357.88,212.04,619.29,0.0,0.0,None,None,None,None,None,None,None,None,None,None,None,None
2026-07-11T17:47:39.411251,66.537,49.275436,-123.200363,7.0,21.629,0,0.4,319.0,1.2,322.0,0.7,0.0,0.0,357.88,212.04,619.29,0.0,0.0,None,None,None,None,None,None,None,None,None,None,None,None
2026-07-11T17:47:39.510681,66.636,49.275436,-123.200363,7.0,21.629,0,0.4,319.0,1.2,322.0,0.7,0.0,0.0,357.88,212.04,619.29,0.0,0.0,None,None,None,None,None,None,None,None,None,None,None,None
2026-07-11T17:47:39.511022,66.636,49.275436,-123.200363,7.0,21.629,0,0.4,319.0,1.2,322.0,0.7,0.0,0.0,357.88,212.04,619.29,0.0,0.0,None,None,None,None,None,None,None,None,None,None,None,None
2026-07-11T17:47:39.511647,66.637,49.275436,-123.200363,7.0,21.629,0,0.4,319.0,1.2,322.0,0.7,0.0,0.0,357.88,212.04,619.29,0.0,0.0,None,None,None,None,None,None,None,None,None,None,None,None
2026-07-11T17:47:39.610531,66.736,49.275436,-123.200363,7.0,21.629,0,0.4,319.0,1.2,322.0,0.7,0.0,0.0,357.88,212.04,619.29,0.0,0.0,None,None,None,None,None,None,None,None,None,None,None,None
2026-07-11T17:47:39.610751,66.736,49.275436,-123.200363,7.0,21.629,0,0.4,319.0,1.1,329.0,0.7,0.0,0.0,357.88,212.04,619.29,0.0,0.0,None,None,None,None,None,None,None,None,None,None,None,None
2026-07-11T17:47:39.611088,66.736,49.275436,-123.200363,7.0,21.629,0,0.4,319.0,1.1,329.0,0.7,0.0,0.0,357.88,212.04,619.29,0.0,0.0,None,None,None,None,None,None,None,None,None,None,None,None
2026-07-11T17:47:39.710759,66.836,49.275436,-123.200363,7.0,21.629,0,0.4,299.0,1.1,329.0,0.7,0.0,0.0,357.88,212.04,619.29,0.0,0.0,None,None,None,None,None,None,None,None,None,None,None,None
2026-07-11T17:47:39.711130,66.837,49.275436,-123.200363,7.0,21.629,0,0.4,299.0,1.1,329.0,0.7,0.0,0.0,357.88,212.04,619.29,0.0,0.0,None,None,None,None,None,None,None,None,None,None,None,None
2026-07-11T17:47:39.711281,66.837,49.275436,-123.200363,7.0,21.629,0,0.4,299.0,1.1,329.0,0.7,0.0,0.0,357.88,212.04,619.29,0.0,0.0,None,None,None,None,None,None,None,None,None,None,None,None
2026-07-11T17:47:39.711473,66.837,49.275436,-123.200363,7.0,21.629,0,0.4,299.0,1.1,329.0,0.7,0.0,0.0,357.88,212.04,619.29,0.0,0.0,None,None,None,None,None,None,None,None,None,None,None,None
2026-07-11T17:47:39.810051,66.935,49.275436,-123.200363,7.0,21.629,0,0.4,299.0,1.1,329.0,0.7,0.0,0.0,357.88,212.04,619.29,0.0,0.0,None,None,None,None,None,None,None,None,None,None,None,None
2026-07-11T17:47:39.810314,66.936,49.275436,-123.200363,7.0,21.629,0,0.4,299.0,1.1,329.0,0.7,0.0,0.0,357.88,212.04,619.29,0.0,0.0,None,None,None,None,None,None,None,None,None,None,None,None
2026-07-11T17:47:39.810687,66.936,49.275436,-123.200363,7.0,21.629,0,0.4,299.0,1.1,329.0,0.7,0.0,0.0,357.88,212.04,619.29,0.0,0.0,None,None,None,None,None,None,None,None,None,None,None,None
2026-07-11T17:47:39.810858,66.936,49.275436,-123.200363,7.0,21.629,0,0.4,299.0,1.1,329.0,0.7,0.0,0.0,357.88,212.04,619.29,0.0,0.0,None,None,None,None,None,None,None,None,None,None,None,None
2026-07-11T17:47:39.910709,67.036,49.275436,-123.200363,7.0,21.629,0,0.4,299.0,1.1,329.0,0.7,0.0,0.0,357.88,212.04,619.29,0.0,0.0,None,None,None,None,None,None,None,None,None,None,None,None
2026-07-11T17:47:39.911050,67.036,49.275436,-123.200363,7.0,21.629,0,0.4,299.0,1.0,329.0,0.7,0.0,0.0,357.88,212.04,619.29,0.0,0.0,None,None,None,None,None,None,None,None,None,None,None,None
2026-07-11T17:47:39.911357,67.037,49.275436,-123.200363,7.0,21.629,0,0.7,291.0,1.0,329.0,0.7,0.0,0.0,357.88,212.04,619.29,0.0,0.0,None,None,None,None,None,None,None,None,None,None,None,None
2026-07-11T17:47:39.911702,67.037,49.275436,-123.200363,7.0,21.629,0,0.7,291.0,1.0,329.0,0.7,0.0,0.0,357.88,212.04,619.29,0.0,0.0,None,None,None,None,None,None,None,None,None,None,None,None
2026-07-11T17:47:39.912291,67.038,49.275436,-123.200363,7.0,21.629,0,0.7,291.0,1.0,329.0,0.7,0.0,0.0,357.88,212.04,619.29,0.0,0.0,None,None,None,None,None,None,None,None,None,None,None,None
2026-07-11T17:47:39.912530,67.038,49.275436,-123.200363,7.0,21.629,0,0.7,291.0,1.0,329.0,0.7,0.0,0.0,357.88,212.04,619.29,0.0,0.0,None,None,None,None,None,None,None,None,None,None,None,None
2026-07-11T17:47:40.010282,67.136,49.275436,-123.200363,7.0,21.629,0,0.7,291.0,1.0,329.0,0.7,0.0,0.0,357.88,212.04,619.29,0.0,0.0,None,None,None,None,None,None,None,None,None,None,None,None
2026-07-11T17:47:40.010638,67.136,49.275436,-123.200363,7.0,21.629,0,0.7,291.0,1.0,329.0,0.7,0.0,0.0,357.88,212.04,619.29,0.0,0.0,None,None,None,None,None,None,None,None,None,None,None,None
2026-07-11T17:47:40.110601,67.236,49.275436,-123.200363,7.0,21.629,0,0.7,291.0,1.0,329.0,0.7,0.0,0.0,357.88,212.04,619.29,0.0,0.0,None,None,None,None,None,None,None,None,None,None,None,None
2026-07-11T17:47:40.110931,67.236,49.275436,-123.200363,7.0,21.629,0,0.7,291.0,1.0,329.0,0.7,0.0,0.0,357.88,212.04,619.29,0.0,0.0,None,None,None,None,None,None,None,None,None,None,None,None
2026-07-11T17:47:40.210868,67.336,49.275436,-123.200363,7.0,21.629,0,0.7,291.0,0.9,336.0,0.7,0.0,0.0,357.88,212.04,619.29,0.0,0.0,None,None,None,None,None,None,None,None,None,None,None,None
2026-07-11T17:47:40.211266,67.337,49.275436,-123.200363,7.0,21.629,0,0.7,291.0,0.9,336.0,0.7,0.0,0.0,357.88,212.04,619.29,0.0,0.0,None,None,None,None,None,None,None,None,None,None,None,None
2026-07-11T17:47:40.211522,67.337,49.275436,-123.200363,7.0,21.629,0,0.6,295.0,0.9,336.0,0.7,0.0,0.0,357.88,212.04,619.29,0.0,0.0,None,None,None,None,None,None,None,None,None,None,None,None
2026-07-11T17:47:40.211877,67.337,49.275436,-123.200363,7.0,21.629,0,0.6,295.0,0.9,336.0,0.7,0.0,0.0,357.88,212.04,619.29,0.0,0.0,None,None,None,None,None,None,None,None,None,None,None,None
2026-07-11T17:47:40.212182,67.338,49.275436,-123.200363,7.0,21.629,0,0.6,295.0,0.9,336.0,0.7,0.0,0.0,357.88,212.04,619.29,0.0,0.0,None,None,None,None,None,None,None,None,None,None,None,None
2026-07-11T17:47:40.212373,67.338,49.275436,-123.200363,7.0,21.629,0,0.6,295.0,0.9,336.0,0.7,0.0,0.0,357.88,212.04,619.29,0.0,0.0,None,None,None,None,None,None,None,None,None,None,None,None
2026-07-11T17:47:40.212590,67.338,49.275436,-123.200363,7.0,21.629,0,0.6,295.0,0.9,336.0,0.7,0.0,0.0,357.88,212.04,619.29,0.0,0.0,None,None,None,None,None,None,None,None,None,None,None,None
2026-07-11T17:47:40.310504,67.436,49.275436,-123.200363,7.0,21.629,0,0.6,295.0,0.9,336.0,0.7,0.0,0.0,357.88,212.04,619.29,0.0,0.0,None,None,None,None,None,None,None,None,None,None,None,None
2026-07-11T17:47:40.310842,67.436,49.275436,-123.200363,7.0,21.629,0,0.6,295.0,0.9,336.0,0.7,0.0,0.0,357.88,212.04,619.29,0.0,0.0,None,None,None,None,None,None,None,None,None,None,None,None
2026-07-11T17:47:40.311216,67.437,49.275436,-123.200363,7.0,21.629,0,0.6,295.0,0.9,336.0,0.7,0.0,0.0,357.88,212.04,619.29,0.0,0.0,None,None,None,None,None,None,None,None,None,None,None,None
2026-07-11T17:47:40.411048,67.536,49.275436,-123.200363,7.0,21.629,0,0.6,295.0,0.9,336.0,0.7,0.0,0.0,357.88,212.04,619.29,0.0,0.0,None,None,None,None,None,None,None,None,None,None,None,None
2026-07-11T17:47:40.411545,67.537,49.275436,-123.200363,7.0,21.629,0,0.6,295.0,0.9,336.0,0.7,0.0,0.0,357.88,212.04,619.29,0.0,0.0,None,None,None,None,None,None,None,None,None,None,None,None
2026-07-11T17:47:40.411896,67.537,49.275436,-123.200363,7.0,21.629,0,0.6,295.0,0.9,325.0,0.7,0.0,0.0,357.88,212.04,619.29,0.0,0.0,None,None,None,None,None,None,None,None,None,None,None,None
2026-07-11T17:47:40.412203,67.538,49.275436,-123.200363,7.0,21.629,0,0.8,299.0,0.9,325.0,0.7,0.0,0.0,357.88,212.04,619.29,0.0,0.0,None,None,None,None,None,None,None,None,None,None,None,None
2026-07-11T17:47:40.510364,67.636,49.275436,-123.200363,7.0,21.629,0,0.8,299.0,0.9,325.0,0.7,0.0,0.0,357.88,212.04,619.29,0.0,0.0,None,None,None,None,None,None,None,None,None,None,None,None
2026-07-11T17:47:40.510695,67.636,49.275436,-123.200363,7.0,21.629,0,0.8,299.0,0.9,325.0,0.7,0.0,0.0,357.88,212.04,619.29,0.0,0.0,None,None,None,None,None,None,None,None,None,None,None,None
2026-07-11T17:47:40.511065,67.636,49.275436,-123.200363,7.0,21.633,0,0.8,299.0,0.9,325.0,0.7,0.0,0.0,357.88,212.04,619.29,0.0,0.0,None,None,None,None,None,None,None,None,None,None,None,None
2026-07-11T17:47:40.511338,67.637,49.275436,-123.200363,7.0,21.633,0,0.8,299.0,0.9,325.0,0.7,0.0,0.0,357.88,212.04,619.29,0.0,0.0,None,None,None,None,None,None,None,None,None,None,None,None
2026-07-11T17:47:40.511549,67.637,49.275436,-123.200363,7.0,21.633,0,0.8,299.0,0.9,325.0,0.7,0.0,0.0,357.88,212.04,619.29,0.0,0.0,None,None,None,None,None,None,None,None,None,None,None,None
2026-07-11T17:47:40.511882,67.637,49.275436,-123.200363,7.0,21.633,0,0.8,299.0,0.9,325.0,0.7,0.0,0.0,357.88,212.04,619.29,0.0,0.0,None,None,None,None,None,None,None,None,None,None,None,None
2026-07-11T17:47:40.609987,67.735,49.275436,-123.200363,7.0,21.633,0,0.8,299.0,0.9,325.0,0.7,0.0,0.0,357.88,212.04,619.29,0.0,0.0,None,None,None,None,None,None,None,None,None,None,None,None
2026-07-11T17:47:40.610314,67.736,49.275436,-123.200363,7.0,21.633,0,0.8,299.0,0.9,325.0,0.7,0.0,0.0,357.88,212.04,619.29,0.0,0.0,None,None,None,None,None,None,None,None,None,None,None,None
2026-07-11T17:47:40.710891,67.836,49.275436,-123.200363,7.0,21.633,0,0.8,299.0,0.9,325.0,0.7,0.0,0.0,357.88,212.04,619.29,0.0,0.0,None,None,None,None,None,None,None,None,None,None,None,None
2026-07-11T17:47:40.711230,67.837,49.275436,-123.200363,7.0,21.633,0,0.8,299.0,0.9,302.0,0.7,0.0,0.0,357.88,212.04,619.29,0.0,0.0,None,None,None,None,None,None,None,None,None,None,None,None
2026-07-11T17:47:40.711445,67.837,49.275436,-123.200363,7.0,21.633,0,0.6,295.0,0.9,302.0,0.7,0.0,0.0,357.88,212.04,619.29,0.0,0.0,None,None,None,None,None,None,None,None,None,None,None,None
2026-07-11T17:47:40.711838,67.837,49.275436,-123.200363,7.0,21.633,0,0.6,295.0,0.9,302.0,0.7,0.0,0.0,357.88,212.04,619.29,0.0,0.0,None,None,None,None,None,None,None,None,None,None,None,None
2026-07-11T17:47:40.712067,67.837,49.275436,-123.200363,7.0,21.633,0,0.6,295.0,0.9,302.0,0.7,0.0,0.0,357.88,212.04,619.29,0.0,0.0,None,None,None,None,None,None,None,None,None,None,None,None
2026-07-11T17:47:40.810754,67.936,49.275436,-123.200363,7.0,21.633,0,0.6,295.0,0.9,302.0,0.7,0.0,0.0,357.88,212.04,619.29,0.0,0.0,None,None,None,None,None,None,None,None,None,None,None,None
2026-07-11T17:47:40.811113,67.937,49.275436,-123.200363,7.0,21.633,0,0.6,295.0,0.9,302.0,0.7,0.0,0.0,357.88,212.04,619.29,0.0,0.0,None,None,None,None,None,None,None,None,None,None,None,None
2026-07-11T17:47:40.811391,67.937,49.275436,-123.200363,7.0,21.633,0,0.6,295.0,0.9,302.0,0.7,0.0,0.0,357.88,212.04,619.29,0.0,0.0,None,None,None,None,None,None,None,None,None,None,None,None
2026-07-11T17:47:40.910859,68.036,49.275436,-123.200363,7.0,21.633,0,0.6,295.0,0.9,302.0,0.7,0.0,0.0,357.88,212.04,619.29,0.0,0.0,None,None,None,None,None,None,None,None,None,None,None,None
2026-07-11T17:47:40.911577,68.037,49.275436,-123.200363,7.0,21.633,0,0.6,295.0,0.9,302.0,0.7,0.0,0.0,357.88,212.04,619.29,0.0,0.0,None,None,None,None,None,None,None,None,None,None,None,None
2026-07-11T17:47:40.911900,68.037,49.275436,-123.200363,7.0,21.633,0,0.6,295.0,0.9,302.0,0.7,0.0,0.0,357.88,212.04,619.29,0.0,0.0,None,None,None,None,None,None,None,None,None,None,None,None
2026-07-11T17:47:40.912088,68.037,49.275436,-123.200363,7.0,21.633,0,0.6,295.0,1.0,298.0,0.7,0.0,0.0,357.88,212.04,619.29,0.0,0.0,None,None,None,None,None,None,None,None,None,None,None,None
2026-07-11T17:47:41.010507,68.136,49.275436,-123.200363,7.0,21.633,0,0.6,295.0,1.0,298.0,0.7,0.0,0.0,357.88,212.04,619.29,0.0,0.0,None,None,None,None,None,None,None,None,None,None,None,None
2026-07-11T17:47:41.010952,68.136,49.275436,-123.200363,7.0,21.633,0,0.6,295.0,1.0,298.0,0.7,0.0,0.0,357.88,212.04,619.29,0.0,0.0,None,None,None,None,None,None,None,None,None,None,None,None
2026-07-11T17:47:41.011894,68.137,49.275436,-123.200363,7.0,21.633,0,0.6,295.0,1.0,298.0,0.7,0.0,0.0,357.88,212.04,619.29,0.0,0.0,None,None,None,None,None,None,None,None,None,None,None,None
2026-07-11T17:47:41.012161,68.138,49.275436,-123.200363,7.0,21.633,0,0.6,295.0,1.0,298.0,0.7,0.0,0.0,357.88,212.04,619.29,0.0,0.0,None,None,None,None,None,None,None,None,None,None,None,None
2026-07-11T17:47:41.012520,68.138,49.275436,-123.200363,7.0,21.633,0,0.4,306.0,1.0,298.0,0.7,0.0,0.0,357.88,212.04,619.29,0.0,0.0,None,None,None,None,None,None,None,None,None,None,None,None
2026-07-11T17:47:41.012736,68.138,49.275436,-123.200363,7.0,21.633,0,0.4,306.0,1.0,298.0,0.7,0.0,0.0,357.88,212.04,619.29,0.0,0.0,None,None,None,None,None,None,None,None,None,None,None,None
2026-07-11T17:47:41.012898,68.138,49.275436,-123.200363,7.0,21.633,0,0.4,306.0,1.0,298.0,0.7,0.0,0.0,357.88,212.04,619.29,0.0,0.0,None,None,None,None,None,None,None,None,None,None,None,None
2026-07-11T17:47:41.110839,68.236,49.275436,-123.200363,7.0,21.633,0,0.4,306.0,1.0,298.0,0.7,0.0,0.0,357.88,212.04,619.29,0.0,0.0,None,None,None,None,None,None,None,None,None,None,None,None
2026-07-11T17:47:41.111403,68.237,49.275436,-123.200363,7.0,21.633,0,0.4,306.0,1.0,298.0,0.7,0.0,0.0,357.88,212.04,619.29,0.0,0.0,None,None,None,None,None,None,None,None,None,None,None,None
2026-07-11T17:47:41.210534,68.336,49.275436,-123.200363,7.0,21.633,0,0.4,306.0,1.0,298.0,0.7,0.0,0.0,357.88,212.04,619.29,0.0,0.0,None,None,None,None,None,None,None,None,None,None,None,None
2026-07-11T17:47:41.210913,68.336,49.275436,-123.200363,7.0,21.633,0,0.4,306.0,1.1,304.0,0.7,0.0,0.0,357.88,212.04,619.29,0.0,0.0,None,None,None,None,None,None,None,None,None,None,None,None
2026-07-11T17:47:41.215128,68.341,49.275436,-123.200363,7.0,21.633,0,0.4,306.0,1.1,304.0,0.7,0.0,0.0,357.88,212.04,619.29,0.0,0.0,None,None,None,None,None,None,None,None,None,None,None,None
2026-07-11T17:47:41.215438,68.341,49.275436,-123.200363,7.0,21.633,0,0.4,306.0,1.1,304.0,0.7,0.0,0.0,357.88,212.04,619.29,0.0,0.0,None,None,None,None,None,None,None,None,None,None,None,None
2026-07-11T17:47:41.215660,68.341,49.275436,-123.200363,7.0,21.633,0,0.4,319.0,1.1,304.0,0.7,0.0,0.0,357.88,212.04,619.29,0.0,0.0,None,None,None,None,None,None,None,None,None,None,None,None
2026-07-11T17:47:41.310874,68.436,49.275436,-123.200363,7.0,21.633,0,0.4,319.0,1.1,304.0,0.7,0.0,0.0,357.88,212.04,619.29,0.0,0.0,None,None,None,None,None,None,None,None,None,None,None,None
2026-07-11T17:47:41.311312,68.437,49.275436,-123.200363,7.0,21.633,0,0.4,319.0,1.1,304.0,0.7,0.0,0.0,357.88,212.04,619.29,0.0,0.0,None,None,None,None,None,None,None,None,None,None,None,None
2026-07-11T17:47:41.311516,68.437,49.275436,-123.200363,7.0,21.633,0,0.4,319.0,1.1,304.0,0.7,0.0,0.0,357.88,212.04,619.29,0.0,0.0,None,None,None,None,None,None,None,None,None,None,None,None
2026-07-11T17:47:41.311802,68.437,49.275436,-123.200363,7.0,21.633,0,0.4,319.0,1.1,304.0,0.7,0.0,0.0,357.88,212.04,619.29,0.0,0.0,None,None,None,None,None,None,None,None,None,None,None,None
2026-07-11T17:47:41.410884,68.536,49.275436,-123.200363,7.0,21.633,0,0.4,319.0,1.1,304.0,0.7,0.0,0.0,357.88,212.04,619.29,0.0,0.0,None,None,None,None,None,None,None,None,None,None,None,None
2026-07-11T17:47:41.411114,68.537,49.275436,-123.200363,7.0,21.633,0,0.4,319.0,1.1,304.0,0.7,0.0,0.0,357.88,212.04,619.29,0.0,0.0,None,None,None,None,None,None,None,None,None,None,None,None
2026-07-11T17:47:41.411273,68.537,49.275436,-123.200363,7.0,21.633,0,0.4,319.0,1.1,304.0,0.7,0.0,0.0,357.88,212.04,619.29,0.0,0.0,None,None,None,None,None,None,None,None,None,None,None,None
2026-07-11T17:47:41.511005,68.636,49.275436,-123.200363,7.0,21.633,0,0.4,319.0,1.1,304.0,0.7,0.0,0.0,357.88,212.04,619.29,0.0,0.0,None,None,None,None,None,None,None,None,None,None,None,None
2026-07-11T17:47:41.511367,68.637,49.275436,-123.200363,7.0,21.633,0,0.4,319.0,1.2,314.0,0.7,0.0,0.0,357.88,212.04,619.29,0.0,0.0,None,None,None,None,None,None,None,None,None,None,None,None
2026-07-11T17:47:41.511522,68.637,49.275436,-123.200363,7.0,21.633,0,0.2,306.0,1.2,314.0,0.7,0.0,0.0,357.88,212.04,619.29,0.0,0.0,None,None,None,None,None,None,None,None,None,None,None,None
2026-07-11T17:47:41.511810,68.637,49.275436,-123.200363,7.0,21.633,0,0.2,306.0,1.2,314.0,0.7,0.0,0.0,357.88,212.04,619.29,0.0,0.0,None,None,None,None,None,None,None,None,None,None,None,None
2026-07-11T17:47:41.511930,68.637,49.275436,-123.200363,7.0,21.633,0,0.2,306.0,1.2,314.0,0.7,0.0,0.0,357.88,212.04,619.29,0.0,0.0,None,None,None,None,None,None,None,None,None,None,None,None
2026-07-11T17:47:41.610715,68.736,49.275436,-123.200363,7.0,21.633,0,0.2,306.0,1.2,314.0,0.7,0.0,0.0,357.88,212.04,619.29,0.0,0.0,None,None,None,None,None,None,None,None,None,None,None,None
2026-07-11T17:47:41.611131,68.737,49.275436,-123.200363,7.0,21.633,0,0.2,306.0,1.2,314.0,0.7,0.0,0.0,357.88,212.04,619.29,0.0,0.0,None,None,None,None,None,None,None,None,None,None,None,None
2026-07-11T17:47:41.710696,68.836,49.275436,-123.200363,7.0,21.642,0,0.2,306.0,1.2,314.0,0.7,0.0,0.0,357.88,212.04,619.29,0.0,0.0,None,None,None,None,None,None,None,None,None,None,None,None
2026-07-11T17:47:41.711070,68.836,49.275436,-123.200363,7.0,21.642,0,0.2,306.0,1.2,314.0,0.7,0.0,0.0,357.88,212.04,619.29,0.0,0.0,None,None,None,None,None,None,None,None,None,None,None,None
2026-07-11T17:47:41.711293,68.837,49.275436,-123.200363,7.0,21.642,0,0.2,306.0,1.2,314.0,0.7,0.0,0.0,357.88,212.04,619.29,0.0,0.0,None,None,None,None,None,None,None,None,None,None,None,None
2026-07-11T17:47:41.711587,68.837,49.275436,-123.200363,7.0,21.642,0,0.2,306.0,1.2,314.0,0.7,0.0,0.0,357.88,212.04,619.29,0.0,0.0,None,None,None,None,None,None,None,None,None,None,None,None
2026-07-11T17:47:41.711783,68.837,49.275436,-123.200363,7.0,21.642,0,0.2,306.0,1.1,309.0,0.7,0.0,0.0,357.88,212.04,619.29,0.0,0.0,None,None,None,None,None,None,None,None,None,None,None,None
2026-07-11T17:47:41.810638,68.936,49.275436,-123.200363,7.0,21.642,0,0.5,272.0,1.1,309.0,0.7,0.0,0.0,357.88,212.04,619.29,0.0,0.0,None,None,None,None,None,None,None,None,None,None,None,None
2026-07-11T17:47:41.811093,68.936,49.275436,-123.200363,7.0,21.642,0,0.5,272.0,1.1,309.0,0.7,0.0,0.0,357.88,212.04,619.29,0.0,0.0,None,None,None,None,None,None,None,None,None,None,None,None
2026-07-11T17:47:41.811383,68.937,49.275436,-123.200363,7.0,21.642,0,0.5,272.0,1.1,309.0,0.7,0.0,0.0,357.88,212.04,619.29,0.0,0.0,None,None,None,None,None,None,None,None,None,None,None,None
2026-07-11T17:47:41.811571,68.937,49.275436,-123.200363,7.0,21.642,0,0.5,272.0,1.1,309.0,0.7,0.0,0.0,357.88,212.04,619.29,0.0,0.0,None,None,None,None,None,None,None,None,None,None,None,None
2026-07-11T17:47:41.910323,69.036,49.275436,-123.200363,7.0,21.642,0,0.5,272.0,1.1,309.0,0.7,0.0,0.0,357.88,212.04,619.29,0.0,0.0,None,None,None,None,None,None,None,None,None,None,None,None
2026-07-11T17:47:41.910721,69.036,49.275436,-123.200363,7.0,21.642,0,0.5,272.0,1.1,309.0,0.7,0.0,0.0,357.88,212.04,619.29,0.0,0.0,None,None,None,None,None,None,None,None,None,None,None,None
2026-07-11T17:47:41.910953,69.036,49.275436,-123.200363,7.0,21.642,0,0.5,272.0,1.1,309.0,0.7,0.0,0.0,357.88,212.04,619.29,0.0,0.0,None,None,None,None,None,None,None,None,None,None,None,None
2026-07-11T17:47:41.911759,69.037,49.275436,-123.200363,7.0,21.642,0,0.5,272.0,1.1,309.0,0.7,0.0,0.0,357.88,212.04,619.29,0.0,0.0,None,None,None,None,None,None,None,None,None,None,None,None
2026-07-11T17:47:41.911988,69.037,49.275436,-123.200363,7.0,21.642,0,0.5,272.0,1.1,309.0,0.7,0.0,0.0,357.88,212.04,619.29,0.0,0.0,None,None,None,None,None,None,None,None,None,None,None,None
2026-07-11T17:47:41.912220,69.038,49.275436,-123.200363,7.0,21.642,0,0.5,272.0,1.1,309.0,0.7,0.0,0.0,357.88,212.04,619.29,0.0,0.0,None,None,None,None,None,None,None,None,None,None,None,None
2026-07-11T17:47:42.010037,69.135,49.275436,-123.200363,7.0,21.642,0,0.5,272.0,1.1,309.0,0.7,0.0,0.0,357.88,212.04,619.29,0.0,0.0,None,None,None,None,None,None,None,None,None,None,None,None
2026-07-11T17:47:42.010336,69.136,49.275436,-123.200363,7.0,21.642,0,0.5,272.0,1.1,288.0,0.7,0.0,0.0,357.88,212.04,619.29,0.0,0.0,None,None,None,None,None,None,None,None,None,None,None,None
2026-07-11T17:47:42.010715,69.136,49.275436,-123.200363,7.0,21.642,0,0.5,272.0,1.1,288.0,0.7,0.0,0.0,357.88,212.04,619.29,0.0,0.0,None,None,None,None,None,None,None,None,None,None,None,None
2026-07-11T17:47:42.011001,69.136,49.275436,-123.200363,7.0,21.642,0,0.8,272.0,1.1,288.0,0.7,0.0,0.0,357.88,212.04,619.29,0.0,0.0,None,None,None,None,None,None,None,None,None,None,None,None
2026-07-11T17:47:42.110997,69.236,49.275436,-123.200363,7.0,21.642,0,0.8,272.0,1.1,288.0,0.7,0.0,0.0,357.88,212.04,619.29,0.0,0.0,None,None,None,None,None,None,None,None,None,None,None,None
2026-07-11T17:47:42.111278,69.237,49.275436,-123.200363,7.0,21.642,0,0.8,272.0,1.1,288.0,0.7,0.0,0.0,357.88,212.04,619.29,0.0,0.0,None,None,None,None,None,None,None,None,None,None,None,None
2026-07-11T17:47:42.111596,69.237,49.275436,-123.200363,7.0,21.642,0,0.8,272.0,1.1,288.0,0.7,0.0,0.0,357.88,212.04,619.29,0.0,0.0,None,None,None,None,None,None,None,None,None,None,None,None
2026-07-11T17:47:42.111859,69.237,49.275436,-123.200363,7.0,21.642,0,0.8,272.0,1.1,288.0,0.7,0.0,0.0,357.88,212.04,619.29,0.0,0.0,None,None,None,None,None,None,None,None,None,None,None,None
2026-07-11T17:47:42.210383,69.336,49.275436,-123.200363,7.0,21.642,0,0.8,272.0,1.1,288.0,0.7,0.0,0.0,357.88,212.04,619.29,0.0,0.0,None,None,None,None,None,None,None,None,None,None,None,None
2026-07-11T17:47:42.211023,69.336,49.275436,-123.200365,7.0,21.642,0,0.8,272.0,1.1,288.0,0.7,0.0,0.0,357.88,212.04,619.29,0.0,0.0,None,None,None,None,None,None,None,None,None,None,None,None
2026-07-11T17:47:42.211250,69.337,49.275436,-123.200365,7.0,21.642,0,0.8,272.0,1.1,288.0,0.7,0.0,0.0,357.88,212.04,619.29,0.0,0.0,None,None,None,None,None,None,None,None,None,None,None,None
2026-07-11T17:47:42.211444,69.337,49.275436,-123.200365,7.0,21.642,0,0.8,272.0,1.1,288.0,0.7,0.0,0.0,357.88,212.04,619.29,0.0,0.0,None,None,None,None,None,None,None,None,None,None,None,None
2026-07-11T17:47:42.310870,69.436,49.275436,-123.200365,7.0,21.642,0,0.8,272.0,1.2,280.0,0.7,0.0,0.0,357.88,212.04,619.29,0.0,0.0,None,None,None,None,None,None,None,None,None,None,None,None
2026-07-11T17:47:42.311247,69.437,49.275436,-123.200365,7.0,21.642,0,0.8,272.0,1.2,280.0,0.7,0.0,0.0,357.88,212.04,619.29,0.0,0.0,None,None,None,None,None,None,None,None,None,None,None,None
2026-07-11T17:47:42.311430,69.437,49.275436,-123.200365,7.0,21.642,0,0.7,255.0,1.2,280.0,0.7,0.0,0.0,357.88,212.04,619.29,0.0,0.0,None,None,None,None,None,None,None,None,None,None,None,None
2026-07-11T17:47:42.311590,69.437,49.275436,-123.200365,7.0,21.642,0,0.7,255.0,1.2,280.0,0.7,0.0,0.0,357.88,212.04,619.29,0.0,0.0,None,None,None,None,None,None,None,None,None,None,None,None
2026-07-11T17:47:42.311830,69.437,49.275436,-123.200365,7.0,21.642,0,0.7,255.0,1.2,280.0,0.7,0.0,0.0,357.88,212.04,619.29,0.0,0.0,None,None,None,None,None,None,None,None,None,None,None,None
2026-07-11T17:47:42.312142,69.438,49.275436,-123.200365,7.0,21.642,0,0.7,255.0,1.2,280.0,0.7,0.0,0.0,357.88,212.04,619.29,0.0,0.0,None,None,None,None,None,None,None,None,None,None,None,None
2026-07-11T17:47:42.410018,69.535,49.275436,-123.200365,7.0,21.642,0,0.7,255.0,1.2,280.0,0.7,0.0,0.0,357.88,212.04,619.29,0.0,0.0,None,None,None,None,None,None,None,None,None,None,None,None
2026-07-11T17:47:42.410429,69.536,49.275436,-123.200365,7.0,21.642,0,0.7,255.0,1.2,280.0,0.7,0.0,0.0,357.88,212.04,619.29,0.0,0.0,None,None,None,None,None,None,None,None,None,None,None,None
2026-07-11T17:47:42.510524,69.636,49.275436,-123.200365,7.0,21.642,0,0.7,255.0,1.2,280.0,0.7,0.0,0.0,357.88,212.04,619.29,0.0,0.0,None,None,None,None,None,None,None,None,None,None,None,None
2026-07-11T17:47:42.510936,69.636,49.275436,-123.200365,7.0,21.642,0,0.7,255.0,1.4,289.0,0.7,0.0,0.0,357.88,212.04,619.29,0.0,0.0,None,None,None,None,None,None,None,None,None,None,None,None
2026-07-11T17:47:42.511261,69.637,49.275436,-123.200365,7.0,21.642,0,0.7,255.0,1.4,289.0,0.7,0.0,0.0,357.88,212.04,619.29,0.0,0.0,None,None,None,None,None,None,None,None,None,None,None,None
2026-07-11T17:47:42.610007,69.735,49.275436,-123.200365,7.0,21.642,0,0.9,253.0,1.4,289.0,0.7,0.0,0.0,357.88,212.04,619.29,0.0,0.0,None,None,None,None,None,None,None,None,None,None,None,None
2026-07-11T17:47:42.610324,69.736,49.275436,-123.200365,7.0,21.642,0,0.9,253.0,1.4,289.0,0.7,0.0,0.0,357.88,212.04,619.29,0.0,0.0,None,None,None,None,None,None,None,None,None,None,None,None
2026-07-11T17:47:42.610577,69.736,49.275436,-123.200365,7.0,21.642,0,0.9,253.0,1.4,289.0,0.7,0.0,0.0,357.88,212.04,619.29,0.0,0.0,None,None,None,None,None,None,None,None,None,None,None,None
2026-07-11T17:47:42.610898,69.736,49.275436,-123.200365,7.0,21.642,0,0.9,253.0,1.4,289.0,0.7,0.0,0.0,357.88,212.04,619.29,0.0,0.0,None,None,None,None,None,None,None,None,None,None,None,None
2026-07-11T17:47:42.710642,69.836,49.275436,-123.200365,7.0,21.642,0,0.9,253.0,1.4,289.0,0.7,0.0,0.0,357.88,212.04,619.29,0.0,0.0,None,None,None,None,None,None,None,None,None,None,None,None
2026-07-11T17:47:42.710956,69.836,49.275436,-123.200365,7.0,21.642,0,0.9,253.0,1.4,289.0,0.7,0.0,0.0,357.88,212.04,619.29,0.0,0.0,None,None,None,None,None,None,None,None,None,None,None,None
2026-07-11T17:47:42.811043,69.936,49.275436,-123.200365,7.0,21.642,0,0.9,253.0,1.4,289.0,0.7,0.0,0.0,357.88,212.04,619.29,0.0,0.0,None,None,None,None,None,None,None,None,None,None,None,None
2026-07-11T17:47:42.811343,69.937,49.275436,-123.200365,7.0,21.642,0,0.9,253.0,1.4,289.0,0.7,0.0,0.0,357.88,212.04,619.29,0.0,0.0,None,None,None,None,None,None,None,None,None,None,None,None
2026-07-11T17:47:42.811608,69.937,49.275436,-123.200365,7.0,21.642,0,0.9,253.0,1.4,289.0,0.7,0.0,0.0,357.88,212.04,619.29,0.0,0.0,None,None,None,None,None,None,None,None,None,None,None,None
2026-07-11T17:47:42.811823,69.937,49.275436,-123.200365,7.0,21.642,0,0.9,253.0,1.4,289.0,0.7,0.0,0.0,357.88,212.04,619.29,0.0,0.0,None,None,None,None,None,None,None,None,None,None,None,None
2026-07-11T17:47:42.812123,69.938,49.275436,-123.200365,7.0,21.642,0,0.9,253.0,1.4,289.0,0.7,0.0,0.0,357.88,212.04,619.29,0.0,0.0,None,None,None,None,None,None,None,None,None,None,None,None
2026-07-11T17:47:42.812408,69.938,49.275436,-123.200365,7.0,21.642,0,0.9,253.0,1.3,302.0,0.7,0.0,0.0,357.88,212.04,619.29,0.0,0.0,None,None,None,None,None,None,None,None,None,None,None,None
2026-07-11T17:47:42.812707,69.938,49.275436,-123.200365,7.0,21.642,0,1.0,265.0,1.3,302.0,0.7,0.0,0.0,357.88,212.04,619.29,0.0,0.0,None,None,None,None,None,None,None,None,None,None,None,None
2026-07-11T17:47:42.812995,69.938,49.275436,-123.200365,7.0,21.642,0,1.0,265.0,1.3,302.0,0.7,0.0,0.0,357.88,212.04,619.29,0.0,0.0,None,None,None,None,None,None,None,None,None,None,None,None
2026-07-11T17:47:42.813231,69.939,49.275436,-123.200365,7.0,21.642,0,1.0,265.0,1.3,302.0,0.7,0.0,0.0,357.88,212.04,619.29,0.0,0.0,None,None,None,None,None,None,None,None,None,None,None,None
2026-07-11T17:47:42.910138,70.036,49.275436,-123.200365,7.0,21.642,0,1.0,265.0,1.3,302.0,0.7,0.0,0.0,357.88,212.04,619.29,0.0,0.0,None,None,None,None,None,None,None,None,None,None,None,None
2026-07-11T17:47:42.910661,70.036,49.275436,-123.200365,7.0,21.649,0,1.0,265.0,1.3,302.0,0.7,0.0,0.0,357.88,212.04,619.29,0.0,0.0,None,None,None,None,None,None,None,None,None,None,None,None
2026-07-11T17:47:42.910907,70.036,49.275436,-123.200365,7.0,21.649,0,1.0,265.0,1.3,302.0,0.7,0.0,0.0,357.88,212.04,619.29,0.0,0.0,None,None,None,None,None,None,None,None,None,None,None,None
2026-07-11T17:47:42.911207,70.037,49.275436,-123.200365,7.0,21.649,0,1.0,265.0,1.3,302.0,0.7,0.0,0.0,357.88,212.04,619.29,0.0,0.0,None,None,None,None,None,None,None,None,None,None,None,None
2026-07-11T17:47:42.911486,70.037,49.275436,-123.200365,7.0,21.649,0,1.0,265.0,1.3,302.0,0.7,0.0,0.0,357.88,212.04,619.29,0.0,0.0,None,None,None,None,None,None,None,None,None,None,None,None
2026-07-11T17:47:42.911851,70.037,49.275436,-123.200365,7.0,21.649,0,1.0,265.0,1.3,302.0,0.7,0.0,0.0,357.88,212.04,619.29,0.0,0.0,None,None,None,None,None,None,None,None,None,None,None,None
2026-07-11T17:47:43.010949,70.136,49.275436,-123.200365,7.0,21.649,0,1.0,265.0,1.3,302.0,0.7,0.0,0.0,357.88,212.04,619.29,0.0,0.0,None,None,None,None,None,None,None,None,None,None,None,None
2026-07-11T17:47:43.011271,70.137,49.275436,-123.200365,7.0,21.649,0,1.0,265.0,1.3,302.0,0.7,0.0,0.0,357.88,212.04,619.29,0.0,0.0,None,None,None,None,None,None,None,None,None,None,None,None
2026-07-11T17:47:43.110870,70.236,49.275436,-123.200365,7.0,21.649,0,1.0,265.0,1.3,317.0,0.7,0.0,0.0,357.88,212.04,619.29,0.0,0.0,None,None,None,None,None,None,None,None,None,None,None,None
2026-07-11T17:47:43.111193,70.237,49.275436,-123.200365,7.0,21.649,0,1.0,265.0,1.3,317.0,0.7,0.0,0.0,357.88,212.04,619.29,0.0,0.0,None,None,None,None,None,None,None,None,None,None,None,None
2026-07-11T17:47:43.111440,70.237,49.275436,-123.200365,7.0,21.649,0,1.2,272.0,1.3,317.0,0.7,0.0,0.0,357.88,212.04,619.29,0.0,0.0,None,None,None,None,None,None,None,None,None,None,None,None
2026-07-11T17:47:43.111744,70.237,49.275436,-123.200365,7.0,21.649,0,1.2,272.0,1.3,317.0,0.7,0.0,0.0,357.88,212.04,619.29,0.0,0.0,None,None,None,None,None,None,None,None,None,None,None,None
2026-07-11T17:47:43.112020,70.237,49.275436,-123.200365,7.0,21.649,0,1.2,272.0,1.3,317.0,0.7,0.0,0.0,357.88,212.04,619.29,0.0,0.0,None,None,None,None,None,None,None,None,None,None,None,None
2026-07-11T17:47:43.210107,70.336,49.275436,-123.200365,7.0,21.649,0,1.2,272.0,1.3,317.0,0.7,0.0,0.0,357.88,212.04,619.29,0.0,0.0,None,None,None,None,None,None,None,None,None,None,None,None
2026-07-11T17:47:43.210470,70.336,49.275436,-123.200365,7.0,21.649,0,1.2,272.0,1.3,317.0,0.7,0.0,0.0,357.88,212.04,619.29,0.0,0.0,None,None,None,None,None,None,None,None,None,None,None,None
2026-07-11T17:47:43.210764,70.336,49.275436,-123.200365,7.0,21.649,0,1.2,272.0,1.3,317.0,0.7,0.0,0.0,357.88,212.04,619.29,0.0,0.0,None,None,None,None,None,None,None,None,None,None,None,None
2026-07-11T17:47:43.310702,70.436,49.275436,-123.200365,7.0,21.649,0,1.2,272.0,1.3,317.0,0.7,0.0,0.0,357.88,212.04,619.29,0.0,0.0,None,None,None,None,None,None,None,None,None,None,None,None
2026-07-11T17:47:43.311029,70.436,49.275436,-123.200365,7.0,21.649,0,1.2,272.0,1.3,317.0,0.7,0.0,0.0,357.88,212.04,619.29,0.0,0.0,None,None,None,None,None,None,None,None,None,None,None,None
2026-07-11T17:47:43.311284,70.437,49.275436,-123.200365,7.0,21.649,0,1.2,272.0,1.1,327.0,0.7,0.0,0.0,357.88,212.04,619.29,0.0,0.0,None,None,None,None,None,None,None,None,None,None,None,None
2026-07-11T17:47:43.311613,70.437,49.275436,-123.200365,7.0,21.649,0,1.2,272.0,1.1,327.0,0.7,0.0,0.0,357.88,212.04,619.29,0.0,0.0,None,None,None,None,None,None,None,None,None,None,None,None
2026-07-11T17:47:43.410224,70.536,49.275436,-123.200365,7.0,21.649,0,1.2,272.0,1.1,327.0,0.7,0.0,0.0,357.88,212.04,619.29,0.0,0.0,None,None,None,None,None,None,None,None,None,None,None,None
2026-07-11T17:47:43.410525,70.536,49.275436,-123.200365,7.0,21.649,0,1.4,257.0,1.1,327.0,0.7,0.0,0.0,357.88,212.04,619.29,0.0,0.0,None,None,None,None,None,None,None,None,None,None,None,None
2026-07-11T17:47:43.410798,70.536,49.275436,-123.200365,7.0,21.649,0,1.4,257.0,1.1,327.0,0.7,0.0,0.0,357.88,212.04,619.29,0.0,0.0,None,None,None,None,None,None,None,None,None,None,None,None
2026-07-11T17:47:43.411089,70.536,49.275436,-123.200365,7.0,21.649,0,1.4,257.0,1.1,327.0,0.7,0.0,0.0,357.88,212.04,619.29,0.0,0.0,None,None,None,None,None,None,None,None,None,None,None,None
2026-07-11T17:47:43.411417,70.537,49.275436,-123.200365,7.0,21.649,0,1.4,257.0,1.1,327.0,0.7,0.0,0.0,357.88,212.04,619.29,0.0,0.0,None,None,None,None,None,None,None,None,None,None,None,None
2026-07-11T17:47:43.510486,70.636,49.275436,-123.200365,7.0,21.649,0,1.4,257.0,1.1,327.0,0.7,0.0,0.0,357.88,212.04,619.29,0.0,0.0,None,None,None,None,None,None,None,None,None,None,None,None
2026-07-11T17:47:43.510923,70.636,49.275436,-123.200365,7.0,21.649,0,1.4,257.0,1.1,327.0,0.7,0.0,0.0,357.88,212.04,619.29,0.0,0.0,None,None,None,None,None,None,None,None,None,None,None,None
2026-07-11T17:47:43.610233,70.736,49.275436,-123.200365,7.0,21.649,0,1.4,257.0,1.1,327.0,0.7,0.0,0.0,357.88,212.04,619.29,0.0,0.0,None,None,None,None,None,None,None,None,None,None,None,None
2026-07-11T17:47:43.610582,70.736,49.275436,-123.200365,7.0,21.649,0,1.4,257.0,0.6,333.0,0.7,0.0,0.0,357.88,212.04,619.29,0.0,0.0,None,None,None,None,None,None,None,None,None,None,None,None
2026-07-11T17:47:43.610875,70.736,49.275436,-123.200365,7.0,21.649,0,1.6,252.0,0.6,333.0,0.7,0.0,0.0,357.88,212.04,619.29,0.0,0.0,None,None,None,None,None,None,None,None,None,None,None,None
2026-07-11T17:47:43.611175,70.737,49.275436,-123.200365,7.0,21.649,0,1.6,252.0,0.6,333.0,0.7,0.0,0.0,357.88,212.04,619.29,0.0,0.0,None,None,None,None,None,None,None,None,None,None,None,None
2026-07-11T17:47:43.710234,70.836,49.275436,-123.200365,7.0,21.649,0,1.6,252.0,0.6,333.0,0.7,0.0,0.0,357.88,212.04,619.29,0.0,0.0,None,None,None,None,None,None,None,None,None,None,None,None
2026-07-11T17:47:43.710572,70.836,49.275436,-123.200365,7.0,21.649,0,1.6,252.0,0.6,333.0,0.7,0.0,0.0,357.88,212.04,619.29,0.0,0.0,None,None,None,None,None,None,None,None,None,None,None,None
2026-07-11T17:47:43.710944,70.836,49.275436,-123.200365,7.0,21.649,0,1.6,252.0,0.6,333.0,0.7,0.0,0.0,357.88,212.04,619.29,0.0,0.0,None,None,None,None,None,None,None,None,None,None,None,None
2026-07-11T17:47:43.711232,70.837,49.275436,-123.200365,7.0,21.649,0,1.6,252.0,0.6,333.0,0.7,0.0,0.0,357.88,212.04,619.29,0.0,0.0,None,None,None,None,None,None,None,None,None,None,None,None
2026-07-11T17:47:43.810101,70.935,49.275436,-123.200365,7.0,21.649,0,1.6,252.0,0.6,333.0,0.7,0.0,0.0,357.88,212.04,619.29,0.0,0.0,None,None,None,None,None,None,None,None,None,None,None,None
2026-07-11T17:47:43.810460,70.936,49.275436,-123.200365,7.0,21.649,0,1.6,252.0,0.6,333.0,0.7,0.0,0.0,357.88,212.04,619.29,0.0,0.0,None,None,None,None,None,None,None,None,None,None,None,None
2026-07-11T17:47:43.910161,71.036,49.275436,-123.200365,7.0,21.649,0,1.6,252.0,0.6,333.0,0.7,0.0,0.0,357.88,212.04,619.29,0.0,0.0,None,None,None,None,None,None,None,None,None,None,None,None
2026-07-11T17:47:43.910541,71.036,49.275436,-123.200365,7.0,21.649,0,1.6,252.0,0.2,268.0,0.7,0.0,0.0,357.88,212.04,619.29,0.0,0.0,None,None,None,None,None,None,None,None,None,None,None,None
2026-07-11T17:47:43.910930,71.036,49.275436,-123.200365,7.0,21.649,0,1.6,252.0,0.2,268.0,0.7,0.0,0.0,357.88,212.04,619.29,0.0,0.0,None,None,None,None,None,None,None,None,None,None,None,None
2026-07-11T17:47:43.911194,71.037,49.275436,-123.200365,7.0,21.649,0,1.9,239.0,0.2,268.0,0.7,0.0,0.0,357.88,212.04,619.29,0.0,0.0,None,None,None,None,None,None,None,None,None,None,None,None
2026-07-11T17:47:43.911444,71.037,49.275436,-123.200365,7.0,21.649,0,1.9,239.0,0.2,268.0,0.7,0.0,0.0,357.88,212.04,619.29,0.0,0.0,None,None,None,None,None,None,None,None,None,None,None,None
2026-07-11T17:47:43.911740,71.037,49.275436,-123.200365,7.0,21.649,0,1.9,239.0,0.2,268.0,0.7,0.0,0.0,357.88,212.04,619.29,0.0,0.0,None,None,None,None,None,None,None,None,None,None,None,None
2026-07-11T17:47:43.912053,71.037,49.275436,-123.200365,7.0,21.649,0,1.9,239.0,0.2,268.0,0.7,0.0,0.0,357.88,212.04,619.29,0.0,0.0,None,None,None,None,None,None,None,None,None,None,None,None
2026-07-11T17:47:44.010267,71.136,49.275436,-123.200365,7.0,21.649,0,1.9,239.0,0.2,268.0,0.7,0.0,0.0,357.88,212.04,619.29,0.0,0.0,None,None,None,None,None,None,None,None,None,None,None,None
2026-07-11T17:47:44.010596,71.136,49.275436,-123.200365,7.0,21.649,0,1.9,239.0,0.2,268.0,0.7,0.0,0.0,357.88,212.04,619.29,0.0,0.0,None,None,None,None,None,None,None,None,None,None,None,None
2026-07-11T17:47:44.011545,71.137,49.275436,-123.200365,7.0,21.649,0,1.9,239.0,0.2,268.0,0.7,0.0,0.0,357.88,212.04,619.29,0.0,0.0,None,None,None,None,None,None,None,None,None,None,None,None
2026-07-11T17:47:44.011839,71.137,49.275436,-123.200365,7.0,21.649,0,1.9,239.0,0.2,268.0,0.7,0.0,0.0,357.88,212.04,619.29,0.0,0.0,None,None,None,None,None,None,None,None,None,None,None,None
2026-07-11T17:47:44.110211,71.236,49.275436,-123.200365,7.0,21.655,0,1.9,239.0,0.2,268.0,0.7,0.0,0.0,357.88,212.04,619.29,0.0,0.0,None,None,None,None,None,None,None,None,None,None,None,None
2026-07-11T17:47:44.110530,71.236,49.275436,-123.200365,7.0,21.655,0,1.9,239.0,0.2,268.0,0.7,0.0,0.0,357.88,212.04,619.29,0.0,0.0,None,None,None,None,None,None,None,None,None,None,None,None
2026-07-11T17:47:44.110721,71.236,49.275436,-123.200365,7.0,21.655,0,1.9,239.0,0.2,268.0,0.7,0.0,0.0,357.88,212.04,619.29,0.0,0.0,None,None,None,None,None,None,None,None,None,None,None,None
2026-07-11T17:47:44.111028,71.236,49.275436,-123.200365,7.0,21.655,0,1.9,239.0,0.2,268.0,0.7,0.0,0.0,357.88,212.04,619.29,0.0,0.0,None,None,None,None,None,None,None,None,None,None,None,None
2026-07-11T17:47:44.111203,71.237,49.275436,-123.200365,7.0,21.655,0,1.9,239.0,0.2,268.0,0.7,0.0,0.0,357.88,212.04,619.29,0.0,0.0,None,None,None,None,None,None,None,None,None,None,None,None
2026-07-11T17:47:44.111363,71.237,49.275436,-123.200365,7.0,21.655,0,1.9,239.0,0.2,268.0,0.7,0.0,0.0,357.88,212.04,619.29,0.0,0.0,None,None,None,None,None,None,None,None,None,None,None,None
2026-07-11T17:47:44.210801,71.336,49.275436,-123.200365,7.0,21.655,0,2.1,233.0,0.2,268.0,0.7,0.0,0.0,357.88,212.04,619.29,0.0,0.0,None,None,None,None,None,None,None,None,None,None,None,None
2026-07-11T17:47:44.211101,71.336,49.275436,-123.200365,7.0,21.655,0,2.1,233.0,0.2,268.0,0.7,0.0,0.0,357.88,212.04,619.29,0.0,0.0,None,None,None,None,None,None,None,None,None,None,None,None
2026-07-11T17:47:44.211430,71.337,49.275436,-123.200365,7.0,21.655,0,2.1,233.0,0.2,268.0,0.7,0.0,0.0,357.88,212.04,619.29,0.0,0.0,None,None,None,None,None,None,None,None,None,None,None,None
2026-07-11T17:47:44.211578,71.337,49.275436,-123.200365,7.0,21.655,0,2.1,233.0,0.2,268.0,0.7,0.0,0.0,357.88,212.04,619.29,0.0,0.0,None,None,None,None,None,None,None,None,None,None,None,None
2026-07-11T17:47:44.211878,71.337,49.275436,-123.200365,7.0,21.655,0,2.1,233.0,0.2,268.0,0.7,0.0,0.0,357.88,212.04,619.29,0.0,0.0,None,None,None,None,None,None,None,None,None,None,None,None
2026-07-11T17:47:44.212158,71.338,49.275436,-123.200365,7.0,21.655,0,2.1,233.0,0.2,268.0,0.7,0.0,0.0,357.88,212.04,619.29,0.0,0.0,None,None,None,None,None,None,None,None,None,None,None,None
2026-07-11T17:47:44.310789,71.436,49.275436,-123.200365,7.0,21.655,0,2.1,233.0,0.2,268.0,0.7,0.0,0.0,357.88,212.04,619.29,0.0,0.0,None,None,None,None,None,None,None,None,None,None,None,None
2026-07-11T17:47:44.311164,71.437,49.275436,-123.200365,7.0,21.655,0,2.1,233.0,0.2,268.0,0.7,0.0,0.0,357.88,212.04,619.29,0.0,0.0,None,None,None,None,None,None,None,None,None,None,None,None
2026-07-11T17:47:44.311706,71.437,49.275436,-123.200365,7.0,21.655,0,2.1,233.0,0.2,268.0,0.7,0.0,0.0,357.88,212.04,619.29,0.0,0.0,None,None,None,None,None,None,None,None,None,None,None,None
2026-07-11T17:47:44.311982,71.437,49.275436,-123.200365,7.0,21.655,0,2.1,233.0,0.2,268.0,0.7,0.0,0.0,357.88,212.04,619.29,0.0,0.0,None,None,None,None,None,None,None,None,None,None,None,None
2026-07-11T17:47:44.410887,71.536,49.275436,-123.200365,7.0,21.655,0,2.1,233.0,0.2,268.0,0.7,0.0,0.0,357.88,212.04,619.29,0.0,0.0,None,None,None,None,None,None,None,None,None,None,None,None
2026-07-11T17:47:44.411167,71.537,49.275436,-123.200365,7.0,21.655,0,2.1,233.0,0.4,242.0,0.7,0.0,0.0,357.88,212.04,619.29,0.0,0.0,None,None,None,None,None,None,None,None,None,None,None,None
2026-07-11T17:47:44.411408,71.537,49.275436,-123.200365,7.0,21.655,0,2.3,230.0,0.4,242.0,0.7,0.0,0.0,357.88,212.04,619.29,0.0,0.0,None,None,None,None,None,None,None,None,None,None,None,None
2026-07-11T17:47:44.510838,71.636,49.275436,-123.200365,7.0,21.655,0,2.3,230.0,0.4,242.0,0.7,0.0,0.0,357.88,212.04,619.29,0.0,0.0,None,None,None,None,None,None,None,None,None,None,None,None
2026-07-11T17:47:44.511091,71.636,49.275436,-123.200365,7.0,21.655,0,2.3,230.0,0.4,242.0,0.7,0.0,0.0,357.88,212.04,619.29,0.0,0.0,None,None,None,None,None,None,None,None,None,None,None,None
2026-07-11T17:47:44.511387,71.637,49.275436,-123.200365,7.0,21.655,0,2.3,230.0,0.4,242.0,0.7,0.0,0.0,357.88,212.04,619.29,0.0,0.0,None,None,None,None,None,None,None,None,None,None,None,None
2026-07-11T17:47:44.660890,71.786,49.275436,-123.200365,7.0,21.655,0,2.3,230.0,0.4,242.0,0.7,0.0,0.0,357.88,212.04,619.29,0.0,0.0,None,None,None,None,None,None,None,None,None,None,None,None
2026-07-11T17:47:44.661189,71.787,49.275436,-123.200365,7.0,21.655,0,2.3,230.0,0.4,242.0,0.7,0.0,0.0,357.88,212.04,619.29,0.0,0.0,None,None,None,None,None,None,None,None,None,None,None,None
2026-07-11T17:47:44.760815,71.886,49.275436,-123.200365,7.0,21.655,0,2.3,230.0,0.4,242.0,0.7,0.0,0.0,357.88,212.04,619.29,0.0,0.0,None,None,None,None,None,None,None,None,None,None,None,None
2026-07-11T17:47:44.761092,71.886,49.275436,-123.200365,7.0,21.655,0,2.3,230.0,0.2,268.0,0.7,0.0,0.0,357.88,212.04,619.29,0.0,0.0,None,None,None,None,None,None,None,None,None,None,None,None
2026-07-11T17:47:44.761337,71.887,49.275436,-123.200365,7.0,21.655,0,2.4,224.0,0.2,268.0,0.7,0.0,0.0,357.88,212.04,619.29,0.0,0.0,None,None,None,None,None,None,None,None,None,None,None,None
2026-07-11T17:47:44.761689,71.887,49.275436,-123.200365,7.0,21.655,0,2.4,224.0,0.2,268.0,0.7,0.0,0.0,357.88,212.04,619.29,0.0,0.0,None,None,None,None,None,None,None,None,None,None,None,None
2026-07-11T17:47:44.761937,71.887,49.275436,-123.200365,7.0,21.655,0,2.4,224.0,0.2,268.0,0.7,0.0,0.0,357.88,212.04,619.29,0.0,0.0,None,None,None,None,None,None,None,None,None,None,None,None
2026-07-11T17:47:44.860613,71.986,49.275436,-123.200365,7.0,21.655,0,2.4,224.0,0.2,268.0,0.7,0.0,0.0,357.88,212.04,619.29,0.0,0.0,None,None,None,None,None,None,None,None,None,None,None,None
2026-07-11T17:47:44.860942,71.986,49.275436,-123.200365,7.0,21.655,0,2.4,224.0,0.2,268.0,0.7,0.0,0.0,357.88,212.04,619.29,0.0,0.0,None,None,None,None,None,None,None,None,None,None,None,None
2026-07-11T17:47:44.861193,71.987,49.275436,-123.200365,7.0,21.655,0,2.4,224.0,0.2,268.0,0.7,0.0,0.0,357.88,212.04,619.29,0.0,0.0,None,None,None,None,None,None,None,None,None,None,None,None
2026-07-11T17:47:44.960801,72.086,49.275436,-123.200365,7.0,21.655,0,2.4,224.0,0.2,268.0,0.7,0.0,0.0,357.88,212.04,619.29,0.0,0.0,None,None,None,None,None,None,None,None,None,None,None,None
2026-07-11T17:47:44.961078,72.086,49.275436,-123.200365,7.0,21.655,0,2.4,224.0,0.2,268.0,0.7,0.0,0.0,357.88,212.04,619.29,0.0,0.0,None,None,None,None,None,None,None,None,None,None,None,None
2026-07-11T17:47:44.961334,72.087,49.275436,-123.200365,7.0,21.655,0,2.4,224.0,0.2,268.0,0.7,0.0,0.0,357.88,212.04,619.29,0.0,0.0,None,None,None,None,None,None,None,None,None,None,None,None
2026-07-11T17:47:44.961586,72.087,49.275436,-123.200365,7.0,21.655,0,2.4,224.0,0.5,179.0,0.7,0.0,0.0,357.88,212.04,619.29,0.0,0.0,None,None,None,None,None,None,None,None,None,None,None,None
2026-07-11T17:47:45.060692,72.186,49.275436,-123.200365,7.0,21.655,0,2.4,224.0,0.5,179.0,0.7,0.0,0.0,357.88,212.04,619.29,0.0,0.0,None,None,None,None,None,None,None,None,None,None,None,None
2026-07-11T17:47:45.060979,72.186,49.275436,-123.200365,7.0,21.655,0,2.3,222.0,0.5,179.0,0.7,0.0,0.0,357.88,212.04,619.29,0.0,0.0,None,None,None,None,None,None,None,None,None,None,None,None
2026-07-11T17:47:45.061210,72.187,49.275436,-123.200365,7.0,21.655,0,2.3,222.0,0.5,179.0,0.7,0.0,0.0,357.88,212.04,619.29,0.0,0.0,None,None,None,None,None,None,None,None,None,None,None,None
2026-07-11T17:47:45.061528,72.187,49.275436,-123.200365,7.0,21.655,0,2.3,222.0,0.5,179.0,0.7,0.0,0.0,357.88,212.04,619.29,0.0,0.0,None,None,None,None,None,None,None,None,None,None,None,None
2026-07-11T17:47:45.061811,72.187,49.275436,-123.200365,7.0,21.655,0,2.3,222.0,0.5,179.0,0.7,0.0,0.0,357.88,212.04,619.29,0.0,0.0,None,None,None,None,None,None,None,None,None,None,None,None
2026-07-11T17:47:45.062089,72.187,49.275436,-123.200365,7.0,21.655,0,2.3,222.0,0.5,179.0,0.7,0.0,0.0,357.88,212.04,619.29,0.0,0.0,None,None,None,None,None,None,None,None,None,None,None,None
2026-07-11T17:47:45.062888,72.188,49.275436,-123.200365,7.0,21.655,0,2.3,222.0,0.5,179.0,0.7,0.0,0.0,357.88,212.04,619.29,0.0,0.0,None,None,None,None,None,None,None,None,None,None,None,None
2026-07-11T17:47:45.160419,72.286,49.275436,-123.200365,7.0,21.655,0,2.3,222.0,0.5,179.0,0.7,0.0,0.0,357.88,212.04,619.29,0.0,0.0,None,None,None,None,None,None,None,None,None,None,None,None
2026-07-11T17:47:45.160760,72.286,49.275436,-123.200365,7.0,21.655,0,2.3,222.0,0.5,179.0,0.7,0.0,0.0,357.88,212.04,619.29,0.0,0.0,None,None,None,None,None,None,None,None,None,None,None,None
2026-07-11T17:47:45.260271,72.386,49.275436,-123.200365,7.0,21.655,0,2.3,222.0,0.5,179.0,0.7,0.0,0.0,357.88,212.04,619.29,0.0,0.0,None,None,None,None,None,None,None,None,None,None,None,None
2026-07-11T17:47:45.260604,72.386,49.275436,-123.200365,7.0,21.655,0,2.3,222.0,0.7,179.0,0.7,0.0,0.0,357.88,212.04,619.29,0.0,0.0,None,None,None,None,None,None,None,None,None,None,None,None
2026-07-11T17:47:45.260897,72.386,49.275436,-123.200365,7.0,21.655,0,2.3,222.0,0.7,179.0,0.7,0.0,0.0,357.88,212.04,619.29,0.0,0.0,None,None,None,None,None,None,None,None,None,None,None,None
2026-07-11T17:47:45.261145,72.387,49.275436,-123.200365,7.0,21.655,0,2.3,222.0,0.7,179.0,0.7,0.0,0.0,357.88,212.04,619.29,0.0,0.0,None,None,None,None,None,None,None,None,None,None,None,None
2026-07-11T17:47:45.261401,72.387,49.275436,-123.200365,7.0,21.655,0,2.2,219.0,0.7,179.0,0.7,0.0,0.0,357.88,212.04,619.29,0.0,0.0,None,None,None,None,None,None,None,None,None,None,None,None
2026-07-11T17:47:45.359984,72.485,49.275436,-123.200365,7.0,21.662,0,2.2,219.0,0.7,179.0,0.7,0.0,0.0,357.88,212.04,619.29,0.0,0.0,None,None,None,None,None,None,None,None,None,None,None,None
2026-07-11T17:47:45.360292,72.486,49.275436,-123.200365,7.0,21.662,0,2.2,219.0,0.7,179.0,0.7,0.0,0.0,357.88,212.04,619.29,0.0,0.0,None,None,None,None,None,None,None,None,None,None,None,None
2026-07-11T17:47:45.360633,72.486,49.275436,-123.200365,7.0,21.662,0,2.2,219.0,0.7,179.0,0.7,0.0,0.0,357.88,212.04,619.29,0.0,0.0,None,None,None,None,None,None,None,None,None,None,None,None
2026-07-11T17:47:45.361238,72.487,49.275436,-123.200365,7.0,21.662,0,2.2,219.0,0.7,179.0,0.7,0.0,0.0,357.88,212.04,619.29,0.0,0.0,None,None,None,None,None,None,None,None,None,None,None,None
2026-07-11T17:47:45.361521,72.487,49.275436,-123.200365,7.0,21.662,0,2.2,219.0,0.7,179.0,0.7,0.0,0.0,357.88,212.04,619.29,0.0,0.0,None,None,None,None,None,None,None,None,None,None,None,None
2026-07-11T17:47:45.361762,72.487,49.275436,-123.200365,7.0,21.662,0,2.2,219.0,0.7,179.0,0.7,0.0,0.0,357.88,212.04,619.29,0.0,0.0,None,None,None,None,None,None,None,None,None,None,None,None
2026-07-11T17:47:45.362056,72.487,49.275436,-123.200365,7.0,21.662,0,2.2,219.0,0.7,179.0,0.7,0.0,0.0,357.88,212.04,619.29,0.0,0.0,None,None,None,None,None,None,None,None,None,None,None,None
2026-07-11T17:47:45.460210,72.586,49.275436,-123.200365,7.0,21.662,0,2.2,219.0,0.7,179.0,0.7,0.0,0.0,357.88,212.04,619.29,0.0,0.0,None,None,None,None,None,None,None,None,None,None,None,None
2026-07-11T17:47:45.460554,72.586,49.275436,-123.200365,7.0,21.662,0,2.2,219.0,0.7,179.0,0.7,0.0,0.0,357.88,212.04,619.29,0.0,0.0,None,None,None,None,None,None,None,None,None,None,None,None
2026-07-11T17:47:45.460852,72.586,49.275436,-123.200365,7.0,21.662,0,2.2,219.0,0.7,179.0,0.7,0.0,0.0,357.88,212.04,619.29,0.0,0.0,None,None,None,None,None,None,None,None,None,None,None,None
2026-07-11T17:47:45.522013,72.647,49.275436,-123.200365,7.0,21.662,0,2.2,219.0,0.7,179.0,0.7,0.0,0.0,357.88,212.04,619.29,0.0,0.0,None,None,None,None,None,None,None,None,None,None,None,None
2026-07-11T17:47:45.522300,72.648,49.275436,-123.200365,7.0,21.662,0,2.2,219.0,1.0,193.0,0.7,0.0,0.0,357.88,212.04,619.29,0.0,0.0,None,None,None,None,None,None,None,None,None,None,None,None
2026-07-11T17:47:45.522536,72.648,49.275436,-123.200365,7.0,21.662,0,2.2,219.0,1.0,193.0,0.7,0.0,0.0,357.88,212.04,619.29,0.0,0.0,None,None,None,None,None,None,None,None,None,None,None,None
2026-07-11T17:47:45.523211,72.649,49.275436,-123.200365,7.0,21.662,0,2.2,219.0,1.0,193.0,0.7,0.0,0.0,357.88,212.04,619.29,0.0,0.0,None,None,None,None,None,None,None,None,None,None,None,None
2026-07-11T17:47:45.523445,72.649,49.275436,-123.200365,7.0,21.662,0,2.2,219.0,1.0,193.0,0.7,0.0,0.0,357.88,212.04,619.29,0.0,0.0,None,None,None,None,None,None,None,None,None,None,None,None
2026-07-11T17:47:45.660897,72.786,49.275436,-123.200365,7.0,21.662,0,2.2,219.0,1.0,193.0,0.7,0.0,0.0,357.88,212.04,619.29,0.0,0.0,None,None,None,None,None,None,None,None,None,None,None,None
2026-07-11T17:47:45.661187,72.787,49.275436,-123.200365,7.0,21.662,0,2.2,219.0,1.0,193.0,0.7,0.0,0.0,357.88,212.04,619.29,0.0,0.0,None,None,None,None,None,None,None,None,None,None,None,None
2026-07-11T17:47:45.760235,72.886,49.275436,-123.200365,7.0,21.662,0,2.2,219.0,1.0,193.0,0.7,0.0,0.0,357.88,212.04,619.29,0.0,0.0,None,None,None,None,None,None,None,None,None,None,None,None
2026-07-11T17:47:45.760572,72.886,49.275436,-123.200365,7.0,21.662,0,2.2,219.0,1.0,193.0,0.7,0.0,0.0,357.88,212.04,619.29,0.0,0.0,None,None,None,None,None,None,None,None,None,None,None,None
2026-07-11T17:47:45.760866,72.886,49.275436,-123.200365,7.0,21.662,0,2.2,219.0,1.2,210.0,0.7,0.0,0.0,357.88,212.04,619.29,0.0,0.0,None,None,None,None,None,None,None,None,None,None,None,None
2026-07-11T17:47:45.860210,72.986,49.275436,-123.200365,7.0,21.662,0,2.1,218.0,1.2,210.0,0.7,0.0,0.0,357.88,212.04,619.29,0.0,0.0,None,None,None,None,None,None,None,None,None,None,None,None
2026-07-11T17:47:45.860515,72.986,49.275436,-123.200365,7.0,21.662,0,2.1,218.0,1.2,210.0,0.7,0.0,0.0,357.88,212.04,619.29,0.0,0.0,None,None,None,None,None,None,None,None,None,None,None,None
2026-07-11T17:47:45.860749,72.986,49.275436,-123.200365,7.0,21.662,0,2.1,218.0,1.2,210.0,0.7,0.0,0.0,357.88,212.04,619.29,0.0,0.0,None,None,None,None,None,None,None,None,None,None,None,None
2026-07-11T17:47:45.861075,72.986,49.275436,-123.200365,7.0,21.662,0,2.1,218.0,1.2,210.0,0.7,0.0,0.0,357.88,212.04,619.29,0.0,0.0,None,None,None,None,None,None,None,None,None,None,None,None
2026-07-11T17:47:45.960691,73.086,49.275436,-123.200365,7.0,21.662,0,2.1,218.0,1.2,210.0,0.7,0.0,0.0,357.88,212.04,619.29,0.0,0.0,None,None,None,None,None,None,None,None,None,None,None,None
2026-07-11T17:47:45.960910,73.086,49.275436,-123.200365,7.0,21.662,0,2.1,218.0,1.2,210.0,0.7,0.0,0.0,357.88,212.04,619.29,0.0,0.0,None,None,None,None,None,None,None,None,None,None,None,None
2026-07-11T17:47:45.961188,73.087,49.275436,-123.200365,7.0,21.662,0,2.1,218.0,1.2,210.0,0.7,0.0,0.0,357.88,212.04,619.29,0.0,0.0,None,None,None,None,None,None,None,None,None,None,None,None
2026-07-11T17:47:45.961417,73.087,49.275436,-123.200365,7.0,21.662,0,2.1,218.0,1.2,210.0,0.7,0.0,0.0,357.88,212.04,619.29,0.0,0.0,None,None,None,None,None,None,None,None,None,None,None,None
2026-07-11T17:47:46.060604,73.186,49.275436,-123.200365,7.0,21.662,0,2.1,218.0,1.2,210.0,0.7,0.0,0.0,357.88,212.04,619.29,0.0,0.0,None,None,None,None,None,None,None,None,None,None,None,None
2026-07-11T17:47:46.060941,73.186,49.275436,-123.200365,7.0,21.662,0,2.1,218.0,1.2,219.0,0.7,0.0,0.0,357.88,212.04,619.29,0.0,0.0,None,None,None,None,None,None,None,None,None,None,None,None
2026-07-11T17:47:46.061236,73.187,49.275436,-123.200365,7.0,21.662,0,2.1,218.0,1.2,219.0,0.7,0.0,0.0,357.88,212.04,619.29,0.0,0.0,None,None,None,None,None,None,None,None,None,None,None,None
2026-07-11T17:47:46.061502,73.187,49.275436,-123.200365,7.0,21.662,0,2.1,218.0,1.2,219.0,0.7,0.0,0.0,357.88,212.04,619.29,0.0,0.0,None,None,None,None,None,None,None,None,None,None,None,None
2026-07-11T17:47:46.061716,73.187,49.275436,-123.200365,7.0,21.662,0,2.1,218.0,1.2,219.0,0.7,0.0,0.0,357.88,212.04,619.29,0.0,0.0,None,None,None,None,None,None,None,None,None,None,None,None
2026-07-11T17:47:46.062327,73.188,49.275436,-123.200365,7.0,21.662,0,2.1,218.0,1.2,219.0,0.7,0.0,0.0,357.88,212.04,619.29,0.0,0.0,None,None,None,None,None,None,None,None,None,None,None,None
2026-07-11T17:47:46.062478,73.188,49.275436,-123.200365,7.0,21.662,0,1.7,222.0,1.2,219.0,0.7,0.0,0.0,357.88,212.04,619.29,0.0,0.0,None,None,None,None,None,None,None,None,None,None,None,None
2026-07-11T17:47:46.062691,73.188,49.275436,-123.200365,7.0,21.662,0,1.7,222.0,1.2,219.0,0.7,0.0,0.0,357.88,212.04,619.29,0.0,0.0,None,None,None,None,None,None,None,None,None,None,None,None
2026-07-11T17:47:46.160146,73.286,49.275436,-123.200365,7.0,21.662,0,1.7,222.0,1.2,219.0,0.7,0.0,0.0,357.88,212.04,619.29,0.0,0.0,None,None,None,None,None,None,None,None,None,None,None,None
2026-07-11T17:47:46.160487,73.286,49.275436,-123.200365,7.0,21.662,0,1.7,222.0,1.2,219.0,0.7,0.0,0.0,357.88,212.04,619.29,0.0,0.0,None,None,None,None,None,None,None,None,None,None,None,None
2026-07-11T17:47:46.260120,73.386,49.275436,-123.200365,7.0,21.662,0,1.7,222.0,1.2,219.0,0.7,0.0,0.0,357.88,212.04,619.29,0.0,0.0,None,None,None,None,None,None,None,None,None,None,None,None
2026-07-11T17:47:46.260416,73.386,49.275436,-123.200365,7.0,21.662,0,1.7,222.0,1.2,219.0,0.7,0.0,0.0,357.88,212.04,619.29,0.0,0.0,None,None,None,None,None,None,None,None,None,None,None,None
2026-07-11T17:47:46.360455,73.486,49.275436,-123.200365,7.0,21.662,0,1.7,222.0,1.2,219.0,0.7,0.0,0.0,357.88,212.04,619.29,0.0,0.0,None,None,None,None,None,None,None,None,None,None,None,None
2026-07-11T17:47:46.360764,73.486,49.275436,-123.200365,7.0,21.662,0,1.7,222.0,1.2,219.0,0.7,0.0,0.0,357.88,212.04,619.29,0.0,0.0,None,None,None,None,None,None,None,None,None,None,None,None
2026-07-11T17:47:46.361026,73.486,49.275436,-123.200365,7.0,21.662,0,1.7,222.0,1.2,219.0,0.7,0.0,0.0,357.88,212.04,619.29,0.0,0.0,None,None,None,None,None,None,None,None,None,None,None,None
2026-07-11T17:47:46.361268,73.487,49.275436,-123.200365,7.0,21.662,0,1.7,222.0,1.2,219.0,0.7,0.0,0.0,357.88,212.04,619.29,0.0,0.0,None,None,None,None,None,None,None,None,None,None,None,None
2026-07-11T17:47:46.361535,73.487,49.275436,-123.200365,7.0,21.662,0,1.7,235.0,1.2,219.0,0.7,0.0,0.0,357.88,212.04,619.29,0.0,0.0,None,None,None,None,None,None,None,None,None,None,None,None
2026-07-11T17:47:46.361792,73.487,49.275436,-123.200365,7.0,21.662,0,1.7,235.0,1.2,219.0,0.7,0.0,0.0,357.88,212.04,619.29,0.0,0.0,None,None,None,None,None,None,None,None,None,None,None,None
2026-07-11T17:47:46.362008,73.487,49.275436,-123.200365,7.0,21.662,0,1.7,235.0,1.2,219.0,0.7,0.0,0.0,357.88,212.04,619.29,0.0,0.0,None,None,None,None,None,None,None,None,None,None,None,None
2026-07-11T17:47:46.460364,73.586,49.275436,-123.200365,7.0,21.662,0,1.7,235.0,1.2,219.0,0.7,0.0,0.0,357.88,212.04,619.29,0.0,0.0,None,None,None,None,None,None,None,None,None,None,None,None
2026-07-11T17:47:46.460718,73.586,49.275436,-123.200365,7.0,21.662,0,1.7,235.0,1.2,219.0,0.7,0.0,0.0,357.88,212.04,619.29,0.0,0.0,None,None,None,None,None,None,None,None,None,None,None,None
2026-07-11T17:47:46.460987,73.586,49.275436,-123.200365,7.0,21.662,0,1.7,235.0,1.2,219.0,0.7,0.0,0.0,357.88,212.04,619.29,0.0,0.0,None,None,None,None,None,None,None,None,None,None,None,None
2026-07-11T17:47:46.560110,73.686,49.275436,-123.200365,7.0,21.669,0,1.7,235.0,1.2,219.0,0.7,0.0,0.0,357.88,212.04,619.29,0.0,0.0,None,None,None,None,None,None,None,None,None,None,None,None
2026-07-11T17:47:46.560356,73.686,49.275436,-123.200365,7.0,21.669,0,1.7,235.0,1.2,219.0,0.7,0.0,0.0,357.88,212.04,619.29,0.0,0.0,None,None,None,None,None,None,None,None,None,None,None,None
2026-07-11T17:47:46.560642,73.686,49.275436,-123.200365,7.0,21.669,0,1.7,235.0,1.2,219.0,0.7,0.0,0.0,357.88,212.04,619.29,0.0,0.0,None,None,None,None,None,None,None,None,None,None,None,None
2026-07-11T17:47:46.560960,73.686,49.275436,-123.200365,7.0,21.669,0,1.7,235.0,1.1,228.0,0.7,0.0,0.0,357.88,212.04,619.29,0.0,0.0,None,None,None,None,None,None,None,None,None,None,None,None
2026-07-11T17:47:46.561252,73.687,49.275436,-123.200365,7.0,21.669,0,1.7,235.0,1.1,228.0,0.7,0.0,0.0,357.88,212.04,619.29,0.0,0.0,None,None,None,None,None,None,None,None,None,None,None,None
2026-07-11T17:47:46.660224,73.786,49.275436,-123.200365,7.0,21.669,0,1.4,248.0,1.1,228.0,0.7,0.0,0.0,357.88,212.04,619.29,0.0,0.0,None,None,None,None,None,None,None,None,None,None,None,None
2026-07-11T17:47:46.660638,73.786,49.275436,-123.200365,7.0,21.669,0,1.4,248.0,1.1,228.0,0.7,0.0,0.0,357.88,212.04,619.29,0.0,0.0,None,None,None,None,None,None,None,None,None,None,None,None
2026-07-11T17:47:46.660921,73.786,49.275436,-123.200365,7.0,21.669,0,1.4,248.0,1.1,228.0,0.7,0.0,0.0,357.88,212.04,619.29,0.0,0.0,None,None,None,None,None,None,None,None,None,None,None,None
2026-07-11T17:47:46.661200,73.787,49.275436,-123.200365,7.0,21.669,0,1.4,248.0,1.1,228.0,0.7,0.0,0.0,357.88,212.04,619.29,0.0,0.0,None,None,None,None,None,None,None,None,None,None,None,None
2026-07-11T17:47:46.723631,73.849,49.275436,-123.200365,7.0,21.669,0,1.4,248.0,1.1,228.0,0.7,0.0,0.0,357.88,212.04,619.29,0.0,0.0,None,None,None,None,None,None,None,None,None,None,None,None
2026-07-11T17:47:46.724033,73.849,49.275436,-123.200365,7.0,21.669,0,1.4,248.0,1.1,228.0,0.7,0.0,0.0,357.88,212.04,619.29,0.0,0.0,None,None,None,None,None,None,None,None,None,None,None,None
2026-07-11T17:47:46.860717,73.986,49.275436,-123.200365,7.0,21.669,0,1.4,248.0,1.1,228.0,0.7,0.0,0.0,357.88,212.04,619.29,0.0,0.0,None,None,None,None,None,None,None,None,None,None,None,None
2026-07-11T17:47:46.861029,73.986,49.275436,-123.200365,7.0,21.669,0,1.4,248.0,1.1,247.0,0.7,0.0,0.0,357.88,212.04,619.29,0.0,0.0,None,None,None,None,None,None,None,None,None,None,None,None
2026-07-11T17:47:46.861312,73.987,49.275436,-123.200365,7.0,21.669,0,1.5,248.0,1.1,247.0,0.7,0.0,0.0,357.88,212.04,619.29,0.0,0.0,None,None,None,None,None,None,None,None,None,None,None,None
2026-07-11T17:47:46.861576,73.987,49.275436,-123.200365,7.0,21.669,0,1.5,248.0,1.1,247.0,0.7,0.0,0.0,357.88,212.04,619.29,0.0,0.0,None,None,None,None,None,None,None,None,None,None,None,None
2026-07-11T17:47:46.960709,74.086,49.275436,-123.200365,7.0,21.669,0,1.5,248.0,1.1,247.0,0.7,0.0,0.0,357.88,212.04,619.29,0.0,0.0,None,None,None,None,None,None,None,None,None,None,None,None
2026-07-11T17:47:46.961003,74.086,49.275436,-123.200365,7.0,21.669,0,1.5,248.0,1.1,247.0,0.7,0.0,0.0,357.88,212.04,619.29,0.0,0.0,None,None,None,None,None,None,None,None,None,None,None,None
2026-07-11T17:47:46.961140,74.087,49.275436,-123.200365,7.0,21.669,0,1.5,248.0,1.1,247.0,0.7,0.0,0.0,357.88,212.04,619.29,0.0,0.0,None,None,None,None,None,None,None,None,None,None,None,None
2026-07-11T17:47:46.961305,74.087,49.275436,-123.200365,7.0,21.669,0,1.5,248.0,1.1,247.0,0.7,0.0,0.0,357.88,212.04,619.29,0.0,0.0,None,None,None,None,None,None,None,None,None,None,None,None
2026-07-11T17:47:46.961694,74.087,49.275436,-123.200365,7.0,21.669,0,1.5,248.0,1.1,247.0,0.7,0.0,0.0,357.88,212.04,619.29,0.0,0.0,None,None,None,None,None,None,None,None,None,None,None,None
2026-07-11T17:47:46.961939,74.087,49.275436,-123.200365,7.0,21.669,0,1.5,248.0,1.1,247.0,0.7,0.0,0.0,357.88,212.04,619.29,0.0,0.0,None,None,None,None,None,None,None,None,None,None,None,None
2026-07-11T17:47:47.060391,74.186,49.275436,-123.200365,7.0,21.669,0,1.5,248.0,1.1,247.0,0.7,0.0,0.0,357.88,212.04,619.29,0.0,0.0,None,None,None,None,None,None,None,None,None,None,None,None
2026-07-11T17:47:47.060712,74.186,49.275436,-123.200365,7.0,21.669,0,1.5,248.0,1.1,247.0,0.7,0.0,0.0,357.88,212.04,619.29,0.0,0.0,None,None,None,None,None,None,None,None,None,None,None,None
2026-07-11T17:47:47.060961,74.186,49.275436,-123.200365,7.0,21.669,0,1.5,248.0,1.1,247.0,0.7,0.0,0.0,357.88,212.04,619.29,0.0,0.0,None,None,None,None,None,None,None,None,None,None,None,None
2026-07-11T17:47:47.061908,74.187,49.275436,-123.200365,7.0,21.669,0,1.5,248.0,1.1,247.0,0.7,0.0,0.0,357.88,212.04,619.29,0.0,0.0,None,None,None,None,None,None,None,None,None,None,None,None
2026-07-11T17:47:47.160691,74.286,49.275436,-123.200365,7.0,21.669,0,1.5,248.0,1.2,274.0,0.7,0.0,0.0,357.88,212.04,619.29,0.0,0.0,None,None,None,None,None,None,None,None,None,None,None,None
2026-07-11T17:47:47.160997,74.286,49.275436,-123.200365,7.0,21.669,0,1.5,248.0,1.2,274.0,0.7,0.0,0.0,357.88,212.04,619.29,0.0,0.0,None,None,None,None,None,None,None,None,None,None,None,None
2026-07-11T17:47:47.161239,74.287,49.275436,-123.200365,7.0,21.669,0,1.7,252.0,1.2,274.0,0.7,0.0,0.0,357.88,212.04,619.29,0.0,0.0,None,None,None,None,None,None,None,None,None,None,None,None
2026-07-11T17:47:47.161502,74.287,49.275436,-123.200365,7.0,21.669,0,1.7,252.0,1.2,274.0,0.7,0.0,0.0,357.88,212.04,619.29,0.0,0.0,None,None,None,None,None,None,None,None,None,None,None,None
2026-07-11T17:47:47.161869,74.287,49.275436,-123.200365,7.0,21.669,0,1.7,252.0,1.2,274.0,0.7,0.0,0.0,357.88,212.04,619.29,0.0,0.0,None,None,None,None,None,None,None,None,None,None,None,None
2026-07-11T17:47:47.260164,74.386,49.275436,-123.200365,7.0,21.669,0,1.7,252.0,1.2,274.0,0.7,0.0,0.0,357.88,212.04,619.29,0.0,0.0,None,None,None,None,None,None,None,None,None,None,None,None
2026-07-11T17:47:47.260511,74.386,49.275436,-123.200365,7.0,21.669,0,1.7,252.0,1.2,274.0,0.7,0.0,0.0,357.88,212.04,619.29,0.0,0.0,None,None,None,None,None,None,None,None,None,None,None,None
2026-07-11T17:47:47.260791,74.386,49.275436,-123.200365,7.0,21.669,0,1.7,252.0,1.2,274.0,0.7,0.0,0.0,357.88,212.04,619.29,0.0,0.0,None,None,None,None,None,None,None,None,None,None,None,None
2026-07-11T17:47:47.361175,74.487,49.275436,-123.200365,7.0,21.669,0,1.7,252.0,1.2,274.0,0.7,0.0,0.0,357.88,212.04,619.29,0.0,0.0,None,None,None,None,None,None,None,None,None,None,None,None
2026-07-11T17:47:47.361595,74.487,49.275436,-123.200365,7.0,21.669,0,1.7,252.0,1.2,274.0,0.7,0.0,0.0,357.88,212.04,619.29,0.0,0.0,None,None,None,None,None,None,None,None,None,None,None,None
2026-07-11T17:47:47.361826,74.487,49.275436,-123.200365,7.0,21.669,0,1.7,252.0,1.1,294.0,0.7,0.0,0.0,357.88,212.04,619.29,0.0,0.0,None,None,None,None,None,None,None,None,None,None,None,None
2026-07-11T17:47:47.361987,74.487,49.275436,-123.200365,7.0,21.669,0,1.7,252.0,1.1,294.0,0.7,0.0,0.0,357.88,212.04,619.29,0.0,0.0,None,None,None,None,None,None,None,None,None,None,None,None
2026-07-11T17:47:47.362165,74.488,49.275436,-123.200365,7.0,21.669,0,1.7,252.0,1.1,294.0,0.7,0.0,0.0,357.88,212.04,619.29,0.0,0.0,None,None,None,None,None,None,None,None,None,None,None,None
2026-07-11T17:47:47.460340,74.586,49.275436,-123.200365,7.0,21.669,0,1.9,258.0,1.1,294.0,0.7,0.0,0.0,357.88,212.04,619.29,0.0,0.0,None,None,None,None,None,None,None,None,None,None,None,None
2026-07-11T17:47:47.460608,74.586,49.275436,-123.200365,7.0,21.669,0,1.9,258.0,1.1,294.0,0.7,0.0,0.0,357.88,212.04,619.29,0.0,0.0,None,None,None,None,None,None,None,None,None,None,None,None
2026-07-11T17:47:47.460918,74.586,49.275436,-123.200365,7.0,21.669,0,1.9,258.0,1.1,294.0,0.7,0.0,0.0,357.88,212.04,619.29,0.0,0.0,None,None,None,None,None,None,None,None,None,None,None,None
2026-07-11T17:47:47.461084,74.586,49.275436,-123.200365,7.0,21.669,0,1.9,258.0,1.1,294.0,0.7,0.0,0.0,357.88,212.04,619.29,0.0,0.0,None,None,None,None,None,None,None,None,None,None,None,None
2026-07-11T17:47:47.560118,74.686,49.275436,-123.200365,7.0,21.669,0,1.9,258.0,1.1,294.0,0.7,0.0,0.0,357.88,212.04,619.29,0.0,0.0,None,None,None,None,None,None,None,None,None,None,None,None
2026-07-11T17:47:47.560492,74.686,49.275436,-123.200365,7.0,21.669,0,1.9,258.0,1.1,294.0,0.7,0.0,0.0,357.88,212.04,619.29,0.0,0.0,None,None,None,None,None,None,None,None,None,None,None,None
2026-07-11T17:47:47.660057,74.785,49.275436,-123.200365,7.0,21.669,0,1.9,258.0,1.1,294.0,0.7,0.0,0.0,357.88,212.04,619.29,0.0,0.0,None,None,None,None,None,None,None,None,None,None,None,None
2026-07-11T17:47:47.660369,74.786,49.275436,-123.200365,7.0,21.669,0,1.9,258.0,1.6,285.0,0.7,0.0,0.0,357.88,212.04,619.29,0.0,0.0,None,None,None,None,None,None,None,None,None,None,None,None
2026-07-11T17:47:47.660628,74.786,49.275436,-123.200365,7.0,21.669,0,1.7,254.0,1.6,285.0,0.7,0.0,0.0,357.88,212.04,619.29,0.0,0.0,None,None,None,None,None,None,None,None,None,None,None,None
2026-07-11T17:47:47.660927,74.786,49.275436,-123.200365,7.0,21.669,0,1.7,254.0,1.6,285.0,0.7,0.0,0.0,357.88,212.04,619.29,0.0,0.0,None,None,None,None,None,None,None,None,None,None,None,None
2026-07-11T17:47:47.661169,74.787,49.275436,-123.200365,7.0,21.669,0,1.7,254.0,1.6,285.0,0.7,0.0,0.0,357.88,212.04,619.29,0.0,0.0,None,None,None,None,None,None,None,None,None,None,None,None
2026-07-11T17:47:47.661444,74.787,49.275436,-123.200365,7.0,21.676,0,1.7,254.0,1.6,285.0,0.7,0.0,0.0,357.88,212.04,619.29,0.0,0.0,None,None,None,None,None,None,None,None,None,None,None,None
2026-07-11T17:47:47.760879,74.886,49.275436,-123.200365,7.0,21.676,0,1.7,254.0,1.6,285.0,0.7,0.0,0.0,357.88,212.04,619.29,0.0,0.0,None,None,None,None,None,None,None,None,None,None,None,None
2026-07-11T17:47:47.761237,74.887,49.275436,-123.200365,7.0,21.676,0,1.7,254.0,1.6,285.0,0.7,0.0,0.0,357.88,212.04,619.29,0.0,0.0,None,None,None,None,None,None,None,None,None,None,None,None
2026-07-11T17:47:47.761643,74.887,49.275436,-123.200365,7.0,21.676,0,1.7,254.0,1.6,285.0,0.7,0.0,0.0,357.88,212.04,619.29,0.0,0.0,None,None,None,None,None,None,None,None,None,None,None,None
2026-07-11T17:47:47.860616,74.986,49.275436,-123.200365,7.0,21.676,0,1.7,254.0,1.6,285.0,0.7,0.0,0.0,357.88,212.04,619.29,0.0,0.0,None,None,None,None,None,None,None,None,None,None,None,None
2026-07-11T17:47:47.860830,74.986,49.275436,-123.200365,7.0,21.676,0,1.7,254.0,1.6,285.0,0.7,0.0,0.0,357.88,212.04,619.29,0.0,0.0,None,None,None,None,None,None,None,None,None,None,None,None
2026-07-11T17:47:47.860974,74.986,49.275436,-123.200365,7.0,21.676,0,1.7,254.0,1.6,285.0,0.7,0.0,0.0,357.88,212.04,619.29,0.0,0.0,None,None,None,None,None,None,None,None,None,None,None,None
2026-07-11T17:47:47.861116,74.987,49.275436,-123.200365,7.0,21.676,0,1.7,254.0,1.4,278.0,0.7,0.0,0.0,357.88,212.04,619.29,0.0,0.0,None,None,None,None,None,None,None,None,None,None,None,None
2026-07-11T17:47:47.960857,75.086,49.275436,-123.200365,7.0,21.676,0,1.7,254.0,1.4,278.0,0.7,0.0,0.0,357.88,212.04,619.29,0.0,0.0,None,None,None,None,None,None,None,None,None,None,None,None
2026-07-11T17:47:47.961157,75.087,49.275436,-123.200365,7.0,21.676,0,1.1,233.0,1.4,278.0,0.7,0.0,0.0,357.88,212.04,619.29,0.0,0.0,None,None,None,None,None,None,None,None,None,None,None,None
2026-07-11T17:47:47.961462,75.087,49.275436,-123.200365,7.0,21.676,0,1.1,233.0,1.4,278.0,0.7,0.0,0.0,357.88,212.04,619.29,0.0,0.0,None,None,None,None,None,None,None,None,None,None,None,None
2026-07-11T17:47:47.961692,75.087,49.275436,-123.200365,7.0,21.676,0,1.1,233.0,1.4,278.0,0.7,0.0,0.0,357.88,212.04,619.29,0.0,0.0,None,None,None,None,None,None,None,None,None,None,None,None
2026-07-11T17:47:47.961973,75.087,49.275436,-123.200365,7.0,21.676,0,1.1,233.0,1.4,278.0,0.7,0.0,0.0,357.88,212.04,619.29,0.0,0.0,None,None,None,None,None,None,None,None,None,None,None,None
2026-07-11T17:47:48.060294,75.186,49.275436,-123.200365,7.0,21.676,0,1.1,233.0,1.4,278.0,0.7,0.0,0.0,357.88,212.04,619.29,0.0,0.0,None,None,None,None,None,None,None,None,None,None,None,None
2026-07-11T17:47:48.060682,75.186,49.275436,-123.200365,7.0,21.676,0,1.1,233.0,1.4,278.0,0.7,0.0,0.0,357.88,212.04,619.29,0.0,0.0,None,None,None,None,None,None,None,None,None,None,None,None
2026-07-11T17:47:48.160875,75.286,49.275436,-123.200365,7.0,21.676,0,1.1,233.0,1.4,278.0,0.7,0.0,0.0,357.88,212.04,619.29,0.0,0.0,None,None,None,None,None,None,None,None,None,None,None,None
2026-07-11T17:47:48.161610,75.287,49.275436,-123.200365,7.0,21.676,0,1.1,233.0,1.4,278.0,0.7,0.0,0.0,357.88,212.04,619.29,0.0,0.0,None,None,None,None,None,None,None,None,None,None,None,None
2026-07-11T17:47:48.161854,75.287,49.275436,-123.200365,7.0,21.676,0,1.1,233.0,1.4,278.0,0.7,0.0,0.0,357.88,212.04,619.29,0.0,0.0,None,None,None,None,None,None,None,None,None,None,None,None
2026-07-11T17:47:48.162018,75.287,49.275436,-123.200365,7.0,21.676,0,1.1,233.0,1.2,274.0,0.7,0.0,0.0,357.88,212.04,619.29,0.0,0.0,None,None,None,None,None,None,None,None,None,None,None,None
2026-07-11T17:47:48.162190,75.288,49.275436,-123.200365,7.0,21.676,0,1.1,233.0,1.2,274.0,0.7,0.0,0.0,357.88,212.04,619.29,0.0,0.0,None,None,None,None,None,None,None,None,None,None,None,None
2026-07-11T17:47:48.260258,75.386,49.275436,-123.200365,7.0,21.676,0,1.3,224.0,1.2,274.0,0.7,0.0,0.0,357.88,212.04,619.29,0.0,0.0,None,None,None,None,None,None,None,None,None,None,None,None
2026-07-11T17:47:48.260541,75.386,49.275436,-123.200365,7.0,21.676,0,1.3,224.0,1.2,274.0,0.7,0.0,0.0,357.88,212.04,619.29,0.0,0.0,None,None,None,None,None,None,None,None,None,None,None,None
2026-07-11T17:47:48.260802,75.386,49.275436,-123.200365,7.0,21.676,0,1.3,224.0,1.2,274.0,0.7,0.0,0.0,357.88,212.04,619.29,0.0,0.0,None,None,None,None,None,None,None,None,None,None,None,None
2026-07-11T17:47:48.260946,75.386,49.275436,-123.200365,7.0,21.676,0,1.3,224.0,1.2,274.0,0.7,0.0,0.0,357.88,212.04,619.29,0.0,0.0,None,None,None,None,None,None,None,None,None,None,None,None
2026-07-11T17:47:48.261130,75.387,49.275436,-123.200365,7.0,21.676,0,1.3,224.0,1.2,274.0,0.7,0.0,0.0,357.88,212.04,619.29,0.0,0.0,None,None,None,None,None,None,None,None,None,None,None,None
2026-07-11T17:47:48.360553,75.486,49.275436,-123.200365,7.0,21.676,0,1.3,224.0,1.2,274.0,0.7,0.0,0.0,357.88,212.04,619.29,0.0,0.0,None,None,None,None,None,None,None,None,None,None,None,None
2026-07-11T17:47:48.360845,75.486,49.275436,-123.200365,7.0,21.676,0,1.3,224.0,1.2,274.0,0.7,0.0,0.0,357.88,212.04,619.29,0.0,0.0,None,None,None,None,None,None,None,None,None,None,None,None
2026-07-11T17:47:48.361112,75.487,49.275436,-123.200365,7.0,21.676,0,1.3,224.0,1.2,274.0,0.7,0.0,0.0,357.88,212.04,619.29,0.0,0.0,None,None,None,None,None,None,None,None,None,None,None,None
2026-07-11T17:47:48.361404,75.487,49.275436,-123.200365,7.0,21.676,0,1.3,224.0,1.2,274.0,0.7,0.0,0.0,357.88,212.04,619.29,0.0,0.0,None,None,None,None,None,None,None,None,None,None,None,None
2026-07-11T17:47:48.460265,75.586,49.275436,-123.200365,7.0,21.676,0,1.3,224.0,1.2,274.0,0.7,0.0,0.0,357.88,212.04,619.29,0.0,0.0,None,None,None,None,None,None,None,None,None,None,None,None
2026-07-11T17:47:48.460618,75.586,49.275436,-123.200365,7.0,21.676,0,1.3,224.0,1.4,261.0,0.7,0.0,0.0,357.88,212.04,619.29,0.0,0.0,None,None,None,None,None,None,None,None,None,None,None,None
2026-07-11T17:47:48.460911,75.586,49.275436,-123.200365,7.0,21.676,0,1.7,238.0,1.4,261.0,0.7,0.0,0.0,357.88,212.04,619.29,0.0,0.0,None,None,None,None,None,None,None,None,None,None,None,None
2026-07-11T17:47:48.461246,75.587,49.275436,-123.200365,7.0,21.676,0,1.7,238.0,1.4,261.0,0.7,0.0,0.0,357.88,212.04,619.29,0.0,0.0,None,None,None,None,None,None,None,None,None,None,None,None
2026-07-11T17:47:48.461496,75.587,49.275436,-123.200365,7.0,21.676,0,1.7,238.0,1.4,261.0,0.7,0.0,0.0,357.88,212.04,619.29,0.0,0.0,None,None,None,None,None,None,None,None,None,None,None,None
2026-07-11T17:47:48.461698,75.587,49.275436,-123.200365,7.0,21.676,0,1.7,238.0,1.4,261.0,0.7,0.0,0.0,357.88,212.04,619.29,0.0,0.0,None,None,None,None,None,None,None,None,None,None,None,None
2026-07-11T17:47:48.560089,75.685,49.275436,-123.200365,7.0,21.676,0,1.7,238.0,1.4,261.0,0.7,0.0,0.0,357.88,212.04,619.29,0.0,0.0,None,None,None,None,None,None,None,None,None,None,None,None
2026-07-11T17:47:48.560410,75.686,49.275436,-123.200365,7.0,21.676,0,1.7,238.0,1.4,261.0,0.7,0.0,0.0,357.88,212.04,619.29,0.0,0.0,None,None,None,None,None,None,None,None,None,None,None,None
2026-07-11T17:47:48.660969,75.786,49.275436,-123.200365,7.0,21.676,0,1.7,238.0,1.4,261.0,0.7,0.0,0.0,357.88,212.04,619.29,0.0,0.0,None,None,None,None,None,None,None,None,None,None,None,None
2026-07-11T17:47:48.661298,75.787,49.275436,-123.200365,7.0,21.676,0,1.7,238.0,1.4,261.0,0.7,0.0,0.0,357.88,212.04,619.29,0.0,0.0,None,None,None,None,None,None,None,None,None,None,None,None
2026-07-11T17:47:48.759969,75.885,49.275436,-123.200365,7.0,21.676,0,1.7,238.0,1.6,255.0,0.7,0.0,0.0,357.88,212.04,619.29,0.0,0.0,None,None,None,None,None,None,None,None,None,None,None,None
2026-07-11T17:47:48.760259,75.886,49.275436,-123.200365,7.0,21.676,0,1.7,235.0,1.6,255.0,0.7,0.0,0.0,357.88,212.04,619.29,0.0,0.0,None,None,None,None,None,None,None,None,None,None,None,None
2026-07-11T17:47:48.760454,75.886,49.275436,-123.200365,7.0,21.676,0,1.7,235.0,1.6,255.0,0.7,0.0,0.0,357.88,212.04,619.29,0.0,0.0,None,None,None,None,None,None,None,None,None,None,None,None
2026-07-11T17:47:48.760734,75.886,49.275436,-123.200365,7.0,21.676,0,1.7,235.0,1.6,255.0,0.7,0.0,0.0,357.88,212.04,619.29,0.0,0.0,None,None,None,None,None,None,None,None,None,None,None,None
2026-07-11T17:47:48.761499,75.887,49.275436,-123.200365,7.0,21.676,0,1.7,235.0,1.6,255.0,0.7,0.0,0.0,357.88,212.04,619.29,0.0,0.0,None,None,None,None,None,None,None,None,None,None,None,None
2026-07-11T17:47:48.761708,75.887,49.275436,-123.200365,7.0,21.676,0,1.7,235.0,1.6,255.0,0.7,0.0,0.0,357.88,212.04,619.29,0.0,0.0,None,None,None,None,None,None,None,None,None,None,None,None
2026-07-11T17:47:48.761876,75.887,49.275436,-123.200365,7.0,21.676,0,1.7,235.0,1.6,255.0,0.7,0.0,0.0,357.88,212.04,619.29,0.0,0.0,None,None,None,None,None,None,None,None,None,None,None,None
2026-07-11T17:47:48.860425,75.986,49.275436,-123.200365,7.0,21.676,0,1.7,235.0,1.6,255.0,0.7,0.0,0.0,357.88,212.04,619.29,0.0,0.0,None,None,None,None,None,None,None,None,None,None,None,None
2026-07-11T17:47:48.861005,75.986,49.275436,-123.200365,7.0,21.676,0,1.7,235.0,1.6,255.0,0.7,0.0,0.0,357.88,212.04,619.29,0.0,0.0,None,None,None,None,None,None,None,None,None,None,None,None
2026-07-11T17:47:48.861309,75.987,49.275436,-123.200365,7.0,21.676,0,1.7,235.0,1.6,255.0,0.7,0.0,0.0,357.88,212.04,619.29,0.0,0.0,None,None,None,None,None,None,None,None,None,None,None,None
2026-07-11T17:47:48.861504,75.987,49.275436,-123.200365,7.0,21.678,0,1.7,235.0,1.6,255.0,0.7,0.0,0.0,357.88,212.04,619.29,0.0,0.0,None,None,None,None,None,None,None,None,None,None,None,None
2026-07-11T17:47:48.960706,76.086,49.275436,-123.200365,7.0,21.678,0,1.7,235.0,1.6,255.0,0.7,0.0,0.0,357.88,212.04,619.29,0.0,0.0,None,None,None,None,None,None,None,None,None,None,None,None
2026-07-11T17:47:48.961116,76.087,49.275436,-123.200365,7.0,21.678,0,1.7,235.0,1.6,255.0,0.7,0.0,0.0,357.88,212.04,619.29,0.0,0.0,None,None,None,None,None,None,None,None,None,None,None,None
2026-07-11T17:47:48.961387,76.087,49.275436,-123.200365,7.0,21.678,0,1.7,235.0,1.6,255.0,0.7,0.0,0.0,357.88,212.04,619.29,0.0,0.0,None,None,None,None,None,None,None,None,None,None,None,None
2026-07-11T17:47:48.961681,76.087,49.275436,-123.200365,7.0,21.678,0,1.7,235.0,1.6,249.0,0.7,0.0,0.0,357.88,212.04,619.29,0.0,0.0,None,None,None,None,None,None,None,None,None,None,None,None
2026-07-11T17:47:48.961870,76.087,49.275436,-123.200365,7.0,21.678,0,1.7,235.0,1.6,249.0,0.7,0.0,0.0,357.88,212.04,619.29,0.0,0.0,None,None,None,None,None,None,None,None,None,None,None,None
2026-07-11T17:47:48.962015,76.087,49.275436,-123.200365,7.0,21.678,0,2.1,228.0,1.6,249.0,0.7,0.0,0.0,357.88,212.04,619.29,0.0,0.0,None,None,None,None,None,None,None,None,None,None,None,None
2026-07-11T17:47:49.059994,76.185,49.275436,-123.200365,7.0,21.678,0,2.1,228.0,1.6,249.0,0.7,0.0,0.0,357.88,212.04,619.29,0.0,0.0,None,None,None,None,None,None,None,None,None,None,None,None
2026-07-11T17:47:49.060346,76.186,49.275436,-123.200365,7.0,21.678,0,2.1,228.0,1.6,249.0,0.7,0.0,0.0,357.88,212.04,619.29,0.0,0.0,None,None,None,None,None,None,None,None,None,None,None,None
2026-07-11T17:47:49.060609,76.186,49.275436,-123.200365,7.0,21.678,0,2.1,228.0,1.6,249.0,0.7,0.0,0.0,357.88,212.04,619.29,0.0,0.0,None,None,None,None,None,None,None,None,None,None,None,None
2026-07-11T17:47:49.160401,76.286,49.275436,-123.200365,7.0,21.678,0,2.1,228.0,1.6,249.0,0.7,0.0,0.0,357.88,212.04,619.29,0.0,0.0,None,None,None,None,None,None,None,None,None,None,None,None
2026-07-11T17:47:49.160726,76.286,49.275436,-123.200365,7.0,21.678,0,2.1,228.0,1.6,249.0,0.7,0.0,0.0,357.88,212.04,619.29,0.0,0.0,None,None,None,None,None,None,None,None,None,None,None,None
2026-07-11T17:47:49.260916,76.386,49.275436,-123.200365,7.0,21.678,0,2.1,228.0,1.5,217.0,0.7,0.0,0.0,357.88,212.04,619.29,0.0,0.0,None,None,None,None,None,None,None,None,None,None,None,None
2026-07-11T17:47:49.261250,76.387,49.275436,-123.200365,7.0,21.678,0,2.1,228.0,1.5,217.0,0.7,0.0,0.0,357.88,212.04,619.29,0.0,0.0,None,None,None,None,None,None,None,None,None,None,None,None
2026-07-11T17:47:49.261519,76.387,49.275436,-123.200365,7.0,21.678,0,2.1,228.0,1.5,217.0,0.7,0.0,0.0,357.88,212.04,619.29,0.0,0.0,None,None,None,None,None,None,None,None,None,None,None,None
2026-07-11T17:47:49.261704,76.387,49.275436,-123.200365,7.0,21.678,0,2.3,224.0,1.5,217.0,0.7,0.0,0.0,357.88,212.04,619.29,0.0,0.0,None,None,None,None,None,None,None,None,None,None,None,None
2026-07-11T17:47:49.261828,76.387,49.275436,-123.200365,7.0,21.678,0,2.3,224.0,1.5,217.0,0.7,0.0,0.0,357.88,212.04,619.29,0.0,0.0,None,None,None,None,None,None,None,None,None,None,None,None
2026-07-11T17:47:49.261978,76.387,49.275436,-123.200365,7.0,21.678,0,2.3,224.0,1.5,217.0,0.7,0.0,0.0,357.88,212.04,619.29,0.0,0.0,None,None,None,None,None,None,None,None,None,None,None,None
2026-07-11T17:47:49.360341,76.486,49.275436,-123.200365,7.0,21.678,0,2.3,224.0,1.5,217.0,0.7,0.0,0.0,357.88,212.04,619.29,0.0,0.0,None,None,None,None,None,None,None,None,None,None,None,None
2026-07-11T17:47:49.360632,76.486,49.275436,-123.200365,7.0,21.678,0,2.3,224.0,1.5,217.0,0.7,0.0,0.0,357.88,212.04,619.29,0.0,0.0,None,None,None,None,None,None,None,None,None,None,None,None
2026-07-11T17:47:49.361188,76.487,49.275436,-123.200365,7.0,21.678,0,2.3,224.0,1.5,217.0,0.7,0.0,0.0,357.88,212.04,619.29,0.0,0.0,None,None,None,None,None,None,None,None,None,None,None,None
2026-07-11T17:47:49.361367,76.487,49.275436,-123.200365,7.0,21.678,0,2.3,224.0,1.5,217.0,0.7,0.0,0.0,357.88,212.04,619.29,0.0,0.0,None,None,None,None,None,None,None,None,None,None,None,None
2026-07-11T17:47:49.361504,76.487,49.275436,-123.200365,7.0,21.678,0,2.3,224.0,1.5,217.0,0.7,0.0,0.0,357.88,212.04,619.29,0.0,0.0,None,None,None,None,None,None,None,None,None,None,None,None
2026-07-11T17:47:49.361731,76.487,49.275436,-123.200365,7.0,21.678,0,2.3,224.0,1.5,217.0,0.7,0.0,0.0,357.88,212.04,619.29,0.0,0.0,None,None,None,None,None,None,None,None,None,None,None,None
2026-07-11T17:47:49.460726,76.586,49.275436,-123.200365,7.0,21.678,0,2.3,224.0,1.5,217.0,0.7,0.0,0.0,357.88,212.04,619.29,0.0,0.0,None,None,None,None,None,None,None,None,None,None,None,None
2026-07-11T17:47:49.461010,76.586,49.275436,-123.200365,7.0,21.678,0,2.3,224.0,1.7,195.0,0.7,0.0,0.0,357.88,212.04,619.29,0.0,0.0,None,None,None,None,None,None,None,None,None,None,None,None
2026-07-11T17:47:49.461226,76.587,49.275436,-123.200365,7.0,21.678,0,2.3,224.0,1.7,195.0,0.7,0.0,0.0,357.88,212.04,619.29,0.0,0.0,None,None,None,None,None,None,None,None,None,None,None,None
2026-07-11T17:47:49.560373,76.686,49.275436,-123.200365,7.0,21.678,0,2.3,222.0,1.7,195.0,0.7,0.0,0.0,357.88,212.04,619.29,0.0,0.0,None,None,None,None,None,None,None,None,None,None,None,None
2026-07-11T17:47:49.560737,76.686,49.275436,-123.200365,7.0,21.678,0,2.3,222.0,1.7,195.0,0.7,0.0,0.0,357.88,212.04,619.29,0.0,0.0,None,None,None,None,None,None,None,None,None,None,None,None
2026-07-11T17:47:49.560966,76.686,49.275436,-123.200365,7.0,21.678,0,2.3,222.0,1.7,195.0,0.7,0.0,0.0,357.88,212.04,619.29,0.0,0.0,None,None,None,None,None,None,None,None,None,None,None,None
2026-07-11T17:47:49.660737,76.786,49.275436,-123.200365,7.0,21.678,0,2.3,222.0,1.7,195.0,0.7,0.0,0.0,357.88,212.04,619.29,0.0,0.0,None,None,None,None,None,None,None,None,None,None,None,None
2026-07-11T17:47:49.661087,76.786,49.275436,-123.200365,7.0,21.678,0,2.3,222.0,1.7,195.0,0.7,0.0,0.0,357.88,212.04,619.29,0.0,0.0,None,None,None,None,None,None,None,None,None,None,None,None
2026-07-11T17:47:49.760208,76.886,49.275436,-123.200365,7.0,21.678,0,2.3,222.0,1.7,195.0,0.7,0.0,0.0,357.88,212.04,619.29,0.0,0.0,None,None,None,None,None,None,None,None,None,None,None,None
2026-07-11T17:47:49.760454,76.886,49.275436,-123.200365,7.0,21.678,0,2.3,222.0,1.7,195.0,0.7,0.0,0.0,357.88,212.04,619.29,0.0,0.0,None,None,None,None,None,None,None,None,None,None,None,None
2026-07-11T17:47:49.760815,76.886,49.275436,-123.200365,7.0,21.678,0,2.3,222.0,1.7,195.0,0.7,0.0,0.0,357.88,212.04,619.29,0.0,0.0,None,None,None,None,None,None,None,None,None,None,None,None
2026-07-11T17:47:49.761097,76.886,49.275436,-123.200365,7.0,21.678,0,2.3,222.0,1.0,179.0,0.7,0.0,0.0,357.88,212.04,619.29,0.0,0.0,None,None,None,None,None,None,None,None,None,None,None,None
2026-07-11T17:47:49.761359,76.887,49.275436,-123.200365,7.0,21.678,0,2.5,226.0,1.0,179.0,0.7,0.0,0.0,357.88,212.04,619.29,0.0,0.0,None,None,None,None,None,None,None,None,None,None,None,None
2026-07-11T17:47:49.860936,76.986,49.275436,-123.200365,7.0,21.678,0,2.5,226.0,1.0,179.0,0.7,0.0,0.0,357.88,212.04,619.29,0.0,0.0,None,None,None,None,None,None,None,None,None,None,None,None
2026-07-11T17:47:49.861209,76.987,49.275436,-123.200365,7.0,21.678,0,2.5,226.0,1.0,179.0,0.7,0.0,0.0,357.88,212.04,619.29,0.0,0.0,None,None,None,None,None,None,None,None,None,None,None,None
2026-07-11T17:47:49.861459,76.987,49.275436,-123.200365,7.0,21.678,0,2.5,226.0,1.0,179.0,0.7,0.0,0.0,357.88,212.04,619.29,0.0,0.0,None,None,None,None,None,None,None,None,None,None,None,None
2026-07-11T17:47:49.861774,76.987,49.275436,-123.200365,7.0,21.678,0,2.5,226.0,1.0,179.0,0.7,0.0,0.0,357.88,212.04,619.29,0.0,0.0,None,None,None,None,None,None,None,None,None,None,None,None
2026-07-11T17:47:49.862242,76.988,49.275436,-123.200365,7.0,21.678,0,2.5,226.0,1.0,179.0,0.7,0.0,0.0,357.88,212.04,619.29,0.0,0.0,None,None,None,None,None,None,None,None,None,None,None,None
2026-07-11T17:47:49.960012,77.085,49.275436,-123.200365,7.0,21.678,0,2.5,226.0,1.0,179.0,0.7,0.0,0.0,357.88,212.04,619.29,0.0,0.0,None,None,None,None,None,None,None,None,None,None,None,None
2026-07-11T17:47:49.960350,77.086,49.275436,-123.200365,7.0,21.678,0,2.5,226.0,1.0,179.0,0.7,0.0,0.0,357.88,212.04,619.29,0.0,0.0,None,None,None,None,None,None,None,None,None,None,None,None
2026-07-11T17:47:49.960623,77.086,49.275436,-123.200365,7.0,21.678,0,2.5,226.0,1.0,179.0,0.7,0.0,0.0,357.88,212.04,619.29,0.0,0.0,None,None,None,None,None,None,None,None,None,None,None,None
2026-07-11T17:47:50.060275,77.186,49.275436,-123.200365,7.0,21.678,0,2.5,226.0,1.0,179.0,0.7,0.0,0.0,357.88,212.04,619.29,0.0,0.0,None,None,None,None,None,None,None,None,None,None,None,None
2026-07-11T17:47:50.060584,77.186,49.275436,-123.200365,7.0,21.678,0,2.5,226.0,0.2,268.0,0.7,0.0,0.0,357.88,212.04,619.29,0.0,0.0,None,None,None,None,None,None,None,None,None,None,None,None
2026-07-11T17:47:50.060811,77.186,49.275436,-123.200365,7.0,21.678,0,2.5,226.0,0.2,268.0,0.7,0.0,0.0,357.88,212.04,619.29,0.0,0.0,None,None,None,None,None,None,None,None,None,None,None,None
2026-07-11T17:47:50.060936,77.186,49.275436,-123.200365,7.0,21.678,0,2.9,226.0,0.2,268.0,0.7,0.0,0.0,357.88,212.04,619.29,0.0,0.0,None,None,None,None,None,None,None,None,None,None,None,None
2026-07-11T17:47:50.061198,77.187,49.275436,-123.200365,7.0,21.678,0,2.9,226.0,0.2,268.0,0.7,0.0,0.0,357.88,212.04,619.29,0.0,0.0,None,None,None,None,None,None,None,None,None,None,None,None
2026-07-11T17:47:50.061442,77.187,49.275436,-123.200365,7.0,21.685,0,2.9,226.0,0.2,268.0,0.7,0.0,0.0,357.88,212.04,619.29,0.0,0.0,None,None,None,None,None,None,None,None,None,None,None,None
2026-07-11T17:47:50.061609,77.187,49.275436,-123.200365,7.0,21.685,0,2.9,226.0,0.2,268.0,0.7,0.0,0.0,357.88,212.04,619.29,0.0,0.0,None,None,None,None,None,None,None,None,None,None,None,None
2026-07-11T17:47:50.061777,77.187,49.275436,-123.200365,7.0,21.685,0,2.9,226.0,0.2,268.0,0.7,0.0,0.0,357.88,212.04,619.29,0.0,0.0,None,None,None,None,None,None,None,None,None,None,None,None
2026-07-11T17:47:50.159952,77.285,49.275436,-123.200365,7.0,21.685,0,2.9,226.0,0.2,268.0,0.7,0.0,0.0,357.88,212.04,619.29,0.0,0.0,None,None,None,None,None,None,None,None,None,None,None,None
2026-07-11T17:47:50.160887,77.286,49.275436,-123.200365,7.0,21.685,0,2.9,226.0,0.2,268.0,0.7,0.0,0.0,357.88,212.04,619.29,0.0,0.0,None,None,None,None,None,None,None,None,None,None,None,None
2026-07-11T17:47:50.161099,77.286,49.275436,-123.200365,7.0,21.685,0,2.9,226.0,0.2,268.0,0.7,0.0,0.0,357.88,212.04,619.29,0.0,0.0,None,None,None,None,None,None,None,None,None,None,None,None
2026-07-11T17:47:50.260011,77.385,49.275436,-123.200365,7.0,21.685,0,2.9,226.0,0.2,268.0,0.7,0.0,0.0,357.88,212.04,619.29,0.0,0.0,None,None,None,None,None,None,None,None,None,None,None,None
2026-07-11T17:47:50.260360,77.386,49.275438,-123.200366,7.0,21.685,0,2.9,226.0,0.2,268.0,0.7,0.0,0.0,357.88,212.04,619.29,0.0,0.0,None,None,None,None,None,None,None,None,None,None,None,None
2026-07-11T17:47:50.260704,77.386,49.275438,-123.200366,7.0,21.685,0,2.9,226.0,0.2,268.0,0.7,0.0,0.0,357.88,212.04,619.29,0.0,0.0,None,None,None,None,None,None,None,None,None,None,None,None
2026-07-11T17:47:50.260971,77.386,49.275438,-123.200366,7.0,21.685,0,2.9,226.0,0.2,268.0,0.7,0.0,0.0,357.88,212.04,619.29,0.0,0.0,None,None,None,None,None,None,None,None,None,None,None,None
2026-07-11T17:47:50.360013,77.485,49.275438,-123.200366,7.0,21.685,0,2.9,226.0,0.6,278.0,0.7,0.0,0.0,357.88,212.04,619.29,0.0,0.0,None,None,None,None,None,None,None,None,None,None,None,None
2026-07-11T17:47:50.360391,77.486,49.275438,-123.200366,7.0,21.685,0,2.9,226.0,0.6,278.0,0.7,0.0,0.0,357.88,212.04,619.29,0.0,0.0,None,None,None,None,None,None,None,None,None,None,None,None
2026-07-11T17:47:50.360677,77.486,49.275438,-123.200366,7.0,21.685,0,2.9,223.0,0.6,278.0,0.7,0.0,0.0,357.88,212.04,619.29,0.0,0.0,None,None,None,None,None,None,None,None,None,None,None,None
2026-07-11T17:47:50.360904,77.486,49.275438,-123.200366,7.0,21.685,0,2.9,223.0,0.6,278.0,0.7,0.0,0.0,357.88,212.04,619.29,0.0,0.0,None,None,None,None,None,None,None,None,None,None,None,None
2026-07-11T17:47:50.361222,77.487,49.275438,-123.200366,7.0,21.685,0,2.9,223.0,0.6,278.0,0.7,0.0,0.0,357.88,212.04,619.29,0.0,0.0,None,None,None,None,None,None,None,None,None,None,None,None
2026-07-11T17:47:50.361495,77.487,49.275438,-123.200366,7.0,21.685,0,2.9,223.0,0.6,278.0,0.7,0.0,0.0,357.88,212.04,619.29,0.0,0.0,None,None,None,None,None,None,None,None,None,None,None,None
2026-07-11T17:47:50.460237,77.586,49.275438,-123.200366,7.0,21.685,0,2.9,223.0,0.6,278.0,0.7,0.0,0.0,357.88,212.04,619.29,0.0,0.0,None,None,None,None,None,None,None,None,None,None,None,None
2026-07-11T17:47:50.460598,77.586,49.275438,-123.200366,7.0,21.685,0,2.9,223.0,0.6,278.0,0.7,0.0,0.0,357.88,212.04,619.29,0.0,0.0,None,None,None,None,None,None,None,None,None,None,None,None
2026-07-11T17:47:50.560344,77.686,49.275438,-123.200366,7.0,21.685,0,2.9,223.0,0.6,278.0,0.7,0.0,0.0,357.88,212.04,619.29,0.0,0.0,None,None,None,None,None,None,None,None,None,None,None,None
2026-07-11T17:47:50.560648,77.686,49.275438,-123.200366,7.0,21.685,0,2.9,223.0,0.6,278.0,0.7,0.0,0.0,357.88,212.04,619.29,0.0,0.0,None,None,None,None,None,None,None,None,None,None,None,None
2026-07-11T17:47:50.560841,77.686,49.275438,-123.200366,7.0,21.685,0,2.9,223.0,1.1,325.0,0.7,0.0,0.0,357.88,212.04,619.29,0.0,0.0,None,None,None,None,None,None,None,None,None,None,None,None
2026-07-11T17:47:50.560979,77.686,49.275438,-123.200366,7.0,21.685,0,2.7,223.0,1.1,325.0,0.7,0.0,0.0,357.88,212.04,619.29,0.0,0.0,None,None,None,None,None,None,None,None,None,None,None,None
2026-07-11T17:47:50.660928,77.786,49.275438,-123.200366,7.0,21.685,0,2.7,223.0,1.1,325.0,0.7,0.0,0.0,357.88,212.04,619.29,0.0,0.0,None,None,None,None,None,None,None,None,None,None,None,None
2026-07-11T17:47:50.661242,77.787,49.275438,-123.200366,7.0,21.685,0,2.7,223.0,1.1,325.0,0.7,0.0,0.0,357.88,212.04,619.29,0.0,0.0,None,None,None,None,None,None,None,None,None,None,None,None
2026-07-11T17:47:50.661543,77.787,49.275438,-123.200366,7.0,21.685,0,2.7,223.0,1.1,325.0,0.7,0.0,0.0,357.88,212.04,619.29,0.0,0.0,None,None,None,None,None,None,None,None,None,None,None,None
2026-07-11T17:47:50.760302,77.886,49.275438,-123.200366,7.0,21.685,0,2.7,223.0,1.1,325.0,0.7,0.0,0.0,357.88,212.04,619.29,0.0,0.0,None,None,None,None,None,None,None,None,None,None,None,None
2026-07-11T17:47:50.760627,77.886,49.275438,-123.200366,7.0,21.685,0,2.7,223.0,1.1,325.0,0.7,0.0,0.0,357.88,212.04,619.29,0.0,0.0,None,None,None,None,None,None,None,None,None,None,None,None
2026-07-11T17:47:50.860939,77.986,49.275438,-123.200366,7.0,21.685,0,2.7,223.0,1.1,325.0,0.7,0.0,0.0,357.88,212.04,619.29,0.0,0.0,None,None,None,None,None,None,None,None,None,None,None,None
2026-07-11T17:47:50.861260,77.987,49.275438,-123.200366,7.0,21.685,0,2.7,223.0,0.6,302.0,0.7,0.0,0.0,357.88,212.04,619.29,0.0,0.0,None,None,None,None,None,None,None,None,None,None,None,None
2026-07-11T17:47:50.861528,77.987,49.275438,-123.200366,7.0,21.685,0,2.7,223.0,0.6,302.0,0.7,0.0,0.0,357.88,212.04,619.29,0.0,0.0,None,None,None,None,None,None,None,None,None,None,None,None
2026-07-11T17:47:50.861825,77.987,49.275438,-123.200366,7.0,21.685,0,2.7,223.0,0.6,302.0,0.7,0.0,0.0,357.88,212.04,619.29,0.0,0.0,None,None,None,None,None,None,None,None,None,None,None,None
2026-07-11T17:47:50.862412,77.988,49.275438,-123.200366,7.0,21.685,0,2.7,223.0,0.6,302.0,0.7,0.0,0.0,357.88,212.04,619.29,0.0,0.0,None,None,None,None,None,None,None,None,None,None,None,None
2026-07-11T17:47:50.862733,77.988,49.275438,-123.200366,7.0,21.685,0,2.7,223.0,0.6,302.0,0.7,0.0,0.0,357.88,212.04,619.29,0.0,0.0,None,None,None,None,None,None,None,None,None,None,None,None
2026-07-11T17:47:50.960837,78.086,49.275438,-123.200366,7.0,21.685,0,2.7,223.0,0.6,302.0,0.7,0.0,0.0,357.88,212.04,619.29,0.0,0.0,None,None,None,None,None,None,None,None,None,None,None,None
2026-07-11T17:47:50.961137,78.087,49.275438,-123.200366,7.0,21.685,0,2.7,223.0,0.6,302.0,0.7,0.0,0.0,357.88,212.04,619.29,0.0,0.0,None,None,None,None,None,None,None,None,None,None,None,None
2026-07-11T17:47:50.961380,78.087,49.275438,-123.200366,7.0,21.685,0,2.7,223.0,0.6,302.0,0.7,0.0,0.0,357.88,212.04,619.29,0.0,0.0,None,None,None,None,None,None,None,None,None,None,None,None
2026-07-11T17:47:51.060722,78.186,49.275438,-123.200366,7.0,21.685,0,2.7,223.0,0.6,302.0,0.7,0.0,0.0,357.88,212.04,619.29,0.0,0.0,None,None,None,None,None,None,None,None,None,None,None,None
2026-07-11T17:47:51.061020,78.186,49.275438,-123.200366,7.0,21.685,0,2.7,223.0,0.6,302.0,0.7,0.0,0.0,357.88,212.04,619.29,0.0,0.0,None,None,None,None,None,None,None,None,None,None,None,None
2026-07-11T17:47:51.061278,78.187,49.275438,-123.200366,7.0,21.685,0,2.7,223.0,1.0,294.0,0.7,0.0,0.0,357.88,212.04,619.29,0.0,0.0,None,None,None,None,None,None,None,None,None,None,None,None
2026-07-11T17:47:51.160860,78.286,49.275438,-123.200366,7.0,21.685,0,2.7,223.0,1.0,294.0,0.7,0.0,0.0,357.88,212.04,619.29,0.0,0.0,None,None,None,None,None,None,None,None,None,None,None,None
2026-07-11T17:47:51.161165,78.287,49.275438,-123.200366,7.0,21.685,0,2.8,225.0,1.0,294.0,0.7,0.0,0.0,357.88,212.04,619.29,0.0,0.0,None,None,None,None,None,None,None,None,None,None,None,None
2026-07-11T17:47:51.161441,78.287,49.275438,-123.200366,7.0,21.685,0,2.8,225.0,1.0,294.0,0.7,0.0,0.0,357.88,212.04,619.29,0.0,0.0,None,None,None,None,None,None,None,None,None,None,None,None
2026-07-11T17:47:51.162171,78.288,49.275438,-123.200366,7.0,21.685,0,2.8,225.0,1.0,294.0,0.7,0.0,0.0,357.88,212.04,619.29,0.0,0.0,None,None,None,None,None,None,None,None,None,None,None,None
2026-07-11T17:47:51.162322,78.288,49.275438,-123.200366,7.0,21.685,0,2.8,225.0,1.0,294.0,0.7,0.0,0.0,357.88,212.04,619.29,0.0,0.0,None,None,None,None,None,None,None,None,None,None,None,None
2026-07-11T17:47:51.162523,78.288,49.275438,-123.200366,7.0,21.685,0,2.8,225.0,1.0,294.0,0.7,0.0,0.0,357.88,212.04,619.29,0.0,0.0,None,None,None,None,None,None,None,None,None,None,None,None
2026-07-11T17:47:51.260894,78.386,49.275438,-123.200366,7.0,21.685,0,2.8,225.0,1.0,294.0,0.7,0.0,0.0,357.88,212.04,619.29,0.0,0.0,None,None,None,None,None,None,None,None,None,None,None,None
2026-07-11T17:47:51.261097,78.386,49.275438,-123.200368,7.0,21.685,0,2.8,225.0,1.0,294.0,0.7,0.0,0.0,357.88,212.04,619.29,0.0,0.0,None,None,None,None,None,None,None,None,None,None,None,None
2026-07-11T17:47:51.265429,78.391,49.275438,-123.200368,7.0,21.685,0,2.8,225.0,1.0,294.0,0.7,0.0,0.0,357.88,212.04,619.29,0.0,0.0,None,None,None,None,None,None,None,None,None,None,None,None
2026-07-11T17:47:51.265642,78.391,49.275438,-123.200368,7.0,21.686,0,2.8,225.0,1.0,294.0,0.7,0.0,0.0,357.88,212.04,619.29,0.0,0.0,None,None,None,None,None,None,None,None,None,None,None,None
2026-07-11T17:47:51.265887,78.391,49.275438,-123.200368,7.0,21.686,0,2.8,225.0,1.0,294.0,0.7,0.0,0.0,357.88,212.04,619.29,0.0,0.0,None,None,None,None,None,None,None,None,None,None,None,None
2026-07-11T17:47:51.266140,78.392,49.275438,-123.200368,7.0,21.686,0,2.8,225.0,1.0,294.0,0.7,0.0,0.0,357.88,212.04,619.29,0.0,0.0,None,None,None,None,None,None,None,None,None,None,None,None
2026-07-11T17:47:51.360568,78.486,49.275438,-123.200368,7.0,21.686,0,2.8,225.0,1.0,294.0,0.7,0.0,0.0,357.88,212.04,619.29,0.0,0.0,None,None,None,None,None,None,None,None,None,None,None,None
2026-07-11T17:47:51.360915,78.486,49.275438,-123.200368,7.0,21.686,0,2.8,225.0,1.0,294.0,0.7,0.0,0.0,357.88,212.04,619.29,0.0,0.0,None,None,None,None,None,None,None,None,None,None,None,None
2026-07-11T17:47:51.361089,78.486,49.275438,-123.200368,7.0,21.686,0,2.8,225.0,1.3,289.0,0.7,0.0,0.0,357.88,212.04,619.29,0.0,0.0,None,None,None,None,None,None,None,None,None,None,None,None
2026-07-11T17:47:51.361231,78.487,49.275438,-123.200368,7.0,21.686,0,2.9,226.0,1.3,289.0,0.7,0.0,0.0,357.88,212.04,619.29,0.0,0.0,None,None,None,None,None,None,None,None,None,None,None,None
2026-07-11T17:47:51.361390,78.487,49.275438,-123.200368,7.0,21.686,0,2.9,226.0,1.3,289.0,0.7,0.0,0.0,357.88,212.04,619.29,0.0,0.0,None,None,None,None,None,None,None,None,None,None,None,None
2026-07-11T17:47:51.460356,78.586,49.275438,-123.200368,7.0,21.686,0,2.9,226.0,1.3,289.0,0.7,0.0,0.0,357.88,212.04,619.29,0.0,0.0,None,None,None,None,None,None,None,None,None,None,None,None
2026-07-11T17:47:51.460719,78.586,49.275438,-123.200368,7.0,21.686,0,2.9,226.0,1.3,289.0,0.7,0.0,0.0,357.88,212.04,619.29,0.0,0.0,None,None,None,None,None,None,None,None,None,None,None,None
2026-07-11T17:47:51.461036,78.586,49.275438,-123.200368,7.0,21.686,0,2.9,226.0,1.3,289.0,0.7,0.0,0.0,357.88,212.04,619.29,0.0,0.0,None,None,None,None,None,None,None,None,None,None,None,None
2026-07-11T17:47:51.560566,78.686,49.275438,-123.200368,7.0,21.686,0,2.9,226.0,1.3,289.0,0.7,0.0,0.0,357.88,212.04,619.29,0.0,0.0,None,None,None,None,None,None,None,None,None,None,None,None
2026-07-11T17:47:51.560915,78.686,49.275438,-123.200368,7.0,21.686,0,2.9,226.0,1.3,289.0,0.7,0.0,0.0,357.88,212.04,619.29,0.0,0.0,None,None,None,None,None,None,None,None,None,None,None,None
2026-07-11T17:47:51.660893,78.786,49.275438,-123.200368,7.0,21.686,0,2.9,226.0,1.3,289.0,0.7,0.0,0.0,357.88,212.04,619.29,0.0,0.0,None,None,None,None,None,None,None,None,None,None,None,None
2026-07-11T17:47:51.661075,78.786,49.275438,-123.200368,7.0,21.686,0,2.9,226.0,1.4,262.0,0.7,0.0,0.0,357.88,212.04,619.29,0.0,0.0,None,None,None,None,None,None,None,None,None,None,None,None
2026-07-11T17:47:51.661227,78.787,49.275438,-123.200368,7.0,21.686,0,2.8,228.0,1.4,262.0,0.7,0.0,0.0,357.88,212.04,619.29,0.0,0.0,None,None,None,None,None,None,None,None,None,None,None,None
2026-07-11T17:47:51.661461,78.787,49.275438,-123.200368,7.0,21.686,0,2.8,228.0,1.4,262.0,0.7,0.0,0.0,357.88,212.04,619.29,0.0,0.0,None,None,None,None,None,None,None,None,None,None,None,None
2026-07-11T17:47:51.661808,78.787,49.275438,-123.200368,7.0,21.686,0,2.8,228.0,1.4,262.0,0.7,0.0,0.0,357.88,212.04,619.29,0.0,0.0,None,None,None,None,None,None,None,None,None,None,None,None
2026-07-11T17:47:51.661982,78.787,49.275438,-123.200368,7.0,21.686,0,2.8,228.0,1.4,262.0,0.7,0.0,0.0,357.88,212.04,619.29,0.0,0.0,None,None,None,None,None,None,None,None,None,None,None,None
2026-07-11T17:47:51.760725,78.886,49.275438,-123.200368,7.0,21.686,0,2.8,228.0,1.4,262.0,0.7,0.0,0.0,357.88,212.04,619.29,0.0,0.0,None,None,None,None,None,None,None,None,None,None,None,None
2026-07-11T17:47:51.761047,78.886,49.275438,-123.200368,7.0,21.686,0,2.8,228.0,1.4,262.0,0.7,0.0,0.0,357.88,212.04,619.29,0.0,0.0,None,None,None,None,None,None,None,None,None,None,None,None
2026-07-11T17:47:51.860258,78.986,49.275438,-123.200368,7.0,21.686,0,2.8,228.0,1.4,262.0,0.7,0.0,0.0,357.88,212.04,619.29,0.0,0.0,None,None,None,None,None,None,None,None,None,None,None,None
2026-07-11T17:47:51.860618,78.986,49.275438,-123.200368,7.0,21.686,0,2.8,228.0,1.4,262.0,0.7,0.0,0.0,357.88,212.04,619.29,0.0,0.0,None,None,None,None,None,None,None,None,None,None,None,None
2026-07-11T17:47:51.860782,78.986,49.275438,-123.200368,7.0,21.686,0,2.8,228.0,1.4,262.0,0.7,0.0,0.0,357.88,212.04,619.29,0.0,0.0,None,None,None,None,None,None,None,None,None,None,None,None
2026-07-11T17:47:51.860948,78.986,49.275438,-123.200368,7.0,21.686,0,2.8,228.0,1.6,262.0,0.7,0.0,0.0,357.88,212.04,619.29,0.0,0.0,None,None,None,None,None,None,None,None,None,None,None,None
2026-07-11T17:47:51.960746,79.086,49.275438,-123.200368,7.0,21.686,0,2.4,228.0,1.6,262.0,0.7,0.0,0.0,357.88,212.04,619.29,0.0,0.0,None,None,None,None,None,None,None,None,None,None,None,None
2026-07-11T17:47:51.961093,79.086,49.275438,-123.200368,7.0,21.686,0,2.4,228.0,1.6,262.0,0.7,0.0,0.0,357.88,212.04,619.29,0.0,0.0,None,None,None,None,None,None,None,None,None,None,None,None
2026-07-11T17:47:51.961691,79.087,49.275438,-123.200368,7.0,21.686,0,2.4,228.0,1.6,262.0,0.7,0.0,0.0,357.88,212.04,619.29,0.0,0.0,None,None,None,None,None,None,None,None,None,None,None,None
2026-07-11T17:47:51.961943,79.087,49.275438,-123.200368,7.0,21.686,0,2.4,228.0,1.6,262.0,0.7,0.0,0.0,357.88,212.04,619.29,0.0,0.0,None,None,None,None,None,None,None,None,None,None,None,None
2026-07-11T17:47:51.962144,79.088,49.275438,-123.200368,7.0,21.686,0,2.4,228.0,1.6,262.0,0.7,0.0,0.0,357.88,212.04,619.29,0.0,0.0,None,None,None,None,None,None,None,None,None,None,None,None
2026-07-11T17:47:52.060897,79.186,49.275438,-123.200368,7.0,21.686,0,2.4,228.0,1.6,262.0,0.7,0.0,0.0,357.88,212.04,619.29,0.0,0.0,None,None,None,None,None,None,None,None,None,None,None,None
2026-07-11T17:47:52.061084,79.186,49.275438,-123.200368,7.0,21.686,0,2.4,228.0,1.6,262.0,0.7,0.0,0.0,357.88,212.04,619.29,0.0,0.0,None,None,None,None,None,None,None,None,None,None,None,None
2026-07-11T17:47:52.160892,79.286,49.275438,-123.200368,7.0,21.686,0,2.4,228.0,1.6,262.0,0.7,0.0,0.0,357.88,212.04,619.29,0.0,0.0,None,None,None,None,None,None,None,None,None,None,None,None
2026-07-11T17:47:52.161204,79.287,49.275438,-123.200368,7.0,21.686,0,2.4,228.0,1.6,262.0,0.7,0.0,0.0,357.88,212.04,619.29,0.0,0.0,None,None,None,None,None,None,None,None,None,None,None,None
2026-07-11T17:47:52.161966,79.287,49.275438,-123.200368,7.0,21.686,0,2.4,228.0,1.6,262.0,0.7,0.0,0.0,357.88,212.04,619.29,0.0,0.0,None,None,None,None,None,None,None,None,None,None,None,None
2026-07-11T17:47:52.162139,79.288,49.275438,-123.200368,7.0,21.686,0,2.4,228.0,1.2,268.0,0.7,0.0,0.0,357.88,212.04,619.29,0.0,0.0,None,None,None,None,None,None,None,None,None,None,None,None
2026-07-11T17:47:52.162422,79.288,49.275438,-123.200368,7.0,21.686,0,2.4,228.0,1.2,268.0,0.7,0.0,0.0,357.88,212.04,619.29,0.0,0.0,None,None,None,None,None,None,None,None,None,None,None,None
2026-07-11T17:47:52.162645,79.288,49.275438,-123.200368,7.0,21.686,0,2.5,232.0,1.2,268.0,0.7,0.0,0.0,357.88,212.04,619.29,0.0,0.0,None,None,None,None,None,None,None,None,None,None,None,None
2026-07-11T17:47:52.260825,79.386,49.275438,-123.200368,7.0,21.686,0,2.5,232.0,1.2,268.0,0.7,0.0,0.0,357.88,212.04,619.29,0.0,0.0,None,None,None,None,None,None,None,None,None,None,None,None
2026-07-11T17:47:52.261033,79.386,49.275438,-123.200368,7.0,21.686,0,2.5,232.0,1.2,268.0,0.7,0.0,0.0,357.88,212.04,619.29,0.0,0.0,None,None,None,None,None,None,None,None,None,None,None,None
2026-07-11T17:47:52.261319,79.387,49.275438,-123.20037,7.0,21.686,0,2.5,232.0,1.2,268.0,0.7,0.0,0.0,357.88,212.04,619.29,0.0,0.0,None,None,None,None,None,None,None,None,None,None,None,None
2026-07-11T17:47:52.261608,79.387,49.275438,-123.20037,7.0,21.686,0,2.5,232.0,1.2,268.0,0.7,0.0,0.0,357.88,212.04,619.29,0.0,0.0,None,None,None,None,None,None,None,None,None,None,None,None
2026-07-11T17:47:52.360236,79.486,49.275438,-123.20037,7.0,21.686,0,2.5,232.0,1.2,268.0,0.7,0.0,0.0,357.88,212.04,619.29,0.0,0.0,None,None,None,None,None,None,None,None,None,None,None,None
2026-07-11T17:47:52.360569,79.486,49.275438,-123.20037,7.0,21.686,0,2.5,232.0,1.2,268.0,0.7,0.0,0.0,357.88,212.04,619.29,0.0,0.0,None,None,None,None,None,None,None,None,None,None,None,None
2026-07-11T17:47:52.360864,79.486,49.275438,-123.20037,7.0,21.686,0,2.5,232.0,1.2,268.0,0.7,0.0,0.0,357.88,212.04,619.29,0.0,0.0,None,None,None,None,None,None,None,None,None,None,None,None
2026-07-11T17:47:52.361034,79.486,49.275438,-123.20037,7.0,21.686,0,2.5,232.0,1.2,268.0,0.7,0.0,0.0,357.88,212.04,619.29,0.0,0.0,None,None,None,None,None,None,None,None,None,None,None,None
2026-07-11T17:47:52.460523,79.586,49.275438,-123.20037,7.0,21.686,0,2.5,232.0,0.6,314.0,0.7,0.0,0.0,357.88,212.04,619.29,0.0,0.0,None,None,None,None,None,None,None,None,None,None,None,None
2026-07-11T17:47:52.460873,79.586,49.275438,-123.20037,7.0,21.686,0,2.5,232.0,0.6,314.0,0.7,0.0,0.0,357.88,212.04,619.29,0.0,0.0,None,None,None,None,None,None,None,None,None,None,None,None
2026-07-11T17:47:52.461156,79.587,49.275438,-123.20037,7.0,21.686,0,2.8,236.0,0.6,314.0,0.7,0.0,0.0,357.88,212.04,619.29,0.0,0.0,None,None,None,None,None,None,None,None,None,None,None,None
2026-07-11T17:47:52.461327,79.587,49.275438,-123.20037,7.0,21.686,0,2.8,236.0,0.6,314.0,0.7,0.0,0.0,357.88,212.04,619.29,0.0,0.0,None,None,None,None,None,None,None,None,None,None,None,None
2026-07-11T17:47:52.461446,79.587,49.275438,-123.20037,7.0,21.687,0,2.8,236.0,0.6,314.0,0.7,0.0,0.0,357.88,212.04,619.29,0.0,0.0,None,None,None,None,None,None,None,None,None,None,None,None
2026-07-11T17:47:52.461696,79.587,49.275438,-123.20037,7.0,21.687,0,2.8,236.0,0.6,314.0,0.7,0.0,0.0,357.88,212.04,619.29,0.0,0.0,None,None,None,None,None,None,None,None,None,None,None,None
2026-07-11T17:47:52.461866,79.587,49.275438,-123.20037,7.0,21.687,0,2.8,236.0,0.6,314.0,0.7,0.0,0.0,357.88,212.04,619.29,0.0,0.0,None,None,None,None,None,None,None,None,None,None,None,None
2026-07-11T17:47:52.560919,79.686,49.275438,-123.20037,7.0,21.687,0,2.8,236.0,0.6,314.0,0.7,0.0,0.0,357.88,212.04,619.29,0.0,0.0,None,None,None,None,None,None,None,None,None,None,None,None
2026-07-11T17:47:52.561245,79.687,49.275438,-123.20037,7.0,21.687,0,2.8,236.0,0.6,314.0,0.7,0.0,0.0,357.88,212.04,619.29,0.0,0.0,None,None,None,None,None,None,None,None,None,None,None,None
2026-07-11T17:47:52.660702,79.786,49.275438,-123.20037,7.0,21.687,0,2.8,236.0,0.6,314.0,0.7,0.0,0.0,357.88,212.04,619.29,0.0,0.0,None,None,None,None,None,None,None,None,None,None,None,None
2026-07-11T17:47:52.661027,79.786,49.275438,-123.20037,7.0,21.687,0,2.8,236.0,0.6,314.0,0.7,0.0,0.0,357.88,212.04,619.29,0.0,0.0,None,None,None,None,None,None,None,None,None,None,None,None
2026-07-11T17:47:52.760757,79.886,49.275438,-123.20037,7.0,21.687,0,2.8,236.0,0.2,88.0,0.7,0.0,0.0,357.88,212.04,619.29,0.0,0.0,None,None,None,None,None,None,None,None,None,None,None,None
2026-07-11T17:47:52.761069,79.886,49.275438,-123.20037,7.0,21.687,0,3.1,235.0,0.2,88.0,0.7,0.0,0.0,357.88,212.04,619.29,0.0,0.0,None,None,None,None,None,None,None,None,None,None,None,None
2026-07-11T17:47:52.761411,79.887,49.275438,-123.20037,7.0,21.687,0,3.1,235.0,0.2,88.0,0.7,0.0,0.0,357.88,212.04,619.29,0.0,0.0,None,None,None,None,None,None,None,None,None,None,None,None
2026-07-11T17:47:52.761608,79.887,49.275438,-123.20037,7.0,21.687,0,3.1,235.0,0.2,88.0,0.7,0.0,0.0,357.88,212.04,619.29,0.0,0.0,None,None,None,None,None,None,None,None,None,None,None,None
2026-07-11T17:47:52.761783,79.887,49.275438,-123.20037,7.0,21.687,0,3.1,235.0,0.2,88.0,0.7,0.0,0.0,357.88,212.04,619.29,0.0,0.0,None,None,None,None,None,None,None,None,None,None,None,None
2026-07-11T17:47:52.762474,79.888,49.275438,-123.20037,7.0,21.687,0,3.1,235.0,0.2,88.0,0.7,0.0,0.0,357.88,212.04,619.29,0.0,0.0,None,None,None,None,None,None,None,None,None,None,None,None
2026-07-11T17:47:52.762679,79.888,49.275438,-123.20037,7.0,21.687,0,3.1,235.0,0.2,88.0,0.7,0.0,0.0,357.88,212.04,619.29,0.0,0.0,None,None,None,None,None,None,None,None,None,None,None,None
2026-07-11T17:47:52.860778,79.986,49.275438,-123.20037,7.0,21.687,0,3.1,235.0,0.2,88.0,0.7,0.0,0.0,357.88,212.04,619.29,0.0,0.0,None,None,None,None,None,None,None,None,None,None,None,None
2026-07-11T17:47:52.861076,79.986,49.275438,-123.20037,7.0,21.687,0,3.1,235.0,0.2,88.0,0.7,0.0,0.0,357.88,212.04,619.29,0.0,0.0,None,None,None,None,None,None,None,None,None,None,None,None
2026-07-11T17:47:52.861263,79.987,49.275438,-123.20037,7.0,21.687,0,3.1,235.0,0.2,88.0,0.7,0.0,0.0,357.88,212.04,619.29,0.0,0.0,None,None,None,None,None,None,None,None,None,None,None,None
2026-07-11T17:47:52.963991,80.089,49.275438,-123.20037,7.0,21.687,0,3.1,235.0,0.2,88.0,0.7,0.0,0.0,357.88,212.04,619.29,0.0,0.0,None,None,None,None,None,None,None,None,None,None,None,None
2026-07-11T17:47:52.964824,80.090,49.275438,-123.20037,7.0,21.687,0,3.1,235.0,0.2,88.0,0.7,0.0,0.0,357.88,212.04,619.29,0.0,0.0,None,None,None,None,None,None,None,None,None,None,None,None
2026-07-11T17:47:52.965138,80.091,49.275438,-123.20037,7.0,21.687,0,3.1,235.0,0.2,153.0,0.7,0.0,0.0,357.88,212.04,619.29,0.0,0.0,None,None,None,None,None,None,None,None,None,None,None,None
2026-07-11T17:47:52.965467,80.091,49.275438,-123.20037,7.0,21.687,0,3.1,235.0,0.2,153.0,0.7,0.0,0.0,357.88,212.04,619.29,0.0,0.0,None,None,None,None,None,None,None,None,None,None,None,None
2026-07-11T17:47:52.965698,80.091,49.275438,-123.20037,7.0,21.687,0,3.7,228.0,0.2,153.0,0.7,0.0,0.0,357.88,212.04,619.29,0.0,0.0,None,None,None,None,None,None,None,None,None,None,None,None
2026-07-11T17:47:53.060785,80.186,49.275438,-123.20037,7.0,21.687,0,3.7,228.0,0.2,153.0,0.7,0.0,0.0,357.88,212.04,619.29,0.0,0.0,None,None,None,None,None,None,None,None,None,None,None,None
2026-07-11T17:47:53.061019,80.186,49.275438,-123.20037,7.0,21.687,0,3.7,228.0,0.2,153.0,0.7,0.0,0.0,357.88,212.04,619.29,0.0,0.0,None,None,None,None,None,None,None,None,None,None,None,None
2026-07-11T17:47:53.061198,80.187,49.275438,-123.20037,7.0,21.687,0,3.7,228.0,0.2,153.0,0.7,0.0,0.0,357.88,212.04,619.29,0.0,0.0,None,None,None,None,None,None,None,None,None,None,None,None
2026-07-11T17:47:53.160305,80.286,49.275438,-123.20037,7.0,21.687,0,3.7,228.0,0.2,153.0,0.7,0.0,0.0,357.88,212.04,619.29,0.0,0.0,None,None,None,None,None,None,None,None,None,None,None,None
2026-07-11T17:47:53.160645,80.286,49.275438,-123.20037,7.0,21.687,0,3.7,228.0,0.2,153.0,0.7,0.0,0.0,357.88,212.04,619.29,0.0,0.0,None,None,None,None,None,None,None,None,None,None,None,None
2026-07-11T17:47:53.260377,80.386,49.275438,-123.20037,7.0,21.687,0,3.7,228.0,0.9,209.0,0.7,0.0,0.0,357.88,212.04,619.29,0.0,0.0,None,None,None,None,None,None,None,None,None,None,None,None
2026-07-11T17:47:53.260728,80.386,49.275438,-123.20037,7.0,21.687,0,3.7,228.0,0.9,209.0,0.7,0.0,0.0,357.88,212.04,619.29,0.0,0.0,None,None,None,None,None,None,None,None,None,None,None,None
2026-07-11T17:47:53.260901,80.386,49.275438,-123.200371,7.0,21.687,0,3.7,228.0,0.9,209.0,0.7,0.0,0.0,357.88,212.04,619.29,0.0,0.0,None,None,None,None,None,None,None,None,None,None,None,None
2026-07-11T17:47:53.261132,80.387,49.275438,-123.200371,7.0,21.687,0,3.7,227.0,0.9,209.0,0.7,0.0,0.0,357.88,212.04,619.29,0.0,0.0,None,None,None,None,None,None,None,None,None,None,None,None
2026-07-11T17:47:53.261286,80.387,49.275438,-123.200371,7.0,21.687,0,3.7,227.0,0.9,209.0,0.7,0.0,0.0,357.88,212.04,619.29,0.0,0.0,None,None,None,None,None,None,None,None,None,None,None,None
2026-07-11T17:47:53.261457,80.387,49.275438,-123.200371,7.0,21.687,0,3.7,227.0,0.9,209.0,0.7,0.0,0.0,357.88,212.04,619.29,0.0,0.0,None,None,None,None,None,None,None,None,None,None,None,None
2026-07-11T17:47:53.261691,80.387,49.275438,-123.200371,7.0,21.687,0,3.7,227.0,0.9,209.0,0.7,0.0,0.0,357.88,212.04,619.29,0.0,0.0,None,None,None,None,None,None,None,None,None,None,None,None
2026-07-11T17:47:53.261903,80.387,49.275438,-123.200371,7.0,21.687,0,3.7,227.0,0.9,209.0,0.7,0.0,0.0,357.88,212.04,619.29,0.0,0.0,None,None,None,None,None,None,None,None,None,None,None,None
2026-07-11T17:47:53.360559,80.486,49.275438,-123.200371,7.0,21.687,0,3.7,227.0,0.9,209.0,0.7,0.0,0.0,357.88,212.04,619.29,0.0,0.0,None,None,None,None,None,None,None,None,None,None,None,None
2026-07-11T17:47:53.360907,80.486,49.275438,-123.200371,7.0,21.687,0,3.7,227.0,0.9,209.0,0.7,0.0,0.0,357.88,212.04,619.29,0.0,0.0,None,None,None,None,None,None,None,None,None,None,None,None
2026-07-11T17:47:53.361083,80.486,49.275438,-123.200371,7.0,21.687,0,3.7,227.0,0.9,209.0,0.7,0.0,0.0,357.88,212.04,619.29,0.0,0.0,None,None,None,None,None,None,None,None,None,None,None,None
2026-07-11T17:47:53.460286,80.586,49.275438,-123.200371,7.0,21.687,0,3.7,227.0,0.9,209.0,0.7,0.0,0.0,357.88,212.04,619.29,0.0,0.0,None,None,None,None,None,None,None,None,None,None,None,None
2026-07-11T17:47:53.460588,80.586,49.275438,-123.200371,7.0,21.687,0,3.7,227.0,1.0,242.0,0.7,0.0,0.0,357.88,212.04,619.29,0.0,0.0,None,None,None,None,None,None,None,None,None,None,None,None
2026-07-11T17:47:53.460923,80.586,49.275438,-123.200371,7.0,21.687,0,3.7,227.0,1.0,242.0,0.7,0.0,0.0,357.88,212.04,619.29,0.0,0.0,None,None,None,None,None,None,None,None,None,None,None,None
2026-07-11T17:47:53.560811,80.686,49.275438,-123.200371,7.0,21.687,0,3.7,221.0,1.0,242.0,0.7,0.0,0.0,357.88,212.04,619.29,0.0,0.0,None,None,None,None,None,None,None,None,None,None,None,None
2026-07-11T17:47:53.561101,80.686,49.275438,-123.200371,7.0,21.687,0,3.7,221.0,1.0,242.0,0.7,0.0,0.0,357.88,212.04,619.29,0.0,0.0,None,None,None,None,None,None,None,None,None,None,None,None
2026-07-11T17:47:53.561403,80.687,49.275438,-123.200371,7.0,21.687,0,3.7,221.0,1.0,242.0,0.7,0.0,0.0,357.88,212.04,619.29,0.0,0.0,None,None,None,None,None,None,None,None,None,None,None,None
2026-07-11T17:47:53.561573,80.687,49.275438,-123.200371,7.0,21.687,0,3.7,221.0,1.0,242.0,0.7,0.0,0.0,357.88,212.04,619.29,0.0,0.0,None,None,None,None,None,None,None,None,None,None,None,None
2026-07-11T17:47:53.660056,80.785,49.275438,-123.200371,7.0,21.687,0,3.7,221.0,1.0,242.0,0.7,0.0,0.0,357.88,212.04,619.29,0.0,0.0,None,None,None,None,None,None,None,None,None,None,None,None
2026-07-11T17:47:53.660784,80.786,49.275438,-123.200371,7.0,21.687,0,3.7,221.0,1.0,242.0,0.7,0.0,0.0,357.88,212.04,619.29,0.0,0.0,None,None,None,None,None,None,None,None,None,None,None,None
2026-07-11T17:47:53.661094,80.786,49.275438,-123.200371,7.0,21.687,0,3.7,221.0,1.0,242.0,0.7,0.0,0.0,357.88,212.04,619.29,0.0,0.0,None,None,None,None,None,None,None,None,None,None,None,None
2026-07-11T17:47:53.661293,80.787,49.275438,-123.200371,7.0,21.691,0,3.7,221.0,1.0,242.0,0.7,0.0,0.0,357.88,212.04,619.29,0.0,0.0,None,None,None,None,None,None,None,None,None,None,None,None
2026-07-11T17:47:53.661439,80.787,49.275438,-123.200371,7.0,21.691,0,3.7,221.0,1.0,242.0,0.7,0.0,0.0,357.88,212.04,619.29,0.0,0.0,None,None,None,None,None,None,None,None,None,None,None,None
2026-07-11T17:47:53.661619,80.787,49.275438,-123.200371,7.0,21.691,0,3.7,221.0,1.0,242.0,0.7,0.0,0.0,357.88,212.04,619.29,0.0,0.0,None,None,None,None,None,None,None,None,None,None,None,None
2026-07-11T17:47:53.760618,80.886,49.275438,-123.200371,7.0,21.691,0,3.7,221.0,1.0,242.0,0.7,0.0,0.0,357.88,212.04,619.29,0.0,0.0,None,None,None,None,None,None,None,None,None,None,None,None
2026-07-11T17:47:53.760831,80.886,49.275438,-123.200371,7.0,21.691,0,3.7,221.0,1.3,255.0,0.7,0.0,0.0,357.88,212.04,619.29,0.0,0.0,None,None,None,None,None,None,None,None,None,None,None,None
2026-07-11T17:47:53.760961,80.886,49.275438,-123.200371,7.0,21.691,0,3.4,208.0,1.3,255.0,0.7,0.0,0.0,357.88,212.04,619.29,0.0,0.0,None,None,None,None,None,None,None,None,None,None,None,None
2026-07-11T17:47:53.761115,80.887,49.275438,-123.200371,7.0,21.691,0,3.4,208.0,1.3,255.0,0.7,0.0,0.0,357.88,212.04,619.29,0.0,0.0,None,None,None,None,None,None,None,None,None,None,None,None
2026-07-11T17:47:53.860581,80.986,49.275438,-123.200371,7.0,21.691,0,3.4,208.0,1.3,255.0,0.7,0.0,0.0,357.88,212.04,619.29,0.0,0.0,None,None,None,None,None,None,None,None,None,None,None,None
2026-07-11T17:47:53.860940,80.986,49.275438,-123.200371,7.0,21.691,0,3.4,208.0,1.3,255.0,0.7,0.0,0.0,357.88,212.04,619.29,0.0,0.0,None,None,None,None,None,None,None,None,None,None,None,None
2026-07-11T17:47:53.861216,80.987,49.275438,-123.200371,7.0,21.691,0,3.4,208.0,1.3,255.0,0.7,0.0,0.0,357.88,212.04,619.29,0.0,0.0,None,None,None,None,None,None,None,None,None,None,None,None
2026-07-11T17:47:53.861515,80.987,49.275438,-123.200371,7.0,21.691,0,3.4,208.0,1.3,255.0,0.7,0.0,0.0,357.88,212.04,619.29,0.0,0.0,None,None,None,None,None,None,None,None,None,None,None,None
2026-07-11T17:47:53.960698,81.086,49.275438,-123.200371,7.0,21.691,0,3.4,208.0,1.3,255.0,0.7,0.0,0.0,357.88,212.04,619.29,0.0,0.0,None,None,None,None,None,None,None,None,None,None,None,None
2026-07-11T17:47:53.961039,81.086,49.275438,-123.200371,7.0,21.691,0,3.4,208.0,1.3,255.0,0.7,0.0,0.0,357.88,212.04,619.29,0.0,0.0,None,None,None,None,None,None,None,None,None,None,None,None
2026-07-11T17:47:53.961340,81.087,49.275438,-123.200371,7.0,21.691,0,3.4,208.0,1.3,255.0,0.7,0.0,0.0,357.88,212.04,619.29,0.0,0.0,None,None,None,None,None,None,None,None,None,None,None,None
2026-07-11T17:47:54.060822,81.186,49.275438,-123.200371,7.0,21.691,0,3.4,208.0,1.8,268.0,0.7,0.0,0.0,357.88,212.04,619.29,0.0,0.0,None,None,None,None,None,None,None,None,None,None,None,None
2026-07-11T17:47:54.061163,81.187,49.275438,-123.200371,7.0,21.691,0,3.4,208.0,1.8,268.0,0.7,0.0,0.0,357.88,212.04,619.29,0.0,0.0,None,None,None,None,None,None,None,None,None,None,None,None
2026-07-11T17:47:54.061381,81.187,49.275438,-123.200371,7.0,21.691,0,3.4,208.0,1.8,268.0,0.7,0.0,0.0,357.88,212.04,619.29,0.0,0.0,None,None,None,None,None,None,None,None,None,None,None,None
2026-07-11T17:47:54.061620,81.187,49.275438,-123.200371,7.0,21.691,0,3.4,210.0,1.8,268.0,0.7,0.0,0.0,357.88,212.04,619.29,0.0,0.0,None,None,None,None,None,None,None,None,None,None,None,None
2026-07-11T17:47:54.061867,81.187,49.275438,-123.200371,7.0,21.691,0,3.4,210.0,1.8,268.0,0.7,0.0,0.0,357.88,212.04,619.29,0.0,0.0,None,None,None,None,None,None,None,None,None,None,None,None
2026-07-11T17:47:54.062144,81.188,49.275438,-123.200371,7.0,21.691,0,3.4,210.0,1.8,268.0,0.7,0.0,0.0,357.88,212.04,619.29,0.0,0.0,None,None,None,None,None,None,None,None,None,None,None,None
2026-07-11T17:47:54.160696,81.286,49.275438,-123.200371,7.0,21.691,0,3.4,210.0,1.8,268.0,0.7,0.0,0.0,357.88,212.04,619.29,0.0,0.0,None,None,None,None,None,None,None,None,None,None,None,None
2026-07-11T17:47:54.161051,81.286,49.275438,-123.200371,7.0,21.691,0,3.4,210.0,1.8,268.0,0.7,0.0,0.0,357.88,212.04,619.29,0.0,0.0,None,None,None,None,None,None,None,None,None,None,None,None
2026-07-11T17:47:54.161810,81.287,49.275438,-123.200371,7.0,21.691,0,3.4,210.0,1.8,268.0,0.7,0.0,0.0,357.88,212.04,619.29,0.0,0.0,None,None,None,None,None,None,None,None,None,None,None,None
2026-07-11T17:47:54.162013,81.287,49.275438,-123.200371,7.0,21.691,0,3.4,210.0,1.8,268.0,0.7,0.0,0.0,357.88,212.04,619.29,0.0,0.0,None,None,None,None,None,None,None,None,None,None,None,None
2026-07-11T17:47:54.259902,81.385,49.275438,-123.200371,7.0,21.691,0,3.4,210.0,1.8,268.0,0.7,0.0,0.0,357.88,212.04,619.29,0.0,0.0,None,None,None,None,None,None,None,None,None,None,None,None
2026-07-11T17:47:54.260270,81.386,49.275438,-123.200371,7.0,21.691,0,3.4,210.0,1.8,268.0,0.7,0.0,0.0,357.88,212.04,619.29,0.0,0.0,None,None,None,None,None,None,None,None,None,None,None,None
2026-07-11T17:47:54.260858,81.386,49.275438,-123.200371,7.0,21.691,0,3.4,210.0,1.8,268.0,0.7,0.0,0.0,357.88,212.04,619.29,0.0,0.0,None,None,None,None,None,None,None,None,None,None,None,None
2026-07-11T17:47:54.261146,81.387,49.275438,-123.200371,7.0,21.691,0,3.4,210.0,1.8,268.0,0.7,0.0,0.0,357.88,212.04,619.29,0.0,0.0,None,None,None,None,None,None,None,None,None,None,None,None
2026-07-11T17:47:54.261417,81.387,49.275438,-123.200371,7.0,21.691,0,3.4,210.0,1.5,262.0,0.7,0.0,0.0,357.88,212.04,619.29,0.0,0.0,None,None,None,None,None,None,None,None,None,None,None,None
2026-07-11T17:47:54.261671,81.387,49.275438,-123.200371,7.0,21.691,0,3.4,210.0,1.5,262.0,0.7,0.0,0.0,357.88,212.04,619.29,0.0,0.0,None,None,None,None,None,None,None,None,None,None,None,None
2026-07-11T17:47:54.360104,81.485,49.275438,-123.200371,7.0,21.691,0,3.4,208.0,1.5,262.0,0.7,0.0,0.0,357.88,212.04,619.29,0.0,0.0,None,None,None,None,None,None,None,None,None,None,None,None
2026-07-11T17:47:54.360392,81.486,49.275438,-123.200371,7.0,21.691,0,3.4,208.0,1.5,262.0,0.7,0.0,0.0,357.88,212.04,619.29,0.0,0.0,None,None,None,None,None,None,None,None,None,None,None,None
2026-07-11T17:47:54.360673,81.486,49.275438,-123.200371,7.0,21.691,0,3.4,208.0,1.5,262.0,0.7,0.0,0.0,357.88,212.04,619.29,0.0,0.0,None,None,None,None,None,None,None,None,None,None,None,None
2026-07-11T17:47:54.360935,81.486,49.275438,-123.200371,7.0,21.691,0,3.4,208.0,1.5,262.0,0.7,0.0,0.0,357.88,212.04,619.29,0.0,0.0,None,None,None,None,None,None,None,None,None,None,None,None
2026-07-11T17:47:54.361219,81.487,49.275438,-123.200371,7.0,21.691,0,3.4,208.0,1.5,262.0,0.7,0.0,0.0,357.88,212.04,619.29,0.0,0.0,None,None,None,None,None,None,None,None,None,None,None,None
2026-07-11T17:47:54.460235,81.586,49.275438,-123.200371,7.0,21.691,0,3.4,208.0,1.5,262.0,0.7,0.0,0.0,357.88,212.04,619.29,0.0,0.0,None,None,None,None,None,None,None,None,None,None,None,None
2026-07-11T17:47:54.560239,81.686,49.275438,-123.200371,7.0,21.691,0,3.4,208.0,1.5,262.0,0.7,0.0,0.0,357.88,212.04,619.29,0.0,0.0,None,None,None,None,None,None,None,None,None,None,None,None
2026-07-11T17:47:54.560560,81.686,49.275438,-123.200371,7.0,21.691,0,3.4,208.0,1.5,262.0,0.7,0.0,0.0,357.88,212.04,619.29,0.0,0.0,None,None,None,None,None,None,None,None,None,None,None,None
2026-07-11T17:47:54.560849,81.686,49.275438,-123.200371,7.0,21.691,0,3.4,208.0,1.5,246.0,0.7,0.0,0.0,357.88,212.04,619.29,0.0,0.0,None,None,None,None,None,None,None,None,None,None,None,None
2026-07-11T17:47:54.561110,81.686,49.275438,-123.200371,7.0,21.691,0,3.0,211.0,1.5,246.0,0.7,0.0,0.0,357.88,212.04,619.29,0.0,0.0,None,None,None,None,None,None,None,None,None,None,None,None
2026-07-11T17:47:54.660944,81.786,49.275438,-123.200371,7.0,21.691,0,3.0,211.0,1.5,246.0,0.7,0.0,0.0,357.88,212.04,619.29,0.0,0.0,None,None,None,None,None,None,None,None,None,None,None,None
2026-07-11T17:47:54.661234,81.787,49.275438,-123.200371,7.0,21.691,0,3.0,211.0,1.5,246.0,0.7,0.0,0.0,357.88,212.04,619.29,0.0,0.0,None,None,None,None,None,None,None,None,None,None,None,None
2026-07-11T17:47:54.661527,81.787,49.275438,-123.200371,7.0,21.691,0,3.0,211.0,1.5,246.0,0.7,0.0,0.0,357.88,212.04,619.29,0.0,0.0,None,None,None,None,None,None,None,None,None,None,None,None
2026-07-11T17:47:54.760578,81.886,49.275438,-123.200371,7.0,21.691,0,3.0,211.0,1.5,246.0,0.7,0.0,0.0,357.88,212.04,619.29,0.0,0.0,None,None,None,None,None,None,None,None,None,None,None,None
2026-07-11T17:47:54.760911,81.886,49.275438,-123.200371,7.0,21.691,0,3.0,211.0,1.5,246.0,0.7,0.0,0.0,357.88,212.04,619.29,0.0,0.0,None,None,None,None,None,None,None,None,None,None,None,None
2026-07-11T17:47:54.761182,81.887,49.275438,-123.200371,7.0,21.691,0,3.0,211.0,1.5,246.0,0.7,0.0,0.0,357.88,212.04,619.29,0.0,0.0,None,None,None,None,None,None,None,None,None,None,None,None
2026-07-11T17:47:54.761914,81.887,49.275438,-123.200371,7.0,21.691,0,3.0,211.0,1.5,246.0,0.7,0.0,0.0,357.88,212.04,619.29,0.0,0.0,None,None,None,None,None,None,None,None,None,None,None,None
2026-07-11T17:47:54.860241,81.986,49.275438,-123.200371,7.0,21.691,0,3.0,211.0,1.5,246.0,0.7,0.0,0.0,357.88,212.04,619.29,0.0,0.0,None,None,None,None,None,None,None,None,None,None,None,None
2026-07-11T17:47:54.860549,81.986,49.275438,-123.200371,7.0,21.691,0,3.0,211.0,1.8,242.0,0.7,0.0,0.0,357.88,212.04,619.29,0.0,0.0,None,None,None,None,None,None,None,None,None,None,None,None
2026-07-11T17:47:54.860797,81.986,49.275438,-123.200371,7.0,21.691,0,2.4,216.0,1.8,242.0,0.7,0.0,0.0,357.88,212.04,619.29,0.0,0.0,None,None,None,None,None,None,None,None,None,None,None,None
2026-07-11T17:47:54.861105,81.986,49.275438,-123.200371,7.0,21.691,0,2.4,216.0,1.8,242.0,0.7,0.0,0.0,357.88,212.04,619.29,0.0,0.0,None,None,None,None,None,None,None,None,None,None,None,None
2026-07-11T17:47:54.861375,81.987,49.275438,-123.200371,7.0,21.691,0,2.4,216.0,1.8,242.0,0.7,0.0,0.0,357.88,212.04,619.29,0.0,0.0,None,None,None,None,None,None,None,None,None,None,None,None
2026-07-11T17:47:54.861633,81.987,49.275438,-123.200371,7.0,21.691,0,2.4,216.0,1.8,242.0,0.7,0.0,0.0,357.88,212.04,619.29,0.0,0.0,None,None,None,None,None,None,None,None,None,None,None,None
2026-07-11T17:47:54.861899,81.987,49.275438,-123.200371,7.0,21.69,0,2.4,216.0,1.8,242.0,0.7,0.0,0.0,357.88,212.04,619.29,0.0,0.0,None,None,None,None,None,None,None,None,None,None,None,None
2026-07-11T17:47:54.862088,81.987,49.275438,-123.200371,7.0,21.69,0,2.4,216.0,1.8,242.0,0.7,0.0,0.0,357.88,212.04,619.29,0.0,0.0,None,None,None,None,None,None,None,None,None,None,None,None
2026-07-11T17:47:54.862258,81.988,49.275438,-123.200371,7.0,21.69,0,2.4,216.0,1.8,242.0,0.7,0.0,0.0,357.88,212.04,619.29,0.0,0.0,None,None,None,None,None,None,None,None,None,None,None,None
2026-07-11T17:47:54.960426,82.086,49.275438,-123.200371,7.0,21.69,0,2.4,216.0,1.8,242.0,0.7,0.0,0.0,357.88,212.04,619.29,0.0,0.0,None,None,None,None,None,None,None,None,None,None,None,None
2026-07-11T17:47:54.960710,82.086,49.275438,-123.200371,7.0,21.69,0,2.4,216.0,1.8,242.0,0.7,0.0,0.0,357.88,212.04,619.29,0.0,0.0,None,None,None,None,None,None,None,None,None,None,None,None
2026-07-11T17:47:54.960863,82.086,49.275438,-123.200371,7.0,21.69,0,2.4,216.0,1.8,242.0,0.7,0.0,0.0,357.88,212.04,619.29,0.0,0.0,None,None,None,None,None,None,None,None,None,None,None,None
2026-07-11T17:47:55.060594,82.186,49.275438,-123.200371,7.0,21.69,0,2.4,216.0,1.8,242.0,0.7,0.0,0.0,357.88,212.04,619.29,0.0,0.0,None,None,None,None,None,None,None,None,None,None,None,None
2026-07-11T17:47:55.060913,82.186,49.275438,-123.200371,7.0,21.69,0,2.4,216.0,1.8,242.0,0.7,0.0,0.0,357.88,212.04,619.29,0.0,0.0,None,None,None,None,None,None,None,None,None,None,None,None
2026-07-11T17:47:55.061186,82.187,49.275438,-123.200371,7.0,21.69,0,2.4,216.0,1.7,231.0,0.7,0.0,0.0,357.88,212.04,619.29,0.0,0.0,None,None,None,None,None,None,None,None,None,None,None,None
2026-07-11T17:47:55.160617,82.286,49.275438,-123.200371,7.0,21.69,0,2.4,216.0,1.7,231.0,0.7,0.0,0.0,357.88,212.04,619.29,0.0,0.0,None,None,None,None,None,None,None,None,None,None,None,None
2026-07-11T17:47:55.160936,82.286,49.275438,-123.200371,7.0,21.69,0,2.6,221.0,1.7,231.0,0.7,0.0,0.0,357.88,212.04,619.29,0.0,0.0,None,None,None,None,None,None,None,None,None,None,None,None
2026-07-11T17:47:55.161188,82.287,49.275438,-123.200371,7.0,21.69,0,2.6,221.0,1.7,231.0,0.7,0.0,0.0,357.88,212.04,619.29,0.0,0.0,None,None,None,None,None,None,None,None,None,None,None,None
2026-07-11T17:47:55.161478,82.287,49.275438,-123.200371,7.0,21.69,0,2.6,221.0,1.7,231.0,0.7,0.0,0.0,357.88,212.04,619.29,0.0,0.0,None,None,None,None,None,None,None,None,None,None,None,None
2026-07-11T17:47:55.260817,82.386,49.275438,-123.200371,7.0,21.69,0,2.6,221.0,1.7,231.0,0.7,0.0,0.0,357.88,212.04,619.29,0.0,0.0,None,None,None,None,None,None,None,None,None,None,None,None
2026-07-11T17:47:55.261387,82.387,49.275438,-123.200373,7.0,21.69,0,2.6,221.0,1.7,231.0,0.7,0.0,0.0,357.88,212.04,619.29,0.0,0.0,None,None,None,None,None,None,None,None,None,None,None,None
2026-07-11T17:47:55.261678,82.387,49.275438,-123.200373,7.0,21.69,0,2.6,221.0,1.7,231.0,0.7,0.0,0.0,357.88,212.04,619.29,0.0,0.0,None,None,None,None,None,None,None,None,None,None,None,None
2026-07-11T17:47:55.261939,82.387,49.275438,-123.200373,7.0,21.69,0,2.6,221.0,1.7,231.0,0.7,0.0,0.0,357.88,212.04,619.29,0.0,0.0,None,None,None,None,None,None,None,None,None,None,None,None
2026-07-11T17:47:55.360199,82.486,49.275438,-123.200373,7.0,21.69,0,2.6,221.0,1.7,231.0,0.7,0.0,0.0,357.88,212.04,619.29,0.0,0.0,None,None,None,None,None,None,None,None,None,None,None,None
2026-07-11T17:47:55.360534,82.486,49.275438,-123.200373,7.0,21.69,0,2.6,221.0,2.0,213.0,0.7,0.0,0.0,357.88,212.04,619.29,0.0,0.0,None,None,None,None,None,None,None,None,None,None,None,None
2026-07-11T17:47:55.360905,82.486,49.275438,-123.200373,7.0,21.69,0,2.6,221.0,2.0,213.0,0.7,0.0,0.0,357.88,212.04,619.29,0.0,0.0,None,None,None,None,None,None,None,None,None,None,None,None
2026-07-11T17:47:55.361178,82.487,49.275438,-123.200373,7.0,21.69,0,3.0,231.0,2.0,213.0,0.7,0.0,0.0,357.88,212.04,619.29,0.0,0.0,None,None,None,None,None,None,None,None,None,None,None,None
2026-07-11T17:47:55.361464,82.487,49.275438,-123.200373,7.0,21.69,0,3.0,231.0,2.0,213.0,0.7,0.0,0.0,357.88,212.04,619.29,0.0,0.0,None,None,None,None,None,None,None,None,None,None,None,None
2026-07-11T17:47:55.460777,82.586,49.275438,-123.200373,7.0,21.69,0,3.0,231.0,2.0,213.0,0.7,0.0,0.0,357.88,212.04,619.29,0.0,0.0,None,None,None,None,None,None,None,None,None,None,None,None
2026-07-11T17:47:55.461081,82.586,49.275438,-123.200373,7.0,21.69,0,3.0,231.0,2.0,213.0,0.7,0.0,0.0,357.88,212.04,619.29,0.0,0.0,None,None,None,None,None,None,None,None,None,None,None,None
2026-07-11T17:47:55.461372,82.587,49.275438,-123.200373,7.0,21.69,0,3.0,231.0,2.0,213.0,0.7,0.0,0.0,357.88,212.04,619.29,0.0,0.0,None,None,None,None,None,None,None,None,None,None,None,None
2026-07-11T17:47:55.560848,82.686,49.275438,-123.200373,7.0,21.69,0,3.0,231.0,2.0,213.0,0.7,0.0,0.0,357.88,212.04,619.29,0.0,0.0,None,None,None,None,None,None,None,None,None,None,None,None
2026-07-11T17:47:55.561167,82.687,49.275438,-123.200373,7.0,21.69,0,3.0,231.0,2.0,213.0,0.7,0.0,0.0,357.88,212.04,619.29,0.0,0.0,None,None,None,None,None,None,None,None,None,None,None,None
2026-07-11T17:47:55.660499,82.786,49.275438,-123.200373,7.0,21.69,0,3.0,231.0,2.0,213.0,0.7,0.0,0.0,357.88,212.04,619.29,0.0,0.0,None,None,None,None,None,None,None,None,None,None,None,None
2026-07-11T17:47:55.660774,82.786,49.275438,-123.200373,7.0,21.69,0,3.0,231.0,2.2,206.0,0.7,0.0,0.0,357.88,212.04,619.29,0.0,0.0,None,None,None,None,None,None,None,None,None,None,None,None
2026-07-11T17:47:55.660971,82.786,49.275438,-123.200373,7.0,21.69,0,3.0,244.0,2.2,206.0,0.7,0.0,0.0,357.88,212.04,619.29,0.0,0.0,None,None,None,None,None,None,None,None,None,None,None,None
2026-07-11T17:47:55.661294,82.787,49.275438,-123.200373,7.0,21.69,0,3.0,244.0,2.2,206.0,0.7,0.0,0.0,357.88,212.04,619.29,0.0,0.0,None,None,None,None,None,None,None,None,None,None,None,None
2026-07-11T17:47:55.661599,82.787,49.275438,-123.200373,7.0,21.69,0,3.0,244.0,2.2,206.0,0.7,0.0,0.0,357.88,212.04,619.29,0.0,0.0,None,None,None,None,None,None,None,None,None,None,None,None
2026-07-11T17:47:55.662369,82.788,49.275438,-123.200373,7.0,21.69,0,3.0,244.0,2.2,206.0,0.7,0.0,0.0,357.88,212.04,619.29,0.0,0.0,None,None,None,None,None,None,None,None,None,None,None,None
2026-07-11T17:47:55.662534,82.788,49.275438,-123.200373,7.0,21.69,0,3.0,244.0,2.2,206.0,0.7,0.0,0.0,357.88,212.04,619.29,0.0,0.0,None,None,None,None,None,None,None,None,None,None,None,None
2026-07-11T17:47:55.760881,82.886,49.275438,-123.200373,7.0,21.69,0,3.0,244.0,2.2,206.0,0.7,0.0,0.0,357.88,212.04,619.29,0.0,0.0,None,None,None,None,None,None,None,None,None,None,None,None
2026-07-11T17:47:55.761206,82.887,49.275438,-123.200373,7.0,21.69,0,3.0,244.0,2.2,206.0,0.7,0.0,0.0,357.88,212.04,619.29,0.0,0.0,None,None,None,None,None,None,None,None,None,None,None,None
2026-07-11T17:47:55.860246,82.986,49.275438,-123.200373,7.0,21.69,0,3.0,244.0,2.2,206.0,0.7,0.0,0.0,357.88,212.04,619.29,0.0,0.0,None,None,None,None,None,None,None,None,None,None,None,None
2026-07-11T17:47:55.860570,82.986,49.275438,-123.200373,7.0,21.69,0,3.0,244.0,2.2,206.0,0.7,0.0,0.0,357.88,212.04,619.29,0.0,0.0,None,None,None,None,None,None,None,None,None,None,None,None
2026-07-11T17:47:55.860889,82.986,49.275438,-123.200373,7.0,21.69,0,3.0,244.0,2.2,206.0,0.7,0.0,0.0,357.88,212.04,619.29,0.0,0.0,None,None,None,None,None,None,None,None,None,None,None,None
2026-07-11T17:47:55.861146,82.987,49.275438,-123.200373,7.0,21.69,0,3.0,244.0,2.1,211.0,0.7,0.0,0.0,357.88,212.04,619.29,0.0,0.0,None,None,None,None,None,None,None,None,None,None,None,None
2026-07-11T17:47:55.960823,83.086,49.275438,-123.200373,7.0,21.69,0,3.0,250.0,2.1,211.0,0.7,0.0,0.0,357.88,212.04,619.29,0.0,0.0,None,None,None,None,None,None,None,None,None,None,None,None
2026-07-11T17:47:55.961134,83.087,49.275438,-123.200373,7.0,21.69,0,3.0,250.0,2.1,211.0,0.7,0.0,0.0,357.88,212.04,619.29,0.0,0.0,None,None,None,None,None,None,None,None,None,None,None,None
2026-07-11T17:47:55.961377,83.087,49.275438,-123.200373,7.0,21.69,0,3.0,250.0,2.1,211.0,0.7,0.0,0.0,357.88,212.04,619.29,0.0,0.0,None,None,None,None,None,None,None,None,None,None,None,None
2026-07-11T17:47:55.961608,83.087,49.275438,-123.200373,7.0,21.69,0,3.0,250.0,2.1,211.0,0.7,0.0,0.0,357.88,212.04,619.29,0.0,0.0,None,None,None,None,None,None,None,None,None,None,None,None
2026-07-11T17:47:55.961957,83.087,49.275438,-123.200373,7.0,21.69,0,3.0,250.0,2.1,211.0,0.7,0.0,0.0,357.88,212.04,619.29,0.0,0.0,None,None,None,None,None,None,None,None,None,None,None,None
2026-07-11T17:47:56.060220,83.186,49.275438,-123.200373,7.0,21.69,0,3.0,250.0,2.1,211.0,0.7,0.0,0.0,357.88,212.04,619.29,0.0,0.0,None,None,None,None,None,None,None,None,None,None,None,None
2026-07-11T17:47:56.060537,83.186,49.275438,-123.200373,7.0,21.69,0,3.0,250.0,2.1,211.0,0.7,0.0,0.0,357.88,212.04,619.29,0.0,0.0,None,None,None,None,None,None,None,None,None,None,None,None
2026-07-11T17:47:56.060760,83.186,49.275438,-123.200373,7.0,21.685,0,3.0,250.0,2.1,211.0,0.7,0.0,0.0,357.88,212.04,619.29,0.0,0.0,None,None,None,None,None,None,None,None,None,None,None,None
2026-07-11T17:47:56.061005,83.186,49.275438,-123.200373,7.0,21.685,0,3.0,250.0,2.1,211.0,0.7,0.0,0.0,357.88,212.04,619.29,0.0,0.0,None,None,None,None,None,None,None,None,None,None,None,None
2026-07-11T17:47:56.160242,83.286,49.275438,-123.200373,7.0,21.685,0,3.0,250.0,2.1,211.0,0.7,0.0,0.0,357.88,212.04,619.29,0.0,0.0,None,None,None,None,None,None,None,None,None,None,None,None
2026-07-11T17:47:56.160536,83.286,49.275438,-123.200373,7.0,21.685,0,3.0,250.0,2.2,217.0,0.7,0.0,0.0,357.88,212.04,619.29,0.0,0.0,None,None,None,None,None,None,None,None,None,None,None,None
2026-07-11T17:47:56.160779,83.286,49.275438,-123.200373,7.0,21.685,0,3.0,250.0,2.2,217.0,0.7,0.0,0.0,357.88,212.04,619.29,0.0,0.0,None,None,None,None,None,None,None,None,None,None,None,None
2026-07-11T17:47:56.160917,83.286,49.275438,-123.200373,7.0,21.685,0,3.0,250.0,2.2,217.0,0.7,0.0,0.0,357.88,212.04,619.29,0.0,0.0,None,None,None,None,None,None,None,None,None,None,None,None
2026-07-11T17:47:56.161044,83.286,49.275438,-123.200373,7.0,21.685,0,3.1,245.0,2.2,217.0,0.7,0.0,0.0,357.88,212.04,619.29,0.0,0.0,None,None,None,None,None,None,None,None,None,None,None,None
2026-07-11T17:47:56.161711,83.287,49.275438,-123.200373,7.0,21.685,0,3.1,245.0,2.2,217.0,0.7,0.0,0.0,357.88,212.04,619.29,0.0,0.0,None,None,None,None,None,None,None,None,None,None,None,None
2026-07-11T17:47:56.161851,83.287,49.275438,-123.200373,7.0,21.685,0,3.1,245.0,2.2,217.0,0.7,0.0,0.0,357.88,212.04,619.29,0.0,0.0,None,None,None,None,None,None,None,None,None,None,None,None
2026-07-11T17:47:56.260939,83.386,49.275438,-123.200373,7.0,21.685,0,3.1,245.0,2.2,217.0,0.7,0.0,0.0,357.88,212.04,619.29,0.0,0.0,None,None,None,None,None,None,None,None,None,None,None,None
2026-07-11T17:47:56.261226,83.387,49.275438,-123.200373,7.0,21.685,0,3.1,245.0,2.2,217.0,0.7,0.0,0.0,357.88,212.04,619.29,0.0,0.0,None,None,None,None,None,None,None,None,None,None,None,None
2026-07-11T17:47:56.266075,83.391,49.275438,-123.200375,7.0,21.685,0,3.1,245.0,2.2,217.0,0.7,0.0,0.0,357.88,212.04,619.29,0.0,0.0,None,None,None,None,None,None,None,None,None,None,None,None
2026-07-11T17:47:56.266361,83.392,49.275438,-123.200375,7.0,21.685,0,3.1,245.0,2.2,217.0,0.7,0.0,0.0,357.88,212.04,619.29,0.0,0.0,None,None,None,None,None,None,None,None,None,None,None,None
2026-07-11T17:47:56.360398,83.486,49.275438,-123.200375,7.0,21.685,0,3.1,245.0,2.2,217.0,0.7,0.0,0.0,357.88,212.04,619.29,0.0,0.0,None,None,None,None,None,None,None,None,None,None,None,None
2026-07-11T17:47:56.360671,83.486,49.275438,-123.200375,7.0,21.685,0,3.1,245.0,2.2,217.0,0.7,0.0,0.0,357.88,212.04,619.29,0.0,0.0,None,None,None,None,None,None,None,None,None,None,None,None
2026-07-11T17:47:56.360974,83.486,49.275438,-123.200375,7.0,21.685,0,3.1,245.0,2.2,217.0,0.7,0.0,0.0,357.88,212.04,619.29,0.0,0.0,None,None,None,None,None,None,None,None,None,None,None,None
2026-07-11T17:47:56.460165,83.586,49.275438,-123.200375,7.0,21.685,0,3.1,245.0,2.4,223.0,0.7,0.0,0.0,357.88,212.04,619.29,0.0,0.0,None,None,None,None,None,None,None,None,None,None,None,None
2026-07-11T17:47:56.460502,83.586,49.275438,-123.200375,7.0,21.685,0,3.1,245.0,2.4,223.0,0.7,0.0,0.0,357.88,212.04,619.29,0.0,0.0,None,None,None,None,None,None,None,None,None,None,None,None
2026-07-11T17:47:56.460732,83.586,49.275438,-123.200375,7.0,21.685,0,3.1,240.0,2.4,223.0,0.7,0.0,0.0,357.88,212.04,619.29,0.0,0.0,None,None,None,None,None,None,None,None,None,None,None,None
2026-07-11T17:47:56.460994,83.586,49.275438,-123.200375,7.0,21.685,0,3.1,240.0,2.4,223.0,0.7,0.0,0.0,357.88,212.04,619.29,0.0,0.0,None,None,None,None,None,None,None,None,None,None,None,None
2026-07-11T17:47:56.461267,83.587,49.275438,-123.200375,7.0,21.685,0,3.1,240.0,2.4,223.0,0.7,0.0,0.0,357.88,212.04,619.29,0.0,0.0,None,None,None,None,None,None,None,None,None,None,None,None
2026-07-11T17:47:56.461485,83.587,49.275438,-123.200375,7.0,21.685,0,3.1,240.0,2.4,223.0,0.7,0.0,0.0,357.88,212.04,619.29,0.0,0.0,None,None,None,None,None,None,None,None,None,None,None,None
2026-07-11T17:47:56.560461,83.686,49.275438,-123.200375,7.0,21.685,0,3.1,240.0,2.4,223.0,0.7,0.0,0.0,357.88,212.04,619.29,0.0,0.0,None,None,None,None,None,None,None,None,None,None,None,None
2026-07-11T17:47:56.560780,83.686,49.275438,-123.200375,7.0,21.685,0,3.1,240.0,2.4,223.0,0.7,0.0,0.0,357.88,212.04,619.29,0.0,0.0,None,None,None,None,None,None,None,None,None,None,None,None
2026-07-11T17:47:56.660394,83.786,49.275438,-123.200375,7.0,21.685,0,3.1,240.0,2.4,223.0,0.7,0.0,0.0,357.88,212.04,619.29,0.0,0.0,None,None,None,None,None,None,None,None,None,None,None,None
2026-07-11T17:47:56.660595,83.786,49.275438,-123.200375,7.0,21.685,0,3.1,240.0,2.4,223.0,0.7,0.0,0.0,357.88,212.04,619.29,0.0,0.0,None,None,None,None,None,None,None,None,None,None,None,None
2026-07-11T17:47:56.660971,83.786,49.275438,-123.200375,7.0,21.685,0,3.1,240.0,2.6,225.0,0.7,0.0,0.0,357.88,212.04,619.29,0.0,0.0,None,None,None,None,None,None,None,None,None,None,None,None
2026-07-11T17:47:56.661277,83.787,49.275438,-123.200375,7.0,21.685,0,3.1,240.0,2.6,225.0,0.7,0.0,0.0,357.88,212.04,619.29,0.0,0.0,None,None,None,None,None,None,None,None,None,None,None,None
2026-07-11T17:47:56.760135,83.886,49.275438,-123.200375,7.0,21.685,0,3.3,240.0,2.6,225.0,0.7,0.0,0.0,357.88,212.04,619.29,0.0,0.0,None,None,None,None,None,None,None,None,None,None,None,None
2026-07-11T17:47:56.760483,83.886,49.275438,-123.200375,7.0,21.685,0,3.3,240.0,2.6,225.0,0.7,0.0,0.0,357.88,212.04,619.29,0.0,0.0,None,None,None,None,None,None,None,None,None,None,None,None
2026-07-11T17:47:56.760743,83.886,49.275438,-123.200375,7.0,21.685,0,3.3,240.0,2.6,225.0,0.7,0.0,0.0,357.88,212.04,619.29,0.0,0.0,None,None,None,None,None,None,None,None,None,None,None,None
2026-07-11T17:47:56.761041,83.886,49.275438,-123.200375,7.0,21.685,0,3.3,240.0,2.6,225.0,0.7,0.0,0.0,357.88,212.04,619.29,0.0,0.0,None,None,None,None,None,None,None,None,None,None,None,None
2026-07-11T17:47:56.861161,83.987,49.275438,-123.200375,7.0,21.685,0,3.3,240.0,2.6,225.0,0.7,0.0,0.0,357.88,212.04,619.29,0.0,0.0,None,None,None,None,None,None,None,None,None,None,None,None
2026-07-11T17:47:56.861542,83.987,49.275438,-123.200375,7.0,21.685,0,3.3,240.0,2.6,225.0,0.7,0.0,0.0,357.88,212.04,619.29,0.0,0.0,None,None,None,None,None,None,None,None,None,None,None,None
2026-07-11T17:47:56.861923,83.987,49.275438,-123.200375,7.0,21.685,0,3.3,240.0,2.6,225.0,0.7,0.0,0.0,357.88,212.04,619.29,0.0,0.0,None,None,None,None,None,None,None,None,None,None,None,None
2026-07-11T17:47:56.960717,84.086,49.275438,-123.200375,7.0,21.685,0,3.3,240.0,2.6,225.0,0.7,0.0,0.0,357.88,212.04,619.29,0.0,0.0,None,None,None,None,None,None,None,None,None,None,None,None
2026-07-11T17:47:56.961196,84.087,49.275438,-123.200375,7.0,21.685,0,3.3,240.0,2.6,225.0,0.7,0.0,0.0,357.88,212.04,619.29,0.0,0.0,None,None,None,None,None,None,None,None,None,None,None,None
2026-07-11T17:47:56.961431,84.087,49.275438,-123.200375,7.0,21.685,0,3.3,240.0,2.6,228.0,0.7,0.0,0.0,357.88,212.04,619.29,0.0,0.0,None,None,None,None,None,None,None,None,None,None,None,None
2026-07-11T17:47:56.961796,84.087,49.275438,-123.200375,7.0,21.685,0,3.3,240.0,2.6,228.0,0.7,0.0,0.0,357.88,212.04,619.29,0.0,0.0,None,None,None,None,None,None,None,None,None,None,None,None
2026-07-11T17:47:56.962107,84.087,49.275438,-123.200375,7.0,21.685,0,3.2,236.0,2.6,228.0,0.7,0.0,0.0,357.88,212.04,619.29,0.0,0.0,None,None,None,None,None,None,None,None,None,None,None,None
2026-07-11T17:47:57.060705,84.186,49.275438,-123.200375,7.0,21.685,0,3.2,236.0,2.6,228.0,0.7,0.0,0.0,357.88,212.04,619.29,0.0,0.0,None,None,None,None,None,None,None,None,None,None,None,None
2026-07-11T17:47:57.061127,84.187,49.275438,-123.200375,7.0,21.685,0,3.2,236.0,2.6,228.0,0.7,0.0,0.0,357.88,212.04,619.29,0.0,0.0,None,None,None,None,None,None,None,None,None,None,None,None
2026-07-11T17:47:57.061422,84.187,49.275438,-123.200375,7.0,21.685,0,3.2,236.0,2.6,228.0,0.7,0.0,0.0,357.88,212.04,619.29,0.0,0.0,None,None,None,None,None,None,None,None,None,None,None,None
2026-07-11T17:47:57.160972,84.286,49.275438,-123.200375,7.0,21.685,0,3.2,236.0,2.6,228.0,0.7,0.0,0.0,357.88,212.04,619.29,0.0,0.0,None,None,None,None,None,None,None,None,None,None,None,None
2026-07-11T17:47:57.161368,84.287,49.275438,-123.200375,7.0,21.685,0,3.2,236.0,2.6,228.0,0.7,0.0,0.0,357.88,212.04,619.29,0.0,0.0,None,None,None,None,None,None,None,None,None,None,None,None
2026-07-11T17:47:57.161672,84.287,49.275438,-123.200375,7.0,21.685,0,3.2,236.0,2.6,228.0,0.7,0.0,0.0,357.88,212.04,619.29,0.0,0.0,None,None,None,None,None,None,None,None,None,None,None,None
2026-07-11T17:47:57.260707,84.386,49.275438,-123.200375,7.0,21.685,0,3.2,236.0,2.6,228.0,0.7,0.0,0.0,357.88,212.04,619.29,0.0,0.0,None,None,None,None,None,None,None,None,None,None,None,None
2026-07-11T17:47:57.261037,84.386,49.275438,-123.200375,7.0,21.685,0,3.2,236.0,2.7,223.0,0.7,0.0,0.0,357.88,212.04,619.29,0.0,0.0,None,None,None,None,None,None,None,None,None,None,None,None
2026-07-11T17:47:57.261420,84.387,49.275438,-123.200375,7.0,21.685,0,3.2,236.0,2.7,223.0,0.7,0.0,0.0,357.88,212.04,619.29,0.0,0.0,None,None,None,None,None,None,None,None,None,None,None,None
2026-07-11T17:47:57.261696,84.387,49.275438,-123.200376,7.0,21.685,0,3.2,236.0,2.7,223.0,0.7,0.0,0.0,357.88,212.04,619.29,0.0,0.0,None,None,None,None,None,None,None,None,None,None,None,None
2026-07-11T17:47:57.261975,84.387,49.275438,-123.200376,7.0,21.685,0,3.4,236.0,2.7,223.0,0.7,0.0,0.0,357.88,212.04,619.29,0.0,0.0,None,None,None,None,None,None,None,None,None,None,None,None
2026-07-11T17:47:57.262224,84.388,49.275438,-123.200376,7.0,21.685,0,3.4,236.0,2.7,223.0,0.7,0.0,0.0,357.88,212.04,619.29,0.0,0.0,None,None,None,None,None,None,None,None,None,None,None,None
2026-07-11T17:47:57.262570,84.388,49.275438,-123.200376,7.0,21.685,0,3.4,236.0,2.7,223.0,0.7,0.0,0.0,357.88,212.04,619.29,0.0,0.0,None,None,None,None,None,None,None,None,None,None,None,None
2026-07-11T17:47:57.262822,84.388,49.275438,-123.200376,7.0,21.683,0,3.4,236.0,2.7,223.0,0.7,0.0,0.0,357.88,212.04,619.29,0.0,0.0,None,None,None,None,None,None,None,None,None,None,None,None
2026-07-11T17:47:57.263029,84.388,49.275438,-123.200376,7.0,21.683,0,3.4,236.0,2.7,223.0,0.7,0.0,0.0,357.88,212.04,619.29,0.0,0.0,None,None,None,None,None,None,None,None,None,None,None,None
2026-07-11T17:47:57.263299,84.389,49.275438,-123.200376,7.0,21.683,0,3.4,236.0,2.7,223.0,0.7,0.0,0.0,357.88,212.04,619.29,0.0,0.0,None,None,None,None,None,None,None,None,None,None,None,None
2026-07-11T17:47:57.360506,84.486,49.275438,-123.200376,7.0,21.683,0,3.4,236.0,2.7,223.0,0.7,0.0,0.0,357.88,212.04,619.29,0.0,0.0,None,None,None,None,None,None,None,None,None,None,None,None
2026-07-11T17:47:57.360909,84.486,49.275438,-123.200376,7.0,21.683,0,3.4,236.0,2.7,223.0,0.7,0.0,0.0,357.88,212.04,619.29,0.0,0.0,None,None,None,None,None,None,None,None,None,None,None,None
2026-07-11T17:47:57.361573,84.487,49.275438,-123.200376,7.0,21.683,0,3.4,236.0,2.7,223.0,0.7,0.0,0.0,357.88,212.04,619.29,0.0,0.0,None,None,None,None,None,None,None,None,None,None,None,None
2026-07-11T17:47:57.460922,84.586,49.275438,-123.200376,7.0,21.683,0,3.4,236.0,2.7,223.0,0.7,0.0,0.0,357.88,212.04,619.29,0.0,0.0,None,None,None,None,None,None,None,None,None,None,None,None
2026-07-11T17:47:57.461433,84.587,49.275438,-123.200376,7.0,21.683,0,3.4,236.0,2.7,223.0,0.7,0.0,0.0,357.88,212.04,619.29,0.0,0.0,None,None,None,None,None,None,None,None,None,None,None,None
2026-07-11T17:47:57.461742,84.587,49.275438,-123.200376,7.0,21.683,0,3.4,236.0,2.4,221.0,0.7,0.0,0.0,357.88,212.04,619.29,0.0,0.0,None,None,None,None,None,None,None,None,None,None,None,None
2026-07-11T17:47:57.560202,84.686,49.275438,-123.200376,7.0,21.683,0,3.3,234.0,2.4,221.0,0.7,0.0,0.0,357.88,212.04,619.29,0.0,0.0,None,None,None,None,None,None,None,None,None,None,None,None
2026-07-11T17:47:57.560504,84.686,49.275438,-123.200376,7.0,21.683,0,3.3,234.0,2.4,221.0,0.7,0.0,0.0,357.88,212.04,619.29,0.0,0.0,None,None,None,None,None,None,None,None,None,None,None,None
2026-07-11T17:47:57.560823,84.686,49.275438,-123.200376,7.0,21.683,0,3.3,234.0,2.4,221.0,0.7,0.0,0.0,357.88,212.04,619.29,0.0,0.0,None,None,None,None,None,None,None,None,None,None,None,None
2026-07-11T17:47:57.561136,84.687,49.275438,-123.200376,7.0,21.683,0,3.3,234.0,2.4,221.0,0.7,0.0,0.0,357.88,212.04,619.29,0.0,0.0,None,None,None,None,None,None,None,None,None,None,None,None
2026-07-11T17:47:57.660809,84.786,49.275438,-123.200376,7.0,21.683,0,3.3,234.0,2.4,221.0,0.7,0.0,0.0,357.88,212.04,619.29,0.0,0.0,None,None,None,None,None,None,None,None,None,None,None,None
2026-07-11T17:47:57.661184,84.787,49.275438,-123.200376,7.0,21.683,0,3.3,234.0,2.4,221.0,0.7,0.0,0.0,357.88,212.04,619.29,0.0,0.0,None,None,None,None,None,None,None,None,None,None,None,None
2026-07-11T17:47:57.760877,84.886,49.275438,-123.200376,7.0,21.683,0,3.3,234.0,2.4,221.0,0.7,0.0,0.0,357.88,212.04,619.29,0.0,0.0,None,None,None,None,None,None,None,None,None,None,None,None
2026-07-11T17:47:57.761234,84.887,49.275438,-123.200376,7.0,21.683,0,3.3,234.0,2.4,218.0,0.7,0.0,0.0,357.88,212.04,619.29,0.0,0.0,None,None,None,None,None,None,None,None,None,None,None,None
2026-07-11T17:47:57.761509,84.887,49.275438,-123.200376,7.0,21.683,0,3.4,232.0,2.4,218.0,0.7,0.0,0.0,357.88,212.04,619.29,0.0,0.0,None,None,None,None,None,None,None,None,None,None,None,None
2026-07-11T17:47:57.761871,84.887,49.275438,-123.200376,7.0,21.683,0,3.4,232.0,2.4,218.0,0.7,0.0,0.0,357.88,212.04,619.29,0.0,0.0,None,None,None,None,None,None,None,None,None,None,None,None
2026-07-11T17:47:57.762117,84.888,49.275438,-123.200376,7.0,21.683,0,3.4,232.0,2.4,218.0,0.7,0.0,0.0,357.88,212.04,619.29,0.0,0.0,None,None,None,None,None,None,None,None,None,None,None,None
2026-07-11T17:47:57.860968,84.986,49.275438,-123.200376,7.0,21.683,0,3.4,232.0,2.4,218.0,0.7,0.0,0.0,357.88,212.04,619.29,0.0,0.0,None,None,None,None,None,None,None,None,None,None,None,None
2026-07-11T17:47:57.861379,84.987,49.275438,-123.200376,7.0,21.683,0,3.4,232.0,2.4,218.0,0.7,0.0,0.0,357.88,212.04,619.29,0.0,0.0,None,None,None,None,None,None,None,None,None,None,None,None
2026-07-11T17:47:57.861647,84.987,49.275438,-123.200376,7.0,21.683,0,3.4,232.0,2.4,218.0,0.7,0.0,0.0,357.88,212.04,619.29,0.0,0.0,None,None,None,None,None,None,None,None,None,None,None,None
2026-07-11T17:47:57.960633,85.086,49.275438,-123.200376,7.0,21.683,0,3.4,232.0,2.4,218.0,0.7,0.0,0.0,357.88,212.04,619.29,0.0,0.0,None,None,None,None,None,None,None,None,None,None,None,None
2026-07-11T17:47:57.961105,85.086,49.275438,-123.200376,7.0,21.683,0,3.4,232.0,2.4,218.0,0.7,0.0,0.0,357.88,212.04,619.29,0.0,0.0,None,None,None,None,None,None,None,None,None,None,None,None
2026-07-11T17:47:57.961396,85.087,49.275438,-123.200376,7.0,21.683,0,3.4,232.0,2.4,218.0,0.7,0.0,0.0,357.88,212.04,619.29,0.0,0.0,None,None,None,None,None,None,None,None,None,None,None,None
2026-07-11T17:47:57.962156,85.088,49.275438,-123.200376,7.0,21.683,0,3.4,232.0,2.4,218.0,0.7,0.0,0.0,357.88,212.04,619.29,0.0,0.0,None,None,None,None,None,None,None,None,None,None,None,None
2026-07-11T17:47:57.962354,85.088,49.275438,-123.200376,7.0,21.683,0,3.4,232.0,2.4,218.0,0.7,0.0,0.0,357.88,212.04,619.29,0.0,0.0,None,None,None,None,None,None,None,None,None,None,None,None
2026-07-11T17:47:58.060513,85.186,49.275438,-123.200376,7.0,21.683,0,3.4,232.0,2.2,215.0,0.7,0.0,0.0,357.88,212.04,619.29,0.0,0.0,None,None,None,None,None,None,None,None,None,None,None,None
2026-07-11T17:47:58.060972,85.186,49.275438,-123.200376,7.0,21.683,0,3.4,232.0,2.2,215.0,0.7,0.0,0.0,357.88,212.04,619.29,0.0,0.0,None,None,None,None,None,None,None,None,None,None,None,None
2026-07-11T17:47:58.061258,85.187,49.275438,-123.200376,7.0,21.683,0,3.5,231.0,2.2,215.0,0.7,0.0,0.0,357.88,212.04,619.29,0.0,0.0,None,None,None,None,None,None,None,None,None,None,None,None
2026-07-11T17:47:58.061541,85.187,49.275438,-123.200376,7.0,21.683,0,3.5,231.0,2.2,215.0,0.7,0.0,0.0,357.88,212.04,619.29,0.0,0.0,None,None,None,None,None,None,None,None,None,None,None,None
2026-07-11T17:47:58.061826,85.187,49.275438,-123.200376,7.0,21.683,0,3.5,231.0,2.2,215.0,0.7,0.0,0.0,357.88,212.04,619.29,0.0,0.0,None,None,None,None,None,None,None,None,None,None,None,None
2026-07-11T17:47:58.062187,85.188,49.275438,-123.200376,7.0,21.683,0,3.5,231.0,2.2,215.0,0.7,0.0,0.0,357.88,212.04,619.29,0.0,0.0,None,None,None,None,None,None,None,None,None,None,None,None
2026-07-11T17:47:58.160354,85.286,49.275438,-123.200376,7.0,21.683,0,3.5,231.0,2.2,215.0,0.7,0.0,0.0,357.88,212.04,619.29,0.0,0.0,None,None,None,None,None,None,None,None,None,None,None,None
2026-07-11T17:47:58.160605,85.286,49.275438,-123.200376,7.0,21.683,0,3.5,231.0,2.2,215.0,0.7,0.0,0.0,357.88,212.04,619.29,0.0,0.0,None,None,None,None,None,None,None,None,None,None,None,None
2026-07-11T17:47:58.260913,85.386,49.275438,-123.200376,7.0,21.683,0,3.5,231.0,2.2,215.0,0.7,0.0,0.0,357.88,212.04,619.29,0.0,0.0,None,None,None,None,None,None,None,None,None,None,None,None
2026-07-11T17:47:58.261253,85.387,49.275438,-123.200378,7.0,21.683,0,3.5,231.0,2.2,215.0,0.7,0.0,0.0,357.88,212.04,619.29,0.0,0.0,None,None,None,None,None,None,None,None,None,None,None,None
2026-07-11T17:47:58.261502,85.387,49.275438,-123.200378,7.0,21.683,0,3.5,231.0,2.3,207.0,0.7,0.0,0.0,357.88,212.04,619.29,0.0,0.0,None,None,None,None,None,None,None,None,None,None,None,None
2026-07-11T17:47:58.261837,85.387,49.275438,-123.200378,7.0,21.683,0,3.5,231.0,2.3,207.0,0.7,0.0,0.0,357.88,212.04,619.29,0.0,0.0,None,None,None,None,None,None,None,None,None,None,None,None
2026-07-11T17:47:58.262108,85.387,49.275438,-123.200378,7.0,21.683,0,3.5,231.0,2.3,207.0,0.7,0.0,0.0,357.88,212.04,619.29,0.0,0.0,None,None,None,None,None,None,None,None,None,None,None,None
2026-07-11T17:47:58.360121,85.486,49.275438,-123.200378,7.0,21.683,0,3.5,231.0,2.3,207.0,0.7,0.0,0.0,357.88,212.04,619.29,0.0,0.0,None,None,None,None,None,None,None,None,None,None,None,None
2026-07-11T17:47:58.360427,85.486,49.275438,-123.200378,7.0,21.683,0,3.5,231.0,2.3,207.0,0.7,0.0,0.0,357.88,212.04,619.29,0.0,0.0,None,None,None,None,None,None,None,None,None,None,None,None
2026-07-11T17:47:58.360705,85.486,49.275438,-123.200378,7.0,21.683,0,3.5,231.0,2.3,207.0,0.7,0.0,0.0,357.88,212.04,619.29,0.0,0.0,None,None,None,None,None,None,None,None,None,None,None,None
2026-07-11T17:47:58.360994,85.486,49.275438,-123.200378,7.0,21.683,0,3.5,231.0,2.3,207.0,0.7,0.0,0.0,357.88,212.04,619.29,0.0,0.0,None,None,None,None,None,None,None,None,None,None,None,None
2026-07-11T17:47:58.361316,85.487,49.275438,-123.200378,7.0,21.683,0,3.5,231.0,2.3,207.0,0.7,0.0,0.0,357.88,212.04,619.29,0.0,0.0,None,None,None,None,None,None,None,None,None,None,None,None
2026-07-11T17:47:58.460040,85.585,49.275438,-123.200378,7.0,21.683,0,3.5,231.0,2.3,207.0,0.7,0.0,0.0,357.88,212.04,619.29,0.0,0.0,None,None,None,None,None,None,None,None,None,None,None,None
2026-07-11T17:47:58.460311,85.586,49.275438,-123.200378,7.0,21.678,0,3.5,231.0,2.3,207.0,0.7,0.0,0.0,357.88,212.04,619.29,0.0,0.0,None,None,None,None,None,None,None,None,None,None,None,None
2026-07-11T17:47:58.460528,85.586,49.275438,-123.200378,7.0,21.678,0,3.5,231.0,2.3,207.0,0.7,0.0,0.0,357.88,212.04,619.29,0.0,0.0,None,None,None,None,None,None,None,None,None,None,None,None
2026-07-11T17:47:58.460858,85.586,49.275438,-123.200378,7.0,21.678,0,3.5,231.0,2.3,207.0,0.7,0.0,0.0,357.88,212.04,619.29,0.0,0.0,None,None,None,None,None,None,None,None,None,None,None,None
2026-07-11T17:47:58.560407,85.686,49.275438,-123.200378,7.0,21.678,0,3.5,231.0,2.3,207.0,0.7,0.0,0.0,357.88,212.04,619.29,0.0,0.0,None,None,None,None,None,None,None,None,None,None,None,None
2026-07-11T17:47:58.560597,85.686,49.275438,-123.200378,7.0,21.678,0,3.5,231.0,2.7,210.0,0.7,0.0,0.0,357.88,212.04,619.29,0.0,0.0,None,None,None,None,None,None,None,None,None,None,None,None
2026-07-11T17:47:58.560869,85.686,49.275438,-123.200378,7.0,21.678,0,3.7,234.0,2.7,210.0,0.7,0.0,0.0,357.88,212.04,619.29,0.0,0.0,None,None,None,None,None,None,None,None,None,None,None,None
2026-07-11T17:47:58.561044,85.686,49.275438,-123.200378,7.0,21.678,0,3.7,234.0,2.7,210.0,0.7,0.0,0.0,357.88,212.04,619.29,0.0,0.0,None,None,None,None,None,None,None,None,None,None,None,None
2026-07-11T17:47:58.561168,85.687,49.275438,-123.200378,7.0,21.678,0,3.7,234.0,2.7,210.0,0.7,0.0,0.0,357.88,212.04,619.29,0.0,0.0,None,None,None,None,None,None,None,None,None,None,None,None
2026-07-11T17:47:58.660829,85.786,49.275438,-123.200378,7.0,21.678,0,3.7,234.0,2.7,210.0,0.7,0.0,0.0,357.88,212.04,619.29,0.0,0.0,None,None,None,None,None,None,None,None,None,None,None,None
2026-07-11T17:47:58.661173,85.787,49.275438,-123.200378,7.0,21.678,0,3.7,234.0,2.7,210.0,0.7,0.0,0.0,357.88,212.04,619.29,0.0,0.0,None,None,None,None,None,None,None,None,None,None,None,None
2026-07-11T17:47:58.760402,85.886,49.275438,-123.200378,7.0,21.678,0,3.7,234.0,2.7,210.0,0.7,0.0,0.0,357.88,212.04,619.29,0.0,0.0,None,None,None,None,None,None,None,None,None,None,None,None
2026-07-11T17:47:58.760627,85.886,49.275438,-123.200378,7.0,21.678,0,3.7,234.0,2.7,210.0,0.7,0.0,0.0,357.88,212.04,619.29,0.0,0.0,None,None,None,None,None,None,None,None,None,None,None,None
2026-07-11T17:47:58.761194,85.887,49.275438,-123.200378,7.0,21.678,0,3.7,234.0,2.7,210.0,0.7,0.0,0.0,357.88,212.04,619.29,0.0,0.0,None,None,None,None,None,None,None,None,None,None,None,None
2026-07-11T17:47:58.761365,85.887,49.275438,-123.200378,7.0,21.678,0,3.7,234.0,2.7,210.0,0.7,0.0,0.0,357.88,212.04,619.29,0.0,0.0,None,None,None,None,None,None,None,None,None,None,None,None
2026-07-11T17:47:58.860338,85.986,49.275438,-123.200378,7.0,21.678,0,3.7,234.0,2.6,216.0,0.7,0.0,0.0,357.88,212.04,619.29,0.0,0.0,None,None,None,None,None,None,None,None,None,None,None,None
2026-07-11T17:47:58.860601,85.986,49.275438,-123.200378,7.0,21.678,0,3.8,228.0,2.6,216.0,0.7,0.0,0.0,357.88,212.04,619.29,0.0,0.0,None,None,None,None,None,None,None,None,None,None,None,None
2026-07-11T17:47:58.860791,85.986,49.275438,-123.200378,7.0,21.678,0,3.8,228.0,2.6,216.0,0.7,0.0,0.0,357.88,212.04,619.29,0.0,0.0,None,None,None,None,None,None,None,None,None,None,None,None
2026-07-11T17:47:58.861271,85.987,49.275438,-123.200378,7.0,21.678,0,3.8,228.0,2.6,216.0,0.7,0.0,0.0,357.88,212.04,619.29,0.0,0.0,None,None,None,None,None,None,None,None,None,None,None,None
2026-07-11T17:47:58.861537,85.987,49.275438,-123.200378,7.0,21.678,0,3.8,228.0,2.6,216.0,0.7,0.0,0.0,357.88,212.04,619.29,0.0,0.0,None,None,None,None,None,None,None,None,None,None,None,None
2026-07-11T17:47:58.861791,85.987,49.275438,-123.200378,7.0,21.678,0,3.8,228.0,2.6,216.0,0.7,0.0,0.0,357.88,212.04,619.29,0.0,0.0,None,None,None,None,None,None,None,None,None,None,None,None
2026-07-11T17:47:58.960631,86.086,49.275438,-123.200378,7.0,21.678,0,3.8,228.0,2.6,216.0,0.7,0.0,0.0,357.88,212.04,619.29,0.0,0.0,None,None,None,None,None,None,None,None,None,None,None,None
2026-07-11T17:47:58.960950,86.086,49.275438,-123.200378,7.0,21.678,0,3.8,228.0,2.6,216.0,0.7,0.0,0.0,357.88,212.04,619.29,0.0,0.0,None,None,None,None,None,None,None,None,None,None,None,None
2026-07-11T17:47:58.961136,86.087,49.275438,-123.200378,7.0,21.678,0,3.8,228.0,2.6,216.0,0.7,0.0,0.0,357.88,212.04,619.29,0.0,0.0,None,None,None,None,None,None,None,None,None,None,None,None
2026-07-11T17:47:59.060002,86.185,49.275438,-123.200378,7.0,21.678,0,3.8,228.0,2.6,216.0,0.7,0.0,0.0,357.88,212.04,619.29,0.0,0.0,None,None,None,None,None,None,None,None,None,None,None,None
2026-07-11T17:47:59.060185,86.186,49.275438,-123.200378,7.0,21.678,0,3.8,228.0,2.2,225.0,0.7,0.0,0.0,357.88,212.04,619.29,0.0,0.0,None,None,None,None,None,None,None,None,None,None,None,None
2026-07-11T17:47:59.060341,86.186,49.275438,-123.200378,7.0,21.678,0,3.8,228.0,2.2,225.0,0.7,0.0,0.0,357.88,212.04,619.29,0.0,0.0,None,None,None,None,None,None,None,None,None,None,None,None
2026-07-11T17:47:59.160256,86.286,49.275438,-123.200378,7.0,21.678,0,3.6,235.0,2.2,225.0,0.7,0.0,0.0,357.88,212.04,619.29,0.0,0.0,None,None,None,None,None,None,None,None,None,None,None,None
2026-07-11T17:47:59.160542,86.286,49.275438,-123.200378,7.0,21.678,0,3.6,235.0,2.2,225.0,0.7,0.0,0.0,357.88,212.04,619.29,0.0,0.0,None,None,None,None,None,None,None,None,None,None,None,None
2026-07-11T17:47:59.160811,86.286,49.275438,-123.200378,7.0,21.678,0,3.6,235.0,2.2,225.0,0.7,0.0,0.0,357.88,212.04,619.29,0.0,0.0,None,None,None,None,None,None,None,None,None,None,None,None
2026-07-11T17:47:59.161006,86.286,49.275438,-123.200378,7.0,21.678,0,3.6,235.0,2.2,225.0,0.7,0.0,0.0,357.88,212.04,619.29,0.0,0.0,None,None,None,None,None,None,None,None,None,None,None,None
2026-07-11T17:47:59.260670,86.386,49.275438,-123.200378,7.0,21.678,0,3.6,235.0,2.2,225.0,0.7,0.0,0.0,357.88,212.04,619.29,0.0,0.0,None,None,None,None,None,None,None,None,None,None,None,None
2026-07-11T17:47:59.260987,86.386,49.275438,-123.200378,7.0,21.678,0,3.6,235.0,2.2,225.0,0.7,0.0,0.0,357.88,212.04,619.29,0.0,0.0,None,None,None,None,None,None,None,None,None,None,None,None
2026-07-11T17:47:59.261270,86.387,49.275438,-123.200378,7.0,21.678,0,3.6,235.0,2.2,225.0,0.7,0.0,0.0,357.88,212.04,619.29,0.0,0.0,None,None,None,None,None,None,None,None,None,None,None,None
2026-07-11T17:47:59.261461,86.387,49.275438,-123.200378,7.0,21.678,0,3.6,235.0,2.2,225.0,0.7,0.0,0.0,357.88,212.04,619.29,0.0,0.0,None,None,None,None,None,None,None,None,None,None,None,None
2026-07-11T17:47:59.360277,86.486,49.275438,-123.200378,7.0,21.678,0,3.6,235.0,2.1,223.0,0.7,0.0,0.0,357.88,212.04,619.29,0.0,0.0,None,None,None,None,None,None,None,None,None,None,None,None
2026-07-11T17:47:59.360707,86.486,49.275438,-123.200378,7.0,21.678,0,3.6,235.0,2.1,223.0,0.7,0.0,0.0,357.88,212.04,619.29,0.0,0.0,None,None,None,None,None,None,None,None,None,None,None,None
2026-07-11T17:47:59.360995,86.486,49.275438,-123.200378,7.0,21.678,0,3.3,234.0,2.1,223.0,0.7,0.0,0.0,357.88,212.04,619.29,0.0,0.0,None,None,None,None,None,None,None,None,None,None,None,None
2026-07-11T17:47:59.361237,86.487,49.275438,-123.200378,7.0,21.678,0,3.3,234.0,2.1,223.0,0.7,0.0,0.0,357.88,212.04,619.29,0.0,0.0,None,None,None,None,None,None,None,None,None,None,None,None
2026-07-11T17:47:59.361507,86.487,49.275438,-123.200378,7.0,21.678,0,3.3,234.0,2.1,223.0,0.7,0.0,0.0,357.88,212.04,619.29,0.0,0.0,None,None,None,None,None,None,None,None,None,None,None,None
2026-07-11T17:47:59.459977,86.585,49.275438,-123.200378,7.0,21.678,0,3.3,234.0,2.1,223.0,0.7,0.0,0.0,357.88,212.04,619.29,0.0,0.0,None,None,None,None,None,None,None,None,None,None,None,None
2026-07-11T17:47:59.460204,86.586,49.275438,-123.200378,7.0,21.678,0,3.3,234.0,2.1,223.0,0.7,0.0,0.0,357.88,212.04,619.29,0.0,0.0,None,None,None,None,None,None,None,None,None,None,None,None
2026-07-11T17:47:59.460357,86.586,49.275438,-123.200378,7.0,21.678,0,3.3,234.0,2.1,223.0,0.7,0.0,0.0,357.88,212.04,619.29,0.0,0.0,None,None,None,None,None,None,None,None,None,None,None,None
2026-07-11T17:47:59.560189,86.686,49.275438,-123.200378,7.0,21.678,0,3.3,234.0,2.1,223.0,0.7,0.0,0.0,357.88,212.04,619.29,0.0,0.0,None,None,None,None,None,None,None,None,None,None,None,None
2026-07-11T17:47:59.560473,86.686,49.275438,-123.200378,7.0,21.678,0,3.3,234.0,2.1,223.0,0.7,0.0,0.0,357.88,212.04,619.29,0.0,0.0,None,None,None,None,None,None,None,None,None,None,None,None
2026-07-11T17:47:59.560723,86.686,49.275438,-123.200378,7.0,21.678,0,3.3,234.0,2.1,223.0,0.7,0.0,0.0,357.88,212.04,619.29,0.0,0.0,None,None,None,None,None,None,None,None,None,None,None,None
2026-07-11T17:47:59.561684,86.687,49.275438,-123.200378,7.0,21.678,0,3.3,234.0,2.1,223.0,0.7,0.0,0.0,357.88,212.04,619.29,0.0,0.0,None,None,None,None,None,None,None,None,None,None,None,None
2026-07-11T17:47:59.561848,86.687,49.275438,-123.200378,7.0,21.678,0,3.3,234.0,2.1,223.0,0.7,0.0,0.0,357.88,212.04,619.29,0.0,0.0,None,None,None,None,None,None,None,None,None,None,None,None
2026-07-11T17:47:59.562145,86.688,49.275438,-123.200378,7.0,21.678,0,3.3,234.0,2.1,223.0,0.7,0.0,0.0,357.88,212.04,619.29,0.0,0.0,None,None,None,None,None,None,None,None,None,None,None,None
2026-07-11T17:47:59.660608,86.786,49.275438,-123.200378,7.0,21.678,0,3.3,234.0,2.4,233.0,0.7,0.0,0.0,357.88,212.04,619.29,0.0,0.0,None,None,None,None,None,None,None,None,None,None,None,None
2026-07-11T17:47:59.660905,86.786,49.275438,-123.200378,7.0,21.678,0,3.3,231.0,2.4,233.0,0.7,0.0,0.0,357.88,212.04,619.29,0.0,0.0,None,None,None,None,None,None,None,None,None,None,None,None
2026-07-11T17:47:59.661235,86.787,49.275438,-123.200378,7.0,21.678,0,3.3,231.0,2.4,233.0,0.7,0.0,0.0,357.88,212.04,619.29,0.0,0.0,None,None,None,None,None,None,None,None,None,None,None,None
2026-07-11T17:47:59.661502,86.787,49.275438,-123.200378,7.0,21.678,0,3.3,231.0,2.4,233.0,0.7,0.0,0.0,357.88,212.04,619.29,0.0,0.0,None,None,None,None,None,None,None,None,None,None,None,None
2026-07-11T17:47:59.661789,86.787,49.275438,-123.200378,7.0,21.672,0,3.3,231.0,2.4,233.0,0.7,0.0,0.0,357.88,212.04,619.29,0.0,0.0,None,None,None,None,None,None,None,None,None,None,None,None
2026-07-11T17:47:59.662020,86.787,49.275438,-123.200378,7.0,21.672,0,3.3,231.0,2.4,233.0,0.7,0.0,0.0,357.88,212.04,619.29,0.0,0.0,None,None,None,None,None,None,None,None,None,None,None,None
2026-07-11T17:47:59.662241,86.788,49.275438,-123.200378,7.0,21.672,0,3.3,231.0,2.4,233.0,0.7,0.0,0.0,357.88,212.04,619.29,0.0,0.0,None,None,None,None,None,None,None,None,None,None,None,None
2026-07-11T17:47:59.662479,86.788,49.275438,-123.200378,7.0,21.672,0,3.3,231.0,2.4,233.0,0.7,0.0,0.0,357.88,212.04,619.29,0.0,0.0,None,None,None,None,None,None,None,None,None,None,None,None
2026-07-11T17:47:59.760161,86.886,49.275438,-123.200378,7.0,21.672,0,3.3,231.0,2.4,233.0,0.7,0.0,0.0,357.88,212.04,619.29,0.0,0.0,None,None,None,None,None,None,None,None,None,None,None,None
2026-07-11T17:47:59.881468,87.007,49.275438,-123.200378,7.0,21.672,0,3.3,231.0,2.4,233.0,0.7,0.0,0.0,357.88,212.04,619.29,0.0,0.0,None,None,None,None,None,None,None,None,None,None,None,None
2026-07-11T17:47:59.882256,87.008,49.275438,-123.200378,7.0,21.672,0,3.3,231.0,2.4,233.0,0.7,0.0,0.0,357.88,212.04,619.29,0.0,0.0,None,None,None,None,None,None,None,None,None,None,None,None
2026-07-11T17:47:59.883695,87.009,49.275438,-123.200378,7.0,21.672,0,3.3,231.0,2.4,233.0,0.7,0.0,0.0,357.88,212.04,619.29,0.0,0.0,None,None,None,None,None,None,None,None,None,None,None,None
2026-07-11T17:47:59.884030,87.009,49.275438,-123.200378,7.0,21.672,0,3.3,231.0,2.3,245.0,0.7,0.0,0.0,357.88,212.04,619.29,0.0,0.0,None,None,None,None,None,None,None,None,None,None,None,None
2026-07-11T17:47:59.963631,87.089,49.275438,-123.200378,7.0,21.672,0,3.3,231.0,2.3,245.0,0.7,0.0,0.0,357.88,212.04,619.29,0.0,0.0,None,None,None,None,None,None,None,None,None,None,None,None
2026-07-11T17:47:59.963940,87.089,49.275438,-123.200378,7.0,21.672,0,3.4,229.0,2.3,245.0,0.7,0.0,0.0,357.88,212.04,619.29,0.0,0.0,None,None,None,None,None,None,None,None,None,None,None,None
2026-07-11T17:47:59.964182,87.090,49.275438,-123.200378,7.0,21.672,0,3.4,229.0,2.3,245.0,0.7,0.0,0.0,357.88,212.04,619.29,0.0,0.0,None,None,None,None,None,None,None,None,None,None,None,None
2026-07-11T17:47:59.964410,87.090,49.275438,-123.200378,7.0,21.672,0,3.4,229.0,2.3,245.0,0.7,0.0,0.0,357.88,212.04,619.29,0.0,0.0,None,None,None,None,None,None,None,None,None,None,None,None
2026-07-11T17:47:59.964757,87.090,49.275438,-123.200378,7.0,21.672,0,3.4,229.0,2.3,245.0,0.7,0.0,0.0,357.88,212.04,619.29,0.0,0.0,None,None,None,None,None,None,None,None,None,None,None,None
2026-07-11T17:48:00.060870,87.186,49.275438,-123.200378,7.0,21.672,0,3.4,229.0,2.3,245.0,0.7,0.0,0.0,357.88,212.04,619.29,0.0,0.0,None,None,None,None,None,None,None,None,None,None,None,None
2026-07-11T17:48:00.061200,87.187,49.275438,-123.200378,7.0,21.672,0,3.4,229.0,2.3,245.0,0.7,0.0,0.0,357.88,212.04,619.29,0.0,0.0,None,None,None,None,None,None,None,None,None,None,None,None
2026-07-11T17:48:00.160176,87.286,49.275438,-123.200378,7.0,21.672,0,3.4,229.0,2.3,245.0,0.7,0.0,0.0,357.88,212.04,619.29,0.0,0.0,None,None,None,None,None,None,None,None,None,None,None,None
2026-07-11T17:48:00.160450,87.286,49.275438,-123.200378,7.0,21.672,0,3.4,229.0,2.2,255.0,0.7,0.0,0.0,357.88,212.04,619.29,0.0,0.0,None,None,None,None,None,None,None,None,None,None,None,None
2026-07-11T17:48:00.160730,87.286,49.275438,-123.200378,7.0,21.672,0,3.4,229.0,2.2,255.0,0.7,0.0,0.0,357.88,212.04,619.29,0.0,0.0,None,None,None,None,None,None,None,None,None,None,None,None
2026-07-11T17:48:00.160951,87.286,49.275438,-123.200378,7.0,21.672,0,3.2,227.0,2.2,255.0,0.7,0.0,0.0,357.88,212.04,619.29,0.0,0.0,None,None,None,None,None,None,None,None,None,None,None,None
2026-07-11T17:48:00.161169,87.287,49.275438,-123.200378,7.0,21.672,0,3.2,227.0,2.2,255.0,0.7,0.0,0.0,357.88,212.04,619.29,0.0,0.0,None,None,None,None,None,None,None,None,None,None,None,None
2026-07-11T17:48:00.260000,87.385,49.275438,-123.200378,7.0,21.672,0,3.2,227.0,2.2,255.0,0.7,0.0,0.0,357.88,212.04,619.29,0.0,0.0,None,None,None,None,None,None,None,None,None,None,None,None
2026-07-11T17:48:00.260281,87.386,49.275438,-123.200378,7.0,21.672,0,3.2,227.0,2.2,255.0,0.7,0.0,0.0,357.88,212.04,619.29,0.0,0.0,None,None,None,None,None,None,None,None,None,None,None,None
2026-07-11T17:48:00.260991,87.386,49.275438,-123.200378,7.0,21.672,0,3.2,227.0,2.2,255.0,0.7,0.0,0.0,357.88,212.04,619.29,0.0,0.0,None,None,None,None,None,None,None,None,None,None,None,None
